query_id,n_relevant,ndcg@1,ndcg@3,ndcg@5,ndcg@10,ndcg@20,ndcg@50,ndcg@100,recall@1,recall@3,recall@5,recall@10,recall@20,recall@50,recall@100,precision@1,precision@3,precision@5,precision@10,precision@20,precision@50,precision@100,mrr@1,mrr@3,mrr@5,mrr@10,mrr@20,mrr@50,mrr@100,map@1,map@3,map@5,map@10,map@20,map@50,map@100,first_relevant_rank
PLAIN-2,24,0.5,0.617319681505689,0.44615333764087994,0.3986843480746831,0.32792508735915976,0.42990788442261696,0.4852621319793772,0.041666666666666664,0.125,0.125,0.16666666666666666,0.20833333333333334,0.4166666666666667,0.5,1.0,1.0,0.6,0.4,0.25,0.2,0.12,1.0,1.0,1.0,1.0,1.0,1.0,1.0,0.041666666666666664,0.125,0.125,0.14583333333333334,0.15808823529411764,0.21853235526806572,0.2313011724723668,1.0
PLAIN-12,30,0.0,0.0,0.0,0.04353781328125616,0.03335814257512108,0.11037584333056101,0.14659409155298847,0.0,0.0,0.0,0.03333333333333333,0.03333333333333333,0.13333333333333333,0.2,0.0,0.0,0.0,0.1,0.05,0.08,0.06,0.0,0.0,0.0,0.16666666666666666,0.16666666666666666,0.16666666666666666,0.16666666666666666,0.0,0.0,0.0,0.005555555555555555,0.005555555555555555,0.017338217338217336,0.021673802923802922,6.0
PLAIN-23,90,0.0,0.0,0.0,0.0,0.0,0.020954889651224932,0.05574263390535552,0.0,0.0,0.0,0.0,0.0,0.022222222222222223,0.06666666666666667,0.0,0.0,0.0,0.0,0.0,0.04,0.06,0.0,0.0,0.0,0.0,0.0,0.024390243902439025,0.024390243902439025,0.0,0.0,0.0,0.0,0.0,0.0007540944974667137,0.0033139032047581024,41.0
PLAIN-33,32,0.0,0.23463936301137822,0.16958010263680806,0.11366150026645366,0.22371535661768782,0.19726288922975427,0.20871330035527577,0.0,0.03125,0.03125,0.03125,0.125,0.15625,0.1875,0.0,0.3333333333333333,0.2,0.1,0.2,0.1,0.06,0.0,0.3333333333333333,0.3333333333333333,0.3333333333333333,0.3333333333333333,0.3333333333333333,0.3333333333333333,0.0,0.010416666666666666,0.010416666666666666,0.010416666666666666,0.029310801024955438,0.03419361352495544,0.036567031246474424,3.0
PLAIN-44,58,1.0,0.46927872602275644,0.3391602052736161,0.4253622260568369,0.36945298538554616,0.26025781466350734,0.3133503633568562,0.017241379310344827,0.017241379310344827,0.017241379310344827,0.06896551724137931,0.10344827586206896,0.13793103448275862,0.2413793103448276,1.0,0.3333333333333333,0.2,0.4,0.3,0.16,0.14,1.0,1.0,1.0,1.0,1.0,1.0,1.0,0.017241379310344827,0.017241379310344827,0.017241379310344827,0.038998357963875206,0.050328407224958946,0.058290789670100006,0.07490465171604901,1.0
PLAIN-56,50,0.5,0.5307212739772434,0.7072362909106182,0.598596237517209,0.49527697228308676,0.333874372857998,0.36457926429375154,0.02,0.04,0.08,0.1,0.14,0.18,0.24,1.0,0.6666666666666666,0.8,0.5,0.35,0.18,0.12,1.0,1.0,1.0,1.0,1.0,1.0,1.0,0.02,0.04,0.071,0.08766666666666666,0.10513273001508296,0.11666426154661448,0.12505963191698485,1.0
PLAIN-68,55,1.0,0.6387878864795979,0.5065267082131061,0.36077903708155934,0.2805824280544864,0.17584593846667804,0.17691684408638186,0.01818181818181818,0.01818181818181818,0.01818181818181818,0.01818181818181818,0.03636363636363636,0.05454545454545454,0.07272727272727272,1.0,0.3333333333333333,0.2,0.1,0.1,0.06,0.04,1.0,1.0,1.0,1.0,1.0,1.0,1.0,0.01818181818181818,0.01818181818181818,0.01818181818181818,0.01818181818181818,0.02077922077922078,0.022177822177822177,0.023389943389943386,1.0
PLAIN-78,62,0.0,0.0,0.07303417492135322,0.05487565949361938,0.08799489979124107,0.05618313008884332,0.05860186974166723,0.0,0.0,0.016129032258064516,0.016129032258064516,0.03225806451612903,0.03225806451612903,0.04838709677419355,0.0,0.0,0.2,0.1,0.1,0.04,0.03,0.0,0.0,0.25,0.25,0.25,0.25,0.25,0.0,0.0,0.004032258064516129,0.004032258064516129,0.005929791271347249,0.005929791271347249,0.00656646359732348,4.0
PLAIN-91,64,0.0,0.2960819109658652,0.4256571533334049,0.2954052470130551,0.2536907529084271,0.23466650567431888,0.24799148719073238,0.0,0.015625,0.046875,0.046875,0.0625,0.140625,0.203125,0.0,0.3333333333333333,0.6,0.3,0.2,0.18,0.13,0.0,0.5,0.5,0.5,0.5,0.5,0.5,0.0,0.0078125,0.025,0.025,0.030681818181818185,0.04647231579396214,0.056742982269934676,2.0
PLAIN-102,24,0.0,0.13291299131469791,0.10918487464734661,0.08097835992217971,0.11017399008370982,0.14408038154126357,0.16029118837571277,0.0,0.041666666666666664,0.041666666666666664,0.041666666666666664,0.08333333333333333,0.125,0.16666666666666666,0.0,0.3333333333333333,0.2,0.1,0.1,0.06,0.04,0.0,0.3333333333333333,0.3333333333333333,0.3333333333333333,0.3333333333333333,0.3333333333333333,0.3333333333333333,0.0,0.013888888888888888,0.013888888888888888,0.013888888888888888,0.018055555555555557,0.022863247863247865,0.0247789566755084,3.0
PLAIN-112,56,1.0,0.8519590445170673,0.7371248786166262,0.5716413257440898,0.4711957698213795,0.304582981652544,0.3059428935487999,0.017857142857142856,0.05357142857142857,0.07142857142857142,0.07142857142857142,0.08928571428571429,0.10714285714285714,0.14285714285714285,1.0,1.0,0.8,0.4,0.25,0.12,0.08,1.0,1.0,1.0,1.0,1.0,1.0,1.0,0.017857142857142856,0.05357142857142857,0.07142857142857142,0.07142857142857142,0.07612781954887218,0.07867883995703547,0.0832527747941282,1.0
PLAIN-123,51,0.0,0.0,0.0,0.0,0.0,0.026298137121120575,0.04570476202678114,0.0,0.0,0.0,0.0,0.0,0.0392156862745098,0.0784313725490196,0.0,0.0,0.0,0.0,0.0,0.04,0.04,0.0,0.0,0.0,0.0,0.0,0.047619047619047616,0.047619047619047616,0.0,0.0,0.0,0.0,0.0,0.002240896358543417,0.00411166166825695,21.0
PLAIN-133,36,0.0,0.0,0.0,0.0,0.0,0.0,0.012011229504236545,0.0,0.0,0.0,0.0,0.0,0.0,0.027777777777777776,0.0,0.0,0.0,0.0,0.0,0.0,0.01,0.0,0.0,0.0,0.0,0.0,0.0,0.013157894736842105,0.0,0.0,0.0,0.0,0.0,0.0,0.0003654970760233918,76.0
PLAIN-143,51,1.0,0.6645649565734895,0.545924373236733,0.4048917996108985,0.34362320945468505,0.2317569618990266,0.2500934304942793,0.0196078431372549,0.0392156862745098,0.0392156862745098,0.0392156862745098,0.058823529411764705,0.09803921568627451,0.13725490196078433,1.0,0.6666666666666666,0.4,0.2,0.15,0.1,0.07,1.0,1.0,1.0,1.0,1.0,1.0,1.0,0.0196078431372549,0.0326797385620915,0.0326797385620915,0.0326797385620915,0.03613994617454825,0.04115733774656167,0.04410022061667316,1.0
PLAIN-153,47,0.5,0.680606056760201,0.7467366458934469,0.5961271638750065,0.543495822138175,0.38831010357525997,0.41270101549168403,0.02127659574468085,0.06382978723404255,0.10638297872340426,0.1276595744680851,0.19148936170212766,0.2765957446808511,0.3191489361702128,1.0,1.0,1.0,0.6,0.45,0.26,0.15,1.0,1.0,1.0,1.0,1.0,1.0,1.0,0.02127659574468085,0.06382978723404255,0.10638297872340426,0.1276595744680851,0.16626060110102664,0.2004556698161476,0.2093907919207488,1.0
PLAIN-165,36,0.5,0.617319681505689,0.5941231586290995,0.5427100432954373,0.42164205253200987,0.3101595577143678,0.33679610277219285,0.027777777777777776,0.08333333333333333,0.1111111111111111,0.16666666666666666,0.19444444444444445,0.19444444444444445,0.2222222222222222,1.0,1.0,0.8,0.6,0.35,0.14,0.08,1.0,1.0,1.0,1.0,1.0,1.0,1.0,0.027777777777777776,0.08333333333333333,0.10555555555555556,0.1395833333333333,0.1517361111111111,0.1517361111111111,0.1552083333333333,1.0
PLAIN-175,37,0.0,0.11731968150568911,0.08479005131840403,0.06673768929853467,0.07284914406148951,0.08395595757685567,0.09535881323134619,0.0,0.02702702702702703,0.02702702702702703,0.02702702702702703,0.05405405405405406,0.08108108108108109,0.10810810810810811,0.0,0.3333333333333333,0.2,0.1,0.1,0.06,0.04,0.0,0.3333333333333333,0.3333333333333333,0.3333333333333333,0.3333333333333333,0.3333333333333333,0.3333333333333333,0.0,0.009009009009009009,0.009009009009009009,0.009009009009009009,0.011711711711711712,0.014414414414414415,0.015615615615615613,3.0
PLAIN-186,24,0.0,0.2960819109658652,0.21398626473452756,0.13886244387355456,0.08961728720334346,0.07967271112843692,0.07967271112843692,0.0,0.041666666666666664,0.041666666666666664,0.041666666666666664,0.041666666666666664,0.041666666666666664,0.041666666666666664,0.0,0.3333333333333333,0.2,0.1,0.05,0.02,0.01,0.0,0.5,0.5,0.5,0.5,0.5,0.5,0.0,0.020833333333333332,0.020833333333333332,0.020833333333333332,0.020833333333333332,0.020833333333333332,0.020833333333333332,2.0
PLAIN-196,69,1.0,0.46927872602275644,0.3391602052736161,0.2200917662980802,0.17755004954207163,0.09691625876376037,0.09812047118518712,0.014492753623188406,0.014492753623188406,0.014492753623188406,0.014492753623188406,0.028985507246376812,0.028985507246376812,0.057971014492753624,1.0,0.3333333333333333,0.2,0.1,0.1,0.04,0.04,1.0,1.0,1.0,1.0,1.0,1.0,1.0,0.014492753623188406,0.014492753623188406,0.014492753623188406,0.014492753623188406,0.01642512077294686,0.01642512077294686,0.017956163934904307,1.0
PLAIN-207,55,1.0,0.7653606369886217,0.6843515475204855,0.5739723394665965,0.4361987893439406,0.26889826884511897,0.30998673325544174,0.01818181818181818,0.03636363636363636,0.05454545454545454,0.09090909090909091,0.12727272727272726,0.16363636363636364,0.2545454545454545,1.0,0.6666666666666666,0.6,0.5,0.35,0.18,0.14,1.0,1.0,1.0,1.0,1.0,1.0,1.0,0.01818181818181818,0.03636363636363636,0.04727272727272727,0.06444444444444444,0.07686868686868686,0.08655968552520277,0.100862182100633,1.0
PLAIN-217,36,0.0,0.0,0.0,0.07336392209936006,0.16010255779795282,0.12722275054754,0.193315900980326,0.0,0.0,0.0,0.027777777777777776,0.1111111111111111,0.1388888888888889,0.25,0.0,0.0,0.0,0.1,0.2,0.1,0.09,0.0,0.0,0.0,0.14285714285714285,0.14285714285714285,0.14285714285714285,0.14285714285714285,0.0,0.0,0.0,0.003968253968253968,0.022907647907647908,0.02646890146890147,0.04095487567738061,7.0
PLAIN-227,40,0.0,0.0,0.0,0.0,0.0,0.0,0.0,0.0,0.0,0.0,0.0,0.0,0.0,0.0,0.0,0.0,0.0,0.0,0.0,0.0,0.0,0.0,0.0,0.0,0.0,0.0,0.0,0.0,0.0,0.0,0.0,0.0,0.0,0.0,0.0,
PLAIN-238,54,0.0,0.0,0.0,0.0,0.0,0.01612799726004488,0.027185311070402934,0.0,0.0,0.0,0.0,0.0,0.018518518518518517,0.037037037037037035,0.0,0.0,0.0,0.0,0.0,0.02,0.02,0.0,0.0,0.0,0.0,0.0,0.037037037037037035,0.037037037037037035,0.0,0.0,0.0,0.0,0.0,0.0006858710562414266,0.0012002743484224965,27.0
PLAIN-248,31,0.0,0.2960819109658652,0.21398626473452756,0.13886244387355456,0.08961728720334346,0.10885059150332245,0.12716390843212627,0.0,0.03225806451612903,0.03225806451612903,0.03225806451612903,0.03225806451612903,0.0967741935483871,0.12903225806451613,0.0,0.3333333333333333,0.2,0.1,0.05,0.06,0.04,0.0,0.5,0.5,0.5,0.5,0.5,0.5,0.0,0.016129032258064516,0.016129032258064516,0.016129032258064516,0.016129032258064516,0.020657873828062927,0.022962021293500712,2.0
PLAIN-259,14,1.0,0.7653606369886217,0.5531464700081437,0.35895421017163476,0.2906484777184988,0.2906484777184988,0.2906484777184988,0.07142857142857142,0.14285714285714285,0.14285714285714285,0.14285714285714285,0.14285714285714285,0.14285714285714285,0.14285714285714285,1.0,0.6666666666666666,0.4,0.2,0.1,0.04,0.02,1.0,1.0,1.0,1.0,1.0,1.0,1.0,0.07142857142857142,0.14285714285714285,0.14285714285714285,0.14285714285714285,0.14285714285714285,0.14285714285714285,0.14285714285714285,1.0
PLAIN-270,52,0.0,0.0,0.0,0.0,0.03286497056757699,0.04941832371530789,0.07232102471936555,0.0,0.0,0.0,0.0,0.019230769230769232,0.057692307692307696,0.09615384615384616,0.0,0.0,0.0,0.0,0.05,0.06,0.05,0.0,0.0,0.0,0.0,0.05263157894736842,0.05263157894736842,0.05263157894736842,0.0,0.0,0.0,0.0,0.0010121457489878543,0.004163676492491842,0.006465058007356502,19.0
PLAIN-280,20,1.0,0.46927872602275644,0.4703652827859579,0.3052348839397012,0.19698862770564315,0.31015215862885426,0.33340491641654657,0.05,0.05,0.1,0.1,0.1,0.3,0.35,1.0,0.3333333333333333,0.4,0.2,0.1,0.12,0.07,1.0,1.0,1.0,1.0,1.0,1.0,1.0,0.05,0.05,0.06999999999999999,0.06999999999999999,0.06999999999999999,0.09720764242503371,0.10235470124856312,1.0
PLAIN-291,13,0.0,0.0,0.0,0.0,0.0,0.033616847243149436,0.12151416460448305,0.0,0.0,0.0,0.0,0.0,0.07692307692307693,0.3076923076923077,0.0,0.0,0.0,0.0,0.0,0.02,0.04,0.0,0.0,0.0,0.0,0.0,0.021739130434782608,0.021739130434782608,0.0,0.0,0.0,0.0,0.0,0.0016722408026755853,0.010040969048095231,46.0
PLAIN-307,3,1.0,0.7653606369886217,0.7653606369886217,0.9325210919548239,0.9325210919548239,0.9325210919548239,0.9325210919548239,0.3333333333333333,0.6666666666666666,0.6666666666666666,1.0,1.0,1.0,1.0,1.0,0.6666666666666666,0.4,0.3,0.15,0.06,0.03,1.0,1.0,1.0,1.0,1.0,1.0,1.0,0.3333333333333333,0.6666666666666666,0.6666666666666666,0.8333333333333334,0.8333333333333334,0.8333333333333334,0.8333333333333334,1.0
PLAIN-320,42,0.0,0.0,0.0,0.0,0.03635628798853883,0.07322974105413171,0.12931896622988803,0.0,0.0,0.0,0.0,0.023809523809523808,0.09523809523809523,0.19047619047619047,0.0,0.0,0.0,0.0,0.05,0.08,0.08,0.0,0.0,0.0,0.0,0.07142857142857142,0.07142857142857142,0.07142857142857142,0.0,0.0,0.0,0.0,0.0017006802721088435,0.007632711204139777,0.015845802736152097,14.0
PLAIN-332,2,1.0,0.6131471927654584,0.6131471927654584,0.6131471927654584,0.6131471927654584,0.6131471927654584,0.6131471927654584,0.5,0.5,0.5,0.5,0.5,0.5,0.5,1.0,0.3333333333333333,0.2,0.1,0.05,0.02,0.01,1.0,1.0,1.0,1.0,1.0,1.0,1.0,0.5,0.5,0.5,0.5,0.5,0.5,0.5,1.0
PLAIN-344,61,0.0,0.0,0.0,0.09508977831648076,0.0976164290371182,0.09855473804061,0.14284166730071185,0.0,0.0,0.0,0.01639344262295082,0.03278688524590164,0.08196721311475409,0.14754098360655737,0.0,0.0,0.0,0.1,0.1,0.1,0.09,0.0,0.0,0.0,0.16666666666666666,0.16666666666666666,0.16666666666666666,0.16666666666666666,0.0,0.0,0.0,0.00273224043715847,0.005254308532997057,0.010902690205968894,0.017794536603378527,6.0
PLAIN-358,3,0.0,0.0,0.0,0.0,0.0,0.08942172406547305,0.08942172406547305,0.0,0.0,0.0,0.0,0.0,0.3333333333333333,0.3333333333333333,0.0,0.0,0.0,0.0,0.0,0.02,0.01,0.0,0.0,0.0,0.0,0.0,0.02702702702702703,0.02702702702702703,0.0,0.0,0.0,0.0,0.0,0.009009009009009009,0.009009009009009009,37.0
PLAIN-371,2,0.0,0.0,0.0,0.0,0.0,0.0,0.06488477293321378,0.0,0.0,0.0,0.0,0.0,0.0,0.5,0.0,0.0,0.0,0.0,0.0,0.0,0.01,0.0,0.0,0.0,0.0,0.0,0.0,0.017543859649122806,0.0,0.0,0.0,0.0,0.0,0.0,0.008771929824561403,57.0
PLAIN-383,5,0.0,0.23463936301137822,0.16958010263680806,0.16958010263680806,0.16958010263680806,0.16958010263680806,0.2263216656243794,0.0,0.2,0.2,0.2,0.2,0.2,0.4,0.0,0.3333333333333333,0.2,0.1,0.05,0.02,0.02,0.0,0.3333333333333333,0.3333333333333333,0.3333333333333333,0.3333333333333333,0.3333333333333333,0.3333333333333333,0.0,0.06666666666666667,0.06666666666666667,0.06666666666666667,0.06666666666666667,0.06666666666666667,0.07311827956989247,3.0
PLAIN-395,3,0.0,0.0,0.0,0.0,0.0,0.0,0.0,0.0,0.0,0.0,0.0,0.0,0.0,0.0,0.0,0.0,0.0,0.0,0.0,0.0,0.0,0.0,0.0,0.0,0.0,0.0,0.0,0.0,0.0,0.0,0.0,0.0,0.0,0.0,0.0,
PLAIN-407,3,1.0,0.6387878864795979,0.6387878864795979,0.6387878864795979,0.6387878864795979,0.6387878864795979,0.6888885872955485,0.3333333333333333,0.3333333333333333,0.3333333333333333,0.3333333333333333,0.3333333333333333,0.3333333333333333,0.6666666666666666,1.0,0.3333333333333333,0.2,0.1,0.05,0.02,0.02,1.0,1.0,1.0,1.0,1.0,1.0,1.0,0.3333333333333333,0.3333333333333333,0.3333333333333333,0.3333333333333333,0.3333333333333333,0.3333333333333333,0.34146341463414637,1.0
PLAIN-418,3,1.0,0.5316519652587917,0.5316519652587917,0.5316519652587917,0.6677325521726886,0.6677325521726886,0.7120368826109211,0.3333333333333333,0.3333333333333333,0.3333333333333333,0.3333333333333333,0.6666666666666666,0.6666666666666666,1.0,1.0,0.3333333333333333,0.2,0.1,0.1,0.04,0.03,1.0,1.0,1.0,1.0,1.0,1.0,1.0,0.3333333333333333,0.3333333333333333,0.3333333333333333,0.3333333333333333,0.38095238095238093,0.38095238095238093,0.3968253968253968,1.0
PLAIN-430,8,1.0,0.7039180890341347,0.5087403079104241,0.5378811140995253,0.5378811140995253,0.5378811140995253,0.5378811140995253,0.125,0.25,0.25,0.375,0.375,0.375,0.375,1.0,0.6666666666666666,0.4,0.3,0.15,0.06,0.03,1.0,1.0,1.0,1.0,1.0,1.0,1.0,0.125,0.20833333333333331,0.20833333333333331,0.2708333333333333,0.2708333333333333,0.2708333333333333,0.2708333333333333,1.0
PLAIN-441,5,1.0,0.5316519652587917,0.5307862306029746,0.5307862306029746,0.5307862306029746,0.618134130320852,0.6904953866416231,0.2,0.2,0.4,0.4,0.4,0.6,1.0,1.0,0.3333333333333333,0.4,0.2,0.1,0.06,0.05,1.0,1.0,1.0,1.0,1.0,1.0,1.0,0.2,0.2,0.3,0.3,0.3,0.3193548387096774,0.3469986677858292,1.0
PLAIN-457,5,0.0,0.0,0.0,0.0,0.0,0.0,0.0,0.0,0.0,0.0,0.0,0.0,0.0,0.0,0.0,0.0,0.0,0.0,0.0,0.0,0.0,0.0,0.0,0.0,0.0,0.0,0.0,0.0,0.0,0.0,0.0,0.0,0.0,0.0,0.0,
PLAIN-468,10,0.0,0.3354350434265105,0.2755519442199235,0.20436662668128652,0.2919003968169709,0.3255897587364024,0.3255897587364024,0.0,0.1,0.1,0.1,0.2,0.3,0.3,0.0,0.3333333333333333,0.2,0.1,0.1,0.06,0.03,0.0,0.5,0.5,0.5,0.5,0.5,0.5,0.0,0.05,0.05,0.05,0.06666666666666667,0.07777777777777777,0.07777777777777777,2.0
PLAIN-478,1,0.0,0.0,0.0,0.0,0.0,0.0,0.0,0.0,0.0,0.0,0.0,0.0,0.0,0.0,0.0,0.0,0.0,0.0,0.0,0.0,0.0,0.0,0.0,0.0,0.0,0.0,0.0,0.0,0.0,0.0,0.0,0.0,0.0,0.0,0.0,
PLAIN-488,15,1.0,1.0,1.0,0.9363792118010483,0.7258559828237721,0.7641140463773375,0.7916768983864216,0.06666666666666667,0.2,0.3333333333333333,0.6,0.6,0.6666666666666666,0.7333333333333333,1.0,1.0,1.0,0.9,0.45,0.2,0.11,1.0,1.0,1.0,1.0,1.0,1.0,1.0,0.06666666666666667,0.2,0.3333333333333333,0.6,0.6,0.6317460317460317,0.641931216931217,1.0
PLAIN-499,34,0.0,0.2960819109658652,0.21398626473452756,0.13886244387355456,0.08961728720334346,0.10162828728875532,0.11837644789365599,0.0,0.029411764705882353,0.029411764705882353,0.029411764705882353,0.029411764705882353,0.08823529411764706,0.11764705882352941,0.0,0.3333333333333333,0.2,0.1,0.05,0.06,0.04,0.0,0.5,0.5,0.5,0.5,0.5,0.5,0.0,0.014705882352941176,0.014705882352941176,0.014705882352941176,0.014705882352941176,0.018588066503502403,0.020455480135621918,2.0
PLAIN-510,6,0.0,0.0,0.0,0.0,0.0,0.11665638785437717,0.16948575514381684,0.0,0.0,0.0,0.0,0.0,0.3333333333333333,0.5,0.0,0.0,0.0,0.0,0.0,0.04,0.03,0.0,0.0,0.0,0.0,0.0,0.029411764705882353,0.029411764705882353,0.0,0.0,0.0,0.0,0.0,0.013910969793322736,0.023526354408707355,34.0
PLAIN-520,1,0.0,0.0,0.0,0.0,0.0,0.0,0.0,0.0,0.0,0.0,0.0,0.0,0.0,0.0,0.0,0.0,0.0,0.0,0.0,0.0,0.0,0.0,0.0,0.0,0.0,0.0,0.0,0.0,0.0,0.0,0.0,0.0,0.0,0.0,0.0,
PLAIN-531,308,1.0,0.7653606369886217,0.830419897363192,0.6025064803817582,0.455140471626198,0.35306586884907,0.2891153926667311,0.003246753246753247,0.006493506493506494,0.012987012987012988,0.016233766233766232,0.022727272727272728,0.045454545454545456,0.07467532467532467,1.0,0.6666666666666666,0.8,0.5,0.35,0.28,0.23,1.0,1.0,1.0,1.0,1.0,1.0,1.0,0.003246753246753247,0.006493506493506494,0.011525974025974025,0.013149350649350649,0.015427773980405558,0.022273400228213926,0.03096121864694151,1.0
PLAIN-541,6,0.0,0.0,0.0,0.10086747116627115,0.17210277651014896,0.17210277651014896,0.17210277651014896,0.0,0.0,0.0,0.16666666666666666,0.3333333333333333,0.3333333333333333,0.3333333333333333,0.0,0.0,0.0,0.1,0.1,0.04,0.02,0.0,0.0,0.0,0.14285714285714285,0.14285714285714285,0.14285714285714285,0.14285714285714285,0.0,0.0,0.0,0.023809523809523808,0.042328042328042326,0.042328042328042326,0.042328042328042326,7.0
PLAIN-551,2,1.0,0.6131471927654584,0.6131471927654584,0.6131471927654584,0.6131471927654584,0.6131471927654584,0.7080699706452264,0.5,0.5,0.5,0.5,0.5,0.5,1.0,1.0,0.3333333333333333,0.2,0.1,0.05,0.02,0.02,1.0,1.0,1.0,1.0,1.0,1.0,1.0,0.5,0.5,0.5,0.5,0.5,0.5,0.5114942528735632,1.0
PLAIN-561,25,1.0,0.7653606369886217,0.5531464700081437,0.35895421017163476,0.23165732683700074,0.20056281031502377,0.20056281031502377,0.04,0.08,0.08,0.08,0.08,0.08,0.08,1.0,0.6666666666666666,0.4,0.2,0.1,0.04,0.02,1.0,1.0,1.0,1.0,1.0,1.0,1.0,0.04,0.08,0.08,0.08,0.08,0.08,0.08,1.0
PLAIN-571,7,0.0,0.0,0.0,0.0979129253499678,0.17219499825247528,0.22115146092745921,0.22115146092745921,0.0,0.0,0.0,0.14285714285714285,0.2857142857142857,0.42857142857142855,0.42857142857142855,0.0,0.0,0.0,0.1,0.1,0.06,0.03,0.0,0.0,0.0,0.16666666666666666,0.16666666666666666,0.16666666666666666,0.16666666666666666,0.0,0.0,0.0,0.023809523809523808,0.047619047619047616,0.05654761904761905,0.05654761904761905,6.0
PLAIN-583,44,0.0,0.0,0.0,0.0,0.0,0.015998639977754192,0.015998639977754192,0.0,0.0,0.0,0.0,0.0,0.022727272727272728,0.022727272727272728,0.0,0.0,0.0,0.0,0.0,0.02,0.01,0.0,0.0,0.0,0.0,0.0,0.02631578947368421,0.02631578947368421,0.0,0.0,0.0,0.0,0.0,0.0005980861244019139,0.0005980861244019139,38.0
PLAIN-593,3,0.0,0.0,0.0,0.0,0.0,0.0,0.07736100002633538,0.0,0.0,0.0,0.0,0.0,0.0,0.3333333333333333,0.0,0.0,0.0,0.0,0.0,0.0,0.01,0.0,0.0,0.0,0.0,0.0,0.0,0.015151515151515152,0.0,0.0,0.0,0.0,0.0,0.0,0.005050505050505051,66.0
PLAIN-603,1,0.0,0.0,0.0,0.0,0.0,0.0,0.0,0.0,0.0,0.0,0.0,0.0,0.0,0.0,0.0,0.0,0.0,0.0,0.0,0.0,0.0,0.0,0.0,0.0,0.0,0.0,0.0,0.0,0.0,0.0,0.0,0.0,0.0,0.0,0.0,
PLAIN-613,10,1.0,0.46927872602275644,0.3391602052736161,0.2200917662980802,0.2200917662980802,0.2200917662980802,0.2200917662980802,0.1,0.1,0.1,0.1,0.1,0.1,0.1,1.0,0.3333333333333333,0.2,0.1,0.05,0.02,0.01,1.0,1.0,1.0,1.0,1.0,1.0,1.0,0.1,0.1,0.1,0.1,0.1,0.1,0.1,1.0
PLAIN-623,41,0.0,0.0,0.0,0.06943122193677728,0.08211539396811636,0.05126726814992709,0.09502811961664487,0.0,0.0,0.0,0.024390243902439025,0.04878048780487805,0.04878048780487805,0.12195121951219512,0.0,0.0,0.0,0.1,0.1,0.04,0.05,0.0,0.0,0.0,0.125,0.125,0.125,0.125,0.0,0.0,0.0,0.003048780487804878,0.006801125703564728,0.006801125703564728,0.011085921162271747,8.0
PLAIN-634,21,1.0,0.7039180890341347,0.5087403079104241,0.3301376494471203,0.25144469761586885,0.2436830036476284,0.2677153715608463,0.047619047619047616,0.09523809523809523,0.09523809523809523,0.09523809523809523,0.14285714285714285,0.14285714285714285,0.19047619047619047,1.0,0.6666666666666666,0.4,0.2,0.15,0.06,0.04,1.0,1.0,1.0,1.0,1.0,1.0,1.0,0.047619047619047616,0.07936507936507936,0.07936507936507936,0.07936507936507936,0.09126984126984126,0.09126984126984126,0.09493284493284493,1.0
PLAIN-645,29,0.0,0.0,0.0,0.0,0.0,0.0,0.0,0.0,0.0,0.0,0.0,0.0,0.0,0.0,0.0,0.0,0.0,0.0,0.0,0.0,0.0,0.0,0.0,0.0,0.0,0.0,0.0,0.0,0.0,0.0,0.0,0.0,0.0,0.0,0.0,
PLAIN-660,475,0.0,0.5307212739772434,0.5147714448836774,0.61886564587798,0.46632362375678105,0.3312448629441621,0.2808310003478507,0.0,0.004210526315789474,0.00631578947368421,0.014736842105263158,0.018947368421052633,0.029473684210526315,0.05052631578947368,0.0,0.6666666666666666,0.6,0.7,0.45,0.28,0.24,0.0,0.5,0.5,0.5,0.5,0.5,0.5,0.0,0.0024561403508771926,0.003719298245614035,0.009679197994987468,0.011667139986188381,0.01553313744131996,0.02102683614874406,2.0
PLAIN-671,1,1.0,1.0,1.0,1.0,1.0,1.0,1.0,1.0,1.0,1.0,1.0,1.0,1.0,1.0,1.0,0.3333333333333333,0.2,0.1,0.05,0.02,0.01,1.0,1.0,1.0,1.0,1.0,1.0,1.0,1.0,1.0,1.0,1.0,1.0,1.0,1.0,1.0
PLAIN-681,1,1.0,1.0,1.0,1.0,1.0,1.0,1.0,1.0,1.0,1.0,1.0,1.0,1.0,1.0,1.0,0.3333333333333333,0.2,0.1,0.05,0.02,0.01,1.0,1.0,1.0,1.0,1.0,1.0,1.0,1.0,1.0,1.0,1.0,1.0,1.0,1.0,1.0
PLAIN-691,21,0.0,0.0,0.0,0.0,0.0,0.02586571807949664,0.04776654271226404,0.0,0.0,0.0,0.0,0.0,0.047619047619047616,0.09523809523809523,0.0,0.0,0.0,0.0,0.0,0.02,0.02,0.0,0.0,0.0,0.0,0.0,0.02564102564102564,0.02564102564102564,0.0,0.0,0.0,0.0,0.0,0.001221001221001221,0.0024578596007167434,39.0
PLAIN-701,8,1.0,0.46927872602275644,0.48522855511632257,0.3618791953854131,0.49887106124935776,0.49887106124935776,0.49887106124935776,0.125,0.125,0.25,0.25,0.5,0.5,0.5,1.0,0.3333333333333333,0.4,0.2,0.2,0.08,0.04,1.0,1.0,1.0,1.0,1.0,1.0,1.0,0.125,0.125,0.1875,0.1875,0.26005244755244755,0.26005244755244755,0.26005244755244755,1.0
PLAIN-711,57,1.0,0.7039180890341347,0.6548086577531307,0.4249260138166711,0.3449563041422205,0.22217663408032176,0.20310520147778616,0.017543859649122806,0.03508771929824561,0.05263157894736842,0.05263157894736842,0.08771929824561403,0.12280701754385964,0.12280701754385964,1.0,0.6666666666666666,0.6,0.3,0.25,0.14,0.07,1.0,1.0,1.0,1.0,1.0,1.0,1.0,0.017543859649122806,0.029239766081871343,0.04239766081871345,0.04239766081871345,0.05263157894736842,0.06255639097744362,0.06255639097744362,1.0
PLAIN-721,25,1.0,1.0,1.0,1.0,0.6801175211588107,0.6332388672943065,0.6713796943037703,0.04,0.12,0.2,0.4,0.44,0.52,0.6,1.0,1.0,1.0,1.0,0.55,0.26,0.15,1.0,1.0,1.0,1.0,1.0,1.0,1.0,0.04,0.12,0.2,0.4,0.4275,0.44947292069632494,0.46289559558241444,1.0
PLAIN-731,54,1.0,1.0,0.7227265726449519,0.5326208815196266,0.41622216366411097,0.2927700849761297,0.3148198460361054,0.018518518518518517,0.05555555555555555,0.05555555555555555,0.07407407407407407,0.1111111111111111,0.18518518518518517,0.24074074074074073,1.0,1.0,0.6,0.4,0.3,0.2,0.13,1.0,1.0,1.0,1.0,1.0,1.0,1.0,0.018518518518518517,0.05555555555555555,0.05555555555555555,0.06296296296296296,0.07722842459684565,0.10153177556686328,0.11240611144119915,1.0
PLAIN-741,19,1.0,0.46927872602275644,0.3391602052736161,0.2863459897524693,0.23064154370531206,0.23064154370531206,0.2543557661331776,0.05263157894736842,0.05263157894736842,0.05263157894736842,0.10526315789473684,0.15789473684210525,0.15789473684210525,0.21052631578947367,1.0,0.3333333333333333,0.2,0.2,0.15,0.06,0.04,1.0,1.0,1.0,1.0,1.0,1.0,1.0,0.05263157894736842,0.05263157894736842,0.05263157894736842,0.06432748538011697,0.07748538011695907,0.07748538011695907,0.08040935672514621,1.0
PLAIN-751,7,0.0,0.0,0.0,0.0,0.0,0.0,0.0,0.0,0.0,0.0,0.0,0.0,0.0,0.0,0.0,0.0,0.0,0.0,0.0,0.0,0.0,0.0,0.0,0.0,0.0,0.0,0.0,0.0,0.0,0.0,0.0,0.0,0.0,0.0,0.0,
PLAIN-761,6,0.0,0.0,0.14606834984270645,0.13032376591037062,0.13032376591037062,0.13032376591037062,0.13032376591037062,0.0,0.0,0.16666666666666666,0.16666666666666666,0.16666666666666666,0.16666666666666666,0.16666666666666666,0.0,0.0,0.2,0.1,0.05,0.02,0.01,0.0,0.0,0.25,0.25,0.25,0.25,0.25,0.0,0.0,0.041666666666666664,0.041666666666666664,0.041666666666666664,0.041666666666666664,0.041666666666666664,4.0
PLAIN-771,3,1.0,1.0,1.0,1.0,1.0,1.0,1.0,0.3333333333333333,1.0,1.0,1.0,1.0,1.0,1.0,1.0,1.0,0.6,0.3,0.15,0.06,0.03,1.0,1.0,1.0,1.0,1.0,1.0,1.0,0.3333333333333333,1.0,1.0,1.0,1.0,1.0,1.0,1.0
PLAIN-782,2,0.0,0.0,0.0,0.0,0.0,0.0,0.0,0.0,0.0,0.0,0.0,0.0,0.0,0.0,0.0,0.0,0.0,0.0,0.0,0.0,0.0,0.0,0.0,0.0,0.0,0.0,0.0,0.0,0.0,0.0,0.0,0.0,0.0,0.0,0.0,
PLAIN-792,6,1.0,0.7039180890341347,0.5087403079104241,0.4539036202482202,0.4539036202482202,0.4539036202482202,0.4539036202482202,0.16666666666666666,0.3333333333333333,0.3333333333333333,0.3333333333333333,0.3333333333333333,0.3333333333333333,0.3333333333333333,1.0,0.6666666666666666,0.4,0.2,0.1,0.04,0.02,1.0,1.0,1.0,1.0,1.0,1.0,1.0,0.16666666666666666,0.27777777777777773,0.27777777777777773,0.27777777777777773,0.27777777777777773,0.27777777777777773,0.27777777777777773,1.0
PLAIN-806,96,1.0,1.0,1.0,0.8669479898642711,0.6292937048446338,0.417507274335291,0.32780790004820254,0.010416666666666666,0.03125,0.052083333333333336,0.08333333333333333,0.10416666666666667,0.15625,0.23958333333333334,1.0,1.0,1.0,0.8,0.5,0.3,0.23,1.0,1.0,1.0,1.0,1.0,1.0,1.0,0.010416666666666666,0.03125,0.052083333333333336,0.08217592592592593,0.09465939153439153,0.11288530026822119,0.1343707558909493,1.0
PLAIN-817,1,0.0,0.0,0.0,0.0,0.0,0.0,0.0,0.0,0.0,0.0,0.0,0.0,0.0,0.0,0.0,0.0,0.0,0.0,0.0,0.0,0.0,0.0,0.0,0.0,0.0,0.0,0.0,0.0,0.0,0.0,0.0,0.0,0.0,0.0,0.0,
PLAIN-827,244,1.0,1.0,0.8687949224876582,0.5637884576902257,0.5394249736995613,0.3380981250984562,0.2853303788466025,0.004098360655737705,0.012295081967213115,0.01639344262295082,0.01639344262295082,0.036885245901639344,0.04918032786885246,0.09016393442622951,1.0,1.0,0.8,0.4,0.45,0.24,0.22,1.0,1.0,1.0,1.0,1.0,1.0,1.0,0.004098360655737705,0.012295081967213115,0.01639344262295082,0.01639344262295082,0.02541164637355573,0.028859127563450594,0.038548965185090725,1.0
PLAIN-838,9,1.0,1.0,1.0,0.7767471075223498,0.7767471075223498,0.7767471075223498,0.7767471075223498,0.1111111111111111,0.3333333333333333,0.5555555555555556,0.6666666666666666,0.6666666666666666,0.6666666666666666,0.6666666666666666,1.0,1.0,1.0,0.6,0.3,0.12,0.06,1.0,1.0,1.0,1.0,1.0,1.0,1.0,0.1111111111111111,0.3333333333333333,0.5555555555555556,0.6666666666666666,0.6666666666666666,0.6666666666666666,0.6666666666666666,1.0
PLAIN-850,57,0.0,0.0,0.0,0.06362078819895173,0.07449627077160255,0.05805032413128669,0.07558431099603649,0.0,0.0,0.0,0.017543859649122806,0.03508771929824561,0.05263157894736842,0.08771929824561403,0.0,0.0,0.0,0.1,0.1,0.06,0.05,0.0,0.0,0.0,0.1,0.1,0.1,0.1,0.0,0.0,0.0,0.0017543859649122807,0.003703703703703704,0.006209969367864104,0.008230347571035662,10.0
PLAIN-872,1,0.0,0.0,0.0,0.0,0.0,0.0,0.0,0.0,0.0,0.0,0.0,0.0,0.0,0.0,0.0,0.0,0.0,0.0,0.0,0.0,0.0,0.0,0.0,0.0,0.0,0.0,0.0,0.0,0.0,0.0,0.0,0.0,0.0,0.0,0.0,
PLAIN-882,15,0.0,0.0,0.0,0.1396181455537491,0.1082282316648452,0.17634792635163127,0.2333409001047268,0.0,0.0,0.0,0.13333333333333333,0.13333333333333333,0.26666666666666666,0.4,0.0,0.0,0.0,0.2,0.1,0.08,0.06,0.0,0.0,0.0,0.14285714285714285,0.14285714285714285,0.14285714285714285,0.14285714285714285,0.0,0.0,0.0,0.024338624338624337,0.024338624338624337,0.0391005291005291,0.05080993080993081,7.0
PLAIN-892,92,1.0,0.46927872602275644,0.3391602052736161,0.2200917662980802,0.17610301188963978,0.13927040381919384,0.11488532559506986,0.010869565217391304,0.010869565217391304,0.010869565217391304,0.010869565217391304,0.021739130434782608,0.05434782608695652,0.08695652173913043,1.0,0.3333333333333333,0.2,0.1,0.1,0.1,0.08,1.0,1.0,1.0,1.0,1.0,1.0,1.0,0.010869565217391304,0.010869565217391304,0.010869565217391304,0.010869565217391304,0.01214833759590793,0.015270916809674165,0.018020279697585736,1.0
PLAIN-902,4,0.0,0.5307212739772434,0.44149241373678083,0.44149241373678083,0.44149241373678083,0.44149241373678083,0.44149241373678083,0.0,0.5,0.5,0.5,0.5,0.5,0.5,0.0,0.6666666666666666,0.4,0.2,0.1,0.04,0.02,0.0,0.5,0.5,0.5,0.5,0.5,0.5,0.0,0.29166666666666663,0.29166666666666663,0.29166666666666663,0.29166666666666663,0.29166666666666663,0.29166666666666663,2.0
PLAIN-913,34,1.0,1.0,1.0,0.727329844310522,0.5049049429868785,0.35720473313703693,0.35720473313703693,0.029411764705882353,0.08823529411764706,0.14705882352941177,0.17647058823529413,0.20588235294117646,0.20588235294117646,0.20588235294117646,1.0,1.0,1.0,0.6,0.35,0.14,0.07,1.0,1.0,1.0,1.0,1.0,1.0,1.0,0.029411764705882353,0.08823529411764706,0.14705882352941177,0.17647058823529413,0.19019607843137254,0.19019607843137254,0.19019607843137254,1.0
PLAIN-924,32,1.0,0.46927872602275644,0.3391602052736161,0.2200917662980802,0.1420400396336573,0.10460447009794717,0.10460447009794717,0.03125,0.03125,0.03125,0.03125,0.03125,0.03125,0.03125,1.0,0.3333333333333333,0.2,0.1,0.05,0.02,0.01,1.0,1.0,1.0,1.0,1.0,1.0,1.0,0.03125,0.03125,0.03125,0.03125,0.03125,0.03125,0.03125,1.0
PLAIN-934,101,0.0,0.2960819109658652,0.4912596920895758,0.5964984284535197,0.5596762821377131,0.5067376195418299,0.3686616001674835,0.0,0.009900990099009901,0.0297029702970297,0.06930693069306931,0.1188118811881188,0.24752475247524752,0.31683168316831684,0.0,0.3333333333333333,0.6,0.7,0.6,0.5,0.32,0.0,0.5,0.5,0.5,0.5,0.5,0.5,0.0,0.0049504950495049506,0.015841584158415842,0.04216171617161716,0.07311153613915469,0.14867779800193479,0.18245926849862254,2.0
PLAIN-946,31,0.0,0.0,0.0,0.0,0.03286497056757699,0.02471571971931147,0.04191845193267019,0.0,0.0,0.0,0.0,0.03225806451612903,0.03225806451612903,0.06451612903225806,0.0,0.0,0.0,0.0,0.05,0.02,0.02,0.0,0.0,0.0,0.0,0.05263157894736842,0.05263157894736842,0.05263157894736842,0.0,0.0,0.0,0.0,0.001697792869269949,0.001697792869269949,0.0025815754587529363,19.0
PLAIN-956,206,0.0,0.0,0.27727342735504823,0.31954962756492095,0.24584796289875066,0.29052894499903675,0.2171928773947685,0.0,0.0,0.009708737864077669,0.019417475728155338,0.024271844660194174,0.07281553398058252,0.0970873786407767,0.0,0.0,0.4,0.4,0.25,0.3,0.2,0.0,0.0,0.25,0.25,0.25,0.25,0.25,0.0,0.0,0.003155339805825243,0.007393280936970257,0.009599812269715182,0.02554902657702167,0.03137122000945246,4.0
PLAIN-966,3,0.0,0.0,0.0,0.0,0.0,0.0,0.0,0.0,0.0,0.0,0.0,0.0,0.0,0.0,0.0,0.0,0.0,0.0,0.0,0.0,0.0,0.0,0.0,0.0,0.0,0.0,0.0,0.0,0.0,0.0,0.0,0.0,0.0,0.0,0.0,
PLAIN-977,3,0.0,0.0,0.0,0.13565197343244778,0.13565197343244778,0.13565197343244778,0.13565197343244778,0.0,0.0,0.0,0.3333333333333333,0.3333333333333333,0.3333333333333333,0.3333333333333333,0.0,0.0,0.0,0.1,0.05,0.02,0.01,0.0,0.0,0.0,0.1,0.1,0.1,0.1,0.0,0.0,0.0,0.03333333333333333,0.03333333333333333,0.03333333333333333,0.03333333333333333,10.0
PLAIN-987,3,0.0,0.0,0.0,0.0,0.0,0.08358022748310114,0.08358022748310114,0.0,0.0,0.0,0.0,0.0,0.3333333333333333,0.3333333333333333,0.0,0.0,0.0,0.0,0.0,0.02,0.01,0.0,0.0,0.0,0.0,0.0,0.020833333333333332,0.020833333333333332,0.0,0.0,0.0,0.0,0.0,0.006944444444444444,0.006944444444444444,48.0
PLAIN-997,2,0.0,0.0,0.0,0.0,0.0,0.0,0.0,0.0,0.0,0.0,0.0,0.0,0.0,0.0,0.0,0.0,0.0,0.0,0.0,0.0,0.0,0.0,0.0,0.0,0.0,0.0,0.0,0.0,0.0,0.0,0.0,0.0,0.0,0.0,0.0,
PLAIN-1008,5,0.0,0.0,0.0,0.0,0.0,0.0,0.0,0.0,0.0,0.0,0.0,0.0,0.0,0.0,0.0,0.0,0.0,0.0,0.0,0.0,0.0,0.0,0.0,0.0,0.0,0.0,0.0,0.0,0.0,0.0,0.0,0.0,0.0,0.0,0.0,
PLAIN-1018,60,0.0,0.0,0.0,0.14201905717762706,0.20517017749111893,0.1433578904756037,0.1385000838135481,0.0,0.0,0.0,0.03333333333333333,0.08333333333333333,0.11666666666666667,0.13333333333333333,0.0,0.0,0.0,0.2,0.25,0.14,0.08,0.0,0.0,0.0,0.16666666666666666,0.16666666666666666,0.16666666666666666,0.16666666666666666,0.0,0.0,0.0,0.006111111111111111,0.021767676767676766,0.02900451887293992,0.03161889795790725,6.0
PLAIN-1028,1,0.0,0.0,0.0,0.0,0.0,0.21274605355336318,0.21274605355336318,0.0,0.0,0.0,0.0,0.0,1.0,1.0,0.0,0.0,0.0,0.0,0.0,0.02,0.01,0.0,0.0,0.0,0.0,0.0,0.04,0.04,0.0,0.0,0.0,0.0,0.0,0.04,0.04,25.0
PLAIN-1039,2,1.0,1.0,1.0,1.0,1.0,1.0,1.0,0.5,1.0,1.0,1.0,1.0,1.0,1.0,1.0,0.6666666666666666,0.4,0.2,0.1,0.04,0.02,1.0,1.0,1.0,1.0,1.0,1.0,1.0,0.5,1.0,1.0,1.0,1.0,1.0,1.0,1.0
PLAIN-1050,94,0.0,0.0,0.0,0.0,0.0,0.0,0.0,0.0,0.0,0.0,0.0,0.0,0.0,0.0,0.0,0.0,0.0,0.0,0.0,0.0,0.0,0.0,0.0,0.0,0.0,0.0,0.0,0.0,0.0,0.0,0.0,0.0,0.0,0.0,0.0,
PLAIN-1066,9,0.0,0.0,0.0,0.0,0.0,0.0,0.0,0.0,0.0,0.0,0.0,0.0,0.0,0.0,0.0,0.0,0.0,0.0,0.0,0.0,0.0,0.0,0.0,0.0,0.0,0.0,0.0,0.0,0.0,0.0,0.0,0.0,0.0,0.0,0.0,
PLAIN-1088,5,1.0,0.7039180890341347,0.5087403079104241,0.5087403079104241,0.5087403079104241,0.5087403079104241,0.5087403079104241,0.2,0.4,0.4,0.4,0.4,0.4,0.4,1.0,0.6666666666666666,0.4,0.2,0.1,0.04,0.02,1.0,1.0,1.0,1.0,1.0,1.0,1.0,0.2,0.3333333333333333,0.3333333333333333,0.3333333333333333,0.3333333333333333,0.3333333333333333,0.3333333333333333,1.0
PLAIN-1098,5,0.0,0.0,0.0,0.0,0.0,0.0,0.05611153054817913,0.0,0.0,0.0,0.0,0.0,0.0,0.2,0.0,0.0,0.0,0.0,0.0,0.0,0.01,0.0,0.0,0.0,0.0,0.0,0.0,0.015384615384615385,0.0,0.0,0.0,0.0,0.0,0.0,0.003076923076923077,65.0
PLAIN-1109,98,1.0,0.7039180890341347,0.6548086577531307,0.5033242827953465,0.39764581807799376,0.23117405590649592,0.14447263205835748,0.01020408163265306,0.02040816326530612,0.030612244897959183,0.04081632653061224,0.061224489795918366,0.07142857142857142,0.07142857142857142,1.0,0.6666666666666666,0.6,0.4,0.3,0.14,0.07,1.0,1.0,1.0,1.0,1.0,1.0,1.0,0.01020408163265306,0.017006802721088433,0.02465986394557823,0.031462585034013606,0.03946886446886447,0.04109224109224109,0.04109224109224109,1.0
PLAIN-1119,11,0.0,0.0,0.0,0.0,0.0,0.0,0.0,0.0,0.0,0.0,0.0,0.0,0.0,0.0,0.0,0.0,0.0,0.0,0.0,0.0,0.0,0.0,0.0,0.0,0.0,0.0,0.0,0.0,0.0,0.0,0.0,0.0,0.0,0.0,0.0,
PLAIN-1130,1,1.0,1.0,1.0,1.0,1.0,1.0,1.0,1.0,1.0,1.0,1.0,1.0,1.0,1.0,1.0,0.3333333333333333,0.2,0.1,0.05,0.02,0.01,1.0,1.0,1.0,1.0,1.0,1.0,1.0,1.0,1.0,1.0,1.0,1.0,1.0,1.0,1.0
PLAIN-1141,16,1.0,0.46927872602275644,0.48522855511632257,0.39327839964630634,0.2926439849988528,0.2926439849988528,0.34383050577418767,0.0625,0.0625,0.125,0.1875,0.1875,0.1875,0.3125,1.0,0.3333333333333333,0.4,0.3,0.15,0.06,0.05,1.0,1.0,1.0,1.0,1.0,1.0,1.0,0.0625,0.0625,0.09375,0.125,0.125,0.125,0.1317169540229885,1.0
PLAIN-1151,153,0.0,0.23463936301137822,0.30078518014914984,0.3469511918686965,0.25866114344018587,0.18612853980726024,0.1821117382984347,0.0,0.006535947712418301,0.013071895424836602,0.026143790849673203,0.032679738562091505,0.05228758169934641,0.1111111111111111,0.0,0.3333333333333333,0.4,0.4,0.25,0.16,0.17,0.0,0.3333333333333333,0.3333333333333333,0.3333333333333333,0.3333333333333333,0.3333333333333333,0.3333333333333333,0.0,0.0021786492374727667,0.004793028322440087,0.011795829442888267,0.013838313103018984,0.017692379982295947,0.026810194261404192,3.0
PLAIN-1161,1,0.0,0.0,0.0,0.0,0.0,0.0,0.0,0.0,0.0,0.0,0.0,0.0,0.0,0.0,0.0,0.0,0.0,0.0,0.0,0.0,0.0,0.0,0.0,0.0,0.0,0.0,0.0,0.0,0.0,0.0,0.0,0.0,0.0,0.0,0.0,
PLAIN-1172,19,1.0,0.46927872602275644,0.3391602052736161,0.2200917662980802,0.14678687637874557,0.14678687637874557,0.14678687637874557,0.05263157894736842,0.05263157894736842,0.05263157894736842,0.05263157894736842,0.05263157894736842,0.05263157894736842,0.05263157894736842,1.0,0.3333333333333333,0.2,0.1,0.05,0.02,0.01,1.0,1.0,1.0,1.0,1.0,1.0,1.0,0.05263157894736842,0.05263157894736842,0.05263157894736842,0.05263157894736842,0.05263157894736842,0.05263157894736842,0.05263157894736842,1.0
PLAIN-1183,25,0.0,0.23463936301137822,0.16958010263680806,0.1100458831490401,0.10940465798221155,0.09471967049807832,0.11571231697816986,0.0,0.04,0.04,0.04,0.08,0.08,0.12,0.0,0.3333333333333333,0.2,0.1,0.1,0.04,0.03,0.0,0.3333333333333333,0.3333333333333333,0.3333333333333333,0.3333333333333333,0.3333333333333333,0.3333333333333333,0.0,0.013333333333333332,0.013333333333333332,0.013333333333333332,0.02,0.02,0.022105263157894735,3.0
PLAIN-1193,18,0.0,0.0,0.0,0.0,0.034593928095726374,0.12821060234729195,0.2468230009164607,0.0,0.0,0.0,0.0,0.05555555555555555,0.2222222222222222,0.5,0.0,0.0,0.0,0.0,0.05,0.08,0.09,0.0,0.0,0.0,0.0,0.05,0.05,0.05,0.0,0.0,0.0,0.0,0.002777777777777778,0.01962861699703805,0.04226014894817548,20.0
PLAIN-1203,12,0.0,0.23463936301137822,0.16958010263680806,0.1100458831490401,0.1983314549914571,0.1983314549914571,0.1983314549914571,0.0,0.08333333333333333,0.08333333333333333,0.08333333333333333,0.25,0.25,0.25,0.0,0.3333333333333333,0.2,0.1,0.15,0.06,0.03,0.0,0.3333333333333333,0.3333333333333333,0.3333333333333333,0.3333333333333333,0.3333333333333333,0.3333333333333333,0.0,0.027777777777777776,0.027777777777777776,0.027777777777777776,0.056372549019607844,0.056372549019607844,0.056372549019607844,3.0
PLAIN-1214,17,0.0,0.0,0.0,0.0,0.0,0.03393392567306743,0.058932299994033314,0.0,0.0,0.0,0.0,0.0,0.058823529411764705,0.11764705882352941,0.0,0.0,0.0,0.0,0.0,0.02,0.02,0.0,0.0,0.0,0.0,0.0,0.041666666666666664,0.041666666666666664,0.0,0.0,0.0,0.0,0.0,0.0024509803921568627,0.003959276018099547,24.0
PLAIN-1225,27,1.0,0.46927872602275644,0.4703652827859579,0.5779050396291793,0.44482734098407445,0.36627729490744826,0.36627729490744826,0.037037037037037035,0.037037037037037035,0.07407407407407407,0.2222222222222222,0.2962962962962963,0.2962962962962963,0.2962962962962963,1.0,0.3333333333333333,0.4,0.6,0.4,0.16,0.08,1.0,1.0,1.0,1.0,1.0,1.0,1.0,0.037037037037037035,0.037037037037037035,0.05185185185185185,0.12904174015285125,0.16731334509112286,0.16731334509112286,0.16731334509112286,1.0
PLAIN-1236,5,0.0,0.0,0.0,0.0,0.0,0.06250343848035038,0.06250343848035038,0.0,0.0,0.0,0.0,0.0,0.2,0.2,0.0,0.0,0.0,0.0,0.0,0.02,0.01,0.0,0.0,0.0,0.0,0.0,0.023809523809523808,0.023809523809523808,0.0,0.0,0.0,0.0,0.0,0.0047619047619047615,0.0047619047619047615,42.0
PLAIN-1249,4,0.0,0.0,0.0,0.0,0.0,0.0,0.0,0.0,0.0,0.0,0.0,0.0,0.0,0.0,0.0,0.0,0.0,0.0,0.0,0.0,0.0,0.0,0.0,0.0,0.0,0.0,0.0,0.0,0.0,0.0,0.0,0.0,0.0,0.0,0.0,
PLAIN-1262,10,0.0,0.0,0.0,0.0,0.050108347169235574,0.050108347169235574,0.1250933689548165,0.0,0.0,0.0,0.0,0.1,0.1,0.3,0.0,0.0,0.0,0.0,0.05,0.02,0.03,0.0,0.0,0.0,0.0,0.05,0.05,0.05,0.0,0.0,0.0,0.0,0.005,0.005,0.013681185722928011,20.0
PLAIN-1275,55,1.0,0.7653606369886217,0.5531464700081437,0.4985723557253839,0.35651249192878665,0.21109831791180983,0.20974863102208133,0.01818181818181818,0.03636363636363636,0.03636363636363636,0.07272727272727272,0.09090909090909091,0.10909090909090909,0.12727272727272726,1.0,0.6666666666666666,0.4,0.4,0.25,0.12,0.07,1.0,1.0,1.0,1.0,1.0,1.0,1.0,0.01818181818181818,0.03636363636363636,0.03636363636363636,0.05223665223665223,0.05791847041847041,0.06228210678210678,0.06421048143775417,1.0
PLAIN-1288,196,1.0,0.7653606369886217,0.6843515475204855,0.5868924718493931,0.48864248805164257,0.3420989602924469,0.24222298707874215,0.00510204081632653,0.01020408163265306,0.015306122448979591,0.025510204081632654,0.04081632653061224,0.0663265306122449,0.08673469387755102,1.0,0.6666666666666666,0.6,0.5,0.4,0.26,0.17,1.0,1.0,1.0,1.0,1.0,1.0,1.0,0.00510204081632653,0.01020408163265306,0.01326530612244898,0.019369533527696794,0.02708443767117237,0.03512363302181404,0.03990157749891404,1.0
PLAIN-1299,61,0.0,0.0,0.0,0.0,0.03233829114831981,0.0320303794210673,0.027942411453593514,0.0,0.0,0.0,0.0,0.01639344262295082,0.03278688524590164,0.03278688524590164,0.0,0.0,0.0,0.0,0.05,0.04,0.02,0.0,0.0,0.0,0.0,0.05,0.05,0.05,0.0,0.0,0.0,0.0,0.000819672131147541,0.0016193522590963615,0.0016193522590963615,20.0
PLAIN-1309,4,0.0,0.0,0.0,0.0,0.0,0.0,0.0,0.0,0.0,0.0,0.0,0.0,0.0,0.0,0.0,0.0,0.0,0.0,0.0,0.0,0.0,0.0,0.0,0.0,0.0,0.0,0.0,0.0,0.0,0.0,0.0,0.0,0.0,0.0,0.0,
PLAIN-1320,6,0.0,0.0,0.0,0.0,0.0,0.1259867461963579,0.17569586498527198,0.0,0.0,0.0,0.0,0.0,0.3333333333333333,0.5,0.0,0.0,0.0,0.0,0.0,0.04,0.03,0.0,0.0,0.0,0.0,0.0,0.043478260869565216,0.043478260869565216,0.0,0.0,0.0,0.0,0.0,0.017663043478260868,0.025125730045425048,23.0
PLAIN-1331,1,0.0,0.0,0.0,0.0,0.0,0.0,0.16929380759878143,0.0,0.0,0.0,0.0,0.0,0.0,1.0,0.0,0.0,0.0,0.0,0.0,0.0,0.01,0.0,0.0,0.0,0.0,0.0,0.0,0.01694915254237288,0.0,0.0,0.0,0.0,0.0,0.0,0.01694915254237288,59.0
PLAIN-1342,16,1.0,0.7039180890341347,0.7860137352654724,0.510069131458292,0.37954961012123367,0.4139927755551719,0.4139927755551719,0.0625,0.125,0.25,0.25,0.25,0.3125,0.3125,1.0,0.6666666666666666,0.8,0.4,0.2,0.1,0.05,1.0,1.0,1.0,1.0,1.0,1.0,1.0,0.0625,0.10416666666666666,0.20104166666666667,0.20104166666666667,0.20104166666666667,0.21306089743589746,0.21306089743589746,1.0
PLAIN-1353,4,0.0,0.0,0.0,0.0,0.0,0.0,0.0,0.0,0.0,0.0,0.0,0.0,0.0,0.0,0.0,0.0,0.0,0.0,0.0,0.0,0.0,0.0,0.0,0.0,0.0,0.0,0.0,0.0,0.0,0.0,0.0,0.0,0.0,0.0,0.0,
PLAIN-1363,11,0.0,0.0,0.13120507751234178,0.08514311764162101,0.08021827351724288,0.08021827351724288,0.11283479458762342,0.0,0.0,0.09090909090909091,0.09090909090909091,0.09090909090909091,0.09090909090909091,0.18181818181818182,0.0,0.0,0.2,0.1,0.05,0.02,0.02,0.0,0.0,0.2,0.2,0.2,0.2,0.2,0.0,0.0,0.018181818181818184,0.018181818181818184,0.018181818181818184,0.018181818181818184,0.02042648709315376,5.0
PLAIN-1374,26,0.0,0.0,0.0,0.0,0.0,0.0,0.018204241106519126,0.0,0.0,0.0,0.0,0.0,0.0,0.038461538461538464,0.0,0.0,0.0,0.0,0.0,0.0,0.01,0.0,0.0,0.0,0.0,0.0,0.0,0.010526315789473684,0.0,0.0,0.0,0.0,0.0,0.0,0.0004048582995951417,95.0
PLAIN-1387,12,1.0,1.0,0.8687949224876582,0.633219679627003,0.5649357597078367,0.5649357597078367,0.5649357597078367,0.08333333333333333,0.25,0.3333333333333333,0.4166666666666667,0.4166666666666667,0.4166666666666667,0.4166666666666667,1.0,1.0,0.8,0.5,0.25,0.1,0.05,1.0,1.0,1.0,1.0,1.0,1.0,1.0,0.08333333333333333,0.25,0.3333333333333333,0.3854166666666667,0.3854166666666667,0.3854166666666667,0.3854166666666667,1.0
PLAIN-1398,103,1.0,1.0,1.0,1.0,0.7936332362884236,0.5084908448682732,0.3436969949189875,0.009708737864077669,0.02912621359223301,0.04854368932038835,0.0970873786407767,0.13592233009708737,0.18446601941747573,0.22330097087378642,1.0,1.0,1.0,1.0,0.7,0.38,0.23,1.0,1.0,1.0,1.0,1.0,1.0,1.0,0.009708737864077669,0.02912621359223301,0.04854368932038835,0.0970873786407767,0.13341423948220066,0.15727050023644792,0.16824140321219122,1.0
PLAIN-1409,253,0.0,0.0,0.14606834984270645,0.09478836436955079,0.2419578844295269,0.284131145099105,0.22911622390877473,0.0,0.0,0.003952569169960474,0.003952569169960474,0.023715415019762844,0.06324110671936758,0.09090909090909091,0.0,0.0,0.2,0.1,0.3,0.32,0.23,0.0,0.0,0.25,0.25,0.25,0.25,0.25,0.0,0.0,0.0009881422924901185,0.0009881422924901185,0.006228271457287965,0.019167839834091673,0.026839776389629144,4.0
PLAIN-1419,65,0.0,0.0,0.0,0.07336392209936006,0.08285668978630008,0.07749702220241755,0.08572356644136661,0.0,0.0,0.0,0.015384615384615385,0.03076923076923077,0.06153846153846154,0.09230769230769231,0.0,0.0,0.0,0.1,0.1,0.08,0.06,0.0,0.0,0.0,0.14285714285714285,0.14285714285714285,0.14285714285714285,0.14285714285714285,0.0,0.0,0.0,0.002197802197802198,0.004249084249084249,0.008156288156288157,0.010552558552558553,7.0
PLAIN-1429,6,0.0,0.0,0.0,0.0,0.0,0.0,0.0,0.0,0.0,0.0,0.0,0.0,0.0,0.0,0.0,0.0,0.0,0.0,0.0,0.0,0.0,0.0,0.0,0.0,0.0,0.0,0.0,0.0,0.0,0.0,0.0,0.0,0.0,0.0,0.0,
PLAIN-1441,186,1.0,0.7653606369886217,0.6992148198508501,0.7353797772725618,0.5840811958222463,0.4406146666180182,0.3097078319060812,0.005376344086021506,0.010752688172043012,0.016129032258064516,0.03763440860215054,0.053763440860215055,0.0967741935483871,0.12365591397849462,1.0,0.6666666666666666,0.6,0.7,0.5,0.36,0.23,1.0,1.0,1.0,1.0,1.0,1.0,1.0,0.005376344086021506,0.010752688172043012,0.01478494623655914,0.029557091653865847,0.03995775729646698,0.05833911432561017,0.06590981015439094,1.0
PLAIN-1453,245,0.0,0.23463936301137822,0.3156484524795145,0.20483424751859092,0.1992817990420489,0.2427121313700327,0.2583047079194102,0.0,0.004081632653061225,0.00816326530612245,0.00816326530612245,0.0163265306122449,0.053061224489795916,0.11020408163265306,0.0,0.3333333333333333,0.4,0.2,0.2,0.26,0.27,0.0,0.3333333333333333,0.3333333333333333,0.3333333333333333,0.3333333333333333,0.3333333333333333,0.3333333333333333,0.0,0.0013605442176870747,0.003401360544217687,0.003401360544217687,0.004982993197278911,0.013699273866716129,0.03001620891827633,3.0
PLAIN-1463,24,0.0,0.0,0.13120507751234178,0.14876390584057272,0.13562843451469053,0.12057813197773203,0.13993538807800013,0.0,0.0,0.041666666666666664,0.08333333333333333,0.125,0.125,0.16666666666666666,0.0,0.0,0.2,0.2,0.15,0.06,0.04,0.0,0.0,0.2,0.2,0.2,0.2,0.2,0.0,0.0,0.008333333333333333,0.016666666666666666,0.02803030303030303,0.02803030303030303,0.02986180486180486,5.0
PLAIN-1473,1,1.0,1.0,1.0,1.0,1.0,1.0,1.0,1.0,1.0,1.0,1.0,1.0,1.0,1.0,1.0,0.3333333333333333,0.2,0.1,0.05,0.02,0.01,1.0,1.0,1.0,1.0,1.0,1.0,1.0,1.0,1.0,1.0,1.0,1.0,1.0,1.0,1.0
PLAIN-1485,54,0.0,0.0,0.0,0.0,0.0396210670558156,0.021627285360840357,0.032921904221070344,0.0,0.0,0.0,0.0,0.018518518518518517,0.018518518518518517,0.037037037037037035,0.0,0.0,0.0,0.0,0.05,0.02,0.02,0.0,0.0,0.0,0.0,0.09090909090909091,0.09090909090909091,0.09090909090909091,0.0,0.0,0.0,0.0,0.0016835016835016836,0.0016835016835016836,0.0023007856341189675,11.0
PLAIN-1496,1,0.0,0.0,0.0,0.0,0.0,0.0,0.0,0.0,0.0,0.0,0.0,0.0,0.0,0.0,0.0,0.0,0.0,0.0,0.0,0.0,0.0,0.0,0.0,0.0,0.0,0.0,0.0,0.0,0.0,0.0,0.0,0.0,0.0,0.0,0.0,
PLAIN-1506,15,0.0,0.23463936301137822,0.16958010263680806,0.1100458831490401,0.08530460913930238,0.08530460913930238,0.08530460913930238,0.0,0.06666666666666667,0.06666666666666667,0.06666666666666667,0.06666666666666667,0.06666666666666667,0.06666666666666667,0.0,0.3333333333333333,0.2,0.1,0.05,0.02,0.01,0.0,0.3333333333333333,0.3333333333333333,0.3333333333333333,0.3333333333333333,0.3333333333333333,0.3333333333333333,0.0,0.02222222222222222,0.02222222222222222,0.02222222222222222,0.02222222222222222,0.02222222222222222,0.02222222222222222,3.0
PLAIN-1516,2,0.0,0.0,0.0,0.0,0.0,0.0,0.0,0.0,0.0,0.0,0.0,0.0,0.0,0.0,0.0,0.0,0.0,0.0,0.0,0.0,0.0,0.0,0.0,0.0,0.0,0.0,0.0,0.0,0.0,0.0,0.0,0.0,0.0,0.0,0.0,
PLAIN-1527,202,1.0,1.0,1.0,0.8006937664098821,0.6595214653353657,0.46534143559688035,0.3552403676576809,0.0049504950495049506,0.01485148514851485,0.024752475247524754,0.034653465346534656,0.054455445544554455,0.0891089108910891,0.13366336633663367,1.0,1.0,1.0,0.7,0.55,0.36,0.27,1.0,1.0,1.0,1.0,1.0,1.0,1.0,0.0049504950495049506,0.01485148514851485,0.024752475247524754,0.034653465346534656,0.047197892866209706,0.061964590986303955,0.0753194598302978,1.0
PLAIN-1537,45,0.0,0.23463936301137822,0.4468535299918563,0.3535981533591636,0.3020953507275326,0.20866721166108948,0.23715806928355318,0.0,0.022222222222222223,0.06666666666666667,0.08888888888888889,0.13333333333333333,0.17777777777777778,0.2222222222222222,0.0,0.3333333333333333,0.6,0.4,0.3,0.16,0.1,0.0,0.3333333333333333,0.3333333333333333,0.3333333333333333,0.3333333333333333,0.3333333333333333,0.3333333333333333,0.0,0.007407407407407407,0.031851851851851846,0.04074074074074074,0.05888888888888888,0.06764309764309763,0.07509200313121879,3.0
PLAIN-1547,6,0.0,0.0,0.0,0.0,0.0,0.0,0.046059218274918635,0.0,0.0,0.0,0.0,0.0,0.0,0.16666666666666666,0.0,0.0,0.0,0.0,0.0,0.0,0.01,0.0,0.0,0.0,0.0,0.0,0.0,0.010638297872340425,0.0,0.0,0.0,0.0,0.0,0.0,0.0017730496453900709,94.0
PLAIN-1557,26,0.0,0.0,0.0,0.07839826897867534,0.08534585567348563,0.07202736666775472,0.09023160777427384,0.0,0.0,0.0,0.038461538461538464,0.07692307692307693,0.07692307692307693,0.11538461538461539,0.0,0.0,0.0,0.1,0.1,0.04,0.03,0.0,0.0,0.0,0.16666666666666666,0.16666666666666666,0.16666666666666666,0.16666666666666666,0.0,0.0,0.0,0.00641025641025641,0.011217948717948716,0.011217948717948716,0.01243252361673414,6.0
PLAIN-1568,2,1.0,0.6131471927654584,0.6131471927654584,0.8175295903539445,0.8175295903539445,0.8175295903539445,0.8175295903539445,0.5,0.5,0.5,1.0,1.0,1.0,1.0,1.0,0.3333333333333333,0.2,0.2,0.1,0.04,0.02,1.0,1.0,1.0,1.0,1.0,1.0,1.0,0.5,0.5,0.5,0.6428571428571428,0.6428571428571428,0.6428571428571428,0.6428571428571428,1.0
PLAIN-1579,5,0.0,0.0,0.0,0.0,0.0,0.0,0.0,0.0,0.0,0.0,0.0,0.0,0.0,0.0,0.0,0.0,0.0,0.0,0.0,0.0,0.0,0.0,0.0,0.0,0.0,0.0,0.0,0.0,0.0,0.0,0.0,0.0,0.0,0.0,0.0,
PLAIN-1590,18,0.0,0.2960819109658652,0.21398626473452756,0.13886244387355456,0.1316380059411998,0.1316380059411998,0.1316380059411998,0.0,0.05555555555555555,0.05555555555555555,0.05555555555555555,0.1111111111111111,0.1111111111111111,0.1111111111111111,0.0,0.3333333333333333,0.2,0.1,0.1,0.04,0.02,0.0,0.5,0.5,0.5,0.5,0.5,0.5,0.0,0.027777777777777776,0.027777777777777776,0.027777777777777776,0.03395061728395062,0.03395061728395062,0.03395061728395062,2.0
PLAIN-1601,74,0.0,0.5307212739772434,0.6608397947263839,0.5806020001118019,0.4807239037828106,0.33837752976608154,0.2970058965090344,0.0,0.02702702702702703,0.05405405405405406,0.08108108108108109,0.12162162162162163,0.1891891891891892,0.24324324324324326,0.0,0.6666666666666666,0.8,0.6,0.45,0.28,0.18,0.0,0.5,0.5,0.5,0.5,0.5,0.5,0.0,0.015765765765765764,0.03671171171171171,0.05955598455598456,0.08059587471352178,0.10457505761038761,0.1180180118428155,2.0
PLAIN-1611,6,0.0,0.0,0.0,0.0,0.0,0.0,0.0,0.0,0.0,0.0,0.0,0.0,0.0,0.0,0.0,0.0,0.0,0.0,0.0,0.0,0.0,0.0,0.0,0.0,0.0,0.0,0.0,0.0,0.0,0.0,0.0,0.0,0.0,0.0,0.0,
PLAIN-1621,4,0.0,0.0,0.0,0.0,0.0,0.0,0.0,0.0,0.0,0.0,0.0,0.0,0.0,0.0,0.0,0.0,0.0,0.0,0.0,0.0,0.0,0.0,0.0,0.0,0.0,0.0,0.0,0.0,0.0,0.0,0.0,0.0,0.0,0.0,0.0,
PLAIN-1635,431,1.0,1.0,0.8539316501572937,0.8357804136936722,0.7898134519750233,0.7099136023034253,0.6218030256467724,0.002320185614849188,0.0069605568445475635,0.009280742459396751,0.018561484918793503,0.03480278422273782,0.0765661252900232,0.13225058004640372,1.0,1.0,0.8,0.8,0.75,0.66,0.57,1.0,1.0,1.0,1.0,1.0,1.0,1.0,0.002320185614849188,0.0069605568445475635,0.008816705336426913,0.016399661179243543,0.029345429954209308,0.06097745836331068,0.09495359511958062,1.0
PLAIN-1645,6,0.0,0.0,0.0,0.0,0.0,0.0,0.0,0.0,0.0,0.0,0.0,0.0,0.0,0.0,0.0,0.0,0.0,0.0,0.0,0.0,0.0,0.0,0.0,0.0,0.0,0.0,0.0,0.0,0.0,0.0,0.0,0.0,0.0,0.0,0.0,
PLAIN-1656,28,0.0,0.0,0.0,0.0,0.0,0.0,0.01949617516138906,0.0,0.0,0.0,0.0,0.0,0.0,0.03571428571428571,0.0,0.0,0.0,0.0,0.0,0.0,0.01,0.0,0.0,0.0,0.0,0.0,0.0,0.017543859649122806,0.0,0.0,0.0,0.0,0.0,0.0,0.0006265664160401002,57.0
PLAIN-1667,159,1.0,0.7039180890341347,0.6548086577531307,0.5766882048947065,0.5137080780495529,0.35730126080463365,0.2894644539995257,0.006289308176100629,0.012578616352201259,0.018867924528301886,0.031446540880503145,0.05660377358490566,0.0880503144654088,0.14465408805031446,1.0,0.6666666666666666,0.6,0.5,0.45,0.28,0.23,1.0,1.0,1.0,1.0,1.0,1.0,1.0,0.006289308176100629,0.010482180293501047,0.01519916142557652,0.02388439652590596,0.03603980185556212,0.047683428406538,0.062352595507590175,1.0
PLAIN-1679,1,0.0,0.0,0.0,0.0,0.0,0.0,0.0,0.0,0.0,0.0,0.0,0.0,0.0,0.0,0.0,0.0,0.0,0.0,0.0,0.0,0.0,0.0,0.0,0.0,0.0,0.0,0.0,0.0,0.0,0.0,0.0,0.0,0.0,0.0,0.0,
PLAIN-1690,4,0.0,0.0,0.0,0.0,0.0,0.0,0.0,0.0,0.0,0.0,0.0,0.0,0.0,0.0,0.0,0.0,0.0,0.0,0.0,0.0,0.0,0.0,0.0,0.0,0.0,0.0,0.0,0.0,0.0,0.0,0.0,0.0,0.0,0.0,0.0,
PLAIN-1700,5,0.0,0.0,0.0,0.0,0.0,0.0,0.0,0.0,0.0,0.0,0.0,0.0,0.0,0.0,0.0,0.0,0.0,0.0,0.0,0.0,0.0,0.0,0.0,0.0,0.0,0.0,0.0,0.0,0.0,0.0,0.0,0.0,0.0,0.0,0.0,
PLAIN-1710,16,1.0,1.0,1.0,1.0,0.9189894103532604,0.9189894103532604,0.9189894103532604,0.0625,0.1875,0.3125,0.625,0.875,0.875,0.875,1.0,1.0,1.0,1.0,0.7,0.28,0.14,1.0,1.0,1.0,1.0,1.0,1.0,1.0,0.0625,0.1875,0.3125,0.625,0.875,0.875,0.875,1.0
PLAIN-1721,31,1.0,0.46927872602275644,0.3391602052736161,0.2895229882348575,0.18684868323532902,0.1838099024184671,0.20010681529240174,0.03225806451612903,0.03225806451612903,0.03225806451612903,0.06451612903225806,0.06451612903225806,0.12903225806451613,0.16129032258064516,1.0,0.3333333333333333,0.2,0.2,0.1,0.08,0.05,1.0,1.0,1.0,1.0,1.0,1.0,1.0,0.03225806451612903,0.03225806451612903,0.03225806451612903,0.04032258064516129,0.04032258064516129,0.047798259088581665,0.049532563632459566,1.0
PLAIN-1731,3,1.0,0.46927872602275644,0.46927872602275644,0.46927872602275644,0.5840880207487743,0.5840880207487743,0.5840880207487743,0.3333333333333333,0.3333333333333333,0.3333333333333333,0.3333333333333333,0.6666666666666666,0.6666666666666666,0.6666666666666666,1.0,0.3333333333333333,0.2,0.1,0.1,0.04,0.02,1.0,1.0,1.0,1.0,1.0,1.0,1.0,0.3333333333333333,0.3333333333333333,0.3333333333333333,0.3333333333333333,0.375,0.375,0.375,1.0
PLAIN-1741,420,1.0,0.7653606369886217,0.6992148198508501,0.5907272848394974,0.5234556422912258,0.36153283369788053,0.2679416445841512,0.002380952380952381,0.004761904761904762,0.007142857142857143,0.011904761904761904,0.02142857142857143,0.03333333333333333,0.047619047619047616,1.0,0.6666666666666666,0.6,0.5,0.45,0.28,0.2,1.0,1.0,1.0,1.0,1.0,1.0,1.0,0.002380952380952381,0.004761904761904762,0.006547619047619048,0.009098639455782312,0.013770356627499484,0.01796659817397144,0.021082117134089896,1.0
PLAIN-1752,1,0.0,0.0,0.0,0.0,0.0,0.0,0.0,0.0,0.0,0.0,0.0,0.0,0.0,0.0,0.0,0.0,0.0,0.0,0.0,0.0,0.0,0.0,0.0,0.0,0.0,0.0,0.0,0.0,0.0,0.0,0.0,0.0,0.0,0.0,0.0,
PLAIN-1762,8,0.0,0.0,0.0,0.0901000086523677,0.15484272324283346,0.15484272324283346,0.19611063370942047,0.0,0.0,0.0,0.125,0.25,0.25,0.375,0.0,0.0,0.0,0.1,0.1,0.04,0.03,0.0,0.0,0.0,0.16666666666666666,0.16666666666666666,0.16666666666666666,0.16666666666666666,0.0,0.0,0.0,0.020833333333333332,0.03869047619047619,0.03869047619047619,0.04412525879917184,6.0
PLAIN-1772,2,1.0,0.9197207891481876,0.9197207891481876,0.9197207891481876,0.9197207891481876,0.9197207891481876,0.9197207891481876,0.5,1.0,1.0,1.0,1.0,1.0,1.0,1.0,0.6666666666666666,0.4,0.2,0.1,0.04,0.02,1.0,1.0,1.0,1.0,1.0,1.0,1.0,0.5,0.8333333333333333,0.8333333333333333,0.8333333333333333,0.8333333333333333,0.8333333333333333,0.8333333333333333,1.0
PLAIN-1784,2,0.0,0.0,0.0,0.0,0.0,0.0,0.0,0.0,0.0,0.0,0.0,0.0,0.0,0.0,0.0,0.0,0.0,0.0,0.0,0.0,0.0,0.0,0.0,0.0,0.0,0.0,0.0,0.0,0.0,0.0,0.0,0.0,0.0,0.0,0.0,
PLAIN-1794,2,1.0,0.9197207891481876,0.9197207891481876,0.9197207891481876,0.9197207891481876,0.9197207891481876,0.9197207891481876,0.5,1.0,1.0,1.0,1.0,1.0,1.0,1.0,0.6666666666666666,0.4,0.2,0.1,0.04,0.02,1.0,1.0,1.0,1.0,1.0,1.0,1.0,0.5,0.8333333333333333,0.8333333333333333,0.8333333333333333,0.8333333333333333,0.8333333333333333,0.8333333333333333,1.0
PLAIN-1805,116,1.0,1.0,1.0,1.0,0.7606798040475855,0.47980514274260927,0.3184916623673587,0.008620689655172414,0.02586206896551724,0.04310344827586207,0.08620689655172414,0.11206896551724138,0.14655172413793102,0.1724137931034483,1.0,1.0,1.0,1.0,0.65,0.34,0.2,1.0,1.0,1.0,1.0,1.0,1.0,1.0,0.008620689655172414,0.02586206896551724,0.04310344827586207,0.08620689655172414,0.11206896551724138,0.1318406033158536,0.13846593352412975,1.0
PLAIN-1817,27,0.0,0.0,0.27727342735504823,0.17993148201117182,0.11612190345001774,0.13989799943182613,0.17712699574622595,0.0,0.0,0.07407407407407407,0.07407407407407407,0.07407407407407407,0.14814814814814814,0.2222222222222222,0.0,0.0,0.4,0.2,0.1,0.08,0.06,0.0,0.0,0.25,0.25,0.25,0.25,0.25,0.0,0.0,0.024074074074074074,0.024074074074074074,0.024074074074074074,0.0308641975308642,0.03612503442007607,4.0
PLAIN-1827,3,0.0,0.0,0.0,0.0,0.0,0.0,0.0,0.0,0.0,0.0,0.0,0.0,0.0,0.0,0.0,0.0,0.0,0.0,0.0,0.0,0.0,0.0,0.0,0.0,0.0,0.0,0.0,0.0,0.0,0.0,0.0,0.0,0.0,0.0,0.0,
PLAIN-1837,196,1.0,1.0,1.0,1.0,1.0,0.8839463955994336,0.6358846107149865,0.00510204081632653,0.015306122448979591,0.025510204081632654,0.05102040816326531,0.10204081632653061,0.21428571428571427,0.2755102040816326,1.0,1.0,1.0,1.0,1.0,0.84,0.54,1.0,1.0,1.0,1.0,1.0,1.0,1.0,0.00510204081632653,0.015306122448979591,0.025510204081632654,0.05102040816326531,0.10204081632653061,0.20844246045614864,0.24727375406659016,1.0
PLAIN-1847,11,0.0,0.0,0.0,0.0,0.0,0.0,0.0,0.0,0.0,0.0,0.0,0.0,0.0,0.0,0.0,0.0,0.0,0.0,0.0,0.0,0.0,0.0,0.0,0.0,0.0,0.0,0.0,0.0,0.0,0.0,0.0,0.0,0.0,0.0,0.0,
PLAIN-1857,33,1.0,0.7653606369886217,0.6843515475204855,0.513528549750033,0.3314145585106583,0.23915087673989086,0.23915087673989086,0.030303030303030304,0.06060606060606061,0.09090909090909091,0.12121212121212122,0.12121212121212122,0.12121212121212122,0.12121212121212122,1.0,0.6666666666666666,0.6,0.4,0.2,0.08,0.04,1.0,1.0,1.0,1.0,1.0,1.0,1.0,0.030303030303030304,0.06060606060606061,0.0787878787878788,0.09393939393939395,0.09393939393939395,0.09393939393939395,0.09393939393939395,1.0
PLAIN-1867,7,0.0,0.0,0.0,0.0,0.0,0.0,0.0,0.0,0.0,0.0,0.0,0.0,0.0,0.0,0.0,0.0,0.0,0.0,0.0,0.0,0.0,0.0,0.0,0.0,0.0,0.0,0.0,0.0,0.0,0.0,0.0,0.0,0.0,0.0,0.0,
PLAIN-1877,36,0.0,0.0,0.0,0.0,0.0,0.0,0.0,0.0,0.0,0.0,0.0,0.0,0.0,0.0,0.0,0.0,0.0,0.0,0.0,0.0,0.0,0.0,0.0,0.0,0.0,0.0,0.0,0.0,0.0,0.0,0.0,0.0,0.0,0.0,0.0,
PLAIN-1887,4,0.0,0.0,0.0,0.0,0.0,0.0,0.0,0.0,0.0,0.0,0.0,0.0,0.0,0.0,0.0,0.0,0.0,0.0,0.0,0.0,0.0,0.0,0.0,0.0,0.0,0.0,0.0,0.0,0.0,0.0,0.0,0.0,0.0,0.0,0.0,
PLAIN-1897,2,0.0,0.0,0.0,0.0,0.0,0.0,0.0,0.0,0.0,0.0,0.0,0.0,0.0,0.0,0.0,0.0,0.0,0.0,0.0,0.0,0.0,0.0,0.0,0.0,0.0,0.0,0.0,0.0,0.0,0.0,0.0,0.0,0.0,0.0,0.0,
PLAIN-1909,463,1.0,0.46927872602275644,0.6164336326286644,0.5517854393872874,0.5005112745616787,0.4204579356716235,0.3641096279156973,0.0021598272138228943,0.0021598272138228943,0.0064794816414686825,0.01079913606911447,0.019438444924406047,0.04103671706263499,0.07127429805615551,1.0,0.3333333333333333,0.6,0.5,0.45,0.38,0.33,1.0,1.0,1.0,1.0,1.0,1.0,1.0,0.0021598272138228943,0.0021598272138228943,0.0045356371490280776,0.007518255682402551,0.011944553984955458,0.02005982627394432,0.029759896040479874,1.0
PLAIN-1919,27,1.0,1.0,0.8687949224876582,0.77523873680463,0.500313767995039,0.46404794808002003,0.5017846640428695,0.037037037037037035,0.1111111111111111,0.14814814814814814,0.25925925925925924,0.25925925925925924,0.3333333333333333,0.4074074074074074,1.0,1.0,0.8,0.7,0.35,0.18,0.11,1.0,1.0,1.0,1.0,1.0,1.0,1.0,0.037037037037037035,0.1111111111111111,0.14814814814814814,0.23271604938271603,0.23271604938271603,0.261976911976912,0.2727273628022692,1.0
PLAIN-1929,10,1.0,0.46927872602275644,0.3391602052736161,0.2200917662980802,0.2200917662980802,0.306538833670444,0.306538833670444,0.1,0.1,0.1,0.1,0.1,0.3,0.3,1.0,0.3333333333333333,0.2,0.1,0.05,0.06,0.03,1.0,1.0,1.0,1.0,1.0,1.0,1.0,0.1,0.1,0.1,0.1,0.1,0.1145217391304348,0.1145217391304348,1.0
PLAIN-1940,12,1.0,0.46927872602275644,0.3391602052736161,0.2200917662980802,0.1963579357992893,0.1963579357992893,0.1963579357992893,0.08333333333333333,0.08333333333333333,0.08333333333333333,0.08333333333333333,0.08333333333333333,0.08333333333333333,0.08333333333333333,1.0,0.3333333333333333,0.2,0.1,0.05,0.02,0.01,1.0,1.0,1.0,1.0,1.0,1.0,1.0,0.08333333333333333,0.08333333333333333,0.08333333333333333,0.08333333333333333,0.08333333333333333,0.08333333333333333,0.08333333333333333,1.0
PLAIN-1950,13,1.0,0.46927872602275644,0.4703652827859579,0.3052348839397012,0.31105031775847874,0.35177644472156255,0.35177644472156255,0.07692307692307693,0.07692307692307693,0.15384615384615385,0.15384615384615385,0.23076923076923078,0.3076923076923077,0.3076923076923077,1.0,0.3333333333333333,0.4,0.2,0.15,0.08,0.04,1.0,1.0,1.0,1.0,1.0,1.0,1.0,0.07692307692307693,0.07692307692307693,0.10769230769230768,0.10769230769230768,0.12867132867132866,0.14204925509273336,0.14204925509273336,1.0
PLAIN-1962,13,0.0,0.0,0.0,0.0,0.0,0.0,0.0,0.0,0.0,0.0,0.0,0.0,0.0,0.0,0.0,0.0,0.0,0.0,0.0,0.0,0.0,0.0,0.0,0.0,0.0,0.0,0.0,0.0,0.0,0.0,0.0,0.0,0.0,0.0,0.0,
PLAIN-1972,11,0.0,0.0,0.0,0.0,0.0,0.04361012301980157,0.04361012301980157,0.0,0.0,0.0,0.0,0.0,0.09090909090909091,0.09090909090909091,0.0,0.0,0.0,0.0,0.0,0.02,0.01,0.0,0.0,0.0,0.0,0.0,0.038461538461538464,0.038461538461538464,0.0,0.0,0.0,0.0,0.0,0.0034965034965034965,0.0034965034965034965,26.0
PLAIN-1983,32,1.0,1.0,0.8539316501572937,0.6961622681399229,0.486587147453766,0.39939052891615046,0.44964347189686205,0.03125,0.09375,0.125,0.1875,0.21875,0.28125,0.375,1.0,1.0,0.8,0.6,0.35,0.18,0.12,1.0,1.0,1.0,1.0,1.0,1.0,1.0,0.03125,0.09375,0.11875,0.16354166666666664,0.1803685897435897,0.19637601981351976,0.2100938707289513,1.0
PLAIN-1995,11,0.0,0.0,0.0,0.0,0.0,0.04147224578293317,0.07318293440582187,0.0,0.0,0.0,0.0,0.0,0.09090909090909091,0.18181818181818182,0.0,0.0,0.0,0.0,0.0,0.02,0.02,0.0,0.0,0.0,0.0,0.0,0.03225806451612903,0.03225806451612903,0.0,0.0,0.0,0.0,0.0,0.002932551319648094,0.004908835904628331,31.0
PLAIN-2009,8,0.0,0.2960819109658652,0.21398626473452756,0.15958907712489637,0.15958907712489637,0.15958907712489637,0.20114049343148097,0.0,0.125,0.125,0.125,0.125,0.125,0.25,0.0,0.3333333333333333,0.2,0.1,0.05,0.02,0.02,0.0,0.5,0.5,0.5,0.5,0.5,0.5,0.0,0.0625,0.0625,0.0625,0.0625,0.0625,0.06623134328358209,2.0
PLAIN-2019,3,0.0,0.0,0.0,0.0,0.0,0.0,0.0,0.0,0.0,0.0,0.0,0.0,0.0,0.0,0.0,0.0,0.0,0.0,0.0,0.0,0.0,0.0,0.0,0.0,0.0,0.0,0.0,0.0,0.0,0.0,0.0,0.0,0.0,0.0,0.0,
PLAIN-2030,6,0.0,0.0,0.0,0.0,0.0,0.0,0.0,0.0,0.0,0.0,0.0,0.0,0.0,0.0,0.0,0.0,0.0,0.0,0.0,0.0,0.0,0.0,0.0,0.0,0.0,0.0,0.0,0.0,0.0,0.0,0.0,0.0,0.0,0.0,0.0,
PLAIN-2040,132,1.0,0.7039180890341347,0.6548086577531307,0.5677211578528084,0.4400727376198734,0.2860915305026727,0.20646865357162275,0.007575757575757576,0.015151515151515152,0.022727272727272728,0.03787878787878788,0.05303030303030303,0.07575757575757576,0.10606060606060606,1.0,0.6666666666666666,0.6,0.5,0.35,0.2,0.14,1.0,1.0,1.0,1.0,1.0,1.0,1.0,0.007575757575757576,0.012626262626262624,0.018308080808080808,0.027371933621933624,0.03462359461691013,0.04089477821367513,0.045678626985727167,1.0
PLAIN-2051,355,0.0,0.2960819109658652,0.36005461457723403,0.44006674047819444,0.3940450327481588,0.3949675676199591,0.2589906968571462,0.0,0.0028169014084507044,0.005633802816901409,0.014084507042253521,0.022535211267605635,0.056338028169014086,0.061971830985915494,0.0,0.3333333333333333,0.4,0.5,0.4,0.4,0.22,0.0,0.5,0.5,0.5,0.5,0.5,0.5,0.0,0.0014084507042253522,0.0028169014084507044,0.006841046277665997,0.011111589322028428,0.02448484759547096,0.026306269956799425,2.0
PLAIN-2061,410,1.0,1.0,1.0,1.0,0.9652498273011313,0.8190981958914578,0.6514839294446861,0.0024390243902439024,0.007317073170731708,0.012195121951219513,0.024390243902439025,0.046341463414634146,0.09268292682926829,0.13902439024390245,1.0,1.0,1.0,1.0,0.95,0.76,0.57,1.0,1.0,1.0,1.0,1.0,1.0,1.0,0.0024390243902439024,0.007317073170731708,0.012195121951219513,0.024390243902439025,0.04581216911240319,0.08656776677595329,0.11741459312207857,1.0
PLAIN-2071,45,1.0,0.7039180890341347,0.6548086577531307,0.4249260138166711,0.2742333748285178,0.20961135264788114,0.23606975656992868,0.022222222222222223,0.044444444444444446,0.06666666666666667,0.06666666666666667,0.06666666666666667,0.13333333333333333,0.17777777777777778,1.0,0.6666666666666666,0.6,0.3,0.15,0.12,0.08,1.0,1.0,1.0,1.0,1.0,1.0,1.0,0.022222222222222223,0.037037037037037035,0.0537037037037037,0.0537037037037037,0.0537037037037037,0.06346211285727414,0.06774453944293188,1.0
PLAIN-2081,1,0.0,0.0,0.0,0.0,0.0,0.0,0.0,0.0,0.0,0.0,0.0,0.0,0.0,0.0,0.0,0.0,0.0,0.0,0.0,0.0,0.0,0.0,0.0,0.0,0.0,0.0,0.0,0.0,0.0,0.0,0.0,0.0,0.0,0.0,0.0,
PLAIN-2092,10,1.0,1.0,0.8687949224876582,0.5637884576902257,0.5637884576902257,0.5637884576902257,0.5637884576902257,0.1,0.3,0.4,0.4,0.4,0.4,0.4,1.0,1.0,0.8,0.4,0.2,0.08,0.04,1.0,1.0,1.0,1.0,1.0,1.0,1.0,0.1,0.3,0.4,0.4,0.4,0.4,0.4,1.0
PLAIN-2102,421,1.0,1.0,1.0,0.9305687780632229,0.8120754497684151,0.5944096449940226,0.4578648187828895,0.0023752969121140144,0.007125890736342043,0.011876484560570071,0.021377672209026127,0.035629453681710214,0.05938242280285035,0.08788598574821853,1.0,1.0,1.0,0.9,0.75,0.5,0.37,1.0,1.0,1.0,1.0,1.0,1.0,1.0,0.0023752969121140144,0.007125890736342043,0.011876484560570071,0.020876220638690948,0.03227225012889398,0.04630467973711846,0.05814523676381374,1.0
PLAIN-2113,1,0.0,0.0,0.0,0.0,0.0,0.0,0.0,0.0,0.0,0.0,0.0,0.0,0.0,0.0,0.0,0.0,0.0,0.0,0.0,0.0,0.0,0.0,0.0,0.0,0.0,0.0,0.0,0.0,0.0,0.0,0.0,0.0,0.0,0.0,0.0,
PLAIN-2124,17,1.0,1.0,0.8687949224876582,0.715550648768261,0.5123296027337585,0.5402509858238758,0.5923415839963805,0.058823529411764705,0.17647058823529413,0.23529411764705882,0.35294117647058826,0.35294117647058826,0.4117647058823529,0.5294117647058824,1.0,1.0,0.8,0.6,0.3,0.14,0.09,1.0,1.0,1.0,1.0,1.0,1.0,1.0,0.058823529411764705,0.17647058823529413,0.23529411764705882,0.33473389355742295,0.33473389355742295,0.3431372549019608,0.35841484134637464,1.0
PLAIN-2134,12,0.0,0.0,0.0,0.0,0.0,0.0,0.0,0.0,0.0,0.0,0.0,0.0,0.0,0.0,0.0,0.0,0.0,0.0,0.0,0.0,0.0,0.0,0.0,0.0,0.0,0.0,0.0,0.0,0.0,0.0,0.0,0.0,0.0,0.0,0.0,
PLAIN-2145,9,0.0,0.0,0.0,0.0,0.0,0.0,0.0,0.0,0.0,0.0,0.0,0.0,0.0,0.0,0.0,0.0,0.0,0.0,0.0,0.0,0.0,0.0,0.0,0.0,0.0,0.0,0.0,0.0,0.0,0.0,0.0,0.0,0.0,0.0,0.0,
PLAIN-2156,6,1.0,0.46927872602275644,0.3391602052736161,0.30260241349881345,0.3714959802363865,0.3714959802363865,0.3714959802363865,0.16666666666666666,0.16666666666666666,0.16666666666666666,0.16666666666666666,0.3333333333333333,0.3333333333333333,0.3333333333333333,1.0,0.3333333333333333,0.2,0.1,0.1,0.04,0.02,1.0,1.0,1.0,1.0,1.0,1.0,1.0,0.16666666666666666,0.16666666666666666,0.16666666666666666,0.16666666666666666,0.18333333333333335,0.18333333333333335,0.18333333333333335,1.0
PLAIN-2167,1,0.0,0.0,0.0,0.0,0.0,0.0,0.0,0.0,0.0,0.0,0.0,0.0,0.0,0.0,0.0,0.0,0.0,0.0,0.0,0.0,0.0,0.0,0.0,0.0,0.0,0.0,0.0,0.0,0.0,0.0,0.0,0.0,0.0,0.0,0.0,
PLAIN-2177,24,0.0,0.2960819109658652,0.21398626473452756,0.20829366581033185,0.1344259308050152,0.1702773354063439,0.19232342708500205,0.0,0.041666666666666664,0.041666666666666664,0.08333333333333333,0.08333333333333333,0.16666666666666666,0.20833333333333334,0.0,0.3333333333333333,0.2,0.2,0.1,0.08,0.05,0.0,0.5,0.5,0.5,0.5,0.5,0.5,0.0,0.020833333333333332,0.020833333333333332,0.03125,0.03125,0.04076867816091954,0.0447750884173298,2.0
PLAIN-2187,9,0.0,0.0,0.0,0.0,0.0,0.0,0.0,0.0,0.0,0.0,0.0,0.0,0.0,0.0,0.0,0.0,0.0,0.0,0.0,0.0,0.0,0.0,0.0,0.0,0.0,0.0,0.0,0.0,0.0,0.0,0.0,0.0,0.0,0.0,0.0,
PLAIN-2197,58,1.0,0.7653606369886217,0.830419897363192,0.6785038377365556,0.4733942325883501,0.28841778462331574,0.2716311698919014,0.017241379310344827,0.034482758620689655,0.06896551724137931,0.10344827586206896,0.1206896551724138,0.15517241379310345,0.1724137931034483,1.0,0.6666666666666666,0.8,0.6,0.35,0.18,0.1,1.0,1.0,1.0,1.0,1.0,1.0,1.0,0.017241379310344827,0.034482758620689655,0.061206896551724135,0.08501642036124796,0.0930623973727422,0.10143597471183678,0.10364640795675277,1.0
PLAIN-2209,2,0.0,0.0,0.0,0.0,0.0,0.0,0.0,0.0,0.0,0.0,0.0,0.0,0.0,0.0,0.0,0.0,0.0,0.0,0.0,0.0,0.0,0.0,0.0,0.0,0.0,0.0,0.0,0.0,0.0,0.0,0.0,0.0,0.0,0.0,0.0,
PLAIN-2220,9,1.0,0.46927872602275644,0.3391602052736161,0.2350455494144854,0.2350455494144854,0.2350455494144854,0.2350455494144854,0.1111111111111111,0.1111111111111111,0.1111111111111111,0.1111111111111111,0.1111111111111111,0.1111111111111111,0.1111111111111111,1.0,0.3333333333333333,0.2,0.1,0.05,0.02,0.01,1.0,1.0,1.0,1.0,1.0,1.0,1.0,0.1111111111111111,0.1111111111111111,0.1111111111111111,0.1111111111111111,0.1111111111111111,0.1111111111111111,0.1111111111111111,1.0
PLAIN-2230,7,0.0,0.0,0.0,0.0,0.0,0.0,0.0,0.0,0.0,0.0,0.0,0.0,0.0,0.0,0.0,0.0,0.0,0.0,0.0,0.0,0.0,0.0,0.0,0.0,0.0,0.0,0.0,0.0,0.0,0.0,0.0,0.0,0.0,0.0,0.0,
PLAIN-2240,11,1.0,0.46927872602275644,0.3391602052736161,0.2200917662980802,0.20736122891466585,0.2463247822016545,0.2789413032720351,0.09090909090909091,0.09090909090909091,0.09090909090909091,0.09090909090909091,0.09090909090909091,0.18181818181818182,0.2727272727272727,1.0,0.3333333333333333,0.2,0.1,0.05,0.04,0.03,1.0,1.0,1.0,1.0,1.0,1.0,1.0,0.09090909090909091,0.09090909090909091,0.09090909090909091,0.09090909090909091,0.09090909090909091,0.09557109557109557,0.09893809893809893,1.0
PLAIN-2250,2,0.0,0.0,0.0,0.0,0.0,0.0,0.0,0.0,0.0,0.0,0.0,0.0,0.0,0.0,0.0,0.0,0.0,0.0,0.0,0.0,0.0,0.0,0.0,0.0,0.0,0.0,0.0,0.0,0.0,0.0,0.0,0.0,0.0,0.0,0.0,
PLAIN-2261,60,1.0,1.0,0.7227265726449519,0.46900009332067494,0.37340027596753217,0.2464658190632805,0.2629188620799644,0.016666666666666666,0.05,0.05,0.05,0.08333333333333333,0.13333333333333333,0.2,1.0,1.0,0.6,0.3,0.25,0.16,0.12,1.0,1.0,1.0,1.0,1.0,1.0,1.0,0.016666666666666666,0.05,0.05,0.05,0.059722222222222225,0.06780476988616524,0.07866260620206703,1.0
PLAIN-2271,10,0.0,0.0,0.0,0.0,0.0,0.0,0.03350024405696092,0.0,0.0,0.0,0.0,0.0,0.0,0.1,0.0,0.0,0.0,0.0,0.0,0.0,0.01,0.0,0.0,0.0,0.0,0.0,0.0,0.010638297872340425,0.0,0.0,0.0,0.0,0.0,0.0,0.0010638297872340426,94.0
PLAIN-2281,1,0.0,0.0,0.0,0.0,0.0,0.0,0.0,0.0,0.0,0.0,0.0,0.0,0.0,0.0,0.0,0.0,0.0,0.0,0.0,0.0,0.0,0.0,0.0,0.0,0.0,0.0,0.0,0.0,0.0,0.0,0.0,0.0,0.0,0.0,0.0,
PLAIN-2291,5,0.0,0.0,0.0,0.0,0.08681077623592635,0.08681077623592635,0.08681077623592635,0.0,0.0,0.0,0.0,0.2,0.2,0.2,0.0,0.0,0.0,0.0,0.05,0.02,0.01,0.0,0.0,0.0,0.0,0.07142857142857142,0.07142857142857142,0.07142857142857142,0.0,0.0,0.0,0.0,0.014285714285714285,0.014285714285714285,0.014285714285714285,14.0
PLAIN-2301,13,0.0,0.0,0.0,0.0,0.0,0.035581239345819575,0.06420482967624856,0.0,0.0,0.0,0.0,0.0,0.07692307692307693,0.15384615384615385,0.0,0.0,0.0,0.0,0.0,0.02,0.02,0.0,0.0,0.0,0.0,0.0,0.02702702702702703,0.02702702702702703,0.0,0.0,0.0,0.0,0.0,0.002079002079002079,0.0037696191542345393,37.0
PLAIN-2311,2,0.0,0.0,0.0,0.0,0.0,0.0,0.0,0.0,0.0,0.0,0.0,0.0,0.0,0.0,0.0,0.0,0.0,0.0,0.0,0.0,0.0,0.0,0.0,0.0,0.0,0.0,0.0,0.0,0.0,0.0,0.0,0.0,0.0,0.0,0.0,
PLAIN-2321,5,0.0,0.0,0.0,0.0,0.0,0.0,0.0,0.0,0.0,0.0,0.0,0.0,0.0,0.0,0.0,0.0,0.0,0.0,0.0,0.0,0.0,0.0,0.0,0.0,0.0,0.0,0.0,0.0,0.0,0.0,0.0,0.0,0.0,0.0,0.0,
PLAIN-2332,97,1.0,0.46927872602275644,0.3391602052736161,0.3718539573761156,0.3436800764781565,0.23390507360209045,0.20351677485485667,0.010309278350515464,0.010309278350515464,0.010309278350515464,0.030927835051546393,0.061855670103092786,0.09278350515463918,0.16494845360824742,1.0,0.3333333333333333,0.2,0.3,0.3,0.18,0.16,1.0,1.0,1.0,1.0,1.0,1.0,1.0,0.010309278350515464,0.010309278350515464,0.010309278350515464,0.018163966617574863,0.027571183112420225,0.035360415643920805,0.04923621572576546,1.0
PLAIN-2343,2,0.0,0.0,0.0,0.0,0.0,0.0,0.0,0.0,0.0,0.0,0.0,0.0,0.0,0.0,0.0,0.0,0.0,0.0,0.0,0.0,0.0,0.0,0.0,0.0,0.0,0.0,0.0,0.0,0.0,0.0,0.0,0.0,0.0,0.0,0.0,
PLAIN-2354,5,0.0,0.2960819109658652,0.21398626473452756,0.21398626473452756,0.2969619928196466,0.2969619928196466,0.35016326458055835,0.0,0.2,0.2,0.2,0.4,0.4,0.6,0.0,0.3333333333333333,0.2,0.1,0.1,0.04,0.03,0.0,0.5,0.5,0.5,0.5,0.5,0.5,0.0,0.1,0.1,0.1,0.125,0.125,0.1323170731707317,2.0
PLAIN-2364,15,0.0,0.0,0.0,0.0,0.0,0.0,0.0,0.0,0.0,0.0,0.0,0.0,0.0,0.0,0.0,0.0,0.0,0.0,0.0,0.0,0.0,0.0,0.0,0.0,0.0,0.0,0.0,0.0,0.0,0.0,0.0,0.0,0.0,0.0,0.0,
PLAIN-2375,2,0.0,0.0,0.0,0.0,0.0,0.0,0.0,0.0,0.0,0.0,0.0,0.0,0.0,0.0,0.0,0.0,0.0,0.0,0.0,0.0,0.0,0.0,0.0,0.0,0.0,0.0,0.0,0.0,0.0,0.0,0.0,0.0,0.0,0.0,0.0,
PLAIN-2386,19,0.0,0.0,0.0,0.0,0.0,0.0,0.02363925900325651,0.0,0.0,0.0,0.0,0.0,0.0,0.05263157894736842,0.0,0.0,0.0,0.0,0.0,0.0,0.01,0.0,0.0,0.0,0.0,0.0,0.0,0.0136986301369863,0.0,0.0,0.0,0.0,0.0,0.0,0.0007209805335255948,73.0
PLAIN-2396,18,0.0,0.0,0.0,0.0,0.0,0.0,0.0,0.0,0.0,0.0,0.0,0.0,0.0,0.0,0.0,0.0,0.0,0.0,0.0,0.0,0.0,0.0,0.0,0.0,0.0,0.0,0.0,0.0,0.0,0.0,0.0,0.0,0.0,0.0,0.0,
PLAIN-2408,5,0.0,0.0,0.0,0.0,0.0,0.0,0.0,0.0,0.0,0.0,0.0,0.0,0.0,0.0,0.0,0.0,0.0,0.0,0.0,0.0,0.0,0.0,0.0,0.0,0.0,0.0,0.0,0.0,0.0,0.0,0.0,0.0,0.0,0.0,0.0,
PLAIN-2430,46,1.0,0.7653606369886217,0.6843515475204855,0.44409732781325584,0.3321727290137284,0.2786706814176302,0.35986756052582053,0.021739130434782608,0.043478260869565216,0.06521739130434782,0.06521739130434782,0.08695652173913043,0.15217391304347827,0.30434782608695654,1.0,0.6666666666666666,0.6,0.3,0.2,0.14,0.14,1.0,1.0,1.0,1.0,1.0,1.0,1.0,0.021739130434782608,0.043478260869565216,0.05652173913043478,0.05652173913043478,0.06231884057971015,0.07136992863750495,0.09631526048667427,1.0
PLAIN-2440,21,0.0,0.0,0.0,0.0,0.0,0.0,0.0,0.0,0.0,0.0,0.0,0.0,0.0,0.0,0.0,0.0,0.0,0.0,0.0,0.0,0.0,0.0,0.0,0.0,0.0,0.0,0.0,0.0,0.0,0.0,0.0,0.0,0.0,0.0,0.0,
PLAIN-2450,38,0.0,0.23463936301137822,0.30078518014914984,0.1951890007906611,0.18371750527140868,0.1636482227804122,0.195248652615275,0.0,0.02631578947368421,0.05263157894736842,0.05263157894736842,0.07894736842105263,0.10526315789473684,0.15789473684210525,0.0,0.3333333333333333,0.4,0.2,0.15,0.08,0.06,0.0,0.3333333333333333,0.3333333333333333,0.3333333333333333,0.3333333333333333,0.3333333333333333,0.3333333333333333,0.0,0.008771929824561403,0.01929824561403509,0.01929824561403509,0.023245614035087722,0.025485255692422548,0.030289104585575065,3.0
PLAIN-2460,31,0.0,0.2960819109658652,0.21398626473452756,0.24878736073286,0.21289689135449283,0.3056046882997139,0.3978218811938425,0.0,0.03225806451612903,0.03225806451612903,0.06451612903225806,0.0967741935483871,0.2903225806451613,0.4838709677419355,0.0,0.3333333333333333,0.2,0.2,0.15,0.18,0.15,0.0,0.5,0.5,0.5,0.5,0.5,0.5,0.0,0.016129032258064516,0.016129032258064516,0.023297491039426525,0.030741659773917837,0.06939953618059315,0.10398014697177305,2.0
PLAIN-2470,73,1.0,0.617319681505689,0.584790051318404,0.6267724980397076,0.4951372557951667,0.34933857908377036,0.3451407107050173,0.0136986301369863,0.0273972602739726,0.0547945205479452,0.0958904109589041,0.1095890410958904,0.1506849315068493,0.2465753424657534,1.0,0.6666666666666666,0.8,0.7,0.4,0.22,0.18,1.0,1.0,1.0,1.0,1.0,1.0,1.0,0.0136986301369863,0.0273972602739726,0.048630136986301364,0.07876712328767123,0.08607305936073059,0.09848123883263846,0.11638979493368622,1.0
PLAIN-2480,18,0.0,0.2960819109658652,0.21398626473452756,0.14342484470735153,0.18339957932636972,0.2242227404557743,0.24025909356977726,0.0,0.05555555555555555,0.05555555555555555,0.05555555555555555,0.16666666666666666,0.2777777777777778,0.3333333333333333,0.0,0.3333333333333333,0.2,0.1,0.15,0.1,0.06,0.0,0.5,0.5,0.5,0.5,0.5,0.5,0.0,0.027777777777777776,0.027777777777777776,0.027777777777777776,0.045096716149347724,0.06775602141734866,0.07404532959344928,2.0
PLAIN-2490,23,0.0,0.1480409554829326,0.10699313236726378,0.08421358772610596,0.06316417717079004,0.0758639623045623,0.15145148005839326,0.0,0.043478260869565216,0.043478260869565216,0.043478260869565216,0.043478260869565216,0.08695652173913043,0.2608695652173913,0.0,0.3333333333333333,0.2,0.1,0.05,0.04,0.06,0.0,0.5,0.5,0.5,0.5,0.5,0.5,0.0,0.021739130434782608,0.021739130434782608,0.021739130434782608,0.021739130434782608,0.023513753327417924,0.03447293396370216,2.0
PLAIN-2500,7,0.0,0.3354350434265105,0.2755519442199235,0.2394906845487749,0.2394906845487749,0.2394906845487749,0.3626569946858883,0.0,0.14285714285714285,0.14285714285714285,0.14285714285714285,0.14285714285714285,0.14285714285714285,0.5714285714285714,0.0,0.3333333333333333,0.2,0.1,0.05,0.02,0.04,0.0,0.5,0.5,0.5,0.5,0.5,0.5,0.0,0.07142857142857142,0.07142857142857142,0.07142857142857142,0.07142857142857142,0.07142857142857142,0.0890439969225156,2.0
PLAIN-2510,46,0.0,0.5307212739772434,0.6608397947263839,0.6500332220485792,0.5615224677593827,0.525078925502877,0.5686897972047101,0.0,0.043478260869565216,0.08695652173913043,0.15217391304347827,0.2391304347826087,0.391304347826087,0.5,0.0,0.6666666666666666,0.8,0.7,0.55,0.36,0.23,0.0,0.5,0.5,0.5,0.5,0.5,0.5,0.0,0.02536231884057971,0.059057971014492755,0.11482919254658386,0.1643288474810214,0.24420533031852373,0.2741328220963779,2.0
PLAIN-2520,73,0.0,0.0,0.07303417492135322,0.08659331667411307,0.12261165353220017,0.09434259077514164,0.10702561354828447,0.0,0.0,0.0136986301369863,0.0273972602739726,0.0684931506849315,0.0821917808219178,0.1232876712328767,0.0,0.0,0.2,0.2,0.25,0.12,0.09,0.0,0.0,0.25,0.25,0.25,0.25,0.25,0.0,0.0,0.003424657534246575,0.007990867579908675,0.019185000691850005,0.021602406010141705,0.02581534499215547,4.0
PLAIN-2530,72,1.0,1.0,1.0,0.8595592494744093,0.7679374425649149,0.60104236200356,0.5462860589276234,0.013888888888888888,0.041666666666666664,0.06944444444444445,0.125,0.19444444444444445,0.2916666666666667,0.375,1.0,1.0,1.0,0.9,0.7,0.42,0.27,1.0,1.0,1.0,1.0,1.0,1.0,1.0,0.013888888888888888,0.041666666666666664,0.06944444444444445,0.12206790123456791,0.1833769016883052,0.23458106468066264,0.26565269188111823,1.0
PLAIN-2540,21,0.5,0.46927872602275644,0.3391602052736161,0.30829708711768966,0.2804622727740972,0.3427049219616389,0.37024808827804107,0.047619047619047616,0.09523809523809523,0.09523809523809523,0.14285714285714285,0.19047619047619047,0.3333333333333333,0.38095238095238093,1.0,0.6666666666666666,0.4,0.3,0.2,0.14,0.08,1.0,1.0,1.0,1.0,1.0,1.0,1.0,0.047619047619047616,0.07936507936507936,0.07936507936507936,0.10317460317460317,0.1126984126984127,0.1354623330813807,0.1403463379653856,1.0
PLAIN-2550,25,0.5,0.38268031849431083,0.2765732350040718,0.207808723593793,0.15765491061798187,0.1581011975471919,0.18795443877863108,0.04,0.08,0.08,0.08,0.08,0.12,0.16,1.0,0.6666666666666666,0.4,0.2,0.1,0.06,0.04,1.0,1.0,1.0,1.0,1.0,1.0,1.0,0.04,0.08,0.08,0.08,0.08,0.08244897959183672,0.08525599713569637,1.0
PLAIN-2560,21,1.0,1.0,1.0,0.9337457765456111,0.7595491819633472,0.7620043611790298,0.7762506776650622,0.047619047619047616,0.14285714285714285,0.23809523809523808,0.42857142857142855,0.47619047619047616,0.5238095238095238,0.5714285714285714,1.0,1.0,1.0,0.9,0.5,0.22,0.12,1.0,1.0,1.0,1.0,1.0,1.0,1.0,0.047619047619047616,0.14285714285714285,0.23809523809523808,0.4238095238095238,0.46043956043956047,0.47733664185277097,0.48772625224238136,1.0
PLAIN-2570,40,0.0,0.0,0.21167088859887737,0.1525633350352753,0.1421994723102777,0.1540304560314525,0.20726987706018093,0.0,0.0,0.05,0.05,0.075,0.15,0.275,0.0,0.0,0.4,0.2,0.15,0.12,0.11,0.0,0.0,0.25,0.25,0.25,0.25,0.25,0.0,0.0,0.01625,0.01625,0.0225,0.03214940098661029,0.04560668931906137,4.0
PLAIN-2580,23,0.5,0.23463936301137822,0.3491966571193543,0.2657440277616815,0.2186283403766663,0.2038803396973046,0.2038803396973046,0.043478260869565216,0.043478260869565216,0.08695652173913043,0.08695652173913043,0.13043478260869565,0.13043478260869565,0.13043478260869565,1.0,0.3333333333333333,0.4,0.2,0.15,0.06,0.03,1.0,1.0,1.0,1.0,1.0,1.0,1.0,0.043478260869565216,0.043478260869565216,0.0608695652173913,0.0608695652173913,0.06773455377574371,0.06773455377574371,0.06773455377574371,1.0
PLAIN-2590,63,0.0,0.0,0.0,0.0,0.0,0.08062776461674927,0.09667999556369264,0.0,0.0,0.0,0.0,0.0,0.06349206349206349,0.09523809523809523,0.0,0.0,0.0,0.0,0.0,0.08,0.06,0.0,0.0,0.0,0.0,0.0,0.043478260869565216,0.043478260869565216,0.0,0.0,0.0,0.0,0.0,0.0041939179008942,0.006910645617621916,23.0
PLAIN-2600,10,0.0,0.5307212739772434,0.4807043306063701,0.47305395177095044,0.47305395177095044,0.47305395177095044,0.47305395177095044,0.0,0.2,0.3,0.4,0.4,0.4,0.4,0.0,0.6666666666666666,0.6,0.4,0.2,0.08,0.04,0.0,0.5,0.5,0.5,0.5,0.5,0.5,0.0,0.11666666666666665,0.17666666666666667,0.24333333333333332,0.24333333333333332,0.24333333333333332,0.24333333333333332,2.0
PLAIN-2610,61,0.0,0.0,0.0,0.10255833366397181,0.1210979315192439,0.11435762337842503,0.16965450060974094,0.0,0.0,0.0,0.03278688524590164,0.04918032786885246,0.08196721311475409,0.16393442622950818,0.0,0.0,0.0,0.2,0.15,0.1,0.1,0.0,0.0,0.0,0.125,0.125,0.125,0.125,0.0,0.0,0.0,0.005692167577413479,0.008424408014571947,0.013021000750026785,0.021697541959749343,8.0
PLAIN-2620,55,0.0,0.0,0.0,0.0,0.01804680639393945,0.08307959560066551,0.1027851639183797,0.0,0.0,0.0,0.0,0.01818181818181818,0.09090909090909091,0.12727272727272726,0.0,0.0,0.0,0.0,0.05,0.1,0.07,0.0,0.0,0.0,0.0,0.06666666666666667,0.06666666666666667,0.06666666666666667,0.0,0.0,0.0,0.0,0.0012121212121212121,0.008866133866133868,0.01210558009132653,15.0
PLAIN-2630,48,1.0,0.7653606369886217,0.6843515475204855,0.44409732781325584,0.3039810012584209,0.24570760356073587,0.24570760356073587,0.020833333333333332,0.041666666666666664,0.0625,0.0625,0.08333333333333333,0.125,0.125,1.0,0.6666666666666666,0.6,0.3,0.2,0.12,0.06,1.0,1.0,1.0,1.0,1.0,1.0,1.0,0.020833333333333332,0.041666666666666664,0.05416666666666667,0.05416666666666667,0.059375000000000004,0.06647361647361648,0.06647361647361648,1.0
PLAIN-2640,48,0.5,0.5,0.36136328632247594,0.3779874885296723,0.38648046433858774,0.30740215811602895,0.3272610533085824,0.020833333333333332,0.0625,0.0625,0.125,0.1875,0.25,0.2916666666666667,1.0,1.0,0.6,0.6,0.45,0.24,0.14,1.0,1.0,1.0,1.0,1.0,1.0,1.0,0.020833333333333332,0.0625,0.0625,0.09699074074074072,0.13348549598549597,0.15588405049611945,0.16488649113482218,1.0
PLAIN-2650,29,1.0,0.7653606369886217,0.6992148198508501,0.5173633627401373,0.4433389395658361,0.5006699195884476,0.5258857648364921,0.034482758620689655,0.06896551724137931,0.10344827586206896,0.13793103448275862,0.1724137931034483,0.3103448275862069,0.3448275862068966,1.0,0.6666666666666666,0.6,0.4,0.25,0.18,0.1,1.0,1.0,1.0,1.0,1.0,1.0,1.0,0.034482758620689655,0.06896551724137931,0.09482758620689655,0.10862068965517241,0.12429467084639498,0.16005041190619582,0.1665565927780241,1.0
PLAIN-2660,27,0.0,0.23463936301137822,0.16958010263680806,0.17630010660342915,0.11377833233186023,0.1509946592574947,0.24467906355285904,0.0,0.037037037037037035,0.037037037037037035,0.07407407407407407,0.07407407407407407,0.14814814814814814,0.3333333333333333,0.0,0.3333333333333333,0.2,0.2,0.1,0.08,0.09,0.0,0.3333333333333333,0.3333333333333333,0.3333333333333333,0.3333333333333333,0.3333333333333333,0.3333333333333333,0.0,0.012345679012345678,0.012345679012345678,0.0205761316872428,0.0205761316872428,0.027192504157273808,0.04447025700925636,3.0
PLAIN-2670,35,1.0,0.46927872602275644,0.3937481555797838,0.29964840342598303,0.2180740150253072,0.16292352957990994,0.1898780144071175,0.02857142857142857,0.02857142857142857,0.02857142857142857,0.02857142857142857,0.02857142857142857,0.02857142857142857,0.05714285714285714,1.0,0.3333333333333333,0.2,0.1,0.05,0.02,0.02,1.0,1.0,1.0,1.0,1.0,1.0,1.0,0.02857142857142857,0.02857142857142857,0.02857142857142857,0.02857142857142857,0.02857142857142857,0.02857142857142857,0.029450549450549448,1.0
PLAIN-2680,14,0.0,0.0,0.0,0.0,0.0,0.0,0.0348156827654488,0.0,0.0,0.0,0.0,0.0,0.0,0.07142857142857142,0.0,0.0,0.0,0.0,0.0,0.0,0.01,0.0,0.0,0.0,0.0,0.0,0.0,0.011627906976744186,0.0,0.0,0.0,0.0,0.0,0.0,0.0008305647840531562,86.0
PLAIN-2690,43,0.0,0.2960819109658652,0.21398626473452756,0.13886244387355456,0.18360947621876159,0.14743430630388243,0.1741117838172777,0.0,0.023255813953488372,0.023255813953488372,0.023255813953488372,0.09302325581395349,0.11627906976744186,0.16279069767441862,0.0,0.3333333333333333,0.2,0.1,0.2,0.1,0.07,0.0,0.5,0.5,0.5,0.5,0.5,0.5,0.0,0.011627906976744186,0.011627906976744186,0.011627906976744186,0.02831470854726669,0.03360012080942314,0.03701851012897525,2.0
PLAIN-2700,10,1.0,0.46927872602275644,0.3937481555797838,0.29964840342598303,0.29964840342598303,0.4529422701525832,0.5007006238944927,0.1,0.1,0.1,0.1,0.1,0.4,0.6,1.0,0.3333333333333333,0.2,0.1,0.05,0.08,0.06,1.0,1.0,1.0,1.0,1.0,1.0,1.0,0.1,0.1,0.1,0.1,0.1,0.13022074869900957,0.14452594904001553,1.0
PLAIN-2710,21,1.0,0.8826803184943108,0.7840048711692542,0.6646299443865833,0.49850391954305207,0.4875583855012672,0.4875583855012672,0.047619047619047616,0.14285714285714285,0.19047619047619047,0.23809523809523808,0.23809523809523808,0.23809523809523808,0.23809523809523808,1.0,1.0,0.8,0.5,0.25,0.1,0.05,1.0,1.0,1.0,1.0,1.0,1.0,1.0,0.047619047619047616,0.14285714285714285,0.19047619047619047,0.23015873015873015,0.23015873015873015,0.23015873015873015,0.23015873015873015,1.0
PLAIN-2720,36,0.0,0.0,0.0,0.0,0.03771342367400025,0.043513632307989755,0.05391065033050639,0.0,0.0,0.0,0.0,0.05555555555555555,0.08333333333333333,0.1111111111111111,0.0,0.0,0.0,0.0,0.1,0.06,0.04,0.0,0.0,0.0,0.0,0.058823529411764705,0.058823529411764705,0.058823529411764705,0.0,0.0,0.0,0.0,0.004411764705882353,0.007883986928104575,0.00949429288623662,17.0
PLAIN-2730,29,1.0,0.7653606369886217,0.5531464700081437,0.3838825879643254,0.2967017242821517,0.315851112400385,0.34176261760843457,0.034482758620689655,0.06896551724137931,0.06896551724137931,0.06896551724137931,0.06896551724137931,0.1724137931034483,0.20689655172413793,1.0,0.6666666666666666,0.4,0.2,0.1,0.1,0.06,1.0,1.0,1.0,1.0,1.0,1.0,1.0,0.034482758620689655,0.06896551724137931,0.06896551724137931,0.06896551724137931,0.06896551724137931,0.08223477111618407,0.085571812273025,1.0
PLAIN-2740,50,0.0,0.5307212739772434,0.5296347172140421,0.5564535585149095,0.4173665094481728,0.28842185093382305,0.28842185093382305,0.0,0.04,0.06,0.1,0.1,0.14,0.14,0.0,0.6666666666666666,0.6,0.5,0.25,0.14,0.07,0.0,0.5,0.5,0.5,0.5,0.5,0.5,0.0,0.02333333333333333,0.03833333333333333,0.06595238095238094,0.06595238095238094,0.07452380952380952,0.07452380952380952,2.0
PLAIN-2750,59,1.0,0.5865984075284455,0.5625869702695442,0.5114036032939299,0.4637531202886187,0.3618742911461225,0.3836346402237904,0.01694915254237288,0.03389830508474576,0.06779661016949153,0.1016949152542373,0.13559322033898305,0.2033898305084746,0.288135593220339,1.0,0.6666666666666666,0.8,0.6,0.4,0.24,0.17,1.0,1.0,1.0,1.0,1.0,1.0,1.0,0.01694915254237288,0.028248587570621465,0.054519774011299434,0.08135593220338982,0.09726205997392438,0.12077448565982962,0.13846412929331278,1.0
PLAIN-2760,8,0.0,0.0,0.0,0.0,0.0,0.08031088543843382,0.16740387529335476,0.0,0.0,0.0,0.0,0.0,0.125,0.375,0.0,0.0,0.0,0.0,0.0,0.02,0.03,0.0,0.0,0.0,0.0,0.0,0.047619047619047616,0.047619047619047616,0.0,0.0,0.0,0.0,0.0,0.005952380952380952,0.014820710537332905,21.0
PLAIN-2770,41,0.0,0.2960819109658652,0.21398626473452756,0.326367018942456,0.299381692231625,0.26696989955212624,0.30890484048334804,0.0,0.024390243902439025,0.024390243902439025,0.12195121951219512,0.17073170731707318,0.2682926829268293,0.34146341463414637,0.0,0.3333333333333333,0.2,0.5,0.35,0.22,0.14,0.0,0.5,0.5,0.5,0.5,0.5,0.5,0.0,0.012195121951219513,0.012195121951219513,0.05516840882694541,0.07740657238505158,0.10244399516331182,0.11583642352399946,2.0
PLAIN-2780,22,1.0,0.7346393630113782,0.6039775638806372,0.5030020815759969,0.43199540227566374,0.4647543198583616,0.4793796868103483,0.045454545454545456,0.13636363636363635,0.18181818181818182,0.22727272727272727,0.3181818181818182,0.4090909090909091,0.45454545454545453,1.0,1.0,0.8,0.5,0.35,0.18,0.1,1.0,1.0,1.0,1.0,1.0,1.0,1.0,0.045454545454545456,0.13636363636363635,0.18181818181818182,0.2196969696969697,0.25341651812240046,0.27246049935125566,0.2797918776503759,1.0
PLAIN-2790,59,0.0,0.0,0.27727342735504823,0.17993148201117182,0.13783110006067786,0.1577095167615492,0.16305558918449128,0.0,0.0,0.03389830508474576,0.03389830508474576,0.03389830508474576,0.0847457627118644,0.1016949152542373,0.0,0.0,0.4,0.2,0.1,0.1,0.06,0.0,0.0,0.25,0.25,0.25,0.25,0.25,0.0,0.0,0.011016949152542373,0.011016949152542373,0.011016949152542373,0.016669620398006308,0.018588392383935313,4.0
PLAIN-2800,24,0.0,0.11731968150568911,0.09843703889494596,0.07491210085649576,0.0545185037563268,0.04975149496331228,0.04975149496331228,0.0,0.041666666666666664,0.041666666666666664,0.041666666666666664,0.041666666666666664,0.041666666666666664,0.041666666666666664,0.0,0.3333333333333333,0.2,0.1,0.05,0.02,0.01,0.0,0.3333333333333333,0.3333333333333333,0.3333333333333333,0.3333333333333333,0.3333333333333333,0.3333333333333333,0.0,0.013888888888888888,0.013888888888888888,0.013888888888888888,0.013888888888888888,0.013888888888888888,0.013888888888888888,3.0
PLAIN-2810,8,0.0,0.0,0.0,0.0,0.0,0.0,0.0,0.0,0.0,0.0,0.0,0.0,0.0,0.0,0.0,0.0,0.0,0.0,0.0,0.0,0.0,0.0,0.0,0.0,0.0,0.0,0.0,0.0,0.0,0.0,0.0,0.0,0.0,0.0,0.0,
PLAIN-2820,8,0.0,0.0,0.0,0.0,0.0,0.0,0.0,0.0,0.0,0.0,0.0,0.0,0.0,0.0,0.0,0.0,0.0,0.0,0.0,0.0,0.0,0.0,0.0,0.0,0.0,0.0,0.0,0.0,0.0,0.0,0.0,0.0,0.0,0.0,0.0,
PLAIN-2830,3,1.0,0.6387878864795979,0.6387878864795979,0.6387878864795979,0.6387878864795979,0.6387878864795979,0.6387878864795979,0.3333333333333333,0.3333333333333333,0.3333333333333333,0.3333333333333333,0.3333333333333333,0.3333333333333333,0.3333333333333333,1.0,0.3333333333333333,0.2,0.1,0.05,0.02,0.01,1.0,1.0,1.0,1.0,1.0,1.0,1.0,0.3333333333333333,0.3333333333333333,0.3333333333333333,0.3333333333333333,0.3333333333333333,0.3333333333333333,0.3333333333333333,1.0
PLAIN-2840,17,0.0,0.0,0.0,0.0,0.0,0.0,0.0,0.0,0.0,0.0,0.0,0.0,0.0,0.0,0.0,0.0,0.0,0.0,0.0,0.0,0.0,0.0,0.0,0.0,0.0,0.0,0.0,0.0,0.0,0.0,0.0,0.0,0.0,0.0,0.0,
PLAIN-2850,9,0.0,0.0,0.0,0.0,0.08665733618598505,0.08665733618598505,0.08665733618598505,0.0,0.0,0.0,0.0,0.1111111111111111,0.1111111111111111,0.1111111111111111,0.0,0.0,0.0,0.0,0.05,0.02,0.01,0.0,0.0,0.0,0.0,0.05,0.05,0.05,0.0,0.0,0.0,0.0,0.005555555555555556,0.005555555555555556,0.005555555555555556,20.0
PLAIN-2860,2,1.0,1.0,1.0,1.0,1.0,1.0,1.0,0.5,1.0,1.0,1.0,1.0,1.0,1.0,1.0,0.6666666666666666,0.4,0.2,0.1,0.04,0.02,1.0,1.0,1.0,1.0,1.0,1.0,1.0,0.5,1.0,1.0,1.0,1.0,1.0,1.0,1.0
PLAIN-2870,5,0.0,0.0,0.0,0.0,0.0,0.056792743059023446,0.09811296818264448,0.0,0.0,0.0,0.0,0.0,0.2,0.4,0.0,0.0,0.0,0.0,0.0,0.02,0.02,0.0,0.0,0.0,0.0,0.0,0.047619047619047616,0.047619047619047616,0.0,0.0,0.0,0.0,0.0,0.009523809523809523,0.015320910973084887,21.0
PLAIN-2880,17,0.0,0.0,0.0,0.0,0.0,0.0,0.0,0.0,0.0,0.0,0.0,0.0,0.0,0.0,0.0,0.0,0.0,0.0,0.0,0.0,0.0,0.0,0.0,0.0,0.0,0.0,0.0,0.0,0.0,0.0,0.0,0.0,0.0,0.0,0.0,
PLAIN-2890,29,0.0,0.0,0.0,0.0,0.06938647627192689,0.05601414714857796,0.07189605959866782,0.0,0.0,0.0,0.0,0.034482758620689655,0.034482758620689655,0.06896551724137931,0.0,0.0,0.0,0.0,0.05,0.02,0.02,0.0,0.0,0.0,0.0,0.09090909090909091,0.09090909090909091,0.09090909090909091,0.0,0.0,0.0,0.0,0.003134796238244514,0.003134796238244514,0.00400777746914805,11.0
PLAIN-2900,12,0.0,0.23463936301137822,0.18148604814387062,0.14074267220463055,0.13064472157922655,0.1548726576104669,0.1548726576104669,0.0,0.08333333333333333,0.08333333333333333,0.08333333333333333,0.08333333333333333,0.16666666666666666,0.16666666666666666,0.0,0.3333333333333333,0.2,0.1,0.05,0.04,0.02,0.0,0.3333333333333333,0.3333333333333333,0.3333333333333333,0.3333333333333333,0.3333333333333333,0.3333333333333333,0.0,0.027777777777777776,0.027777777777777776,0.027777777777777776,0.027777777777777776,0.03184281842818428,0.03184281842818428,3.0
PLAIN-2910,15,1.0,0.5316519652587917,0.43673949858938643,0.32391343968871883,0.26694151849573755,0.26694151849573755,0.26694151849573755,0.06666666666666667,0.06666666666666667,0.06666666666666667,0.06666666666666667,0.06666666666666667,0.06666666666666667,0.06666666666666667,1.0,0.3333333333333333,0.2,0.1,0.05,0.02,0.01,1.0,1.0,1.0,1.0,1.0,1.0,1.0,0.06666666666666667,0.06666666666666667,0.06666666666666667,0.06666666666666667,0.06666666666666667,0.06666666666666667,0.06666666666666667,1.0
PLAIN-2920,7,0.0,0.0,0.0,0.0,0.0,0.0,0.0,0.0,0.0,0.0,0.0,0.0,0.0,0.0,0.0,0.0,0.0,0.0,0.0,0.0,0.0,0.0,0.0,0.0,0.0,0.0,0.0,0.0,0.0,0.0,0.0,0.0,0.0,0.0,0.0,
PLAIN-2930,14,1.0,0.6387878864795979,0.5065267082131061,0.36077903708155934,0.33694645167160986,0.33694645167160986,0.33694645167160986,0.07142857142857142,0.07142857142857142,0.07142857142857142,0.07142857142857142,0.14285714285714285,0.14285714285714285,0.14285714285714285,1.0,0.3333333333333333,0.2,0.1,0.1,0.04,0.02,1.0,1.0,1.0,1.0,1.0,1.0,1.0,0.07142857142857142,0.07142857142857142,0.07142857142857142,0.07142857142857142,0.07857142857142858,0.07857142857142858,0.07857142857142858,1.0
PLAIN-2940,22,0.0,0.0,0.0,0.0,0.0,0.0,0.0,0.0,0.0,0.0,0.0,0.0,0.0,0.0,0.0,0.0,0.0,0.0,0.0,0.0,0.0,0.0,0.0,0.0,0.0,0.0,0.0,0.0,0.0,0.0,0.0,0.0,0.0,0.0,0.0,
PLAIN-2950,2,0.0,0.0,0.0,0.0,0.0,0.0,0.0,0.0,0.0,0.0,0.0,0.0,0.0,0.0,0.0,0.0,0.0,0.0,0.0,0.0,0.0,0.0,0.0,0.0,0.0,0.0,0.0,0.0,0.0,0.0,0.0,0.0,0.0,0.0,0.0,
PLAIN-2960,2,0.0,0.0,0.0,0.0,0.1996629021969513,0.1996629021969513,0.1996629021969513,0.0,0.0,0.0,0.0,0.5,0.5,0.5,0.0,0.0,0.0,0.0,0.05,0.02,0.01,0.0,0.0,0.0,0.0,0.07692307692307693,0.07692307692307693,0.07692307692307693,0.0,0.0,0.0,0.0,0.038461538461538464,0.038461538461538464,0.038461538461538464,13.0
PLAIN-2970,9,0.0,0.0,0.0,0.0,0.0,0.07420657551627986,0.10557988009446187,0.0,0.0,0.0,0.0,0.0,0.1111111111111111,0.2222222222222222,0.0,0.0,0.0,0.0,0.0,0.02,0.02,0.0,0.0,0.0,0.0,0.0,0.029411764705882353,0.029411764705882353,0.0,0.0,0.0,0.0,0.0,0.0032679738562091504,0.006634977223212517,34.0
PLAIN-2981,7,1.0,0.6387878864795979,0.5065267082131061,0.43122038713502525,0.43122038713502525,0.43122038713502525,0.43122038713502525,0.14285714285714285,0.14285714285714285,0.14285714285714285,0.14285714285714285,0.14285714285714285,0.14285714285714285,0.14285714285714285,1.0,0.3333333333333333,0.2,0.1,0.05,0.02,0.01,1.0,1.0,1.0,1.0,1.0,1.0,1.0,0.14285714285714285,0.14285714285714285,0.14285714285714285,0.14285714285714285,0.14285714285714285,0.14285714285714285,0.14285714285714285,1.0
PLAIN-2991,2,0.0,0.0,0.0,0.0,0.0,0.10863976191957724,0.10863976191957724,0.0,0.0,0.0,0.0,0.0,0.5,0.5,0.0,0.0,0.0,0.0,0.0,0.02,0.01,0.0,0.0,0.0,0.0,0.0,0.02040816326530612,0.02040816326530612,0.0,0.0,0.0,0.0,0.0,0.01020408163265306,0.01020408163265306,49.0
PLAIN-3001,2,0.0,0.0,0.0,0.0,0.0,0.11038570254939233,0.11038570254939233,0.0,0.0,0.0,0.0,0.0,0.5,0.5,0.0,0.0,0.0,0.0,0.0,0.02,0.01,0.0,0.0,0.0,0.0,0.0,0.021739130434782608,0.021739130434782608,0.0,0.0,0.0,0.0,0.0,0.010869565217391304,0.010869565217391304,46.0
PLAIN-3014,1,0.0,0.0,0.0,0.0,0.0,0.0,0.0,0.0,0.0,0.0,0.0,0.0,0.0,0.0,0.0,0.0,0.0,0.0,0.0,0.0,0.0,0.0,0.0,0.0,0.0,0.0,0.0,0.0,0.0,0.0,0.0,0.0,0.0,0.0,0.0,
PLAIN-3026,1,0.0,0.0,0.0,0.0,0.23981246656813146,0.23981246656813146,0.23981246656813146,0.0,0.0,0.0,0.0,1.0,1.0,1.0,0.0,0.0,0.0,0.0,0.05,0.02,0.01,0.0,0.0,0.0,0.0,0.058823529411764705,0.058823529411764705,0.058823529411764705,0.0,0.0,0.0,0.0,0.058823529411764705,0.058823529411764705,0.058823529411764705,17.0
PLAIN-3037,4,0.0,0.2960819109658652,0.24630238874073,0.24630238874073,0.3488355273589519,0.5020208537789614,0.5020208537789614,0.0,0.25,0.25,0.25,0.5,1.0,1.0,0.0,0.3333333333333333,0.2,0.1,0.1,0.08,0.04,0.0,0.5,0.5,0.5,0.5,0.5,0.5,0.0,0.125,0.125,0.125,0.16346153846153846,0.2154885654885655,0.2154885654885655,2.0
PLAIN-3053,3,1.0,0.46927872602275644,0.46927872602275644,0.46927872602275644,0.46927872602275644,0.46927872602275644,0.46927872602275644,0.3333333333333333,0.3333333333333333,0.3333333333333333,0.3333333333333333,0.3333333333333333,0.3333333333333333,0.3333333333333333,1.0,0.3333333333333333,0.2,0.1,0.05,0.02,0.01,1.0,1.0,1.0,1.0,1.0,1.0,1.0,0.3333333333333333,0.3333333333333333,0.3333333333333333,0.3333333333333333,0.3333333333333333,0.3333333333333333,0.3333333333333333,1.0
PLAIN-3063,4,0.0,0.0,0.0,0.0,0.0,0.07335312372354855,0.14150701187349693,0.0,0.0,0.0,0.0,0.0,0.25,0.5,0.0,0.0,0.0,0.0,0.0,0.02,0.02,0.0,0.0,0.0,0.0,0.0,0.02564102564102564,0.02564102564102564,0.0,0.0,0.0,0.0,0.0,0.00641025641025641,0.016025641025641024,39.0
PLAIN-3074,1,0.0,0.0,0.0,0.0,0.23981246656813146,0.23981246656813146,0.23981246656813146,0.0,0.0,0.0,0.0,1.0,1.0,1.0,0.0,0.0,0.0,0.0,0.05,0.02,0.01,0.0,0.0,0.0,0.0,0.058823529411764705,0.058823529411764705,0.058823529411764705,0.0,0.0,0.0,0.0,0.058823529411764705,0.058823529411764705,0.058823529411764705,17.0
PLAIN-3085,2,0.0,0.38685280723454163,0.38685280723454163,0.38685280723454163,0.5525485729997712,0.5525485729997712,0.5525485729997712,0.0,0.5,0.5,0.5,1.0,1.0,1.0,0.0,0.3333333333333333,0.2,0.1,0.1,0.04,0.02,0.0,0.5,0.5,0.5,0.5,0.5,0.5,0.0,0.25,0.25,0.25,0.3333333333333333,0.3333333333333333,0.3333333333333333,2.0
PLAIN-3097,4,0.0,0.0,0.20544918463387046,0.20544918463387046,0.20544918463387046,0.20544918463387046,0.20544918463387046,0.0,0.0,0.25,0.25,0.25,0.25,0.25,0.0,0.0,0.2,0.1,0.05,0.02,0.01,0.0,0.0,0.25,0.25,0.25,0.25,0.25,0.0,0.0,0.0625,0.0625,0.0625,0.0625,0.0625,4.0
PLAIN-3116,1,0.0,0.0,0.0,0.0,0.0,0.0,0.0,0.0,0.0,0.0,0.0,0.0,0.0,0.0,0.0,0.0,0.0,0.0,0.0,0.0,0.0,0.0,0.0,0.0,0.0,0.0,0.0,0.0,0.0,0.0,0.0,0.0,0.0,0.0,0.0,
PLAIN-3131,6,1.0,0.7039180890341347,0.5906222333696757,0.5519173917871053,0.5519173917871053,0.5519173917871053,0.5803269095491081,0.16666666666666666,0.3333333333333333,0.3333333333333333,0.3333333333333333,0.3333333333333333,0.3333333333333333,0.5,1.0,0.6666666666666666,0.4,0.2,0.1,0.04,0.03,1.0,1.0,1.0,1.0,1.0,1.0,1.0,0.16666666666666666,0.27777777777777773,0.27777777777777773,0.27777777777777773,0.27777777777777773,0.27777777777777773,0.28345959595959597,1.0
PLAIN-3141,34,1.0,0.617319681505689,0.5179618689643684,0.39417695009180115,0.28686870730543496,0.21775125599140827,0.24503931341960908,0.029411764705882353,0.058823529411764705,0.058823529411764705,0.058823529411764705,0.058823529411764705,0.058823529411764705,0.08823529411764706,1.0,0.6666666666666666,0.4,0.2,0.1,0.04,0.03,1.0,1.0,1.0,1.0,1.0,1.0,1.0,0.029411764705882353,0.058823529411764705,0.058823529411764705,0.058823529411764705,0.058823529411764705,0.058823529411764705,0.06016042780748663,1.0
PLAIN-3151,18,1.0,0.7039180890341347,0.7204111965093014,0.5670308939816352,0.44578688390444476,0.4659301352376804,0.5557837294833354,0.05555555555555555,0.1111111111111111,0.2222222222222222,0.2222222222222222,0.2222222222222222,0.2777777777777778,0.4444444444444444,1.0,0.6666666666666666,0.8,0.4,0.2,0.1,0.08,1.0,1.0,1.0,1.0,1.0,1.0,1.0,0.05555555555555555,0.09259259259259259,0.1787037037037037,0.1787037037037037,0.1787037037037037,0.18641975308641975,0.20649828847935678,1.0
PLAIN-3161,43,1.0,0.6387878864795979,0.6156012978458393,0.4985984135528121,0.4425028325674177,0.34080542706753425,0.37933559641595765,0.023255813953488372,0.023255813953488372,0.046511627906976744,0.06976744186046512,0.13953488372093023,0.23255813953488372,0.3023255813953488,1.0,0.3333333333333333,0.4,0.3,0.3,0.2,0.13,1.0,1.0,1.0,1.0,1.0,1.0,1.0,0.023255813953488372,0.023255813953488372,0.03488372093023256,0.044850498338870434,0.07171801067149904,0.09175037473691085,0.10359382572578553,1.0
PLAIN-3171,34,0.0,0.20151514190050246,0.15979138559512832,0.11381311447980799,0.07847123051140205,0.057612097126584,0.08714006464409021,0.0,0.029411764705882353,0.029411764705882353,0.029411764705882353,0.029411764705882353,0.029411764705882353,0.08823529411764706,0.0,0.3333333333333333,0.2,0.1,0.05,0.02,0.03,0.0,0.5,0.5,0.5,0.5,0.5,0.5,0.0,0.014705882352941176,0.014705882352941176,0.014705882352941176,0.014705882352941176,0.014705882352941176,0.016729758389108697,2.0
PLAIN-3181,27,0.0,0.0,0.0,0.0,0.0,0.0,0.0,0.0,0.0,0.0,0.0,0.0,0.0,0.0,0.0,0.0,0.0,0.0,0.0,0.0,0.0,0.0,0.0,0.0,0.0,0.0,0.0,0.0,0.0,0.0,0.0,0.0,0.0,0.0,0.0,
PLAIN-3191,16,0.0,0.0,0.15632357310588862,0.21204644674670903,0.17382254444419368,0.17382254444419368,0.19297981442309653,0.0,0.0,0.0625,0.1875,0.1875,0.1875,0.25,0.0,0.0,0.2,0.3,0.15,0.06,0.04,0.0,0.0,0.25,0.25,0.25,0.25,0.25,0.0,0.0,0.015625,0.05520833333333333,0.05520833333333333,0.05520833333333333,0.05911458333333333,4.0
PLAIN-3201,32,1.0,0.6387878864795979,0.5065267082131061,0.42503508006474094,0.3228772387141504,0.24583936385172434,0.24583936385172434,0.03125,0.03125,0.03125,0.0625,0.09375,0.09375,0.09375,1.0,0.3333333333333333,0.2,0.2,0.15,0.06,0.03,1.0,1.0,1.0,1.0,1.0,1.0,1.0,0.03125,0.03125,0.03125,0.041666666666666664,0.04718137254901961,0.04718137254901961,0.04718137254901961,1.0
PLAIN-3211,18,0.0,0.0,0.0,0.0,0.0,0.0,0.0,0.0,0.0,0.0,0.0,0.0,0.0,0.0,0.0,0.0,0.0,0.0,0.0,0.0,0.0,0.0,0.0,0.0,0.0,0.0,0.0,0.0,0.0,0.0,0.0,0.0,0.0,0.0,0.0,
PLAIN-3221,24,0.0,0.0,0.0,0.0,0.0,0.03963162702604768,0.03963162702604768,0.0,0.0,0.0,0.0,0.0,0.08333333333333333,0.08333333333333333,0.0,0.0,0.0,0.0,0.0,0.04,0.02,0.0,0.0,0.0,0.0,0.0,0.02040816326530612,0.02040816326530612,0.0,0.0,0.0,0.0,0.0,0.0025170068027210884,0.0025170068027210884,49.0
PLAIN-3231,8,0.5,0.6012610260559063,0.49392169351461673,0.405032201867323,0.45086672078723755,0.45086672078723755,0.45086672078723755,0.125,0.25,0.25,0.25,0.375,0.375,0.375,1.0,0.6666666666666666,0.4,0.2,0.15,0.06,0.03,1.0,1.0,1.0,1.0,1.0,1.0,1.0,0.125,0.25,0.25,0.25,0.2767857142857143,0.2767857142857143,0.2767857142857143,1.0
PLAIN-3241,29,0.0,0.0,0.0,0.0,0.0,0.0,0.047900664397120866,0.0,0.0,0.0,0.0,0.0,0.0,0.06896551724137931,0.0,0.0,0.0,0.0,0.0,0.0,0.02,0.0,0.0,0.0,0.0,0.0,0.0,0.014285714285714285,0.0,0.0,0.0,0.0,0.0,0.0,0.0012185636505055743,70.0
PLAIN-3251,21,0.0,0.0,0.0,0.0,0.0,0.0,0.0,0.0,0.0,0.0,0.0,0.0,0.0,0.0,0.0,0.0,0.0,0.0,0.0,0.0,0.0,0.0,0.0,0.0,0.0,0.0,0.0,0.0,0.0,0.0,0.0,0.0,0.0,0.0,0.0,
PLAIN-3261,13,0.0,0.0,0.0,0.0,0.0,0.02366768006205308,0.02366768006205308,0.0,0.0,0.0,0.0,0.0,0.07692307692307693,0.07692307692307693,0.0,0.0,0.0,0.0,0.0,0.02,0.01,0.0,0.0,0.0,0.0,0.0,0.02040816326530612,0.02040816326530612,0.0,0.0,0.0,0.0,0.0,0.0015698587127158554,0.0015698587127158554,49.0
PLAIN-3271,49,0.0,0.0,0.0,0.0,0.0,0.016181093645942994,0.029543700343777235,0.0,0.0,0.0,0.0,0.0,0.02040816326530612,0.04081632653061224,0.0,0.0,0.0,0.0,0.0,0.02,0.02,0.0,0.0,0.0,0.0,0.0,0.03571428571428571,0.03571428571428571,0.0,0.0,0.0,0.0,0.0,0.0007288629737609329,0.0014325927415301096,28.0
PLAIN-3281,26,0.0,0.0,0.0,0.09363198218564915,0.09335594149116125,0.12552444854152076,0.14134038714075425,0.0,0.0,0.0,0.038461538461538464,0.07692307692307693,0.15384615384615385,0.19230769230769232,0.0,0.0,0.0,0.1,0.1,0.08,0.05,0.0,0.0,0.0,0.1,0.1,0.1,0.1,0.0,0.0,0.0,0.0038461538461538464,0.007894736842105263,0.0200782055473131,0.02248205170115925,10.0
PLAIN-3292,7,0.5,0.31939394323979897,0.3623379437392863,0.6019597584137334,0.6019597584137334,0.6436644627387209,0.6436644627387209,0.14285714285714285,0.14285714285714285,0.2857142857142857,0.7142857142857143,0.7142857142857143,0.8571428571428571,0.8571428571428571,1.0,0.3333333333333333,0.4,0.5,0.25,0.12,0.06,1.0,1.0,1.0,1.0,1.0,1.0,1.0,0.14285714285714285,0.14285714285714285,0.21428571428571427,0.45663265306122447,0.45663265306122447,0.4811224489795918,0.4811224489795918,1.0
PLAIN-3302,37,0.0,0.0,0.0,0.0,0.0,0.084294180476357,0.12436463597111067,0.0,0.0,0.0,0.0,0.0,0.13513513513513514,0.21621621621621623,0.0,0.0,0.0,0.0,0.0,0.1,0.08,0.0,0.0,0.0,0.0,0.0,0.03571428571428571,0.03571428571428571,0.0,0.0,0.0,0.0,0.0,0.010804204338687099,0.017110089022950158,28.0
PLAIN-3312,13,0.0,0.0,0.0,0.03533126475235993,0.14199425202674013,0.2064320341027559,0.29451926864785877,0.0,0.0,0.0,0.07692307692307693,0.3076923076923077,0.46153846153846156,0.6923076923076923,0.0,0.0,0.0,0.1,0.2,0.12,0.09,0.0,0.0,0.0,0.1,0.1,0.1,0.1,0.0,0.0,0.0,0.007692307692307693,0.04929872758820127,0.07581387910335279,0.0987441323706847,10.0
PLAIN-3322,79,0.0,0.23463936301137822,0.3156484524795145,0.26845503571754264,0.23845537629764638,0.19123257047988096,0.15748764927966055,0.0,0.012658227848101266,0.02531645569620253,0.0379746835443038,0.06329113924050633,0.11392405063291139,0.13924050632911392,0.0,0.3333333333333333,0.4,0.3,0.25,0.18,0.11,0.0,0.3333333333333333,0.3333333333333333,0.3333333333333333,0.3333333333333333,0.3333333333333333,0.3333333333333333,0.0,0.004219409282700422,0.010548523206751054,0.014345991561181434,0.02017543859649123,0.03150609620686481,0.03518575902959799,3.0
PLAIN-3332,14,0.5,0.8821211986607034,0.9065280314885752,0.6456842353716331,0.6140121998048299,0.6981487564622423,0.7234537591425481,0.07142857142857142,0.21428571428571427,0.35714285714285715,0.35714285714285715,0.5,0.7142857142857143,0.7857142857142857,1.0,1.0,1.0,0.5,0.35,0.2,0.11,1.0,1.0,1.0,1.0,1.0,1.0,1.0,0.07142857142857142,0.21428571428571427,0.35714285714285715,0.35714285714285715,0.41170634920634924,0.4584193616108509,0.47109217267075876,1.0
PLAIN-3342,3,0.0,0.2960819109658652,0.2960819109658652,0.2960819109658652,0.2960819109658652,0.2960819109658652,0.37290549239591636,0.0,0.3333333333333333,0.3333333333333333,0.3333333333333333,0.3333333333333333,0.3333333333333333,0.6666666666666666,0.0,0.3333333333333333,0.2,0.1,0.05,0.02,0.02,0.0,0.5,0.5,0.5,0.5,0.5,0.5,0.0,0.16666666666666666,0.16666666666666666,0.16666666666666666,0.16666666666666666,0.16666666666666666,0.17647058823529413,2.0
PLAIN-3352,39,0.0,0.0,0.0,0.0,0.0,0.0,0.0,0.0,0.0,0.0,0.0,0.0,0.0,0.0,0.0,0.0,0.0,0.0,0.0,0.0,0.0,0.0,0.0,0.0,0.0,0.0,0.0,0.0,0.0,0.0,0.0,0.0,0.0,0.0,0.0,
PLAIN-3362,11,1.0,0.6993694869720469,0.5745154706993483,0.4260967530293621,0.4076791602298696,0.4076791602298696,0.4076791602298696,0.09090909090909091,0.18181818181818182,0.18181818181818182,0.18181818181818182,0.18181818181818182,0.18181818181818182,0.18181818181818182,1.0,0.6666666666666666,0.4,0.2,0.1,0.04,0.02,1.0,1.0,1.0,1.0,1.0,1.0,1.0,0.09090909090909091,0.18181818181818182,0.18181818181818182,0.18181818181818182,0.18181818181818182,0.18181818181818182,0.18181818181818182,1.0
PLAIN-3372,14,0.0,0.0,0.21814917926546643,0.15537907391531902,0.1302840383542896,0.1302840383542896,0.1302840383542896,0.0,0.0,0.07142857142857142,0.07142857142857142,0.07142857142857142,0.07142857142857142,0.07142857142857142,0.0,0.0,0.2,0.1,0.05,0.02,0.01,0.0,0.0,0.25,0.25,0.25,0.25,0.25,0.0,0.0,0.017857142857142856,0.017857142857142856,0.017857142857142856,0.017857142857142856,0.017857142857142856,4.0
PLAIN-3382,14,0.0,0.30063051302795313,0.3410075787708966,0.2529126359222485,0.28264798661766566,0.4124388147988222,0.4124388147988222,0.0,0.14285714285714285,0.21428571428571427,0.21428571428571427,0.35714285714285715,0.5714285714285714,0.5714285714285714,0.0,0.6666666666666666,0.6,0.3,0.25,0.16,0.08,0.0,0.5,0.5,0.5,0.5,0.5,0.5,0.0,0.08333333333333333,0.1369047619047619,0.1369047619047619,0.17579365079365078,0.21444563641059258,0.21444563641059258,2.0
PLAIN-3392,23,0.0,0.0,0.0,0.0,0.0,0.02672058024978639,0.049492169364068556,0.0,0.0,0.0,0.0,0.0,0.043478260869565216,0.08695652173913043,0.0,0.0,0.0,0.0,0.0,0.02,0.02,0.0,0.0,0.0,0.0,0.0,0.03571428571428571,0.03571428571428571,0.0,0.0,0.0,0.0,0.0,0.0015527950310559005,0.003257824869078066,28.0
PLAIN-3402,14,0.0,0.0,0.0,0.0,0.0,0.03190895161277091,0.03190895161277091,0.0,0.0,0.0,0.0,0.0,0.07142857142857142,0.07142857142857142,0.0,0.0,0.0,0.0,0.0,0.02,0.01,0.0,0.0,0.0,0.0,0.0,0.02127659574468085,0.02127659574468085,0.0,0.0,0.0,0.0,0.0,0.001519756838905775,0.001519756838905775,47.0
PLAIN-3412,49,0.0,0.0,0.09404673201358822,0.11850479333192564,0.11106709267255815,0.1088498261100801,0.12084752555232182,0.0,0.0,0.02040816326530612,0.04081632653061224,0.061224489795918366,0.12244897959183673,0.14285714285714285,0.0,0.0,0.2,0.2,0.15,0.12,0.07,0.0,0.0,0.25,0.25,0.25,0.25,0.25,0.0,0.0,0.00510204081632653,0.00963718820861678,0.012859529776823008,0.022412764560472538,0.025010167157875133,4.0
PLAIN-3422,31,0.0,0.0,0.07303417492135322,0.15556051135088841,0.1635322731298473,0.23747306111832825,0.27187971692690843,0.0,0.0,0.03225806451612903,0.0967741935483871,0.16129032258064516,0.3548387096774194,0.41935483870967744,0.0,0.0,0.2,0.3,0.25,0.22,0.13,0.0,0.0,0.25,0.25,0.25,0.25,0.25,0.0,0.0,0.008064516129032258,0.024910394265232973,0.04146387474061498,0.088041472698741,0.09698442026253139,4.0
PLAIN-3432,42,0.0,0.2960819109658652,0.21398626473452756,0.13886244387355456,0.19996128357286178,0.14186527752508837,0.14186527752508837,0.0,0.023809523809523808,0.023809523809523808,0.023809523809523808,0.09523809523809523,0.11904761904761904,0.11904761904761904,0.0,0.3333333333333333,0.2,0.1,0.2,0.1,0.05,0.0,0.5,0.5,0.5,0.5,0.5,0.5,0.0,0.011904761904761904,0.011904761904761904,0.011904761904761904,0.02694805194805195,0.03212403538490495,0.03212403538490495,2.0
PLAIN-3442,29,0.0,0.0,0.0,0.0,0.0,0.0,0.013211168979430542,0.0,0.0,0.0,0.0,0.0,0.0,0.034482758620689655,0.0,0.0,0.0,0.0,0.0,0.0,0.01,0.0,0.0,0.0,0.0,0.0,0.0,0.010638297872340425,0.0,0.0,0.0,0.0,0.0,0.0,0.0003668378576669112,94.0
PLAIN-3452,17,1.0,0.5316519652587917,0.5212164491191416,0.4353206820835076,0.3954835720795694,0.4205564691450107,0.441611281380293,0.058823529411764705,0.058823529411764705,0.11764705882352941,0.17647058823529413,0.29411764705882354,0.35294117647058826,0.4117647058823529,1.0,0.3333333333333333,0.4,0.3,0.25,0.12,0.07,1.0,1.0,1.0,1.0,1.0,1.0,1.0,0.058823529411764705,0.058823529411764705,0.08235294117647059,0.10196078431372547,0.1305125558995528,0.14189775514053948,0.14864799622057806,1.0
PLAIN-3462,64,1.0,0.46927872602275644,0.6164336326286644,0.4331503600364465,0.41273925064205186,0.28386270958151255,0.296706552382963,0.015625,0.015625,0.046875,0.0625,0.109375,0.109375,0.171875,1.0,0.3333333333333333,0.6,0.4,0.35,0.14,0.11,1.0,1.0,1.0,1.0,1.0,1.0,1.0,0.015625,0.015625,0.0328125,0.03975694444444444,0.05450018274853801,0.05450018274853801,0.06193483627264187,1.0
PLAIN-3472,17,0.0,0.0,0.0,0.0,0.0,0.05878098580049708,0.13107509167995124,0.0,0.0,0.0,0.0,0.0,0.11764705882352941,0.23529411764705882,0.0,0.0,0.0,0.0,0.0,0.04,0.04,0.0,0.0,0.0,0.0,0.0,0.027777777777777776,0.027777777777777776,0.0,0.0,0.0,0.0,0.0,0.004034947312258237,0.010760801495739538,36.0
