dataset,query_id,method,ndcg@10,mrr@10,recall@10
scifact,1,first stage,0.0,0.0,0.0
scifact,1,cross-encoder,0.0,0.0,0.0
scifact,1,Jev V1,0.0,0.0,0.0
scifact,1,Jev V2,0.0,0.0,0.0
scifact,1,Jev V3,0.0,0.0,0.0
scifact,1,base (MaxSim@10),0.0,,
scifact,3,first stage,0.6309297535714575,0.5,1.0
scifact,3,cross-encoder,0.5,0.3333333333333333,1.0
scifact,3,Jev V1,1.0,1.0,1.0
scifact,3,Jev V2,1.0,1.0,1.0
scifact,3,Jev V3,0.43067655807339306,0.25,1.0
scifact,3,base (MaxSim@10),0.3868528072345416,,
scifact,5,first stage,1.0,1.0,1.0
scifact,5,cross-encoder,1.0,1.0,1.0
scifact,5,Jev V1,1.0,1.0,1.0
scifact,5,Jev V2,1.0,1.0,1.0
scifact,5,Jev V3,1.0,1.0,1.0
scifact,5,base (MaxSim@10),1.0,,
scifact,13,first stage,0.3333333333333333,0.14285714285714285,1.0
scifact,13,cross-encoder,0.2890648263178879,0.1,1.0
scifact,13,Jev V1,0.31546487678572877,0.125,1.0
scifact,13,Jev V2,0.3010299956639812,0.1111111111111111,1.0
scifact,13,Jev V3,0.0,0.0,0.0
scifact,13,base (MaxSim@10),0.2890648263178879,,
scifact,36,first stage,0.21840743681816419,0.16666666666666666,0.5
scifact,36,cross-encoder,0.18457569677956817,0.1111111111111111,0.5
scifact,36,Jev V1,0.17723928678404774,0.1,0.5
scifact,36,Jev V2,0.0,0.0,0.0
scifact,36,Jev V3,0.19342640361727081,0.125,0.5
scifact,36,base (MaxSim@10),0.2640681225725909,,
scifact,42,first stage,1.0,1.0,1.0
scifact,42,cross-encoder,1.0,1.0,1.0
scifact,42,Jev V1,1.0,1.0,1.0
scifact,42,Jev V2,1.0,1.0,1.0
scifact,42,Jev V3,1.0,1.0,1.0
scifact,42,base (MaxSim@10),1.0,,
scifact,48,first stage,0.38685280723454163,0.2,1.0
scifact,48,cross-encoder,1.0,1.0,1.0
scifact,48,Jev V1,1.0,1.0,1.0
scifact,48,Jev V2,1.0,1.0,1.0
scifact,48,Jev V3,1.0,1.0,1.0
scifact,48,base (MaxSim@10),0.5,,
scifact,49,first stage,1.0,1.0,1.0
scifact,49,cross-encoder,1.0,1.0,1.0
scifact,49,Jev V1,1.0,1.0,1.0
scifact,49,Jev V2,1.0,1.0,1.0
scifact,49,Jev V3,1.0,1.0,1.0
scifact,49,base (MaxSim@10),1.0,,
scifact,50,first stage,1.0,1.0,1.0
scifact,50,cross-encoder,1.0,1.0,1.0
scifact,50,Jev V1,1.0,1.0,1.0
scifact,50,Jev V2,1.0,1.0,1.0
scifact,50,Jev V3,1.0,1.0,1.0
scifact,50,base (MaxSim@10),1.0,,
scifact,51,first stage,1.0,1.0,1.0
scifact,51,cross-encoder,1.0,1.0,1.0
scifact,51,Jev V1,1.0,1.0,1.0
scifact,51,Jev V2,1.0,1.0,1.0
scifact,51,Jev V3,1.0,1.0,1.0
scifact,51,base (MaxSim@10),1.0,,
scifact,53,first stage,1.0,1.0,1.0
scifact,53,cross-encoder,1.0,1.0,1.0
scifact,53,Jev V1,1.0,1.0,1.0
scifact,53,Jev V2,1.0,1.0,1.0
scifact,53,Jev V3,1.0,1.0,1.0
scifact,53,base (MaxSim@10),1.0,,
scifact,54,first stage,0.3333333333333333,0.14285714285714285,1.0
scifact,54,cross-encoder,1.0,1.0,1.0
scifact,54,Jev V1,1.0,1.0,1.0
scifact,54,Jev V2,1.0,1.0,1.0
scifact,54,Jev V3,1.0,1.0,1.0
scifact,54,base (MaxSim@10),0.3333333333333333,,
scifact,56,first stage,1.0,1.0,1.0
scifact,56,cross-encoder,1.0,1.0,1.0
scifact,56,Jev V1,1.0,1.0,1.0
scifact,56,Jev V2,1.0,1.0,1.0
scifact,56,Jev V3,1.0,1.0,1.0
scifact,56,base (MaxSim@10),1.0,,
scifact,57,first stage,1.0,1.0,1.0
scifact,57,cross-encoder,1.0,1.0,1.0
scifact,57,Jev V1,1.0,1.0,1.0
scifact,57,Jev V2,1.0,1.0,1.0
scifact,57,Jev V3,1.0,1.0,1.0
scifact,57,base (MaxSim@10),1.0,,
scifact,70,first stage,0.38162168437253385,0.14285714285714285,1.0
scifact,70,cross-encoder,1.0,1.0,1.0
scifact,70,Jev V1,1.0,1.0,1.0
scifact,70,Jev V2,1.0,1.0,1.0
scifact,70,Jev V3,1.0,1.0,1.0
scifact,70,base (MaxSim@10),0.8772153153380493,,
scifact,72,first stage,1.0,1.0,1.0
scifact,72,cross-encoder,1.0,1.0,1.0
scifact,72,Jev V1,1.0,1.0,1.0
scifact,72,Jev V2,1.0,1.0,1.0
scifact,72,Jev V3,1.0,1.0,1.0
scifact,72,base (MaxSim@10),0.3868528072345416,,
scifact,75,first stage,1.0,1.0,1.0
scifact,75,cross-encoder,0.6309297535714575,0.5,1.0
scifact,75,Jev V1,0.3562071871080222,0.16666666666666666,1.0
scifact,75,Jev V2,0.43067655807339306,0.25,1.0
scifact,75,Jev V3,0.5,0.3333333333333333,1.0
scifact,75,base (MaxSim@10),1.0,,
scifact,94,first stage,0.0,0.0,0.0
scifact,94,cross-encoder,0.0,0.0,0.0
scifact,94,Jev V1,0.0,0.0,0.0
scifact,94,Jev V2,0.0,0.0,0.0
scifact,94,Jev V3,0.0,0.0,0.0
scifact,94,base (MaxSim@10),0.0,,
scifact,99,first stage,0.38685280723454163,0.2,1.0
scifact,99,cross-encoder,1.0,1.0,1.0
scifact,99,Jev V1,1.0,1.0,1.0
scifact,99,Jev V2,1.0,1.0,1.0
scifact,99,Jev V3,1.0,1.0,1.0
scifact,99,base (MaxSim@10),0.430676558073393,,
scifact,100,first stage,1.0,1.0,1.0
scifact,100,cross-encoder,1.0,1.0,1.0
scifact,100,Jev V1,1.0,1.0,1.0
scifact,100,Jev V2,1.0,1.0,1.0
scifact,100,Jev V3,1.0,1.0,1.0
scifact,100,base (MaxSim@10),1.0,,
scifact,113,first stage,1.0,1.0,1.0
scifact,113,cross-encoder,1.0,1.0,1.0
scifact,113,Jev V1,1.0,1.0,1.0
scifact,113,Jev V2,1.0,1.0,1.0
scifact,113,Jev V3,1.0,1.0,1.0
scifact,113,base (MaxSim@10),1.0,,
scifact,115,first stage,1.0,1.0,1.0
scifact,115,cross-encoder,1.0,1.0,1.0
scifact,115,Jev V1,1.0,1.0,1.0
scifact,115,Jev V2,1.0,1.0,1.0
scifact,115,Jev V3,1.0,1.0,1.0
scifact,115,base (MaxSim@10),1.0,,
scifact,118,first stage,1.0,1.0,1.0
scifact,118,cross-encoder,1.0,1.0,1.0
scifact,118,Jev V1,1.0,1.0,1.0
scifact,118,Jev V2,1.0,1.0,1.0
scifact,118,Jev V3,1.0,1.0,1.0
scifact,118,base (MaxSim@10),1.0,,
scifact,124,first stage,1.0,1.0,1.0
scifact,124,cross-encoder,1.0,1.0,1.0
scifact,124,Jev V1,1.0,1.0,1.0
scifact,124,Jev V2,1.0,1.0,1.0
scifact,124,Jev V3,1.0,1.0,1.0
scifact,124,base (MaxSim@10),1.0,,
scifact,127,first stage,1.0,1.0,1.0
scifact,127,cross-encoder,1.0,1.0,1.0
scifact,127,Jev V1,1.0,1.0,1.0
scifact,127,Jev V2,1.0,1.0,1.0
scifact,127,Jev V3,1.0,1.0,1.0
scifact,127,base (MaxSim@10),1.0,,
scifact,128,first stage,0.0,0.0,0.0
scifact,128,cross-encoder,0.0,0.0,0.0
scifact,128,Jev V1,0.0,0.0,0.0
scifact,128,Jev V2,0.0,0.0,0.0
scifact,128,Jev V3,0.0,0.0,0.0
scifact,128,base (MaxSim@10),0.0,,
scifact,129,first stage,1.0,1.0,1.0
scifact,129,cross-encoder,1.0,1.0,1.0
scifact,129,Jev V1,1.0,1.0,1.0
scifact,129,Jev V2,1.0,1.0,1.0
scifact,129,Jev V3,1.0,1.0,1.0
scifact,129,base (MaxSim@10),1.0,,
scifact,130,first stage,1.0,1.0,1.0
scifact,130,cross-encoder,1.0,1.0,1.0
scifact,130,Jev V1,1.0,1.0,1.0
scifact,130,Jev V2,1.0,1.0,1.0
scifact,130,Jev V3,1.0,1.0,1.0
scifact,130,base (MaxSim@10),1.0,,
scifact,132,first stage,0.0,0.0,0.0
scifact,132,cross-encoder,0.0,0.0,0.0
scifact,132,Jev V1,0.0,0.0,0.0
scifact,132,Jev V2,0.0,0.0,0.0
scifact,132,Jev V3,0.0,0.0,0.0
scifact,132,base (MaxSim@10),0.0,,
scifact,133,first stage,0.7198329954996533,1.0,0.8
scifact,133,cross-encoder,0.6904118169110937,1.0,0.8
scifact,133,Jev V1,0.8200261225503443,1.0,0.8
scifact,133,Jev V2,0.843537875344446,1.0,0.8
scifact,133,Jev V3,0.7198329954996533,1.0,0.8
scifact,133,base (MaxSim@10),0.6963212427055517,,
scifact,137,first stage,1.0,1.0,1.0
scifact,137,cross-encoder,1.0,1.0,1.0
scifact,137,Jev V1,1.0,1.0,1.0
scifact,137,Jev V2,1.0,1.0,1.0
scifact,137,Jev V3,1.0,1.0,1.0
scifact,137,base (MaxSim@10),1.0,,
scifact,141,first stage,1.0,1.0,1.0
scifact,141,cross-encoder,0.9197207891481876,1.0,1.0
scifact,141,Jev V1,0.9197207891481876,1.0,1.0
scifact,141,Jev V2,0.9197207891481876,1.0,1.0
scifact,141,Jev V3,1.0,1.0,1.0
scifact,141,base (MaxSim@10),1.0,,
scifact,142,first stage,1.0,1.0,1.0
scifact,142,cross-encoder,1.0,1.0,1.0
scifact,142,Jev V1,1.0,1.0,1.0
scifact,142,Jev V2,1.0,1.0,1.0
scifact,142,Jev V3,1.0,1.0,1.0
scifact,142,base (MaxSim@10),1.0,,
scifact,143,first stage,1.0,1.0,1.0
scifact,143,cross-encoder,1.0,1.0,1.0
scifact,143,Jev V1,1.0,1.0,1.0
scifact,143,Jev V2,1.0,1.0,1.0
scifact,143,Jev V3,1.0,1.0,1.0
scifact,143,base (MaxSim@10),1.0,,
scifact,146,first stage,1.0,1.0,1.0
scifact,146,cross-encoder,1.0,1.0,1.0
scifact,146,Jev V1,1.0,1.0,1.0
scifact,146,Jev V2,1.0,1.0,1.0
scifact,146,Jev V3,1.0,1.0,1.0
scifact,146,base (MaxSim@10),1.0,,
scifact,148,first stage,0.6309297535714575,0.5,1.0
scifact,148,cross-encoder,1.0,1.0,1.0
scifact,148,Jev V1,1.0,1.0,1.0
scifact,148,Jev V2,1.0,1.0,1.0
scifact,148,Jev V3,1.0,1.0,1.0
scifact,148,base (MaxSim@10),1.0,,
scifact,163,first stage,0.6309297535714575,0.5,1.0
scifact,163,cross-encoder,1.0,1.0,1.0
scifact,163,Jev V1,0.6309297535714575,0.5,1.0
scifact,163,Jev V2,0.6309297535714575,0.5,1.0
scifact,163,Jev V3,0.6309297535714575,0.5,1.0
scifact,163,base (MaxSim@10),1.0,,
scifact,171,first stage,1.0,1.0,1.0
scifact,171,cross-encoder,1.0,1.0,1.0
scifact,171,Jev V1,1.0,1.0,1.0
scifact,171,Jev V2,1.0,1.0,1.0
scifact,171,Jev V3,1.0,1.0,1.0
scifact,171,base (MaxSim@10),1.0,,
scifact,179,first stage,0.9709286432396583,1.0,1.0
scifact,179,cross-encoder,0.9828920819566879,1.0,1.0
scifact,179,Jev V1,1.0,1.0,1.0
scifact,179,Jev V2,1.0,1.0,1.0
scifact,179,Jev V3,1.0,1.0,1.0
scifact,179,base (MaxSim@10),0.9279611693743142,,
scifact,180,first stage,1.0,1.0,1.0
scifact,180,cross-encoder,1.0,1.0,1.0
scifact,180,Jev V1,1.0,1.0,1.0
scifact,180,Jev V2,1.0,1.0,1.0
scifact,180,Jev V3,1.0,1.0,1.0
scifact,180,base (MaxSim@10),1.0,,
scifact,183,first stage,0.2890648263178879,0.1,1.0
scifact,183,cross-encoder,1.0,1.0,1.0
scifact,183,Jev V1,1.0,1.0,1.0
scifact,183,Jev V2,1.0,1.0,1.0
scifact,183,Jev V3,0.5,0.3333333333333333,1.0
scifact,183,base (MaxSim@10),0.6309297535714575,,
scifact,185,first stage,0.38685280723454163,0.2,1.0
scifact,185,cross-encoder,1.0,1.0,1.0
scifact,185,Jev V1,1.0,1.0,1.0
scifact,185,Jev V2,0.38685280723454163,0.2,1.0
scifact,185,Jev V3,1.0,1.0,1.0
scifact,185,base (MaxSim@10),0.2890648263178879,,
scifact,198,first stage,0.3333333333333333,0.14285714285714285,1.0
scifact,198,cross-encoder,1.0,1.0,1.0
scifact,198,Jev V1,1.0,1.0,1.0
scifact,198,Jev V2,1.0,1.0,1.0
scifact,198,Jev V3,1.0,1.0,1.0
scifact,198,base (MaxSim@10),1.0,,
scifact,208,first stage,1.0,1.0,1.0
scifact,208,cross-encoder,1.0,1.0,1.0
scifact,208,Jev V1,1.0,1.0,1.0
scifact,208,Jev V2,1.0,1.0,1.0
scifact,208,Jev V3,1.0,1.0,1.0
scifact,208,base (MaxSim@10),1.0,,
scifact,212,first stage,0.6309297535714575,0.5,1.0
scifact,212,cross-encoder,0.6309297535714575,0.5,1.0
scifact,212,Jev V1,1.0,1.0,1.0
scifact,212,Jev V2,1.0,1.0,1.0
scifact,212,Jev V3,1.0,1.0,1.0
scifact,212,base (MaxSim@10),0.6309297535714575,,
scifact,213,first stage,0.31546487678572877,0.125,1.0
scifact,213,cross-encoder,0.31546487678572877,0.125,1.0
scifact,213,Jev V1,0.5,0.3333333333333333,1.0
scifact,213,Jev V2,0.5,0.3333333333333333,1.0
scifact,213,Jev V3,0.5,0.3333333333333333,1.0
scifact,213,base (MaxSim@10),0.3333333333333333,,
scifact,216,first stage,1.0,1.0,1.0
scifact,216,cross-encoder,1.0,1.0,1.0
scifact,216,Jev V1,1.0,1.0,1.0
scifact,216,Jev V2,1.0,1.0,1.0
scifact,216,Jev V3,1.0,1.0,1.0
scifact,216,base (MaxSim@10),1.0,,
scifact,217,first stage,1.0,1.0,1.0
scifact,217,cross-encoder,1.0,1.0,1.0
scifact,217,Jev V1,1.0,1.0,1.0
scifact,217,Jev V2,1.0,1.0,1.0
scifact,217,Jev V3,1.0,1.0,1.0
scifact,217,base (MaxSim@10),1.0,,
scifact,218,first stage,1.0,1.0,1.0
scifact,218,cross-encoder,1.0,1.0,1.0
scifact,218,Jev V1,1.0,1.0,1.0
scifact,218,Jev V2,1.0,1.0,1.0
scifact,218,Jev V3,1.0,1.0,1.0
scifact,218,base (MaxSim@10),1.0,,
scifact,219,first stage,1.0,1.0,1.0
scifact,219,cross-encoder,1.0,1.0,1.0
scifact,219,Jev V1,1.0,1.0,1.0
scifact,219,Jev V2,1.0,1.0,1.0
scifact,219,Jev V3,1.0,1.0,1.0
scifact,219,base (MaxSim@10),1.0,,
scifact,230,first stage,1.0,1.0,1.0
scifact,230,cross-encoder,1.0,1.0,1.0
scifact,230,Jev V1,1.0,1.0,1.0
scifact,230,Jev V2,1.0,1.0,1.0
scifact,230,Jev V3,1.0,1.0,1.0
scifact,230,base (MaxSim@10),1.0,,
scifact,232,first stage,1.0,1.0,1.0
scifact,232,cross-encoder,0.5,0.3333333333333333,1.0
scifact,232,Jev V1,1.0,1.0,1.0
scifact,232,Jev V2,1.0,1.0,1.0
scifact,232,Jev V3,1.0,1.0,1.0
scifact,232,base (MaxSim@10),1.0,,
scifact,233,first stage,1.0,1.0,1.0
scifact,233,cross-encoder,1.0,1.0,1.0
scifact,233,Jev V1,1.0,1.0,1.0
scifact,233,Jev V2,1.0,1.0,1.0
scifact,233,Jev V3,1.0,1.0,1.0
scifact,233,base (MaxSim@10),1.0,,
scifact,236,first stage,1.0,1.0,1.0
scifact,236,cross-encoder,1.0,1.0,1.0
scifact,236,Jev V1,1.0,1.0,1.0
scifact,236,Jev V2,1.0,1.0,1.0
scifact,236,Jev V3,1.0,1.0,1.0
scifact,236,base (MaxSim@10),1.0,,
scifact,237,first stage,0.6309297535714575,0.5,1.0
scifact,237,cross-encoder,0.6309297535714575,0.5,1.0
scifact,237,Jev V1,1.0,1.0,1.0
scifact,237,Jev V2,1.0,1.0,1.0
scifact,237,Jev V3,1.0,1.0,1.0
scifact,237,base (MaxSim@10),0.3868528072345416,,
scifact,238,first stage,1.0,1.0,1.0
scifact,238,cross-encoder,0.43067655807339306,0.25,1.0
scifact,238,Jev V1,1.0,1.0,1.0
scifact,238,Jev V2,1.0,1.0,1.0
scifact,238,Jev V3,1.0,1.0,1.0
scifact,238,base (MaxSim@10),0.3562071871080222,,
scifact,239,first stage,0.0,0.0,0.0
scifact,239,cross-encoder,0.38685280723454163,0.2,1.0
scifact,239,Jev V1,1.0,1.0,1.0
scifact,239,Jev V2,1.0,1.0,1.0
scifact,239,Jev V3,1.0,1.0,1.0
scifact,239,base (MaxSim@10),0.0,,
scifact,248,first stage,1.0,1.0,1.0
scifact,248,cross-encoder,1.0,1.0,1.0
scifact,248,Jev V1,1.0,1.0,1.0
scifact,248,Jev V2,1.0,1.0,1.0
scifact,248,Jev V3,1.0,1.0,1.0
scifact,248,base (MaxSim@10),1.0,,
scifact,249,first stage,1.0,1.0,1.0
scifact,249,cross-encoder,1.0,1.0,1.0
scifact,249,Jev V1,1.0,1.0,1.0
scifact,249,Jev V2,1.0,1.0,1.0
scifact,249,Jev V3,1.0,1.0,1.0
scifact,249,base (MaxSim@10),1.0,,
scifact,261,first stage,0.20438239758848611,0.14285714285714285,0.5
scifact,261,cross-encoder,0.23719771276929622,0.2,0.5
scifact,261,Jev V1,0.6131471927654584,1.0,0.5
scifact,261,Jev V2,0.38685280723454163,0.5,0.5
scifact,261,Jev V3,0.6131471927654584,1.0,0.5
scifact,261,base (MaxSim@10),0.2184074368181641,,
scifact,268,first stage,1.0,1.0,1.0
scifact,268,cross-encoder,1.0,1.0,1.0
scifact,268,Jev V1,0.3333333333333333,0.14285714285714285,1.0
scifact,268,Jev V2,0.3562071871080222,0.16666666666666666,1.0
scifact,268,Jev V3,0.3333333333333333,0.14285714285714285,1.0
scifact,268,base (MaxSim@10),1.0,,
scifact,269,first stage,0.6309297535714575,0.5,1.0
scifact,269,cross-encoder,1.0,1.0,1.0
scifact,269,Jev V1,0.43067655807339306,0.25,1.0
scifact,269,Jev V2,0.38685280723454163,0.2,1.0
scifact,269,Jev V3,0.31546487678572877,0.125,1.0
scifact,269,base (MaxSim@10),1.0,,
scifact,274,first stage,1.0,1.0,1.0
scifact,274,cross-encoder,1.0,1.0,1.0
scifact,274,Jev V1,1.0,1.0,1.0
scifact,274,Jev V2,0.6309297535714575,0.5,1.0
scifact,274,Jev V3,1.0,1.0,1.0
scifact,274,base (MaxSim@10),1.0,,
scifact,275,first stage,0.6713860725233041,1.0,0.6666666666666666
scifact,275,cross-encoder,0.6364391809889587,1.0,0.6666666666666666
scifact,275,Jev V1,0.7039180890341347,1.0,0.6666666666666666
scifact,275,Jev V2,0.7039180890341347,1.0,0.6666666666666666
scifact,275,Jev V3,0.6713860725233041,1.0,0.6666666666666666
scifact,275,base (MaxSim@10),0.5307212739772434,,
scifact,279,first stage,1.0,1.0,1.0
scifact,279,cross-encoder,1.0,1.0,1.0
scifact,279,Jev V1,1.0,1.0,1.0
scifact,279,Jev V2,1.0,1.0,1.0
scifact,279,Jev V3,1.0,1.0,1.0
scifact,279,base (MaxSim@10),1.0,,
scifact,294,first stage,0.3333333333333333,0.14285714285714285,1.0
scifact,294,cross-encoder,0.6309297535714575,0.5,1.0
scifact,294,Jev V1,1.0,1.0,1.0
scifact,294,Jev V2,1.0,1.0,1.0
scifact,294,Jev V3,1.0,1.0,1.0
scifact,294,base (MaxSim@10),0.6309297535714575,,
scifact,295,first stage,0.3562071871080222,0.16666666666666666,1.0
scifact,295,cross-encoder,1.0,1.0,1.0
scifact,295,Jev V1,1.0,1.0,1.0
scifact,295,Jev V2,1.0,1.0,1.0
scifact,295,Jev V3,1.0,1.0,1.0
scifact,295,base (MaxSim@10),1.0,,
scifact,298,first stage,1.0,1.0,1.0
scifact,298,cross-encoder,0.6309297535714575,0.5,1.0
scifact,298,Jev V1,1.0,1.0,1.0
scifact,298,Jev V2,1.0,1.0,1.0
scifact,298,Jev V3,1.0,1.0,1.0
scifact,298,base (MaxSim@10),1.0,,
scifact,300,first stage,0.38685280723454163,0.2,1.0
scifact,300,cross-encoder,0.5,0.3333333333333333,1.0
scifact,300,Jev V1,1.0,1.0,1.0
scifact,300,Jev V2,1.0,1.0,1.0
scifact,300,Jev V3,1.0,1.0,1.0
scifact,300,base (MaxSim@10),0.5,,
scifact,303,first stage,0.0,0.0,0.0
scifact,303,cross-encoder,0.0,0.0,0.0
scifact,303,Jev V1,0.0,0.0,0.0
scifact,303,Jev V2,0.0,0.0,0.0
scifact,303,Jev V3,0.0,0.0,0.0
scifact,303,base (MaxSim@10),0.0,,
scifact,312,first stage,0.0,0.0,0.0
scifact,312,cross-encoder,0.0,0.0,0.0
scifact,312,Jev V1,0.0,0.0,0.0
scifact,312,Jev V2,0.0,0.0,0.0
scifact,312,Jev V3,0.0,0.0,0.0
scifact,312,base (MaxSim@10),0.0,,
scifact,314,first stage,0.31546487678572877,0.125,1.0
scifact,314,cross-encoder,0.5,0.3333333333333333,1.0
scifact,314,Jev V1,1.0,1.0,1.0
scifact,314,Jev V2,1.0,1.0,1.0
scifact,314,Jev V3,0.6309297535714575,0.5,1.0
scifact,314,base (MaxSim@10),0.430676558073393,,
scifact,324,first stage,0.0,0.0,0.0
scifact,324,cross-encoder,0.0,0.0,0.0
scifact,324,Jev V1,0.0,0.0,0.0
scifact,324,Jev V2,0.0,0.0,0.0
scifact,324,Jev V3,0.0,0.0,0.0
scifact,324,base (MaxSim@10),0.0,,
scifact,327,first stage,1.0,1.0,1.0
scifact,327,cross-encoder,1.0,1.0,1.0
scifact,327,Jev V1,1.0,1.0,1.0
scifact,327,Jev V2,1.0,1.0,1.0
scifact,327,Jev V3,1.0,1.0,1.0
scifact,327,base (MaxSim@10),1.0,,
scifact,338,first stage,1.0,1.0,1.0
scifact,338,cross-encoder,1.0,1.0,1.0
scifact,338,Jev V1,1.0,1.0,1.0
scifact,338,Jev V2,1.0,1.0,1.0
scifact,338,Jev V3,1.0,1.0,1.0
scifact,338,base (MaxSim@10),1.0,,
scifact,343,first stage,0.9197207891481876,1.0,1.0
scifact,343,cross-encoder,0.5437713091520254,0.3333333333333333,1.0
scifact,343,Jev V1,0.5706417189553201,0.3333333333333333,1.0
scifact,343,Jev V2,0.5706417189553201,0.3333333333333333,1.0
scifact,343,Jev V3,0.4227898344066503,0.16666666666666666,1.0
scifact,343,base (MaxSim@10),0.9197207891481876,,
scifact,350,first stage,1.0,1.0,1.0
scifact,350,cross-encoder,1.0,1.0,1.0
scifact,350,Jev V1,1.0,1.0,1.0
scifact,350,Jev V2,1.0,1.0,1.0
scifact,350,Jev V3,1.0,1.0,1.0
scifact,350,base (MaxSim@10),1.0,,
scifact,354,first stage,1.0,1.0,1.0
scifact,354,cross-encoder,1.0,1.0,1.0
scifact,354,Jev V1,1.0,1.0,1.0
scifact,354,Jev V2,1.0,1.0,1.0
scifact,354,Jev V3,1.0,1.0,1.0
scifact,354,base (MaxSim@10),1.0,,
scifact,362,first stage,1.0,1.0,1.0
scifact,362,cross-encoder,1.0,1.0,1.0
scifact,362,Jev V1,1.0,1.0,1.0
scifact,362,Jev V2,1.0,1.0,1.0
scifact,362,Jev V3,1.0,1.0,1.0
scifact,362,base (MaxSim@10),0.6309297535714575,,
scifact,380,first stage,1.0,1.0,1.0
scifact,380,cross-encoder,1.0,1.0,1.0
scifact,380,Jev V1,1.0,1.0,1.0
scifact,380,Jev V2,1.0,1.0,1.0
scifact,380,Jev V3,1.0,1.0,1.0
scifact,380,base (MaxSim@10),1.0,,
scifact,384,first stage,0.0,0.0,0.0
scifact,384,cross-encoder,0.38685280723454163,0.2,1.0
scifact,384,Jev V1,0.43067655807339306,0.25,1.0
scifact,384,Jev V2,0.5,0.3333333333333333,1.0
scifact,384,Jev V3,0.0,0.0,0.0
scifact,384,base (MaxSim@10),0.0,,
scifact,385,first stage,0.5,0.3333333333333333,1.0
scifact,385,cross-encoder,0.6934264036172708,0.5,1.0
scifact,385,Jev V1,1.0,1.0,1.0
scifact,385,Jev V2,1.0,1.0,1.0
scifact,385,Jev V3,0.9197207891481876,1.0,1.0
scifact,385,base (MaxSim@10),0.5437713091520254,,
scifact,386,first stage,1.0,1.0,1.0
scifact,386,cross-encoder,1.0,1.0,1.0
scifact,386,Jev V1,1.0,1.0,1.0
scifact,386,Jev V2,1.0,1.0,1.0
scifact,386,Jev V3,1.0,1.0,1.0
scifact,386,base (MaxSim@10),1.0,,
scifact,388,first stage,0.5,0.3333333333333333,1.0
scifact,388,cross-encoder,0.43067655807339306,0.25,1.0
scifact,388,Jev V1,0.6309297535714575,0.5,1.0
scifact,388,Jev V2,0.6309297535714575,0.5,1.0
scifact,388,Jev V3,0.5,0.3333333333333333,1.0
scifact,388,base (MaxSim@10),1.0,,
scifact,399,first stage,1.0,1.0,1.0
scifact,399,cross-encoder,1.0,1.0,1.0
scifact,399,Jev V1,1.0,1.0,1.0
scifact,399,Jev V2,1.0,1.0,1.0
scifact,399,Jev V3,1.0,1.0,1.0
scifact,399,base (MaxSim@10),1.0,,
scifact,410,first stage,1.0,1.0,1.0
scifact,410,cross-encoder,1.0,1.0,1.0
scifact,410,Jev V1,1.0,1.0,1.0
scifact,410,Jev V2,1.0,1.0,1.0
scifact,410,Jev V3,1.0,1.0,1.0
scifact,410,base (MaxSim@10),1.0,,
scifact,411,first stage,1.0,1.0,1.0
scifact,411,cross-encoder,1.0,1.0,1.0
scifact,411,Jev V1,1.0,1.0,1.0
scifact,411,Jev V2,1.0,1.0,1.0
scifact,411,Jev V3,1.0,1.0,1.0
scifact,411,base (MaxSim@10),1.0,,
scifact,415,first stage,0.2890648263178879,0.1,1.0
scifact,415,cross-encoder,0.0,0.0,0.0
scifact,415,Jev V1,0.2890648263178879,0.1,1.0
scifact,415,Jev V2,0.2890648263178879,0.1,1.0
scifact,415,Jev V3,0.2890648263178879,0.1,1.0
scifact,415,base (MaxSim@10),0.2890648263178879,,
scifact,421,first stage,0.2890648263178879,0.1,1.0
scifact,421,cross-encoder,0.2890648263178879,0.1,1.0
scifact,421,Jev V1,1.0,1.0,1.0
scifact,421,Jev V2,0.6309297535714575,0.5,1.0
scifact,421,Jev V3,1.0,1.0,1.0
scifact,421,base (MaxSim@10),0.2890648263178879,,
scifact,431,first stage,0.0,0.0,0.0
scifact,431,cross-encoder,0.0,0.0,0.0
scifact,431,Jev V1,0.0,0.0,0.0
scifact,431,Jev V2,0.0,0.0,0.0
scifact,431,Jev V3,0.0,0.0,0.0
scifact,431,base (MaxSim@10),0.0,,
scifact,436,first stage,1.0,1.0,1.0
scifact,436,cross-encoder,1.0,1.0,1.0
scifact,436,Jev V1,1.0,1.0,1.0
scifact,436,Jev V2,1.0,1.0,1.0
scifact,436,Jev V3,1.0,1.0,1.0
scifact,436,base (MaxSim@10),1.0,,
scifact,437,first stage,0.0,0.0,0.0
scifact,437,cross-encoder,0.0,0.0,0.0
scifact,437,Jev V1,0.0,0.0,0.0
scifact,437,Jev V2,0.0,0.0,0.0
scifact,437,Jev V3,0.0,0.0,0.0
scifact,437,base (MaxSim@10),0.0,,
scifact,439,first stage,1.0,1.0,1.0
scifact,439,cross-encoder,1.0,1.0,1.0
scifact,439,Jev V1,1.0,1.0,1.0
scifact,439,Jev V2,1.0,1.0,1.0
scifact,439,Jev V3,1.0,1.0,1.0
scifact,439,base (MaxSim@10),1.0,,
scifact,440,first stage,1.0,1.0,1.0
scifact,440,cross-encoder,1.0,1.0,1.0
scifact,440,Jev V1,1.0,1.0,1.0
scifact,440,Jev V2,1.0,1.0,1.0
scifact,440,Jev V3,1.0,1.0,1.0
scifact,440,base (MaxSim@10),1.0,,
scifact,443,first stage,1.0,1.0,1.0
scifact,443,cross-encoder,1.0,1.0,1.0
scifact,443,Jev V1,1.0,1.0,1.0
scifact,443,Jev V2,1.0,1.0,1.0
scifact,443,Jev V3,1.0,1.0,1.0
scifact,443,base (MaxSim@10),1.0,,
scifact,452,first stage,0.38685280723454163,0.5,0.5
scifact,452,cross-encoder,0.23719771276929622,0.2,0.5
scifact,452,Jev V1,0.6131471927654584,1.0,0.5
scifact,452,Jev V2,0.6131471927654584,1.0,0.5
scifact,452,Jev V3,0.6131471927654584,1.0,0.5
scifact,452,base (MaxSim@10),0.1934264036172708,,
scifact,475,first stage,0.38685280723454163,0.2,1.0
scifact,475,cross-encoder,0.2890648263178879,0.1,1.0
scifact,475,Jev V1,0.6309297535714575,0.5,1.0
scifact,475,Jev V2,0.43067655807339306,0.25,1.0
scifact,475,Jev V3,0.3562071871080222,0.16666666666666666,1.0
scifact,475,base (MaxSim@10),0.3868528072345416,,
scifact,478,first stage,0.5,0.3333333333333333,1.0
scifact,478,cross-encoder,0.6309297535714575,0.5,1.0
scifact,478,Jev V1,1.0,1.0,1.0
scifact,478,Jev V2,1.0,1.0,1.0
scifact,478,Jev V3,1.0,1.0,1.0
scifact,478,base (MaxSim@10),0.3333333333333333,,
scifact,491,first stage,1.0,1.0,1.0
scifact,491,cross-encoder,1.0,1.0,1.0
scifact,491,Jev V1,1.0,1.0,1.0
scifact,491,Jev V2,1.0,1.0,1.0
scifact,491,Jev V3,1.0,1.0,1.0
scifact,491,base (MaxSim@10),1.0,,
scifact,501,first stage,1.0,1.0,1.0
scifact,501,cross-encoder,1.0,1.0,1.0
scifact,501,Jev V1,1.0,1.0,1.0
scifact,501,Jev V2,1.0,1.0,1.0
scifact,501,Jev V3,1.0,1.0,1.0
scifact,501,base (MaxSim@10),1.0,,
scifact,502,first stage,0.0,0.0,0.0
scifact,502,cross-encoder,0.0,0.0,0.0
scifact,502,Jev V1,0.0,0.0,0.0
scifact,502,Jev V2,0.0,0.0,0.0
scifact,502,Jev V3,0.0,0.0,0.0
scifact,502,base (MaxSim@10),0.0,,
scifact,507,first stage,0.6309297535714575,0.5,1.0
scifact,507,cross-encoder,0.6309297535714575,0.5,1.0
scifact,507,Jev V1,0.6309297535714575,0.5,1.0
scifact,507,Jev V2,0.6309297535714575,0.5,1.0
scifact,507,Jev V3,0.6309297535714575,0.5,1.0
scifact,507,base (MaxSim@10),0.6309297535714575,,
scifact,508,first stage,0.0,0.0,0.0
scifact,508,cross-encoder,0.2890648263178879,0.1,1.0
scifact,508,Jev V1,0.6309297535714575,0.5,1.0
scifact,508,Jev V2,0.6309297535714575,0.5,1.0
scifact,508,Jev V3,0.38685280723454163,0.2,1.0
scifact,508,base (MaxSim@10),0.0,,
scifact,513,first stage,0.6309297535714575,0.5,1.0
scifact,513,cross-encoder,0.5,0.3333333333333333,1.0
scifact,513,Jev V1,0.5,0.3333333333333333,1.0
scifact,513,Jev V2,0.5,0.3333333333333333,1.0
scifact,513,Jev V3,0.43067655807339306,0.25,1.0
scifact,513,base (MaxSim@10),0.6309297535714575,,
scifact,514,first stage,1.0,1.0,1.0
scifact,514,cross-encoder,1.0,1.0,1.0
scifact,514,Jev V1,1.0,1.0,1.0
scifact,514,Jev V2,1.0,1.0,1.0
scifact,514,Jev V3,1.0,1.0,1.0
scifact,514,base (MaxSim@10),1.0,,
scifact,516,first stage,1.0,1.0,1.0
scifact,516,cross-encoder,1.0,1.0,1.0
scifact,516,Jev V1,1.0,1.0,1.0
scifact,516,Jev V2,1.0,1.0,1.0
scifact,516,Jev V3,1.0,1.0,1.0
scifact,516,base (MaxSim@10),1.0,,
scifact,517,first stage,0.0,0.0,0.0
scifact,517,cross-encoder,0.38685280723454163,0.2,1.0
scifact,517,Jev V1,0.6309297535714575,0.5,1.0
scifact,517,Jev V2,0.6309297535714575,0.5,1.0
scifact,517,Jev V3,0.6309297535714575,0.5,1.0
scifact,517,base (MaxSim@10),0.0,,
scifact,521,first stage,0.38685280723454163,0.2,1.0
scifact,521,cross-encoder,1.0,1.0,1.0
scifact,521,Jev V1,1.0,1.0,1.0
scifact,521,Jev V2,1.0,1.0,1.0
scifact,521,Jev V3,1.0,1.0,1.0
scifact,521,base (MaxSim@10),0.5,,
scifact,525,first stage,1.0,1.0,1.0
scifact,525,cross-encoder,1.0,1.0,1.0
scifact,525,Jev V1,1.0,1.0,1.0
scifact,525,Jev V2,1.0,1.0,1.0
scifact,525,Jev V3,1.0,1.0,1.0
scifact,525,base (MaxSim@10),1.0,,
scifact,527,first stage,1.0,1.0,1.0
scifact,527,cross-encoder,1.0,1.0,1.0
scifact,527,Jev V1,1.0,1.0,1.0
scifact,527,Jev V2,0.6309297535714575,0.5,1.0
scifact,527,Jev V3,0.6309297535714575,0.5,1.0
scifact,527,base (MaxSim@10),1.0,,
scifact,528,first stage,1.0,1.0,1.0
scifact,528,cross-encoder,1.0,1.0,1.0
scifact,528,Jev V1,1.0,1.0,1.0
scifact,528,Jev V2,1.0,1.0,1.0
scifact,528,Jev V3,1.0,1.0,1.0
scifact,528,base (MaxSim@10),1.0,,
scifact,532,first stage,1.0,1.0,1.0
scifact,532,cross-encoder,1.0,1.0,1.0
scifact,532,Jev V1,1.0,1.0,1.0
scifact,532,Jev V2,1.0,1.0,1.0
scifact,532,Jev V3,1.0,1.0,1.0
scifact,532,base (MaxSim@10),1.0,,
scifact,533,first stage,1.0,1.0,1.0
scifact,533,cross-encoder,1.0,1.0,1.0
scifact,533,Jev V1,1.0,1.0,1.0
scifact,533,Jev V2,1.0,1.0,1.0
scifact,533,Jev V3,1.0,1.0,1.0
scifact,533,base (MaxSim@10),1.0,,
scifact,535,first stage,0.0,0.0,0.0
scifact,535,cross-encoder,0.0,0.0,0.0
scifact,535,Jev V1,0.0,0.0,0.0
scifact,535,Jev V2,0.0,0.0,0.0
scifact,535,Jev V3,0.0,0.0,0.0
scifact,535,base (MaxSim@10),0.0,,
scifact,536,first stage,1.0,1.0,1.0
scifact,536,cross-encoder,1.0,1.0,1.0
scifact,536,Jev V1,1.0,1.0,1.0
scifact,536,Jev V2,1.0,1.0,1.0
scifact,536,Jev V3,1.0,1.0,1.0
scifact,536,base (MaxSim@10),1.0,,
scifact,539,first stage,1.0,1.0,1.0
scifact,539,cross-encoder,1.0,1.0,1.0
scifact,539,Jev V1,1.0,1.0,1.0
scifact,539,Jev V2,1.0,1.0,1.0
scifact,539,Jev V3,1.0,1.0,1.0
scifact,539,base (MaxSim@10),1.0,,
scifact,540,first stage,0.6131471927654584,1.0,0.5
scifact,540,cross-encoder,0.23719771276929622,0.2,0.5
scifact,540,Jev V1,0.2640681225725909,0.25,0.5
scifact,540,Jev V2,0.2640681225725909,0.25,0.5
scifact,540,Jev V3,0.38685280723454163,0.5,0.5
scifact,540,base (MaxSim@10),0.3868528072345416,,
scifact,544,first stage,0.31546487678572877,0.125,1.0
scifact,544,cross-encoder,0.0,0.0,0.0
scifact,544,Jev V1,0.43067655807339306,0.25,1.0
scifact,544,Jev V2,0.5,0.3333333333333333,1.0
scifact,544,Jev V3,0.6309297535714575,0.5,1.0
scifact,544,base (MaxSim@10),0.3562071871080222,,
scifact,549,first stage,0.6309297535714575,0.5,1.0
scifact,549,cross-encoder,1.0,1.0,1.0
scifact,549,Jev V1,1.0,1.0,1.0
scifact,549,Jev V2,1.0,1.0,1.0
scifact,549,Jev V3,1.0,1.0,1.0
scifact,549,base (MaxSim@10),1.0,,
scifact,551,first stage,0.5,0.3333333333333333,1.0
scifact,551,cross-encoder,0.5,0.3333333333333333,1.0
scifact,551,Jev V1,0.6309297535714575,0.5,1.0
scifact,551,Jev V2,0.6309297535714575,0.5,1.0
scifact,551,Jev V3,0.6309297535714575,0.5,1.0
scifact,551,base (MaxSim@10),0.5,,
scifact,552,first stage,1.0,1.0,1.0
scifact,552,cross-encoder,1.0,1.0,1.0
scifact,552,Jev V1,1.0,1.0,1.0
scifact,552,Jev V2,1.0,1.0,1.0
scifact,552,Jev V3,1.0,1.0,1.0
scifact,552,base (MaxSim@10),1.0,,
scifact,554,first stage,0.5,0.3333333333333333,1.0
scifact,554,cross-encoder,0.3333333333333333,0.14285714285714285,1.0
scifact,554,Jev V1,0.38685280723454163,0.2,1.0
scifact,554,Jev V2,0.43067655807339306,0.25,1.0
scifact,554,Jev V3,1.0,1.0,1.0
scifact,554,base (MaxSim@10),0.3868528072345416,,
scifact,560,first stage,0.0,0.0,0.0
scifact,560,cross-encoder,0.0,0.0,0.0
scifact,560,Jev V1,0.0,0.0,0.0
scifact,560,Jev V2,0.0,0.0,0.0
scifact,560,Jev V3,0.0,0.0,0.0
scifact,560,base (MaxSim@10),0.0,,
scifact,569,first stage,1.0,1.0,1.0
scifact,569,cross-encoder,1.0,1.0,1.0
scifact,569,Jev V1,1.0,1.0,1.0
scifact,569,Jev V2,1.0,1.0,1.0
scifact,569,Jev V3,1.0,1.0,1.0
scifact,569,base (MaxSim@10),1.0,,
scifact,575,first stage,1.0,1.0,1.0
scifact,575,cross-encoder,0.38685280723454163,0.2,1.0
scifact,575,Jev V1,1.0,1.0,1.0
scifact,575,Jev V2,1.0,1.0,1.0
scifact,575,Jev V3,1.0,1.0,1.0
scifact,575,base (MaxSim@10),1.0,,
scifact,577,first stage,0.3562071871080222,0.16666666666666666,1.0
scifact,577,cross-encoder,0.38685280723454163,0.2,1.0
scifact,577,Jev V1,1.0,1.0,1.0
scifact,577,Jev V2,1.0,1.0,1.0
scifact,577,Jev V3,1.0,1.0,1.0
scifact,577,base (MaxSim@10),0.5,,
scifact,578,first stage,1.0,1.0,1.0
scifact,578,cross-encoder,1.0,1.0,1.0
scifact,578,Jev V1,1.0,1.0,1.0
scifact,578,Jev V2,1.0,1.0,1.0
scifact,578,Jev V3,1.0,1.0,1.0
scifact,578,base (MaxSim@10),1.0,,
scifact,587,first stage,1.0,1.0,1.0
scifact,587,cross-encoder,0.5,0.3333333333333333,1.0
scifact,587,Jev V1,1.0,1.0,1.0
scifact,587,Jev V2,1.0,1.0,1.0
scifact,587,Jev V3,1.0,1.0,1.0
scifact,587,base (MaxSim@10),0.6309297535714575,,
scifact,589,first stage,1.0,1.0,1.0
scifact,589,cross-encoder,1.0,1.0,1.0
scifact,589,Jev V1,1.0,1.0,1.0
scifact,589,Jev V2,1.0,1.0,1.0
scifact,589,Jev V3,1.0,1.0,1.0
scifact,589,base (MaxSim@10),1.0,,
scifact,593,first stage,1.0,1.0,1.0
scifact,593,cross-encoder,1.0,1.0,1.0
scifact,593,Jev V1,1.0,1.0,1.0
scifact,593,Jev V2,1.0,1.0,1.0
scifact,593,Jev V3,1.0,1.0,1.0
scifact,593,base (MaxSim@10),1.0,,
scifact,597,first stage,0.9060254355346823,1.0,1.0
scifact,597,cross-encoder,1.0,1.0,1.0
scifact,597,Jev V1,0.9325210919548239,1.0,1.0
scifact,597,Jev V2,0.9325210919548239,1.0,1.0
scifact,597,Jev V3,1.0,1.0,1.0
scifact,597,base (MaxSim@10),0.9060254355346824,,
scifact,598,first stage,0.43067655807339306,0.25,1.0
scifact,598,cross-encoder,0.3562071871080222,0.16666666666666666,1.0
scifact,598,Jev V1,0.6309297535714575,0.5,1.0
scifact,598,Jev V2,0.6309297535714575,0.5,1.0
scifact,598,Jev V3,0.6309297535714575,0.5,1.0
scifact,598,base (MaxSim@10),1.0,,
scifact,613,first stage,1.0,1.0,1.0
scifact,613,cross-encoder,1.0,1.0,1.0
scifact,613,Jev V1,1.0,1.0,1.0
scifact,613,Jev V2,1.0,1.0,1.0
scifact,613,Jev V3,1.0,1.0,1.0
scifact,613,base (MaxSim@10),1.0,,
scifact,619,first stage,0.0,0.0,0.0
scifact,619,cross-encoder,0.38685280723454163,0.5,0.5
scifact,619,Jev V1,0.38685280723454163,0.5,0.5
scifact,619,Jev V2,0.6131471927654584,1.0,0.5
scifact,619,Jev V3,0.6131471927654584,1.0,0.5
scifact,619,base (MaxSim@10),0.0,,
scifact,623,first stage,0.0,0.0,0.0
scifact,623,cross-encoder,0.0,0.0,0.0
scifact,623,Jev V1,0.6309297535714575,0.5,1.0
scifact,623,Jev V2,0.6309297535714575,0.5,1.0
scifact,623,Jev V3,0.6309297535714575,0.5,1.0
scifact,623,base (MaxSim@10),0.0,,
scifact,628,first stage,1.0,1.0,1.0
scifact,628,cross-encoder,1.0,1.0,1.0
scifact,628,Jev V1,1.0,1.0,1.0
scifact,628,Jev V2,1.0,1.0,1.0
scifact,628,Jev V3,1.0,1.0,1.0
scifact,628,base (MaxSim@10),1.0,,
scifact,636,first stage,1.0,1.0,1.0
scifact,636,cross-encoder,0.6309297535714575,0.5,1.0
scifact,636,Jev V1,1.0,1.0,1.0
scifact,636,Jev V2,1.0,1.0,1.0
scifact,636,Jev V3,1.0,1.0,1.0
scifact,636,base (MaxSim@10),1.0,,
scifact,637,first stage,0.5,0.3333333333333333,1.0
scifact,637,cross-encoder,0.6309297535714575,0.5,1.0
scifact,637,Jev V1,0.6309297535714575,0.5,1.0
scifact,637,Jev V2,1.0,1.0,1.0
scifact,637,Jev V3,0.5,0.3333333333333333,1.0
scifact,637,base (MaxSim@10),0.3333333333333333,,
scifact,641,first stage,0.8772153153380493,1.0,1.0
scifact,641,cross-encoder,0.8175295903539445,1.0,1.0
scifact,641,Jev V1,1.0,1.0,1.0
scifact,641,Jev V2,1.0,1.0,1.0
scifact,641,Jev V3,0.8772153153380493,1.0,1.0
scifact,641,base (MaxSim@10),0.8772153153380493,,
scifact,644,first stage,0.3562071871080222,0.16666666666666666,1.0
scifact,644,cross-encoder,1.0,1.0,1.0
scifact,644,Jev V1,1.0,1.0,1.0
scifact,644,Jev V2,1.0,1.0,1.0
scifact,644,Jev V3,1.0,1.0,1.0
scifact,644,base (MaxSim@10),1.0,,
scifact,649,first stage,1.0,1.0,1.0
scifact,649,cross-encoder,0.6309297535714575,0.5,1.0
scifact,649,Jev V1,1.0,1.0,1.0
scifact,649,Jev V2,1.0,1.0,1.0
scifact,649,Jev V3,1.0,1.0,1.0
scifact,649,base (MaxSim@10),0.5,,
scifact,659,first stage,0.0,0.0,0.0
scifact,659,cross-encoder,0.0,0.0,0.0
scifact,659,Jev V1,0.0,0.0,0.0
scifact,659,Jev V2,0.0,0.0,0.0
scifact,659,Jev V3,0.0,0.0,0.0
scifact,659,base (MaxSim@10),0.0,,
scifact,660,first stage,0.0,0.0,0.0
scifact,660,cross-encoder,0.0,0.0,0.0
scifact,660,Jev V1,0.0,0.0,0.0
scifact,660,Jev V2,0.0,0.0,0.0
scifact,660,Jev V3,0.0,0.0,0.0
scifact,660,base (MaxSim@10),0.0,,
scifact,674,first stage,0.5,0.3333333333333333,1.0
scifact,674,cross-encoder,1.0,1.0,1.0
scifact,674,Jev V1,0.6309297535714575,0.5,1.0
scifact,674,Jev V2,0.43067655807339306,0.25,1.0
scifact,674,Jev V3,1.0,1.0,1.0
scifact,674,base (MaxSim@10),0.6309297535714575,,
scifact,684,first stage,0.5,0.3333333333333333,1.0
scifact,684,cross-encoder,0.6309297535714575,0.5,1.0
scifact,684,Jev V1,0.5,0.3333333333333333,1.0
scifact,684,Jev V2,0.6309297535714575,0.5,1.0
scifact,684,Jev V3,1.0,1.0,1.0
scifact,684,base (MaxSim@10),0.5,,
scifact,690,first stage,1.0,1.0,1.0
scifact,690,cross-encoder,1.0,1.0,1.0
scifact,690,Jev V1,1.0,1.0,1.0
scifact,690,Jev V2,1.0,1.0,1.0
scifact,690,Jev V3,1.0,1.0,1.0
scifact,690,base (MaxSim@10),1.0,,
scifact,691,first stage,1.0,1.0,1.0
scifact,691,cross-encoder,1.0,1.0,1.0
scifact,691,Jev V1,0.5,0.3333333333333333,1.0
scifact,691,Jev V2,0.5,0.3333333333333333,1.0
scifact,691,Jev V3,0.6309297535714575,0.5,1.0
scifact,691,base (MaxSim@10),1.0,,
scifact,692,first stage,0.3010299956639812,0.1111111111111111,1.0
scifact,692,cross-encoder,1.0,1.0,1.0
scifact,692,Jev V1,1.0,1.0,1.0
scifact,692,Jev V2,1.0,1.0,1.0
scifact,692,Jev V3,1.0,1.0,1.0
scifact,692,base (MaxSim@10),1.0,,
scifact,693,first stage,1.0,1.0,1.0
scifact,693,cross-encoder,1.0,1.0,1.0
scifact,693,Jev V1,1.0,1.0,1.0
scifact,693,Jev V2,1.0,1.0,1.0
scifact,693,Jev V3,1.0,1.0,1.0
scifact,693,base (MaxSim@10),1.0,,
scifact,700,first stage,0.6309297535714575,0.5,1.0
scifact,700,cross-encoder,0.6309297535714575,0.5,1.0
scifact,700,Jev V1,1.0,1.0,1.0
scifact,700,Jev V2,1.0,1.0,1.0
scifact,700,Jev V3,1.0,1.0,1.0
scifact,700,base (MaxSim@10),0.6309297535714575,,
scifact,702,first stage,0.5,0.3333333333333333,1.0
scifact,702,cross-encoder,0.6309297535714575,0.5,1.0
scifact,702,Jev V1,1.0,1.0,1.0
scifact,702,Jev V2,1.0,1.0,1.0
scifact,702,Jev V3,1.0,1.0,1.0
scifact,702,base (MaxSim@10),0.3868528072345416,,
scifact,715,first stage,0.0,0.0,0.0
scifact,715,cross-encoder,0.6309297535714575,0.5,1.0
scifact,715,Jev V1,0.3333333333333333,0.14285714285714285,1.0
scifact,715,Jev V2,0.31546487678572877,0.125,1.0
scifact,715,Jev V3,0.0,0.0,0.0
scifact,715,base (MaxSim@10),0.0,,
scifact,716,first stage,0.0,0.0,0.0
scifact,716,cross-encoder,0.0,0.0,0.0
scifact,716,Jev V1,0.0,0.0,0.0
scifact,716,Jev V2,0.0,0.0,0.0
scifact,716,Jev V3,0.0,0.0,0.0
scifact,716,base (MaxSim@10),0.0,,
scifact,718,first stage,1.0,1.0,1.0
scifact,718,cross-encoder,1.0,1.0,1.0
scifact,718,Jev V1,1.0,1.0,1.0
scifact,718,Jev V2,1.0,1.0,1.0
scifact,718,Jev V3,1.0,1.0,1.0
scifact,718,base (MaxSim@10),1.0,,
scifact,721,first stage,1.0,1.0,1.0
scifact,721,cross-encoder,1.0,1.0,1.0
scifact,721,Jev V1,1.0,1.0,1.0
scifact,721,Jev V2,1.0,1.0,1.0
scifact,721,Jev V3,1.0,1.0,1.0
scifact,721,base (MaxSim@10),1.0,,
scifact,723,first stage,1.0,1.0,1.0
scifact,723,cross-encoder,1.0,1.0,1.0
scifact,723,Jev V1,1.0,1.0,1.0
scifact,723,Jev V2,1.0,1.0,1.0
scifact,723,Jev V3,1.0,1.0,1.0
scifact,723,base (MaxSim@10),1.0,,
scifact,727,first stage,0.0,0.0,0.0
scifact,727,cross-encoder,0.38685280723454163,0.2,1.0
scifact,727,Jev V1,0.3562071871080222,0.16666666666666666,1.0
scifact,727,Jev V2,0.3562071871080222,0.16666666666666666,1.0
scifact,727,Jev V3,0.38685280723454163,0.2,1.0
scifact,727,base (MaxSim@10),0.0,,
scifact,728,first stage,0.6131471927654584,1.0,0.5
scifact,728,cross-encoder,0.8503449055347546,1.0,1.0
scifact,728,Jev V1,0.8315546295836225,1.0,1.0
scifact,728,Jev V2,0.8315546295836225,1.0,1.0
scifact,728,Jev V3,0.6240505200038379,0.5,1.0
scifact,728,base (MaxSim@10),0.6131471927654584,,
scifact,729,first stage,1.0,1.0,1.0
scifact,729,cross-encoder,1.0,1.0,1.0
scifact,729,Jev V1,1.0,1.0,1.0
scifact,729,Jev V2,1.0,1.0,1.0
scifact,729,Jev V3,1.0,1.0,1.0
scifact,729,base (MaxSim@10),1.0,,
scifact,742,first stage,1.0,1.0,1.0
scifact,742,cross-encoder,1.0,1.0,1.0
scifact,742,Jev V1,1.0,1.0,1.0
scifact,742,Jev V2,1.0,1.0,1.0
scifact,742,Jev V3,1.0,1.0,1.0
scifact,742,base (MaxSim@10),1.0,,
scifact,743,first stage,1.0,1.0,1.0
scifact,743,cross-encoder,1.0,1.0,1.0
scifact,743,Jev V1,1.0,1.0,1.0
scifact,743,Jev V2,1.0,1.0,1.0
scifact,743,Jev V3,1.0,1.0,1.0
scifact,743,base (MaxSim@10),1.0,,
scifact,744,first stage,0.5,0.3333333333333333,1.0
scifact,744,cross-encoder,0.5,0.3333333333333333,1.0
scifact,744,Jev V1,0.6309297535714575,0.5,1.0
scifact,744,Jev V2,0.6309297535714575,0.5,1.0
scifact,744,Jev V3,0.6309297535714575,0.5,1.0
scifact,744,base (MaxSim@10),0.5,,
scifact,756,first stage,0.6309297535714575,0.5,1.0
scifact,756,cross-encoder,0.5,0.3333333333333333,1.0
scifact,756,Jev V1,1.0,1.0,1.0
scifact,756,Jev V2,0.5,0.3333333333333333,1.0
scifact,756,Jev V3,0.6309297535714575,0.5,1.0
scifact,756,base (MaxSim@10),0.5,,
scifact,759,first stage,1.0,1.0,1.0
scifact,759,cross-encoder,1.0,1.0,1.0
scifact,759,Jev V1,0.5,0.3333333333333333,1.0
scifact,759,Jev V2,0.6309297535714575,0.5,1.0
scifact,759,Jev V3,1.0,1.0,1.0
scifact,759,base (MaxSim@10),1.0,,
scifact,768,first stage,0.0,0.0,0.0
scifact,768,cross-encoder,0.0,0.0,0.0
scifact,768,Jev V1,0.0,0.0,0.0
scifact,768,Jev V2,0.0,0.0,0.0
scifact,768,Jev V3,0.0,0.0,0.0
scifact,768,base (MaxSim@10),0.0,,
scifact,770,first stage,1.0,1.0,1.0
scifact,770,cross-encoder,1.0,1.0,1.0
scifact,770,Jev V1,1.0,1.0,1.0
scifact,770,Jev V2,1.0,1.0,1.0
scifact,770,Jev V3,1.0,1.0,1.0
scifact,770,base (MaxSim@10),1.0,,
scifact,775,first stage,0.0,0.0,0.0
scifact,775,cross-encoder,0.0,0.0,0.0
scifact,775,Jev V1,0.0,0.0,0.0
scifact,775,Jev V2,0.0,0.0,0.0
scifact,775,Jev V3,0.0,0.0,0.0
scifact,775,base (MaxSim@10),0.0,,
scifact,781,first stage,1.0,1.0,1.0
scifact,781,cross-encoder,0.6309297535714575,0.5,1.0
scifact,781,Jev V1,1.0,1.0,1.0
scifact,781,Jev V2,1.0,1.0,1.0
scifact,781,Jev V3,0.6309297535714575,0.5,1.0
scifact,781,base (MaxSim@10),1.0,,
scifact,783,first stage,0.0,0.0,0.0
scifact,783,cross-encoder,0.31546487678572877,0.125,1.0
scifact,783,Jev V1,0.43067655807339306,0.25,1.0
scifact,783,Jev V2,0.43067655807339306,0.25,1.0
scifact,783,Jev V3,0.43067655807339306,0.25,1.0
scifact,783,base (MaxSim@10),0.0,,
scifact,784,first stage,0.6309297535714575,0.5,1.0
scifact,784,cross-encoder,1.0,1.0,1.0
scifact,784,Jev V1,1.0,1.0,1.0
scifact,784,Jev V2,1.0,1.0,1.0
scifact,784,Jev V3,1.0,1.0,1.0
scifact,784,base (MaxSim@10),1.0,,
scifact,785,first stage,0.0,0.0,0.0
scifact,785,cross-encoder,0.0,0.0,0.0
scifact,785,Jev V1,0.0,0.0,0.0
scifact,785,Jev V2,0.0,0.0,0.0
scifact,785,Jev V3,0.0,0.0,0.0
scifact,785,base (MaxSim@10),0.0,,
scifact,793,first stage,1.0,1.0,1.0
scifact,793,cross-encoder,1.0,1.0,1.0
scifact,793,Jev V1,0.5,0.3333333333333333,1.0
scifact,793,Jev V2,0.38685280723454163,0.2,1.0
scifact,793,Jev V3,0.6309297535714575,0.5,1.0
scifact,793,base (MaxSim@10),1.0,,
scifact,800,first stage,0.6309297535714575,0.5,1.0
scifact,800,cross-encoder,0.43067655807339306,0.25,1.0
scifact,800,Jev V1,0.6309297535714575,0.5,1.0
scifact,800,Jev V2,0.5,0.3333333333333333,1.0
scifact,800,Jev V3,0.6309297535714575,0.5,1.0
scifact,800,base (MaxSim@10),1.0,,
scifact,805,first stage,1.0,1.0,1.0
scifact,805,cross-encoder,1.0,1.0,1.0
scifact,805,Jev V1,1.0,1.0,1.0
scifact,805,Jev V2,1.0,1.0,1.0
scifact,805,Jev V3,1.0,1.0,1.0
scifact,805,base (MaxSim@10),1.0,,
scifact,808,first stage,1.0,1.0,1.0
scifact,808,cross-encoder,1.0,1.0,1.0
scifact,808,Jev V1,1.0,1.0,1.0
scifact,808,Jev V2,1.0,1.0,1.0
scifact,808,Jev V3,1.0,1.0,1.0
scifact,808,base (MaxSim@10),1.0,,
scifact,811,first stage,1.0,1.0,1.0
scifact,811,cross-encoder,1.0,1.0,1.0
scifact,811,Jev V1,1.0,1.0,1.0
scifact,811,Jev V2,1.0,1.0,1.0
scifact,811,Jev V3,1.0,1.0,1.0
scifact,811,base (MaxSim@10),1.0,,
scifact,814,first stage,1.0,1.0,1.0
scifact,814,cross-encoder,1.0,1.0,1.0
scifact,814,Jev V1,1.0,1.0,1.0
scifact,814,Jev V2,1.0,1.0,1.0
scifact,814,Jev V3,1.0,1.0,1.0
scifact,814,base (MaxSim@10),1.0,,
scifact,820,first stage,0.0,0.0,0.0
scifact,820,cross-encoder,0.0,0.0,0.0
scifact,820,Jev V1,0.43067655807339306,0.25,1.0
scifact,820,Jev V2,0.3562071871080222,0.16666666666666666,1.0
scifact,820,Jev V3,0.5,0.3333333333333333,1.0
scifact,820,base (MaxSim@10),0.0,,
scifact,821,first stage,0.0,0.0,0.0
scifact,821,cross-encoder,0.0,0.0,0.0
scifact,821,Jev V1,0.0,0.0,0.0
scifact,821,Jev V2,0.0,0.0,0.0
scifact,821,Jev V3,0.0,0.0,0.0
scifact,821,base (MaxSim@10),0.0,,
scifact,823,first stage,1.0,1.0,1.0
scifact,823,cross-encoder,1.0,1.0,1.0
scifact,823,Jev V1,1.0,1.0,1.0
scifact,823,Jev V2,1.0,1.0,1.0
scifact,823,Jev V3,1.0,1.0,1.0
scifact,823,base (MaxSim@10),1.0,,
scifact,830,first stage,0.0,0.0,0.0
scifact,830,cross-encoder,0.0,0.0,0.0
scifact,830,Jev V1,0.0,0.0,0.0
scifact,830,Jev V2,0.0,0.0,0.0
scifact,830,Jev V3,0.0,0.0,0.0
scifact,830,base (MaxSim@10),0.0,,
scifact,831,first stage,0.0,0.0,0.0
scifact,831,cross-encoder,0.0,0.0,0.0
scifact,831,Jev V1,0.0,0.0,0.0
scifact,831,Jev V2,0.0,0.0,0.0
scifact,831,Jev V3,0.0,0.0,0.0
scifact,831,base (MaxSim@10),0.0,,
scifact,832,first stage,1.0,1.0,1.0
scifact,832,cross-encoder,1.0,1.0,1.0
scifact,832,Jev V1,1.0,1.0,1.0
scifact,832,Jev V2,1.0,1.0,1.0
scifact,832,Jev V3,1.0,1.0,1.0
scifact,832,base (MaxSim@10),1.0,,
scifact,834,first stage,0.0,0.0,0.0
scifact,834,cross-encoder,0.0,0.0,0.0
scifact,834,Jev V1,0.0,0.0,0.0
scifact,834,Jev V2,0.0,0.0,0.0
scifact,834,Jev V3,0.0,0.0,0.0
scifact,834,base (MaxSim@10),0.0,,
scifact,837,first stage,1.0,1.0,1.0
scifact,837,cross-encoder,1.0,1.0,1.0
scifact,837,Jev V1,1.0,1.0,1.0
scifact,837,Jev V2,1.0,1.0,1.0
scifact,837,Jev V3,1.0,1.0,1.0
scifact,837,base (MaxSim@10),1.0,,
scifact,839,first stage,0.6309297535714575,0.5,1.0
scifact,839,cross-encoder,1.0,1.0,1.0
scifact,839,Jev V1,1.0,1.0,1.0
scifact,839,Jev V2,1.0,1.0,1.0
scifact,839,Jev V3,1.0,1.0,1.0
scifact,839,base (MaxSim@10),0.6309297535714575,,
scifact,845,first stage,0.38685280723454163,0.2,1.0
scifact,845,cross-encoder,1.0,1.0,1.0
scifact,845,Jev V1,1.0,1.0,1.0
scifact,845,Jev V2,1.0,1.0,1.0
scifact,845,Jev V3,1.0,1.0,1.0
scifact,845,base (MaxSim@10),0.430676558073393,,
scifact,847,first stage,0.6309297535714575,0.5,1.0
scifact,847,cross-encoder,1.0,1.0,1.0
scifact,847,Jev V1,1.0,1.0,1.0
scifact,847,Jev V2,1.0,1.0,1.0
scifact,847,Jev V3,1.0,1.0,1.0
scifact,847,base (MaxSim@10),0.6309297535714575,,
scifact,852,first stage,0.5,0.3333333333333333,1.0
scifact,852,cross-encoder,1.0,1.0,1.0
scifact,852,Jev V1,0.38685280723454163,0.2,1.0
scifact,852,Jev V2,0.38685280723454163,0.2,1.0
scifact,852,Jev V3,0.38685280723454163,0.2,1.0
scifact,852,base (MaxSim@10),0.430676558073393,,
scifact,859,first stage,0.6309297535714575,0.5,1.0
scifact,859,cross-encoder,0.6309297535714575,0.5,1.0
scifact,859,Jev V1,1.0,1.0,1.0
scifact,859,Jev V2,1.0,1.0,1.0
scifact,859,Jev V3,1.0,1.0,1.0
scifact,859,base (MaxSim@10),0.6309297535714575,,
scifact,870,first stage,0.0,0.0,0.0
scifact,870,cross-encoder,0.0,0.0,0.0
scifact,870,Jev V1,0.0,0.0,0.0
scifact,870,Jev V2,0.0,0.0,0.0
scifact,870,Jev V3,0.0,0.0,0.0
scifact,870,base (MaxSim@10),0.0,,
scifact,873,first stage,0.46704774694449785,0.5,0.6
scifact,873,cross-encoder,0.6601396023754075,1.0,0.6
scifact,873,Jev V1,0.6295516106099184,1.0,0.6
scifact,873,Jev V2,0.6739577727076379,1.0,0.6
scifact,873,Jev V3,0.5922216874835863,1.0,0.6
scifact,873,base (MaxSim@10),0.6295516106099184,,
scifact,879,first stage,1.0,1.0,1.0
scifact,879,cross-encoder,1.0,1.0,1.0
scifact,879,Jev V1,1.0,1.0,1.0
scifact,879,Jev V2,1.0,1.0,1.0
scifact,879,Jev V3,1.0,1.0,1.0
scifact,879,base (MaxSim@10),1.0,,
scifact,880,first stage,1.0,1.0,1.0
scifact,880,cross-encoder,1.0,1.0,1.0
scifact,880,Jev V1,1.0,1.0,1.0
scifact,880,Jev V2,1.0,1.0,1.0
scifact,880,Jev V3,1.0,1.0,1.0
scifact,880,base (MaxSim@10),1.0,,
scifact,882,first stage,1.0,1.0,1.0
scifact,882,cross-encoder,1.0,1.0,1.0
scifact,882,Jev V1,1.0,1.0,1.0
scifact,882,Jev V2,1.0,1.0,1.0
scifact,882,Jev V3,1.0,1.0,1.0
scifact,882,base (MaxSim@10),1.0,,
scifact,887,first stage,0.0,0.0,0.0
scifact,887,cross-encoder,0.0,0.0,0.0
scifact,887,Jev V1,0.0,0.0,0.0
scifact,887,Jev V2,0.0,0.0,0.0
scifact,887,Jev V3,0.0,0.0,0.0
scifact,887,base (MaxSim@10),0.0,,
scifact,903,first stage,1.0,1.0,1.0
scifact,903,cross-encoder,1.0,1.0,1.0
scifact,903,Jev V1,1.0,1.0,1.0
scifact,903,Jev V2,1.0,1.0,1.0
scifact,903,Jev V3,1.0,1.0,1.0
scifact,903,base (MaxSim@10),1.0,,
scifact,904,first stage,1.0,1.0,1.0
scifact,904,cross-encoder,1.0,1.0,1.0
scifact,904,Jev V1,1.0,1.0,1.0
scifact,904,Jev V2,1.0,1.0,1.0
scifact,904,Jev V3,1.0,1.0,1.0
scifact,904,base (MaxSim@10),1.0,,
scifact,907,first stage,1.0,1.0,1.0
scifact,907,cross-encoder,1.0,1.0,1.0
scifact,907,Jev V1,1.0,1.0,1.0
scifact,907,Jev V2,1.0,1.0,1.0
scifact,907,Jev V3,1.0,1.0,1.0
scifact,907,base (MaxSim@10),1.0,,
scifact,911,first stage,1.0,1.0,1.0
scifact,911,cross-encoder,1.0,1.0,1.0
scifact,911,Jev V1,1.0,1.0,1.0
scifact,911,Jev V2,1.0,1.0,1.0
scifact,911,Jev V3,1.0,1.0,1.0
scifact,911,base (MaxSim@10),1.0,,
scifact,913,first stage,0.0,0.0,0.0
scifact,913,cross-encoder,0.0,0.0,0.0
scifact,913,Jev V1,0.0,0.0,0.0
scifact,913,Jev V2,0.0,0.0,0.0
scifact,913,Jev V3,0.0,0.0,0.0
scifact,913,base (MaxSim@10),0.0,,
scifact,914,first stage,0.0,0.0,0.0
scifact,914,cross-encoder,0.0,0.0,0.0
scifact,914,Jev V1,0.0,0.0,0.0
scifact,914,Jev V2,0.0,0.0,0.0
scifact,914,Jev V3,0.0,0.0,0.0
scifact,914,base (MaxSim@10),0.0,,
scifact,921,first stage,1.0,1.0,1.0
scifact,921,cross-encoder,1.0,1.0,1.0
scifact,921,Jev V1,1.0,1.0,1.0
scifact,921,Jev V2,1.0,1.0,1.0
scifact,921,Jev V3,1.0,1.0,1.0
scifact,921,base (MaxSim@10),1.0,,
scifact,922,first stage,1.0,1.0,1.0
scifact,922,cross-encoder,1.0,1.0,1.0
scifact,922,Jev V1,1.0,1.0,1.0
scifact,922,Jev V2,1.0,1.0,1.0
scifact,922,Jev V3,1.0,1.0,1.0
scifact,922,base (MaxSim@10),1.0,,
scifact,936,first stage,1.0,1.0,1.0
scifact,936,cross-encoder,1.0,1.0,1.0
scifact,936,Jev V1,1.0,1.0,1.0
scifact,936,Jev V2,1.0,1.0,1.0
scifact,936,Jev V3,1.0,1.0,1.0
scifact,936,base (MaxSim@10),1.0,,
scifact,956,first stage,1.0,1.0,1.0
scifact,956,cross-encoder,0.43067655807339306,0.25,1.0
scifact,956,Jev V1,0.5,0.3333333333333333,1.0
scifact,956,Jev V2,0.5,0.3333333333333333,1.0
scifact,956,Jev V3,1.0,1.0,1.0
scifact,956,base (MaxSim@10),1.0,,
scifact,957,first stage,1.0,1.0,1.0
scifact,957,cross-encoder,1.0,1.0,1.0
scifact,957,Jev V1,1.0,1.0,1.0
scifact,957,Jev V2,1.0,1.0,1.0
scifact,957,Jev V3,1.0,1.0,1.0
scifact,957,base (MaxSim@10),1.0,,
scifact,960,first stage,1.0,1.0,1.0
scifact,960,cross-encoder,1.0,1.0,1.0
scifact,960,Jev V1,1.0,1.0,1.0
scifact,960,Jev V2,1.0,1.0,1.0
scifact,960,Jev V3,1.0,1.0,1.0
scifact,960,base (MaxSim@10),1.0,,
scifact,967,first stage,1.0,1.0,1.0
scifact,967,cross-encoder,1.0,1.0,1.0
scifact,967,Jev V1,1.0,1.0,1.0
scifact,967,Jev V2,1.0,1.0,1.0
scifact,967,Jev V3,1.0,1.0,1.0
scifact,967,base (MaxSim@10),1.0,,
scifact,971,first stage,0.7486761295186739,0.5,1.0
scifact,971,cross-encoder,0.7606395682357036,0.5,1.0
scifact,971,Jev V1,0.9558295932317544,1.0,1.0
scifact,971,Jev V2,0.9828920819566879,1.0,1.0
scifact,971,Jev V3,0.9619991470595832,1.0,1.0
scifact,971,base (MaxSim@10),0.9558295932317544,,
scifact,975,first stage,0.0,0.0,0.0
scifact,975,cross-encoder,0.0,0.0,0.0
scifact,975,Jev V1,0.0,0.0,0.0
scifact,975,Jev V2,0.0,0.0,0.0
scifact,975,Jev V3,0.0,0.0,0.0
scifact,975,base (MaxSim@10),0.0,,
scifact,982,first stage,1.0,1.0,1.0
scifact,982,cross-encoder,1.0,1.0,1.0
scifact,982,Jev V1,1.0,1.0,1.0
scifact,982,Jev V2,1.0,1.0,1.0
scifact,982,Jev V3,1.0,1.0,1.0
scifact,982,base (MaxSim@10),1.0,,
scifact,985,first stage,1.0,1.0,1.0
scifact,985,cross-encoder,1.0,1.0,1.0
scifact,985,Jev V1,1.0,1.0,1.0
scifact,985,Jev V2,1.0,1.0,1.0
scifact,985,Jev V3,1.0,1.0,1.0
scifact,985,base (MaxSim@10),1.0,,
scifact,993,first stage,1.0,1.0,1.0
scifact,993,cross-encoder,1.0,1.0,1.0
scifact,993,Jev V1,1.0,1.0,1.0
scifact,993,Jev V2,1.0,1.0,1.0
scifact,993,Jev V3,1.0,1.0,1.0
scifact,993,base (MaxSim@10),1.0,,
scifact,1012,first stage,1.0,1.0,1.0
scifact,1012,cross-encoder,1.0,1.0,1.0
scifact,1012,Jev V1,1.0,1.0,1.0
scifact,1012,Jev V2,1.0,1.0,1.0
scifact,1012,Jev V3,1.0,1.0,1.0
scifact,1012,base (MaxSim@10),1.0,,
scifact,1014,first stage,1.0,1.0,1.0
scifact,1014,cross-encoder,1.0,1.0,1.0
scifact,1014,Jev V1,1.0,1.0,1.0
scifact,1014,Jev V2,1.0,1.0,1.0
scifact,1014,Jev V3,1.0,1.0,1.0
scifact,1014,base (MaxSim@10),1.0,,
scifact,1019,first stage,0.6309297535714575,0.5,1.0
scifact,1019,cross-encoder,0.6309297535714575,0.5,1.0
scifact,1019,Jev V1,1.0,1.0,1.0
scifact,1019,Jev V2,1.0,1.0,1.0
scifact,1019,Jev V3,1.0,1.0,1.0
scifact,1019,base (MaxSim@10),0.6309297535714575,,
scifact,1020,first stage,0.6309297535714575,0.5,1.0
scifact,1020,cross-encoder,0.6309297535714575,0.5,1.0
scifact,1020,Jev V1,1.0,1.0,1.0
scifact,1020,Jev V2,0.6309297535714575,0.5,1.0
scifact,1020,Jev V3,1.0,1.0,1.0
scifact,1020,base (MaxSim@10),0.6309297535714575,,
scifact,1021,first stage,0.6309297535714575,0.5,1.0
scifact,1021,cross-encoder,0.6309297535714575,0.5,1.0
scifact,1021,Jev V1,0.6309297535714575,0.5,1.0
scifact,1021,Jev V2,0.6309297535714575,0.5,1.0
scifact,1021,Jev V3,1.0,1.0,1.0
scifact,1021,base (MaxSim@10),0.6309297535714575,,
scifact,1024,first stage,0.6309297535714575,0.5,1.0
scifact,1024,cross-encoder,1.0,1.0,1.0
scifact,1024,Jev V1,1.0,1.0,1.0
scifact,1024,Jev V2,1.0,1.0,1.0
scifact,1024,Jev V3,1.0,1.0,1.0
scifact,1024,base (MaxSim@10),1.0,,
scifact,1029,first stage,0.7653606369886217,1.0,0.6666666666666666
scifact,1029,cross-encoder,1.0,1.0,1.0
scifact,1029,Jev V1,1.0,1.0,1.0
scifact,1029,Jev V2,1.0,1.0,1.0
scifact,1029,Jev V3,1.0,1.0,1.0
scifact,1029,base (MaxSim@10),0.7039180890341347,,
scifact,1041,first stage,0.23719771276929622,0.2,0.5
scifact,1041,cross-encoder,0.44130740935663865,0.25,1.0
scifact,1041,Jev V1,0.8503449055347546,1.0,1.0
scifact,1041,Jev V2,0.8315546295836225,1.0,1.0
scifact,1041,Jev V3,0.6934264036172708,0.5,1.0
scifact,1041,base (MaxSim@10),0.2184074368181641,,
scifact,1049,first stage,0.43067655807339306,0.25,1.0
scifact,1049,cross-encoder,0.5,0.3333333333333333,1.0
scifact,1049,Jev V1,1.0,1.0,1.0
scifact,1049,Jev V2,1.0,1.0,1.0
scifact,1049,Jev V3,1.0,1.0,1.0
scifact,1049,base (MaxSim@10),0.430676558073393,,
scifact,1062,first stage,1.0,1.0,1.0
scifact,1062,cross-encoder,1.0,1.0,1.0
scifact,1062,Jev V1,1.0,1.0,1.0
scifact,1062,Jev V2,1.0,1.0,1.0
scifact,1062,Jev V3,1.0,1.0,1.0
scifact,1062,base (MaxSim@10),1.0,,
scifact,1086,first stage,1.0,1.0,1.0
scifact,1086,cross-encoder,1.0,1.0,1.0
scifact,1086,Jev V1,1.0,1.0,1.0
scifact,1086,Jev V2,1.0,1.0,1.0
scifact,1086,Jev V3,1.0,1.0,1.0
scifact,1086,base (MaxSim@10),1.0,,
scifact,1088,first stage,1.0,1.0,1.0
scifact,1088,cross-encoder,0.6309297535714575,0.5,1.0
scifact,1088,Jev V1,1.0,1.0,1.0
scifact,1088,Jev V2,1.0,1.0,1.0
scifact,1088,Jev V3,1.0,1.0,1.0
scifact,1088,base (MaxSim@10),1.0,,
scifact,1089,first stage,1.0,1.0,1.0
scifact,1089,cross-encoder,1.0,1.0,1.0
scifact,1089,Jev V1,1.0,1.0,1.0
scifact,1089,Jev V2,1.0,1.0,1.0
scifact,1089,Jev V3,1.0,1.0,1.0
scifact,1089,base (MaxSim@10),1.0,,
scifact,1099,first stage,0.43067655807339306,0.25,1.0
scifact,1099,cross-encoder,0.3333333333333333,0.14285714285714285,1.0
scifact,1099,Jev V1,0.5,0.3333333333333333,1.0
scifact,1099,Jev V2,0.5,0.3333333333333333,1.0
scifact,1099,Jev V3,0.38685280723454163,0.2,1.0
scifact,1099,base (MaxSim@10),0.3868528072345416,,
scifact,1100,first stage,0.5,0.3333333333333333,1.0
scifact,1100,cross-encoder,1.0,1.0,1.0
scifact,1100,Jev V1,0.5,0.3333333333333333,1.0
scifact,1100,Jev V2,0.5,0.3333333333333333,1.0
scifact,1100,Jev V3,0.43067655807339306,0.25,1.0
scifact,1100,base (MaxSim@10),0.5,,
scifact,1104,first stage,1.0,1.0,1.0
scifact,1104,cross-encoder,1.0,1.0,1.0
scifact,1104,Jev V1,1.0,1.0,1.0
scifact,1104,Jev V2,1.0,1.0,1.0
scifact,1104,Jev V3,1.0,1.0,1.0
scifact,1104,base (MaxSim@10),1.0,,
scifact,1107,first stage,0.5,0.3333333333333333,1.0
scifact,1107,cross-encoder,1.0,1.0,1.0
scifact,1107,Jev V1,1.0,1.0,1.0
scifact,1107,Jev V2,1.0,1.0,1.0
scifact,1107,Jev V3,1.0,1.0,1.0
scifact,1107,base (MaxSim@10),1.0,,
scifact,1110,first stage,0.0,0.0,0.0
scifact,1110,cross-encoder,0.0,0.0,0.0
scifact,1110,Jev V1,0.0,0.0,0.0
scifact,1110,Jev V2,0.0,0.0,0.0
scifact,1110,Jev V3,0.0,0.0,0.0
scifact,1110,base (MaxSim@10),0.0,,
scifact,1121,first stage,0.5,0.3333333333333333,1.0
scifact,1121,cross-encoder,1.0,1.0,1.0
scifact,1121,Jev V1,1.0,1.0,1.0
scifact,1121,Jev V2,1.0,1.0,1.0
scifact,1121,Jev V3,1.0,1.0,1.0
scifact,1121,base (MaxSim@10),0.5,,
scifact,1130,first stage,1.0,1.0,1.0
scifact,1130,cross-encoder,1.0,1.0,1.0
scifact,1130,Jev V1,1.0,1.0,1.0
scifact,1130,Jev V2,1.0,1.0,1.0
scifact,1130,Jev V3,1.0,1.0,1.0
scifact,1130,base (MaxSim@10),1.0,,
scifact,1132,first stage,0.6131471927654584,1.0,0.5
scifact,1132,cross-encoder,0.38685280723454163,0.5,0.5
scifact,1132,Jev V1,0.430624116386567,0.2,1.0
scifact,1132,Jev V2,0.430624116386567,0.2,1.0
scifact,1132,Jev V3,0.5109559939712153,0.3333333333333333,1.0
scifact,1132,base (MaxSim@10),0.6131471927654584,,
scifact,1137,first stage,1.0,1.0,1.0
scifact,1137,cross-encoder,1.0,1.0,1.0
scifact,1137,Jev V1,1.0,1.0,1.0
scifact,1137,Jev V2,1.0,1.0,1.0
scifact,1137,Jev V3,1.0,1.0,1.0
scifact,1137,base (MaxSim@10),1.0,,
scifact,1140,first stage,1.0,1.0,1.0
scifact,1140,cross-encoder,1.0,1.0,1.0
scifact,1140,Jev V1,1.0,1.0,1.0
scifact,1140,Jev V2,1.0,1.0,1.0
scifact,1140,Jev V3,1.0,1.0,1.0
scifact,1140,base (MaxSim@10),1.0,,
scifact,1144,first stage,1.0,1.0,1.0
scifact,1144,cross-encoder,1.0,1.0,1.0
scifact,1144,Jev V1,1.0,1.0,1.0
scifact,1144,Jev V2,1.0,1.0,1.0
scifact,1144,Jev V3,1.0,1.0,1.0
scifact,1144,base (MaxSim@10),1.0,,
scifact,1146,first stage,1.0,1.0,1.0
scifact,1146,cross-encoder,1.0,1.0,1.0
scifact,1146,Jev V1,1.0,1.0,1.0
scifact,1146,Jev V2,1.0,1.0,1.0
scifact,1146,Jev V3,1.0,1.0,1.0
scifact,1146,base (MaxSim@10),1.0,,
scifact,1150,first stage,1.0,1.0,1.0
scifact,1150,cross-encoder,1.0,1.0,1.0
scifact,1150,Jev V1,1.0,1.0,1.0
scifact,1150,Jev V2,1.0,1.0,1.0
scifact,1150,Jev V3,1.0,1.0,1.0
scifact,1150,base (MaxSim@10),1.0,,
scifact,1163,first stage,1.0,1.0,1.0
scifact,1163,cross-encoder,1.0,1.0,1.0
scifact,1163,Jev V1,1.0,1.0,1.0
scifact,1163,Jev V2,1.0,1.0,1.0
scifact,1163,Jev V3,1.0,1.0,1.0
scifact,1163,base (MaxSim@10),1.0,,
scifact,1175,first stage,0.0,0.0,0.0
scifact,1175,cross-encoder,0.0,0.0,0.0
scifact,1175,Jev V1,0.0,0.0,0.0
scifact,1175,Jev V2,0.0,0.0,0.0
scifact,1175,Jev V3,0.0,0.0,0.0
scifact,1175,base (MaxSim@10),0.0,,
scifact,1179,first stage,0.0,0.0,0.0
scifact,1179,cross-encoder,0.0,0.0,0.0
scifact,1179,Jev V1,0.0,0.0,0.0
scifact,1179,Jev V2,0.0,0.0,0.0
scifact,1179,Jev V3,0.0,0.0,0.0
scifact,1179,base (MaxSim@10),0.0,,
scifact,1180,first stage,1.0,1.0,1.0
scifact,1180,cross-encoder,0.6309297535714575,0.5,1.0
scifact,1180,Jev V1,0.6309297535714575,0.5,1.0
scifact,1180,Jev V2,1.0,1.0,1.0
scifact,1180,Jev V3,1.0,1.0,1.0
scifact,1180,base (MaxSim@10),1.0,,
scifact,1185,first stage,1.0,1.0,1.0
scifact,1185,cross-encoder,1.0,1.0,1.0
scifact,1185,Jev V1,1.0,1.0,1.0
scifact,1185,Jev V2,1.0,1.0,1.0
scifact,1185,Jev V3,1.0,1.0,1.0
scifact,1185,base (MaxSim@10),1.0,,
scifact,1187,first stage,0.6309297535714575,0.5,1.0
scifact,1187,cross-encoder,1.0,1.0,1.0
scifact,1187,Jev V1,1.0,1.0,1.0
scifact,1187,Jev V2,1.0,1.0,1.0
scifact,1187,Jev V3,1.0,1.0,1.0
scifact,1187,base (MaxSim@10),0.6309297535714575,,
scifact,1191,first stage,0.0,0.0,0.0
scifact,1191,cross-encoder,0.2890648263178879,0.1,1.0
scifact,1191,Jev V1,1.0,1.0,1.0
scifact,1191,Jev V2,1.0,1.0,1.0
scifact,1191,Jev V3,1.0,1.0,1.0
scifact,1191,base (MaxSim@10),0.0,,
scifact,1194,first stage,1.0,1.0,1.0
scifact,1194,cross-encoder,1.0,1.0,1.0
scifact,1194,Jev V1,1.0,1.0,1.0
scifact,1194,Jev V2,1.0,1.0,1.0
scifact,1194,Jev V3,1.0,1.0,1.0
scifact,1194,base (MaxSim@10),1.0,,
scifact,1196,first stage,0.5,0.3333333333333333,1.0
scifact,1196,cross-encoder,0.6309297535714575,0.5,1.0
scifact,1196,Jev V1,0.6309297535714575,0.5,1.0
scifact,1196,Jev V2,0.6309297535714575,0.5,1.0
scifact,1196,Jev V3,0.38685280723454163,0.2,1.0
scifact,1196,base (MaxSim@10),0.3562071871080222,,
scifact,1197,first stage,0.5,0.3333333333333333,1.0
scifact,1197,cross-encoder,0.5,0.3333333333333333,1.0
scifact,1197,Jev V1,0.38685280723454163,0.2,1.0
scifact,1197,Jev V2,0.43067655807339306,0.25,1.0
scifact,1197,Jev V3,0.3562071871080222,0.16666666666666666,1.0
scifact,1197,base (MaxSim@10),0.430676558073393,,
scifact,1199,first stage,0.0,0.0,0.0
scifact,1199,cross-encoder,0.0,0.0,0.0
scifact,1199,Jev V1,0.0,0.0,0.0
scifact,1199,Jev V2,0.0,0.0,0.0
scifact,1199,Jev V3,0.0,0.0,0.0
scifact,1199,base (MaxSim@10),0.0,,
scifact,1200,first stage,0.2890648263178879,0.1,1.0
scifact,1200,cross-encoder,0.6309297535714575,0.5,1.0
scifact,1200,Jev V1,1.0,1.0,1.0
scifact,1200,Jev V2,1.0,1.0,1.0
scifact,1200,Jev V3,1.0,1.0,1.0
scifact,1200,base (MaxSim@10),0.3333333333333333,,
scifact,1202,first stage,1.0,1.0,1.0
scifact,1202,cross-encoder,1.0,1.0,1.0
scifact,1202,Jev V1,1.0,1.0,1.0
scifact,1202,Jev V2,1.0,1.0,1.0
scifact,1202,Jev V3,1.0,1.0,1.0
scifact,1202,base (MaxSim@10),1.0,,
scifact,1204,first stage,1.0,1.0,1.0
scifact,1204,cross-encoder,1.0,1.0,1.0
scifact,1204,Jev V1,1.0,1.0,1.0
scifact,1204,Jev V2,1.0,1.0,1.0
scifact,1204,Jev V3,1.0,1.0,1.0
scifact,1204,base (MaxSim@10),1.0,,
scifact,1207,first stage,1.0,1.0,1.0
scifact,1207,cross-encoder,1.0,1.0,1.0
scifact,1207,Jev V1,1.0,1.0,1.0
scifact,1207,Jev V2,1.0,1.0,1.0
scifact,1207,Jev V3,1.0,1.0,1.0
scifact,1207,base (MaxSim@10),1.0,,
scifact,1213,first stage,0.0,0.0,0.0
scifact,1213,cross-encoder,0.0,0.0,0.0
scifact,1213,Jev V1,0.0,0.0,0.0
scifact,1213,Jev V2,0.0,0.0,0.0
scifact,1213,Jev V3,0.0,0.0,0.0
scifact,1213,base (MaxSim@10),0.0,,
scifact,1216,first stage,1.0,1.0,1.0
scifact,1216,cross-encoder,1.0,1.0,1.0
scifact,1216,Jev V1,1.0,1.0,1.0
scifact,1216,Jev V2,1.0,1.0,1.0
scifact,1216,Jev V3,1.0,1.0,1.0
scifact,1216,base (MaxSim@10),1.0,,
scifact,1221,first stage,1.0,1.0,1.0
scifact,1221,cross-encoder,1.0,1.0,1.0
scifact,1221,Jev V1,1.0,1.0,1.0
scifact,1221,Jev V2,1.0,1.0,1.0
scifact,1221,Jev V3,1.0,1.0,1.0
scifact,1221,base (MaxSim@10),1.0,,
scifact,1225,first stage,1.0,1.0,1.0
scifact,1225,cross-encoder,1.0,1.0,1.0
scifact,1225,Jev V1,1.0,1.0,1.0
scifact,1225,Jev V2,1.0,1.0,1.0
scifact,1225,Jev V3,1.0,1.0,1.0
scifact,1225,base (MaxSim@10),1.0,,
scifact,1226,first stage,0.0,0.0,0.0
scifact,1226,cross-encoder,0.0,0.0,0.0
scifact,1226,Jev V1,0.0,0.0,0.0
scifact,1226,Jev V2,0.0,0.0,0.0
scifact,1226,Jev V3,0.0,0.0,0.0
scifact,1226,base (MaxSim@10),0.0,,
scifact,1232,first stage,1.0,1.0,1.0
scifact,1232,cross-encoder,1.0,1.0,1.0
scifact,1232,Jev V1,1.0,1.0,1.0
scifact,1232,Jev V2,1.0,1.0,1.0
scifact,1232,Jev V3,1.0,1.0,1.0
scifact,1232,base (MaxSim@10),1.0,,
scifact,1241,first stage,1.0,1.0,1.0
scifact,1241,cross-encoder,1.0,1.0,1.0
scifact,1241,Jev V1,1.0,1.0,1.0
scifact,1241,Jev V2,1.0,1.0,1.0
scifact,1241,Jev V3,1.0,1.0,1.0
scifact,1241,base (MaxSim@10),1.0,,
scifact,1245,first stage,0.43067655807339306,0.25,1.0
scifact,1245,cross-encoder,0.6309297535714575,0.5,1.0
scifact,1245,Jev V1,1.0,1.0,1.0
scifact,1245,Jev V2,1.0,1.0,1.0
scifact,1245,Jev V3,1.0,1.0,1.0
scifact,1245,base (MaxSim@10),0.3868528072345416,,
scifact,1259,first stage,1.0,1.0,1.0
scifact,1259,cross-encoder,1.0,1.0,1.0
scifact,1259,Jev V1,1.0,1.0,1.0
scifact,1259,Jev V2,1.0,1.0,1.0
scifact,1259,Jev V3,1.0,1.0,1.0
scifact,1259,base (MaxSim@10),1.0,,
scifact,1262,first stage,1.0,1.0,1.0
scifact,1262,cross-encoder,1.0,1.0,1.0
scifact,1262,Jev V1,1.0,1.0,1.0
scifact,1262,Jev V2,1.0,1.0,1.0
scifact,1262,Jev V3,1.0,1.0,1.0
scifact,1262,base (MaxSim@10),1.0,,
scifact,1266,first stage,0.5,0.3333333333333333,1.0
scifact,1266,cross-encoder,1.0,1.0,1.0
scifact,1266,Jev V1,1.0,1.0,1.0
scifact,1266,Jev V2,1.0,1.0,1.0
scifact,1266,Jev V3,1.0,1.0,1.0
scifact,1266,base (MaxSim@10),0.430676558073393,,
scifact,1270,first stage,1.0,1.0,1.0
scifact,1270,cross-encoder,1.0,1.0,1.0
scifact,1270,Jev V1,1.0,1.0,1.0
scifact,1270,Jev V2,1.0,1.0,1.0
scifact,1270,Jev V3,1.0,1.0,1.0
scifact,1270,base (MaxSim@10),1.0,,
scifact,1271,first stage,1.0,1.0,1.0
scifact,1271,cross-encoder,1.0,1.0,1.0
scifact,1271,Jev V1,1.0,1.0,1.0
scifact,1271,Jev V2,1.0,1.0,1.0
scifact,1271,Jev V3,1.0,1.0,1.0
scifact,1271,base (MaxSim@10),1.0,,
scifact,1272,first stage,0.3562071871080222,0.16666666666666666,1.0
scifact,1272,cross-encoder,1.0,1.0,1.0
scifact,1272,Jev V1,1.0,1.0,1.0
scifact,1272,Jev V2,1.0,1.0,1.0
scifact,1272,Jev V3,1.0,1.0,1.0
scifact,1272,base (MaxSim@10),0.430676558073393,,
scifact,1273,first stage,1.0,1.0,1.0
scifact,1273,cross-encoder,1.0,1.0,1.0
scifact,1273,Jev V1,1.0,1.0,1.0
scifact,1273,Jev V2,1.0,1.0,1.0
scifact,1273,Jev V3,1.0,1.0,1.0
scifact,1273,base (MaxSim@10),1.0,,
scifact,1274,first stage,0.8072467605676945,1.0,1.0
scifact,1274,cross-encoder,0.9060254355346823,1.0,1.0
scifact,1274,Jev V1,1.0,1.0,1.0
scifact,1274,Jev V2,1.0,1.0,1.0
scifact,1274,Jev V3,1.0,1.0,1.0
scifact,1274,base (MaxSim@10),0.8072467605676945,,
scifact,1278,first stage,0.2890648263178879,0.1,1.0
scifact,1278,cross-encoder,0.2890648263178879,0.1,1.0
scifact,1278,Jev V1,0.43067655807339306,0.25,1.0
scifact,1278,Jev V2,0.6309297535714575,0.5,1.0
scifact,1278,Jev V3,1.0,1.0,1.0
scifact,1278,base (MaxSim@10),0.6309297535714575,,
scifact,1279,first stage,0.5,0.3333333333333333,1.0
scifact,1279,cross-encoder,0.3562071871080222,0.16666666666666666,1.0
scifact,1279,Jev V1,1.0,1.0,1.0
scifact,1279,Jev V2,0.6309297535714575,0.5,1.0
scifact,1279,Jev V3,0.6309297535714575,0.5,1.0
scifact,1279,base (MaxSim@10),1.0,,
scifact,1280,first stage,0.0,0.0,0.0
scifact,1280,cross-encoder,0.0,0.0,0.0
scifact,1280,Jev V1,0.0,0.0,0.0
scifact,1280,Jev V2,0.0,0.0,0.0
scifact,1280,Jev V3,0.0,0.0,0.0
scifact,1280,base (MaxSim@10),0.0,,
scifact,1281,first stage,0.0,0.0,0.0
scifact,1281,cross-encoder,0.0,0.0,0.0
scifact,1281,Jev V1,0.0,0.0,0.0
scifact,1281,Jev V2,0.0,0.0,0.0
scifact,1281,Jev V3,0.0,0.0,0.0
scifact,1281,base (MaxSim@10),0.0,,
scifact,1282,first stage,1.0,1.0,1.0
scifact,1282,cross-encoder,1.0,1.0,1.0
scifact,1282,Jev V1,1.0,1.0,1.0
scifact,1282,Jev V2,1.0,1.0,1.0
scifact,1282,Jev V3,1.0,1.0,1.0
scifact,1282,base (MaxSim@10),1.0,,
scifact,1290,first stage,1.0,1.0,1.0
scifact,1290,cross-encoder,1.0,1.0,1.0
scifact,1290,Jev V1,1.0,1.0,1.0
scifact,1290,Jev V2,1.0,1.0,1.0
scifact,1290,Jev V3,1.0,1.0,1.0
scifact,1290,base (MaxSim@10),1.0,,
scifact,1292,first stage,1.0,1.0,1.0
scifact,1292,cross-encoder,1.0,1.0,1.0
scifact,1292,Jev V1,1.0,1.0,1.0
scifact,1292,Jev V2,1.0,1.0,1.0
scifact,1292,Jev V3,1.0,1.0,1.0
scifact,1292,base (MaxSim@10),1.0,,
scifact,1298,first stage,1.0,1.0,1.0
scifact,1298,cross-encoder,1.0,1.0,1.0
scifact,1298,Jev V1,1.0,1.0,1.0
scifact,1298,Jev V2,1.0,1.0,1.0
scifact,1298,Jev V3,1.0,1.0,1.0
scifact,1298,base (MaxSim@10),1.0,,
scifact,1303,first stage,1.0,1.0,1.0
scifact,1303,cross-encoder,0.38685280723454163,0.2,1.0
scifact,1303,Jev V1,1.0,1.0,1.0
scifact,1303,Jev V2,1.0,1.0,1.0
scifact,1303,Jev V3,1.0,1.0,1.0
scifact,1303,base (MaxSim@10),0.6309297535714575,,
scifact,1316,first stage,0.0,0.0,0.0
scifact,1316,cross-encoder,0.0,0.0,0.0
scifact,1316,Jev V1,0.0,0.0,0.0
scifact,1316,Jev V2,0.0,0.0,0.0
scifact,1316,Jev V3,0.0,0.0,0.0
scifact,1316,base (MaxSim@10),0.0,,
scifact,1319,first stage,1.0,1.0,1.0
scifact,1319,cross-encoder,0.6309297535714575,0.5,1.0
scifact,1319,Jev V1,0.6309297535714575,0.5,1.0
scifact,1319,Jev V2,1.0,1.0,1.0
scifact,1319,Jev V3,1.0,1.0,1.0
scifact,1319,base (MaxSim@10),1.0,,
scifact,1320,first stage,1.0,1.0,1.0
scifact,1320,cross-encoder,1.0,1.0,1.0
scifact,1320,Jev V1,1.0,1.0,1.0
scifact,1320,Jev V2,1.0,1.0,1.0
scifact,1320,Jev V3,1.0,1.0,1.0
scifact,1320,base (MaxSim@10),1.0,,
scifact,1332,first stage,0.0,0.0,0.0
scifact,1332,cross-encoder,0.0,0.0,0.0
scifact,1332,Jev V1,0.0,0.0,0.0
scifact,1332,Jev V2,0.0,0.0,0.0
scifact,1332,Jev V3,0.0,0.0,0.0
scifact,1332,base (MaxSim@10),0.0,,
scifact,1335,first stage,0.6309297535714575,0.5,1.0
scifact,1335,cross-encoder,1.0,1.0,1.0
scifact,1335,Jev V1,1.0,1.0,1.0
scifact,1335,Jev V2,1.0,1.0,1.0
scifact,1335,Jev V3,1.0,1.0,1.0
scifact,1335,base (MaxSim@10),0.5,,
scifact,1336,first stage,0.6309297535714575,0.5,1.0
scifact,1336,cross-encoder,1.0,1.0,1.0
scifact,1336,Jev V1,1.0,1.0,1.0
scifact,1336,Jev V2,1.0,1.0,1.0
scifact,1336,Jev V3,1.0,1.0,1.0
scifact,1336,base (MaxSim@10),0.5,,
scifact,1337,first stage,0.6309297535714575,0.5,1.0
scifact,1337,cross-encoder,1.0,1.0,1.0
scifact,1337,Jev V1,1.0,1.0,1.0
scifact,1337,Jev V2,1.0,1.0,1.0
scifact,1337,Jev V3,1.0,1.0,1.0
scifact,1337,base (MaxSim@10),1.0,,
scifact,1339,first stage,1.0,1.0,1.0
scifact,1339,cross-encoder,1.0,1.0,1.0
scifact,1339,Jev V1,1.0,1.0,1.0
scifact,1339,Jev V2,1.0,1.0,1.0
scifact,1339,Jev V3,1.0,1.0,1.0
scifact,1339,base (MaxSim@10),1.0,,
scifact,1344,first stage,0.6309297535714575,0.5,1.0
scifact,1344,cross-encoder,0.6309297535714575,0.5,1.0
scifact,1344,Jev V1,1.0,1.0,1.0
scifact,1344,Jev V2,1.0,1.0,1.0
scifact,1344,Jev V3,1.0,1.0,1.0
scifact,1344,base (MaxSim@10),0.6309297535714575,,
scifact,1352,first stage,1.0,1.0,1.0
scifact,1352,cross-encoder,1.0,1.0,1.0
scifact,1352,Jev V1,1.0,1.0,1.0
scifact,1352,Jev V2,1.0,1.0,1.0
scifact,1352,Jev V3,1.0,1.0,1.0
scifact,1352,base (MaxSim@10),1.0,,
scifact,1359,first stage,1.0,1.0,1.0
scifact,1359,cross-encoder,1.0,1.0,1.0
scifact,1359,Jev V1,1.0,1.0,1.0
scifact,1359,Jev V2,1.0,1.0,1.0
scifact,1359,Jev V3,1.0,1.0,1.0
scifact,1359,base (MaxSim@10),1.0,,
scifact,1362,first stage,0.0,0.0,0.0
scifact,1362,cross-encoder,0.0,0.0,0.0
scifact,1362,Jev V1,0.0,0.0,0.0
scifact,1362,Jev V2,0.0,0.0,0.0
scifact,1362,Jev V3,0.0,0.0,0.0
scifact,1362,base (MaxSim@10),0.0,,
scifact,1363,first stage,0.0,0.0,0.0
scifact,1363,cross-encoder,0.0,0.0,0.0
scifact,1363,Jev V1,0.0,0.0,0.0
scifact,1363,Jev V2,0.0,0.0,0.0
scifact,1363,Jev V3,0.0,0.0,0.0
scifact,1363,base (MaxSim@10),0.0,,
scifact,1368,first stage,0.5,0.3333333333333333,1.0
scifact,1368,cross-encoder,1.0,1.0,1.0
scifact,1368,Jev V1,1.0,1.0,1.0
scifact,1368,Jev V2,1.0,1.0,1.0
scifact,1368,Jev V3,1.0,1.0,1.0
scifact,1368,base (MaxSim@10),0.6309297535714575,,
scifact,1370,first stage,0.43067655807339306,0.25,1.0
scifact,1370,cross-encoder,1.0,1.0,1.0
scifact,1370,Jev V1,1.0,1.0,1.0
scifact,1370,Jev V2,1.0,1.0,1.0
scifact,1370,Jev V3,1.0,1.0,1.0
scifact,1370,base (MaxSim@10),0.6309297535714575,,
scifact,1379,first stage,0.9279611693743142,1.0,1.0
scifact,1379,cross-encoder,0.8667163765466582,1.0,1.0
scifact,1379,Jev V1,1.0,1.0,1.0
scifact,1379,Jev V2,1.0,1.0,1.0
scifact,1379,Jev V3,1.0,1.0,1.0
scifact,1379,base (MaxSim@10),0.905865301574308,,
scifact,1382,first stage,0.6309297535714575,0.5,1.0
scifact,1382,cross-encoder,1.0,1.0,1.0
scifact,1382,Jev V1,1.0,1.0,1.0
scifact,1382,Jev V2,1.0,1.0,1.0
scifact,1382,Jev V3,1.0,1.0,1.0
scifact,1382,base (MaxSim@10),1.0,,
scifact,1385,first stage,1.0,1.0,1.0
scifact,1385,cross-encoder,1.0,1.0,1.0
scifact,1385,Jev V1,1.0,1.0,1.0
scifact,1385,Jev V2,1.0,1.0,1.0
scifact,1385,Jev V3,1.0,1.0,1.0
scifact,1385,base (MaxSim@10),1.0,,
scifact,1389,first stage,1.0,1.0,1.0
scifact,1389,cross-encoder,1.0,1.0,1.0
scifact,1389,Jev V1,1.0,1.0,1.0
scifact,1389,Jev V2,1.0,1.0,1.0
scifact,1389,Jev V3,1.0,1.0,1.0
scifact,1389,base (MaxSim@10),1.0,,
scifact,1395,first stage,1.0,1.0,1.0
scifact,1395,cross-encoder,0.6309297535714575,0.5,1.0
scifact,1395,Jev V1,0.5,0.3333333333333333,1.0
scifact,1395,Jev V2,0.6309297535714575,0.5,1.0
scifact,1395,Jev V3,0.5,0.3333333333333333,1.0
scifact,1395,base (MaxSim@10),1.0,,
nfcorpus,PLAIN-2,first stage,0.642069004131331,1.0,0.25
nfcorpus,PLAIN-2,cross-encoder,0.8012914355534833,1.0,0.2916666666666667
nfcorpus,PLAIN-2,Jev V1,0.7931392478350172,1.0,0.2916666666666667
nfcorpus,PLAIN-2,Jev V2,0.788771264521093,1.0,0.2916666666666667
nfcorpus,PLAIN-2,Jev V3,0.7031820513367106,1.0,0.25
nfcorpus,PLAIN-2,base (MaxSim@10),0.6900990987969842,,
nfcorpus,PLAIN-12,first stage,0.1222260944107594,1.0,0.03333333333333333
nfcorpus,PLAIN-12,cross-encoder,0.08707562656251232,0.16666666666666666,0.03333333333333333
nfcorpus,PLAIN-12,Jev V1,0.13971554021009175,0.25,0.06666666666666667
nfcorpus,PLAIN-12,Jev V2,0.13312505529352386,0.2,0.06666666666666667
nfcorpus,PLAIN-12,Jev V3,0.047283507740116394,0.2,0.03333333333333333
nfcorpus,PLAIN-12,base (MaxSim@10),0.0472835077401163,,
nfcorpus,PLAIN-23,first stage,0.2902597849695646,0.5,0.044444444444444446
nfcorpus,PLAIN-23,cross-encoder,0.37073340571389574,0.5,0.044444444444444446
nfcorpus,PLAIN-23,Jev V1,0.5037157042890635,1.0,0.044444444444444446
nfcorpus,PLAIN-23,Jev V2,0.4884581855095742,1.0,0.044444444444444446
nfcorpus,PLAIN-23,Jev V3,0.5037157042890635,1.0,0.044444444444444446
nfcorpus,PLAIN-23,base (MaxSim@10),0.37682380311934,,
nfcorpus,PLAIN-33,first stage,0.3380604315585875,0.5,0.09375
nfcorpus,PLAIN-33,cross-encoder,0.5880075959293031,1.0,0.15625
nfcorpus,PLAIN-33,Jev V1,0.3520486777640907,1.0,0.09375
nfcorpus,PLAIN-33,Jev V2,0.37209429157126855,1.0,0.09375
nfcorpus,PLAIN-33,Jev V3,0.3869759637917175,1.0,0.09375
nfcorpus,PLAIN-33,base (MaxSim@10),0.3097585740125244,,
nfcorpus,PLAIN-44,first stage,0.2244914439320251,0.5,0.034482758620689655
nfcorpus,PLAIN-44,cross-encoder,0.28408410647017335,0.5,0.05172413793103448
nfcorpus,PLAIN-44,Jev V1,0.37769850426540263,1.0,0.05172413793103448
nfcorpus,PLAIN-44,Jev V2,0.37997525538826216,1.0,0.05172413793103448
nfcorpus,PLAIN-44,Jev V3,0.37997525538826216,1.0,0.05172413793103448
nfcorpus,PLAIN-44,base (MaxSim@10),0.3185433387592681,,
nfcorpus,PLAIN-56,first stage,0.7698167114959014,1.0,0.14
nfcorpus,PLAIN-56,cross-encoder,0.8123551929233639,1.0,0.16
nfcorpus,PLAIN-56,Jev V1,0.7489187977740974,1.0,0.14
nfcorpus,PLAIN-56,Jev V2,0.7896025538704443,1.0,0.16
nfcorpus,PLAIN-56,Jev V3,0.7600599450327283,1.0,0.14
nfcorpus,PLAIN-56,base (MaxSim@10),0.7759845832949912,,
nfcorpus,PLAIN-68,first stage,0.42503508006474094,1.0,0.03636363636363636
nfcorpus,PLAIN-68,cross-encoder,0.6345711024749452,1.0,0.07272727272727272
nfcorpus,PLAIN-68,Jev V1,0.6298088100815991,1.0,0.09090909090909091
nfcorpus,PLAIN-68,Jev V2,0.6377943847486344,1.0,0.09090909090909091
nfcorpus,PLAIN-68,Jev V3,0.42503508006474094,1.0,0.03636363636363636
nfcorpus,PLAIN-68,base (MaxSim@10),0.4150816930657179,,
nfcorpus,PLAIN-78,first stage,0.12286383325798815,0.5,0.03225806451612903
nfcorpus,PLAIN-78,cross-encoder,0.21236222583951206,1.0,0.03225806451612903
nfcorpus,PLAIN-78,Jev V1,0.10026263016219407,0.25,0.03225806451612903
nfcorpus,PLAIN-78,Jev V2,0.08948744797499744,0.2,0.03225806451612903
nfcorpus,PLAIN-78,Jev V3,0.038356439954197026,0.1111111111111111,0.016129032258064516
nfcorpus,PLAIN-78,base (MaxSim@10),0.1296831420200403,,
nfcorpus,PLAIN-91,first stage,0.4471231595646438,1.0,0.09375
nfcorpus,PLAIN-91,cross-encoder,0.4263036477320642,1.0,0.078125
nfcorpus,PLAIN-91,Jev V1,0.6555188597954097,1.0,0.125
nfcorpus,PLAIN-91,Jev V2,0.6401099641846459,1.0,0.125
nfcorpus,PLAIN-91,Jev V3,0.5531021948655234,1.0,0.09375
nfcorpus,PLAIN-91,base (MaxSim@10),0.5099614748268871,,
nfcorpus,PLAIN-102,first stage,0.1996909746856435,0.5,0.08333333333333333
nfcorpus,PLAIN-102,cross-encoder,0.27411758934071206,0.5,0.08333333333333333
nfcorpus,PLAIN-102,Jev V1,0.3663233465256459,1.0,0.08333333333333333
nfcorpus,PLAIN-102,Jev V2,0.3663233465256459,1.0,0.08333333333333333
nfcorpus,PLAIN-102,Jev V3,0.3663233465256459,1.0,0.08333333333333333
nfcorpus,PLAIN-102,base (MaxSim@10),0.274117589340712,,
nfcorpus,PLAIN-112,first stage,0.6787243400826974,1.0,0.08928571428571429
nfcorpus,PLAIN-112,cross-encoder,0.7148867630751979,1.0,0.08928571428571429
nfcorpus,PLAIN-112,Jev V1,0.7051299966120248,1.0,0.08928571428571429
nfcorpus,PLAIN-112,Jev V2,0.7148867630751979,1.0,0.08928571428571429
nfcorpus,PLAIN-112,Jev V3,0.7105736166072235,1.0,0.08928571428571429
nfcorpus,PLAIN-112,base (MaxSim@10),0.6838971772692509,,
nfcorpus,PLAIN-123,first stage,0.06370866775185362,0.3333333333333333,0.0196078431372549
nfcorpus,PLAIN-123,cross-encoder,0.06370866775185362,0.3333333333333333,0.0196078431372549
nfcorpus,PLAIN-123,Jev V1,0.038356439954197026,0.1111111111111111,0.0196078431372549
nfcorpus,PLAIN-123,Jev V2,0.038356439954197026,0.1111111111111111,0.0196078431372549
nfcorpus,PLAIN-123,Jev V3,0.04538697066857469,0.16666666666666666,0.0196078431372549
nfcorpus,PLAIN-123,base (MaxSim@10),0.0453869706685746,,
nfcorpus,PLAIN-133,first stage,0.0,0.0,0.0
nfcorpus,PLAIN-133,cross-encoder,0.0,0.0,0.0
nfcorpus,PLAIN-133,Jev V1,0.0,0.0,0.0
nfcorpus,PLAIN-133,Jev V2,0.0,0.0,0.0
nfcorpus,PLAIN-133,Jev V3,0.0,0.0,0.0
nfcorpus,PLAIN-133,base (MaxSim@10),0.0,,
nfcorpus,PLAIN-143,first stage,0.5880534728737216,1.0,0.058823529411764705
nfcorpus,PLAIN-143,cross-encoder,0.7157024045736865,1.0,0.09803921568627451
nfcorpus,PLAIN-143,Jev V1,0.6606844407517195,1.0,0.09803921568627451
nfcorpus,PLAIN-143,Jev V2,0.6606844407517195,1.0,0.09803921568627451
nfcorpus,PLAIN-143,Jev V3,0.5282800663700054,1.0,0.058823529411764705
nfcorpus,PLAIN-143,base (MaxSim@10),0.5443937249297496,,
nfcorpus,PLAIN-153,first stage,0.930215808356812,1.0,0.19148936170212766
nfcorpus,PLAIN-153,cross-encoder,0.8877258956398488,1.0,0.1702127659574468
nfcorpus,PLAIN-153,Jev V1,0.8237688875260956,1.0,0.14893617021276595
nfcorpus,PLAIN-153,Jev V2,0.8887907867759374,1.0,0.1702127659574468
nfcorpus,PLAIN-153,Jev V3,0.930215808356812,1.0,0.19148936170212766
nfcorpus,PLAIN-153,base (MaxSim@10),0.9357439570168185,,
nfcorpus,PLAIN-165,first stage,0.5200230562687684,1.0,0.16666666666666666
nfcorpus,PLAIN-165,cross-encoder,0.4549221398112597,0.5,0.16666666666666666
nfcorpus,PLAIN-165,Jev V1,0.6031459226701106,1.0,0.19444444444444445
nfcorpus,PLAIN-165,Jev V2,0.6139939263822809,1.0,0.19444444444444445
nfcorpus,PLAIN-165,Jev V3,0.5107929398060969,1.0,0.16666666666666666
nfcorpus,PLAIN-165,base (MaxSim@10),0.5298342406677554,,
nfcorpus,PLAIN-175,first stage,0.2176889663231753,1.0,0.05405405405405406
nfcorpus,PLAIN-175,cross-encoder,0.253642885162309,0.3333333333333333,0.10810810810810811
nfcorpus,PLAIN-175,Jev V1,0.3686402433478159,1.0,0.08108108108108109
nfcorpus,PLAIN-175,Jev V2,0.3511643449202447,1.0,0.08108108108108109
nfcorpus,PLAIN-175,Jev V3,0.41790203421877936,1.0,0.08108108108108109
nfcorpus,PLAIN-175,base (MaxSim@10),0.2176889663231753,,
nfcorpus,PLAIN-186,first stage,0.2200917662980802,1.0,0.041666666666666664
nfcorpus,PLAIN-186,cross-encoder,0.1100458831490401,0.3333333333333333,0.041666666666666664
nfcorpus,PLAIN-186,Jev V1,0.2200917662980802,1.0,0.041666666666666664
nfcorpus,PLAIN-186,Jev V2,0.2200917662980802,1.0,0.041666666666666664
nfcorpus,PLAIN-186,Jev V3,0.2200917662980802,1.0,0.041666666666666664
nfcorpus,PLAIN-186,base (MaxSim@10),0.2200917662980802,,
nfcorpus,PLAIN-196,first stage,0.39956887138389763,1.0,0.043478260869565216
nfcorpus,PLAIN-196,cross-encoder,0.46900009332067494,1.0,0.043478260869565216
nfcorpus,PLAIN-196,Jev V1,0.46900009332067494,1.0,0.043478260869565216
nfcorpus,PLAIN-196,Jev V2,0.46900009332067494,1.0,0.043478260869565216
nfcorpus,PLAIN-196,Jev V3,0.46900009332067494,1.0,0.043478260869565216
nfcorpus,PLAIN-196,base (MaxSim@10),0.4249260138166711,,
nfcorpus,PLAIN-207,first stage,0.5239294981581574,1.0,0.09090909090909091
nfcorpus,PLAIN-207,cross-encoder,0.46975579500086934,1.0,0.07272727272727272
nfcorpus,PLAIN-207,Jev V1,0.46900009332067494,1.0,0.05454545454545454
nfcorpus,PLAIN-207,Jev V2,0.47479014188018465,1.0,0.07272727272727272
nfcorpus,PLAIN-207,Jev V3,0.5716349530699038,0.5,0.10909090909090909
nfcorpus,PLAIN-207,base (MaxSim@10),0.5446757407423164,,
nfcorpus,PLAIN-217,first stage,0.0,0.0,0.0
nfcorpus,PLAIN-217,cross-encoder,0.0,0.0,0.0
nfcorpus,PLAIN-217,Jev V1,0.13886244387355456,0.5,0.027777777777777776
nfcorpus,PLAIN-217,Jev V2,0.13886244387355456,0.5,0.027777777777777776
nfcorpus,PLAIN-217,Jev V3,0.09478836436955079,0.25,0.027777777777777776
nfcorpus,PLAIN-217,base (MaxSim@10),0.0,,
nfcorpus,PLAIN-227,first stage,0.0,0.0,0.0
nfcorpus,PLAIN-227,cross-encoder,0.0,0.0,0.0
nfcorpus,PLAIN-227,Jev V1,0.06362078819895173,0.1,0.025
nfcorpus,PLAIN-227,Jev V2,0.07839826897867534,0.16666666666666666,0.025
nfcorpus,PLAIN-227,Jev V3,0.2200917662980802,1.0,0.025
nfcorpus,PLAIN-227,base (MaxSim@10),0.0,,
nfcorpus,PLAIN-238,first stage,0.0,0.0,0.0
nfcorpus,PLAIN-238,cross-encoder,0.0,0.0,0.0
nfcorpus,PLAIN-238,Jev V1,0.0,0.0,0.0
nfcorpus,PLAIN-238,Jev V2,0.0,0.0,0.0
nfcorpus,PLAIN-238,Jev V3,0.0,0.0,0.0
nfcorpus,PLAIN-238,base (MaxSim@10),0.0,,
nfcorpus,PLAIN-248,first stage,0.39639187290150935,1.0,0.0967741935483871
nfcorpus,PLAIN-248,cross-encoder,0.29062463495159,0.5,0.0967741935483871
nfcorpus,PLAIN-248,Jev V1,0.4085359184257956,1.0,0.0967741935483871
nfcorpus,PLAIN-248,Jev V2,0.4085359184257956,1.0,0.0967741935483871
nfcorpus,PLAIN-248,Jev V3,0.4323181322709948,1.0,0.0967741935483871
nfcorpus,PLAIN-248,base (MaxSim@10),0.3843113526044082,,
nfcorpus,PLAIN-259,first stage,0.35895421017163476,1.0,0.14285714285714285
nfcorpus,PLAIN-259,cross-encoder,0.35895421017163476,1.0,0.14285714285714285
nfcorpus,PLAIN-259,Jev V1,0.35895421017163476,1.0,0.14285714285714285
nfcorpus,PLAIN-259,Jev V2,0.35895421017163476,1.0,0.14285714285714285
nfcorpus,PLAIN-259,Jev V3,0.35895421017163476,1.0,0.14285714285714285
nfcorpus,PLAIN-259,base (MaxSim@10),0.3301376494471203,,
nfcorpus,PLAIN-270,first stage,0.2024832320725063,0.5,0.038461538461538464
nfcorpus,PLAIN-270,cross-encoder,0.3052348839397012,1.0,0.038461538461538464
nfcorpus,PLAIN-270,Jev V1,0.2200917662980802,1.0,0.019230769230769232
nfcorpus,PLAIN-270,Jev V2,0.2200917662980802,1.0,0.019230769230769232
nfcorpus,PLAIN-270,Jev V3,0.2837125544970319,1.0,0.038461538461538464
nfcorpus,PLAIN-270,base (MaxSim@10),0.2934556883974402,,
nfcorpus,PLAIN-280,first stage,0.17993148201117182,0.25,0.1
nfcorpus,PLAIN-280,cross-encoder,0.29849003527675555,1.0,0.1
nfcorpus,PLAIN-280,Jev V1,0.29345568839744024,1.0,0.1
nfcorpus,PLAIN-280,Jev V2,0.3301376494471203,1.0,0.1
nfcorpus,PLAIN-280,Jev V3,0.3052348839397012,1.0,0.1
nfcorpus,PLAIN-280,base (MaxSim@10),0.3589542101716347,,
nfcorpus,PLAIN-291,first stage,0.1517621910780354,0.16666666666666666,0.15384615384615385
nfcorpus,PLAIN-291,cross-encoder,0.35895421017163476,1.0,0.15384615384615385
nfcorpus,PLAIN-291,Jev V1,0.2583297509898471,0.25,0.23076923076923078
nfcorpus,PLAIN-291,Jev V2,0.25329540411053186,0.25,0.23076923076923078
nfcorpus,PLAIN-291,Jev V3,0.46900009332067494,1.0,0.23076923076923078
nfcorpus,PLAIN-291,base (MaxSim@10),0.2048342475185909,,
nfcorpus,PLAIN-307,first stage,0.7122630665145961,0.5,1.0
nfcorpus,PLAIN-307,cross-encoder,1.0,1.0,1.0
nfcorpus,PLAIN-307,Jev V1,0.86034433104172,1.0,1.0
nfcorpus,PLAIN-307,Jev V2,0.8529278650606567,1.0,1.0
nfcorpus,PLAIN-307,Jev V3,1.0,1.0,1.0
nfcorpus,PLAIN-307,base (MaxSim@10),0.9674679834891692,,
nfcorpus,PLAIN-320,first stage,0.0,0.0,0.0
nfcorpus,PLAIN-320,cross-encoder,0.0,0.0,0.0
nfcorpus,PLAIN-320,Jev V1,0.0,0.0,0.0
nfcorpus,PLAIN-320,Jev V2,0.0,0.0,0.0
nfcorpus,PLAIN-320,Jev V3,0.0,0.0,0.0
nfcorpus,PLAIN-320,base (MaxSim@10),0.0,,
nfcorpus,PLAIN-332,first stage,0.6131471927654584,1.0,0.5
nfcorpus,PLAIN-332,cross-encoder,0.6131471927654584,1.0,0.5
nfcorpus,PLAIN-332,Jev V1,0.6131471927654584,1.0,0.5
nfcorpus,PLAIN-332,Jev V2,0.6131471927654584,1.0,0.5
nfcorpus,PLAIN-332,Jev V3,0.6131471927654584,1.0,0.5
nfcorpus,PLAIN-332,base (MaxSim@10),0.6131471927654584,,
nfcorpus,PLAIN-344,first stage,0.22006250035918146,0.5,0.03278688524590164
nfcorpus,PLAIN-344,cross-encoder,0.3209596161371144,0.5,0.04918032786885246
nfcorpus,PLAIN-344,Jev V1,0.45206146069817754,1.0,0.04918032786885246
nfcorpus,PLAIN-344,Jev V2,0.3501342980342043,0.5,0.04918032786885246
nfcorpus,PLAIN-344,Jev V3,0.4486578797761311,1.0,0.04918032786885246
nfcorpus,PLAIN-344,base (MaxSim@10),0.2351648647507465,,
nfcorpus,PLAIN-358,first stage,0.0,0.0,0.0
nfcorpus,PLAIN-358,cross-encoder,0.0,0.0,0.0
nfcorpus,PLAIN-358,Jev V1,0.0,0.0,0.0
nfcorpus,PLAIN-358,Jev V2,0.0,0.0,0.0
nfcorpus,PLAIN-358,Jev V3,0.0,0.0,0.0
nfcorpus,PLAIN-358,base (MaxSim@10),0.0,,
nfcorpus,PLAIN-371,first stage,0.38009376671593426,1.0,0.5
nfcorpus,PLAIN-371,cross-encoder,0.6334896111932237,1.0,1.0
nfcorpus,PLAIN-371,Jev V1,0.6199062332840657,1.0,1.0
nfcorpus,PLAIN-371,Jev V2,0.6199062332840657,1.0,1.0
nfcorpus,PLAIN-371,Jev V3,0.38009376671593426,1.0,0.5
nfcorpus,PLAIN-371,base (MaxSim@10),0.3800937667159342,,
nfcorpus,PLAIN-383,first stage,0.21398626473452756,0.5,0.2
nfcorpus,PLAIN-383,cross-encoder,0.21398626473452756,0.5,0.2
nfcorpus,PLAIN-383,Jev V1,0.16958010263680806,0.3333333333333333,0.2
nfcorpus,PLAIN-383,Jev V2,0.13120507751234178,0.2,0.2
nfcorpus,PLAIN-383,Jev V3,0.13120507751234178,0.2,0.2
nfcorpus,PLAIN-383,base (MaxSim@10),0.1460683498427064,,
nfcorpus,PLAIN-395,first stage,0.0,0.0,0.0
nfcorpus,PLAIN-395,cross-encoder,0.0,0.0,0.0
nfcorpus,PLAIN-395,Jev V1,0.0,0.0,0.0
nfcorpus,PLAIN-395,Jev V2,0.0,0.0,0.0
nfcorpus,PLAIN-395,Jev V3,0.0,0.0,0.0
nfcorpus,PLAIN-395,base (MaxSim@10),0.0,,
nfcorpus,PLAIN-407,first stage,0.6387878864795979,1.0,0.3333333333333333
nfcorpus,PLAIN-407,cross-encoder,0.6387878864795979,1.0,0.3333333333333333
nfcorpus,PLAIN-407,Jev V1,0.6387878864795979,1.0,0.3333333333333333
nfcorpus,PLAIN-407,Jev V2,0.6387878864795979,1.0,0.3333333333333333
nfcorpus,PLAIN-407,Jev V3,0.6387878864795979,1.0,0.3333333333333333
nfcorpus,PLAIN-407,base (MaxSim@10),0.6387878864795979,,
nfcorpus,PLAIN-418,first stage,0.7974779478881874,1.0,0.6666666666666666
nfcorpus,PLAIN-418,cross-encoder,0.8670870086853021,1.0,0.6666666666666666
nfcorpus,PLAIN-418,Jev V1,0.8670870086853021,1.0,0.6666666666666666
nfcorpus,PLAIN-418,Jev V2,0.8670870086853021,1.0,0.6666666666666666
nfcorpus,PLAIN-418,Jev V3,0.8670870086853021,1.0,0.6666666666666666
nfcorpus,PLAIN-418,base (MaxSim@10),0.7974779478881874,,
nfcorpus,PLAIN-430,first stage,0.5312528594318726,1.0,0.375
nfcorpus,PLAIN-430,cross-encoder,0.5758211900829147,1.0,0.375
nfcorpus,PLAIN-430,Jev V1,0.4726015064276488,1.0,0.25
nfcorpus,PLAIN-430,Jev V2,0.4726015064276488,1.0,0.25
nfcorpus,PLAIN-430,Jev V3,0.569192935415262,1.0,0.375
nfcorpus,PLAIN-430,base (MaxSim@10),0.5312528594318726,,
nfcorpus,PLAIN-441,first stage,0.7463470768586832,1.0,0.8
nfcorpus,PLAIN-441,cross-encoder,0.9720511080339677,1.0,1.0
nfcorpus,PLAIN-441,Jev V1,0.7796700873850805,1.0,1.0
nfcorpus,PLAIN-441,Jev V2,0.653424060079178,1.0,0.8
nfcorpus,PLAIN-441,Jev V3,0.6971533001755517,1.0,0.8
nfcorpus,PLAIN-441,base (MaxSim@10),0.777747077360283,,
nfcorpus,PLAIN-457,first stage,0.0,0.0,0.0
nfcorpus,PLAIN-457,cross-encoder,0.0,0.0,0.0
nfcorpus,PLAIN-457,Jev V1,0.0,0.0,0.0
nfcorpus,PLAIN-457,Jev V2,0.0,0.0,0.0
nfcorpus,PLAIN-457,Jev V3,0.0,0.0,0.0
nfcorpus,PLAIN-457,base (MaxSim@10),0.0,,
nfcorpus,PLAIN-468,first stage,0.4260967530293621,1.0,0.2
nfcorpus,PLAIN-468,cross-encoder,0.31974692189928905,0.5,0.2
nfcorpus,PLAIN-468,Jev V1,0.44922026313329605,1.0,0.2
nfcorpus,PLAIN-468,Jev V2,0.31974692189928905,0.5,0.2
nfcorpus,PLAIN-468,Jev V3,0.3018742880262868,0.5,0.2
nfcorpus,PLAIN-468,base (MaxSim@10),0.2641400331850027,,
nfcorpus,PLAIN-478,first stage,0.0,0.0,0.0
nfcorpus,PLAIN-478,cross-encoder,0.0,0.0,0.0
nfcorpus,PLAIN-478,Jev V1,0.0,0.0,0.0
nfcorpus,PLAIN-478,Jev V2,0.0,0.0,0.0
nfcorpus,PLAIN-478,Jev V3,0.0,0.0,0.0
nfcorpus,PLAIN-478,base (MaxSim@10),0.0,,
nfcorpus,PLAIN-488,first stage,1.0,1.0,0.6666666666666666
nfcorpus,PLAIN-488,cross-encoder,0.9337457765456111,1.0,0.6
nfcorpus,PLAIN-488,Jev V1,0.9337457765456111,1.0,0.6
nfcorpus,PLAIN-488,Jev V2,0.9363792118010483,1.0,0.6
nfcorpus,PLAIN-488,Jev V3,0.92663607790064,1.0,0.6
nfcorpus,PLAIN-488,base (MaxSim@10),1.0,,
nfcorpus,PLAIN-499,first stage,0.3187939258847264,0.5,0.08823529411764706
nfcorpus,PLAIN-499,cross-encoder,0.23440650992329992,0.25,0.08823529411764706
nfcorpus,PLAIN-499,Jev V1,0.3718539573761156,1.0,0.08823529411764706
nfcorpus,PLAIN-499,Jev V2,0.2816575879096919,0.5,0.08823529411764706
nfcorpus,PLAIN-499,Jev V3,0.27108847097297994,0.3333333333333333,0.08823529411764706
nfcorpus,PLAIN-499,base (MaxSim@10),0.3340514446642156,,
nfcorpus,PLAIN-510,first stage,0.0,0.0,0.0
nfcorpus,PLAIN-510,cross-encoder,0.30260241349881345,1.0,0.16666666666666666
nfcorpus,PLAIN-510,Jev V1,0.25909036127391766,0.3333333333333333,0.3333333333333333
nfcorpus,PLAIN-510,Jev V2,0.3079834593168982,0.5,0.3333333333333333
nfcorpus,PLAIN-510,Jev V3,0.22485174766247445,0.2,0.3333333333333333
nfcorpus,PLAIN-510,base (MaxSim@10),0.0,,
nfcorpus,PLAIN-520,first stage,0.0,0.0,0.0
nfcorpus,PLAIN-520,cross-encoder,0.0,0.0,0.0
nfcorpus,PLAIN-520,Jev V1,0.0,0.0,0.0
nfcorpus,PLAIN-520,Jev V2,0.0,0.0,0.0
nfcorpus,PLAIN-520,Jev V3,0.0,0.0,0.0
nfcorpus,PLAIN-520,base (MaxSim@10),0.0,,
nfcorpus,PLAIN-531,first stage,0.485813635742251,0.5,0.016233766233766232
nfcorpus,PLAIN-531,cross-encoder,0.41628452663299526,0.3333333333333333,0.016233766233766232
nfcorpus,PLAIN-531,Jev V1,0.59932948189937,1.0,0.01948051948051948
nfcorpus,PLAIN-531,Jev V2,0.5420423054868792,1.0,0.016233766233766232
nfcorpus,PLAIN-531,Jev V3,0.6214011939609387,0.5,0.022727272727272728
nfcorpus,PLAIN-531,base (MaxSim@10),0.4490337875200925,,
nfcorpus,PLAIN-541,first stage,0.29178833734520576,0.5,0.3333333333333333
nfcorpus,PLAIN-541,cross-encoder,0.21793006430423467,0.2,0.3333333333333333
nfcorpus,PLAIN-541,Jev V1,0.5842273861585908,1.0,0.5
nfcorpus,PLAIN-541,Jev V2,0.5107574098602351,1.0,0.5
nfcorpus,PLAIN-541,Jev V3,0.5709662133861837,1.0,0.5
nfcorpus,PLAIN-541,base (MaxSim@10),0.2125230262274308,,
nfcorpus,PLAIN-551,first stage,0.6131471927654584,1.0,0.5
nfcorpus,PLAIN-551,cross-encoder,0.3065735963827292,0.3333333333333333,0.5
nfcorpus,PLAIN-551,Jev V1,0.6131471927654584,1.0,0.5
nfcorpus,PLAIN-551,Jev V2,0.6131471927654584,1.0,0.5
nfcorpus,PLAIN-551,Jev V3,0.6131471927654584,1.0,0.5
nfcorpus,PLAIN-551,base (MaxSim@10),0.6131471927654584,,
nfcorpus,PLAIN-561,first stage,0.35895421017163476,1.0,0.08
nfcorpus,PLAIN-561,cross-encoder,0.35895421017163476,1.0,0.08
nfcorpus,PLAIN-561,Jev V1,0.35895421017163476,1.0,0.08
nfcorpus,PLAIN-561,Jev V2,0.35895421017163476,1.0,0.08
nfcorpus,PLAIN-561,Jev V3,0.35895421017163476,1.0,0.08
nfcorpus,PLAIN-561,base (MaxSim@10),0.3589542101716347,,
nfcorpus,PLAIN-571,first stage,0.2918104499436024,0.5,0.2857142857142857
nfcorpus,PLAIN-571,cross-encoder,0.38121301394452073,1.0,0.2857142857142857
nfcorpus,PLAIN-571,Jev V1,0.2558209594125084,0.3333333333333333,0.2857142857142857
nfcorpus,PLAIN-571,Jev V2,0.3232319269201427,0.3333333333333333,0.42857142857142855
nfcorpus,PLAIN-571,Jev V3,0.24377484748737527,0.3333333333333333,0.2857142857142857
nfcorpus,PLAIN-571,base (MaxSim@10),0.2797643380184693,,
nfcorpus,PLAIN-583,first stage,0.0,0.0,0.0
nfcorpus,PLAIN-583,cross-encoder,0.0,0.0,0.0
nfcorpus,PLAIN-583,Jev V1,0.0,0.0,0.0
nfcorpus,PLAIN-583,Jev V2,0.0,0.0,0.0
nfcorpus,PLAIN-583,Jev V3,0.0,0.0,0.0
nfcorpus,PLAIN-583,base (MaxSim@10),0.0,,
nfcorpus,PLAIN-593,first stage,0.46927872602275644,1.0,0.3333333333333333
nfcorpus,PLAIN-593,cross-encoder,0.2960819109658652,0.5,0.3333333333333333
nfcorpus,PLAIN-593,Jev V1,0.46927872602275644,1.0,0.3333333333333333
nfcorpus,PLAIN-593,Jev V2,0.46927872602275644,1.0,0.3333333333333333
nfcorpus,PLAIN-593,Jev V3,0.46927872602275644,1.0,0.3333333333333333
nfcorpus,PLAIN-593,base (MaxSim@10),0.4692787260227564,,
nfcorpus,PLAIN-603,first stage,0.0,0.0,0.0
nfcorpus,PLAIN-603,cross-encoder,0.0,0.0,0.0
nfcorpus,PLAIN-603,Jev V1,0.0,0.0,0.0
nfcorpus,PLAIN-603,Jev V2,0.0,0.0,0.0
nfcorpus,PLAIN-603,Jev V3,0.0,0.0,0.0
nfcorpus,PLAIN-603,base (MaxSim@10),0.0,,
nfcorpus,PLAIN-613,first stage,0.13886244387355456,0.5,0.1
nfcorpus,PLAIN-613,cross-encoder,0.2200917662980802,1.0,0.1
nfcorpus,PLAIN-613,Jev V1,0.1100458831490401,0.3333333333333333,0.1
nfcorpus,PLAIN-613,Jev V2,0.09478836436955079,0.25,0.1
nfcorpus,PLAIN-613,Jev V3,0.1100458831490401,0.3333333333333333,0.1
nfcorpus,PLAIN-613,base (MaxSim@10),0.1388624438735545,,
nfcorpus,PLAIN-623,first stage,0.24890832702259466,0.5,0.04878048780487805
nfcorpus,PLAIN-623,cross-encoder,0.24890832702259466,0.5,0.04878048780487805
nfcorpus,PLAIN-623,Jev V1,0.3301376494471203,1.0,0.04878048780487805
nfcorpus,PLAIN-623,Jev V2,0.24890832702259466,0.5,0.04878048780487805
nfcorpus,PLAIN-623,Jev V3,0.3301376494471203,1.0,0.04878048780487805
nfcorpus,PLAIN-623,base (MaxSim@10),0.2489083270225946,,
nfcorpus,PLAIN-634,first stage,0.4249260138166711,1.0,0.14285714285714285
nfcorpus,PLAIN-634,cross-encoder,0.45374257454118555,1.0,0.14285714285714285
nfcorpus,PLAIN-634,Jev V1,0.4249260138166711,1.0,0.14285714285714285
nfcorpus,PLAIN-634,Jev V2,0.4152807670887413,1.0,0.14285714285714285
nfcorpus,PLAIN-634,Jev V3,0.4152807670887413,1.0,0.14285714285714285
nfcorpus,PLAIN-634,base (MaxSim@10),0.4537425745411855,,
nfcorpus,PLAIN-645,first stage,0.0,0.0,0.0
nfcorpus,PLAIN-645,cross-encoder,0.0,0.0,0.0
nfcorpus,PLAIN-645,Jev V1,0.0,0.0,0.0
nfcorpus,PLAIN-645,Jev V2,0.0,0.0,0.0
nfcorpus,PLAIN-645,Jev V3,0.0,0.0,0.0
nfcorpus,PLAIN-645,base (MaxSim@10),0.0,,
nfcorpus,PLAIN-660,first stage,0.9337457765456111,1.0,0.018947368421052633
nfcorpus,PLAIN-660,cross-encoder,1.0,1.0,0.021052631578947368
nfcorpus,PLAIN-660,Jev V1,1.0,1.0,0.021052631578947368
nfcorpus,PLAIN-660,Jev V2,1.0,1.0,0.021052631578947368
nfcorpus,PLAIN-660,Jev V3,0.9052116356304495,1.0,0.018947368421052633
nfcorpus,PLAIN-660,base (MaxSim@10),0.9337457765456112,,
nfcorpus,PLAIN-671,first stage,1.0,1.0,1.0
nfcorpus,PLAIN-671,cross-encoder,1.0,1.0,1.0
nfcorpus,PLAIN-671,Jev V1,1.0,1.0,1.0
nfcorpus,PLAIN-671,Jev V2,1.0,1.0,1.0
nfcorpus,PLAIN-671,Jev V3,1.0,1.0,1.0
nfcorpus,PLAIN-671,base (MaxSim@10),1.0,,
nfcorpus,PLAIN-681,first stage,1.0,1.0,1.0
nfcorpus,PLAIN-681,cross-encoder,1.0,1.0,1.0
nfcorpus,PLAIN-681,Jev V1,1.0,1.0,1.0
nfcorpus,PLAIN-681,Jev V2,1.0,1.0,1.0
nfcorpus,PLAIN-681,Jev V3,1.0,1.0,1.0
nfcorpus,PLAIN-681,base (MaxSim@10),1.0,,
nfcorpus,PLAIN-691,first stage,0.0,0.0,0.0
nfcorpus,PLAIN-691,cross-encoder,0.0,0.0,0.0
nfcorpus,PLAIN-691,Jev V1,0.0,0.0,0.0
nfcorpus,PLAIN-691,Jev V2,0.0,0.0,0.0
nfcorpus,PLAIN-691,Jev V3,0.0,0.0,0.0
nfcorpus,PLAIN-691,base (MaxSim@10),0.0,,
nfcorpus,PLAIN-701,first stage,0.510383374527714,1.0,0.375
nfcorpus,PLAIN-701,cross-encoder,0.647939623894138,1.0,0.5
nfcorpus,PLAIN-701,Jev V1,0.586202141404402,1.0,0.5
nfcorpus,PLAIN-701,Jev V2,0.47401203179625306,0.5,0.5
nfcorpus,PLAIN-701,Jev V3,0.586202141404402,1.0,0.5
nfcorpus,PLAIN-701,base (MaxSim@10),0.5390031312763821,,
nfcorpus,PLAIN-711,first stage,0.35895421017163476,1.0,0.03508771929824561
nfcorpus,PLAIN-711,cross-encoder,0.5384313152574522,1.0,0.07017543859649122
nfcorpus,PLAIN-711,Jev V1,0.727329844310522,1.0,0.10526315789473684
nfcorpus,PLAIN-711,Jev V2,0.727329844310522,1.0,0.10526315789473684
nfcorpus,PLAIN-711,Jev V3,0.45374257454118555,1.0,0.05263157894736842
nfcorpus,PLAIN-711,base (MaxSim@10),0.3052348839397012,,
nfcorpus,PLAIN-721,first stage,1.0,1.0,0.4
nfcorpus,PLAIN-721,cross-encoder,1.0,1.0,0.4
nfcorpus,PLAIN-721,Jev V1,1.0,1.0,0.4
nfcorpus,PLAIN-721,Jev V2,1.0,1.0,0.4
nfcorpus,PLAIN-721,Jev V3,1.0,1.0,0.4
nfcorpus,PLAIN-721,base (MaxSim@10),1.0,,
nfcorpus,PLAIN-731,first stage,0.72891152902702,1.0,0.12962962962962962
nfcorpus,PLAIN-731,cross-encoder,0.6618313225363276,1.0,0.1111111111111111
nfcorpus,PLAIN-731,Jev V1,0.727329844310522,1.0,0.1111111111111111
nfcorpus,PLAIN-731,Jev V2,0.7702043899253147,1.0,0.12962962962962962
nfcorpus,PLAIN-731,Jev V3,0.6719377023185356,1.0,0.1111111111111111
nfcorpus,PLAIN-731,base (MaxSim@10),0.6816604510406282,,
nfcorpus,PLAIN-741,first stage,0.6421867266689011,1.0,0.2631578947368421
nfcorpus,PLAIN-741,cross-encoder,0.5072380780124418,0.5,0.2631578947368421
nfcorpus,PLAIN-741,Jev V1,0.715550648768261,1.0,0.3157894736842105
nfcorpus,PLAIN-741,Jev V2,0.7059054020403313,1.0,0.3157894736842105
nfcorpus,PLAIN-741,Jev V3,0.6421867266689011,1.0,0.2631578947368421
nfcorpus,PLAIN-741,base (MaxSim@10),0.6421867266689011,,
nfcorpus,PLAIN-751,first stage,0.0,0.0,0.0
nfcorpus,PLAIN-751,cross-encoder,0.0,0.0,0.0
nfcorpus,PLAIN-751,Jev V1,0.0,0.0,0.0
nfcorpus,PLAIN-751,Jev V2,0.0,0.0,0.0
nfcorpus,PLAIN-751,Jev V3,0.0,0.0,0.0
nfcorpus,PLAIN-751,base (MaxSim@10),0.0,,
nfcorpus,PLAIN-761,first stage,0.15130120674940672,0.3333333333333333,0.16666666666666666
nfcorpus,PLAIN-761,cross-encoder,0.19092086617893467,0.5,0.16666666666666666
nfcorpus,PLAIN-761,Jev V1,0.13032376591037062,0.25,0.16666666666666666
nfcorpus,PLAIN-761,Jev V2,0.13032376591037062,0.25,0.16666666666666666
nfcorpus,PLAIN-761,Jev V3,0.13032376591037062,0.25,0.16666666666666666
nfcorpus,PLAIN-761,base (MaxSim@10),0.1513012067494067,,
nfcorpus,PLAIN-771,first stage,1.0,1.0,1.0
nfcorpus,PLAIN-771,cross-encoder,1.0,1.0,1.0
nfcorpus,PLAIN-771,Jev V1,1.0,1.0,1.0
nfcorpus,PLAIN-771,Jev V2,1.0,1.0,1.0
nfcorpus,PLAIN-771,Jev V3,1.0,1.0,1.0
nfcorpus,PLAIN-771,base (MaxSim@10),1.0,,
nfcorpus,PLAIN-782,first stage,0.0,0.0,0.0
nfcorpus,PLAIN-782,cross-encoder,0.0,0.0,0.0
nfcorpus,PLAIN-782,Jev V1,0.0,0.0,0.0
nfcorpus,PLAIN-782,Jev V2,0.0,0.0,0.0
nfcorpus,PLAIN-782,Jev V3,0.0,0.0,0.0
nfcorpus,PLAIN-782,base (MaxSim@10),0.0,,
nfcorpus,PLAIN-792,first stage,0.4935232796777481,1.0,0.3333333333333333
nfcorpus,PLAIN-792,cross-encoder,0.4935232796777481,1.0,0.3333333333333333
nfcorpus,PLAIN-792,Jev V1,0.4935232796777481,1.0,0.3333333333333333
nfcorpus,PLAIN-792,Jev V2,0.4935232796777481,1.0,0.3333333333333333
nfcorpus,PLAIN-792,Jev V3,0.4935232796777481,1.0,0.3333333333333333
nfcorpus,PLAIN-792,base (MaxSim@10),0.4935232796777481,,
nfcorpus,PLAIN-806,first stage,0.9363792118010483,1.0,0.09375
nfcorpus,PLAIN-806,cross-encoder,0.9052116356304495,1.0,0.09375
nfcorpus,PLAIN-806,Jev V1,1.0,1.0,0.10416666666666667
nfcorpus,PLAIN-806,Jev V2,1.0,1.0,0.10416666666666667
nfcorpus,PLAIN-806,Jev V3,0.9363792118010483,1.0,0.09375
nfcorpus,PLAIN-806,base (MaxSim@10),0.9363792118010484,,
nfcorpus,PLAIN-817,first stage,0.0,0.0,0.0
nfcorpus,PLAIN-817,cross-encoder,0.0,0.0,0.0
nfcorpus,PLAIN-817,Jev V1,0.0,0.0,0.0
nfcorpus,PLAIN-817,Jev V2,0.0,0.0,0.0
nfcorpus,PLAIN-817,Jev V3,0.0,0.0,0.0
nfcorpus,PLAIN-817,base (MaxSim@10),0.0,,
nfcorpus,PLAIN-827,first stage,0.6371523797895857,1.0,0.020491803278688523
nfcorpus,PLAIN-827,cross-encoder,0.6437684113853991,1.0,0.02459016393442623
nfcorpus,PLAIN-827,Jev V1,0.7818048722226502,1.0,0.028688524590163935
nfcorpus,PLAIN-827,Jev V2,0.7753366239771086,1.0,0.028688524590163935
nfcorpus,PLAIN-827,Jev V3,0.6578986223737446,1.0,0.02459016393442623
nfcorpus,PLAIN-827,base (MaxSim@10),0.6122496142821666,,
nfcorpus,PLAIN-838,first stage,0.7767471075223498,1.0,0.6666666666666666
nfcorpus,PLAIN-838,cross-encoder,0.7767471075223498,1.0,0.6666666666666666
nfcorpus,PLAIN-838,Jev V1,0.7767471075223498,1.0,0.6666666666666666
nfcorpus,PLAIN-838,Jev V2,0.7767471075223498,1.0,0.6666666666666666
nfcorpus,PLAIN-838,Jev V3,0.7767471075223498,1.0,0.6666666666666666
nfcorpus,PLAIN-838,base (MaxSim@10),0.7767471075223498,,
nfcorpus,PLAIN-850,first stage,0.6421867266689011,1.0,0.08771929824561403
nfcorpus,PLAIN-850,cross-encoder,0.7819835854675756,1.0,0.12280701754385964
nfcorpus,PLAIN-850,Jev V1,0.7909506325094736,1.0,0.12280701754385964
nfcorpus,PLAIN-850,Jev V2,0.793584067764911,1.0,0.12280701754385964
nfcorpus,PLAIN-850,Jev V3,0.6489315753318466,1.0,0.08771929824561403
nfcorpus,PLAIN-850,base (MaxSim@10),0.6489315753318466,,
nfcorpus,PLAIN-872,first stage,0.0,0.0,0.0
nfcorpus,PLAIN-872,cross-encoder,0.0,0.0,0.0
nfcorpus,PLAIN-872,Jev V1,0.0,0.0,0.0
nfcorpus,PLAIN-872,Jev V2,0.0,0.0,0.0
nfcorpus,PLAIN-872,Jev V3,0.0,0.0,0.0
nfcorpus,PLAIN-872,base (MaxSim@10),0.0,,
nfcorpus,PLAIN-882,first stage,0.7222954974312067,1.0,0.4
nfcorpus,PLAIN-882,cross-encoder,0.6987957033953602,1.0,0.4
nfcorpus,PLAIN-882,Jev V1,0.7471589728148226,1.0,0.4666666666666667
nfcorpus,PLAIN-882,Jev V2,0.7529694065526482,1.0,0.4666666666666667
nfcorpus,PLAIN-882,Jev V3,0.7222954974312067,1.0,0.4
nfcorpus,PLAIN-882,base (MaxSim@10),0.7034066032439749,,
nfcorpus,PLAIN-892,first stage,0.7859162856301584,1.0,0.07608695652173914
nfcorpus,PLAIN-892,cross-encoder,0.8006937664098821,1.0,0.07608695652173914
nfcorpus,PLAIN-892,Jev V1,0.8643145546088339,1.0,0.08695652173913043
nfcorpus,PLAIN-892,Jev V2,0.8006937664098821,1.0,0.07608695652173914
nfcorpus,PLAIN-892,Jev V3,0.7859162856301584,1.0,0.07608695652173914
nfcorpus,PLAIN-892,base (MaxSim@10),0.8006937664098821,,
nfcorpus,PLAIN-902,first stage,0.6366824387328317,1.0,0.5
nfcorpus,PLAIN-902,cross-encoder,0.6366824387328317,1.0,0.5
nfcorpus,PLAIN-902,Jev V1,0.6366824387328317,1.0,0.5
nfcorpus,PLAIN-902,Jev V2,0.6366824387328317,1.0,0.5
nfcorpus,PLAIN-902,Jev V3,0.6366824387328317,1.0,0.5
nfcorpus,PLAIN-902,base (MaxSim@10),0.6366824387328317,,
nfcorpus,PLAIN-913,first stage,0.8630152897016883,1.0,0.23529411764705882
nfcorpus,PLAIN-913,cross-encoder,0.7849818707050383,1.0,0.20588235294117646
nfcorpus,PLAIN-913,Jev V1,0.8701249883466594,1.0,0.23529411764705882
nfcorpus,PLAIN-913,Jev V2,0.8669479898642711,1.0,0.23529411764705882
nfcorpus,PLAIN-913,Jev V3,0.8630152897016883,1.0,0.23529411764705882
nfcorpus,PLAIN-913,base (MaxSim@10),0.8263333286520084,,
nfcorpus,PLAIN-924,first stage,0.2200917662980802,1.0,0.03125
nfcorpus,PLAIN-924,cross-encoder,0.2200917662980802,1.0,0.03125
nfcorpus,PLAIN-924,Jev V1,0.35895421017163476,1.0,0.0625
nfcorpus,PLAIN-924,Jev V2,0.35895421017163476,1.0,0.0625
nfcorpus,PLAIN-924,Jev V3,0.2200917662980802,1.0,0.03125
nfcorpus,PLAIN-924,base (MaxSim@10),0.2200917662980802,,
nfcorpus,PLAIN-934,first stage,0.6496872770120412,1.0,0.0594059405940594
nfcorpus,PLAIN-934,cross-encoder,0.6468562235661909,0.5,0.06930693069306931
nfcorpus,PLAIN-934,Jev V1,0.4380892758850172,0.5,0.04950495049504951
nfcorpus,PLAIN-934,Jev V2,0.5964984284535197,0.5,0.06930693069306931
nfcorpus,PLAIN-934,Jev V3,0.5868720866710774,1.0,0.0594059405940594
nfcorpus,PLAIN-934,base (MaxSim@10),0.7084409501232901,,
nfcorpus,PLAIN-946,first stage,0.0,0.0,0.0
nfcorpus,PLAIN-946,cross-encoder,0.0,0.0,0.0
nfcorpus,PLAIN-946,Jev V1,0.1100458831490401,0.3333333333333333,0.03225806451612903
nfcorpus,PLAIN-946,Jev V2,0.1100458831490401,0.3333333333333333,0.03225806451612903
nfcorpus,PLAIN-946,Jev V3,0.09478836436955079,0.25,0.03225806451612903
nfcorpus,PLAIN-946,base (MaxSim@10),0.0,,
nfcorpus,PLAIN-956,first stage,0.6464018466408364,1.0,0.02912621359223301
nfcorpus,PLAIN-956,cross-encoder,0.7100226348397881,1.0,0.03398058252427184
nfcorpus,PLAIN-956,Jev V1,0.6618313225363276,1.0,0.02912621359223301
nfcorpus,PLAIN-956,Jev V2,0.6618313225363276,1.0,0.02912621359223301
nfcorpus,PLAIN-956,Jev V3,0.857980942822373,1.0,0.038834951456310676
nfcorpus,PLAIN-956,base (MaxSim@10),0.6316243658611128,,
nfcorpus,PLAIN-966,first stage,0.0,0.0,0.0
nfcorpus,PLAIN-966,cross-encoder,0.0,0.0,0.0
nfcorpus,PLAIN-966,Jev V1,0.0,0.0,0.0
nfcorpus,PLAIN-966,Jev V2,0.0,0.0,0.0
nfcorpus,PLAIN-966,Jev V3,0.0,0.0,0.0
nfcorpus,PLAIN-966,base (MaxSim@10),0.0,,
nfcorpus,PLAIN-977,first stage,0.46927872602275644,1.0,0.3333333333333333
nfcorpus,PLAIN-977,cross-encoder,0.2960819109658652,0.5,0.3333333333333333
nfcorpus,PLAIN-977,Jev V1,0.46927872602275644,1.0,0.3333333333333333
nfcorpus,PLAIN-977,Jev V2,0.46927872602275644,1.0,0.3333333333333333
nfcorpus,PLAIN-977,Jev V3,0.46927872602275644,1.0,0.3333333333333333
nfcorpus,PLAIN-977,base (MaxSim@10),0.2960819109658652,,
nfcorpus,PLAIN-987,first stage,0.0,0.0,0.0
nfcorpus,PLAIN-987,cross-encoder,0.0,0.0,0.0
nfcorpus,PLAIN-987,Jev V1,0.0,0.0,0.0
nfcorpus,PLAIN-987,Jev V2,0.0,0.0,0.0
nfcorpus,PLAIN-987,Jev V3,0.0,0.0,0.0
nfcorpus,PLAIN-987,base (MaxSim@10),0.0,,
nfcorpus,PLAIN-997,first stage,0.0,0.0,0.0
nfcorpus,PLAIN-997,cross-encoder,0.0,0.0,0.0
nfcorpus,PLAIN-997,Jev V1,0.0,0.0,0.0
nfcorpus,PLAIN-997,Jev V2,0.0,0.0,0.0
nfcorpus,PLAIN-997,Jev V3,0.0,0.0,0.0
nfcorpus,PLAIN-997,base (MaxSim@10),0.0,,
nfcorpus,PLAIN-1008,first stage,0.0,0.0,0.0
nfcorpus,PLAIN-1008,cross-encoder,0.0,0.0,0.0
nfcorpus,PLAIN-1008,Jev V1,0.0,0.0,0.0
nfcorpus,PLAIN-1008,Jev V2,0.0,0.0,0.0
nfcorpus,PLAIN-1008,Jev V3,0.0,0.0,0.0
nfcorpus,PLAIN-1008,base (MaxSim@10),0.0,,
nfcorpus,PLAIN-1018,first stage,0.2915590498767101,0.2,0.06666666666666667
nfcorpus,PLAIN-1018,cross-encoder,0.412449713642891,0.5,0.06666666666666667
nfcorpus,PLAIN-1018,Jev V1,0.5708588662113935,0.5,0.1
nfcorpus,PLAIN-1018,Jev V2,0.6906478832608419,1.0,0.1
nfcorpus,PLAIN-1018,Jev V3,0.3129834921469008,0.25,0.06666666666666667
nfcorpus,PLAIN-1018,base (MaxSim@10),0.3503127229879589,,
nfcorpus,PLAIN-1028,first stage,0.0,0.0,0.0
nfcorpus,PLAIN-1028,cross-encoder,0.0,0.0,0.0
nfcorpus,PLAIN-1028,Jev V1,0.0,0.0,0.0
nfcorpus,PLAIN-1028,Jev V2,0.0,0.0,0.0
nfcorpus,PLAIN-1028,Jev V3,0.0,0.0,0.0
nfcorpus,PLAIN-1028,base (MaxSim@10),0.0,,
nfcorpus,PLAIN-1039,first stage,1.0,1.0,1.0
nfcorpus,PLAIN-1039,cross-encoder,1.0,1.0,1.0
nfcorpus,PLAIN-1039,Jev V1,1.0,1.0,1.0
nfcorpus,PLAIN-1039,Jev V2,1.0,1.0,1.0
nfcorpus,PLAIN-1039,Jev V3,1.0,1.0,1.0
nfcorpus,PLAIN-1039,base (MaxSim@10),1.0,,
nfcorpus,PLAIN-1050,first stage,0.0,0.0,0.0
nfcorpus,PLAIN-1050,cross-encoder,0.09478836436955079,0.25,0.010638297872340425
nfcorpus,PLAIN-1050,Jev V1,0.1100458831490401,0.3333333333333333,0.010638297872340425
nfcorpus,PLAIN-1050,Jev V2,0.1100458831490401,0.3333333333333333,0.010638297872340425
nfcorpus,PLAIN-1050,Jev V3,0.1100458831490401,0.3333333333333333,0.010638297872340425
nfcorpus,PLAIN-1050,base (MaxSim@10),0.0,,
nfcorpus,PLAIN-1066,first stage,0.0,0.0,0.0
nfcorpus,PLAIN-1066,cross-encoder,0.0,0.0,0.0
nfcorpus,PLAIN-1066,Jev V1,0.0,0.0,0.0
nfcorpus,PLAIN-1066,Jev V2,0.0,0.0,0.0
nfcorpus,PLAIN-1066,Jev V3,0.0,0.0,0.0
nfcorpus,PLAIN-1066,base (MaxSim@10),0.0,,
nfcorpus,PLAIN-1088,first stage,0.5531464700081437,1.0,0.4
nfcorpus,PLAIN-1088,cross-encoder,0.5531464700081437,1.0,0.4
nfcorpus,PLAIN-1088,Jev V1,0.5531464700081437,1.0,0.4
nfcorpus,PLAIN-1088,Jev V2,0.5531464700081437,1.0,0.4
nfcorpus,PLAIN-1088,Jev V3,0.5531464700081437,1.0,0.4
nfcorpus,PLAIN-1088,base (MaxSim@10),0.5531464700081437,,
nfcorpus,PLAIN-1098,first stage,0.0,0.0,0.0
nfcorpus,PLAIN-1098,cross-encoder,0.0,0.0,0.0
nfcorpus,PLAIN-1098,Jev V1,0.0,0.0,0.0
nfcorpus,PLAIN-1098,Jev V2,0.0,0.0,0.0
nfcorpus,PLAIN-1098,Jev V3,0.0,0.0,0.0
nfcorpus,PLAIN-1098,base (MaxSim@10),0.0,,
nfcorpus,PLAIN-1109,first stage,0.7467045958894682,1.0,0.07142857142857142
nfcorpus,PLAIN-1109,cross-encoder,0.5957616317188127,1.0,0.05102040816326531
nfcorpus,PLAIN-1109,Jev V1,0.5797827732044221,1.0,0.05102040816326531
nfcorpus,PLAIN-1109,Jev V2,0.5680035776621611,1.0,0.05102040816326531
nfcorpus,PLAIN-1109,Jev V3,0.7467045958894682,1.0,0.07142857142857142
nfcorpus,PLAIN-1109,base (MaxSim@10),0.7630946912803437,,
nfcorpus,PLAIN-1119,first stage,0.0,0.0,0.0
nfcorpus,PLAIN-1119,cross-encoder,0.0,0.0,0.0
nfcorpus,PLAIN-1119,Jev V1,0.0,0.0,0.0
nfcorpus,PLAIN-1119,Jev V2,0.0,0.0,0.0
nfcorpus,PLAIN-1119,Jev V3,0.0,0.0,0.0
nfcorpus,PLAIN-1119,base (MaxSim@10),0.0,,
nfcorpus,PLAIN-1130,first stage,1.0,1.0,1.0
nfcorpus,PLAIN-1130,cross-encoder,1.0,1.0,1.0
nfcorpus,PLAIN-1130,Jev V1,1.0,1.0,1.0
nfcorpus,PLAIN-1130,Jev V2,1.0,1.0,1.0
nfcorpus,PLAIN-1130,Jev V3,1.0,1.0,1.0
nfcorpus,PLAIN-1130,base (MaxSim@10),1.0,,
nfcorpus,PLAIN-1141,first stage,0.36288691033421755,1.0,0.1875
nfcorpus,PLAIN-1141,cross-encoder,0.20511666732794362,0.5,0.125
nfcorpus,PLAIN-1141,Jev V1,0.27426546945536817,0.3333333333333333,0.1875
nfcorpus,PLAIN-1141,Jev V2,0.3120490772217807,0.5,0.1875
nfcorpus,PLAIN-1141,Jev V3,0.20829366581033185,0.5,0.125
nfcorpus,PLAIN-1141,base (MaxSim@10),0.3688556721386529,,
nfcorpus,PLAIN-1151,first stage,0.46035860613699897,0.5,0.032679738562091505
nfcorpus,PLAIN-1151,cross-encoder,0.26845503571754264,0.3333333333333333,0.0196078431372549
nfcorpus,PLAIN-1151,Jev V1,0.513528549750033,1.0,0.026143790849673203
nfcorpus,PLAIN-1151,Jev V2,0.535254316775064,1.0,0.026143790849673203
nfcorpus,PLAIN-1151,Jev V3,0.5669450709942983,1.0,0.032679738562091505
nfcorpus,PLAIN-1151,base (MaxSim@10),0.4451989745299882,,
nfcorpus,PLAIN-1161,first stage,0.0,0.0,0.0
nfcorpus,PLAIN-1161,cross-encoder,0.0,0.0,0.0
nfcorpus,PLAIN-1161,Jev V1,0.0,0.0,0.0
nfcorpus,PLAIN-1161,Jev V2,0.0,0.0,0.0
nfcorpus,PLAIN-1161,Jev V3,0.0,0.0,0.0
nfcorpus,PLAIN-1161,base (MaxSim@10),0.0,,
nfcorpus,PLAIN-1172,first stage,0.2200917662980802,1.0,0.05263157894736842
nfcorpus,PLAIN-1172,cross-encoder,0.2200917662980802,1.0,0.05263157894736842
nfcorpus,PLAIN-1172,Jev V1,0.2200917662980802,1.0,0.05263157894736842
nfcorpus,PLAIN-1172,Jev V2,0.2200917662980802,1.0,0.05263157894736842
nfcorpus,PLAIN-1172,Jev V3,0.2200917662980802,1.0,0.05263157894736842
nfcorpus,PLAIN-1172,base (MaxSim@10),0.2200917662980802,,
nfcorpus,PLAIN-1183,first stage,0.314880130667631,1.0,0.08
nfcorpus,PLAIN-1183,cross-encoder,0.06943122193677728,0.125,0.04
nfcorpus,PLAIN-1183,Jev V1,0.2024832320725063,0.5,0.08
nfcorpus,PLAIN-1183,Jev V2,0.2024832320725063,0.5,0.08
nfcorpus,PLAIN-1183,Jev V3,0.3052348839397012,1.0,0.08
nfcorpus,PLAIN-1183,base (MaxSim@10),0.1799314820111718,,
nfcorpus,PLAIN-1193,first stage,0.08514311764162101,0.2,0.05555555555555555
nfcorpus,PLAIN-1193,cross-encoder,0.13886244387355456,0.5,0.05555555555555555
nfcorpus,PLAIN-1193,Jev V1,0.13886244387355456,0.5,0.05555555555555555
nfcorpus,PLAIN-1193,Jev V2,0.13886244387355456,0.5,0.05555555555555555
nfcorpus,PLAIN-1193,Jev V3,0.1100458831490401,0.3333333333333333,0.05555555555555555
nfcorpus,PLAIN-1193,base (MaxSim@10),0.0947883643695507,,
nfcorpus,PLAIN-1203,first stage,0.35895421017163476,1.0,0.16666666666666666
nfcorpus,PLAIN-1203,cross-encoder,0.45374257454118555,1.0,0.25
nfcorpus,PLAIN-1203,Jev V1,0.35895421017163476,1.0,0.16666666666666666
nfcorpus,PLAIN-1203,Jev V2,0.3301376494471203,1.0,0.16666666666666666
nfcorpus,PLAIN-1203,Jev V3,0.35895421017163476,1.0,0.16666666666666666
nfcorpus,PLAIN-1203,base (MaxSim@10),0.3589542101716347,,
nfcorpus,PLAIN-1214,first stage,0.0,0.0,0.0
nfcorpus,PLAIN-1214,cross-encoder,0.0,0.0,0.0
nfcorpus,PLAIN-1214,Jev V1,0.0,0.0,0.0
nfcorpus,PLAIN-1214,Jev V2,0.0,0.0,0.0
nfcorpus,PLAIN-1214,Jev V3,0.0,0.0,0.0
nfcorpus,PLAIN-1214,base (MaxSim@10),0.0,,
nfcorpus,PLAIN-1225,first stage,0.6399441431116328,1.0,0.2222222222222222
nfcorpus,PLAIN-1225,cross-encoder,0.39794789654359625,0.25,0.18518518518518517
nfcorpus,PLAIN-1225,Jev V1,0.699473903081392,1.0,0.2222222222222222
nfcorpus,PLAIN-1225,Jev V2,0.7534494445524139,1.0,0.25925925925925924
nfcorpus,PLAIN-1225,Jev V3,0.7849818707050383,1.0,0.25925925925925924
nfcorpus,PLAIN-1225,base (MaxSim@10),0.6366587127404282,,
nfcorpus,PLAIN-1236,first stage,0.3391602052736161,1.0,0.2
nfcorpus,PLAIN-1236,cross-encoder,0.3391602052736161,1.0,0.2
nfcorpus,PLAIN-1236,Jev V1,0.3391602052736161,1.0,0.2
nfcorpus,PLAIN-1236,Jev V2,0.3391602052736161,1.0,0.2
nfcorpus,PLAIN-1236,Jev V3,0.3391602052736161,1.0,0.2
nfcorpus,PLAIN-1236,base (MaxSim@10),0.3391602052736161,,
nfcorpus,PLAIN-1249,first stage,0.0,0.0,0.0
nfcorpus,PLAIN-1249,cross-encoder,0.0,0.0,0.0
nfcorpus,PLAIN-1249,Jev V1,0.0,0.0,0.0
nfcorpus,PLAIN-1249,Jev V2,0.0,0.0,0.0
nfcorpus,PLAIN-1249,Jev V3,0.0,0.0,0.0
nfcorpus,PLAIN-1249,base (MaxSim@10),0.0,,
nfcorpus,PLAIN-1262,first stage,0.46900009332067494,1.0,0.3
nfcorpus,PLAIN-1262,cross-encoder,0.46900009332067494,1.0,0.3
nfcorpus,PLAIN-1262,Jev V1,0.46900009332067494,1.0,0.3
nfcorpus,PLAIN-1262,Jev V2,0.45374257454118555,1.0,0.3
nfcorpus,PLAIN-1262,Jev V3,0.46900009332067494,1.0,0.3
nfcorpus,PLAIN-1262,base (MaxSim@10),0.4690000933206749,,
nfcorpus,PLAIN-1275,first stage,0.5894280199323519,1.0,0.09090909090909091
nfcorpus,PLAIN-1275,cross-encoder,0.5541432109622959,1.0,0.07272727272727272
nfcorpus,PLAIN-1275,Jev V1,0.6086182388744241,1.0,0.09090909090909091
nfcorpus,PLAIN-1275,Jev V2,0.611019150498302,1.0,0.09090909090909091
nfcorpus,PLAIN-1275,Jev V3,0.5894280199323519,1.0,0.09090909090909091
nfcorpus,PLAIN-1275,base (MaxSim@10),0.5887498202463202,,
nfcorpus,PLAIN-1288,first stage,0.42883980903376645,0.5,0.02040816326530612
nfcorpus,PLAIN-1288,cross-encoder,0.5552448576790283,0.5,0.030612244897959183
nfcorpus,PLAIN-1288,Jev V1,0.7605591431973849,1.0,0.03571428571428571
nfcorpus,PLAIN-1288,Jev V2,0.7065632165480473,1.0,0.03571428571428571
nfcorpus,PLAIN-1288,Jev V3,0.6378891765242929,0.5,0.03571428571428571
nfcorpus,PLAIN-1288,base (MaxSim@10),0.510069131458292,,
nfcorpus,PLAIN-1299,first stage,0.2200917662980802,1.0,0.01639344262295082
nfcorpus,PLAIN-1299,cross-encoder,0.3301376494471203,1.0,0.03278688524590164
nfcorpus,PLAIN-1299,Jev V1,0.3301376494471203,1.0,0.03278688524590164
nfcorpus,PLAIN-1299,Jev V2,0.314880130667631,1.0,0.03278688524590164
nfcorpus,PLAIN-1299,Jev V3,0.2200917662980802,1.0,0.01639344262295082
nfcorpus,PLAIN-1299,base (MaxSim@10),0.2200917662980802,,
nfcorpus,PLAIN-1309,first stage,0.0,0.0,0.0
nfcorpus,PLAIN-1309,cross-encoder,0.0,0.0,0.0
nfcorpus,PLAIN-1309,Jev V1,0.0,0.0,0.0
nfcorpus,PLAIN-1309,Jev V2,0.0,0.0,0.0
nfcorpus,PLAIN-1309,Jev V3,0.0,0.0,0.0
nfcorpus,PLAIN-1309,base (MaxSim@10),0.0,,
nfcorpus,PLAIN-1320,first stage,0.4935232796777481,1.0,0.3333333333333333
nfcorpus,PLAIN-1320,cross-encoder,0.3212446320893053,0.5,0.3333333333333333
nfcorpus,PLAIN-1320,Jev V1,0.3422220729283414,0.5,0.3333333333333333
nfcorpus,PLAIN-1320,Jev V2,0.3422220729283414,0.5,0.3333333333333333
nfcorpus,PLAIN-1320,Jev V3,0.4539036202482202,1.0,0.3333333333333333
nfcorpus,PLAIN-1320,base (MaxSim@10),0.4935232796777481,,
nfcorpus,PLAIN-1331,first stage,0.0,0.0,0.0
nfcorpus,PLAIN-1331,cross-encoder,0.0,0.0,0.0
nfcorpus,PLAIN-1331,Jev V1,0.0,0.0,0.0
nfcorpus,PLAIN-1331,Jev V2,0.0,0.0,0.0
nfcorpus,PLAIN-1331,Jev V3,0.0,0.0,0.0
nfcorpus,PLAIN-1331,base (MaxSim@10),0.0,,
nfcorpus,PLAIN-1342,first stage,0.5328965452000555,1.0,0.3125
nfcorpus,PLAIN-1342,cross-encoder,0.45699707501773656,1.0,0.25
nfcorpus,PLAIN-1342,Jev V1,0.49435723575344837,1.0,0.25
nfcorpus,PLAIN-1342,Jev V2,0.5199967979955746,1.0,0.25
nfcorpus,PLAIN-1342,Jev V3,0.5933607200949347,1.0,0.3125
nfcorpus,PLAIN-1342,base (MaxSim@10),0.5580759111248786,,
nfcorpus,PLAIN-1353,first stage,0.0,0.0,0.0
nfcorpus,PLAIN-1353,cross-encoder,0.0,0.0,0.0
nfcorpus,PLAIN-1353,Jev V1,0.0,0.0,0.0
nfcorpus,PLAIN-1353,Jev V2,0.0,0.0,0.0
nfcorpus,PLAIN-1353,Jev V3,0.0,0.0,0.0
nfcorpus,PLAIN-1353,base (MaxSim@10),0.0,,
nfcorpus,PLAIN-1363,first stage,0.1100458831490401,0.3333333333333333,0.09090909090909091
nfcorpus,PLAIN-1363,cross-encoder,0.2200917662980802,1.0,0.09090909090909091
nfcorpus,PLAIN-1363,Jev V1,0.2200917662980802,1.0,0.09090909090909091
nfcorpus,PLAIN-1363,Jev V2,0.2200917662980802,1.0,0.09090909090909091
nfcorpus,PLAIN-1363,Jev V3,0.2200917662980802,1.0,0.09090909090909091
nfcorpus,PLAIN-1363,base (MaxSim@10),0.2200917662980802,,
nfcorpus,PLAIN-1374,first stage,0.0,0.0,0.0
nfcorpus,PLAIN-1374,cross-encoder,0.0,0.0,0.0
nfcorpus,PLAIN-1374,Jev V1,0.0,0.0,0.0
nfcorpus,PLAIN-1374,Jev V2,0.0,0.0,0.0
nfcorpus,PLAIN-1374,Jev V3,0.0,0.0,0.0
nfcorpus,PLAIN-1374,base (MaxSim@10),0.0,,
nfcorpus,PLAIN-1387,first stage,0.6489315753318466,1.0,0.4166666666666667
nfcorpus,PLAIN-1387,cross-encoder,0.5631102580041939,1.0,0.4166666666666667
nfcorpus,PLAIN-1387,Jev V1,0.6652907408280684,1.0,0.5
nfcorpus,PLAIN-1387,Jev V2,0.6364741801035539,1.0,0.5
nfcorpus,PLAIN-1387,Jev V3,0.6371523797895857,1.0,0.4166666666666667
nfcorpus,PLAIN-1387,base (MaxSim@10),0.6421867266689011,,
nfcorpus,PLAIN-1398,first stage,1.0,1.0,0.0970873786407767
nfcorpus,PLAIN-1398,cross-encoder,1.0,1.0,0.0970873786407767
nfcorpus,PLAIN-1398,Jev V1,1.0,1.0,0.0970873786407767
nfcorpus,PLAIN-1398,Jev V2,1.0,1.0,0.0970873786407767
nfcorpus,PLAIN-1398,Jev V3,1.0,1.0,0.0970873786407767
nfcorpus,PLAIN-1398,base (MaxSim@10),1.0,,
nfcorpus,PLAIN-1409,first stage,0.5252098581198154,0.5,0.023715415019762844
nfcorpus,PLAIN-1409,cross-encoder,0.4354747455750673,1.0,0.015810276679841896
nfcorpus,PLAIN-1409,Jev V1,0.7164850636933813,1.0,0.02766798418972332
nfcorpus,PLAIN-1409,Jev V2,0.5734923014668308,0.5,0.023715415019762844
nfcorpus,PLAIN-1409,Jev V3,0.4608129830623534,0.5,0.019762845849802372
nfcorpus,PLAIN-1409,base (MaxSim@10),0.5113553108118987,,
nfcorpus,PLAIN-1419,first stage,0.4152807670887413,1.0,0.046153846153846156
nfcorpus,PLAIN-1419,cross-encoder,0.5107164012496702,1.0,0.06153846153846154
nfcorpus,PLAIN-1419,Jev V1,0.5017493542077721,1.0,0.06153846153846154
nfcorpus,PLAIN-1419,Jev V2,0.5107164012496702,1.0,0.06153846153846154
nfcorpus,PLAIN-1419,Jev V3,0.4323181322709948,1.0,0.046153846153846156
nfcorpus,PLAIN-1419,base (MaxSim@10),0.3187939258847264,,
nfcorpus,PLAIN-1429,first stage,0.0,0.0,0.0
nfcorpus,PLAIN-1429,cross-encoder,0.0,0.0,0.0
nfcorpus,PLAIN-1429,Jev V1,0.0,0.0,0.0
nfcorpus,PLAIN-1429,Jev V2,0.0,0.0,0.0
nfcorpus,PLAIN-1429,Jev V3,0.0,0.0,0.0
nfcorpus,PLAIN-1429,base (MaxSim@10),0.0,,
nfcorpus,PLAIN-1441,first stage,0.4671223597454321,1.0,0.021505376344086023
nfcorpus,PLAIN-1441,cross-encoder,0.34685330469621795,0.3333333333333333,0.021505376344086023
nfcorpus,PLAIN-1441,Jev V1,0.5739723394665965,1.0,0.026881720430107527
nfcorpus,PLAIN-1441,Jev V2,0.39842793454336195,0.3333333333333333,0.026881720430107527
nfcorpus,PLAIN-1441,Jev V3,0.6780494608112013,1.0,0.03225806451612903
nfcorpus,PLAIN-1441,base (MaxSim@10),0.4946396555628011,,
nfcorpus,PLAIN-1453,first stage,0.34527837610864365,0.5,0.0163265306122449
nfcorpus,PLAIN-1453,cross-encoder,0.5428183923453894,1.0,0.02040816326530612
nfcorpus,PLAIN-1453,Jev V1,0.5239294981581574,1.0,0.02040816326530612
nfcorpus,PLAIN-1453,Jev V2,0.5481351590340574,0.5,0.024489795918367346
nfcorpus,PLAIN-1453,Jev V3,0.6293644814585829,1.0,0.024489795918367346
nfcorpus,PLAIN-1453,base (MaxSim@10),0.4595326231006953,,
nfcorpus,PLAIN-1463,first stage,0.4085359184257956,1.0,0.125
nfcorpus,PLAIN-1463,cross-encoder,0.4085359184257956,1.0,0.125
nfcorpus,PLAIN-1463,Jev V1,0.4131279133289228,0.5,0.16666666666666666
nfcorpus,PLAIN-1463,Jev V2,0.4074153667635757,0.5,0.16666666666666666
nfcorpus,PLAIN-1463,Jev V3,0.3151625504769837,0.5,0.125
nfcorpus,PLAIN-1463,base (MaxSim@10),0.4252084336260238,,
nfcorpus,PLAIN-1473,first stage,1.0,1.0,1.0
nfcorpus,PLAIN-1473,cross-encoder,1.0,1.0,1.0
nfcorpus,PLAIN-1473,Jev V1,1.0,1.0,1.0
nfcorpus,PLAIN-1473,Jev V2,1.0,1.0,1.0
nfcorpus,PLAIN-1473,Jev V3,1.0,1.0,1.0
nfcorpus,PLAIN-1473,base (MaxSim@10),1.0,,
nfcorpus,PLAIN-1485,first stage,0.0,0.0,0.0
nfcorpus,PLAIN-1485,cross-encoder,0.0,0.0,0.0
nfcorpus,PLAIN-1485,Jev V1,0.0,0.0,0.0
nfcorpus,PLAIN-1485,Jev V2,0.0,0.0,0.0
nfcorpus,PLAIN-1485,Jev V3,0.0,0.0,0.0
nfcorpus,PLAIN-1485,base (MaxSim@10),0.0,,
nfcorpus,PLAIN-1496,first stage,0.0,0.0,0.0
nfcorpus,PLAIN-1496,cross-encoder,0.0,0.0,0.0
nfcorpus,PLAIN-1496,Jev V1,0.0,0.0,0.0
nfcorpus,PLAIN-1496,Jev V2,0.0,0.0,0.0
nfcorpus,PLAIN-1496,Jev V3,0.0,0.0,0.0
nfcorpus,PLAIN-1496,base (MaxSim@10),0.0,,
nfcorpus,PLAIN-1506,first stage,0.13886244387355456,0.5,0.06666666666666667
nfcorpus,PLAIN-1506,cross-encoder,0.13886244387355456,0.5,0.06666666666666667
nfcorpus,PLAIN-1506,Jev V1,0.2200917662980802,1.0,0.06666666666666667
nfcorpus,PLAIN-1506,Jev V2,0.2200917662980802,1.0,0.06666666666666667
nfcorpus,PLAIN-1506,Jev V3,0.13886244387355456,0.5,0.06666666666666667
nfcorpus,PLAIN-1506,base (MaxSim@10),0.1388624438735545,,
nfcorpus,PLAIN-1516,first stage,0.0,0.0,0.0
nfcorpus,PLAIN-1516,cross-encoder,0.0,0.0,0.0
nfcorpus,PLAIN-1516,Jev V1,0.0,0.0,0.0
nfcorpus,PLAIN-1516,Jev V2,0.0,0.0,0.0
nfcorpus,PLAIN-1516,Jev V3,0.0,0.0,0.0
nfcorpus,PLAIN-1516,base (MaxSim@10),0.0,,
nfcorpus,PLAIN-1527,first stage,0.8006937664098821,1.0,0.034653465346534656
nfcorpus,PLAIN-1527,cross-encoder,0.7162874455029682,0.5,0.039603960396039604
nfcorpus,PLAIN-1527,Jev V1,0.7759944384848245,1.0,0.039603960396039604
nfcorpus,PLAIN-1527,Jev V2,0.8611375561264456,1.0,0.04455445544554455
nfcorpus,PLAIN-1527,Jev V3,0.8701249883466594,1.0,0.039603960396039604
nfcorpus,PLAIN-1527,base (MaxSim@10),0.7818048722226502,,
nfcorpus,PLAIN-1537,first stage,0.747935059673333,1.0,0.15555555555555556
nfcorpus,PLAIN-1537,cross-encoder,0.5648901044069582,0.5,0.13333333333333333
nfcorpus,PLAIN-1537,Jev V1,0.727329844310522,1.0,0.13333333333333333
nfcorpus,PLAIN-1537,Jev V2,0.7222954974312067,1.0,0.13333333333333333
nfcorpus,PLAIN-1537,Jev V3,0.7846170207230131,1.0,0.15555555555555556
nfcorpus,PLAIN-1537,base (MaxSim@10),0.7027284035579431,,
nfcorpus,PLAIN-1547,first stage,0.0,0.0,0.0
nfcorpus,PLAIN-1547,cross-encoder,0.0,0.0,0.0
nfcorpus,PLAIN-1547,Jev V1,0.0,0.0,0.0
nfcorpus,PLAIN-1547,Jev V2,0.0,0.0,0.0
nfcorpus,PLAIN-1547,Jev V3,0.0,0.0,0.0
nfcorpus,PLAIN-1547,base (MaxSim@10),0.0,,
nfcorpus,PLAIN-1557,first stage,0.22400556151517556,0.5,0.07692307692307693
nfcorpus,PLAIN-1557,cross-encoder,0.15850703974098107,0.2,0.07692307692307693
nfcorpus,PLAIN-1557,Jev V1,0.16354138662029635,0.2,0.07692307692307693
nfcorpus,PLAIN-1557,Jev V2,0.2172607128522299,0.5,0.07692307692307693
nfcorpus,PLAIN-1557,Jev V3,0.24890832702259466,0.5,0.07692307692307693
nfcorpus,PLAIN-1557,base (MaxSim@10),0.2489083270225946,,
nfcorpus,PLAIN-1568,first stage,0.6131471927654584,1.0,0.5
nfcorpus,PLAIN-1568,cross-encoder,1.0,1.0,1.0
nfcorpus,PLAIN-1568,Jev V1,1.0,1.0,1.0
nfcorpus,PLAIN-1568,Jev V2,1.0,1.0,1.0
nfcorpus,PLAIN-1568,Jev V3,1.0,1.0,1.0
nfcorpus,PLAIN-1568,base (MaxSim@10),0.6131471927654584,,
nfcorpus,PLAIN-1579,first stage,0.0,0.0,0.0
nfcorpus,PLAIN-1579,cross-encoder,0.0,0.0,0.0
nfcorpus,PLAIN-1579,Jev V1,0.0,0.0,0.0
nfcorpus,PLAIN-1579,Jev V2,0.0,0.0,0.0
nfcorpus,PLAIN-1579,Jev V3,0.0,0.0,0.0
nfcorpus,PLAIN-1579,base (MaxSim@10),0.0,,
nfcorpus,PLAIN-1590,first stage,0.1100458831490401,0.3333333333333333,0.05555555555555555
nfcorpus,PLAIN-1590,cross-encoder,0.07336392209936006,0.14285714285714285,0.05555555555555555
nfcorpus,PLAIN-1590,Jev V1,0.06625422345438904,0.1111111111111111,0.05555555555555555
nfcorpus,PLAIN-1590,Jev V2,0.06625422345438904,0.1111111111111111,0.05555555555555555
nfcorpus,PLAIN-1590,Jev V3,0.08514311764162101,0.2,0.05555555555555555
nfcorpus,PLAIN-1590,base (MaxSim@10),0.1388624438735545,,
nfcorpus,PLAIN-1601,first stage,0.7788065869851875,1.0,0.0945945945945946
nfcorpus,PLAIN-1601,cross-encoder,0.7167674835027339,1.0,0.0945945945945946
nfcorpus,PLAIN-1601,Jev V1,0.7702043899253147,1.0,0.0945945945945946
nfcorpus,PLAIN-1601,Jev V2,0.7885497208855957,1.0,0.0945945945945946
nfcorpus,PLAIN-1601,Jev V3,0.627507133061656,1.0,0.06756756756756757
nfcorpus,PLAIN-1601,base (MaxSim@10),0.791726719367984,,
nfcorpus,PLAIN-1611,first stage,0.0,0.0,0.0
nfcorpus,PLAIN-1611,cross-encoder,0.0,0.0,0.0
nfcorpus,PLAIN-1611,Jev V1,0.0,0.0,0.0
nfcorpus,PLAIN-1611,Jev V2,0.0,0.0,0.0
nfcorpus,PLAIN-1611,Jev V3,0.0,0.0,0.0
nfcorpus,PLAIN-1611,base (MaxSim@10),0.0,,
nfcorpus,PLAIN-1621,first stage,0.0,0.0,0.0
nfcorpus,PLAIN-1621,cross-encoder,0.0,0.0,0.0
nfcorpus,PLAIN-1621,Jev V1,0.0,0.0,0.0
nfcorpus,PLAIN-1621,Jev V2,0.0,0.0,0.0
nfcorpus,PLAIN-1621,Jev V3,0.0,0.0,0.0
nfcorpus,PLAIN-1621,base (MaxSim@10),0.0,,
nfcorpus,PLAIN-1635,first stage,0.8521705090845474,1.0,0.018561484918793503
nfcorpus,PLAIN-1635,cross-encoder,1.0,1.0,0.02320185614849188
nfcorpus,PLAIN-1635,Jev V1,0.9305687780632229,1.0,0.02088167053364269
nfcorpus,PLAIN-1635,Jev V2,1.0,1.0,0.02320185614849188
nfcorpus,PLAIN-1635,Jev V3,0.9363792118010483,1.0,0.02088167053364269
nfcorpus,PLAIN-1635,base (MaxSim@10),0.8603818544462509,,
nfcorpus,PLAIN-1645,first stage,0.0,0.0,0.0
nfcorpus,PLAIN-1645,cross-encoder,0.30260241349881345,1.0,0.16666666666666666
nfcorpus,PLAIN-1645,Jev V1,0.30260241349881345,1.0,0.16666666666666666
nfcorpus,PLAIN-1645,Jev V2,0.30260241349881345,1.0,0.16666666666666666
nfcorpus,PLAIN-1645,Jev V3,0.30260241349881345,1.0,0.16666666666666666
nfcorpus,PLAIN-1645,base (MaxSim@10),0.0,,
nfcorpus,PLAIN-1656,first stage,0.07336392209936006,0.14285714285714285,0.03571428571428571
nfcorpus,PLAIN-1656,cross-encoder,0.16354138662029635,0.2,0.07142857142857142
nfcorpus,PLAIN-1656,Jev V1,0.22793826167775835,0.2,0.10714285714285714
nfcorpus,PLAIN-1656,Jev V2,0.23758350840568815,0.25,0.10714285714285714
nfcorpus,PLAIN-1656,Jev V3,0.06943122193677728,0.125,0.03571428571428571
nfcorpus,PLAIN-1656,base (MaxSim@10),0.1100458831490401,,
nfcorpus,PLAIN-1667,first stage,0.7000949683025057,1.0,0.0440251572327044
nfcorpus,PLAIN-1667,cross-encoder,0.88995411685096,1.0,0.05660377358490566
nfcorpus,PLAIN-1667,Jev V1,0.6698623505528799,0.5,0.050314465408805034
nfcorpus,PLAIN-1667,Jev V2,0.685119869332369,0.5,0.050314465408805034
nfcorpus,PLAIN-1667,Jev V3,0.5111707781750247,0.3333333333333333,0.03773584905660377
nfcorpus,PLAIN-1667,base (MaxSim@10),0.7000949683025057,,
nfcorpus,PLAIN-1679,first stage,0.0,0.0,0.0
nfcorpus,PLAIN-1679,cross-encoder,0.0,0.0,0.0
nfcorpus,PLAIN-1679,Jev V1,0.0,0.0,0.0
nfcorpus,PLAIN-1679,Jev V2,0.0,0.0,0.0
nfcorpus,PLAIN-1679,Jev V3,0.0,0.0,0.0
nfcorpus,PLAIN-1679,base (MaxSim@10),0.0,,
nfcorpus,PLAIN-1690,first stage,0.0,0.0,0.0
nfcorpus,PLAIN-1690,cross-encoder,0.0,0.0,0.0
nfcorpus,PLAIN-1690,Jev V1,0.0,0.0,0.0
nfcorpus,PLAIN-1690,Jev V2,0.0,0.0,0.0
nfcorpus,PLAIN-1690,Jev V3,0.0,0.0,0.0
nfcorpus,PLAIN-1690,base (MaxSim@10),0.0,,
nfcorpus,PLAIN-1700,first stage,0.0,0.0,0.0
nfcorpus,PLAIN-1700,cross-encoder,0.0,0.0,0.0
nfcorpus,PLAIN-1700,Jev V1,0.0,0.0,0.0
nfcorpus,PLAIN-1700,Jev V2,0.0,0.0,0.0
nfcorpus,PLAIN-1700,Jev V3,0.0,0.0,0.0
nfcorpus,PLAIN-1700,base (MaxSim@10),0.0,,
nfcorpus,PLAIN-1710,first stage,1.0,1.0,0.625
nfcorpus,PLAIN-1710,cross-encoder,1.0,1.0,0.625
nfcorpus,PLAIN-1710,Jev V1,1.0,1.0,0.625
nfcorpus,PLAIN-1710,Jev V2,1.0,1.0,0.625
nfcorpus,PLAIN-1710,Jev V3,1.0,1.0,0.625
nfcorpus,PLAIN-1710,base (MaxSim@10),1.0,,
nfcorpus,PLAIN-1721,first stage,0.6325414799409712,1.0,0.16129032258064516
nfcorpus,PLAIN-1721,cross-encoder,0.7222954974312067,1.0,0.1935483870967742
nfcorpus,PLAIN-1721,Jev V1,0.6578986223737446,1.0,0.1935483870967742
nfcorpus,PLAIN-1721,Jev V2,0.6618313225363276,1.0,0.1935483870967742
nfcorpus,PLAIN-1721,Jev V3,0.6172839611614819,1.0,0.16129032258064516
nfcorpus,PLAIN-1721,base (MaxSim@10),0.627507133061656,,
nfcorpus,PLAIN-1731,first stage,0.7653606369886217,1.0,0.6666666666666666
nfcorpus,PLAIN-1731,cross-encoder,0.7653606369886217,1.0,0.6666666666666666
nfcorpus,PLAIN-1731,Jev V1,0.7653606369886217,1.0,0.6666666666666666
nfcorpus,PLAIN-1731,Jev V2,0.7653606369886217,1.0,0.6666666666666666
nfcorpus,PLAIN-1731,Jev V3,0.7653606369886217,1.0,0.6666666666666666
nfcorpus,PLAIN-1731,base (MaxSim@10),0.7653606369886217,,
nfcorpus,PLAIN-1741,first stage,0.9148568823583791,1.0,0.02142857142857143
nfcorpus,PLAIN-1741,cross-encoder,1.0,1.0,0.023809523809523808
nfcorpus,PLAIN-1741,Jev V1,1.0,1.0,0.023809523809523808
nfcorpus,PLAIN-1741,Jev V2,1.0,1.0,0.023809523809523808
nfcorpus,PLAIN-1741,Jev V3,0.9363792118010483,1.0,0.02142857142857143
nfcorpus,PLAIN-1741,base (MaxSim@10),0.92663607790064,,
nfcorpus,PLAIN-1752,first stage,0.0,0.0,0.0
nfcorpus,PLAIN-1752,cross-encoder,0.0,0.0,0.0
nfcorpus,PLAIN-1752,Jev V1,0.0,0.0,0.0
nfcorpus,PLAIN-1752,Jev V2,0.0,0.0,0.0
nfcorpus,PLAIN-1752,Jev V3,0.0,0.0,0.0
nfcorpus,PLAIN-1752,base (MaxSim@10),0.0,,
nfcorpus,PLAIN-1762,first stage,0.4125317798925535,1.0,0.25
nfcorpus,PLAIN-1762,cross-encoder,0.4125317798925535,1.0,0.25
nfcorpus,PLAIN-1762,Jev V1,0.4125317798925535,1.0,0.25
nfcorpus,PLAIN-1762,Jev V2,0.4125317798925535,1.0,0.25
nfcorpus,PLAIN-1762,Jev V3,0.4125317798925535,1.0,0.25
nfcorpus,PLAIN-1762,base (MaxSim@10),0.4125317798925535,,
nfcorpus,PLAIN-1772,first stage,1.0,1.0,1.0
nfcorpus,PLAIN-1772,cross-encoder,1.0,1.0,1.0
nfcorpus,PLAIN-1772,Jev V1,1.0,1.0,1.0
nfcorpus,PLAIN-1772,Jev V2,1.0,1.0,1.0
nfcorpus,PLAIN-1772,Jev V3,1.0,1.0,1.0
nfcorpus,PLAIN-1772,base (MaxSim@10),1.0,,
nfcorpus,PLAIN-1784,first stage,0.0,0.0,0.0
nfcorpus,PLAIN-1784,cross-encoder,0.0,0.0,0.0
nfcorpus,PLAIN-1784,Jev V1,0.0,0.0,0.0
nfcorpus,PLAIN-1784,Jev V2,0.0,0.0,0.0
nfcorpus,PLAIN-1784,Jev V3,0.0,0.0,0.0
nfcorpus,PLAIN-1784,base (MaxSim@10),0.0,,
nfcorpus,PLAIN-1794,first stage,1.0,1.0,1.0
nfcorpus,PLAIN-1794,cross-encoder,0.9197207891481876,1.0,1.0
nfcorpus,PLAIN-1794,Jev V1,1.0,1.0,1.0
nfcorpus,PLAIN-1794,Jev V2,1.0,1.0,1.0
nfcorpus,PLAIN-1794,Jev V3,1.0,1.0,1.0
nfcorpus,PLAIN-1794,base (MaxSim@10),1.0,,
nfcorpus,PLAIN-1805,first stage,0.9337457765456111,1.0,0.07758620689655173
nfcorpus,PLAIN-1805,cross-encoder,1.0,1.0,0.08620689655172414
nfcorpus,PLAIN-1805,Jev V1,1.0,1.0,0.08620689655172414
nfcorpus,PLAIN-1805,Jev V2,1.0,1.0,0.08620689655172414
nfcorpus,PLAIN-1805,Jev V3,1.0,1.0,0.08620689655172414
nfcorpus,PLAIN-1805,base (MaxSim@10),0.9337457765456112,,
nfcorpus,PLAIN-1817,first stage,0.6059848036189868,1.0,0.18518518518518517
nfcorpus,PLAIN-1817,cross-encoder,0.633219679627003,1.0,0.18518518518518517
nfcorpus,PLAIN-1817,Jev V1,0.5861163849908828,1.0,0.18518518518518517
nfcorpus,PLAIN-1817,Jev V2,0.5017493542077721,1.0,0.14814814814814814
nfcorpus,PLAIN-1817,Jev V3,0.5107164012496702,1.0,0.14814814814814814
nfcorpus,PLAIN-1817,base (MaxSim@10),0.6020521034564039,,
nfcorpus,PLAIN-1827,first stage,0.0,0.0,0.0
nfcorpus,PLAIN-1827,cross-encoder,0.0,0.0,0.0
nfcorpus,PLAIN-1827,Jev V1,0.0,0.0,0.0
nfcorpus,PLAIN-1827,Jev V2,0.0,0.0,0.0
nfcorpus,PLAIN-1827,Jev V3,0.0,0.0,0.0
nfcorpus,PLAIN-1827,base (MaxSim@10),0.0,,
nfcorpus,PLAIN-1837,first stage,1.0,1.0,0.05102040816326531
nfcorpus,PLAIN-1837,cross-encoder,1.0,1.0,0.05102040816326531
nfcorpus,PLAIN-1837,Jev V1,0.92663607790064,1.0,0.04591836734693878
nfcorpus,PLAIN-1837,Jev V2,0.8415908474314977,1.0,0.04081632653061224
nfcorpus,PLAIN-1837,Jev V3,1.0,1.0,0.05102040816326531
nfcorpus,PLAIN-1837,base (MaxSim@10),1.0,,
nfcorpus,PLAIN-1847,first stage,0.13886244387355456,0.5,0.09090909090909091
nfcorpus,PLAIN-1847,cross-encoder,0.13886244387355456,0.5,0.09090909090909091
nfcorpus,PLAIN-1847,Jev V1,0.13886244387355456,0.5,0.09090909090909091
nfcorpus,PLAIN-1847,Jev V2,0.13886244387355456,0.5,0.09090909090909091
nfcorpus,PLAIN-1847,Jev V3,0.13886244387355456,0.5,0.09090909090909091
nfcorpus,PLAIN-1847,base (MaxSim@10),0.1388624438735545,,
nfcorpus,PLAIN-1857,first stage,0.5637884576902257,1.0,0.12121212121212122
nfcorpus,PLAIN-1857,cross-encoder,0.4936790360674166,1.0,0.12121212121212122
nfcorpus,PLAIN-1857,Jev V1,0.5388856921828066,1.0,0.12121212121212122
nfcorpus,PLAIN-1857,Jev V2,0.5541432109622959,1.0,0.12121212121212122
nfcorpus,PLAIN-1857,Jev V3,0.5637884576902257,1.0,0.12121212121212122
nfcorpus,PLAIN-1857,base (MaxSim@10),0.5637884576902257,,
nfcorpus,PLAIN-1867,first stage,0.11838279295536291,0.25,0.14285714285714285
nfcorpus,PLAIN-1867,cross-encoder,0.27487633291429087,1.0,0.14285714285714285
nfcorpus,PLAIN-1867,Jev V1,0.27487633291429087,1.0,0.14285714285714285
nfcorpus,PLAIN-1867,Jev V2,0.27487633291429087,1.0,0.14285714285714285
nfcorpus,PLAIN-1867,Jev V3,0.27487633291429087,1.0,0.14285714285714285
nfcorpus,PLAIN-1867,base (MaxSim@10),0.2748763329142908,,
nfcorpus,PLAIN-1877,first stage,0.0,0.0,0.0
nfcorpus,PLAIN-1877,cross-encoder,0.0,0.0,0.0
nfcorpus,PLAIN-1877,Jev V1,0.0,0.0,0.0
nfcorpus,PLAIN-1877,Jev V2,0.0,0.0,0.0
nfcorpus,PLAIN-1877,Jev V3,0.0,0.0,0.0
nfcorpus,PLAIN-1877,base (MaxSim@10),0.0,,
nfcorpus,PLAIN-1887,first stage,0.0,0.0,0.0
nfcorpus,PLAIN-1887,cross-encoder,0.0,0.0,0.0
nfcorpus,PLAIN-1887,Jev V1,0.0,0.0,0.0
nfcorpus,PLAIN-1887,Jev V2,0.0,0.0,0.0
nfcorpus,PLAIN-1887,Jev V3,0.0,0.0,0.0
nfcorpus,PLAIN-1887,base (MaxSim@10),0.0,,
nfcorpus,PLAIN-1897,first stage,0.0,0.0,0.0
nfcorpus,PLAIN-1897,cross-encoder,0.0,0.0,0.0
nfcorpus,PLAIN-1897,Jev V1,0.0,0.0,0.0
nfcorpus,PLAIN-1897,Jev V2,0.0,0.0,0.0
nfcorpus,PLAIN-1897,Jev V3,0.0,0.0,0.0
nfcorpus,PLAIN-1897,base (MaxSim@10),0.0,,
nfcorpus,PLAIN-1909,first stage,0.49118023727106014,1.0,0.008639308855291577
nfcorpus,PLAIN-1909,cross-encoder,0.6122496142821666,1.0,0.01079913606911447
nfcorpus,PLAIN-1909,Jev V1,0.6816604510406282,1.0,0.01511879049676026
nfcorpus,PLAIN-1909,Jev V2,0.5552448576790283,0.5,0.012958963282937365
nfcorpus,PLAIN-1909,Jev V3,0.706583601726363,1.0,0.012958963282937365
nfcorpus,PLAIN-1909,base (MaxSim@10),0.4627096215830836,,
nfcorpus,PLAIN-1919,first stage,1.0,1.0,0.37037037037037035
nfcorpus,PLAIN-1919,cross-encoder,0.9337457765456111,1.0,0.3333333333333333
nfcorpus,PLAIN-1919,Jev V1,0.8603818544462509,1.0,0.2962962962962963
nfcorpus,PLAIN-1919,Jev V2,0.7967610662472993,1.0,0.25925925925925924
nfcorpus,PLAIN-1919,Jev V3,1.0,1.0,0.37037037037037035
nfcorpus,PLAIN-1919,base (MaxSim@10),1.0,,
nfcorpus,PLAIN-1929,first stage,0.2863459897524693,1.0,0.2
nfcorpus,PLAIN-1929,cross-encoder,0.2200917662980802,1.0,0.1
nfcorpus,PLAIN-1929,Jev V1,0.314880130667631,1.0,0.2
nfcorpus,PLAIN-1929,Jev V2,0.314880130667631,1.0,0.2
nfcorpus,PLAIN-1929,Jev V3,0.35895421017163476,1.0,0.2
nfcorpus,PLAIN-1929,base (MaxSim@10),0.2895229882348575,,
nfcorpus,PLAIN-1940,first stage,0.35895421017163476,1.0,0.16666666666666666
nfcorpus,PLAIN-1940,cross-encoder,0.35895421017163476,1.0,0.16666666666666666
nfcorpus,PLAIN-1940,Jev V1,0.35895421017163476,1.0,0.16666666666666666
nfcorpus,PLAIN-1940,Jev V2,0.35895421017163476,1.0,0.16666666666666666
nfcorpus,PLAIN-1940,Jev V3,0.35895421017163476,1.0,0.16666666666666666
nfcorpus,PLAIN-1940,base (MaxSim@10),0.3589542101716347,,
nfcorpus,PLAIN-1950,first stage,0.24890832702259466,0.5,0.15384615384615385
nfcorpus,PLAIN-1950,cross-encoder,0.39956887138389763,1.0,0.23076923076923078
nfcorpus,PLAIN-1950,Jev V1,0.35895421017163476,1.0,0.15384615384615385
nfcorpus,PLAIN-1950,Jev V2,0.35895421017163476,1.0,0.15384615384615385
nfcorpus,PLAIN-1950,Jev V3,0.3301376494471203,1.0,0.15384615384615385
nfcorpus,PLAIN-1950,base (MaxSim@10),0.3301376494471203,,
nfcorpus,PLAIN-1962,first stage,0.0,0.0,0.0
nfcorpus,PLAIN-1962,cross-encoder,0.0,0.0,0.0
nfcorpus,PLAIN-1962,Jev V1,0.0,0.0,0.0
nfcorpus,PLAIN-1962,Jev V2,0.0,0.0,0.0
nfcorpus,PLAIN-1962,Jev V3,0.0,0.0,0.0
nfcorpus,PLAIN-1962,base (MaxSim@10),0.0,,
nfcorpus,PLAIN-1972,first stage,0.0,0.0,0.0
nfcorpus,PLAIN-1972,cross-encoder,0.0,0.0,0.0
nfcorpus,PLAIN-1972,Jev V1,0.0,0.0,0.0
nfcorpus,PLAIN-1972,Jev V2,0.0,0.0,0.0
nfcorpus,PLAIN-1972,Jev V3,0.0,0.0,0.0
nfcorpus,PLAIN-1972,base (MaxSim@10),0.0,,
nfcorpus,PLAIN-1983,first stage,0.9337457765456111,1.0,0.28125
nfcorpus,PLAIN-1983,cross-encoder,1.0,1.0,0.3125
nfcorpus,PLAIN-1983,Jev V1,1.0,1.0,0.3125
nfcorpus,PLAIN-1983,Jev V2,1.0,1.0,0.3125
nfcorpus,PLAIN-1983,Jev V3,0.9148568823583791,1.0,0.28125
nfcorpus,PLAIN-1983,base (MaxSim@10),0.9363792118010484,,
nfcorpus,PLAIN-1995,first stage,0.0,0.0,0.0
nfcorpus,PLAIN-1995,cross-encoder,0.0,0.0,0.0
nfcorpus,PLAIN-1995,Jev V1,0.0,0.0,0.0
nfcorpus,PLAIN-1995,Jev V2,0.0,0.0,0.0
nfcorpus,PLAIN-1995,Jev V3,0.0,0.0,0.0
nfcorpus,PLAIN-1995,base (MaxSim@10),0.0,,
nfcorpus,PLAIN-2009,first stage,0.1089364926177559,0.25,0.125
nfcorpus,PLAIN-2009,cross-encoder,0.12647135138382856,0.3333333333333333,0.125
nfcorpus,PLAIN-2009,Jev V1,0.1089364926177559,0.25,0.125
nfcorpus,PLAIN-2009,Jev V2,0.1089364926177559,0.25,0.125
nfcorpus,PLAIN-2009,Jev V3,0.12647135138382856,0.3333333333333333,0.125
nfcorpus,PLAIN-2009,base (MaxSim@10),0.1089364926177559,,
nfcorpus,PLAIN-2019,first stage,0.0,0.0,0.0
nfcorpus,PLAIN-2019,cross-encoder,0.0,0.0,0.0
nfcorpus,PLAIN-2019,Jev V1,0.0,0.0,0.0
nfcorpus,PLAIN-2019,Jev V2,0.0,0.0,0.0
nfcorpus,PLAIN-2019,Jev V3,0.0,0.0,0.0
nfcorpus,PLAIN-2019,base (MaxSim@10),0.0,,
nfcorpus,PLAIN-2030,first stage,0.0,0.0,0.0
nfcorpus,PLAIN-2030,cross-encoder,0.0,0.0,0.0
nfcorpus,PLAIN-2030,Jev V1,0.0,0.0,0.0
nfcorpus,PLAIN-2030,Jev V2,0.0,0.0,0.0
nfcorpus,PLAIN-2030,Jev V3,0.0,0.0,0.0
nfcorpus,PLAIN-2030,base (MaxSim@10),0.0,,
nfcorpus,PLAIN-2040,first stage,0.7151857987862358,1.0,0.045454545454545456
nfcorpus,PLAIN-2040,cross-encoder,0.6745711375739729,1.0,0.045454545454545456
nfcorpus,PLAIN-2040,Jev V1,0.7682269253321375,1.0,0.05303030303030303
nfcorpus,PLAIN-2040,Jev V2,0.5645252544249328,0.5,0.045454545454545456
nfcorpus,PLAIN-2040,Jev V3,0.7564477297898766,1.0,0.05303030303030303
nfcorpus,PLAIN-2040,base (MaxSim@10),0.6911279212606076,,
nfcorpus,PLAIN-2051,first stage,0.6216966993238303,1.0,0.016901408450704224
nfcorpus,PLAIN-2051,cross-encoder,0.5181190644203318,1.0,0.014084507042253521
nfcorpus,PLAIN-2051,Jev V1,0.6083169141195839,1.0,0.014084507042253521
nfcorpus,PLAIN-2051,Jev V2,0.6911279212606076,1.0,0.016901408450704224
nfcorpus,PLAIN-2051,Jev V3,0.6785038377365556,1.0,0.016901408450704224
nfcorpus,PLAIN-2051,base (MaxSim@10),0.6235540477207573,,
nfcorpus,PLAIN-2061,first stage,0.8205228949141828,1.0,0.01951219512195122
nfcorpus,PLAIN-2061,cross-encoder,0.9148568823583791,1.0,0.02195121951219512
nfcorpus,PLAIN-2061,Jev V1,1.0,1.0,0.024390243902439025
nfcorpus,PLAIN-2061,Jev V2,1.0,1.0,0.024390243902439025
nfcorpus,PLAIN-2061,Jev V3,0.9216017310213247,1.0,0.02195121951219512
nfcorpus,PLAIN-2061,base (MaxSim@10),0.7162874455029682,,
nfcorpus,PLAIN-2071,first stage,0.47890155528769296,1.0,0.08888888888888889
nfcorpus,PLAIN-2071,cross-encoder,0.36837563413888724,0.3333333333333333,0.08888888888888889
nfcorpus,PLAIN-2071,Jev V1,0.5548010254700118,1.0,0.1111111111111111
nfcorpus,PLAIN-2071,Jev V2,0.5478527392247046,1.0,0.1111111111111111
nfcorpus,PLAIN-2071,Jev V3,0.4381081808305046,1.0,0.08888888888888889
nfcorpus,PLAIN-2071,base (MaxSim@10),0.5173633627401373,,
nfcorpus,PLAIN-2081,first stage,0.6309297535714575,0.5,1.0
nfcorpus,PLAIN-2081,cross-encoder,1.0,1.0,1.0
nfcorpus,PLAIN-2081,Jev V1,1.0,1.0,1.0
nfcorpus,PLAIN-2081,Jev V2,1.0,1.0,1.0
nfcorpus,PLAIN-2081,Jev V3,1.0,1.0,1.0
nfcorpus,PLAIN-2081,base (MaxSim@10),0.5,,
nfcorpus,PLAIN-2092,first stage,0.6489315753318466,1.0,0.5
nfcorpus,PLAIN-2092,cross-encoder,0.6489315753318466,1.0,0.5
nfcorpus,PLAIN-2092,Jev V1,0.6489315753318466,1.0,0.5
nfcorpus,PLAIN-2092,Jev V2,0.6489315753318466,1.0,0.5
nfcorpus,PLAIN-2092,Jev V3,0.6489315753318466,1.0,0.5
nfcorpus,PLAIN-2092,base (MaxSim@10),0.6489315753318466,,
nfcorpus,PLAIN-2102,first stage,0.6651928536555898,1.0,0.014251781472684086
nfcorpus,PLAIN-2102,cross-encoder,0.7312625444731049,1.0,0.0166270783847981
nfcorpus,PLAIN-2102,Jev V1,0.9363792118010483,1.0,0.021377672209026127
nfcorpus,PLAIN-2102,Jev V2,0.88995411685096,1.0,0.021377672209026127
nfcorpus,PLAIN-2102,Jev V3,0.6848374495230164,1.0,0.0166270783847981
nfcorpus,PLAIN-2102,base (MaxSim@10),0.706583601726363,,
nfcorpus,PLAIN-2113,first stage,0.0,0.0,0.0
nfcorpus,PLAIN-2113,cross-encoder,0.0,0.0,0.0
nfcorpus,PLAIN-2113,Jev V1,0.0,0.0,0.0
nfcorpus,PLAIN-2113,Jev V2,0.0,0.0,0.0
nfcorpus,PLAIN-2113,Jev V3,0.0,0.0,0.0
nfcorpus,PLAIN-2113,base (MaxSim@10),0.0,,
nfcorpus,PLAIN-2124,first stage,0.7506372960520511,1.0,0.4117647058823529
nfcorpus,PLAIN-2124,cross-encoder,0.7411902110103873,1.0,0.4117647058823529
nfcorpus,PLAIN-2124,Jev V1,0.7819835854675756,1.0,0.4117647058823529
nfcorpus,PLAIN-2124,Jev V2,0.7728378251807521,1.0,0.4117647058823529
nfcorpus,PLAIN-2124,Jev V3,0.7506372960520511,1.0,0.4117647058823529
nfcorpus,PLAIN-2124,base (MaxSim@10),0.7909506325094736,,
nfcorpus,PLAIN-2134,first stage,0.0,0.0,0.0
nfcorpus,PLAIN-2134,cross-encoder,0.0,0.0,0.0
nfcorpus,PLAIN-2134,Jev V1,0.0,0.0,0.0
nfcorpus,PLAIN-2134,Jev V2,0.0,0.0,0.0
nfcorpus,PLAIN-2134,Jev V3,0.0,0.0,0.0
nfcorpus,PLAIN-2134,base (MaxSim@10),0.0,,
nfcorpus,PLAIN-2145,first stage,0.0,0.0,0.0
nfcorpus,PLAIN-2145,cross-encoder,0.1175227747072427,0.3333333333333333,0.1111111111111111
nfcorpus,PLAIN-2145,Jev V1,0.1175227747072427,0.3333333333333333,0.1111111111111111
nfcorpus,PLAIN-2145,Jev V2,0.1175227747072427,0.3333333333333333,0.1111111111111111
nfcorpus,PLAIN-2145,Jev V3,0.1175227747072427,0.3333333333333333,0.1111111111111111
nfcorpus,PLAIN-2145,base (MaxSim@10),0.0,,
nfcorpus,PLAIN-2156,first stage,0.644824486427155,1.0,0.5
nfcorpus,PLAIN-2156,cross-encoder,0.644824486427155,1.0,0.5
nfcorpus,PLAIN-2156,Jev V1,0.644824486427155,1.0,0.5
nfcorpus,PLAIN-2156,Jev V2,0.644824486427155,1.0,0.5
nfcorpus,PLAIN-2156,Jev V3,0.644824486427155,1.0,0.5
nfcorpus,PLAIN-2156,base (MaxSim@10),0.644824486427155,,
nfcorpus,PLAIN-2167,first stage,0.0,0.0,0.0
nfcorpus,PLAIN-2167,cross-encoder,0.0,0.0,0.0
nfcorpus,PLAIN-2167,Jev V1,0.0,0.0,0.0
nfcorpus,PLAIN-2167,Jev V2,0.0,0.0,0.0
nfcorpus,PLAIN-2167,Jev V3,0.0,0.0,0.0
nfcorpus,PLAIN-2167,base (MaxSim@10),0.0,,
nfcorpus,PLAIN-2177,first stage,0.510069131458292,1.0,0.16666666666666666
nfcorpus,PLAIN-2177,cross-encoder,0.35388057316851634,0.5,0.16666666666666666
nfcorpus,PLAIN-2177,Jev V1,0.469736890055382,0.5,0.20833333333333334
nfcorpus,PLAIN-2177,Jev V2,0.42883980903376645,0.5,0.16666666666666666
nfcorpus,PLAIN-2177,Jev V3,0.5384313152574522,1.0,0.16666666666666666
nfcorpus,PLAIN-2177,base (MaxSim@10),0.3850481493391154,,
nfcorpus,PLAIN-2187,first stage,0.0,0.0,0.0
nfcorpus,PLAIN-2187,cross-encoder,0.0,0.0,0.0
nfcorpus,PLAIN-2187,Jev V1,0.0,0.0,0.0
nfcorpus,PLAIN-2187,Jev V2,0.0,0.0,0.0
nfcorpus,PLAIN-2187,Jev V3,0.0,0.0,0.0
nfcorpus,PLAIN-2187,base (MaxSim@10),0.0,,
nfcorpus,PLAIN-2197,first stage,0.7702043899253147,1.0,0.1206896551724138
nfcorpus,PLAIN-2197,cross-encoder,0.8521705090845474,1.0,0.13793103448275862
nfcorpus,PLAIN-2197,Jev V1,0.9337457765456111,1.0,0.15517241379310345
nfcorpus,PLAIN-2197,Jev V2,1.0,1.0,0.1724137931034483
nfcorpus,PLAIN-2197,Jev V3,0.8572048559638626,1.0,0.13793103448275862
nfcorpus,PLAIN-2197,base (MaxSim@10),0.8006937664098821,,
nfcorpus,PLAIN-2209,first stage,0.0,0.0,0.0
nfcorpus,PLAIN-2209,cross-encoder,0.0,0.0,0.0
nfcorpus,PLAIN-2209,Jev V1,0.0,0.0,0.0
nfcorpus,PLAIN-2209,Jev V2,0.0,0.0,0.0
nfcorpus,PLAIN-2209,Jev V3,0.0,0.0,0.0
nfcorpus,PLAIN-2209,base (MaxSim@10),0.0,,
nfcorpus,PLAIN-2220,first stage,0.3833427799846345,1.0,0.2222222222222222
nfcorpus,PLAIN-2220,cross-encoder,0.3833427799846345,1.0,0.2222222222222222
nfcorpus,PLAIN-2220,Jev V1,0.3833427799846345,1.0,0.2222222222222222
nfcorpus,PLAIN-2220,Jev V2,0.3833427799846345,1.0,0.2222222222222222
nfcorpus,PLAIN-2220,Jev V3,0.3833427799846345,1.0,0.2222222222222222
nfcorpus,PLAIN-2220,base (MaxSim@10),0.3833427799846345,,
nfcorpus,PLAIN-2230,first stage,0.0,0.0,0.0
nfcorpus,PLAIN-2230,cross-encoder,0.0,0.0,0.0
nfcorpus,PLAIN-2230,Jev V1,0.0,0.0,0.0
nfcorpus,PLAIN-2230,Jev V2,0.0,0.0,0.0
nfcorpus,PLAIN-2230,Jev V3,0.0,0.0,0.0
nfcorpus,PLAIN-2230,base (MaxSim@10),0.0,,
nfcorpus,PLAIN-2240,first stage,0.46900009332067494,1.0,0.2727272727272727
nfcorpus,PLAIN-2240,cross-encoder,0.46900009332067494,1.0,0.2727272727272727
nfcorpus,PLAIN-2240,Jev V1,0.46900009332067494,1.0,0.2727272727272727
nfcorpus,PLAIN-2240,Jev V2,0.46900009332067494,1.0,0.2727272727272727
nfcorpus,PLAIN-2240,Jev V3,0.46900009332067494,1.0,0.2727272727272727
nfcorpus,PLAIN-2240,base (MaxSim@10),0.4690000933206749,,
nfcorpus,PLAIN-2250,first stage,0.0,0.0,0.0
nfcorpus,PLAIN-2250,cross-encoder,0.0,0.0,0.0
nfcorpus,PLAIN-2250,Jev V1,0.0,0.0,0.0
nfcorpus,PLAIN-2250,Jev V2,0.0,0.0,0.0
nfcorpus,PLAIN-2250,Jev V3,0.0,0.0,0.0
nfcorpus,PLAIN-2250,base (MaxSim@10),0.0,,
nfcorpus,PLAIN-2261,first stage,0.7007731679885375,1.0,0.1
nfcorpus,PLAIN-2261,cross-encoder,0.5368103404171508,0.5,0.1
nfcorpus,PLAIN-2261,Jev V1,0.6489315753318466,1.0,0.08333333333333333
nfcorpus,PLAIN-2261,Jev V2,0.6489315753318466,1.0,0.08333333333333333
nfcorpus,PLAIN-2261,Jev V3,0.7007731679885375,1.0,0.1
nfcorpus,PLAIN-2261,base (MaxSim@10),0.7151857987862358,,
nfcorpus,PLAIN-2271,first stage,0.0,0.0,0.0
nfcorpus,PLAIN-2271,cross-encoder,0.0,0.0,0.0
nfcorpus,PLAIN-2271,Jev V1,0.0,0.0,0.0
nfcorpus,PLAIN-2271,Jev V2,0.0,0.0,0.0
nfcorpus,PLAIN-2271,Jev V3,0.0,0.0,0.0
nfcorpus,PLAIN-2271,base (MaxSim@10),0.0,,
nfcorpus,PLAIN-2281,first stage,0.0,0.0,0.0
nfcorpus,PLAIN-2281,cross-encoder,0.0,0.0,0.0
nfcorpus,PLAIN-2281,Jev V1,0.0,0.0,0.0
nfcorpus,PLAIN-2281,Jev V2,0.0,0.0,0.0
nfcorpus,PLAIN-2281,Jev V3,0.0,0.0,0.0
nfcorpus,PLAIN-2281,base (MaxSim@10),0.0,,
nfcorpus,PLAIN-2291,first stage,0.0,0.0,0.0
nfcorpus,PLAIN-2291,cross-encoder,0.0,0.0,0.0
nfcorpus,PLAIN-2291,Jev V1,0.0,0.0,0.0
nfcorpus,PLAIN-2291,Jev V2,0.0,0.0,0.0
nfcorpus,PLAIN-2291,Jev V3,0.0,0.0,0.0
nfcorpus,PLAIN-2291,base (MaxSim@10),0.0,,
nfcorpus,PLAIN-2301,first stage,0.0,0.0,0.0
nfcorpus,PLAIN-2301,cross-encoder,0.06362078819895173,0.1,0.07692307692307693
nfcorpus,PLAIN-2301,Jev V1,0.2200917662980802,1.0,0.07692307692307693
nfcorpus,PLAIN-2301,Jev V2,0.2200917662980802,1.0,0.07692307692307693
nfcorpus,PLAIN-2301,Jev V3,0.2200917662980802,1.0,0.07692307692307693
nfcorpus,PLAIN-2301,base (MaxSim@10),0.0,,
nfcorpus,PLAIN-2311,first stage,0.0,0.0,0.0
nfcorpus,PLAIN-2311,cross-encoder,0.0,0.0,0.0
nfcorpus,PLAIN-2311,Jev V1,0.0,0.0,0.0
nfcorpus,PLAIN-2311,Jev V2,0.0,0.0,0.0
nfcorpus,PLAIN-2311,Jev V3,0.0,0.0,0.0
nfcorpus,PLAIN-2311,base (MaxSim@10),0.0,,
nfcorpus,PLAIN-2321,first stage,0.0,0.0,0.0
nfcorpus,PLAIN-2321,cross-encoder,0.0,0.0,0.0
nfcorpus,PLAIN-2321,Jev V1,0.0,0.0,0.0
nfcorpus,PLAIN-2321,Jev V2,0.0,0.0,0.0
nfcorpus,PLAIN-2321,Jev V3,0.0,0.0,0.0
nfcorpus,PLAIN-2321,base (MaxSim@10),0.0,,
nfcorpus,PLAIN-2332,first stage,0.2895229882348575,1.0,0.020618556701030927
nfcorpus,PLAIN-2332,cross-encoder,0.2200917662980802,1.0,0.010309278350515464
nfcorpus,PLAIN-2332,Jev V1,0.15457433957839828,0.2,0.020618556701030927
nfcorpus,PLAIN-2332,Jev V2,0.1396181455537491,0.14285714285714285,0.020618556701030927
nfcorpus,PLAIN-2332,Jev V3,0.18844415212771543,0.3333333333333333,0.020618556701030927
nfcorpus,PLAIN-2332,base (MaxSim@10),0.2895229882348575,,
nfcorpus,PLAIN-2343,first stage,0.0,0.0,0.0
nfcorpus,PLAIN-2343,cross-encoder,0.0,0.0,0.0
nfcorpus,PLAIN-2343,Jev V1,0.0,0.0,0.0
nfcorpus,PLAIN-2343,Jev V2,0.0,0.0,0.0
nfcorpus,PLAIN-2343,Jev V3,0.0,0.0,0.0
nfcorpus,PLAIN-2343,base (MaxSim@10),0.0,,
nfcorpus,PLAIN-2354,first stage,0.5531464700081437,1.0,0.4
nfcorpus,PLAIN-2354,cross-encoder,0.34519134224686937,0.5,0.4
nfcorpus,PLAIN-2354,Jev V1,0.5531464700081437,1.0,0.4
nfcorpus,PLAIN-2354,Jev V2,0.48522855511632257,1.0,0.4
nfcorpus,PLAIN-2354,Jev V3,0.5087403079104241,1.0,0.4
nfcorpus,PLAIN-2354,base (MaxSim@10),0.3347975674340217,,
nfcorpus,PLAIN-2364,first stage,0.0,0.0,0.0
nfcorpus,PLAIN-2364,cross-encoder,0.0,0.0,0.0
nfcorpus,PLAIN-2364,Jev V1,0.0,0.0,0.0
nfcorpus,PLAIN-2364,Jev V2,0.0,0.0,0.0
nfcorpus,PLAIN-2364,Jev V3,0.0,0.0,0.0
nfcorpus,PLAIN-2364,base (MaxSim@10),0.0,,
nfcorpus,PLAIN-2375,first stage,0.0,0.0,0.0
nfcorpus,PLAIN-2375,cross-encoder,0.0,0.0,0.0
nfcorpus,PLAIN-2375,Jev V1,0.0,0.0,0.0
nfcorpus,PLAIN-2375,Jev V2,0.0,0.0,0.0
nfcorpus,PLAIN-2375,Jev V3,0.0,0.0,0.0
nfcorpus,PLAIN-2375,base (MaxSim@10),0.0,,
nfcorpus,PLAIN-2386,first stage,0.0,0.0,0.0
nfcorpus,PLAIN-2386,cross-encoder,0.0,0.0,0.0
nfcorpus,PLAIN-2386,Jev V1,0.0,0.0,0.0
nfcorpus,PLAIN-2386,Jev V2,0.0,0.0,0.0
nfcorpus,PLAIN-2386,Jev V3,0.0,0.0,0.0
nfcorpus,PLAIN-2386,base (MaxSim@10),0.0,,
nfcorpus,PLAIN-2396,first stage,0.0,0.0,0.0
nfcorpus,PLAIN-2396,cross-encoder,0.0,0.0,0.0
nfcorpus,PLAIN-2396,Jev V1,0.0,0.0,0.0
nfcorpus,PLAIN-2396,Jev V2,0.0,0.0,0.0
nfcorpus,PLAIN-2396,Jev V3,0.0,0.0,0.0
nfcorpus,PLAIN-2396,base (MaxSim@10),0.0,,
nfcorpus,PLAIN-2408,first stage,0.0,0.0,0.0
nfcorpus,PLAIN-2408,cross-encoder,0.0,0.0,0.0
nfcorpus,PLAIN-2408,Jev V1,0.0,0.0,0.0
nfcorpus,PLAIN-2408,Jev V2,0.0,0.0,0.0
nfcorpus,PLAIN-2408,Jev V3,0.0,0.0,0.0
nfcorpus,PLAIN-2408,base (MaxSim@10),0.0,,
nfcorpus,PLAIN-2430,first stage,0.536842816016258,1.0,0.10869565217391304
nfcorpus,PLAIN-2430,cross-encoder,0.5339375991473453,1.0,0.10869565217391304
nfcorpus,PLAIN-2430,Jev V1,0.5339375991473453,1.0,0.10869565217391304
nfcorpus,PLAIN-2430,Jev V2,0.5339375991473453,1.0,0.10869565217391304
nfcorpus,PLAIN-2430,Jev V3,0.536842816016258,1.0,0.10869565217391304
nfcorpus,PLAIN-2430,base (MaxSim@10),0.5339375991473453,,
nfcorpus,PLAIN-2440,first stage,0.0,0.0,0.0
nfcorpus,PLAIN-2440,cross-encoder,0.0,0.0,0.0
nfcorpus,PLAIN-2440,Jev V1,0.0,0.0,0.0
nfcorpus,PLAIN-2440,Jev V2,0.0,0.0,0.0
nfcorpus,PLAIN-2440,Jev V3,0.0,0.0,0.0
nfcorpus,PLAIN-2440,base (MaxSim@10),0.0,,
nfcorpus,PLAIN-2450,first stage,0.2816575879096919,0.5,0.07894736842105263
nfcorpus,PLAIN-2450,cross-encoder,0.28669193478900723,0.5,0.07894736842105263
nfcorpus,PLAIN-2450,Jev V1,0.2745478892647209,0.5,0.07894736842105263
nfcorpus,PLAIN-2450,Jev V2,0.2745478892647209,0.5,0.07894736842105263
nfcorpus,PLAIN-2450,Jev V3,0.36288691033421755,1.0,0.07894736842105263
nfcorpus,PLAIN-2450,base (MaxSim@10),0.3531437764338092,,
nfcorpus,PLAIN-2460,first stage,0.20701021258408808,0.5,0.06451612903225806
nfcorpus,PLAIN-2460,cross-encoder,0.2858286090786423,0.25,0.16129032258064516
nfcorpus,PLAIN-2460,Jev V1,0.26351695376869266,0.5,0.06451612903225806
nfcorpus,PLAIN-2460,Jev V2,0.36204053551061943,1.0,0.06451612903225806
nfcorpus,PLAIN-2460,Jev V3,0.271697825266151,0.5,0.06451612903225806
nfcorpus,PLAIN-2460,base (MaxSim@10),0.1275666228632557,,
nfcorpus,PLAIN-2470,first stage,0.49654178859723674,1.0,0.0547945205479452
nfcorpus,PLAIN-2470,cross-encoder,0.6455663643991484,1.0,0.0684931506849315
nfcorpus,PLAIN-2470,Jev V1,0.6535251967494338,1.0,0.0684931506849315
nfcorpus,PLAIN-2470,Jev V2,0.6495431422383492,1.0,0.0684931506849315
nfcorpus,PLAIN-2470,Jev V3,0.63738549290169,1.0,0.0684931506849315
nfcorpus,PLAIN-2470,base (MaxSim@10),0.5421244401590428,,
nfcorpus,PLAIN-2480,first stage,0.32812402111870137,1.0,0.16666666666666666
nfcorpus,PLAIN-2480,cross-encoder,0.3202446147056888,1.0,0.16666666666666666
nfcorpus,PLAIN-2480,Jev V1,0.23432526634034373,0.5,0.16666666666666666
nfcorpus,PLAIN-2480,Jev V2,0.32812402111870137,1.0,0.16666666666666666
nfcorpus,PLAIN-2480,Jev V3,0.24422586529314555,0.5,0.16666666666666666
nfcorpus,PLAIN-2480,base (MaxSim@10),0.3202446147056888,,
nfcorpus,PLAIN-2490,first stage,0.0,0.0,0.0
nfcorpus,PLAIN-2490,cross-encoder,0.0,0.0,0.0
nfcorpus,PLAIN-2490,Jev V1,0.0,0.0,0.0
nfcorpus,PLAIN-2490,Jev V2,0.0,0.0,0.0
nfcorpus,PLAIN-2490,Jev V3,0.0,0.0,0.0
nfcorpus,PLAIN-2490,base (MaxSim@10),0.0,,
nfcorpus,PLAIN-2500,first stage,0.13521046138463966,0.16666666666666666,0.14285714285714285
nfcorpus,PLAIN-2500,cross-encoder,0.16347782479468276,0.25,0.14285714285714285
nfcorpus,PLAIN-2500,Jev V1,0.0,0.0,0.0
nfcorpus,PLAIN-2500,Jev V2,0.11426609590558233,0.1111111111111111,0.14285714285714285
nfcorpus,PLAIN-2500,Jev V3,0.24627326036833672,0.14285714285714285,0.2857142857142857
nfcorpus,PLAIN-2500,base (MaxSim@10),0.1265279180939492,,
nfcorpus,PLAIN-2510,first stage,0.6753138383960956,1.0,0.13043478260869565
nfcorpus,PLAIN-2510,cross-encoder,0.6214990811334173,0.5,0.15217391304347827
nfcorpus,PLAIN-2510,Jev V1,0.7191184989488185,1.0,0.15217391304347827
nfcorpus,PLAIN-2510,Jev V2,0.7441840443853487,1.0,0.17391304347826086
nfcorpus,PLAIN-2510,Jev V3,0.7112530986236529,1.0,0.15217391304347827
nfcorpus,PLAIN-2510,base (MaxSim@10),0.6656685916681657,,
nfcorpus,PLAIN-2520,first stage,0.06362078819895173,0.1,0.0136986301369863
nfcorpus,PLAIN-2520,cross-encoder,0.1334212105531954,0.3333333333333333,0.0273972602739726
nfcorpus,PLAIN-2520,Jev V1,0.03312711172719452,0.1111111111111111,0.0136986301369863
nfcorpus,PLAIN-2520,Jev V2,0.1061131829864573,0.14285714285714285,0.0273972602739726
nfcorpus,PLAIN-2520,Jev V3,0.1574400653338155,1.0,0.0273972602739726
nfcorpus,PLAIN-2520,base (MaxSim@10),0.0783982689786753,,
nfcorpus,PLAIN-2530,first stage,0.932157277304417,1.0,0.1388888888888889
nfcorpus,PLAIN-2530,cross-encoder,0.9633180389503201,1.0,0.1388888888888889
nfcorpus,PLAIN-2530,Jev V1,0.9633180389503201,1.0,0.1388888888888889
nfcorpus,PLAIN-2530,Jev V2,0.9608008655106625,1.0,0.1388888888888889
nfcorpus,PLAIN-2530,Jev V3,0.927673753783468,1.0,0.1388888888888889
nfcorpus,PLAIN-2530,base (MaxSim@10),0.9301909272231256,,
nfcorpus,PLAIN-2540,first stage,0.2789134165702115,0.3333333333333333,0.19047619047619047
nfcorpus,PLAIN-2540,cross-encoder,0.2183975926055641,0.5,0.14285714285714285
nfcorpus,PLAIN-2540,Jev V1,0.29575404239765163,1.0,0.09523809523809523
nfcorpus,PLAIN-2540,Jev V2,0.29575404239765163,1.0,0.09523809523809523
nfcorpus,PLAIN-2540,Jev V3,0.32279742864091115,0.5,0.14285714285714285
nfcorpus,PLAIN-2540,base (MaxSim@10),0.2956339607369199,,
nfcorpus,PLAIN-2550,first stage,0.11690857395343693,0.125,0.08
nfcorpus,PLAIN-2550,cross-encoder,0.10975131898723876,0.25,0.04
nfcorpus,PLAIN-2550,Jev V1,0.19761464613743865,0.5,0.08
nfcorpus,PLAIN-2550,Jev V2,0.16078277618017148,0.5,0.04
nfcorpus,PLAIN-2550,Jev V3,0.036831869957267185,0.1,0.04
nfcorpus,PLAIN-2550,base (MaxSim@10),0.1544826090890029,,
nfcorpus,PLAIN-2560,first stage,0.9363792118010483,1.0,0.42857142857142855
nfcorpus,PLAIN-2560,cross-encoder,0.8701249883466594,1.0,0.38095238095238093
nfcorpus,PLAIN-2560,Jev V1,0.8701249883466594,1.0,0.38095238095238093
nfcorpus,PLAIN-2560,Jev V2,0.9337457765456111,1.0,0.42857142857142855
nfcorpus,PLAIN-2560,Jev V3,0.9363792118010483,1.0,0.42857142857142855
nfcorpus,PLAIN-2560,base (MaxSim@10),0.9363792118010484,,
nfcorpus,PLAIN-2570,first stage,0.2504098861819999,0.5,0.075
nfcorpus,PLAIN-2570,cross-encoder,0.37060477459525126,1.0,0.1
nfcorpus,PLAIN-2570,Jev V1,0.31511471832623866,1.0,0.05
nfcorpus,PLAIN-2570,Jev V2,0.32593625176202506,1.0,0.05
nfcorpus,PLAIN-2570,Jev V3,0.351810014147711,0.5,0.1
nfcorpus,PLAIN-2570,base (MaxSim@10),0.3742081820956804,,
nfcorpus,PLAIN-2580,first stage,0.22358008968550797,0.5,0.08695652173913043
nfcorpus,PLAIN-2580,cross-encoder,0.37456050428247883,1.0,0.08695652173913043
nfcorpus,PLAIN-2580,Jev V1,0.2657440277616815,1.0,0.08695652173913043
nfcorpus,PLAIN-2580,Jev V2,0.2565611166187708,1.0,0.08695652173913043
nfcorpus,PLAIN-2580,Jev V3,0.37456050428247883,1.0,0.08695652173913043
nfcorpus,PLAIN-2580,base (MaxSim@10),0.2443527483788096,,
nfcorpus,PLAIN-2590,first stage,0.20025559484057834,0.5,0.031746031746031744
nfcorpus,PLAIN-2590,cross-encoder,0.30603768869401954,0.5,0.047619047619047616
nfcorpus,PLAIN-2590,Jev V1,0.33604544903649153,0.5,0.06349206349206349
nfcorpus,PLAIN-2590,Jev V2,0.3340144934578449,0.5,0.06349206349206349
nfcorpus,PLAIN-2590,Jev V3,0.20025559484057834,0.5,0.031746031746031744
nfcorpus,PLAIN-2590,base (MaxSim@10),0.1853739226201294,,
nfcorpus,PLAIN-2600,first stage,0.5998254955960036,1.0,0.3
nfcorpus,PLAIN-2600,cross-encoder,0.6499590469680815,1.0,0.4
nfcorpus,PLAIN-2600,Jev V1,0.6506832987719725,1.0,0.4
nfcorpus,PLAIN-2600,Jev V2,0.6506832987719725,1.0,0.4
nfcorpus,PLAIN-2600,Jev V3,0.6604400652351458,1.0,0.4
nfcorpus,PLAIN-2600,base (MaxSim@10),0.5998254955960036,,
nfcorpus,PLAIN-2610,first stage,0.22716217481924805,0.2,0.04918032786885246
nfcorpus,PLAIN-2610,cross-encoder,0.4753467059652075,1.0,0.08196721311475409
nfcorpus,PLAIN-2610,Jev V1,0.5591959324849123,1.0,0.08196721311475409
nfcorpus,PLAIN-2610,Jev V2,0.5400062438450265,1.0,0.08196721311475409
nfcorpus,PLAIN-2610,Jev V3,0.4249260138166711,1.0,0.04918032786885246
nfcorpus,PLAIN-2610,base (MaxSim@10),0.3932783996463063,,
nfcorpus,PLAIN-2620,first stage,0.1061131829864573,0.14285714285714285,0.03636363636363636
nfcorpus,PLAIN-2620,cross-encoder,0.14476149411742875,0.3333333333333333,0.03636363636363636
nfcorpus,PLAIN-2620,Jev V1,0.3098303188409889,1.0,0.05454545454545454
nfcorpus,PLAIN-2620,Jev V2,0.3098303188409889,1.0,0.05454545454545454
nfcorpus,PLAIN-2620,Jev V3,0.25480737726646885,1.0,0.03636363636363636
nfcorpus,PLAIN-2620,base (MaxSim@10),0.1025583336639718,,
nfcorpus,PLAIN-2630,first stage,0.6594803070902427,1.0,0.125
nfcorpus,PLAIN-2630,cross-encoder,0.6987957033953602,1.0,0.125
nfcorpus,PLAIN-2630,Jev V1,0.8006937664098821,1.0,0.14583333333333334
nfcorpus,PLAIN-2630,Jev V2,0.8338208781370766,1.0,0.16666666666666666
nfcorpus,PLAIN-2630,Jev V3,0.6594803070902427,1.0,0.125
nfcorpus,PLAIN-2630,base (MaxSim@10),0.6901935063354876,,
nfcorpus,PLAIN-2640,first stage,0.5982852081248282,1.0,0.20833333333333334
nfcorpus,PLAIN-2640,cross-encoder,0.71977556315001,1.0,0.20833333333333334
nfcorpus,PLAIN-2640,Jev V1,0.5769301668731157,1.0,0.1875
nfcorpus,PLAIN-2640,Jev V2,0.5932535832028967,1.0,0.20833333333333334
nfcorpus,PLAIN-2640,Jev V3,0.6269865463183776,1.0,0.20833333333333334
nfcorpus,PLAIN-2640,base (MaxSim@10),0.5927710253860055,,
nfcorpus,PLAIN-2650,first stage,0.6489315753318466,1.0,0.1724137931034483
nfcorpus,PLAIN-2650,cross-encoder,0.6059848036189868,1.0,0.1724137931034483
nfcorpus,PLAIN-2650,Jev V1,0.6136525857537394,1.0,0.1724137931034483
nfcorpus,PLAIN-2650,Jev V2,0.6203974344166849,1.0,0.1724137931034483
nfcorpus,PLAIN-2650,Jev V3,0.6421867266689011,1.0,0.1724137931034483
nfcorpus,PLAIN-2650,base (MaxSim@10),0.5933607200949347,,
nfcorpus,PLAIN-2660,first stage,0.31252911522154636,0.5,0.1111111111111111
nfcorpus,PLAIN-2660,cross-encoder,0.3526637384340435,0.3333333333333333,0.14814814814814814
nfcorpus,PLAIN-2660,Jev V1,0.5333765831998211,1.0,0.18518518518518517
nfcorpus,PLAIN-2660,Jev V2,0.4479321408033599,1.0,0.14814814814814814
nfcorpus,PLAIN-2660,Jev V3,0.5135081645717172,1.0,0.18518518518518517
nfcorpus,PLAIN-2660,base (MaxSim@10),0.3340514446642156,,
nfcorpus,PLAIN-2670,first stage,0.29964840342598303,1.0,0.02857142857142857
nfcorpus,PLAIN-2670,cross-encoder,0.4063853183317623,1.0,0.05714285714285714
nfcorpus,PLAIN-2670,Jev V1,0.4887054967576192,1.0,0.05714285714285714
nfcorpus,PLAIN-2670,Jev V2,0.4887054967576192,1.0,0.05714285714285714
nfcorpus,PLAIN-2670,Jev V3,0.4887054967576192,1.0,0.05714285714285714
nfcorpus,PLAIN-2670,base (MaxSim@10),0.299648403425983,,
nfcorpus,PLAIN-2680,first stage,0.14397047852848383,0.2,0.14285714285714285
nfcorpus,PLAIN-2680,cross-encoder,0.26847328853151875,0.3333333333333333,0.21428571428571427
nfcorpus,PLAIN-2680,Jev V1,0.36458598999465325,1.0,0.14285714285714285
nfcorpus,PLAIN-2680,Jev V2,0.38225200651112173,1.0,0.14285714285714285
nfcorpus,PLAIN-2680,Jev V3,0.3002216416759892,1.0,0.14285714285714285
nfcorpus,PLAIN-2680,base (MaxSim@10),0.2009784702252143,,
nfcorpus,PLAIN-2690,first stage,0.3843113526044083,1.0,0.06976744186046512
nfcorpus,PLAIN-2690,cross-encoder,0.47309557341236874,1.0,0.11627906976744186
nfcorpus,PLAIN-2690,Jev V1,0.6160963358867486,1.0,0.16279069767441862
nfcorpus,PLAIN-2690,Jev V2,0.6221683586488918,1.0,0.16279069767441862
nfcorpus,PLAIN-2690,Jev V3,0.5163942755054503,1.0,0.09302325581395349
nfcorpus,PLAIN-2690,base (MaxSim@10),0.3699030722421511,,
nfcorpus,PLAIN-2700,first stage,0.2835856399974543,0.5,0.2
nfcorpus,PLAIN-2700,cross-encoder,0.5285827475876673,1.0,0.3
nfcorpus,PLAIN-2700,Jev V1,0.6385296984706108,1.0,0.3
nfcorpus,PLAIN-2700,Jev V2,0.6385296984706108,1.0,0.3
nfcorpus,PLAIN-2700,Jev V3,0.6177570397773091,1.0,0.3
nfcorpus,PLAIN-2700,base (MaxSim@10),0.4286999464456729,,
nfcorpus,PLAIN-2710,first stage,0.6779733527921183,1.0,0.23809523809523808
nfcorpus,PLAIN-2710,cross-encoder,0.6687203801353125,1.0,0.23809523809523808
nfcorpus,PLAIN-2710,Jev V1,0.6779733527921183,1.0,0.23809523809523808
nfcorpus,PLAIN-2710,Jev V2,0.6687203801353125,1.0,0.23809523809523808
nfcorpus,PLAIN-2710,Jev V3,0.6453950899729819,1.0,0.23809523809523808
nfcorpus,PLAIN-2710,base (MaxSim@10),0.6779733527921183,,
nfcorpus,PLAIN-2720,first stage,0.12445416351129733,0.3333333333333333,0.05555555555555555
nfcorpus,PLAIN-2720,cross-encoder,0.11508023002835538,0.16666666666666666,0.05555555555555555
nfcorpus,PLAIN-2720,Jev V1,0.07391474545772632,0.16666666666666666,0.05555555555555555
nfcorpus,PLAIN-2720,Jev V2,0.10030274924863175,0.14285714285714285,0.05555555555555555
nfcorpus,PLAIN-2720,Jev V3,0.14016605921614106,0.3333333333333333,0.05555555555555555
nfcorpus,PLAIN-2720,base (MaxSim@10),0.1207581042841354,,
nfcorpus,PLAIN-2730,first stage,0.5926269253823543,1.0,0.13793103448275862
nfcorpus,PLAIN-2730,cross-encoder,0.4668171843626152,0.5,0.1724137931034483
nfcorpus,PLAIN-2730,Jev V1,0.4906377106121623,0.5,0.1724137931034483
nfcorpus,PLAIN-2730,Jev V2,0.4906377106121623,0.5,0.1724137931034483
nfcorpus,PLAIN-2730,Jev V3,0.569096554332784,1.0,0.13793103448275862
nfcorpus,PLAIN-2730,base (MaxSim@10),0.5454920228719409,,
nfcorpus,PLAIN-2740,first stage,0.5948391587954981,1.0,0.08
nfcorpus,PLAIN-2740,cross-encoder,0.6328604639768506,1.0,0.1
nfcorpus,PLAIN-2740,Jev V1,0.624772411473706,1.0,0.1
nfcorpus,PLAIN-2740,Jev V2,0.624772411473706,1.0,0.1
nfcorpus,PLAIN-2740,Jev V3,0.5481885784708368,1.0,0.08
nfcorpus,PLAIN-2740,base (MaxSim@10),0.5481885784708368,,
nfcorpus,PLAIN-2750,first stage,0.6384111480615605,1.0,0.13559322033898305
nfcorpus,PLAIN-2750,cross-encoder,0.5015599531089542,1.0,0.1016949152542373
nfcorpus,PLAIN-2750,Jev V1,0.7212084495001329,1.0,0.13559322033898305
nfcorpus,PLAIN-2750,Jev V2,0.7134915664933215,1.0,0.11864406779661017
nfcorpus,PLAIN-2750,Jev V3,0.6692289392830879,1.0,0.13559322033898305
nfcorpus,PLAIN-2750,base (MaxSim@10),0.6449048560222367,,
nfcorpus,PLAIN-2760,first stage,0.3645095642090819,0.5,0.25
nfcorpus,PLAIN-2760,cross-encoder,0.12757236323450546,0.16666666666666666,0.125
nfcorpus,PLAIN-2760,Jev V1,0.405032201867323,0.5,0.25
nfcorpus,PLAIN-2760,Jev V2,0.405032201867323,0.5,0.25
nfcorpus,PLAIN-2760,Jev V3,0.405032201867323,0.5,0.25
nfcorpus,PLAIN-2760,base (MaxSim@10),0.2323611760874039,,
nfcorpus,PLAIN-2770,first stage,0.39015452432574144,1.0,0.0975609756097561
nfcorpus,PLAIN-2770,cross-encoder,0.2115641877068823,0.3333333333333333,0.04878048780487805
nfcorpus,PLAIN-2770,Jev V1,0.24132753214778016,0.5,0.04878048780487805
nfcorpus,PLAIN-2770,Jev V2,0.25708634497380517,0.5,0.04878048780487805
nfcorpus,PLAIN-2770,Jev V3,0.2805676395824867,0.5,0.0975609756097561
nfcorpus,PLAIN-2770,base (MaxSim@10),0.3890069193703641,,
nfcorpus,PLAIN-2780,first stage,0.5422315034363078,1.0,0.2727272727272727
nfcorpus,PLAIN-2780,cross-encoder,0.5509883867695238,1.0,0.3181818181818182
nfcorpus,PLAIN-2780,Jev V1,0.5001150034956628,1.0,0.2727272727272727
nfcorpus,PLAIN-2780,Jev V2,0.5681540795952743,1.0,0.3181818181818182
nfcorpus,PLAIN-2780,Jev V3,0.5422315034363078,1.0,0.2727272727272727
nfcorpus,PLAIN-2780,base (MaxSim@10),0.5295870861933465,,
nfcorpus,PLAIN-2790,first stage,0.42520843362602384,1.0,0.05084745762711865
nfcorpus,PLAIN-2790,cross-encoder,0.5541432109622959,1.0,0.06779661016949153
nfcorpus,PLAIN-2790,Jev V1,0.5637884576902257,1.0,0.06779661016949153
nfcorpus,PLAIN-2790,Jev V2,0.5637884576902257,1.0,0.06779661016949153
nfcorpus,PLAIN-2790,Jev V3,0.5326208815196266,1.0,0.06779661016949153
nfcorpus,PLAIN-2790,base (MaxSim@10),0.4690000933206749,,
nfcorpus,PLAIN-2800,first stage,0.06452577150984495,0.25,0.041666666666666664
nfcorpus,PLAIN-2800,cross-encoder,0.09452854666581809,0.5,0.041666666666666664
nfcorpus,PLAIN-2800,Jev V1,0.05795991302434499,0.2,0.041666666666666664
nfcorpus,PLAIN-2800,Jev V2,0.05795991302434499,0.2,0.041666666666666664
nfcorpus,PLAIN-2800,Jev V3,0.04994140057099717,0.14285714285714285,0.041666666666666664
nfcorpus,PLAIN-2800,base (MaxSim@10),0.0579599130243449,,
nfcorpus,PLAIN-2810,first stage,0.0,0.0,0.0
nfcorpus,PLAIN-2810,cross-encoder,0.0,0.0,0.0
nfcorpus,PLAIN-2810,Jev V1,0.0,0.0,0.0
nfcorpus,PLAIN-2810,Jev V2,0.0,0.0,0.0
nfcorpus,PLAIN-2810,Jev V3,0.0,0.0,0.0
nfcorpus,PLAIN-2810,base (MaxSim@10),0.0,,
nfcorpus,PLAIN-2820,first stage,0.0,0.0,0.0
nfcorpus,PLAIN-2820,cross-encoder,0.0,0.0,0.0
nfcorpus,PLAIN-2820,Jev V1,0.0,0.0,0.0
nfcorpus,PLAIN-2820,Jev V2,0.0,0.0,0.0
nfcorpus,PLAIN-2820,Jev V3,0.0,0.0,0.0
nfcorpus,PLAIN-2820,base (MaxSim@10),0.0,,
nfcorpus,PLAIN-2830,first stage,0.31939394323979897,0.3333333333333333,0.3333333333333333
nfcorpus,PLAIN-2830,cross-encoder,0.27511096828801057,0.25,0.3333333333333333
nfcorpus,PLAIN-2830,Jev V1,0.6387878864795979,1.0,0.3333333333333333
nfcorpus,PLAIN-2830,Jev V2,0.6387878864795979,1.0,0.3333333333333333
nfcorpus,PLAIN-2830,Jev V3,0.6387878864795979,1.0,0.3333333333333333
nfcorpus,PLAIN-2830,base (MaxSim@10),0.2751109682880105,,
nfcorpus,PLAIN-2840,first stage,0.0,0.0,0.0
nfcorpus,PLAIN-2840,cross-encoder,0.0,0.0,0.0
nfcorpus,PLAIN-2840,Jev V1,0.0,0.0,0.0
nfcorpus,PLAIN-2840,Jev V2,0.0,0.0,0.0
nfcorpus,PLAIN-2840,Jev V3,0.0,0.0,0.0
nfcorpus,PLAIN-2840,base (MaxSim@10),0.0,,
nfcorpus,PLAIN-2850,first stage,0.24014860122439105,0.5,0.1111111111111111
nfcorpus,PLAIN-2850,cross-encoder,0.20728359099338467,0.2,0.2222222222222222
nfcorpus,PLAIN-2850,Jev V1,0.44841747989838854,1.0,0.2222222222222222
nfcorpus,PLAIN-2850,Jev V2,0.46258998893775544,1.0,0.2222222222222222
nfcorpus,PLAIN-2850,Jev V3,0.3806265275412985,1.0,0.1111111111111111
nfcorpus,PLAIN-2850,base (MaxSim@10),0.1268755091804328,,
nfcorpus,PLAIN-2860,first stage,1.0,1.0,1.0
nfcorpus,PLAIN-2860,cross-encoder,1.0,1.0,1.0
nfcorpus,PLAIN-2860,Jev V1,1.0,1.0,1.0
nfcorpus,PLAIN-2860,Jev V2,1.0,1.0,1.0
nfcorpus,PLAIN-2860,Jev V3,1.0,1.0,1.0
nfcorpus,PLAIN-2860,base (MaxSim@10),1.0,,
nfcorpus,PLAIN-2870,first stage,0.0,0.0,0.0
nfcorpus,PLAIN-2870,cross-encoder,0.09797563950575583,0.2,0.2
nfcorpus,PLAIN-2870,Jev V1,0.08442111803551768,0.14285714285714285,0.2
nfcorpus,PLAIN-2870,Jev V2,0.09021422696383823,0.16666666666666666,0.2
nfcorpus,PLAIN-2870,Jev V3,0.10907458963273321,0.25,0.2
nfcorpus,PLAIN-2870,base (MaxSim@10),0.0,,
nfcorpus,PLAIN-2880,first stage,0.0,0.0,0.0
nfcorpus,PLAIN-2880,cross-encoder,0.0,0.0,0.0
nfcorpus,PLAIN-2880,Jev V1,0.0,0.0,0.0
nfcorpus,PLAIN-2880,Jev V2,0.0,0.0,0.0
nfcorpus,PLAIN-2880,Jev V3,0.0,0.0,0.0
nfcorpus,PLAIN-2880,base (MaxSim@10),0.0,,
nfcorpus,PLAIN-2890,first stage,0.22762622895961598,0.5,0.034482758620689655
nfcorpus,PLAIN-2890,cross-encoder,0.13956838328637602,0.2,0.034482758620689655
nfcorpus,PLAIN-2890,Jev V1,0.1285120859663631,0.16666666666666666,0.034482758620689655
nfcorpus,PLAIN-2890,Jev V2,0.1285120859663631,0.16666666666666666,0.034482758620689655
nfcorpus,PLAIN-2890,Jev V3,0.13956838328637602,0.2,0.034482758620689655
nfcorpus,PLAIN-2890,base (MaxSim@10),0.155379073915319,,
nfcorpus,PLAIN-2900,first stage,0.09382844813642036,0.14285714285714285,0.08333333333333333
nfcorpus,PLAIN-2900,cross-encoder,0.0,0.0,0.0
nfcorpus,PLAIN-2900,Jev V1,0.10889339568010445,0.2,0.08333333333333333
nfcorpus,PLAIN-2900,Jev V2,0.10026710274415573,0.16666666666666666,0.08333333333333333
nfcorpus,PLAIN-2900,Jev V3,0.14074267220463055,0.3333333333333333,0.08333333333333333
nfcorpus,PLAIN-2900,base (MaxSim@10),0.1088933956801044,,
nfcorpus,PLAIN-2910,first stage,0.20436662668128652,0.5,0.06666666666666667
nfcorpus,PLAIN-2910,cross-encoder,0.16195671984435941,0.3333333333333333,0.06666666666666667
nfcorpus,PLAIN-2910,Jev V1,0.139501925318851,0.25,0.06666666666666667
nfcorpus,PLAIN-2910,Jev V2,0.139501925318851,0.25,0.06666666666666667
nfcorpus,PLAIN-2910,Jev V3,0.20436662668128652,0.5,0.06666666666666667
nfcorpus,PLAIN-2910,base (MaxSim@10),0.3239134396887188,,
nfcorpus,PLAIN-2920,first stage,0.0,0.0,0.0
nfcorpus,PLAIN-2920,cross-encoder,0.0,0.0,0.0
nfcorpus,PLAIN-2920,Jev V1,0.0,0.0,0.0
nfcorpus,PLAIN-2920,Jev V2,0.0,0.0,0.0
nfcorpus,PLAIN-2920,Jev V3,0.0,0.0,0.0
nfcorpus,PLAIN-2920,base (MaxSim@10),0.0,,
nfcorpus,PLAIN-2930,first stage,0.43846857403921885,1.0,0.14285714285714285
nfcorpus,PLAIN-2930,cross-encoder,0.4745921515613674,1.0,0.14285714285714285
nfcorpus,PLAIN-2930,Jev V1,0.4150816930657179,1.0,0.14285714285714285
nfcorpus,PLAIN-2930,Jev V2,0.41768559432146335,1.0,0.14285714285714285
nfcorpus,PLAIN-2930,Jev V3,0.43846857403921885,1.0,0.14285714285714285
nfcorpus,PLAIN-2930,base (MaxSim@10),0.4176855943214633,,
nfcorpus,PLAIN-2940,first stage,0.0,0.0,0.0
nfcorpus,PLAIN-2940,cross-encoder,0.0,0.0,0.0
nfcorpus,PLAIN-2940,Jev V1,0.0,0.0,0.0
nfcorpus,PLAIN-2940,Jev V2,0.0,0.0,0.0
nfcorpus,PLAIN-2940,Jev V3,0.0,0.0,0.0
nfcorpus,PLAIN-2940,base (MaxSim@10),0.0,,
nfcorpus,PLAIN-2950,first stage,0.0,0.0,0.0
nfcorpus,PLAIN-2950,cross-encoder,0.0,0.0,0.0
nfcorpus,PLAIN-2950,Jev V1,0.0,0.0,0.0
nfcorpus,PLAIN-2950,Jev V2,0.0,0.0,0.0
nfcorpus,PLAIN-2950,Jev V3,0.0,0.0,0.0
nfcorpus,PLAIN-2950,base (MaxSim@10),0.0,,
nfcorpus,PLAIN-2960,first stage,0.25339584447728947,0.14285714285714285,0.5
nfcorpus,PLAIN-2960,cross-encoder,0.3273949503887395,0.25,0.5
nfcorpus,PLAIN-2960,Jev V1,0.4796249331362629,0.5,0.5
nfcorpus,PLAIN-2960,Jev V2,0.4796249331362629,0.5,0.5
nfcorpus,PLAIN-2960,Jev V3,0.4796249331362629,0.5,0.5
nfcorpus,PLAIN-2960,base (MaxSim@10),0.3273949503887395,,
nfcorpus,PLAIN-2970,first stage,0.3806265275412985,1.0,0.1111111111111111
nfcorpus,PLAIN-2970,cross-encoder,0.3806265275412985,1.0,0.1111111111111111
nfcorpus,PLAIN-2970,Jev V1,0.3806265275412985,1.0,0.1111111111111111
nfcorpus,PLAIN-2970,Jev V2,0.3806265275412985,1.0,0.1111111111111111
nfcorpus,PLAIN-2970,Jev V3,0.3806265275412985,1.0,0.1111111111111111
nfcorpus,PLAIN-2970,base (MaxSim@10),0.240148601224391,,
nfcorpus,PLAIN-2981,first stage,0.43122038713502525,1.0,0.14285714285714285
nfcorpus,PLAIN-2981,cross-encoder,0.43122038713502525,1.0,0.14285714285714285
nfcorpus,PLAIN-2981,Jev V1,0.43122038713502525,1.0,0.14285714285714285
nfcorpus,PLAIN-2981,Jev V2,0.43122038713502525,1.0,0.14285714285714285
nfcorpus,PLAIN-2981,Jev V3,0.43122038713502525,1.0,0.14285714285714285
nfcorpus,PLAIN-2981,base (MaxSim@10),0.4312203871350252,,
nfcorpus,PLAIN-2991,first stage,0.0,0.0,0.0
nfcorpus,PLAIN-2991,cross-encoder,0.38685280723454163,0.5,0.5
nfcorpus,PLAIN-2991,Jev V1,0.38685280723454163,0.5,0.5
nfcorpus,PLAIN-2991,Jev V2,0.6131471927654584,1.0,0.5
nfcorpus,PLAIN-2991,Jev V3,0.38685280723454163,0.5,0.5
nfcorpus,PLAIN-2991,base (MaxSim@10),0.0,,
nfcorpus,PLAIN-3001,first stage,0.0,0.0,0.0
nfcorpus,PLAIN-3001,cross-encoder,0.0,0.0,0.0
nfcorpus,PLAIN-3001,Jev V1,0.0,0.0,0.0
nfcorpus,PLAIN-3001,Jev V2,0.0,0.0,0.0
nfcorpus,PLAIN-3001,Jev V3,0.0,0.0,0.0
nfcorpus,PLAIN-3001,base (MaxSim@10),0.0,,
nfcorpus,PLAIN-3014,first stage,0.0,0.0,0.0
nfcorpus,PLAIN-3014,cross-encoder,0.0,0.0,0.0
nfcorpus,PLAIN-3014,Jev V1,0.0,0.0,0.0
nfcorpus,PLAIN-3014,Jev V2,0.0,0.0,0.0
nfcorpus,PLAIN-3014,Jev V3,0.0,0.0,0.0
nfcorpus,PLAIN-3014,base (MaxSim@10),0.0,,
nfcorpus,PLAIN-3026,first stage,0.0,0.0,0.0
nfcorpus,PLAIN-3026,cross-encoder,0.0,0.0,0.0
nfcorpus,PLAIN-3026,Jev V1,0.0,0.0,0.0
nfcorpus,PLAIN-3026,Jev V2,0.0,0.0,0.0
nfcorpus,PLAIN-3026,Jev V3,0.0,0.0,0.0
nfcorpus,PLAIN-3026,base (MaxSim@10),0.0,,
nfcorpus,PLAIN-3037,first stage,0.123151194370365,0.125,0.25
nfcorpus,PLAIN-3037,cross-encoder,0.13905617951077562,0.16666666666666666,0.25
nfcorpus,PLAIN-3037,Jev V1,0.24630238874073,0.5,0.25
nfcorpus,PLAIN-3037,Jev V2,0.16812753627111746,0.25,0.25
nfcorpus,PLAIN-3037,Jev V3,0.24630238874073,0.5,0.25
nfcorpus,PLAIN-3037,base (MaxSim@10),0.1681275362711174,,
nfcorpus,PLAIN-3053,first stage,0.7653606369886217,1.0,0.6666666666666666
nfcorpus,PLAIN-3053,cross-encoder,0.7653606369886217,1.0,0.6666666666666666
nfcorpus,PLAIN-3053,Jev V1,0.7653606369886217,1.0,0.6666666666666666
nfcorpus,PLAIN-3053,Jev V2,0.7653606369886217,1.0,0.6666666666666666
nfcorpus,PLAIN-3053,Jev V3,0.7653606369886217,1.0,0.6666666666666666
nfcorpus,PLAIN-3053,base (MaxSim@10),0.7653606369886217,,
nfcorpus,PLAIN-3063,first stage,0.123151194370365,0.125,0.25
nfcorpus,PLAIN-3063,cross-encoder,0.11751610475642714,0.1111111111111111,0.25
nfcorpus,PLAIN-3063,Jev V1,0.3903800499921017,1.0,0.25
nfcorpus,PLAIN-3063,Jev V2,0.3903800499921017,1.0,0.25
nfcorpus,PLAIN-3063,Jev V3,0.3903800499921017,1.0,0.25
nfcorpus,PLAIN-3063,base (MaxSim@10),0.1175161047564271,,
nfcorpus,PLAIN-3074,first stage,1.0,1.0,1.0
nfcorpus,PLAIN-3074,cross-encoder,1.0,1.0,1.0
nfcorpus,PLAIN-3074,Jev V1,1.0,1.0,1.0
nfcorpus,PLAIN-3074,Jev V2,1.0,1.0,1.0
nfcorpus,PLAIN-3074,Jev V3,1.0,1.0,1.0
nfcorpus,PLAIN-3074,base (MaxSim@10),1.0,,
nfcorpus,PLAIN-3085,first stage,0.3065735963827292,0.3333333333333333,0.5
nfcorpus,PLAIN-3085,cross-encoder,0.430624116386567,0.2,1.0
nfcorpus,PLAIN-3085,Jev V1,0.5249810332008933,0.3333333333333333,1.0
nfcorpus,PLAIN-3085,Jev V2,0.5437713091520254,0.3333333333333333,1.0
nfcorpus,PLAIN-3085,Jev V3,0.3065735963827292,0.3333333333333333,0.5
nfcorpus,PLAIN-3085,base (MaxSim@10),0.2371977127692962,,
nfcorpus,PLAIN-3097,first stage,0.4770382338730848,1.0,0.25
nfcorpus,PLAIN-3097,cross-encoder,0.4770382338730848,1.0,0.25
nfcorpus,PLAIN-3097,Jev V1,0.4770382338730848,1.0,0.25
nfcorpus,PLAIN-3097,Jev V2,0.4770382338730848,1.0,0.25
nfcorpus,PLAIN-3097,Jev V3,0.4770382338730848,1.0,0.25
nfcorpus,PLAIN-3097,base (MaxSim@10),0.4770382338730848,,
nfcorpus,PLAIN-3116,first stage,0.0,0.0,0.0
nfcorpus,PLAIN-3116,cross-encoder,0.0,0.0,0.0
nfcorpus,PLAIN-3116,Jev V1,0.0,0.0,0.0
nfcorpus,PLAIN-3116,Jev V2,0.0,0.0,0.0
nfcorpus,PLAIN-3116,Jev V3,0.0,0.0,0.0
nfcorpus,PLAIN-3116,base (MaxSim@10),0.0,,
nfcorpus,PLAIN-3131,first stage,0.3632120304243473,0.5,0.3333333333333333
nfcorpus,PLAIN-3131,cross-encoder,0.46647416287548293,0.5,0.5
nfcorpus,PLAIN-3131,Jev V1,0.4953524941356334,0.5,0.5
nfcorpus,PLAIN-3131,Jev V2,0.4953524941356334,0.5,0.5
nfcorpus,PLAIN-3131,Jev V3,0.4953524941356334,0.5,0.5
nfcorpus,PLAIN-3131,base (MaxSim@10),0.5519173917871053,,
nfcorpus,PLAIN-3141,first stage,0.29964840342598303,1.0,0.029411764705882353
nfcorpus,PLAIN-3141,cross-encoder,0.1290515430196899,0.25,0.029411764705882353
nfcorpus,PLAIN-3141,Jev V1,0.29964840342598303,1.0,0.029411764705882353
nfcorpus,PLAIN-3141,Jev V2,0.18905709333163617,0.5,0.029411764705882353
nfcorpus,PLAIN-3141,Jev V3,0.29964840342598303,1.0,0.029411764705882353
nfcorpus,PLAIN-3141,base (MaxSim@10),0.299648403425983,,
nfcorpus,PLAIN-3151,first stage,0.7570047483812911,1.0,0.4444444444444444
nfcorpus,PLAIN-3151,cross-encoder,0.597670990611412,0.5,0.3888888888888889
nfcorpus,PLAIN-3151,Jev V1,0.8350308224018601,1.0,0.4444444444444444
nfcorpus,PLAIN-3151,Jev V2,0.8391212581505892,1.0,0.4444444444444444
nfcorpus,PLAIN-3151,Jev V3,0.8269385645949757,1.0,0.4444444444444444
nfcorpus,PLAIN-3151,base (MaxSim@10),0.685504353647621,,
nfcorpus,PLAIN-3161,first stage,0.6972881353384699,1.0,0.13953488372093023
nfcorpus,PLAIN-3161,cross-encoder,0.4509737963519492,1.0,0.046511627906976744
nfcorpus,PLAIN-3161,Jev V1,0.43846857403921885,1.0,0.046511627906976744
nfcorpus,PLAIN-3161,Jev V2,0.4509737963519492,1.0,0.046511627906976744
nfcorpus,PLAIN-3161,Jev V3,0.6197610137758977,1.0,0.11627906976744186
nfcorpus,PLAIN-3161,base (MaxSim@10),0.6660780950930207,,
nfcorpus,PLAIN-3171,first stage,0.052144264846557896,0.1,0.029411764705882353
nfcorpus,PLAIN-3171,cross-encoder,0.1444974152545484,0.3333333333333333,0.058823529411764705
nfcorpus,PLAIN-3171,Jev V1,0.14194557994084106,0.25,0.058823529411764705
nfcorpus,PLAIN-3171,Jev V2,0.15445080225357138,0.3333333333333333,0.058823529411764705
nfcorpus,PLAIN-3171,Jev V3,0.06012983951359322,0.14285714285714285,0.029411764705882353
nfcorpus,PLAIN-3171,base (MaxSim@10),0.0642560429831815,,
nfcorpus,PLAIN-3181,first stage,0.07839826897867534,0.16666666666666666,0.037037037037037035
nfcorpus,PLAIN-3181,cross-encoder,0.22400556151517556,0.5,0.07407407407407407
nfcorpus,PLAIN-3181,Jev V1,0.09478836436955079,0.25,0.037037037037037035
nfcorpus,PLAIN-3181,Jev V2,0.1100458831490401,0.3333333333333333,0.037037037037037035
nfcorpus,PLAIN-3181,Jev V3,0.2200917662980802,1.0,0.037037037037037035
nfcorpus,PLAIN-3181,base (MaxSim@10),0.066254223454389,,
nfcorpus,PLAIN-3191,first stage,0.2722437357694023,1.0,0.1875
nfcorpus,PLAIN-3191,cross-encoder,0.4705511866444728,1.0,0.1875
nfcorpus,PLAIN-3191,Jev V1,0.4171983079685273,1.0,0.1875
nfcorpus,PLAIN-3191,Jev V2,0.4171983079685273,1.0,0.1875
nfcorpus,PLAIN-3191,Jev V3,0.420417635272395,1.0,0.1875
nfcorpus,PLAIN-3191,base (MaxSim@10),0.2204484955662602,,
nfcorpus,PLAIN-3201,first stage,0.42090887659515264,1.0,0.0625
nfcorpus,PLAIN-3201,cross-encoder,0.2877560684732092,0.5,0.0625
nfcorpus,PLAIN-3201,Jev V1,0.27977049380617386,0.5,0.0625
nfcorpus,PLAIN-3201,Jev V2,0.27977049380617386,0.5,0.0625
nfcorpus,PLAIN-3201,Jev V3,0.4150816930657179,1.0,0.0625
nfcorpus,PLAIN-3201,base (MaxSim@10),0.4250350800647409,,
nfcorpus,PLAIN-3211,first stage,0.0,0.0,0.0
nfcorpus,PLAIN-3211,cross-encoder,0.0,0.0,0.0
nfcorpus,PLAIN-3211,Jev V1,0.0,0.0,0.0
nfcorpus,PLAIN-3211,Jev V2,0.0,0.0,0.0
nfcorpus,PLAIN-3211,Jev V3,0.0,0.0,0.0
nfcorpus,PLAIN-3211,base (MaxSim@10),0.0,,
nfcorpus,PLAIN-3221,first stage,0.056906557239903996,0.125,0.041666666666666664
nfcorpus,PLAIN-3221,cross-encoder,0.0,0.0,0.0
nfcorpus,PLAIN-3221,Jev V1,0.18038951854077967,0.3333333333333333,0.041666666666666664
nfcorpus,PLAIN-3221,Jev V2,0.13956838328637602,0.2,0.041666666666666664
nfcorpus,PLAIN-3221,Jev V3,0.052144264846557896,0.1,0.041666666666666664
nfcorpus,PLAIN-3221,base (MaxSim@10),0.0543026559841585,,
nfcorpus,PLAIN-3231,first stage,0.24377811637309388,0.3333333333333333,0.25
nfcorpus,PLAIN-3231,cross-encoder,0.21712166496134908,0.14285714285714285,0.375
nfcorpus,PLAIN-3231,Jev V1,0.27985074227750245,0.16666666666666666,0.5
nfcorpus,PLAIN-3231,Jev V2,0.27575471096773463,0.14285714285714285,0.5
nfcorpus,PLAIN-3231,Jev V3,0.21566925872014692,0.25,0.25
nfcorpus,PLAIN-3231,base (MaxSim@10),0.4352623473008427,,
nfcorpus,PLAIN-3241,first stage,0.36077903708155934,1.0,0.034482758620689655
nfcorpus,PLAIN-3241,cross-encoder,0.36077903708155934,1.0,0.034482758620689655
nfcorpus,PLAIN-3241,Jev V1,0.4305632287247474,1.0,0.06896551724137931
nfcorpus,PLAIN-3241,Jev V2,0.4129233019281172,1.0,0.06896551724137931
nfcorpus,PLAIN-3241,Jev V3,0.4745921515613674,1.0,0.06896551724137931
nfcorpus,PLAIN-3241,base (MaxSim@10),0.3607790370815593,,
nfcorpus,PLAIN-3251,first stage,0.12025967902718644,0.14285714285714285,0.047619047619047616
nfcorpus,PLAIN-3251,cross-encoder,0.21550891342891226,0.25,0.09523809523809523
nfcorpus,PLAIN-3251,Jev V1,0.36077903708155934,1.0,0.047619047619047616
nfcorpus,PLAIN-3251,Jev V2,0.36077903708155934,1.0,0.047619047619047616
nfcorpus,PLAIN-3251,Jev V3,0.4509737963519492,1.0,0.09523809523809523
nfcorpus,PLAIN-3251,base (MaxSim@10),0.1138131144798079,,
nfcorpus,PLAIN-3261,first stage,0.11591982604868999,0.2,0.07692307692307693
nfcorpus,PLAIN-3261,cross-encoder,0.14982420171299152,0.3333333333333333,0.07692307692307693
nfcorpus,PLAIN-3261,Jev V1,0.14982420171299152,0.3333333333333333,0.07692307692307693
nfcorpus,PLAIN-3261,Jev V2,0.14982420171299152,0.3333333333333333,0.07692307692307693
nfcorpus,PLAIN-3261,Jev V3,0.14982420171299152,0.3333333333333333,0.07692307692307693
nfcorpus,PLAIN-3261,base (MaxSim@10),0.1498242017129915,,
nfcorpus,PLAIN-3271,first stage,0.0,0.0,0.0
nfcorpus,PLAIN-3271,cross-encoder,0.06625422345438904,0.1111111111111111,0.02040816326530612
nfcorpus,PLAIN-3271,Jev V1,0.07839826897867534,0.16666666666666666,0.02040816326530612
nfcorpus,PLAIN-3271,Jev V2,0.08514311764162101,0.2,0.02040816326530612
nfcorpus,PLAIN-3271,Jev V3,0.1100458831490401,0.3333333333333333,0.02040816326530612
nfcorpus,PLAIN-3271,base (MaxSim@10),0.0,,
nfcorpus,PLAIN-3281,first stage,0.32391343968871883,1.0,0.038461538461538464
nfcorpus,PLAIN-3281,cross-encoder,0.37072943078154336,1.0,0.07692307692307693
nfcorpus,PLAIN-3281,Jev V1,0.32391343968871883,1.0,0.038461538461538464
nfcorpus,PLAIN-3281,Jev V2,0.32391343968871883,1.0,0.038461538461538464
nfcorpus,PLAIN-3281,Jev V3,0.377899012970172,1.0,0.07692307692307693
nfcorpus,PLAIN-3281,base (MaxSim@10),0.3239134396887188,,
nfcorpus,PLAIN-3292,first stage,0.5812400459841505,0.5,0.8571428571428571
nfcorpus,PLAIN-3292,cross-encoder,0.7127964110048162,1.0,0.7142857142857143
nfcorpus,PLAIN-3292,Jev V1,0.4781286062324013,1.0,0.42857142857142855
nfcorpus,PLAIN-3292,Jev V2,0.4731967701924056,1.0,0.42857142857142855
nfcorpus,PLAIN-3292,Jev V3,0.4887695108243653,0.3333333333333333,0.7142857142857143
nfcorpus,PLAIN-3292,base (MaxSim@10),0.6042613303606107,,
nfcorpus,PLAIN-3302,first stage,0.0,0.0,0.0
nfcorpus,PLAIN-3302,cross-encoder,0.0,0.0,0.0
nfcorpus,PLAIN-3302,Jev V1,0.052144264846557896,0.1,0.02702702702702703
nfcorpus,PLAIN-3302,Jev V2,0.0,0.0,0.0
nfcorpus,PLAIN-3302,Jev V3,0.054302655984158565,0.1111111111111111,0.02702702702702703
nfcorpus,PLAIN-3302,base (MaxSim@10),0.0,,
nfcorpus,PLAIN-3312,first stage,0.0,0.0,0.0
nfcorpus,PLAIN-3312,cross-encoder,0.19102587992366055,0.5,0.15384615384615385
nfcorpus,PLAIN-3312,Jev V1,0.20687207290074372,0.5,0.15384615384615385
nfcorpus,PLAIN-3312,Jev V2,0.20687207290074372,0.5,0.15384615384615385
nfcorpus,PLAIN-3312,Jev V3,0.0,0.0,0.0
nfcorpus,PLAIN-3312,base (MaxSim@10),0.0,,
nfcorpus,PLAIN-3322,first stage,0.2200917662980802,1.0,0.012658227848101266
nfcorpus,PLAIN-3322,cross-encoder,0.2895229882348575,1.0,0.02531645569620253
nfcorpus,PLAIN-3322,Jev V1,0.06943122193677728,0.125,0.012658227848101266
nfcorpus,PLAIN-3322,Jev V2,0.15457433957839828,0.2,0.02531645569620253
nfcorpus,PLAIN-3322,Jev V3,0.24890832702259466,0.5,0.02531645569620253
nfcorpus,PLAIN-3322,base (MaxSim@10),0.2200917662980802,,
nfcorpus,PLAIN-3332,first stage,0.6863219231453964,1.0,0.42857142857142855
nfcorpus,PLAIN-3332,cross-encoder,0.7386976622278715,1.0,0.5
nfcorpus,PLAIN-3332,Jev V1,0.6957551080677908,1.0,0.5
nfcorpus,PLAIN-3332,Jev V2,0.6957551080677908,1.0,0.5
nfcorpus,PLAIN-3332,Jev V3,0.6863219231453964,1.0,0.42857142857142855
nfcorpus,PLAIN-3332,base (MaxSim@10),0.6865533973813137,,
nfcorpus,PLAIN-3342,first stage,0.6508205185601091,1.0,0.6666666666666666
nfcorpus,PLAIN-3342,cross-encoder,0.7039180890341347,1.0,0.6666666666666666
nfcorpus,PLAIN-3342,Jev V1,0.7653606369886217,1.0,0.6666666666666666
nfcorpus,PLAIN-3342,Jev V2,0.7653606369886217,1.0,0.6666666666666666
nfcorpus,PLAIN-3342,Jev V3,0.7039180890341347,1.0,0.6666666666666666
nfcorpus,PLAIN-3342,base (MaxSim@10),0.7653606369886217,,
nfcorpus,PLAIN-3352,first stage,0.0,0.0,0.0
nfcorpus,PLAIN-3352,cross-encoder,0.0,0.0,0.0
nfcorpus,PLAIN-3352,Jev V1,0.0,0.0,0.0
nfcorpus,PLAIN-3352,Jev V2,0.0,0.0,0.0
nfcorpus,PLAIN-3352,Jev V3,0.0,0.0,0.0
nfcorpus,PLAIN-3352,base (MaxSim@10),0.0,,
nfcorpus,PLAIN-3362,first stage,0.38656685141100744,1.0,0.18181818181818182
nfcorpus,PLAIN-3362,cross-encoder,0.4260967530293621,1.0,0.18181818181818182
nfcorpus,PLAIN-3362,Jev V1,0.4260967530293621,1.0,0.18181818181818182
nfcorpus,PLAIN-3362,Jev V2,0.4260967530293621,1.0,0.18181818181818182
nfcorpus,PLAIN-3362,Jev V3,0.4260967530293621,1.0,0.18181818181818182
nfcorpus,PLAIN-3362,base (MaxSim@10),0.4260967530293621,,
nfcorpus,PLAIN-3372,first stage,0.12025967902718644,0.14285714285714285,0.07142857142857142
nfcorpus,PLAIN-3372,cross-encoder,0.22762622895961598,0.5,0.07142857142857142
nfcorpus,PLAIN-3372,Jev V1,0.22762622895961598,0.5,0.07142857142857142
nfcorpus,PLAIN-3372,Jev V2,0.22762622895961598,0.5,0.07142857142857142
nfcorpus,PLAIN-3372,Jev V3,0.22762622895961598,0.5,0.07142857142857142
nfcorpus,PLAIN-3372,base (MaxSim@10),0.139568383286376,,
nfcorpus,PLAIN-3382,first stage,0.6098323505478656,1.0,0.5
nfcorpus,PLAIN-3382,cross-encoder,0.6345162232199686,1.0,0.35714285714285715
nfcorpus,PLAIN-3382,Jev V1,0.6190851916312089,1.0,0.5
nfcorpus,PLAIN-3382,Jev V2,0.6190851916312089,1.0,0.5
nfcorpus,PLAIN-3382,Jev V3,0.677613728592686,1.0,0.5
nfcorpus,PLAIN-3382,base (MaxSim@10),0.6428435519136467,,
nfcorpus,PLAIN-3392,first stage,0.0,0.0,0.0
nfcorpus,PLAIN-3392,cross-encoder,0.0,0.0,0.0
nfcorpus,PLAIN-3392,Jev V1,0.0,0.0,0.0
nfcorpus,PLAIN-3392,Jev V2,0.0,0.0,0.0
nfcorpus,PLAIN-3392,Jev V3,0.0,0.0,0.0
nfcorpus,PLAIN-3392,base (MaxSim@10),0.0,,
nfcorpus,PLAIN-3402,first stage,0.06943122193677728,0.125,0.07142857142857142
nfcorpus,PLAIN-3402,cross-encoder,0.08514311764162101,0.2,0.07142857142857142
nfcorpus,PLAIN-3402,Jev V1,0.07336392209936006,0.14285714285714285,0.07142857142857142
nfcorpus,PLAIN-3402,Jev V2,0.06625422345438904,0.1111111111111111,0.07142857142857142
nfcorpus,PLAIN-3402,Jev V3,0.06625422345438904,0.1111111111111111,0.07142857142857142
nfcorpus,PLAIN-3402,base (MaxSim@10),0.07336392209936,,
nfcorpus,PLAIN-3412,first stage,0.16195671984435941,1.0,0.02040816326530612
nfcorpus,PLAIN-3412,cross-encoder,0.16195671984435941,1.0,0.02040816326530612
nfcorpus,PLAIN-3412,Jev V1,0.16195671984435941,1.0,0.02040816326530612
nfcorpus,PLAIN-3412,Jev V2,0.16195671984435941,1.0,0.02040816326530612
nfcorpus,PLAIN-3412,Jev V3,0.16195671984435941,1.0,0.02040816326530612
nfcorpus,PLAIN-3412,base (MaxSim@10),0.1619567198443594,,
nfcorpus,PLAIN-3422,first stage,0.0809557339960777,0.2,0.06451612903225806
nfcorpus,PLAIN-3422,cross-encoder,0.03401953804980575,0.1,0.03225806451612903
nfcorpus,PLAIN-3422,Jev V1,0.14149868290962944,0.3333333333333333,0.0967741935483871
nfcorpus,PLAIN-3422,Jev V2,0.13999496068898307,0.3333333333333333,0.0967741935483871
nfcorpus,PLAIN-3422,Jev V3,0.08475745777885894,0.2,0.06451612903225806
nfcorpus,PLAIN-3422,base (MaxSim@10),0.092863670840272,,
nfcorpus,PLAIN-3432,first stage,0.3565964385966263,0.3333333333333333,0.09523809523809523
nfcorpus,PLAIN-3432,cross-encoder,0.23047380976071713,0.25,0.07142857142857142
nfcorpus,PLAIN-3432,Jev V1,0.26180807422707547,0.3333333333333333,0.07142857142857142
nfcorpus,PLAIN-3432,Jev V2,0.2297956100746854,0.2,0.07142857142857142
nfcorpus,PLAIN-3432,Jev V3,0.3405196929097572,0.3333333333333333,0.09523809523809523
nfcorpus,PLAIN-3432,base (MaxSim@10),0.4982899359160311,,
nfcorpus,PLAIN-3442,first stage,0.0,0.0,0.0
nfcorpus,PLAIN-3442,cross-encoder,0.0,0.0,0.0
nfcorpus,PLAIN-3442,Jev V1,0.0,0.0,0.0
nfcorpus,PLAIN-3442,Jev V2,0.0,0.0,0.0
nfcorpus,PLAIN-3442,Jev V3,0.0,0.0,0.0
nfcorpus,PLAIN-3442,base (MaxSim@10),0.0,,
nfcorpus,PLAIN-3452,first stage,0.5093979383127244,1.0,0.23529411764705882
nfcorpus,PLAIN-3452,cross-encoder,0.5311739829811368,1.0,0.23529411764705882
nfcorpus,PLAIN-3452,Jev V1,0.2627582842186371,0.3333333333333333,0.17647058823529413
nfcorpus,PLAIN-3452,Jev V2,0.24457915527062576,0.25,0.17647058823529413
nfcorpus,PLAIN-3452,Jev V3,0.371526177105401,0.5,0.23529411764705882
nfcorpus,PLAIN-3452,base (MaxSim@10),0.5288361569833154,,
nfcorpus,PLAIN-3462,first stage,0.6192434967180773,1.0,0.09375
nfcorpus,PLAIN-3462,cross-encoder,0.49825064579222805,0.3333333333333333,0.09375
nfcorpus,PLAIN-3462,Jev V1,0.6429424283490957,1.0,0.09375
nfcorpus,PLAIN-3462,Jev V2,0.6996366830105031,1.0,0.109375
nfcorpus,PLAIN-3462,Jev V3,0.615243447657128,1.0,0.09375
nfcorpus,PLAIN-3462,base (MaxSim@10),0.5662023701721755,,
nfcorpus,PLAIN-3472,first stage,0.13347537859706934,0.3333333333333333,0.058823529411764705
nfcorpus,PLAIN-3472,cross-encoder,0.13347537859706934,0.3333333333333333,0.058823529411764705
nfcorpus,PLAIN-3472,Jev V1,0.13347537859706934,0.3333333333333333,0.058823529411764705
nfcorpus,PLAIN-3472,Jev V2,0.2669507571941387,1.0,0.058823529411764705
nfcorpus,PLAIN-3472,Jev V3,0.16842717545221192,0.5,0.058823529411764705
nfcorpus,PLAIN-3472,base (MaxSim@10),0.103270649813939,,
arguana,test-environment-aeghhgwpe-pro02a,first stage,1.0,1.0,1.0
arguana,test-environment-aeghhgwpe-pro02a,cross-encoder,1.0,1.0,1.0
arguana,test-environment-aeghhgwpe-pro02a,Jev V1,1.0,1.0,1.0
arguana,test-environment-aeghhgwpe-pro02a,Jev V2,1.0,1.0,1.0
arguana,test-environment-aeghhgwpe-pro02a,Jev V3,1.0,1.0,1.0
arguana,test-environment-aeghhgwpe-pro02a,base (MaxSim@10),1.0,,
arguana,test-environment-aeghhgwpe-pro01a,first stage,1.0,1.0,1.0
arguana,test-environment-aeghhgwpe-pro01a,cross-encoder,0.6309297535714575,0.5,1.0
arguana,test-environment-aeghhgwpe-pro01a,Jev V1,0.43067655807339306,0.25,1.0
arguana,test-environment-aeghhgwpe-pro01a,Jev V2,1.0,1.0,1.0
arguana,test-environment-aeghhgwpe-pro01a,Jev V3,1.0,1.0,1.0
arguana,test-environment-aeghhgwpe-pro01a,base (MaxSim@10),1.0,,
arguana,test-environment-aeghhgwpe-pro03a,first stage,1.0,1.0,1.0
arguana,test-environment-aeghhgwpe-pro03a,cross-encoder,0.5,0.3333333333333333,1.0
arguana,test-environment-aeghhgwpe-pro03a,Jev V1,1.0,1.0,1.0
arguana,test-environment-aeghhgwpe-pro03a,Jev V2,1.0,1.0,1.0
arguana,test-environment-aeghhgwpe-pro03a,Jev V3,1.0,1.0,1.0
arguana,test-environment-aeghhgwpe-pro03a,base (MaxSim@10),1.0,,
arguana,test-environment-aeghhgwpe-pro04a,first stage,1.0,1.0,1.0
arguana,test-environment-aeghhgwpe-pro04a,cross-encoder,1.0,1.0,1.0
arguana,test-environment-aeghhgwpe-pro04a,Jev V1,1.0,1.0,1.0
arguana,test-environment-aeghhgwpe-pro04a,Jev V2,1.0,1.0,1.0
arguana,test-environment-aeghhgwpe-pro04a,Jev V3,1.0,1.0,1.0
arguana,test-environment-aeghhgwpe-pro04a,base (MaxSim@10),1.0,,
arguana,test-environment-aeghhgwpe-con02a,first stage,1.0,1.0,1.0
arguana,test-environment-aeghhgwpe-con02a,cross-encoder,1.0,1.0,1.0
arguana,test-environment-aeghhgwpe-con02a,Jev V1,1.0,1.0,1.0
arguana,test-environment-aeghhgwpe-con02a,Jev V2,1.0,1.0,1.0
arguana,test-environment-aeghhgwpe-con02a,Jev V3,1.0,1.0,1.0
arguana,test-environment-aeghhgwpe-con02a,base (MaxSim@10),1.0,,
arguana,test-environment-aeghhgwpe-con03a,first stage,0.3562071871080222,0.16666666666666666,1.0
arguana,test-environment-aeghhgwpe-con03a,cross-encoder,1.0,1.0,1.0
arguana,test-environment-aeghhgwpe-con03a,Jev V1,0.6309297535714575,0.5,1.0
arguana,test-environment-aeghhgwpe-con03a,Jev V2,0.3562071871080222,0.16666666666666666,1.0
arguana,test-environment-aeghhgwpe-con03a,Jev V3,0.5,0.3333333333333333,1.0
arguana,test-environment-aeghhgwpe-con03a,base (MaxSim@10),0.5,,
arguana,test-environment-aeghhgwpe-con01a,first stage,0.5,0.3333333333333333,1.0
arguana,test-environment-aeghhgwpe-con01a,cross-encoder,1.0,1.0,1.0
arguana,test-environment-aeghhgwpe-con01a,Jev V1,0.5,0.3333333333333333,1.0
arguana,test-environment-aeghhgwpe-con01a,Jev V2,1.0,1.0,1.0
arguana,test-environment-aeghhgwpe-con01a,Jev V3,1.0,1.0,1.0
arguana,test-environment-aeghhgwpe-con01a,base (MaxSim@10),0.6309297535714575,,
arguana,test-environment-assgbatj-pro02a,first stage,0.3562071871080222,0.16666666666666666,1.0
arguana,test-environment-assgbatj-pro02a,cross-encoder,0.5,0.3333333333333333,1.0
arguana,test-environment-assgbatj-pro02a,Jev V1,0.38685280723454163,0.2,1.0
arguana,test-environment-assgbatj-pro02a,Jev V2,0.3333333333333333,0.14285714285714285,1.0
arguana,test-environment-assgbatj-pro02a,Jev V3,0.3562071871080222,0.16666666666666666,1.0
arguana,test-environment-assgbatj-pro02a,base (MaxSim@10),0.3562071871080222,,
arguana,test-environment-assgbatj-pro05a,first stage,0.0,0.0,0.0
arguana,test-environment-assgbatj-pro05a,cross-encoder,0.0,0.0,0.0
arguana,test-environment-assgbatj-pro05a,Jev V1,0.6309297535714575,0.5,1.0
arguana,test-environment-assgbatj-pro05a,Jev V2,0.3562071871080222,0.16666666666666666,1.0
arguana,test-environment-assgbatj-pro05a,Jev V3,0.38685280723454163,0.2,1.0
arguana,test-environment-assgbatj-pro05a,base (MaxSim@10),0.0,,
arguana,test-environment-assgbatj-pro01a,first stage,0.2890648263178879,0.1,1.0
arguana,test-environment-assgbatj-pro01a,cross-encoder,1.0,1.0,1.0
arguana,test-environment-assgbatj-pro01a,Jev V1,0.0,0.0,0.0
arguana,test-environment-assgbatj-pro01a,Jev V2,0.43067655807339306,0.25,1.0
arguana,test-environment-assgbatj-pro01a,Jev V3,0.38685280723454163,0.2,1.0
arguana,test-environment-assgbatj-pro01a,base (MaxSim@10),0.2890648263178879,,
arguana,test-environment-assgbatj-pro03a,first stage,0.43067655807339306,0.25,1.0
arguana,test-environment-assgbatj-pro03a,cross-encoder,0.3562071871080222,0.16666666666666666,1.0
arguana,test-environment-assgbatj-pro03a,Jev V1,0.2890648263178879,0.1,1.0
arguana,test-environment-assgbatj-pro03a,Jev V2,0.3333333333333333,0.14285714285714285,1.0
arguana,test-environment-assgbatj-pro03a,Jev V3,0.5,0.3333333333333333,1.0
arguana,test-environment-assgbatj-pro03a,base (MaxSim@10),0.5,,
arguana,test-environment-assgbatj-pro04a,first stage,0.3562071871080222,0.16666666666666666,1.0
arguana,test-environment-assgbatj-pro04a,cross-encoder,0.38685280723454163,0.2,1.0
arguana,test-environment-assgbatj-pro04a,Jev V1,0.0,0.0,0.0
arguana,test-environment-assgbatj-pro04a,Jev V2,0.0,0.0,0.0
arguana,test-environment-assgbatj-pro04a,Jev V3,0.0,0.0,0.0
arguana,test-environment-assgbatj-pro04a,base (MaxSim@10),0.3333333333333333,,
arguana,test-environment-assgbatj-con02a,first stage,0.38685280723454163,0.2,1.0
arguana,test-environment-assgbatj-con02a,cross-encoder,0.5,0.3333333333333333,1.0
arguana,test-environment-assgbatj-con02a,Jev V1,0.43067655807339306,0.25,1.0
arguana,test-environment-assgbatj-con02a,Jev V2,0.5,0.3333333333333333,1.0
arguana,test-environment-assgbatj-con02a,Jev V3,0.5,0.3333333333333333,1.0
arguana,test-environment-assgbatj-con02a,base (MaxSim@10),0.3010299956639812,,
arguana,test-environment-assgbatj-con05a,first stage,0.3333333333333333,0.14285714285714285,1.0
arguana,test-environment-assgbatj-con05a,cross-encoder,0.5,0.3333333333333333,1.0
arguana,test-environment-assgbatj-con05a,Jev V1,0.5,0.3333333333333333,1.0
arguana,test-environment-assgbatj-con05a,Jev V2,0.5,0.3333333333333333,1.0
arguana,test-environment-assgbatj-con05a,Jev V3,1.0,1.0,1.0
arguana,test-environment-assgbatj-con05a,base (MaxSim@10),0.3333333333333333,,
arguana,test-environment-assgbatj-con04a,first stage,0.38685280723454163,0.2,1.0
arguana,test-environment-assgbatj-con04a,cross-encoder,0.6309297535714575,0.5,1.0
arguana,test-environment-assgbatj-con04a,Jev V1,0.5,0.3333333333333333,1.0
arguana,test-environment-assgbatj-con04a,Jev V2,0.5,0.3333333333333333,1.0
arguana,test-environment-assgbatj-con04a,Jev V3,0.6309297535714575,0.5,1.0
arguana,test-environment-assgbatj-con04a,base (MaxSim@10),0.3868528072345416,,
arguana,test-environment-assgbatj-con03a,first stage,0.38685280723454163,0.2,1.0
arguana,test-environment-assgbatj-con03a,cross-encoder,0.5,0.3333333333333333,1.0
arguana,test-environment-assgbatj-con03a,Jev V1,0.43067655807339306,0.25,1.0
arguana,test-environment-assgbatj-con03a,Jev V2,0.6309297535714575,0.5,1.0
arguana,test-environment-assgbatj-con03a,Jev V3,0.5,0.3333333333333333,1.0
arguana,test-environment-assgbatj-con03a,base (MaxSim@10),0.3562071871080222,,
arguana,test-environment-assgbatj-con01a,first stage,0.0,0.0,0.0
arguana,test-environment-assgbatj-con01a,cross-encoder,0.0,0.0,0.0
arguana,test-environment-assgbatj-con01a,Jev V1,0.0,0.0,0.0
arguana,test-environment-assgbatj-con01a,Jev V2,0.0,0.0,0.0
arguana,test-environment-assgbatj-con01a,Jev V3,0.0,0.0,0.0
arguana,test-environment-assgbatj-con01a,base (MaxSim@10),0.0,,
arguana,test-environment-aiahwagit-pro02a,first stage,0.5,0.3333333333333333,1.0
arguana,test-environment-aiahwagit-pro02a,cross-encoder,0.43067655807339306,0.25,1.0
arguana,test-environment-aiahwagit-pro02a,Jev V1,1.0,1.0,1.0
arguana,test-environment-aiahwagit-pro02a,Jev V2,1.0,1.0,1.0
arguana,test-environment-aiahwagit-pro02a,Jev V3,1.0,1.0,1.0
arguana,test-environment-aiahwagit-pro02a,base (MaxSim@10),0.5,,
arguana,test-environment-aiahwagit-pro05a,first stage,0.31546487678572877,0.125,1.0
arguana,test-environment-aiahwagit-pro05a,cross-encoder,0.43067655807339306,0.25,1.0
arguana,test-environment-aiahwagit-pro05a,Jev V1,1.0,1.0,1.0
arguana,test-environment-aiahwagit-pro05a,Jev V2,0.5,0.3333333333333333,1.0
arguana,test-environment-aiahwagit-pro05a,Jev V3,0.43067655807339306,0.25,1.0
arguana,test-environment-aiahwagit-pro05a,base (MaxSim@10),0.3154648767857287,,
arguana,test-environment-aiahwagit-pro01a,first stage,0.31546487678572877,0.125,1.0
arguana,test-environment-aiahwagit-pro01a,cross-encoder,0.3333333333333333,0.14285714285714285,1.0
arguana,test-environment-aiahwagit-pro01a,Jev V1,0.43067655807339306,0.25,1.0
arguana,test-environment-aiahwagit-pro01a,Jev V2,0.3562071871080222,0.16666666666666666,1.0
arguana,test-environment-aiahwagit-pro01a,Jev V3,0.6309297535714575,0.5,1.0
arguana,test-environment-aiahwagit-pro01a,base (MaxSim@10),0.3010299956639812,,
arguana,test-environment-aiahwagit-pro03a,first stage,1.0,1.0,1.0
arguana,test-environment-aiahwagit-pro03a,cross-encoder,0.6309297535714575,0.5,1.0
arguana,test-environment-aiahwagit-pro03a,Jev V1,1.0,1.0,1.0
arguana,test-environment-aiahwagit-pro03a,Jev V2,0.6309297535714575,0.5,1.0
arguana,test-environment-aiahwagit-pro03a,Jev V3,1.0,1.0,1.0
arguana,test-environment-aiahwagit-pro03a,base (MaxSim@10),1.0,,
arguana,test-environment-aiahwagit-pro04a,first stage,0.38685280723454163,0.2,1.0
arguana,test-environment-aiahwagit-pro04a,cross-encoder,1.0,1.0,1.0
arguana,test-environment-aiahwagit-pro04a,Jev V1,0.6309297535714575,0.5,1.0
arguana,test-environment-aiahwagit-pro04a,Jev V2,0.6309297535714575,0.5,1.0
arguana,test-environment-aiahwagit-pro04a,Jev V3,1.0,1.0,1.0
arguana,test-environment-aiahwagit-pro04a,base (MaxSim@10),0.5,,
arguana,test-environment-aiahwagit-con02a,first stage,0.6309297535714575,0.5,1.0
arguana,test-environment-aiahwagit-con02a,cross-encoder,0.6309297535714575,0.5,1.0
arguana,test-environment-aiahwagit-con02a,Jev V1,0.6309297535714575,0.5,1.0
arguana,test-environment-aiahwagit-con02a,Jev V2,0.6309297535714575,0.5,1.0
arguana,test-environment-aiahwagit-con02a,Jev V3,1.0,1.0,1.0
arguana,test-environment-aiahwagit-con02a,base (MaxSim@10),1.0,,
arguana,test-environment-aiahwagit-con04a,first stage,0.5,0.3333333333333333,1.0
arguana,test-environment-aiahwagit-con04a,cross-encoder,1.0,1.0,1.0
arguana,test-environment-aiahwagit-con04a,Jev V1,0.3562071871080222,0.16666666666666666,1.0
arguana,test-environment-aiahwagit-con04a,Jev V2,0.6309297535714575,0.5,1.0
arguana,test-environment-aiahwagit-con04a,Jev V3,1.0,1.0,1.0
arguana,test-environment-aiahwagit-con04a,base (MaxSim@10),0.5,,
arguana,test-environment-aiahwagit-con03a,first stage,0.6309297535714575,0.5,1.0
arguana,test-environment-aiahwagit-con03a,cross-encoder,1.0,1.0,1.0
arguana,test-environment-aiahwagit-con03a,Jev V1,1.0,1.0,1.0
arguana,test-environment-aiahwagit-con03a,Jev V2,1.0,1.0,1.0
arguana,test-environment-aiahwagit-con03a,Jev V3,1.0,1.0,1.0
arguana,test-environment-aiahwagit-con03a,base (MaxSim@10),0.430676558073393,,
arguana,test-environment-aiahwagit-con01a,first stage,0.3562071871080222,0.16666666666666666,1.0
arguana,test-environment-aiahwagit-con01a,cross-encoder,0.5,0.3333333333333333,1.0
arguana,test-environment-aiahwagit-con01a,Jev V1,1.0,1.0,1.0
arguana,test-environment-aiahwagit-con01a,Jev V2,1.0,1.0,1.0
arguana,test-environment-aiahwagit-con01a,Jev V3,1.0,1.0,1.0
arguana,test-environment-aiahwagit-con01a,base (MaxSim@10),0.3562071871080222,,
arguana,test-environment-ehwsnwu-pro02a,first stage,0.3010299956639812,0.1111111111111111,1.0
arguana,test-environment-ehwsnwu-pro02a,cross-encoder,0.3562071871080222,0.16666666666666666,1.0
arguana,test-environment-ehwsnwu-pro02a,Jev V1,0.3010299956639812,0.1111111111111111,1.0
arguana,test-environment-ehwsnwu-pro02a,Jev V2,0.43067655807339306,0.25,1.0
arguana,test-environment-ehwsnwu-pro02a,Jev V3,0.43067655807339306,0.25,1.0
arguana,test-environment-ehwsnwu-pro02a,base (MaxSim@10),0.3868528072345416,,
arguana,test-environment-ehwsnwu-pro01a,first stage,0.5,0.3333333333333333,1.0
arguana,test-environment-ehwsnwu-pro01a,cross-encoder,0.38685280723454163,0.2,1.0
arguana,test-environment-ehwsnwu-pro01a,Jev V1,0.38685280723454163,0.2,1.0
arguana,test-environment-ehwsnwu-pro01a,Jev V2,0.6309297535714575,0.5,1.0
arguana,test-environment-ehwsnwu-pro01a,Jev V3,0.5,0.3333333333333333,1.0
arguana,test-environment-ehwsnwu-pro01a,base (MaxSim@10),0.430676558073393,,
arguana,test-environment-ehwsnwu-con02a,first stage,0.2890648263178879,0.1,1.0
arguana,test-environment-ehwsnwu-con02a,cross-encoder,0.38685280723454163,0.2,1.0
arguana,test-environment-ehwsnwu-con02a,Jev V1,0.3562071871080222,0.16666666666666666,1.0
arguana,test-environment-ehwsnwu-con02a,Jev V2,1.0,1.0,1.0
arguana,test-environment-ehwsnwu-con02a,Jev V3,0.6309297535714575,0.5,1.0
arguana,test-environment-ehwsnwu-con02a,base (MaxSim@10),0.3333333333333333,,
arguana,test-environment-ehwsnwu-con03a,first stage,0.6309297535714575,0.5,1.0
arguana,test-environment-ehwsnwu-con03a,cross-encoder,0.6309297535714575,0.5,1.0
arguana,test-environment-ehwsnwu-con03a,Jev V1,0.5,0.3333333333333333,1.0
arguana,test-environment-ehwsnwu-con03a,Jev V2,1.0,1.0,1.0
arguana,test-environment-ehwsnwu-con03a,Jev V3,1.0,1.0,1.0
arguana,test-environment-ehwsnwu-con03a,base (MaxSim@10),0.3868528072345416,,
arguana,test-environment-ehwsnwu-con01a,first stage,0.2890648263178879,0.1,1.0
arguana,test-environment-ehwsnwu-con01a,cross-encoder,0.6309297535714575,0.5,1.0
arguana,test-environment-ehwsnwu-con01a,Jev V1,0.6309297535714575,0.5,1.0
arguana,test-environment-ehwsnwu-con01a,Jev V2,0.0,0.0,0.0
arguana,test-environment-ehwsnwu-con01a,Jev V3,0.0,0.0,0.0
arguana,test-environment-ehwsnwu-con01a,base (MaxSim@10),0.3154648767857287,,
arguana,test-environment-chbwtlgcc-pro02a,first stage,1.0,1.0,1.0
arguana,test-environment-chbwtlgcc-pro02a,cross-encoder,1.0,1.0,1.0
arguana,test-environment-chbwtlgcc-pro02a,Jev V1,1.0,1.0,1.0
arguana,test-environment-chbwtlgcc-pro02a,Jev V2,1.0,1.0,1.0
arguana,test-environment-chbwtlgcc-pro02a,Jev V3,1.0,1.0,1.0
arguana,test-environment-chbwtlgcc-pro02a,base (MaxSim@10),1.0,,
arguana,test-environment-chbwtlgcc-pro01a,first stage,0.3010299956639812,0.1111111111111111,1.0
arguana,test-environment-chbwtlgcc-pro01a,cross-encoder,0.38685280723454163,0.2,1.0
arguana,test-environment-chbwtlgcc-pro01a,Jev V1,0.0,0.0,0.0
arguana,test-environment-chbwtlgcc-pro01a,Jev V2,0.6309297535714575,0.5,1.0
arguana,test-environment-chbwtlgcc-pro01a,Jev V3,0.5,0.3333333333333333,1.0
arguana,test-environment-chbwtlgcc-pro01a,base (MaxSim@10),0.3010299956639812,,
arguana,test-environment-chbwtlgcc-pro03a,first stage,0.6309297535714575,0.5,1.0
arguana,test-environment-chbwtlgcc-pro03a,cross-encoder,1.0,1.0,1.0
arguana,test-environment-chbwtlgcc-pro03a,Jev V1,0.43067655807339306,0.25,1.0
arguana,test-environment-chbwtlgcc-pro03a,Jev V2,0.5,0.3333333333333333,1.0
arguana,test-environment-chbwtlgcc-pro03a,Jev V3,1.0,1.0,1.0
arguana,test-environment-chbwtlgcc-pro03a,base (MaxSim@10),0.6309297535714575,,
arguana,test-environment-chbwtlgcc-pro04a,first stage,0.0,0.0,0.0
arguana,test-environment-chbwtlgcc-pro04a,cross-encoder,1.0,1.0,1.0
arguana,test-environment-chbwtlgcc-pro04a,Jev V1,0.5,0.3333333333333333,1.0
arguana,test-environment-chbwtlgcc-pro04a,Jev V2,1.0,1.0,1.0
arguana,test-environment-chbwtlgcc-pro04a,Jev V3,0.6309297535714575,0.5,1.0
arguana,test-environment-chbwtlgcc-pro04a,base (MaxSim@10),0.0,,
arguana,test-environment-chbwtlgcc-con02a,first stage,1.0,1.0,1.0
arguana,test-environment-chbwtlgcc-con02a,cross-encoder,1.0,1.0,1.0
arguana,test-environment-chbwtlgcc-con02a,Jev V1,1.0,1.0,1.0
arguana,test-environment-chbwtlgcc-con02a,Jev V2,1.0,1.0,1.0
arguana,test-environment-chbwtlgcc-con02a,Jev V3,0.6309297535714575,0.5,1.0
arguana,test-environment-chbwtlgcc-con02a,base (MaxSim@10),0.430676558073393,,
arguana,test-environment-chbwtlgcc-con03a,first stage,0.3333333333333333,0.14285714285714285,1.0
arguana,test-environment-chbwtlgcc-con03a,cross-encoder,0.3562071871080222,0.16666666666666666,1.0
arguana,test-environment-chbwtlgcc-con03a,Jev V1,0.6309297535714575,0.5,1.0
arguana,test-environment-chbwtlgcc-con03a,Jev V2,0.6309297535714575,0.5,1.0
arguana,test-environment-chbwtlgcc-con03a,Jev V3,0.6309297535714575,0.5,1.0
arguana,test-environment-chbwtlgcc-con03a,base (MaxSim@10),0.3868528072345416,,
arguana,test-environment-chbwtlgcc-con01a,first stage,0.0,0.0,0.0
arguana,test-environment-chbwtlgcc-con01a,cross-encoder,1.0,1.0,1.0
arguana,test-environment-chbwtlgcc-con01a,Jev V1,0.3333333333333333,0.14285714285714285,1.0
arguana,test-environment-chbwtlgcc-con01a,Jev V2,0.3333333333333333,0.14285714285714285,1.0
arguana,test-environment-chbwtlgcc-con01a,Jev V3,0.6309297535714575,0.5,1.0
arguana,test-environment-chbwtlgcc-con01a,base (MaxSim@10),0.0,,
arguana,test-environment-opecewiahw-pro02a,first stage,0.38685280723454163,0.2,1.0
arguana,test-environment-opecewiahw-pro02a,cross-encoder,1.0,1.0,1.0
arguana,test-environment-opecewiahw-pro02a,Jev V1,0.43067655807339306,0.25,1.0
arguana,test-environment-opecewiahw-pro02a,Jev V2,0.6309297535714575,0.5,1.0
arguana,test-environment-opecewiahw-pro02a,Jev V3,0.5,0.3333333333333333,1.0
arguana,test-environment-opecewiahw-pro02a,base (MaxSim@10),0.3868528072345416,,
arguana,test-environment-opecewiahw-pro01a,first stage,0.3562071871080222,0.16666666666666666,1.0
arguana,test-environment-opecewiahw-pro01a,cross-encoder,1.0,1.0,1.0
arguana,test-environment-opecewiahw-pro01a,Jev V1,1.0,1.0,1.0
arguana,test-environment-opecewiahw-pro01a,Jev V2,1.0,1.0,1.0
arguana,test-environment-opecewiahw-pro01a,Jev V3,1.0,1.0,1.0
arguana,test-environment-opecewiahw-pro01a,base (MaxSim@10),0.3562071871080222,,
arguana,test-environment-opecewiahw-pro03a,first stage,0.3333333333333333,0.14285714285714285,1.0
arguana,test-environment-opecewiahw-pro03a,cross-encoder,1.0,1.0,1.0
arguana,test-environment-opecewiahw-pro03a,Jev V1,0.5,0.3333333333333333,1.0
arguana,test-environment-opecewiahw-pro03a,Jev V2,0.5,0.3333333333333333,1.0
arguana,test-environment-opecewiahw-pro03a,Jev V3,1.0,1.0,1.0
arguana,test-environment-opecewiahw-pro03a,base (MaxSim@10),0.3562071871080222,,
arguana,test-environment-opecewiahw-pro04a,first stage,0.0,0.0,0.0
arguana,test-environment-opecewiahw-pro04a,cross-encoder,0.43067655807339306,0.25,1.0
arguana,test-environment-opecewiahw-pro04a,Jev V1,0.6309297535714575,0.5,1.0
arguana,test-environment-opecewiahw-pro04a,Jev V2,0.6309297535714575,0.5,1.0
arguana,test-environment-opecewiahw-pro04a,Jev V3,1.0,1.0,1.0
arguana,test-environment-opecewiahw-pro04a,base (MaxSim@10),0.0,,
arguana,test-environment-opecewiahw-con02a,first stage,0.0,0.0,0.0
arguana,test-environment-opecewiahw-con02a,cross-encoder,1.0,1.0,1.0
arguana,test-environment-opecewiahw-con02a,Jev V1,0.38685280723454163,0.2,1.0
arguana,test-environment-opecewiahw-con02a,Jev V2,0.6309297535714575,0.5,1.0
arguana,test-environment-opecewiahw-con02a,Jev V3,1.0,1.0,1.0
arguana,test-environment-opecewiahw-con02a,base (MaxSim@10),0.0,,
arguana,test-environment-opecewiahw-con04a,first stage,0.0,0.0,0.0
arguana,test-environment-opecewiahw-con04a,cross-encoder,0.0,0.0,0.0
arguana,test-environment-opecewiahw-con04a,Jev V1,0.0,0.0,0.0
arguana,test-environment-opecewiahw-con04a,Jev V2,0.0,0.0,0.0
arguana,test-environment-opecewiahw-con04a,Jev V3,0.0,0.0,0.0
arguana,test-environment-opecewiahw-con04a,base (MaxSim@10),0.0,,
arguana,test-environment-opecewiahw-con03a,first stage,0.0,0.0,0.0
arguana,test-environment-opecewiahw-con03a,cross-encoder,0.0,0.0,0.0
arguana,test-environment-opecewiahw-con03a,Jev V1,0.0,0.0,0.0
arguana,test-environment-opecewiahw-con03a,Jev V2,0.0,0.0,0.0
arguana,test-environment-opecewiahw-con03a,Jev V3,0.0,0.0,0.0
arguana,test-environment-opecewiahw-con03a,base (MaxSim@10),0.0,,
arguana,test-environment-opecewiahw-con01a,first stage,0.31546487678572877,0.125,1.0
arguana,test-environment-opecewiahw-con01a,cross-encoder,1.0,1.0,1.0
arguana,test-environment-opecewiahw-con01a,Jev V1,0.38685280723454163,0.2,1.0
arguana,test-environment-opecewiahw-con01a,Jev V2,0.43067655807339306,0.25,1.0
arguana,test-environment-opecewiahw-con01a,Jev V3,1.0,1.0,1.0
arguana,test-environment-opecewiahw-con01a,base (MaxSim@10),0.3333333333333333,,
arguana,test-health-hdond-pro02a,first stage,0.38685280723454163,0.2,1.0
arguana,test-health-hdond-pro02a,cross-encoder,0.43067655807339306,0.25,1.0
arguana,test-health-hdond-pro02a,Jev V1,0.3562071871080222,0.16666666666666666,1.0
arguana,test-health-hdond-pro02a,Jev V2,0.38685280723454163,0.2,1.0
arguana,test-health-hdond-pro02a,Jev V3,0.6309297535714575,0.5,1.0
arguana,test-health-hdond-pro02a,base (MaxSim@10),1.0,,
arguana,test-health-hdond-pro01a,first stage,0.6309297535714575,0.5,1.0
arguana,test-health-hdond-pro01a,cross-encoder,0.5,0.3333333333333333,1.0
arguana,test-health-hdond-pro01a,Jev V1,1.0,1.0,1.0
arguana,test-health-hdond-pro01a,Jev V2,0.6309297535714575,0.5,1.0
arguana,test-health-hdond-pro01a,Jev V3,1.0,1.0,1.0
arguana,test-health-hdond-pro01a,base (MaxSim@10),1.0,,
arguana,test-health-hdond-pro03a,first stage,1.0,1.0,1.0
arguana,test-health-hdond-pro03a,cross-encoder,1.0,1.0,1.0
arguana,test-health-hdond-pro03a,Jev V1,1.0,1.0,1.0
arguana,test-health-hdond-pro03a,Jev V2,1.0,1.0,1.0
arguana,test-health-hdond-pro03a,Jev V3,1.0,1.0,1.0
arguana,test-health-hdond-pro03a,base (MaxSim@10),1.0,,
arguana,test-health-hdond-pro04a,first stage,1.0,1.0,1.0
arguana,test-health-hdond-pro04a,cross-encoder,1.0,1.0,1.0
arguana,test-health-hdond-pro04a,Jev V1,1.0,1.0,1.0
arguana,test-health-hdond-pro04a,Jev V2,1.0,1.0,1.0
arguana,test-health-hdond-pro04a,Jev V3,1.0,1.0,1.0
arguana,test-health-hdond-pro04a,base (MaxSim@10),1.0,,
arguana,test-health-hdond-con02a,first stage,0.3333333333333333,0.14285714285714285,1.0
arguana,test-health-hdond-con02a,cross-encoder,0.3562071871080222,0.16666666666666666,1.0
arguana,test-health-hdond-con02a,Jev V1,0.3562071871080222,0.16666666666666666,1.0
arguana,test-health-hdond-con02a,Jev V2,0.2890648263178879,0.1,1.0
arguana,test-health-hdond-con02a,Jev V3,1.0,1.0,1.0
arguana,test-health-hdond-con02a,base (MaxSim@10),0.3562071871080222,,
arguana,test-health-hdond-con04a,first stage,1.0,1.0,1.0
arguana,test-health-hdond-con04a,cross-encoder,1.0,1.0,1.0
arguana,test-health-hdond-con04a,Jev V1,0.6309297535714575,0.5,1.0
arguana,test-health-hdond-con04a,Jev V2,0.6309297535714575,0.5,1.0
arguana,test-health-hdond-con04a,Jev V3,1.0,1.0,1.0
arguana,test-health-hdond-con04a,base (MaxSim@10),1.0,,
arguana,test-health-hdond-con03a,first stage,0.43067655807339306,0.25,1.0
arguana,test-health-hdond-con03a,cross-encoder,1.0,1.0,1.0
arguana,test-health-hdond-con03a,Jev V1,1.0,1.0,1.0
arguana,test-health-hdond-con03a,Jev V2,1.0,1.0,1.0
arguana,test-health-hdond-con03a,Jev V3,0.5,0.3333333333333333,1.0
arguana,test-health-hdond-con03a,base (MaxSim@10),0.5,,
arguana,test-health-hdond-con01a,first stage,0.3562071871080222,0.16666666666666666,1.0
arguana,test-health-hdond-con01a,cross-encoder,0.6309297535714575,0.5,1.0
arguana,test-health-hdond-con01a,Jev V1,1.0,1.0,1.0
arguana,test-health-hdond-con01a,Jev V2,1.0,1.0,1.0
arguana,test-health-hdond-con01a,Jev V3,0.6309297535714575,0.5,1.0
arguana,test-health-hdond-con01a,base (MaxSim@10),0.430676558073393,,
arguana,test-health-ppelfhwbpba-pro02a,first stage,1.0,1.0,1.0
arguana,test-health-ppelfhwbpba-pro02a,cross-encoder,1.0,1.0,1.0
arguana,test-health-ppelfhwbpba-pro02a,Jev V1,1.0,1.0,1.0
arguana,test-health-ppelfhwbpba-pro02a,Jev V2,1.0,1.0,1.0
arguana,test-health-ppelfhwbpba-pro02a,Jev V3,1.0,1.0,1.0
arguana,test-health-ppelfhwbpba-pro02a,base (MaxSim@10),1.0,,
arguana,test-health-ppelfhwbpba-pro01a,first stage,0.5,0.3333333333333333,1.0
arguana,test-health-ppelfhwbpba-pro01a,cross-encoder,0.3333333333333333,0.14285714285714285,1.0
arguana,test-health-ppelfhwbpba-pro01a,Jev V1,0.3562071871080222,0.16666666666666666,1.0
arguana,test-health-ppelfhwbpba-pro01a,Jev V2,0.6309297535714575,0.5,1.0
arguana,test-health-ppelfhwbpba-pro01a,Jev V3,0.5,0.3333333333333333,1.0
arguana,test-health-ppelfhwbpba-pro01a,base (MaxSim@10),0.430676558073393,,
arguana,test-health-ppelfhwbpba-pro03a,first stage,1.0,1.0,1.0
arguana,test-health-ppelfhwbpba-pro03a,cross-encoder,0.3562071871080222,0.16666666666666666,1.0
arguana,test-health-ppelfhwbpba-pro03a,Jev V1,1.0,1.0,1.0
arguana,test-health-ppelfhwbpba-pro03a,Jev V2,1.0,1.0,1.0
arguana,test-health-ppelfhwbpba-pro03a,Jev V3,1.0,1.0,1.0
arguana,test-health-ppelfhwbpba-pro03a,base (MaxSim@10),0.6309297535714575,,
arguana,test-health-ppelfhwbpba-pro04a,first stage,1.0,1.0,1.0
arguana,test-health-ppelfhwbpba-pro04a,cross-encoder,1.0,1.0,1.0
arguana,test-health-ppelfhwbpba-pro04a,Jev V1,1.0,1.0,1.0
arguana,test-health-ppelfhwbpba-pro04a,Jev V2,1.0,1.0,1.0
arguana,test-health-ppelfhwbpba-pro04a,Jev V3,1.0,1.0,1.0
arguana,test-health-ppelfhwbpba-pro04a,base (MaxSim@10),1.0,,
arguana,test-health-ppelfhwbpba-con02a,first stage,0.6309297535714575,0.5,1.0
arguana,test-health-ppelfhwbpba-con02a,cross-encoder,1.0,1.0,1.0
arguana,test-health-ppelfhwbpba-con02a,Jev V1,1.0,1.0,1.0
arguana,test-health-ppelfhwbpba-con02a,Jev V2,1.0,1.0,1.0
arguana,test-health-ppelfhwbpba-con02a,Jev V3,1.0,1.0,1.0
arguana,test-health-ppelfhwbpba-con02a,base (MaxSim@10),1.0,,
arguana,test-health-ppelfhwbpba-con03a,first stage,0.3562071871080222,0.16666666666666666,1.0
arguana,test-health-ppelfhwbpba-con03a,cross-encoder,1.0,1.0,1.0
arguana,test-health-ppelfhwbpba-con03a,Jev V1,1.0,1.0,1.0
arguana,test-health-ppelfhwbpba-con03a,Jev V2,1.0,1.0,1.0
arguana,test-health-ppelfhwbpba-con03a,Jev V3,1.0,1.0,1.0
arguana,test-health-ppelfhwbpba-con03a,base (MaxSim@10),0.3010299956639812,,
arguana,test-health-ppelfhwbpba-con01a,first stage,0.3333333333333333,0.14285714285714285,1.0
arguana,test-health-ppelfhwbpba-con01a,cross-encoder,0.38685280723454163,0.2,1.0
arguana,test-health-ppelfhwbpba-con01a,Jev V1,0.3562071871080222,0.16666666666666666,1.0
arguana,test-health-ppelfhwbpba-con01a,Jev V2,0.5,0.3333333333333333,1.0
arguana,test-health-ppelfhwbpba-con01a,Jev V3,1.0,1.0,1.0
arguana,test-health-ppelfhwbpba-con01a,base (MaxSim@10),0.430676558073393,,
arguana,test-health-dhgsshbesbc-pro02a,first stage,0.0,0.0,0.0
arguana,test-health-dhgsshbesbc-pro02a,cross-encoder,0.43067655807339306,0.25,1.0
arguana,test-health-dhgsshbesbc-pro02a,Jev V1,0.38685280723454163,0.2,1.0
arguana,test-health-dhgsshbesbc-pro02a,Jev V2,0.38685280723454163,0.2,1.0
arguana,test-health-dhgsshbesbc-pro02a,Jev V3,0.3562071871080222,0.16666666666666666,1.0
arguana,test-health-dhgsshbesbc-pro02a,base (MaxSim@10),0.0,,
arguana,test-health-dhgsshbesbc-pro01a,first stage,1.0,1.0,1.0
arguana,test-health-dhgsshbesbc-pro01a,cross-encoder,1.0,1.0,1.0
arguana,test-health-dhgsshbesbc-pro01a,Jev V1,0.5,0.3333333333333333,1.0
arguana,test-health-dhgsshbesbc-pro01a,Jev V2,0.6309297535714575,0.5,1.0
arguana,test-health-dhgsshbesbc-pro01a,Jev V3,1.0,1.0,1.0
arguana,test-health-dhgsshbesbc-pro01a,base (MaxSim@10),1.0,,
arguana,test-health-dhgsshbesbc-pro03a,first stage,0.38685280723454163,0.2,1.0
arguana,test-health-dhgsshbesbc-pro03a,cross-encoder,0.43067655807339306,0.25,1.0
arguana,test-health-dhgsshbesbc-pro03a,Jev V1,0.5,0.3333333333333333,1.0
arguana,test-health-dhgsshbesbc-pro03a,Jev V2,0.5,0.3333333333333333,1.0
arguana,test-health-dhgsshbesbc-pro03a,Jev V3,1.0,1.0,1.0
arguana,test-health-dhgsshbesbc-pro03a,base (MaxSim@10),0.6309297535714575,,
arguana,test-health-dhgsshbesbc-pro04a,first stage,0.3562071871080222,0.16666666666666666,1.0
arguana,test-health-dhgsshbesbc-pro04a,cross-encoder,1.0,1.0,1.0
arguana,test-health-dhgsshbesbc-pro04a,Jev V1,1.0,1.0,1.0
arguana,test-health-dhgsshbesbc-pro04a,Jev V2,0.6309297535714575,0.5,1.0
arguana,test-health-dhgsshbesbc-pro04a,Jev V3,1.0,1.0,1.0
arguana,test-health-dhgsshbesbc-pro04a,base (MaxSim@10),0.5,,
arguana,test-health-dhgsshbesbc-con02a,first stage,0.2890648263178879,0.1,1.0
arguana,test-health-dhgsshbesbc-con02a,cross-encoder,0.38685280723454163,0.2,1.0
arguana,test-health-dhgsshbesbc-con02a,Jev V1,0.5,0.3333333333333333,1.0
arguana,test-health-dhgsshbesbc-con02a,Jev V2,1.0,1.0,1.0
arguana,test-health-dhgsshbesbc-con02a,Jev V3,0.3010299956639812,0.1111111111111111,1.0
arguana,test-health-dhgsshbesbc-con02a,base (MaxSim@10),0.2890648263178879,,
arguana,test-health-dhgsshbesbc-con03a,first stage,0.0,0.0,0.0
arguana,test-health-dhgsshbesbc-con03a,cross-encoder,0.5,0.3333333333333333,1.0
arguana,test-health-dhgsshbesbc-con03a,Jev V1,0.3333333333333333,0.14285714285714285,1.0
arguana,test-health-dhgsshbesbc-con03a,Jev V2,0.5,0.3333333333333333,1.0
arguana,test-health-dhgsshbesbc-con03a,Jev V3,0.3562071871080222,0.16666666666666666,1.0
arguana,test-health-dhgsshbesbc-con03a,base (MaxSim@10),0.0,,
arguana,test-health-dhgsshbesbc-con01a,first stage,1.0,1.0,1.0
arguana,test-health-dhgsshbesbc-con01a,cross-encoder,1.0,1.0,1.0
arguana,test-health-dhgsshbesbc-con01a,Jev V1,1.0,1.0,1.0
arguana,test-health-dhgsshbesbc-con01a,Jev V2,0.5,0.3333333333333333,1.0
arguana,test-health-dhgsshbesbc-con01a,Jev V3,0.6309297535714575,0.5,1.0
arguana,test-health-dhgsshbesbc-con01a,base (MaxSim@10),0.430676558073393,,
arguana,test-health-dhiacihwph-pro02a,first stage,0.43067655807339306,0.25,1.0
arguana,test-health-dhiacihwph-pro02a,cross-encoder,0.6309297535714575,0.5,1.0
arguana,test-health-dhiacihwph-pro02a,Jev V1,1.0,1.0,1.0
arguana,test-health-dhiacihwph-pro02a,Jev V2,1.0,1.0,1.0
arguana,test-health-dhiacihwph-pro02a,Jev V3,1.0,1.0,1.0
arguana,test-health-dhiacihwph-pro02a,base (MaxSim@10),1.0,,
arguana,test-health-dhiacihwph-pro01a,first stage,0.0,0.0,0.0
arguana,test-health-dhiacihwph-pro01a,cross-encoder,0.3562071871080222,0.16666666666666666,1.0
arguana,test-health-dhiacihwph-pro01a,Jev V1,0.3562071871080222,0.16666666666666666,1.0
arguana,test-health-dhiacihwph-pro01a,Jev V2,0.38685280723454163,0.2,1.0
arguana,test-health-dhiacihwph-pro01a,Jev V3,0.43067655807339306,0.25,1.0
arguana,test-health-dhiacihwph-pro01a,base (MaxSim@10),0.0,,
arguana,test-health-dhiacihwph-pro03a,first stage,1.0,1.0,1.0
arguana,test-health-dhiacihwph-pro03a,cross-encoder,1.0,1.0,1.0
arguana,test-health-dhiacihwph-pro03a,Jev V1,0.38685280723454163,0.2,1.0
arguana,test-health-dhiacihwph-pro03a,Jev V2,1.0,1.0,1.0
arguana,test-health-dhiacihwph-pro03a,Jev V3,1.0,1.0,1.0
arguana,test-health-dhiacihwph-pro03a,base (MaxSim@10),1.0,,
arguana,test-health-dhiacihwph-pro04a,first stage,0.31546487678572877,0.125,1.0
arguana,test-health-dhiacihwph-pro04a,cross-encoder,0.31546487678572877,0.125,1.0
arguana,test-health-dhiacihwph-pro04a,Jev V1,0.31546487678572877,0.125,1.0
arguana,test-health-dhiacihwph-pro04a,Jev V2,0.5,0.3333333333333333,1.0
arguana,test-health-dhiacihwph-pro04a,Jev V3,1.0,1.0,1.0
arguana,test-health-dhiacihwph-pro04a,base (MaxSim@10),0.3154648767857287,,
arguana,test-health-dhiacihwph-con02a,first stage,1.0,1.0,1.0
arguana,test-health-dhiacihwph-con02a,cross-encoder,1.0,1.0,1.0
arguana,test-health-dhiacihwph-con02a,Jev V1,0.5,0.3333333333333333,1.0
arguana,test-health-dhiacihwph-con02a,Jev V2,1.0,1.0,1.0
arguana,test-health-dhiacihwph-con02a,Jev V3,1.0,1.0,1.0
arguana,test-health-dhiacihwph-con02a,base (MaxSim@10),1.0,,
arguana,test-health-dhiacihwph-con03a,first stage,0.3333333333333333,0.14285714285714285,1.0
arguana,test-health-dhiacihwph-con03a,cross-encoder,0.6309297535714575,0.5,1.0
arguana,test-health-dhiacihwph-con03a,Jev V1,1.0,1.0,1.0
arguana,test-health-dhiacihwph-con03a,Jev V2,0.5,0.3333333333333333,1.0
arguana,test-health-dhiacihwph-con03a,Jev V3,0.6309297535714575,0.5,1.0
arguana,test-health-dhiacihwph-con03a,base (MaxSim@10),0.3562071871080222,,
arguana,test-health-dhiacihwph-con01a,first stage,1.0,1.0,1.0
arguana,test-health-dhiacihwph-con01a,cross-encoder,0.6309297535714575,0.5,1.0
arguana,test-health-dhiacihwph-con01a,Jev V1,0.38685280723454163,0.2,1.0
arguana,test-health-dhiacihwph-con01a,Jev V2,1.0,1.0,1.0
arguana,test-health-dhiacihwph-con01a,Jev V3,0.6309297535714575,0.5,1.0
arguana,test-health-dhiacihwph-con01a,base (MaxSim@10),1.0,,
arguana,test-health-ahiahbgbsp-pro02a,first stage,0.0,0.0,0.0
arguana,test-health-ahiahbgbsp-pro02a,cross-encoder,0.0,0.0,0.0
arguana,test-health-ahiahbgbsp-pro02a,Jev V1,0.0,0.0,0.0
arguana,test-health-ahiahbgbsp-pro02a,Jev V2,0.0,0.0,0.0
arguana,test-health-ahiahbgbsp-pro02a,Jev V3,0.0,0.0,0.0
arguana,test-health-ahiahbgbsp-pro02a,base (MaxSim@10),0.0,,
arguana,test-health-ahiahbgbsp-pro05a,first stage,0.0,0.0,0.0
arguana,test-health-ahiahbgbsp-pro05a,cross-encoder,0.0,0.0,0.0
arguana,test-health-ahiahbgbsp-pro05a,Jev V1,0.0,0.0,0.0
arguana,test-health-ahiahbgbsp-pro05a,Jev V2,0.0,0.0,0.0
arguana,test-health-ahiahbgbsp-pro05a,Jev V3,0.0,0.0,0.0
arguana,test-health-ahiahbgbsp-pro05a,base (MaxSim@10),0.0,,
arguana,test-health-ahiahbgbsp-pro01a,first stage,0.5,0.3333333333333333,1.0
arguana,test-health-ahiahbgbsp-pro01a,cross-encoder,0.5,0.3333333333333333,1.0
arguana,test-health-ahiahbgbsp-pro01a,Jev V1,0.43067655807339306,0.25,1.0
arguana,test-health-ahiahbgbsp-pro01a,Jev V2,1.0,1.0,1.0
arguana,test-health-ahiahbgbsp-pro01a,Jev V3,0.5,0.3333333333333333,1.0
arguana,test-health-ahiahbgbsp-pro01a,base (MaxSim@10),0.6309297535714575,,
arguana,test-health-ahiahbgbsp-pro03a,first stage,0.38685280723454163,0.2,1.0
arguana,test-health-ahiahbgbsp-pro03a,cross-encoder,0.3562071871080222,0.16666666666666666,1.0
arguana,test-health-ahiahbgbsp-pro03a,Jev V1,0.3562071871080222,0.16666666666666666,1.0
arguana,test-health-ahiahbgbsp-pro03a,Jev V2,0.43067655807339306,0.25,1.0
arguana,test-health-ahiahbgbsp-pro03a,Jev V3,0.5,0.3333333333333333,1.0
arguana,test-health-ahiahbgbsp-pro03a,base (MaxSim@10),0.3562071871080222,,
arguana,test-health-ahiahbgbsp-pro04a,first stage,0.0,0.0,0.0
arguana,test-health-ahiahbgbsp-pro04a,cross-encoder,1.0,1.0,1.0
arguana,test-health-ahiahbgbsp-pro04a,Jev V1,1.0,1.0,1.0
arguana,test-health-ahiahbgbsp-pro04a,Jev V2,1.0,1.0,1.0
arguana,test-health-ahiahbgbsp-pro04a,Jev V3,1.0,1.0,1.0
arguana,test-health-ahiahbgbsp-pro04a,base (MaxSim@10),0.0,,
arguana,test-health-ahiahbgbsp-con02a,first stage,0.5,0.3333333333333333,1.0
arguana,test-health-ahiahbgbsp-con02a,cross-encoder,1.0,1.0,1.0
arguana,test-health-ahiahbgbsp-con02a,Jev V1,0.43067655807339306,0.25,1.0
arguana,test-health-ahiahbgbsp-con02a,Jev V2,0.5,0.3333333333333333,1.0
arguana,test-health-ahiahbgbsp-con02a,Jev V3,1.0,1.0,1.0
arguana,test-health-ahiahbgbsp-con02a,base (MaxSim@10),0.6309297535714575,,
arguana,test-health-ahiahbgbsp-con04a,first stage,0.6309297535714575,0.5,1.0
arguana,test-health-ahiahbgbsp-con04a,cross-encoder,0.6309297535714575,0.5,1.0
arguana,test-health-ahiahbgbsp-con04a,Jev V1,0.6309297535714575,0.5,1.0
arguana,test-health-ahiahbgbsp-con04a,Jev V2,0.38685280723454163,0.2,1.0
arguana,test-health-ahiahbgbsp-con04a,Jev V3,1.0,1.0,1.0
arguana,test-health-ahiahbgbsp-con04a,base (MaxSim@10),0.6309297535714575,,
arguana,test-health-ahiahbgbsp-con03a,first stage,0.43067655807339306,0.25,1.0
arguana,test-health-ahiahbgbsp-con03a,cross-encoder,1.0,1.0,1.0
arguana,test-health-ahiahbgbsp-con03a,Jev V1,0.5,0.3333333333333333,1.0
arguana,test-health-ahiahbgbsp-con03a,Jev V2,0.6309297535714575,0.5,1.0
arguana,test-health-ahiahbgbsp-con03a,Jev V3,0.6309297535714575,0.5,1.0
arguana,test-health-ahiahbgbsp-con03a,base (MaxSim@10),0.3868528072345416,,
arguana,test-health-ahiahbgbsp-con01a,first stage,0.3010299956639812,0.1111111111111111,1.0
arguana,test-health-ahiahbgbsp-con01a,cross-encoder,0.0,0.0,0.0
arguana,test-health-ahiahbgbsp-con01a,Jev V1,0.5,0.3333333333333333,1.0
arguana,test-health-ahiahbgbsp-con01a,Jev V2,0.5,0.3333333333333333,1.0
arguana,test-health-ahiahbgbsp-con01a,Jev V3,0.6309297535714575,0.5,1.0
arguana,test-health-ahiahbgbsp-con01a,base (MaxSim@10),0.2890648263178879,,
arguana,test-health-hgwhwbjfs-pro02a,first stage,0.3010299956639812,0.1111111111111111,1.0
arguana,test-health-hgwhwbjfs-pro02a,cross-encoder,0.6309297535714575,0.5,1.0
arguana,test-health-hgwhwbjfs-pro02a,Jev V1,0.38685280723454163,0.2,1.0
arguana,test-health-hgwhwbjfs-pro02a,Jev V2,0.6309297535714575,0.5,1.0
arguana,test-health-hgwhwbjfs-pro02a,Jev V3,0.6309297535714575,0.5,1.0
arguana,test-health-hgwhwbjfs-pro02a,base (MaxSim@10),0.3010299956639812,,
arguana,test-health-hgwhwbjfs-pro01a,first stage,0.38685280723454163,0.2,1.0
arguana,test-health-hgwhwbjfs-pro01a,cross-encoder,0.38685280723454163,0.2,1.0
arguana,test-health-hgwhwbjfs-pro01a,Jev V1,0.3333333333333333,0.14285714285714285,1.0
arguana,test-health-hgwhwbjfs-pro01a,Jev V2,0.6309297535714575,0.5,1.0
arguana,test-health-hgwhwbjfs-pro01a,Jev V3,0.2890648263178879,0.1,1.0
arguana,test-health-hgwhwbjfs-pro01a,base (MaxSim@10),0.5,,
arguana,test-health-hgwhwbjfs-pro03a,first stage,0.31546487678572877,0.125,1.0
arguana,test-health-hgwhwbjfs-pro03a,cross-encoder,1.0,1.0,1.0
arguana,test-health-hgwhwbjfs-pro03a,Jev V1,0.43067655807339306,0.25,1.0
arguana,test-health-hgwhwbjfs-pro03a,Jev V2,0.3333333333333333,0.14285714285714285,1.0
arguana,test-health-hgwhwbjfs-pro03a,Jev V3,0.3010299956639812,0.1111111111111111,1.0
arguana,test-health-hgwhwbjfs-pro03a,base (MaxSim@10),0.3010299956639812,,
arguana,test-health-hgwhwbjfs-con02a,first stage,0.5,0.3333333333333333,1.0
arguana,test-health-hgwhwbjfs-con02a,cross-encoder,1.0,1.0,1.0
arguana,test-health-hgwhwbjfs-con02a,Jev V1,1.0,1.0,1.0
arguana,test-health-hgwhwbjfs-con02a,Jev V2,0.6309297535714575,0.5,1.0
arguana,test-health-hgwhwbjfs-con02a,Jev V3,0.6309297535714575,0.5,1.0
arguana,test-health-hgwhwbjfs-con02a,base (MaxSim@10),0.3333333333333333,,
arguana,test-health-hgwhwbjfs-con04a,first stage,0.6309297535714575,0.5,1.0
arguana,test-health-hgwhwbjfs-con04a,cross-encoder,0.3333333333333333,0.14285714285714285,1.0
arguana,test-health-hgwhwbjfs-con04a,Jev V1,0.38685280723454163,0.2,1.0
arguana,test-health-hgwhwbjfs-con04a,Jev V2,0.5,0.3333333333333333,1.0
arguana,test-health-hgwhwbjfs-con04a,Jev V3,0.6309297535714575,0.5,1.0
arguana,test-health-hgwhwbjfs-con04a,base (MaxSim@10),1.0,,
arguana,test-health-hgwhwbjfs-con03a,first stage,0.38685280723454163,0.2,1.0
arguana,test-health-hgwhwbjfs-con03a,cross-encoder,1.0,1.0,1.0
arguana,test-health-hgwhwbjfs-con03a,Jev V1,1.0,1.0,1.0
arguana,test-health-hgwhwbjfs-con03a,Jev V2,1.0,1.0,1.0
arguana,test-health-hgwhwbjfs-con03a,Jev V3,1.0,1.0,1.0
arguana,test-health-hgwhwbjfs-con03a,base (MaxSim@10),0.3868528072345416,,
arguana,test-health-hgwhwbjfs-con01a,first stage,0.5,0.3333333333333333,1.0
arguana,test-health-hgwhwbjfs-con01a,cross-encoder,0.38685280723454163,0.2,1.0
arguana,test-health-hgwhwbjfs-con01a,Jev V1,0.3562071871080222,0.16666666666666666,1.0
arguana,test-health-hgwhwbjfs-con01a,Jev V2,1.0,1.0,1.0
arguana,test-health-hgwhwbjfs-con01a,Jev V3,1.0,1.0,1.0
arguana,test-health-hgwhwbjfs-con01a,base (MaxSim@10),0.5,,
arguana,test-health-hpehwadvoee-pro02a,first stage,1.0,1.0,1.0
arguana,test-health-hpehwadvoee-pro02a,cross-encoder,0.6309297535714575,0.5,1.0
arguana,test-health-hpehwadvoee-pro02a,Jev V1,0.5,0.3333333333333333,1.0
arguana,test-health-hpehwadvoee-pro02a,Jev V2,0.0,0.0,0.0
arguana,test-health-hpehwadvoee-pro02a,Jev V3,0.6309297535714575,0.5,1.0
arguana,test-health-hpehwadvoee-pro02a,base (MaxSim@10),1.0,,
arguana,test-health-hpehwadvoee-pro05a,first stage,0.31546487678572877,0.125,1.0
arguana,test-health-hpehwadvoee-pro05a,cross-encoder,1.0,1.0,1.0
arguana,test-health-hpehwadvoee-pro05a,Jev V1,1.0,1.0,1.0
arguana,test-health-hpehwadvoee-pro05a,Jev V2,1.0,1.0,1.0
arguana,test-health-hpehwadvoee-pro05a,Jev V3,1.0,1.0,1.0
arguana,test-health-hpehwadvoee-pro05a,base (MaxSim@10),0.3333333333333333,,
arguana,test-health-hpehwadvoee-pro01a,first stage,0.3333333333333333,0.14285714285714285,1.0
arguana,test-health-hpehwadvoee-pro01a,cross-encoder,1.0,1.0,1.0
arguana,test-health-hpehwadvoee-pro01a,Jev V1,1.0,1.0,1.0
arguana,test-health-hpehwadvoee-pro01a,Jev V2,1.0,1.0,1.0
arguana,test-health-hpehwadvoee-pro01a,Jev V3,1.0,1.0,1.0
arguana,test-health-hpehwadvoee-pro01a,base (MaxSim@10),0.5,,
arguana,test-health-hpehwadvoee-pro03a,first stage,0.38685280723454163,0.2,1.0
arguana,test-health-hpehwadvoee-pro03a,cross-encoder,0.5,0.3333333333333333,1.0
arguana,test-health-hpehwadvoee-pro03a,Jev V1,0.31546487678572877,0.125,1.0
arguana,test-health-hpehwadvoee-pro03a,Jev V2,0.6309297535714575,0.5,1.0
arguana,test-health-hpehwadvoee-pro03a,Jev V3,0.5,0.3333333333333333,1.0
arguana,test-health-hpehwadvoee-pro03a,base (MaxSim@10),0.5,,
arguana,test-health-hpehwadvoee-pro04a,first stage,0.6309297535714575,0.5,1.0
arguana,test-health-hpehwadvoee-pro04a,cross-encoder,0.6309297535714575,0.5,1.0
arguana,test-health-hpehwadvoee-pro04a,Jev V1,1.0,1.0,1.0
arguana,test-health-hpehwadvoee-pro04a,Jev V2,0.6309297535714575,0.5,1.0
arguana,test-health-hpehwadvoee-pro04a,Jev V3,1.0,1.0,1.0
arguana,test-health-hpehwadvoee-pro04a,base (MaxSim@10),0.6309297535714575,,
arguana,test-health-hpehwadvoee-con02a,first stage,1.0,1.0,1.0
arguana,test-health-hpehwadvoee-con02a,cross-encoder,0.6309297535714575,0.5,1.0
arguana,test-health-hpehwadvoee-con02a,Jev V1,0.6309297535714575,0.5,1.0
arguana,test-health-hpehwadvoee-con02a,Jev V2,0.5,0.3333333333333333,1.0
arguana,test-health-hpehwadvoee-con02a,Jev V3,1.0,1.0,1.0
arguana,test-health-hpehwadvoee-con02a,base (MaxSim@10),0.6309297535714575,,
arguana,test-health-hpehwadvoee-con05a,first stage,0.0,0.0,0.0
arguana,test-health-hpehwadvoee-con05a,cross-encoder,0.0,0.0,0.0
arguana,test-health-hpehwadvoee-con05a,Jev V1,0.0,0.0,0.0
arguana,test-health-hpehwadvoee-con05a,Jev V2,0.0,0.0,0.0
arguana,test-health-hpehwadvoee-con05a,Jev V3,0.0,0.0,0.0
arguana,test-health-hpehwadvoee-con05a,base (MaxSim@10),0.0,,
arguana,test-health-hpehwadvoee-con04a,first stage,0.43067655807339306,0.25,1.0
arguana,test-health-hpehwadvoee-con04a,cross-encoder,1.0,1.0,1.0
arguana,test-health-hpehwadvoee-con04a,Jev V1,0.0,0.0,0.0
arguana,test-health-hpehwadvoee-con04a,Jev V2,0.31546487678572877,0.125,1.0
arguana,test-health-hpehwadvoee-con04a,Jev V3,0.5,0.3333333333333333,1.0
arguana,test-health-hpehwadvoee-con04a,base (MaxSim@10),0.6309297535714575,,
arguana,test-health-hpehwadvoee-con03a,first stage,1.0,1.0,1.0
arguana,test-health-hpehwadvoee-con03a,cross-encoder,1.0,1.0,1.0
arguana,test-health-hpehwadvoee-con03a,Jev V1,0.6309297535714575,0.5,1.0
arguana,test-health-hpehwadvoee-con03a,Jev V2,0.6309297535714575,0.5,1.0
arguana,test-health-hpehwadvoee-con03a,Jev V3,1.0,1.0,1.0
arguana,test-health-hpehwadvoee-con03a,base (MaxSim@10),1.0,,
arguana,test-health-hpehwadvoee-con01a,first stage,0.0,0.0,0.0
arguana,test-health-hpehwadvoee-con01a,cross-encoder,0.0,0.0,0.0
arguana,test-health-hpehwadvoee-con01a,Jev V1,0.0,0.0,0.0
arguana,test-health-hpehwadvoee-con01a,Jev V2,0.0,0.0,0.0
arguana,test-health-hpehwadvoee-con01a,Jev V3,0.0,0.0,0.0
arguana,test-health-hpehwadvoee-con01a,base (MaxSim@10),0.0,,
arguana,test-health-dhghwapgd-pro02a,first stage,0.31546487678572877,0.125,1.0
arguana,test-health-dhghwapgd-pro02a,cross-encoder,1.0,1.0,1.0
arguana,test-health-dhghwapgd-pro02a,Jev V1,0.5,0.3333333333333333,1.0
arguana,test-health-dhghwapgd-pro02a,Jev V2,0.31546487678572877,0.125,1.0
arguana,test-health-dhghwapgd-pro02a,Jev V3,1.0,1.0,1.0
arguana,test-health-dhghwapgd-pro02a,base (MaxSim@10),0.2890648263178879,,
arguana,test-health-dhghwapgd-pro05a,first stage,0.0,0.0,0.0
arguana,test-health-dhghwapgd-pro05a,cross-encoder,0.43067655807339306,0.25,1.0
arguana,test-health-dhghwapgd-pro05a,Jev V1,0.3333333333333333,0.14285714285714285,1.0
arguana,test-health-dhghwapgd-pro05a,Jev V2,0.0,0.0,0.0
arguana,test-health-dhghwapgd-pro05a,Jev V3,0.3562071871080222,0.16666666666666666,1.0
arguana,test-health-dhghwapgd-pro05a,base (MaxSim@10),0.0,,
arguana,test-health-dhghwapgd-pro01a,first stage,0.2890648263178879,0.1,1.0
arguana,test-health-dhghwapgd-pro01a,cross-encoder,1.0,1.0,1.0
arguana,test-health-dhghwapgd-pro01a,Jev V1,0.43067655807339306,0.25,1.0
arguana,test-health-dhghwapgd-pro01a,Jev V2,1.0,1.0,1.0
arguana,test-health-dhghwapgd-pro01a,Jev V3,1.0,1.0,1.0
arguana,test-health-dhghwapgd-pro01a,base (MaxSim@10),0.3333333333333333,,
arguana,test-health-dhghwapgd-pro03a,first stage,0.3333333333333333,0.14285714285714285,1.0
arguana,test-health-dhghwapgd-pro03a,cross-encoder,1.0,1.0,1.0
arguana,test-health-dhghwapgd-pro03a,Jev V1,0.3333333333333333,0.14285714285714285,1.0
arguana,test-health-dhghwapgd-pro03a,Jev V2,0.6309297535714575,0.5,1.0
arguana,test-health-dhghwapgd-pro03a,Jev V3,0.6309297535714575,0.5,1.0
arguana,test-health-dhghwapgd-pro03a,base (MaxSim@10),0.3562071871080222,,
arguana,test-health-dhghwapgd-pro04a,first stage,0.0,0.0,0.0
arguana,test-health-dhghwapgd-pro04a,cross-encoder,0.0,0.0,0.0
arguana,test-health-dhghwapgd-pro04a,Jev V1,0.0,0.0,0.0
arguana,test-health-dhghwapgd-pro04a,Jev V2,0.0,0.0,0.0
arguana,test-health-dhghwapgd-pro04a,Jev V3,0.0,0.0,0.0
arguana,test-health-dhghwapgd-pro04a,base (MaxSim@10),0.0,,
arguana,test-health-dhghwapgd-con02a,first stage,0.5,0.3333333333333333,1.0
arguana,test-health-dhghwapgd-con02a,cross-encoder,1.0,1.0,1.0
arguana,test-health-dhghwapgd-con02a,Jev V1,0.43067655807339306,0.25,1.0
arguana,test-health-dhghwapgd-con02a,Jev V2,0.3562071871080222,0.16666666666666666,1.0
arguana,test-health-dhghwapgd-con02a,Jev V3,0.6309297535714575,0.5,1.0
arguana,test-health-dhghwapgd-con02a,base (MaxSim@10),0.430676558073393,,
arguana,test-health-dhghwapgd-con04a,first stage,0.0,0.0,0.0
arguana,test-health-dhghwapgd-con04a,cross-encoder,0.0,0.0,0.0
arguana,test-health-dhghwapgd-con04a,Jev V1,0.0,0.0,0.0
arguana,test-health-dhghwapgd-con04a,Jev V2,0.0,0.0,0.0
arguana,test-health-dhghwapgd-con04a,Jev V3,0.0,0.0,0.0
arguana,test-health-dhghwapgd-con04a,base (MaxSim@10),0.0,,
arguana,test-health-dhghwapgd-con03a,first stage,0.0,0.0,0.0
arguana,test-health-dhghwapgd-con03a,cross-encoder,0.0,0.0,0.0
arguana,test-health-dhghwapgd-con03a,Jev V1,0.0,0.0,0.0
arguana,test-health-dhghwapgd-con03a,Jev V2,0.0,0.0,0.0
arguana,test-health-dhghwapgd-con03a,Jev V3,0.0,0.0,0.0
arguana,test-health-dhghwapgd-con03a,base (MaxSim@10),0.0,,
arguana,test-health-dhghwapgd-con01a,first stage,0.5,0.3333333333333333,1.0
arguana,test-health-dhghwapgd-con01a,cross-encoder,1.0,1.0,1.0
arguana,test-health-dhghwapgd-con01a,Jev V1,1.0,1.0,1.0
arguana,test-health-dhghwapgd-con01a,Jev V2,1.0,1.0,1.0
arguana,test-health-dhghwapgd-con01a,Jev V3,0.6309297535714575,0.5,1.0
arguana,test-health-dhghwapgd-con01a,base (MaxSim@10),0.5,,
arguana,test-health-dhghhbampt-pro02a,first stage,0.43067655807339306,0.25,1.0
arguana,test-health-dhghhbampt-pro02a,cross-encoder,0.6309297535714575,0.5,1.0
arguana,test-health-dhghhbampt-pro02a,Jev V1,1.0,1.0,1.0
arguana,test-health-dhghhbampt-pro02a,Jev V2,1.0,1.0,1.0
arguana,test-health-dhghhbampt-pro02a,Jev V3,1.0,1.0,1.0
arguana,test-health-dhghhbampt-pro02a,base (MaxSim@10),0.430676558073393,,
arguana,test-health-dhghhbampt-pro01a,first stage,0.6309297535714575,0.5,1.0
arguana,test-health-dhghhbampt-pro01a,cross-encoder,0.3562071871080222,0.16666666666666666,1.0
arguana,test-health-dhghhbampt-pro01a,Jev V1,0.31546487678572877,0.125,1.0
arguana,test-health-dhghhbampt-pro01a,Jev V2,0.38685280723454163,0.2,1.0
arguana,test-health-dhghhbampt-pro01a,Jev V3,0.5,0.3333333333333333,1.0
arguana,test-health-dhghhbampt-pro01a,base (MaxSim@10),1.0,,
arguana,test-health-dhghhbampt-pro03a,first stage,0.3562071871080222,0.16666666666666666,1.0
arguana,test-health-dhghhbampt-pro03a,cross-encoder,1.0,1.0,1.0
arguana,test-health-dhghhbampt-pro03a,Jev V1,0.3333333333333333,0.14285714285714285,1.0
arguana,test-health-dhghhbampt-pro03a,Jev V2,0.6309297535714575,0.5,1.0
arguana,test-health-dhghhbampt-pro03a,Jev V3,0.3562071871080222,0.16666666666666666,1.0
arguana,test-health-dhghhbampt-pro03a,base (MaxSim@10),0.3333333333333333,,
arguana,test-health-dhghhbampt-con02a,first stage,0.31546487678572877,0.125,1.0
arguana,test-health-dhghhbampt-con02a,cross-encoder,1.0,1.0,1.0
arguana,test-health-dhghhbampt-con02a,Jev V1,1.0,1.0,1.0
arguana,test-health-dhghhbampt-con02a,Jev V2,1.0,1.0,1.0
arguana,test-health-dhghhbampt-con02a,Jev V3,1.0,1.0,1.0
arguana,test-health-dhghhbampt-con02a,base (MaxSim@10),0.5,,
arguana,test-health-dhghhbampt-con03a,first stage,1.0,1.0,1.0
arguana,test-health-dhghhbampt-con03a,cross-encoder,1.0,1.0,1.0
arguana,test-health-dhghhbampt-con03a,Jev V1,1.0,1.0,1.0
arguana,test-health-dhghhbampt-con03a,Jev V2,1.0,1.0,1.0
arguana,test-health-dhghhbampt-con03a,Jev V3,1.0,1.0,1.0
arguana,test-health-dhghhbampt-con03a,base (MaxSim@10),1.0,,
arguana,test-health-dhghhbampt-con01a,first stage,0.5,0.3333333333333333,1.0
arguana,test-health-dhghhbampt-con01a,cross-encoder,0.6309297535714575,0.5,1.0
arguana,test-health-dhghhbampt-con01a,Jev V1,0.5,0.3333333333333333,1.0
arguana,test-health-dhghhbampt-con01a,Jev V2,0.43067655807339306,0.25,1.0
arguana,test-health-dhghhbampt-con01a,Jev V3,0.5,0.3333333333333333,1.0
arguana,test-health-dhghhbampt-con01a,base (MaxSim@10),0.3868528072345416,,
arguana,test-health-dhpelhbass-pro02a,first stage,0.38685280723454163,0.2,1.0
arguana,test-health-dhpelhbass-pro02a,cross-encoder,1.0,1.0,1.0
arguana,test-health-dhpelhbass-pro02a,Jev V1,0.3010299956639812,0.1111111111111111,1.0
arguana,test-health-dhpelhbass-pro02a,Jev V2,1.0,1.0,1.0
arguana,test-health-dhpelhbass-pro02a,Jev V3,1.0,1.0,1.0
arguana,test-health-dhpelhbass-pro02a,base (MaxSim@10),0.3333333333333333,,
arguana,test-health-dhpelhbass-pro01a,first stage,0.6309297535714575,0.5,1.0
arguana,test-health-dhpelhbass-pro01a,cross-encoder,1.0,1.0,1.0
arguana,test-health-dhpelhbass-pro01a,Jev V1,0.31546487678572877,0.125,1.0
arguana,test-health-dhpelhbass-pro01a,Jev V2,0.43067655807339306,0.25,1.0
arguana,test-health-dhpelhbass-pro01a,Jev V3,1.0,1.0,1.0
arguana,test-health-dhpelhbass-pro01a,base (MaxSim@10),0.6309297535714575,,
arguana,test-health-dhpelhbass-pro03a,first stage,0.3010299956639812,0.1111111111111111,1.0
arguana,test-health-dhpelhbass-pro03a,cross-encoder,0.6309297535714575,0.5,1.0
arguana,test-health-dhpelhbass-pro03a,Jev V1,1.0,1.0,1.0
arguana,test-health-dhpelhbass-pro03a,Jev V2,1.0,1.0,1.0
arguana,test-health-dhpelhbass-pro03a,Jev V3,1.0,1.0,1.0
arguana,test-health-dhpelhbass-pro03a,base (MaxSim@10),0.430676558073393,,
arguana,test-health-dhpelhbass-con02a,first stage,0.0,0.0,0.0
arguana,test-health-dhpelhbass-con02a,cross-encoder,0.5,0.3333333333333333,1.0
arguana,test-health-dhpelhbass-con02a,Jev V1,0.0,0.0,0.0
arguana,test-health-dhpelhbass-con02a,Jev V2,0.3562071871080222,0.16666666666666666,1.0
arguana,test-health-dhpelhbass-con02a,Jev V3,0.0,0.0,0.0
arguana,test-health-dhpelhbass-con02a,base (MaxSim@10),0.0,,
arguana,test-health-dhpelhbass-con04a,first stage,1.0,1.0,1.0
arguana,test-health-dhpelhbass-con04a,cross-encoder,1.0,1.0,1.0
arguana,test-health-dhpelhbass-con04a,Jev V1,0.6309297535714575,0.5,1.0
arguana,test-health-dhpelhbass-con04a,Jev V2,1.0,1.0,1.0
arguana,test-health-dhpelhbass-con04a,Jev V3,1.0,1.0,1.0
arguana,test-health-dhpelhbass-con04a,base (MaxSim@10),1.0,,
arguana,test-health-dhpelhbass-con03a,first stage,1.0,1.0,1.0
arguana,test-health-dhpelhbass-con03a,cross-encoder,0.6309297535714575,0.5,1.0
arguana,test-health-dhpelhbass-con03a,Jev V1,1.0,1.0,1.0
arguana,test-health-dhpelhbass-con03a,Jev V2,0.31546487678572877,0.125,1.0
arguana,test-health-dhpelhbass-con03a,Jev V3,1.0,1.0,1.0
arguana,test-health-dhpelhbass-con03a,base (MaxSim@10),1.0,,
arguana,test-health-dhpelhbass-con01a,first stage,1.0,1.0,1.0
arguana,test-health-dhpelhbass-con01a,cross-encoder,0.43067655807339306,0.25,1.0
arguana,test-health-dhpelhbass-con01a,Jev V1,0.5,0.3333333333333333,1.0
arguana,test-health-dhpelhbass-con01a,Jev V2,0.6309297535714575,0.5,1.0
arguana,test-health-dhpelhbass-con01a,Jev V3,1.0,1.0,1.0
arguana,test-health-dhpelhbass-con01a,base (MaxSim@10),1.0,,
arguana,test-sport-aastshsrqsar-pro02a,first stage,0.3562071871080222,0.16666666666666666,1.0
arguana,test-sport-aastshsrqsar-pro02a,cross-encoder,1.0,1.0,1.0
arguana,test-sport-aastshsrqsar-pro02a,Jev V1,0.38685280723454163,0.2,1.0
arguana,test-sport-aastshsrqsar-pro02a,Jev V2,0.5,0.3333333333333333,1.0
arguana,test-sport-aastshsrqsar-pro02a,Jev V3,0.6309297535714575,0.5,1.0
arguana,test-sport-aastshsrqsar-pro02a,base (MaxSim@10),0.430676558073393,,
arguana,test-sport-aastshsrqsar-pro01a,first stage,0.38685280723454163,0.2,1.0
arguana,test-sport-aastshsrqsar-pro01a,cross-encoder,1.0,1.0,1.0
arguana,test-sport-aastshsrqsar-pro01a,Jev V1,0.6309297535714575,0.5,1.0
arguana,test-sport-aastshsrqsar-pro01a,Jev V2,0.43067655807339306,0.25,1.0
arguana,test-sport-aastshsrqsar-pro01a,Jev V3,1.0,1.0,1.0
arguana,test-sport-aastshsrqsar-pro01a,base (MaxSim@10),0.3562071871080222,,
arguana,test-sport-aastshsrqsar-pro03a,first stage,1.0,1.0,1.0
arguana,test-sport-aastshsrqsar-pro03a,cross-encoder,1.0,1.0,1.0
arguana,test-sport-aastshsrqsar-pro03a,Jev V1,1.0,1.0,1.0
arguana,test-sport-aastshsrqsar-pro03a,Jev V2,0.5,0.3333333333333333,1.0
arguana,test-sport-aastshsrqsar-pro03a,Jev V3,1.0,1.0,1.0
arguana,test-sport-aastshsrqsar-pro03a,base (MaxSim@10),1.0,,
arguana,test-sport-aastshsrqsar-con02a,first stage,0.38685280723454163,0.2,1.0
arguana,test-sport-aastshsrqsar-con02a,cross-encoder,0.6309297535714575,0.5,1.0
arguana,test-sport-aastshsrqsar-con02a,Jev V1,1.0,1.0,1.0
arguana,test-sport-aastshsrqsar-con02a,Jev V2,1.0,1.0,1.0
arguana,test-sport-aastshsrqsar-con02a,Jev V3,1.0,1.0,1.0
arguana,test-sport-aastshsrqsar-con02a,base (MaxSim@10),0.430676558073393,,
arguana,test-sport-aastshsrqsar-con04a,first stage,0.3010299956639812,0.1111111111111111,1.0
arguana,test-sport-aastshsrqsar-con04a,cross-encoder,1.0,1.0,1.0
arguana,test-sport-aastshsrqsar-con04a,Jev V1,1.0,1.0,1.0
arguana,test-sport-aastshsrqsar-con04a,Jev V2,0.5,0.3333333333333333,1.0
arguana,test-sport-aastshsrqsar-con04a,Jev V3,1.0,1.0,1.0
arguana,test-sport-aastshsrqsar-con04a,base (MaxSim@10),0.3010299956639812,,
arguana,test-sport-aastshsrqsar-con03a,first stage,0.43067655807339306,0.25,1.0
arguana,test-sport-aastshsrqsar-con03a,cross-encoder,1.0,1.0,1.0
arguana,test-sport-aastshsrqsar-con03a,Jev V1,0.2890648263178879,0.1,1.0
arguana,test-sport-aastshsrqsar-con03a,Jev V2,0.3562071871080222,0.16666666666666666,1.0
arguana,test-sport-aastshsrqsar-con03a,Jev V3,0.43067655807339306,0.25,1.0
arguana,test-sport-aastshsrqsar-con03a,base (MaxSim@10),0.430676558073393,,
arguana,test-sport-aastshsrqsar-con01a,first stage,0.5,0.3333333333333333,1.0
arguana,test-sport-aastshsrqsar-con01a,cross-encoder,1.0,1.0,1.0
arguana,test-sport-aastshsrqsar-con01a,Jev V1,0.6309297535714575,0.5,1.0
arguana,test-sport-aastshsrqsar-con01a,Jev V2,0.43067655807339306,0.25,1.0
arguana,test-sport-aastshsrqsar-con01a,Jev V3,1.0,1.0,1.0
arguana,test-sport-aastshsrqsar-con01a,base (MaxSim@10),0.5,,
arguana,test-sport-otshwbe2uuyt-pro02a,first stage,0.5,0.3333333333333333,1.0
arguana,test-sport-otshwbe2uuyt-pro02a,cross-encoder,1.0,1.0,1.0
arguana,test-sport-otshwbe2uuyt-pro02a,Jev V1,1.0,1.0,1.0
arguana,test-sport-otshwbe2uuyt-pro02a,Jev V2,0.3562071871080222,0.16666666666666666,1.0
arguana,test-sport-otshwbe2uuyt-pro02a,Jev V3,0.5,0.3333333333333333,1.0
arguana,test-sport-otshwbe2uuyt-pro02a,base (MaxSim@10),1.0,,
arguana,test-sport-otshwbe2uuyt-pro01a,first stage,0.0,0.0,0.0
arguana,test-sport-otshwbe2uuyt-pro01a,cross-encoder,0.0,0.0,0.0
arguana,test-sport-otshwbe2uuyt-pro01a,Jev V1,0.0,0.0,0.0
arguana,test-sport-otshwbe2uuyt-pro01a,Jev V2,0.0,0.0,0.0
arguana,test-sport-otshwbe2uuyt-pro01a,Jev V3,0.0,0.0,0.0
arguana,test-sport-otshwbe2uuyt-pro01a,base (MaxSim@10),0.0,,
arguana,test-sport-otshwbe2uuyt-pro03a,first stage,0.43067655807339306,0.25,1.0
arguana,test-sport-otshwbe2uuyt-pro03a,cross-encoder,1.0,1.0,1.0
arguana,test-sport-otshwbe2uuyt-pro03a,Jev V1,1.0,1.0,1.0
arguana,test-sport-otshwbe2uuyt-pro03a,Jev V2,0.38685280723454163,0.2,1.0
arguana,test-sport-otshwbe2uuyt-pro03a,Jev V3,0.6309297535714575,0.5,1.0
arguana,test-sport-otshwbe2uuyt-pro03a,base (MaxSim@10),0.3562071871080222,,
arguana,test-sport-otshwbe2uuyt-con02a,first stage,0.5,0.3333333333333333,1.0
arguana,test-sport-otshwbe2uuyt-con02a,cross-encoder,1.0,1.0,1.0
arguana,test-sport-otshwbe2uuyt-con02a,Jev V1,0.3562071871080222,0.16666666666666666,1.0
arguana,test-sport-otshwbe2uuyt-con02a,Jev V2,0.6309297535714575,0.5,1.0
arguana,test-sport-otshwbe2uuyt-con02a,Jev V3,0.6309297535714575,0.5,1.0
arguana,test-sport-otshwbe2uuyt-con02a,base (MaxSim@10),0.6309297535714575,,
arguana,test-sport-otshwbe2uuyt-con05a,first stage,0.5,0.3333333333333333,1.0
arguana,test-sport-otshwbe2uuyt-con05a,cross-encoder,1.0,1.0,1.0
arguana,test-sport-otshwbe2uuyt-con05a,Jev V1,0.5,0.3333333333333333,1.0
arguana,test-sport-otshwbe2uuyt-con05a,Jev V2,1.0,1.0,1.0
arguana,test-sport-otshwbe2uuyt-con05a,Jev V3,1.0,1.0,1.0
arguana,test-sport-otshwbe2uuyt-con05a,base (MaxSim@10),0.5,,
arguana,test-sport-otshwbe2uuyt-con04a,first stage,0.5,0.3333333333333333,1.0
arguana,test-sport-otshwbe2uuyt-con04a,cross-encoder,1.0,1.0,1.0
arguana,test-sport-otshwbe2uuyt-con04a,Jev V1,0.31546487678572877,0.125,1.0
arguana,test-sport-otshwbe2uuyt-con04a,Jev V2,0.31546487678572877,0.125,1.0
arguana,test-sport-otshwbe2uuyt-con04a,Jev V3,0.3562071871080222,0.16666666666666666,1.0
arguana,test-sport-otshwbe2uuyt-con04a,base (MaxSim@10),0.5,,
arguana,test-sport-otshwbe2uuyt-con03a,first stage,0.38685280723454163,0.2,1.0
arguana,test-sport-otshwbe2uuyt-con03a,cross-encoder,1.0,1.0,1.0
arguana,test-sport-otshwbe2uuyt-con03a,Jev V1,0.5,0.3333333333333333,1.0
arguana,test-sport-otshwbe2uuyt-con03a,Jev V2,0.38685280723454163,0.2,1.0
arguana,test-sport-otshwbe2uuyt-con03a,Jev V3,1.0,1.0,1.0
arguana,test-sport-otshwbe2uuyt-con03a,base (MaxSim@10),0.2890648263178879,,
arguana,test-sport-otshwbe2uuyt-con01a,first stage,0.6309297535714575,0.5,1.0
arguana,test-sport-otshwbe2uuyt-con01a,cross-encoder,1.0,1.0,1.0
arguana,test-sport-otshwbe2uuyt-con01a,Jev V1,0.3562071871080222,0.16666666666666666,1.0
arguana,test-sport-otshwbe2uuyt-con01a,Jev V2,0.43067655807339306,0.25,1.0
arguana,test-sport-otshwbe2uuyt-con01a,Jev V3,1.0,1.0,1.0
arguana,test-sport-otshwbe2uuyt-con01a,base (MaxSim@10),0.5,,
arguana,test-sport-ybfgsohbhog-pro02a,first stage,1.0,1.0,1.0
arguana,test-sport-ybfgsohbhog-pro02a,cross-encoder,1.0,1.0,1.0
arguana,test-sport-ybfgsohbhog-pro02a,Jev V1,0.5,0.3333333333333333,1.0
arguana,test-sport-ybfgsohbhog-pro02a,Jev V2,0.5,0.3333333333333333,1.0
arguana,test-sport-ybfgsohbhog-pro02a,Jev V3,0.5,0.3333333333333333,1.0
arguana,test-sport-ybfgsohbhog-pro02a,base (MaxSim@10),1.0,,
arguana,test-sport-ybfgsohbhog-pro01a,first stage,1.0,1.0,1.0
arguana,test-sport-ybfgsohbhog-pro01a,cross-encoder,1.0,1.0,1.0
arguana,test-sport-ybfgsohbhog-pro01a,Jev V1,0.6309297535714575,0.5,1.0
arguana,test-sport-ybfgsohbhog-pro01a,Jev V2,1.0,1.0,1.0
arguana,test-sport-ybfgsohbhog-pro01a,Jev V3,1.0,1.0,1.0
arguana,test-sport-ybfgsohbhog-pro01a,base (MaxSim@10),1.0,,
arguana,test-sport-ybfgsohbhog-pro03a,first stage,0.0,0.0,0.0
arguana,test-sport-ybfgsohbhog-pro03a,cross-encoder,0.38685280723454163,0.2,1.0
arguana,test-sport-ybfgsohbhog-pro03a,Jev V1,0.38685280723454163,0.2,1.0
arguana,test-sport-ybfgsohbhog-pro03a,Jev V2,0.3562071871080222,0.16666666666666666,1.0
arguana,test-sport-ybfgsohbhog-pro03a,Jev V3,0.38685280723454163,0.2,1.0
arguana,test-sport-ybfgsohbhog-pro03a,base (MaxSim@10),0.0,,
arguana,test-sport-ybfgsohbhog-pro04a,first stage,0.43067655807339306,0.25,1.0
arguana,test-sport-ybfgsohbhog-pro04a,cross-encoder,1.0,1.0,1.0
arguana,test-sport-ybfgsohbhog-pro04a,Jev V1,0.6309297535714575,0.5,1.0
arguana,test-sport-ybfgsohbhog-pro04a,Jev V2,1.0,1.0,1.0
arguana,test-sport-ybfgsohbhog-pro04a,Jev V3,0.5,0.3333333333333333,1.0
arguana,test-sport-ybfgsohbhog-pro04a,base (MaxSim@10),0.6309297535714575,,
arguana,test-sport-ybfgsohbhog-con02a,first stage,1.0,1.0,1.0
arguana,test-sport-ybfgsohbhog-con02a,cross-encoder,1.0,1.0,1.0
arguana,test-sport-ybfgsohbhog-con02a,Jev V1,1.0,1.0,1.0
arguana,test-sport-ybfgsohbhog-con02a,Jev V2,1.0,1.0,1.0
arguana,test-sport-ybfgsohbhog-con02a,Jev V3,1.0,1.0,1.0
arguana,test-sport-ybfgsohbhog-con02a,base (MaxSim@10),1.0,,
arguana,test-sport-ybfgsohbhog-con03a,first stage,0.0,0.0,0.0
arguana,test-sport-ybfgsohbhog-con03a,cross-encoder,0.3010299956639812,0.1111111111111111,1.0
arguana,test-sport-ybfgsohbhog-con03a,Jev V1,0.31546487678572877,0.125,1.0
arguana,test-sport-ybfgsohbhog-con03a,Jev V2,1.0,1.0,1.0
arguana,test-sport-ybfgsohbhog-con03a,Jev V3,0.38685280723454163,0.2,1.0
arguana,test-sport-ybfgsohbhog-con03a,base (MaxSim@10),0.0,,
arguana,test-sport-ybfgsohbhog-con01a,first stage,0.3010299956639812,0.1111111111111111,1.0
arguana,test-sport-ybfgsohbhog-con01a,cross-encoder,0.3010299956639812,0.1111111111111111,1.0
arguana,test-sport-ybfgsohbhog-con01a,Jev V1,0.6309297535714575,0.5,1.0
arguana,test-sport-ybfgsohbhog-con01a,Jev V2,1.0,1.0,1.0
arguana,test-sport-ybfgsohbhog-con01a,Jev V3,1.0,1.0,1.0
arguana,test-sport-ybfgsohbhog-con01a,base (MaxSim@10),0.2890648263178879,,
arguana,test-sport-tshbmlbscac-pro02a,first stage,0.5,0.3333333333333333,1.0
arguana,test-sport-tshbmlbscac-pro02a,cross-encoder,1.0,1.0,1.0
arguana,test-sport-tshbmlbscac-pro02a,Jev V1,1.0,1.0,1.0
arguana,test-sport-tshbmlbscac-pro02a,Jev V2,1.0,1.0,1.0
arguana,test-sport-tshbmlbscac-pro02a,Jev V3,1.0,1.0,1.0
arguana,test-sport-tshbmlbscac-pro02a,base (MaxSim@10),0.3868528072345416,,
arguana,test-sport-tshbmlbscac-pro01a,first stage,0.43067655807339306,0.25,1.0
arguana,test-sport-tshbmlbscac-pro01a,cross-encoder,1.0,1.0,1.0
arguana,test-sport-tshbmlbscac-pro01a,Jev V1,1.0,1.0,1.0
arguana,test-sport-tshbmlbscac-pro01a,Jev V2,0.43067655807339306,0.25,1.0
arguana,test-sport-tshbmlbscac-pro01a,Jev V3,1.0,1.0,1.0
arguana,test-sport-tshbmlbscac-pro01a,base (MaxSim@10),0.3333333333333333,,
arguana,test-sport-tshbmlbscac-pro03a,first stage,0.38685280723454163,0.2,1.0
arguana,test-sport-tshbmlbscac-pro03a,cross-encoder,1.0,1.0,1.0
arguana,test-sport-tshbmlbscac-pro03a,Jev V1,0.6309297535714575,0.5,1.0
arguana,test-sport-tshbmlbscac-pro03a,Jev V2,0.6309297535714575,0.5,1.0
arguana,test-sport-tshbmlbscac-pro03a,Jev V3,0.6309297535714575,0.5,1.0
arguana,test-sport-tshbmlbscac-pro03a,base (MaxSim@10),0.430676558073393,,
arguana,test-sport-tshbmlbscac-pro04a,first stage,1.0,1.0,1.0
arguana,test-sport-tshbmlbscac-pro04a,cross-encoder,1.0,1.0,1.0
arguana,test-sport-tshbmlbscac-pro04a,Jev V1,0.6309297535714575,0.5,1.0
arguana,test-sport-tshbmlbscac-pro04a,Jev V2,0.3333333333333333,0.14285714285714285,1.0
arguana,test-sport-tshbmlbscac-pro04a,Jev V3,0.6309297535714575,0.5,1.0
arguana,test-sport-tshbmlbscac-pro04a,base (MaxSim@10),0.6309297535714575,,
arguana,test-sport-tshbmlbscac-con02a,first stage,1.0,1.0,1.0
arguana,test-sport-tshbmlbscac-con02a,cross-encoder,1.0,1.0,1.0
arguana,test-sport-tshbmlbscac-con02a,Jev V1,1.0,1.0,1.0
arguana,test-sport-tshbmlbscac-con02a,Jev V2,0.38685280723454163,0.2,1.0
arguana,test-sport-tshbmlbscac-con02a,Jev V3,1.0,1.0,1.0
arguana,test-sport-tshbmlbscac-con02a,base (MaxSim@10),1.0,,
arguana,test-sport-tshbmlbscac-con04a,first stage,0.5,0.3333333333333333,1.0
arguana,test-sport-tshbmlbscac-con04a,cross-encoder,1.0,1.0,1.0
arguana,test-sport-tshbmlbscac-con04a,Jev V1,1.0,1.0,1.0
arguana,test-sport-tshbmlbscac-con04a,Jev V2,1.0,1.0,1.0
arguana,test-sport-tshbmlbscac-con04a,Jev V3,1.0,1.0,1.0
arguana,test-sport-tshbmlbscac-con04a,base (MaxSim@10),1.0,,
arguana,test-sport-tshbmlbscac-con03a,first stage,0.31546487678572877,0.125,1.0
arguana,test-sport-tshbmlbscac-con03a,cross-encoder,0.6309297535714575,0.5,1.0
arguana,test-sport-tshbmlbscac-con03a,Jev V1,0.43067655807339306,0.25,1.0
arguana,test-sport-tshbmlbscac-con03a,Jev V2,0.31546487678572877,0.125,1.0
arguana,test-sport-tshbmlbscac-con03a,Jev V3,0.3333333333333333,0.14285714285714285,1.0
arguana,test-sport-tshbmlbscac-con03a,base (MaxSim@10),0.3868528072345416,,
arguana,test-sport-tshbmlbscac-con01a,first stage,1.0,1.0,1.0
arguana,test-sport-tshbmlbscac-con01a,cross-encoder,1.0,1.0,1.0
arguana,test-sport-tshbmlbscac-con01a,Jev V1,1.0,1.0,1.0
arguana,test-sport-tshbmlbscac-con01a,Jev V2,0.6309297535714575,0.5,1.0
arguana,test-sport-tshbmlbscac-con01a,Jev V3,1.0,1.0,1.0
arguana,test-sport-tshbmlbscac-con01a,base (MaxSim@10),0.3868528072345416,,
arguana,test-free-speech-debate-magghbcrg-pro02a,first stage,0.6309297535714575,0.5,1.0
arguana,test-free-speech-debate-magghbcrg-pro02a,cross-encoder,0.3562071871080222,0.16666666666666666,1.0
arguana,test-free-speech-debate-magghbcrg-pro02a,Jev V1,0.43067655807339306,0.25,1.0
arguana,test-free-speech-debate-magghbcrg-pro02a,Jev V2,0.43067655807339306,0.25,1.0
arguana,test-free-speech-debate-magghbcrg-pro02a,Jev V3,0.6309297535714575,0.5,1.0
arguana,test-free-speech-debate-magghbcrg-pro02a,base (MaxSim@10),0.6309297535714575,,
arguana,test-free-speech-debate-magghbcrg-pro01a,first stage,0.43067655807339306,0.25,1.0
arguana,test-free-speech-debate-magghbcrg-pro01a,cross-encoder,1.0,1.0,1.0
arguana,test-free-speech-debate-magghbcrg-pro01a,Jev V1,0.38685280723454163,0.2,1.0
arguana,test-free-speech-debate-magghbcrg-pro01a,Jev V2,0.43067655807339306,0.25,1.0
arguana,test-free-speech-debate-magghbcrg-pro01a,Jev V3,0.43067655807339306,0.25,1.0
arguana,test-free-speech-debate-magghbcrg-pro01a,base (MaxSim@10),0.5,,
arguana,test-free-speech-debate-magghbcrg-pro03a,first stage,0.2890648263178879,0.1,1.0
arguana,test-free-speech-debate-magghbcrg-pro03a,cross-encoder,0.5,0.3333333333333333,1.0
arguana,test-free-speech-debate-magghbcrg-pro03a,Jev V1,0.3562071871080222,0.16666666666666666,1.0
arguana,test-free-speech-debate-magghbcrg-pro03a,Jev V2,0.43067655807339306,0.25,1.0
arguana,test-free-speech-debate-magghbcrg-pro03a,Jev V3,0.38685280723454163,0.2,1.0
arguana,test-free-speech-debate-magghbcrg-pro03a,base (MaxSim@10),0.2890648263178879,,
arguana,test-free-speech-debate-magghbcrg-con02a,first stage,0.0,0.0,0.0
arguana,test-free-speech-debate-magghbcrg-con02a,cross-encoder,0.0,0.0,0.0
arguana,test-free-speech-debate-magghbcrg-con02a,Jev V1,0.0,0.0,0.0
arguana,test-free-speech-debate-magghbcrg-con02a,Jev V2,0.0,0.0,0.0
arguana,test-free-speech-debate-magghbcrg-con02a,Jev V3,0.0,0.0,0.0
arguana,test-free-speech-debate-magghbcrg-con02a,base (MaxSim@10),0.0,,
arguana,test-free-speech-debate-magghbcrg-con03a,first stage,0.3562071871080222,0.16666666666666666,1.0
arguana,test-free-speech-debate-magghbcrg-con03a,cross-encoder,1.0,1.0,1.0
arguana,test-free-speech-debate-magghbcrg-con03a,Jev V1,0.6309297535714575,0.5,1.0
arguana,test-free-speech-debate-magghbcrg-con03a,Jev V2,0.5,0.3333333333333333,1.0
arguana,test-free-speech-debate-magghbcrg-con03a,Jev V3,0.5,0.3333333333333333,1.0
arguana,test-free-speech-debate-magghbcrg-con03a,base (MaxSim@10),0.3562071871080222,,
arguana,test-free-speech-debate-magghbcrg-con01a,first stage,0.31546487678572877,0.125,1.0
arguana,test-free-speech-debate-magghbcrg-con01a,cross-encoder,0.3562071871080222,0.16666666666666666,1.0
arguana,test-free-speech-debate-magghbcrg-con01a,Jev V1,0.31546487678572877,0.125,1.0
arguana,test-free-speech-debate-magghbcrg-con01a,Jev V2,0.43067655807339306,0.25,1.0
arguana,test-free-speech-debate-magghbcrg-con01a,Jev V3,0.38685280723454163,0.2,1.0
arguana,test-free-speech-debate-magghbcrg-con01a,base (MaxSim@10),0.3562071871080222,,
arguana,test-free-speech-debate-nshbbsbfb-pro02a,first stage,0.3562071871080222,0.16666666666666666,1.0
arguana,test-free-speech-debate-nshbbsbfb-pro02a,cross-encoder,0.3010299956639812,0.1111111111111111,1.0
arguana,test-free-speech-debate-nshbbsbfb-pro02a,Jev V1,0.43067655807339306,0.25,1.0
arguana,test-free-speech-debate-nshbbsbfb-pro02a,Jev V2,1.0,1.0,1.0
arguana,test-free-speech-debate-nshbbsbfb-pro02a,Jev V3,1.0,1.0,1.0
arguana,test-free-speech-debate-nshbbsbfb-pro02a,base (MaxSim@10),0.3333333333333333,,
arguana,test-free-speech-debate-nshbbsbfb-pro01a,first stage,0.5,0.3333333333333333,1.0
arguana,test-free-speech-debate-nshbbsbfb-pro01a,cross-encoder,0.38685280723454163,0.2,1.0
arguana,test-free-speech-debate-nshbbsbfb-pro01a,Jev V1,0.38685280723454163,0.2,1.0
arguana,test-free-speech-debate-nshbbsbfb-pro01a,Jev V2,0.31546487678572877,0.125,1.0
arguana,test-free-speech-debate-nshbbsbfb-pro01a,Jev V3,0.38685280723454163,0.2,1.0
arguana,test-free-speech-debate-nshbbsbfb-pro01a,base (MaxSim@10),0.6309297535714575,,
arguana,test-free-speech-debate-nshbbsbfb-pro03a,first stage,1.0,1.0,1.0
arguana,test-free-speech-debate-nshbbsbfb-pro03a,cross-encoder,1.0,1.0,1.0
arguana,test-free-speech-debate-nshbbsbfb-pro03a,Jev V1,1.0,1.0,1.0
arguana,test-free-speech-debate-nshbbsbfb-pro03a,Jev V2,1.0,1.0,1.0
arguana,test-free-speech-debate-nshbbsbfb-pro03a,Jev V3,1.0,1.0,1.0
arguana,test-free-speech-debate-nshbbsbfb-pro03a,base (MaxSim@10),0.5,,
arguana,test-free-speech-debate-nshbbsbfb-pro04a,first stage,0.0,0.0,0.0
arguana,test-free-speech-debate-nshbbsbfb-pro04a,cross-encoder,0.0,0.0,0.0
arguana,test-free-speech-debate-nshbbsbfb-pro04a,Jev V1,0.0,0.0,0.0
arguana,test-free-speech-debate-nshbbsbfb-pro04a,Jev V2,0.0,0.0,0.0
arguana,test-free-speech-debate-nshbbsbfb-pro04a,Jev V3,0.0,0.0,0.0
arguana,test-free-speech-debate-nshbbsbfb-pro04a,base (MaxSim@10),0.0,,
arguana,test-free-speech-debate-nshbbsbfb-con02a,first stage,0.0,0.0,0.0
arguana,test-free-speech-debate-nshbbsbfb-con02a,cross-encoder,0.43067655807339306,0.25,1.0
arguana,test-free-speech-debate-nshbbsbfb-con02a,Jev V1,0.31546487678572877,0.125,1.0
arguana,test-free-speech-debate-nshbbsbfb-con02a,Jev V2,0.3562071871080222,0.16666666666666666,1.0
arguana,test-free-speech-debate-nshbbsbfb-con02a,Jev V3,0.31546487678572877,0.125,1.0
arguana,test-free-speech-debate-nshbbsbfb-con02a,base (MaxSim@10),0.0,,
arguana,test-free-speech-debate-nshbbsbfb-con03a,first stage,0.43067655807339306,0.25,1.0
arguana,test-free-speech-debate-nshbbsbfb-con03a,cross-encoder,0.3333333333333333,0.14285714285714285,1.0
arguana,test-free-speech-debate-nshbbsbfb-con03a,Jev V1,0.6309297535714575,0.5,1.0
arguana,test-free-speech-debate-nshbbsbfb-con03a,Jev V2,0.5,0.3333333333333333,1.0
arguana,test-free-speech-debate-nshbbsbfb-con03a,Jev V3,0.5,0.3333333333333333,1.0
arguana,test-free-speech-debate-nshbbsbfb-con03a,base (MaxSim@10),0.430676558073393,,
arguana,test-free-speech-debate-nshbbsbfb-con01a,first stage,0.3010299956639812,0.1111111111111111,1.0
arguana,test-free-speech-debate-nshbbsbfb-con01a,cross-encoder,1.0,1.0,1.0
arguana,test-free-speech-debate-nshbbsbfb-con01a,Jev V1,1.0,1.0,1.0
arguana,test-free-speech-debate-nshbbsbfb-con01a,Jev V2,1.0,1.0,1.0
arguana,test-free-speech-debate-nshbbsbfb-con01a,Jev V3,1.0,1.0,1.0
arguana,test-free-speech-debate-nshbbsbfb-con01a,base (MaxSim@10),0.3010299956639812,,
arguana,test-free-speech-debate-fsaphgiap-pro02a,first stage,0.5,0.3333333333333333,1.0
arguana,test-free-speech-debate-fsaphgiap-pro02a,cross-encoder,0.6309297535714575,0.5,1.0
arguana,test-free-speech-debate-fsaphgiap-pro02a,Jev V1,0.3010299956639812,0.1111111111111111,1.0
arguana,test-free-speech-debate-fsaphgiap-pro02a,Jev V2,1.0,1.0,1.0
arguana,test-free-speech-debate-fsaphgiap-pro02a,Jev V3,1.0,1.0,1.0
arguana,test-free-speech-debate-fsaphgiap-pro02a,base (MaxSim@10),0.5,,
arguana,test-free-speech-debate-fsaphgiap-pro01a,first stage,0.0,0.0,0.0
arguana,test-free-speech-debate-fsaphgiap-pro01a,cross-encoder,0.0,0.0,0.0
arguana,test-free-speech-debate-fsaphgiap-pro01a,Jev V1,0.0,0.0,0.0
arguana,test-free-speech-debate-fsaphgiap-pro01a,Jev V2,0.0,0.0,0.0
arguana,test-free-speech-debate-fsaphgiap-pro01a,Jev V3,0.0,0.0,0.0
arguana,test-free-speech-debate-fsaphgiap-pro01a,base (MaxSim@10),0.0,,
arguana,test-free-speech-debate-fsaphgiap-pro03a,first stage,0.0,0.0,0.0
arguana,test-free-speech-debate-fsaphgiap-pro03a,cross-encoder,0.0,0.0,0.0
arguana,test-free-speech-debate-fsaphgiap-pro03a,Jev V1,0.0,0.0,0.0
arguana,test-free-speech-debate-fsaphgiap-pro03a,Jev V2,0.0,0.0,0.0
arguana,test-free-speech-debate-fsaphgiap-pro03a,Jev V3,0.0,0.0,0.0
arguana,test-free-speech-debate-fsaphgiap-pro03a,base (MaxSim@10),0.0,,
arguana,test-free-speech-debate-fsaphgiap-pro04a,first stage,0.0,0.0,0.0
arguana,test-free-speech-debate-fsaphgiap-pro04a,cross-encoder,0.0,0.0,0.0
arguana,test-free-speech-debate-fsaphgiap-pro04a,Jev V1,0.0,0.0,0.0
arguana,test-free-speech-debate-fsaphgiap-pro04a,Jev V2,0.0,0.0,0.0
arguana,test-free-speech-debate-fsaphgiap-pro04a,Jev V3,0.0,0.0,0.0
arguana,test-free-speech-debate-fsaphgiap-pro04a,base (MaxSim@10),0.0,,
arguana,test-free-speech-debate-fsaphgiap-con02a,first stage,1.0,1.0,1.0
arguana,test-free-speech-debate-fsaphgiap-con02a,cross-encoder,0.6309297535714575,0.5,1.0
arguana,test-free-speech-debate-fsaphgiap-con02a,Jev V1,0.43067655807339306,0.25,1.0
arguana,test-free-speech-debate-fsaphgiap-con02a,Jev V2,0.6309297535714575,0.5,1.0
arguana,test-free-speech-debate-fsaphgiap-con02a,Jev V3,1.0,1.0,1.0
arguana,test-free-speech-debate-fsaphgiap-con02a,base (MaxSim@10),0.5,,
arguana,test-free-speech-debate-fsaphgiap-con04a,first stage,1.0,1.0,1.0
arguana,test-free-speech-debate-fsaphgiap-con04a,cross-encoder,0.6309297535714575,0.5,1.0
arguana,test-free-speech-debate-fsaphgiap-con04a,Jev V1,0.6309297535714575,0.5,1.0
arguana,test-free-speech-debate-fsaphgiap-con04a,Jev V2,0.3562071871080222,0.16666666666666666,1.0
arguana,test-free-speech-debate-fsaphgiap-con04a,Jev V3,1.0,1.0,1.0
arguana,test-free-speech-debate-fsaphgiap-con04a,base (MaxSim@10),1.0,,
arguana,test-free-speech-debate-fsaphgiap-con03a,first stage,0.2890648263178879,0.1,1.0
arguana,test-free-speech-debate-fsaphgiap-con03a,cross-encoder,1.0,1.0,1.0
arguana,test-free-speech-debate-fsaphgiap-con03a,Jev V1,0.43067655807339306,0.25,1.0
arguana,test-free-speech-debate-fsaphgiap-con03a,Jev V2,0.5,0.3333333333333333,1.0
arguana,test-free-speech-debate-fsaphgiap-con03a,Jev V3,1.0,1.0,1.0
arguana,test-free-speech-debate-fsaphgiap-con03a,base (MaxSim@10),0.3010299956639812,,
arguana,test-free-speech-debate-fsaphgiap-con01a,first stage,1.0,1.0,1.0
arguana,test-free-speech-debate-fsaphgiap-con01a,cross-encoder,0.6309297535714575,0.5,1.0
arguana,test-free-speech-debate-fsaphgiap-con01a,Jev V1,0.38685280723454163,0.2,1.0
arguana,test-free-speech-debate-fsaphgiap-con01a,Jev V2,1.0,1.0,1.0
arguana,test-free-speech-debate-fsaphgiap-con01a,Jev V3,1.0,1.0,1.0
arguana,test-free-speech-debate-fsaphgiap-con01a,base (MaxSim@10),1.0,,
arguana,test-free-speech-debate-yfsdfkhbwu-pro02a,first stage,1.0,1.0,1.0
arguana,test-free-speech-debate-yfsdfkhbwu-pro02a,cross-encoder,1.0,1.0,1.0
arguana,test-free-speech-debate-yfsdfkhbwu-pro02a,Jev V1,0.43067655807339306,0.25,1.0
arguana,test-free-speech-debate-yfsdfkhbwu-pro02a,Jev V2,0.38685280723454163,0.2,1.0
arguana,test-free-speech-debate-yfsdfkhbwu-pro02a,Jev V3,0.6309297535714575,0.5,1.0
arguana,test-free-speech-debate-yfsdfkhbwu-pro02a,base (MaxSim@10),0.430676558073393,,
arguana,test-free-speech-debate-yfsdfkhbwu-pro01a,first stage,0.0,0.0,0.0
arguana,test-free-speech-debate-yfsdfkhbwu-pro01a,cross-encoder,0.6309297535714575,0.5,1.0
arguana,test-free-speech-debate-yfsdfkhbwu-pro01a,Jev V1,0.43067655807339306,0.25,1.0
arguana,test-free-speech-debate-yfsdfkhbwu-pro01a,Jev V2,0.6309297535714575,0.5,1.0
arguana,test-free-speech-debate-yfsdfkhbwu-pro01a,Jev V3,0.43067655807339306,0.25,1.0
arguana,test-free-speech-debate-yfsdfkhbwu-pro01a,base (MaxSim@10),0.0,,
arguana,test-free-speech-debate-yfsdfkhbwu-pro03a,first stage,0.6309297535714575,0.5,1.0
arguana,test-free-speech-debate-yfsdfkhbwu-pro03a,cross-encoder,1.0,1.0,1.0
arguana,test-free-speech-debate-yfsdfkhbwu-pro03a,Jev V1,0.38685280723454163,0.2,1.0
arguana,test-free-speech-debate-yfsdfkhbwu-pro03a,Jev V2,1.0,1.0,1.0
arguana,test-free-speech-debate-yfsdfkhbwu-pro03a,Jev V3,0.43067655807339306,0.25,1.0
arguana,test-free-speech-debate-yfsdfkhbwu-pro03a,base (MaxSim@10),0.430676558073393,,
arguana,test-free-speech-debate-yfsdfkhbwu-con02a,first stage,0.0,0.0,0.0
arguana,test-free-speech-debate-yfsdfkhbwu-con02a,cross-encoder,0.0,0.0,0.0
arguana,test-free-speech-debate-yfsdfkhbwu-con02a,Jev V1,0.0,0.0,0.0
arguana,test-free-speech-debate-yfsdfkhbwu-con02a,Jev V2,0.0,0.0,0.0
arguana,test-free-speech-debate-yfsdfkhbwu-con02a,Jev V3,0.0,0.0,0.0
arguana,test-free-speech-debate-yfsdfkhbwu-con02a,base (MaxSim@10),0.0,,
arguana,test-free-speech-debate-yfsdfkhbwu-con03a,first stage,0.0,0.0,0.0
arguana,test-free-speech-debate-yfsdfkhbwu-con03a,cross-encoder,0.0,0.0,0.0
arguana,test-free-speech-debate-yfsdfkhbwu-con03a,Jev V1,0.0,0.0,0.0
arguana,test-free-speech-debate-yfsdfkhbwu-con03a,Jev V2,0.0,0.0,0.0
arguana,test-free-speech-debate-yfsdfkhbwu-con03a,Jev V3,0.0,0.0,0.0
arguana,test-free-speech-debate-yfsdfkhbwu-con03a,base (MaxSim@10),0.0,,
arguana,test-free-speech-debate-yfsdfkhbwu-con01a,first stage,0.0,0.0,0.0
arguana,test-free-speech-debate-yfsdfkhbwu-con01a,cross-encoder,0.0,0.0,0.0
arguana,test-free-speech-debate-yfsdfkhbwu-con01a,Jev V1,0.0,0.0,0.0
arguana,test-free-speech-debate-yfsdfkhbwu-con01a,Jev V2,0.0,0.0,0.0
arguana,test-free-speech-debate-yfsdfkhbwu-con01a,Jev V3,0.0,0.0,0.0
arguana,test-free-speech-debate-yfsdfkhbwu-con01a,base (MaxSim@10),0.0,,
arguana,test-free-speech-debate-ldhwbmclg-pro02a,first stage,0.0,0.0,0.0
arguana,test-free-speech-debate-ldhwbmclg-pro02a,cross-encoder,0.0,0.0,0.0
arguana,test-free-speech-debate-ldhwbmclg-pro02a,Jev V1,0.0,0.0,0.0
arguana,test-free-speech-debate-ldhwbmclg-pro02a,Jev V2,0.0,0.0,0.0
arguana,test-free-speech-debate-ldhwbmclg-pro02a,Jev V3,0.0,0.0,0.0
arguana,test-free-speech-debate-ldhwbmclg-pro02a,base (MaxSim@10),0.0,,
arguana,test-free-speech-debate-ldhwbmclg-pro01a,first stage,1.0,1.0,1.0
arguana,test-free-speech-debate-ldhwbmclg-pro01a,cross-encoder,1.0,1.0,1.0
arguana,test-free-speech-debate-ldhwbmclg-pro01a,Jev V1,0.38685280723454163,0.2,1.0
arguana,test-free-speech-debate-ldhwbmclg-pro01a,Jev V2,0.3333333333333333,0.14285714285714285,1.0
arguana,test-free-speech-debate-ldhwbmclg-pro01a,Jev V3,0.6309297535714575,0.5,1.0
arguana,test-free-speech-debate-ldhwbmclg-pro01a,base (MaxSim@10),1.0,,
arguana,test-free-speech-debate-ldhwbmclg-pro03a,first stage,0.3333333333333333,0.14285714285714285,1.0
arguana,test-free-speech-debate-ldhwbmclg-pro03a,cross-encoder,1.0,1.0,1.0
arguana,test-free-speech-debate-ldhwbmclg-pro03a,Jev V1,1.0,1.0,1.0
arguana,test-free-speech-debate-ldhwbmclg-pro03a,Jev V2,1.0,1.0,1.0
arguana,test-free-speech-debate-ldhwbmclg-pro03a,Jev V3,1.0,1.0,1.0
arguana,test-free-speech-debate-ldhwbmclg-pro03a,base (MaxSim@10),0.3154648767857287,,
arguana,test-free-speech-debate-ldhwbmclg-con02a,first stage,1.0,1.0,1.0
arguana,test-free-speech-debate-ldhwbmclg-con02a,cross-encoder,1.0,1.0,1.0
arguana,test-free-speech-debate-ldhwbmclg-con02a,Jev V1,0.5,0.3333333333333333,1.0
arguana,test-free-speech-debate-ldhwbmclg-con02a,Jev V2,1.0,1.0,1.0
arguana,test-free-speech-debate-ldhwbmclg-con02a,Jev V3,0.6309297535714575,0.5,1.0
arguana,test-free-speech-debate-ldhwbmclg-con02a,base (MaxSim@10),1.0,,
arguana,test-free-speech-debate-ldhwbmclg-con03a,first stage,0.5,0.3333333333333333,1.0
arguana,test-free-speech-debate-ldhwbmclg-con03a,cross-encoder,1.0,1.0,1.0
arguana,test-free-speech-debate-ldhwbmclg-con03a,Jev V1,0.5,0.3333333333333333,1.0
arguana,test-free-speech-debate-ldhwbmclg-con03a,Jev V2,0.0,0.0,0.0
arguana,test-free-speech-debate-ldhwbmclg-con03a,Jev V3,0.3562071871080222,0.16666666666666666,1.0
arguana,test-free-speech-debate-ldhwbmclg-con03a,base (MaxSim@10),0.5,,
arguana,test-free-speech-debate-ldhwbmclg-con01a,first stage,0.3333333333333333,0.14285714285714285,1.0
arguana,test-free-speech-debate-ldhwbmclg-con01a,cross-encoder,0.43067655807339306,0.25,1.0
arguana,test-free-speech-debate-ldhwbmclg-con01a,Jev V1,0.0,0.0,0.0
arguana,test-free-speech-debate-ldhwbmclg-con01a,Jev V2,0.3333333333333333,0.14285714285714285,1.0
arguana,test-free-speech-debate-ldhwbmclg-con01a,Jev V3,0.3333333333333333,0.14285714285714285,1.0
arguana,test-free-speech-debate-ldhwbmclg-con01a,base (MaxSim@10),0.2890648263178879,,
arguana,test-free-speech-debate-ldhwprhs-pro02a,first stage,0.0,0.0,0.0
arguana,test-free-speech-debate-ldhwprhs-pro02a,cross-encoder,0.0,0.0,0.0
arguana,test-free-speech-debate-ldhwprhs-pro02a,Jev V1,0.0,0.0,0.0
arguana,test-free-speech-debate-ldhwprhs-pro02a,Jev V2,0.0,0.0,0.0
arguana,test-free-speech-debate-ldhwprhs-pro02a,Jev V3,0.0,0.0,0.0
arguana,test-free-speech-debate-ldhwprhs-pro02a,base (MaxSim@10),0.0,,
arguana,test-free-speech-debate-ldhwprhs-pro01a,first stage,0.5,0.3333333333333333,1.0
arguana,test-free-speech-debate-ldhwprhs-pro01a,cross-encoder,1.0,1.0,1.0
arguana,test-free-speech-debate-ldhwprhs-pro01a,Jev V1,0.31546487678572877,0.125,1.0
arguana,test-free-speech-debate-ldhwprhs-pro01a,Jev V2,0.5,0.3333333333333333,1.0
arguana,test-free-speech-debate-ldhwprhs-pro01a,Jev V3,0.5,0.3333333333333333,1.0
arguana,test-free-speech-debate-ldhwprhs-pro01a,base (MaxSim@10),1.0,,
arguana,test-free-speech-debate-ldhwprhs-pro03a,first stage,0.43067655807339306,0.25,1.0
arguana,test-free-speech-debate-ldhwprhs-pro03a,cross-encoder,1.0,1.0,1.0
arguana,test-free-speech-debate-ldhwprhs-pro03a,Jev V1,1.0,1.0,1.0
arguana,test-free-speech-debate-ldhwprhs-pro03a,Jev V2,0.5,0.3333333333333333,1.0
arguana,test-free-speech-debate-ldhwprhs-pro03a,Jev V3,0.6309297535714575,0.5,1.0
arguana,test-free-speech-debate-ldhwprhs-pro03a,base (MaxSim@10),0.3562071871080222,,
arguana,test-free-speech-debate-ldhwprhs-con02a,first stage,0.0,0.0,0.0
arguana,test-free-speech-debate-ldhwprhs-con02a,cross-encoder,0.0,0.0,0.0
arguana,test-free-speech-debate-ldhwprhs-con02a,Jev V1,0.0,0.0,0.0
arguana,test-free-speech-debate-ldhwprhs-con02a,Jev V2,0.0,0.0,0.0
arguana,test-free-speech-debate-ldhwprhs-con02a,Jev V3,0.0,0.0,0.0
arguana,test-free-speech-debate-ldhwprhs-con02a,base (MaxSim@10),0.0,,
arguana,test-free-speech-debate-ldhwprhs-con03a,first stage,1.0,1.0,1.0
arguana,test-free-speech-debate-ldhwprhs-con03a,cross-encoder,0.0,0.0,0.0
arguana,test-free-speech-debate-ldhwprhs-con03a,Jev V1,0.0,0.0,0.0
arguana,test-free-speech-debate-ldhwprhs-con03a,Jev V2,0.43067655807339306,0.25,1.0
arguana,test-free-speech-debate-ldhwprhs-con03a,Jev V3,1.0,1.0,1.0
arguana,test-free-speech-debate-ldhwprhs-con03a,base (MaxSim@10),0.5,,
arguana,test-free-speech-debate-ldhwprhs-con01a,first stage,0.0,0.0,0.0
arguana,test-free-speech-debate-ldhwprhs-con01a,cross-encoder,0.0,0.0,0.0
arguana,test-free-speech-debate-ldhwprhs-con01a,Jev V1,0.0,0.0,0.0
arguana,test-free-speech-debate-ldhwprhs-con01a,Jev V2,0.0,0.0,0.0
arguana,test-free-speech-debate-ldhwprhs-con01a,Jev V3,0.0,0.0,0.0
arguana,test-free-speech-debate-ldhwprhs-con01a,base (MaxSim@10),0.0,,
arguana,test-free-speech-debate-radhbsshr-pro02a,first stage,0.5,0.3333333333333333,1.0
arguana,test-free-speech-debate-radhbsshr-pro02a,cross-encoder,1.0,1.0,1.0
arguana,test-free-speech-debate-radhbsshr-pro02a,Jev V1,1.0,1.0,1.0
arguana,test-free-speech-debate-radhbsshr-pro02a,Jev V2,1.0,1.0,1.0
arguana,test-free-speech-debate-radhbsshr-pro02a,Jev V3,1.0,1.0,1.0
arguana,test-free-speech-debate-radhbsshr-pro02a,base (MaxSim@10),0.6309297535714575,,
arguana,test-free-speech-debate-radhbsshr-pro01a,first stage,0.38685280723454163,0.2,1.0
arguana,test-free-speech-debate-radhbsshr-pro01a,cross-encoder,0.6309297535714575,0.5,1.0
arguana,test-free-speech-debate-radhbsshr-pro01a,Jev V1,0.38685280723454163,0.2,1.0
arguana,test-free-speech-debate-radhbsshr-pro01a,Jev V2,0.43067655807339306,0.25,1.0
arguana,test-free-speech-debate-radhbsshr-pro01a,Jev V3,0.3333333333333333,0.14285714285714285,1.0
arguana,test-free-speech-debate-radhbsshr-pro01a,base (MaxSim@10),1.0,,
arguana,test-free-speech-debate-radhbsshr-pro03a,first stage,1.0,1.0,1.0
arguana,test-free-speech-debate-radhbsshr-pro03a,cross-encoder,1.0,1.0,1.0
arguana,test-free-speech-debate-radhbsshr-pro03a,Jev V1,1.0,1.0,1.0
arguana,test-free-speech-debate-radhbsshr-pro03a,Jev V2,1.0,1.0,1.0
arguana,test-free-speech-debate-radhbsshr-pro03a,Jev V3,1.0,1.0,1.0
arguana,test-free-speech-debate-radhbsshr-pro03a,base (MaxSim@10),1.0,,
arguana,test-free-speech-debate-radhbsshr-con02a,first stage,0.3562071871080222,0.16666666666666666,1.0
arguana,test-free-speech-debate-radhbsshr-con02a,cross-encoder,1.0,1.0,1.0
arguana,test-free-speech-debate-radhbsshr-con02a,Jev V1,1.0,1.0,1.0
arguana,test-free-speech-debate-radhbsshr-con02a,Jev V2,0.3562071871080222,0.16666666666666666,1.0
arguana,test-free-speech-debate-radhbsshr-con02a,Jev V3,0.6309297535714575,0.5,1.0
arguana,test-free-speech-debate-radhbsshr-con02a,base (MaxSim@10),0.3333333333333333,,
arguana,test-free-speech-debate-radhbsshr-con04a,first stage,0.5,0.3333333333333333,1.0
arguana,test-free-speech-debate-radhbsshr-con04a,cross-encoder,1.0,1.0,1.0
arguana,test-free-speech-debate-radhbsshr-con04a,Jev V1,0.6309297535714575,0.5,1.0
arguana,test-free-speech-debate-radhbsshr-con04a,Jev V2,0.5,0.3333333333333333,1.0
arguana,test-free-speech-debate-radhbsshr-con04a,Jev V3,0.5,0.3333333333333333,1.0
arguana,test-free-speech-debate-radhbsshr-con04a,base (MaxSim@10),1.0,,
arguana,test-free-speech-debate-radhbsshr-con03a,first stage,0.43067655807339306,0.25,1.0
arguana,test-free-speech-debate-radhbsshr-con03a,cross-encoder,1.0,1.0,1.0
arguana,test-free-speech-debate-radhbsshr-con03a,Jev V1,1.0,1.0,1.0
arguana,test-free-speech-debate-radhbsshr-con03a,Jev V2,1.0,1.0,1.0
arguana,test-free-speech-debate-radhbsshr-con03a,Jev V3,0.5,0.3333333333333333,1.0
arguana,test-free-speech-debate-radhbsshr-con03a,base (MaxSim@10),0.5,,
arguana,test-free-speech-debate-radhbsshr-con01a,first stage,0.38685280723454163,0.2,1.0
arguana,test-free-speech-debate-radhbsshr-con01a,cross-encoder,0.6309297535714575,0.5,1.0
arguana,test-free-speech-debate-radhbsshr-con01a,Jev V1,1.0,1.0,1.0
arguana,test-free-speech-debate-radhbsshr-con01a,Jev V2,0.43067655807339306,0.25,1.0
arguana,test-free-speech-debate-radhbsshr-con01a,Jev V3,0.6309297535714575,0.5,1.0
arguana,test-free-speech-debate-radhbsshr-con01a,base (MaxSim@10),0.3868528072345416,,
arguana,test-free-speech-debate-fchbjaj-pro02a,first stage,0.0,0.0,0.0
arguana,test-free-speech-debate-fchbjaj-pro02a,cross-encoder,0.0,0.0,0.0
arguana,test-free-speech-debate-fchbjaj-pro02a,Jev V1,0.0,0.0,0.0
arguana,test-free-speech-debate-fchbjaj-pro02a,Jev V2,0.38685280723454163,0.2,1.0
arguana,test-free-speech-debate-fchbjaj-pro02a,Jev V3,0.31546487678572877,0.125,1.0
arguana,test-free-speech-debate-fchbjaj-pro02a,base (MaxSim@10),0.0,,
arguana,test-free-speech-debate-fchbjaj-pro01a,first stage,0.2890648263178879,0.1,1.0
arguana,test-free-speech-debate-fchbjaj-pro01a,cross-encoder,0.43067655807339306,0.25,1.0
arguana,test-free-speech-debate-fchbjaj-pro01a,Jev V1,0.3562071871080222,0.16666666666666666,1.0
arguana,test-free-speech-debate-fchbjaj-pro01a,Jev V2,0.6309297535714575,0.5,1.0
arguana,test-free-speech-debate-fchbjaj-pro01a,Jev V3,0.3562071871080222,0.16666666666666666,1.0
arguana,test-free-speech-debate-fchbjaj-pro01a,base (MaxSim@10),0.3333333333333333,,
arguana,test-free-speech-debate-fchbjaj-pro03a,first stage,0.3562071871080222,0.16666666666666666,1.0
arguana,test-free-speech-debate-fchbjaj-pro03a,cross-encoder,0.6309297535714575,0.5,1.0
arguana,test-free-speech-debate-fchbjaj-pro03a,Jev V1,0.3333333333333333,0.14285714285714285,1.0
arguana,test-free-speech-debate-fchbjaj-pro03a,Jev V2,0.43067655807339306,0.25,1.0
arguana,test-free-speech-debate-fchbjaj-pro03a,Jev V3,1.0,1.0,1.0
arguana,test-free-speech-debate-fchbjaj-pro03a,base (MaxSim@10),0.3154648767857287,,
arguana,test-free-speech-debate-fchbjaj-con02a,first stage,0.5,0.3333333333333333,1.0
arguana,test-free-speech-debate-fchbjaj-con02a,cross-encoder,0.38685280723454163,0.2,1.0
arguana,test-free-speech-debate-fchbjaj-con02a,Jev V1,0.3333333333333333,0.14285714285714285,1.0
arguana,test-free-speech-debate-fchbjaj-con02a,Jev V2,0.38685280723454163,0.2,1.0
arguana,test-free-speech-debate-fchbjaj-con02a,Jev V3,0.38685280723454163,0.2,1.0
arguana,test-free-speech-debate-fchbjaj-con02a,base (MaxSim@10),0.430676558073393,,
arguana,test-free-speech-debate-fchbjaj-con03a,first stage,0.5,0.3333333333333333,1.0
arguana,test-free-speech-debate-fchbjaj-con03a,cross-encoder,0.43067655807339306,0.25,1.0
arguana,test-free-speech-debate-fchbjaj-con03a,Jev V1,0.43067655807339306,0.25,1.0
arguana,test-free-speech-debate-fchbjaj-con03a,Jev V2,0.38685280723454163,0.2,1.0
arguana,test-free-speech-debate-fchbjaj-con03a,Jev V3,0.38685280723454163,0.2,1.0
arguana,test-free-speech-debate-fchbjaj-con03a,base (MaxSim@10),0.5,,
arguana,test-free-speech-debate-fchbjaj-con01a,first stage,0.2890648263178879,0.1,1.0
arguana,test-free-speech-debate-fchbjaj-con01a,cross-encoder,0.6309297535714575,0.5,1.0
arguana,test-free-speech-debate-fchbjaj-con01a,Jev V1,0.6309297535714575,0.5,1.0
arguana,test-free-speech-debate-fchbjaj-con01a,Jev V2,0.43067655807339306,0.25,1.0
arguana,test-free-speech-debate-fchbjaj-con01a,Jev V3,1.0,1.0,1.0
arguana,test-free-speech-debate-fchbjaj-con01a,base (MaxSim@10),0.2890648263178879,,
arguana,test-free-speech-debate-nshbcsbawc-pro02a,first stage,0.3333333333333333,0.14285714285714285,1.0
arguana,test-free-speech-debate-nshbcsbawc-pro02a,cross-encoder,0.6309297535714575,0.5,1.0
arguana,test-free-speech-debate-nshbcsbawc-pro02a,Jev V1,0.43067655807339306,0.25,1.0
arguana,test-free-speech-debate-nshbcsbawc-pro02a,Jev V2,1.0,1.0,1.0
arguana,test-free-speech-debate-nshbcsbawc-pro02a,Jev V3,1.0,1.0,1.0
arguana,test-free-speech-debate-nshbcsbawc-pro02a,base (MaxSim@10),0.3010299956639812,,
arguana,test-free-speech-debate-nshbcsbawc-pro01a,first stage,0.0,0.0,0.0
arguana,test-free-speech-debate-nshbcsbawc-pro01a,cross-encoder,0.0,0.0,0.0
arguana,test-free-speech-debate-nshbcsbawc-pro01a,Jev V1,0.0,0.0,0.0
arguana,test-free-speech-debate-nshbcsbawc-pro01a,Jev V2,0.0,0.0,0.0
arguana,test-free-speech-debate-nshbcsbawc-pro01a,Jev V3,0.0,0.0,0.0
arguana,test-free-speech-debate-nshbcsbawc-pro01a,base (MaxSim@10),0.0,,
arguana,test-free-speech-debate-nshbcsbawc-pro03a,first stage,0.0,0.0,0.0
arguana,test-free-speech-debate-nshbcsbawc-pro03a,cross-encoder,0.3010299956639812,0.1111111111111111,1.0
arguana,test-free-speech-debate-nshbcsbawc-pro03a,Jev V1,0.3562071871080222,0.16666666666666666,1.0
arguana,test-free-speech-debate-nshbcsbawc-pro03a,Jev V2,0.3333333333333333,0.14285714285714285,1.0
arguana,test-free-speech-debate-nshbcsbawc-pro03a,Jev V3,0.0,0.0,0.0
arguana,test-free-speech-debate-nshbcsbawc-pro03a,base (MaxSim@10),0.0,,
arguana,test-free-speech-debate-nshbcsbawc-pro04a,first stage,0.0,0.0,0.0
arguana,test-free-speech-debate-nshbcsbawc-pro04a,cross-encoder,0.0,0.0,0.0
arguana,test-free-speech-debate-nshbcsbawc-pro04a,Jev V1,0.0,0.0,0.0
arguana,test-free-speech-debate-nshbcsbawc-pro04a,Jev V2,0.0,0.0,0.0
arguana,test-free-speech-debate-nshbcsbawc-pro04a,Jev V3,0.0,0.0,0.0
arguana,test-free-speech-debate-nshbcsbawc-pro04a,base (MaxSim@10),0.0,,
arguana,test-free-speech-debate-nshbcsbawc-con02a,first stage,0.5,0.3333333333333333,1.0
arguana,test-free-speech-debate-nshbcsbawc-con02a,cross-encoder,1.0,1.0,1.0
arguana,test-free-speech-debate-nshbcsbawc-con02a,Jev V1,1.0,1.0,1.0
arguana,test-free-speech-debate-nshbcsbawc-con02a,Jev V2,1.0,1.0,1.0
arguana,test-free-speech-debate-nshbcsbawc-con02a,Jev V3,0.6309297535714575,0.5,1.0
arguana,test-free-speech-debate-nshbcsbawc-con02a,base (MaxSim@10),0.3333333333333333,,
arguana,test-free-speech-debate-nshbcsbawc-con03a,first stage,0.0,0.0,0.0
arguana,test-free-speech-debate-nshbcsbawc-con03a,cross-encoder,0.0,0.0,0.0
arguana,test-free-speech-debate-nshbcsbawc-con03a,Jev V1,0.0,0.0,0.0
arguana,test-free-speech-debate-nshbcsbawc-con03a,Jev V2,0.0,0.0,0.0
arguana,test-free-speech-debate-nshbcsbawc-con03a,Jev V3,0.0,0.0,0.0
arguana,test-free-speech-debate-nshbcsbawc-con03a,base (MaxSim@10),0.0,,
arguana,test-free-speech-debate-nshbcsbawc-con01a,first stage,0.5,0.3333333333333333,1.0
arguana,test-free-speech-debate-nshbcsbawc-con01a,cross-encoder,0.5,0.3333333333333333,1.0
arguana,test-free-speech-debate-nshbcsbawc-con01a,Jev V1,0.2890648263178879,0.1,1.0
arguana,test-free-speech-debate-nshbcsbawc-con01a,Jev V2,0.38685280723454163,0.2,1.0
arguana,test-free-speech-debate-nshbcsbawc-con01a,Jev V3,0.6309297535714575,0.5,1.0
arguana,test-free-speech-debate-nshbcsbawc-con01a,base (MaxSim@10),0.3010299956639812,,
arguana,test-economy-egecegphw-pro02a,first stage,0.43067655807339306,0.25,1.0
arguana,test-economy-egecegphw-pro02a,cross-encoder,1.0,1.0,1.0
arguana,test-economy-egecegphw-pro02a,Jev V1,0.6309297535714575,0.5,1.0
arguana,test-economy-egecegphw-pro02a,Jev V2,0.6309297535714575,0.5,1.0
arguana,test-economy-egecegphw-pro02a,Jev V3,0.6309297535714575,0.5,1.0
arguana,test-economy-egecegphw-pro02a,base (MaxSim@10),0.3868528072345416,,
arguana,test-economy-egecegphw-pro01a,first stage,1.0,1.0,1.0
arguana,test-economy-egecegphw-pro01a,cross-encoder,1.0,1.0,1.0
arguana,test-economy-egecegphw-pro01a,Jev V1,1.0,1.0,1.0
arguana,test-economy-egecegphw-pro01a,Jev V2,0.6309297535714575,0.5,1.0
arguana,test-economy-egecegphw-pro01a,Jev V3,1.0,1.0,1.0
arguana,test-economy-egecegphw-pro01a,base (MaxSim@10),1.0,,
arguana,test-economy-egecegphw-pro03a,first stage,0.3562071871080222,0.16666666666666666,1.0
arguana,test-economy-egecegphw-pro03a,cross-encoder,1.0,1.0,1.0
arguana,test-economy-egecegphw-pro03a,Jev V1,1.0,1.0,1.0
arguana,test-economy-egecegphw-pro03a,Jev V2,1.0,1.0,1.0
arguana,test-economy-egecegphw-pro03a,Jev V3,1.0,1.0,1.0
arguana,test-economy-egecegphw-pro03a,base (MaxSim@10),0.3562071871080222,,
arguana,test-economy-egecegphw-con02a,first stage,1.0,1.0,1.0
arguana,test-economy-egecegphw-con02a,cross-encoder,1.0,1.0,1.0
arguana,test-economy-egecegphw-con02a,Jev V1,1.0,1.0,1.0
arguana,test-economy-egecegphw-con02a,Jev V2,1.0,1.0,1.0
arguana,test-economy-egecegphw-con02a,Jev V3,1.0,1.0,1.0
arguana,test-economy-egecegphw-con02a,base (MaxSim@10),1.0,,
arguana,test-economy-egecegphw-con03a,first stage,0.5,0.3333333333333333,1.0
arguana,test-economy-egecegphw-con03a,cross-encoder,0.6309297535714575,0.5,1.0
arguana,test-economy-egecegphw-con03a,Jev V1,1.0,1.0,1.0
arguana,test-economy-egecegphw-con03a,Jev V2,1.0,1.0,1.0
arguana,test-economy-egecegphw-con03a,Jev V3,0.43067655807339306,0.25,1.0
arguana,test-economy-egecegphw-con03a,base (MaxSim@10),0.6309297535714575,,
arguana,test-economy-egecegphw-con01a,first stage,1.0,1.0,1.0
arguana,test-economy-egecegphw-con01a,cross-encoder,1.0,1.0,1.0
arguana,test-economy-egecegphw-con01a,Jev V1,1.0,1.0,1.0
arguana,test-economy-egecegphw-con01a,Jev V2,1.0,1.0,1.0
arguana,test-economy-egecegphw-con01a,Jev V3,1.0,1.0,1.0
arguana,test-economy-egecegphw-con01a,base (MaxSim@10),1.0,,
arguana,test-economy-beplcpdffe-pro02a,first stage,0.3562071871080222,0.16666666666666666,1.0
arguana,test-economy-beplcpdffe-pro02a,cross-encoder,0.5,0.3333333333333333,1.0
arguana,test-economy-beplcpdffe-pro02a,Jev V1,0.6309297535714575,0.5,1.0
arguana,test-economy-beplcpdffe-pro02a,Jev V2,0.43067655807339306,0.25,1.0
arguana,test-economy-beplcpdffe-pro02a,Jev V3,1.0,1.0,1.0
arguana,test-economy-beplcpdffe-pro02a,base (MaxSim@10),0.430676558073393,,
arguana,test-economy-beplcpdffe-pro01a,first stage,0.0,0.0,0.0
arguana,test-economy-beplcpdffe-pro01a,cross-encoder,0.0,0.0,0.0
arguana,test-economy-beplcpdffe-pro01a,Jev V1,0.0,0.0,0.0
arguana,test-economy-beplcpdffe-pro01a,Jev V2,0.0,0.0,0.0
arguana,test-economy-beplcpdffe-pro01a,Jev V3,0.0,0.0,0.0
arguana,test-economy-beplcpdffe-pro01a,base (MaxSim@10),0.0,,
arguana,test-economy-beplcpdffe-pro03a,first stage,0.5,0.3333333333333333,1.0
arguana,test-economy-beplcpdffe-pro03a,cross-encoder,0.6309297535714575,0.5,1.0
arguana,test-economy-beplcpdffe-pro03a,Jev V1,0.6309297535714575,0.5,1.0
arguana,test-economy-beplcpdffe-pro03a,Jev V2,0.6309297535714575,0.5,1.0
arguana,test-economy-beplcpdffe-pro03a,Jev V3,0.5,0.3333333333333333,1.0
arguana,test-economy-beplcpdffe-pro03a,base (MaxSim@10),1.0,,
arguana,test-economy-beplcpdffe-pro04a,first stage,0.2890648263178879,0.1,1.0
arguana,test-economy-beplcpdffe-pro04a,cross-encoder,0.38685280723454163,0.2,1.0
arguana,test-economy-beplcpdffe-pro04a,Jev V1,1.0,1.0,1.0
arguana,test-economy-beplcpdffe-pro04a,Jev V2,0.6309297535714575,0.5,1.0
arguana,test-economy-beplcpdffe-pro04a,Jev V3,1.0,1.0,1.0
arguana,test-economy-beplcpdffe-pro04a,base (MaxSim@10),0.3333333333333333,,
arguana,test-economy-beplcpdffe-con02a,first stage,1.0,1.0,1.0
arguana,test-economy-beplcpdffe-con02a,cross-encoder,0.6309297535714575,0.5,1.0
arguana,test-economy-beplcpdffe-con02a,Jev V1,1.0,1.0,1.0
arguana,test-economy-beplcpdffe-con02a,Jev V2,1.0,1.0,1.0
arguana,test-economy-beplcpdffe-con02a,Jev V3,1.0,1.0,1.0
arguana,test-economy-beplcpdffe-con02a,base (MaxSim@10),1.0,,
arguana,test-economy-beplcpdffe-con05a,first stage,1.0,1.0,1.0
arguana,test-economy-beplcpdffe-con05a,cross-encoder,1.0,1.0,1.0
arguana,test-economy-beplcpdffe-con05a,Jev V1,1.0,1.0,1.0
arguana,test-economy-beplcpdffe-con05a,Jev V2,1.0,1.0,1.0
arguana,test-economy-beplcpdffe-con05a,Jev V3,1.0,1.0,1.0
arguana,test-economy-beplcpdffe-con05a,base (MaxSim@10),1.0,,
arguana,test-economy-beplcpdffe-con04a,first stage,0.6309297535714575,0.5,1.0
arguana,test-economy-beplcpdffe-con04a,cross-encoder,1.0,1.0,1.0
arguana,test-economy-beplcpdffe-con04a,Jev V1,1.0,1.0,1.0
arguana,test-economy-beplcpdffe-con04a,Jev V2,1.0,1.0,1.0
arguana,test-economy-beplcpdffe-con04a,Jev V3,1.0,1.0,1.0
arguana,test-economy-beplcpdffe-con04a,base (MaxSim@10),0.6309297535714575,,
arguana,test-economy-beplcpdffe-con03a,first stage,0.6309297535714575,0.5,1.0
arguana,test-economy-beplcpdffe-con03a,cross-encoder,0.38685280723454163,0.2,1.0
arguana,test-economy-beplcpdffe-con03a,Jev V1,0.5,0.3333333333333333,1.0
arguana,test-economy-beplcpdffe-con03a,Jev V2,0.6309297535714575,0.5,1.0
arguana,test-economy-beplcpdffe-con03a,Jev V3,1.0,1.0,1.0
arguana,test-economy-beplcpdffe-con03a,base (MaxSim@10),0.6309297535714575,,
arguana,test-economy-beplcpdffe-con01a,first stage,0.3333333333333333,0.14285714285714285,1.0
arguana,test-economy-beplcpdffe-con01a,cross-encoder,1.0,1.0,1.0
arguana,test-economy-beplcpdffe-con01a,Jev V1,1.0,1.0,1.0
arguana,test-economy-beplcpdffe-con01a,Jev V2,1.0,1.0,1.0
arguana,test-economy-beplcpdffe-con01a,Jev V3,1.0,1.0,1.0
arguana,test-economy-beplcpdffe-con01a,base (MaxSim@10),0.3154648767857287,,
arguana,test-economy-thsptr-pro02a,first stage,0.0,0.0,0.0
arguana,test-economy-thsptr-pro02a,cross-encoder,0.0,0.0,0.0
arguana,test-economy-thsptr-pro02a,Jev V1,0.0,0.0,0.0
arguana,test-economy-thsptr-pro02a,Jev V2,0.0,0.0,0.0
arguana,test-economy-thsptr-pro02a,Jev V3,0.0,0.0,0.0
arguana,test-economy-thsptr-pro02a,base (MaxSim@10),0.0,,
arguana,test-economy-thsptr-pro05a,first stage,0.5,0.3333333333333333,1.0
arguana,test-economy-thsptr-pro05a,cross-encoder,1.0,1.0,1.0
arguana,test-economy-thsptr-pro05a,Jev V1,1.0,1.0,1.0
arguana,test-economy-thsptr-pro05a,Jev V2,0.31546487678572877,0.125,1.0
arguana,test-economy-thsptr-pro05a,Jev V3,1.0,1.0,1.0
arguana,test-economy-thsptr-pro05a,base (MaxSim@10),0.5,,
arguana,test-economy-thsptr-pro01a,first stage,0.0,0.0,0.0
arguana,test-economy-thsptr-pro01a,cross-encoder,1.0,1.0,1.0
arguana,test-economy-thsptr-pro01a,Jev V1,1.0,1.0,1.0
arguana,test-economy-thsptr-pro01a,Jev V2,0.3333333333333333,0.14285714285714285,1.0
arguana,test-economy-thsptr-pro01a,Jev V3,0.5,0.3333333333333333,1.0
arguana,test-economy-thsptr-pro01a,base (MaxSim@10),0.0,,
arguana,test-economy-thsptr-pro03a,first stage,0.5,0.3333333333333333,1.0
arguana,test-economy-thsptr-pro03a,cross-encoder,1.0,1.0,1.0
arguana,test-economy-thsptr-pro03a,Jev V1,1.0,1.0,1.0
arguana,test-economy-thsptr-pro03a,Jev V2,0.3010299956639812,0.1111111111111111,1.0
arguana,test-economy-thsptr-pro03a,Jev V3,0.6309297535714575,0.5,1.0
arguana,test-economy-thsptr-pro03a,base (MaxSim@10),0.3010299956639812,,
arguana,test-economy-thsptr-pro04a,first stage,0.38685280723454163,0.2,1.0
arguana,test-economy-thsptr-pro04a,cross-encoder,1.0,1.0,1.0
arguana,test-economy-thsptr-pro04a,Jev V1,0.6309297535714575,0.5,1.0
arguana,test-economy-thsptr-pro04a,Jev V2,0.5,0.3333333333333333,1.0
arguana,test-economy-thsptr-pro04a,Jev V3,1.0,1.0,1.0
arguana,test-economy-thsptr-pro04a,base (MaxSim@10),0.3333333333333333,,
arguana,test-economy-thsptr-con02a,first stage,0.38685280723454163,0.2,1.0
arguana,test-economy-thsptr-con02a,cross-encoder,1.0,1.0,1.0
arguana,test-economy-thsptr-con02a,Jev V1,0.43067655807339306,0.25,1.0
arguana,test-economy-thsptr-con02a,Jev V2,0.6309297535714575,0.5,1.0
arguana,test-economy-thsptr-con02a,Jev V3,0.3010299956639812,0.1111111111111111,1.0
arguana,test-economy-thsptr-con02a,base (MaxSim@10),0.3154648767857287,,
arguana,test-economy-thsptr-con05a,first stage,0.3562071871080222,0.16666666666666666,1.0
arguana,test-economy-thsptr-con05a,cross-encoder,1.0,1.0,1.0
arguana,test-economy-thsptr-con05a,Jev V1,0.3562071871080222,0.16666666666666666,1.0
arguana,test-economy-thsptr-con05a,Jev V2,0.3010299956639812,0.1111111111111111,1.0
arguana,test-economy-thsptr-con05a,Jev V3,0.0,0.0,0.0
arguana,test-economy-thsptr-con05a,base (MaxSim@10),0.430676558073393,,
arguana,test-economy-thsptr-con04a,first stage,0.31546487678572877,0.125,1.0
arguana,test-economy-thsptr-con04a,cross-encoder,1.0,1.0,1.0
arguana,test-economy-thsptr-con04a,Jev V1,0.6309297535714575,0.5,1.0
arguana,test-economy-thsptr-con04a,Jev V2,1.0,1.0,1.0
arguana,test-economy-thsptr-con04a,Jev V3,1.0,1.0,1.0
arguana,test-economy-thsptr-con04a,base (MaxSim@10),0.3010299956639812,,
arguana,test-economy-thsptr-con03a,first stage,0.38685280723454163,0.2,1.0
arguana,test-economy-thsptr-con03a,cross-encoder,1.0,1.0,1.0
arguana,test-economy-thsptr-con03a,Jev V1,1.0,1.0,1.0
arguana,test-economy-thsptr-con03a,Jev V2,0.31546487678572877,0.125,1.0
arguana,test-economy-thsptr-con03a,Jev V3,1.0,1.0,1.0
arguana,test-economy-thsptr-con03a,base (MaxSim@10),0.3333333333333333,,
arguana,test-economy-thsptr-con01a,first stage,0.0,0.0,0.0
arguana,test-economy-thsptr-con01a,cross-encoder,1.0,1.0,1.0
arguana,test-economy-thsptr-con01a,Jev V1,1.0,1.0,1.0
arguana,test-economy-thsptr-con01a,Jev V2,0.43067655807339306,0.25,1.0
arguana,test-economy-thsptr-con01a,Jev V3,0.5,0.3333333333333333,1.0
arguana,test-economy-thsptr-con01a,base (MaxSim@10),0.0,,
arguana,test-economy-epiasghbf-pro02a,first stage,0.3562071871080222,0.16666666666666666,1.0
arguana,test-economy-epiasghbf-pro02a,cross-encoder,0.6309297535714575,0.5,1.0
arguana,test-economy-epiasghbf-pro02a,Jev V1,0.6309297535714575,0.5,1.0
arguana,test-economy-epiasghbf-pro02a,Jev V2,0.5,0.3333333333333333,1.0
arguana,test-economy-epiasghbf-pro02a,Jev V3,0.43067655807339306,0.25,1.0
arguana,test-economy-epiasghbf-pro02a,base (MaxSim@10),0.3562071871080222,,
arguana,test-economy-epiasghbf-pro01a,first stage,0.6309297535714575,0.5,1.0
arguana,test-economy-epiasghbf-pro01a,cross-encoder,0.6309297535714575,0.5,1.0
arguana,test-economy-epiasghbf-pro01a,Jev V1,0.6309297535714575,0.5,1.0
arguana,test-economy-epiasghbf-pro01a,Jev V2,0.5,0.3333333333333333,1.0
arguana,test-economy-epiasghbf-pro01a,Jev V3,0.5,0.3333333333333333,1.0
arguana,test-economy-epiasghbf-pro01a,base (MaxSim@10),0.6309297535714575,,
arguana,test-economy-epiasghbf-pro03a,first stage,0.0,0.0,0.0
arguana,test-economy-epiasghbf-pro03a,cross-encoder,0.3562071871080222,0.16666666666666666,1.0
arguana,test-economy-epiasghbf-pro03a,Jev V1,0.43067655807339306,0.25,1.0
arguana,test-economy-epiasghbf-pro03a,Jev V2,0.2890648263178879,0.1,1.0
arguana,test-economy-epiasghbf-pro03a,Jev V3,0.0,0.0,0.0
arguana,test-economy-epiasghbf-pro03a,base (MaxSim@10),0.0,,
arguana,test-economy-epiasghbf-con02a,first stage,0.43067655807339306,0.25,1.0
arguana,test-economy-epiasghbf-con02a,cross-encoder,0.6309297535714575,0.5,1.0
arguana,test-economy-epiasghbf-con02a,Jev V1,0.6309297535714575,0.5,1.0
arguana,test-economy-epiasghbf-con02a,Jev V2,0.6309297535714575,0.5,1.0
arguana,test-economy-epiasghbf-con02a,Jev V3,0.5,0.3333333333333333,1.0
arguana,test-economy-epiasghbf-con02a,base (MaxSim@10),0.5,,
arguana,test-economy-epiasghbf-con04a,first stage,0.0,0.0,0.0
arguana,test-economy-epiasghbf-con04a,cross-encoder,0.0,0.0,0.0
arguana,test-economy-epiasghbf-con04a,Jev V1,0.0,0.0,0.0
arguana,test-economy-epiasghbf-con04a,Jev V2,0.0,0.0,0.0
arguana,test-economy-epiasghbf-con04a,Jev V3,0.0,0.0,0.0
arguana,test-economy-epiasghbf-con04a,base (MaxSim@10),0.0,,
arguana,test-economy-epiasghbf-con03a,first stage,0.6309297535714575,0.5,1.0
arguana,test-economy-epiasghbf-con03a,cross-encoder,0.6309297535714575,0.5,1.0
arguana,test-economy-epiasghbf-con03a,Jev V1,0.6309297535714575,0.5,1.0
arguana,test-economy-epiasghbf-con03a,Jev V2,0.6309297535714575,0.5,1.0
arguana,test-economy-epiasghbf-con03a,Jev V3,0.6309297535714575,0.5,1.0
arguana,test-economy-epiasghbf-con03a,base (MaxSim@10),0.6309297535714575,,
arguana,test-economy-epiasghbf-con01a,first stage,0.5,0.3333333333333333,1.0
arguana,test-economy-epiasghbf-con01a,cross-encoder,0.43067655807339306,0.25,1.0
arguana,test-economy-epiasghbf-con01a,Jev V1,0.3562071871080222,0.16666666666666666,1.0
arguana,test-economy-epiasghbf-con01a,Jev V2,0.6309297535714575,0.5,1.0
arguana,test-economy-epiasghbf-con01a,Jev V3,0.5,0.3333333333333333,1.0
arguana,test-economy-epiasghbf-con01a,base (MaxSim@10),0.6309297535714575,,
arguana,test-economy-epegiahsc-pro02a,first stage,0.31546487678572877,0.125,1.0
arguana,test-economy-epegiahsc-pro02a,cross-encoder,1.0,1.0,1.0
arguana,test-economy-epegiahsc-pro02a,Jev V1,1.0,1.0,1.0
arguana,test-economy-epegiahsc-pro02a,Jev V2,1.0,1.0,1.0
arguana,test-economy-epegiahsc-pro02a,Jev V3,1.0,1.0,1.0
arguana,test-economy-epegiahsc-pro02a,base (MaxSim@10),0.3010299956639812,,
arguana,test-economy-epegiahsc-pro01a,first stage,0.0,0.0,0.0
arguana,test-economy-epegiahsc-pro01a,cross-encoder,0.43067655807339306,0.25,1.0
arguana,test-economy-epegiahsc-pro01a,Jev V1,0.3333333333333333,0.14285714285714285,1.0
arguana,test-economy-epegiahsc-pro01a,Jev V2,0.6309297535714575,0.5,1.0
arguana,test-economy-epegiahsc-pro01a,Jev V3,0.3333333333333333,0.14285714285714285,1.0
arguana,test-economy-epegiahsc-pro01a,base (MaxSim@10),0.0,,
arguana,test-economy-epegiahsc-pro03a,first stage,0.6309297535714575,0.5,1.0
arguana,test-economy-epegiahsc-pro03a,cross-encoder,0.43067655807339306,0.25,1.0
arguana,test-economy-epegiahsc-pro03a,Jev V1,1.0,1.0,1.0
arguana,test-economy-epegiahsc-pro03a,Jev V2,0.6309297535714575,0.5,1.0
arguana,test-economy-epegiahsc-pro03a,Jev V3,0.6309297535714575,0.5,1.0
arguana,test-economy-epegiahsc-pro03a,base (MaxSim@10),1.0,,
arguana,test-economy-epegiahsc-con02a,first stage,0.0,0.0,0.0
arguana,test-economy-epegiahsc-con02a,cross-encoder,0.0,0.0,0.0
arguana,test-economy-epegiahsc-con02a,Jev V1,0.0,0.0,0.0
arguana,test-economy-epegiahsc-con02a,Jev V2,0.0,0.0,0.0
arguana,test-economy-epegiahsc-con02a,Jev V3,0.0,0.0,0.0
arguana,test-economy-epegiahsc-con02a,base (MaxSim@10),0.0,,
arguana,test-economy-epegiahsc-con04a,first stage,0.0,0.0,0.0
arguana,test-economy-epegiahsc-con04a,cross-encoder,0.0,0.0,0.0
arguana,test-economy-epegiahsc-con04a,Jev V1,0.0,0.0,0.0
arguana,test-economy-epegiahsc-con04a,Jev V2,0.0,0.0,0.0
arguana,test-economy-epegiahsc-con04a,Jev V3,0.0,0.0,0.0
arguana,test-economy-epegiahsc-con04a,base (MaxSim@10),0.0,,
arguana,test-economy-epegiahsc-con03a,first stage,0.0,0.0,0.0
arguana,test-economy-epegiahsc-con03a,cross-encoder,1.0,1.0,1.0
arguana,test-economy-epegiahsc-con03a,Jev V1,0.6309297535714575,0.5,1.0
arguana,test-economy-epegiahsc-con03a,Jev V2,1.0,1.0,1.0
arguana,test-economy-epegiahsc-con03a,Jev V3,1.0,1.0,1.0
arguana,test-economy-epegiahsc-con03a,base (MaxSim@10),0.0,,
arguana,test-economy-epegiahsc-con01a,first stage,0.0,0.0,0.0
arguana,test-economy-epegiahsc-con01a,cross-encoder,0.0,0.0,0.0
arguana,test-economy-epegiahsc-con01a,Jev V1,0.0,0.0,0.0
arguana,test-economy-epegiahsc-con01a,Jev V2,0.0,0.0,0.0
arguana,test-economy-epegiahsc-con01a,Jev V3,0.0,0.0,0.0
arguana,test-economy-epegiahsc-con01a,base (MaxSim@10),0.0,,
arguana,test-economy-egiahbwaka-pro02a,first stage,0.6309297535714575,0.5,1.0
arguana,test-economy-egiahbwaka-pro02a,cross-encoder,1.0,1.0,1.0
arguana,test-economy-egiahbwaka-pro02a,Jev V1,1.0,1.0,1.0
arguana,test-economy-egiahbwaka-pro02a,Jev V2,1.0,1.0,1.0
arguana,test-economy-egiahbwaka-pro02a,Jev V3,1.0,1.0,1.0
arguana,test-economy-egiahbwaka-pro02a,base (MaxSim@10),1.0,,
arguana,test-economy-egiahbwaka-pro01a,first stage,1.0,1.0,1.0
arguana,test-economy-egiahbwaka-pro01a,cross-encoder,1.0,1.0,1.0
arguana,test-economy-egiahbwaka-pro01a,Jev V1,0.6309297535714575,0.5,1.0
arguana,test-economy-egiahbwaka-pro01a,Jev V2,0.5,0.3333333333333333,1.0
arguana,test-economy-egiahbwaka-pro01a,Jev V3,1.0,1.0,1.0
arguana,test-economy-egiahbwaka-pro01a,base (MaxSim@10),1.0,,
arguana,test-economy-egiahbwaka-pro03a,first stage,0.5,0.3333333333333333,1.0
arguana,test-economy-egiahbwaka-pro03a,cross-encoder,1.0,1.0,1.0
arguana,test-economy-egiahbwaka-pro03a,Jev V1,0.5,0.3333333333333333,1.0
arguana,test-economy-egiahbwaka-pro03a,Jev V2,0.6309297535714575,0.5,1.0
arguana,test-economy-egiahbwaka-pro03a,Jev V3,0.6309297535714575,0.5,1.0
arguana,test-economy-egiahbwaka-pro03a,base (MaxSim@10),0.6309297535714575,,
arguana,test-economy-egiahbwaka-con02a,first stage,0.0,0.0,0.0
arguana,test-economy-egiahbwaka-con02a,cross-encoder,1.0,1.0,1.0
arguana,test-economy-egiahbwaka-con02a,Jev V1,0.6309297535714575,0.5,1.0
arguana,test-economy-egiahbwaka-con02a,Jev V2,0.43067655807339306,0.25,1.0
arguana,test-economy-egiahbwaka-con02a,Jev V3,0.5,0.3333333333333333,1.0
arguana,test-economy-egiahbwaka-con02a,base (MaxSim@10),0.0,,
arguana,test-economy-egiahbwaka-con03a,first stage,0.6309297535714575,0.5,1.0
arguana,test-economy-egiahbwaka-con03a,cross-encoder,1.0,1.0,1.0
arguana,test-economy-egiahbwaka-con03a,Jev V1,1.0,1.0,1.0
arguana,test-economy-egiahbwaka-con03a,Jev V2,1.0,1.0,1.0
arguana,test-economy-egiahbwaka-con03a,Jev V3,1.0,1.0,1.0
arguana,test-economy-egiahbwaka-con03a,base (MaxSim@10),0.6309297535714575,,
arguana,test-economy-egiahbwaka-con01a,first stage,0.3333333333333333,0.14285714285714285,1.0
arguana,test-economy-egiahbwaka-con01a,cross-encoder,1.0,1.0,1.0
arguana,test-economy-egiahbwaka-con01a,Jev V1,0.43067655807339306,0.25,1.0
arguana,test-economy-egiahbwaka-con01a,Jev V2,1.0,1.0,1.0
arguana,test-economy-egiahbwaka-con01a,Jev V3,1.0,1.0,1.0
arguana,test-economy-egiahbwaka-con01a,base (MaxSim@10),0.2890648263178879,,
arguana,test-economy-egppphbcb-pro02a,first stage,0.6309297535714575,0.5,1.0
arguana,test-economy-egppphbcb-pro02a,cross-encoder,0.3562071871080222,0.16666666666666666,1.0
arguana,test-economy-egppphbcb-pro02a,Jev V1,1.0,1.0,1.0
arguana,test-economy-egppphbcb-pro02a,Jev V2,1.0,1.0,1.0
arguana,test-economy-egppphbcb-pro02a,Jev V3,1.0,1.0,1.0
arguana,test-economy-egppphbcb-pro02a,base (MaxSim@10),1.0,,
arguana,test-economy-egppphbcb-pro01a,first stage,1.0,1.0,1.0
arguana,test-economy-egppphbcb-pro01a,cross-encoder,0.5,0.3333333333333333,1.0
arguana,test-economy-egppphbcb-pro01a,Jev V1,1.0,1.0,1.0
arguana,test-economy-egppphbcb-pro01a,Jev V2,1.0,1.0,1.0
arguana,test-economy-egppphbcb-pro01a,Jev V3,1.0,1.0,1.0
arguana,test-economy-egppphbcb-pro01a,base (MaxSim@10),1.0,,
arguana,test-economy-egppphbcb-pro03a,first stage,1.0,1.0,1.0
arguana,test-economy-egppphbcb-pro03a,cross-encoder,0.6309297535714575,0.5,1.0
arguana,test-economy-egppphbcb-pro03a,Jev V1,1.0,1.0,1.0
arguana,test-economy-egppphbcb-pro03a,Jev V2,0.6309297535714575,0.5,1.0
arguana,test-economy-egppphbcb-pro03a,Jev V3,1.0,1.0,1.0
arguana,test-economy-egppphbcb-pro03a,base (MaxSim@10),1.0,,
arguana,test-economy-egppphbcb-pro04a,first stage,1.0,1.0,1.0
arguana,test-economy-egppphbcb-pro04a,cross-encoder,1.0,1.0,1.0
arguana,test-economy-egppphbcb-pro04a,Jev V1,0.6309297535714575,0.5,1.0
arguana,test-economy-egppphbcb-pro04a,Jev V2,1.0,1.0,1.0
arguana,test-economy-egppphbcb-pro04a,Jev V3,1.0,1.0,1.0
arguana,test-economy-egppphbcb-pro04a,base (MaxSim@10),0.5,,
arguana,test-economy-egppphbcb-con02a,first stage,0.5,0.3333333333333333,1.0
arguana,test-economy-egppphbcb-con02a,cross-encoder,0.6309297535714575,0.5,1.0
arguana,test-economy-egppphbcb-con02a,Jev V1,1.0,1.0,1.0
arguana,test-economy-egppphbcb-con02a,Jev V2,1.0,1.0,1.0
arguana,test-economy-egppphbcb-con02a,Jev V3,1.0,1.0,1.0
arguana,test-economy-egppphbcb-con02a,base (MaxSim@10),1.0,,
arguana,test-economy-egppphbcb-con03a,first stage,0.6309297535714575,0.5,1.0
arguana,test-economy-egppphbcb-con03a,cross-encoder,0.6309297535714575,0.5,1.0
arguana,test-economy-egppphbcb-con03a,Jev V1,0.38685280723454163,0.2,1.0
arguana,test-economy-egppphbcb-con03a,Jev V2,1.0,1.0,1.0
arguana,test-economy-egppphbcb-con03a,Jev V3,1.0,1.0,1.0
arguana,test-economy-egppphbcb-con03a,base (MaxSim@10),1.0,,
arguana,test-economy-egppphbcb-con01a,first stage,0.0,0.0,0.0
arguana,test-economy-egppphbcb-con01a,cross-encoder,1.0,1.0,1.0
arguana,test-economy-egppphbcb-con01a,Jev V1,0.5,0.3333333333333333,1.0
arguana,test-economy-egppphbcb-con01a,Jev V2,0.6309297535714575,0.5,1.0
arguana,test-economy-egppphbcb-con01a,Jev V3,0.38685280723454163,0.2,1.0
arguana,test-economy-egppphbcb-con01a,base (MaxSim@10),0.0,,
arguana,test-economy-bhahwbsps-pro02a,first stage,0.5,0.3333333333333333,1.0
arguana,test-economy-bhahwbsps-pro02a,cross-encoder,0.6309297535714575,0.5,1.0
arguana,test-economy-bhahwbsps-pro02a,Jev V1,1.0,1.0,1.0
arguana,test-economy-bhahwbsps-pro02a,Jev V2,1.0,1.0,1.0
arguana,test-economy-bhahwbsps-pro02a,Jev V3,1.0,1.0,1.0
arguana,test-economy-bhahwbsps-pro02a,base (MaxSim@10),0.5,,
arguana,test-economy-bhahwbsps-pro01a,first stage,0.6309297535714575,0.5,1.0
arguana,test-economy-bhahwbsps-pro01a,cross-encoder,0.5,0.3333333333333333,1.0
arguana,test-economy-bhahwbsps-pro01a,Jev V1,1.0,1.0,1.0
arguana,test-economy-bhahwbsps-pro01a,Jev V2,0.6309297535714575,0.5,1.0
arguana,test-economy-bhahwbsps-pro01a,Jev V3,1.0,1.0,1.0
arguana,test-economy-bhahwbsps-pro01a,base (MaxSim@10),0.6309297535714575,,
arguana,test-economy-bhahwbsps-pro03a,first stage,0.6309297535714575,0.5,1.0
arguana,test-economy-bhahwbsps-pro03a,cross-encoder,1.0,1.0,1.0
arguana,test-economy-bhahwbsps-pro03a,Jev V1,1.0,1.0,1.0
arguana,test-economy-bhahwbsps-pro03a,Jev V2,1.0,1.0,1.0
arguana,test-economy-bhahwbsps-pro03a,Jev V3,1.0,1.0,1.0
arguana,test-economy-bhahwbsps-pro03a,base (MaxSim@10),0.6309297535714575,,
arguana,test-economy-bhahwbsps-pro04a,first stage,1.0,1.0,1.0
arguana,test-economy-bhahwbsps-pro04a,cross-encoder,0.6309297535714575,0.5,1.0
arguana,test-economy-bhahwbsps-pro04a,Jev V1,1.0,1.0,1.0
arguana,test-economy-bhahwbsps-pro04a,Jev V2,1.0,1.0,1.0
arguana,test-economy-bhahwbsps-pro04a,Jev V3,1.0,1.0,1.0
arguana,test-economy-bhahwbsps-pro04a,base (MaxSim@10),1.0,,
arguana,test-economy-bhahwbsps-con02a,first stage,0.6309297535714575,0.5,1.0
arguana,test-economy-bhahwbsps-con02a,cross-encoder,1.0,1.0,1.0
arguana,test-economy-bhahwbsps-con02a,Jev V1,1.0,1.0,1.0
arguana,test-economy-bhahwbsps-con02a,Jev V2,0.6309297535714575,0.5,1.0
arguana,test-economy-bhahwbsps-con02a,Jev V3,0.6309297535714575,0.5,1.0
arguana,test-economy-bhahwbsps-con02a,base (MaxSim@10),0.430676558073393,,
arguana,test-economy-bhahwbsps-con03a,first stage,1.0,1.0,1.0
arguana,test-economy-bhahwbsps-con03a,cross-encoder,1.0,1.0,1.0
arguana,test-economy-bhahwbsps-con03a,Jev V1,1.0,1.0,1.0
arguana,test-economy-bhahwbsps-con03a,Jev V2,1.0,1.0,1.0
arguana,test-economy-bhahwbsps-con03a,Jev V3,1.0,1.0,1.0
arguana,test-economy-bhahwbsps-con03a,base (MaxSim@10),1.0,,
arguana,test-economy-bhahwbsps-con01a,first stage,0.6309297535714575,0.5,1.0
arguana,test-economy-bhahwbsps-con01a,cross-encoder,1.0,1.0,1.0
arguana,test-economy-bhahwbsps-con01a,Jev V1,1.0,1.0,1.0
arguana,test-economy-bhahwbsps-con01a,Jev V2,1.0,1.0,1.0
arguana,test-economy-bhahwbsps-con01a,Jev V3,1.0,1.0,1.0
arguana,test-economy-bhahwbsps-con01a,base (MaxSim@10),0.6309297535714575,,
arguana,test-economy-bepiehbesa-pro02a,first stage,1.0,1.0,1.0
arguana,test-economy-bepiehbesa-pro02a,cross-encoder,1.0,1.0,1.0
arguana,test-economy-bepiehbesa-pro02a,Jev V1,1.0,1.0,1.0
arguana,test-economy-bepiehbesa-pro02a,Jev V2,1.0,1.0,1.0
arguana,test-economy-bepiehbesa-pro02a,Jev V3,1.0,1.0,1.0
arguana,test-economy-bepiehbesa-pro02a,base (MaxSim@10),1.0,,
arguana,test-economy-bepiehbesa-pro01a,first stage,1.0,1.0,1.0
arguana,test-economy-bepiehbesa-pro01a,cross-encoder,1.0,1.0,1.0
arguana,test-economy-bepiehbesa-pro01a,Jev V1,1.0,1.0,1.0
arguana,test-economy-bepiehbesa-pro01a,Jev V2,1.0,1.0,1.0
arguana,test-economy-bepiehbesa-pro01a,Jev V3,1.0,1.0,1.0
arguana,test-economy-bepiehbesa-pro01a,base (MaxSim@10),1.0,,
arguana,test-economy-bepiehbesa-pro03a,first stage,0.38685280723454163,0.2,1.0
arguana,test-economy-bepiehbesa-pro03a,cross-encoder,0.6309297535714575,0.5,1.0
arguana,test-economy-bepiehbesa-pro03a,Jev V1,1.0,1.0,1.0
arguana,test-economy-bepiehbesa-pro03a,Jev V2,1.0,1.0,1.0
arguana,test-economy-bepiehbesa-pro03a,Jev V3,1.0,1.0,1.0
arguana,test-economy-bepiehbesa-pro03a,base (MaxSim@10),0.3868528072345416,,
arguana,test-economy-bepiehbesa-pro04a,first stage,0.0,0.0,0.0
arguana,test-economy-bepiehbesa-pro04a,cross-encoder,1.0,1.0,1.0
arguana,test-economy-bepiehbesa-pro04a,Jev V1,1.0,1.0,1.0
arguana,test-economy-bepiehbesa-pro04a,Jev V2,1.0,1.0,1.0
arguana,test-economy-bepiehbesa-pro04a,Jev V3,1.0,1.0,1.0
arguana,test-economy-bepiehbesa-pro04a,base (MaxSim@10),0.0,,
arguana,test-economy-bepiehbesa-con02a,first stage,0.3562071871080222,0.16666666666666666,1.0
arguana,test-economy-bepiehbesa-con02a,cross-encoder,1.0,1.0,1.0
arguana,test-economy-bepiehbesa-con02a,Jev V1,1.0,1.0,1.0
arguana,test-economy-bepiehbesa-con02a,Jev V2,0.3562071871080222,0.16666666666666666,1.0
arguana,test-economy-bepiehbesa-con02a,Jev V3,1.0,1.0,1.0
arguana,test-economy-bepiehbesa-con02a,base (MaxSim@10),1.0,,
arguana,test-economy-bepiehbesa-con03a,first stage,0.43067655807339306,0.25,1.0
arguana,test-economy-bepiehbesa-con03a,cross-encoder,1.0,1.0,1.0
arguana,test-economy-bepiehbesa-con03a,Jev V1,1.0,1.0,1.0
arguana,test-economy-bepiehbesa-con03a,Jev V2,1.0,1.0,1.0
arguana,test-economy-bepiehbesa-con03a,Jev V3,1.0,1.0,1.0
arguana,test-economy-bepiehbesa-con03a,base (MaxSim@10),0.430676558073393,,
arguana,test-economy-bepiehbesa-con01a,first stage,0.6309297535714575,0.5,1.0
arguana,test-economy-bepiehbesa-con01a,cross-encoder,1.0,1.0,1.0
arguana,test-economy-bepiehbesa-con01a,Jev V1,1.0,1.0,1.0
arguana,test-economy-bepiehbesa-con01a,Jev V2,1.0,1.0,1.0
arguana,test-economy-bepiehbesa-con01a,Jev V3,1.0,1.0,1.0
arguana,test-economy-bepiehbesa-con01a,base (MaxSim@10),0.5,,
arguana,test-economy-thhghwhwift-pro02a,first stage,0.31546487678572877,0.125,1.0
arguana,test-economy-thhghwhwift-pro02a,cross-encoder,1.0,1.0,1.0
arguana,test-economy-thhghwhwift-pro02a,Jev V1,0.43067655807339306,0.25,1.0
arguana,test-economy-thhghwhwift-pro02a,Jev V2,0.5,0.3333333333333333,1.0
arguana,test-economy-thhghwhwift-pro02a,Jev V3,0.6309297535714575,0.5,1.0
arguana,test-economy-thhghwhwift-pro02a,base (MaxSim@10),0.3868528072345416,,
arguana,test-economy-thhghwhwift-pro01a,first stage,0.43067655807339306,0.25,1.0
arguana,test-economy-thhghwhwift-pro01a,cross-encoder,0.6309297535714575,0.5,1.0
arguana,test-economy-thhghwhwift-pro01a,Jev V1,0.0,0.0,0.0
arguana,test-economy-thhghwhwift-pro01a,Jev V2,1.0,1.0,1.0
arguana,test-economy-thhghwhwift-pro01a,Jev V3,0.6309297535714575,0.5,1.0
arguana,test-economy-thhghwhwift-pro01a,base (MaxSim@10),0.6309297535714575,,
arguana,test-economy-thhghwhwift-pro03a,first stage,0.5,0.3333333333333333,1.0
arguana,test-economy-thhghwhwift-pro03a,cross-encoder,1.0,1.0,1.0
arguana,test-economy-thhghwhwift-pro03a,Jev V1,0.6309297535714575,0.5,1.0
arguana,test-economy-thhghwhwift-pro03a,Jev V2,0.43067655807339306,0.25,1.0
arguana,test-economy-thhghwhwift-pro03a,Jev V3,0.6309297535714575,0.5,1.0
arguana,test-economy-thhghwhwift-pro03a,base (MaxSim@10),0.5,,
arguana,test-economy-thhghwhwift-con02a,first stage,0.3333333333333333,0.14285714285714285,1.0
arguana,test-economy-thhghwhwift-con02a,cross-encoder,0.38685280723454163,0.2,1.0
arguana,test-economy-thhghwhwift-con02a,Jev V1,0.0,0.0,0.0
arguana,test-economy-thhghwhwift-con02a,Jev V2,0.3333333333333333,0.14285714285714285,1.0
arguana,test-economy-thhghwhwift-con02a,Jev V3,0.31546487678572877,0.125,1.0
arguana,test-economy-thhghwhwift-con02a,base (MaxSim@10),0.3154648767857287,,
arguana,test-economy-thhghwhwift-con03a,first stage,0.0,0.0,0.0
arguana,test-economy-thhghwhwift-con03a,cross-encoder,0.3010299956639812,0.1111111111111111,1.0
arguana,test-economy-thhghwhwift-con03a,Jev V1,0.3562071871080222,0.16666666666666666,1.0
arguana,test-economy-thhghwhwift-con03a,Jev V2,0.6309297535714575,0.5,1.0
arguana,test-economy-thhghwhwift-con03a,Jev V3,0.3562071871080222,0.16666666666666666,1.0
arguana,test-economy-thhghwhwift-con03a,base (MaxSim@10),0.0,,
arguana,test-economy-thhghwhwift-con01a,first stage,0.6309297535714575,0.5,1.0
arguana,test-economy-thhghwhwift-con01a,cross-encoder,1.0,1.0,1.0
arguana,test-economy-thhghwhwift-con01a,Jev V1,0.6309297535714575,0.5,1.0
arguana,test-economy-thhghwhwift-con01a,Jev V2,0.6309297535714575,0.5,1.0
arguana,test-economy-thhghwhwift-con01a,Jev V3,1.0,1.0,1.0
arguana,test-economy-thhghwhwift-con01a,base (MaxSim@10),0.6309297535714575,,
arguana,test-economy-fiahwpamu-pro02a,first stage,1.0,1.0,1.0
arguana,test-economy-fiahwpamu-pro02a,cross-encoder,0.6309297535714575,0.5,1.0
arguana,test-economy-fiahwpamu-pro02a,Jev V1,0.43067655807339306,0.25,1.0
arguana,test-economy-fiahwpamu-pro02a,Jev V2,1.0,1.0,1.0
arguana,test-economy-fiahwpamu-pro02a,Jev V3,1.0,1.0,1.0
arguana,test-economy-fiahwpamu-pro02a,base (MaxSim@10),1.0,,
arguana,test-economy-fiahwpamu-pro05a,first stage,1.0,1.0,1.0
arguana,test-economy-fiahwpamu-pro05a,cross-encoder,0.3562071871080222,0.16666666666666666,1.0
arguana,test-economy-fiahwpamu-pro05a,Jev V1,0.6309297535714575,0.5,1.0
arguana,test-economy-fiahwpamu-pro05a,Jev V2,1.0,1.0,1.0
arguana,test-economy-fiahwpamu-pro05a,Jev V3,1.0,1.0,1.0
arguana,test-economy-fiahwpamu-pro05a,base (MaxSim@10),1.0,,
arguana,test-economy-fiahwpamu-pro01a,first stage,0.5,0.3333333333333333,1.0
arguana,test-economy-fiahwpamu-pro01a,cross-encoder,0.6309297535714575,0.5,1.0
arguana,test-economy-fiahwpamu-pro01a,Jev V1,0.6309297535714575,0.5,1.0
arguana,test-economy-fiahwpamu-pro01a,Jev V2,0.31546487678572877,0.125,1.0
arguana,test-economy-fiahwpamu-pro01a,Jev V3,0.5,0.3333333333333333,1.0
arguana,test-economy-fiahwpamu-pro01a,base (MaxSim@10),0.430676558073393,,
arguana,test-economy-fiahwpamu-pro03a,first stage,0.0,0.0,0.0
arguana,test-economy-fiahwpamu-pro03a,cross-encoder,0.6309297535714575,0.5,1.0
arguana,test-economy-fiahwpamu-pro03a,Jev V1,0.5,0.3333333333333333,1.0
arguana,test-economy-fiahwpamu-pro03a,Jev V2,0.6309297535714575,0.5,1.0
arguana,test-economy-fiahwpamu-pro03a,Jev V3,0.6309297535714575,0.5,1.0
arguana,test-economy-fiahwpamu-pro03a,base (MaxSim@10),0.0,,
arguana,test-economy-fiahwpamu-pro04a,first stage,1.0,1.0,1.0
arguana,test-economy-fiahwpamu-pro04a,cross-encoder,0.6309297535714575,0.5,1.0
arguana,test-economy-fiahwpamu-pro04a,Jev V1,0.6309297535714575,0.5,1.0
arguana,test-economy-fiahwpamu-pro04a,Jev V2,1.0,1.0,1.0
arguana,test-economy-fiahwpamu-pro04a,Jev V3,1.0,1.0,1.0
arguana,test-economy-fiahwpamu-pro04a,base (MaxSim@10),1.0,,
arguana,test-economy-fiahwpamu-con02a,first stage,1.0,1.0,1.0
arguana,test-economy-fiahwpamu-con02a,cross-encoder,0.6309297535714575,0.5,1.0
arguana,test-economy-fiahwpamu-con02a,Jev V1,0.6309297535714575,0.5,1.0
arguana,test-economy-fiahwpamu-con02a,Jev V2,1.0,1.0,1.0
arguana,test-economy-fiahwpamu-con02a,Jev V3,1.0,1.0,1.0
arguana,test-economy-fiahwpamu-con02a,base (MaxSim@10),1.0,,
arguana,test-economy-fiahwpamu-con03a,first stage,0.43067655807339306,0.25,1.0
arguana,test-economy-fiahwpamu-con03a,cross-encoder,0.6309297535714575,0.5,1.0
arguana,test-economy-fiahwpamu-con03a,Jev V1,0.38685280723454163,0.2,1.0
arguana,test-economy-fiahwpamu-con03a,Jev V2,0.6309297535714575,0.5,1.0
arguana,test-economy-fiahwpamu-con03a,Jev V3,1.0,1.0,1.0
arguana,test-economy-fiahwpamu-con03a,base (MaxSim@10),0.3154648767857287,,
arguana,test-economy-fiahwpamu-con01a,first stage,1.0,1.0,1.0
arguana,test-economy-fiahwpamu-con01a,cross-encoder,0.6309297535714575,0.5,1.0
arguana,test-economy-fiahwpamu-con01a,Jev V1,0.43067655807339306,0.25,1.0
arguana,test-economy-fiahwpamu-con01a,Jev V2,1.0,1.0,1.0
arguana,test-economy-fiahwpamu-con01a,Jev V3,1.0,1.0,1.0
arguana,test-economy-fiahwpamu-con01a,base (MaxSim@10),0.6309297535714575,,
arguana,test-economy-eptpghdtre-pro02a,first stage,0.6309297535714575,0.5,1.0
arguana,test-economy-eptpghdtre-pro02a,cross-encoder,0.3562071871080222,0.16666666666666666,1.0
arguana,test-economy-eptpghdtre-pro02a,Jev V1,1.0,1.0,1.0
arguana,test-economy-eptpghdtre-pro02a,Jev V2,1.0,1.0,1.0
arguana,test-economy-eptpghdtre-pro02a,Jev V3,0.5,0.3333333333333333,1.0
arguana,test-economy-eptpghdtre-pro02a,base (MaxSim@10),0.6309297535714575,,
arguana,test-economy-eptpghdtre-pro01a,first stage,0.5,0.3333333333333333,1.0
arguana,test-economy-eptpghdtre-pro01a,cross-encoder,0.43067655807339306,0.25,1.0
arguana,test-economy-eptpghdtre-pro01a,Jev V1,0.3562071871080222,0.16666666666666666,1.0
arguana,test-economy-eptpghdtre-pro01a,Jev V2,0.5,0.3333333333333333,1.0
arguana,test-economy-eptpghdtre-pro01a,Jev V3,0.43067655807339306,0.25,1.0
arguana,test-economy-eptpghdtre-pro01a,base (MaxSim@10),0.430676558073393,,
arguana,test-economy-eptpghdtre-pro03a,first stage,0.43067655807339306,0.25,1.0
arguana,test-economy-eptpghdtre-pro03a,cross-encoder,0.6309297535714575,0.5,1.0
arguana,test-economy-eptpghdtre-pro03a,Jev V1,0.6309297535714575,0.5,1.0
arguana,test-economy-eptpghdtre-pro03a,Jev V2,1.0,1.0,1.0
arguana,test-economy-eptpghdtre-pro03a,Jev V3,0.3562071871080222,0.16666666666666666,1.0
arguana,test-economy-eptpghdtre-pro03a,base (MaxSim@10),0.6309297535714575,,
arguana,test-economy-eptpghdtre-pro04a,first stage,1.0,1.0,1.0
arguana,test-economy-eptpghdtre-pro04a,cross-encoder,1.0,1.0,1.0
arguana,test-economy-eptpghdtre-pro04a,Jev V1,0.6309297535714575,0.5,1.0
arguana,test-economy-eptpghdtre-pro04a,Jev V2,1.0,1.0,1.0
arguana,test-economy-eptpghdtre-pro04a,Jev V3,1.0,1.0,1.0
arguana,test-economy-eptpghdtre-pro04a,base (MaxSim@10),1.0,,
arguana,test-economy-eptpghdtre-con02a,first stage,1.0,1.0,1.0
arguana,test-economy-eptpghdtre-con02a,cross-encoder,0.6309297535714575,0.5,1.0
arguana,test-economy-eptpghdtre-con02a,Jev V1,0.43067655807339306,0.25,1.0
arguana,test-economy-eptpghdtre-con02a,Jev V2,0.5,0.3333333333333333,1.0
arguana,test-economy-eptpghdtre-con02a,Jev V3,1.0,1.0,1.0
arguana,test-economy-eptpghdtre-con02a,base (MaxSim@10),1.0,,
arguana,test-economy-eptpghdtre-con03a,first stage,0.5,0.3333333333333333,1.0
arguana,test-economy-eptpghdtre-con03a,cross-encoder,0.3333333333333333,0.14285714285714285,1.0
arguana,test-economy-eptpghdtre-con03a,Jev V1,0.38685280723454163,0.2,1.0
arguana,test-economy-eptpghdtre-con03a,Jev V2,0.6309297535714575,0.5,1.0
arguana,test-economy-eptpghdtre-con03a,Jev V3,1.0,1.0,1.0
arguana,test-economy-eptpghdtre-con03a,base (MaxSim@10),0.430676558073393,,
arguana,test-economy-eptpghdtre-con01a,first stage,0.2890648263178879,0.1,1.0
arguana,test-economy-eptpghdtre-con01a,cross-encoder,0.31546487678572877,0.125,1.0
arguana,test-economy-eptpghdtre-con01a,Jev V1,0.0,0.0,0.0
arguana,test-economy-eptpghdtre-con01a,Jev V2,0.31546487678572877,0.125,1.0
arguana,test-economy-eptpghdtre-con01a,Jev V3,0.0,0.0,0.0
arguana,test-economy-eptpghdtre-con01a,base (MaxSim@10),0.3868528072345416,,
arguana,test-economy-epehwmrbals-pro02a,first stage,0.43067655807339306,0.25,1.0
arguana,test-economy-epehwmrbals-pro02a,cross-encoder,0.38685280723454163,0.2,1.0
arguana,test-economy-epehwmrbals-pro02a,Jev V1,0.0,0.0,0.0
arguana,test-economy-epehwmrbals-pro02a,Jev V2,0.6309297535714575,0.5,1.0
arguana,test-economy-epehwmrbals-pro02a,Jev V3,0.5,0.3333333333333333,1.0
arguana,test-economy-epehwmrbals-pro02a,base (MaxSim@10),0.3868528072345416,,
arguana,test-economy-epehwmrbals-pro05a,first stage,0.3562071871080222,0.16666666666666666,1.0
arguana,test-economy-epehwmrbals-pro05a,cross-encoder,0.43067655807339306,0.25,1.0
arguana,test-economy-epehwmrbals-pro05a,Jev V1,0.31546487678572877,0.125,1.0
arguana,test-economy-epehwmrbals-pro05a,Jev V2,0.3333333333333333,0.14285714285714285,1.0
arguana,test-economy-epehwmrbals-pro05a,Jev V3,0.3562071871080222,0.16666666666666666,1.0
arguana,test-economy-epehwmrbals-pro05a,base (MaxSim@10),0.5,,
arguana,test-economy-epehwmrbals-pro01a,first stage,0.6309297535714575,0.5,1.0
arguana,test-economy-epehwmrbals-pro01a,cross-encoder,0.5,0.3333333333333333,1.0
arguana,test-economy-epehwmrbals-pro01a,Jev V1,0.3562071871080222,0.16666666666666666,1.0
arguana,test-economy-epehwmrbals-pro01a,Jev V2,1.0,1.0,1.0
arguana,test-economy-epehwmrbals-pro01a,Jev V3,1.0,1.0,1.0
arguana,test-economy-epehwmrbals-pro01a,base (MaxSim@10),0.3868528072345416,,
arguana,test-economy-epehwmrbals-pro03a,first stage,0.3333333333333333,0.14285714285714285,1.0
arguana,test-economy-epehwmrbals-pro03a,cross-encoder,0.6309297535714575,0.5,1.0
arguana,test-economy-epehwmrbals-pro03a,Jev V1,1.0,1.0,1.0
arguana,test-economy-epehwmrbals-pro03a,Jev V2,0.6309297535714575,0.5,1.0
arguana,test-economy-epehwmrbals-pro03a,Jev V3,1.0,1.0,1.0
arguana,test-economy-epehwmrbals-pro03a,base (MaxSim@10),0.3868528072345416,,
arguana,test-economy-epehwmrbals-pro04a,first stage,0.43067655807339306,0.25,1.0
arguana,test-economy-epehwmrbals-pro04a,cross-encoder,1.0,1.0,1.0
arguana,test-economy-epehwmrbals-pro04a,Jev V1,0.5,0.3333333333333333,1.0
arguana,test-economy-epehwmrbals-pro04a,Jev V2,0.6309297535714575,0.5,1.0
arguana,test-economy-epehwmrbals-pro04a,Jev V3,0.5,0.3333333333333333,1.0
arguana,test-economy-epehwmrbals-pro04a,base (MaxSim@10),0.6309297535714575,,
arguana,test-economy-epehwmrbals-con02a,first stage,0.0,0.0,0.0
arguana,test-economy-epehwmrbals-con02a,cross-encoder,0.38685280723454163,0.2,1.0
arguana,test-economy-epehwmrbals-con02a,Jev V1,0.3333333333333333,0.14285714285714285,1.0
arguana,test-economy-epehwmrbals-con02a,Jev V2,0.38685280723454163,0.2,1.0
arguana,test-economy-epehwmrbals-con02a,Jev V3,0.3562071871080222,0.16666666666666666,1.0
arguana,test-economy-epehwmrbals-con02a,base (MaxSim@10),0.0,,
arguana,test-economy-epehwmrbals-con04a,first stage,1.0,1.0,1.0
arguana,test-economy-epehwmrbals-con04a,cross-encoder,1.0,1.0,1.0
arguana,test-economy-epehwmrbals-con04a,Jev V1,1.0,1.0,1.0
arguana,test-economy-epehwmrbals-con04a,Jev V2,1.0,1.0,1.0
arguana,test-economy-epehwmrbals-con04a,Jev V3,1.0,1.0,1.0
arguana,test-economy-epehwmrbals-con04a,base (MaxSim@10),1.0,,
arguana,test-economy-epehwmrbals-con03a,first stage,0.0,0.0,0.0
arguana,test-economy-epehwmrbals-con03a,cross-encoder,0.0,0.0,0.0
arguana,test-economy-epehwmrbals-con03a,Jev V1,0.0,0.0,0.0
arguana,test-economy-epehwmrbals-con03a,Jev V2,0.0,0.0,0.0
arguana,test-economy-epehwmrbals-con03a,Jev V3,0.0,0.0,0.0
arguana,test-economy-epehwmrbals-con03a,base (MaxSim@10),0.0,,
arguana,test-economy-epehwmrbals-con01a,first stage,0.0,0.0,0.0
arguana,test-economy-epehwmrbals-con01a,cross-encoder,1.0,1.0,1.0
arguana,test-economy-epehwmrbals-con01a,Jev V1,0.3562071871080222,0.16666666666666666,1.0
arguana,test-economy-epehwmrbals-con01a,Jev V2,0.6309297535714575,0.5,1.0
arguana,test-economy-epehwmrbals-con01a,Jev V3,0.5,0.3333333333333333,1.0
arguana,test-economy-epehwmrbals-con01a,base (MaxSim@10),0.0,,
arguana,test-economy-beghwbh-pro02a,first stage,0.43067655807339306,0.25,1.0
arguana,test-economy-beghwbh-pro02a,cross-encoder,0.6309297535714575,0.5,1.0
arguana,test-economy-beghwbh-pro02a,Jev V1,1.0,1.0,1.0
arguana,test-economy-beghwbh-pro02a,Jev V2,1.0,1.0,1.0
arguana,test-economy-beghwbh-pro02a,Jev V3,1.0,1.0,1.0
arguana,test-economy-beghwbh-pro02a,base (MaxSim@10),0.5,,
arguana,test-economy-beghwbh-pro01a,first stage,0.0,0.0,0.0
arguana,test-economy-beghwbh-pro01a,cross-encoder,1.0,1.0,1.0
arguana,test-economy-beghwbh-pro01a,Jev V1,0.3333333333333333,0.14285714285714285,1.0
arguana,test-economy-beghwbh-pro01a,Jev V2,0.38685280723454163,0.2,1.0
arguana,test-economy-beghwbh-pro01a,Jev V3,0.43067655807339306,0.25,1.0
arguana,test-economy-beghwbh-pro01a,base (MaxSim@10),0.0,,
arguana,test-economy-beghwbh-pro03a,first stage,0.38685280723454163,0.2,1.0
arguana,test-economy-beghwbh-pro03a,cross-encoder,1.0,1.0,1.0
arguana,test-economy-beghwbh-pro03a,Jev V1,1.0,1.0,1.0
arguana,test-economy-beghwbh-pro03a,Jev V2,0.6309297535714575,0.5,1.0
arguana,test-economy-beghwbh-pro03a,Jev V3,1.0,1.0,1.0
arguana,test-economy-beghwbh-pro03a,base (MaxSim@10),0.430676558073393,,
arguana,test-economy-beghwbh-con02a,first stage,1.0,1.0,1.0
arguana,test-economy-beghwbh-con02a,cross-encoder,1.0,1.0,1.0
arguana,test-economy-beghwbh-con02a,Jev V1,1.0,1.0,1.0
arguana,test-economy-beghwbh-con02a,Jev V2,1.0,1.0,1.0
arguana,test-economy-beghwbh-con02a,Jev V3,1.0,1.0,1.0
arguana,test-economy-beghwbh-con02a,base (MaxSim@10),0.6309297535714575,,
arguana,test-economy-beghwbh-con04a,first stage,1.0,1.0,1.0
arguana,test-economy-beghwbh-con04a,cross-encoder,1.0,1.0,1.0
arguana,test-economy-beghwbh-con04a,Jev V1,1.0,1.0,1.0
arguana,test-economy-beghwbh-con04a,Jev V2,1.0,1.0,1.0
arguana,test-economy-beghwbh-con04a,Jev V3,1.0,1.0,1.0
arguana,test-economy-beghwbh-con04a,base (MaxSim@10),1.0,,
arguana,test-economy-beghwbh-con03a,first stage,0.6309297535714575,0.5,1.0
arguana,test-economy-beghwbh-con03a,cross-encoder,1.0,1.0,1.0
arguana,test-economy-beghwbh-con03a,Jev V1,1.0,1.0,1.0
arguana,test-economy-beghwbh-con03a,Jev V2,1.0,1.0,1.0
arguana,test-economy-beghwbh-con03a,Jev V3,1.0,1.0,1.0
arguana,test-economy-beghwbh-con03a,base (MaxSim@10),0.5,,
arguana,test-economy-beghwbh-con01a,first stage,1.0,1.0,1.0
arguana,test-economy-beghwbh-con01a,cross-encoder,1.0,1.0,1.0
arguana,test-economy-beghwbh-con01a,Jev V1,1.0,1.0,1.0
arguana,test-economy-beghwbh-con01a,Jev V2,1.0,1.0,1.0
arguana,test-economy-beghwbh-con01a,Jev V3,1.0,1.0,1.0
arguana,test-economy-beghwbh-con01a,base (MaxSim@10),0.5,,
arguana,test-economy-bepahbtsnrt-pro02a,first stage,0.0,0.0,0.0
arguana,test-economy-bepahbtsnrt-pro02a,cross-encoder,0.5,0.3333333333333333,1.0
arguana,test-economy-bepahbtsnrt-pro02a,Jev V1,1.0,1.0,1.0
arguana,test-economy-bepahbtsnrt-pro02a,Jev V2,1.0,1.0,1.0
arguana,test-economy-bepahbtsnrt-pro02a,Jev V3,1.0,1.0,1.0
arguana,test-economy-bepahbtsnrt-pro02a,base (MaxSim@10),0.0,,
arguana,test-economy-bepahbtsnrt-pro01a,first stage,1.0,1.0,1.0
arguana,test-economy-bepahbtsnrt-pro01a,cross-encoder,1.0,1.0,1.0
arguana,test-economy-bepahbtsnrt-pro01a,Jev V1,1.0,1.0,1.0
arguana,test-economy-bepahbtsnrt-pro01a,Jev V2,1.0,1.0,1.0
arguana,test-economy-bepahbtsnrt-pro01a,Jev V3,1.0,1.0,1.0
arguana,test-economy-bepahbtsnrt-pro01a,base (MaxSim@10),1.0,,
arguana,test-economy-bepahbtsnrt-pro03a,first stage,0.6309297535714575,0.5,1.0
arguana,test-economy-bepahbtsnrt-pro03a,cross-encoder,1.0,1.0,1.0
arguana,test-economy-bepahbtsnrt-pro03a,Jev V1,0.31546487678572877,0.125,1.0
arguana,test-economy-bepahbtsnrt-pro03a,Jev V2,0.0,0.0,0.0
arguana,test-economy-bepahbtsnrt-pro03a,Jev V3,0.0,0.0,0.0
arguana,test-economy-bepahbtsnrt-pro03a,base (MaxSim@10),0.430676558073393,,
arguana,test-economy-bepahbtsnrt-pro04a,first stage,1.0,1.0,1.0
arguana,test-economy-bepahbtsnrt-pro04a,cross-encoder,1.0,1.0,1.0
arguana,test-economy-bepahbtsnrt-pro04a,Jev V1,1.0,1.0,1.0
arguana,test-economy-bepahbtsnrt-pro04a,Jev V2,1.0,1.0,1.0
arguana,test-economy-bepahbtsnrt-pro04a,Jev V3,1.0,1.0,1.0
arguana,test-economy-bepahbtsnrt-pro04a,base (MaxSim@10),1.0,,
arguana,test-economy-bepahbtsnrt-con02a,first stage,0.43067655807339306,0.25,1.0
arguana,test-economy-bepahbtsnrt-con02a,cross-encoder,1.0,1.0,1.0
arguana,test-economy-bepahbtsnrt-con02a,Jev V1,1.0,1.0,1.0
arguana,test-economy-bepahbtsnrt-con02a,Jev V2,1.0,1.0,1.0
arguana,test-economy-bepahbtsnrt-con02a,Jev V3,1.0,1.0,1.0
arguana,test-economy-bepahbtsnrt-con02a,base (MaxSim@10),0.5,,
arguana,test-economy-bepahbtsnrt-con03a,first stage,1.0,1.0,1.0
arguana,test-economy-bepahbtsnrt-con03a,cross-encoder,1.0,1.0,1.0
arguana,test-economy-bepahbtsnrt-con03a,Jev V1,0.43067655807339306,0.25,1.0
arguana,test-economy-bepahbtsnrt-con03a,Jev V2,1.0,1.0,1.0
arguana,test-economy-bepahbtsnrt-con03a,Jev V3,1.0,1.0,1.0
arguana,test-economy-bepahbtsnrt-con03a,base (MaxSim@10),1.0,,
arguana,test-economy-bepahbtsnrt-con01a,first stage,0.3562071871080222,0.16666666666666666,1.0
arguana,test-economy-bepahbtsnrt-con01a,cross-encoder,1.0,1.0,1.0
arguana,test-economy-bepahbtsnrt-con01a,Jev V1,0.43067655807339306,0.25,1.0
arguana,test-economy-bepahbtsnrt-con01a,Jev V2,0.3333333333333333,0.14285714285714285,1.0
arguana,test-economy-bepahbtsnrt-con01a,Jev V3,0.43067655807339306,0.25,1.0
arguana,test-economy-bepahbtsnrt-con01a,base (MaxSim@10),0.5,,
arguana,test-economy-epsihbdns-pro02a,first stage,0.3333333333333333,0.14285714285714285,1.0
arguana,test-economy-epsihbdns-pro02a,cross-encoder,0.31546487678572877,0.125,1.0
arguana,test-economy-epsihbdns-pro02a,Jev V1,0.3333333333333333,0.14285714285714285,1.0
arguana,test-economy-epsihbdns-pro02a,Jev V2,1.0,1.0,1.0
arguana,test-economy-epsihbdns-pro02a,Jev V3,0.6309297535714575,0.5,1.0
arguana,test-economy-epsihbdns-pro02a,base (MaxSim@10),0.3868528072345416,,
arguana,test-economy-epsihbdns-pro01a,first stage,0.5,0.3333333333333333,1.0
arguana,test-economy-epsihbdns-pro01a,cross-encoder,1.0,1.0,1.0
arguana,test-economy-epsihbdns-pro01a,Jev V1,0.43067655807339306,0.25,1.0
arguana,test-economy-epsihbdns-pro01a,Jev V2,0.3333333333333333,0.14285714285714285,1.0
arguana,test-economy-epsihbdns-pro01a,Jev V3,0.5,0.3333333333333333,1.0
arguana,test-economy-epsihbdns-pro01a,base (MaxSim@10),1.0,,
arguana,test-economy-epsihbdns-pro03a,first stage,0.0,0.0,0.0
arguana,test-economy-epsihbdns-pro03a,cross-encoder,0.0,0.0,0.0
arguana,test-economy-epsihbdns-pro03a,Jev V1,0.0,0.0,0.0
arguana,test-economy-epsihbdns-pro03a,Jev V2,0.0,0.0,0.0
arguana,test-economy-epsihbdns-pro03a,Jev V3,0.0,0.0,0.0
arguana,test-economy-epsihbdns-pro03a,base (MaxSim@10),0.0,,
arguana,test-economy-epsihbdns-pro04a,first stage,0.0,0.0,0.0
arguana,test-economy-epsihbdns-pro04a,cross-encoder,0.0,0.0,0.0
arguana,test-economy-epsihbdns-pro04a,Jev V1,0.0,0.0,0.0
arguana,test-economy-epsihbdns-pro04a,Jev V2,0.0,0.0,0.0
arguana,test-economy-epsihbdns-pro04a,Jev V3,0.0,0.0,0.0
arguana,test-economy-epsihbdns-pro04a,base (MaxSim@10),0.0,,
arguana,test-economy-epsihbdns-con02a,first stage,0.5,0.3333333333333333,1.0
arguana,test-economy-epsihbdns-con02a,cross-encoder,1.0,1.0,1.0
arguana,test-economy-epsihbdns-con02a,Jev V1,1.0,1.0,1.0
arguana,test-economy-epsihbdns-con02a,Jev V2,1.0,1.0,1.0
arguana,test-economy-epsihbdns-con02a,Jev V3,0.6309297535714575,0.5,1.0
arguana,test-economy-epsihbdns-con02a,base (MaxSim@10),0.3333333333333333,,
arguana,test-economy-epsihbdns-con04a,first stage,0.3562071871080222,0.16666666666666666,1.0
arguana,test-economy-epsihbdns-con04a,cross-encoder,0.5,0.3333333333333333,1.0
arguana,test-economy-epsihbdns-con04a,Jev V1,1.0,1.0,1.0
arguana,test-economy-epsihbdns-con04a,Jev V2,0.38685280723454163,0.2,1.0
arguana,test-economy-epsihbdns-con04a,Jev V3,0.6309297535714575,0.5,1.0
arguana,test-economy-epsihbdns-con04a,base (MaxSim@10),0.3010299956639812,,
arguana,test-economy-epsihbdns-con03a,first stage,0.0,0.0,0.0
arguana,test-economy-epsihbdns-con03a,cross-encoder,0.0,0.0,0.0
arguana,test-economy-epsihbdns-con03a,Jev V1,0.0,0.0,0.0
arguana,test-economy-epsihbdns-con03a,Jev V2,0.0,0.0,0.0
arguana,test-economy-epsihbdns-con03a,Jev V3,0.0,0.0,0.0
arguana,test-economy-epsihbdns-con03a,base (MaxSim@10),0.0,,
arguana,test-economy-epsihbdns-con01a,first stage,0.3562071871080222,0.16666666666666666,1.0
arguana,test-economy-epsihbdns-con01a,cross-encoder,0.6309297535714575,0.5,1.0
arguana,test-economy-epsihbdns-con01a,Jev V1,0.6309297535714575,0.5,1.0
arguana,test-economy-epsihbdns-con01a,Jev V2,0.6309297535714575,0.5,1.0
arguana,test-economy-epsihbdns-con01a,Jev V3,0.6309297535714575,0.5,1.0
arguana,test-economy-epsihbdns-con01a,base (MaxSim@10),0.6309297535714575,,
arguana,test-economy-bepighbdb-pro02a,first stage,0.6309297535714575,0.5,1.0
arguana,test-economy-bepighbdb-pro02a,cross-encoder,1.0,1.0,1.0
arguana,test-economy-bepighbdb-pro02a,Jev V1,1.0,1.0,1.0
arguana,test-economy-bepighbdb-pro02a,Jev V2,1.0,1.0,1.0
arguana,test-economy-bepighbdb-pro02a,Jev V3,1.0,1.0,1.0
arguana,test-economy-bepighbdb-pro02a,base (MaxSim@10),1.0,,
arguana,test-economy-bepighbdb-pro01a,first stage,0.3562071871080222,0.16666666666666666,1.0
arguana,test-economy-bepighbdb-pro01a,cross-encoder,0.5,0.3333333333333333,1.0
arguana,test-economy-bepighbdb-pro01a,Jev V1,1.0,1.0,1.0
arguana,test-economy-bepighbdb-pro01a,Jev V2,0.6309297535714575,0.5,1.0
arguana,test-economy-bepighbdb-pro01a,Jev V3,1.0,1.0,1.0
arguana,test-economy-bepighbdb-pro01a,base (MaxSim@10),0.6309297535714575,,
arguana,test-economy-bepighbdb-pro03a,first stage,0.6309297535714575,0.5,1.0
arguana,test-economy-bepighbdb-pro03a,cross-encoder,0.38685280723454163,0.2,1.0
arguana,test-economy-bepighbdb-pro03a,Jev V1,0.43067655807339306,0.25,1.0
arguana,test-economy-bepighbdb-pro03a,Jev V2,0.5,0.3333333333333333,1.0
arguana,test-economy-bepighbdb-pro03a,Jev V3,0.6309297535714575,0.5,1.0
arguana,test-economy-bepighbdb-pro03a,base (MaxSim@10),0.6309297535714575,,
arguana,test-economy-bepighbdb-con02a,first stage,0.38685280723454163,0.2,1.0
arguana,test-economy-bepighbdb-con02a,cross-encoder,1.0,1.0,1.0
arguana,test-economy-bepighbdb-con02a,Jev V1,0.5,0.3333333333333333,1.0
arguana,test-economy-bepighbdb-con02a,Jev V2,0.3010299956639812,0.1111111111111111,1.0
arguana,test-economy-bepighbdb-con02a,Jev V3,0.43067655807339306,0.25,1.0
arguana,test-economy-bepighbdb-con02a,base (MaxSim@10),0.3333333333333333,,
arguana,test-economy-bepighbdb-con04a,first stage,0.3562071871080222,0.16666666666666666,1.0
arguana,test-economy-bepighbdb-con04a,cross-encoder,0.5,0.3333333333333333,1.0
arguana,test-economy-bepighbdb-con04a,Jev V1,0.5,0.3333333333333333,1.0
arguana,test-economy-bepighbdb-con04a,Jev V2,0.5,0.3333333333333333,1.0
arguana,test-economy-bepighbdb-con04a,Jev V3,0.5,0.3333333333333333,1.0
arguana,test-economy-bepighbdb-con04a,base (MaxSim@10),0.3868528072345416,,
arguana,test-economy-bepighbdb-con03a,first stage,0.5,0.3333333333333333,1.0
arguana,test-economy-bepighbdb-con03a,cross-encoder,0.5,0.3333333333333333,1.0
arguana,test-economy-bepighbdb-con03a,Jev V1,0.6309297535714575,0.5,1.0
arguana,test-economy-bepighbdb-con03a,Jev V2,0.0,0.0,0.0
arguana,test-economy-bepighbdb-con03a,Jev V3,0.43067655807339306,0.25,1.0
arguana,test-economy-bepighbdb-con03a,base (MaxSim@10),0.5,,
arguana,test-economy-bepighbdb-con01a,first stage,0.5,0.3333333333333333,1.0
arguana,test-economy-bepighbdb-con01a,cross-encoder,0.6309297535714575,0.5,1.0
arguana,test-economy-bepighbdb-con01a,Jev V1,0.43067655807339306,0.25,1.0
arguana,test-economy-bepighbdb-con01a,Jev V2,0.0,0.0,0.0
arguana,test-economy-bepighbdb-con01a,Jev V3,0.5,0.3333333333333333,1.0
arguana,test-economy-bepighbdb-con01a,base (MaxSim@10),0.3868528072345416,,
arguana,test-international-gmehbisrip1b-pro02a,first stage,0.3010299956639812,0.1111111111111111,1.0
arguana,test-international-gmehbisrip1b-pro02a,cross-encoder,1.0,1.0,1.0
arguana,test-international-gmehbisrip1b-pro02a,Jev V1,0.5,0.3333333333333333,1.0
arguana,test-international-gmehbisrip1b-pro02a,Jev V2,0.5,0.3333333333333333,1.0
arguana,test-international-gmehbisrip1b-pro02a,Jev V3,0.43067655807339306,0.25,1.0
arguana,test-international-gmehbisrip1b-pro02a,base (MaxSim@10),0.3333333333333333,,
arguana,test-international-gmehbisrip1b-pro01a,first stage,0.6309297535714575,0.5,1.0
arguana,test-international-gmehbisrip1b-pro01a,cross-encoder,1.0,1.0,1.0
arguana,test-international-gmehbisrip1b-pro01a,Jev V1,0.6309297535714575,0.5,1.0
arguana,test-international-gmehbisrip1b-pro01a,Jev V2,0.43067655807339306,0.25,1.0
arguana,test-international-gmehbisrip1b-pro01a,Jev V3,1.0,1.0,1.0
arguana,test-international-gmehbisrip1b-pro01a,base (MaxSim@10),0.6309297535714575,,
arguana,test-international-gmehbisrip1b-pro03a,first stage,0.6309297535714575,0.5,1.0
arguana,test-international-gmehbisrip1b-pro03a,cross-encoder,0.5,0.3333333333333333,1.0
arguana,test-international-gmehbisrip1b-pro03a,Jev V1,1.0,1.0,1.0
arguana,test-international-gmehbisrip1b-pro03a,Jev V2,1.0,1.0,1.0
arguana,test-international-gmehbisrip1b-pro03a,Jev V3,1.0,1.0,1.0
arguana,test-international-gmehbisrip1b-pro03a,base (MaxSim@10),0.5,,
arguana,test-international-gmehbisrip1b-con02a,first stage,0.31546487678572877,0.125,1.0
arguana,test-international-gmehbisrip1b-con02a,cross-encoder,1.0,1.0,1.0
arguana,test-international-gmehbisrip1b-con02a,Jev V1,0.6309297535714575,0.5,1.0
arguana,test-international-gmehbisrip1b-con02a,Jev V2,0.6309297535714575,0.5,1.0
arguana,test-international-gmehbisrip1b-con02a,Jev V3,0.6309297535714575,0.5,1.0
arguana,test-international-gmehbisrip1b-con02a,base (MaxSim@10),0.3562071871080222,,
arguana,test-international-gmehbisrip1b-con03a,first stage,0.0,0.0,0.0
arguana,test-international-gmehbisrip1b-con03a,cross-encoder,0.0,0.0,0.0
arguana,test-international-gmehbisrip1b-con03a,Jev V1,0.0,0.0,0.0
arguana,test-international-gmehbisrip1b-con03a,Jev V2,0.0,0.0,0.0
arguana,test-international-gmehbisrip1b-con03a,Jev V3,0.0,0.0,0.0
arguana,test-international-gmehbisrip1b-con03a,base (MaxSim@10),0.0,,
arguana,test-international-gmehbisrip1b-con01a,first stage,0.31546487678572877,0.125,1.0
arguana,test-international-gmehbisrip1b-con01a,cross-encoder,0.38685280723454163,0.2,1.0
arguana,test-international-gmehbisrip1b-con01a,Jev V1,0.38685280723454163,0.2,1.0
arguana,test-international-gmehbisrip1b-con01a,Jev V2,0.43067655807339306,0.25,1.0
arguana,test-international-gmehbisrip1b-con01a,Jev V3,0.38685280723454163,0.2,1.0
arguana,test-international-gmehbisrip1b-con01a,base (MaxSim@10),0.2890648263178879,,
arguana,test-international-miasimyhw-pro02a,first stage,1.0,1.0,1.0
arguana,test-international-miasimyhw-pro02a,cross-encoder,1.0,1.0,1.0
arguana,test-international-miasimyhw-pro02a,Jev V1,0.6309297535714575,0.5,1.0
arguana,test-international-miasimyhw-pro02a,Jev V2,1.0,1.0,1.0
arguana,test-international-miasimyhw-pro02a,Jev V3,1.0,1.0,1.0
arguana,test-international-miasimyhw-pro02a,base (MaxSim@10),1.0,,
arguana,test-international-miasimyhw-pro05a,first stage,1.0,1.0,1.0
arguana,test-international-miasimyhw-pro05a,cross-encoder,0.43067655807339306,0.25,1.0
arguana,test-international-miasimyhw-pro05a,Jev V1,1.0,1.0,1.0
arguana,test-international-miasimyhw-pro05a,Jev V2,0.3333333333333333,0.14285714285714285,1.0
arguana,test-international-miasimyhw-pro05a,Jev V3,0.43067655807339306,0.25,1.0
arguana,test-international-miasimyhw-pro05a,base (MaxSim@10),0.5,,
arguana,test-international-miasimyhw-pro01a,first stage,0.38685280723454163,0.2,1.0
arguana,test-international-miasimyhw-pro01a,cross-encoder,1.0,1.0,1.0
arguana,test-international-miasimyhw-pro01a,Jev V1,1.0,1.0,1.0
arguana,test-international-miasimyhw-pro01a,Jev V2,0.6309297535714575,0.5,1.0
arguana,test-international-miasimyhw-pro01a,Jev V3,0.6309297535714575,0.5,1.0
arguana,test-international-miasimyhw-pro01a,base (MaxSim@10),0.3562071871080222,,
arguana,test-international-miasimyhw-pro03a,first stage,1.0,1.0,1.0
arguana,test-international-miasimyhw-pro03a,cross-encoder,1.0,1.0,1.0
arguana,test-international-miasimyhw-pro03a,Jev V1,1.0,1.0,1.0
arguana,test-international-miasimyhw-pro03a,Jev V2,1.0,1.0,1.0
arguana,test-international-miasimyhw-pro03a,Jev V3,1.0,1.0,1.0
arguana,test-international-miasimyhw-pro03a,base (MaxSim@10),1.0,,
arguana,test-international-miasimyhw-pro04a,first stage,0.43067655807339306,0.25,1.0
arguana,test-international-miasimyhw-pro04a,cross-encoder,0.3562071871080222,0.16666666666666666,1.0
arguana,test-international-miasimyhw-pro04a,Jev V1,0.43067655807339306,0.25,1.0
arguana,test-international-miasimyhw-pro04a,Jev V2,0.5,0.3333333333333333,1.0
arguana,test-international-miasimyhw-pro04a,Jev V3,0.3010299956639812,0.1111111111111111,1.0
arguana,test-international-miasimyhw-pro04a,base (MaxSim@10),0.5,,
arguana,test-international-miasimyhw-con02a,first stage,0.0,0.0,0.0
arguana,test-international-miasimyhw-con02a,cross-encoder,0.0,0.0,0.0
arguana,test-international-miasimyhw-con02a,Jev V1,0.0,0.0,0.0
arguana,test-international-miasimyhw-con02a,Jev V2,0.0,0.0,0.0
arguana,test-international-miasimyhw-con02a,Jev V3,0.0,0.0,0.0
arguana,test-international-miasimyhw-con02a,base (MaxSim@10),0.0,,
arguana,test-international-miasimyhw-con03a,first stage,0.0,0.0,0.0
arguana,test-international-miasimyhw-con03a,cross-encoder,0.6309297535714575,0.5,1.0
arguana,test-international-miasimyhw-con03a,Jev V1,0.5,0.3333333333333333,1.0
arguana,test-international-miasimyhw-con03a,Jev V2,1.0,1.0,1.0
arguana,test-international-miasimyhw-con03a,Jev V3,0.43067655807339306,0.25,1.0
arguana,test-international-miasimyhw-con03a,base (MaxSim@10),0.0,,
arguana,test-international-miasimyhw-con01a,first stage,0.3010299956639812,0.1111111111111111,1.0
arguana,test-international-miasimyhw-con01a,cross-encoder,1.0,1.0,1.0
arguana,test-international-miasimyhw-con01a,Jev V1,0.0,0.0,0.0
arguana,test-international-miasimyhw-con01a,Jev V2,0.6309297535714575,0.5,1.0
arguana,test-international-miasimyhw-con01a,Jev V3,0.43067655807339306,0.25,1.0
arguana,test-international-miasimyhw-con01a,base (MaxSim@10),0.2890648263178879,,
arguana,test-international-ghwcitca-pro02a,first stage,0.2890648263178879,0.1,1.0
arguana,test-international-ghwcitca-pro02a,cross-encoder,0.6309297535714575,0.5,1.0
arguana,test-international-ghwcitca-pro02a,Jev V1,1.0,1.0,1.0
arguana,test-international-ghwcitca-pro02a,Jev V2,0.5,0.3333333333333333,1.0
arguana,test-international-ghwcitca-pro02a,Jev V3,0.6309297535714575,0.5,1.0
arguana,test-international-ghwcitca-pro02a,base (MaxSim@10),0.3010299956639812,,
arguana,test-international-ghwcitca-pro01a,first stage,1.0,1.0,1.0
arguana,test-international-ghwcitca-pro01a,cross-encoder,1.0,1.0,1.0
arguana,test-international-ghwcitca-pro01a,Jev V1,0.38685280723454163,0.2,1.0
arguana,test-international-ghwcitca-pro01a,Jev V2,0.43067655807339306,0.25,1.0
arguana,test-international-ghwcitca-pro01a,Jev V3,1.0,1.0,1.0
arguana,test-international-ghwcitca-pro01a,base (MaxSim@10),1.0,,
arguana,test-international-ghwcitca-pro03a,first stage,0.31546487678572877,0.125,1.0
arguana,test-international-ghwcitca-pro03a,cross-encoder,1.0,1.0,1.0
arguana,test-international-ghwcitca-pro03a,Jev V1,0.43067655807339306,0.25,1.0
arguana,test-international-ghwcitca-pro03a,Jev V2,0.5,0.3333333333333333,1.0
arguana,test-international-ghwcitca-pro03a,Jev V3,1.0,1.0,1.0
arguana,test-international-ghwcitca-pro03a,base (MaxSim@10),0.3333333333333333,,
arguana,test-international-ghwcitca-pro04a,first stage,0.3010299956639812,0.1111111111111111,1.0
arguana,test-international-ghwcitca-pro04a,cross-encoder,1.0,1.0,1.0
arguana,test-international-ghwcitca-pro04a,Jev V1,0.6309297535714575,0.5,1.0
arguana,test-international-ghwcitca-pro04a,Jev V2,0.3562071871080222,0.16666666666666666,1.0
arguana,test-international-ghwcitca-pro04a,Jev V3,0.5,0.3333333333333333,1.0
arguana,test-international-ghwcitca-pro04a,base (MaxSim@10),0.3010299956639812,,
arguana,test-international-ghwcitca-con02a,first stage,0.3562071871080222,0.16666666666666666,1.0
arguana,test-international-ghwcitca-con02a,cross-encoder,1.0,1.0,1.0
arguana,test-international-ghwcitca-con02a,Jev V1,1.0,1.0,1.0
arguana,test-international-ghwcitca-con02a,Jev V2,0.6309297535714575,0.5,1.0
arguana,test-international-ghwcitca-con02a,Jev V3,0.6309297535714575,0.5,1.0
arguana,test-international-ghwcitca-con02a,base (MaxSim@10),0.430676558073393,,
arguana,test-international-ghwcitca-con03a,first stage,0.43067655807339306,0.25,1.0
arguana,test-international-ghwcitca-con03a,cross-encoder,1.0,1.0,1.0
arguana,test-international-ghwcitca-con03a,Jev V1,0.6309297535714575,0.5,1.0
arguana,test-international-ghwcitca-con03a,Jev V2,0.5,0.3333333333333333,1.0
arguana,test-international-ghwcitca-con03a,Jev V3,1.0,1.0,1.0
arguana,test-international-ghwcitca-con03a,base (MaxSim@10),0.3868528072345416,,
arguana,test-international-ghwcitca-con01a,first stage,1.0,1.0,1.0
arguana,test-international-ghwcitca-con01a,cross-encoder,1.0,1.0,1.0
arguana,test-international-ghwcitca-con01a,Jev V1,1.0,1.0,1.0
arguana,test-international-ghwcitca-con01a,Jev V2,1.0,1.0,1.0
arguana,test-international-ghwcitca-con01a,Jev V3,1.0,1.0,1.0
arguana,test-international-ghwcitca-con01a,base (MaxSim@10),0.5,,
arguana,test-international-gmehwasr-pro02a,first stage,1.0,1.0,1.0
arguana,test-international-gmehwasr-pro02a,cross-encoder,1.0,1.0,1.0
arguana,test-international-gmehwasr-pro02a,Jev V1,0.38685280723454163,0.2,1.0
arguana,test-international-gmehwasr-pro02a,Jev V2,1.0,1.0,1.0
arguana,test-international-gmehwasr-pro02a,Jev V3,1.0,1.0,1.0
arguana,test-international-gmehwasr-pro02a,base (MaxSim@10),1.0,,
arguana,test-international-gmehwasr-pro05a,first stage,0.3333333333333333,0.14285714285714285,1.0
arguana,test-international-gmehwasr-pro05a,cross-encoder,1.0,1.0,1.0
arguana,test-international-gmehwasr-pro05a,Jev V1,1.0,1.0,1.0
arguana,test-international-gmehwasr-pro05a,Jev V2,1.0,1.0,1.0
arguana,test-international-gmehwasr-pro05a,Jev V3,1.0,1.0,1.0
arguana,test-international-gmehwasr-pro05a,base (MaxSim@10),0.430676558073393,,
arguana,test-international-gmehwasr-pro01a,first stage,0.0,0.0,0.0
arguana,test-international-gmehwasr-pro01a,cross-encoder,0.0,0.0,0.0
arguana,test-international-gmehwasr-pro01a,Jev V1,0.0,0.0,0.0
arguana,test-international-gmehwasr-pro01a,Jev V2,0.0,0.0,0.0
arguana,test-international-gmehwasr-pro01a,Jev V3,0.0,0.0,0.0
arguana,test-international-gmehwasr-pro01a,base (MaxSim@10),0.0,,
arguana,test-international-gmehwasr-pro03a,first stage,0.3333333333333333,0.14285714285714285,1.0
arguana,test-international-gmehwasr-pro03a,cross-encoder,1.0,1.0,1.0
arguana,test-international-gmehwasr-pro03a,Jev V1,0.5,0.3333333333333333,1.0
arguana,test-international-gmehwasr-pro03a,Jev V2,1.0,1.0,1.0
arguana,test-international-gmehwasr-pro03a,Jev V3,1.0,1.0,1.0
arguana,test-international-gmehwasr-pro03a,base (MaxSim@10),0.430676558073393,,
arguana,test-international-gmehwasr-pro04a,first stage,0.0,0.0,0.0
arguana,test-international-gmehwasr-pro04a,cross-encoder,0.0,0.0,0.0
arguana,test-international-gmehwasr-pro04a,Jev V1,0.0,0.0,0.0
arguana,test-international-gmehwasr-pro04a,Jev V2,0.0,0.0,0.0
arguana,test-international-gmehwasr-pro04a,Jev V3,0.0,0.0,0.0
arguana,test-international-gmehwasr-pro04a,base (MaxSim@10),0.0,,
arguana,test-international-gmehwasr-con02a,first stage,0.0,0.0,0.0
arguana,test-international-gmehwasr-con02a,cross-encoder,1.0,1.0,1.0
arguana,test-international-gmehwasr-con02a,Jev V1,1.0,1.0,1.0
arguana,test-international-gmehwasr-con02a,Jev V2,1.0,1.0,1.0
arguana,test-international-gmehwasr-con02a,Jev V3,0.38685280723454163,0.2,1.0
arguana,test-international-gmehwasr-con02a,base (MaxSim@10),0.0,,
arguana,test-international-gmehwasr-con05a,first stage,0.31546487678572877,0.125,1.0
arguana,test-international-gmehwasr-con05a,cross-encoder,0.6309297535714575,0.5,1.0
arguana,test-international-gmehwasr-con05a,Jev V1,0.5,0.3333333333333333,1.0
arguana,test-international-gmehwasr-con05a,Jev V2,0.3562071871080222,0.16666666666666666,1.0
arguana,test-international-gmehwasr-con05a,Jev V3,0.6309297535714575,0.5,1.0
arguana,test-international-gmehwasr-con05a,base (MaxSim@10),0.3562071871080222,,
arguana,test-international-gmehwasr-con04a,first stage,0.0,0.0,0.0
arguana,test-international-gmehwasr-con04a,cross-encoder,0.3562071871080222,0.16666666666666666,1.0
arguana,test-international-gmehwasr-con04a,Jev V1,1.0,1.0,1.0
arguana,test-international-gmehwasr-con04a,Jev V2,1.0,1.0,1.0
arguana,test-international-gmehwasr-con04a,Jev V3,1.0,1.0,1.0
arguana,test-international-gmehwasr-con04a,base (MaxSim@10),0.0,,
arguana,test-international-gmehwasr-con03a,first stage,0.0,0.0,0.0
arguana,test-international-gmehwasr-con03a,cross-encoder,1.0,1.0,1.0
arguana,test-international-gmehwasr-con03a,Jev V1,0.38685280723454163,0.2,1.0
arguana,test-international-gmehwasr-con03a,Jev V2,1.0,1.0,1.0
arguana,test-international-gmehwasr-con03a,Jev V3,0.5,0.3333333333333333,1.0
arguana,test-international-gmehwasr-con03a,base (MaxSim@10),0.0,,
arguana,test-international-gmehwasr-con01a,first stage,0.2890648263178879,0.1,1.0
arguana,test-international-gmehwasr-con01a,cross-encoder,0.43067655807339306,0.25,1.0
arguana,test-international-gmehwasr-con01a,Jev V1,0.43067655807339306,0.25,1.0
arguana,test-international-gmehwasr-con01a,Jev V2,0.38685280723454163,0.2,1.0
arguana,test-international-gmehwasr-con01a,Jev V3,0.6309297535714575,0.5,1.0
arguana,test-international-gmehwasr-con01a,base (MaxSim@10),0.2890648263178879,,
arguana,test-international-aghbfcpspr-pro02a,first stage,0.0,0.0,0.0
arguana,test-international-aghbfcpspr-pro02a,cross-encoder,1.0,1.0,1.0
arguana,test-international-aghbfcpspr-pro02a,Jev V1,0.43067655807339306,0.25,1.0
arguana,test-international-aghbfcpspr-pro02a,Jev V2,0.43067655807339306,0.25,1.0
arguana,test-international-aghbfcpspr-pro02a,Jev V3,0.5,0.3333333333333333,1.0
arguana,test-international-aghbfcpspr-pro02a,base (MaxSim@10),0.0,,
arguana,test-international-aghbfcpspr-pro05a,first stage,0.0,0.0,0.0
arguana,test-international-aghbfcpspr-pro05a,cross-encoder,0.5,0.3333333333333333,1.0
arguana,test-international-aghbfcpspr-pro05a,Jev V1,0.5,0.3333333333333333,1.0
arguana,test-international-aghbfcpspr-pro05a,Jev V2,0.31546487678572877,0.125,1.0
arguana,test-international-aghbfcpspr-pro05a,Jev V3,1.0,1.0,1.0
arguana,test-international-aghbfcpspr-pro05a,base (MaxSim@10),0.0,,
arguana,test-international-aghbfcpspr-pro01a,first stage,1.0,1.0,1.0
arguana,test-international-aghbfcpspr-pro01a,cross-encoder,0.6309297535714575,0.5,1.0
arguana,test-international-aghbfcpspr-pro01a,Jev V1,1.0,1.0,1.0
arguana,test-international-aghbfcpspr-pro01a,Jev V2,1.0,1.0,1.0
arguana,test-international-aghbfcpspr-pro01a,Jev V3,1.0,1.0,1.0
arguana,test-international-aghbfcpspr-pro01a,base (MaxSim@10),1.0,,
arguana,test-international-aghbfcpspr-pro03a,first stage,0.5,0.3333333333333333,1.0
arguana,test-international-aghbfcpspr-pro03a,cross-encoder,1.0,1.0,1.0
arguana,test-international-aghbfcpspr-pro03a,Jev V1,1.0,1.0,1.0
arguana,test-international-aghbfcpspr-pro03a,Jev V2,1.0,1.0,1.0
arguana,test-international-aghbfcpspr-pro03a,Jev V3,0.6309297535714575,0.5,1.0
arguana,test-international-aghbfcpspr-pro03a,base (MaxSim@10),0.430676558073393,,
arguana,test-international-aghbfcpspr-pro04a,first stage,0.0,0.0,0.0
arguana,test-international-aghbfcpspr-pro04a,cross-encoder,0.6309297535714575,0.5,1.0
arguana,test-international-aghbfcpspr-pro04a,Jev V1,0.2890648263178879,0.1,1.0
arguana,test-international-aghbfcpspr-pro04a,Jev V2,0.31546487678572877,0.125,1.0
arguana,test-international-aghbfcpspr-pro04a,Jev V3,0.6309297535714575,0.5,1.0
arguana,test-international-aghbfcpspr-pro04a,base (MaxSim@10),0.0,,
arguana,test-international-aghbfcpspr-con02a,first stage,0.3562071871080222,0.16666666666666666,1.0
arguana,test-international-aghbfcpspr-con02a,cross-encoder,1.0,1.0,1.0
arguana,test-international-aghbfcpspr-con02a,Jev V1,1.0,1.0,1.0
arguana,test-international-aghbfcpspr-con02a,Jev V2,0.31546487678572877,0.125,1.0
arguana,test-international-aghbfcpspr-con02a,Jev V3,0.5,0.3333333333333333,1.0
arguana,test-international-aghbfcpspr-con02a,base (MaxSim@10),0.5,,
arguana,test-international-aghbfcpspr-con04a,first stage,0.5,0.3333333333333333,1.0
arguana,test-international-aghbfcpspr-con04a,cross-encoder,1.0,1.0,1.0
arguana,test-international-aghbfcpspr-con04a,Jev V1,1.0,1.0,1.0
arguana,test-international-aghbfcpspr-con04a,Jev V2,1.0,1.0,1.0
arguana,test-international-aghbfcpspr-con04a,Jev V3,1.0,1.0,1.0
arguana,test-international-aghbfcpspr-con04a,base (MaxSim@10),0.5,,
arguana,test-international-aghbfcpspr-con03a,first stage,0.0,0.0,0.0
arguana,test-international-aghbfcpspr-con03a,cross-encoder,0.6309297535714575,0.5,1.0
arguana,test-international-aghbfcpspr-con03a,Jev V1,1.0,1.0,1.0
arguana,test-international-aghbfcpspr-con03a,Jev V2,0.43067655807339306,0.25,1.0
arguana,test-international-aghbfcpspr-con03a,Jev V3,1.0,1.0,1.0
arguana,test-international-aghbfcpspr-con03a,base (MaxSim@10),0.0,,
arguana,test-international-aghbfcpspr-con01a,first stage,0.3010299956639812,0.1111111111111111,1.0
arguana,test-international-aghbfcpspr-con01a,cross-encoder,0.6309297535714575,0.5,1.0
arguana,test-international-aghbfcpspr-con01a,Jev V1,1.0,1.0,1.0
arguana,test-international-aghbfcpspr-con01a,Jev V2,0.6309297535714575,0.5,1.0
arguana,test-international-aghbfcpspr-con01a,Jev V3,1.0,1.0,1.0
arguana,test-international-aghbfcpspr-con01a,base (MaxSim@10),0.3333333333333333,,
arguana,test-international-gpsmhbsosb-pro02a,first stage,0.43067655807339306,0.25,1.0
arguana,test-international-gpsmhbsosb-pro02a,cross-encoder,1.0,1.0,1.0
arguana,test-international-gpsmhbsosb-pro02a,Jev V1,0.5,0.3333333333333333,1.0
arguana,test-international-gpsmhbsosb-pro02a,Jev V2,0.6309297535714575,0.5,1.0
arguana,test-international-gpsmhbsosb-pro02a,Jev V3,0.6309297535714575,0.5,1.0
arguana,test-international-gpsmhbsosb-pro02a,base (MaxSim@10),0.430676558073393,,
arguana,test-international-gpsmhbsosb-pro01a,first stage,0.6309297535714575,0.5,1.0
arguana,test-international-gpsmhbsosb-pro01a,cross-encoder,1.0,1.0,1.0
arguana,test-international-gpsmhbsosb-pro01a,Jev V1,1.0,1.0,1.0
arguana,test-international-gpsmhbsosb-pro01a,Jev V2,1.0,1.0,1.0
arguana,test-international-gpsmhbsosb-pro01a,Jev V3,1.0,1.0,1.0
arguana,test-international-gpsmhbsosb-pro01a,base (MaxSim@10),1.0,,
arguana,test-international-gpsmhbsosb-pro03a,first stage,0.38685280723454163,0.2,1.0
arguana,test-international-gpsmhbsosb-pro03a,cross-encoder,1.0,1.0,1.0
arguana,test-international-gpsmhbsosb-pro03a,Jev V1,0.6309297535714575,0.5,1.0
arguana,test-international-gpsmhbsosb-pro03a,Jev V2,0.38685280723454163,0.2,1.0
arguana,test-international-gpsmhbsosb-pro03a,Jev V3,0.6309297535714575,0.5,1.0
arguana,test-international-gpsmhbsosb-pro03a,base (MaxSim@10),0.430676558073393,,
arguana,test-international-gpsmhbsosb-con02a,first stage,1.0,1.0,1.0
arguana,test-international-gpsmhbsosb-con02a,cross-encoder,1.0,1.0,1.0
arguana,test-international-gpsmhbsosb-con02a,Jev V1,1.0,1.0,1.0
arguana,test-international-gpsmhbsosb-con02a,Jev V2,1.0,1.0,1.0
arguana,test-international-gpsmhbsosb-con02a,Jev V3,1.0,1.0,1.0
arguana,test-international-gpsmhbsosb-con02a,base (MaxSim@10),1.0,,
arguana,test-international-gpsmhbsosb-con03a,first stage,0.3333333333333333,0.14285714285714285,1.0
arguana,test-international-gpsmhbsosb-con03a,cross-encoder,0.31546487678572877,0.125,1.0
arguana,test-international-gpsmhbsosb-con03a,Jev V1,0.3562071871080222,0.16666666666666666,1.0
arguana,test-international-gpsmhbsosb-con03a,Jev V2,0.38685280723454163,0.2,1.0
arguana,test-international-gpsmhbsosb-con03a,Jev V3,0.0,0.0,0.0
arguana,test-international-gpsmhbsosb-con03a,base (MaxSim@10),0.3562071871080222,,
arguana,test-international-gpsmhbsosb-con01a,first stage,1.0,1.0,1.0
arguana,test-international-gpsmhbsosb-con01a,cross-encoder,1.0,1.0,1.0
arguana,test-international-gpsmhbsosb-con01a,Jev V1,0.6309297535714575,0.5,1.0
arguana,test-international-gpsmhbsosb-con01a,Jev V2,1.0,1.0,1.0
arguana,test-international-gpsmhbsosb-con01a,Jev V3,1.0,1.0,1.0
arguana,test-international-gpsmhbsosb-con01a,base (MaxSim@10),1.0,,
arguana,test-international-apwhbaucmip-pro02a,first stage,0.0,0.0,0.0
arguana,test-international-apwhbaucmip-pro02a,cross-encoder,0.0,0.0,0.0
arguana,test-international-apwhbaucmip-pro02a,Jev V1,0.0,0.0,0.0
arguana,test-international-apwhbaucmip-pro02a,Jev V2,0.0,0.0,0.0
arguana,test-international-apwhbaucmip-pro02a,Jev V3,0.0,0.0,0.0
arguana,test-international-apwhbaucmip-pro02a,base (MaxSim@10),0.0,,
arguana,test-international-apwhbaucmip-pro01a,first stage,0.0,0.0,0.0
arguana,test-international-apwhbaucmip-pro01a,cross-encoder,0.6309297535714575,0.5,1.0
arguana,test-international-apwhbaucmip-pro01a,Jev V1,0.3333333333333333,0.14285714285714285,1.0
arguana,test-international-apwhbaucmip-pro01a,Jev V2,0.43067655807339306,0.25,1.0
arguana,test-international-apwhbaucmip-pro01a,Jev V3,0.43067655807339306,0.25,1.0
arguana,test-international-apwhbaucmip-pro01a,base (MaxSim@10),0.0,,
arguana,test-international-apwhbaucmip-pro03a,first stage,0.0,0.0,0.0
arguana,test-international-apwhbaucmip-pro03a,cross-encoder,1.0,1.0,1.0
arguana,test-international-apwhbaucmip-pro03a,Jev V1,0.0,0.0,0.0
arguana,test-international-apwhbaucmip-pro03a,Jev V2,0.5,0.3333333333333333,1.0
arguana,test-international-apwhbaucmip-pro03a,Jev V3,0.6309297535714575,0.5,1.0
arguana,test-international-apwhbaucmip-pro03a,base (MaxSim@10),0.0,,
arguana,test-international-apwhbaucmip-pro04a,first stage,0.31546487678572877,0.125,1.0
arguana,test-international-apwhbaucmip-pro04a,cross-encoder,0.6309297535714575,0.5,1.0
arguana,test-international-apwhbaucmip-pro04a,Jev V1,1.0,1.0,1.0
arguana,test-international-apwhbaucmip-pro04a,Jev V2,0.5,0.3333333333333333,1.0
arguana,test-international-apwhbaucmip-pro04a,Jev V3,0.5,0.3333333333333333,1.0
arguana,test-international-apwhbaucmip-pro04a,base (MaxSim@10),0.3562071871080222,,
arguana,test-international-apwhbaucmip-con02a,first stage,1.0,1.0,1.0
arguana,test-international-apwhbaucmip-con02a,cross-encoder,1.0,1.0,1.0
arguana,test-international-apwhbaucmip-con02a,Jev V1,1.0,1.0,1.0
arguana,test-international-apwhbaucmip-con02a,Jev V2,1.0,1.0,1.0
arguana,test-international-apwhbaucmip-con02a,Jev V3,1.0,1.0,1.0
arguana,test-international-apwhbaucmip-con02a,base (MaxSim@10),1.0,,
arguana,test-international-apwhbaucmip-con04a,first stage,1.0,1.0,1.0
arguana,test-international-apwhbaucmip-con04a,cross-encoder,1.0,1.0,1.0
arguana,test-international-apwhbaucmip-con04a,Jev V1,1.0,1.0,1.0
arguana,test-international-apwhbaucmip-con04a,Jev V2,0.6309297535714575,0.5,1.0
arguana,test-international-apwhbaucmip-con04a,Jev V3,1.0,1.0,1.0
arguana,test-international-apwhbaucmip-con04a,base (MaxSim@10),1.0,,
arguana,test-international-apwhbaucmip-con03a,first stage,0.3010299956639812,0.1111111111111111,1.0
arguana,test-international-apwhbaucmip-con03a,cross-encoder,1.0,1.0,1.0
arguana,test-international-apwhbaucmip-con03a,Jev V1,0.38685280723454163,0.2,1.0
arguana,test-international-apwhbaucmip-con03a,Jev V2,0.43067655807339306,0.25,1.0
arguana,test-international-apwhbaucmip-con03a,Jev V3,0.5,0.3333333333333333,1.0
arguana,test-international-apwhbaucmip-con03a,base (MaxSim@10),0.2890648263178879,,
arguana,test-international-apwhbaucmip-con01a,first stage,1.0,1.0,1.0
arguana,test-international-apwhbaucmip-con01a,cross-encoder,1.0,1.0,1.0
arguana,test-international-apwhbaucmip-con01a,Jev V1,1.0,1.0,1.0
arguana,test-international-apwhbaucmip-con01a,Jev V2,1.0,1.0,1.0
arguana,test-international-apwhbaucmip-con01a,Jev V3,1.0,1.0,1.0
arguana,test-international-apwhbaucmip-con01a,base (MaxSim@10),1.0,,
arguana,test-international-iighbopcc-pro02a,first stage,0.5,0.3333333333333333,1.0
arguana,test-international-iighbopcc-pro02a,cross-encoder,1.0,1.0,1.0
arguana,test-international-iighbopcc-pro02a,Jev V1,0.5,0.3333333333333333,1.0
arguana,test-international-iighbopcc-pro02a,Jev V2,0.6309297535714575,0.5,1.0
arguana,test-international-iighbopcc-pro02a,Jev V3,1.0,1.0,1.0
arguana,test-international-iighbopcc-pro02a,base (MaxSim@10),0.5,,
arguana,test-international-iighbopcc-pro01a,first stage,0.5,0.3333333333333333,1.0
arguana,test-international-iighbopcc-pro01a,cross-encoder,0.43067655807339306,0.25,1.0
arguana,test-international-iighbopcc-pro01a,Jev V1,0.2890648263178879,0.1,1.0
arguana,test-international-iighbopcc-pro01a,Jev V2,1.0,1.0,1.0
arguana,test-international-iighbopcc-pro01a,Jev V3,0.6309297535714575,0.5,1.0
arguana,test-international-iighbopcc-pro01a,base (MaxSim@10),0.5,,
arguana,test-international-iighbopcc-pro03a,first stage,0.6309297535714575,0.5,1.0
arguana,test-international-iighbopcc-pro03a,cross-encoder,1.0,1.0,1.0
arguana,test-international-iighbopcc-pro03a,Jev V1,0.3333333333333333,0.14285714285714285,1.0
arguana,test-international-iighbopcc-pro03a,Jev V2,0.5,0.3333333333333333,1.0
arguana,test-international-iighbopcc-pro03a,Jev V3,1.0,1.0,1.0
arguana,test-international-iighbopcc-pro03a,base (MaxSim@10),0.6309297535714575,,
arguana,test-international-iighbopcc-con02a,first stage,0.31546487678572877,0.125,1.0
arguana,test-international-iighbopcc-con02a,cross-encoder,0.5,0.3333333333333333,1.0
arguana,test-international-iighbopcc-con02a,Jev V1,0.3010299956639812,0.1111111111111111,1.0
arguana,test-international-iighbopcc-con02a,Jev V2,1.0,1.0,1.0
arguana,test-international-iighbopcc-con02a,Jev V3,0.6309297535714575,0.5,1.0
arguana,test-international-iighbopcc-con02a,base (MaxSim@10),0.2890648263178879,,
arguana,test-international-iighbopcc-con03a,first stage,1.0,1.0,1.0
arguana,test-international-iighbopcc-con03a,cross-encoder,1.0,1.0,1.0
arguana,test-international-iighbopcc-con03a,Jev V1,0.5,0.3333333333333333,1.0
arguana,test-international-iighbopcc-con03a,Jev V2,1.0,1.0,1.0
arguana,test-international-iighbopcc-con03a,Jev V3,0.5,0.3333333333333333,1.0
arguana,test-international-iighbopcc-con03a,base (MaxSim@10),0.5,,
arguana,test-international-iighbopcc-con01a,first stage,1.0,1.0,1.0
arguana,test-international-iighbopcc-con01a,cross-encoder,1.0,1.0,1.0
arguana,test-international-iighbopcc-con01a,Jev V1,1.0,1.0,1.0
arguana,test-international-iighbopcc-con01a,Jev V2,1.0,1.0,1.0
arguana,test-international-iighbopcc-con01a,Jev V3,1.0,1.0,1.0
arguana,test-international-iighbopcc-con01a,base (MaxSim@10),1.0,,
arguana,test-international-bldimehbn-pro02a,first stage,0.5,0.3333333333333333,1.0
arguana,test-international-bldimehbn-pro02a,cross-encoder,1.0,1.0,1.0
arguana,test-international-bldimehbn-pro02a,Jev V1,1.0,1.0,1.0
arguana,test-international-bldimehbn-pro02a,Jev V2,1.0,1.0,1.0
arguana,test-international-bldimehbn-pro02a,Jev V3,1.0,1.0,1.0
arguana,test-international-bldimehbn-pro02a,base (MaxSim@10),0.6309297535714575,,
arguana,test-international-bldimehbn-pro01a,first stage,1.0,1.0,1.0
arguana,test-international-bldimehbn-pro01a,cross-encoder,0.43067655807339306,0.25,1.0
arguana,test-international-bldimehbn-pro01a,Jev V1,1.0,1.0,1.0
arguana,test-international-bldimehbn-pro01a,Jev V2,1.0,1.0,1.0
arguana,test-international-bldimehbn-pro01a,Jev V3,1.0,1.0,1.0
arguana,test-international-bldimehbn-pro01a,base (MaxSim@10),1.0,,
arguana,test-international-bldimehbn-pro03a,first stage,0.6309297535714575,0.5,1.0
arguana,test-international-bldimehbn-pro03a,cross-encoder,1.0,1.0,1.0
arguana,test-international-bldimehbn-pro03a,Jev V1,0.38685280723454163,0.2,1.0
arguana,test-international-bldimehbn-pro03a,Jev V2,0.5,0.3333333333333333,1.0
arguana,test-international-bldimehbn-pro03a,Jev V3,0.5,0.3333333333333333,1.0
arguana,test-international-bldimehbn-pro03a,base (MaxSim@10),0.6309297535714575,,
arguana,test-international-bldimehbn-con02a,first stage,0.0,0.0,0.0
arguana,test-international-bldimehbn-con02a,cross-encoder,0.0,0.0,0.0
arguana,test-international-bldimehbn-con02a,Jev V1,0.0,0.0,0.0
arguana,test-international-bldimehbn-con02a,Jev V2,0.0,0.0,0.0
arguana,test-international-bldimehbn-con02a,Jev V3,0.0,0.0,0.0
arguana,test-international-bldimehbn-con02a,base (MaxSim@10),0.0,,
arguana,test-international-bldimehbn-con03a,first stage,0.0,0.0,0.0
arguana,test-international-bldimehbn-con03a,cross-encoder,0.6309297535714575,0.5,1.0
arguana,test-international-bldimehbn-con03a,Jev V1,0.5,0.3333333333333333,1.0
arguana,test-international-bldimehbn-con03a,Jev V2,0.6309297535714575,0.5,1.0
arguana,test-international-bldimehbn-con03a,Jev V3,0.3562071871080222,0.16666666666666666,1.0
arguana,test-international-bldimehbn-con03a,base (MaxSim@10),0.0,,
arguana,test-international-bldimehbn-con01a,first stage,0.0,0.0,0.0
arguana,test-international-bldimehbn-con01a,cross-encoder,0.0,0.0,0.0
arguana,test-international-bldimehbn-con01a,Jev V1,0.0,0.0,0.0
arguana,test-international-bldimehbn-con01a,Jev V2,0.0,0.0,0.0
arguana,test-international-bldimehbn-con01a,Jev V3,0.0,0.0,0.0
arguana,test-international-bldimehbn-con01a,base (MaxSim@10),0.0,,
arguana,test-international-amehbuaisji-pro02a,first stage,0.6309297535714575,0.5,1.0
arguana,test-international-amehbuaisji-pro02a,cross-encoder,0.5,0.3333333333333333,1.0
arguana,test-international-amehbuaisji-pro02a,Jev V1,0.38685280723454163,0.2,1.0
arguana,test-international-amehbuaisji-pro02a,Jev V2,1.0,1.0,1.0
arguana,test-international-amehbuaisji-pro02a,Jev V3,1.0,1.0,1.0
arguana,test-international-amehbuaisji-pro02a,base (MaxSim@10),0.5,,
arguana,test-international-amehbuaisji-pro01a,first stage,0.0,0.0,0.0
arguana,test-international-amehbuaisji-pro01a,cross-encoder,0.0,0.0,0.0
arguana,test-international-amehbuaisji-pro01a,Jev V1,0.0,0.0,0.0
arguana,test-international-amehbuaisji-pro01a,Jev V2,0.0,0.0,0.0
arguana,test-international-amehbuaisji-pro01a,Jev V3,0.0,0.0,0.0
arguana,test-international-amehbuaisji-pro01a,base (MaxSim@10),0.0,,
arguana,test-international-amehbuaisji-pro03a,first stage,0.0,0.0,0.0
arguana,test-international-amehbuaisji-pro03a,cross-encoder,0.0,0.0,0.0
arguana,test-international-amehbuaisji-pro03a,Jev V1,0.0,0.0,0.0
arguana,test-international-amehbuaisji-pro03a,Jev V2,0.0,0.0,0.0
arguana,test-international-amehbuaisji-pro03a,Jev V3,0.0,0.0,0.0
arguana,test-international-amehbuaisji-pro03a,base (MaxSim@10),0.0,,
arguana,test-international-amehbuaisji-con02a,first stage,0.6309297535714575,0.5,1.0
arguana,test-international-amehbuaisji-con02a,cross-encoder,1.0,1.0,1.0
arguana,test-international-amehbuaisji-con02a,Jev V1,1.0,1.0,1.0
arguana,test-international-amehbuaisji-con02a,Jev V2,1.0,1.0,1.0
arguana,test-international-amehbuaisji-con02a,Jev V3,1.0,1.0,1.0
arguana,test-international-amehbuaisji-con02a,base (MaxSim@10),1.0,,
arguana,test-international-amehbuaisji-con04a,first stage,1.0,1.0,1.0
arguana,test-international-amehbuaisji-con04a,cross-encoder,0.3562071871080222,0.16666666666666666,1.0
arguana,test-international-amehbuaisji-con04a,Jev V1,1.0,1.0,1.0
arguana,test-international-amehbuaisji-con04a,Jev V2,1.0,1.0,1.0
arguana,test-international-amehbuaisji-con04a,Jev V3,1.0,1.0,1.0
arguana,test-international-amehbuaisji-con04a,base (MaxSim@10),1.0,,
arguana,test-international-amehbuaisji-con03a,first stage,0.6309297535714575,0.5,1.0
arguana,test-international-amehbuaisji-con03a,cross-encoder,0.31546487678572877,0.125,1.0
arguana,test-international-amehbuaisji-con03a,Jev V1,0.5,0.3333333333333333,1.0
arguana,test-international-amehbuaisji-con03a,Jev V2,0.43067655807339306,0.25,1.0
arguana,test-international-amehbuaisji-con03a,Jev V3,1.0,1.0,1.0
arguana,test-international-amehbuaisji-con03a,base (MaxSim@10),0.5,,
arguana,test-international-amehbuaisji-con01a,first stage,0.38685280723454163,0.2,1.0
arguana,test-international-amehbuaisji-con01a,cross-encoder,0.43067655807339306,0.25,1.0
arguana,test-international-amehbuaisji-con01a,Jev V1,1.0,1.0,1.0
arguana,test-international-amehbuaisji-con01a,Jev V2,1.0,1.0,1.0
arguana,test-international-amehbuaisji-con01a,Jev V3,1.0,1.0,1.0
arguana,test-international-amehbuaisji-con01a,base (MaxSim@10),0.5,,
arguana,test-international-gpdwhwcusa-pro02a,first stage,1.0,1.0,1.0
arguana,test-international-gpdwhwcusa-pro02a,cross-encoder,1.0,1.0,1.0
arguana,test-international-gpdwhwcusa-pro02a,Jev V1,1.0,1.0,1.0
arguana,test-international-gpdwhwcusa-pro02a,Jev V2,1.0,1.0,1.0
arguana,test-international-gpdwhwcusa-pro02a,Jev V3,1.0,1.0,1.0
arguana,test-international-gpdwhwcusa-pro02a,base (MaxSim@10),1.0,,
arguana,test-international-gpdwhwcusa-pro01a,first stage,1.0,1.0,1.0
arguana,test-international-gpdwhwcusa-pro01a,cross-encoder,1.0,1.0,1.0
arguana,test-international-gpdwhwcusa-pro01a,Jev V1,1.0,1.0,1.0
arguana,test-international-gpdwhwcusa-pro01a,Jev V2,1.0,1.0,1.0
arguana,test-international-gpdwhwcusa-pro01a,Jev V3,1.0,1.0,1.0
arguana,test-international-gpdwhwcusa-pro01a,base (MaxSim@10),1.0,,
arguana,test-international-gpdwhwcusa-pro03a,first stage,1.0,1.0,1.0
arguana,test-international-gpdwhwcusa-pro03a,cross-encoder,1.0,1.0,1.0
arguana,test-international-gpdwhwcusa-pro03a,Jev V1,1.0,1.0,1.0
arguana,test-international-gpdwhwcusa-pro03a,Jev V2,0.6309297535714575,0.5,1.0
arguana,test-international-gpdwhwcusa-pro03a,Jev V3,1.0,1.0,1.0
arguana,test-international-gpdwhwcusa-pro03a,base (MaxSim@10),1.0,,
arguana,test-international-gpdwhwcusa-con02a,first stage,1.0,1.0,1.0
arguana,test-international-gpdwhwcusa-con02a,cross-encoder,1.0,1.0,1.0
arguana,test-international-gpdwhwcusa-con02a,Jev V1,1.0,1.0,1.0
arguana,test-international-gpdwhwcusa-con02a,Jev V2,1.0,1.0,1.0
arguana,test-international-gpdwhwcusa-con02a,Jev V3,1.0,1.0,1.0
arguana,test-international-gpdwhwcusa-con02a,base (MaxSim@10),0.6309297535714575,,
arguana,test-international-gpdwhwcusa-con05a,first stage,0.43067655807339306,0.25,1.0
arguana,test-international-gpdwhwcusa-con05a,cross-encoder,1.0,1.0,1.0
arguana,test-international-gpdwhwcusa-con05a,Jev V1,0.38685280723454163,0.2,1.0
arguana,test-international-gpdwhwcusa-con05a,Jev V2,0.38685280723454163,0.2,1.0
arguana,test-international-gpdwhwcusa-con05a,Jev V3,0.43067655807339306,0.25,1.0
arguana,test-international-gpdwhwcusa-con05a,base (MaxSim@10),0.6309297535714575,,
arguana,test-international-gpdwhwcusa-con04a,first stage,1.0,1.0,1.0
arguana,test-international-gpdwhwcusa-con04a,cross-encoder,1.0,1.0,1.0
arguana,test-international-gpdwhwcusa-con04a,Jev V1,1.0,1.0,1.0
arguana,test-international-gpdwhwcusa-con04a,Jev V2,1.0,1.0,1.0
arguana,test-international-gpdwhwcusa-con04a,Jev V3,1.0,1.0,1.0
arguana,test-international-gpdwhwcusa-con04a,base (MaxSim@10),1.0,,
arguana,test-international-gpdwhwcusa-con03a,first stage,1.0,1.0,1.0
arguana,test-international-gpdwhwcusa-con03a,cross-encoder,1.0,1.0,1.0
arguana,test-international-gpdwhwcusa-con03a,Jev V1,1.0,1.0,1.0
arguana,test-international-gpdwhwcusa-con03a,Jev V2,0.43067655807339306,0.25,1.0
arguana,test-international-gpdwhwcusa-con03a,Jev V3,1.0,1.0,1.0
arguana,test-international-gpdwhwcusa-con03a,base (MaxSim@10),1.0,,
arguana,test-international-gpdwhwcusa-con01a,first stage,0.43067655807339306,0.25,1.0
arguana,test-international-gpdwhwcusa-con01a,cross-encoder,0.43067655807339306,0.25,1.0
arguana,test-international-gpdwhwcusa-con01a,Jev V1,1.0,1.0,1.0
arguana,test-international-gpdwhwcusa-con01a,Jev V2,0.5,0.3333333333333333,1.0
arguana,test-international-gpdwhwcusa-con01a,Jev V3,1.0,1.0,1.0
arguana,test-international-gpdwhwcusa-con01a,base (MaxSim@10),0.6309297535714575,,
arguana,test-international-ghbunhf-pro02a,first stage,0.6309297535714575,0.5,1.0
arguana,test-international-ghbunhf-pro02a,cross-encoder,1.0,1.0,1.0
arguana,test-international-ghbunhf-pro02a,Jev V1,1.0,1.0,1.0
arguana,test-international-ghbunhf-pro02a,Jev V2,1.0,1.0,1.0
arguana,test-international-ghbunhf-pro02a,Jev V3,1.0,1.0,1.0
arguana,test-international-ghbunhf-pro02a,base (MaxSim@10),0.5,,
arguana,test-international-ghbunhf-pro05a,first stage,0.3562071871080222,0.16666666666666666,1.0
arguana,test-international-ghbunhf-pro05a,cross-encoder,0.5,0.3333333333333333,1.0
arguana,test-international-ghbunhf-pro05a,Jev V1,0.5,0.3333333333333333,1.0
arguana,test-international-ghbunhf-pro05a,Jev V2,0.6309297535714575,0.5,1.0
arguana,test-international-ghbunhf-pro05a,Jev V3,0.6309297535714575,0.5,1.0
arguana,test-international-ghbunhf-pro05a,base (MaxSim@10),0.3868528072345416,,
arguana,test-international-ghbunhf-pro01a,first stage,1.0,1.0,1.0
arguana,test-international-ghbunhf-pro01a,cross-encoder,0.6309297535714575,0.5,1.0
arguana,test-international-ghbunhf-pro01a,Jev V1,1.0,1.0,1.0
arguana,test-international-ghbunhf-pro01a,Jev V2,1.0,1.0,1.0
arguana,test-international-ghbunhf-pro01a,Jev V3,1.0,1.0,1.0
arguana,test-international-ghbunhf-pro01a,base (MaxSim@10),0.6309297535714575,,
arguana,test-international-ghbunhf-pro03a,first stage,1.0,1.0,1.0
arguana,test-international-ghbunhf-pro03a,cross-encoder,1.0,1.0,1.0
arguana,test-international-ghbunhf-pro03a,Jev V1,1.0,1.0,1.0
arguana,test-international-ghbunhf-pro03a,Jev V2,0.43067655807339306,0.25,1.0
arguana,test-international-ghbunhf-pro03a,Jev V3,1.0,1.0,1.0
arguana,test-international-ghbunhf-pro03a,base (MaxSim@10),1.0,,
arguana,test-international-ghbunhf-pro04a,first stage,0.6309297535714575,0.5,1.0
arguana,test-international-ghbunhf-pro04a,cross-encoder,1.0,1.0,1.0
arguana,test-international-ghbunhf-pro04a,Jev V1,1.0,1.0,1.0
arguana,test-international-ghbunhf-pro04a,Jev V2,1.0,1.0,1.0
arguana,test-international-ghbunhf-pro04a,Jev V3,1.0,1.0,1.0
arguana,test-international-ghbunhf-pro04a,base (MaxSim@10),0.430676558073393,,
arguana,test-international-ghbunhf-con02a,first stage,1.0,1.0,1.0
arguana,test-international-ghbunhf-con02a,cross-encoder,0.6309297535714575,0.5,1.0
arguana,test-international-ghbunhf-con02a,Jev V1,1.0,1.0,1.0
arguana,test-international-ghbunhf-con02a,Jev V2,1.0,1.0,1.0
arguana,test-international-ghbunhf-con02a,Jev V3,1.0,1.0,1.0
arguana,test-international-ghbunhf-con02a,base (MaxSim@10),0.430676558073393,,
arguana,test-international-ghbunhf-con05a,first stage,1.0,1.0,1.0
arguana,test-international-ghbunhf-con05a,cross-encoder,1.0,1.0,1.0
arguana,test-international-ghbunhf-con05a,Jev V1,1.0,1.0,1.0
arguana,test-international-ghbunhf-con05a,Jev V2,0.6309297535714575,0.5,1.0
arguana,test-international-ghbunhf-con05a,Jev V3,1.0,1.0,1.0
arguana,test-international-ghbunhf-con05a,base (MaxSim@10),1.0,,
arguana,test-international-ghbunhf-con04a,first stage,0.0,0.0,0.0
arguana,test-international-ghbunhf-con04a,cross-encoder,0.43067655807339306,0.25,1.0
arguana,test-international-ghbunhf-con04a,Jev V1,0.3333333333333333,0.14285714285714285,1.0
arguana,test-international-ghbunhf-con04a,Jev V2,0.38685280723454163,0.2,1.0
arguana,test-international-ghbunhf-con04a,Jev V3,0.6309297535714575,0.5,1.0
arguana,test-international-ghbunhf-con04a,base (MaxSim@10),0.0,,
arguana,test-international-ghbunhf-con03a,first stage,0.6309297535714575,0.5,1.0
arguana,test-international-ghbunhf-con03a,cross-encoder,1.0,1.0,1.0
arguana,test-international-ghbunhf-con03a,Jev V1,0.6309297535714575,0.5,1.0
arguana,test-international-ghbunhf-con03a,Jev V2,0.0,0.0,0.0
arguana,test-international-ghbunhf-con03a,Jev V3,1.0,1.0,1.0
arguana,test-international-ghbunhf-con03a,base (MaxSim@10),0.6309297535714575,,
arguana,test-international-ghbunhf-con01a,first stage,1.0,1.0,1.0
arguana,test-international-ghbunhf-con01a,cross-encoder,1.0,1.0,1.0
arguana,test-international-ghbunhf-con01a,Jev V1,1.0,1.0,1.0
arguana,test-international-ghbunhf-con01a,Jev V2,0.6309297535714575,0.5,1.0
arguana,test-international-ghbunhf-con01a,Jev V3,1.0,1.0,1.0
arguana,test-international-ghbunhf-con01a,base (MaxSim@10),0.6309297535714575,,
arguana,test-international-aghwrem-pro02a,first stage,0.5,0.3333333333333333,1.0
arguana,test-international-aghwrem-pro02a,cross-encoder,1.0,1.0,1.0
arguana,test-international-aghwrem-pro02a,Jev V1,0.6309297535714575,0.5,1.0
arguana,test-international-aghwrem-pro02a,Jev V2,1.0,1.0,1.0
arguana,test-international-aghwrem-pro02a,Jev V3,0.6309297535714575,0.5,1.0
arguana,test-international-aghwrem-pro02a,base (MaxSim@10),1.0,,
arguana,test-international-aghwrem-pro05a,first stage,0.5,0.3333333333333333,1.0
arguana,test-international-aghwrem-pro05a,cross-encoder,1.0,1.0,1.0
arguana,test-international-aghwrem-pro05a,Jev V1,0.5,0.3333333333333333,1.0
arguana,test-international-aghwrem-pro05a,Jev V2,1.0,1.0,1.0
arguana,test-international-aghwrem-pro05a,Jev V3,1.0,1.0,1.0
arguana,test-international-aghwrem-pro05a,base (MaxSim@10),0.3562071871080222,,
arguana,test-international-aghwrem-pro01a,first stage,1.0,1.0,1.0
arguana,test-international-aghwrem-pro01a,cross-encoder,1.0,1.0,1.0
arguana,test-international-aghwrem-pro01a,Jev V1,1.0,1.0,1.0
arguana,test-international-aghwrem-pro01a,Jev V2,0.6309297535714575,0.5,1.0
arguana,test-international-aghwrem-pro01a,Jev V3,1.0,1.0,1.0
arguana,test-international-aghwrem-pro01a,base (MaxSim@10),0.6309297535714575,,
arguana,test-international-aghwrem-pro03a,first stage,0.38685280723454163,0.2,1.0
arguana,test-international-aghwrem-pro03a,cross-encoder,0.43067655807339306,0.25,1.0
arguana,test-international-aghwrem-pro03a,Jev V1,0.6309297535714575,0.5,1.0
arguana,test-international-aghwrem-pro03a,Jev V2,0.3333333333333333,0.14285714285714285,1.0
arguana,test-international-aghwrem-pro03a,Jev V3,1.0,1.0,1.0
arguana,test-international-aghwrem-pro03a,base (MaxSim@10),0.6309297535714575,,
arguana,test-international-aghwrem-pro04a,first stage,1.0,1.0,1.0
arguana,test-international-aghwrem-pro04a,cross-encoder,0.5,0.3333333333333333,1.0
arguana,test-international-aghwrem-pro04a,Jev V1,1.0,1.0,1.0
arguana,test-international-aghwrem-pro04a,Jev V2,0.6309297535714575,0.5,1.0
arguana,test-international-aghwrem-pro04a,Jev V3,1.0,1.0,1.0
arguana,test-international-aghwrem-pro04a,base (MaxSim@10),1.0,,
arguana,test-international-aghwrem-con02a,first stage,0.43067655807339306,0.25,1.0
arguana,test-international-aghwrem-con02a,cross-encoder,1.0,1.0,1.0
arguana,test-international-aghwrem-con02a,Jev V1,0.6309297535714575,0.5,1.0
arguana,test-international-aghwrem-con02a,Jev V2,0.3562071871080222,0.16666666666666666,1.0
arguana,test-international-aghwrem-con02a,Jev V3,1.0,1.0,1.0
arguana,test-international-aghwrem-con02a,base (MaxSim@10),1.0,,
arguana,test-international-aghwrem-con04a,first stage,1.0,1.0,1.0
arguana,test-international-aghwrem-con04a,cross-encoder,1.0,1.0,1.0
arguana,test-international-aghwrem-con04a,Jev V1,0.6309297535714575,0.5,1.0
arguana,test-international-aghwrem-con04a,Jev V2,1.0,1.0,1.0
arguana,test-international-aghwrem-con04a,Jev V3,1.0,1.0,1.0
arguana,test-international-aghwrem-con04a,base (MaxSim@10),1.0,,
arguana,test-international-aghwrem-con03a,first stage,1.0,1.0,1.0
arguana,test-international-aghwrem-con03a,cross-encoder,0.3562071871080222,0.16666666666666666,1.0
arguana,test-international-aghwrem-con03a,Jev V1,0.0,0.0,0.0
arguana,test-international-aghwrem-con03a,Jev V2,0.3562071871080222,0.16666666666666666,1.0
arguana,test-international-aghwrem-con03a,Jev V3,0.5,0.3333333333333333,1.0
arguana,test-international-aghwrem-con03a,base (MaxSim@10),0.5,,
arguana,test-international-aghwrem-con01a,first stage,0.6309297535714575,0.5,1.0
arguana,test-international-aghwrem-con01a,cross-encoder,1.0,1.0,1.0
arguana,test-international-aghwrem-con01a,Jev V1,1.0,1.0,1.0
arguana,test-international-aghwrem-con01a,Jev V2,0.5,0.3333333333333333,1.0
arguana,test-international-aghwrem-con01a,Jev V3,0.6309297535714575,0.5,1.0
arguana,test-international-aghwrem-con01a,base (MaxSim@10),0.3868528072345416,,
arguana,test-international-bmaggiahbl-pro02a,first stage,1.0,1.0,1.0
arguana,test-international-bmaggiahbl-pro02a,cross-encoder,1.0,1.0,1.0
arguana,test-international-bmaggiahbl-pro02a,Jev V1,1.0,1.0,1.0
arguana,test-international-bmaggiahbl-pro02a,Jev V2,1.0,1.0,1.0
arguana,test-international-bmaggiahbl-pro02a,Jev V3,1.0,1.0,1.0
arguana,test-international-bmaggiahbl-pro02a,base (MaxSim@10),1.0,,
arguana,test-international-bmaggiahbl-pro01a,first stage,1.0,1.0,1.0
arguana,test-international-bmaggiahbl-pro01a,cross-encoder,1.0,1.0,1.0
arguana,test-international-bmaggiahbl-pro01a,Jev V1,1.0,1.0,1.0
arguana,test-international-bmaggiahbl-pro01a,Jev V2,0.6309297535714575,0.5,1.0
arguana,test-international-bmaggiahbl-pro01a,Jev V3,1.0,1.0,1.0
arguana,test-international-bmaggiahbl-pro01a,base (MaxSim@10),1.0,,
arguana,test-international-bmaggiahbl-pro03a,first stage,0.5,0.3333333333333333,1.0
arguana,test-international-bmaggiahbl-pro03a,cross-encoder,1.0,1.0,1.0
arguana,test-international-bmaggiahbl-pro03a,Jev V1,1.0,1.0,1.0
arguana,test-international-bmaggiahbl-pro03a,Jev V2,1.0,1.0,1.0
arguana,test-international-bmaggiahbl-pro03a,Jev V3,1.0,1.0,1.0
arguana,test-international-bmaggiahbl-pro03a,base (MaxSim@10),0.3868528072345416,,
arguana,test-international-bmaggiahbl-con02a,first stage,0.6309297535714575,0.5,1.0
arguana,test-international-bmaggiahbl-con02a,cross-encoder,1.0,1.0,1.0
arguana,test-international-bmaggiahbl-con02a,Jev V1,0.43067655807339306,0.25,1.0
arguana,test-international-bmaggiahbl-con02a,Jev V2,0.31546487678572877,0.125,1.0
arguana,test-international-bmaggiahbl-con02a,Jev V3,1.0,1.0,1.0
arguana,test-international-bmaggiahbl-con02a,base (MaxSim@10),1.0,,
arguana,test-international-bmaggiahbl-con03a,first stage,0.3333333333333333,0.14285714285714285,1.0
arguana,test-international-bmaggiahbl-con03a,cross-encoder,1.0,1.0,1.0
arguana,test-international-bmaggiahbl-con03a,Jev V1,1.0,1.0,1.0
arguana,test-international-bmaggiahbl-con03a,Jev V2,1.0,1.0,1.0
arguana,test-international-bmaggiahbl-con03a,Jev V3,1.0,1.0,1.0
arguana,test-international-bmaggiahbl-con03a,base (MaxSim@10),0.3333333333333333,,
arguana,test-international-bmaggiahbl-con01a,first stage,1.0,1.0,1.0
arguana,test-international-bmaggiahbl-con01a,cross-encoder,1.0,1.0,1.0
arguana,test-international-bmaggiahbl-con01a,Jev V1,0.6309297535714575,0.5,1.0
arguana,test-international-bmaggiahbl-con01a,Jev V2,1.0,1.0,1.0
arguana,test-international-bmaggiahbl-con01a,Jev V3,1.0,1.0,1.0
arguana,test-international-bmaggiahbl-con01a,base (MaxSim@10),1.0,,
arguana,test-international-appghblsba-pro02a,first stage,1.0,1.0,1.0
arguana,test-international-appghblsba-pro02a,cross-encoder,1.0,1.0,1.0
arguana,test-international-appghblsba-pro02a,Jev V1,0.38685280723454163,0.2,1.0
arguana,test-international-appghblsba-pro02a,Jev V2,0.6309297535714575,0.5,1.0
arguana,test-international-appghblsba-pro02a,Jev V3,1.0,1.0,1.0
arguana,test-international-appghblsba-pro02a,base (MaxSim@10),1.0,,
arguana,test-international-appghblsba-pro01a,first stage,0.5,0.3333333333333333,1.0
arguana,test-international-appghblsba-pro01a,cross-encoder,1.0,1.0,1.0
arguana,test-international-appghblsba-pro01a,Jev V1,0.6309297535714575,0.5,1.0
arguana,test-international-appghblsba-pro01a,Jev V2,0.43067655807339306,0.25,1.0
arguana,test-international-appghblsba-pro01a,Jev V3,1.0,1.0,1.0
arguana,test-international-appghblsba-pro01a,base (MaxSim@10),1.0,,
arguana,test-international-appghblsba-pro03a,first stage,0.0,0.0,0.0
arguana,test-international-appghblsba-pro03a,cross-encoder,0.5,0.3333333333333333,1.0
arguana,test-international-appghblsba-pro03a,Jev V1,0.3562071871080222,0.16666666666666666,1.0
arguana,test-international-appghblsba-pro03a,Jev V2,0.43067655807339306,0.25,1.0
arguana,test-international-appghblsba-pro03a,Jev V3,0.43067655807339306,0.25,1.0
arguana,test-international-appghblsba-pro03a,base (MaxSim@10),0.0,,
arguana,test-international-appghblsba-pro04a,first stage,0.3010299956639812,0.1111111111111111,1.0
arguana,test-international-appghblsba-pro04a,cross-encoder,0.43067655807339306,0.25,1.0
arguana,test-international-appghblsba-pro04a,Jev V1,0.43067655807339306,0.25,1.0
arguana,test-international-appghblsba-pro04a,Jev V2,0.38685280723454163,0.2,1.0
arguana,test-international-appghblsba-pro04a,Jev V3,0.5,0.3333333333333333,1.0
arguana,test-international-appghblsba-pro04a,base (MaxSim@10),0.3333333333333333,,
arguana,test-international-appghblsba-con02a,first stage,0.3562071871080222,0.16666666666666666,1.0
arguana,test-international-appghblsba-con02a,cross-encoder,1.0,1.0,1.0
arguana,test-international-appghblsba-con02a,Jev V1,1.0,1.0,1.0
arguana,test-international-appghblsba-con02a,Jev V2,0.43067655807339306,0.25,1.0
arguana,test-international-appghblsba-con02a,Jev V3,0.6309297535714575,0.5,1.0
arguana,test-international-appghblsba-con02a,base (MaxSim@10),0.6309297535714575,,
arguana,test-international-appghblsba-con03a,first stage,0.6309297535714575,0.5,1.0
arguana,test-international-appghblsba-con03a,cross-encoder,1.0,1.0,1.0
arguana,test-international-appghblsba-con03a,Jev V1,1.0,1.0,1.0
arguana,test-international-appghblsba-con03a,Jev V2,1.0,1.0,1.0
arguana,test-international-appghblsba-con03a,Jev V3,1.0,1.0,1.0
arguana,test-international-appghblsba-con03a,base (MaxSim@10),0.6309297535714575,,
arguana,test-international-appghblsba-con01a,first stage,0.43067655807339306,0.25,1.0
arguana,test-international-appghblsba-con01a,cross-encoder,1.0,1.0,1.0
arguana,test-international-appghblsba-con01a,Jev V1,1.0,1.0,1.0
arguana,test-international-appghblsba-con01a,Jev V2,0.3562071871080222,0.16666666666666666,1.0
arguana,test-international-appghblsba-con01a,Jev V3,0.43067655807339306,0.25,1.0
arguana,test-international-appghblsba-con01a,base (MaxSim@10),0.3562071871080222,,
arguana,test-international-ehbfe-pro02a,first stage,0.5,0.3333333333333333,1.0
arguana,test-international-ehbfe-pro02a,cross-encoder,0.6309297535714575,0.5,1.0
arguana,test-international-ehbfe-pro02a,Jev V1,0.6309297535714575,0.5,1.0
arguana,test-international-ehbfe-pro02a,Jev V2,1.0,1.0,1.0
arguana,test-international-ehbfe-pro02a,Jev V3,1.0,1.0,1.0
arguana,test-international-ehbfe-pro02a,base (MaxSim@10),0.6309297535714575,,
arguana,test-international-ehbfe-pro05a,first stage,1.0,1.0,1.0
arguana,test-international-ehbfe-pro05a,cross-encoder,1.0,1.0,1.0
arguana,test-international-ehbfe-pro05a,Jev V1,1.0,1.0,1.0
arguana,test-international-ehbfe-pro05a,Jev V2,1.0,1.0,1.0
arguana,test-international-ehbfe-pro05a,Jev V3,1.0,1.0,1.0
arguana,test-international-ehbfe-pro05a,base (MaxSim@10),1.0,,
arguana,test-international-ehbfe-pro01a,first stage,0.0,0.0,0.0
arguana,test-international-ehbfe-pro01a,cross-encoder,0.6309297535714575,0.5,1.0
arguana,test-international-ehbfe-pro01a,Jev V1,0.3333333333333333,0.14285714285714285,1.0
arguana,test-international-ehbfe-pro01a,Jev V2,1.0,1.0,1.0
arguana,test-international-ehbfe-pro01a,Jev V3,0.31546487678572877,0.125,1.0
arguana,test-international-ehbfe-pro01a,base (MaxSim@10),0.0,,
arguana,test-international-ehbfe-pro03a,first stage,1.0,1.0,1.0
arguana,test-international-ehbfe-pro03a,cross-encoder,1.0,1.0,1.0
arguana,test-international-ehbfe-pro03a,Jev V1,1.0,1.0,1.0
arguana,test-international-ehbfe-pro03a,Jev V2,1.0,1.0,1.0
arguana,test-international-ehbfe-pro03a,Jev V3,1.0,1.0,1.0
arguana,test-international-ehbfe-pro03a,base (MaxSim@10),1.0,,
arguana,test-international-ehbfe-pro04a,first stage,0.6309297535714575,0.5,1.0
arguana,test-international-ehbfe-pro04a,cross-encoder,1.0,1.0,1.0
arguana,test-international-ehbfe-pro04a,Jev V1,0.5,0.3333333333333333,1.0
arguana,test-international-ehbfe-pro04a,Jev V2,0.6309297535714575,0.5,1.0
arguana,test-international-ehbfe-pro04a,Jev V3,1.0,1.0,1.0
arguana,test-international-ehbfe-pro04a,base (MaxSim@10),0.3868528072345416,,
arguana,test-international-ehbfe-con02a,first stage,0.6309297535714575,0.5,1.0
arguana,test-international-ehbfe-con02a,cross-encoder,0.6309297535714575,0.5,1.0
arguana,test-international-ehbfe-con02a,Jev V1,1.0,1.0,1.0
arguana,test-international-ehbfe-con02a,Jev V2,0.6309297535714575,0.5,1.0
arguana,test-international-ehbfe-con02a,Jev V3,1.0,1.0,1.0
arguana,test-international-ehbfe-con02a,base (MaxSim@10),1.0,,
arguana,test-international-ehbfe-con04a,first stage,0.43067655807339306,0.25,1.0
arguana,test-international-ehbfe-con04a,cross-encoder,0.5,0.3333333333333333,1.0
arguana,test-international-ehbfe-con04a,Jev V1,0.5,0.3333333333333333,1.0
arguana,test-international-ehbfe-con04a,Jev V2,0.6309297535714575,0.5,1.0
arguana,test-international-ehbfe-con04a,Jev V3,0.6309297535714575,0.5,1.0
arguana,test-international-ehbfe-con04a,base (MaxSim@10),0.430676558073393,,
arguana,test-international-ehbfe-con03a,first stage,0.0,0.0,0.0
arguana,test-international-ehbfe-con03a,cross-encoder,1.0,1.0,1.0
arguana,test-international-ehbfe-con03a,Jev V1,0.3562071871080222,0.16666666666666666,1.0
arguana,test-international-ehbfe-con03a,Jev V2,0.3562071871080222,0.16666666666666666,1.0
arguana,test-international-ehbfe-con03a,Jev V3,0.5,0.3333333333333333,1.0
arguana,test-international-ehbfe-con03a,base (MaxSim@10),0.0,,
arguana,test-international-ehbfe-con01a,first stage,0.6309297535714575,0.5,1.0
arguana,test-international-ehbfe-con01a,cross-encoder,1.0,1.0,1.0
arguana,test-international-ehbfe-con01a,Jev V1,1.0,1.0,1.0
arguana,test-international-ehbfe-con01a,Jev V2,0.31546487678572877,0.125,1.0
arguana,test-international-ehbfe-con01a,Jev V3,0.6309297535714575,0.5,1.0
arguana,test-international-ehbfe-con01a,base (MaxSim@10),1.0,,
arguana,test-international-iiahwagit-pro02a,first stage,0.3562071871080222,0.16666666666666666,1.0
arguana,test-international-iiahwagit-pro02a,cross-encoder,0.5,0.3333333333333333,1.0
arguana,test-international-iiahwagit-pro02a,Jev V1,0.6309297535714575,0.5,1.0
arguana,test-international-iiahwagit-pro02a,Jev V2,0.6309297535714575,0.5,1.0
arguana,test-international-iiahwagit-pro02a,Jev V3,0.43067655807339306,0.25,1.0
arguana,test-international-iiahwagit-pro02a,base (MaxSim@10),0.3562071871080222,,
arguana,test-international-iiahwagit-pro05a,first stage,0.0,0.0,0.0
arguana,test-international-iiahwagit-pro05a,cross-encoder,0.43067655807339306,0.25,1.0
arguana,test-international-iiahwagit-pro05a,Jev V1,0.6309297535714575,0.5,1.0
arguana,test-international-iiahwagit-pro05a,Jev V2,1.0,1.0,1.0
arguana,test-international-iiahwagit-pro05a,Jev V3,0.31546487678572877,0.125,1.0
arguana,test-international-iiahwagit-pro05a,base (MaxSim@10),0.0,,
arguana,test-international-iiahwagit-pro01a,first stage,0.0,0.0,0.0
arguana,test-international-iiahwagit-pro01a,cross-encoder,0.3562071871080222,0.16666666666666666,1.0
arguana,test-international-iiahwagit-pro01a,Jev V1,0.38685280723454163,0.2,1.0
arguana,test-international-iiahwagit-pro01a,Jev V2,0.3333333333333333,0.14285714285714285,1.0
arguana,test-international-iiahwagit-pro01a,Jev V3,0.0,0.0,0.0
arguana,test-international-iiahwagit-pro01a,base (MaxSim@10),0.0,,
arguana,test-international-iiahwagit-pro03a,first stage,0.5,0.3333333333333333,1.0
arguana,test-international-iiahwagit-pro03a,cross-encoder,1.0,1.0,1.0
arguana,test-international-iiahwagit-pro03a,Jev V1,0.6309297535714575,0.5,1.0
arguana,test-international-iiahwagit-pro03a,Jev V2,1.0,1.0,1.0
arguana,test-international-iiahwagit-pro03a,Jev V3,0.6309297535714575,0.5,1.0
arguana,test-international-iiahwagit-pro03a,base (MaxSim@10),0.5,,
arguana,test-international-iiahwagit-pro04a,first stage,0.2890648263178879,0.1,1.0
arguana,test-international-iiahwagit-pro04a,cross-encoder,0.6309297535714575,0.5,1.0
arguana,test-international-iiahwagit-pro04a,Jev V1,1.0,1.0,1.0
arguana,test-international-iiahwagit-pro04a,Jev V2,0.5,0.3333333333333333,1.0
arguana,test-international-iiahwagit-pro04a,Jev V3,0.43067655807339306,0.25,1.0
arguana,test-international-iiahwagit-pro04a,base (MaxSim@10),0.3562071871080222,,
arguana,test-international-iiahwagit-con02a,first stage,0.43067655807339306,0.25,1.0
arguana,test-international-iiahwagit-con02a,cross-encoder,1.0,1.0,1.0
arguana,test-international-iiahwagit-con02a,Jev V1,1.0,1.0,1.0
arguana,test-international-iiahwagit-con02a,Jev V2,1.0,1.0,1.0
arguana,test-international-iiahwagit-con02a,Jev V3,0.6309297535714575,0.5,1.0
arguana,test-international-iiahwagit-con02a,base (MaxSim@10),0.5,,
arguana,test-international-iiahwagit-con04a,first stage,0.31546487678572877,0.125,1.0
arguana,test-international-iiahwagit-con04a,cross-encoder,0.5,0.3333333333333333,1.0
arguana,test-international-iiahwagit-con04a,Jev V1,0.3333333333333333,0.14285714285714285,1.0
arguana,test-international-iiahwagit-con04a,Jev V2,1.0,1.0,1.0
arguana,test-international-iiahwagit-con04a,Jev V3,0.43067655807339306,0.25,1.0
arguana,test-international-iiahwagit-con04a,base (MaxSim@10),0.3562071871080222,,
arguana,test-international-iiahwagit-con03a,first stage,0.38685280723454163,0.2,1.0
arguana,test-international-iiahwagit-con03a,cross-encoder,0.6309297535714575,0.5,1.0
arguana,test-international-iiahwagit-con03a,Jev V1,0.6309297535714575,0.5,1.0
arguana,test-international-iiahwagit-con03a,Jev V2,0.6309297535714575,0.5,1.0
arguana,test-international-iiahwagit-con03a,Jev V3,0.6309297535714575,0.5,1.0
arguana,test-international-iiahwagit-con03a,base (MaxSim@10),0.3154648767857287,,
arguana,test-international-iiahwagit-con01a,first stage,0.0,0.0,0.0
arguana,test-international-iiahwagit-con01a,cross-encoder,0.0,0.0,0.0
arguana,test-international-iiahwagit-con01a,Jev V1,0.0,0.0,0.0
arguana,test-international-iiahwagit-con01a,Jev V2,0.0,0.0,0.0
arguana,test-international-iiahwagit-con01a,Jev V3,0.0,0.0,0.0
arguana,test-international-iiahwagit-con01a,base (MaxSim@10),0.0,,
arguana,test-international-epvhwhranet-pro02a,first stage,0.6309297535714575,0.5,1.0
arguana,test-international-epvhwhranet-pro02a,cross-encoder,0.5,0.3333333333333333,1.0
arguana,test-international-epvhwhranet-pro02a,Jev V1,0.43067655807339306,0.25,1.0
arguana,test-international-epvhwhranet-pro02a,Jev V2,0.5,0.3333333333333333,1.0
arguana,test-international-epvhwhranet-pro02a,Jev V3,1.0,1.0,1.0
arguana,test-international-epvhwhranet-pro02a,base (MaxSim@10),0.6309297535714575,,
arguana,test-international-epvhwhranet-pro01a,first stage,1.0,1.0,1.0
arguana,test-international-epvhwhranet-pro01a,cross-encoder,1.0,1.0,1.0
arguana,test-international-epvhwhranet-pro01a,Jev V1,1.0,1.0,1.0
arguana,test-international-epvhwhranet-pro01a,Jev V2,1.0,1.0,1.0
arguana,test-international-epvhwhranet-pro01a,Jev V3,1.0,1.0,1.0
arguana,test-international-epvhwhranet-pro01a,base (MaxSim@10),1.0,,
arguana,test-international-epvhwhranet-pro03a,first stage,0.0,0.0,0.0
arguana,test-international-epvhwhranet-pro03a,cross-encoder,0.31546487678572877,0.125,1.0
arguana,test-international-epvhwhranet-pro03a,Jev V1,0.38685280723454163,0.2,1.0
arguana,test-international-epvhwhranet-pro03a,Jev V2,0.43067655807339306,0.25,1.0
arguana,test-international-epvhwhranet-pro03a,Jev V3,0.6309297535714575,0.5,1.0
arguana,test-international-epvhwhranet-pro03a,base (MaxSim@10),0.0,,
arguana,test-international-epvhwhranet-con02a,first stage,1.0,1.0,1.0
arguana,test-international-epvhwhranet-con02a,cross-encoder,1.0,1.0,1.0
arguana,test-international-epvhwhranet-con02a,Jev V1,1.0,1.0,1.0
arguana,test-international-epvhwhranet-con02a,Jev V2,1.0,1.0,1.0
arguana,test-international-epvhwhranet-con02a,Jev V3,0.6309297535714575,0.5,1.0
arguana,test-international-epvhwhranet-con02a,base (MaxSim@10),1.0,,
arguana,test-international-epvhwhranet-con04a,first stage,1.0,1.0,1.0
arguana,test-international-epvhwhranet-con04a,cross-encoder,0.6309297535714575,0.5,1.0
arguana,test-international-epvhwhranet-con04a,Jev V1,1.0,1.0,1.0
arguana,test-international-epvhwhranet-con04a,Jev V2,1.0,1.0,1.0
arguana,test-international-epvhwhranet-con04a,Jev V3,1.0,1.0,1.0
arguana,test-international-epvhwhranet-con04a,base (MaxSim@10),1.0,,
arguana,test-international-epvhwhranet-con03a,first stage,0.3562071871080222,0.16666666666666666,1.0
arguana,test-international-epvhwhranet-con03a,cross-encoder,1.0,1.0,1.0
arguana,test-international-epvhwhranet-con03a,Jev V1,0.5,0.3333333333333333,1.0
arguana,test-international-epvhwhranet-con03a,Jev V2,1.0,1.0,1.0
arguana,test-international-epvhwhranet-con03a,Jev V3,1.0,1.0,1.0
arguana,test-international-epvhwhranet-con03a,base (MaxSim@10),0.3868528072345416,,
arguana,test-international-epvhwhranet-con01a,first stage,0.38685280723454163,0.2,1.0
arguana,test-international-epvhwhranet-con01a,cross-encoder,1.0,1.0,1.0
arguana,test-international-epvhwhranet-con01a,Jev V1,1.0,1.0,1.0
arguana,test-international-epvhwhranet-con01a,Jev V2,1.0,1.0,1.0
arguana,test-international-epvhwhranet-con01a,Jev V3,1.0,1.0,1.0
arguana,test-international-epvhwhranet-con01a,base (MaxSim@10),1.0,,
arguana,test-international-aglhrilhb-pro02a,first stage,0.2890648263178879,0.1,1.0
arguana,test-international-aglhrilhb-pro02a,cross-encoder,0.5,0.3333333333333333,1.0
arguana,test-international-aglhrilhb-pro02a,Jev V1,0.6309297535714575,0.5,1.0
arguana,test-international-aglhrilhb-pro02a,Jev V2,1.0,1.0,1.0
arguana,test-international-aglhrilhb-pro02a,Jev V3,0.6309297535714575,0.5,1.0
arguana,test-international-aglhrilhb-pro02a,base (MaxSim@10),0.2890648263178879,,
arguana,test-international-aglhrilhb-pro01a,first stage,0.0,0.0,0.0
arguana,test-international-aglhrilhb-pro01a,cross-encoder,0.0,0.0,0.0
arguana,test-international-aglhrilhb-pro01a,Jev V1,0.0,0.0,0.0
arguana,test-international-aglhrilhb-pro01a,Jev V2,0.0,0.0,0.0
arguana,test-international-aglhrilhb-pro01a,Jev V3,0.0,0.0,0.0
arguana,test-international-aglhrilhb-pro01a,base (MaxSim@10),0.0,,
arguana,test-international-aglhrilhb-pro03a,first stage,0.0,0.0,0.0
arguana,test-international-aglhrilhb-pro03a,cross-encoder,1.0,1.0,1.0
arguana,test-international-aglhrilhb-pro03a,Jev V1,0.6309297535714575,0.5,1.0
arguana,test-international-aglhrilhb-pro03a,Jev V2,0.6309297535714575,0.5,1.0
arguana,test-international-aglhrilhb-pro03a,Jev V3,1.0,1.0,1.0
arguana,test-international-aglhrilhb-pro03a,base (MaxSim@10),0.0,,
arguana,test-international-aglhrilhb-pro04a,first stage,0.3562071871080222,0.16666666666666666,1.0
arguana,test-international-aglhrilhb-pro04a,cross-encoder,0.38685280723454163,0.2,1.0
arguana,test-international-aglhrilhb-pro04a,Jev V1,0.6309297535714575,0.5,1.0
arguana,test-international-aglhrilhb-pro04a,Jev V2,0.6309297535714575,0.5,1.0
arguana,test-international-aglhrilhb-pro04a,Jev V3,1.0,1.0,1.0
arguana,test-international-aglhrilhb-pro04a,base (MaxSim@10),0.430676558073393,,
arguana,test-international-aglhrilhb-con02a,first stage,0.0,0.0,0.0
arguana,test-international-aglhrilhb-con02a,cross-encoder,1.0,1.0,1.0
arguana,test-international-aglhrilhb-con02a,Jev V1,0.6309297535714575,0.5,1.0
arguana,test-international-aglhrilhb-con02a,Jev V2,1.0,1.0,1.0
arguana,test-international-aglhrilhb-con02a,Jev V3,1.0,1.0,1.0
arguana,test-international-aglhrilhb-con02a,base (MaxSim@10),0.0,,
arguana,test-international-aglhrilhb-con03a,first stage,0.31546487678572877,0.125,1.0
arguana,test-international-aglhrilhb-con03a,cross-encoder,1.0,1.0,1.0
arguana,test-international-aglhrilhb-con03a,Jev V1,0.0,0.0,0.0
arguana,test-international-aglhrilhb-con03a,Jev V2,0.3010299956639812,0.1111111111111111,1.0
arguana,test-international-aglhrilhb-con03a,Jev V3,0.31546487678572877,0.125,1.0
arguana,test-international-aglhrilhb-con03a,base (MaxSim@10),0.2890648263178879,,
arguana,test-international-aglhrilhb-con01a,first stage,0.0,0.0,0.0
arguana,test-international-aglhrilhb-con01a,cross-encoder,0.0,0.0,0.0
arguana,test-international-aglhrilhb-con01a,Jev V1,0.0,0.0,0.0
arguana,test-international-aglhrilhb-con01a,Jev V2,0.0,0.0,0.0
arguana,test-international-aglhrilhb-con01a,Jev V3,0.0,0.0,0.0
arguana,test-international-aglhrilhb-con01a,base (MaxSim@10),0.0,,
arguana,test-international-siacphbnt-pro02a,first stage,0.0,0.0,0.0
arguana,test-international-siacphbnt-pro02a,cross-encoder,1.0,1.0,1.0
arguana,test-international-siacphbnt-pro02a,Jev V1,0.43067655807339306,0.25,1.0
arguana,test-international-siacphbnt-pro02a,Jev V2,0.5,0.3333333333333333,1.0
arguana,test-international-siacphbnt-pro02a,Jev V3,0.38685280723454163,0.2,1.0
arguana,test-international-siacphbnt-pro02a,base (MaxSim@10),0.0,,
arguana,test-international-siacphbnt-pro05a,first stage,0.31546487678572877,0.125,1.0
arguana,test-international-siacphbnt-pro05a,cross-encoder,1.0,1.0,1.0
arguana,test-international-siacphbnt-pro05a,Jev V1,0.31546487678572877,0.125,1.0
arguana,test-international-siacphbnt-pro05a,Jev V2,0.38685280723454163,0.2,1.0
arguana,test-international-siacphbnt-pro05a,Jev V3,1.0,1.0,1.0
arguana,test-international-siacphbnt-pro05a,base (MaxSim@10),0.430676558073393,,
arguana,test-international-siacphbnt-pro01a,first stage,1.0,1.0,1.0
arguana,test-international-siacphbnt-pro01a,cross-encoder,0.6309297535714575,0.5,1.0
arguana,test-international-siacphbnt-pro01a,Jev V1,0.5,0.3333333333333333,1.0
arguana,test-international-siacphbnt-pro01a,Jev V2,0.6309297535714575,0.5,1.0
arguana,test-international-siacphbnt-pro01a,Jev V3,0.6309297535714575,0.5,1.0
arguana,test-international-siacphbnt-pro01a,base (MaxSim@10),1.0,,
arguana,test-international-siacphbnt-pro03a,first stage,0.38685280723454163,0.2,1.0
arguana,test-international-siacphbnt-pro03a,cross-encoder,0.6309297535714575,0.5,1.0
arguana,test-international-siacphbnt-pro03a,Jev V1,0.3562071871080222,0.16666666666666666,1.0
arguana,test-international-siacphbnt-pro03a,Jev V2,0.6309297535714575,0.5,1.0
arguana,test-international-siacphbnt-pro03a,Jev V3,0.6309297535714575,0.5,1.0
arguana,test-international-siacphbnt-pro03a,base (MaxSim@10),0.3868528072345416,,
arguana,test-international-siacphbnt-pro04a,first stage,0.3562071871080222,0.16666666666666666,1.0
arguana,test-international-siacphbnt-pro04a,cross-encoder,1.0,1.0,1.0
arguana,test-international-siacphbnt-pro04a,Jev V1,0.3562071871080222,0.16666666666666666,1.0
arguana,test-international-siacphbnt-pro04a,Jev V2,1.0,1.0,1.0
arguana,test-international-siacphbnt-pro04a,Jev V3,1.0,1.0,1.0
arguana,test-international-siacphbnt-pro04a,base (MaxSim@10),0.430676558073393,,
arguana,test-international-siacphbnt-con02a,first stage,1.0,1.0,1.0
arguana,test-international-siacphbnt-con02a,cross-encoder,1.0,1.0,1.0
arguana,test-international-siacphbnt-con02a,Jev V1,0.3562071871080222,0.16666666666666666,1.0
arguana,test-international-siacphbnt-con02a,Jev V2,0.6309297535714575,0.5,1.0
arguana,test-international-siacphbnt-con02a,Jev V3,0.6309297535714575,0.5,1.0
arguana,test-international-siacphbnt-con02a,base (MaxSim@10),0.6309297535714575,,
arguana,test-international-siacphbnt-con04a,first stage,0.43067655807339306,0.25,1.0
arguana,test-international-siacphbnt-con04a,cross-encoder,0.43067655807339306,0.25,1.0
arguana,test-international-siacphbnt-con04a,Jev V1,1.0,1.0,1.0
arguana,test-international-siacphbnt-con04a,Jev V2,0.43067655807339306,0.25,1.0
arguana,test-international-siacphbnt-con04a,Jev V3,0.6309297535714575,0.5,1.0
arguana,test-international-siacphbnt-con04a,base (MaxSim@10),0.6309297535714575,,
arguana,test-international-siacphbnt-con03a,first stage,1.0,1.0,1.0
arguana,test-international-siacphbnt-con03a,cross-encoder,1.0,1.0,1.0
arguana,test-international-siacphbnt-con03a,Jev V1,0.38685280723454163,0.2,1.0
arguana,test-international-siacphbnt-con03a,Jev V2,1.0,1.0,1.0
arguana,test-international-siacphbnt-con03a,Jev V3,1.0,1.0,1.0
arguana,test-international-siacphbnt-con03a,base (MaxSim@10),1.0,,
arguana,test-international-siacphbnt-con01a,first stage,0.0,0.0,0.0
arguana,test-international-siacphbnt-con01a,cross-encoder,0.0,0.0,0.0
arguana,test-international-siacphbnt-con01a,Jev V1,0.0,0.0,0.0
arguana,test-international-siacphbnt-con01a,Jev V2,0.0,0.0,0.0
arguana,test-international-siacphbnt-con01a,Jev V3,0.0,0.0,0.0
arguana,test-international-siacphbnt-con01a,base (MaxSim@10),0.0,,
arguana,test-international-aegmeppghw-pro02a,first stage,0.0,0.0,0.0
arguana,test-international-aegmeppghw-pro02a,cross-encoder,1.0,1.0,1.0
arguana,test-international-aegmeppghw-pro02a,Jev V1,0.38685280723454163,0.2,1.0
arguana,test-international-aegmeppghw-pro02a,Jev V2,0.6309297535714575,0.5,1.0
arguana,test-international-aegmeppghw-pro02a,Jev V3,0.5,0.3333333333333333,1.0
arguana,test-international-aegmeppghw-pro02a,base (MaxSim@10),0.0,,
arguana,test-international-aegmeppghw-pro01a,first stage,1.0,1.0,1.0
arguana,test-international-aegmeppghw-pro01a,cross-encoder,0.6309297535714575,0.5,1.0
arguana,test-international-aegmeppghw-pro01a,Jev V1,0.5,0.3333333333333333,1.0
arguana,test-international-aegmeppghw-pro01a,Jev V2,0.3562071871080222,0.16666666666666666,1.0
arguana,test-international-aegmeppghw-pro01a,Jev V3,1.0,1.0,1.0
arguana,test-international-aegmeppghw-pro01a,base (MaxSim@10),0.6309297535714575,,
arguana,test-international-aegmeppghw-pro03a,first stage,0.3333333333333333,0.14285714285714285,1.0
arguana,test-international-aegmeppghw-pro03a,cross-encoder,1.0,1.0,1.0
arguana,test-international-aegmeppghw-pro03a,Jev V1,0.6309297535714575,0.5,1.0
arguana,test-international-aegmeppghw-pro03a,Jev V2,0.38685280723454163,0.2,1.0
arguana,test-international-aegmeppghw-pro03a,Jev V3,1.0,1.0,1.0
arguana,test-international-aegmeppghw-pro03a,base (MaxSim@10),0.3562071871080222,,
arguana,test-international-aegmeppghw-pro04a,first stage,0.38685280723454163,0.2,1.0
arguana,test-international-aegmeppghw-pro04a,cross-encoder,0.5,0.3333333333333333,1.0
arguana,test-international-aegmeppghw-pro04a,Jev V1,0.6309297535714575,0.5,1.0
arguana,test-international-aegmeppghw-pro04a,Jev V2,1.0,1.0,1.0
arguana,test-international-aegmeppghw-pro04a,Jev V3,1.0,1.0,1.0
arguana,test-international-aegmeppghw-pro04a,base (MaxSim@10),0.3333333333333333,,
arguana,test-international-aegmeppghw-con02a,first stage,1.0,1.0,1.0
arguana,test-international-aegmeppghw-con02a,cross-encoder,1.0,1.0,1.0
arguana,test-international-aegmeppghw-con02a,Jev V1,0.6309297535714575,0.5,1.0
arguana,test-international-aegmeppghw-con02a,Jev V2,0.43067655807339306,0.25,1.0
arguana,test-international-aegmeppghw-con02a,Jev V3,1.0,1.0,1.0
arguana,test-international-aegmeppghw-con02a,base (MaxSim@10),1.0,,
arguana,test-international-aegmeppghw-con05a,first stage,1.0,1.0,1.0
arguana,test-international-aegmeppghw-con05a,cross-encoder,1.0,1.0,1.0
arguana,test-international-aegmeppghw-con05a,Jev V1,1.0,1.0,1.0
arguana,test-international-aegmeppghw-con05a,Jev V2,0.43067655807339306,0.25,1.0
arguana,test-international-aegmeppghw-con05a,Jev V3,0.6309297535714575,0.5,1.0
arguana,test-international-aegmeppghw-con05a,base (MaxSim@10),1.0,,
arguana,test-international-aegmeppghw-con04a,first stage,1.0,1.0,1.0
arguana,test-international-aegmeppghw-con04a,cross-encoder,1.0,1.0,1.0
arguana,test-international-aegmeppghw-con04a,Jev V1,0.6309297535714575,0.5,1.0
arguana,test-international-aegmeppghw-con04a,Jev V2,0.3010299956639812,0.1111111111111111,1.0
arguana,test-international-aegmeppghw-con04a,Jev V3,0.5,0.3333333333333333,1.0
arguana,test-international-aegmeppghw-con04a,base (MaxSim@10),1.0,,
arguana,test-international-aegmeppghw-con03a,first stage,1.0,1.0,1.0
arguana,test-international-aegmeppghw-con03a,cross-encoder,1.0,1.0,1.0
arguana,test-international-aegmeppghw-con03a,Jev V1,0.43067655807339306,0.25,1.0
arguana,test-international-aegmeppghw-con03a,Jev V2,1.0,1.0,1.0
arguana,test-international-aegmeppghw-con03a,Jev V3,1.0,1.0,1.0
arguana,test-international-aegmeppghw-con03a,base (MaxSim@10),0.5,,
arguana,test-international-aegmeppghw-con01a,first stage,1.0,1.0,1.0
arguana,test-international-aegmeppghw-con01a,cross-encoder,1.0,1.0,1.0
arguana,test-international-aegmeppghw-con01a,Jev V1,0.6309297535714575,0.5,1.0
arguana,test-international-aegmeppghw-con01a,Jev V2,0.6309297535714575,0.5,1.0
arguana,test-international-aegmeppghw-con01a,Jev V3,0.6309297535714575,0.5,1.0
arguana,test-international-aegmeppghw-con01a,base (MaxSim@10),1.0,,
arguana,test-international-epglghbni-pro02a,first stage,1.0,1.0,1.0
arguana,test-international-epglghbni-pro02a,cross-encoder,1.0,1.0,1.0
arguana,test-international-epglghbni-pro02a,Jev V1,1.0,1.0,1.0
arguana,test-international-epglghbni-pro02a,Jev V2,1.0,1.0,1.0
arguana,test-international-epglghbni-pro02a,Jev V3,0.6309297535714575,0.5,1.0
arguana,test-international-epglghbni-pro02a,base (MaxSim@10),0.5,,
arguana,test-international-epglghbni-pro05a,first stage,0.38685280723454163,0.2,1.0
arguana,test-international-epglghbni-pro05a,cross-encoder,1.0,1.0,1.0
arguana,test-international-epglghbni-pro05a,Jev V1,0.3562071871080222,0.16666666666666666,1.0
arguana,test-international-epglghbni-pro05a,Jev V2,0.43067655807339306,0.25,1.0
arguana,test-international-epglghbni-pro05a,Jev V3,0.3562071871080222,0.16666666666666666,1.0
arguana,test-international-epglghbni-pro05a,base (MaxSim@10),0.3010299956639812,,
arguana,test-international-epglghbni-pro01a,first stage,0.3010299956639812,0.1111111111111111,1.0
arguana,test-international-epglghbni-pro01a,cross-encoder,0.43067655807339306,0.25,1.0
arguana,test-international-epglghbni-pro01a,Jev V1,0.6309297535714575,0.5,1.0
arguana,test-international-epglghbni-pro01a,Jev V2,0.5,0.3333333333333333,1.0
arguana,test-international-epglghbni-pro01a,Jev V3,1.0,1.0,1.0
arguana,test-international-epglghbni-pro01a,base (MaxSim@10),0.2890648263178879,,
arguana,test-international-epglghbni-pro03a,first stage,1.0,1.0,1.0
arguana,test-international-epglghbni-pro03a,cross-encoder,1.0,1.0,1.0
arguana,test-international-epglghbni-pro03a,Jev V1,1.0,1.0,1.0
arguana,test-international-epglghbni-pro03a,Jev V2,1.0,1.0,1.0
arguana,test-international-epglghbni-pro03a,Jev V3,1.0,1.0,1.0
arguana,test-international-epglghbni-pro03a,base (MaxSim@10),1.0,,
arguana,test-international-epglghbni-pro04a,first stage,0.3333333333333333,0.14285714285714285,1.0
arguana,test-international-epglghbni-pro04a,cross-encoder,0.6309297535714575,0.5,1.0
arguana,test-international-epglghbni-pro04a,Jev V1,1.0,1.0,1.0
arguana,test-international-epglghbni-pro04a,Jev V2,1.0,1.0,1.0
arguana,test-international-epglghbni-pro04a,Jev V3,0.6309297535714575,0.5,1.0
arguana,test-international-epglghbni-pro04a,base (MaxSim@10),0.430676558073393,,
arguana,test-international-epglghbni-con02a,first stage,0.0,0.0,0.0
arguana,test-international-epglghbni-con02a,cross-encoder,0.0,0.0,0.0
arguana,test-international-epglghbni-con02a,Jev V1,0.0,0.0,0.0
arguana,test-international-epglghbni-con02a,Jev V2,0.0,0.0,0.0
arguana,test-international-epglghbni-con02a,Jev V3,0.0,0.0,0.0
arguana,test-international-epglghbni-con02a,base (MaxSim@10),0.0,,
arguana,test-international-epglghbni-con03a,first stage,0.31546487678572877,0.125,1.0
arguana,test-international-epglghbni-con03a,cross-encoder,1.0,1.0,1.0
arguana,test-international-epglghbni-con03a,Jev V1,0.3333333333333333,0.14285714285714285,1.0
arguana,test-international-epglghbni-con03a,Jev V2,0.5,0.3333333333333333,1.0
arguana,test-international-epglghbni-con03a,Jev V3,0.5,0.3333333333333333,1.0
arguana,test-international-epglghbni-con03a,base (MaxSim@10),0.3868528072345416,,
arguana,test-international-epglghbni-con01a,first stage,0.5,0.3333333333333333,1.0
arguana,test-international-epglghbni-con01a,cross-encoder,1.0,1.0,1.0
arguana,test-international-epglghbni-con01a,Jev V1,0.6309297535714575,0.5,1.0
arguana,test-international-epglghbni-con01a,Jev V2,0.6309297535714575,0.5,1.0
arguana,test-international-epglghbni-con01a,Jev V3,0.6309297535714575,0.5,1.0
arguana,test-international-epglghbni-con01a,base (MaxSim@10),0.3562071871080222,,
arguana,test-international-glilpdwhsn-pro02a,first stage,0.0,0.0,0.0
arguana,test-international-glilpdwhsn-pro02a,cross-encoder,0.6309297535714575,0.5,1.0
arguana,test-international-glilpdwhsn-pro02a,Jev V1,1.0,1.0,1.0
arguana,test-international-glilpdwhsn-pro02a,Jev V2,0.5,0.3333333333333333,1.0
arguana,test-international-glilpdwhsn-pro02a,Jev V3,0.38685280723454163,0.2,1.0
arguana,test-international-glilpdwhsn-pro02a,base (MaxSim@10),0.0,,
arguana,test-international-glilpdwhsn-pro01a,first stage,0.0,0.0,0.0
arguana,test-international-glilpdwhsn-pro01a,cross-encoder,0.31546487678572877,0.125,1.0
arguana,test-international-glilpdwhsn-pro01a,Jev V1,1.0,1.0,1.0
arguana,test-international-glilpdwhsn-pro01a,Jev V2,0.43067655807339306,0.25,1.0
arguana,test-international-glilpdwhsn-pro01a,Jev V3,0.6309297535714575,0.5,1.0
arguana,test-international-glilpdwhsn-pro01a,base (MaxSim@10),0.0,,
arguana,test-international-glilpdwhsn-pro03a,first stage,0.3562071871080222,0.16666666666666666,1.0
arguana,test-international-glilpdwhsn-pro03a,cross-encoder,0.6309297535714575,0.5,1.0
arguana,test-international-glilpdwhsn-pro03a,Jev V1,0.5,0.3333333333333333,1.0
arguana,test-international-glilpdwhsn-pro03a,Jev V2,0.3333333333333333,0.14285714285714285,1.0
arguana,test-international-glilpdwhsn-pro03a,Jev V3,0.43067655807339306,0.25,1.0
arguana,test-international-glilpdwhsn-pro03a,base (MaxSim@10),0.3333333333333333,,
arguana,test-international-glilpdwhsn-con02a,first stage,1.0,1.0,1.0
arguana,test-international-glilpdwhsn-con02a,cross-encoder,1.0,1.0,1.0
arguana,test-international-glilpdwhsn-con02a,Jev V1,1.0,1.0,1.0
arguana,test-international-glilpdwhsn-con02a,Jev V2,1.0,1.0,1.0
arguana,test-international-glilpdwhsn-con02a,Jev V3,1.0,1.0,1.0
arguana,test-international-glilpdwhsn-con02a,base (MaxSim@10),0.6309297535714575,,
arguana,test-international-glilpdwhsn-con04a,first stage,1.0,1.0,1.0
arguana,test-international-glilpdwhsn-con04a,cross-encoder,0.6309297535714575,0.5,1.0
arguana,test-international-glilpdwhsn-con04a,Jev V1,1.0,1.0,1.0
arguana,test-international-glilpdwhsn-con04a,Jev V2,0.6309297535714575,0.5,1.0
arguana,test-international-glilpdwhsn-con04a,Jev V3,1.0,1.0,1.0
arguana,test-international-glilpdwhsn-con04a,base (MaxSim@10),1.0,,
arguana,test-international-glilpdwhsn-con03a,first stage,0.3562071871080222,0.16666666666666666,1.0
arguana,test-international-glilpdwhsn-con03a,cross-encoder,0.5,0.3333333333333333,1.0
arguana,test-international-glilpdwhsn-con03a,Jev V1,0.2890648263178879,0.1,1.0
arguana,test-international-glilpdwhsn-con03a,Jev V2,0.5,0.3333333333333333,1.0
arguana,test-international-glilpdwhsn-con03a,Jev V3,0.6309297535714575,0.5,1.0
arguana,test-international-glilpdwhsn-con03a,base (MaxSim@10),0.3868528072345416,,
arguana,test-international-glilpdwhsn-con01a,first stage,0.3333333333333333,0.14285714285714285,1.0
arguana,test-international-glilpdwhsn-con01a,cross-encoder,0.3333333333333333,0.14285714285714285,1.0
arguana,test-international-glilpdwhsn-con01a,Jev V1,0.5,0.3333333333333333,1.0
arguana,test-international-glilpdwhsn-con01a,Jev V2,1.0,1.0,1.0
arguana,test-international-glilpdwhsn-con01a,Jev V3,0.5,0.3333333333333333,1.0
arguana,test-international-glilpdwhsn-con01a,base (MaxSim@10),0.3562071871080222,,
arguana,test-international-sepiahbaaw-pro02a,first stage,0.6309297535714575,0.5,1.0
arguana,test-international-sepiahbaaw-pro02a,cross-encoder,1.0,1.0,1.0
arguana,test-international-sepiahbaaw-pro02a,Jev V1,1.0,1.0,1.0
arguana,test-international-sepiahbaaw-pro02a,Jev V2,0.6309297535714575,0.5,1.0
arguana,test-international-sepiahbaaw-pro02a,Jev V3,1.0,1.0,1.0
arguana,test-international-sepiahbaaw-pro02a,base (MaxSim@10),0.6309297535714575,,
arguana,test-international-sepiahbaaw-pro01a,first stage,0.38685280723454163,0.2,1.0
arguana,test-international-sepiahbaaw-pro01a,cross-encoder,1.0,1.0,1.0
arguana,test-international-sepiahbaaw-pro01a,Jev V1,0.3562071871080222,0.16666666666666666,1.0
arguana,test-international-sepiahbaaw-pro01a,Jev V2,1.0,1.0,1.0
arguana,test-international-sepiahbaaw-pro01a,Jev V3,0.6309297535714575,0.5,1.0
arguana,test-international-sepiahbaaw-pro01a,base (MaxSim@10),0.430676558073393,,
arguana,test-international-sepiahbaaw-pro03a,first stage,0.6309297535714575,0.5,1.0
arguana,test-international-sepiahbaaw-pro03a,cross-encoder,1.0,1.0,1.0
arguana,test-international-sepiahbaaw-pro03a,Jev V1,1.0,1.0,1.0
arguana,test-international-sepiahbaaw-pro03a,Jev V2,1.0,1.0,1.0
arguana,test-international-sepiahbaaw-pro03a,Jev V3,1.0,1.0,1.0
arguana,test-international-sepiahbaaw-pro03a,base (MaxSim@10),0.6309297535714575,,
arguana,test-international-sepiahbaaw-pro04a,first stage,0.0,0.0,0.0
arguana,test-international-sepiahbaaw-pro04a,cross-encoder,0.0,0.0,0.0
arguana,test-international-sepiahbaaw-pro04a,Jev V1,0.0,0.0,0.0
arguana,test-international-sepiahbaaw-pro04a,Jev V2,0.0,0.0,0.0
arguana,test-international-sepiahbaaw-pro04a,Jev V3,0.0,0.0,0.0
arguana,test-international-sepiahbaaw-pro04a,base (MaxSim@10),0.0,,
arguana,test-international-sepiahbaaw-con02a,first stage,1.0,1.0,1.0
arguana,test-international-sepiahbaaw-con02a,cross-encoder,1.0,1.0,1.0
arguana,test-international-sepiahbaaw-con02a,Jev V1,1.0,1.0,1.0
arguana,test-international-sepiahbaaw-con02a,Jev V2,1.0,1.0,1.0
arguana,test-international-sepiahbaaw-con02a,Jev V3,1.0,1.0,1.0
arguana,test-international-sepiahbaaw-con02a,base (MaxSim@10),1.0,,
arguana,test-international-sepiahbaaw-con03a,first stage,1.0,1.0,1.0
arguana,test-international-sepiahbaaw-con03a,cross-encoder,1.0,1.0,1.0
arguana,test-international-sepiahbaaw-con03a,Jev V1,1.0,1.0,1.0
arguana,test-international-sepiahbaaw-con03a,Jev V2,1.0,1.0,1.0
arguana,test-international-sepiahbaaw-con03a,Jev V3,1.0,1.0,1.0
arguana,test-international-sepiahbaaw-con03a,base (MaxSim@10),0.5,,
arguana,test-international-sepiahbaaw-con01a,first stage,0.31546487678572877,0.125,1.0
arguana,test-international-sepiahbaaw-con01a,cross-encoder,0.6309297535714575,0.5,1.0
arguana,test-international-sepiahbaaw-con01a,Jev V1,0.6309297535714575,0.5,1.0
arguana,test-international-sepiahbaaw-con01a,Jev V2,0.6309297535714575,0.5,1.0
arguana,test-international-sepiahbaaw-con01a,Jev V3,0.5,0.3333333333333333,1.0
arguana,test-international-sepiahbaaw-con01a,base (MaxSim@10),0.3333333333333333,,
arguana,test-international-atiahblit-pro02a,first stage,0.6309297535714575,0.5,1.0
arguana,test-international-atiahblit-pro02a,cross-encoder,1.0,1.0,1.0
arguana,test-international-atiahblit-pro02a,Jev V1,0.43067655807339306,0.25,1.0
arguana,test-international-atiahblit-pro02a,Jev V2,1.0,1.0,1.0
arguana,test-international-atiahblit-pro02a,Jev V3,1.0,1.0,1.0
arguana,test-international-atiahblit-pro02a,base (MaxSim@10),1.0,,
arguana,test-international-atiahblit-pro01a,first stage,0.43067655807339306,0.25,1.0
arguana,test-international-atiahblit-pro01a,cross-encoder,0.6309297535714575,0.5,1.0
arguana,test-international-atiahblit-pro01a,Jev V1,0.43067655807339306,0.25,1.0
arguana,test-international-atiahblit-pro01a,Jev V2,0.6309297535714575,0.5,1.0
arguana,test-international-atiahblit-pro01a,Jev V3,1.0,1.0,1.0
arguana,test-international-atiahblit-pro01a,base (MaxSim@10),0.430676558073393,,
arguana,test-international-atiahblit-pro03a,first stage,0.6309297535714575,0.5,1.0
arguana,test-international-atiahblit-pro03a,cross-encoder,1.0,1.0,1.0
arguana,test-international-atiahblit-pro03a,Jev V1,0.5,0.3333333333333333,1.0
arguana,test-international-atiahblit-pro03a,Jev V2,0.5,0.3333333333333333,1.0
arguana,test-international-atiahblit-pro03a,Jev V3,0.2890648263178879,0.1,1.0
arguana,test-international-atiahblit-pro03a,base (MaxSim@10),1.0,,
arguana,test-international-atiahblit-pro04a,first stage,0.6309297535714575,0.5,1.0
arguana,test-international-atiahblit-pro04a,cross-encoder,1.0,1.0,1.0
arguana,test-international-atiahblit-pro04a,Jev V1,0.3562071871080222,0.16666666666666666,1.0
arguana,test-international-atiahblit-pro04a,Jev V2,0.31546487678572877,0.125,1.0
arguana,test-international-atiahblit-pro04a,Jev V3,0.5,0.3333333333333333,1.0
arguana,test-international-atiahblit-pro04a,base (MaxSim@10),1.0,,
arguana,test-international-atiahblit-con02a,first stage,1.0,1.0,1.0
arguana,test-international-atiahblit-con02a,cross-encoder,0.6309297535714575,0.5,1.0
arguana,test-international-atiahblit-con02a,Jev V1,1.0,1.0,1.0
arguana,test-international-atiahblit-con02a,Jev V2,1.0,1.0,1.0
arguana,test-international-atiahblit-con02a,Jev V3,1.0,1.0,1.0
arguana,test-international-atiahblit-con02a,base (MaxSim@10),0.6309297535714575,,
arguana,test-international-atiahblit-con04a,first stage,0.6309297535714575,0.5,1.0
arguana,test-international-atiahblit-con04a,cross-encoder,1.0,1.0,1.0
arguana,test-international-atiahblit-con04a,Jev V1,1.0,1.0,1.0
arguana,test-international-atiahblit-con04a,Jev V2,0.5,0.3333333333333333,1.0
arguana,test-international-atiahblit-con04a,Jev V3,1.0,1.0,1.0
arguana,test-international-atiahblit-con04a,base (MaxSim@10),0.6309297535714575,,
arguana,test-international-atiahblit-con03a,first stage,0.5,0.3333333333333333,1.0
arguana,test-international-atiahblit-con03a,cross-encoder,1.0,1.0,1.0
arguana,test-international-atiahblit-con03a,Jev V1,0.5,0.3333333333333333,1.0
arguana,test-international-atiahblit-con03a,Jev V2,0.5,0.3333333333333333,1.0
arguana,test-international-atiahblit-con03a,Jev V3,0.6309297535714575,0.5,1.0
arguana,test-international-atiahblit-con03a,base (MaxSim@10),0.3010299956639812,,
arguana,test-international-atiahblit-con01a,first stage,0.0,0.0,0.0
arguana,test-international-atiahblit-con01a,cross-encoder,0.0,0.0,0.0
arguana,test-international-atiahblit-con01a,Jev V1,0.0,0.0,0.0
arguana,test-international-atiahblit-con01a,Jev V2,0.0,0.0,0.0
arguana,test-international-atiahblit-con01a,Jev V3,0.0,0.0,0.0
arguana,test-international-atiahblit-con01a,base (MaxSim@10),0.0,,
arguana,test-international-iwiaghbss-pro02a,first stage,0.6309297535714575,0.5,1.0
arguana,test-international-iwiaghbss-pro02a,cross-encoder,1.0,1.0,1.0
arguana,test-international-iwiaghbss-pro02a,Jev V1,0.43067655807339306,0.25,1.0
arguana,test-international-iwiaghbss-pro02a,Jev V2,0.6309297535714575,0.5,1.0
arguana,test-international-iwiaghbss-pro02a,Jev V3,1.0,1.0,1.0
arguana,test-international-iwiaghbss-pro02a,base (MaxSim@10),1.0,,
arguana,test-international-iwiaghbss-pro01a,first stage,1.0,1.0,1.0
arguana,test-international-iwiaghbss-pro01a,cross-encoder,0.6309297535714575,0.5,1.0
arguana,test-international-iwiaghbss-pro01a,Jev V1,0.3333333333333333,0.14285714285714285,1.0
arguana,test-international-iwiaghbss-pro01a,Jev V2,0.6309297535714575,0.5,1.0
arguana,test-international-iwiaghbss-pro01a,Jev V3,0.5,0.3333333333333333,1.0
arguana,test-international-iwiaghbss-pro01a,base (MaxSim@10),0.6309297535714575,,
arguana,test-international-iwiaghbss-pro03a,first stage,0.6309297535714575,0.5,1.0
arguana,test-international-iwiaghbss-pro03a,cross-encoder,1.0,1.0,1.0
arguana,test-international-iwiaghbss-pro03a,Jev V1,1.0,1.0,1.0
arguana,test-international-iwiaghbss-pro03a,Jev V2,0.6309297535714575,0.5,1.0
arguana,test-international-iwiaghbss-pro03a,Jev V3,1.0,1.0,1.0
arguana,test-international-iwiaghbss-pro03a,base (MaxSim@10),0.3333333333333333,,
arguana,test-international-iwiaghbss-pro04a,first stage,0.0,0.0,0.0
arguana,test-international-iwiaghbss-pro04a,cross-encoder,1.0,1.0,1.0
arguana,test-international-iwiaghbss-pro04a,Jev V1,1.0,1.0,1.0
arguana,test-international-iwiaghbss-pro04a,Jev V2,1.0,1.0,1.0
arguana,test-international-iwiaghbss-pro04a,Jev V3,1.0,1.0,1.0
arguana,test-international-iwiaghbss-pro04a,base (MaxSim@10),0.0,,
arguana,test-international-iwiaghbss-con02a,first stage,0.43067655807339306,0.25,1.0
arguana,test-international-iwiaghbss-con02a,cross-encoder,1.0,1.0,1.0
arguana,test-international-iwiaghbss-con02a,Jev V1,1.0,1.0,1.0
arguana,test-international-iwiaghbss-con02a,Jev V2,1.0,1.0,1.0
arguana,test-international-iwiaghbss-con02a,Jev V3,1.0,1.0,1.0
arguana,test-international-iwiaghbss-con02a,base (MaxSim@10),0.2890648263178879,,
arguana,test-international-iwiaghbss-con03a,first stage,0.5,0.3333333333333333,1.0
arguana,test-international-iwiaghbss-con03a,cross-encoder,0.43067655807339306,0.25,1.0
arguana,test-international-iwiaghbss-con03a,Jev V1,1.0,1.0,1.0
arguana,test-international-iwiaghbss-con03a,Jev V2,1.0,1.0,1.0
arguana,test-international-iwiaghbss-con03a,Jev V3,1.0,1.0,1.0
arguana,test-international-iwiaghbss-con03a,base (MaxSim@10),0.5,,
arguana,test-international-iwiaghbss-con01a,first stage,0.5,0.3333333333333333,1.0
arguana,test-international-iwiaghbss-con01a,cross-encoder,0.31546487678572877,0.125,1.0
arguana,test-international-iwiaghbss-con01a,Jev V1,1.0,1.0,1.0
arguana,test-international-iwiaghbss-con01a,Jev V2,1.0,1.0,1.0
arguana,test-international-iwiaghbss-con01a,Jev V3,1.0,1.0,1.0
arguana,test-international-iwiaghbss-con01a,base (MaxSim@10),0.2890648263178879,,
arguana,test-international-segiahbarr-pro02a,first stage,0.5,0.3333333333333333,1.0
arguana,test-international-segiahbarr-pro02a,cross-encoder,1.0,1.0,1.0
arguana,test-international-segiahbarr-pro02a,Jev V1,0.6309297535714575,0.5,1.0
arguana,test-international-segiahbarr-pro02a,Jev V2,0.5,0.3333333333333333,1.0
arguana,test-international-segiahbarr-pro02a,Jev V3,1.0,1.0,1.0
arguana,test-international-segiahbarr-pro02a,base (MaxSim@10),0.6309297535714575,,
arguana,test-international-segiahbarr-pro01a,first stage,0.31546487678572877,0.125,1.0
arguana,test-international-segiahbarr-pro01a,cross-encoder,1.0,1.0,1.0
arguana,test-international-segiahbarr-pro01a,Jev V1,1.0,1.0,1.0
arguana,test-international-segiahbarr-pro01a,Jev V2,0.6309297535714575,0.5,1.0
arguana,test-international-segiahbarr-pro01a,Jev V3,1.0,1.0,1.0
arguana,test-international-segiahbarr-pro01a,base (MaxSim@10),0.6309297535714575,,
arguana,test-international-segiahbarr-pro03a,first stage,1.0,1.0,1.0
arguana,test-international-segiahbarr-pro03a,cross-encoder,1.0,1.0,1.0
arguana,test-international-segiahbarr-pro03a,Jev V1,1.0,1.0,1.0
arguana,test-international-segiahbarr-pro03a,Jev V2,1.0,1.0,1.0
arguana,test-international-segiahbarr-pro03a,Jev V3,1.0,1.0,1.0
arguana,test-international-segiahbarr-pro03a,base (MaxSim@10),1.0,,
arguana,test-international-segiahbarr-pro04a,first stage,0.43067655807339306,0.25,1.0
arguana,test-international-segiahbarr-pro04a,cross-encoder,0.43067655807339306,0.25,1.0
arguana,test-international-segiahbarr-pro04a,Jev V1,0.38685280723454163,0.2,1.0
arguana,test-international-segiahbarr-pro04a,Jev V2,0.43067655807339306,0.25,1.0
arguana,test-international-segiahbarr-pro04a,Jev V3,0.6309297535714575,0.5,1.0
arguana,test-international-segiahbarr-pro04a,base (MaxSim@10),0.5,,
arguana,test-international-segiahbarr-con02a,first stage,0.0,0.0,0.0
arguana,test-international-segiahbarr-con02a,cross-encoder,0.0,0.0,0.0
arguana,test-international-segiahbarr-con02a,Jev V1,0.0,0.0,0.0
arguana,test-international-segiahbarr-con02a,Jev V2,0.0,0.0,0.0
arguana,test-international-segiahbarr-con02a,Jev V3,0.0,0.0,0.0
arguana,test-international-segiahbarr-con02a,base (MaxSim@10),0.0,,
arguana,test-international-segiahbarr-con04a,first stage,0.38685280723454163,0.2,1.0
arguana,test-international-segiahbarr-con04a,cross-encoder,1.0,1.0,1.0
arguana,test-international-segiahbarr-con04a,Jev V1,0.31546487678572877,0.125,1.0
arguana,test-international-segiahbarr-con04a,Jev V2,0.6309297535714575,0.5,1.0
arguana,test-international-segiahbarr-con04a,Jev V3,1.0,1.0,1.0
arguana,test-international-segiahbarr-con04a,base (MaxSim@10),0.3868528072345416,,
arguana,test-international-segiahbarr-con03a,first stage,0.0,0.0,0.0
arguana,test-international-segiahbarr-con03a,cross-encoder,1.0,1.0,1.0
arguana,test-international-segiahbarr-con03a,Jev V1,0.38685280723454163,0.2,1.0
arguana,test-international-segiahbarr-con03a,Jev V2,0.5,0.3333333333333333,1.0
arguana,test-international-segiahbarr-con03a,Jev V3,0.6309297535714575,0.5,1.0
arguana,test-international-segiahbarr-con03a,base (MaxSim@10),0.0,,
arguana,test-international-segiahbarr-con01a,first stage,1.0,1.0,1.0
arguana,test-international-segiahbarr-con01a,cross-encoder,1.0,1.0,1.0
arguana,test-international-segiahbarr-con01a,Jev V1,0.6309297535714575,0.5,1.0
arguana,test-international-segiahbarr-con01a,Jev V2,0.6309297535714575,0.5,1.0
arguana,test-international-segiahbarr-con01a,Jev V3,1.0,1.0,1.0
arguana,test-international-segiahbarr-con01a,base (MaxSim@10),1.0,,
arguana,test-international-aahwstdrtfm-pro02a,first stage,1.0,1.0,1.0
arguana,test-international-aahwstdrtfm-pro02a,cross-encoder,1.0,1.0,1.0
arguana,test-international-aahwstdrtfm-pro02a,Jev V1,0.6309297535714575,0.5,1.0
arguana,test-international-aahwstdrtfm-pro02a,Jev V2,1.0,1.0,1.0
arguana,test-international-aahwstdrtfm-pro02a,Jev V3,1.0,1.0,1.0
arguana,test-international-aahwstdrtfm-pro02a,base (MaxSim@10),1.0,,
arguana,test-international-aahwstdrtfm-pro01a,first stage,0.2890648263178879,0.1,1.0
arguana,test-international-aahwstdrtfm-pro01a,cross-encoder,1.0,1.0,1.0
arguana,test-international-aahwstdrtfm-pro01a,Jev V1,1.0,1.0,1.0
arguana,test-international-aahwstdrtfm-pro01a,Jev V2,1.0,1.0,1.0
arguana,test-international-aahwstdrtfm-pro01a,Jev V3,1.0,1.0,1.0
arguana,test-international-aahwstdrtfm-pro01a,base (MaxSim@10),0.3154648767857287,,
arguana,test-international-aahwstdrtfm-pro03a,first stage,0.6309297535714575,0.5,1.0
arguana,test-international-aahwstdrtfm-pro03a,cross-encoder,1.0,1.0,1.0
arguana,test-international-aahwstdrtfm-pro03a,Jev V1,1.0,1.0,1.0
arguana,test-international-aahwstdrtfm-pro03a,Jev V2,0.6309297535714575,0.5,1.0
arguana,test-international-aahwstdrtfm-pro03a,Jev V3,1.0,1.0,1.0
arguana,test-international-aahwstdrtfm-pro03a,base (MaxSim@10),0.6309297535714575,,
arguana,test-international-aahwstdrtfm-pro04a,first stage,0.3010299956639812,0.1111111111111111,1.0
arguana,test-international-aahwstdrtfm-pro04a,cross-encoder,1.0,1.0,1.0
arguana,test-international-aahwstdrtfm-pro04a,Jev V1,0.6309297535714575,0.5,1.0
arguana,test-international-aahwstdrtfm-pro04a,Jev V2,0.5,0.3333333333333333,1.0
arguana,test-international-aahwstdrtfm-pro04a,Jev V3,1.0,1.0,1.0
arguana,test-international-aahwstdrtfm-pro04a,base (MaxSim@10),0.3333333333333333,,
arguana,test-international-aahwstdrtfm-con02a,first stage,1.0,1.0,1.0
arguana,test-international-aahwstdrtfm-con02a,cross-encoder,1.0,1.0,1.0
arguana,test-international-aahwstdrtfm-con02a,Jev V1,1.0,1.0,1.0
arguana,test-international-aahwstdrtfm-con02a,Jev V2,1.0,1.0,1.0
arguana,test-international-aahwstdrtfm-con02a,Jev V3,1.0,1.0,1.0
arguana,test-international-aahwstdrtfm-con02a,base (MaxSim@10),1.0,,
arguana,test-international-aahwstdrtfm-con03a,first stage,0.0,0.0,0.0
arguana,test-international-aahwstdrtfm-con03a,cross-encoder,0.43067655807339306,0.25,1.0
arguana,test-international-aahwstdrtfm-con03a,Jev V1,0.0,0.0,0.0
arguana,test-international-aahwstdrtfm-con03a,Jev V2,0.3562071871080222,0.16666666666666666,1.0
arguana,test-international-aahwstdrtfm-con03a,Jev V3,0.6309297535714575,0.5,1.0
arguana,test-international-aahwstdrtfm-con03a,base (MaxSim@10),0.0,,
arguana,test-international-aahwstdrtfm-con01a,first stage,0.3333333333333333,0.14285714285714285,1.0
arguana,test-international-aahwstdrtfm-con01a,cross-encoder,1.0,1.0,1.0
arguana,test-international-aahwstdrtfm-con01a,Jev V1,1.0,1.0,1.0
arguana,test-international-aahwstdrtfm-con01a,Jev V2,1.0,1.0,1.0
arguana,test-international-aahwstdrtfm-con01a,Jev V3,1.0,1.0,1.0
arguana,test-international-aahwstdrtfm-con01a,base (MaxSim@10),0.6309297535714575,,
arguana,test-international-ipecfiepg-pro02a,first stage,0.43067655807339306,0.25,1.0
arguana,test-international-ipecfiepg-pro02a,cross-encoder,0.6309297535714575,0.5,1.0
arguana,test-international-ipecfiepg-pro02a,Jev V1,0.5,0.3333333333333333,1.0
arguana,test-international-ipecfiepg-pro02a,Jev V2,0.43067655807339306,0.25,1.0
arguana,test-international-ipecfiepg-pro02a,Jev V3,0.43067655807339306,0.25,1.0
arguana,test-international-ipecfiepg-pro02a,base (MaxSim@10),0.3868528072345416,,
arguana,test-international-ipecfiepg-pro01a,first stage,0.5,0.3333333333333333,1.0
arguana,test-international-ipecfiepg-pro01a,cross-encoder,1.0,1.0,1.0
arguana,test-international-ipecfiepg-pro01a,Jev V1,0.5,0.3333333333333333,1.0
arguana,test-international-ipecfiepg-pro01a,Jev V2,0.6309297535714575,0.5,1.0
arguana,test-international-ipecfiepg-pro01a,Jev V3,0.5,0.3333333333333333,1.0
arguana,test-international-ipecfiepg-pro01a,base (MaxSim@10),0.6309297535714575,,
arguana,test-international-ipecfiepg-pro03a,first stage,0.43067655807339306,0.25,1.0
arguana,test-international-ipecfiepg-pro03a,cross-encoder,0.6309297535714575,0.5,1.0
arguana,test-international-ipecfiepg-pro03a,Jev V1,0.6309297535714575,0.5,1.0
arguana,test-international-ipecfiepg-pro03a,Jev V2,0.43067655807339306,0.25,1.0
arguana,test-international-ipecfiepg-pro03a,Jev V3,0.5,0.3333333333333333,1.0
arguana,test-international-ipecfiepg-pro03a,base (MaxSim@10),0.3562071871080222,,
arguana,test-international-ipecfiepg-con02a,first stage,0.0,0.0,0.0
arguana,test-international-ipecfiepg-con02a,cross-encoder,0.3562071871080222,0.16666666666666666,1.0
arguana,test-international-ipecfiepg-con02a,Jev V1,0.31546487678572877,0.125,1.0
arguana,test-international-ipecfiepg-con02a,Jev V2,0.3333333333333333,0.14285714285714285,1.0
arguana,test-international-ipecfiepg-con02a,Jev V3,0.2890648263178879,0.1,1.0
arguana,test-international-ipecfiepg-con02a,base (MaxSim@10),0.0,,
arguana,test-international-ipecfiepg-con04a,first stage,0.0,0.0,0.0
arguana,test-international-ipecfiepg-con04a,cross-encoder,0.3562071871080222,0.16666666666666666,1.0
arguana,test-international-ipecfiepg-con04a,Jev V1,1.0,1.0,1.0
arguana,test-international-ipecfiepg-con04a,Jev V2,0.43067655807339306,0.25,1.0
arguana,test-international-ipecfiepg-con04a,Jev V3,0.5,0.3333333333333333,1.0
arguana,test-international-ipecfiepg-con04a,base (MaxSim@10),0.0,,
arguana,test-international-ipecfiepg-con03a,first stage,0.38685280723454163,0.2,1.0
arguana,test-international-ipecfiepg-con03a,cross-encoder,0.6309297535714575,0.5,1.0
arguana,test-international-ipecfiepg-con03a,Jev V1,1.0,1.0,1.0
arguana,test-international-ipecfiepg-con03a,Jev V2,1.0,1.0,1.0
arguana,test-international-ipecfiepg-con03a,Jev V3,0.5,0.3333333333333333,1.0
arguana,test-international-ipecfiepg-con03a,base (MaxSim@10),0.3562071871080222,,
arguana,test-international-ipecfiepg-con01a,first stage,0.43067655807339306,0.25,1.0
arguana,test-international-ipecfiepg-con01a,cross-encoder,0.6309297535714575,0.5,1.0
arguana,test-international-ipecfiepg-con01a,Jev V1,1.0,1.0,1.0
arguana,test-international-ipecfiepg-con01a,Jev V2,1.0,1.0,1.0
arguana,test-international-ipecfiepg-con01a,Jev V3,0.6309297535714575,0.5,1.0
arguana,test-international-ipecfiepg-con01a,base (MaxSim@10),0.2890648263178879,,
arguana,test-international-eghrhbeusli-pro02a,first stage,1.0,1.0,1.0
arguana,test-international-eghrhbeusli-pro02a,cross-encoder,1.0,1.0,1.0
arguana,test-international-eghrhbeusli-pro02a,Jev V1,1.0,1.0,1.0
arguana,test-international-eghrhbeusli-pro02a,Jev V2,1.0,1.0,1.0
arguana,test-international-eghrhbeusli-pro02a,Jev V3,1.0,1.0,1.0
arguana,test-international-eghrhbeusli-pro02a,base (MaxSim@10),1.0,,
arguana,test-international-eghrhbeusli-pro05a,first stage,0.0,0.0,0.0
arguana,test-international-eghrhbeusli-pro05a,cross-encoder,0.43067655807339306,0.25,1.0
arguana,test-international-eghrhbeusli-pro05a,Jev V1,0.38685280723454163,0.2,1.0
arguana,test-international-eghrhbeusli-pro05a,Jev V2,0.38685280723454163,0.2,1.0
arguana,test-international-eghrhbeusli-pro05a,Jev V3,0.6309297535714575,0.5,1.0
arguana,test-international-eghrhbeusli-pro05a,base (MaxSim@10),0.0,,
arguana,test-international-eghrhbeusli-pro01a,first stage,1.0,1.0,1.0
arguana,test-international-eghrhbeusli-pro01a,cross-encoder,1.0,1.0,1.0
arguana,test-international-eghrhbeusli-pro01a,Jev V1,0.5,0.3333333333333333,1.0
arguana,test-international-eghrhbeusli-pro01a,Jev V2,1.0,1.0,1.0
arguana,test-international-eghrhbeusli-pro01a,Jev V3,1.0,1.0,1.0
arguana,test-international-eghrhbeusli-pro01a,base (MaxSim@10),1.0,,
arguana,test-international-eghrhbeusli-pro03a,first stage,1.0,1.0,1.0
arguana,test-international-eghrhbeusli-pro03a,cross-encoder,1.0,1.0,1.0
arguana,test-international-eghrhbeusli-pro03a,Jev V1,1.0,1.0,1.0
arguana,test-international-eghrhbeusli-pro03a,Jev V2,1.0,1.0,1.0
arguana,test-international-eghrhbeusli-pro03a,Jev V3,1.0,1.0,1.0
arguana,test-international-eghrhbeusli-pro03a,base (MaxSim@10),1.0,,
arguana,test-international-eghrhbeusli-pro04a,first stage,1.0,1.0,1.0
arguana,test-international-eghrhbeusli-pro04a,cross-encoder,1.0,1.0,1.0
arguana,test-international-eghrhbeusli-pro04a,Jev V1,0.6309297535714575,0.5,1.0
arguana,test-international-eghrhbeusli-pro04a,Jev V2,1.0,1.0,1.0
arguana,test-international-eghrhbeusli-pro04a,Jev V3,1.0,1.0,1.0
arguana,test-international-eghrhbeusli-pro04a,base (MaxSim@10),0.5,,
arguana,test-international-eghrhbeusli-con02a,first stage,0.3333333333333333,0.14285714285714285,1.0
arguana,test-international-eghrhbeusli-con02a,cross-encoder,1.0,1.0,1.0
arguana,test-international-eghrhbeusli-con02a,Jev V1,0.43067655807339306,0.25,1.0
arguana,test-international-eghrhbeusli-con02a,Jev V2,0.3562071871080222,0.16666666666666666,1.0
arguana,test-international-eghrhbeusli-con02a,Jev V3,0.6309297535714575,0.5,1.0
arguana,test-international-eghrhbeusli-con02a,base (MaxSim@10),0.3562071871080222,,
arguana,test-international-eghrhbeusli-con05a,first stage,0.0,0.0,0.0
arguana,test-international-eghrhbeusli-con05a,cross-encoder,1.0,1.0,1.0
arguana,test-international-eghrhbeusli-con05a,Jev V1,1.0,1.0,1.0
arguana,test-international-eghrhbeusli-con05a,Jev V2,0.3333333333333333,0.14285714285714285,1.0
arguana,test-international-eghrhbeusli-con05a,Jev V3,1.0,1.0,1.0
arguana,test-international-eghrhbeusli-con05a,base (MaxSim@10),0.0,,
arguana,test-international-eghrhbeusli-con04a,first stage,1.0,1.0,1.0
arguana,test-international-eghrhbeusli-con04a,cross-encoder,1.0,1.0,1.0
arguana,test-international-eghrhbeusli-con04a,Jev V1,1.0,1.0,1.0
arguana,test-international-eghrhbeusli-con04a,Jev V2,1.0,1.0,1.0
arguana,test-international-eghrhbeusli-con04a,Jev V3,1.0,1.0,1.0
arguana,test-international-eghrhbeusli-con04a,base (MaxSim@10),1.0,,
arguana,test-international-eghrhbeusli-con03a,first stage,1.0,1.0,1.0
arguana,test-international-eghrhbeusli-con03a,cross-encoder,1.0,1.0,1.0
arguana,test-international-eghrhbeusli-con03a,Jev V1,0.43067655807339306,0.25,1.0
arguana,test-international-eghrhbeusli-con03a,Jev V2,1.0,1.0,1.0
arguana,test-international-eghrhbeusli-con03a,Jev V3,1.0,1.0,1.0
arguana,test-international-eghrhbeusli-con03a,base (MaxSim@10),0.5,,
arguana,test-international-eghrhbeusli-con01a,first stage,0.6309297535714575,0.5,1.0
arguana,test-international-eghrhbeusli-con01a,cross-encoder,0.38685280723454163,0.2,1.0
arguana,test-international-eghrhbeusli-con01a,Jev V1,0.5,0.3333333333333333,1.0
arguana,test-international-eghrhbeusli-con01a,Jev V2,0.6309297535714575,0.5,1.0
arguana,test-international-eghrhbeusli-con01a,Jev V3,1.0,1.0,1.0
arguana,test-international-eghrhbeusli-con01a,base (MaxSim@10),1.0,,
arguana,test-international-gsciidffe-pro02a,first stage,0.0,0.0,0.0
arguana,test-international-gsciidffe-pro02a,cross-encoder,0.43067655807339306,0.25,1.0
arguana,test-international-gsciidffe-pro02a,Jev V1,0.3562071871080222,0.16666666666666666,1.0
arguana,test-international-gsciidffe-pro02a,Jev V2,0.3562071871080222,0.16666666666666666,1.0
arguana,test-international-gsciidffe-pro02a,Jev V3,0.31546487678572877,0.125,1.0
arguana,test-international-gsciidffe-pro02a,base (MaxSim@10),0.0,,
arguana,test-international-gsciidffe-pro01a,first stage,0.3333333333333333,0.14285714285714285,1.0
arguana,test-international-gsciidffe-pro01a,cross-encoder,0.6309297535714575,0.5,1.0
arguana,test-international-gsciidffe-pro01a,Jev V1,1.0,1.0,1.0
arguana,test-international-gsciidffe-pro01a,Jev V2,0.43067655807339306,0.25,1.0
arguana,test-international-gsciidffe-pro01a,Jev V3,0.6309297535714575,0.5,1.0
arguana,test-international-gsciidffe-pro01a,base (MaxSim@10),0.2890648263178879,,
arguana,test-international-gsciidffe-pro03a,first stage,0.31546487678572877,0.125,1.0
arguana,test-international-gsciidffe-pro03a,cross-encoder,0.5,0.3333333333333333,1.0
arguana,test-international-gsciidffe-pro03a,Jev V1,1.0,1.0,1.0
arguana,test-international-gsciidffe-pro03a,Jev V2,1.0,1.0,1.0
arguana,test-international-gsciidffe-pro03a,Jev V3,0.3562071871080222,0.16666666666666666,1.0
arguana,test-international-gsciidffe-pro03a,base (MaxSim@10),0.3154648767857287,,
arguana,test-international-gsciidffe-pro04a,first stage,0.3333333333333333,0.14285714285714285,1.0
arguana,test-international-gsciidffe-pro04a,cross-encoder,1.0,1.0,1.0
arguana,test-international-gsciidffe-pro04a,Jev V1,0.5,0.3333333333333333,1.0
arguana,test-international-gsciidffe-pro04a,Jev V2,0.3562071871080222,0.16666666666666666,1.0
arguana,test-international-gsciidffe-pro04a,Jev V3,0.5,0.3333333333333333,1.0
arguana,test-international-gsciidffe-pro04a,base (MaxSim@10),0.2890648263178879,,
arguana,test-international-gsciidffe-con02a,first stage,0.0,0.0,0.0
arguana,test-international-gsciidffe-con02a,cross-encoder,0.0,0.0,0.0
arguana,test-international-gsciidffe-con02a,Jev V1,0.0,0.0,0.0
arguana,test-international-gsciidffe-con02a,Jev V2,0.0,0.0,0.0
arguana,test-international-gsciidffe-con02a,Jev V3,0.0,0.0,0.0
arguana,test-international-gsciidffe-con02a,base (MaxSim@10),0.0,,
arguana,test-international-gsciidffe-con04a,first stage,0.6309297535714575,0.5,1.0
arguana,test-international-gsciidffe-con04a,cross-encoder,0.6309297535714575,0.5,1.0
arguana,test-international-gsciidffe-con04a,Jev V1,0.6309297535714575,0.5,1.0
arguana,test-international-gsciidffe-con04a,Jev V2,0.43067655807339306,0.25,1.0
arguana,test-international-gsciidffe-con04a,Jev V3,1.0,1.0,1.0
arguana,test-international-gsciidffe-con04a,base (MaxSim@10),0.3154648767857287,,
arguana,test-international-gsciidffe-con03a,first stage,0.0,0.0,0.0
arguana,test-international-gsciidffe-con03a,cross-encoder,0.6309297535714575,0.5,1.0
arguana,test-international-gsciidffe-con03a,Jev V1,0.38685280723454163,0.2,1.0
arguana,test-international-gsciidffe-con03a,Jev V2,0.3562071871080222,0.16666666666666666,1.0
arguana,test-international-gsciidffe-con03a,Jev V3,0.0,0.0,0.0
arguana,test-international-gsciidffe-con03a,base (MaxSim@10),0.0,,
arguana,test-international-gsciidffe-con01a,first stage,0.3562071871080222,0.16666666666666666,1.0
arguana,test-international-gsciidffe-con01a,cross-encoder,1.0,1.0,1.0
arguana,test-international-gsciidffe-con01a,Jev V1,0.43067655807339306,0.25,1.0
arguana,test-international-gsciidffe-con01a,Jev V2,0.3333333333333333,0.14285714285714285,1.0
arguana,test-international-gsciidffe-con01a,Jev V3,0.6309297535714575,0.5,1.0
arguana,test-international-gsciidffe-con01a,base (MaxSim@10),0.3333333333333333,,
arguana,test-international-eiahwpamu-pro02a,first stage,0.5,0.3333333333333333,1.0
arguana,test-international-eiahwpamu-pro02a,cross-encoder,0.6309297535714575,0.5,1.0
arguana,test-international-eiahwpamu-pro02a,Jev V1,0.6309297535714575,0.5,1.0
arguana,test-international-eiahwpamu-pro02a,Jev V2,0.6309297535714575,0.5,1.0
arguana,test-international-eiahwpamu-pro02a,Jev V3,0.43067655807339306,0.25,1.0
arguana,test-international-eiahwpamu-pro02a,base (MaxSim@10),0.5,,
arguana,test-international-eiahwpamu-pro05a,first stage,0.43067655807339306,0.25,1.0
arguana,test-international-eiahwpamu-pro05a,cross-encoder,0.43067655807339306,0.25,1.0
arguana,test-international-eiahwpamu-pro05a,Jev V1,1.0,1.0,1.0
arguana,test-international-eiahwpamu-pro05a,Jev V2,0.6309297535714575,0.5,1.0
arguana,test-international-eiahwpamu-pro05a,Jev V3,0.38685280723454163,0.2,1.0
arguana,test-international-eiahwpamu-pro05a,base (MaxSim@10),0.5,,
arguana,test-international-eiahwpamu-pro01a,first stage,0.3562071871080222,0.16666666666666666,1.0
arguana,test-international-eiahwpamu-pro01a,cross-encoder,0.6309297535714575,0.5,1.0
arguana,test-international-eiahwpamu-pro01a,Jev V1,0.5,0.3333333333333333,1.0
arguana,test-international-eiahwpamu-pro01a,Jev V2,0.3333333333333333,0.14285714285714285,1.0
arguana,test-international-eiahwpamu-pro01a,Jev V3,0.38685280723454163,0.2,1.0
arguana,test-international-eiahwpamu-pro01a,base (MaxSim@10),0.3562071871080222,,
arguana,test-international-eiahwpamu-pro03a,first stage,0.0,0.0,0.0
arguana,test-international-eiahwpamu-pro03a,cross-encoder,0.6309297535714575,0.5,1.0
arguana,test-international-eiahwpamu-pro03a,Jev V1,0.3333333333333333,0.14285714285714285,1.0
arguana,test-international-eiahwpamu-pro03a,Jev V2,1.0,1.0,1.0
arguana,test-international-eiahwpamu-pro03a,Jev V3,0.0,0.0,0.0
arguana,test-international-eiahwpamu-pro03a,base (MaxSim@10),0.0,,
arguana,test-international-eiahwpamu-pro04a,first stage,0.5,0.3333333333333333,1.0
arguana,test-international-eiahwpamu-pro04a,cross-encoder,1.0,1.0,1.0
arguana,test-international-eiahwpamu-pro04a,Jev V1,1.0,1.0,1.0
arguana,test-international-eiahwpamu-pro04a,Jev V2,0.6309297535714575,0.5,1.0
arguana,test-international-eiahwpamu-pro04a,Jev V3,0.5,0.3333333333333333,1.0
arguana,test-international-eiahwpamu-pro04a,base (MaxSim@10),0.5,,
arguana,test-international-eiahwpamu-con02a,first stage,0.5,0.3333333333333333,1.0
arguana,test-international-eiahwpamu-con02a,cross-encoder,1.0,1.0,1.0
arguana,test-international-eiahwpamu-con02a,Jev V1,0.5,0.3333333333333333,1.0
arguana,test-international-eiahwpamu-con02a,Jev V2,0.6309297535714575,0.5,1.0
arguana,test-international-eiahwpamu-con02a,Jev V3,0.38685280723454163,0.2,1.0
arguana,test-international-eiahwpamu-con02a,base (MaxSim@10),0.430676558073393,,
arguana,test-international-eiahwpamu-con03a,first stage,0.31546487678572877,0.125,1.0
arguana,test-international-eiahwpamu-con03a,cross-encoder,0.6309297535714575,0.5,1.0
arguana,test-international-eiahwpamu-con03a,Jev V1,0.3562071871080222,0.16666666666666666,1.0
arguana,test-international-eiahwpamu-con03a,Jev V2,0.38685280723454163,0.2,1.0
arguana,test-international-eiahwpamu-con03a,Jev V3,0.43067655807339306,0.25,1.0
arguana,test-international-eiahwpamu-con03a,base (MaxSim@10),0.2890648263178879,,
arguana,test-international-eiahwpamu-con01a,first stage,0.5,0.3333333333333333,1.0
arguana,test-international-eiahwpamu-con01a,cross-encoder,1.0,1.0,1.0
arguana,test-international-eiahwpamu-con01a,Jev V1,0.38685280723454163,0.2,1.0
arguana,test-international-eiahwpamu-con01a,Jev V2,0.6309297535714575,0.5,1.0
arguana,test-international-eiahwpamu-con01a,Jev V3,0.6309297535714575,0.5,1.0
arguana,test-international-eiahwpamu-con01a,base (MaxSim@10),0.430676558073393,,
arguana,test-international-emephsate-pro02a,first stage,1.0,1.0,1.0
arguana,test-international-emephsate-pro02a,cross-encoder,1.0,1.0,1.0
arguana,test-international-emephsate-pro02a,Jev V1,0.6309297535714575,0.5,1.0
arguana,test-international-emephsate-pro02a,Jev V2,1.0,1.0,1.0
arguana,test-international-emephsate-pro02a,Jev V3,1.0,1.0,1.0
arguana,test-international-emephsate-pro02a,base (MaxSim@10),0.6309297535714575,,
arguana,test-international-emephsate-pro01a,first stage,0.3562071871080222,0.16666666666666666,1.0
arguana,test-international-emephsate-pro01a,cross-encoder,1.0,1.0,1.0
arguana,test-international-emephsate-pro01a,Jev V1,0.6309297535714575,0.5,1.0
arguana,test-international-emephsate-pro01a,Jev V2,1.0,1.0,1.0
arguana,test-international-emephsate-pro01a,Jev V3,0.5,0.3333333333333333,1.0
arguana,test-international-emephsate-pro01a,base (MaxSim@10),0.3333333333333333,,
arguana,test-international-emephsate-pro03a,first stage,0.0,0.0,0.0
arguana,test-international-emephsate-pro03a,cross-encoder,0.0,0.0,0.0
arguana,test-international-emephsate-pro03a,Jev V1,0.0,0.0,0.0
arguana,test-international-emephsate-pro03a,Jev V2,0.0,0.0,0.0
arguana,test-international-emephsate-pro03a,Jev V3,0.0,0.0,0.0
arguana,test-international-emephsate-pro03a,base (MaxSim@10),0.0,,
arguana,test-international-emephsate-con02a,first stage,1.0,1.0,1.0
arguana,test-international-emephsate-con02a,cross-encoder,0.5,0.3333333333333333,1.0
arguana,test-international-emephsate-con02a,Jev V1,0.3333333333333333,0.14285714285714285,1.0
arguana,test-international-emephsate-con02a,Jev V2,0.3010299956639812,0.1111111111111111,1.0
arguana,test-international-emephsate-con02a,Jev V3,0.5,0.3333333333333333,1.0
arguana,test-international-emephsate-con02a,base (MaxSim@10),1.0,,
arguana,test-international-emephsate-con03a,first stage,1.0,1.0,1.0
arguana,test-international-emephsate-con03a,cross-encoder,1.0,1.0,1.0
arguana,test-international-emephsate-con03a,Jev V1,0.6309297535714575,0.5,1.0
arguana,test-international-emephsate-con03a,Jev V2,0.3333333333333333,0.14285714285714285,1.0
arguana,test-international-emephsate-con03a,Jev V3,0.6309297535714575,0.5,1.0
arguana,test-international-emephsate-con03a,base (MaxSim@10),1.0,,
arguana,test-international-emephsate-con01a,first stage,0.38685280723454163,0.2,1.0
arguana,test-international-emephsate-con01a,cross-encoder,0.6309297535714575,0.5,1.0
arguana,test-international-emephsate-con01a,Jev V1,0.5,0.3333333333333333,1.0
arguana,test-international-emephsate-con01a,Jev V2,0.5,0.3333333333333333,1.0
arguana,test-international-emephsate-con01a,Jev V3,0.43067655807339306,0.25,1.0
arguana,test-international-emephsate-con01a,base (MaxSim@10),0.430676558073393,,
arguana,test-international-epdlhfcefp-pro02a,first stage,0.0,0.0,0.0
arguana,test-international-epdlhfcefp-pro02a,cross-encoder,1.0,1.0,1.0
arguana,test-international-epdlhfcefp-pro02a,Jev V1,1.0,1.0,1.0
arguana,test-international-epdlhfcefp-pro02a,Jev V2,0.6309297535714575,0.5,1.0
arguana,test-international-epdlhfcefp-pro02a,Jev V3,1.0,1.0,1.0
arguana,test-international-epdlhfcefp-pro02a,base (MaxSim@10),0.0,,
arguana,test-international-epdlhfcefp-pro01a,first stage,1.0,1.0,1.0
arguana,test-international-epdlhfcefp-pro01a,cross-encoder,0.5,0.3333333333333333,1.0
arguana,test-international-epdlhfcefp-pro01a,Jev V1,1.0,1.0,1.0
arguana,test-international-epdlhfcefp-pro01a,Jev V2,1.0,1.0,1.0
arguana,test-international-epdlhfcefp-pro01a,Jev V3,1.0,1.0,1.0
arguana,test-international-epdlhfcefp-pro01a,base (MaxSim@10),0.6309297535714575,,
arguana,test-international-epdlhfcefp-pro03a,first stage,0.3562071871080222,0.16666666666666666,1.0
arguana,test-international-epdlhfcefp-pro03a,cross-encoder,0.3562071871080222,0.16666666666666666,1.0
arguana,test-international-epdlhfcefp-pro03a,Jev V1,0.38685280723454163,0.2,1.0
arguana,test-international-epdlhfcefp-pro03a,Jev V2,0.6309297535714575,0.5,1.0
arguana,test-international-epdlhfcefp-pro03a,Jev V3,1.0,1.0,1.0
arguana,test-international-epdlhfcefp-pro03a,base (MaxSim@10),0.5,,
arguana,test-international-epdlhfcefp-pro04a,first stage,0.3333333333333333,0.14285714285714285,1.0
arguana,test-international-epdlhfcefp-pro04a,cross-encoder,0.3333333333333333,0.14285714285714285,1.0
arguana,test-international-epdlhfcefp-pro04a,Jev V1,1.0,1.0,1.0
arguana,test-international-epdlhfcefp-pro04a,Jev V2,0.43067655807339306,0.25,1.0
arguana,test-international-epdlhfcefp-pro04a,Jev V3,1.0,1.0,1.0
arguana,test-international-epdlhfcefp-pro04a,base (MaxSim@10),0.3868528072345416,,
arguana,test-international-epdlhfcefp-con02a,first stage,0.43067655807339306,0.25,1.0
arguana,test-international-epdlhfcefp-con02a,cross-encoder,0.3010299956639812,0.1111111111111111,1.0
arguana,test-international-epdlhfcefp-con02a,Jev V1,0.3562071871080222,0.16666666666666666,1.0
arguana,test-international-epdlhfcefp-con02a,Jev V2,0.6309297535714575,0.5,1.0
arguana,test-international-epdlhfcefp-con02a,Jev V3,0.43067655807339306,0.25,1.0
arguana,test-international-epdlhfcefp-con02a,base (MaxSim@10),0.430676558073393,,
arguana,test-international-epdlhfcefp-con03a,first stage,0.5,0.3333333333333333,1.0
arguana,test-international-epdlhfcefp-con03a,cross-encoder,0.3333333333333333,0.14285714285714285,1.0
arguana,test-international-epdlhfcefp-con03a,Jev V1,0.0,0.0,0.0
arguana,test-international-epdlhfcefp-con03a,Jev V2,0.38685280723454163,0.2,1.0
arguana,test-international-epdlhfcefp-con03a,Jev V3,0.38685280723454163,0.2,1.0
arguana,test-international-epdlhfcefp-con03a,base (MaxSim@10),0.3333333333333333,,
arguana,test-international-epdlhfcefp-con01a,first stage,0.0,0.0,0.0
arguana,test-international-epdlhfcefp-con01a,cross-encoder,0.0,0.0,0.0
arguana,test-international-epdlhfcefp-con01a,Jev V1,0.0,0.0,0.0
arguana,test-international-epdlhfcefp-con01a,Jev V2,0.0,0.0,0.0
arguana,test-international-epdlhfcefp-con01a,Jev V3,0.0,0.0,0.0
arguana,test-international-epdlhfcefp-con01a,base (MaxSim@10),0.0,,
arguana,test-international-ssiarcmhb-pro02a,first stage,0.6309297535714575,0.5,1.0
arguana,test-international-ssiarcmhb-pro02a,cross-encoder,0.6309297535714575,0.5,1.0
arguana,test-international-ssiarcmhb-pro02a,Jev V1,1.0,1.0,1.0
arguana,test-international-ssiarcmhb-pro02a,Jev V2,0.5,0.3333333333333333,1.0
arguana,test-international-ssiarcmhb-pro02a,Jev V3,1.0,1.0,1.0
arguana,test-international-ssiarcmhb-pro02a,base (MaxSim@10),0.6309297535714575,,
arguana,test-international-ssiarcmhb-pro05a,first stage,0.38685280723454163,0.2,1.0
arguana,test-international-ssiarcmhb-pro05a,cross-encoder,1.0,1.0,1.0
arguana,test-international-ssiarcmhb-pro05a,Jev V1,0.6309297535714575,0.5,1.0
arguana,test-international-ssiarcmhb-pro05a,Jev V2,0.6309297535714575,0.5,1.0
arguana,test-international-ssiarcmhb-pro05a,Jev V3,0.6309297535714575,0.5,1.0
arguana,test-international-ssiarcmhb-pro05a,base (MaxSim@10),0.430676558073393,,
arguana,test-international-ssiarcmhb-pro01a,first stage,1.0,1.0,1.0
arguana,test-international-ssiarcmhb-pro01a,cross-encoder,1.0,1.0,1.0
arguana,test-international-ssiarcmhb-pro01a,Jev V1,1.0,1.0,1.0
arguana,test-international-ssiarcmhb-pro01a,Jev V2,1.0,1.0,1.0
arguana,test-international-ssiarcmhb-pro01a,Jev V3,1.0,1.0,1.0
arguana,test-international-ssiarcmhb-pro01a,base (MaxSim@10),1.0,,
arguana,test-international-ssiarcmhb-pro03a,first stage,0.43067655807339306,0.25,1.0
arguana,test-international-ssiarcmhb-pro03a,cross-encoder,1.0,1.0,1.0
arguana,test-international-ssiarcmhb-pro03a,Jev V1,0.6309297535714575,0.5,1.0
arguana,test-international-ssiarcmhb-pro03a,Jev V2,0.6309297535714575,0.5,1.0
arguana,test-international-ssiarcmhb-pro03a,Jev V3,0.6309297535714575,0.5,1.0
arguana,test-international-ssiarcmhb-pro03a,base (MaxSim@10),0.3333333333333333,,
arguana,test-international-ssiarcmhb-pro04a,first stage,1.0,1.0,1.0
arguana,test-international-ssiarcmhb-pro04a,cross-encoder,1.0,1.0,1.0
arguana,test-international-ssiarcmhb-pro04a,Jev V1,1.0,1.0,1.0
arguana,test-international-ssiarcmhb-pro04a,Jev V2,0.6309297535714575,0.5,1.0
arguana,test-international-ssiarcmhb-pro04a,Jev V3,1.0,1.0,1.0
arguana,test-international-ssiarcmhb-pro04a,base (MaxSim@10),1.0,,
arguana,test-international-ssiarcmhb-con02a,first stage,0.2890648263178879,0.1,1.0
arguana,test-international-ssiarcmhb-con02a,cross-encoder,0.43067655807339306,0.25,1.0
arguana,test-international-ssiarcmhb-con02a,Jev V1,0.3333333333333333,0.14285714285714285,1.0
arguana,test-international-ssiarcmhb-con02a,Jev V2,0.6309297535714575,0.5,1.0
arguana,test-international-ssiarcmhb-con02a,Jev V3,0.43067655807339306,0.25,1.0
arguana,test-international-ssiarcmhb-con02a,base (MaxSim@10),0.2890648263178879,,
arguana,test-international-ssiarcmhb-con05a,first stage,0.0,0.0,0.0
arguana,test-international-ssiarcmhb-con05a,cross-encoder,0.43067655807339306,0.25,1.0
arguana,test-international-ssiarcmhb-con05a,Jev V1,0.6309297535714575,0.5,1.0
arguana,test-international-ssiarcmhb-con05a,Jev V2,0.43067655807339306,0.25,1.0
arguana,test-international-ssiarcmhb-con05a,Jev V3,0.5,0.3333333333333333,1.0
arguana,test-international-ssiarcmhb-con05a,base (MaxSim@10),0.0,,
arguana,test-international-ssiarcmhb-con04a,first stage,0.5,0.3333333333333333,1.0
arguana,test-international-ssiarcmhb-con04a,cross-encoder,0.6309297535714575,0.5,1.0
arguana,test-international-ssiarcmhb-con04a,Jev V1,0.5,0.3333333333333333,1.0
arguana,test-international-ssiarcmhb-con04a,Jev V2,0.5,0.3333333333333333,1.0
arguana,test-international-ssiarcmhb-con04a,Jev V3,0.38685280723454163,0.2,1.0
arguana,test-international-ssiarcmhb-con04a,base (MaxSim@10),0.5,,
arguana,test-international-ssiarcmhb-con03a,first stage,0.43067655807339306,0.25,1.0
arguana,test-international-ssiarcmhb-con03a,cross-encoder,0.6309297535714575,0.5,1.0
arguana,test-international-ssiarcmhb-con03a,Jev V1,0.43067655807339306,0.25,1.0
arguana,test-international-ssiarcmhb-con03a,Jev V2,0.6309297535714575,0.5,1.0
arguana,test-international-ssiarcmhb-con03a,Jev V3,1.0,1.0,1.0
arguana,test-international-ssiarcmhb-con03a,base (MaxSim@10),0.430676558073393,,
arguana,test-international-ssiarcmhb-con01a,first stage,0.5,0.3333333333333333,1.0
arguana,test-international-ssiarcmhb-con01a,cross-encoder,1.0,1.0,1.0
arguana,test-international-ssiarcmhb-con01a,Jev V1,1.0,1.0,1.0
arguana,test-international-ssiarcmhb-con01a,Jev V2,1.0,1.0,1.0
arguana,test-international-ssiarcmhb-con01a,Jev V3,1.0,1.0,1.0
arguana,test-international-ssiarcmhb-con01a,base (MaxSim@10),0.6309297535714575,,
arguana,test-philosophy-pppgshbsd-pro02a,first stage,0.43067655807339306,0.25,1.0
arguana,test-philosophy-pppgshbsd-pro02a,cross-encoder,1.0,1.0,1.0
arguana,test-philosophy-pppgshbsd-pro02a,Jev V1,0.43067655807339306,0.25,1.0
arguana,test-philosophy-pppgshbsd-pro02a,Jev V2,1.0,1.0,1.0
arguana,test-philosophy-pppgshbsd-pro02a,Jev V3,0.3562071871080222,0.16666666666666666,1.0
arguana,test-philosophy-pppgshbsd-pro02a,base (MaxSim@10),0.3154648767857287,,
arguana,test-philosophy-pppgshbsd-pro01a,first stage,0.0,0.0,0.0
arguana,test-philosophy-pppgshbsd-pro01a,cross-encoder,0.0,0.0,0.0
arguana,test-philosophy-pppgshbsd-pro01a,Jev V1,0.0,0.0,0.0
arguana,test-philosophy-pppgshbsd-pro01a,Jev V2,0.0,0.0,0.0
arguana,test-philosophy-pppgshbsd-pro01a,Jev V3,0.0,0.0,0.0
arguana,test-philosophy-pppgshbsd-pro01a,base (MaxSim@10),0.0,,
arguana,test-philosophy-pppgshbsd-pro03a,first stage,0.3010299956639812,0.1111111111111111,1.0
arguana,test-philosophy-pppgshbsd-pro03a,cross-encoder,0.5,0.3333333333333333,1.0
arguana,test-philosophy-pppgshbsd-pro03a,Jev V1,0.31546487678572877,0.125,1.0
arguana,test-philosophy-pppgshbsd-pro03a,Jev V2,0.5,0.3333333333333333,1.0
arguana,test-philosophy-pppgshbsd-pro03a,Jev V3,0.3562071871080222,0.16666666666666666,1.0
arguana,test-philosophy-pppgshbsd-pro03a,base (MaxSim@10),0.6309297535714575,,
arguana,test-philosophy-pppgshbsd-con02a,first stage,0.0,0.0,0.0
arguana,test-philosophy-pppgshbsd-con02a,cross-encoder,0.0,0.0,0.0
arguana,test-philosophy-pppgshbsd-con02a,Jev V1,0.0,0.0,0.0
arguana,test-philosophy-pppgshbsd-con02a,Jev V2,0.0,0.0,0.0
arguana,test-philosophy-pppgshbsd-con02a,Jev V3,0.0,0.0,0.0
arguana,test-philosophy-pppgshbsd-con02a,base (MaxSim@10),0.0,,
arguana,test-philosophy-pppgshbsd-con05a,first stage,0.3562071871080222,0.16666666666666666,1.0
arguana,test-philosophy-pppgshbsd-con05a,cross-encoder,1.0,1.0,1.0
arguana,test-philosophy-pppgshbsd-con05a,Jev V1,1.0,1.0,1.0
arguana,test-philosophy-pppgshbsd-con05a,Jev V2,1.0,1.0,1.0
arguana,test-philosophy-pppgshbsd-con05a,Jev V3,1.0,1.0,1.0
arguana,test-philosophy-pppgshbsd-con05a,base (MaxSim@10),1.0,,
arguana,test-philosophy-pppgshbsd-con04a,first stage,1.0,1.0,1.0
arguana,test-philosophy-pppgshbsd-con04a,cross-encoder,1.0,1.0,1.0
arguana,test-philosophy-pppgshbsd-con04a,Jev V1,0.5,0.3333333333333333,1.0
arguana,test-philosophy-pppgshbsd-con04a,Jev V2,1.0,1.0,1.0
arguana,test-philosophy-pppgshbsd-con04a,Jev V3,1.0,1.0,1.0
arguana,test-philosophy-pppgshbsd-con04a,base (MaxSim@10),1.0,,
arguana,test-philosophy-pppgshbsd-con03a,first stage,0.3333333333333333,0.14285714285714285,1.0
arguana,test-philosophy-pppgshbsd-con03a,cross-encoder,0.6309297535714575,0.5,1.0
arguana,test-philosophy-pppgshbsd-con03a,Jev V1,0.0,0.0,0.0
arguana,test-philosophy-pppgshbsd-con03a,Jev V2,0.5,0.3333333333333333,1.0
arguana,test-philosophy-pppgshbsd-con03a,Jev V3,0.43067655807339306,0.25,1.0
arguana,test-philosophy-pppgshbsd-con03a,base (MaxSim@10),0.3868528072345416,,
arguana,test-philosophy-pppgshbsd-con01a,first stage,0.43067655807339306,0.25,1.0
arguana,test-philosophy-pppgshbsd-con01a,cross-encoder,0.5,0.3333333333333333,1.0
arguana,test-philosophy-pppgshbsd-con01a,Jev V1,0.43067655807339306,0.25,1.0
arguana,test-philosophy-pppgshbsd-con01a,Jev V2,0.6309297535714575,0.5,1.0
arguana,test-philosophy-pppgshbsd-con01a,Jev V3,0.2890648263178879,0.1,1.0
arguana,test-philosophy-pppgshbsd-con01a,base (MaxSim@10),0.6309297535714575,,
arguana,test-philosophy-elhbrd-pro02a,first stage,0.0,0.0,0.0
arguana,test-philosophy-elhbrd-pro02a,cross-encoder,0.0,0.0,0.0
arguana,test-philosophy-elhbrd-pro02a,Jev V1,0.0,0.0,0.0
arguana,test-philosophy-elhbrd-pro02a,Jev V2,0.0,0.0,0.0
arguana,test-philosophy-elhbrd-pro02a,Jev V3,0.0,0.0,0.0
arguana,test-philosophy-elhbrd-pro02a,base (MaxSim@10),0.0,,
arguana,test-philosophy-elhbrd-pro01a,first stage,0.0,0.0,0.0
arguana,test-philosophy-elhbrd-pro01a,cross-encoder,0.3010299956639812,0.1111111111111111,1.0
arguana,test-philosophy-elhbrd-pro01a,Jev V1,0.2890648263178879,0.1,1.0
arguana,test-philosophy-elhbrd-pro01a,Jev V2,0.0,0.0,0.0
arguana,test-philosophy-elhbrd-pro01a,Jev V3,0.3562071871080222,0.16666666666666666,1.0
arguana,test-philosophy-elhbrd-pro01a,base (MaxSim@10),0.0,,
arguana,test-philosophy-elhbrd-pro03a,first stage,0.43067655807339306,0.25,1.0
arguana,test-philosophy-elhbrd-pro03a,cross-encoder,0.2890648263178879,0.1,1.0
arguana,test-philosophy-elhbrd-pro03a,Jev V1,0.3562071871080222,0.16666666666666666,1.0
arguana,test-philosophy-elhbrd-pro03a,Jev V2,0.6309297535714575,0.5,1.0
arguana,test-philosophy-elhbrd-pro03a,Jev V3,0.6309297535714575,0.5,1.0
arguana,test-philosophy-elhbrd-pro03a,base (MaxSim@10),1.0,,
arguana,test-philosophy-elhbrd-con02a,first stage,0.0,0.0,0.0
arguana,test-philosophy-elhbrd-con02a,cross-encoder,0.43067655807339306,0.25,1.0
arguana,test-philosophy-elhbrd-con02a,Jev V1,1.0,1.0,1.0
arguana,test-philosophy-elhbrd-con02a,Jev V2,1.0,1.0,1.0
arguana,test-philosophy-elhbrd-con02a,Jev V3,0.43067655807339306,0.25,1.0
arguana,test-philosophy-elhbrd-con02a,base (MaxSim@10),0.0,,
arguana,test-philosophy-elhbrd-con04a,first stage,0.0,0.0,0.0
arguana,test-philosophy-elhbrd-con04a,cross-encoder,1.0,1.0,1.0
arguana,test-philosophy-elhbrd-con04a,Jev V1,0.6309297535714575,0.5,1.0
arguana,test-philosophy-elhbrd-con04a,Jev V2,0.38685280723454163,0.2,1.0
arguana,test-philosophy-elhbrd-con04a,Jev V3,0.6309297535714575,0.5,1.0
arguana,test-philosophy-elhbrd-con04a,base (MaxSim@10),0.0,,
arguana,test-philosophy-elhbrd-con03a,first stage,0.6309297535714575,0.5,1.0
arguana,test-philosophy-elhbrd-con03a,cross-encoder,1.0,1.0,1.0
arguana,test-philosophy-elhbrd-con03a,Jev V1,0.6309297535714575,0.5,1.0
arguana,test-philosophy-elhbrd-con03a,Jev V2,0.31546487678572877,0.125,1.0
arguana,test-philosophy-elhbrd-con03a,Jev V3,1.0,1.0,1.0
arguana,test-philosophy-elhbrd-con03a,base (MaxSim@10),0.6309297535714575,,
arguana,test-philosophy-elhbrd-con01a,first stage,0.0,0.0,0.0
arguana,test-philosophy-elhbrd-con01a,cross-encoder,0.3333333333333333,0.14285714285714285,1.0
arguana,test-philosophy-elhbrd-con01a,Jev V1,0.3562071871080222,0.16666666666666666,1.0
arguana,test-philosophy-elhbrd-con01a,Jev V2,0.3562071871080222,0.16666666666666666,1.0
arguana,test-philosophy-elhbrd-con01a,Jev V3,0.5,0.3333333333333333,1.0
arguana,test-philosophy-elhbrd-con01a,base (MaxSim@10),0.0,,
arguana,test-philosophy-apessghwba-pro02a,first stage,0.31546487678572877,0.125,1.0
arguana,test-philosophy-apessghwba-pro02a,cross-encoder,0.3562071871080222,0.16666666666666666,1.0
arguana,test-philosophy-apessghwba-pro02a,Jev V1,0.0,0.0,0.0
arguana,test-philosophy-apessghwba-pro02a,Jev V2,0.0,0.0,0.0
arguana,test-philosophy-apessghwba-pro02a,Jev V3,0.31546487678572877,0.125,1.0
arguana,test-philosophy-apessghwba-pro02a,base (MaxSim@10),0.3333333333333333,,
arguana,test-philosophy-apessghwba-pro05a,first stage,0.5,0.3333333333333333,1.0
arguana,test-philosophy-apessghwba-pro05a,cross-encoder,1.0,1.0,1.0
arguana,test-philosophy-apessghwba-pro05a,Jev V1,0.3562071871080222,0.16666666666666666,1.0
arguana,test-philosophy-apessghwba-pro05a,Jev V2,0.43067655807339306,0.25,1.0
arguana,test-philosophy-apessghwba-pro05a,Jev V3,1.0,1.0,1.0
arguana,test-philosophy-apessghwba-pro05a,base (MaxSim@10),0.5,,
arguana,test-philosophy-apessghwba-pro01a,first stage,0.31546487678572877,0.125,1.0
arguana,test-philosophy-apessghwba-pro01a,cross-encoder,1.0,1.0,1.0
arguana,test-philosophy-apessghwba-pro01a,Jev V1,0.43067655807339306,0.25,1.0
arguana,test-philosophy-apessghwba-pro01a,Jev V2,0.6309297535714575,0.5,1.0
arguana,test-philosophy-apessghwba-pro01a,Jev V3,0.5,0.3333333333333333,1.0
arguana,test-philosophy-apessghwba-pro01a,base (MaxSim@10),0.3154648767857287,,
arguana,test-philosophy-apessghwba-pro03a,first stage,0.6309297535714575,0.5,1.0
arguana,test-philosophy-apessghwba-pro03a,cross-encoder,0.3562071871080222,0.16666666666666666,1.0
arguana,test-philosophy-apessghwba-pro03a,Jev V1,0.5,0.3333333333333333,1.0
arguana,test-philosophy-apessghwba-pro03a,Jev V2,0.5,0.3333333333333333,1.0
arguana,test-philosophy-apessghwba-pro03a,Jev V3,1.0,1.0,1.0
arguana,test-philosophy-apessghwba-pro03a,base (MaxSim@10),0.6309297535714575,,
arguana,test-philosophy-apessghwba-pro04a,first stage,1.0,1.0,1.0
arguana,test-philosophy-apessghwba-pro04a,cross-encoder,0.43067655807339306,0.25,1.0
arguana,test-philosophy-apessghwba-pro04a,Jev V1,0.6309297535714575,0.5,1.0
arguana,test-philosophy-apessghwba-pro04a,Jev V2,0.43067655807339306,0.25,1.0
arguana,test-philosophy-apessghwba-pro04a,Jev V3,1.0,1.0,1.0
arguana,test-philosophy-apessghwba-pro04a,base (MaxSim@10),1.0,,
arguana,test-philosophy-apessghwba-con02a,first stage,0.5,0.3333333333333333,1.0
arguana,test-philosophy-apessghwba-con02a,cross-encoder,0.6309297535714575,0.5,1.0
arguana,test-philosophy-apessghwba-con02a,Jev V1,0.6309297535714575,0.5,1.0
arguana,test-philosophy-apessghwba-con02a,Jev V2,1.0,1.0,1.0
arguana,test-philosophy-apessghwba-con02a,Jev V3,1.0,1.0,1.0
arguana,test-philosophy-apessghwba-con02a,base (MaxSim@10),0.6309297535714575,,
arguana,test-philosophy-apessghwba-con05a,first stage,0.0,0.0,0.0
arguana,test-philosophy-apessghwba-con05a,cross-encoder,0.43067655807339306,0.25,1.0
arguana,test-philosophy-apessghwba-con05a,Jev V1,0.5,0.3333333333333333,1.0
arguana,test-philosophy-apessghwba-con05a,Jev V2,0.43067655807339306,0.25,1.0
arguana,test-philosophy-apessghwba-con05a,Jev V3,0.3562071871080222,0.16666666666666666,1.0
arguana,test-philosophy-apessghwba-con05a,base (MaxSim@10),0.0,,
arguana,test-philosophy-apessghwba-con04a,first stage,0.5,0.3333333333333333,1.0
arguana,test-philosophy-apessghwba-con04a,cross-encoder,0.3333333333333333,0.14285714285714285,1.0
arguana,test-philosophy-apessghwba-con04a,Jev V1,0.43067655807339306,0.25,1.0
arguana,test-philosophy-apessghwba-con04a,Jev V2,1.0,1.0,1.0
arguana,test-philosophy-apessghwba-con04a,Jev V3,1.0,1.0,1.0
arguana,test-philosophy-apessghwba-con04a,base (MaxSim@10),0.6309297535714575,,
arguana,test-philosophy-apessghwba-con03a,first stage,0.0,0.0,0.0
arguana,test-philosophy-apessghwba-con03a,cross-encoder,0.43067655807339306,0.25,1.0
arguana,test-philosophy-apessghwba-con03a,Jev V1,0.3333333333333333,0.14285714285714285,1.0
arguana,test-philosophy-apessghwba-con03a,Jev V2,0.38685280723454163,0.2,1.0
arguana,test-philosophy-apessghwba-con03a,Jev V3,0.0,0.0,0.0
arguana,test-philosophy-apessghwba-con03a,base (MaxSim@10),0.0,,
arguana,test-philosophy-apessghwba-con01a,first stage,0.3010299956639812,0.1111111111111111,1.0
arguana,test-philosophy-apessghwba-con01a,cross-encoder,0.43067655807339306,0.25,1.0
arguana,test-philosophy-apessghwba-con01a,Jev V1,0.43067655807339306,0.25,1.0
arguana,test-philosophy-apessghwba-con01a,Jev V2,0.43067655807339306,0.25,1.0
arguana,test-philosophy-apessghwba-con01a,Jev V3,0.43067655807339306,0.25,1.0
arguana,test-philosophy-apessghwba-con01a,base (MaxSim@10),0.3868528072345416,,
arguana,test-philosophy-elkosmj-pro02a,first stage,1.0,1.0,1.0
arguana,test-philosophy-elkosmj-pro02a,cross-encoder,1.0,1.0,1.0
arguana,test-philosophy-elkosmj-pro02a,Jev V1,0.43067655807339306,0.25,1.0
arguana,test-philosophy-elkosmj-pro02a,Jev V2,0.6309297535714575,0.5,1.0
arguana,test-philosophy-elkosmj-pro02a,Jev V3,1.0,1.0,1.0
arguana,test-philosophy-elkosmj-pro02a,base (MaxSim@10),1.0,,
arguana,test-philosophy-elkosmj-pro01a,first stage,0.6309297535714575,0.5,1.0
arguana,test-philosophy-elkosmj-pro01a,cross-encoder,0.5,0.3333333333333333,1.0
arguana,test-philosophy-elkosmj-pro01a,Jev V1,0.3562071871080222,0.16666666666666666,1.0
arguana,test-philosophy-elkosmj-pro01a,Jev V2,0.6309297535714575,0.5,1.0
arguana,test-philosophy-elkosmj-pro01a,Jev V3,1.0,1.0,1.0
arguana,test-philosophy-elkosmj-pro01a,base (MaxSim@10),0.6309297535714575,,
arguana,test-philosophy-elkosmj-pro03a,first stage,0.5,0.3333333333333333,1.0
arguana,test-philosophy-elkosmj-pro03a,cross-encoder,1.0,1.0,1.0
arguana,test-philosophy-elkosmj-pro03a,Jev V1,0.5,0.3333333333333333,1.0
arguana,test-philosophy-elkosmj-pro03a,Jev V2,1.0,1.0,1.0
arguana,test-philosophy-elkosmj-pro03a,Jev V3,0.6309297535714575,0.5,1.0
arguana,test-philosophy-elkosmj-pro03a,base (MaxSim@10),0.430676558073393,,
arguana,test-philosophy-elkosmj-con02a,first stage,0.5,0.3333333333333333,1.0
arguana,test-philosophy-elkosmj-con02a,cross-encoder,0.5,0.3333333333333333,1.0
arguana,test-philosophy-elkosmj-con02a,Jev V1,0.5,0.3333333333333333,1.0
arguana,test-philosophy-elkosmj-con02a,Jev V2,0.43067655807339306,0.25,1.0
arguana,test-philosophy-elkosmj-con02a,Jev V3,0.5,0.3333333333333333,1.0
arguana,test-philosophy-elkosmj-con02a,base (MaxSim@10),0.6309297535714575,,
arguana,test-philosophy-elkosmj-con05a,first stage,0.6309297535714575,0.5,1.0
arguana,test-philosophy-elkosmj-con05a,cross-encoder,1.0,1.0,1.0
arguana,test-philosophy-elkosmj-con05a,Jev V1,0.5,0.3333333333333333,1.0
arguana,test-philosophy-elkosmj-con05a,Jev V2,0.43067655807339306,0.25,1.0
arguana,test-philosophy-elkosmj-con05a,Jev V3,0.6309297535714575,0.5,1.0
arguana,test-philosophy-elkosmj-con05a,base (MaxSim@10),0.6309297535714575,,
arguana,test-philosophy-elkosmj-con04a,first stage,0.0,0.0,0.0
arguana,test-philosophy-elkosmj-con04a,cross-encoder,0.0,0.0,0.0
arguana,test-philosophy-elkosmj-con04a,Jev V1,0.0,0.0,0.0
arguana,test-philosophy-elkosmj-con04a,Jev V2,0.0,0.0,0.0
arguana,test-philosophy-elkosmj-con04a,Jev V3,0.0,0.0,0.0
arguana,test-philosophy-elkosmj-con04a,base (MaxSim@10),0.0,,
arguana,test-philosophy-elkosmj-con06a,first stage,0.5,0.3333333333333333,1.0
arguana,test-philosophy-elkosmj-con06a,cross-encoder,0.43067655807339306,0.25,1.0
arguana,test-philosophy-elkosmj-con06a,Jev V1,0.5,0.3333333333333333,1.0
arguana,test-philosophy-elkosmj-con06a,Jev V2,0.6309297535714575,0.5,1.0
arguana,test-philosophy-elkosmj-con06a,Jev V3,0.5,0.3333333333333333,1.0
arguana,test-philosophy-elkosmj-con06a,base (MaxSim@10),0.5,,
arguana,test-philosophy-elkosmj-con03a,first stage,0.38685280723454163,0.2,1.0
arguana,test-philosophy-elkosmj-con03a,cross-encoder,0.5,0.3333333333333333,1.0
arguana,test-philosophy-elkosmj-con03a,Jev V1,0.5,0.3333333333333333,1.0
arguana,test-philosophy-elkosmj-con03a,Jev V2,1.0,1.0,1.0
arguana,test-philosophy-elkosmj-con03a,Jev V3,1.0,1.0,1.0
arguana,test-philosophy-elkosmj-con03a,base (MaxSim@10),0.5,,
arguana,test-philosophy-elkosmj-con01a,first stage,0.5,0.3333333333333333,1.0
arguana,test-philosophy-elkosmj-con01a,cross-encoder,0.6309297535714575,0.5,1.0
arguana,test-philosophy-elkosmj-con01a,Jev V1,0.43067655807339306,0.25,1.0
arguana,test-philosophy-elkosmj-con01a,Jev V2,0.6309297535714575,0.5,1.0
arguana,test-philosophy-elkosmj-con01a,Jev V3,1.0,1.0,1.0
arguana,test-philosophy-elkosmj-con01a,base (MaxSim@10),0.5,,
arguana,test-philosophy-pphbclsbs-pro02a,first stage,0.3562071871080222,0.16666666666666666,1.0
arguana,test-philosophy-pphbclsbs-pro02a,cross-encoder,0.43067655807339306,0.25,1.0
arguana,test-philosophy-pphbclsbs-pro02a,Jev V1,0.0,0.0,0.0
arguana,test-philosophy-pphbclsbs-pro02a,Jev V2,0.2890648263178879,0.1,1.0
arguana,test-philosophy-pphbclsbs-pro02a,Jev V3,0.3562071871080222,0.16666666666666666,1.0
arguana,test-philosophy-pphbclsbs-pro02a,base (MaxSim@10),0.430676558073393,,
arguana,test-philosophy-pphbclsbs-pro05a,first stage,0.0,0.0,0.0
arguana,test-philosophy-pphbclsbs-pro05a,cross-encoder,0.0,0.0,0.0
arguana,test-philosophy-pphbclsbs-pro05a,Jev V1,0.0,0.0,0.0
arguana,test-philosophy-pphbclsbs-pro05a,Jev V2,0.0,0.0,0.0
arguana,test-philosophy-pphbclsbs-pro05a,Jev V3,0.0,0.0,0.0
arguana,test-philosophy-pphbclsbs-pro05a,base (MaxSim@10),0.0,,
arguana,test-philosophy-pphbclsbs-pro01a,first stage,0.0,0.0,0.0
arguana,test-philosophy-pphbclsbs-pro01a,cross-encoder,0.0,0.0,0.0
arguana,test-philosophy-pphbclsbs-pro01a,Jev V1,0.0,0.0,0.0
arguana,test-philosophy-pphbclsbs-pro01a,Jev V2,0.0,0.0,0.0
arguana,test-philosophy-pphbclsbs-pro01a,Jev V3,0.0,0.0,0.0
arguana,test-philosophy-pphbclsbs-pro01a,base (MaxSim@10),0.0,,
arguana,test-philosophy-pphbclsbs-pro03a,first stage,1.0,1.0,1.0
arguana,test-philosophy-pphbclsbs-pro03a,cross-encoder,1.0,1.0,1.0
arguana,test-philosophy-pphbclsbs-pro03a,Jev V1,0.6309297535714575,0.5,1.0
arguana,test-philosophy-pphbclsbs-pro03a,Jev V2,0.3562071871080222,0.16666666666666666,1.0
arguana,test-philosophy-pphbclsbs-pro03a,Jev V3,0.5,0.3333333333333333,1.0
arguana,test-philosophy-pphbclsbs-pro03a,base (MaxSim@10),0.6309297535714575,,
arguana,test-philosophy-pphbclsbs-pro04a,first stage,0.5,0.3333333333333333,1.0
arguana,test-philosophy-pphbclsbs-pro04a,cross-encoder,1.0,1.0,1.0
arguana,test-philosophy-pphbclsbs-pro04a,Jev V1,1.0,1.0,1.0
arguana,test-philosophy-pphbclsbs-pro04a,Jev V2,0.31546487678572877,0.125,1.0
arguana,test-philosophy-pphbclsbs-pro04a,Jev V3,0.6309297535714575,0.5,1.0
arguana,test-philosophy-pphbclsbs-pro04a,base (MaxSim@10),0.2890648263178879,,
arguana,test-philosophy-pphbclsbs-con02a,first stage,1.0,1.0,1.0
arguana,test-philosophy-pphbclsbs-con02a,cross-encoder,1.0,1.0,1.0
arguana,test-philosophy-pphbclsbs-con02a,Jev V1,0.6309297535714575,0.5,1.0
arguana,test-philosophy-pphbclsbs-con02a,Jev V2,0.5,0.3333333333333333,1.0
arguana,test-philosophy-pphbclsbs-con02a,Jev V3,1.0,1.0,1.0
arguana,test-philosophy-pphbclsbs-con02a,base (MaxSim@10),0.5,,
arguana,test-philosophy-pphbclsbs-con05a,first stage,0.0,0.0,0.0
arguana,test-philosophy-pphbclsbs-con05a,cross-encoder,0.0,0.0,0.0
arguana,test-philosophy-pphbclsbs-con05a,Jev V1,0.0,0.0,0.0
arguana,test-philosophy-pphbclsbs-con05a,Jev V2,0.0,0.0,0.0
arguana,test-philosophy-pphbclsbs-con05a,Jev V3,0.0,0.0,0.0
arguana,test-philosophy-pphbclsbs-con05a,base (MaxSim@10),0.0,,
arguana,test-philosophy-pphbclsbs-con04a,first stage,1.0,1.0,1.0
arguana,test-philosophy-pphbclsbs-con04a,cross-encoder,1.0,1.0,1.0
arguana,test-philosophy-pphbclsbs-con04a,Jev V1,1.0,1.0,1.0
arguana,test-philosophy-pphbclsbs-con04a,Jev V2,0.43067655807339306,0.25,1.0
arguana,test-philosophy-pphbclsbs-con04a,Jev V3,1.0,1.0,1.0
arguana,test-philosophy-pphbclsbs-con04a,base (MaxSim@10),0.5,,
arguana,test-philosophy-pphbclsbs-con03a,first stage,0.0,0.0,0.0
arguana,test-philosophy-pphbclsbs-con03a,cross-encoder,0.0,0.0,0.0
arguana,test-philosophy-pphbclsbs-con03a,Jev V1,0.0,0.0,0.0
arguana,test-philosophy-pphbclsbs-con03a,Jev V2,0.0,0.0,0.0
arguana,test-philosophy-pphbclsbs-con03a,Jev V3,0.0,0.0,0.0
arguana,test-philosophy-pphbclsbs-con03a,base (MaxSim@10),0.0,,
arguana,test-philosophy-pphbclsbs-con01a,first stage,0.0,0.0,0.0
arguana,test-philosophy-pphbclsbs-con01a,cross-encoder,0.0,0.0,0.0
arguana,test-philosophy-pphbclsbs-con01a,Jev V1,0.0,0.0,0.0
arguana,test-philosophy-pphbclsbs-con01a,Jev V2,0.0,0.0,0.0
arguana,test-philosophy-pphbclsbs-con01a,Jev V3,0.0,0.0,0.0
arguana,test-philosophy-pphbclsbs-con01a,base (MaxSim@10),0.0,,
arguana,test-philosophy-npppmhwup-pro02a,first stage,0.5,0.3333333333333333,1.0
arguana,test-philosophy-npppmhwup-pro02a,cross-encoder,0.6309297535714575,0.5,1.0
arguana,test-philosophy-npppmhwup-pro02a,Jev V1,1.0,1.0,1.0
arguana,test-philosophy-npppmhwup-pro02a,Jev V2,1.0,1.0,1.0
arguana,test-philosophy-npppmhwup-pro02a,Jev V3,1.0,1.0,1.0
arguana,test-philosophy-npppmhwup-pro02a,base (MaxSim@10),1.0,,
arguana,test-philosophy-npppmhwup-pro01a,first stage,1.0,1.0,1.0
arguana,test-philosophy-npppmhwup-pro01a,cross-encoder,0.38685280723454163,0.2,1.0
arguana,test-philosophy-npppmhwup-pro01a,Jev V1,0.38685280723454163,0.2,1.0
arguana,test-philosophy-npppmhwup-pro01a,Jev V2,0.6309297535714575,0.5,1.0
arguana,test-philosophy-npppmhwup-pro01a,Jev V3,1.0,1.0,1.0
arguana,test-philosophy-npppmhwup-pro01a,base (MaxSim@10),0.3333333333333333,,
arguana,test-philosophy-npppmhwup-pro03a,first stage,0.5,0.3333333333333333,1.0
arguana,test-philosophy-npppmhwup-pro03a,cross-encoder,1.0,1.0,1.0
arguana,test-philosophy-npppmhwup-pro03a,Jev V1,1.0,1.0,1.0
arguana,test-philosophy-npppmhwup-pro03a,Jev V2,1.0,1.0,1.0
arguana,test-philosophy-npppmhwup-pro03a,Jev V3,1.0,1.0,1.0
arguana,test-philosophy-npppmhwup-pro03a,base (MaxSim@10),1.0,,
arguana,test-philosophy-npppmhwup-pro04a,first stage,1.0,1.0,1.0
arguana,test-philosophy-npppmhwup-pro04a,cross-encoder,0.6309297535714575,0.5,1.0
arguana,test-philosophy-npppmhwup-pro04a,Jev V1,0.6309297535714575,0.5,1.0
arguana,test-philosophy-npppmhwup-pro04a,Jev V2,0.5,0.3333333333333333,1.0
arguana,test-philosophy-npppmhwup-pro04a,Jev V3,1.0,1.0,1.0
arguana,test-philosophy-npppmhwup-pro04a,base (MaxSim@10),1.0,,
arguana,test-philosophy-npppmhwup-con02a,first stage,1.0,1.0,1.0
arguana,test-philosophy-npppmhwup-con02a,cross-encoder,0.5,0.3333333333333333,1.0
arguana,test-philosophy-npppmhwup-con02a,Jev V1,1.0,1.0,1.0
arguana,test-philosophy-npppmhwup-con02a,Jev V2,0.6309297535714575,0.5,1.0
arguana,test-philosophy-npppmhwup-con02a,Jev V3,1.0,1.0,1.0
arguana,test-philosophy-npppmhwup-con02a,base (MaxSim@10),0.6309297535714575,,
arguana,test-philosophy-npppmhwup-con03a,first stage,0.3562071871080222,0.16666666666666666,1.0
arguana,test-philosophy-npppmhwup-con03a,cross-encoder,1.0,1.0,1.0
arguana,test-philosophy-npppmhwup-con03a,Jev V1,0.5,0.3333333333333333,1.0
arguana,test-philosophy-npppmhwup-con03a,Jev V2,0.2890648263178879,0.1,1.0
arguana,test-philosophy-npppmhwup-con03a,Jev V3,1.0,1.0,1.0
arguana,test-philosophy-npppmhwup-con03a,base (MaxSim@10),0.3154648767857287,,
arguana,test-philosophy-npppmhwup-con01a,first stage,0.0,0.0,0.0
arguana,test-philosophy-npppmhwup-con01a,cross-encoder,0.0,0.0,0.0
arguana,test-philosophy-npppmhwup-con01a,Jev V1,0.3562071871080222,0.16666666666666666,1.0
arguana,test-philosophy-npppmhwup-con01a,Jev V2,1.0,1.0,1.0
arguana,test-philosophy-npppmhwup-con01a,Jev V3,0.5,0.3333333333333333,1.0
arguana,test-philosophy-npppmhwup-con01a,base (MaxSim@10),0.0,,
arguana,test-philosophy-npegiepp-pro02a,first stage,0.3562071871080222,0.16666666666666666,1.0
arguana,test-philosophy-npegiepp-pro02a,cross-encoder,0.5,0.3333333333333333,1.0
arguana,test-philosophy-npegiepp-pro02a,Jev V1,0.3562071871080222,0.16666666666666666,1.0
arguana,test-philosophy-npegiepp-pro02a,Jev V2,0.43067655807339306,0.25,1.0
arguana,test-philosophy-npegiepp-pro02a,Jev V3,0.6309297535714575,0.5,1.0
arguana,test-philosophy-npegiepp-pro02a,base (MaxSim@10),0.3562071871080222,,
arguana,test-philosophy-npegiepp-pro05a,first stage,1.0,1.0,1.0
arguana,test-philosophy-npegiepp-pro05a,cross-encoder,1.0,1.0,1.0
arguana,test-philosophy-npegiepp-pro05a,Jev V1,1.0,1.0,1.0
arguana,test-philosophy-npegiepp-pro05a,Jev V2,1.0,1.0,1.0
arguana,test-philosophy-npegiepp-pro05a,Jev V3,1.0,1.0,1.0
arguana,test-philosophy-npegiepp-pro05a,base (MaxSim@10),1.0,,
arguana,test-philosophy-npegiepp-pro01a,first stage,0.3562071871080222,0.16666666666666666,1.0
arguana,test-philosophy-npegiepp-pro01a,cross-encoder,0.6309297535714575,0.5,1.0
arguana,test-philosophy-npegiepp-pro01a,Jev V1,0.3333333333333333,0.14285714285714285,1.0
arguana,test-philosophy-npegiepp-pro01a,Jev V2,0.38685280723454163,0.2,1.0
arguana,test-philosophy-npegiepp-pro01a,Jev V3,0.6309297535714575,0.5,1.0
arguana,test-philosophy-npegiepp-pro01a,base (MaxSim@10),0.3868528072345416,,
arguana,test-philosophy-npegiepp-pro03a,first stage,0.0,0.0,0.0
arguana,test-philosophy-npegiepp-pro03a,cross-encoder,0.43067655807339306,0.25,1.0
arguana,test-philosophy-npegiepp-pro03a,Jev V1,0.0,0.0,0.0
arguana,test-philosophy-npegiepp-pro03a,Jev V2,0.0,0.0,0.0
arguana,test-philosophy-npegiepp-pro03a,Jev V3,0.38685280723454163,0.2,1.0
arguana,test-philosophy-npegiepp-pro03a,base (MaxSim@10),0.0,,
arguana,test-philosophy-npegiepp-pro04a,first stage,0.3333333333333333,0.14285714285714285,1.0
arguana,test-philosophy-npegiepp-pro04a,cross-encoder,1.0,1.0,1.0
arguana,test-philosophy-npegiepp-pro04a,Jev V1,0.5,0.3333333333333333,1.0
arguana,test-philosophy-npegiepp-pro04a,Jev V2,0.6309297535714575,0.5,1.0
arguana,test-philosophy-npegiepp-pro04a,Jev V3,0.5,0.3333333333333333,1.0
arguana,test-philosophy-npegiepp-pro04a,base (MaxSim@10),0.3562071871080222,,
arguana,test-philosophy-npegiepp-con02a,first stage,0.0,0.0,0.0
arguana,test-philosophy-npegiepp-con02a,cross-encoder,0.3333333333333333,0.14285714285714285,1.0
arguana,test-philosophy-npegiepp-con02a,Jev V1,0.0,0.0,0.0
arguana,test-philosophy-npegiepp-con02a,Jev V2,0.0,0.0,0.0
arguana,test-philosophy-npegiepp-con02a,Jev V3,0.0,0.0,0.0
arguana,test-philosophy-npegiepp-con02a,base (MaxSim@10),0.0,,
arguana,test-philosophy-npegiepp-con04a,first stage,1.0,1.0,1.0
arguana,test-philosophy-npegiepp-con04a,cross-encoder,1.0,1.0,1.0
arguana,test-philosophy-npegiepp-con04a,Jev V1,0.38685280723454163,0.2,1.0
arguana,test-philosophy-npegiepp-con04a,Jev V2,1.0,1.0,1.0
arguana,test-philosophy-npegiepp-con04a,Jev V3,1.0,1.0,1.0
arguana,test-philosophy-npegiepp-con04a,base (MaxSim@10),1.0,,
arguana,test-philosophy-npegiepp-con03a,first stage,1.0,1.0,1.0
arguana,test-philosophy-npegiepp-con03a,cross-encoder,1.0,1.0,1.0
arguana,test-philosophy-npegiepp-con03a,Jev V1,0.6309297535714575,0.5,1.0
arguana,test-philosophy-npegiepp-con03a,Jev V2,1.0,1.0,1.0
arguana,test-philosophy-npegiepp-con03a,Jev V3,1.0,1.0,1.0
arguana,test-philosophy-npegiepp-con03a,base (MaxSim@10),1.0,,
arguana,test-philosophy-npegiepp-con01a,first stage,0.38685280723454163,0.2,1.0
arguana,test-philosophy-npegiepp-con01a,cross-encoder,0.6309297535714575,0.5,1.0
arguana,test-philosophy-npegiepp-con01a,Jev V1,0.3010299956639812,0.1111111111111111,1.0
arguana,test-philosophy-npegiepp-con01a,Jev V2,0.5,0.3333333333333333,1.0
arguana,test-philosophy-npegiepp-con01a,Jev V3,0.0,0.0,0.0
arguana,test-philosophy-npegiepp-con01a,base (MaxSim@10),0.3154648767857287,,
arguana,test-philosophy-eppphwlrtjs-pro02a,first stage,1.0,1.0,1.0
arguana,test-philosophy-eppphwlrtjs-pro02a,cross-encoder,1.0,1.0,1.0
arguana,test-philosophy-eppphwlrtjs-pro02a,Jev V1,0.6309297535714575,0.5,1.0
arguana,test-philosophy-eppphwlrtjs-pro02a,Jev V2,0.5,0.3333333333333333,1.0
arguana,test-philosophy-eppphwlrtjs-pro02a,Jev V3,0.6309297535714575,0.5,1.0
arguana,test-philosophy-eppphwlrtjs-pro02a,base (MaxSim@10),1.0,,
arguana,test-philosophy-eppphwlrtjs-pro05a,first stage,0.6309297535714575,0.5,1.0
arguana,test-philosophy-eppphwlrtjs-pro05a,cross-encoder,0.31546487678572877,0.125,1.0
arguana,test-philosophy-eppphwlrtjs-pro05a,Jev V1,1.0,1.0,1.0
arguana,test-philosophy-eppphwlrtjs-pro05a,Jev V2,1.0,1.0,1.0
arguana,test-philosophy-eppphwlrtjs-pro05a,Jev V3,1.0,1.0,1.0
arguana,test-philosophy-eppphwlrtjs-pro05a,base (MaxSim@10),1.0,,
arguana,test-philosophy-eppphwlrtjs-pro01a,first stage,1.0,1.0,1.0
arguana,test-philosophy-eppphwlrtjs-pro01a,cross-encoder,0.3562071871080222,0.16666666666666666,1.0
arguana,test-philosophy-eppphwlrtjs-pro01a,Jev V1,0.2890648263178879,0.1,1.0
arguana,test-philosophy-eppphwlrtjs-pro01a,Jev V2,0.31546487678572877,0.125,1.0
arguana,test-philosophy-eppphwlrtjs-pro01a,Jev V3,0.43067655807339306,0.25,1.0
arguana,test-philosophy-eppphwlrtjs-pro01a,base (MaxSim@10),1.0,,
arguana,test-philosophy-eppphwlrtjs-pro03a,first stage,0.31546487678572877,0.125,1.0
arguana,test-philosophy-eppphwlrtjs-pro03a,cross-encoder,0.3333333333333333,0.14285714285714285,1.0
arguana,test-philosophy-eppphwlrtjs-pro03a,Jev V1,0.6309297535714575,0.5,1.0
arguana,test-philosophy-eppphwlrtjs-pro03a,Jev V2,1.0,1.0,1.0
arguana,test-philosophy-eppphwlrtjs-pro03a,Jev V3,1.0,1.0,1.0
arguana,test-philosophy-eppphwlrtjs-pro03a,base (MaxSim@10),0.3010299956639812,,
arguana,test-philosophy-eppphwlrtjs-pro04a,first stage,0.6309297535714575,0.5,1.0
arguana,test-philosophy-eppphwlrtjs-pro04a,cross-encoder,1.0,1.0,1.0
arguana,test-philosophy-eppphwlrtjs-pro04a,Jev V1,0.6309297535714575,0.5,1.0
arguana,test-philosophy-eppphwlrtjs-pro04a,Jev V2,1.0,1.0,1.0
arguana,test-philosophy-eppphwlrtjs-pro04a,Jev V3,0.6309297535714575,0.5,1.0
arguana,test-philosophy-eppphwlrtjs-pro04a,base (MaxSim@10),0.5,,
arguana,test-philosophy-eppphwlrtjs-con02a,first stage,0.5,0.3333333333333333,1.0
arguana,test-philosophy-eppphwlrtjs-con02a,cross-encoder,1.0,1.0,1.0
arguana,test-philosophy-eppphwlrtjs-con02a,Jev V1,1.0,1.0,1.0
arguana,test-philosophy-eppphwlrtjs-con02a,Jev V2,1.0,1.0,1.0
arguana,test-philosophy-eppphwlrtjs-con02a,Jev V3,1.0,1.0,1.0
arguana,test-philosophy-eppphwlrtjs-con02a,base (MaxSim@10),0.6309297535714575,,
arguana,test-philosophy-eppphwlrtjs-con04a,first stage,1.0,1.0,1.0
arguana,test-philosophy-eppphwlrtjs-con04a,cross-encoder,1.0,1.0,1.0
arguana,test-philosophy-eppphwlrtjs-con04a,Jev V1,0.6309297535714575,0.5,1.0
arguana,test-philosophy-eppphwlrtjs-con04a,Jev V2,1.0,1.0,1.0
arguana,test-philosophy-eppphwlrtjs-con04a,Jev V3,1.0,1.0,1.0
arguana,test-philosophy-eppphwlrtjs-con04a,base (MaxSim@10),1.0,,
arguana,test-philosophy-eppphwlrtjs-con03a,first stage,0.6309297535714575,0.5,1.0
arguana,test-philosophy-eppphwlrtjs-con03a,cross-encoder,1.0,1.0,1.0
arguana,test-philosophy-eppphwlrtjs-con03a,Jev V1,0.5,0.3333333333333333,1.0
arguana,test-philosophy-eppphwlrtjs-con03a,Jev V2,0.6309297535714575,0.5,1.0
arguana,test-philosophy-eppphwlrtjs-con03a,Jev V3,0.6309297535714575,0.5,1.0
arguana,test-philosophy-eppphwlrtjs-con03a,base (MaxSim@10),0.6309297535714575,,
arguana,test-philosophy-eppphwlrtjs-con01a,first stage,1.0,1.0,1.0
arguana,test-philosophy-eppphwlrtjs-con01a,cross-encoder,1.0,1.0,1.0
arguana,test-philosophy-eppphwlrtjs-con01a,Jev V1,0.5,0.3333333333333333,1.0
arguana,test-philosophy-eppphwlrtjs-con01a,Jev V2,1.0,1.0,1.0
arguana,test-philosophy-eppphwlrtjs-con01a,Jev V3,1.0,1.0,1.0
arguana,test-philosophy-eppphwlrtjs-con01a,base (MaxSim@10),1.0,,
arguana,test-philosophy-pppthbtcb-pro02a,first stage,1.0,1.0,1.0
arguana,test-philosophy-pppthbtcb-pro02a,cross-encoder,0.43067655807339306,0.25,1.0
arguana,test-philosophy-pppthbtcb-pro02a,Jev V1,0.6309297535714575,0.5,1.0
arguana,test-philosophy-pppthbtcb-pro02a,Jev V2,1.0,1.0,1.0
arguana,test-philosophy-pppthbtcb-pro02a,Jev V3,1.0,1.0,1.0
arguana,test-philosophy-pppthbtcb-pro02a,base (MaxSim@10),0.6309297535714575,,
arguana,test-philosophy-pppthbtcb-pro05a,first stage,0.3562071871080222,0.16666666666666666,1.0
arguana,test-philosophy-pppthbtcb-pro05a,cross-encoder,1.0,1.0,1.0
arguana,test-philosophy-pppthbtcb-pro05a,Jev V1,1.0,1.0,1.0
arguana,test-philosophy-pppthbtcb-pro05a,Jev V2,0.43067655807339306,0.25,1.0
arguana,test-philosophy-pppthbtcb-pro05a,Jev V3,0.5,0.3333333333333333,1.0
arguana,test-philosophy-pppthbtcb-pro05a,base (MaxSim@10),0.3562071871080222,,
arguana,test-philosophy-pppthbtcb-pro01a,first stage,0.6309297535714575,0.5,1.0
arguana,test-philosophy-pppthbtcb-pro01a,cross-encoder,1.0,1.0,1.0
arguana,test-philosophy-pppthbtcb-pro01a,Jev V1,1.0,1.0,1.0
arguana,test-philosophy-pppthbtcb-pro01a,Jev V2,1.0,1.0,1.0
arguana,test-philosophy-pppthbtcb-pro01a,Jev V3,1.0,1.0,1.0
arguana,test-philosophy-pppthbtcb-pro01a,base (MaxSim@10),0.3333333333333333,,
arguana,test-philosophy-pppthbtcb-pro03a,first stage,0.38685280723454163,0.2,1.0
arguana,test-philosophy-pppthbtcb-pro03a,cross-encoder,1.0,1.0,1.0
arguana,test-philosophy-pppthbtcb-pro03a,Jev V1,0.43067655807339306,0.25,1.0
arguana,test-philosophy-pppthbtcb-pro03a,Jev V2,0.6309297535714575,0.5,1.0
arguana,test-philosophy-pppthbtcb-pro03a,Jev V3,0.6309297535714575,0.5,1.0
arguana,test-philosophy-pppthbtcb-pro03a,base (MaxSim@10),0.3562071871080222,,
arguana,test-philosophy-pppthbtcb-pro04a,first stage,1.0,1.0,1.0
arguana,test-philosophy-pppthbtcb-pro04a,cross-encoder,1.0,1.0,1.0
arguana,test-philosophy-pppthbtcb-pro04a,Jev V1,1.0,1.0,1.0
arguana,test-philosophy-pppthbtcb-pro04a,Jev V2,1.0,1.0,1.0
arguana,test-philosophy-pppthbtcb-pro04a,Jev V3,1.0,1.0,1.0
arguana,test-philosophy-pppthbtcb-pro04a,base (MaxSim@10),1.0,,
arguana,test-philosophy-pppthbtcb-con02a,first stage,0.38685280723454163,0.2,1.0
arguana,test-philosophy-pppthbtcb-con02a,cross-encoder,0.5,0.3333333333333333,1.0
arguana,test-philosophy-pppthbtcb-con02a,Jev V1,0.3562071871080222,0.16666666666666666,1.0
arguana,test-philosophy-pppthbtcb-con02a,Jev V2,0.43067655807339306,0.25,1.0
arguana,test-philosophy-pppthbtcb-con02a,Jev V3,0.6309297535714575,0.5,1.0
arguana,test-philosophy-pppthbtcb-con02a,base (MaxSim@10),0.5,,
arguana,test-philosophy-pppthbtcb-con04a,first stage,0.43067655807339306,0.25,1.0
arguana,test-philosophy-pppthbtcb-con04a,cross-encoder,0.6309297535714575,0.5,1.0
arguana,test-philosophy-pppthbtcb-con04a,Jev V1,1.0,1.0,1.0
arguana,test-philosophy-pppthbtcb-con04a,Jev V2,1.0,1.0,1.0
arguana,test-philosophy-pppthbtcb-con04a,Jev V3,1.0,1.0,1.0
arguana,test-philosophy-pppthbtcb-con04a,base (MaxSim@10),0.3562071871080222,,
arguana,test-philosophy-pppthbtcb-con03a,first stage,0.6309297535714575,0.5,1.0
arguana,test-philosophy-pppthbtcb-con03a,cross-encoder,0.6309297535714575,0.5,1.0
arguana,test-philosophy-pppthbtcb-con03a,Jev V1,0.5,0.3333333333333333,1.0
arguana,test-philosophy-pppthbtcb-con03a,Jev V2,0.6309297535714575,0.5,1.0
arguana,test-philosophy-pppthbtcb-con03a,Jev V3,0.6309297535714575,0.5,1.0
arguana,test-philosophy-pppthbtcb-con03a,base (MaxSim@10),1.0,,
arguana,test-philosophy-pppthbtcb-con01a,first stage,1.0,1.0,1.0
arguana,test-philosophy-pppthbtcb-con01a,cross-encoder,0.6309297535714575,0.5,1.0
arguana,test-philosophy-pppthbtcb-con01a,Jev V1,0.5,0.3333333333333333,1.0
arguana,test-philosophy-pppthbtcb-con01a,Jev V2,0.3562071871080222,0.16666666666666666,1.0
arguana,test-philosophy-pppthbtcb-con01a,Jev V3,0.6309297535714575,0.5,1.0
arguana,test-philosophy-pppthbtcb-con01a,base (MaxSim@10),1.0,,
arguana,test-philosophy-ippelhbcp-pro02a,first stage,0.6309297535714575,0.5,1.0
arguana,test-philosophy-ippelhbcp-pro02a,cross-encoder,0.38685280723454163,0.2,1.0
arguana,test-philosophy-ippelhbcp-pro02a,Jev V1,0.6309297535714575,0.5,1.0
arguana,test-philosophy-ippelhbcp-pro02a,Jev V2,0.6309297535714575,0.5,1.0
arguana,test-philosophy-ippelhbcp-pro02a,Jev V3,0.6309297535714575,0.5,1.0
arguana,test-philosophy-ippelhbcp-pro02a,base (MaxSim@10),0.5,,
arguana,test-philosophy-ippelhbcp-pro01a,first stage,0.0,0.0,0.0
arguana,test-philosophy-ippelhbcp-pro01a,cross-encoder,0.0,0.0,0.0
arguana,test-philosophy-ippelhbcp-pro01a,Jev V1,0.0,0.0,0.0
arguana,test-philosophy-ippelhbcp-pro01a,Jev V2,0.0,0.0,0.0
arguana,test-philosophy-ippelhbcp-pro01a,Jev V3,0.0,0.0,0.0
arguana,test-philosophy-ippelhbcp-pro01a,base (MaxSim@10),0.0,,
arguana,test-philosophy-ippelhbcp-pro03a,first stage,0.5,0.3333333333333333,1.0
arguana,test-philosophy-ippelhbcp-pro03a,cross-encoder,1.0,1.0,1.0
arguana,test-philosophy-ippelhbcp-pro03a,Jev V1,1.0,1.0,1.0
arguana,test-philosophy-ippelhbcp-pro03a,Jev V2,1.0,1.0,1.0
arguana,test-philosophy-ippelhbcp-pro03a,Jev V3,1.0,1.0,1.0
arguana,test-philosophy-ippelhbcp-pro03a,base (MaxSim@10),0.6309297535714575,,
arguana,test-philosophy-ippelhbcp-con02a,first stage,0.43067655807339306,0.25,1.0
arguana,test-philosophy-ippelhbcp-con02a,cross-encoder,1.0,1.0,1.0
arguana,test-philosophy-ippelhbcp-con02a,Jev V1,1.0,1.0,1.0
arguana,test-philosophy-ippelhbcp-con02a,Jev V2,1.0,1.0,1.0
arguana,test-philosophy-ippelhbcp-con02a,Jev V3,1.0,1.0,1.0
arguana,test-philosophy-ippelhbcp-con02a,base (MaxSim@10),0.5,,
arguana,test-philosophy-ippelhbcp-con04a,first stage,0.6309297535714575,0.5,1.0
arguana,test-philosophy-ippelhbcp-con04a,cross-encoder,1.0,1.0,1.0
arguana,test-philosophy-ippelhbcp-con04a,Jev V1,1.0,1.0,1.0
arguana,test-philosophy-ippelhbcp-con04a,Jev V2,0.5,0.3333333333333333,1.0
arguana,test-philosophy-ippelhbcp-con04a,Jev V3,1.0,1.0,1.0
arguana,test-philosophy-ippelhbcp-con04a,base (MaxSim@10),0.3333333333333333,,
arguana,test-philosophy-ippelhbcp-con03a,first stage,0.0,0.0,0.0
arguana,test-philosophy-ippelhbcp-con03a,cross-encoder,0.5,0.3333333333333333,1.0
arguana,test-philosophy-ippelhbcp-con03a,Jev V1,1.0,1.0,1.0
arguana,test-philosophy-ippelhbcp-con03a,Jev V2,0.6309297535714575,0.5,1.0
arguana,test-philosophy-ippelhbcp-con03a,Jev V3,1.0,1.0,1.0
arguana,test-philosophy-ippelhbcp-con03a,base (MaxSim@10),0.0,,
arguana,test-philosophy-ippelhbcp-con01a,first stage,0.43067655807339306,0.25,1.0
arguana,test-philosophy-ippelhbcp-con01a,cross-encoder,1.0,1.0,1.0
arguana,test-philosophy-ippelhbcp-con01a,Jev V1,1.0,1.0,1.0
arguana,test-philosophy-ippelhbcp-con01a,Jev V2,1.0,1.0,1.0
arguana,test-philosophy-ippelhbcp-con01a,Jev V3,1.0,1.0,1.0
arguana,test-philosophy-ippelhbcp-con01a,base (MaxSim@10),0.3868528072345416,,
arguana,test-law-ilppppghb-pro02a,first stage,0.3562071871080222,0.16666666666666666,1.0
arguana,test-law-ilppppghb-pro02a,cross-encoder,1.0,1.0,1.0
arguana,test-law-ilppppghb-pro02a,Jev V1,0.3010299956639812,0.1111111111111111,1.0
arguana,test-law-ilppppghb-pro02a,Jev V2,0.5,0.3333333333333333,1.0
arguana,test-law-ilppppghb-pro02a,Jev V3,1.0,1.0,1.0
arguana,test-law-ilppppghb-pro02a,base (MaxSim@10),0.3010299956639812,,
arguana,test-law-ilppppghb-pro01a,first stage,1.0,1.0,1.0
arguana,test-law-ilppppghb-pro01a,cross-encoder,0.43067655807339306,0.25,1.0
arguana,test-law-ilppppghb-pro01a,Jev V1,0.6309297535714575,0.5,1.0
arguana,test-law-ilppppghb-pro01a,Jev V2,0.6309297535714575,0.5,1.0
arguana,test-law-ilppppghb-pro01a,Jev V3,1.0,1.0,1.0
arguana,test-law-ilppppghb-pro01a,base (MaxSim@10),1.0,,
arguana,test-law-ilppppghb-pro03a,first stage,0.0,0.0,0.0
arguana,test-law-ilppppghb-pro03a,cross-encoder,0.38685280723454163,0.2,1.0
arguana,test-law-ilppppghb-pro03a,Jev V1,0.31546487678572877,0.125,1.0
arguana,test-law-ilppppghb-pro03a,Jev V2,0.3010299956639812,0.1111111111111111,1.0
arguana,test-law-ilppppghb-pro03a,Jev V3,0.6309297535714575,0.5,1.0
arguana,test-law-ilppppghb-pro03a,base (MaxSim@10),0.0,,
arguana,test-law-ilppppghb-pro04a,first stage,1.0,1.0,1.0
arguana,test-law-ilppppghb-pro04a,cross-encoder,1.0,1.0,1.0
arguana,test-law-ilppppghb-pro04a,Jev V1,1.0,1.0,1.0
arguana,test-law-ilppppghb-pro04a,Jev V2,1.0,1.0,1.0
arguana,test-law-ilppppghb-pro04a,Jev V3,1.0,1.0,1.0
arguana,test-law-ilppppghb-pro04a,base (MaxSim@10),1.0,,
arguana,test-law-ilppppghb-con02a,first stage,0.5,0.3333333333333333,1.0
arguana,test-law-ilppppghb-con02a,cross-encoder,0.5,0.3333333333333333,1.0
arguana,test-law-ilppppghb-con02a,Jev V1,1.0,1.0,1.0
arguana,test-law-ilppppghb-con02a,Jev V2,1.0,1.0,1.0
arguana,test-law-ilppppghb-con02a,Jev V3,1.0,1.0,1.0
arguana,test-law-ilppppghb-con02a,base (MaxSim@10),0.3333333333333333,,
arguana,test-law-ilppppghb-con03a,first stage,0.31546487678572877,0.125,1.0
arguana,test-law-ilppppghb-con03a,cross-encoder,1.0,1.0,1.0
arguana,test-law-ilppppghb-con03a,Jev V1,0.6309297535714575,0.5,1.0
arguana,test-law-ilppppghb-con03a,Jev V2,1.0,1.0,1.0
arguana,test-law-ilppppghb-con03a,Jev V3,1.0,1.0,1.0
arguana,test-law-ilppppghb-con03a,base (MaxSim@10),0.3868528072345416,,
arguana,test-law-ilppppghb-con01a,first stage,0.3333333333333333,0.14285714285714285,1.0
arguana,test-law-ilppppghb-con01a,cross-encoder,0.6309297535714575,0.5,1.0
arguana,test-law-ilppppghb-con01a,Jev V1,0.5,0.3333333333333333,1.0
arguana,test-law-ilppppghb-con01a,Jev V2,1.0,1.0,1.0
arguana,test-law-ilppppghb-con01a,Jev V3,1.0,1.0,1.0
arguana,test-law-ilppppghb-con01a,base (MaxSim@10),0.3562071871080222,,
arguana,test-law-lgplhbssbco-pro02a,first stage,0.6309297535714575,0.5,1.0
arguana,test-law-lgplhbssbco-pro02a,cross-encoder,1.0,1.0,1.0
arguana,test-law-lgplhbssbco-pro02a,Jev V1,0.6309297535714575,0.5,1.0
arguana,test-law-lgplhbssbco-pro02a,Jev V2,1.0,1.0,1.0
arguana,test-law-lgplhbssbco-pro02a,Jev V3,1.0,1.0,1.0
arguana,test-law-lgplhbssbco-pro02a,base (MaxSim@10),0.5,,
arguana,test-law-lgplhbssbco-pro01a,first stage,0.5,0.3333333333333333,1.0
arguana,test-law-lgplhbssbco-pro01a,cross-encoder,1.0,1.0,1.0
arguana,test-law-lgplhbssbco-pro01a,Jev V1,0.31546487678572877,0.125,1.0
arguana,test-law-lgplhbssbco-pro01a,Jev V2,0.5,0.3333333333333333,1.0
arguana,test-law-lgplhbssbco-pro01a,Jev V3,0.6309297535714575,0.5,1.0
arguana,test-law-lgplhbssbco-pro01a,base (MaxSim@10),0.6309297535714575,,
arguana,test-law-lgplhbssbco-pro03a,first stage,0.6309297535714575,0.5,1.0
arguana,test-law-lgplhbssbco-pro03a,cross-encoder,1.0,1.0,1.0
arguana,test-law-lgplhbssbco-pro03a,Jev V1,1.0,1.0,1.0
arguana,test-law-lgplhbssbco-pro03a,Jev V2,0.6309297535714575,0.5,1.0
arguana,test-law-lgplhbssbco-pro03a,Jev V3,1.0,1.0,1.0
arguana,test-law-lgplhbssbco-pro03a,base (MaxSim@10),0.3562071871080222,,
arguana,test-law-lgplhbssbco-pro04a,first stage,1.0,1.0,1.0
arguana,test-law-lgplhbssbco-pro04a,cross-encoder,1.0,1.0,1.0
arguana,test-law-lgplhbssbco-pro04a,Jev V1,0.6309297535714575,0.5,1.0
arguana,test-law-lgplhbssbco-pro04a,Jev V2,0.5,0.3333333333333333,1.0
arguana,test-law-lgplhbssbco-pro04a,Jev V3,1.0,1.0,1.0
arguana,test-law-lgplhbssbco-pro04a,base (MaxSim@10),1.0,,
arguana,test-law-lgplhbssbco-con02a,first stage,0.38685280723454163,0.2,1.0
arguana,test-law-lgplhbssbco-con02a,cross-encoder,1.0,1.0,1.0
arguana,test-law-lgplhbssbco-con02a,Jev V1,0.38685280723454163,0.2,1.0
arguana,test-law-lgplhbssbco-con02a,Jev V2,0.3333333333333333,0.14285714285714285,1.0
arguana,test-law-lgplhbssbco-con02a,Jev V3,1.0,1.0,1.0
arguana,test-law-lgplhbssbco-con02a,base (MaxSim@10),0.6309297535714575,,
arguana,test-law-lgplhbssbco-con03a,first stage,0.0,0.0,0.0
arguana,test-law-lgplhbssbco-con03a,cross-encoder,0.5,0.3333333333333333,1.0
arguana,test-law-lgplhbssbco-con03a,Jev V1,0.3562071871080222,0.16666666666666666,1.0
arguana,test-law-lgplhbssbco-con03a,Jev V2,0.5,0.3333333333333333,1.0
arguana,test-law-lgplhbssbco-con03a,Jev V3,0.3010299956639812,0.1111111111111111,1.0
arguana,test-law-lgplhbssbco-con03a,base (MaxSim@10),0.0,,
arguana,test-law-lgplhbssbco-con01a,first stage,1.0,1.0,1.0
arguana,test-law-lgplhbssbco-con01a,cross-encoder,0.38685280723454163,0.2,1.0
arguana,test-law-lgplhbssbco-con01a,Jev V1,0.3333333333333333,0.14285714285714285,1.0
arguana,test-law-lgplhbssbco-con01a,Jev V2,0.5,0.3333333333333333,1.0
arguana,test-law-lgplhbssbco-con01a,Jev V3,1.0,1.0,1.0
arguana,test-law-lgplhbssbco-con01a,base (MaxSim@10),0.6309297535714575,,
arguana,test-law-ralhrilglv-pro02a,first stage,0.5,0.3333333333333333,1.0
arguana,test-law-ralhrilglv-pro02a,cross-encoder,0.6309297535714575,0.5,1.0
arguana,test-law-ralhrilglv-pro02a,Jev V1,0.5,0.3333333333333333,1.0
arguana,test-law-ralhrilglv-pro02a,Jev V2,0.6309297535714575,0.5,1.0
arguana,test-law-ralhrilglv-pro02a,Jev V3,1.0,1.0,1.0
arguana,test-law-ralhrilglv-pro02a,base (MaxSim@10),0.3868528072345416,,
arguana,test-law-ralhrilglv-pro01a,first stage,0.3333333333333333,0.14285714285714285,1.0
arguana,test-law-ralhrilglv-pro01a,cross-encoder,0.5,0.3333333333333333,1.0
arguana,test-law-ralhrilglv-pro01a,Jev V1,0.6309297535714575,0.5,1.0
arguana,test-law-ralhrilglv-pro01a,Jev V2,1.0,1.0,1.0
arguana,test-law-ralhrilglv-pro01a,Jev V3,1.0,1.0,1.0
arguana,test-law-ralhrilglv-pro01a,base (MaxSim@10),0.3010299956639812,,
arguana,test-law-ralhrilglv-pro03a,first stage,0.43067655807339306,0.25,1.0
arguana,test-law-ralhrilglv-pro03a,cross-encoder,1.0,1.0,1.0
arguana,test-law-ralhrilglv-pro03a,Jev V1,0.6309297535714575,0.5,1.0
arguana,test-law-ralhrilglv-pro03a,Jev V2,1.0,1.0,1.0
arguana,test-law-ralhrilglv-pro03a,Jev V3,1.0,1.0,1.0
arguana,test-law-ralhrilglv-pro03a,base (MaxSim@10),0.6309297535714575,,
arguana,test-law-ralhrilglv-con02a,first stage,0.3562071871080222,0.16666666666666666,1.0
arguana,test-law-ralhrilglv-con02a,cross-encoder,1.0,1.0,1.0
arguana,test-law-ralhrilglv-con02a,Jev V1,0.5,0.3333333333333333,1.0
arguana,test-law-ralhrilglv-con02a,Jev V2,0.31546487678572877,0.125,1.0
arguana,test-law-ralhrilglv-con02a,Jev V3,0.38685280723454163,0.2,1.0
arguana,test-law-ralhrilglv-con02a,base (MaxSim@10),0.3333333333333333,,
arguana,test-law-ralhrilglv-con04a,first stage,1.0,1.0,1.0
arguana,test-law-ralhrilglv-con04a,cross-encoder,1.0,1.0,1.0
arguana,test-law-ralhrilglv-con04a,Jev V1,1.0,1.0,1.0
arguana,test-law-ralhrilglv-con04a,Jev V2,1.0,1.0,1.0
arguana,test-law-ralhrilglv-con04a,Jev V3,1.0,1.0,1.0
arguana,test-law-ralhrilglv-con04a,base (MaxSim@10),1.0,,
arguana,test-law-ralhrilglv-con03a,first stage,1.0,1.0,1.0
arguana,test-law-ralhrilglv-con03a,cross-encoder,1.0,1.0,1.0
arguana,test-law-ralhrilglv-con03a,Jev V1,1.0,1.0,1.0
arguana,test-law-ralhrilglv-con03a,Jev V2,0.0,0.0,0.0
arguana,test-law-ralhrilglv-con03a,Jev V3,0.38685280723454163,0.2,1.0
arguana,test-law-ralhrilglv-con03a,base (MaxSim@10),1.0,,
arguana,test-law-ralhrilglv-con01a,first stage,0.0,0.0,0.0
arguana,test-law-ralhrilglv-con01a,cross-encoder,0.0,0.0,0.0
arguana,test-law-ralhrilglv-con01a,Jev V1,0.0,0.0,0.0
arguana,test-law-ralhrilglv-con01a,Jev V2,0.0,0.0,0.0
arguana,test-law-ralhrilglv-con01a,Jev V3,0.0,0.0,0.0
arguana,test-law-ralhrilglv-con01a,base (MaxSim@10),0.0,,
arguana,test-law-thgglcplgphw-pro02a,first stage,0.38685280723454163,0.2,1.0
arguana,test-law-thgglcplgphw-pro02a,cross-encoder,1.0,1.0,1.0
arguana,test-law-thgglcplgphw-pro02a,Jev V1,1.0,1.0,1.0
arguana,test-law-thgglcplgphw-pro02a,Jev V2,1.0,1.0,1.0
arguana,test-law-thgglcplgphw-pro02a,Jev V3,1.0,1.0,1.0
arguana,test-law-thgglcplgphw-pro02a,base (MaxSim@10),0.3868528072345416,,
arguana,test-law-thgglcplgphw-pro01a,first stage,0.31546487678572877,0.125,1.0
arguana,test-law-thgglcplgphw-pro01a,cross-encoder,1.0,1.0,1.0
arguana,test-law-thgglcplgphw-pro01a,Jev V1,0.5,0.3333333333333333,1.0
arguana,test-law-thgglcplgphw-pro01a,Jev V2,0.43067655807339306,0.25,1.0
arguana,test-law-thgglcplgphw-pro01a,Jev V3,0.5,0.3333333333333333,1.0
arguana,test-law-thgglcplgphw-pro01a,base (MaxSim@10),0.2890648263178879,,
arguana,test-law-thgglcplgphw-pro03a,first stage,0.43067655807339306,0.25,1.0
arguana,test-law-thgglcplgphw-pro03a,cross-encoder,1.0,1.0,1.0
arguana,test-law-thgglcplgphw-pro03a,Jev V1,1.0,1.0,1.0
arguana,test-law-thgglcplgphw-pro03a,Jev V2,0.5,0.3333333333333333,1.0
arguana,test-law-thgglcplgphw-pro03a,Jev V3,1.0,1.0,1.0
arguana,test-law-thgglcplgphw-pro03a,base (MaxSim@10),0.3562071871080222,,
arguana,test-law-thgglcplgphw-con02a,first stage,0.0,0.0,0.0
arguana,test-law-thgglcplgphw-con02a,cross-encoder,0.0,0.0,0.0
arguana,test-law-thgglcplgphw-con02a,Jev V1,0.0,0.0,0.0
arguana,test-law-thgglcplgphw-con02a,Jev V2,0.0,0.0,0.0
arguana,test-law-thgglcplgphw-con02a,Jev V3,0.0,0.0,0.0
arguana,test-law-thgglcplgphw-con02a,base (MaxSim@10),0.0,,
arguana,test-law-thgglcplgphw-con03a,first stage,0.31546487678572877,0.125,1.0
arguana,test-law-thgglcplgphw-con03a,cross-encoder,1.0,1.0,1.0
arguana,test-law-thgglcplgphw-con03a,Jev V1,0.6309297535714575,0.5,1.0
arguana,test-law-thgglcplgphw-con03a,Jev V2,0.43067655807339306,0.25,1.0
arguana,test-law-thgglcplgphw-con03a,Jev V3,0.31546487678572877,0.125,1.0
arguana,test-law-thgglcplgphw-con03a,base (MaxSim@10),0.2890648263178879,,
arguana,test-law-thgglcplgphw-con01a,first stage,0.3562071871080222,0.16666666666666666,1.0
arguana,test-law-thgglcplgphw-con01a,cross-encoder,1.0,1.0,1.0
arguana,test-law-thgglcplgphw-con01a,Jev V1,1.0,1.0,1.0
arguana,test-law-thgglcplgphw-con01a,Jev V2,1.0,1.0,1.0
arguana,test-law-thgglcplgphw-con01a,Jev V3,1.0,1.0,1.0
arguana,test-law-thgglcplgphw-con01a,base (MaxSim@10),0.3333333333333333,,
arguana,test-law-cplgpshwdp-pro02a,first stage,0.5,0.3333333333333333,1.0
arguana,test-law-cplgpshwdp-pro02a,cross-encoder,0.43067655807339306,0.25,1.0
arguana,test-law-cplgpshwdp-pro02a,Jev V1,1.0,1.0,1.0
arguana,test-law-cplgpshwdp-pro02a,Jev V2,1.0,1.0,1.0
arguana,test-law-cplgpshwdp-pro02a,Jev V3,1.0,1.0,1.0
arguana,test-law-cplgpshwdp-pro02a,base (MaxSim@10),0.6309297535714575,,
arguana,test-law-cplgpshwdp-pro05a,first stage,0.3333333333333333,0.14285714285714285,1.0
arguana,test-law-cplgpshwdp-pro05a,cross-encoder,1.0,1.0,1.0
arguana,test-law-cplgpshwdp-pro05a,Jev V1,0.43067655807339306,0.25,1.0
arguana,test-law-cplgpshwdp-pro05a,Jev V2,0.31546487678572877,0.125,1.0
arguana,test-law-cplgpshwdp-pro05a,Jev V3,1.0,1.0,1.0
arguana,test-law-cplgpshwdp-pro05a,base (MaxSim@10),0.3010299956639812,,
arguana,test-law-cplgpshwdp-pro01a,first stage,1.0,1.0,1.0
arguana,test-law-cplgpshwdp-pro01a,cross-encoder,0.5,0.3333333333333333,1.0
arguana,test-law-cplgpshwdp-pro01a,Jev V1,1.0,1.0,1.0
arguana,test-law-cplgpshwdp-pro01a,Jev V2,0.43067655807339306,0.25,1.0
arguana,test-law-cplgpshwdp-pro01a,Jev V3,1.0,1.0,1.0
arguana,test-law-cplgpshwdp-pro01a,base (MaxSim@10),0.6309297535714575,,
arguana,test-law-cplgpshwdp-pro03a,first stage,0.3010299956639812,0.1111111111111111,1.0
arguana,test-law-cplgpshwdp-pro03a,cross-encoder,1.0,1.0,1.0
arguana,test-law-cplgpshwdp-pro03a,Jev V1,1.0,1.0,1.0
arguana,test-law-cplgpshwdp-pro03a,Jev V2,1.0,1.0,1.0
arguana,test-law-cplgpshwdp-pro03a,Jev V3,0.6309297535714575,0.5,1.0
arguana,test-law-cplgpshwdp-pro03a,base (MaxSim@10),0.3562071871080222,,
arguana,test-law-cplgpshwdp-pro04a,first stage,0.2890648263178879,0.1,1.0
arguana,test-law-cplgpshwdp-pro04a,cross-encoder,0.3562071871080222,0.16666666666666666,1.0
arguana,test-law-cplgpshwdp-pro04a,Jev V1,0.38685280723454163,0.2,1.0
arguana,test-law-cplgpshwdp-pro04a,Jev V2,0.5,0.3333333333333333,1.0
arguana,test-law-cplgpshwdp-pro04a,Jev V3,0.2890648263178879,0.1,1.0
arguana,test-law-cplgpshwdp-pro04a,base (MaxSim@10),0.3333333333333333,,
arguana,test-law-cplgpshwdp-con02a,first stage,0.0,0.0,0.0
arguana,test-law-cplgpshwdp-con02a,cross-encoder,0.0,0.0,0.0
arguana,test-law-cplgpshwdp-con02a,Jev V1,0.0,0.0,0.0
arguana,test-law-cplgpshwdp-con02a,Jev V2,0.0,0.0,0.0
arguana,test-law-cplgpshwdp-con02a,Jev V3,0.0,0.0,0.0
arguana,test-law-cplgpshwdp-con02a,base (MaxSim@10),0.0,,
arguana,test-law-cplgpshwdp-con04a,first stage,0.5,0.3333333333333333,1.0
arguana,test-law-cplgpshwdp-con04a,cross-encoder,1.0,1.0,1.0
arguana,test-law-cplgpshwdp-con04a,Jev V1,1.0,1.0,1.0
arguana,test-law-cplgpshwdp-con04a,Jev V2,0.6309297535714575,0.5,1.0
arguana,test-law-cplgpshwdp-con04a,Jev V3,0.5,0.3333333333333333,1.0
arguana,test-law-cplgpshwdp-con04a,base (MaxSim@10),0.3333333333333333,,
arguana,test-law-cplgpshwdp-con03a,first stage,0.0,0.0,0.0
arguana,test-law-cplgpshwdp-con03a,cross-encoder,0.6309297535714575,0.5,1.0
arguana,test-law-cplgpshwdp-con03a,Jev V1,0.3333333333333333,0.14285714285714285,1.0
arguana,test-law-cplgpshwdp-con03a,Jev V2,0.5,0.3333333333333333,1.0
arguana,test-law-cplgpshwdp-con03a,Jev V3,0.3562071871080222,0.16666666666666666,1.0
arguana,test-law-cplgpshwdp-con03a,base (MaxSim@10),0.0,,
arguana,test-law-cplgpshwdp-con01a,first stage,0.3333333333333333,0.14285714285714285,1.0
arguana,test-law-cplgpshwdp-con01a,cross-encoder,0.43067655807339306,0.25,1.0
arguana,test-law-cplgpshwdp-con01a,Jev V1,0.38685280723454163,0.2,1.0
arguana,test-law-cplgpshwdp-con01a,Jev V2,0.3562071871080222,0.16666666666666666,1.0
arguana,test-law-cplgpshwdp-con01a,Jev V3,0.38685280723454163,0.2,1.0
arguana,test-law-cplgpshwdp-con01a,base (MaxSim@10),0.3562071871080222,,
arguana,test-law-umtlilhotac-pro02a,first stage,0.6309297535714575,0.5,1.0
arguana,test-law-umtlilhotac-pro02a,cross-encoder,0.6309297535714575,0.5,1.0
arguana,test-law-umtlilhotac-pro02a,Jev V1,0.6309297535714575,0.5,1.0
arguana,test-law-umtlilhotac-pro02a,Jev V2,1.0,1.0,1.0
arguana,test-law-umtlilhotac-pro02a,Jev V3,1.0,1.0,1.0
arguana,test-law-umtlilhotac-pro02a,base (MaxSim@10),0.3868528072345416,,
arguana,test-law-umtlilhotac-pro01a,first stage,0.43067655807339306,0.25,1.0
arguana,test-law-umtlilhotac-pro01a,cross-encoder,1.0,1.0,1.0
arguana,test-law-umtlilhotac-pro01a,Jev V1,0.5,0.3333333333333333,1.0
arguana,test-law-umtlilhotac-pro01a,Jev V2,0.6309297535714575,0.5,1.0
arguana,test-law-umtlilhotac-pro01a,Jev V3,1.0,1.0,1.0
arguana,test-law-umtlilhotac-pro01a,base (MaxSim@10),0.430676558073393,,
arguana,test-law-umtlilhotac-pro03a,first stage,1.0,1.0,1.0
arguana,test-law-umtlilhotac-pro03a,cross-encoder,1.0,1.0,1.0
arguana,test-law-umtlilhotac-pro03a,Jev V1,1.0,1.0,1.0
arguana,test-law-umtlilhotac-pro03a,Jev V2,0.6309297535714575,0.5,1.0
arguana,test-law-umtlilhotac-pro03a,Jev V3,1.0,1.0,1.0
arguana,test-law-umtlilhotac-pro03a,base (MaxSim@10),1.0,,
arguana,test-law-umtlilhotac-con02a,first stage,0.0,0.0,0.0
arguana,test-law-umtlilhotac-con02a,cross-encoder,0.0,0.0,0.0
arguana,test-law-umtlilhotac-con02a,Jev V1,0.0,0.0,0.0
arguana,test-law-umtlilhotac-con02a,Jev V2,0.0,0.0,0.0
arguana,test-law-umtlilhotac-con02a,Jev V3,0.0,0.0,0.0
arguana,test-law-umtlilhotac-con02a,base (MaxSim@10),0.0,,
arguana,test-law-umtlilhotac-con03a,first stage,0.6309297535714575,0.5,1.0
arguana,test-law-umtlilhotac-con03a,cross-encoder,1.0,1.0,1.0
arguana,test-law-umtlilhotac-con03a,Jev V1,0.6309297535714575,0.5,1.0
arguana,test-law-umtlilhotac-con03a,Jev V2,0.6309297535714575,0.5,1.0
arguana,test-law-umtlilhotac-con03a,Jev V3,1.0,1.0,1.0
arguana,test-law-umtlilhotac-con03a,base (MaxSim@10),1.0,,
arguana,test-law-umtlilhotac-con01a,first stage,0.6309297535714575,0.5,1.0
arguana,test-law-umtlilhotac-con01a,cross-encoder,1.0,1.0,1.0
arguana,test-law-umtlilhotac-con01a,Jev V1,0.6309297535714575,0.5,1.0
arguana,test-law-umtlilhotac-con01a,Jev V2,0.5,0.3333333333333333,1.0
arguana,test-law-umtlilhotac-con01a,Jev V3,0.6309297535714575,0.5,1.0
arguana,test-law-umtlilhotac-con01a,base (MaxSim@10),0.6309297535714575,,
arguana,test-law-cplglghwbhwd-pro02a,first stage,1.0,1.0,1.0
arguana,test-law-cplglghwbhwd-pro02a,cross-encoder,0.6309297535714575,0.5,1.0
arguana,test-law-cplglghwbhwd-pro02a,Jev V1,0.6309297535714575,0.5,1.0
arguana,test-law-cplglghwbhwd-pro02a,Jev V2,0.3562071871080222,0.16666666666666666,1.0
arguana,test-law-cplglghwbhwd-pro02a,Jev V3,0.6309297535714575,0.5,1.0
arguana,test-law-cplglghwbhwd-pro02a,base (MaxSim@10),1.0,,
arguana,test-law-cplglghwbhwd-pro01a,first stage,1.0,1.0,1.0
arguana,test-law-cplglghwbhwd-pro01a,cross-encoder,0.6309297535714575,0.5,1.0
arguana,test-law-cplglghwbhwd-pro01a,Jev V1,0.38685280723454163,0.2,1.0
arguana,test-law-cplglghwbhwd-pro01a,Jev V2,1.0,1.0,1.0
arguana,test-law-cplglghwbhwd-pro01a,Jev V3,1.0,1.0,1.0
arguana,test-law-cplglghwbhwd-pro01a,base (MaxSim@10),0.6309297535714575,,
arguana,test-law-cplglghwbhwd-pro03a,first stage,0.5,0.3333333333333333,1.0
arguana,test-law-cplglghwbhwd-pro03a,cross-encoder,0.5,0.3333333333333333,1.0
arguana,test-law-cplglghwbhwd-pro03a,Jev V1,0.6309297535714575,0.5,1.0
arguana,test-law-cplglghwbhwd-pro03a,Jev V2,1.0,1.0,1.0
arguana,test-law-cplglghwbhwd-pro03a,Jev V3,1.0,1.0,1.0
arguana,test-law-cplglghwbhwd-pro03a,base (MaxSim@10),0.430676558073393,,
arguana,test-law-cplglghwbhwd-con02a,first stage,1.0,1.0,1.0
arguana,test-law-cplglghwbhwd-con02a,cross-encoder,1.0,1.0,1.0
arguana,test-law-cplglghwbhwd-con02a,Jev V1,1.0,1.0,1.0
arguana,test-law-cplglghwbhwd-con02a,Jev V2,1.0,1.0,1.0
arguana,test-law-cplglghwbhwd-con02a,Jev V3,1.0,1.0,1.0
arguana,test-law-cplglghwbhwd-con02a,base (MaxSim@10),1.0,,
arguana,test-law-cplglghwbhwd-con03a,first stage,1.0,1.0,1.0
arguana,test-law-cplglghwbhwd-con03a,cross-encoder,1.0,1.0,1.0
arguana,test-law-cplglghwbhwd-con03a,Jev V1,1.0,1.0,1.0
arguana,test-law-cplglghwbhwd-con03a,Jev V2,0.5,0.3333333333333333,1.0
arguana,test-law-cplglghwbhwd-con03a,Jev V3,1.0,1.0,1.0
arguana,test-law-cplglghwbhwd-con03a,base (MaxSim@10),1.0,,
arguana,test-law-cplglghwbhwd-con01a,first stage,0.6309297535714575,0.5,1.0
arguana,test-law-cplglghwbhwd-con01a,cross-encoder,1.0,1.0,1.0
arguana,test-law-cplglghwbhwd-con01a,Jev V1,1.0,1.0,1.0
arguana,test-law-cplglghwbhwd-con01a,Jev V2,1.0,1.0,1.0
arguana,test-law-cplglghwbhwd-con01a,Jev V3,1.0,1.0,1.0
arguana,test-law-cplglghwbhwd-con01a,base (MaxSim@10),0.6309297535714575,,
arguana,test-law-sdiflhrdffe-pro02a,first stage,0.3010299956639812,0.1111111111111111,1.0
arguana,test-law-sdiflhrdffe-pro02a,cross-encoder,0.3562071871080222,0.16666666666666666,1.0
arguana,test-law-sdiflhrdffe-pro02a,Jev V1,0.38685280723454163,0.2,1.0
arguana,test-law-sdiflhrdffe-pro02a,Jev V2,0.6309297535714575,0.5,1.0
arguana,test-law-sdiflhrdffe-pro02a,Jev V3,0.38685280723454163,0.2,1.0
arguana,test-law-sdiflhrdffe-pro02a,base (MaxSim@10),0.2890648263178879,,
arguana,test-law-sdiflhrdffe-pro01a,first stage,0.0,0.0,0.0
arguana,test-law-sdiflhrdffe-pro01a,cross-encoder,0.5,0.3333333333333333,1.0
arguana,test-law-sdiflhrdffe-pro01a,Jev V1,0.0,0.0,0.0
arguana,test-law-sdiflhrdffe-pro01a,Jev V2,0.3333333333333333,0.14285714285714285,1.0
arguana,test-law-sdiflhrdffe-pro01a,Jev V3,0.5,0.3333333333333333,1.0
arguana,test-law-sdiflhrdffe-pro01a,base (MaxSim@10),0.0,,
arguana,test-law-sdiflhrdffe-pro03a,first stage,0.0,0.0,0.0
arguana,test-law-sdiflhrdffe-pro03a,cross-encoder,0.0,0.0,0.0
arguana,test-law-sdiflhrdffe-pro03a,Jev V1,0.0,0.0,0.0
arguana,test-law-sdiflhrdffe-pro03a,Jev V2,0.0,0.0,0.0
arguana,test-law-sdiflhrdffe-pro03a,Jev V3,0.0,0.0,0.0
arguana,test-law-sdiflhrdffe-pro03a,base (MaxSim@10),0.0,,
arguana,test-law-sdiflhrdffe-con02a,first stage,0.6309297535714575,0.5,1.0
arguana,test-law-sdiflhrdffe-con02a,cross-encoder,0.6309297535714575,0.5,1.0
arguana,test-law-sdiflhrdffe-con02a,Jev V1,0.31546487678572877,0.125,1.0
arguana,test-law-sdiflhrdffe-con02a,Jev V2,0.6309297535714575,0.5,1.0
arguana,test-law-sdiflhrdffe-con02a,Jev V3,1.0,1.0,1.0
arguana,test-law-sdiflhrdffe-con02a,base (MaxSim@10),0.6309297535714575,,
arguana,test-law-sdiflhrdffe-con04a,first stage,0.38685280723454163,0.2,1.0
arguana,test-law-sdiflhrdffe-con04a,cross-encoder,1.0,1.0,1.0
arguana,test-law-sdiflhrdffe-con04a,Jev V1,0.31546487678572877,0.125,1.0
arguana,test-law-sdiflhrdffe-con04a,Jev V2,0.38685280723454163,0.2,1.0
arguana,test-law-sdiflhrdffe-con04a,Jev V3,0.6309297535714575,0.5,1.0
arguana,test-law-sdiflhrdffe-con04a,base (MaxSim@10),0.3868528072345416,,
arguana,test-law-sdiflhrdffe-con03a,first stage,0.6309297535714575,0.5,1.0
arguana,test-law-sdiflhrdffe-con03a,cross-encoder,1.0,1.0,1.0
arguana,test-law-sdiflhrdffe-con03a,Jev V1,0.6309297535714575,0.5,1.0
arguana,test-law-sdiflhrdffe-con03a,Jev V2,0.5,0.3333333333333333,1.0
arguana,test-law-sdiflhrdffe-con03a,Jev V3,0.6309297535714575,0.5,1.0
arguana,test-law-sdiflhrdffe-con03a,base (MaxSim@10),0.3868528072345416,,
arguana,test-law-sdiflhrdffe-con01a,first stage,0.0,0.0,0.0
arguana,test-law-sdiflhrdffe-con01a,cross-encoder,0.3562071871080222,0.16666666666666666,1.0
arguana,test-law-sdiflhrdffe-con01a,Jev V1,0.2890648263178879,0.1,1.0
arguana,test-law-sdiflhrdffe-con01a,Jev V2,0.5,0.3333333333333333,1.0
arguana,test-law-sdiflhrdffe-con01a,Jev V3,0.0,0.0,0.0
arguana,test-law-sdiflhrdffe-con01a,base (MaxSim@10),0.0,,
arguana,test-law-rmelhrilhbiw-pro02a,first stage,1.0,1.0,1.0
arguana,test-law-rmelhrilhbiw-pro02a,cross-encoder,1.0,1.0,1.0
arguana,test-law-rmelhrilhbiw-pro02a,Jev V1,1.0,1.0,1.0
arguana,test-law-rmelhrilhbiw-pro02a,Jev V2,1.0,1.0,1.0
arguana,test-law-rmelhrilhbiw-pro02a,Jev V3,1.0,1.0,1.0
arguana,test-law-rmelhrilhbiw-pro02a,base (MaxSim@10),1.0,,
arguana,test-law-rmelhrilhbiw-pro01a,first stage,0.6309297535714575,0.5,1.0
arguana,test-law-rmelhrilhbiw-pro01a,cross-encoder,0.3562071871080222,0.16666666666666666,1.0
arguana,test-law-rmelhrilhbiw-pro01a,Jev V1,0.43067655807339306,0.25,1.0
arguana,test-law-rmelhrilhbiw-pro01a,Jev V2,0.6309297535714575,0.5,1.0
arguana,test-law-rmelhrilhbiw-pro01a,Jev V3,1.0,1.0,1.0
arguana,test-law-rmelhrilhbiw-pro01a,base (MaxSim@10),0.5,,
arguana,test-law-rmelhrilhbiw-pro03a,first stage,0.6309297535714575,0.5,1.0
arguana,test-law-rmelhrilhbiw-pro03a,cross-encoder,1.0,1.0,1.0
arguana,test-law-rmelhrilhbiw-pro03a,Jev V1,0.43067655807339306,0.25,1.0
arguana,test-law-rmelhrilhbiw-pro03a,Jev V2,0.6309297535714575,0.5,1.0
arguana,test-law-rmelhrilhbiw-pro03a,Jev V3,1.0,1.0,1.0
arguana,test-law-rmelhrilhbiw-pro03a,base (MaxSim@10),0.6309297535714575,,
arguana,test-law-rmelhrilhbiw-pro04a,first stage,0.2890648263178879,0.1,1.0
arguana,test-law-rmelhrilhbiw-pro04a,cross-encoder,1.0,1.0,1.0
arguana,test-law-rmelhrilhbiw-pro04a,Jev V1,1.0,1.0,1.0
arguana,test-law-rmelhrilhbiw-pro04a,Jev V2,1.0,1.0,1.0
arguana,test-law-rmelhrilhbiw-pro04a,Jev V3,1.0,1.0,1.0
arguana,test-law-rmelhrilhbiw-pro04a,base (MaxSim@10),0.3010299956639812,,
arguana,test-law-rmelhrilhbiw-con02a,first stage,0.2890648263178879,0.1,1.0
arguana,test-law-rmelhrilhbiw-con02a,cross-encoder,1.0,1.0,1.0
arguana,test-law-rmelhrilhbiw-con02a,Jev V1,1.0,1.0,1.0
arguana,test-law-rmelhrilhbiw-con02a,Jev V2,1.0,1.0,1.0
arguana,test-law-rmelhrilhbiw-con02a,Jev V3,1.0,1.0,1.0
arguana,test-law-rmelhrilhbiw-con02a,base (MaxSim@10),0.6309297535714575,,
arguana,test-law-rmelhrilhbiw-con04a,first stage,1.0,1.0,1.0
arguana,test-law-rmelhrilhbiw-con04a,cross-encoder,1.0,1.0,1.0
arguana,test-law-rmelhrilhbiw-con04a,Jev V1,1.0,1.0,1.0
arguana,test-law-rmelhrilhbiw-con04a,Jev V2,1.0,1.0,1.0
arguana,test-law-rmelhrilhbiw-con04a,Jev V3,1.0,1.0,1.0
arguana,test-law-rmelhrilhbiw-con04a,base (MaxSim@10),0.6309297535714575,,
arguana,test-law-rmelhrilhbiw-con03a,first stage,0.0,0.0,0.0
arguana,test-law-rmelhrilhbiw-con03a,cross-encoder,0.0,0.0,0.0
arguana,test-law-rmelhrilhbiw-con03a,Jev V1,0.0,0.0,0.0
arguana,test-law-rmelhrilhbiw-con03a,Jev V2,0.0,0.0,0.0
arguana,test-law-rmelhrilhbiw-con03a,Jev V3,0.0,0.0,0.0
arguana,test-law-rmelhrilhbiw-con03a,base (MaxSim@10),0.0,,
arguana,test-law-rmelhrilhbiw-con01a,first stage,0.3010299956639812,0.1111111111111111,1.0
arguana,test-law-rmelhrilhbiw-con01a,cross-encoder,1.0,1.0,1.0
arguana,test-law-rmelhrilhbiw-con01a,Jev V1,1.0,1.0,1.0
arguana,test-law-rmelhrilhbiw-con01a,Jev V2,0.6309297535714575,0.5,1.0
arguana,test-law-rmelhrilhbiw-con01a,Jev V3,1.0,1.0,1.0
arguana,test-law-rmelhrilhbiw-con01a,base (MaxSim@10),0.3562071871080222,,
arguana,test-law-cpilhbishioe-pro02a,first stage,1.0,1.0,1.0
arguana,test-law-cpilhbishioe-pro02a,cross-encoder,1.0,1.0,1.0
arguana,test-law-cpilhbishioe-pro02a,Jev V1,0.6309297535714575,0.5,1.0
arguana,test-law-cpilhbishioe-pro02a,Jev V2,1.0,1.0,1.0
arguana,test-law-cpilhbishioe-pro02a,Jev V3,1.0,1.0,1.0
arguana,test-law-cpilhbishioe-pro02a,base (MaxSim@10),1.0,,
arguana,test-law-cpilhbishioe-pro01a,first stage,1.0,1.0,1.0
arguana,test-law-cpilhbishioe-pro01a,cross-encoder,1.0,1.0,1.0
arguana,test-law-cpilhbishioe-pro01a,Jev V1,1.0,1.0,1.0
arguana,test-law-cpilhbishioe-pro01a,Jev V2,1.0,1.0,1.0
arguana,test-law-cpilhbishioe-pro01a,Jev V3,1.0,1.0,1.0
arguana,test-law-cpilhbishioe-pro01a,base (MaxSim@10),1.0,,
arguana,test-law-cpilhbishioe-pro03a,first stage,0.5,0.3333333333333333,1.0
arguana,test-law-cpilhbishioe-pro03a,cross-encoder,1.0,1.0,1.0
arguana,test-law-cpilhbishioe-pro03a,Jev V1,0.6309297535714575,0.5,1.0
arguana,test-law-cpilhbishioe-pro03a,Jev V2,0.6309297535714575,0.5,1.0
arguana,test-law-cpilhbishioe-pro03a,Jev V3,0.6309297535714575,0.5,1.0
arguana,test-law-cpilhbishioe-pro03a,base (MaxSim@10),0.430676558073393,,
arguana,test-law-cpilhbishioe-pro04a,first stage,0.6309297535714575,0.5,1.0
arguana,test-law-cpilhbishioe-pro04a,cross-encoder,1.0,1.0,1.0
arguana,test-law-cpilhbishioe-pro04a,Jev V1,0.3562071871080222,0.16666666666666666,1.0
arguana,test-law-cpilhbishioe-pro04a,Jev V2,0.31546487678572877,0.125,1.0
arguana,test-law-cpilhbishioe-pro04a,Jev V3,1.0,1.0,1.0
arguana,test-law-cpilhbishioe-pro04a,base (MaxSim@10),0.430676558073393,,
arguana,test-law-cpilhbishioe-con02a,first stage,1.0,1.0,1.0
arguana,test-law-cpilhbishioe-con02a,cross-encoder,1.0,1.0,1.0
arguana,test-law-cpilhbishioe-con02a,Jev V1,1.0,1.0,1.0
arguana,test-law-cpilhbishioe-con02a,Jev V2,1.0,1.0,1.0
arguana,test-law-cpilhbishioe-con02a,Jev V3,1.0,1.0,1.0
arguana,test-law-cpilhbishioe-con02a,base (MaxSim@10),0.6309297535714575,,
arguana,test-law-cpilhbishioe-con04a,first stage,1.0,1.0,1.0
arguana,test-law-cpilhbishioe-con04a,cross-encoder,1.0,1.0,1.0
arguana,test-law-cpilhbishioe-con04a,Jev V1,1.0,1.0,1.0
arguana,test-law-cpilhbishioe-con04a,Jev V2,1.0,1.0,1.0
arguana,test-law-cpilhbishioe-con04a,Jev V3,1.0,1.0,1.0
arguana,test-law-cpilhbishioe-con04a,base (MaxSim@10),0.6309297535714575,,
arguana,test-law-cpilhbishioe-con03a,first stage,0.43067655807339306,0.25,1.0
arguana,test-law-cpilhbishioe-con03a,cross-encoder,0.0,0.0,0.0
arguana,test-law-cpilhbishioe-con03a,Jev V1,0.43067655807339306,0.25,1.0
arguana,test-law-cpilhbishioe-con03a,Jev V2,0.38685280723454163,0.2,1.0
arguana,test-law-cpilhbishioe-con03a,Jev V3,0.6309297535714575,0.5,1.0
arguana,test-law-cpilhbishioe-con03a,base (MaxSim@10),0.5,,
arguana,test-law-cpilhbishioe-con01a,first stage,0.5,0.3333333333333333,1.0
arguana,test-law-cpilhbishioe-con01a,cross-encoder,0.43067655807339306,0.25,1.0
arguana,test-law-cpilhbishioe-con01a,Jev V1,1.0,1.0,1.0
arguana,test-law-cpilhbishioe-con01a,Jev V2,1.0,1.0,1.0
arguana,test-law-cpilhbishioe-con01a,Jev V3,0.5,0.3333333333333333,1.0
arguana,test-law-cpilhbishioe-con01a,base (MaxSim@10),1.0,,
arguana,test-law-tlcplghwfne-pro02a,first stage,0.3562071871080222,0.16666666666666666,1.0
arguana,test-law-tlcplghwfne-pro02a,cross-encoder,0.6309297535714575,0.5,1.0
arguana,test-law-tlcplghwfne-pro02a,Jev V1,0.6309297535714575,0.5,1.0
arguana,test-law-tlcplghwfne-pro02a,Jev V2,1.0,1.0,1.0
arguana,test-law-tlcplghwfne-pro02a,Jev V3,1.0,1.0,1.0
arguana,test-law-tlcplghwfne-pro02a,base (MaxSim@10),0.3562071871080222,,
arguana,test-law-tlcplghwfne-pro01a,first stage,1.0,1.0,1.0
arguana,test-law-tlcplghwfne-pro01a,cross-encoder,1.0,1.0,1.0
arguana,test-law-tlcplghwfne-pro01a,Jev V1,0.6309297535714575,0.5,1.0
arguana,test-law-tlcplghwfne-pro01a,Jev V2,1.0,1.0,1.0
arguana,test-law-tlcplghwfne-pro01a,Jev V3,1.0,1.0,1.0
arguana,test-law-tlcplghwfne-pro01a,base (MaxSim@10),1.0,,
arguana,test-law-tlcplghwfne-pro03a,first stage,1.0,1.0,1.0
arguana,test-law-tlcplghwfne-pro03a,cross-encoder,1.0,1.0,1.0
arguana,test-law-tlcplghwfne-pro03a,Jev V1,1.0,1.0,1.0
arguana,test-law-tlcplghwfne-pro03a,Jev V2,1.0,1.0,1.0
arguana,test-law-tlcplghwfne-pro03a,Jev V3,1.0,1.0,1.0
arguana,test-law-tlcplghwfne-pro03a,base (MaxSim@10),1.0,,
arguana,test-law-tlcplghwfne-con02a,first stage,0.0,0.0,0.0
arguana,test-law-tlcplghwfne-con02a,cross-encoder,1.0,1.0,1.0
arguana,test-law-tlcplghwfne-con02a,Jev V1,1.0,1.0,1.0
arguana,test-law-tlcplghwfne-con02a,Jev V2,1.0,1.0,1.0
arguana,test-law-tlcplghwfne-con02a,Jev V3,1.0,1.0,1.0
arguana,test-law-tlcplghwfne-con02a,base (MaxSim@10),0.0,,
arguana,test-law-tlcplghwfne-con03a,first stage,0.5,0.3333333333333333,1.0
arguana,test-law-tlcplghwfne-con03a,cross-encoder,1.0,1.0,1.0
arguana,test-law-tlcplghwfne-con03a,Jev V1,1.0,1.0,1.0
arguana,test-law-tlcplghwfne-con03a,Jev V2,1.0,1.0,1.0
arguana,test-law-tlcplghwfne-con03a,Jev V3,1.0,1.0,1.0
arguana,test-law-tlcplghwfne-con03a,base (MaxSim@10),0.5,,
arguana,test-law-tlcplghwfne-con01a,first stage,0.5,0.3333333333333333,1.0
arguana,test-law-tlcplghwfne-con01a,cross-encoder,0.6309297535714575,0.5,1.0
arguana,test-law-tlcplghwfne-con01a,Jev V1,0.6309297535714575,0.5,1.0
arguana,test-law-tlcplghwfne-con01a,Jev V2,1.0,1.0,1.0
arguana,test-law-tlcplghwfne-con01a,Jev V3,0.5,0.3333333333333333,1.0
arguana,test-law-tlcplghwfne-con01a,base (MaxSim@10),0.6309297535714575,,
arguana,test-law-phwmfri-pro02a,first stage,0.3010299956639812,0.1111111111111111,1.0
arguana,test-law-phwmfri-pro02a,cross-encoder,0.31546487678572877,0.125,1.0
arguana,test-law-phwmfri-pro02a,Jev V1,0.38685280723454163,0.2,1.0
arguana,test-law-phwmfri-pro02a,Jev V2,0.31546487678572877,0.125,1.0
arguana,test-law-phwmfri-pro02a,Jev V3,0.6309297535714575,0.5,1.0
arguana,test-law-phwmfri-pro02a,base (MaxSim@10),0.3010299956639812,,
arguana,test-law-phwmfri-pro01a,first stage,0.5,0.3333333333333333,1.0
arguana,test-law-phwmfri-pro01a,cross-encoder,1.0,1.0,1.0
arguana,test-law-phwmfri-pro01a,Jev V1,1.0,1.0,1.0
arguana,test-law-phwmfri-pro01a,Jev V2,1.0,1.0,1.0
arguana,test-law-phwmfri-pro01a,Jev V3,1.0,1.0,1.0
arguana,test-law-phwmfri-pro01a,base (MaxSim@10),1.0,,
arguana,test-law-phwmfri-pro03a,first stage,0.31546487678572877,0.125,1.0
arguana,test-law-phwmfri-pro03a,cross-encoder,0.6309297535714575,0.5,1.0
arguana,test-law-phwmfri-pro03a,Jev V1,0.2890648263178879,0.1,1.0
arguana,test-law-phwmfri-pro03a,Jev V2,0.43067655807339306,0.25,1.0
arguana,test-law-phwmfri-pro03a,Jev V3,0.0,0.0,0.0
arguana,test-law-phwmfri-pro03a,base (MaxSim@10),0.3333333333333333,,
arguana,test-law-phwmfri-con02a,first stage,0.38685280723454163,0.2,1.0
arguana,test-law-phwmfri-con02a,cross-encoder,0.6309297535714575,0.5,1.0
arguana,test-law-phwmfri-con02a,Jev V1,0.6309297535714575,0.5,1.0
arguana,test-law-phwmfri-con02a,Jev V2,1.0,1.0,1.0
arguana,test-law-phwmfri-con02a,Jev V3,0.5,0.3333333333333333,1.0
arguana,test-law-phwmfri-con02a,base (MaxSim@10),0.3562071871080222,,
arguana,test-law-phwmfri-con03a,first stage,0.31546487678572877,0.125,1.0
arguana,test-law-phwmfri-con03a,cross-encoder,0.6309297535714575,0.5,1.0
arguana,test-law-phwmfri-con03a,Jev V1,0.6309297535714575,0.5,1.0
arguana,test-law-phwmfri-con03a,Jev V2,0.3333333333333333,0.14285714285714285,1.0
arguana,test-law-phwmfri-con03a,Jev V3,0.3562071871080222,0.16666666666666666,1.0
arguana,test-law-phwmfri-con03a,base (MaxSim@10),0.2890648263178879,,
arguana,test-law-phwmfri-con01a,first stage,0.6309297535714575,0.5,1.0
arguana,test-law-phwmfri-con01a,cross-encoder,1.0,1.0,1.0
arguana,test-law-phwmfri-con01a,Jev V1,1.0,1.0,1.0
arguana,test-law-phwmfri-con01a,Jev V2,0.5,0.3333333333333333,1.0
arguana,test-law-phwmfri-con01a,Jev V3,0.6309297535714575,0.5,1.0
arguana,test-law-phwmfri-con01a,base (MaxSim@10),1.0,,
arguana,test-law-hrpepthwuto-pro02a,first stage,0.6309297535714575,0.5,1.0
arguana,test-law-hrpepthwuto-pro02a,cross-encoder,0.31546487678572877,0.125,1.0
arguana,test-law-hrpepthwuto-pro02a,Jev V1,0.5,0.3333333333333333,1.0
arguana,test-law-hrpepthwuto-pro02a,Jev V2,0.6309297535714575,0.5,1.0
arguana,test-law-hrpepthwuto-pro02a,Jev V3,1.0,1.0,1.0
arguana,test-law-hrpepthwuto-pro02a,base (MaxSim@10),0.5,,
arguana,test-law-hrpepthwuto-pro01a,first stage,0.5,0.3333333333333333,1.0
arguana,test-law-hrpepthwuto-pro01a,cross-encoder,0.3562071871080222,0.16666666666666666,1.0
arguana,test-law-hrpepthwuto-pro01a,Jev V1,0.3562071871080222,0.16666666666666666,1.0
arguana,test-law-hrpepthwuto-pro01a,Jev V2,0.43067655807339306,0.25,1.0
arguana,test-law-hrpepthwuto-pro01a,Jev V3,0.43067655807339306,0.25,1.0
arguana,test-law-hrpepthwuto-pro01a,base (MaxSim@10),0.5,,
arguana,test-law-hrpepthwuto-pro03a,first stage,0.43067655807339306,0.25,1.0
arguana,test-law-hrpepthwuto-pro03a,cross-encoder,0.3562071871080222,0.16666666666666666,1.0
arguana,test-law-hrpepthwuto-pro03a,Jev V1,0.6309297535714575,0.5,1.0
arguana,test-law-hrpepthwuto-pro03a,Jev V2,0.6309297535714575,0.5,1.0
arguana,test-law-hrpepthwuto-pro03a,Jev V3,1.0,1.0,1.0
arguana,test-law-hrpepthwuto-pro03a,base (MaxSim@10),0.6309297535714575,,
arguana,test-law-hrpepthwuto-con02a,first stage,0.3333333333333333,0.14285714285714285,1.0
arguana,test-law-hrpepthwuto-con02a,cross-encoder,0.31546487678572877,0.125,1.0
arguana,test-law-hrpepthwuto-con02a,Jev V1,0.0,0.0,0.0
arguana,test-law-hrpepthwuto-con02a,Jev V2,0.3333333333333333,0.14285714285714285,1.0
arguana,test-law-hrpepthwuto-con02a,Jev V3,0.3010299956639812,0.1111111111111111,1.0
arguana,test-law-hrpepthwuto-con02a,base (MaxSim@10),0.3154648767857287,,
arguana,test-law-hrpepthwuto-con03a,first stage,0.5,0.3333333333333333,1.0
arguana,test-law-hrpepthwuto-con03a,cross-encoder,0.6309297535714575,0.5,1.0
arguana,test-law-hrpepthwuto-con03a,Jev V1,0.38685280723454163,0.2,1.0
arguana,test-law-hrpepthwuto-con03a,Jev V2,0.5,0.3333333333333333,1.0
arguana,test-law-hrpepthwuto-con03a,Jev V3,1.0,1.0,1.0
arguana,test-law-hrpepthwuto-con03a,base (MaxSim@10),0.3562071871080222,,
arguana,test-law-hrpepthwuto-con01a,first stage,0.0,0.0,0.0
arguana,test-law-hrpepthwuto-con01a,cross-encoder,0.3562071871080222,0.16666666666666666,1.0
arguana,test-law-hrpepthwuto-con01a,Jev V1,0.38685280723454163,0.2,1.0
arguana,test-law-hrpepthwuto-con01a,Jev V2,1.0,1.0,1.0
arguana,test-law-hrpepthwuto-con01a,Jev V3,0.43067655807339306,0.25,1.0
arguana,test-law-hrpepthwuto-con01a,base (MaxSim@10),0.0,,
arguana,test-law-lghwpcctcc-pro02a,first stage,1.0,1.0,1.0
arguana,test-law-lghwpcctcc-pro02a,cross-encoder,1.0,1.0,1.0
arguana,test-law-lghwpcctcc-pro02a,Jev V1,1.0,1.0,1.0
arguana,test-law-lghwpcctcc-pro02a,Jev V2,1.0,1.0,1.0
arguana,test-law-lghwpcctcc-pro02a,Jev V3,1.0,1.0,1.0
arguana,test-law-lghwpcctcc-pro02a,base (MaxSim@10),1.0,,
arguana,test-law-lghwpcctcc-pro01a,first stage,0.0,0.0,0.0
arguana,test-law-lghwpcctcc-pro01a,cross-encoder,0.0,0.0,0.0
arguana,test-law-lghwpcctcc-pro01a,Jev V1,0.0,0.0,0.0
arguana,test-law-lghwpcctcc-pro01a,Jev V2,0.0,0.0,0.0
arguana,test-law-lghwpcctcc-pro01a,Jev V3,0.0,0.0,0.0
arguana,test-law-lghwpcctcc-pro01a,base (MaxSim@10),0.0,,
arguana,test-law-lghwpcctcc-pro03a,first stage,1.0,1.0,1.0
arguana,test-law-lghwpcctcc-pro03a,cross-encoder,1.0,1.0,1.0
arguana,test-law-lghwpcctcc-pro03a,Jev V1,1.0,1.0,1.0
arguana,test-law-lghwpcctcc-pro03a,Jev V2,1.0,1.0,1.0
arguana,test-law-lghwpcctcc-pro03a,Jev V3,1.0,1.0,1.0
arguana,test-law-lghwpcctcc-pro03a,base (MaxSim@10),0.6309297535714575,,
arguana,test-law-lghwpcctcc-con02a,first stage,0.2890648263178879,0.1,1.0
arguana,test-law-lghwpcctcc-con02a,cross-encoder,0.5,0.3333333333333333,1.0
arguana,test-law-lghwpcctcc-con02a,Jev V1,0.6309297535714575,0.5,1.0
arguana,test-law-lghwpcctcc-con02a,Jev V2,1.0,1.0,1.0
arguana,test-law-lghwpcctcc-con02a,Jev V3,1.0,1.0,1.0
arguana,test-law-lghwpcctcc-con02a,base (MaxSim@10),0.3010299956639812,,
arguana,test-law-lghwpcctcc-con04a,first stage,0.5,0.3333333333333333,1.0
arguana,test-law-lghwpcctcc-con04a,cross-encoder,1.0,1.0,1.0
arguana,test-law-lghwpcctcc-con04a,Jev V1,1.0,1.0,1.0
arguana,test-law-lghwpcctcc-con04a,Jev V2,1.0,1.0,1.0
arguana,test-law-lghwpcctcc-con04a,Jev V3,1.0,1.0,1.0
arguana,test-law-lghwpcctcc-con04a,base (MaxSim@10),0.5,,
arguana,test-law-lghwpcctcc-con03a,first stage,0.5,0.3333333333333333,1.0
arguana,test-law-lghwpcctcc-con03a,cross-encoder,1.0,1.0,1.0
arguana,test-law-lghwpcctcc-con03a,Jev V1,0.6309297535714575,0.5,1.0
arguana,test-law-lghwpcctcc-con03a,Jev V2,1.0,1.0,1.0
arguana,test-law-lghwpcctcc-con03a,Jev V3,1.0,1.0,1.0
arguana,test-law-lghwpcctcc-con03a,base (MaxSim@10),0.6309297535714575,,
arguana,test-law-lghwpcctcc-con01a,first stage,1.0,1.0,1.0
arguana,test-law-lghwpcctcc-con01a,cross-encoder,1.0,1.0,1.0
arguana,test-law-lghwpcctcc-con01a,Jev V1,1.0,1.0,1.0
arguana,test-law-lghwpcctcc-con01a,Jev V2,1.0,1.0,1.0
arguana,test-law-lghwpcctcc-con01a,Jev V3,1.0,1.0,1.0
arguana,test-law-lghwpcctcc-con01a,base (MaxSim@10),1.0,,
arguana,test-law-sdfclhrppph-pro02a,first stage,1.0,1.0,1.0
arguana,test-law-sdfclhrppph-pro02a,cross-encoder,0.3333333333333333,0.14285714285714285,1.0
arguana,test-law-sdfclhrppph-pro02a,Jev V1,1.0,1.0,1.0
arguana,test-law-sdfclhrppph-pro02a,Jev V2,0.3562071871080222,0.16666666666666666,1.0
arguana,test-law-sdfclhrppph-pro02a,Jev V3,0.6309297535714575,0.5,1.0
arguana,test-law-sdfclhrppph-pro02a,base (MaxSim@10),1.0,,
arguana,test-law-sdfclhrppph-pro01a,first stage,0.0,0.0,0.0
arguana,test-law-sdfclhrppph-pro01a,cross-encoder,0.43067655807339306,0.25,1.0
arguana,test-law-sdfclhrppph-pro01a,Jev V1,1.0,1.0,1.0
arguana,test-law-sdfclhrppph-pro01a,Jev V2,0.6309297535714575,0.5,1.0
arguana,test-law-sdfclhrppph-pro01a,Jev V3,1.0,1.0,1.0
arguana,test-law-sdfclhrppph-pro01a,base (MaxSim@10),0.0,,
arguana,test-law-sdfclhrppph-pro03a,first stage,0.0,0.0,0.0
arguana,test-law-sdfclhrppph-pro03a,cross-encoder,0.0,0.0,0.0
arguana,test-law-sdfclhrppph-pro03a,Jev V1,0.0,0.0,0.0
arguana,test-law-sdfclhrppph-pro03a,Jev V2,0.0,0.0,0.0
arguana,test-law-sdfclhrppph-pro03a,Jev V3,0.0,0.0,0.0
arguana,test-law-sdfclhrppph-pro03a,base (MaxSim@10),0.0,,
arguana,test-law-sdfclhrppph-pro04a,first stage,1.0,1.0,1.0
arguana,test-law-sdfclhrppph-pro04a,cross-encoder,1.0,1.0,1.0
arguana,test-law-sdfclhrppph-pro04a,Jev V1,1.0,1.0,1.0
arguana,test-law-sdfclhrppph-pro04a,Jev V2,1.0,1.0,1.0
arguana,test-law-sdfclhrppph-pro04a,Jev V3,1.0,1.0,1.0
arguana,test-law-sdfclhrppph-pro04a,base (MaxSim@10),1.0,,
arguana,test-law-sdfclhrppph-con02a,first stage,1.0,1.0,1.0
arguana,test-law-sdfclhrppph-con02a,cross-encoder,0.43067655807339306,0.25,1.0
arguana,test-law-sdfclhrppph-con02a,Jev V1,0.38685280723454163,0.2,1.0
arguana,test-law-sdfclhrppph-con02a,Jev V2,0.31546487678572877,0.125,1.0
arguana,test-law-sdfclhrppph-con02a,Jev V3,1.0,1.0,1.0
arguana,test-law-sdfclhrppph-con02a,base (MaxSim@10),0.5,,
arguana,test-law-sdfclhrppph-con01a,first stage,1.0,1.0,1.0
arguana,test-law-sdfclhrppph-con01a,cross-encoder,1.0,1.0,1.0
arguana,test-law-sdfclhrppph-con01a,Jev V1,0.5,0.3333333333333333,1.0
arguana,test-law-sdfclhrppph-con01a,Jev V2,1.0,1.0,1.0
arguana,test-law-sdfclhrppph-con01a,Jev V3,1.0,1.0,1.0
arguana,test-law-sdfclhrppph-con01a,base (MaxSim@10),0.6309297535714575,,
arguana,test-law-tahglcphsld-pro02a,first stage,1.0,1.0,1.0
arguana,test-law-tahglcphsld-pro02a,cross-encoder,1.0,1.0,1.0
arguana,test-law-tahglcphsld-pro02a,Jev V1,0.38685280723454163,0.2,1.0
arguana,test-law-tahglcphsld-pro02a,Jev V2,1.0,1.0,1.0
arguana,test-law-tahglcphsld-pro02a,Jev V3,1.0,1.0,1.0
arguana,test-law-tahglcphsld-pro02a,base (MaxSim@10),1.0,,
arguana,test-law-tahglcphsld-pro06a,first stage,0.43067655807339306,0.25,1.0
arguana,test-law-tahglcphsld-pro06a,cross-encoder,0.6309297535714575,0.5,1.0
arguana,test-law-tahglcphsld-pro06a,Jev V1,0.38685280723454163,0.2,1.0
arguana,test-law-tahglcphsld-pro06a,Jev V2,0.38685280723454163,0.2,1.0
arguana,test-law-tahglcphsld-pro06a,Jev V3,0.3562071871080222,0.16666666666666666,1.0
arguana,test-law-tahglcphsld-pro06a,base (MaxSim@10),0.3868528072345416,,
arguana,test-law-tahglcphsld-pro05a,first stage,0.0,0.0,0.0
arguana,test-law-tahglcphsld-pro05a,cross-encoder,0.6309297535714575,0.5,1.0
arguana,test-law-tahglcphsld-pro05a,Jev V1,0.6309297535714575,0.5,1.0
arguana,test-law-tahglcphsld-pro05a,Jev V2,1.0,1.0,1.0
arguana,test-law-tahglcphsld-pro05a,Jev V3,0.6309297535714575,0.5,1.0
arguana,test-law-tahglcphsld-pro05a,base (MaxSim@10),0.0,,
arguana,test-law-tahglcphsld-pro01a,first stage,0.5,0.3333333333333333,1.0
arguana,test-law-tahglcphsld-pro01a,cross-encoder,0.38685280723454163,0.2,1.0
arguana,test-law-tahglcphsld-pro01a,Jev V1,0.6309297535714575,0.5,1.0
arguana,test-law-tahglcphsld-pro01a,Jev V2,0.38685280723454163,0.2,1.0
arguana,test-law-tahglcphsld-pro01a,Jev V3,1.0,1.0,1.0
arguana,test-law-tahglcphsld-pro01a,base (MaxSim@10),0.3333333333333333,,
arguana,test-law-tahglcphsld-pro07a,first stage,1.0,1.0,1.0
arguana,test-law-tahglcphsld-pro07a,cross-encoder,1.0,1.0,1.0
arguana,test-law-tahglcphsld-pro07a,Jev V1,1.0,1.0,1.0
arguana,test-law-tahglcphsld-pro07a,Jev V2,1.0,1.0,1.0
arguana,test-law-tahglcphsld-pro07a,Jev V3,1.0,1.0,1.0
arguana,test-law-tahglcphsld-pro07a,base (MaxSim@10),1.0,,
arguana,test-law-tahglcphsld-pro03a,first stage,0.3010299956639812,0.1111111111111111,1.0
arguana,test-law-tahglcphsld-pro03a,cross-encoder,1.0,1.0,1.0
arguana,test-law-tahglcphsld-pro03a,Jev V1,0.38685280723454163,0.2,1.0
arguana,test-law-tahglcphsld-pro03a,Jev V2,0.3562071871080222,0.16666666666666666,1.0
arguana,test-law-tahglcphsld-pro03a,Jev V3,0.6309297535714575,0.5,1.0
arguana,test-law-tahglcphsld-pro03a,base (MaxSim@10),0.3010299956639812,,
arguana,test-law-tahglcphsld-pro04a,first stage,0.43067655807339306,0.25,1.0
arguana,test-law-tahglcphsld-pro04a,cross-encoder,0.6309297535714575,0.5,1.0
arguana,test-law-tahglcphsld-pro04a,Jev V1,0.31546487678572877,0.125,1.0
arguana,test-law-tahglcphsld-pro04a,Jev V2,0.38685280723454163,0.2,1.0
arguana,test-law-tahglcphsld-pro04a,Jev V3,1.0,1.0,1.0
arguana,test-law-tahglcphsld-pro04a,base (MaxSim@10),0.3154648767857287,,
arguana,test-law-tahglcphsld-con02a,first stage,0.5,0.3333333333333333,1.0
arguana,test-law-tahglcphsld-con02a,cross-encoder,1.0,1.0,1.0
arguana,test-law-tahglcphsld-con02a,Jev V1,0.5,0.3333333333333333,1.0
arguana,test-law-tahglcphsld-con02a,Jev V2,1.0,1.0,1.0
arguana,test-law-tahglcphsld-con02a,Jev V3,0.6309297535714575,0.5,1.0
arguana,test-law-tahglcphsld-con02a,base (MaxSim@10),1.0,,
arguana,test-law-tahglcphsld-con03a,first stage,0.3010299956639812,0.1111111111111111,1.0
arguana,test-law-tahglcphsld-con03a,cross-encoder,1.0,1.0,1.0
arguana,test-law-tahglcphsld-con03a,Jev V1,0.5,0.3333333333333333,1.0
arguana,test-law-tahglcphsld-con03a,Jev V2,1.0,1.0,1.0
arguana,test-law-tahglcphsld-con03a,Jev V3,1.0,1.0,1.0
arguana,test-law-tahglcphsld-con03a,base (MaxSim@10),0.3333333333333333,,
arguana,test-law-tahglcphsld-con01a,first stage,0.6309297535714575,0.5,1.0
arguana,test-law-tahglcphsld-con01a,cross-encoder,0.43067655807339306,0.25,1.0
arguana,test-law-tahglcphsld-con01a,Jev V1,0.6309297535714575,0.5,1.0
arguana,test-law-tahglcphsld-con01a,Jev V2,0.6309297535714575,0.5,1.0
arguana,test-law-tahglcphsld-con01a,Jev V3,1.0,1.0,1.0
arguana,test-law-tahglcphsld-con01a,base (MaxSim@10),0.6309297535714575,,
arguana,test-law-cppshbcjsfm-pro02a,first stage,0.0,0.0,0.0
arguana,test-law-cppshbcjsfm-pro02a,cross-encoder,0.0,0.0,0.0
arguana,test-law-cppshbcjsfm-pro02a,Jev V1,0.0,0.0,0.0
arguana,test-law-cppshbcjsfm-pro02a,Jev V2,0.0,0.0,0.0
arguana,test-law-cppshbcjsfm-pro02a,Jev V3,0.0,0.0,0.0
arguana,test-law-cppshbcjsfm-pro02a,base (MaxSim@10),0.0,,
arguana,test-law-cppshbcjsfm-pro01a,first stage,0.5,0.3333333333333333,1.0
arguana,test-law-cppshbcjsfm-pro01a,cross-encoder,0.5,0.3333333333333333,1.0
arguana,test-law-cppshbcjsfm-pro01a,Jev V1,0.31546487678572877,0.125,1.0
arguana,test-law-cppshbcjsfm-pro01a,Jev V2,0.6309297535714575,0.5,1.0
arguana,test-law-cppshbcjsfm-pro01a,Jev V3,0.6309297535714575,0.5,1.0
arguana,test-law-cppshbcjsfm-pro01a,base (MaxSim@10),0.6309297535714575,,
arguana,test-law-cppshbcjsfm-con02a,first stage,0.3333333333333333,0.14285714285714285,1.0
arguana,test-law-cppshbcjsfm-con02a,cross-encoder,1.0,1.0,1.0
arguana,test-law-cppshbcjsfm-con02a,Jev V1,1.0,1.0,1.0
arguana,test-law-cppshbcjsfm-con02a,Jev V2,1.0,1.0,1.0
arguana,test-law-cppshbcjsfm-con02a,Jev V3,1.0,1.0,1.0
arguana,test-law-cppshbcjsfm-con02a,base (MaxSim@10),0.3333333333333333,,
arguana,test-law-cppshbcjsfm-con04a,first stage,0.6309297535714575,0.5,1.0
arguana,test-law-cppshbcjsfm-con04a,cross-encoder,1.0,1.0,1.0
arguana,test-law-cppshbcjsfm-con04a,Jev V1,0.6309297535714575,0.5,1.0
arguana,test-law-cppshbcjsfm-con04a,Jev V2,0.6309297535714575,0.5,1.0
arguana,test-law-cppshbcjsfm-con04a,Jev V3,1.0,1.0,1.0
arguana,test-law-cppshbcjsfm-con04a,base (MaxSim@10),0.5,,
arguana,test-law-cppshbcjsfm-con03a,first stage,0.3333333333333333,0.14285714285714285,1.0
arguana,test-law-cppshbcjsfm-con03a,cross-encoder,1.0,1.0,1.0
arguana,test-law-cppshbcjsfm-con03a,Jev V1,0.5,0.3333333333333333,1.0
arguana,test-law-cppshbcjsfm-con03a,Jev V2,0.0,0.0,0.0
arguana,test-law-cppshbcjsfm-con03a,Jev V3,0.38685280723454163,0.2,1.0
arguana,test-law-cppshbcjsfm-con03a,base (MaxSim@10),0.3868528072345416,,
arguana,test-law-cppshbcjsfm-con01a,first stage,0.43067655807339306,0.25,1.0
arguana,test-law-cppshbcjsfm-con01a,cross-encoder,1.0,1.0,1.0
arguana,test-law-cppshbcjsfm-con01a,Jev V1,0.3010299956639812,0.1111111111111111,1.0
arguana,test-law-cppshbcjsfm-con01a,Jev V2,0.3333333333333333,0.14285714285714285,1.0
arguana,test-law-cppshbcjsfm-con01a,Jev V3,0.6309297535714575,0.5,1.0
arguana,test-law-cppshbcjsfm-con01a,base (MaxSim@10),0.3562071871080222,,
arguana,test-law-lghbacpsba-pro02a,first stage,0.43067655807339306,0.25,1.0
arguana,test-law-lghbacpsba-pro02a,cross-encoder,0.6309297535714575,0.5,1.0
arguana,test-law-lghbacpsba-pro02a,Jev V1,1.0,1.0,1.0
arguana,test-law-lghbacpsba-pro02a,Jev V2,1.0,1.0,1.0
arguana,test-law-lghbacpsba-pro02a,Jev V3,1.0,1.0,1.0
arguana,test-law-lghbacpsba-pro02a,base (MaxSim@10),0.3010299956639812,,
arguana,test-law-lghbacpsba-pro05a,first stage,1.0,1.0,1.0
arguana,test-law-lghbacpsba-pro05a,cross-encoder,0.5,0.3333333333333333,1.0
arguana,test-law-lghbacpsba-pro05a,Jev V1,1.0,1.0,1.0
arguana,test-law-lghbacpsba-pro05a,Jev V2,1.0,1.0,1.0
arguana,test-law-lghbacpsba-pro05a,Jev V3,1.0,1.0,1.0
arguana,test-law-lghbacpsba-pro05a,base (MaxSim@10),1.0,,
arguana,test-law-lghbacpsba-pro01a,first stage,0.3562071871080222,0.16666666666666666,1.0
arguana,test-law-lghbacpsba-pro01a,cross-encoder,0.5,0.3333333333333333,1.0
arguana,test-law-lghbacpsba-pro01a,Jev V1,0.6309297535714575,0.5,1.0
arguana,test-law-lghbacpsba-pro01a,Jev V2,0.38685280723454163,0.2,1.0
arguana,test-law-lghbacpsba-pro01a,Jev V3,1.0,1.0,1.0
arguana,test-law-lghbacpsba-pro01a,base (MaxSim@10),0.430676558073393,,
arguana,test-law-lghbacpsba-pro03a,first stage,1.0,1.0,1.0
arguana,test-law-lghbacpsba-pro03a,cross-encoder,1.0,1.0,1.0
arguana,test-law-lghbacpsba-pro03a,Jev V1,1.0,1.0,1.0
arguana,test-law-lghbacpsba-pro03a,Jev V2,1.0,1.0,1.0
arguana,test-law-lghbacpsba-pro03a,Jev V3,1.0,1.0,1.0
arguana,test-law-lghbacpsba-pro03a,base (MaxSim@10),1.0,,
arguana,test-law-lghbacpsba-pro04a,first stage,0.3010299956639812,0.1111111111111111,1.0
arguana,test-law-lghbacpsba-pro04a,cross-encoder,1.0,1.0,1.0
arguana,test-law-lghbacpsba-pro04a,Jev V1,0.3333333333333333,0.14285714285714285,1.0
arguana,test-law-lghbacpsba-pro04a,Jev V2,0.3562071871080222,0.16666666666666666,1.0
arguana,test-law-lghbacpsba-pro04a,Jev V3,0.43067655807339306,0.25,1.0
arguana,test-law-lghbacpsba-pro04a,base (MaxSim@10),0.3154648767857287,,
arguana,test-law-lghbacpsba-con02a,first stage,1.0,1.0,1.0
arguana,test-law-lghbacpsba-con02a,cross-encoder,1.0,1.0,1.0
arguana,test-law-lghbacpsba-con02a,Jev V1,0.38685280723454163,0.2,1.0
arguana,test-law-lghbacpsba-con02a,Jev V2,0.43067655807339306,0.25,1.0
arguana,test-law-lghbacpsba-con02a,Jev V3,0.5,0.3333333333333333,1.0
arguana,test-law-lghbacpsba-con02a,base (MaxSim@10),1.0,,
arguana,test-law-lghbacpsba-con03a,first stage,0.3333333333333333,0.14285714285714285,1.0
arguana,test-law-lghbacpsba-con03a,cross-encoder,0.38685280723454163,0.2,1.0
arguana,test-law-lghbacpsba-con03a,Jev V1,0.5,0.3333333333333333,1.0
arguana,test-law-lghbacpsba-con03a,Jev V2,0.38685280723454163,0.2,1.0
arguana,test-law-lghbacpsba-con03a,Jev V3,0.3562071871080222,0.16666666666666666,1.0
arguana,test-law-lghbacpsba-con03a,base (MaxSim@10),0.3154648767857287,,
arguana,test-law-lghbacpsba-con01a,first stage,1.0,1.0,1.0
arguana,test-law-lghbacpsba-con01a,cross-encoder,0.5,0.3333333333333333,1.0
arguana,test-law-lghbacpsba-con01a,Jev V1,0.6309297535714575,0.5,1.0
arguana,test-law-lghbacpsba-con01a,Jev V2,0.6309297535714575,0.5,1.0
arguana,test-law-lghbacpsba-con01a,Jev V3,0.5,0.3333333333333333,1.0
arguana,test-law-lghbacpsba-con01a,base (MaxSim@10),1.0,,
arguana,test-law-hrilpgwhwr-pro02a,first stage,0.5,0.3333333333333333,1.0
arguana,test-law-hrilpgwhwr-pro02a,cross-encoder,1.0,1.0,1.0
arguana,test-law-hrilpgwhwr-pro02a,Jev V1,0.6309297535714575,0.5,1.0
arguana,test-law-hrilpgwhwr-pro02a,Jev V2,1.0,1.0,1.0
arguana,test-law-hrilpgwhwr-pro02a,Jev V3,1.0,1.0,1.0
arguana,test-law-hrilpgwhwr-pro02a,base (MaxSim@10),0.6309297535714575,,
arguana,test-law-hrilpgwhwr-pro01a,first stage,0.0,0.0,0.0
arguana,test-law-hrilpgwhwr-pro01a,cross-encoder,0.0,0.0,0.0
arguana,test-law-hrilpgwhwr-pro01a,Jev V1,0.0,0.0,0.0
arguana,test-law-hrilpgwhwr-pro01a,Jev V2,0.0,0.0,0.0
arguana,test-law-hrilpgwhwr-pro01a,Jev V3,0.0,0.0,0.0
arguana,test-law-hrilpgwhwr-pro01a,base (MaxSim@10),0.0,,
arguana,test-law-hrilpgwhwr-pro03a,first stage,0.0,0.0,0.0
arguana,test-law-hrilpgwhwr-pro03a,cross-encoder,0.0,0.0,0.0
arguana,test-law-hrilpgwhwr-pro03a,Jev V1,0.0,0.0,0.0
arguana,test-law-hrilpgwhwr-pro03a,Jev V2,0.0,0.0,0.0
arguana,test-law-hrilpgwhwr-pro03a,Jev V3,0.0,0.0,0.0
arguana,test-law-hrilpgwhwr-pro03a,base (MaxSim@10),0.0,,
arguana,test-law-hrilpgwhwr-con02a,first stage,0.38685280723454163,0.2,1.0
arguana,test-law-hrilpgwhwr-con02a,cross-encoder,0.38685280723454163,0.2,1.0
arguana,test-law-hrilpgwhwr-con02a,Jev V1,0.38685280723454163,0.2,1.0
arguana,test-law-hrilpgwhwr-con02a,Jev V2,0.6309297535714575,0.5,1.0
arguana,test-law-hrilpgwhwr-con02a,Jev V3,1.0,1.0,1.0
arguana,test-law-hrilpgwhwr-con02a,base (MaxSim@10),0.5,,
arguana,test-law-hrilpgwhwr-con05a,first stage,1.0,1.0,1.0
arguana,test-law-hrilpgwhwr-con05a,cross-encoder,1.0,1.0,1.0
arguana,test-law-hrilpgwhwr-con05a,Jev V1,0.6309297535714575,0.5,1.0
arguana,test-law-hrilpgwhwr-con05a,Jev V2,0.5,0.3333333333333333,1.0
arguana,test-law-hrilpgwhwr-con05a,Jev V3,0.6309297535714575,0.5,1.0
arguana,test-law-hrilpgwhwr-con05a,base (MaxSim@10),0.5,,
arguana,test-law-hrilpgwhwr-con04a,first stage,1.0,1.0,1.0
arguana,test-law-hrilpgwhwr-con04a,cross-encoder,1.0,1.0,1.0
arguana,test-law-hrilpgwhwr-con04a,Jev V1,0.6309297535714575,0.5,1.0
arguana,test-law-hrilpgwhwr-con04a,Jev V2,1.0,1.0,1.0
arguana,test-law-hrilpgwhwr-con04a,Jev V3,1.0,1.0,1.0
arguana,test-law-hrilpgwhwr-con04a,base (MaxSim@10),1.0,,
arguana,test-law-hrilpgwhwr-con03a,first stage,0.0,0.0,0.0
arguana,test-law-hrilpgwhwr-con03a,cross-encoder,1.0,1.0,1.0
arguana,test-law-hrilpgwhwr-con03a,Jev V1,0.6309297535714575,0.5,1.0
arguana,test-law-hrilpgwhwr-con03a,Jev V2,0.6309297535714575,0.5,1.0
arguana,test-law-hrilpgwhwr-con03a,Jev V3,0.0,0.0,0.0
arguana,test-law-hrilpgwhwr-con03a,base (MaxSim@10),0.0,,
arguana,test-law-hrilpgwhwr-con01a,first stage,1.0,1.0,1.0
arguana,test-law-hrilpgwhwr-con01a,cross-encoder,1.0,1.0,1.0
arguana,test-law-hrilpgwhwr-con01a,Jev V1,1.0,1.0,1.0
arguana,test-law-hrilpgwhwr-con01a,Jev V2,1.0,1.0,1.0
arguana,test-law-hrilpgwhwr-con01a,Jev V3,1.0,1.0,1.0
arguana,test-law-hrilpgwhwr-con01a,base (MaxSim@10),1.0,,
arguana,test-education-ufsdfkhbwu-pro02a,first stage,0.43067655807339306,0.25,1.0
arguana,test-education-ufsdfkhbwu-pro02a,cross-encoder,0.5,0.3333333333333333,1.0
arguana,test-education-ufsdfkhbwu-pro02a,Jev V1,1.0,1.0,1.0
arguana,test-education-ufsdfkhbwu-pro02a,Jev V2,0.3562071871080222,0.16666666666666666,1.0
arguana,test-education-ufsdfkhbwu-pro02a,Jev V3,0.43067655807339306,0.25,1.0
arguana,test-education-ufsdfkhbwu-pro02a,base (MaxSim@10),0.3562071871080222,,
arguana,test-education-ufsdfkhbwu-pro01a,first stage,0.0,0.0,0.0
arguana,test-education-ufsdfkhbwu-pro01a,cross-encoder,0.5,0.3333333333333333,1.0
arguana,test-education-ufsdfkhbwu-pro01a,Jev V1,0.5,0.3333333333333333,1.0
arguana,test-education-ufsdfkhbwu-pro01a,Jev V2,1.0,1.0,1.0
arguana,test-education-ufsdfkhbwu-pro01a,Jev V3,1.0,1.0,1.0
arguana,test-education-ufsdfkhbwu-pro01a,base (MaxSim@10),0.0,,
arguana,test-education-ufsdfkhbwu-pro03a,first stage,0.6309297535714575,0.5,1.0
arguana,test-education-ufsdfkhbwu-pro03a,cross-encoder,0.43067655807339306,0.25,1.0
arguana,test-education-ufsdfkhbwu-pro03a,Jev V1,0.38685280723454163,0.2,1.0
arguana,test-education-ufsdfkhbwu-pro03a,Jev V2,0.6309297535714575,0.5,1.0
arguana,test-education-ufsdfkhbwu-pro03a,Jev V3,1.0,1.0,1.0
arguana,test-education-ufsdfkhbwu-pro03a,base (MaxSim@10),0.6309297535714575,,
arguana,test-education-ufsdfkhbwu-con02a,first stage,0.0,0.0,0.0
arguana,test-education-ufsdfkhbwu-con02a,cross-encoder,0.0,0.0,0.0
arguana,test-education-ufsdfkhbwu-con02a,Jev V1,0.0,0.0,0.0
arguana,test-education-ufsdfkhbwu-con02a,Jev V2,0.0,0.0,0.0
arguana,test-education-ufsdfkhbwu-con02a,Jev V3,0.0,0.0,0.0
arguana,test-education-ufsdfkhbwu-con02a,base (MaxSim@10),0.0,,
arguana,test-education-ufsdfkhbwu-con03a,first stage,0.0,0.0,0.0
arguana,test-education-ufsdfkhbwu-con03a,cross-encoder,0.0,0.0,0.0
arguana,test-education-ufsdfkhbwu-con03a,Jev V1,0.0,0.0,0.0
arguana,test-education-ufsdfkhbwu-con03a,Jev V2,0.0,0.0,0.0
arguana,test-education-ufsdfkhbwu-con03a,Jev V3,0.0,0.0,0.0
arguana,test-education-ufsdfkhbwu-con03a,base (MaxSim@10),0.0,,
arguana,test-education-ufsdfkhbwu-con01a,first stage,0.0,0.0,0.0
arguana,test-education-ufsdfkhbwu-con01a,cross-encoder,0.0,0.0,0.0
arguana,test-education-ufsdfkhbwu-con01a,Jev V1,0.0,0.0,0.0
arguana,test-education-ufsdfkhbwu-con01a,Jev V2,0.0,0.0,0.0
arguana,test-education-ufsdfkhbwu-con01a,Jev V3,0.0,0.0,0.0
arguana,test-education-ufsdfkhbwu-con01a,base (MaxSim@10),0.0,,
arguana,test-education-egtuscpih-pro02a,first stage,0.6309297535714575,0.5,1.0
arguana,test-education-egtuscpih-pro02a,cross-encoder,1.0,1.0,1.0
arguana,test-education-egtuscpih-pro02a,Jev V1,1.0,1.0,1.0
arguana,test-education-egtuscpih-pro02a,Jev V2,1.0,1.0,1.0
arguana,test-education-egtuscpih-pro02a,Jev V3,1.0,1.0,1.0
arguana,test-education-egtuscpih-pro02a,base (MaxSim@10),0.5,,
arguana,test-education-egtuscpih-pro05a,first stage,0.6309297535714575,0.5,1.0
arguana,test-education-egtuscpih-pro05a,cross-encoder,1.0,1.0,1.0
arguana,test-education-egtuscpih-pro05a,Jev V1,1.0,1.0,1.0
arguana,test-education-egtuscpih-pro05a,Jev V2,1.0,1.0,1.0
arguana,test-education-egtuscpih-pro05a,Jev V3,1.0,1.0,1.0
arguana,test-education-egtuscpih-pro05a,base (MaxSim@10),0.5,,
arguana,test-education-egtuscpih-pro01a,first stage,1.0,1.0,1.0
arguana,test-education-egtuscpih-pro01a,cross-encoder,1.0,1.0,1.0
arguana,test-education-egtuscpih-pro01a,Jev V1,0.5,0.3333333333333333,1.0
arguana,test-education-egtuscpih-pro01a,Jev V2,0.5,0.3333333333333333,1.0
arguana,test-education-egtuscpih-pro01a,Jev V3,0.6309297535714575,0.5,1.0
arguana,test-education-egtuscpih-pro01a,base (MaxSim@10),1.0,,
arguana,test-education-egtuscpih-pro03a,first stage,0.43067655807339306,0.25,1.0
arguana,test-education-egtuscpih-pro03a,cross-encoder,0.5,0.3333333333333333,1.0
arguana,test-education-egtuscpih-pro03a,Jev V1,0.5,0.3333333333333333,1.0
arguana,test-education-egtuscpih-pro03a,Jev V2,0.6309297535714575,0.5,1.0
arguana,test-education-egtuscpih-pro03a,Jev V3,0.6309297535714575,0.5,1.0
arguana,test-education-egtuscpih-pro03a,base (MaxSim@10),0.5,,
arguana,test-education-egtuscpih-pro04a,first stage,1.0,1.0,1.0
arguana,test-education-egtuscpih-pro04a,cross-encoder,1.0,1.0,1.0
arguana,test-education-egtuscpih-pro04a,Jev V1,1.0,1.0,1.0
arguana,test-education-egtuscpih-pro04a,Jev V2,1.0,1.0,1.0
arguana,test-education-egtuscpih-pro04a,Jev V3,1.0,1.0,1.0
arguana,test-education-egtuscpih-pro04a,base (MaxSim@10),1.0,,
arguana,test-education-egtuscpih-con02a,first stage,1.0,1.0,1.0
arguana,test-education-egtuscpih-con02a,cross-encoder,1.0,1.0,1.0
arguana,test-education-egtuscpih-con02a,Jev V1,1.0,1.0,1.0
arguana,test-education-egtuscpih-con02a,Jev V2,1.0,1.0,1.0
arguana,test-education-egtuscpih-con02a,Jev V3,1.0,1.0,1.0
arguana,test-education-egtuscpih-con02a,base (MaxSim@10),1.0,,
arguana,test-education-egtuscpih-con05a,first stage,1.0,1.0,1.0
arguana,test-education-egtuscpih-con05a,cross-encoder,1.0,1.0,1.0
arguana,test-education-egtuscpih-con05a,Jev V1,1.0,1.0,1.0
arguana,test-education-egtuscpih-con05a,Jev V2,1.0,1.0,1.0
arguana,test-education-egtuscpih-con05a,Jev V3,1.0,1.0,1.0
arguana,test-education-egtuscpih-con05a,base (MaxSim@10),1.0,,
arguana,test-education-egtuscpih-con04a,first stage,0.5,0.3333333333333333,1.0
arguana,test-education-egtuscpih-con04a,cross-encoder,1.0,1.0,1.0
arguana,test-education-egtuscpih-con04a,Jev V1,1.0,1.0,1.0
arguana,test-education-egtuscpih-con04a,Jev V2,1.0,1.0,1.0
arguana,test-education-egtuscpih-con04a,Jev V3,1.0,1.0,1.0
arguana,test-education-egtuscpih-con04a,base (MaxSim@10),0.6309297535714575,,
arguana,test-education-egtuscpih-con03a,first stage,1.0,1.0,1.0
arguana,test-education-egtuscpih-con03a,cross-encoder,1.0,1.0,1.0
arguana,test-education-egtuscpih-con03a,Jev V1,1.0,1.0,1.0
arguana,test-education-egtuscpih-con03a,Jev V2,1.0,1.0,1.0
arguana,test-education-egtuscpih-con03a,Jev V3,1.0,1.0,1.0
arguana,test-education-egtuscpih-con03a,base (MaxSim@10),1.0,,
arguana,test-education-egtuscpih-con01a,first stage,1.0,1.0,1.0
arguana,test-education-egtuscpih-con01a,cross-encoder,1.0,1.0,1.0
arguana,test-education-egtuscpih-con01a,Jev V1,1.0,1.0,1.0
arguana,test-education-egtuscpih-con01a,Jev V2,1.0,1.0,1.0
arguana,test-education-egtuscpih-con01a,Jev V3,1.0,1.0,1.0
arguana,test-education-egtuscpih-con01a,base (MaxSim@10),0.6309297535714575,,
arguana,test-education-ughbuesbf-pro02a,first stage,1.0,1.0,1.0
arguana,test-education-ughbuesbf-pro02a,cross-encoder,1.0,1.0,1.0
arguana,test-education-ughbuesbf-pro02a,Jev V1,1.0,1.0,1.0
arguana,test-education-ughbuesbf-pro02a,Jev V2,1.0,1.0,1.0
arguana,test-education-ughbuesbf-pro02a,Jev V3,1.0,1.0,1.0
arguana,test-education-ughbuesbf-pro02a,base (MaxSim@10),1.0,,
arguana,test-education-ughbuesbf-pro01a,first stage,1.0,1.0,1.0
arguana,test-education-ughbuesbf-pro01a,cross-encoder,1.0,1.0,1.0
arguana,test-education-ughbuesbf-pro01a,Jev V1,1.0,1.0,1.0
arguana,test-education-ughbuesbf-pro01a,Jev V2,0.43067655807339306,0.25,1.0
arguana,test-education-ughbuesbf-pro01a,Jev V3,1.0,1.0,1.0
arguana,test-education-ughbuesbf-pro01a,base (MaxSim@10),1.0,,
arguana,test-education-ughbuesbf-pro03a,first stage,0.5,0.3333333333333333,1.0
arguana,test-education-ughbuesbf-pro03a,cross-encoder,1.0,1.0,1.0
arguana,test-education-ughbuesbf-pro03a,Jev V1,1.0,1.0,1.0
arguana,test-education-ughbuesbf-pro03a,Jev V2,0.5,0.3333333333333333,1.0
arguana,test-education-ughbuesbf-pro03a,Jev V3,1.0,1.0,1.0
arguana,test-education-ughbuesbf-pro03a,base (MaxSim@10),1.0,,
arguana,test-education-ughbuesbf-pro04a,first stage,0.5,0.3333333333333333,1.0
arguana,test-education-ughbuesbf-pro04a,cross-encoder,1.0,1.0,1.0
arguana,test-education-ughbuesbf-pro04a,Jev V1,0.5,0.3333333333333333,1.0
arguana,test-education-ughbuesbf-pro04a,Jev V2,0.31546487678572877,0.125,1.0
arguana,test-education-ughbuesbf-pro04a,Jev V3,0.6309297535714575,0.5,1.0
arguana,test-education-ughbuesbf-pro04a,base (MaxSim@10),1.0,,
arguana,test-education-ughbuesbf-con02a,first stage,0.0,0.0,0.0
arguana,test-education-ughbuesbf-con02a,cross-encoder,1.0,1.0,1.0
arguana,test-education-ughbuesbf-con02a,Jev V1,1.0,1.0,1.0
arguana,test-education-ughbuesbf-con02a,Jev V2,1.0,1.0,1.0
arguana,test-education-ughbuesbf-con02a,Jev V3,0.0,0.0,0.0
arguana,test-education-ughbuesbf-con02a,base (MaxSim@10),0.0,,
arguana,test-education-ughbuesbf-con05a,first stage,0.3333333333333333,0.14285714285714285,1.0
arguana,test-education-ughbuesbf-con05a,cross-encoder,1.0,1.0,1.0
arguana,test-education-ughbuesbf-con05a,Jev V1,1.0,1.0,1.0
arguana,test-education-ughbuesbf-con05a,Jev V2,1.0,1.0,1.0
arguana,test-education-ughbuesbf-con05a,Jev V3,1.0,1.0,1.0
arguana,test-education-ughbuesbf-con05a,base (MaxSim@10),0.2890648263178879,,
arguana,test-education-ughbuesbf-con04a,first stage,0.31546487678572877,0.125,1.0
arguana,test-education-ughbuesbf-con04a,cross-encoder,0.38685280723454163,0.2,1.0
arguana,test-education-ughbuesbf-con04a,Jev V1,0.6309297535714575,0.5,1.0
arguana,test-education-ughbuesbf-con04a,Jev V2,0.38685280723454163,0.2,1.0
arguana,test-education-ughbuesbf-con04a,Jev V3,1.0,1.0,1.0
arguana,test-education-ughbuesbf-con04a,base (MaxSim@10),0.3562071871080222,,
arguana,test-education-ughbuesbf-con03a,first stage,0.5,0.3333333333333333,1.0
arguana,test-education-ughbuesbf-con03a,cross-encoder,0.6309297535714575,0.5,1.0
arguana,test-education-ughbuesbf-con03a,Jev V1,0.6309297535714575,0.5,1.0
arguana,test-education-ughbuesbf-con03a,Jev V2,1.0,1.0,1.0
arguana,test-education-ughbuesbf-con03a,Jev V3,1.0,1.0,1.0
arguana,test-education-ughbuesbf-con03a,base (MaxSim@10),1.0,,
arguana,test-education-ughbuesbf-con01a,first stage,0.3010299956639812,0.1111111111111111,1.0
arguana,test-education-ughbuesbf-con01a,cross-encoder,1.0,1.0,1.0
arguana,test-education-ughbuesbf-con01a,Jev V1,1.0,1.0,1.0
arguana,test-education-ughbuesbf-con01a,Jev V2,1.0,1.0,1.0
arguana,test-education-ughbuesbf-con01a,Jev V3,1.0,1.0,1.0
arguana,test-education-ughbuesbf-con01a,base (MaxSim@10),0.3562071871080222,,
arguana,test-education-usuprmhbu-pro02a,first stage,0.38685280723454163,0.2,1.0
arguana,test-education-usuprmhbu-pro02a,cross-encoder,1.0,1.0,1.0
arguana,test-education-usuprmhbu-pro02a,Jev V1,0.5,0.3333333333333333,1.0
arguana,test-education-usuprmhbu-pro02a,Jev V2,0.3562071871080222,0.16666666666666666,1.0
arguana,test-education-usuprmhbu-pro02a,Jev V3,1.0,1.0,1.0
arguana,test-education-usuprmhbu-pro02a,base (MaxSim@10),0.3868528072345416,,
arguana,test-education-usuprmhbu-pro01a,first stage,0.0,0.0,0.0
arguana,test-education-usuprmhbu-pro01a,cross-encoder,1.0,1.0,1.0
arguana,test-education-usuprmhbu-pro01a,Jev V1,0.6309297535714575,0.5,1.0
arguana,test-education-usuprmhbu-pro01a,Jev V2,0.31546487678572877,0.125,1.0
arguana,test-education-usuprmhbu-pro01a,Jev V3,0.6309297535714575,0.5,1.0
arguana,test-education-usuprmhbu-pro01a,base (MaxSim@10),0.0,,
arguana,test-education-usuprmhbu-pro03a,first stage,0.5,0.3333333333333333,1.0
arguana,test-education-usuprmhbu-pro03a,cross-encoder,1.0,1.0,1.0
arguana,test-education-usuprmhbu-pro03a,Jev V1,1.0,1.0,1.0
arguana,test-education-usuprmhbu-pro03a,Jev V2,0.6309297535714575,0.5,1.0
arguana,test-education-usuprmhbu-pro03a,Jev V3,1.0,1.0,1.0
arguana,test-education-usuprmhbu-pro03a,base (MaxSim@10),0.3868528072345416,,
arguana,test-education-usuprmhbu-con02a,first stage,0.6309297535714575,0.5,1.0
arguana,test-education-usuprmhbu-con02a,cross-encoder,1.0,1.0,1.0
arguana,test-education-usuprmhbu-con02a,Jev V1,1.0,1.0,1.0
arguana,test-education-usuprmhbu-con02a,Jev V2,0.5,0.3333333333333333,1.0
arguana,test-education-usuprmhbu-con02a,Jev V3,1.0,1.0,1.0
arguana,test-education-usuprmhbu-con02a,base (MaxSim@10),0.6309297535714575,,
arguana,test-education-usuprmhbu-con03a,first stage,0.5,0.3333333333333333,1.0
arguana,test-education-usuprmhbu-con03a,cross-encoder,1.0,1.0,1.0
arguana,test-education-usuprmhbu-con03a,Jev V1,0.6309297535714575,0.5,1.0
arguana,test-education-usuprmhbu-con03a,Jev V2,0.3562071871080222,0.16666666666666666,1.0
arguana,test-education-usuprmhbu-con03a,Jev V3,0.6309297535714575,0.5,1.0
arguana,test-education-usuprmhbu-con03a,base (MaxSim@10),0.3154648767857287,,
arguana,test-education-usuprmhbu-con01a,first stage,1.0,1.0,1.0
arguana,test-education-usuprmhbu-con01a,cross-encoder,1.0,1.0,1.0
arguana,test-education-usuprmhbu-con01a,Jev V1,1.0,1.0,1.0
arguana,test-education-usuprmhbu-con01a,Jev V2,0.5,0.3333333333333333,1.0
arguana,test-education-usuprmhbu-con01a,Jev V3,1.0,1.0,1.0
arguana,test-education-usuprmhbu-con01a,base (MaxSim@10),1.0,,
arguana,test-education-pteuhwfphe-pro02a,first stage,0.6309297535714575,0.5,1.0
arguana,test-education-pteuhwfphe-pro02a,cross-encoder,1.0,1.0,1.0
arguana,test-education-pteuhwfphe-pro02a,Jev V1,1.0,1.0,1.0
arguana,test-education-pteuhwfphe-pro02a,Jev V2,1.0,1.0,1.0
arguana,test-education-pteuhwfphe-pro02a,Jev V3,1.0,1.0,1.0
arguana,test-education-pteuhwfphe-pro02a,base (MaxSim@10),0.6309297535714575,,
arguana,test-education-pteuhwfphe-pro01a,first stage,1.0,1.0,1.0
arguana,test-education-pteuhwfphe-pro01a,cross-encoder,1.0,1.0,1.0
arguana,test-education-pteuhwfphe-pro01a,Jev V1,1.0,1.0,1.0
arguana,test-education-pteuhwfphe-pro01a,Jev V2,1.0,1.0,1.0
arguana,test-education-pteuhwfphe-pro01a,Jev V3,1.0,1.0,1.0
arguana,test-education-pteuhwfphe-pro01a,base (MaxSim@10),1.0,,
arguana,test-education-pteuhwfphe-pro03a,first stage,0.5,0.3333333333333333,1.0
arguana,test-education-pteuhwfphe-pro03a,cross-encoder,0.3333333333333333,0.14285714285714285,1.0
arguana,test-education-pteuhwfphe-pro03a,Jev V1,0.38685280723454163,0.2,1.0
arguana,test-education-pteuhwfphe-pro03a,Jev V2,0.6309297535714575,0.5,1.0
arguana,test-education-pteuhwfphe-pro03a,Jev V3,0.6309297535714575,0.5,1.0
arguana,test-education-pteuhwfphe-pro03a,base (MaxSim@10),0.3562071871080222,,
arguana,test-education-pteuhwfphe-con02a,first stage,1.0,1.0,1.0
arguana,test-education-pteuhwfphe-con02a,cross-encoder,0.6309297535714575,0.5,1.0
arguana,test-education-pteuhwfphe-con02a,Jev V1,1.0,1.0,1.0
arguana,test-education-pteuhwfphe-con02a,Jev V2,1.0,1.0,1.0
arguana,test-education-pteuhwfphe-con02a,Jev V3,1.0,1.0,1.0
arguana,test-education-pteuhwfphe-con02a,base (MaxSim@10),1.0,,
arguana,test-education-pteuhwfphe-con04a,first stage,1.0,1.0,1.0
arguana,test-education-pteuhwfphe-con04a,cross-encoder,1.0,1.0,1.0
arguana,test-education-pteuhwfphe-con04a,Jev V1,1.0,1.0,1.0
arguana,test-education-pteuhwfphe-con04a,Jev V2,0.0,0.0,0.0
arguana,test-education-pteuhwfphe-con04a,Jev V3,0.43067655807339306,0.25,1.0
arguana,test-education-pteuhwfphe-con04a,base (MaxSim@10),1.0,,
arguana,test-education-pteuhwfphe-con03a,first stage,1.0,1.0,1.0
arguana,test-education-pteuhwfphe-con03a,cross-encoder,1.0,1.0,1.0
arguana,test-education-pteuhwfphe-con03a,Jev V1,1.0,1.0,1.0
arguana,test-education-pteuhwfphe-con03a,Jev V2,1.0,1.0,1.0
arguana,test-education-pteuhwfphe-con03a,Jev V3,1.0,1.0,1.0
arguana,test-education-pteuhwfphe-con03a,base (MaxSim@10),1.0,,
arguana,test-education-pteuhwfphe-con01a,first stage,0.2890648263178879,0.1,1.0
arguana,test-education-pteuhwfphe-con01a,cross-encoder,0.43067655807339306,0.25,1.0
arguana,test-education-pteuhwfphe-con01a,Jev V1,1.0,1.0,1.0
arguana,test-education-pteuhwfphe-con01a,Jev V2,0.6309297535714575,0.5,1.0
arguana,test-education-pteuhwfphe-con01a,Jev V3,1.0,1.0,1.0
arguana,test-education-pteuhwfphe-con01a,base (MaxSim@10),0.3333333333333333,,
arguana,test-education-pstrgsehwt-pro02a,first stage,1.0,1.0,1.0
arguana,test-education-pstrgsehwt-pro02a,cross-encoder,1.0,1.0,1.0
arguana,test-education-pstrgsehwt-pro02a,Jev V1,0.38685280723454163,0.2,1.0
arguana,test-education-pstrgsehwt-pro02a,Jev V2,0.31546487678572877,0.125,1.0
arguana,test-education-pstrgsehwt-pro02a,Jev V3,0.6309297535714575,0.5,1.0
arguana,test-education-pstrgsehwt-pro02a,base (MaxSim@10),1.0,,
arguana,test-education-pstrgsehwt-pro05a,first stage,1.0,1.0,1.0
arguana,test-education-pstrgsehwt-pro05a,cross-encoder,0.6309297535714575,0.5,1.0
arguana,test-education-pstrgsehwt-pro05a,Jev V1,1.0,1.0,1.0
arguana,test-education-pstrgsehwt-pro05a,Jev V2,0.43067655807339306,0.25,1.0
arguana,test-education-pstrgsehwt-pro05a,Jev V3,1.0,1.0,1.0
arguana,test-education-pstrgsehwt-pro05a,base (MaxSim@10),0.6309297535714575,,
arguana,test-education-pstrgsehwt-pro01a,first stage,0.38685280723454163,0.2,1.0
arguana,test-education-pstrgsehwt-pro01a,cross-encoder,1.0,1.0,1.0
arguana,test-education-pstrgsehwt-pro01a,Jev V1,1.0,1.0,1.0
arguana,test-education-pstrgsehwt-pro01a,Jev V2,1.0,1.0,1.0
arguana,test-education-pstrgsehwt-pro01a,Jev V3,1.0,1.0,1.0
arguana,test-education-pstrgsehwt-pro01a,base (MaxSim@10),0.6309297535714575,,
arguana,test-education-pstrgsehwt-pro03a,first stage,0.6309297535714575,0.5,1.0
arguana,test-education-pstrgsehwt-pro03a,cross-encoder,1.0,1.0,1.0
arguana,test-education-pstrgsehwt-pro03a,Jev V1,0.6309297535714575,0.5,1.0
arguana,test-education-pstrgsehwt-pro03a,Jev V2,1.0,1.0,1.0
arguana,test-education-pstrgsehwt-pro03a,Jev V3,1.0,1.0,1.0
arguana,test-education-pstrgsehwt-pro03a,base (MaxSim@10),0.6309297535714575,,
arguana,test-education-pstrgsehwt-pro04a,first stage,0.38685280723454163,0.2,1.0
arguana,test-education-pstrgsehwt-pro04a,cross-encoder,1.0,1.0,1.0
arguana,test-education-pstrgsehwt-pro04a,Jev V1,0.5,0.3333333333333333,1.0
arguana,test-education-pstrgsehwt-pro04a,Jev V2,0.3562071871080222,0.16666666666666666,1.0
arguana,test-education-pstrgsehwt-pro04a,Jev V3,0.3562071871080222,0.16666666666666666,1.0
arguana,test-education-pstrgsehwt-pro04a,base (MaxSim@10),0.430676558073393,,
arguana,test-education-pstrgsehwt-con02a,first stage,0.38685280723454163,0.2,1.0
arguana,test-education-pstrgsehwt-con02a,cross-encoder,1.0,1.0,1.0
arguana,test-education-pstrgsehwt-con02a,Jev V1,0.3010299956639812,0.1111111111111111,1.0
arguana,test-education-pstrgsehwt-con02a,Jev V2,0.6309297535714575,0.5,1.0
arguana,test-education-pstrgsehwt-con02a,Jev V3,0.6309297535714575,0.5,1.0
arguana,test-education-pstrgsehwt-con02a,base (MaxSim@10),0.3562071871080222,,
arguana,test-education-pstrgsehwt-con04a,first stage,0.3333333333333333,0.14285714285714285,1.0
arguana,test-education-pstrgsehwt-con04a,cross-encoder,1.0,1.0,1.0
arguana,test-education-pstrgsehwt-con04a,Jev V1,0.31546487678572877,0.125,1.0
arguana,test-education-pstrgsehwt-con04a,Jev V2,0.3010299956639812,0.1111111111111111,1.0
arguana,test-education-pstrgsehwt-con04a,Jev V3,0.5,0.3333333333333333,1.0
arguana,test-education-pstrgsehwt-con04a,base (MaxSim@10),0.3333333333333333,,
arguana,test-education-pstrgsehwt-con03a,first stage,0.31546487678572877,0.125,1.0
arguana,test-education-pstrgsehwt-con03a,cross-encoder,1.0,1.0,1.0
arguana,test-education-pstrgsehwt-con03a,Jev V1,0.3562071871080222,0.16666666666666666,1.0
arguana,test-education-pstrgsehwt-con03a,Jev V2,0.3010299956639812,0.1111111111111111,1.0
arguana,test-education-pstrgsehwt-con03a,Jev V3,0.3333333333333333,0.14285714285714285,1.0
arguana,test-education-pstrgsehwt-con03a,base (MaxSim@10),0.2890648263178879,,
arguana,test-education-pstrgsehwt-con01a,first stage,0.3333333333333333,0.14285714285714285,1.0
arguana,test-education-pstrgsehwt-con01a,cross-encoder,0.6309297535714575,0.5,1.0
arguana,test-education-pstrgsehwt-con01a,Jev V1,0.3333333333333333,0.14285714285714285,1.0
arguana,test-education-pstrgsehwt-con01a,Jev V2,0.5,0.3333333333333333,1.0
arguana,test-education-pstrgsehwt-con01a,Jev V3,0.6309297535714575,0.5,1.0
arguana,test-education-pstrgsehwt-con01a,base (MaxSim@10),0.3010299956639812,,
arguana,test-education-xeegshwfeu-pro02a,first stage,0.0,0.0,0.0
arguana,test-education-xeegshwfeu-pro02a,cross-encoder,0.0,0.0,0.0
arguana,test-education-xeegshwfeu-pro02a,Jev V1,0.0,0.0,0.0
arguana,test-education-xeegshwfeu-pro02a,Jev V2,0.0,0.0,0.0
arguana,test-education-xeegshwfeu-pro02a,Jev V3,0.0,0.0,0.0
arguana,test-education-xeegshwfeu-pro02a,base (MaxSim@10),0.0,,
arguana,test-education-xeegshwfeu-pro01a,first stage,0.6309297535714575,0.5,1.0
arguana,test-education-xeegshwfeu-pro01a,cross-encoder,1.0,1.0,1.0
arguana,test-education-xeegshwfeu-pro01a,Jev V1,0.6309297535714575,0.5,1.0
arguana,test-education-xeegshwfeu-pro01a,Jev V2,0.5,0.3333333333333333,1.0
arguana,test-education-xeegshwfeu-pro01a,Jev V3,0.5,0.3333333333333333,1.0
arguana,test-education-xeegshwfeu-pro01a,base (MaxSim@10),0.430676558073393,,
arguana,test-education-xeegshwfeu-pro03a,first stage,0.0,0.0,0.0
arguana,test-education-xeegshwfeu-pro03a,cross-encoder,0.0,0.0,0.0
arguana,test-education-xeegshwfeu-pro03a,Jev V1,0.0,0.0,0.0
arguana,test-education-xeegshwfeu-pro03a,Jev V2,0.0,0.0,0.0
arguana,test-education-xeegshwfeu-pro03a,Jev V3,0.0,0.0,0.0
arguana,test-education-xeegshwfeu-pro03a,base (MaxSim@10),0.0,,
arguana,test-education-xeegshwfeu-con02a,first stage,1.0,1.0,1.0
arguana,test-education-xeegshwfeu-con02a,cross-encoder,0.43067655807339306,0.25,1.0
arguana,test-education-xeegshwfeu-con02a,Jev V1,0.38685280723454163,0.2,1.0
arguana,test-education-xeegshwfeu-con02a,Jev V2,0.6309297535714575,0.5,1.0
arguana,test-education-xeegshwfeu-con02a,Jev V3,0.6309297535714575,0.5,1.0
arguana,test-education-xeegshwfeu-con02a,base (MaxSim@10),0.5,,
arguana,test-education-xeegshwfeu-con03a,first stage,0.3562071871080222,0.16666666666666666,1.0
arguana,test-education-xeegshwfeu-con03a,cross-encoder,0.6309297535714575,0.5,1.0
arguana,test-education-xeegshwfeu-con03a,Jev V1,1.0,1.0,1.0
arguana,test-education-xeegshwfeu-con03a,Jev V2,0.6309297535714575,0.5,1.0
arguana,test-education-xeegshwfeu-con03a,Jev V3,1.0,1.0,1.0
arguana,test-education-xeegshwfeu-con03a,base (MaxSim@10),0.3333333333333333,,
arguana,test-education-xeegshwfeu-con01a,first stage,0.3333333333333333,0.14285714285714285,1.0
arguana,test-education-xeegshwfeu-con01a,cross-encoder,1.0,1.0,1.0
arguana,test-education-xeegshwfeu-con01a,Jev V1,0.38685280723454163,0.2,1.0
arguana,test-education-xeegshwfeu-con01a,Jev V2,0.5,0.3333333333333333,1.0
arguana,test-education-xeegshwfeu-con01a,Jev V3,0.43067655807339306,0.25,1.0
arguana,test-education-xeegshwfeu-con01a,base (MaxSim@10),0.3562071871080222,,
arguana,test-education-udfakusma-pro02a,first stage,0.0,0.0,0.0
arguana,test-education-udfakusma-pro02a,cross-encoder,0.0,0.0,0.0
arguana,test-education-udfakusma-pro02a,Jev V1,0.0,0.0,0.0
arguana,test-education-udfakusma-pro02a,Jev V2,0.0,0.0,0.0
arguana,test-education-udfakusma-pro02a,Jev V3,0.0,0.0,0.0
arguana,test-education-udfakusma-pro02a,base (MaxSim@10),0.0,,
arguana,test-education-udfakusma-pro01a,first stage,0.0,0.0,0.0
arguana,test-education-udfakusma-pro01a,cross-encoder,0.3562071871080222,0.16666666666666666,1.0
arguana,test-education-udfakusma-pro01a,Jev V1,0.5,0.3333333333333333,1.0
arguana,test-education-udfakusma-pro01a,Jev V2,0.6309297535714575,0.5,1.0
arguana,test-education-udfakusma-pro01a,Jev V3,0.5,0.3333333333333333,1.0
arguana,test-education-udfakusma-pro01a,base (MaxSim@10),0.0,,
arguana,test-education-udfakusma-pro03a,first stage,1.0,1.0,1.0
arguana,test-education-udfakusma-pro03a,cross-encoder,1.0,1.0,1.0
arguana,test-education-udfakusma-pro03a,Jev V1,1.0,1.0,1.0
arguana,test-education-udfakusma-pro03a,Jev V2,1.0,1.0,1.0
arguana,test-education-udfakusma-pro03a,Jev V3,1.0,1.0,1.0
arguana,test-education-udfakusma-pro03a,base (MaxSim@10),1.0,,
arguana,test-education-udfakusma-pro04a,first stage,1.0,1.0,1.0
arguana,test-education-udfakusma-pro04a,cross-encoder,1.0,1.0,1.0
arguana,test-education-udfakusma-pro04a,Jev V1,1.0,1.0,1.0
arguana,test-education-udfakusma-pro04a,Jev V2,0.5,0.3333333333333333,1.0
arguana,test-education-udfakusma-pro04a,Jev V3,1.0,1.0,1.0
arguana,test-education-udfakusma-pro04a,base (MaxSim@10),1.0,,
arguana,test-education-udfakusma-con02a,first stage,0.5,0.3333333333333333,1.0
arguana,test-education-udfakusma-con02a,cross-encoder,0.43067655807339306,0.25,1.0
arguana,test-education-udfakusma-con02a,Jev V1,0.6309297535714575,0.5,1.0
arguana,test-education-udfakusma-con02a,Jev V2,0.3333333333333333,0.14285714285714285,1.0
arguana,test-education-udfakusma-con02a,Jev V3,0.31546487678572877,0.125,1.0
arguana,test-education-udfakusma-con02a,base (MaxSim@10),0.6309297535714575,,
arguana,test-education-udfakusma-con04a,first stage,0.6309297535714575,0.5,1.0
arguana,test-education-udfakusma-con04a,cross-encoder,1.0,1.0,1.0
arguana,test-education-udfakusma-con04a,Jev V1,1.0,1.0,1.0
arguana,test-education-udfakusma-con04a,Jev V2,1.0,1.0,1.0
arguana,test-education-udfakusma-con04a,Jev V3,1.0,1.0,1.0
arguana,test-education-udfakusma-con04a,base (MaxSim@10),0.6309297535714575,,
arguana,test-education-udfakusma-con03a,first stage,1.0,1.0,1.0
arguana,test-education-udfakusma-con03a,cross-encoder,0.3562071871080222,0.16666666666666666,1.0
arguana,test-education-udfakusma-con03a,Jev V1,1.0,1.0,1.0
arguana,test-education-udfakusma-con03a,Jev V2,1.0,1.0,1.0
arguana,test-education-udfakusma-con03a,Jev V3,1.0,1.0,1.0
arguana,test-education-udfakusma-con03a,base (MaxSim@10),1.0,,
arguana,test-education-udfakusma-con01a,first stage,1.0,1.0,1.0
arguana,test-education-udfakusma-con01a,cross-encoder,0.3562071871080222,0.16666666666666666,1.0
arguana,test-education-udfakusma-con01a,Jev V1,1.0,1.0,1.0
arguana,test-education-udfakusma-con01a,Jev V2,1.0,1.0,1.0
arguana,test-education-udfakusma-con01a,Jev V3,1.0,1.0,1.0
arguana,test-education-udfakusma-con01a,base (MaxSim@10),1.0,,
arguana,test-education-tuhwastua-pro02a,first stage,1.0,1.0,1.0
arguana,test-education-tuhwastua-pro02a,cross-encoder,1.0,1.0,1.0
arguana,test-education-tuhwastua-pro02a,Jev V1,0.43067655807339306,0.25,1.0
arguana,test-education-tuhwastua-pro02a,Jev V2,0.38685280723454163,0.2,1.0
arguana,test-education-tuhwastua-pro02a,Jev V3,0.6309297535714575,0.5,1.0
arguana,test-education-tuhwastua-pro02a,base (MaxSim@10),1.0,,
arguana,test-education-tuhwastua-pro05a,first stage,0.31546487678572877,0.125,1.0
arguana,test-education-tuhwastua-pro05a,cross-encoder,1.0,1.0,1.0
arguana,test-education-tuhwastua-pro05a,Jev V1,0.43067655807339306,0.25,1.0
arguana,test-education-tuhwastua-pro05a,Jev V2,0.43067655807339306,0.25,1.0
arguana,test-education-tuhwastua-pro05a,Jev V3,0.6309297535714575,0.5,1.0
arguana,test-education-tuhwastua-pro05a,base (MaxSim@10),0.3154648767857287,,
arguana,test-education-tuhwastua-pro01a,first stage,0.43067655807339306,0.25,1.0
arguana,test-education-tuhwastua-pro01a,cross-encoder,0.5,0.3333333333333333,1.0
arguana,test-education-tuhwastua-pro01a,Jev V1,0.3562071871080222,0.16666666666666666,1.0
arguana,test-education-tuhwastua-pro01a,Jev V2,0.6309297535714575,0.5,1.0
arguana,test-education-tuhwastua-pro01a,Jev V3,0.43067655807339306,0.25,1.0
arguana,test-education-tuhwastua-pro01a,base (MaxSim@10),0.3868528072345416,,
arguana,test-education-tuhwastua-pro03a,first stage,0.5,0.3333333333333333,1.0
arguana,test-education-tuhwastua-pro03a,cross-encoder,0.5,0.3333333333333333,1.0
arguana,test-education-tuhwastua-pro03a,Jev V1,1.0,1.0,1.0
arguana,test-education-tuhwastua-pro03a,Jev V2,0.6309297535714575,0.5,1.0
arguana,test-education-tuhwastua-pro03a,Jev V3,1.0,1.0,1.0
arguana,test-education-tuhwastua-pro03a,base (MaxSim@10),0.6309297535714575,,
arguana,test-education-tuhwastua-pro04a,first stage,0.3333333333333333,0.14285714285714285,1.0
arguana,test-education-tuhwastua-pro04a,cross-encoder,0.5,0.3333333333333333,1.0
arguana,test-education-tuhwastua-pro04a,Jev V1,0.5,0.3333333333333333,1.0
arguana,test-education-tuhwastua-pro04a,Jev V2,0.3562071871080222,0.16666666666666666,1.0
arguana,test-education-tuhwastua-pro04a,Jev V3,0.3562071871080222,0.16666666666666666,1.0
arguana,test-education-tuhwastua-pro04a,base (MaxSim@10),0.3010299956639812,,
arguana,test-education-tuhwastua-con02a,first stage,1.0,1.0,1.0
arguana,test-education-tuhwastua-con02a,cross-encoder,1.0,1.0,1.0
arguana,test-education-tuhwastua-con02a,Jev V1,1.0,1.0,1.0
arguana,test-education-tuhwastua-con02a,Jev V2,0.43067655807339306,0.25,1.0
arguana,test-education-tuhwastua-con02a,Jev V3,1.0,1.0,1.0
arguana,test-education-tuhwastua-con02a,base (MaxSim@10),1.0,,
arguana,test-education-tuhwastua-con01a,first stage,0.31546487678572877,0.125,1.0
arguana,test-education-tuhwastua-con01a,cross-encoder,0.5,0.3333333333333333,1.0
arguana,test-education-tuhwastua-con01a,Jev V1,0.6309297535714575,0.5,1.0
arguana,test-education-tuhwastua-con01a,Jev V2,1.0,1.0,1.0
arguana,test-education-tuhwastua-con01a,Jev V3,0.6309297535714575,0.5,1.0
arguana,test-education-tuhwastua-con01a,base (MaxSim@10),0.3010299956639812,,
arguana,test-education-egscphsrdt-pro02a,first stage,0.6309297535714575,0.5,1.0
arguana,test-education-egscphsrdt-pro02a,cross-encoder,0.5,0.3333333333333333,1.0
arguana,test-education-egscphsrdt-pro02a,Jev V1,1.0,1.0,1.0
arguana,test-education-egscphsrdt-pro02a,Jev V2,1.0,1.0,1.0
arguana,test-education-egscphsrdt-pro02a,Jev V3,1.0,1.0,1.0
arguana,test-education-egscphsrdt-pro02a,base (MaxSim@10),0.6309297535714575,,
arguana,test-education-egscphsrdt-pro01a,first stage,0.5,0.3333333333333333,1.0
arguana,test-education-egscphsrdt-pro01a,cross-encoder,0.3010299956639812,0.1111111111111111,1.0
arguana,test-education-egscphsrdt-pro01a,Jev V1,0.2890648263178879,0.1,1.0
arguana,test-education-egscphsrdt-pro01a,Jev V2,0.43067655807339306,0.25,1.0
arguana,test-education-egscphsrdt-pro01a,Jev V3,0.5,0.3333333333333333,1.0
arguana,test-education-egscphsrdt-pro01a,base (MaxSim@10),0.6309297535714575,,
arguana,test-education-egscphsrdt-pro03a,first stage,0.43067655807339306,0.25,1.0
arguana,test-education-egscphsrdt-pro03a,cross-encoder,1.0,1.0,1.0
arguana,test-education-egscphsrdt-pro03a,Jev V1,1.0,1.0,1.0
arguana,test-education-egscphsrdt-pro03a,Jev V2,1.0,1.0,1.0
arguana,test-education-egscphsrdt-pro03a,Jev V3,1.0,1.0,1.0
arguana,test-education-egscphsrdt-pro03a,base (MaxSim@10),0.6309297535714575,,
arguana,test-education-egscphsrdt-con02a,first stage,0.3562071871080222,0.16666666666666666,1.0
arguana,test-education-egscphsrdt-con02a,cross-encoder,1.0,1.0,1.0
arguana,test-education-egscphsrdt-con02a,Jev V1,1.0,1.0,1.0
arguana,test-education-egscphsrdt-con02a,Jev V2,0.43067655807339306,0.25,1.0
arguana,test-education-egscphsrdt-con02a,Jev V3,0.43067655807339306,0.25,1.0
arguana,test-education-egscphsrdt-con02a,base (MaxSim@10),0.3333333333333333,,
arguana,test-education-egscphsrdt-con03a,first stage,1.0,1.0,1.0
arguana,test-education-egscphsrdt-con03a,cross-encoder,1.0,1.0,1.0
arguana,test-education-egscphsrdt-con03a,Jev V1,1.0,1.0,1.0
arguana,test-education-egscphsrdt-con03a,Jev V2,1.0,1.0,1.0
arguana,test-education-egscphsrdt-con03a,Jev V3,1.0,1.0,1.0
arguana,test-education-egscphsrdt-con03a,base (MaxSim@10),1.0,,
arguana,test-education-egscphsrdt-con01a,first stage,0.43067655807339306,0.25,1.0
arguana,test-education-egscphsrdt-con01a,cross-encoder,1.0,1.0,1.0
arguana,test-education-egscphsrdt-con01a,Jev V1,0.43067655807339306,0.25,1.0
arguana,test-education-egscphsrdt-con01a,Jev V2,0.3562071871080222,0.16666666666666666,1.0
arguana,test-education-egscphsrdt-con01a,Jev V3,0.3562071871080222,0.16666666666666666,1.0
arguana,test-education-egscphsrdt-con01a,base (MaxSim@10),0.5,,
arguana,test-education-pshhghwpba0-pro02a,first stage,0.0,0.0,0.0
arguana,test-education-pshhghwpba0-pro02a,cross-encoder,0.6309297535714575,0.5,1.0
arguana,test-education-pshhghwpba0-pro02a,Jev V1,0.38685280723454163,0.2,1.0
arguana,test-education-pshhghwpba0-pro02a,Jev V2,0.6309297535714575,0.5,1.0
arguana,test-education-pshhghwpba0-pro02a,Jev V3,0.5,0.3333333333333333,1.0
arguana,test-education-pshhghwpba0-pro02a,base (MaxSim@10),0.0,,
arguana,test-education-pshhghwpba0-pro01a,first stage,0.38685280723454163,0.2,1.0
arguana,test-education-pshhghwpba0-pro01a,cross-encoder,1.0,1.0,1.0
arguana,test-education-pshhghwpba0-pro01a,Jev V1,1.0,1.0,1.0
arguana,test-education-pshhghwpba0-pro01a,Jev V2,0.6309297535714575,0.5,1.0
arguana,test-education-pshhghwpba0-pro01a,Jev V3,1.0,1.0,1.0
arguana,test-education-pshhghwpba0-pro01a,base (MaxSim@10),0.3333333333333333,,
arguana,test-education-pshhghwpba0-pro03a,first stage,0.0,0.0,0.0
arguana,test-education-pshhghwpba0-pro03a,cross-encoder,0.0,0.0,0.0
arguana,test-education-pshhghwpba0-pro03a,Jev V1,0.0,0.0,0.0
arguana,test-education-pshhghwpba0-pro03a,Jev V2,0.0,0.0,0.0
arguana,test-education-pshhghwpba0-pro03a,Jev V3,0.0,0.0,0.0
arguana,test-education-pshhghwpba0-pro03a,base (MaxSim@10),0.0,,
arguana,test-education-pshhghwpba0-pro04a,first stage,0.3562071871080222,0.16666666666666666,1.0
arguana,test-education-pshhghwpba0-pro04a,cross-encoder,1.0,1.0,1.0
arguana,test-education-pshhghwpba0-pro04a,Jev V1,1.0,1.0,1.0
arguana,test-education-pshhghwpba0-pro04a,Jev V2,1.0,1.0,1.0
arguana,test-education-pshhghwpba0-pro04a,Jev V3,1.0,1.0,1.0
arguana,test-education-pshhghwpba0-pro04a,base (MaxSim@10),0.3333333333333333,,
arguana,test-education-pshhghwpba0-con02a,first stage,0.38685280723454163,0.2,1.0
arguana,test-education-pshhghwpba0-con02a,cross-encoder,1.0,1.0,1.0
arguana,test-education-pshhghwpba0-con02a,Jev V1,1.0,1.0,1.0
arguana,test-education-pshhghwpba0-con02a,Jev V2,0.5,0.3333333333333333,1.0
arguana,test-education-pshhghwpba0-con02a,Jev V3,1.0,1.0,1.0
arguana,test-education-pshhghwpba0-con02a,base (MaxSim@10),0.3868528072345416,,
arguana,test-education-pshhghwpba0-con04a,first stage,1.0,1.0,1.0
arguana,test-education-pshhghwpba0-con04a,cross-encoder,1.0,1.0,1.0
arguana,test-education-pshhghwpba0-con04a,Jev V1,1.0,1.0,1.0
arguana,test-education-pshhghwpba0-con04a,Jev V2,0.5,0.3333333333333333,1.0
arguana,test-education-pshhghwpba0-con04a,Jev V3,1.0,1.0,1.0
arguana,test-education-pshhghwpba0-con04a,base (MaxSim@10),1.0,,
arguana,test-education-pshhghwpba0-con03a,first stage,0.0,0.0,0.0
arguana,test-education-pshhghwpba0-con03a,cross-encoder,0.3333333333333333,0.14285714285714285,1.0
arguana,test-education-pshhghwpba0-con03a,Jev V1,0.5,0.3333333333333333,1.0
arguana,test-education-pshhghwpba0-con03a,Jev V2,1.0,1.0,1.0
arguana,test-education-pshhghwpba0-con03a,Jev V3,1.0,1.0,1.0
arguana,test-education-pshhghwpba0-con03a,base (MaxSim@10),0.0,,
arguana,test-education-pshhghwpba0-con01a,first stage,0.6309297535714575,0.5,1.0
arguana,test-education-pshhghwpba0-con01a,cross-encoder,1.0,1.0,1.0
arguana,test-education-pshhghwpba0-con01a,Jev V1,0.43067655807339306,0.25,1.0
arguana,test-education-pshhghwpba0-con01a,Jev V2,1.0,1.0,1.0
arguana,test-education-pshhghwpba0-con01a,Jev V3,1.0,1.0,1.0
arguana,test-education-pshhghwpba0-con01a,base (MaxSim@10),1.0,,
arguana,test-politics-nlpdwhbusbuc-pro02a,first stage,1.0,1.0,1.0
arguana,test-politics-nlpdwhbusbuc-pro02a,cross-encoder,1.0,1.0,1.0
arguana,test-politics-nlpdwhbusbuc-pro02a,Jev V1,1.0,1.0,1.0
arguana,test-politics-nlpdwhbusbuc-pro02a,Jev V2,1.0,1.0,1.0
arguana,test-politics-nlpdwhbusbuc-pro02a,Jev V3,1.0,1.0,1.0
arguana,test-politics-nlpdwhbusbuc-pro02a,base (MaxSim@10),1.0,,
arguana,test-politics-nlpdwhbusbuc-pro01a,first stage,1.0,1.0,1.0
arguana,test-politics-nlpdwhbusbuc-pro01a,cross-encoder,0.5,0.3333333333333333,1.0
arguana,test-politics-nlpdwhbusbuc-pro01a,Jev V1,0.5,0.3333333333333333,1.0
arguana,test-politics-nlpdwhbusbuc-pro01a,Jev V2,0.5,0.3333333333333333,1.0
arguana,test-politics-nlpdwhbusbuc-pro01a,Jev V3,1.0,1.0,1.0
arguana,test-politics-nlpdwhbusbuc-pro01a,base (MaxSim@10),1.0,,
arguana,test-politics-nlpdwhbusbuc-pro03a,first stage,0.6309297535714575,0.5,1.0
arguana,test-politics-nlpdwhbusbuc-pro03a,cross-encoder,1.0,1.0,1.0
arguana,test-politics-nlpdwhbusbuc-pro03a,Jev V1,1.0,1.0,1.0
arguana,test-politics-nlpdwhbusbuc-pro03a,Jev V2,1.0,1.0,1.0
arguana,test-politics-nlpdwhbusbuc-pro03a,Jev V3,1.0,1.0,1.0
arguana,test-politics-nlpdwhbusbuc-pro03a,base (MaxSim@10),1.0,,
arguana,test-politics-nlpdwhbusbuc-con02a,first stage,1.0,1.0,1.0
arguana,test-politics-nlpdwhbusbuc-con02a,cross-encoder,1.0,1.0,1.0
arguana,test-politics-nlpdwhbusbuc-con02a,Jev V1,1.0,1.0,1.0
arguana,test-politics-nlpdwhbusbuc-con02a,Jev V2,1.0,1.0,1.0
arguana,test-politics-nlpdwhbusbuc-con02a,Jev V3,1.0,1.0,1.0
arguana,test-politics-nlpdwhbusbuc-con02a,base (MaxSim@10),1.0,,
arguana,test-politics-nlpdwhbusbuc-con03a,first stage,0.2890648263178879,0.1,1.0
arguana,test-politics-nlpdwhbusbuc-con03a,cross-encoder,1.0,1.0,1.0
arguana,test-politics-nlpdwhbusbuc-con03a,Jev V1,0.6309297535714575,0.5,1.0
arguana,test-politics-nlpdwhbusbuc-con03a,Jev V2,0.38685280723454163,0.2,1.0
arguana,test-politics-nlpdwhbusbuc-con03a,Jev V3,0.6309297535714575,0.5,1.0
arguana,test-politics-nlpdwhbusbuc-con03a,base (MaxSim@10),0.2890648263178879,,
arguana,test-politics-nlpdwhbusbuc-con01a,first stage,0.6309297535714575,0.5,1.0
arguana,test-politics-nlpdwhbusbuc-con01a,cross-encoder,0.5,0.3333333333333333,1.0
arguana,test-politics-nlpdwhbusbuc-con01a,Jev V1,0.6309297535714575,0.5,1.0
arguana,test-politics-nlpdwhbusbuc-con01a,Jev V2,1.0,1.0,1.0
arguana,test-politics-nlpdwhbusbuc-con01a,Jev V3,1.0,1.0,1.0
arguana,test-politics-nlpdwhbusbuc-con01a,base (MaxSim@10),0.6309297535714575,,
arguana,test-politics-oepghbrnsl-pro02a,first stage,0.31546487678572877,0.125,1.0
arguana,test-politics-oepghbrnsl-pro02a,cross-encoder,0.3333333333333333,0.14285714285714285,1.0
arguana,test-politics-oepghbrnsl-pro02a,Jev V1,0.3562071871080222,0.16666666666666666,1.0
arguana,test-politics-oepghbrnsl-pro02a,Jev V2,0.43067655807339306,0.25,1.0
arguana,test-politics-oepghbrnsl-pro02a,Jev V3,0.5,0.3333333333333333,1.0
arguana,test-politics-oepghbrnsl-pro02a,base (MaxSim@10),0.3868528072345416,,
arguana,test-politics-oepghbrnsl-pro01a,first stage,1.0,1.0,1.0
arguana,test-politics-oepghbrnsl-pro01a,cross-encoder,1.0,1.0,1.0
arguana,test-politics-oepghbrnsl-pro01a,Jev V1,1.0,1.0,1.0
arguana,test-politics-oepghbrnsl-pro01a,Jev V2,0.6309297535714575,0.5,1.0
arguana,test-politics-oepghbrnsl-pro01a,Jev V3,1.0,1.0,1.0
arguana,test-politics-oepghbrnsl-pro01a,base (MaxSim@10),1.0,,
arguana,test-politics-oepghbrnsl-pro03a,first stage,0.6309297535714575,0.5,1.0
arguana,test-politics-oepghbrnsl-pro03a,cross-encoder,0.6309297535714575,0.5,1.0
arguana,test-politics-oepghbrnsl-pro03a,Jev V1,1.0,1.0,1.0
arguana,test-politics-oepghbrnsl-pro03a,Jev V2,0.6309297535714575,0.5,1.0
arguana,test-politics-oepghbrnsl-pro03a,Jev V3,1.0,1.0,1.0
arguana,test-politics-oepghbrnsl-pro03a,base (MaxSim@10),0.3333333333333333,,
arguana,test-politics-oepghbrnsl-pro04a,first stage,1.0,1.0,1.0
arguana,test-politics-oepghbrnsl-pro04a,cross-encoder,1.0,1.0,1.0
arguana,test-politics-oepghbrnsl-pro04a,Jev V1,1.0,1.0,1.0
arguana,test-politics-oepghbrnsl-pro04a,Jev V2,1.0,1.0,1.0
arguana,test-politics-oepghbrnsl-pro04a,Jev V3,1.0,1.0,1.0
arguana,test-politics-oepghbrnsl-pro04a,base (MaxSim@10),0.6309297535714575,,
arguana,test-politics-oepghbrnsl-con02a,first stage,1.0,1.0,1.0
arguana,test-politics-oepghbrnsl-con02a,cross-encoder,1.0,1.0,1.0
arguana,test-politics-oepghbrnsl-con02a,Jev V1,1.0,1.0,1.0
arguana,test-politics-oepghbrnsl-con02a,Jev V2,0.6309297535714575,0.5,1.0
arguana,test-politics-oepghbrnsl-con02a,Jev V3,1.0,1.0,1.0
arguana,test-politics-oepghbrnsl-con02a,base (MaxSim@10),1.0,,
arguana,test-politics-oepghbrnsl-con04a,first stage,1.0,1.0,1.0
arguana,test-politics-oepghbrnsl-con04a,cross-encoder,1.0,1.0,1.0
arguana,test-politics-oepghbrnsl-con04a,Jev V1,0.5,0.3333333333333333,1.0
arguana,test-politics-oepghbrnsl-con04a,Jev V2,0.3562071871080222,0.16666666666666666,1.0
arguana,test-politics-oepghbrnsl-con04a,Jev V3,0.5,0.3333333333333333,1.0
arguana,test-politics-oepghbrnsl-con04a,base (MaxSim@10),1.0,,
arguana,test-politics-oepghbrnsl-con03a,first stage,0.5,0.3333333333333333,1.0
arguana,test-politics-oepghbrnsl-con03a,cross-encoder,0.5,0.3333333333333333,1.0
arguana,test-politics-oepghbrnsl-con03a,Jev V1,1.0,1.0,1.0
arguana,test-politics-oepghbrnsl-con03a,Jev V2,1.0,1.0,1.0
arguana,test-politics-oepghbrnsl-con03a,Jev V3,1.0,1.0,1.0
arguana,test-politics-oepghbrnsl-con03a,base (MaxSim@10),1.0,,
arguana,test-politics-oepghbrnsl-con01a,first stage,1.0,1.0,1.0
arguana,test-politics-oepghbrnsl-con01a,cross-encoder,0.6309297535714575,0.5,1.0
arguana,test-politics-oepghbrnsl-con01a,Jev V1,0.3562071871080222,0.16666666666666666,1.0
arguana,test-politics-oepghbrnsl-con01a,Jev V2,0.3562071871080222,0.16666666666666666,1.0
arguana,test-politics-oepghbrnsl-con01a,Jev V3,1.0,1.0,1.0
arguana,test-politics-oepghbrnsl-con01a,base (MaxSim@10),1.0,,
arguana,test-politics-oeplhbuwhmi-pro02a,first stage,0.31546487678572877,0.125,1.0
arguana,test-politics-oeplhbuwhmi-pro02a,cross-encoder,1.0,1.0,1.0
arguana,test-politics-oeplhbuwhmi-pro02a,Jev V1,1.0,1.0,1.0
arguana,test-politics-oeplhbuwhmi-pro02a,Jev V2,1.0,1.0,1.0
arguana,test-politics-oeplhbuwhmi-pro02a,Jev V3,1.0,1.0,1.0
arguana,test-politics-oeplhbuwhmi-pro02a,base (MaxSim@10),0.3868528072345416,,
arguana,test-politics-oeplhbuwhmi-pro01a,first stage,1.0,1.0,1.0
arguana,test-politics-oeplhbuwhmi-pro01a,cross-encoder,1.0,1.0,1.0
arguana,test-politics-oeplhbuwhmi-pro01a,Jev V1,1.0,1.0,1.0
arguana,test-politics-oeplhbuwhmi-pro01a,Jev V2,0.43067655807339306,0.25,1.0
arguana,test-politics-oeplhbuwhmi-pro01a,Jev V3,1.0,1.0,1.0
arguana,test-politics-oeplhbuwhmi-pro01a,base (MaxSim@10),1.0,,
arguana,test-politics-oeplhbuwhmi-pro03a,first stage,0.2890648263178879,0.1,1.0
arguana,test-politics-oeplhbuwhmi-pro03a,cross-encoder,0.6309297535714575,0.5,1.0
arguana,test-politics-oeplhbuwhmi-pro03a,Jev V1,1.0,1.0,1.0
arguana,test-politics-oeplhbuwhmi-pro03a,Jev V2,1.0,1.0,1.0
arguana,test-politics-oeplhbuwhmi-pro03a,Jev V3,1.0,1.0,1.0
arguana,test-politics-oeplhbuwhmi-pro03a,base (MaxSim@10),0.6309297535714575,,
arguana,test-politics-oeplhbuwhmi-pro04a,first stage,0.0,0.0,0.0
arguana,test-politics-oeplhbuwhmi-pro04a,cross-encoder,0.0,0.0,0.0
arguana,test-politics-oeplhbuwhmi-pro04a,Jev V1,0.0,0.0,0.0
arguana,test-politics-oeplhbuwhmi-pro04a,Jev V2,0.0,0.0,0.0
arguana,test-politics-oeplhbuwhmi-pro04a,Jev V3,0.0,0.0,0.0
arguana,test-politics-oeplhbuwhmi-pro04a,base (MaxSim@10),0.0,,
arguana,test-politics-oeplhbuwhmi-con02a,first stage,0.5,0.3333333333333333,1.0
arguana,test-politics-oeplhbuwhmi-con02a,cross-encoder,1.0,1.0,1.0
arguana,test-politics-oeplhbuwhmi-con02a,Jev V1,0.5,0.3333333333333333,1.0
arguana,test-politics-oeplhbuwhmi-con02a,Jev V2,0.43067655807339306,0.25,1.0
arguana,test-politics-oeplhbuwhmi-con02a,Jev V3,1.0,1.0,1.0
arguana,test-politics-oeplhbuwhmi-con02a,base (MaxSim@10),0.6309297535714575,,
arguana,test-politics-oeplhbuwhmi-con04a,first stage,0.38685280723454163,0.2,1.0
arguana,test-politics-oeplhbuwhmi-con04a,cross-encoder,0.6309297535714575,0.5,1.0
arguana,test-politics-oeplhbuwhmi-con04a,Jev V1,0.6309297535714575,0.5,1.0
arguana,test-politics-oeplhbuwhmi-con04a,Jev V2,0.38685280723454163,0.2,1.0
arguana,test-politics-oeplhbuwhmi-con04a,Jev V3,0.43067655807339306,0.25,1.0
arguana,test-politics-oeplhbuwhmi-con04a,base (MaxSim@10),0.2890648263178879,,
arguana,test-politics-oeplhbuwhmi-con03a,first stage,1.0,1.0,1.0
arguana,test-politics-oeplhbuwhmi-con03a,cross-encoder,1.0,1.0,1.0
arguana,test-politics-oeplhbuwhmi-con03a,Jev V1,1.0,1.0,1.0
arguana,test-politics-oeplhbuwhmi-con03a,Jev V2,0.5,0.3333333333333333,1.0
arguana,test-politics-oeplhbuwhmi-con03a,Jev V3,1.0,1.0,1.0
arguana,test-politics-oeplhbuwhmi-con03a,base (MaxSim@10),1.0,,
arguana,test-politics-oeplhbuwhmi-con01a,first stage,0.3562071871080222,0.16666666666666666,1.0
arguana,test-politics-oeplhbuwhmi-con01a,cross-encoder,0.5,0.3333333333333333,1.0
arguana,test-politics-oeplhbuwhmi-con01a,Jev V1,0.43067655807339306,0.25,1.0
arguana,test-politics-oeplhbuwhmi-con01a,Jev V2,1.0,1.0,1.0
arguana,test-politics-oeplhbuwhmi-con01a,Jev V3,1.0,1.0,1.0
arguana,test-politics-oeplhbuwhmi-con01a,base (MaxSim@10),0.3562071871080222,,
arguana,test-politics-oapghwliva-pro01a,first stage,0.0,0.0,0.0
arguana,test-politics-oapghwliva-pro01a,cross-encoder,0.31546487678572877,0.125,1.0
arguana,test-politics-oapghwliva-pro01a,Jev V1,0.5,0.3333333333333333,1.0
arguana,test-politics-oapghwliva-pro01a,Jev V2,0.3010299956639812,0.1111111111111111,1.0
arguana,test-politics-oapghwliva-pro01a,Jev V3,0.0,0.0,0.0
arguana,test-politics-oapghwliva-pro01a,base (MaxSim@10),0.0,,
arguana,test-politics-oapghwliva-con02a,first stage,1.0,1.0,1.0
arguana,test-politics-oapghwliva-con02a,cross-encoder,1.0,1.0,1.0
arguana,test-politics-oapghwliva-con02a,Jev V1,0.5,0.3333333333333333,1.0
arguana,test-politics-oapghwliva-con02a,Jev V2,0.3333333333333333,0.14285714285714285,1.0
arguana,test-politics-oapghwliva-con02a,Jev V3,0.38685280723454163,0.2,1.0
arguana,test-politics-oapghwliva-con02a,base (MaxSim@10),1.0,,
arguana,test-politics-oapghwliva-con03a,first stage,0.5,0.3333333333333333,1.0
arguana,test-politics-oapghwliva-con03a,cross-encoder,0.3562071871080222,0.16666666666666666,1.0
arguana,test-politics-oapghwliva-con03a,Jev V1,0.38685280723454163,0.2,1.0
arguana,test-politics-oapghwliva-con03a,Jev V2,1.0,1.0,1.0
arguana,test-politics-oapghwliva-con03a,Jev V3,1.0,1.0,1.0
arguana,test-politics-oapghwliva-con03a,base (MaxSim@10),1.0,,
arguana,test-politics-oapghwliva-con01a,first stage,1.0,1.0,1.0
arguana,test-politics-oapghwliva-con01a,cross-encoder,1.0,1.0,1.0
arguana,test-politics-oapghwliva-con01a,Jev V1,0.6309297535714575,0.5,1.0
arguana,test-politics-oapghwliva-con01a,Jev V2,1.0,1.0,1.0
arguana,test-politics-oapghwliva-con01a,Jev V3,1.0,1.0,1.0
arguana,test-politics-oapghwliva-con01a,base (MaxSim@10),1.0,,
arguana,test-politics-dhbanhrnw-pro02a,first stage,0.31546487678572877,0.125,1.0
arguana,test-politics-dhbanhrnw-pro02a,cross-encoder,0.6309297535714575,0.5,1.0
arguana,test-politics-dhbanhrnw-pro02a,Jev V1,0.6309297535714575,0.5,1.0
arguana,test-politics-dhbanhrnw-pro02a,Jev V2,0.3333333333333333,0.14285714285714285,1.0
arguana,test-politics-dhbanhrnw-pro02a,Jev V3,0.6309297535714575,0.5,1.0
arguana,test-politics-dhbanhrnw-pro02a,base (MaxSim@10),0.430676558073393,,
arguana,test-politics-dhbanhrnw-pro05a,first stage,0.0,0.0,0.0
arguana,test-politics-dhbanhrnw-pro05a,cross-encoder,1.0,1.0,1.0
arguana,test-politics-dhbanhrnw-pro05a,Jev V1,1.0,1.0,1.0
arguana,test-politics-dhbanhrnw-pro05a,Jev V2,0.43067655807339306,0.25,1.0
arguana,test-politics-dhbanhrnw-pro05a,Jev V3,1.0,1.0,1.0
arguana,test-politics-dhbanhrnw-pro05a,base (MaxSim@10),0.0,,
arguana,test-politics-dhbanhrnw-pro01a,first stage,0.6309297535714575,0.5,1.0
arguana,test-politics-dhbanhrnw-pro01a,cross-encoder,0.6309297535714575,0.5,1.0
arguana,test-politics-dhbanhrnw-pro01a,Jev V1,1.0,1.0,1.0
arguana,test-politics-dhbanhrnw-pro01a,Jev V2,1.0,1.0,1.0
arguana,test-politics-dhbanhrnw-pro01a,Jev V3,1.0,1.0,1.0
arguana,test-politics-dhbanhrnw-pro01a,base (MaxSim@10),0.6309297535714575,,
arguana,test-politics-dhbanhrnw-pro03a,first stage,0.3010299956639812,0.1111111111111111,1.0
arguana,test-politics-dhbanhrnw-pro03a,cross-encoder,0.6309297535714575,0.5,1.0
arguana,test-politics-dhbanhrnw-pro03a,Jev V1,0.6309297535714575,0.5,1.0
arguana,test-politics-dhbanhrnw-pro03a,Jev V2,0.3333333333333333,0.14285714285714285,1.0
arguana,test-politics-dhbanhrnw-pro03a,Jev V3,0.2890648263178879,0.1,1.0
arguana,test-politics-dhbanhrnw-pro03a,base (MaxSim@10),0.3868528072345416,,
arguana,test-politics-dhbanhrnw-pro04a,first stage,0.43067655807339306,0.25,1.0
arguana,test-politics-dhbanhrnw-pro04a,cross-encoder,0.5,0.3333333333333333,1.0
arguana,test-politics-dhbanhrnw-pro04a,Jev V1,0.5,0.3333333333333333,1.0
arguana,test-politics-dhbanhrnw-pro04a,Jev V2,1.0,1.0,1.0
arguana,test-politics-dhbanhrnw-pro04a,Jev V3,1.0,1.0,1.0
arguana,test-politics-dhbanhrnw-pro04a,base (MaxSim@10),0.430676558073393,,
arguana,test-politics-dhbanhrnw-con02a,first stage,0.0,0.0,0.0
arguana,test-politics-dhbanhrnw-con02a,cross-encoder,0.0,0.0,0.0
arguana,test-politics-dhbanhrnw-con02a,Jev V1,0.0,0.0,0.0
arguana,test-politics-dhbanhrnw-con02a,Jev V2,0.0,0.0,0.0
arguana,test-politics-dhbanhrnw-con02a,Jev V3,0.0,0.0,0.0
arguana,test-politics-dhbanhrnw-con02a,base (MaxSim@10),0.0,,
arguana,test-politics-dhbanhrnw-con05a,first stage,1.0,1.0,1.0
arguana,test-politics-dhbanhrnw-con05a,cross-encoder,1.0,1.0,1.0
arguana,test-politics-dhbanhrnw-con05a,Jev V1,1.0,1.0,1.0
arguana,test-politics-dhbanhrnw-con05a,Jev V2,0.3562071871080222,0.16666666666666666,1.0
arguana,test-politics-dhbanhrnw-con05a,Jev V3,1.0,1.0,1.0
arguana,test-politics-dhbanhrnw-con05a,base (MaxSim@10),1.0,,
arguana,test-politics-dhbanhrnw-con04a,first stage,0.43067655807339306,0.25,1.0
arguana,test-politics-dhbanhrnw-con04a,cross-encoder,1.0,1.0,1.0
arguana,test-politics-dhbanhrnw-con04a,Jev V1,1.0,1.0,1.0
arguana,test-politics-dhbanhrnw-con04a,Jev V2,0.38685280723454163,0.2,1.0
arguana,test-politics-dhbanhrnw-con04a,Jev V3,0.3333333333333333,0.14285714285714285,1.0
arguana,test-politics-dhbanhrnw-con04a,base (MaxSim@10),0.3562071871080222,,
arguana,test-politics-dhbanhrnw-con03a,first stage,1.0,1.0,1.0
arguana,test-politics-dhbanhrnw-con03a,cross-encoder,0.6309297535714575,0.5,1.0
arguana,test-politics-dhbanhrnw-con03a,Jev V1,0.6309297535714575,0.5,1.0
arguana,test-politics-dhbanhrnw-con03a,Jev V2,1.0,1.0,1.0
arguana,test-politics-dhbanhrnw-con03a,Jev V3,1.0,1.0,1.0
arguana,test-politics-dhbanhrnw-con03a,base (MaxSim@10),1.0,,
arguana,test-politics-dhbanhrnw-con01a,first stage,0.0,0.0,0.0
arguana,test-politics-dhbanhrnw-con01a,cross-encoder,0.43067655807339306,0.25,1.0
arguana,test-politics-dhbanhrnw-con01a,Jev V1,0.0,0.0,0.0
arguana,test-politics-dhbanhrnw-con01a,Jev V2,0.43067655807339306,0.25,1.0
arguana,test-politics-dhbanhrnw-con01a,Jev V3,0.3562071871080222,0.16666666666666666,1.0
arguana,test-politics-dhbanhrnw-con01a,base (MaxSim@10),0.0,,
arguana,test-politics-cdfsaphgiap-pro02a,first stage,0.38685280723454163,0.2,1.0
arguana,test-politics-cdfsaphgiap-pro02a,cross-encoder,0.6309297535714575,0.5,1.0
arguana,test-politics-cdfsaphgiap-pro02a,Jev V1,0.31546487678572877,0.125,1.0
arguana,test-politics-cdfsaphgiap-pro02a,Jev V2,0.6309297535714575,0.5,1.0
arguana,test-politics-cdfsaphgiap-pro02a,Jev V3,0.43067655807339306,0.25,1.0
arguana,test-politics-cdfsaphgiap-pro02a,base (MaxSim@10),0.3333333333333333,,
arguana,test-politics-cdfsaphgiap-pro01a,first stage,0.0,0.0,0.0
arguana,test-politics-cdfsaphgiap-pro01a,cross-encoder,0.0,0.0,0.0
arguana,test-politics-cdfsaphgiap-pro01a,Jev V1,0.0,0.0,0.0
arguana,test-politics-cdfsaphgiap-pro01a,Jev V2,0.0,0.0,0.0
arguana,test-politics-cdfsaphgiap-pro01a,Jev V3,0.0,0.0,0.0
arguana,test-politics-cdfsaphgiap-pro01a,base (MaxSim@10),0.0,,
arguana,test-politics-cdfsaphgiap-pro03a,first stage,0.0,0.0,0.0
arguana,test-politics-cdfsaphgiap-pro03a,cross-encoder,0.0,0.0,0.0
arguana,test-politics-cdfsaphgiap-pro03a,Jev V1,0.0,0.0,0.0
arguana,test-politics-cdfsaphgiap-pro03a,Jev V2,0.0,0.0,0.0
arguana,test-politics-cdfsaphgiap-pro03a,Jev V3,0.0,0.0,0.0
arguana,test-politics-cdfsaphgiap-pro03a,base (MaxSim@10),0.0,,
arguana,test-politics-cdfsaphgiap-pro04a,first stage,0.0,0.0,0.0
arguana,test-politics-cdfsaphgiap-pro04a,cross-encoder,0.0,0.0,0.0
arguana,test-politics-cdfsaphgiap-pro04a,Jev V1,0.0,0.0,0.0
arguana,test-politics-cdfsaphgiap-pro04a,Jev V2,0.0,0.0,0.0
arguana,test-politics-cdfsaphgiap-pro04a,Jev V3,0.0,0.0,0.0
arguana,test-politics-cdfsaphgiap-pro04a,base (MaxSim@10),0.0,,
arguana,test-politics-cdfsaphgiap-con02a,first stage,0.5,0.3333333333333333,1.0
arguana,test-politics-cdfsaphgiap-con02a,cross-encoder,0.6309297535714575,0.5,1.0
arguana,test-politics-cdfsaphgiap-con02a,Jev V1,1.0,1.0,1.0
arguana,test-politics-cdfsaphgiap-con02a,Jev V2,1.0,1.0,1.0
arguana,test-politics-cdfsaphgiap-con02a,Jev V3,0.6309297535714575,0.5,1.0
arguana,test-politics-cdfsaphgiap-con02a,base (MaxSim@10),0.3868528072345416,,
arguana,test-politics-cdfsaphgiap-con04a,first stage,0.5,0.3333333333333333,1.0
arguana,test-politics-cdfsaphgiap-con04a,cross-encoder,0.6309297535714575,0.5,1.0
arguana,test-politics-cdfsaphgiap-con04a,Jev V1,1.0,1.0,1.0
arguana,test-politics-cdfsaphgiap-con04a,Jev V2,0.3333333333333333,0.14285714285714285,1.0
arguana,test-politics-cdfsaphgiap-con04a,Jev V3,0.5,0.3333333333333333,1.0
arguana,test-politics-cdfsaphgiap-con04a,base (MaxSim@10),0.5,,
arguana,test-politics-cdfsaphgiap-con03a,first stage,0.0,0.0,0.0
arguana,test-politics-cdfsaphgiap-con03a,cross-encoder,0.5,0.3333333333333333,1.0
arguana,test-politics-cdfsaphgiap-con03a,Jev V1,0.5,0.3333333333333333,1.0
arguana,test-politics-cdfsaphgiap-con03a,Jev V2,1.0,1.0,1.0
arguana,test-politics-cdfsaphgiap-con03a,Jev V3,0.2890648263178879,0.1,1.0
arguana,test-politics-cdfsaphgiap-con03a,base (MaxSim@10),0.0,,
arguana,test-politics-cdfsaphgiap-con01a,first stage,0.3562071871080222,0.16666666666666666,1.0
arguana,test-politics-cdfsaphgiap-con01a,cross-encoder,1.0,1.0,1.0
arguana,test-politics-cdfsaphgiap-con01a,Jev V1,0.6309297535714575,0.5,1.0
arguana,test-politics-cdfsaphgiap-con01a,Jev V2,0.38685280723454163,0.2,1.0
arguana,test-politics-cdfsaphgiap-con01a,Jev V3,0.43067655807339306,0.25,1.0
arguana,test-politics-cdfsaphgiap-con01a,base (MaxSim@10),0.430676558073393,,
arguana,test-politics-ghbgussbsbt-pro02a,first stage,0.5,0.3333333333333333,1.0
arguana,test-politics-ghbgussbsbt-pro02a,cross-encoder,1.0,1.0,1.0
arguana,test-politics-ghbgussbsbt-pro02a,Jev V1,0.38685280723454163,0.2,1.0
arguana,test-politics-ghbgussbsbt-pro02a,Jev V2,0.38685280723454163,0.2,1.0
arguana,test-politics-ghbgussbsbt-pro02a,Jev V3,1.0,1.0,1.0
arguana,test-politics-ghbgussbsbt-pro02a,base (MaxSim@10),0.3333333333333333,,
arguana,test-politics-ghbgussbsbt-pro01a,first stage,0.43067655807339306,0.25,1.0
arguana,test-politics-ghbgussbsbt-pro01a,cross-encoder,1.0,1.0,1.0
arguana,test-politics-ghbgussbsbt-pro01a,Jev V1,0.3562071871080222,0.16666666666666666,1.0
arguana,test-politics-ghbgussbsbt-pro01a,Jev V2,0.5,0.3333333333333333,1.0
arguana,test-politics-ghbgussbsbt-pro01a,Jev V3,0.31546487678572877,0.125,1.0
arguana,test-politics-ghbgussbsbt-pro01a,base (MaxSim@10),1.0,,
arguana,test-politics-ghbgussbsbt-pro03a,first stage,0.6309297535714575,0.5,1.0
arguana,test-politics-ghbgussbsbt-pro03a,cross-encoder,1.0,1.0,1.0
arguana,test-politics-ghbgussbsbt-pro03a,Jev V1,1.0,1.0,1.0
arguana,test-politics-ghbgussbsbt-pro03a,Jev V2,1.0,1.0,1.0
arguana,test-politics-ghbgussbsbt-pro03a,Jev V3,1.0,1.0,1.0
arguana,test-politics-ghbgussbsbt-pro03a,base (MaxSim@10),0.5,,
arguana,test-politics-ghbgussbsbt-pro04a,first stage,1.0,1.0,1.0
arguana,test-politics-ghbgussbsbt-pro04a,cross-encoder,1.0,1.0,1.0
arguana,test-politics-ghbgussbsbt-pro04a,Jev V1,1.0,1.0,1.0
arguana,test-politics-ghbgussbsbt-pro04a,Jev V2,1.0,1.0,1.0
arguana,test-politics-ghbgussbsbt-pro04a,Jev V3,1.0,1.0,1.0
arguana,test-politics-ghbgussbsbt-pro04a,base (MaxSim@10),1.0,,
arguana,test-politics-ghbgussbsbt-con02a,first stage,0.43067655807339306,0.25,1.0
arguana,test-politics-ghbgussbsbt-con02a,cross-encoder,0.5,0.3333333333333333,1.0
arguana,test-politics-ghbgussbsbt-con02a,Jev V1,1.0,1.0,1.0
arguana,test-politics-ghbgussbsbt-con02a,Jev V2,1.0,1.0,1.0
arguana,test-politics-ghbgussbsbt-con02a,Jev V3,1.0,1.0,1.0
arguana,test-politics-ghbgussbsbt-con02a,base (MaxSim@10),0.5,,
arguana,test-politics-ghbgussbsbt-con04a,first stage,1.0,1.0,1.0
arguana,test-politics-ghbgussbsbt-con04a,cross-encoder,1.0,1.0,1.0
arguana,test-politics-ghbgussbsbt-con04a,Jev V1,1.0,1.0,1.0
arguana,test-politics-ghbgussbsbt-con04a,Jev V2,0.6309297535714575,0.5,1.0
arguana,test-politics-ghbgussbsbt-con04a,Jev V3,1.0,1.0,1.0
arguana,test-politics-ghbgussbsbt-con04a,base (MaxSim@10),1.0,,
arguana,test-politics-ghbgussbsbt-con03a,first stage,0.5,0.3333333333333333,1.0
arguana,test-politics-ghbgussbsbt-con03a,cross-encoder,1.0,1.0,1.0
arguana,test-politics-ghbgussbsbt-con03a,Jev V1,0.3333333333333333,0.14285714285714285,1.0
arguana,test-politics-ghbgussbsbt-con03a,Jev V2,0.6309297535714575,0.5,1.0
arguana,test-politics-ghbgussbsbt-con03a,Jev V3,0.31546487678572877,0.125,1.0
arguana,test-politics-ghbgussbsbt-con03a,base (MaxSim@10),1.0,,
arguana,test-politics-ghbgussbsbt-con01a,first stage,0.5,0.3333333333333333,1.0
arguana,test-politics-ghbgussbsbt-con01a,cross-encoder,0.6309297535714575,0.5,1.0
arguana,test-politics-ghbgussbsbt-con01a,Jev V1,0.6309297535714575,0.5,1.0
arguana,test-politics-ghbgussbsbt-con01a,Jev V2,0.6309297535714575,0.5,1.0
arguana,test-politics-ghbgussbsbt-con01a,Jev V3,0.2890648263178879,0.1,1.0
arguana,test-politics-ghbgussbsbt-con01a,base (MaxSim@10),1.0,,
arguana,test-politics-oapdhwinkp-pro02a,first stage,0.0,0.0,0.0
arguana,test-politics-oapdhwinkp-pro02a,cross-encoder,1.0,1.0,1.0
arguana,test-politics-oapdhwinkp-pro02a,Jev V1,1.0,1.0,1.0
arguana,test-politics-oapdhwinkp-pro02a,Jev V2,1.0,1.0,1.0
arguana,test-politics-oapdhwinkp-pro02a,Jev V3,0.3562071871080222,0.16666666666666666,1.0
arguana,test-politics-oapdhwinkp-pro02a,base (MaxSim@10),0.0,,
arguana,test-politics-oapdhwinkp-pro01a,first stage,0.0,0.0,0.0
arguana,test-politics-oapdhwinkp-pro01a,cross-encoder,0.0,0.0,0.0
arguana,test-politics-oapdhwinkp-pro01a,Jev V1,0.0,0.0,0.0
arguana,test-politics-oapdhwinkp-pro01a,Jev V2,0.0,0.0,0.0
arguana,test-politics-oapdhwinkp-pro01a,Jev V3,0.0,0.0,0.0
arguana,test-politics-oapdhwinkp-pro01a,base (MaxSim@10),0.0,,
arguana,test-politics-oapdhwinkp-pro03a,first stage,1.0,1.0,1.0
arguana,test-politics-oapdhwinkp-pro03a,cross-encoder,0.6309297535714575,0.5,1.0
arguana,test-politics-oapdhwinkp-pro03a,Jev V1,0.31546487678572877,0.125,1.0
arguana,test-politics-oapdhwinkp-pro03a,Jev V2,0.43067655807339306,0.25,1.0
arguana,test-politics-oapdhwinkp-pro03a,Jev V3,0.5,0.3333333333333333,1.0
arguana,test-politics-oapdhwinkp-pro03a,base (MaxSim@10),1.0,,
arguana,test-politics-oapdhwinkp-con02a,first stage,0.31546487678572877,0.125,1.0
arguana,test-politics-oapdhwinkp-con02a,cross-encoder,1.0,1.0,1.0
arguana,test-politics-oapdhwinkp-con02a,Jev V1,0.3333333333333333,0.14285714285714285,1.0
arguana,test-politics-oapdhwinkp-con02a,Jev V2,0.5,0.3333333333333333,1.0
arguana,test-politics-oapdhwinkp-con02a,Jev V3,0.5,0.3333333333333333,1.0
arguana,test-politics-oapdhwinkp-con02a,base (MaxSim@10),0.2890648263178879,,
arguana,test-politics-oapdhwinkp-con03a,first stage,0.6309297535714575,0.5,1.0
arguana,test-politics-oapdhwinkp-con03a,cross-encoder,1.0,1.0,1.0
arguana,test-politics-oapdhwinkp-con03a,Jev V1,0.2890648263178879,0.1,1.0
arguana,test-politics-oapdhwinkp-con03a,Jev V2,0.5,0.3333333333333333,1.0
arguana,test-politics-oapdhwinkp-con03a,Jev V3,1.0,1.0,1.0
arguana,test-politics-oapdhwinkp-con03a,base (MaxSim@10),0.3868528072345416,,
arguana,test-politics-oapdhwinkp-con01a,first stage,0.6309297535714575,0.5,1.0
arguana,test-politics-oapdhwinkp-con01a,cross-encoder,1.0,1.0,1.0
arguana,test-politics-oapdhwinkp-con01a,Jev V1,1.0,1.0,1.0
arguana,test-politics-oapdhwinkp-con01a,Jev V2,1.0,1.0,1.0
arguana,test-politics-oapdhwinkp-con01a,Jev V3,1.0,1.0,1.0
arguana,test-politics-oapdhwinkp-con01a,base (MaxSim@10),1.0,,
arguana,test-politics-epvhbfsmsaop-pro02a,first stage,0.5,0.3333333333333333,1.0
arguana,test-politics-epvhbfsmsaop-pro02a,cross-encoder,1.0,1.0,1.0
arguana,test-politics-epvhbfsmsaop-pro02a,Jev V1,1.0,1.0,1.0
arguana,test-politics-epvhbfsmsaop-pro02a,Jev V2,0.6309297535714575,0.5,1.0
arguana,test-politics-epvhbfsmsaop-pro02a,Jev V3,0.6309297535714575,0.5,1.0
arguana,test-politics-epvhbfsmsaop-pro02a,base (MaxSim@10),0.5,,
arguana,test-politics-epvhbfsmsaop-pro01a,first stage,1.0,1.0,1.0
arguana,test-politics-epvhbfsmsaop-pro01a,cross-encoder,0.43067655807339306,0.25,1.0
arguana,test-politics-epvhbfsmsaop-pro01a,Jev V1,0.6309297535714575,0.5,1.0
arguana,test-politics-epvhbfsmsaop-pro01a,Jev V2,1.0,1.0,1.0
arguana,test-politics-epvhbfsmsaop-pro01a,Jev V3,1.0,1.0,1.0
arguana,test-politics-epvhbfsmsaop-pro01a,base (MaxSim@10),0.6309297535714575,,
arguana,test-politics-epvhbfsmsaop-pro03a,first stage,0.31546487678572877,0.125,1.0
arguana,test-politics-epvhbfsmsaop-pro03a,cross-encoder,0.6309297535714575,0.5,1.0
arguana,test-politics-epvhbfsmsaop-pro03a,Jev V1,0.5,0.3333333333333333,1.0
arguana,test-politics-epvhbfsmsaop-pro03a,Jev V2,0.6309297535714575,0.5,1.0
arguana,test-politics-epvhbfsmsaop-pro03a,Jev V3,0.6309297535714575,0.5,1.0
arguana,test-politics-epvhbfsmsaop-pro03a,base (MaxSim@10),0.2890648263178879,,
arguana,test-politics-epvhbfsmsaop-con02a,first stage,0.3010299956639812,0.1111111111111111,1.0
arguana,test-politics-epvhbfsmsaop-con02a,cross-encoder,1.0,1.0,1.0
arguana,test-politics-epvhbfsmsaop-con02a,Jev V1,1.0,1.0,1.0
arguana,test-politics-epvhbfsmsaop-con02a,Jev V2,0.3562071871080222,0.16666666666666666,1.0
arguana,test-politics-epvhbfsmsaop-con02a,Jev V3,1.0,1.0,1.0
arguana,test-politics-epvhbfsmsaop-con02a,base (MaxSim@10),0.3010299956639812,,
arguana,test-politics-epvhbfsmsaop-con03a,first stage,0.43067655807339306,0.25,1.0
arguana,test-politics-epvhbfsmsaop-con03a,cross-encoder,1.0,1.0,1.0
arguana,test-politics-epvhbfsmsaop-con03a,Jev V1,1.0,1.0,1.0
arguana,test-politics-epvhbfsmsaop-con03a,Jev V2,0.5,0.3333333333333333,1.0
arguana,test-politics-epvhbfsmsaop-con03a,Jev V3,0.6309297535714575,0.5,1.0
arguana,test-politics-epvhbfsmsaop-con03a,base (MaxSim@10),1.0,,
arguana,test-politics-epvhbfsmsaop-con01a,first stage,0.38685280723454163,0.2,1.0
arguana,test-politics-epvhbfsmsaop-con01a,cross-encoder,0.43067655807339306,0.25,1.0
arguana,test-politics-epvhbfsmsaop-con01a,Jev V1,1.0,1.0,1.0
arguana,test-politics-epvhbfsmsaop-con01a,Jev V2,1.0,1.0,1.0
arguana,test-politics-epvhbfsmsaop-con01a,Jev V3,0.6309297535714575,0.5,1.0
arguana,test-politics-epvhbfsmsaop-con01a,base (MaxSim@10),0.3868528072345416,,
arguana,test-politics-cpegiepgh-pro02a,first stage,0.6309297535714575,0.5,1.0
arguana,test-politics-cpegiepgh-pro02a,cross-encoder,1.0,1.0,1.0
arguana,test-politics-cpegiepgh-pro02a,Jev V1,1.0,1.0,1.0
arguana,test-politics-cpegiepgh-pro02a,Jev V2,1.0,1.0,1.0
arguana,test-politics-cpegiepgh-pro02a,Jev V3,1.0,1.0,1.0
arguana,test-politics-cpegiepgh-pro02a,base (MaxSim@10),0.6309297535714575,,
arguana,test-politics-cpegiepgh-pro01a,first stage,0.3333333333333333,0.14285714285714285,1.0
arguana,test-politics-cpegiepgh-pro01a,cross-encoder,1.0,1.0,1.0
arguana,test-politics-cpegiepgh-pro01a,Jev V1,0.6309297535714575,0.5,1.0
arguana,test-politics-cpegiepgh-pro01a,Jev V2,0.6309297535714575,0.5,1.0
arguana,test-politics-cpegiepgh-pro01a,Jev V3,0.5,0.3333333333333333,1.0
arguana,test-politics-cpegiepgh-pro01a,base (MaxSim@10),0.5,,
arguana,test-politics-cpegiepgh-pro03a,first stage,1.0,1.0,1.0
arguana,test-politics-cpegiepgh-pro03a,cross-encoder,1.0,1.0,1.0
arguana,test-politics-cpegiepgh-pro03a,Jev V1,1.0,1.0,1.0
arguana,test-politics-cpegiepgh-pro03a,Jev V2,1.0,1.0,1.0
arguana,test-politics-cpegiepgh-pro03a,Jev V3,1.0,1.0,1.0
arguana,test-politics-cpegiepgh-pro03a,base (MaxSim@10),1.0,,
arguana,test-politics-cpegiepgh-pro04a,first stage,0.43067655807339306,0.25,1.0
arguana,test-politics-cpegiepgh-pro04a,cross-encoder,0.5,0.3333333333333333,1.0
arguana,test-politics-cpegiepgh-pro04a,Jev V1,1.0,1.0,1.0
arguana,test-politics-cpegiepgh-pro04a,Jev V2,1.0,1.0,1.0
arguana,test-politics-cpegiepgh-pro04a,Jev V3,1.0,1.0,1.0
arguana,test-politics-cpegiepgh-pro04a,base (MaxSim@10),1.0,,
arguana,test-politics-cpegiepgh-con02a,first stage,1.0,1.0,1.0
arguana,test-politics-cpegiepgh-con02a,cross-encoder,1.0,1.0,1.0
arguana,test-politics-cpegiepgh-con02a,Jev V1,1.0,1.0,1.0
arguana,test-politics-cpegiepgh-con02a,Jev V2,1.0,1.0,1.0
arguana,test-politics-cpegiepgh-con02a,Jev V3,1.0,1.0,1.0
arguana,test-politics-cpegiepgh-con02a,base (MaxSim@10),1.0,,
arguana,test-politics-cpegiepgh-con03a,first stage,1.0,1.0,1.0
arguana,test-politics-cpegiepgh-con03a,cross-encoder,1.0,1.0,1.0
arguana,test-politics-cpegiepgh-con03a,Jev V1,1.0,1.0,1.0
arguana,test-politics-cpegiepgh-con03a,Jev V2,1.0,1.0,1.0
arguana,test-politics-cpegiepgh-con03a,Jev V3,1.0,1.0,1.0
arguana,test-politics-cpegiepgh-con03a,base (MaxSim@10),1.0,,
arguana,test-politics-cpegiepgh-con01a,first stage,1.0,1.0,1.0
arguana,test-politics-cpegiepgh-con01a,cross-encoder,1.0,1.0,1.0
arguana,test-politics-cpegiepgh-con01a,Jev V1,0.5,0.3333333333333333,1.0
arguana,test-politics-cpegiepgh-con01a,Jev V2,1.0,1.0,1.0
arguana,test-politics-cpegiepgh-con01a,Jev V3,1.0,1.0,1.0
arguana,test-politics-cpegiepgh-con01a,base (MaxSim@10),1.0,,
arguana,test-politics-cpecfiepg-pro02a,first stage,0.43067655807339306,0.25,1.0
arguana,test-politics-cpecfiepg-pro02a,cross-encoder,1.0,1.0,1.0
arguana,test-politics-cpecfiepg-pro02a,Jev V1,0.6309297535714575,0.5,1.0
arguana,test-politics-cpecfiepg-pro02a,Jev V2,0.5,0.3333333333333333,1.0
arguana,test-politics-cpecfiepg-pro02a,Jev V3,0.38685280723454163,0.2,1.0
arguana,test-politics-cpecfiepg-pro02a,base (MaxSim@10),0.430676558073393,,
arguana,test-politics-cpecfiepg-pro01a,first stage,0.5,0.3333333333333333,1.0
arguana,test-politics-cpecfiepg-pro01a,cross-encoder,0.6309297535714575,0.5,1.0
arguana,test-politics-cpecfiepg-pro01a,Jev V1,0.6309297535714575,0.5,1.0
arguana,test-politics-cpecfiepg-pro01a,Jev V2,1.0,1.0,1.0
arguana,test-politics-cpecfiepg-pro01a,Jev V3,1.0,1.0,1.0
arguana,test-politics-cpecfiepg-pro01a,base (MaxSim@10),0.6309297535714575,,
arguana,test-politics-cpecfiepg-pro03a,first stage,0.43067655807339306,0.25,1.0
arguana,test-politics-cpecfiepg-pro03a,cross-encoder,1.0,1.0,1.0
arguana,test-politics-cpecfiepg-pro03a,Jev V1,1.0,1.0,1.0
arguana,test-politics-cpecfiepg-pro03a,Jev V2,0.38685280723454163,0.2,1.0
arguana,test-politics-cpecfiepg-pro03a,Jev V3,0.5,0.3333333333333333,1.0
arguana,test-politics-cpecfiepg-pro03a,base (MaxSim@10),0.430676558073393,,
arguana,test-politics-cpecfiepg-con02a,first stage,0.0,0.0,0.0
arguana,test-politics-cpecfiepg-con02a,cross-encoder,0.38685280723454163,0.2,1.0
arguana,test-politics-cpecfiepg-con02a,Jev V1,0.2890648263178879,0.1,1.0
arguana,test-politics-cpecfiepg-con02a,Jev V2,0.31546487678572877,0.125,1.0
arguana,test-politics-cpecfiepg-con02a,Jev V3,0.3010299956639812,0.1111111111111111,1.0
arguana,test-politics-cpecfiepg-con02a,base (MaxSim@10),0.0,,
arguana,test-politics-cpecfiepg-con04a,first stage,0.0,0.0,0.0
arguana,test-politics-cpecfiepg-con04a,cross-encoder,0.43067655807339306,0.25,1.0
arguana,test-politics-cpecfiepg-con04a,Jev V1,0.6309297535714575,0.5,1.0
arguana,test-politics-cpecfiepg-con04a,Jev V2,0.3333333333333333,0.14285714285714285,1.0
arguana,test-politics-cpecfiepg-con04a,Jev V3,1.0,1.0,1.0
arguana,test-politics-cpecfiepg-con04a,base (MaxSim@10),0.0,,
arguana,test-politics-cpecfiepg-con03a,first stage,0.38685280723454163,0.2,1.0
arguana,test-politics-cpecfiepg-con03a,cross-encoder,1.0,1.0,1.0
arguana,test-politics-cpecfiepg-con03a,Jev V1,0.6309297535714575,0.5,1.0
arguana,test-politics-cpecfiepg-con03a,Jev V2,0.6309297535714575,0.5,1.0
arguana,test-politics-cpecfiepg-con03a,Jev V3,0.6309297535714575,0.5,1.0
arguana,test-politics-cpecfiepg-con03a,base (MaxSim@10),0.430676558073393,,
arguana,test-politics-cpecfiepg-con01a,first stage,0.3333333333333333,0.14285714285714285,1.0
arguana,test-politics-cpecfiepg-con01a,cross-encoder,0.6309297535714575,0.5,1.0
arguana,test-politics-cpecfiepg-con01a,Jev V1,0.6309297535714575,0.5,1.0
arguana,test-politics-cpecfiepg-con01a,Jev V2,0.6309297535714575,0.5,1.0
arguana,test-politics-cpecfiepg-con01a,Jev V3,0.5,0.3333333333333333,1.0
arguana,test-politics-cpecfiepg-con01a,base (MaxSim@10),0.3010299956639812,,
arguana,test-politics-ypppgvhwmv-pro02a,first stage,1.0,1.0,1.0
arguana,test-politics-ypppgvhwmv-pro02a,cross-encoder,0.6309297535714575,0.5,1.0
arguana,test-politics-ypppgvhwmv-pro02a,Jev V1,1.0,1.0,1.0
arguana,test-politics-ypppgvhwmv-pro02a,Jev V2,1.0,1.0,1.0
arguana,test-politics-ypppgvhwmv-pro02a,Jev V3,1.0,1.0,1.0
arguana,test-politics-ypppgvhwmv-pro02a,base (MaxSim@10),1.0,,
arguana,test-politics-ypppgvhwmv-pro05a,first stage,1.0,1.0,1.0
arguana,test-politics-ypppgvhwmv-pro05a,cross-encoder,0.6309297535714575,0.5,1.0
arguana,test-politics-ypppgvhwmv-pro05a,Jev V1,1.0,1.0,1.0
arguana,test-politics-ypppgvhwmv-pro05a,Jev V2,1.0,1.0,1.0
arguana,test-politics-ypppgvhwmv-pro05a,Jev V3,1.0,1.0,1.0
arguana,test-politics-ypppgvhwmv-pro05a,base (MaxSim@10),0.430676558073393,,
arguana,test-politics-ypppgvhwmv-pro01a,first stage,0.6309297535714575,0.5,1.0
arguana,test-politics-ypppgvhwmv-pro01a,cross-encoder,0.3562071871080222,0.16666666666666666,1.0
arguana,test-politics-ypppgvhwmv-pro01a,Jev V1,0.6309297535714575,0.5,1.0
arguana,test-politics-ypppgvhwmv-pro01a,Jev V2,0.43067655807339306,0.25,1.0
arguana,test-politics-ypppgvhwmv-pro01a,Jev V3,1.0,1.0,1.0
arguana,test-politics-ypppgvhwmv-pro01a,base (MaxSim@10),0.6309297535714575,,
arguana,test-politics-ypppgvhwmv-pro03a,first stage,0.5,0.3333333333333333,1.0
arguana,test-politics-ypppgvhwmv-pro03a,cross-encoder,0.3333333333333333,0.14285714285714285,1.0
arguana,test-politics-ypppgvhwmv-pro03a,Jev V1,0.38685280723454163,0.2,1.0
arguana,test-politics-ypppgvhwmv-pro03a,Jev V2,0.6309297535714575,0.5,1.0
arguana,test-politics-ypppgvhwmv-pro03a,Jev V3,0.6309297535714575,0.5,1.0
arguana,test-politics-ypppgvhwmv-pro03a,base (MaxSim@10),0.6309297535714575,,
arguana,test-politics-ypppgvhwmv-pro04a,first stage,1.0,1.0,1.0
arguana,test-politics-ypppgvhwmv-pro04a,cross-encoder,1.0,1.0,1.0
arguana,test-politics-ypppgvhwmv-pro04a,Jev V1,1.0,1.0,1.0
arguana,test-politics-ypppgvhwmv-pro04a,Jev V2,1.0,1.0,1.0
arguana,test-politics-ypppgvhwmv-pro04a,Jev V3,1.0,1.0,1.0
arguana,test-politics-ypppgvhwmv-pro04a,base (MaxSim@10),1.0,,
arguana,test-politics-ypppgvhwmv-con02a,first stage,0.5,0.3333333333333333,1.0
arguana,test-politics-ypppgvhwmv-con02a,cross-encoder,0.6309297535714575,0.5,1.0
arguana,test-politics-ypppgvhwmv-con02a,Jev V1,0.6309297535714575,0.5,1.0
arguana,test-politics-ypppgvhwmv-con02a,Jev V2,1.0,1.0,1.0
arguana,test-politics-ypppgvhwmv-con02a,Jev V3,1.0,1.0,1.0
arguana,test-politics-ypppgvhwmv-con02a,base (MaxSim@10),1.0,,
arguana,test-politics-ypppgvhwmv-con03a,first stage,0.0,0.0,0.0
arguana,test-politics-ypppgvhwmv-con03a,cross-encoder,0.2890648263178879,0.1,1.0
arguana,test-politics-ypppgvhwmv-con03a,Jev V1,0.3333333333333333,0.14285714285714285,1.0
arguana,test-politics-ypppgvhwmv-con03a,Jev V2,0.38685280723454163,0.2,1.0
arguana,test-politics-ypppgvhwmv-con03a,Jev V3,0.3010299956639812,0.1111111111111111,1.0
arguana,test-politics-ypppgvhwmv-con03a,base (MaxSim@10),0.0,,
arguana,test-politics-ypppgvhwmv-con01a,first stage,1.0,1.0,1.0
arguana,test-politics-ypppgvhwmv-con01a,cross-encoder,0.43067655807339306,0.25,1.0
arguana,test-politics-ypppgvhwmv-con01a,Jev V1,1.0,1.0,1.0
arguana,test-politics-ypppgvhwmv-con01a,Jev V2,1.0,1.0,1.0
arguana,test-politics-ypppgvhwmv-con01a,Jev V3,0.6309297535714575,0.5,1.0
arguana,test-politics-ypppgvhwmv-con01a,base (MaxSim@10),1.0,,
arguana,test-politics-pgsimhwoia-pro02a,first stage,0.6309297535714575,0.5,1.0
arguana,test-politics-pgsimhwoia-pro02a,cross-encoder,0.6309297535714575,0.5,1.0
arguana,test-politics-pgsimhwoia-pro02a,Jev V1,1.0,1.0,1.0
arguana,test-politics-pgsimhwoia-pro02a,Jev V2,1.0,1.0,1.0
arguana,test-politics-pgsimhwoia-pro02a,Jev V3,1.0,1.0,1.0
arguana,test-politics-pgsimhwoia-pro02a,base (MaxSim@10),0.5,,
arguana,test-politics-pgsimhwoia-pro01a,first stage,1.0,1.0,1.0
arguana,test-politics-pgsimhwoia-pro01a,cross-encoder,1.0,1.0,1.0
arguana,test-politics-pgsimhwoia-pro01a,Jev V1,1.0,1.0,1.0
arguana,test-politics-pgsimhwoia-pro01a,Jev V2,0.3333333333333333,0.14285714285714285,1.0
arguana,test-politics-pgsimhwoia-pro01a,Jev V3,1.0,1.0,1.0
arguana,test-politics-pgsimhwoia-pro01a,base (MaxSim@10),0.6309297535714575,,
arguana,test-politics-pgsimhwoia-pro03a,first stage,0.38685280723454163,0.2,1.0
arguana,test-politics-pgsimhwoia-pro03a,cross-encoder,0.38685280723454163,0.2,1.0
arguana,test-politics-pgsimhwoia-pro03a,Jev V1,0.0,0.0,0.0
arguana,test-politics-pgsimhwoia-pro03a,Jev V2,0.0,0.0,0.0
arguana,test-politics-pgsimhwoia-pro03a,Jev V3,0.3010299956639812,0.1111111111111111,1.0
arguana,test-politics-pgsimhwoia-pro03a,base (MaxSim@10),0.3562071871080222,,
arguana,test-politics-pgsimhwoia-con02a,first stage,0.5,0.3333333333333333,1.0
arguana,test-politics-pgsimhwoia-con02a,cross-encoder,1.0,1.0,1.0
arguana,test-politics-pgsimhwoia-con02a,Jev V1,1.0,1.0,1.0
arguana,test-politics-pgsimhwoia-con02a,Jev V2,0.6309297535714575,0.5,1.0
arguana,test-politics-pgsimhwoia-con02a,Jev V3,1.0,1.0,1.0
arguana,test-politics-pgsimhwoia-con02a,base (MaxSim@10),0.430676558073393,,
arguana,test-politics-pgsimhwoia-con03a,first stage,0.0,0.0,0.0
arguana,test-politics-pgsimhwoia-con03a,cross-encoder,0.0,0.0,0.0
arguana,test-politics-pgsimhwoia-con03a,Jev V1,0.0,0.0,0.0
arguana,test-politics-pgsimhwoia-con03a,Jev V2,0.0,0.0,0.0
arguana,test-politics-pgsimhwoia-con03a,Jev V3,0.0,0.0,0.0
arguana,test-politics-pgsimhwoia-con03a,base (MaxSim@10),0.0,,
arguana,test-politics-pgsimhwoia-con01a,first stage,1.0,1.0,1.0
arguana,test-politics-pgsimhwoia-con01a,cross-encoder,1.0,1.0,1.0
arguana,test-politics-pgsimhwoia-con01a,Jev V1,1.0,1.0,1.0
arguana,test-politics-pgsimhwoia-con01a,Jev V2,1.0,1.0,1.0
arguana,test-politics-pgsimhwoia-con01a,Jev V3,1.0,1.0,1.0
arguana,test-politics-pgsimhwoia-con01a,base (MaxSim@10),0.6309297535714575,,
arguana,test-politics-mtpghwaacb-pro02a,first stage,0.3562071871080222,0.16666666666666666,1.0
arguana,test-politics-mtpghwaacb-pro02a,cross-encoder,0.3562071871080222,0.16666666666666666,1.0
arguana,test-politics-mtpghwaacb-pro02a,Jev V1,0.5,0.3333333333333333,1.0
arguana,test-politics-mtpghwaacb-pro02a,Jev V2,1.0,1.0,1.0
arguana,test-politics-mtpghwaacb-pro02a,Jev V3,1.0,1.0,1.0
arguana,test-politics-mtpghwaacb-pro02a,base (MaxSim@10),0.3154648767857287,,
arguana,test-politics-mtpghwaacb-pro01a,first stage,0.43067655807339306,0.25,1.0
arguana,test-politics-mtpghwaacb-pro01a,cross-encoder,0.5,0.3333333333333333,1.0
arguana,test-politics-mtpghwaacb-pro01a,Jev V1,0.0,0.0,0.0
arguana,test-politics-mtpghwaacb-pro01a,Jev V2,0.3562071871080222,0.16666666666666666,1.0
arguana,test-politics-mtpghwaacb-pro01a,Jev V3,0.38685280723454163,0.2,1.0
arguana,test-politics-mtpghwaacb-pro01a,base (MaxSim@10),0.3333333333333333,,
arguana,test-politics-mtpghwaacb-pro03a,first stage,0.31546487678572877,0.125,1.0
arguana,test-politics-mtpghwaacb-pro03a,cross-encoder,0.5,0.3333333333333333,1.0
arguana,test-politics-mtpghwaacb-pro03a,Jev V1,0.5,0.3333333333333333,1.0
arguana,test-politics-mtpghwaacb-pro03a,Jev V2,0.3562071871080222,0.16666666666666666,1.0
arguana,test-politics-mtpghwaacb-pro03a,Jev V3,0.2890648263178879,0.1,1.0
arguana,test-politics-mtpghwaacb-pro03a,base (MaxSim@10),0.3333333333333333,,
arguana,test-politics-mtpghwaacb-con02a,first stage,0.5,0.3333333333333333,1.0
arguana,test-politics-mtpghwaacb-con02a,cross-encoder,0.5,0.3333333333333333,1.0
arguana,test-politics-mtpghwaacb-con02a,Jev V1,1.0,1.0,1.0
arguana,test-politics-mtpghwaacb-con02a,Jev V2,0.5,0.3333333333333333,1.0
arguana,test-politics-mtpghwaacb-con02a,Jev V3,0.3010299956639812,0.1111111111111111,1.0
arguana,test-politics-mtpghwaacb-con02a,base (MaxSim@10),0.6309297535714575,,
arguana,test-politics-mtpghwaacb-con03a,first stage,0.0,0.0,0.0
arguana,test-politics-mtpghwaacb-con03a,cross-encoder,0.43067655807339306,0.25,1.0
arguana,test-politics-mtpghwaacb-con03a,Jev V1,0.3333333333333333,0.14285714285714285,1.0
arguana,test-politics-mtpghwaacb-con03a,Jev V2,0.31546487678572877,0.125,1.0
arguana,test-politics-mtpghwaacb-con03a,Jev V3,0.0,0.0,0.0
arguana,test-politics-mtpghwaacb-con03a,base (MaxSim@10),0.0,,
arguana,test-politics-mtpghwaacb-con01a,first stage,0.0,0.0,0.0
arguana,test-politics-mtpghwaacb-con01a,cross-encoder,0.43067655807339306,0.25,1.0
arguana,test-politics-mtpghwaacb-con01a,Jev V1,0.0,0.0,0.0
arguana,test-politics-mtpghwaacb-con01a,Jev V2,0.43067655807339306,0.25,1.0
arguana,test-politics-mtpghwaacb-con01a,Jev V3,0.0,0.0,0.0
arguana,test-politics-mtpghwaacb-con01a,base (MaxSim@10),0.0,,
arguana,test-politics-oglilpdwhsn-pro02a,first stage,0.0,0.0,0.0
arguana,test-politics-oglilpdwhsn-pro02a,cross-encoder,0.43067655807339306,0.25,1.0
arguana,test-politics-oglilpdwhsn-pro02a,Jev V1,0.5,0.3333333333333333,1.0
arguana,test-politics-oglilpdwhsn-pro02a,Jev V2,0.6309297535714575,0.5,1.0
arguana,test-politics-oglilpdwhsn-pro02a,Jev V3,0.0,0.0,0.0
arguana,test-politics-oglilpdwhsn-pro02a,base (MaxSim@10),0.0,,
arguana,test-politics-oglilpdwhsn-pro01a,first stage,0.0,0.0,0.0
arguana,test-politics-oglilpdwhsn-pro01a,cross-encoder,0.0,0.0,0.0
arguana,test-politics-oglilpdwhsn-pro01a,Jev V1,0.0,0.0,0.0
arguana,test-politics-oglilpdwhsn-pro01a,Jev V2,0.0,0.0,0.0
arguana,test-politics-oglilpdwhsn-pro01a,Jev V3,0.0,0.0,0.0
arguana,test-politics-oglilpdwhsn-pro01a,base (MaxSim@10),0.0,,
arguana,test-politics-oglilpdwhsn-pro03a,first stage,0.31546487678572877,0.125,1.0
arguana,test-politics-oglilpdwhsn-pro03a,cross-encoder,0.6309297535714575,0.5,1.0
arguana,test-politics-oglilpdwhsn-pro03a,Jev V1,0.38685280723454163,0.2,1.0
arguana,test-politics-oglilpdwhsn-pro03a,Jev V2,0.3333333333333333,0.14285714285714285,1.0
arguana,test-politics-oglilpdwhsn-pro03a,Jev V3,0.43067655807339306,0.25,1.0
arguana,test-politics-oglilpdwhsn-pro03a,base (MaxSim@10),0.3010299956639812,,
arguana,test-politics-oglilpdwhsn-con02a,first stage,0.5,0.3333333333333333,1.0
arguana,test-politics-oglilpdwhsn-con02a,cross-encoder,0.6309297535714575,0.5,1.0
arguana,test-politics-oglilpdwhsn-con02a,Jev V1,0.6309297535714575,0.5,1.0
arguana,test-politics-oglilpdwhsn-con02a,Jev V2,0.6309297535714575,0.5,1.0
arguana,test-politics-oglilpdwhsn-con02a,Jev V3,0.6309297535714575,0.5,1.0
arguana,test-politics-oglilpdwhsn-con02a,base (MaxSim@10),0.6309297535714575,,
arguana,test-politics-oglilpdwhsn-con04a,first stage,0.5,0.3333333333333333,1.0
arguana,test-politics-oglilpdwhsn-con04a,cross-encoder,0.6309297535714575,0.5,1.0
arguana,test-politics-oglilpdwhsn-con04a,Jev V1,0.6309297535714575,0.5,1.0
arguana,test-politics-oglilpdwhsn-con04a,Jev V2,1.0,1.0,1.0
arguana,test-politics-oglilpdwhsn-con04a,Jev V3,0.6309297535714575,0.5,1.0
arguana,test-politics-oglilpdwhsn-con04a,base (MaxSim@10),0.5,,
arguana,test-politics-oglilpdwhsn-con03a,first stage,0.31546487678572877,0.125,1.0
arguana,test-politics-oglilpdwhsn-con03a,cross-encoder,0.43067655807339306,0.25,1.0
arguana,test-politics-oglilpdwhsn-con03a,Jev V1,0.0,0.0,0.0
arguana,test-politics-oglilpdwhsn-con03a,Jev V2,0.43067655807339306,0.25,1.0
arguana,test-politics-oglilpdwhsn-con03a,Jev V3,0.43067655807339306,0.25,1.0
arguana,test-politics-oglilpdwhsn-con03a,base (MaxSim@10),0.3868528072345416,,
arguana,test-politics-oglilpdwhsn-con01a,first stage,0.3562071871080222,0.16666666666666666,1.0
arguana,test-politics-oglilpdwhsn-con01a,cross-encoder,0.38685280723454163,0.2,1.0
arguana,test-politics-oglilpdwhsn-con01a,Jev V1,0.38685280723454163,0.2,1.0
arguana,test-politics-oglilpdwhsn-con01a,Jev V2,0.3562071871080222,0.16666666666666666,1.0
arguana,test-politics-oglilpdwhsn-con01a,Jev V3,0.6309297535714575,0.5,1.0
arguana,test-politics-oglilpdwhsn-con01a,base (MaxSim@10),0.430676558073393,,
arguana,test-politics-grcrgshwbr-pro02a,first stage,0.38685280723454163,0.2,1.0
arguana,test-politics-grcrgshwbr-pro02a,cross-encoder,0.3333333333333333,0.14285714285714285,1.0
arguana,test-politics-grcrgshwbr-pro02a,Jev V1,0.43067655807339306,0.25,1.0
arguana,test-politics-grcrgshwbr-pro02a,Jev V2,0.6309297535714575,0.5,1.0
arguana,test-politics-grcrgshwbr-pro02a,Jev V3,0.5,0.3333333333333333,1.0
arguana,test-politics-grcrgshwbr-pro02a,base (MaxSim@10),0.5,,
arguana,test-politics-grcrgshwbr-pro05a,first stage,1.0,1.0,1.0
arguana,test-politics-grcrgshwbr-pro05a,cross-encoder,0.43067655807339306,0.25,1.0
arguana,test-politics-grcrgshwbr-pro05a,Jev V1,0.2890648263178879,0.1,1.0
arguana,test-politics-grcrgshwbr-pro05a,Jev V2,0.0,0.0,0.0
arguana,test-politics-grcrgshwbr-pro05a,Jev V3,0.31546487678572877,0.125,1.0
arguana,test-politics-grcrgshwbr-pro05a,base (MaxSim@10),1.0,,
arguana,test-politics-grcrgshwbr-pro01a,first stage,0.43067655807339306,0.25,1.0
arguana,test-politics-grcrgshwbr-pro01a,cross-encoder,0.5,0.3333333333333333,1.0
arguana,test-politics-grcrgshwbr-pro01a,Jev V1,0.5,0.3333333333333333,1.0
arguana,test-politics-grcrgshwbr-pro01a,Jev V2,0.6309297535714575,0.5,1.0
arguana,test-politics-grcrgshwbr-pro01a,Jev V3,0.6309297535714575,0.5,1.0
arguana,test-politics-grcrgshwbr-pro01a,base (MaxSim@10),0.430676558073393,,
arguana,test-politics-grcrgshwbr-pro03a,first stage,0.5,0.3333333333333333,1.0
arguana,test-politics-grcrgshwbr-pro03a,cross-encoder,0.5,0.3333333333333333,1.0
arguana,test-politics-grcrgshwbr-pro03a,Jev V1,0.5,0.3333333333333333,1.0
arguana,test-politics-grcrgshwbr-pro03a,Jev V2,0.3562071871080222,0.16666666666666666,1.0
arguana,test-politics-grcrgshwbr-pro03a,Jev V3,1.0,1.0,1.0
arguana,test-politics-grcrgshwbr-pro03a,base (MaxSim@10),0.5,,
arguana,test-politics-grcrgshwbr-pro04a,first stage,0.0,0.0,0.0
arguana,test-politics-grcrgshwbr-pro04a,cross-encoder,0.0,0.0,0.0
arguana,test-politics-grcrgshwbr-pro04a,Jev V1,0.0,0.0,0.0
arguana,test-politics-grcrgshwbr-pro04a,Jev V2,0.0,0.0,0.0
arguana,test-politics-grcrgshwbr-pro04a,Jev V3,0.0,0.0,0.0
arguana,test-politics-grcrgshwbr-pro04a,base (MaxSim@10),0.0,,
arguana,test-politics-grcrgshwbr-con02a,first stage,0.38685280723454163,0.2,1.0
arguana,test-politics-grcrgshwbr-con02a,cross-encoder,0.5,0.3333333333333333,1.0
arguana,test-politics-grcrgshwbr-con02a,Jev V1,0.3333333333333333,0.14285714285714285,1.0
arguana,test-politics-grcrgshwbr-con02a,Jev V2,0.6309297535714575,0.5,1.0
arguana,test-politics-grcrgshwbr-con02a,Jev V3,0.5,0.3333333333333333,1.0
arguana,test-politics-grcrgshwbr-con02a,base (MaxSim@10),0.430676558073393,,
arguana,test-politics-grcrgshwbr-con04a,first stage,0.0,0.0,0.0
arguana,test-politics-grcrgshwbr-con04a,cross-encoder,0.31546487678572877,0.125,1.0
arguana,test-politics-grcrgshwbr-con04a,Jev V1,0.5,0.3333333333333333,1.0
arguana,test-politics-grcrgshwbr-con04a,Jev V2,0.0,0.0,0.0
arguana,test-politics-grcrgshwbr-con04a,Jev V3,0.0,0.0,0.0
arguana,test-politics-grcrgshwbr-con04a,base (MaxSim@10),0.0,,
arguana,test-politics-grcrgshwbr-con03a,first stage,0.43067655807339306,0.25,1.0
arguana,test-politics-grcrgshwbr-con03a,cross-encoder,0.6309297535714575,0.5,1.0
arguana,test-politics-grcrgshwbr-con03a,Jev V1,0.5,0.3333333333333333,1.0
arguana,test-politics-grcrgshwbr-con03a,Jev V2,0.6309297535714575,0.5,1.0
arguana,test-politics-grcrgshwbr-con03a,Jev V3,0.5,0.3333333333333333,1.0
arguana,test-politics-grcrgshwbr-con03a,base (MaxSim@10),0.430676558073393,,
arguana,test-politics-grcrgshwbr-con01a,first stage,1.0,1.0,1.0
arguana,test-politics-grcrgshwbr-con01a,cross-encoder,1.0,1.0,1.0
arguana,test-politics-grcrgshwbr-con01a,Jev V1,0.3562071871080222,0.16666666666666666,1.0
arguana,test-politics-grcrgshwbr-con01a,Jev V2,0.43067655807339306,0.25,1.0
arguana,test-politics-grcrgshwbr-con01a,Jev V3,1.0,1.0,1.0
arguana,test-politics-grcrgshwbr-con01a,base (MaxSim@10),0.5,,
arguana,test-politics-dhwem-pro02a,first stage,0.0,0.0,0.0
arguana,test-politics-dhwem-pro02a,cross-encoder,1.0,1.0,1.0
arguana,test-politics-dhwem-pro02a,Jev V1,1.0,1.0,1.0
arguana,test-politics-dhwem-pro02a,Jev V2,1.0,1.0,1.0
arguana,test-politics-dhwem-pro02a,Jev V3,1.0,1.0,1.0
arguana,test-politics-dhwem-pro02a,base (MaxSim@10),0.0,,
arguana,test-politics-dhwem-pro06a,first stage,0.0,0.0,0.0
arguana,test-politics-dhwem-pro06a,cross-encoder,0.0,0.0,0.0
arguana,test-politics-dhwem-pro06a,Jev V1,0.0,0.0,0.0
arguana,test-politics-dhwem-pro06a,Jev V2,0.0,0.0,0.0
arguana,test-politics-dhwem-pro06a,Jev V3,0.0,0.0,0.0
arguana,test-politics-dhwem-pro06a,base (MaxSim@10),0.0,,
arguana,test-politics-dhwem-pro05a,first stage,0.43067655807339306,0.25,1.0
arguana,test-politics-dhwem-pro05a,cross-encoder,1.0,1.0,1.0
arguana,test-politics-dhwem-pro05a,Jev V1,1.0,1.0,1.0
arguana,test-politics-dhwem-pro05a,Jev V2,1.0,1.0,1.0
arguana,test-politics-dhwem-pro05a,Jev V3,1.0,1.0,1.0
arguana,test-politics-dhwem-pro05a,base (MaxSim@10),0.3868528072345416,,
arguana,test-politics-dhwem-pro01a,first stage,0.0,0.0,0.0
arguana,test-politics-dhwem-pro01a,cross-encoder,0.0,0.0,0.0
arguana,test-politics-dhwem-pro01a,Jev V1,0.5,0.3333333333333333,1.0
arguana,test-politics-dhwem-pro01a,Jev V2,0.5,0.3333333333333333,1.0
arguana,test-politics-dhwem-pro01a,Jev V3,0.0,0.0,0.0
arguana,test-politics-dhwem-pro01a,base (MaxSim@10),0.0,,
arguana,test-politics-dhwem-pro03a,first stage,0.2890648263178879,0.1,1.0
arguana,test-politics-dhwem-pro03a,cross-encoder,1.0,1.0,1.0
arguana,test-politics-dhwem-pro03a,Jev V1,1.0,1.0,1.0
arguana,test-politics-dhwem-pro03a,Jev V2,0.5,0.3333333333333333,1.0
arguana,test-politics-dhwem-pro03a,Jev V3,1.0,1.0,1.0
arguana,test-politics-dhwem-pro03a,base (MaxSim@10),0.2890648263178879,,
arguana,test-politics-dhwem-pro04a,first stage,0.38685280723454163,0.2,1.0
arguana,test-politics-dhwem-pro04a,cross-encoder,1.0,1.0,1.0
arguana,test-politics-dhwem-pro04a,Jev V1,1.0,1.0,1.0
arguana,test-politics-dhwem-pro04a,Jev V2,1.0,1.0,1.0
arguana,test-politics-dhwem-pro04a,Jev V3,1.0,1.0,1.0
arguana,test-politics-dhwem-pro04a,base (MaxSim@10),0.430676558073393,,
arguana,test-politics-dhwem-con02a,first stage,1.0,1.0,1.0
arguana,test-politics-dhwem-con02a,cross-encoder,1.0,1.0,1.0
arguana,test-politics-dhwem-con02a,Jev V1,1.0,1.0,1.0
arguana,test-politics-dhwem-con02a,Jev V2,0.5,0.3333333333333333,1.0
arguana,test-politics-dhwem-con02a,Jev V3,1.0,1.0,1.0
arguana,test-politics-dhwem-con02a,base (MaxSim@10),1.0,,
arguana,test-politics-dhwem-con04a,first stage,0.3010299956639812,0.1111111111111111,1.0
arguana,test-politics-dhwem-con04a,cross-encoder,1.0,1.0,1.0
arguana,test-politics-dhwem-con04a,Jev V1,0.43067655807339306,0.25,1.0
arguana,test-politics-dhwem-con04a,Jev V2,0.43067655807339306,0.25,1.0
arguana,test-politics-dhwem-con04a,Jev V3,0.43067655807339306,0.25,1.0
arguana,test-politics-dhwem-con04a,base (MaxSim@10),0.3154648767857287,,
arguana,test-politics-dhwem-con03a,first stage,0.2890648263178879,0.1,1.0
arguana,test-politics-dhwem-con03a,cross-encoder,1.0,1.0,1.0
arguana,test-politics-dhwem-con03a,Jev V1,0.0,0.0,0.0
arguana,test-politics-dhwem-con03a,Jev V2,0.3333333333333333,0.14285714285714285,1.0
arguana,test-politics-dhwem-con03a,Jev V3,0.5,0.3333333333333333,1.0
arguana,test-politics-dhwem-con03a,base (MaxSim@10),0.3010299956639812,,
arguana,test-politics-dhwem-con01a,first stage,0.6309297535714575,0.5,1.0
arguana,test-politics-dhwem-con01a,cross-encoder,1.0,1.0,1.0
arguana,test-politics-dhwem-con01a,Jev V1,1.0,1.0,1.0
arguana,test-politics-dhwem-con01a,Jev V2,1.0,1.0,1.0
arguana,test-politics-dhwem-con01a,Jev V3,1.0,1.0,1.0
arguana,test-politics-dhwem-con01a,base (MaxSim@10),0.3562071871080222,,
arguana,test-politics-eppghwlrba-pro02a,first stage,1.0,1.0,1.0
arguana,test-politics-eppghwlrba-pro02a,cross-encoder,1.0,1.0,1.0
arguana,test-politics-eppghwlrba-pro02a,Jev V1,1.0,1.0,1.0
arguana,test-politics-eppghwlrba-pro02a,Jev V2,1.0,1.0,1.0
arguana,test-politics-eppghwlrba-pro02a,Jev V3,1.0,1.0,1.0
arguana,test-politics-eppghwlrba-pro02a,base (MaxSim@10),0.6309297535714575,,
arguana,test-politics-eppghwlrba-pro01a,first stage,0.5,0.3333333333333333,1.0
arguana,test-politics-eppghwlrba-pro01a,cross-encoder,0.31546487678572877,0.125,1.0
arguana,test-politics-eppghwlrba-pro01a,Jev V1,0.43067655807339306,0.25,1.0
arguana,test-politics-eppghwlrba-pro01a,Jev V2,1.0,1.0,1.0
arguana,test-politics-eppghwlrba-pro01a,Jev V3,1.0,1.0,1.0
arguana,test-politics-eppghwlrba-pro01a,base (MaxSim@10),0.5,,
arguana,test-politics-eppghwlrba-pro03a,first stage,0.5,0.3333333333333333,1.0
arguana,test-politics-eppghwlrba-pro03a,cross-encoder,0.31546487678572877,0.125,1.0
arguana,test-politics-eppghwlrba-pro03a,Jev V1,0.5,0.3333333333333333,1.0
arguana,test-politics-eppghwlrba-pro03a,Jev V2,0.5,0.3333333333333333,1.0
arguana,test-politics-eppghwlrba-pro03a,Jev V3,0.5,0.3333333333333333,1.0
arguana,test-politics-eppghwlrba-pro03a,base (MaxSim@10),0.6309297535714575,,
arguana,test-politics-eppghwlrba-pro04a,first stage,1.0,1.0,1.0
arguana,test-politics-eppghwlrba-pro04a,cross-encoder,1.0,1.0,1.0
arguana,test-politics-eppghwlrba-pro04a,Jev V1,1.0,1.0,1.0
arguana,test-politics-eppghwlrba-pro04a,Jev V2,1.0,1.0,1.0
arguana,test-politics-eppghwlrba-pro04a,Jev V3,1.0,1.0,1.0
arguana,test-politics-eppghwlrba-pro04a,base (MaxSim@10),0.6309297535714575,,
arguana,test-politics-eppghwlrba-con02a,first stage,0.5,0.3333333333333333,1.0
arguana,test-politics-eppghwlrba-con02a,cross-encoder,1.0,1.0,1.0
arguana,test-politics-eppghwlrba-con02a,Jev V1,1.0,1.0,1.0
arguana,test-politics-eppghwlrba-con02a,Jev V2,1.0,1.0,1.0
arguana,test-politics-eppghwlrba-con02a,Jev V3,1.0,1.0,1.0
arguana,test-politics-eppghwlrba-con02a,base (MaxSim@10),0.3868528072345416,,
arguana,test-politics-eppghwlrba-con04a,first stage,0.43067655807339306,0.25,1.0
arguana,test-politics-eppghwlrba-con04a,cross-encoder,1.0,1.0,1.0
arguana,test-politics-eppghwlrba-con04a,Jev V1,1.0,1.0,1.0
arguana,test-politics-eppghwlrba-con04a,Jev V2,1.0,1.0,1.0
arguana,test-politics-eppghwlrba-con04a,Jev V3,1.0,1.0,1.0
arguana,test-politics-eppghwlrba-con04a,base (MaxSim@10),0.3154648767857287,,
arguana,test-politics-eppghwlrba-con03a,first stage,0.3333333333333333,0.14285714285714285,1.0
arguana,test-politics-eppghwlrba-con03a,cross-encoder,0.38685280723454163,0.2,1.0
arguana,test-politics-eppghwlrba-con03a,Jev V1,0.5,0.3333333333333333,1.0
arguana,test-politics-eppghwlrba-con03a,Jev V2,0.6309297535714575,0.5,1.0
arguana,test-politics-eppghwlrba-con03a,Jev V3,0.6309297535714575,0.5,1.0
arguana,test-politics-eppghwlrba-con03a,base (MaxSim@10),0.3562071871080222,,
arguana,test-politics-eppghwlrba-con01a,first stage,0.5,0.3333333333333333,1.0
arguana,test-politics-eppghwlrba-con01a,cross-encoder,1.0,1.0,1.0
arguana,test-politics-eppghwlrba-con01a,Jev V1,1.0,1.0,1.0
arguana,test-politics-eppghwlrba-con01a,Jev V2,1.0,1.0,1.0
arguana,test-politics-eppghwlrba-con01a,Jev V3,1.0,1.0,1.0
arguana,test-politics-eppghwlrba-con01a,base (MaxSim@10),0.6309297535714575,,
arguana,test-politics-eppghwgpi-pro02a,first stage,1.0,1.0,1.0
arguana,test-politics-eppghwgpi-pro02a,cross-encoder,1.0,1.0,1.0
arguana,test-politics-eppghwgpi-pro02a,Jev V1,1.0,1.0,1.0
arguana,test-politics-eppghwgpi-pro02a,Jev V2,1.0,1.0,1.0
arguana,test-politics-eppghwgpi-pro02a,Jev V3,1.0,1.0,1.0
arguana,test-politics-eppghwgpi-pro02a,base (MaxSim@10),1.0,,
arguana,test-politics-eppghwgpi-pro05a,first stage,1.0,1.0,1.0
arguana,test-politics-eppghwgpi-pro05a,cross-encoder,1.0,1.0,1.0
arguana,test-politics-eppghwgpi-pro05a,Jev V1,0.38685280723454163,0.2,1.0
arguana,test-politics-eppghwgpi-pro05a,Jev V2,0.6309297535714575,0.5,1.0
arguana,test-politics-eppghwgpi-pro05a,Jev V3,0.6309297535714575,0.5,1.0
arguana,test-politics-eppghwgpi-pro05a,base (MaxSim@10),1.0,,
arguana,test-politics-eppghwgpi-pro01a,first stage,0.38685280723454163,0.2,1.0
arguana,test-politics-eppghwgpi-pro01a,cross-encoder,1.0,1.0,1.0
arguana,test-politics-eppghwgpi-pro01a,Jev V1,1.0,1.0,1.0
arguana,test-politics-eppghwgpi-pro01a,Jev V2,0.5,0.3333333333333333,1.0
arguana,test-politics-eppghwgpi-pro01a,Jev V3,1.0,1.0,1.0
arguana,test-politics-eppghwgpi-pro01a,base (MaxSim@10),0.3562071871080222,,
arguana,test-politics-eppghwgpi-pro03a,first stage,0.0,0.0,0.0
arguana,test-politics-eppghwgpi-pro03a,cross-encoder,0.31546487678572877,0.125,1.0
arguana,test-politics-eppghwgpi-pro03a,Jev V1,1.0,1.0,1.0
arguana,test-politics-eppghwgpi-pro03a,Jev V2,1.0,1.0,1.0
arguana,test-politics-eppghwgpi-pro03a,Jev V3,1.0,1.0,1.0
arguana,test-politics-eppghwgpi-pro03a,base (MaxSim@10),0.0,,
arguana,test-politics-eppghwgpi-pro04a,first stage,0.3333333333333333,0.14285714285714285,1.0
arguana,test-politics-eppghwgpi-pro04a,cross-encoder,0.6309297535714575,0.5,1.0
arguana,test-politics-eppghwgpi-pro04a,Jev V1,0.31546487678572877,0.125,1.0
arguana,test-politics-eppghwgpi-pro04a,Jev V2,0.3010299956639812,0.1111111111111111,1.0
arguana,test-politics-eppghwgpi-pro04a,Jev V3,0.0,0.0,0.0
arguana,test-politics-eppghwgpi-pro04a,base (MaxSim@10),0.3562071871080222,,
arguana,test-politics-eppghwgpi-con02a,first stage,0.0,0.0,0.0
arguana,test-politics-eppghwgpi-con02a,cross-encoder,0.38685280723454163,0.2,1.0
arguana,test-politics-eppghwgpi-con02a,Jev V1,1.0,1.0,1.0
arguana,test-politics-eppghwgpi-con02a,Jev V2,0.5,0.3333333333333333,1.0
arguana,test-politics-eppghwgpi-con02a,Jev V3,1.0,1.0,1.0
arguana,test-politics-eppghwgpi-con02a,base (MaxSim@10),0.0,,
arguana,test-politics-eppghwgpi-con05a,first stage,0.38685280723454163,0.2,1.0
arguana,test-politics-eppghwgpi-con05a,cross-encoder,1.0,1.0,1.0
arguana,test-politics-eppghwgpi-con05a,Jev V1,0.38685280723454163,0.2,1.0
arguana,test-politics-eppghwgpi-con05a,Jev V2,0.38685280723454163,0.2,1.0
arguana,test-politics-eppghwgpi-con05a,Jev V3,0.6309297535714575,0.5,1.0
arguana,test-politics-eppghwgpi-con05a,base (MaxSim@10),0.3868528072345416,,
arguana,test-politics-eppghwgpi-con04a,first stage,0.6309297535714575,0.5,1.0
arguana,test-politics-eppghwgpi-con04a,cross-encoder,0.5,0.3333333333333333,1.0
arguana,test-politics-eppghwgpi-con04a,Jev V1,0.43067655807339306,0.25,1.0
arguana,test-politics-eppghwgpi-con04a,Jev V2,0.3333333333333333,0.14285714285714285,1.0
arguana,test-politics-eppghwgpi-con04a,Jev V3,0.6309297535714575,0.5,1.0
arguana,test-politics-eppghwgpi-con04a,base (MaxSim@10),0.6309297535714575,,
arguana,test-politics-eppghwgpi-con03a,first stage,1.0,1.0,1.0
arguana,test-politics-eppghwgpi-con03a,cross-encoder,1.0,1.0,1.0
arguana,test-politics-eppghwgpi-con03a,Jev V1,0.0,0.0,0.0
arguana,test-politics-eppghwgpi-con03a,Jev V2,0.3010299956639812,0.1111111111111111,1.0
arguana,test-politics-eppghwgpi-con03a,Jev V3,0.6309297535714575,0.5,1.0
arguana,test-politics-eppghwgpi-con03a,base (MaxSim@10),1.0,,
arguana,test-politics-eppghwgpi-con01a,first stage,0.31546487678572877,0.125,1.0
arguana,test-politics-eppghwgpi-con01a,cross-encoder,0.43067655807339306,0.25,1.0
arguana,test-politics-eppghwgpi-con01a,Jev V1,0.38685280723454163,0.2,1.0
arguana,test-politics-eppghwgpi-con01a,Jev V2,0.38685280723454163,0.2,1.0
arguana,test-politics-eppghwgpi-con01a,Jev V3,0.3333333333333333,0.14285714285714285,1.0
arguana,test-politics-eppghwgpi-con01a,base (MaxSim@10),0.3010299956639812,,
arguana,test-politics-glgvhbqssc-pro02a,first stage,0.6309297535714575,0.5,1.0
arguana,test-politics-glgvhbqssc-pro02a,cross-encoder,0.6309297535714575,0.5,1.0
arguana,test-politics-glgvhbqssc-pro02a,Jev V1,1.0,1.0,1.0
arguana,test-politics-glgvhbqssc-pro02a,Jev V2,0.6309297535714575,0.5,1.0
arguana,test-politics-glgvhbqssc-pro02a,Jev V3,0.6309297535714575,0.5,1.0
arguana,test-politics-glgvhbqssc-pro02a,base (MaxSim@10),0.6309297535714575,,
arguana,test-politics-glgvhbqssc-pro01a,first stage,1.0,1.0,1.0
arguana,test-politics-glgvhbqssc-pro01a,cross-encoder,1.0,1.0,1.0
arguana,test-politics-glgvhbqssc-pro01a,Jev V1,1.0,1.0,1.0
arguana,test-politics-glgvhbqssc-pro01a,Jev V2,1.0,1.0,1.0
arguana,test-politics-glgvhbqssc-pro01a,Jev V3,1.0,1.0,1.0
arguana,test-politics-glgvhbqssc-pro01a,base (MaxSim@10),1.0,,
arguana,test-politics-glgvhbqssc-pro03a,first stage,1.0,1.0,1.0
arguana,test-politics-glgvhbqssc-pro03a,cross-encoder,1.0,1.0,1.0
arguana,test-politics-glgvhbqssc-pro03a,Jev V1,0.43067655807339306,0.25,1.0
arguana,test-politics-glgvhbqssc-pro03a,Jev V2,0.5,0.3333333333333333,1.0
arguana,test-politics-glgvhbqssc-pro03a,Jev V3,0.6309297535714575,0.5,1.0
arguana,test-politics-glgvhbqssc-pro03a,base (MaxSim@10),1.0,,
arguana,test-politics-glgvhbqssc-con02a,first stage,0.3010299956639812,0.1111111111111111,1.0
arguana,test-politics-glgvhbqssc-con02a,cross-encoder,0.3333333333333333,0.14285714285714285,1.0
arguana,test-politics-glgvhbqssc-con02a,Jev V1,0.3562071871080222,0.16666666666666666,1.0
arguana,test-politics-glgvhbqssc-con02a,Jev V2,0.3562071871080222,0.16666666666666666,1.0
arguana,test-politics-glgvhbqssc-con02a,Jev V3,0.31546487678572877,0.125,1.0
arguana,test-politics-glgvhbqssc-con02a,base (MaxSim@10),0.3154648767857287,,
arguana,test-politics-glgvhbqssc-con01a,first stage,1.0,1.0,1.0
arguana,test-politics-glgvhbqssc-con01a,cross-encoder,1.0,1.0,1.0
arguana,test-politics-glgvhbqssc-con01a,Jev V1,1.0,1.0,1.0
arguana,test-politics-glgvhbqssc-con01a,Jev V2,1.0,1.0,1.0
arguana,test-politics-glgvhbqssc-con01a,Jev V3,1.0,1.0,1.0
arguana,test-politics-glgvhbqssc-con01a,base (MaxSim@10),1.0,,
arguana,test-politics-gvhwhnerse-pro02a,first stage,0.3333333333333333,0.14285714285714285,1.0
arguana,test-politics-gvhwhnerse-pro02a,cross-encoder,0.31546487678572877,0.125,1.0
arguana,test-politics-gvhwhnerse-pro02a,Jev V1,1.0,1.0,1.0
arguana,test-politics-gvhwhnerse-pro02a,Jev V2,1.0,1.0,1.0
arguana,test-politics-gvhwhnerse-pro02a,Jev V3,0.6309297535714575,0.5,1.0
arguana,test-politics-gvhwhnerse-pro02a,base (MaxSim@10),0.3154648767857287,,
arguana,test-politics-gvhwhnerse-pro01a,first stage,1.0,1.0,1.0
arguana,test-politics-gvhwhnerse-pro01a,cross-encoder,1.0,1.0,1.0
arguana,test-politics-gvhwhnerse-pro01a,Jev V1,1.0,1.0,1.0
arguana,test-politics-gvhwhnerse-pro01a,Jev V2,0.3562071871080222,0.16666666666666666,1.0
arguana,test-politics-gvhwhnerse-pro01a,Jev V3,1.0,1.0,1.0
arguana,test-politics-gvhwhnerse-pro01a,base (MaxSim@10),0.430676558073393,,
arguana,test-politics-gvhwhnerse-pro03a,first stage,1.0,1.0,1.0
arguana,test-politics-gvhwhnerse-pro03a,cross-encoder,1.0,1.0,1.0
arguana,test-politics-gvhwhnerse-pro03a,Jev V1,1.0,1.0,1.0
arguana,test-politics-gvhwhnerse-pro03a,Jev V2,1.0,1.0,1.0
arguana,test-politics-gvhwhnerse-pro03a,Jev V3,1.0,1.0,1.0
arguana,test-politics-gvhwhnerse-pro03a,base (MaxSim@10),0.430676558073393,,
arguana,test-politics-gvhwhnerse-pro04a,first stage,0.5,0.3333333333333333,1.0
arguana,test-politics-gvhwhnerse-pro04a,cross-encoder,0.31546487678572877,0.125,1.0
arguana,test-politics-gvhwhnerse-pro04a,Jev V1,0.6309297535714575,0.5,1.0
arguana,test-politics-gvhwhnerse-pro04a,Jev V2,0.6309297535714575,0.5,1.0
arguana,test-politics-gvhwhnerse-pro04a,Jev V3,1.0,1.0,1.0
arguana,test-politics-gvhwhnerse-pro04a,base (MaxSim@10),0.6309297535714575,,
arguana,test-politics-gvhwhnerse-con02a,first stage,0.0,0.0,0.0
arguana,test-politics-gvhwhnerse-con02a,cross-encoder,0.0,0.0,0.0
arguana,test-politics-gvhwhnerse-con02a,Jev V1,0.0,0.0,0.0
arguana,test-politics-gvhwhnerse-con02a,Jev V2,0.0,0.0,0.0
arguana,test-politics-gvhwhnerse-con02a,Jev V3,0.0,0.0,0.0
arguana,test-politics-gvhwhnerse-con02a,base (MaxSim@10),0.0,,
arguana,test-politics-gvhwhnerse-con04a,first stage,0.0,0.0,0.0
arguana,test-politics-gvhwhnerse-con04a,cross-encoder,0.0,0.0,0.0
arguana,test-politics-gvhwhnerse-con04a,Jev V1,0.0,0.0,0.0
arguana,test-politics-gvhwhnerse-con04a,Jev V2,0.0,0.0,0.0
arguana,test-politics-gvhwhnerse-con04a,Jev V3,0.0,0.0,0.0
arguana,test-politics-gvhwhnerse-con04a,base (MaxSim@10),0.0,,
arguana,test-politics-gvhwhnerse-con03a,first stage,0.6309297535714575,0.5,1.0
arguana,test-politics-gvhwhnerse-con03a,cross-encoder,1.0,1.0,1.0
arguana,test-politics-gvhwhnerse-con03a,Jev V1,0.6309297535714575,0.5,1.0
arguana,test-politics-gvhwhnerse-con03a,Jev V2,0.5,0.3333333333333333,1.0
arguana,test-politics-gvhwhnerse-con03a,Jev V3,1.0,1.0,1.0
arguana,test-politics-gvhwhnerse-con03a,base (MaxSim@10),1.0,,
arguana,test-politics-gvhwhnerse-con01a,first stage,0.6309297535714575,0.5,1.0
arguana,test-politics-gvhwhnerse-con01a,cross-encoder,1.0,1.0,1.0
arguana,test-politics-gvhwhnerse-con01a,Jev V1,0.5,0.3333333333333333,1.0
arguana,test-politics-gvhwhnerse-con01a,Jev V2,1.0,1.0,1.0
arguana,test-politics-gvhwhnerse-con01a,Jev V3,1.0,1.0,1.0
arguana,test-politics-gvhwhnerse-con01a,base (MaxSim@10),1.0,,
arguana,test-politics-lghwdecm-pro02a,first stage,0.6309297535714575,0.5,1.0
arguana,test-politics-lghwdecm-pro02a,cross-encoder,1.0,1.0,1.0
arguana,test-politics-lghwdecm-pro02a,Jev V1,1.0,1.0,1.0
arguana,test-politics-lghwdecm-pro02a,Jev V2,1.0,1.0,1.0
arguana,test-politics-lghwdecm-pro02a,Jev V3,1.0,1.0,1.0
arguana,test-politics-lghwdecm-pro02a,base (MaxSim@10),0.6309297535714575,,
arguana,test-politics-lghwdecm-pro01a,first stage,0.6309297535714575,0.5,1.0
arguana,test-politics-lghwdecm-pro01a,cross-encoder,1.0,1.0,1.0
arguana,test-politics-lghwdecm-pro01a,Jev V1,1.0,1.0,1.0
arguana,test-politics-lghwdecm-pro01a,Jev V2,1.0,1.0,1.0
arguana,test-politics-lghwdecm-pro01a,Jev V3,1.0,1.0,1.0
arguana,test-politics-lghwdecm-pro01a,base (MaxSim@10),0.5,,
arguana,test-politics-lghwdecm-pro03a,first stage,0.3562071871080222,0.16666666666666666,1.0
arguana,test-politics-lghwdecm-pro03a,cross-encoder,1.0,1.0,1.0
arguana,test-politics-lghwdecm-pro03a,Jev V1,0.6309297535714575,0.5,1.0
arguana,test-politics-lghwdecm-pro03a,Jev V2,0.6309297535714575,0.5,1.0
arguana,test-politics-lghwdecm-pro03a,Jev V3,1.0,1.0,1.0
arguana,test-politics-lghwdecm-pro03a,base (MaxSim@10),0.3154648767857287,,
arguana,test-politics-lghwdecm-pro04a,first stage,0.0,0.0,0.0
arguana,test-politics-lghwdecm-pro04a,cross-encoder,1.0,1.0,1.0
arguana,test-politics-lghwdecm-pro04a,Jev V1,1.0,1.0,1.0
arguana,test-politics-lghwdecm-pro04a,Jev V2,1.0,1.0,1.0
arguana,test-politics-lghwdecm-pro04a,Jev V3,1.0,1.0,1.0
arguana,test-politics-lghwdecm-pro04a,base (MaxSim@10),0.0,,
arguana,test-politics-lghwdecm-con02a,first stage,0.43067655807339306,0.25,1.0
arguana,test-politics-lghwdecm-con02a,cross-encoder,1.0,1.0,1.0
arguana,test-politics-lghwdecm-con02a,Jev V1,1.0,1.0,1.0
arguana,test-politics-lghwdecm-con02a,Jev V2,0.6309297535714575,0.5,1.0
arguana,test-politics-lghwdecm-con02a,Jev V3,1.0,1.0,1.0
arguana,test-politics-lghwdecm-con02a,base (MaxSim@10),0.3010299956639812,,
arguana,test-politics-lghwdecm-con04a,first stage,0.38685280723454163,0.2,1.0
arguana,test-politics-lghwdecm-con04a,cross-encoder,1.0,1.0,1.0
arguana,test-politics-lghwdecm-con04a,Jev V1,1.0,1.0,1.0
arguana,test-politics-lghwdecm-con04a,Jev V2,1.0,1.0,1.0
arguana,test-politics-lghwdecm-con04a,Jev V3,1.0,1.0,1.0
arguana,test-politics-lghwdecm-con04a,base (MaxSim@10),0.3333333333333333,,
arguana,test-politics-lghwdecm-con03a,first stage,1.0,1.0,1.0
arguana,test-politics-lghwdecm-con03a,cross-encoder,1.0,1.0,1.0
arguana,test-politics-lghwdecm-con03a,Jev V1,1.0,1.0,1.0
arguana,test-politics-lghwdecm-con03a,Jev V2,1.0,1.0,1.0
arguana,test-politics-lghwdecm-con03a,Jev V3,1.0,1.0,1.0
arguana,test-politics-lghwdecm-con03a,base (MaxSim@10),1.0,,
arguana,test-politics-lghwdecm-con01a,first stage,0.5,0.3333333333333333,1.0
arguana,test-politics-lghwdecm-con01a,cross-encoder,0.6309297535714575,0.5,1.0
arguana,test-politics-lghwdecm-con01a,Jev V1,1.0,1.0,1.0
arguana,test-politics-lghwdecm-con01a,Jev V2,1.0,1.0,1.0
arguana,test-politics-lghwdecm-con01a,Jev V3,1.0,1.0,1.0
arguana,test-politics-lghwdecm-con01a,base (MaxSim@10),0.5,,
arguana,test-politics-ypppdghwid-pro02a,first stage,1.0,1.0,1.0
arguana,test-politics-ypppdghwid-pro02a,cross-encoder,1.0,1.0,1.0
arguana,test-politics-ypppdghwid-pro02a,Jev V1,0.5,0.3333333333333333,1.0
arguana,test-politics-ypppdghwid-pro02a,Jev V2,0.3562071871080222,0.16666666666666666,1.0
arguana,test-politics-ypppdghwid-pro02a,Jev V3,0.6309297535714575,0.5,1.0
arguana,test-politics-ypppdghwid-pro02a,base (MaxSim@10),0.6309297535714575,,
arguana,test-politics-ypppdghwid-pro01a,first stage,0.6309297535714575,0.5,1.0
arguana,test-politics-ypppdghwid-pro01a,cross-encoder,1.0,1.0,1.0
arguana,test-politics-ypppdghwid-pro01a,Jev V1,0.5,0.3333333333333333,1.0
arguana,test-politics-ypppdghwid-pro01a,Jev V2,0.3333333333333333,0.14285714285714285,1.0
arguana,test-politics-ypppdghwid-pro01a,Jev V3,0.6309297535714575,0.5,1.0
arguana,test-politics-ypppdghwid-pro01a,base (MaxSim@10),0.3154648767857287,,
arguana,test-politics-ypppdghwid-pro03a,first stage,1.0,1.0,1.0
arguana,test-politics-ypppdghwid-pro03a,cross-encoder,1.0,1.0,1.0
arguana,test-politics-ypppdghwid-pro03a,Jev V1,1.0,1.0,1.0
arguana,test-politics-ypppdghwid-pro03a,Jev V2,1.0,1.0,1.0
arguana,test-politics-ypppdghwid-pro03a,Jev V3,1.0,1.0,1.0
arguana,test-politics-ypppdghwid-pro03a,base (MaxSim@10),1.0,,
arguana,test-politics-ypppdghwid-pro04a,first stage,1.0,1.0,1.0
arguana,test-politics-ypppdghwid-pro04a,cross-encoder,1.0,1.0,1.0
arguana,test-politics-ypppdghwid-pro04a,Jev V1,1.0,1.0,1.0
arguana,test-politics-ypppdghwid-pro04a,Jev V2,1.0,1.0,1.0
arguana,test-politics-ypppdghwid-pro04a,Jev V3,1.0,1.0,1.0
arguana,test-politics-ypppdghwid-pro04a,base (MaxSim@10),1.0,,
arguana,test-politics-ypppdghwid-con02a,first stage,1.0,1.0,1.0
arguana,test-politics-ypppdghwid-con02a,cross-encoder,1.0,1.0,1.0
arguana,test-politics-ypppdghwid-con02a,Jev V1,1.0,1.0,1.0
arguana,test-politics-ypppdghwid-con02a,Jev V2,1.0,1.0,1.0
arguana,test-politics-ypppdghwid-con02a,Jev V3,1.0,1.0,1.0
arguana,test-politics-ypppdghwid-con02a,base (MaxSim@10),0.5,,
arguana,test-politics-ypppdghwid-con05a,first stage,1.0,1.0,1.0
arguana,test-politics-ypppdghwid-con05a,cross-encoder,1.0,1.0,1.0
arguana,test-politics-ypppdghwid-con05a,Jev V1,0.3562071871080222,0.16666666666666666,1.0
arguana,test-politics-ypppdghwid-con05a,Jev V2,0.38685280723454163,0.2,1.0
arguana,test-politics-ypppdghwid-con05a,Jev V3,0.43067655807339306,0.25,1.0
arguana,test-politics-ypppdghwid-con05a,base (MaxSim@10),0.6309297535714575,,
arguana,test-politics-ypppdghwid-con04a,first stage,0.6309297535714575,0.5,1.0
arguana,test-politics-ypppdghwid-con04a,cross-encoder,0.3562071871080222,0.16666666666666666,1.0
arguana,test-politics-ypppdghwid-con04a,Jev V1,0.43067655807339306,0.25,1.0
arguana,test-politics-ypppdghwid-con04a,Jev V2,0.6309297535714575,0.5,1.0
arguana,test-politics-ypppdghwid-con04a,Jev V3,1.0,1.0,1.0
arguana,test-politics-ypppdghwid-con04a,base (MaxSim@10),0.5,,
arguana,test-politics-ypppdghwid-con03a,first stage,0.3333333333333333,0.14285714285714285,1.0
arguana,test-politics-ypppdghwid-con03a,cross-encoder,0.6309297535714575,0.5,1.0
arguana,test-politics-ypppdghwid-con03a,Jev V1,0.5,0.3333333333333333,1.0
arguana,test-politics-ypppdghwid-con03a,Jev V2,1.0,1.0,1.0
arguana,test-politics-ypppdghwid-con03a,Jev V3,0.6309297535714575,0.5,1.0
arguana,test-politics-ypppdghwid-con03a,base (MaxSim@10),0.430676558073393,,
arguana,test-politics-ypppdghwid-con01a,first stage,0.6309297535714575,0.5,1.0
arguana,test-politics-ypppdghwid-con01a,cross-encoder,1.0,1.0,1.0
arguana,test-politics-ypppdghwid-con01a,Jev V1,0.5,0.3333333333333333,1.0
arguana,test-politics-ypppdghwid-con01a,Jev V2,0.38685280723454163,0.2,1.0
arguana,test-politics-ypppdghwid-con01a,Jev V3,1.0,1.0,1.0
arguana,test-politics-ypppdghwid-con01a,base (MaxSim@10),0.430676558073393,,
arguana,test-politics-gvhbhlsbr-pro02a,first stage,0.5,0.3333333333333333,1.0
arguana,test-politics-gvhbhlsbr-pro02a,cross-encoder,1.0,1.0,1.0
arguana,test-politics-gvhbhlsbr-pro02a,Jev V1,1.0,1.0,1.0
arguana,test-politics-gvhbhlsbr-pro02a,Jev V2,1.0,1.0,1.0
arguana,test-politics-gvhbhlsbr-pro02a,Jev V3,1.0,1.0,1.0
arguana,test-politics-gvhbhlsbr-pro02a,base (MaxSim@10),0.430676558073393,,
arguana,test-politics-gvhbhlsbr-pro01a,first stage,0.38685280723454163,0.2,1.0
arguana,test-politics-gvhbhlsbr-pro01a,cross-encoder,0.6309297535714575,0.5,1.0
arguana,test-politics-gvhbhlsbr-pro01a,Jev V1,0.2890648263178879,0.1,1.0
arguana,test-politics-gvhbhlsbr-pro01a,Jev V2,0.3562071871080222,0.16666666666666666,1.0
arguana,test-politics-gvhbhlsbr-pro01a,Jev V3,0.3333333333333333,0.14285714285714285,1.0
arguana,test-politics-gvhbhlsbr-pro01a,base (MaxSim@10),0.3154648767857287,,
arguana,test-politics-gvhbhlsbr-pro03a,first stage,0.43067655807339306,0.25,1.0
arguana,test-politics-gvhbhlsbr-pro03a,cross-encoder,1.0,1.0,1.0
arguana,test-politics-gvhbhlsbr-pro03a,Jev V1,0.6309297535714575,0.5,1.0
arguana,test-politics-gvhbhlsbr-pro03a,Jev V2,1.0,1.0,1.0
arguana,test-politics-gvhbhlsbr-pro03a,Jev V3,0.43067655807339306,0.25,1.0
arguana,test-politics-gvhbhlsbr-pro03a,base (MaxSim@10),0.430676558073393,,
arguana,test-politics-gvhbhlsbr-pro04a,first stage,0.5,0.3333333333333333,1.0
arguana,test-politics-gvhbhlsbr-pro04a,cross-encoder,1.0,1.0,1.0
arguana,test-politics-gvhbhlsbr-pro04a,Jev V1,0.3333333333333333,0.14285714285714285,1.0
arguana,test-politics-gvhbhlsbr-pro04a,Jev V2,0.3333333333333333,0.14285714285714285,1.0
arguana,test-politics-gvhbhlsbr-pro04a,Jev V3,0.31546487678572877,0.125,1.0
arguana,test-politics-gvhbhlsbr-pro04a,base (MaxSim@10),1.0,,
arguana,test-politics-gvhbhlsbr-con02a,first stage,1.0,1.0,1.0
arguana,test-politics-gvhbhlsbr-con02a,cross-encoder,1.0,1.0,1.0
arguana,test-politics-gvhbhlsbr-con02a,Jev V1,1.0,1.0,1.0
arguana,test-politics-gvhbhlsbr-con02a,Jev V2,0.6309297535714575,0.5,1.0
arguana,test-politics-gvhbhlsbr-con02a,Jev V3,0.6309297535714575,0.5,1.0
arguana,test-politics-gvhbhlsbr-con02a,base (MaxSim@10),1.0,,
arguana,test-politics-gvhbhlsbr-con04a,first stage,0.5,0.3333333333333333,1.0
arguana,test-politics-gvhbhlsbr-con04a,cross-encoder,1.0,1.0,1.0
arguana,test-politics-gvhbhlsbr-con04a,Jev V1,1.0,1.0,1.0
arguana,test-politics-gvhbhlsbr-con04a,Jev V2,1.0,1.0,1.0
arguana,test-politics-gvhbhlsbr-con04a,Jev V3,1.0,1.0,1.0
arguana,test-politics-gvhbhlsbr-con04a,base (MaxSim@10),0.5,,
arguana,test-politics-gvhbhlsbr-con03a,first stage,0.5,0.3333333333333333,1.0
arguana,test-politics-gvhbhlsbr-con03a,cross-encoder,1.0,1.0,1.0
arguana,test-politics-gvhbhlsbr-con03a,Jev V1,0.43067655807339306,0.25,1.0
arguana,test-politics-gvhbhlsbr-con03a,Jev V2,0.6309297535714575,0.5,1.0
arguana,test-politics-gvhbhlsbr-con03a,Jev V3,1.0,1.0,1.0
arguana,test-politics-gvhbhlsbr-con03a,base (MaxSim@10),1.0,,
arguana,test-politics-gvhbhlsbr-con01a,first stage,0.5,0.3333333333333333,1.0
arguana,test-politics-gvhbhlsbr-con01a,cross-encoder,1.0,1.0,1.0
arguana,test-politics-gvhbhlsbr-con01a,Jev V1,0.6309297535714575,0.5,1.0
arguana,test-politics-gvhbhlsbr-con01a,Jev V2,1.0,1.0,1.0
arguana,test-politics-gvhbhlsbr-con01a,Jev V3,1.0,1.0,1.0
arguana,test-politics-gvhbhlsbr-con01a,base (MaxSim@10),0.430676558073393,,
arguana,test-politics-cdmaggpdgdf-pro02a,first stage,0.3562071871080222,0.16666666666666666,1.0
arguana,test-politics-cdmaggpdgdf-pro02a,cross-encoder,1.0,1.0,1.0
arguana,test-politics-cdmaggpdgdf-pro02a,Jev V1,0.6309297535714575,0.5,1.0
arguana,test-politics-cdmaggpdgdf-pro02a,Jev V2,1.0,1.0,1.0
arguana,test-politics-cdmaggpdgdf-pro02a,Jev V3,1.0,1.0,1.0
arguana,test-politics-cdmaggpdgdf-pro02a,base (MaxSim@10),0.3010299956639812,,
arguana,test-politics-cdmaggpdgdf-pro05a,first stage,1.0,1.0,1.0
arguana,test-politics-cdmaggpdgdf-pro05a,cross-encoder,1.0,1.0,1.0
arguana,test-politics-cdmaggpdgdf-pro05a,Jev V1,1.0,1.0,1.0
arguana,test-politics-cdmaggpdgdf-pro05a,Jev V2,0.6309297535714575,0.5,1.0
arguana,test-politics-cdmaggpdgdf-pro05a,Jev V3,1.0,1.0,1.0
arguana,test-politics-cdmaggpdgdf-pro05a,base (MaxSim@10),1.0,,
arguana,test-politics-cdmaggpdgdf-pro01a,first stage,0.5,0.3333333333333333,1.0
arguana,test-politics-cdmaggpdgdf-pro01a,cross-encoder,1.0,1.0,1.0
arguana,test-politics-cdmaggpdgdf-pro01a,Jev V1,0.38685280723454163,0.2,1.0
arguana,test-politics-cdmaggpdgdf-pro01a,Jev V2,0.6309297535714575,0.5,1.0
arguana,test-politics-cdmaggpdgdf-pro01a,Jev V3,0.6309297535714575,0.5,1.0
arguana,test-politics-cdmaggpdgdf-pro01a,base (MaxSim@10),1.0,,
arguana,test-politics-cdmaggpdgdf-pro03a,first stage,0.3333333333333333,0.14285714285714285,1.0
arguana,test-politics-cdmaggpdgdf-pro03a,cross-encoder,1.0,1.0,1.0
arguana,test-politics-cdmaggpdgdf-pro03a,Jev V1,1.0,1.0,1.0
arguana,test-politics-cdmaggpdgdf-pro03a,Jev V2,0.6309297535714575,0.5,1.0
arguana,test-politics-cdmaggpdgdf-pro03a,Jev V3,0.6309297535714575,0.5,1.0
arguana,test-politics-cdmaggpdgdf-pro03a,base (MaxSim@10),0.3333333333333333,,
arguana,test-politics-cdmaggpdgdf-pro04a,first stage,0.6309297535714575,0.5,1.0
arguana,test-politics-cdmaggpdgdf-pro04a,cross-encoder,1.0,1.0,1.0
arguana,test-politics-cdmaggpdgdf-pro04a,Jev V1,1.0,1.0,1.0
arguana,test-politics-cdmaggpdgdf-pro04a,Jev V2,0.3562071871080222,0.16666666666666666,1.0
arguana,test-politics-cdmaggpdgdf-pro04a,Jev V3,1.0,1.0,1.0
arguana,test-politics-cdmaggpdgdf-pro04a,base (MaxSim@10),0.430676558073393,,
arguana,test-politics-cdmaggpdgdf-con02a,first stage,0.31546487678572877,0.125,1.0
arguana,test-politics-cdmaggpdgdf-con02a,cross-encoder,0.6309297535714575,0.5,1.0
arguana,test-politics-cdmaggpdgdf-con02a,Jev V1,0.6309297535714575,0.5,1.0
arguana,test-politics-cdmaggpdgdf-con02a,Jev V2,0.3010299956639812,0.1111111111111111,1.0
arguana,test-politics-cdmaggpdgdf-con02a,Jev V3,0.5,0.3333333333333333,1.0
arguana,test-politics-cdmaggpdgdf-con02a,base (MaxSim@10),0.3010299956639812,,
arguana,test-politics-cdmaggpdgdf-con05a,first stage,1.0,1.0,1.0
arguana,test-politics-cdmaggpdgdf-con05a,cross-encoder,1.0,1.0,1.0
arguana,test-politics-cdmaggpdgdf-con05a,Jev V1,0.6309297535714575,0.5,1.0
arguana,test-politics-cdmaggpdgdf-con05a,Jev V2,0.43067655807339306,0.25,1.0
arguana,test-politics-cdmaggpdgdf-con05a,Jev V3,0.6309297535714575,0.5,1.0
arguana,test-politics-cdmaggpdgdf-con05a,base (MaxSim@10),1.0,,
arguana,test-politics-cdmaggpdgdf-con04a,first stage,0.6309297535714575,0.5,1.0
arguana,test-politics-cdmaggpdgdf-con04a,cross-encoder,1.0,1.0,1.0
arguana,test-politics-cdmaggpdgdf-con04a,Jev V1,0.6309297535714575,0.5,1.0
arguana,test-politics-cdmaggpdgdf-con04a,Jev V2,0.6309297535714575,0.5,1.0
arguana,test-politics-cdmaggpdgdf-con04a,Jev V3,0.6309297535714575,0.5,1.0
arguana,test-politics-cdmaggpdgdf-con04a,base (MaxSim@10),0.6309297535714575,,
arguana,test-politics-cdmaggpdgdf-con03a,first stage,0.6309297535714575,0.5,1.0
arguana,test-politics-cdmaggpdgdf-con03a,cross-encoder,1.0,1.0,1.0
arguana,test-politics-cdmaggpdgdf-con03a,Jev V1,1.0,1.0,1.0
arguana,test-politics-cdmaggpdgdf-con03a,Jev V2,1.0,1.0,1.0
arguana,test-politics-cdmaggpdgdf-con03a,Jev V3,1.0,1.0,1.0
arguana,test-politics-cdmaggpdgdf-con03a,base (MaxSim@10),0.6309297535714575,,
arguana,test-politics-cdmaggpdgdf-con01a,first stage,1.0,1.0,1.0
arguana,test-politics-cdmaggpdgdf-con01a,cross-encoder,1.0,1.0,1.0
arguana,test-politics-cdmaggpdgdf-con01a,Jev V1,1.0,1.0,1.0
arguana,test-politics-cdmaggpdgdf-con01a,Jev V2,0.3562071871080222,0.16666666666666666,1.0
arguana,test-politics-cdmaggpdgdf-con01a,Jev V3,1.0,1.0,1.0
arguana,test-politics-cdmaggpdgdf-con01a,base (MaxSim@10),0.3562071871080222,,
arguana,test-politics-oepdlhfcefp-pro02a,first stage,0.0,0.0,0.0
arguana,test-politics-oepdlhfcefp-pro02a,cross-encoder,0.6309297535714575,0.5,1.0
arguana,test-politics-oepdlhfcefp-pro02a,Jev V1,0.6309297535714575,0.5,1.0
arguana,test-politics-oepdlhfcefp-pro02a,Jev V2,1.0,1.0,1.0
arguana,test-politics-oepdlhfcefp-pro02a,Jev V3,0.3562071871080222,0.16666666666666666,1.0
arguana,test-politics-oepdlhfcefp-pro02a,base (MaxSim@10),0.0,,
arguana,test-politics-oepdlhfcefp-pro01a,first stage,0.5,0.3333333333333333,1.0
arguana,test-politics-oepdlhfcefp-pro01a,cross-encoder,1.0,1.0,1.0
arguana,test-politics-oepdlhfcefp-pro01a,Jev V1,0.5,0.3333333333333333,1.0
arguana,test-politics-oepdlhfcefp-pro01a,Jev V2,0.6309297535714575,0.5,1.0
arguana,test-politics-oepdlhfcefp-pro01a,Jev V3,0.5,0.3333333333333333,1.0
arguana,test-politics-oepdlhfcefp-pro01a,base (MaxSim@10),0.6309297535714575,,
arguana,test-politics-oepdlhfcefp-pro03a,first stage,0.2890648263178879,0.1,1.0
arguana,test-politics-oepdlhfcefp-pro03a,cross-encoder,0.6309297535714575,0.5,1.0
arguana,test-politics-oepdlhfcefp-pro03a,Jev V1,0.43067655807339306,0.25,1.0
arguana,test-politics-oepdlhfcefp-pro03a,Jev V2,1.0,1.0,1.0
arguana,test-politics-oepdlhfcefp-pro03a,Jev V3,0.3333333333333333,0.14285714285714285,1.0
arguana,test-politics-oepdlhfcefp-pro03a,base (MaxSim@10),0.3562071871080222,,
arguana,test-politics-oepdlhfcefp-pro04a,first stage,0.2890648263178879,0.1,1.0
arguana,test-politics-oepdlhfcefp-pro04a,cross-encoder,0.38685280723454163,0.2,1.0
arguana,test-politics-oepdlhfcefp-pro04a,Jev V1,0.43067655807339306,0.25,1.0
arguana,test-politics-oepdlhfcefp-pro04a,Jev V2,0.5,0.3333333333333333,1.0
arguana,test-politics-oepdlhfcefp-pro04a,Jev V3,0.5,0.3333333333333333,1.0
arguana,test-politics-oepdlhfcefp-pro04a,base (MaxSim@10),0.3333333333333333,,
arguana,test-politics-oepdlhfcefp-con02a,first stage,0.3562071871080222,0.16666666666666666,1.0
arguana,test-politics-oepdlhfcefp-con02a,cross-encoder,0.0,0.0,0.0
arguana,test-politics-oepdlhfcefp-con02a,Jev V1,0.2890648263178879,0.1,1.0
arguana,test-politics-oepdlhfcefp-con02a,Jev V2,0.43067655807339306,0.25,1.0
arguana,test-politics-oepdlhfcefp-con02a,Jev V3,0.31546487678572877,0.125,1.0
arguana,test-politics-oepdlhfcefp-con02a,base (MaxSim@10),0.3562071871080222,,
arguana,test-politics-oepdlhfcefp-con03a,first stage,0.38685280723454163,0.2,1.0
arguana,test-politics-oepdlhfcefp-con03a,cross-encoder,0.3333333333333333,0.14285714285714285,1.0
arguana,test-politics-oepdlhfcefp-con03a,Jev V1,0.0,0.0,0.0
arguana,test-politics-oepdlhfcefp-con03a,Jev V2,0.43067655807339306,0.25,1.0
arguana,test-politics-oepdlhfcefp-con03a,Jev V3,0.31546487678572877,0.125,1.0
arguana,test-politics-oepdlhfcefp-con03a,base (MaxSim@10),0.3010299956639812,,
arguana,test-politics-oepdlhfcefp-con01a,first stage,0.0,0.0,0.0
arguana,test-politics-oepdlhfcefp-con01a,cross-encoder,0.0,0.0,0.0
arguana,test-politics-oepdlhfcefp-con01a,Jev V1,0.0,0.0,0.0
arguana,test-politics-oepdlhfcefp-con01a,Jev V2,0.0,0.0,0.0
arguana,test-politics-oepdlhfcefp-con01a,Jev V3,0.0,0.0,0.0
arguana,test-politics-oepdlhfcefp-con01a,base (MaxSim@10),0.0,,
arguana,test-politics-glghssi-pro02a,first stage,0.5,0.3333333333333333,1.0
arguana,test-politics-glghssi-pro02a,cross-encoder,1.0,1.0,1.0
arguana,test-politics-glghssi-pro02a,Jev V1,1.0,1.0,1.0
arguana,test-politics-glghssi-pro02a,Jev V2,1.0,1.0,1.0
arguana,test-politics-glghssi-pro02a,Jev V3,1.0,1.0,1.0
arguana,test-politics-glghssi-pro02a,base (MaxSim@10),0.6309297535714575,,
arguana,test-politics-glghssi-pro01a,first stage,0.43067655807339306,0.25,1.0
arguana,test-politics-glghssi-pro01a,cross-encoder,0.6309297535714575,0.5,1.0
arguana,test-politics-glghssi-pro01a,Jev V1,0.43067655807339306,0.25,1.0
arguana,test-politics-glghssi-pro01a,Jev V2,0.3333333333333333,0.14285714285714285,1.0
arguana,test-politics-glghssi-pro01a,Jev V3,1.0,1.0,1.0
arguana,test-politics-glghssi-pro01a,base (MaxSim@10),0.430676558073393,,
arguana,test-politics-glghssi-pro03a,first stage,0.6309297535714575,0.5,1.0
arguana,test-politics-glghssi-pro03a,cross-encoder,0.6309297535714575,0.5,1.0
arguana,test-politics-glghssi-pro03a,Jev V1,1.0,1.0,1.0
arguana,test-politics-glghssi-pro03a,Jev V2,1.0,1.0,1.0
arguana,test-politics-glghssi-pro03a,Jev V3,1.0,1.0,1.0
arguana,test-politics-glghssi-pro03a,base (MaxSim@10),1.0,,
arguana,test-politics-glghssi-con02a,first stage,0.6309297535714575,0.5,1.0
arguana,test-politics-glghssi-con02a,cross-encoder,1.0,1.0,1.0
arguana,test-politics-glghssi-con02a,Jev V1,1.0,1.0,1.0
arguana,test-politics-glghssi-con02a,Jev V2,1.0,1.0,1.0
arguana,test-politics-glghssi-con02a,Jev V3,1.0,1.0,1.0
arguana,test-politics-glghssi-con02a,base (MaxSim@10),0.6309297535714575,,
arguana,test-politics-glghssi-con03a,first stage,1.0,1.0,1.0
arguana,test-politics-glghssi-con03a,cross-encoder,1.0,1.0,1.0
arguana,test-politics-glghssi-con03a,Jev V1,1.0,1.0,1.0
arguana,test-politics-glghssi-con03a,Jev V2,1.0,1.0,1.0
arguana,test-politics-glghssi-con03a,Jev V3,1.0,1.0,1.0
arguana,test-politics-glghssi-con03a,base (MaxSim@10),1.0,,
arguana,test-politics-glghssi-con01a,first stage,1.0,1.0,1.0
arguana,test-politics-glghssi-con01a,cross-encoder,1.0,1.0,1.0
arguana,test-politics-glghssi-con01a,Jev V1,1.0,1.0,1.0
arguana,test-politics-glghssi-con01a,Jev V2,1.0,1.0,1.0
arguana,test-politics-glghssi-con01a,Jev V3,1.0,1.0,1.0
arguana,test-politics-glghssi-con01a,base (MaxSim@10),1.0,,
arguana,test-culture-mmciahbans-pro02a,first stage,0.6309297535714575,0.5,1.0
arguana,test-culture-mmciahbans-pro02a,cross-encoder,0.6309297535714575,0.5,1.0
arguana,test-culture-mmciahbans-pro02a,Jev V1,0.5,0.3333333333333333,1.0
arguana,test-culture-mmciahbans-pro02a,Jev V2,0.5,0.3333333333333333,1.0
arguana,test-culture-mmciahbans-pro02a,Jev V3,0.6309297535714575,0.5,1.0
arguana,test-culture-mmciahbans-pro02a,base (MaxSim@10),0.6309297535714575,,
arguana,test-culture-mmciahbans-pro01a,first stage,1.0,1.0,1.0
arguana,test-culture-mmciahbans-pro01a,cross-encoder,1.0,1.0,1.0
arguana,test-culture-mmciahbans-pro01a,Jev V1,0.3333333333333333,0.14285714285714285,1.0
arguana,test-culture-mmciahbans-pro01a,Jev V2,0.3010299956639812,0.1111111111111111,1.0
arguana,test-culture-mmciahbans-pro01a,Jev V3,0.5,0.3333333333333333,1.0
arguana,test-culture-mmciahbans-pro01a,base (MaxSim@10),1.0,,
arguana,test-culture-mmciahbans-pro03a,first stage,1.0,1.0,1.0
arguana,test-culture-mmciahbans-pro03a,cross-encoder,1.0,1.0,1.0
arguana,test-culture-mmciahbans-pro03a,Jev V1,1.0,1.0,1.0
arguana,test-culture-mmciahbans-pro03a,Jev V2,1.0,1.0,1.0
arguana,test-culture-mmciahbans-pro03a,Jev V3,1.0,1.0,1.0
arguana,test-culture-mmciahbans-pro03a,base (MaxSim@10),1.0,,
arguana,test-culture-mmciahbans-con02a,first stage,1.0,1.0,1.0
arguana,test-culture-mmciahbans-con02a,cross-encoder,0.6309297535714575,0.5,1.0
arguana,test-culture-mmciahbans-con02a,Jev V1,0.5,0.3333333333333333,1.0
arguana,test-culture-mmciahbans-con02a,Jev V2,0.3562071871080222,0.16666666666666666,1.0
arguana,test-culture-mmciahbans-con02a,Jev V3,0.6309297535714575,0.5,1.0
arguana,test-culture-mmciahbans-con02a,base (MaxSim@10),0.5,,
arguana,test-culture-mmciahbans-con04a,first stage,0.0,0.0,0.0
arguana,test-culture-mmciahbans-con04a,cross-encoder,0.0,0.0,0.0
arguana,test-culture-mmciahbans-con04a,Jev V1,0.0,0.0,0.0
arguana,test-culture-mmciahbans-con04a,Jev V2,0.0,0.0,0.0
arguana,test-culture-mmciahbans-con04a,Jev V3,0.0,0.0,0.0
arguana,test-culture-mmciahbans-con04a,base (MaxSim@10),0.0,,
arguana,test-culture-mmciahbans-con03a,first stage,0.5,0.3333333333333333,1.0
arguana,test-culture-mmciahbans-con03a,cross-encoder,0.5,0.3333333333333333,1.0
arguana,test-culture-mmciahbans-con03a,Jev V1,0.3562071871080222,0.16666666666666666,1.0
arguana,test-culture-mmciahbans-con03a,Jev V2,0.3562071871080222,0.16666666666666666,1.0
arguana,test-culture-mmciahbans-con03a,Jev V3,0.43067655807339306,0.25,1.0
arguana,test-culture-mmciahbans-con03a,base (MaxSim@10),0.430676558073393,,
arguana,test-culture-mmciahbans-con01a,first stage,0.3333333333333333,0.14285714285714285,1.0
arguana,test-culture-mmciahbans-con01a,cross-encoder,1.0,1.0,1.0
arguana,test-culture-mmciahbans-con01a,Jev V1,0.5,0.3333333333333333,1.0
arguana,test-culture-mmciahbans-con01a,Jev V2,0.6309297535714575,0.5,1.0
arguana,test-culture-mmciahbans-con01a,Jev V3,1.0,1.0,1.0
arguana,test-culture-mmciahbans-con01a,base (MaxSim@10),0.3333333333333333,,
arguana,test-culture-mthbah-pro02a,first stage,1.0,1.0,1.0
arguana,test-culture-mthbah-pro02a,cross-encoder,1.0,1.0,1.0
arguana,test-culture-mthbah-pro02a,Jev V1,1.0,1.0,1.0
arguana,test-culture-mthbah-pro02a,Jev V2,1.0,1.0,1.0
arguana,test-culture-mthbah-pro02a,Jev V3,1.0,1.0,1.0
arguana,test-culture-mthbah-pro02a,base (MaxSim@10),1.0,,
arguana,test-culture-mthbah-pro05a,first stage,0.38685280723454163,0.2,1.0
arguana,test-culture-mthbah-pro05a,cross-encoder,1.0,1.0,1.0
arguana,test-culture-mthbah-pro05a,Jev V1,0.6309297535714575,0.5,1.0
arguana,test-culture-mthbah-pro05a,Jev V2,0.38685280723454163,0.2,1.0
arguana,test-culture-mthbah-pro05a,Jev V3,0.43067655807339306,0.25,1.0
arguana,test-culture-mthbah-pro05a,base (MaxSim@10),0.430676558073393,,
arguana,test-culture-mthbah-pro01a,first stage,1.0,1.0,1.0
arguana,test-culture-mthbah-pro01a,cross-encoder,1.0,1.0,1.0
arguana,test-culture-mthbah-pro01a,Jev V1,1.0,1.0,1.0
arguana,test-culture-mthbah-pro01a,Jev V2,1.0,1.0,1.0
arguana,test-culture-mthbah-pro01a,Jev V3,1.0,1.0,1.0
arguana,test-culture-mthbah-pro01a,base (MaxSim@10),1.0,,
arguana,test-culture-mthbah-pro03a,first stage,0.5,0.3333333333333333,1.0
arguana,test-culture-mthbah-pro03a,cross-encoder,1.0,1.0,1.0
arguana,test-culture-mthbah-pro03a,Jev V1,1.0,1.0,1.0
arguana,test-culture-mthbah-pro03a,Jev V2,1.0,1.0,1.0
arguana,test-culture-mthbah-pro03a,Jev V3,1.0,1.0,1.0
arguana,test-culture-mthbah-pro03a,base (MaxSim@10),1.0,,
arguana,test-culture-mthbah-pro04a,first stage,0.5,0.3333333333333333,1.0
arguana,test-culture-mthbah-pro04a,cross-encoder,1.0,1.0,1.0
arguana,test-culture-mthbah-pro04a,Jev V1,0.5,0.3333333333333333,1.0
arguana,test-culture-mthbah-pro04a,Jev V2,0.31546487678572877,0.125,1.0
arguana,test-culture-mthbah-pro04a,Jev V3,0.6309297535714575,0.5,1.0
arguana,test-culture-mthbah-pro04a,base (MaxSim@10),0.6309297535714575,,
arguana,test-culture-mthbah-con02a,first stage,0.43067655807339306,0.25,1.0
arguana,test-culture-mthbah-con02a,cross-encoder,1.0,1.0,1.0
arguana,test-culture-mthbah-con02a,Jev V1,1.0,1.0,1.0
arguana,test-culture-mthbah-con02a,Jev V2,0.3562071871080222,0.16666666666666666,1.0
arguana,test-culture-mthbah-con02a,Jev V3,1.0,1.0,1.0
arguana,test-culture-mthbah-con02a,base (MaxSim@10),0.3333333333333333,,
arguana,test-culture-mthbah-con04a,first stage,1.0,1.0,1.0
arguana,test-culture-mthbah-con04a,cross-encoder,1.0,1.0,1.0
arguana,test-culture-mthbah-con04a,Jev V1,1.0,1.0,1.0
arguana,test-culture-mthbah-con04a,Jev V2,1.0,1.0,1.0
arguana,test-culture-mthbah-con04a,Jev V3,1.0,1.0,1.0
arguana,test-culture-mthbah-con04a,base (MaxSim@10),1.0,,
arguana,test-culture-mthbah-con03a,first stage,1.0,1.0,1.0
arguana,test-culture-mthbah-con03a,cross-encoder,0.6309297535714575,0.5,1.0
arguana,test-culture-mthbah-con03a,Jev V1,1.0,1.0,1.0
arguana,test-culture-mthbah-con03a,Jev V2,0.43067655807339306,0.25,1.0
arguana,test-culture-mthbah-con03a,Jev V3,1.0,1.0,1.0
arguana,test-culture-mthbah-con03a,base (MaxSim@10),1.0,,
arguana,test-culture-mthbah-con01a,first stage,1.0,1.0,1.0
arguana,test-culture-mthbah-con01a,cross-encoder,1.0,1.0,1.0
arguana,test-culture-mthbah-con01a,Jev V1,1.0,1.0,1.0
arguana,test-culture-mthbah-con01a,Jev V2,1.0,1.0,1.0
arguana,test-culture-mthbah-con01a,Jev V3,1.0,1.0,1.0
arguana,test-culture-mthbah-con01a,base (MaxSim@10),1.0,,
arguana,test-culture-ahrtsdlgra-pro02a,first stage,0.6309297535714575,0.5,1.0
arguana,test-culture-ahrtsdlgra-pro02a,cross-encoder,0.6309297535714575,0.5,1.0
arguana,test-culture-ahrtsdlgra-pro02a,Jev V1,0.6309297535714575,0.5,1.0
arguana,test-culture-ahrtsdlgra-pro02a,Jev V2,1.0,1.0,1.0
arguana,test-culture-ahrtsdlgra-pro02a,Jev V3,1.0,1.0,1.0
arguana,test-culture-ahrtsdlgra-pro02a,base (MaxSim@10),0.6309297535714575,,
arguana,test-culture-ahrtsdlgra-pro01a,first stage,1.0,1.0,1.0
arguana,test-culture-ahrtsdlgra-pro01a,cross-encoder,1.0,1.0,1.0
arguana,test-culture-ahrtsdlgra-pro01a,Jev V1,0.6309297535714575,0.5,1.0
arguana,test-culture-ahrtsdlgra-pro01a,Jev V2,0.6309297535714575,0.5,1.0
arguana,test-culture-ahrtsdlgra-pro01a,Jev V3,0.6309297535714575,0.5,1.0
arguana,test-culture-ahrtsdlgra-pro01a,base (MaxSim@10),1.0,,
arguana,test-culture-ahrtsdlgra-pro03a,first stage,1.0,1.0,1.0
arguana,test-culture-ahrtsdlgra-pro03a,cross-encoder,0.6309297535714575,0.5,1.0
arguana,test-culture-ahrtsdlgra-pro03a,Jev V1,1.0,1.0,1.0
arguana,test-culture-ahrtsdlgra-pro03a,Jev V2,0.6309297535714575,0.5,1.0
arguana,test-culture-ahrtsdlgra-pro03a,Jev V3,0.6309297535714575,0.5,1.0
arguana,test-culture-ahrtsdlgra-pro03a,base (MaxSim@10),1.0,,
arguana,test-culture-ahrtsdlgra-con02a,first stage,0.2890648263178879,0.1,1.0
arguana,test-culture-ahrtsdlgra-con02a,cross-encoder,0.43067655807339306,0.25,1.0
arguana,test-culture-ahrtsdlgra-con02a,Jev V1,0.3562071871080222,0.16666666666666666,1.0
arguana,test-culture-ahrtsdlgra-con02a,Jev V2,1.0,1.0,1.0
arguana,test-culture-ahrtsdlgra-con02a,Jev V3,1.0,1.0,1.0
arguana,test-culture-ahrtsdlgra-con02a,base (MaxSim@10),0.3562071871080222,,
arguana,test-culture-ahrtsdlgra-con03a,first stage,0.6309297535714575,0.5,1.0
arguana,test-culture-ahrtsdlgra-con03a,cross-encoder,0.6309297535714575,0.5,1.0
arguana,test-culture-ahrtsdlgra-con03a,Jev V1,1.0,1.0,1.0
arguana,test-culture-ahrtsdlgra-con03a,Jev V2,0.6309297535714575,0.5,1.0
arguana,test-culture-ahrtsdlgra-con03a,Jev V3,1.0,1.0,1.0
arguana,test-culture-ahrtsdlgra-con03a,base (MaxSim@10),0.6309297535714575,,
arguana,test-culture-ahrtsdlgra-con01a,first stage,0.5,0.3333333333333333,1.0
arguana,test-culture-ahrtsdlgra-con01a,cross-encoder,1.0,1.0,1.0
arguana,test-culture-ahrtsdlgra-con01a,Jev V1,1.0,1.0,1.0
arguana,test-culture-ahrtsdlgra-con01a,Jev V2,0.43067655807339306,0.25,1.0
arguana,test-culture-ahrtsdlgra-con01a,Jev V3,0.6309297535714575,0.5,1.0
arguana,test-culture-ahrtsdlgra-con01a,base (MaxSim@10),0.3868528072345416,,
arguana,test-culture-ascidfakhba-pro02a,first stage,0.0,0.0,0.0
arguana,test-culture-ascidfakhba-pro02a,cross-encoder,0.43067655807339306,0.25,1.0
arguana,test-culture-ascidfakhba-pro02a,Jev V1,0.0,0.0,0.0
arguana,test-culture-ascidfakhba-pro02a,Jev V2,0.3333333333333333,0.14285714285714285,1.0
arguana,test-culture-ascidfakhba-pro02a,Jev V3,0.0,0.0,0.0
arguana,test-culture-ascidfakhba-pro02a,base (MaxSim@10),0.0,,
arguana,test-culture-ascidfakhba-pro01a,first stage,0.31546487678572877,0.125,1.0
arguana,test-culture-ascidfakhba-pro01a,cross-encoder,0.6309297535714575,0.5,1.0
arguana,test-culture-ascidfakhba-pro01a,Jev V1,0.43067655807339306,0.25,1.0
arguana,test-culture-ascidfakhba-pro01a,Jev V2,0.5,0.3333333333333333,1.0
arguana,test-culture-ascidfakhba-pro01a,Jev V3,0.43067655807339306,0.25,1.0
arguana,test-culture-ascidfakhba-pro01a,base (MaxSim@10),0.3562071871080222,,
arguana,test-culture-ascidfakhba-pro03a,first stage,0.38685280723454163,0.2,1.0
arguana,test-culture-ascidfakhba-pro03a,cross-encoder,0.43067655807339306,0.25,1.0
arguana,test-culture-ascidfakhba-pro03a,Jev V1,0.6309297535714575,0.5,1.0
arguana,test-culture-ascidfakhba-pro03a,Jev V2,0.43067655807339306,0.25,1.0
arguana,test-culture-ascidfakhba-pro03a,Jev V3,0.6309297535714575,0.5,1.0
arguana,test-culture-ascidfakhba-pro03a,base (MaxSim@10),0.3562071871080222,,
arguana,test-culture-ascidfakhba-pro04a,first stage,0.2890648263178879,0.1,1.0
arguana,test-culture-ascidfakhba-pro04a,cross-encoder,0.6309297535714575,0.5,1.0
arguana,test-culture-ascidfakhba-pro04a,Jev V1,1.0,1.0,1.0
arguana,test-culture-ascidfakhba-pro04a,Jev V2,0.5,0.3333333333333333,1.0
arguana,test-culture-ascidfakhba-pro04a,Jev V3,1.0,1.0,1.0
arguana,test-culture-ascidfakhba-pro04a,base (MaxSim@10),0.3868528072345416,,
arguana,test-culture-ascidfakhba-con02a,first stage,0.0,0.0,0.0
arguana,test-culture-ascidfakhba-con02a,cross-encoder,0.3333333333333333,0.14285714285714285,1.0
arguana,test-culture-ascidfakhba-con02a,Jev V1,0.31546487678572877,0.125,1.0
arguana,test-culture-ascidfakhba-con02a,Jev V2,0.2890648263178879,0.1,1.0
arguana,test-culture-ascidfakhba-con02a,Jev V3,0.0,0.0,0.0
arguana,test-culture-ascidfakhba-con02a,base (MaxSim@10),0.0,,
arguana,test-culture-ascidfakhba-con04a,first stage,0.0,0.0,0.0
arguana,test-culture-ascidfakhba-con04a,cross-encoder,0.5,0.3333333333333333,1.0
arguana,test-culture-ascidfakhba-con04a,Jev V1,0.5,0.3333333333333333,1.0
arguana,test-culture-ascidfakhba-con04a,Jev V2,0.6309297535714575,0.5,1.0
arguana,test-culture-ascidfakhba-con04a,Jev V3,0.5,0.3333333333333333,1.0
arguana,test-culture-ascidfakhba-con04a,base (MaxSim@10),0.0,,
arguana,test-culture-ascidfakhba-con03a,first stage,0.0,0.0,0.0
arguana,test-culture-ascidfakhba-con03a,cross-encoder,0.6309297535714575,0.5,1.0
arguana,test-culture-ascidfakhba-con03a,Jev V1,0.38685280723454163,0.2,1.0
arguana,test-culture-ascidfakhba-con03a,Jev V2,0.5,0.3333333333333333,1.0
arguana,test-culture-ascidfakhba-con03a,Jev V3,0.3010299956639812,0.1111111111111111,1.0
arguana,test-culture-ascidfakhba-con03a,base (MaxSim@10),0.0,,
arguana,test-culture-ascidfakhba-con01a,first stage,0.0,0.0,0.0
arguana,test-culture-ascidfakhba-con01a,cross-encoder,0.0,0.0,0.0
arguana,test-culture-ascidfakhba-con01a,Jev V1,0.0,0.0,0.0
arguana,test-culture-ascidfakhba-con01a,Jev V2,0.0,0.0,0.0
arguana,test-culture-ascidfakhba-con01a,Jev V3,0.0,0.0,0.0
arguana,test-culture-ascidfakhba-con01a,base (MaxSim@10),0.0,,
arguana,test-culture-mmctghwbsa-pro02a,first stage,0.38685280723454163,0.2,1.0
arguana,test-culture-mmctghwbsa-pro02a,cross-encoder,0.43067655807339306,0.25,1.0
arguana,test-culture-mmctghwbsa-pro02a,Jev V1,0.43067655807339306,0.25,1.0
arguana,test-culture-mmctghwbsa-pro02a,Jev V2,0.43067655807339306,0.25,1.0
arguana,test-culture-mmctghwbsa-pro02a,Jev V3,0.6309297535714575,0.5,1.0
arguana,test-culture-mmctghwbsa-pro02a,base (MaxSim@10),0.430676558073393,,
arguana,test-culture-mmctghwbsa-pro01a,first stage,1.0,1.0,1.0
arguana,test-culture-mmctghwbsa-pro01a,cross-encoder,1.0,1.0,1.0
arguana,test-culture-mmctghwbsa-pro01a,Jev V1,0.5,0.3333333333333333,1.0
arguana,test-culture-mmctghwbsa-pro01a,Jev V2,1.0,1.0,1.0
arguana,test-culture-mmctghwbsa-pro01a,Jev V3,1.0,1.0,1.0
arguana,test-culture-mmctghwbsa-pro01a,base (MaxSim@10),1.0,,
arguana,test-culture-mmctghwbsa-pro03a,first stage,0.5,0.3333333333333333,1.0
arguana,test-culture-mmctghwbsa-pro03a,cross-encoder,0.6309297535714575,0.5,1.0
arguana,test-culture-mmctghwbsa-pro03a,Jev V1,0.31546487678572877,0.125,1.0
arguana,test-culture-mmctghwbsa-pro03a,Jev V2,0.6309297535714575,0.5,1.0
arguana,test-culture-mmctghwbsa-pro03a,Jev V3,1.0,1.0,1.0
arguana,test-culture-mmctghwbsa-pro03a,base (MaxSim@10),0.3333333333333333,,
arguana,test-culture-mmctghwbsa-pro04a,first stage,0.5,0.3333333333333333,1.0
arguana,test-culture-mmctghwbsa-pro04a,cross-encoder,0.6309297535714575,0.5,1.0
arguana,test-culture-mmctghwbsa-pro04a,Jev V1,0.3562071871080222,0.16666666666666666,1.0
arguana,test-culture-mmctghwbsa-pro04a,Jev V2,0.43067655807339306,0.25,1.0
arguana,test-culture-mmctghwbsa-pro04a,Jev V3,1.0,1.0,1.0
arguana,test-culture-mmctghwbsa-pro04a,base (MaxSim@10),0.6309297535714575,,
arguana,test-culture-mmctghwbsa-con02a,first stage,0.2890648263178879,0.1,1.0
arguana,test-culture-mmctghwbsa-con02a,cross-encoder,1.0,1.0,1.0
arguana,test-culture-mmctghwbsa-con02a,Jev V1,1.0,1.0,1.0
arguana,test-culture-mmctghwbsa-con02a,Jev V2,1.0,1.0,1.0
arguana,test-culture-mmctghwbsa-con02a,Jev V3,1.0,1.0,1.0
arguana,test-culture-mmctghwbsa-con02a,base (MaxSim@10),0.3010299956639812,,
arguana,test-culture-mmctghwbsa-con04a,first stage,1.0,1.0,1.0
arguana,test-culture-mmctghwbsa-con04a,cross-encoder,1.0,1.0,1.0
arguana,test-culture-mmctghwbsa-con04a,Jev V1,1.0,1.0,1.0
arguana,test-culture-mmctghwbsa-con04a,Jev V2,1.0,1.0,1.0
arguana,test-culture-mmctghwbsa-con04a,Jev V3,0.6309297535714575,0.5,1.0
arguana,test-culture-mmctghwbsa-con04a,base (MaxSim@10),0.6309297535714575,,
arguana,test-culture-mmctghwbsa-con03a,first stage,1.0,1.0,1.0
arguana,test-culture-mmctghwbsa-con03a,cross-encoder,1.0,1.0,1.0
arguana,test-culture-mmctghwbsa-con03a,Jev V1,1.0,1.0,1.0
arguana,test-culture-mmctghwbsa-con03a,Jev V2,1.0,1.0,1.0
arguana,test-culture-mmctghwbsa-con03a,Jev V3,1.0,1.0,1.0
arguana,test-culture-mmctghwbsa-con03a,base (MaxSim@10),1.0,,
arguana,test-culture-mmctghwbsa-con01a,first stage,1.0,1.0,1.0
arguana,test-culture-mmctghwbsa-con01a,cross-encoder,1.0,1.0,1.0
arguana,test-culture-mmctghwbsa-con01a,Jev V1,1.0,1.0,1.0
arguana,test-culture-mmctghwbsa-con01a,Jev V2,1.0,1.0,1.0
arguana,test-culture-mmctghwbsa-con01a,Jev V3,1.0,1.0,1.0
arguana,test-culture-mmctghwbsa-con01a,base (MaxSim@10),1.0,,
arguana,test-culture-tlhrilsfhwr-pro02a,first stage,0.6309297535714575,0.5,1.0
arguana,test-culture-tlhrilsfhwr-pro02a,cross-encoder,0.6309297535714575,0.5,1.0
arguana,test-culture-tlhrilsfhwr-pro02a,Jev V1,0.3010299956639812,0.1111111111111111,1.0
arguana,test-culture-tlhrilsfhwr-pro02a,Jev V2,0.5,0.3333333333333333,1.0
arguana,test-culture-tlhrilsfhwr-pro02a,Jev V3,0.2890648263178879,0.1,1.0
arguana,test-culture-tlhrilsfhwr-pro02a,base (MaxSim@10),0.5,,
arguana,test-culture-tlhrilsfhwr-pro01a,first stage,0.2890648263178879,0.1,1.0
arguana,test-culture-tlhrilsfhwr-pro01a,cross-encoder,0.43067655807339306,0.25,1.0
arguana,test-culture-tlhrilsfhwr-pro01a,Jev V1,0.6309297535714575,0.5,1.0
arguana,test-culture-tlhrilsfhwr-pro01a,Jev V2,0.5,0.3333333333333333,1.0
arguana,test-culture-tlhrilsfhwr-pro01a,Jev V3,0.38685280723454163,0.2,1.0
arguana,test-culture-tlhrilsfhwr-pro01a,base (MaxSim@10),0.2890648263178879,,
arguana,test-culture-tlhrilsfhwr-pro03a,first stage,0.43067655807339306,0.25,1.0
arguana,test-culture-tlhrilsfhwr-pro03a,cross-encoder,0.5,0.3333333333333333,1.0
arguana,test-culture-tlhrilsfhwr-pro03a,Jev V1,0.6309297535714575,0.5,1.0
arguana,test-culture-tlhrilsfhwr-pro03a,Jev V2,0.6309297535714575,0.5,1.0
arguana,test-culture-tlhrilsfhwr-pro03a,Jev V3,0.38685280723454163,0.2,1.0
arguana,test-culture-tlhrilsfhwr-pro03a,base (MaxSim@10),0.5,,
arguana,test-culture-tlhrilsfhwr-pro04a,first stage,0.3562071871080222,0.16666666666666666,1.0
arguana,test-culture-tlhrilsfhwr-pro04a,cross-encoder,0.0,0.0,0.0
arguana,test-culture-tlhrilsfhwr-pro04a,Jev V1,1.0,1.0,1.0
arguana,test-culture-tlhrilsfhwr-pro04a,Jev V2,0.2890648263178879,0.1,1.0
arguana,test-culture-tlhrilsfhwr-pro04a,Jev V3,1.0,1.0,1.0
arguana,test-culture-tlhrilsfhwr-pro04a,base (MaxSim@10),0.430676558073393,,
arguana,test-culture-tlhrilsfhwr-con02a,first stage,0.5,0.3333333333333333,1.0
arguana,test-culture-tlhrilsfhwr-con02a,cross-encoder,0.5,0.3333333333333333,1.0
arguana,test-culture-tlhrilsfhwr-con02a,Jev V1,0.38685280723454163,0.2,1.0
arguana,test-culture-tlhrilsfhwr-con02a,Jev V2,1.0,1.0,1.0
arguana,test-culture-tlhrilsfhwr-con02a,Jev V3,1.0,1.0,1.0
arguana,test-culture-tlhrilsfhwr-con02a,base (MaxSim@10),1.0,,
arguana,test-culture-tlhrilsfhwr-con03a,first stage,0.3333333333333333,0.14285714285714285,1.0
arguana,test-culture-tlhrilsfhwr-con03a,cross-encoder,0.3333333333333333,0.14285714285714285,1.0
arguana,test-culture-tlhrilsfhwr-con03a,Jev V1,0.43067655807339306,0.25,1.0
arguana,test-culture-tlhrilsfhwr-con03a,Jev V2,0.0,0.0,0.0
arguana,test-culture-tlhrilsfhwr-con03a,Jev V3,0.0,0.0,0.0
arguana,test-culture-tlhrilsfhwr-con03a,base (MaxSim@10),0.3333333333333333,,
arguana,test-culture-tlhrilsfhwr-con01a,first stage,0.6309297535714575,0.5,1.0
arguana,test-culture-tlhrilsfhwr-con01a,cross-encoder,0.6309297535714575,0.5,1.0
arguana,test-culture-tlhrilsfhwr-con01a,Jev V1,0.43067655807339306,0.25,1.0
arguana,test-culture-tlhrilsfhwr-con01a,Jev V2,0.6309297535714575,0.5,1.0
arguana,test-culture-tlhrilsfhwr-con01a,Jev V3,0.3010299956639812,0.1111111111111111,1.0
arguana,test-culture-tlhrilsfhwr-con01a,base (MaxSim@10),0.3868528072345416,,
arguana,test-culture-mmctyshwbcp-pro02a,first stage,1.0,1.0,1.0
arguana,test-culture-mmctyshwbcp-pro02a,cross-encoder,1.0,1.0,1.0
arguana,test-culture-mmctyshwbcp-pro02a,Jev V1,1.0,1.0,1.0
arguana,test-culture-mmctyshwbcp-pro02a,Jev V2,0.43067655807339306,0.25,1.0
arguana,test-culture-mmctyshwbcp-pro02a,Jev V3,1.0,1.0,1.0
arguana,test-culture-mmctyshwbcp-pro02a,base (MaxSim@10),1.0,,
arguana,test-culture-mmctyshwbcp-pro06a,first stage,1.0,1.0,1.0
arguana,test-culture-mmctyshwbcp-pro06a,cross-encoder,1.0,1.0,1.0
arguana,test-culture-mmctyshwbcp-pro06a,Jev V1,0.43067655807339306,0.25,1.0
arguana,test-culture-mmctyshwbcp-pro06a,Jev V2,0.3333333333333333,0.14285714285714285,1.0
arguana,test-culture-mmctyshwbcp-pro06a,Jev V3,0.6309297535714575,0.5,1.0
arguana,test-culture-mmctyshwbcp-pro06a,base (MaxSim@10),1.0,,
arguana,test-culture-mmctyshwbcp-pro05a,first stage,1.0,1.0,1.0
arguana,test-culture-mmctyshwbcp-pro05a,cross-encoder,1.0,1.0,1.0
arguana,test-culture-mmctyshwbcp-pro05a,Jev V1,1.0,1.0,1.0
arguana,test-culture-mmctyshwbcp-pro05a,Jev V2,1.0,1.0,1.0
arguana,test-culture-mmctyshwbcp-pro05a,Jev V3,1.0,1.0,1.0
arguana,test-culture-mmctyshwbcp-pro05a,base (MaxSim@10),1.0,,
arguana,test-culture-mmctyshwbcp-pro01a,first stage,1.0,1.0,1.0
arguana,test-culture-mmctyshwbcp-pro01a,cross-encoder,1.0,1.0,1.0
arguana,test-culture-mmctyshwbcp-pro01a,Jev V1,1.0,1.0,1.0
arguana,test-culture-mmctyshwbcp-pro01a,Jev V2,1.0,1.0,1.0
arguana,test-culture-mmctyshwbcp-pro01a,Jev V3,1.0,1.0,1.0
arguana,test-culture-mmctyshwbcp-pro01a,base (MaxSim@10),1.0,,
arguana,test-culture-mmctyshwbcp-pro03a,first stage,1.0,1.0,1.0
arguana,test-culture-mmctyshwbcp-pro03a,cross-encoder,1.0,1.0,1.0
arguana,test-culture-mmctyshwbcp-pro03a,Jev V1,1.0,1.0,1.0
arguana,test-culture-mmctyshwbcp-pro03a,Jev V2,1.0,1.0,1.0
arguana,test-culture-mmctyshwbcp-pro03a,Jev V3,1.0,1.0,1.0
arguana,test-culture-mmctyshwbcp-pro03a,base (MaxSim@10),1.0,,
arguana,test-culture-mmctyshwbcp-pro04a,first stage,1.0,1.0,1.0
arguana,test-culture-mmctyshwbcp-pro04a,cross-encoder,1.0,1.0,1.0
arguana,test-culture-mmctyshwbcp-pro04a,Jev V1,1.0,1.0,1.0
arguana,test-culture-mmctyshwbcp-pro04a,Jev V2,0.6309297535714575,0.5,1.0
arguana,test-culture-mmctyshwbcp-pro04a,Jev V3,1.0,1.0,1.0
arguana,test-culture-mmctyshwbcp-pro04a,base (MaxSim@10),1.0,,
arguana,test-culture-mmctyshwbcp-con02a,first stage,1.0,1.0,1.0
arguana,test-culture-mmctyshwbcp-con02a,cross-encoder,1.0,1.0,1.0
arguana,test-culture-mmctyshwbcp-con02a,Jev V1,0.5,0.3333333333333333,1.0
arguana,test-culture-mmctyshwbcp-con02a,Jev V2,1.0,1.0,1.0
arguana,test-culture-mmctyshwbcp-con02a,Jev V3,0.6309297535714575,0.5,1.0
arguana,test-culture-mmctyshwbcp-con02a,base (MaxSim@10),1.0,,
arguana,test-culture-mmctyshwbcp-con03a,first stage,1.0,1.0,1.0
arguana,test-culture-mmctyshwbcp-con03a,cross-encoder,1.0,1.0,1.0
arguana,test-culture-mmctyshwbcp-con03a,Jev V1,1.0,1.0,1.0
arguana,test-culture-mmctyshwbcp-con03a,Jev V2,0.5,0.3333333333333333,1.0
arguana,test-culture-mmctyshwbcp-con03a,Jev V3,1.0,1.0,1.0
arguana,test-culture-mmctyshwbcp-con03a,base (MaxSim@10),0.6309297535714575,,
arguana,test-culture-mmctyshwbcp-con01a,first stage,1.0,1.0,1.0
arguana,test-culture-mmctyshwbcp-con01a,cross-encoder,1.0,1.0,1.0
arguana,test-culture-mmctyshwbcp-con01a,Jev V1,0.6309297535714575,0.5,1.0
arguana,test-culture-mmctyshwbcp-con01a,Jev V2,1.0,1.0,1.0
arguana,test-culture-mmctyshwbcp-con01a,Jev V3,1.0,1.0,1.0
arguana,test-culture-mmctyshwbcp-con01a,base (MaxSim@10),1.0,,
arguana,test-culture-cgeeghwmeo-pro02a,first stage,1.0,1.0,1.0
arguana,test-culture-cgeeghwmeo-pro02a,cross-encoder,0.5,0.3333333333333333,1.0
arguana,test-culture-cgeeghwmeo-pro02a,Jev V1,0.5,0.3333333333333333,1.0
arguana,test-culture-cgeeghwmeo-pro02a,Jev V2,1.0,1.0,1.0
arguana,test-culture-cgeeghwmeo-pro02a,Jev V3,1.0,1.0,1.0
arguana,test-culture-cgeeghwmeo-pro02a,base (MaxSim@10),1.0,,
arguana,test-culture-cgeeghwmeo-pro01a,first stage,0.38685280723454163,0.2,1.0
arguana,test-culture-cgeeghwmeo-pro01a,cross-encoder,0.5,0.3333333333333333,1.0
arguana,test-culture-cgeeghwmeo-pro01a,Jev V1,0.38685280723454163,0.2,1.0
arguana,test-culture-cgeeghwmeo-pro01a,Jev V2,0.3562071871080222,0.16666666666666666,1.0
arguana,test-culture-cgeeghwmeo-pro01a,Jev V3,0.6309297535714575,0.5,1.0
arguana,test-culture-cgeeghwmeo-pro01a,base (MaxSim@10),0.6309297535714575,,
arguana,test-culture-cgeeghwmeo-pro03a,first stage,0.0,0.0,0.0
arguana,test-culture-cgeeghwmeo-pro03a,cross-encoder,0.0,0.0,0.0
arguana,test-culture-cgeeghwmeo-pro03a,Jev V1,0.0,0.0,0.0
arguana,test-culture-cgeeghwmeo-pro03a,Jev V2,0.0,0.0,0.0
arguana,test-culture-cgeeghwmeo-pro03a,Jev V3,0.0,0.0,0.0
arguana,test-culture-cgeeghwmeo-pro03a,base (MaxSim@10),0.0,,
arguana,test-culture-cgeeghwmeo-pro04a,first stage,0.5,0.3333333333333333,1.0
arguana,test-culture-cgeeghwmeo-pro04a,cross-encoder,1.0,1.0,1.0
arguana,test-culture-cgeeghwmeo-pro04a,Jev V1,0.3562071871080222,0.16666666666666666,1.0
arguana,test-culture-cgeeghwmeo-pro04a,Jev V2,0.2890648263178879,0.1,1.0
arguana,test-culture-cgeeghwmeo-pro04a,Jev V3,0.5,0.3333333333333333,1.0
arguana,test-culture-cgeeghwmeo-pro04a,base (MaxSim@10),0.6309297535714575,,
arguana,test-culture-cgeeghwmeo-con02a,first stage,0.3010299956639812,0.1111111111111111,1.0
arguana,test-culture-cgeeghwmeo-con02a,cross-encoder,1.0,1.0,1.0
arguana,test-culture-cgeeghwmeo-con02a,Jev V1,1.0,1.0,1.0
arguana,test-culture-cgeeghwmeo-con02a,Jev V2,1.0,1.0,1.0
arguana,test-culture-cgeeghwmeo-con02a,Jev V3,0.5,0.3333333333333333,1.0
arguana,test-culture-cgeeghwmeo-con02a,base (MaxSim@10),0.5,,
arguana,test-culture-cgeeghwmeo-con04a,first stage,0.43067655807339306,0.25,1.0
arguana,test-culture-cgeeghwmeo-con04a,cross-encoder,0.5,0.3333333333333333,1.0
arguana,test-culture-cgeeghwmeo-con04a,Jev V1,0.6309297535714575,0.5,1.0
arguana,test-culture-cgeeghwmeo-con04a,Jev V2,0.6309297535714575,0.5,1.0
arguana,test-culture-cgeeghwmeo-con04a,Jev V3,0.43067655807339306,0.25,1.0
arguana,test-culture-cgeeghwmeo-con04a,base (MaxSim@10),0.3333333333333333,,
arguana,test-culture-cgeeghwmeo-con03a,first stage,0.6309297535714575,0.5,1.0
arguana,test-culture-cgeeghwmeo-con03a,cross-encoder,1.0,1.0,1.0
arguana,test-culture-cgeeghwmeo-con03a,Jev V1,1.0,1.0,1.0
arguana,test-culture-cgeeghwmeo-con03a,Jev V2,0.5,0.3333333333333333,1.0
arguana,test-culture-cgeeghwmeo-con03a,Jev V3,1.0,1.0,1.0
arguana,test-culture-cgeeghwmeo-con03a,base (MaxSim@10),0.5,,
arguana,test-culture-cgeeghwmeo-con01a,first stage,0.6309297535714575,0.5,1.0
arguana,test-culture-cgeeghwmeo-con01a,cross-encoder,1.0,1.0,1.0
arguana,test-culture-cgeeghwmeo-con01a,Jev V1,0.6309297535714575,0.5,1.0
arguana,test-culture-cgeeghwmeo-con01a,Jev V2,1.0,1.0,1.0
arguana,test-culture-cgeeghwmeo-con01a,Jev V3,1.0,1.0,1.0
arguana,test-culture-cgeeghwmeo-con01a,base (MaxSim@10),0.6309297535714575,,
arguana,test-culture-thbcsbptwhht-pro02a,first stage,0.6309297535714575,0.5,1.0
arguana,test-culture-thbcsbptwhht-pro02a,cross-encoder,1.0,1.0,1.0
arguana,test-culture-thbcsbptwhht-pro02a,Jev V1,1.0,1.0,1.0
arguana,test-culture-thbcsbptwhht-pro02a,Jev V2,1.0,1.0,1.0
arguana,test-culture-thbcsbptwhht-pro02a,Jev V3,1.0,1.0,1.0
arguana,test-culture-thbcsbptwhht-pro02a,base (MaxSim@10),0.6309297535714575,,
arguana,test-culture-thbcsbptwhht-pro01a,first stage,0.6309297535714575,0.5,1.0
arguana,test-culture-thbcsbptwhht-pro01a,cross-encoder,1.0,1.0,1.0
arguana,test-culture-thbcsbptwhht-pro01a,Jev V1,0.6309297535714575,0.5,1.0
arguana,test-culture-thbcsbptwhht-pro01a,Jev V2,0.38685280723454163,0.2,1.0
arguana,test-culture-thbcsbptwhht-pro01a,Jev V3,1.0,1.0,1.0
arguana,test-culture-thbcsbptwhht-pro01a,base (MaxSim@10),0.6309297535714575,,
arguana,test-culture-thbcsbptwhht-pro03a,first stage,0.43067655807339306,0.25,1.0
arguana,test-culture-thbcsbptwhht-pro03a,cross-encoder,1.0,1.0,1.0
arguana,test-culture-thbcsbptwhht-pro03a,Jev V1,0.6309297535714575,0.5,1.0
arguana,test-culture-thbcsbptwhht-pro03a,Jev V2,0.5,0.3333333333333333,1.0
arguana,test-culture-thbcsbptwhht-pro03a,Jev V3,1.0,1.0,1.0
arguana,test-culture-thbcsbptwhht-pro03a,base (MaxSim@10),0.3154648767857287,,
arguana,test-culture-thbcsbptwhht-pro04a,first stage,0.0,0.0,0.0
arguana,test-culture-thbcsbptwhht-pro04a,cross-encoder,1.0,1.0,1.0
arguana,test-culture-thbcsbptwhht-pro04a,Jev V1,0.3333333333333333,0.14285714285714285,1.0
arguana,test-culture-thbcsbptwhht-pro04a,Jev V2,0.38685280723454163,0.2,1.0
arguana,test-culture-thbcsbptwhht-pro04a,Jev V3,0.38685280723454163,0.2,1.0
arguana,test-culture-thbcsbptwhht-pro04a,base (MaxSim@10),0.0,,
arguana,test-culture-thbcsbptwhht-con02a,first stage,0.38685280723454163,0.2,1.0
arguana,test-culture-thbcsbptwhht-con02a,cross-encoder,1.0,1.0,1.0
arguana,test-culture-thbcsbptwhht-con02a,Jev V1,0.3562071871080222,0.16666666666666666,1.0
arguana,test-culture-thbcsbptwhht-con02a,Jev V2,0.43067655807339306,0.25,1.0
arguana,test-culture-thbcsbptwhht-con02a,Jev V3,1.0,1.0,1.0
arguana,test-culture-thbcsbptwhht-con02a,base (MaxSim@10),0.5,,
arguana,test-culture-thbcsbptwhht-con03a,first stage,0.3333333333333333,0.14285714285714285,1.0
arguana,test-culture-thbcsbptwhht-con03a,cross-encoder,0.6309297535714575,0.5,1.0
arguana,test-culture-thbcsbptwhht-con03a,Jev V1,0.6309297535714575,0.5,1.0
arguana,test-culture-thbcsbptwhht-con03a,Jev V2,1.0,1.0,1.0
arguana,test-culture-thbcsbptwhht-con03a,Jev V3,1.0,1.0,1.0
arguana,test-culture-thbcsbptwhht-con03a,base (MaxSim@10),0.3154648767857287,,
arguana,test-culture-thbcsbptwhht-con01a,first stage,1.0,1.0,1.0
arguana,test-culture-thbcsbptwhht-con01a,cross-encoder,1.0,1.0,1.0
arguana,test-culture-thbcsbptwhht-con01a,Jev V1,1.0,1.0,1.0
arguana,test-culture-thbcsbptwhht-con01a,Jev V2,1.0,1.0,1.0
arguana,test-culture-thbcsbptwhht-con01a,Jev V3,1.0,1.0,1.0
arguana,test-culture-thbcsbptwhht-con01a,base (MaxSim@10),1.0,,
arguana,test-digital-freedoms-phwnaccpdt-pro02a,first stage,0.43067655807339306,0.25,1.0
arguana,test-digital-freedoms-phwnaccpdt-pro02a,cross-encoder,0.3333333333333333,0.14285714285714285,1.0
arguana,test-digital-freedoms-phwnaccpdt-pro02a,Jev V1,0.0,0.0,0.0
arguana,test-digital-freedoms-phwnaccpdt-pro02a,Jev V2,1.0,1.0,1.0
arguana,test-digital-freedoms-phwnaccpdt-pro02a,Jev V3,1.0,1.0,1.0
arguana,test-digital-freedoms-phwnaccpdt-pro02a,base (MaxSim@10),0.6309297535714575,,
arguana,test-digital-freedoms-phwnaccpdt-pro01a,first stage,0.0,0.0,0.0
arguana,test-digital-freedoms-phwnaccpdt-pro01a,cross-encoder,0.43067655807339306,0.25,1.0
arguana,test-digital-freedoms-phwnaccpdt-pro01a,Jev V1,0.0,0.0,0.0
arguana,test-digital-freedoms-phwnaccpdt-pro01a,Jev V2,0.43067655807339306,0.25,1.0
arguana,test-digital-freedoms-phwnaccpdt-pro01a,Jev V3,0.43067655807339306,0.25,1.0
arguana,test-digital-freedoms-phwnaccpdt-pro01a,base (MaxSim@10),0.0,,
arguana,test-digital-freedoms-phwnaccpdt-pro03a,first stage,0.0,0.0,0.0
arguana,test-digital-freedoms-phwnaccpdt-pro03a,cross-encoder,1.0,1.0,1.0
arguana,test-digital-freedoms-phwnaccpdt-pro03a,Jev V1,0.3010299956639812,0.1111111111111111,1.0
arguana,test-digital-freedoms-phwnaccpdt-pro03a,Jev V2,0.43067655807339306,0.25,1.0
arguana,test-digital-freedoms-phwnaccpdt-pro03a,Jev V3,0.6309297535714575,0.5,1.0
arguana,test-digital-freedoms-phwnaccpdt-pro03a,base (MaxSim@10),0.0,,
arguana,test-digital-freedoms-phwnaccpdt-con02a,first stage,0.3010299956639812,0.1111111111111111,1.0
arguana,test-digital-freedoms-phwnaccpdt-con02a,cross-encoder,0.43067655807339306,0.25,1.0
arguana,test-digital-freedoms-phwnaccpdt-con02a,Jev V1,0.3562071871080222,0.16666666666666666,1.0
arguana,test-digital-freedoms-phwnaccpdt-con02a,Jev V2,0.5,0.3333333333333333,1.0
arguana,test-digital-freedoms-phwnaccpdt-con02a,Jev V3,0.3562071871080222,0.16666666666666666,1.0
arguana,test-digital-freedoms-phwnaccpdt-con02a,base (MaxSim@10),0.3154648767857287,,
arguana,test-digital-freedoms-phwnaccpdt-con03a,first stage,0.0,0.0,0.0
arguana,test-digital-freedoms-phwnaccpdt-con03a,cross-encoder,0.3333333333333333,0.14285714285714285,1.0
arguana,test-digital-freedoms-phwnaccpdt-con03a,Jev V1,0.0,0.0,0.0
arguana,test-digital-freedoms-phwnaccpdt-con03a,Jev V2,0.31546487678572877,0.125,1.0
arguana,test-digital-freedoms-phwnaccpdt-con03a,Jev V3,0.0,0.0,0.0
arguana,test-digital-freedoms-phwnaccpdt-con03a,base (MaxSim@10),0.0,,
arguana,test-digital-freedoms-phwnaccpdt-con01a,first stage,0.0,0.0,0.0
arguana,test-digital-freedoms-phwnaccpdt-con01a,cross-encoder,1.0,1.0,1.0
arguana,test-digital-freedoms-phwnaccpdt-con01a,Jev V1,0.43067655807339306,0.25,1.0
arguana,test-digital-freedoms-phwnaccpdt-con01a,Jev V2,0.3562071871080222,0.16666666666666666,1.0
arguana,test-digital-freedoms-phwnaccpdt-con01a,Jev V3,0.0,0.0,0.0
arguana,test-digital-freedoms-phwnaccpdt-con01a,base (MaxSim@10),0.0,,
arguana,test-digital-freedoms-dfiphbgs-pro02a,first stage,1.0,1.0,1.0
arguana,test-digital-freedoms-dfiphbgs-pro02a,cross-encoder,1.0,1.0,1.0
arguana,test-digital-freedoms-dfiphbgs-pro02a,Jev V1,0.6309297535714575,0.5,1.0
arguana,test-digital-freedoms-dfiphbgs-pro02a,Jev V2,0.3562071871080222,0.16666666666666666,1.0
arguana,test-digital-freedoms-dfiphbgs-pro02a,Jev V3,1.0,1.0,1.0
arguana,test-digital-freedoms-dfiphbgs-pro02a,base (MaxSim@10),1.0,,
arguana,test-digital-freedoms-dfiphbgs-pro01a,first stage,0.38685280723454163,0.2,1.0
arguana,test-digital-freedoms-dfiphbgs-pro01a,cross-encoder,0.6309297535714575,0.5,1.0
arguana,test-digital-freedoms-dfiphbgs-pro01a,Jev V1,0.38685280723454163,0.2,1.0
arguana,test-digital-freedoms-dfiphbgs-pro01a,Jev V2,0.38685280723454163,0.2,1.0
arguana,test-digital-freedoms-dfiphbgs-pro01a,Jev V3,0.43067655807339306,0.25,1.0
arguana,test-digital-freedoms-dfiphbgs-pro01a,base (MaxSim@10),0.3562071871080222,,
arguana,test-digital-freedoms-dfiphbgs-pro03a,first stage,1.0,1.0,1.0
arguana,test-digital-freedoms-dfiphbgs-pro03a,cross-encoder,1.0,1.0,1.0
arguana,test-digital-freedoms-dfiphbgs-pro03a,Jev V1,1.0,1.0,1.0
arguana,test-digital-freedoms-dfiphbgs-pro03a,Jev V2,1.0,1.0,1.0
arguana,test-digital-freedoms-dfiphbgs-pro03a,Jev V3,1.0,1.0,1.0
arguana,test-digital-freedoms-dfiphbgs-pro03a,base (MaxSim@10),1.0,,
arguana,test-digital-freedoms-dfiphbgs-con02a,first stage,1.0,1.0,1.0
arguana,test-digital-freedoms-dfiphbgs-con02a,cross-encoder,0.31546487678572877,0.125,1.0
arguana,test-digital-freedoms-dfiphbgs-con02a,Jev V1,0.5,0.3333333333333333,1.0
arguana,test-digital-freedoms-dfiphbgs-con02a,Jev V2,0.6309297535714575,0.5,1.0
arguana,test-digital-freedoms-dfiphbgs-con02a,Jev V3,1.0,1.0,1.0
arguana,test-digital-freedoms-dfiphbgs-con02a,base (MaxSim@10),1.0,,
arguana,test-digital-freedoms-dfiphbgs-con03a,first stage,0.5,0.3333333333333333,1.0
arguana,test-digital-freedoms-dfiphbgs-con03a,cross-encoder,0.5,0.3333333333333333,1.0
arguana,test-digital-freedoms-dfiphbgs-con03a,Jev V1,0.3562071871080222,0.16666666666666666,1.0
arguana,test-digital-freedoms-dfiphbgs-con03a,Jev V2,0.6309297535714575,0.5,1.0
arguana,test-digital-freedoms-dfiphbgs-con03a,Jev V3,0.6309297535714575,0.5,1.0
arguana,test-digital-freedoms-dfiphbgs-con03a,base (MaxSim@10),0.3562071871080222,,
arguana,test-digital-freedoms-dfiphbgs-con01a,first stage,0.5,0.3333333333333333,1.0
arguana,test-digital-freedoms-dfiphbgs-con01a,cross-encoder,1.0,1.0,1.0
arguana,test-digital-freedoms-dfiphbgs-con01a,Jev V1,1.0,1.0,1.0
arguana,test-digital-freedoms-dfiphbgs-con01a,Jev V2,1.0,1.0,1.0
arguana,test-digital-freedoms-dfiphbgs-con01a,Jev V3,1.0,1.0,1.0
arguana,test-digital-freedoms-dfiphbgs-con01a,base (MaxSim@10),0.6309297535714575,,
arguana,test-digital-freedoms-aihwbasmn-pro02a,first stage,0.0,0.0,0.0
arguana,test-digital-freedoms-aihwbasmn-pro02a,cross-encoder,0.38685280723454163,0.2,1.0
arguana,test-digital-freedoms-aihwbasmn-pro02a,Jev V1,1.0,1.0,1.0
arguana,test-digital-freedoms-aihwbasmn-pro02a,Jev V2,1.0,1.0,1.0
arguana,test-digital-freedoms-aihwbasmn-pro02a,Jev V3,0.3562071871080222,0.16666666666666666,1.0
arguana,test-digital-freedoms-aihwbasmn-pro02a,base (MaxSim@10),0.0,,
arguana,test-digital-freedoms-aihwbasmn-pro01a,first stage,0.5,0.3333333333333333,1.0
arguana,test-digital-freedoms-aihwbasmn-pro01a,cross-encoder,1.0,1.0,1.0
arguana,test-digital-freedoms-aihwbasmn-pro01a,Jev V1,0.6309297535714575,0.5,1.0
arguana,test-digital-freedoms-aihwbasmn-pro01a,Jev V2,0.5,0.3333333333333333,1.0
arguana,test-digital-freedoms-aihwbasmn-pro01a,Jev V3,0.43067655807339306,0.25,1.0
arguana,test-digital-freedoms-aihwbasmn-pro01a,base (MaxSim@10),0.6309297535714575,,
arguana,test-digital-freedoms-aihwbasmn-pro03a,first stage,0.6309297535714575,0.5,1.0
arguana,test-digital-freedoms-aihwbasmn-pro03a,cross-encoder,1.0,1.0,1.0
arguana,test-digital-freedoms-aihwbasmn-pro03a,Jev V1,1.0,1.0,1.0
arguana,test-digital-freedoms-aihwbasmn-pro03a,Jev V2,0.5,0.3333333333333333,1.0
arguana,test-digital-freedoms-aihwbasmn-pro03a,Jev V3,1.0,1.0,1.0
arguana,test-digital-freedoms-aihwbasmn-pro03a,base (MaxSim@10),1.0,,
arguana,test-digital-freedoms-aihwbasmn-pro04a,first stage,0.0,0.0,0.0
arguana,test-digital-freedoms-aihwbasmn-pro04a,cross-encoder,0.5,0.3333333333333333,1.0
arguana,test-digital-freedoms-aihwbasmn-pro04a,Jev V1,0.43067655807339306,0.25,1.0
arguana,test-digital-freedoms-aihwbasmn-pro04a,Jev V2,0.5,0.3333333333333333,1.0
arguana,test-digital-freedoms-aihwbasmn-pro04a,Jev V3,0.0,0.0,0.0
arguana,test-digital-freedoms-aihwbasmn-pro04a,base (MaxSim@10),0.0,,
arguana,test-digital-freedoms-aihwbasmn-con02a,first stage,0.38685280723454163,0.2,1.0
arguana,test-digital-freedoms-aihwbasmn-con02a,cross-encoder,1.0,1.0,1.0
arguana,test-digital-freedoms-aihwbasmn-con02a,Jev V1,0.43067655807339306,0.25,1.0
arguana,test-digital-freedoms-aihwbasmn-con02a,Jev V2,0.5,0.3333333333333333,1.0
arguana,test-digital-freedoms-aihwbasmn-con02a,Jev V3,0.0,0.0,0.0
arguana,test-digital-freedoms-aihwbasmn-con02a,base (MaxSim@10),0.430676558073393,,
arguana,test-digital-freedoms-aihwbasmn-con05a,first stage,0.0,0.0,0.0
arguana,test-digital-freedoms-aihwbasmn-con05a,cross-encoder,0.6309297535714575,0.5,1.0
arguana,test-digital-freedoms-aihwbasmn-con05a,Jev V1,0.6309297535714575,0.5,1.0
arguana,test-digital-freedoms-aihwbasmn-con05a,Jev V2,0.0,0.0,0.0
arguana,test-digital-freedoms-aihwbasmn-con05a,Jev V3,0.0,0.0,0.0
arguana,test-digital-freedoms-aihwbasmn-con05a,base (MaxSim@10),0.0,,
arguana,test-digital-freedoms-aihwbasmn-con04a,first stage,0.6309297535714575,0.5,1.0
arguana,test-digital-freedoms-aihwbasmn-con04a,cross-encoder,1.0,1.0,1.0
arguana,test-digital-freedoms-aihwbasmn-con04a,Jev V1,1.0,1.0,1.0
arguana,test-digital-freedoms-aihwbasmn-con04a,Jev V2,0.6309297535714575,0.5,1.0
arguana,test-digital-freedoms-aihwbasmn-con04a,Jev V3,1.0,1.0,1.0
arguana,test-digital-freedoms-aihwbasmn-con04a,base (MaxSim@10),0.3868528072345416,,
arguana,test-digital-freedoms-aihwbasmn-con03a,first stage,0.0,0.0,0.0
arguana,test-digital-freedoms-aihwbasmn-con03a,cross-encoder,1.0,1.0,1.0
arguana,test-digital-freedoms-aihwbasmn-con03a,Jev V1,1.0,1.0,1.0
arguana,test-digital-freedoms-aihwbasmn-con03a,Jev V2,0.6309297535714575,0.5,1.0
arguana,test-digital-freedoms-aihwbasmn-con03a,Jev V3,0.31546487678572877,0.125,1.0
arguana,test-digital-freedoms-aihwbasmn-con03a,base (MaxSim@10),0.0,,
arguana,test-digital-freedoms-aihwbasmn-con01a,first stage,0.2890648263178879,0.1,1.0
arguana,test-digital-freedoms-aihwbasmn-con01a,cross-encoder,0.3562071871080222,0.16666666666666666,1.0
arguana,test-digital-freedoms-aihwbasmn-con01a,Jev V1,0.2890648263178879,0.1,1.0
arguana,test-digital-freedoms-aihwbasmn-con01a,Jev V2,0.6309297535714575,0.5,1.0
arguana,test-digital-freedoms-aihwbasmn-con01a,Jev V3,0.43067655807339306,0.25,1.0
arguana,test-digital-freedoms-aihwbasmn-con01a,base (MaxSim@10),0.3154648767857287,,
arguana,test-digital-freedoms-eifpgdff-pro02a,first stage,0.0,0.0,0.0
arguana,test-digital-freedoms-eifpgdff-pro02a,cross-encoder,0.0,0.0,0.0
arguana,test-digital-freedoms-eifpgdff-pro02a,Jev V1,0.3333333333333333,0.14285714285714285,1.0
arguana,test-digital-freedoms-eifpgdff-pro02a,Jev V2,0.6309297535714575,0.5,1.0
arguana,test-digital-freedoms-eifpgdff-pro02a,Jev V3,1.0,1.0,1.0
arguana,test-digital-freedoms-eifpgdff-pro02a,base (MaxSim@10),0.0,,
arguana,test-digital-freedoms-eifpgdff-pro01a,first stage,0.2890648263178879,0.1,1.0
arguana,test-digital-freedoms-eifpgdff-pro01a,cross-encoder,0.3333333333333333,0.14285714285714285,1.0
arguana,test-digital-freedoms-eifpgdff-pro01a,Jev V1,0.31546487678572877,0.125,1.0
arguana,test-digital-freedoms-eifpgdff-pro01a,Jev V2,0.6309297535714575,0.5,1.0
arguana,test-digital-freedoms-eifpgdff-pro01a,Jev V3,0.0,0.0,0.0
arguana,test-digital-freedoms-eifpgdff-pro01a,base (MaxSim@10),0.5,,
arguana,test-digital-freedoms-eifpgdff-pro03a,first stage,1.0,1.0,1.0
arguana,test-digital-freedoms-eifpgdff-pro03a,cross-encoder,1.0,1.0,1.0
arguana,test-digital-freedoms-eifpgdff-pro03a,Jev V1,1.0,1.0,1.0
arguana,test-digital-freedoms-eifpgdff-pro03a,Jev V2,1.0,1.0,1.0
arguana,test-digital-freedoms-eifpgdff-pro03a,Jev V3,1.0,1.0,1.0
arguana,test-digital-freedoms-eifpgdff-pro03a,base (MaxSim@10),1.0,,
arguana,test-digital-freedoms-eifpgdff-con02a,first stage,1.0,1.0,1.0
arguana,test-digital-freedoms-eifpgdff-con02a,cross-encoder,1.0,1.0,1.0
arguana,test-digital-freedoms-eifpgdff-con02a,Jev V1,1.0,1.0,1.0
arguana,test-digital-freedoms-eifpgdff-con02a,Jev V2,1.0,1.0,1.0
arguana,test-digital-freedoms-eifpgdff-con02a,Jev V3,1.0,1.0,1.0
arguana,test-digital-freedoms-eifpgdff-con02a,base (MaxSim@10),1.0,,
arguana,test-digital-freedoms-eifpgdff-con03a,first stage,1.0,1.0,1.0
arguana,test-digital-freedoms-eifpgdff-con03a,cross-encoder,1.0,1.0,1.0
arguana,test-digital-freedoms-eifpgdff-con03a,Jev V1,0.5,0.3333333333333333,1.0
arguana,test-digital-freedoms-eifpgdff-con03a,Jev V2,1.0,1.0,1.0
arguana,test-digital-freedoms-eifpgdff-con03a,Jev V3,1.0,1.0,1.0
arguana,test-digital-freedoms-eifpgdff-con03a,base (MaxSim@10),1.0,,
arguana,test-digital-freedoms-eifpgdff-con01a,first stage,1.0,1.0,1.0
arguana,test-digital-freedoms-eifpgdff-con01a,cross-encoder,0.6309297535714575,0.5,1.0
arguana,test-digital-freedoms-eifpgdff-con01a,Jev V1,1.0,1.0,1.0
arguana,test-digital-freedoms-eifpgdff-con01a,Jev V2,0.6309297535714575,0.5,1.0
arguana,test-digital-freedoms-eifpgdff-con01a,Jev V3,1.0,1.0,1.0
arguana,test-digital-freedoms-eifpgdff-con01a,base (MaxSim@10),1.0,,
arguana,test-digital-freedoms-piidfaihbg-pro02a,first stage,0.6309297535714575,0.5,1.0
arguana,test-digital-freedoms-piidfaihbg-pro02a,cross-encoder,1.0,1.0,1.0
arguana,test-digital-freedoms-piidfaihbg-pro02a,Jev V1,1.0,1.0,1.0
arguana,test-digital-freedoms-piidfaihbg-pro02a,Jev V2,1.0,1.0,1.0
arguana,test-digital-freedoms-piidfaihbg-pro02a,Jev V3,1.0,1.0,1.0
arguana,test-digital-freedoms-piidfaihbg-pro02a,base (MaxSim@10),0.6309297535714575,,
arguana,test-digital-freedoms-piidfaihbg-pro01a,first stage,1.0,1.0,1.0
arguana,test-digital-freedoms-piidfaihbg-pro01a,cross-encoder,1.0,1.0,1.0
arguana,test-digital-freedoms-piidfaihbg-pro01a,Jev V1,1.0,1.0,1.0
arguana,test-digital-freedoms-piidfaihbg-pro01a,Jev V2,1.0,1.0,1.0
arguana,test-digital-freedoms-piidfaihbg-pro01a,Jev V3,1.0,1.0,1.0
arguana,test-digital-freedoms-piidfaihbg-pro01a,base (MaxSim@10),1.0,,
arguana,test-digital-freedoms-piidfaihbg-pro03a,first stage,0.3562071871080222,0.16666666666666666,1.0
arguana,test-digital-freedoms-piidfaihbg-pro03a,cross-encoder,0.6309297535714575,0.5,1.0
arguana,test-digital-freedoms-piidfaihbg-pro03a,Jev V1,1.0,1.0,1.0
arguana,test-digital-freedoms-piidfaihbg-pro03a,Jev V2,1.0,1.0,1.0
arguana,test-digital-freedoms-piidfaihbg-pro03a,Jev V3,1.0,1.0,1.0
arguana,test-digital-freedoms-piidfaihbg-pro03a,base (MaxSim@10),0.3562071871080222,,
arguana,test-digital-freedoms-piidfaihbg-con02a,first stage,0.6309297535714575,0.5,1.0
arguana,test-digital-freedoms-piidfaihbg-con02a,cross-encoder,1.0,1.0,1.0
arguana,test-digital-freedoms-piidfaihbg-con02a,Jev V1,1.0,1.0,1.0
arguana,test-digital-freedoms-piidfaihbg-con02a,Jev V2,1.0,1.0,1.0
arguana,test-digital-freedoms-piidfaihbg-con02a,Jev V3,1.0,1.0,1.0
arguana,test-digital-freedoms-piidfaihbg-con02a,base (MaxSim@10),0.6309297535714575,,
arguana,test-digital-freedoms-piidfaihbg-con03a,first stage,0.31546487678572877,0.125,1.0
arguana,test-digital-freedoms-piidfaihbg-con03a,cross-encoder,0.5,0.3333333333333333,1.0
arguana,test-digital-freedoms-piidfaihbg-con03a,Jev V1,1.0,1.0,1.0
arguana,test-digital-freedoms-piidfaihbg-con03a,Jev V2,1.0,1.0,1.0
arguana,test-digital-freedoms-piidfaihbg-con03a,Jev V3,1.0,1.0,1.0
arguana,test-digital-freedoms-piidfaihbg-con03a,base (MaxSim@10),0.2890648263178879,,
arguana,test-digital-freedoms-piidfaihbg-con01a,first stage,0.6309297535714575,0.5,1.0
arguana,test-digital-freedoms-piidfaihbg-con01a,cross-encoder,1.0,1.0,1.0
arguana,test-digital-freedoms-piidfaihbg-con01a,Jev V1,0.6309297535714575,0.5,1.0
arguana,test-digital-freedoms-piidfaihbg-con01a,Jev V2,1.0,1.0,1.0
arguana,test-digital-freedoms-piidfaihbg-con01a,Jev V3,1.0,1.0,1.0
arguana,test-digital-freedoms-piidfaihbg-con01a,base (MaxSim@10),0.3333333333333333,,
arguana,test-digital-freedoms-piidfiphwu-pro02a,first stage,0.31546487678572877,0.125,1.0
arguana,test-digital-freedoms-piidfiphwu-pro02a,cross-encoder,0.38685280723454163,0.2,1.0
arguana,test-digital-freedoms-piidfiphwu-pro02a,Jev V1,1.0,1.0,1.0
arguana,test-digital-freedoms-piidfiphwu-pro02a,Jev V2,1.0,1.0,1.0
arguana,test-digital-freedoms-piidfiphwu-pro02a,Jev V3,1.0,1.0,1.0
arguana,test-digital-freedoms-piidfiphwu-pro02a,base (MaxSim@10),0.3010299956639812,,
arguana,test-digital-freedoms-piidfiphwu-pro01a,first stage,1.0,1.0,1.0
arguana,test-digital-freedoms-piidfiphwu-pro01a,cross-encoder,1.0,1.0,1.0
arguana,test-digital-freedoms-piidfiphwu-pro01a,Jev V1,0.31546487678572877,0.125,1.0
arguana,test-digital-freedoms-piidfiphwu-pro01a,Jev V2,1.0,1.0,1.0
arguana,test-digital-freedoms-piidfiphwu-pro01a,Jev V3,0.6309297535714575,0.5,1.0
arguana,test-digital-freedoms-piidfiphwu-pro01a,base (MaxSim@10),1.0,,
arguana,test-digital-freedoms-piidfiphwu-pro03a,first stage,0.31546487678572877,0.125,1.0
arguana,test-digital-freedoms-piidfiphwu-pro03a,cross-encoder,0.5,0.3333333333333333,1.0
arguana,test-digital-freedoms-piidfiphwu-pro03a,Jev V1,0.6309297535714575,0.5,1.0
arguana,test-digital-freedoms-piidfiphwu-pro03a,Jev V2,0.6309297535714575,0.5,1.0
arguana,test-digital-freedoms-piidfiphwu-pro03a,Jev V3,0.6309297535714575,0.5,1.0
arguana,test-digital-freedoms-piidfiphwu-pro03a,base (MaxSim@10),0.3333333333333333,,
arguana,test-digital-freedoms-piidfiphwu-con02a,first stage,1.0,1.0,1.0
arguana,test-digital-freedoms-piidfiphwu-con02a,cross-encoder,1.0,1.0,1.0
arguana,test-digital-freedoms-piidfiphwu-con02a,Jev V1,1.0,1.0,1.0
arguana,test-digital-freedoms-piidfiphwu-con02a,Jev V2,1.0,1.0,1.0
arguana,test-digital-freedoms-piidfiphwu-con02a,Jev V3,1.0,1.0,1.0
arguana,test-digital-freedoms-piidfiphwu-con02a,base (MaxSim@10),1.0,,
arguana,test-digital-freedoms-piidfiphwu-con03a,first stage,1.0,1.0,1.0
arguana,test-digital-freedoms-piidfiphwu-con03a,cross-encoder,1.0,1.0,1.0
arguana,test-digital-freedoms-piidfiphwu-con03a,Jev V1,1.0,1.0,1.0
arguana,test-digital-freedoms-piidfiphwu-con03a,Jev V2,1.0,1.0,1.0
arguana,test-digital-freedoms-piidfiphwu-con03a,Jev V3,1.0,1.0,1.0
arguana,test-digital-freedoms-piidfiphwu-con03a,base (MaxSim@10),0.5,,
arguana,test-digital-freedoms-piidfiphwu-con01a,first stage,1.0,1.0,1.0
arguana,test-digital-freedoms-piidfiphwu-con01a,cross-encoder,1.0,1.0,1.0
arguana,test-digital-freedoms-piidfiphwu-con01a,Jev V1,1.0,1.0,1.0
arguana,test-digital-freedoms-piidfiphwu-con01a,Jev V2,1.0,1.0,1.0
arguana,test-digital-freedoms-piidfiphwu-con01a,Jev V3,1.0,1.0,1.0
arguana,test-digital-freedoms-piidfiphwu-con01a,base (MaxSim@10),0.6309297535714575,,
arguana,test-digital-freedoms-aihbiahr-pro02a,first stage,0.0,0.0,0.0
arguana,test-digital-freedoms-aihbiahr-pro02a,cross-encoder,1.0,1.0,1.0
arguana,test-digital-freedoms-aihbiahr-pro02a,Jev V1,0.38685280723454163,0.2,1.0
arguana,test-digital-freedoms-aihbiahr-pro02a,Jev V2,1.0,1.0,1.0
arguana,test-digital-freedoms-aihbiahr-pro02a,Jev V3,1.0,1.0,1.0
arguana,test-digital-freedoms-aihbiahr-pro02a,base (MaxSim@10),0.0,,
arguana,test-digital-freedoms-aihbiahr-pro01a,first stage,0.3010299956639812,0.1111111111111111,1.0
arguana,test-digital-freedoms-aihbiahr-pro01a,cross-encoder,0.3562071871080222,0.16666666666666666,1.0
arguana,test-digital-freedoms-aihbiahr-pro01a,Jev V1,0.3010299956639812,0.1111111111111111,1.0
arguana,test-digital-freedoms-aihbiahr-pro01a,Jev V2,1.0,1.0,1.0
arguana,test-digital-freedoms-aihbiahr-pro01a,Jev V3,0.6309297535714575,0.5,1.0
arguana,test-digital-freedoms-aihbiahr-pro01a,base (MaxSim@10),0.3333333333333333,,
arguana,test-digital-freedoms-aihbiahr-pro03a,first stage,0.3562071871080222,0.16666666666666666,1.0
arguana,test-digital-freedoms-aihbiahr-pro03a,cross-encoder,1.0,1.0,1.0
arguana,test-digital-freedoms-aihbiahr-pro03a,Jev V1,0.6309297535714575,0.5,1.0
arguana,test-digital-freedoms-aihbiahr-pro03a,Jev V2,0.5,0.3333333333333333,1.0
arguana,test-digital-freedoms-aihbiahr-pro03a,Jev V3,1.0,1.0,1.0
arguana,test-digital-freedoms-aihbiahr-pro03a,base (MaxSim@10),0.6309297535714575,,
arguana,test-digital-freedoms-aihbiahr-con02a,first stage,0.43067655807339306,0.25,1.0
arguana,test-digital-freedoms-aihbiahr-con02a,cross-encoder,1.0,1.0,1.0
arguana,test-digital-freedoms-aihbiahr-con02a,Jev V1,1.0,1.0,1.0
arguana,test-digital-freedoms-aihbiahr-con02a,Jev V2,0.3333333333333333,0.14285714285714285,1.0
arguana,test-digital-freedoms-aihbiahr-con02a,Jev V3,0.5,0.3333333333333333,1.0
arguana,test-digital-freedoms-aihbiahr-con02a,base (MaxSim@10),0.6309297535714575,,
arguana,test-digital-freedoms-aihbiahr-con04a,first stage,0.3333333333333333,0.14285714285714285,1.0
arguana,test-digital-freedoms-aihbiahr-con04a,cross-encoder,0.5,0.3333333333333333,1.0
arguana,test-digital-freedoms-aihbiahr-con04a,Jev V1,0.6309297535714575,0.5,1.0
arguana,test-digital-freedoms-aihbiahr-con04a,Jev V2,0.3333333333333333,0.14285714285714285,1.0
arguana,test-digital-freedoms-aihbiahr-con04a,Jev V3,0.43067655807339306,0.25,1.0
arguana,test-digital-freedoms-aihbiahr-con04a,base (MaxSim@10),0.3562071871080222,,
arguana,test-digital-freedoms-aihbiahr-con03a,first stage,0.43067655807339306,0.25,1.0
arguana,test-digital-freedoms-aihbiahr-con03a,cross-encoder,0.38685280723454163,0.2,1.0
arguana,test-digital-freedoms-aihbiahr-con03a,Jev V1,1.0,1.0,1.0
arguana,test-digital-freedoms-aihbiahr-con03a,Jev V2,0.43067655807339306,0.25,1.0
arguana,test-digital-freedoms-aihbiahr-con03a,Jev V3,0.5,0.3333333333333333,1.0
arguana,test-digital-freedoms-aihbiahr-con03a,base (MaxSim@10),0.3868528072345416,,
arguana,test-digital-freedoms-aihbiahr-con01a,first stage,1.0,1.0,1.0
arguana,test-digital-freedoms-aihbiahr-con01a,cross-encoder,1.0,1.0,1.0
arguana,test-digital-freedoms-aihbiahr-con01a,Jev V1,1.0,1.0,1.0
arguana,test-digital-freedoms-aihbiahr-con01a,Jev V2,0.6309297535714575,0.5,1.0
arguana,test-digital-freedoms-aihbiahr-con01a,Jev V3,1.0,1.0,1.0
arguana,test-digital-freedoms-aihbiahr-con01a,base (MaxSim@10),1.0,,
arguana,test-digital-freedoms-efsappgdfp-pro02a,first stage,0.0,0.0,0.0
arguana,test-digital-freedoms-efsappgdfp-pro02a,cross-encoder,0.0,0.0,0.0
arguana,test-digital-freedoms-efsappgdfp-pro02a,Jev V1,0.0,0.0,0.0
arguana,test-digital-freedoms-efsappgdfp-pro02a,Jev V2,0.0,0.0,0.0
arguana,test-digital-freedoms-efsappgdfp-pro02a,Jev V3,0.0,0.0,0.0
arguana,test-digital-freedoms-efsappgdfp-pro02a,base (MaxSim@10),0.0,,
arguana,test-digital-freedoms-efsappgdfp-pro01a,first stage,0.6309297535714575,0.5,1.0
arguana,test-digital-freedoms-efsappgdfp-pro01a,cross-encoder,1.0,1.0,1.0
arguana,test-digital-freedoms-efsappgdfp-pro01a,Jev V1,0.5,0.3333333333333333,1.0
arguana,test-digital-freedoms-efsappgdfp-pro01a,Jev V2,0.43067655807339306,0.25,1.0
arguana,test-digital-freedoms-efsappgdfp-pro01a,Jev V3,0.38685280723454163,0.2,1.0
arguana,test-digital-freedoms-efsappgdfp-pro01a,base (MaxSim@10),1.0,,
arguana,test-digital-freedoms-efsappgdfp-pro03a,first stage,0.6309297535714575,0.5,1.0
arguana,test-digital-freedoms-efsappgdfp-pro03a,cross-encoder,0.3562071871080222,0.16666666666666666,1.0
arguana,test-digital-freedoms-efsappgdfp-pro03a,Jev V1,1.0,1.0,1.0
arguana,test-digital-freedoms-efsappgdfp-pro03a,Jev V2,1.0,1.0,1.0
arguana,test-digital-freedoms-efsappgdfp-pro03a,Jev V3,1.0,1.0,1.0
arguana,test-digital-freedoms-efsappgdfp-pro03a,base (MaxSim@10),0.6309297535714575,,
arguana,test-digital-freedoms-efsappgdfp-pro04a,first stage,0.5,0.3333333333333333,1.0
arguana,test-digital-freedoms-efsappgdfp-pro04a,cross-encoder,1.0,1.0,1.0
arguana,test-digital-freedoms-efsappgdfp-pro04a,Jev V1,0.6309297535714575,0.5,1.0
arguana,test-digital-freedoms-efsappgdfp-pro04a,Jev V2,1.0,1.0,1.0
arguana,test-digital-freedoms-efsappgdfp-pro04a,Jev V3,0.6309297535714575,0.5,1.0
arguana,test-digital-freedoms-efsappgdfp-pro04a,base (MaxSim@10),0.6309297535714575,,
arguana,test-digital-freedoms-efsappgdfp-con02a,first stage,0.0,0.0,0.0
arguana,test-digital-freedoms-efsappgdfp-con02a,cross-encoder,0.0,0.0,0.0
arguana,test-digital-freedoms-efsappgdfp-con02a,Jev V1,0.0,0.0,0.0
arguana,test-digital-freedoms-efsappgdfp-con02a,Jev V2,0.0,0.0,0.0
arguana,test-digital-freedoms-efsappgdfp-con02a,Jev V3,0.0,0.0,0.0
arguana,test-digital-freedoms-efsappgdfp-con02a,base (MaxSim@10),0.0,,
arguana,test-digital-freedoms-efsappgdfp-con05a,first stage,0.31546487678572877,0.125,1.0
arguana,test-digital-freedoms-efsappgdfp-con05a,cross-encoder,1.0,1.0,1.0
arguana,test-digital-freedoms-efsappgdfp-con05a,Jev V1,0.6309297535714575,0.5,1.0
arguana,test-digital-freedoms-efsappgdfp-con05a,Jev V2,0.5,0.3333333333333333,1.0
arguana,test-digital-freedoms-efsappgdfp-con05a,Jev V3,0.6309297535714575,0.5,1.0
arguana,test-digital-freedoms-efsappgdfp-con05a,base (MaxSim@10),0.3562071871080222,,
arguana,test-digital-freedoms-efsappgdfp-con04a,first stage,0.3010299956639812,0.1111111111111111,1.0
arguana,test-digital-freedoms-efsappgdfp-con04a,cross-encoder,1.0,1.0,1.0
arguana,test-digital-freedoms-efsappgdfp-con04a,Jev V1,0.0,0.0,0.0
arguana,test-digital-freedoms-efsappgdfp-con04a,Jev V2,1.0,1.0,1.0
arguana,test-digital-freedoms-efsappgdfp-con04a,Jev V3,0.5,0.3333333333333333,1.0
arguana,test-digital-freedoms-efsappgdfp-con04a,base (MaxSim@10),0.3562071871080222,,
arguana,test-digital-freedoms-efsappgdfp-con03a,first stage,0.6309297535714575,0.5,1.0
arguana,test-digital-freedoms-efsappgdfp-con03a,cross-encoder,0.6309297535714575,0.5,1.0
arguana,test-digital-freedoms-efsappgdfp-con03a,Jev V1,0.38685280723454163,0.2,1.0
arguana,test-digital-freedoms-efsappgdfp-con03a,Jev V2,0.3333333333333333,0.14285714285714285,1.0
arguana,test-digital-freedoms-efsappgdfp-con03a,Jev V3,0.5,0.3333333333333333,1.0
arguana,test-digital-freedoms-efsappgdfp-con03a,base (MaxSim@10),0.3333333333333333,,
arguana,test-digital-freedoms-efsappgdfp-con01a,first stage,0.38685280723454163,0.2,1.0
arguana,test-digital-freedoms-efsappgdfp-con01a,cross-encoder,1.0,1.0,1.0
arguana,test-digital-freedoms-efsappgdfp-con01a,Jev V1,0.6309297535714575,0.5,1.0
arguana,test-digital-freedoms-efsappgdfp-con01a,Jev V2,1.0,1.0,1.0
arguana,test-digital-freedoms-efsappgdfp-con01a,Jev V3,0.6309297535714575,0.5,1.0
arguana,test-digital-freedoms-efsappgdfp-con01a,base (MaxSim@10),0.3154648767857287,,
arguana,test-digital-freedoms-eifdfaihs-pro02a,first stage,0.0,0.0,0.0
arguana,test-digital-freedoms-eifdfaihs-pro02a,cross-encoder,0.6309297535714575,0.5,1.0
arguana,test-digital-freedoms-eifdfaihs-pro02a,Jev V1,0.43067655807339306,0.25,1.0
arguana,test-digital-freedoms-eifdfaihs-pro02a,Jev V2,0.6309297535714575,0.5,1.0
arguana,test-digital-freedoms-eifdfaihs-pro02a,Jev V3,1.0,1.0,1.0
arguana,test-digital-freedoms-eifdfaihs-pro02a,base (MaxSim@10),0.0,,
arguana,test-digital-freedoms-eifdfaihs-pro01a,first stage,0.3333333333333333,0.14285714285714285,1.0
arguana,test-digital-freedoms-eifdfaihs-pro01a,cross-encoder,1.0,1.0,1.0
arguana,test-digital-freedoms-eifdfaihs-pro01a,Jev V1,1.0,1.0,1.0
arguana,test-digital-freedoms-eifdfaihs-pro01a,Jev V2,1.0,1.0,1.0
arguana,test-digital-freedoms-eifdfaihs-pro01a,Jev V3,1.0,1.0,1.0
arguana,test-digital-freedoms-eifdfaihs-pro01a,base (MaxSim@10),0.3010299956639812,,
arguana,test-digital-freedoms-eifdfaihs-pro03a,first stage,1.0,1.0,1.0
arguana,test-digital-freedoms-eifdfaihs-pro03a,cross-encoder,0.6309297535714575,0.5,1.0
arguana,test-digital-freedoms-eifdfaihs-pro03a,Jev V1,0.5,0.3333333333333333,1.0
arguana,test-digital-freedoms-eifdfaihs-pro03a,Jev V2,1.0,1.0,1.0
arguana,test-digital-freedoms-eifdfaihs-pro03a,Jev V3,1.0,1.0,1.0
arguana,test-digital-freedoms-eifdfaihs-pro03a,base (MaxSim@10),1.0,,
arguana,test-digital-freedoms-eifdfaihs-con02a,first stage,0.0,0.0,0.0
arguana,test-digital-freedoms-eifdfaihs-con02a,cross-encoder,0.38685280723454163,0.2,1.0
arguana,test-digital-freedoms-eifdfaihs-con02a,Jev V1,0.3562071871080222,0.16666666666666666,1.0
arguana,test-digital-freedoms-eifdfaihs-con02a,Jev V2,0.43067655807339306,0.25,1.0
arguana,test-digital-freedoms-eifdfaihs-con02a,Jev V3,0.0,0.0,0.0
arguana,test-digital-freedoms-eifdfaihs-con02a,base (MaxSim@10),0.0,,
arguana,test-digital-freedoms-eifdfaihs-con03a,first stage,0.0,0.0,0.0
arguana,test-digital-freedoms-eifdfaihs-con03a,cross-encoder,0.0,0.0,0.0
arguana,test-digital-freedoms-eifdfaihs-con03a,Jev V1,0.0,0.0,0.0
arguana,test-digital-freedoms-eifdfaihs-con03a,Jev V2,0.0,0.0,0.0
arguana,test-digital-freedoms-eifdfaihs-con03a,Jev V3,0.0,0.0,0.0
arguana,test-digital-freedoms-eifdfaihs-con03a,base (MaxSim@10),0.0,,
arguana,test-digital-freedoms-eifdfaihs-con01a,first stage,0.0,0.0,0.0
arguana,test-digital-freedoms-eifdfaihs-con01a,cross-encoder,0.0,0.0,0.0
arguana,test-digital-freedoms-eifdfaihs-con01a,Jev V1,0.0,0.0,0.0
arguana,test-digital-freedoms-eifdfaihs-con01a,Jev V2,0.0,0.0,0.0
arguana,test-digital-freedoms-eifdfaihs-con01a,Jev V3,0.0,0.0,0.0
arguana,test-digital-freedoms-eifdfaihs-con01a,base (MaxSim@10),0.0,,
arguana,test-religion-frghbbgi-pro02a,first stage,0.6309297535714575,0.5,1.0
arguana,test-religion-frghbbgi-pro02a,cross-encoder,0.6309297535714575,0.5,1.0
arguana,test-religion-frghbbgi-pro02a,Jev V1,1.0,1.0,1.0
arguana,test-religion-frghbbgi-pro02a,Jev V2,1.0,1.0,1.0
arguana,test-religion-frghbbgi-pro02a,Jev V3,1.0,1.0,1.0
arguana,test-religion-frghbbgi-pro02a,base (MaxSim@10),0.6309297535714575,,
arguana,test-religion-frghbbgi-pro05a,first stage,0.6309297535714575,0.5,1.0
arguana,test-religion-frghbbgi-pro05a,cross-encoder,0.3562071871080222,0.16666666666666666,1.0
arguana,test-religion-frghbbgi-pro05a,Jev V1,1.0,1.0,1.0
arguana,test-religion-frghbbgi-pro05a,Jev V2,1.0,1.0,1.0
arguana,test-religion-frghbbgi-pro05a,Jev V3,1.0,1.0,1.0
arguana,test-religion-frghbbgi-pro05a,base (MaxSim@10),1.0,,
arguana,test-religion-frghbbgi-pro01a,first stage,1.0,1.0,1.0
arguana,test-religion-frghbbgi-pro01a,cross-encoder,1.0,1.0,1.0
arguana,test-religion-frghbbgi-pro01a,Jev V1,0.6309297535714575,0.5,1.0
arguana,test-religion-frghbbgi-pro01a,Jev V2,1.0,1.0,1.0
arguana,test-religion-frghbbgi-pro01a,Jev V3,1.0,1.0,1.0
arguana,test-religion-frghbbgi-pro01a,base (MaxSim@10),1.0,,
arguana,test-religion-frghbbgi-pro03a,first stage,0.3562071871080222,0.16666666666666666,1.0
arguana,test-religion-frghbbgi-pro03a,cross-encoder,0.38685280723454163,0.2,1.0
arguana,test-religion-frghbbgi-pro03a,Jev V1,0.6309297535714575,0.5,1.0
arguana,test-religion-frghbbgi-pro03a,Jev V2,1.0,1.0,1.0
arguana,test-religion-frghbbgi-pro03a,Jev V3,0.6309297535714575,0.5,1.0
arguana,test-religion-frghbbgi-pro03a,base (MaxSim@10),0.5,,
arguana,test-religion-frghbbgi-pro04a,first stage,1.0,1.0,1.0
arguana,test-religion-frghbbgi-pro04a,cross-encoder,1.0,1.0,1.0
arguana,test-religion-frghbbgi-pro04a,Jev V1,1.0,1.0,1.0
arguana,test-religion-frghbbgi-pro04a,Jev V2,1.0,1.0,1.0
arguana,test-religion-frghbbgi-pro04a,Jev V3,1.0,1.0,1.0
arguana,test-religion-frghbbgi-pro04a,base (MaxSim@10),1.0,,
arguana,test-religion-frghbbgi-con02a,first stage,0.0,0.0,0.0
arguana,test-religion-frghbbgi-con02a,cross-encoder,0.6309297535714575,0.5,1.0
arguana,test-religion-frghbbgi-con02a,Jev V1,0.43067655807339306,0.25,1.0
arguana,test-religion-frghbbgi-con02a,Jev V2,0.6309297535714575,0.5,1.0
arguana,test-religion-frghbbgi-con02a,Jev V3,0.6309297535714575,0.5,1.0
arguana,test-religion-frghbbgi-con02a,base (MaxSim@10),0.0,,
arguana,test-religion-frghbbgi-con03a,first stage,1.0,1.0,1.0
arguana,test-religion-frghbbgi-con03a,cross-encoder,0.5,0.3333333333333333,1.0
arguana,test-religion-frghbbgi-con03a,Jev V1,1.0,1.0,1.0
arguana,test-religion-frghbbgi-con03a,Jev V2,1.0,1.0,1.0
arguana,test-religion-frghbbgi-con03a,Jev V3,1.0,1.0,1.0
arguana,test-religion-frghbbgi-con03a,base (MaxSim@10),0.6309297535714575,,
arguana,test-religion-frghbbgi-con01a,first stage,0.6309297535714575,0.5,1.0
arguana,test-religion-frghbbgi-con01a,cross-encoder,0.5,0.3333333333333333,1.0
arguana,test-religion-frghbbgi-con01a,Jev V1,1.0,1.0,1.0
arguana,test-religion-frghbbgi-con01a,Jev V2,1.0,1.0,1.0
arguana,test-religion-frghbbgi-con01a,Jev V3,1.0,1.0,1.0
arguana,test-religion-frghbbgi-con01a,base (MaxSim@10),1.0,,
arguana,test-religion-yercfrggms-pro02a,first stage,1.0,1.0,1.0
arguana,test-religion-yercfrggms-pro02a,cross-encoder,0.5,0.3333333333333333,1.0
arguana,test-religion-yercfrggms-pro02a,Jev V1,0.5,0.3333333333333333,1.0
arguana,test-religion-yercfrggms-pro02a,Jev V2,0.6309297535714575,0.5,1.0
arguana,test-religion-yercfrggms-pro02a,Jev V3,1.0,1.0,1.0
arguana,test-religion-yercfrggms-pro02a,base (MaxSim@10),0.5,,
arguana,test-religion-yercfrggms-pro06a,first stage,0.0,0.0,0.0
arguana,test-religion-yercfrggms-pro06a,cross-encoder,1.0,1.0,1.0
arguana,test-religion-yercfrggms-pro06a,Jev V1,1.0,1.0,1.0
arguana,test-religion-yercfrggms-pro06a,Jev V2,0.6309297535714575,0.5,1.0
arguana,test-religion-yercfrggms-pro06a,Jev V3,1.0,1.0,1.0
arguana,test-religion-yercfrggms-pro06a,base (MaxSim@10),0.0,,
arguana,test-religion-yercfrggms-pro05a,first stage,0.43067655807339306,0.25,1.0
arguana,test-religion-yercfrggms-pro05a,cross-encoder,0.6309297535714575,0.5,1.0
arguana,test-religion-yercfrggms-pro05a,Jev V1,0.6309297535714575,0.5,1.0
arguana,test-religion-yercfrggms-pro05a,Jev V2,1.0,1.0,1.0
arguana,test-religion-yercfrggms-pro05a,Jev V3,1.0,1.0,1.0
arguana,test-religion-yercfrggms-pro05a,base (MaxSim@10),0.3333333333333333,,
arguana,test-religion-yercfrggms-pro01a,first stage,0.0,0.0,0.0
arguana,test-religion-yercfrggms-pro01a,cross-encoder,0.0,0.0,0.0
arguana,test-religion-yercfrggms-pro01a,Jev V1,0.0,0.0,0.0
arguana,test-religion-yercfrggms-pro01a,Jev V2,0.0,0.0,0.0
arguana,test-religion-yercfrggms-pro01a,Jev V3,0.0,0.0,0.0
arguana,test-religion-yercfrggms-pro01a,base (MaxSim@10),0.0,,
arguana,test-religion-yercfrggms-pro07a,first stage,0.31546487678572877,0.125,1.0
arguana,test-religion-yercfrggms-pro07a,cross-encoder,1.0,1.0,1.0
arguana,test-religion-yercfrggms-pro07a,Jev V1,1.0,1.0,1.0
arguana,test-religion-yercfrggms-pro07a,Jev V2,1.0,1.0,1.0
arguana,test-religion-yercfrggms-pro07a,Jev V3,1.0,1.0,1.0
arguana,test-religion-yercfrggms-pro07a,base (MaxSim@10),0.3154648767857287,,
arguana,test-religion-yercfrggms-pro03a,first stage,0.43067655807339306,0.25,1.0
arguana,test-religion-yercfrggms-pro03a,cross-encoder,0.6309297535714575,0.5,1.0
arguana,test-religion-yercfrggms-pro03a,Jev V1,1.0,1.0,1.0
arguana,test-religion-yercfrggms-pro03a,Jev V2,1.0,1.0,1.0
arguana,test-religion-yercfrggms-pro03a,Jev V3,1.0,1.0,1.0
arguana,test-religion-yercfrggms-pro03a,base (MaxSim@10),0.3868528072345416,,
arguana,test-religion-yercfrggms-pro04a,first stage,0.3333333333333333,0.14285714285714285,1.0
arguana,test-religion-yercfrggms-pro04a,cross-encoder,0.6309297535714575,0.5,1.0
arguana,test-religion-yercfrggms-pro04a,Jev V1,1.0,1.0,1.0
arguana,test-religion-yercfrggms-pro04a,Jev V2,0.5,0.3333333333333333,1.0
arguana,test-religion-yercfrggms-pro04a,Jev V3,0.5,0.3333333333333333,1.0
arguana,test-religion-yercfrggms-pro04a,base (MaxSim@10),0.3154648767857287,,
arguana,test-religion-yercfrggms-con02a,first stage,0.6309297535714575,0.5,1.0
arguana,test-religion-yercfrggms-con02a,cross-encoder,0.6309297535714575,0.5,1.0
arguana,test-religion-yercfrggms-con02a,Jev V1,0.5,0.3333333333333333,1.0
arguana,test-religion-yercfrggms-con02a,Jev V2,0.5,0.3333333333333333,1.0
arguana,test-religion-yercfrggms-con02a,Jev V3,0.5,0.3333333333333333,1.0
arguana,test-religion-yercfrggms-con02a,base (MaxSim@10),0.5,,
arguana,test-religion-yercfrggms-con03a,first stage,0.6309297535714575,0.5,1.0
arguana,test-religion-yercfrggms-con03a,cross-encoder,1.0,1.0,1.0
arguana,test-religion-yercfrggms-con03a,Jev V1,1.0,1.0,1.0
arguana,test-religion-yercfrggms-con03a,Jev V2,1.0,1.0,1.0
arguana,test-religion-yercfrggms-con03a,Jev V3,1.0,1.0,1.0
arguana,test-religion-yercfrggms-con03a,base (MaxSim@10),1.0,,
arguana,test-religion-yercfrggms-con01a,first stage,1.0,1.0,1.0
arguana,test-religion-yercfrggms-con01a,cross-encoder,1.0,1.0,1.0
arguana,test-religion-yercfrggms-con01a,Jev V1,1.0,1.0,1.0
arguana,test-religion-yercfrggms-con01a,Jev V2,1.0,1.0,1.0
arguana,test-religion-yercfrggms-con01a,Jev V3,1.0,1.0,1.0
arguana,test-religion-yercfrggms-con01a,base (MaxSim@10),1.0,,
arguana,test-religion-wcprrgrhbmi-pro02a,first stage,0.2890648263178879,0.1,1.0
arguana,test-religion-wcprrgrhbmi-pro02a,cross-encoder,0.38685280723454163,0.2,1.0
arguana,test-religion-wcprrgrhbmi-pro02a,Jev V1,0.43067655807339306,0.25,1.0
arguana,test-religion-wcprrgrhbmi-pro02a,Jev V2,0.5,0.3333333333333333,1.0
arguana,test-religion-wcprrgrhbmi-pro02a,Jev V3,0.3562071871080222,0.16666666666666666,1.0
arguana,test-religion-wcprrgrhbmi-pro02a,base (MaxSim@10),0.2890648263178879,,
arguana,test-religion-wcprrgrhbmi-pro01a,first stage,0.6309297535714575,0.5,1.0
arguana,test-religion-wcprrgrhbmi-pro01a,cross-encoder,1.0,1.0,1.0
arguana,test-religion-wcprrgrhbmi-pro01a,Jev V1,0.31546487678572877,0.125,1.0
arguana,test-religion-wcprrgrhbmi-pro01a,Jev V2,1.0,1.0,1.0
arguana,test-religion-wcprrgrhbmi-pro01a,Jev V3,0.5,0.3333333333333333,1.0
arguana,test-religion-wcprrgrhbmi-pro01a,base (MaxSim@10),0.6309297535714575,,
arguana,test-religion-wcprrgrhbmi-pro03a,first stage,0.5,0.3333333333333333,1.0
arguana,test-religion-wcprrgrhbmi-pro03a,cross-encoder,1.0,1.0,1.0
arguana,test-religion-wcprrgrhbmi-pro03a,Jev V1,0.2890648263178879,0.1,1.0
arguana,test-religion-wcprrgrhbmi-pro03a,Jev V2,0.3562071871080222,0.16666666666666666,1.0
arguana,test-religion-wcprrgrhbmi-pro03a,Jev V3,0.38685280723454163,0.2,1.0
arguana,test-religion-wcprrgrhbmi-pro03a,base (MaxSim@10),0.3562071871080222,,
arguana,test-religion-wcprrgrhbmi-con02a,first stage,0.0,0.0,0.0
arguana,test-religion-wcprrgrhbmi-con02a,cross-encoder,0.0,0.0,0.0
arguana,test-religion-wcprrgrhbmi-con02a,Jev V1,0.0,0.0,0.0
arguana,test-religion-wcprrgrhbmi-con02a,Jev V2,0.0,0.0,0.0
arguana,test-religion-wcprrgrhbmi-con02a,Jev V3,0.0,0.0,0.0
arguana,test-religion-wcprrgrhbmi-con02a,base (MaxSim@10),0.0,,
arguana,test-religion-wcprrgrhbmi-con03a,first stage,0.3010299956639812,0.1111111111111111,1.0
arguana,test-religion-wcprrgrhbmi-con03a,cross-encoder,0.0,0.0,0.0
arguana,test-religion-wcprrgrhbmi-con03a,Jev V1,1.0,1.0,1.0
arguana,test-religion-wcprrgrhbmi-con03a,Jev V2,0.6309297535714575,0.5,1.0
arguana,test-religion-wcprrgrhbmi-con03a,Jev V3,0.38685280723454163,0.2,1.0
arguana,test-religion-wcprrgrhbmi-con03a,base (MaxSim@10),0.3010299956639812,,
arguana,test-religion-wcprrgrhbmi-con01a,first stage,1.0,1.0,1.0
arguana,test-religion-wcprrgrhbmi-con01a,cross-encoder,1.0,1.0,1.0
arguana,test-religion-wcprrgrhbmi-con01a,Jev V1,0.5,0.3333333333333333,1.0
arguana,test-religion-wcprrgrhbmi-con01a,Jev V2,0.6309297535714575,0.5,1.0
arguana,test-religion-wcprrgrhbmi-con01a,Jev V3,1.0,1.0,1.0
arguana,test-religion-wcprrgrhbmi-con01a,base (MaxSim@10),1.0,,
arguana,test-religion-cmrsgfhbr-pro02a,first stage,0.0,0.0,0.0
arguana,test-religion-cmrsgfhbr-pro02a,cross-encoder,0.0,0.0,0.0
arguana,test-religion-cmrsgfhbr-pro02a,Jev V1,0.0,0.0,0.0
arguana,test-religion-cmrsgfhbr-pro02a,Jev V2,0.0,0.0,0.0
arguana,test-religion-cmrsgfhbr-pro02a,Jev V3,0.0,0.0,0.0
arguana,test-religion-cmrsgfhbr-pro02a,base (MaxSim@10),0.0,,
arguana,test-religion-cmrsgfhbr-pro01a,first stage,0.43067655807339306,0.25,1.0
arguana,test-religion-cmrsgfhbr-pro01a,cross-encoder,1.0,1.0,1.0
arguana,test-religion-cmrsgfhbr-pro01a,Jev V1,1.0,1.0,1.0
arguana,test-religion-cmrsgfhbr-pro01a,Jev V2,0.38685280723454163,0.2,1.0
arguana,test-religion-cmrsgfhbr-pro01a,Jev V3,0.6309297535714575,0.5,1.0
arguana,test-religion-cmrsgfhbr-pro01a,base (MaxSim@10),0.2890648263178879,,
arguana,test-religion-cmrsgfhbr-pro03a,first stage,0.43067655807339306,0.25,1.0
arguana,test-religion-cmrsgfhbr-pro03a,cross-encoder,1.0,1.0,1.0
arguana,test-religion-cmrsgfhbr-pro03a,Jev V1,0.6309297535714575,0.5,1.0
arguana,test-religion-cmrsgfhbr-pro03a,Jev V2,0.6309297535714575,0.5,1.0
arguana,test-religion-cmrsgfhbr-pro03a,Jev V3,0.6309297535714575,0.5,1.0
arguana,test-religion-cmrsgfhbr-pro03a,base (MaxSim@10),0.5,,
arguana,test-religion-cmrsgfhbr-con02a,first stage,0.0,0.0,0.0
arguana,test-religion-cmrsgfhbr-con02a,cross-encoder,0.0,0.0,0.0
arguana,test-religion-cmrsgfhbr-con02a,Jev V1,0.0,0.0,0.0
arguana,test-religion-cmrsgfhbr-con02a,Jev V2,0.0,0.0,0.0
arguana,test-religion-cmrsgfhbr-con02a,Jev V3,0.0,0.0,0.0
arguana,test-religion-cmrsgfhbr-con02a,base (MaxSim@10),0.0,,
arguana,test-religion-cmrsgfhbr-con03a,first stage,0.38685280723454163,0.2,1.0
arguana,test-religion-cmrsgfhbr-con03a,cross-encoder,0.43067655807339306,0.25,1.0
arguana,test-religion-cmrsgfhbr-con03a,Jev V1,0.3333333333333333,0.14285714285714285,1.0
arguana,test-religion-cmrsgfhbr-con03a,Jev V2,0.6309297535714575,0.5,1.0
arguana,test-religion-cmrsgfhbr-con03a,Jev V3,0.5,0.3333333333333333,1.0
arguana,test-religion-cmrsgfhbr-con03a,base (MaxSim@10),0.430676558073393,,
arguana,test-religion-cmrsgfhbr-con01a,first stage,1.0,1.0,1.0
arguana,test-religion-cmrsgfhbr-con01a,cross-encoder,0.5,0.3333333333333333,1.0
arguana,test-religion-cmrsgfhbr-con01a,Jev V1,0.31546487678572877,0.125,1.0
arguana,test-religion-cmrsgfhbr-con01a,Jev V2,0.0,0.0,0.0
arguana,test-religion-cmrsgfhbr-con01a,Jev V3,0.43067655807339306,0.25,1.0
arguana,test-religion-cmrsgfhbr-con01a,base (MaxSim@10),1.0,,
arguana,test-religion-grcrgshwbr-pro02a,first stage,0.38685280723454163,0.2,1.0
arguana,test-religion-grcrgshwbr-pro02a,cross-encoder,0.3333333333333333,0.14285714285714285,1.0
arguana,test-religion-grcrgshwbr-pro02a,Jev V1,0.5,0.3333333333333333,1.0
arguana,test-religion-grcrgshwbr-pro02a,Jev V2,1.0,1.0,1.0
arguana,test-religion-grcrgshwbr-pro02a,Jev V3,1.0,1.0,1.0
arguana,test-religion-grcrgshwbr-pro02a,base (MaxSim@10),0.5,,
arguana,test-religion-grcrgshwbr-pro05a,first stage,0.6309297535714575,0.5,1.0
arguana,test-religion-grcrgshwbr-pro05a,cross-encoder,0.38685280723454163,0.2,1.0
arguana,test-religion-grcrgshwbr-pro05a,Jev V1,0.3010299956639812,0.1111111111111111,1.0
arguana,test-religion-grcrgshwbr-pro05a,Jev V2,0.0,0.0,0.0
arguana,test-religion-grcrgshwbr-pro05a,Jev V3,0.31546487678572877,0.125,1.0
arguana,test-religion-grcrgshwbr-pro05a,base (MaxSim@10),0.6309297535714575,,
arguana,test-religion-grcrgshwbr-pro01a,first stage,0.43067655807339306,0.25,1.0
arguana,test-religion-grcrgshwbr-pro01a,cross-encoder,0.6309297535714575,0.5,1.0
arguana,test-religion-grcrgshwbr-pro01a,Jev V1,0.6309297535714575,0.5,1.0
arguana,test-religion-grcrgshwbr-pro01a,Jev V2,1.0,1.0,1.0
arguana,test-religion-grcrgshwbr-pro01a,Jev V3,1.0,1.0,1.0
arguana,test-religion-grcrgshwbr-pro01a,base (MaxSim@10),0.430676558073393,,
arguana,test-religion-grcrgshwbr-pro03a,first stage,0.43067655807339306,0.25,1.0
arguana,test-religion-grcrgshwbr-pro03a,cross-encoder,0.5,0.3333333333333333,1.0
arguana,test-religion-grcrgshwbr-pro03a,Jev V1,0.5,0.3333333333333333,1.0
arguana,test-religion-grcrgshwbr-pro03a,Jev V2,0.3562071871080222,0.16666666666666666,1.0
arguana,test-religion-grcrgshwbr-pro03a,Jev V3,1.0,1.0,1.0
arguana,test-religion-grcrgshwbr-pro03a,base (MaxSim@10),0.430676558073393,,
arguana,test-religion-grcrgshwbr-pro04a,first stage,0.0,0.0,0.0
arguana,test-religion-grcrgshwbr-pro04a,cross-encoder,0.0,0.0,0.0
arguana,test-religion-grcrgshwbr-pro04a,Jev V1,0.0,0.0,0.0
arguana,test-religion-grcrgshwbr-pro04a,Jev V2,0.0,0.0,0.0
arguana,test-religion-grcrgshwbr-pro04a,Jev V3,0.0,0.0,0.0
arguana,test-religion-grcrgshwbr-pro04a,base (MaxSim@10),0.0,,
arguana,test-religion-grcrgshwbr-con02a,first stage,0.38685280723454163,0.2,1.0
arguana,test-religion-grcrgshwbr-con02a,cross-encoder,0.6309297535714575,0.5,1.0
arguana,test-religion-grcrgshwbr-con02a,Jev V1,0.3562071871080222,0.16666666666666666,1.0
arguana,test-religion-grcrgshwbr-con02a,Jev V2,1.0,1.0,1.0
arguana,test-religion-grcrgshwbr-con02a,Jev V3,1.0,1.0,1.0
arguana,test-religion-grcrgshwbr-con02a,base (MaxSim@10),0.430676558073393,,
arguana,test-religion-grcrgshwbr-con04a,first stage,0.0,0.0,0.0
arguana,test-religion-grcrgshwbr-con04a,cross-encoder,0.3010299956639812,0.1111111111111111,1.0
arguana,test-religion-grcrgshwbr-con04a,Jev V1,0.5,0.3333333333333333,1.0
arguana,test-religion-grcrgshwbr-con04a,Jev V2,0.0,0.0,0.0
arguana,test-religion-grcrgshwbr-con04a,Jev V3,0.38685280723454163,0.2,1.0
arguana,test-religion-grcrgshwbr-con04a,base (MaxSim@10),0.0,,
arguana,test-religion-grcrgshwbr-con03a,first stage,0.43067655807339306,0.25,1.0
arguana,test-religion-grcrgshwbr-con03a,cross-encoder,1.0,1.0,1.0
arguana,test-religion-grcrgshwbr-con03a,Jev V1,0.6309297535714575,0.5,1.0
arguana,test-religion-grcrgshwbr-con03a,Jev V2,1.0,1.0,1.0
arguana,test-religion-grcrgshwbr-con03a,Jev V3,0.6309297535714575,0.5,1.0
arguana,test-religion-grcrgshwbr-con03a,base (MaxSim@10),0.430676558073393,,
arguana,test-religion-grcrgshwbr-con01a,first stage,0.5,0.3333333333333333,1.0
arguana,test-religion-grcrgshwbr-con01a,cross-encoder,0.6309297535714575,0.5,1.0
arguana,test-religion-grcrgshwbr-con01a,Jev V1,0.3333333333333333,0.14285714285714285,1.0
arguana,test-religion-grcrgshwbr-con01a,Jev V2,0.38685280723454163,0.2,1.0
arguana,test-religion-grcrgshwbr-con01a,Jev V3,0.6309297535714575,0.5,1.0
arguana,test-religion-grcrgshwbr-con01a,base (MaxSim@10),0.3868528072345416,,
arguana,test-religion-msgfhwbamec-pro02a,first stage,1.0,1.0,1.0
arguana,test-religion-msgfhwbamec-pro02a,cross-encoder,1.0,1.0,1.0
arguana,test-religion-msgfhwbamec-pro02a,Jev V1,0.3562071871080222,0.16666666666666666,1.0
arguana,test-religion-msgfhwbamec-pro02a,Jev V2,1.0,1.0,1.0
arguana,test-religion-msgfhwbamec-pro02a,Jev V3,0.6309297535714575,0.5,1.0
arguana,test-religion-msgfhwbamec-pro02a,base (MaxSim@10),1.0,,
arguana,test-religion-msgfhwbamec-pro01a,first stage,0.5,0.3333333333333333,1.0
arguana,test-religion-msgfhwbamec-pro01a,cross-encoder,0.5,0.3333333333333333,1.0
arguana,test-religion-msgfhwbamec-pro01a,Jev V1,0.38685280723454163,0.2,1.0
arguana,test-religion-msgfhwbamec-pro01a,Jev V2,0.43067655807339306,0.25,1.0
arguana,test-religion-msgfhwbamec-pro01a,Jev V3,0.5,0.3333333333333333,1.0
arguana,test-religion-msgfhwbamec-pro01a,base (MaxSim@10),0.5,,
arguana,test-religion-msgfhwbamec-pro03a,first stage,0.6309297535714575,0.5,1.0
arguana,test-religion-msgfhwbamec-pro03a,cross-encoder,1.0,1.0,1.0
arguana,test-religion-msgfhwbamec-pro03a,Jev V1,1.0,1.0,1.0
arguana,test-religion-msgfhwbamec-pro03a,Jev V2,1.0,1.0,1.0
arguana,test-religion-msgfhwbamec-pro03a,Jev V3,1.0,1.0,1.0
arguana,test-religion-msgfhwbamec-pro03a,base (MaxSim@10),0.6309297535714575,,
arguana,test-religion-msgfhwbamec-con02a,first stage,0.43067655807339306,0.25,1.0
arguana,test-religion-msgfhwbamec-con02a,cross-encoder,0.6309297535714575,0.5,1.0
arguana,test-religion-msgfhwbamec-con02a,Jev V1,0.5,0.3333333333333333,1.0
arguana,test-religion-msgfhwbamec-con02a,Jev V2,0.5,0.3333333333333333,1.0
arguana,test-religion-msgfhwbamec-con02a,Jev V3,0.3562071871080222,0.16666666666666666,1.0
arguana,test-religion-msgfhwbamec-con02a,base (MaxSim@10),1.0,,
arguana,test-religion-msgfhwbamec-con03a,first stage,1.0,1.0,1.0
arguana,test-religion-msgfhwbamec-con03a,cross-encoder,0.6309297535714575,0.5,1.0
arguana,test-religion-msgfhwbamec-con03a,Jev V1,1.0,1.0,1.0
arguana,test-religion-msgfhwbamec-con03a,Jev V2,1.0,1.0,1.0
arguana,test-religion-msgfhwbamec-con03a,Jev V3,1.0,1.0,1.0
arguana,test-religion-msgfhwbamec-con03a,base (MaxSim@10),0.6309297535714575,,
arguana,test-religion-msgfhwbamec-con01a,first stage,0.3010299956639812,0.1111111111111111,1.0
arguana,test-religion-msgfhwbamec-con01a,cross-encoder,0.3333333333333333,0.14285714285714285,1.0
arguana,test-religion-msgfhwbamec-con01a,Jev V1,0.5,0.3333333333333333,1.0
arguana,test-religion-msgfhwbamec-con01a,Jev V2,0.43067655807339306,0.25,1.0
arguana,test-religion-msgfhwbamec-con01a,Jev V3,0.43067655807339306,0.25,1.0
arguana,test-religion-msgfhwbamec-con01a,base (MaxSim@10),0.3154648767857287,,
arguana,test-science-ciidfaihwc-pro02a,first stage,0.0,0.0,0.0
arguana,test-science-ciidfaihwc-pro02a,cross-encoder,0.0,0.0,0.0
arguana,test-science-ciidfaihwc-pro02a,Jev V1,0.0,0.0,0.0
arguana,test-science-ciidfaihwc-pro02a,Jev V2,0.0,0.0,0.0
arguana,test-science-ciidfaihwc-pro02a,Jev V3,0.0,0.0,0.0
arguana,test-science-ciidfaihwc-pro02a,base (MaxSim@10),0.0,,
arguana,test-science-ciidfaihwc-pro01a,first stage,0.6309297535714575,0.5,1.0
arguana,test-science-ciidfaihwc-pro01a,cross-encoder,0.38685280723454163,0.2,1.0
arguana,test-science-ciidfaihwc-pro01a,Jev V1,0.5,0.3333333333333333,1.0
arguana,test-science-ciidfaihwc-pro01a,Jev V2,0.6309297535714575,0.5,1.0
arguana,test-science-ciidfaihwc-pro01a,Jev V3,1.0,1.0,1.0
arguana,test-science-ciidfaihwc-pro01a,base (MaxSim@10),1.0,,
arguana,test-science-ciidfaihwc-pro03a,first stage,1.0,1.0,1.0
arguana,test-science-ciidfaihwc-pro03a,cross-encoder,1.0,1.0,1.0
arguana,test-science-ciidfaihwc-pro03a,Jev V1,0.6309297535714575,0.5,1.0
arguana,test-science-ciidfaihwc-pro03a,Jev V2,1.0,1.0,1.0
arguana,test-science-ciidfaihwc-pro03a,Jev V3,1.0,1.0,1.0
arguana,test-science-ciidfaihwc-pro03a,base (MaxSim@10),1.0,,
arguana,test-science-ciidfaihwc-pro04a,first stage,1.0,1.0,1.0
arguana,test-science-ciidfaihwc-pro04a,cross-encoder,1.0,1.0,1.0
arguana,test-science-ciidfaihwc-pro04a,Jev V1,1.0,1.0,1.0
arguana,test-science-ciidfaihwc-pro04a,Jev V2,0.3333333333333333,0.14285714285714285,1.0
arguana,test-science-ciidfaihwc-pro04a,Jev V3,1.0,1.0,1.0
arguana,test-science-ciidfaihwc-pro04a,base (MaxSim@10),0.2890648263178879,,
arguana,test-science-ciidfaihwc-con02a,first stage,0.5,0.3333333333333333,1.0
arguana,test-science-ciidfaihwc-con02a,cross-encoder,0.38685280723454163,0.2,1.0
arguana,test-science-ciidfaihwc-con02a,Jev V1,1.0,1.0,1.0
arguana,test-science-ciidfaihwc-con02a,Jev V2,0.5,0.3333333333333333,1.0
arguana,test-science-ciidfaihwc-con02a,Jev V3,0.6309297535714575,0.5,1.0
arguana,test-science-ciidfaihwc-con02a,base (MaxSim@10),0.5,,
arguana,test-science-ciidfaihwc-con03a,first stage,0.2890648263178879,0.1,1.0
arguana,test-science-ciidfaihwc-con03a,cross-encoder,0.6309297535714575,0.5,1.0
arguana,test-science-ciidfaihwc-con03a,Jev V1,0.0,0.0,0.0
arguana,test-science-ciidfaihwc-con03a,Jev V2,0.3010299956639812,0.1111111111111111,1.0
arguana,test-science-ciidfaihwc-con03a,Jev V3,0.0,0.0,0.0
arguana,test-science-ciidfaihwc-con03a,base (MaxSim@10),0.2890648263178879,,
arguana,test-science-ciidfaihwc-con01a,first stage,0.6309297535714575,0.5,1.0
arguana,test-science-ciidfaihwc-con01a,cross-encoder,0.6309297535714575,0.5,1.0
arguana,test-science-ciidfaihwc-con01a,Jev V1,0.43067655807339306,0.25,1.0
arguana,test-science-ciidfaihwc-con01a,Jev V2,1.0,1.0,1.0
arguana,test-science-ciidfaihwc-con01a,Jev V3,1.0,1.0,1.0
arguana,test-science-ciidfaihwc-con01a,base (MaxSim@10),0.6309297535714575,,
arguana,test-science-eassgbatj-pro02a,first stage,0.31546487678572877,0.125,1.0
arguana,test-science-eassgbatj-pro02a,cross-encoder,0.5,0.3333333333333333,1.0
arguana,test-science-eassgbatj-pro02a,Jev V1,0.3333333333333333,0.14285714285714285,1.0
arguana,test-science-eassgbatj-pro02a,Jev V2,0.2890648263178879,0.1,1.0
arguana,test-science-eassgbatj-pro02a,Jev V3,0.3010299956639812,0.1111111111111111,1.0
arguana,test-science-eassgbatj-pro02a,base (MaxSim@10),0.3154648767857287,,
arguana,test-science-eassgbatj-pro05a,first stage,0.0,0.0,0.0
arguana,test-science-eassgbatj-pro05a,cross-encoder,0.0,0.0,0.0
arguana,test-science-eassgbatj-pro05a,Jev V1,0.5,0.3333333333333333,1.0
arguana,test-science-eassgbatj-pro05a,Jev V2,0.43067655807339306,0.25,1.0
arguana,test-science-eassgbatj-pro05a,Jev V3,1.0,1.0,1.0
arguana,test-science-eassgbatj-pro05a,base (MaxSim@10),0.0,,
arguana,test-science-eassgbatj-pro01a,first stage,0.0,0.0,0.0
arguana,test-science-eassgbatj-pro01a,cross-encoder,0.5,0.3333333333333333,1.0
arguana,test-science-eassgbatj-pro01a,Jev V1,0.0,0.0,0.0
arguana,test-science-eassgbatj-pro01a,Jev V2,0.38685280723454163,0.2,1.0
arguana,test-science-eassgbatj-pro01a,Jev V3,0.2890648263178879,0.1,1.0
arguana,test-science-eassgbatj-pro01a,base (MaxSim@10),0.0,,
arguana,test-science-eassgbatj-pro03a,first stage,0.3562071871080222,0.16666666666666666,1.0
arguana,test-science-eassgbatj-pro03a,cross-encoder,0.31546487678572877,0.125,1.0
arguana,test-science-eassgbatj-pro03a,Jev V1,0.3010299956639812,0.1111111111111111,1.0
arguana,test-science-eassgbatj-pro03a,Jev V2,0.3562071871080222,0.16666666666666666,1.0
arguana,test-science-eassgbatj-pro03a,Jev V3,0.38685280723454163,0.2,1.0
arguana,test-science-eassgbatj-pro03a,base (MaxSim@10),0.3868528072345416,,
arguana,test-science-eassgbatj-pro04a,first stage,0.31546487678572877,0.125,1.0
arguana,test-science-eassgbatj-pro04a,cross-encoder,0.38685280723454163,0.2,1.0
arguana,test-science-eassgbatj-pro04a,Jev V1,0.0,0.0,0.0
arguana,test-science-eassgbatj-pro04a,Jev V2,0.31546487678572877,0.125,1.0
arguana,test-science-eassgbatj-pro04a,Jev V3,0.0,0.0,0.0
arguana,test-science-eassgbatj-pro04a,base (MaxSim@10),0.3010299956639812,,
arguana,test-science-eassgbatj-con02a,first stage,0.31546487678572877,0.125,1.0
arguana,test-science-eassgbatj-con02a,cross-encoder,0.6309297535714575,0.5,1.0
arguana,test-science-eassgbatj-con02a,Jev V1,0.3333333333333333,0.14285714285714285,1.0
arguana,test-science-eassgbatj-con02a,Jev V2,0.38685280723454163,0.2,1.0
arguana,test-science-eassgbatj-con02a,Jev V3,0.5,0.3333333333333333,1.0
arguana,test-science-eassgbatj-con02a,base (MaxSim@10),0.2890648263178879,,
arguana,test-science-eassgbatj-con05a,first stage,0.3010299956639812,0.1111111111111111,1.0
arguana,test-science-eassgbatj-con05a,cross-encoder,0.5,0.3333333333333333,1.0
arguana,test-science-eassgbatj-con05a,Jev V1,0.43067655807339306,0.25,1.0
arguana,test-science-eassgbatj-con05a,Jev V2,0.43067655807339306,0.25,1.0
arguana,test-science-eassgbatj-con05a,Jev V3,0.3010299956639812,0.1111111111111111,1.0
arguana,test-science-eassgbatj-con05a,base (MaxSim@10),0.3010299956639812,,
arguana,test-science-eassgbatj-con04a,first stage,0.31546487678572877,0.125,1.0
arguana,test-science-eassgbatj-con04a,cross-encoder,0.6309297535714575,0.5,1.0
arguana,test-science-eassgbatj-con04a,Jev V1,0.6309297535714575,0.5,1.0
arguana,test-science-eassgbatj-con04a,Jev V2,0.6309297535714575,0.5,1.0
arguana,test-science-eassgbatj-con04a,Jev V3,0.31546487678572877,0.125,1.0
arguana,test-science-eassgbatj-con04a,base (MaxSim@10),0.3333333333333333,,
arguana,test-science-eassgbatj-con03a,first stage,0.31546487678572877,0.125,1.0
arguana,test-science-eassgbatj-con03a,cross-encoder,0.5,0.3333333333333333,1.0
arguana,test-science-eassgbatj-con03a,Jev V1,0.3562071871080222,0.16666666666666666,1.0
arguana,test-science-eassgbatj-con03a,Jev V2,0.43067655807339306,0.25,1.0
arguana,test-science-eassgbatj-con03a,Jev V3,0.5,0.3333333333333333,1.0
arguana,test-science-eassgbatj-con03a,base (MaxSim@10),0.3010299956639812,,
arguana,test-science-eassgbatj-con01a,first stage,0.0,0.0,0.0
arguana,test-science-eassgbatj-con01a,cross-encoder,0.0,0.0,0.0
arguana,test-science-eassgbatj-con01a,Jev V1,0.0,0.0,0.0
arguana,test-science-eassgbatj-con01a,Jev V2,0.0,0.0,0.0
arguana,test-science-eassgbatj-con01a,Jev V3,0.0,0.0,0.0
arguana,test-science-eassgbatj-con01a,base (MaxSim@10),0.0,,
arguana,test-science-cpisydfphwj-pro02a,first stage,0.6309297535714575,0.5,1.0
arguana,test-science-cpisydfphwj-pro02a,cross-encoder,0.6309297535714575,0.5,1.0
arguana,test-science-cpisydfphwj-pro02a,Jev V1,0.6309297535714575,0.5,1.0
arguana,test-science-cpisydfphwj-pro02a,Jev V2,0.6309297535714575,0.5,1.0
arguana,test-science-cpisydfphwj-pro02a,Jev V3,0.6309297535714575,0.5,1.0
arguana,test-science-cpisydfphwj-pro02a,base (MaxSim@10),0.6309297535714575,,
arguana,test-science-cpisydfphwj-pro01a,first stage,1.0,1.0,1.0
arguana,test-science-cpisydfphwj-pro01a,cross-encoder,1.0,1.0,1.0
arguana,test-science-cpisydfphwj-pro01a,Jev V1,1.0,1.0,1.0
arguana,test-science-cpisydfphwj-pro01a,Jev V2,1.0,1.0,1.0
arguana,test-science-cpisydfphwj-pro01a,Jev V3,1.0,1.0,1.0
arguana,test-science-cpisydfphwj-pro01a,base (MaxSim@10),1.0,,
arguana,test-science-cpisydfphwj-pro03a,first stage,1.0,1.0,1.0
arguana,test-science-cpisydfphwj-pro03a,cross-encoder,1.0,1.0,1.0
arguana,test-science-cpisydfphwj-pro03a,Jev V1,0.6309297535714575,0.5,1.0
arguana,test-science-cpisydfphwj-pro03a,Jev V2,1.0,1.0,1.0
arguana,test-science-cpisydfphwj-pro03a,Jev V3,1.0,1.0,1.0
arguana,test-science-cpisydfphwj-pro03a,base (MaxSim@10),1.0,,
arguana,test-science-cpisydfphwj-con02a,first stage,0.6309297535714575,0.5,1.0
arguana,test-science-cpisydfphwj-con02a,cross-encoder,0.6309297535714575,0.5,1.0
arguana,test-science-cpisydfphwj-con02a,Jev V1,0.6309297535714575,0.5,1.0
arguana,test-science-cpisydfphwj-con02a,Jev V2,0.6309297535714575,0.5,1.0
arguana,test-science-cpisydfphwj-con02a,Jev V3,0.6309297535714575,0.5,1.0
arguana,test-science-cpisydfphwj-con02a,base (MaxSim@10),0.6309297535714575,,
arguana,test-science-cpisydfphwj-con03a,first stage,1.0,1.0,1.0
arguana,test-science-cpisydfphwj-con03a,cross-encoder,1.0,1.0,1.0
arguana,test-science-cpisydfphwj-con03a,Jev V1,1.0,1.0,1.0
arguana,test-science-cpisydfphwj-con03a,Jev V2,1.0,1.0,1.0
arguana,test-science-cpisydfphwj-con03a,Jev V3,1.0,1.0,1.0
arguana,test-science-cpisydfphwj-con03a,base (MaxSim@10),1.0,,
arguana,test-science-cpisydfphwj-con01a,first stage,0.6309297535714575,0.5,1.0
arguana,test-science-cpisydfphwj-con01a,cross-encoder,0.6309297535714575,0.5,1.0
arguana,test-science-cpisydfphwj-con01a,Jev V1,0.6309297535714575,0.5,1.0
arguana,test-science-cpisydfphwj-con01a,Jev V2,0.5,0.3333333333333333,1.0
arguana,test-science-cpisydfphwj-con01a,Jev V3,0.5,0.3333333333333333,1.0
arguana,test-science-cpisydfphwj-con01a,base (MaxSim@10),0.6309297535714575,,
arguana,test-science-wsihwclscaaw-pro02a,first stage,0.5,0.3333333333333333,1.0
arguana,test-science-wsihwclscaaw-pro02a,cross-encoder,1.0,1.0,1.0
arguana,test-science-wsihwclscaaw-pro02a,Jev V1,1.0,1.0,1.0
arguana,test-science-wsihwclscaaw-pro02a,Jev V2,0.43067655807339306,0.25,1.0
arguana,test-science-wsihwclscaaw-pro02a,Jev V3,0.6309297535714575,0.5,1.0
arguana,test-science-wsihwclscaaw-pro02a,base (MaxSim@10),0.430676558073393,,
arguana,test-science-wsihwclscaaw-pro01a,first stage,0.38685280723454163,0.2,1.0
arguana,test-science-wsihwclscaaw-pro01a,cross-encoder,1.0,1.0,1.0
arguana,test-science-wsihwclscaaw-pro01a,Jev V1,0.38685280723454163,0.2,1.0
arguana,test-science-wsihwclscaaw-pro01a,Jev V2,1.0,1.0,1.0
arguana,test-science-wsihwclscaaw-pro01a,Jev V3,0.5,0.3333333333333333,1.0
arguana,test-science-wsihwclscaaw-pro01a,base (MaxSim@10),0.3562071871080222,,
arguana,test-science-wsihwclscaaw-pro03a,first stage,0.6309297535714575,0.5,1.0
arguana,test-science-wsihwclscaaw-pro03a,cross-encoder,0.6309297535714575,0.5,1.0
arguana,test-science-wsihwclscaaw-pro03a,Jev V1,1.0,1.0,1.0
arguana,test-science-wsihwclscaaw-pro03a,Jev V2,1.0,1.0,1.0
arguana,test-science-wsihwclscaaw-pro03a,Jev V3,1.0,1.0,1.0
arguana,test-science-wsihwclscaaw-pro03a,base (MaxSim@10),0.6309297535714575,,
arguana,test-science-wsihwclscaaw-con02a,first stage,0.6309297535714575,0.5,1.0
arguana,test-science-wsihwclscaaw-con02a,cross-encoder,1.0,1.0,1.0
arguana,test-science-wsihwclscaaw-con02a,Jev V1,1.0,1.0,1.0
arguana,test-science-wsihwclscaaw-con02a,Jev V2,1.0,1.0,1.0
arguana,test-science-wsihwclscaaw-con02a,Jev V3,1.0,1.0,1.0
arguana,test-science-wsihwclscaaw-con02a,base (MaxSim@10),0.6309297535714575,,
arguana,test-science-wsihwclscaaw-con03a,first stage,0.6309297535714575,0.5,1.0
arguana,test-science-wsihwclscaaw-con03a,cross-encoder,1.0,1.0,1.0
arguana,test-science-wsihwclscaaw-con03a,Jev V1,1.0,1.0,1.0
arguana,test-science-wsihwclscaaw-con03a,Jev V2,1.0,1.0,1.0
arguana,test-science-wsihwclscaaw-con03a,Jev V3,0.6309297535714575,0.5,1.0
arguana,test-science-wsihwclscaaw-con03a,base (MaxSim@10),1.0,,
arguana,test-science-wsihwclscaaw-con01a,first stage,0.3010299956639812,0.1111111111111111,1.0
arguana,test-science-wsihwclscaaw-con01a,cross-encoder,1.0,1.0,1.0
arguana,test-science-wsihwclscaaw-con01a,Jev V1,0.43067655807339306,0.25,1.0
arguana,test-science-wsihwclscaaw-con01a,Jev V2,0.6309297535714575,0.5,1.0
arguana,test-science-wsihwclscaaw-con01a,Jev V3,1.0,1.0,1.0
arguana,test-science-wsihwclscaaw-con01a,base (MaxSim@10),0.2890648263178879,,
arguana,test-science-nsihwbtiss-pro02a,first stage,0.6309297535714575,0.5,1.0
arguana,test-science-nsihwbtiss-pro02a,cross-encoder,0.6309297535714575,0.5,1.0
arguana,test-science-nsihwbtiss-pro02a,Jev V1,1.0,1.0,1.0
arguana,test-science-nsihwbtiss-pro02a,Jev V2,1.0,1.0,1.0
arguana,test-science-nsihwbtiss-pro02a,Jev V3,1.0,1.0,1.0
arguana,test-science-nsihwbtiss-pro02a,base (MaxSim@10),0.5,,
arguana,test-science-nsihwbtiss-pro01a,first stage,0.43067655807339306,0.25,1.0
arguana,test-science-nsihwbtiss-pro01a,cross-encoder,0.5,0.3333333333333333,1.0
arguana,test-science-nsihwbtiss-pro01a,Jev V1,0.5,0.3333333333333333,1.0
arguana,test-science-nsihwbtiss-pro01a,Jev V2,0.6309297535714575,0.5,1.0
arguana,test-science-nsihwbtiss-pro01a,Jev V3,1.0,1.0,1.0
arguana,test-science-nsihwbtiss-pro01a,base (MaxSim@10),0.3154648767857287,,
arguana,test-science-nsihwbtiss-pro03a,first stage,0.6309297535714575,0.5,1.0
arguana,test-science-nsihwbtiss-pro03a,cross-encoder,1.0,1.0,1.0
arguana,test-science-nsihwbtiss-pro03a,Jev V1,0.6309297535714575,0.5,1.0
arguana,test-science-nsihwbtiss-pro03a,Jev V2,1.0,1.0,1.0
arguana,test-science-nsihwbtiss-pro03a,Jev V3,1.0,1.0,1.0
arguana,test-science-nsihwbtiss-pro03a,base (MaxSim@10),0.5,,
arguana,test-science-nsihwbtiss-pro04a,first stage,0.5,0.3333333333333333,1.0
arguana,test-science-nsihwbtiss-pro04a,cross-encoder,1.0,1.0,1.0
arguana,test-science-nsihwbtiss-pro04a,Jev V1,1.0,1.0,1.0
arguana,test-science-nsihwbtiss-pro04a,Jev V2,0.0,0.0,0.0
arguana,test-science-nsihwbtiss-pro04a,Jev V3,0.38685280723454163,0.2,1.0
arguana,test-science-nsihwbtiss-pro04a,base (MaxSim@10),0.3562071871080222,,
arguana,test-science-nsihwbtiss-con02a,first stage,0.0,0.0,0.0
arguana,test-science-nsihwbtiss-con02a,cross-encoder,0.38685280723454163,0.2,1.0
arguana,test-science-nsihwbtiss-con02a,Jev V1,1.0,1.0,1.0
arguana,test-science-nsihwbtiss-con02a,Jev V2,1.0,1.0,1.0
arguana,test-science-nsihwbtiss-con02a,Jev V3,0.6309297535714575,0.5,1.0
arguana,test-science-nsihwbtiss-con02a,base (MaxSim@10),0.0,,
arguana,test-science-nsihwbtiss-con04a,first stage,0.6309297535714575,0.5,1.0
arguana,test-science-nsihwbtiss-con04a,cross-encoder,1.0,1.0,1.0
arguana,test-science-nsihwbtiss-con04a,Jev V1,1.0,1.0,1.0
arguana,test-science-nsihwbtiss-con04a,Jev V2,1.0,1.0,1.0
arguana,test-science-nsihwbtiss-con04a,Jev V3,1.0,1.0,1.0
arguana,test-science-nsihwbtiss-con04a,base (MaxSim@10),1.0,,
arguana,test-science-nsihwbtiss-con03a,first stage,0.6309297535714575,0.5,1.0
arguana,test-science-nsihwbtiss-con03a,cross-encoder,1.0,1.0,1.0
arguana,test-science-nsihwbtiss-con03a,Jev V1,1.0,1.0,1.0
arguana,test-science-nsihwbtiss-con03a,Jev V2,1.0,1.0,1.0
arguana,test-science-nsihwbtiss-con03a,Jev V3,1.0,1.0,1.0
arguana,test-science-nsihwbtiss-con03a,base (MaxSim@10),0.6309297535714575,,
arguana,test-science-nsihwbtiss-con01a,first stage,1.0,1.0,1.0
arguana,test-science-nsihwbtiss-con01a,cross-encoder,1.0,1.0,1.0
arguana,test-science-nsihwbtiss-con01a,Jev V1,0.6309297535714575,0.5,1.0
arguana,test-science-nsihwbtiss-con01a,Jev V2,0.43067655807339306,0.25,1.0
arguana,test-science-nsihwbtiss-con01a,Jev V3,0.6309297535714575,0.5,1.0
arguana,test-science-nsihwbtiss-con01a,base (MaxSim@10),0.3333333333333333,,
arguana,test-science-dssghsdmd-pro02a,first stage,0.3562071871080222,0.16666666666666666,1.0
arguana,test-science-dssghsdmd-pro02a,cross-encoder,1.0,1.0,1.0
arguana,test-science-dssghsdmd-pro02a,Jev V1,1.0,1.0,1.0
arguana,test-science-dssghsdmd-pro02a,Jev V2,1.0,1.0,1.0
arguana,test-science-dssghsdmd-pro02a,Jev V3,0.6309297535714575,0.5,1.0
arguana,test-science-dssghsdmd-pro02a,base (MaxSim@10),0.3154648767857287,,
arguana,test-science-dssghsdmd-pro01a,first stage,0.3333333333333333,0.14285714285714285,1.0
arguana,test-science-dssghsdmd-pro01a,cross-encoder,1.0,1.0,1.0
arguana,test-science-dssghsdmd-pro01a,Jev V1,1.0,1.0,1.0
arguana,test-science-dssghsdmd-pro01a,Jev V2,0.6309297535714575,0.5,1.0
arguana,test-science-dssghsdmd-pro01a,Jev V3,0.6309297535714575,0.5,1.0
arguana,test-science-dssghsdmd-pro01a,base (MaxSim@10),0.3868528072345416,,
arguana,test-science-dssghsdmd-pro03a,first stage,0.5,0.3333333333333333,1.0
arguana,test-science-dssghsdmd-pro03a,cross-encoder,1.0,1.0,1.0
arguana,test-science-dssghsdmd-pro03a,Jev V1,0.6309297535714575,0.5,1.0
arguana,test-science-dssghsdmd-pro03a,Jev V2,0.5,0.3333333333333333,1.0
arguana,test-science-dssghsdmd-pro03a,Jev V3,0.6309297535714575,0.5,1.0
arguana,test-science-dssghsdmd-pro03a,base (MaxSim@10),0.5,,
arguana,test-science-dssghsdmd-pro04a,first stage,0.0,0.0,0.0
arguana,test-science-dssghsdmd-pro04a,cross-encoder,1.0,1.0,1.0
arguana,test-science-dssghsdmd-pro04a,Jev V1,0.3562071871080222,0.16666666666666666,1.0
arguana,test-science-dssghsdmd-pro04a,Jev V2,0.3562071871080222,0.16666666666666666,1.0
arguana,test-science-dssghsdmd-pro04a,Jev V3,0.0,0.0,0.0
arguana,test-science-dssghsdmd-pro04a,base (MaxSim@10),0.0,,
arguana,test-science-dssghsdmd-con02a,first stage,0.6309297535714575,0.5,1.0
arguana,test-science-dssghsdmd-con02a,cross-encoder,0.2890648263178879,0.1,1.0
arguana,test-science-dssghsdmd-con02a,Jev V1,0.3562071871080222,0.16666666666666666,1.0
arguana,test-science-dssghsdmd-con02a,Jev V2,0.38685280723454163,0.2,1.0
arguana,test-science-dssghsdmd-con02a,Jev V3,0.6309297535714575,0.5,1.0
arguana,test-science-dssghsdmd-con02a,base (MaxSim@10),0.6309297535714575,,
arguana,test-science-dssghsdmd-con03a,first stage,0.3010299956639812,0.1111111111111111,1.0
arguana,test-science-dssghsdmd-con03a,cross-encoder,0.6309297535714575,0.5,1.0
arguana,test-science-dssghsdmd-con03a,Jev V1,0.6309297535714575,0.5,1.0
arguana,test-science-dssghsdmd-con03a,Jev V2,0.6309297535714575,0.5,1.0
arguana,test-science-dssghsdmd-con03a,Jev V3,0.6309297535714575,0.5,1.0
arguana,test-science-dssghsdmd-con03a,base (MaxSim@10),0.3868528072345416,,
arguana,test-science-dssghsdmd-con01a,first stage,0.3562071871080222,0.16666666666666666,1.0
arguana,test-science-dssghsdmd-con01a,cross-encoder,0.6309297535714575,0.5,1.0
arguana,test-science-dssghsdmd-con01a,Jev V1,0.5,0.3333333333333333,1.0
arguana,test-science-dssghsdmd-con01a,Jev V2,1.0,1.0,1.0
arguana,test-science-dssghsdmd-con01a,Jev V3,0.6309297535714575,0.5,1.0
arguana,test-science-dssghsdmd-con01a,base (MaxSim@10),0.3562071871080222,,
arguana,test-science-ascidfakhba-pro02a,first stage,0.0,0.0,0.0
arguana,test-science-ascidfakhba-pro02a,cross-encoder,0.38685280723454163,0.2,1.0
arguana,test-science-ascidfakhba-pro02a,Jev V1,0.0,0.0,0.0
arguana,test-science-ascidfakhba-pro02a,Jev V2,0.3562071871080222,0.16666666666666666,1.0
arguana,test-science-ascidfakhba-pro02a,Jev V3,0.38685280723454163,0.2,1.0
arguana,test-science-ascidfakhba-pro02a,base (MaxSim@10),0.0,,
arguana,test-science-ascidfakhba-pro01a,first stage,0.31546487678572877,0.125,1.0
arguana,test-science-ascidfakhba-pro01a,cross-encoder,1.0,1.0,1.0
arguana,test-science-ascidfakhba-pro01a,Jev V1,0.5,0.3333333333333333,1.0
arguana,test-science-ascidfakhba-pro01a,Jev V2,0.6309297535714575,0.5,1.0
arguana,test-science-ascidfakhba-pro01a,Jev V3,0.6309297535714575,0.5,1.0
arguana,test-science-ascidfakhba-pro01a,base (MaxSim@10),0.3562071871080222,,
arguana,test-science-ascidfakhba-pro03a,first stage,0.3562071871080222,0.16666666666666666,1.0
arguana,test-science-ascidfakhba-pro03a,cross-encoder,0.43067655807339306,0.25,1.0
arguana,test-science-ascidfakhba-pro03a,Jev V1,0.6309297535714575,0.5,1.0
arguana,test-science-ascidfakhba-pro03a,Jev V2,0.43067655807339306,0.25,1.0
arguana,test-science-ascidfakhba-pro03a,Jev V3,0.6309297535714575,0.5,1.0
arguana,test-science-ascidfakhba-pro03a,base (MaxSim@10),0.3333333333333333,,
arguana,test-science-ascidfakhba-pro04a,first stage,0.0,0.0,0.0
arguana,test-science-ascidfakhba-pro04a,cross-encoder,0.6309297535714575,0.5,1.0
arguana,test-science-ascidfakhba-pro04a,Jev V1,0.6309297535714575,0.5,1.0
arguana,test-science-ascidfakhba-pro04a,Jev V2,0.5,0.3333333333333333,1.0
arguana,test-science-ascidfakhba-pro04a,Jev V3,1.0,1.0,1.0
arguana,test-science-ascidfakhba-pro04a,base (MaxSim@10),0.0,,
arguana,test-science-ascidfakhba-con02a,first stage,0.0,0.0,0.0
arguana,test-science-ascidfakhba-con02a,cross-encoder,0.31546487678572877,0.125,1.0
arguana,test-science-ascidfakhba-con02a,Jev V1,0.3010299956639812,0.1111111111111111,1.0
arguana,test-science-ascidfakhba-con02a,Jev V2,0.2890648263178879,0.1,1.0
arguana,test-science-ascidfakhba-con02a,Jev V3,0.31546487678572877,0.125,1.0
arguana,test-science-ascidfakhba-con02a,base (MaxSim@10),0.0,,
arguana,test-science-ascidfakhba-con04a,first stage,0.0,0.0,0.0
arguana,test-science-ascidfakhba-con04a,cross-encoder,0.43067655807339306,0.25,1.0
arguana,test-science-ascidfakhba-con04a,Jev V1,0.5,0.3333333333333333,1.0
arguana,test-science-ascidfakhba-con04a,Jev V2,0.6309297535714575,0.5,1.0
arguana,test-science-ascidfakhba-con04a,Jev V3,0.5,0.3333333333333333,1.0
arguana,test-science-ascidfakhba-con04a,base (MaxSim@10),0.0,,
arguana,test-science-ascidfakhba-con03a,first stage,0.0,0.0,0.0
arguana,test-science-ascidfakhba-con03a,cross-encoder,0.6309297535714575,0.5,1.0
arguana,test-science-ascidfakhba-con03a,Jev V1,0.38685280723454163,0.2,1.0
arguana,test-science-ascidfakhba-con03a,Jev V2,0.5,0.3333333333333333,1.0
arguana,test-science-ascidfakhba-con03a,Jev V3,0.5,0.3333333333333333,1.0
arguana,test-science-ascidfakhba-con03a,base (MaxSim@10),0.0,,
arguana,test-science-ascidfakhba-con01a,first stage,0.0,0.0,0.0
arguana,test-science-ascidfakhba-con01a,cross-encoder,0.0,0.0,0.0
arguana,test-science-ascidfakhba-con01a,Jev V1,0.0,0.0,0.0
arguana,test-science-ascidfakhba-con01a,Jev V2,0.0,0.0,0.0
arguana,test-science-ascidfakhba-con01a,Jev V3,0.0,0.0,0.0
arguana,test-science-ascidfakhba-con01a,base (MaxSim@10),0.0,,
arguana,test-science-sghwbdgmo-pro02a,first stage,0.38685280723454163,0.2,1.0
arguana,test-science-sghwbdgmo-pro02a,cross-encoder,1.0,1.0,1.0
arguana,test-science-sghwbdgmo-pro02a,Jev V1,1.0,1.0,1.0
arguana,test-science-sghwbdgmo-pro02a,Jev V2,1.0,1.0,1.0
arguana,test-science-sghwbdgmo-pro02a,Jev V3,1.0,1.0,1.0
arguana,test-science-sghwbdgmo-pro02a,base (MaxSim@10),0.5,,
arguana,test-science-sghwbdgmo-pro01a,first stage,0.6309297535714575,0.5,1.0
arguana,test-science-sghwbdgmo-pro01a,cross-encoder,1.0,1.0,1.0
arguana,test-science-sghwbdgmo-pro01a,Jev V1,1.0,1.0,1.0
arguana,test-science-sghwbdgmo-pro01a,Jev V2,1.0,1.0,1.0
arguana,test-science-sghwbdgmo-pro01a,Jev V3,1.0,1.0,1.0
arguana,test-science-sghwbdgmo-pro01a,base (MaxSim@10),1.0,,
arguana,test-science-sghwbdgmo-pro03a,first stage,1.0,1.0,1.0
arguana,test-science-sghwbdgmo-pro03a,cross-encoder,1.0,1.0,1.0
arguana,test-science-sghwbdgmo-pro03a,Jev V1,1.0,1.0,1.0
arguana,test-science-sghwbdgmo-pro03a,Jev V2,0.43067655807339306,0.25,1.0
arguana,test-science-sghwbdgmo-pro03a,Jev V3,1.0,1.0,1.0
arguana,test-science-sghwbdgmo-pro03a,base (MaxSim@10),1.0,,
arguana,test-science-sghwbdgmo-con02a,first stage,1.0,1.0,1.0
arguana,test-science-sghwbdgmo-con02a,cross-encoder,1.0,1.0,1.0
arguana,test-science-sghwbdgmo-con02a,Jev V1,1.0,1.0,1.0
arguana,test-science-sghwbdgmo-con02a,Jev V2,1.0,1.0,1.0
arguana,test-science-sghwbdgmo-con02a,Jev V3,1.0,1.0,1.0
arguana,test-science-sghwbdgmo-con02a,base (MaxSim@10),1.0,,
arguana,test-science-sghwbdgmo-con03a,first stage,0.0,0.0,0.0
arguana,test-science-sghwbdgmo-con03a,cross-encoder,0.0,0.0,0.0
arguana,test-science-sghwbdgmo-con03a,Jev V1,0.0,0.0,0.0
arguana,test-science-sghwbdgmo-con03a,Jev V2,0.0,0.0,0.0
arguana,test-science-sghwbdgmo-con03a,Jev V3,0.0,0.0,0.0
arguana,test-science-sghwbdgmo-con03a,base (MaxSim@10),0.0,,
arguana,test-science-sghwbdgmo-con01a,first stage,1.0,1.0,1.0
arguana,test-science-sghwbdgmo-con01a,cross-encoder,1.0,1.0,1.0
arguana,test-science-sghwbdgmo-con01a,Jev V1,1.0,1.0,1.0
arguana,test-science-sghwbdgmo-con01a,Jev V2,1.0,1.0,1.0
arguana,test-science-sghwbdgmo-con01a,Jev V3,1.0,1.0,1.0
arguana,test-science-sghwbdgmo-con01a,base (MaxSim@10),1.0,,
arguana,test-society-tsmihwurpp-pro02a,first stage,0.0,0.0,0.0
arguana,test-society-tsmihwurpp-pro02a,cross-encoder,0.3010299956639812,0.1111111111111111,1.0
arguana,test-society-tsmihwurpp-pro02a,Jev V1,0.0,0.0,0.0
arguana,test-society-tsmihwurpp-pro02a,Jev V2,0.3562071871080222,0.16666666666666666,1.0
arguana,test-society-tsmihwurpp-pro02a,Jev V3,0.3010299956639812,0.1111111111111111,1.0
arguana,test-society-tsmihwurpp-pro02a,base (MaxSim@10),0.0,,
arguana,test-society-tsmihwurpp-pro01a,first stage,0.6309297535714575,0.5,1.0
arguana,test-society-tsmihwurpp-pro01a,cross-encoder,1.0,1.0,1.0
arguana,test-society-tsmihwurpp-pro01a,Jev V1,0.6309297535714575,0.5,1.0
arguana,test-society-tsmihwurpp-pro01a,Jev V2,1.0,1.0,1.0
arguana,test-society-tsmihwurpp-pro01a,Jev V3,0.6309297535714575,0.5,1.0
arguana,test-society-tsmihwurpp-pro01a,base (MaxSim@10),1.0,,
arguana,test-society-tsmihwurpp-pro03a,first stage,0.38685280723454163,0.2,1.0
arguana,test-society-tsmihwurpp-pro03a,cross-encoder,0.3010299956639812,0.1111111111111111,1.0
arguana,test-society-tsmihwurpp-pro03a,Jev V1,0.6309297535714575,0.5,1.0
arguana,test-society-tsmihwurpp-pro03a,Jev V2,0.3333333333333333,0.14285714285714285,1.0
arguana,test-society-tsmihwurpp-pro03a,Jev V3,1.0,1.0,1.0
arguana,test-society-tsmihwurpp-pro03a,base (MaxSim@10),0.6309297535714575,,
arguana,test-society-tsmihwurpp-con02a,first stage,0.0,0.0,0.0
arguana,test-society-tsmihwurpp-con02a,cross-encoder,0.38685280723454163,0.2,1.0
arguana,test-society-tsmihwurpp-con02a,Jev V1,0.0,0.0,0.0
arguana,test-society-tsmihwurpp-con02a,Jev V2,0.3562071871080222,0.16666666666666666,1.0
arguana,test-society-tsmihwurpp-con02a,Jev V3,0.0,0.0,0.0
arguana,test-society-tsmihwurpp-con02a,base (MaxSim@10),0.0,,
arguana,test-society-tsmihwurpp-con03a,first stage,0.0,0.0,0.0
arguana,test-society-tsmihwurpp-con03a,cross-encoder,0.0,0.0,0.0
arguana,test-society-tsmihwurpp-con03a,Jev V1,0.0,0.0,0.0
arguana,test-society-tsmihwurpp-con03a,Jev V2,0.3010299956639812,0.1111111111111111,1.0
arguana,test-society-tsmihwurpp-con03a,Jev V3,0.0,0.0,0.0
arguana,test-society-tsmihwurpp-con03a,base (MaxSim@10),0.0,,
arguana,test-society-tsmihwurpp-con01a,first stage,0.6309297535714575,0.5,1.0
arguana,test-society-tsmihwurpp-con01a,cross-encoder,0.3333333333333333,0.14285714285714285,1.0
arguana,test-society-tsmihwurpp-con01a,Jev V1,0.3562071871080222,0.16666666666666666,1.0
arguana,test-society-tsmihwurpp-con01a,Jev V2,0.5,0.3333333333333333,1.0
arguana,test-society-tsmihwurpp-con01a,Jev V3,1.0,1.0,1.0
arguana,test-society-tsmihwurpp-con01a,base (MaxSim@10),0.6309297535714575,,
arguana,test-society-cpisydfphwj-pro02a,first stage,0.6309297535714575,0.5,1.0
arguana,test-society-cpisydfphwj-pro02a,cross-encoder,0.6309297535714575,0.5,1.0
arguana,test-society-cpisydfphwj-pro02a,Jev V1,1.0,1.0,1.0
arguana,test-society-cpisydfphwj-pro02a,Jev V2,1.0,1.0,1.0
arguana,test-society-cpisydfphwj-pro02a,Jev V3,1.0,1.0,1.0
arguana,test-society-cpisydfphwj-pro02a,base (MaxSim@10),0.6309297535714575,,
arguana,test-society-cpisydfphwj-pro01a,first stage,0.6309297535714575,0.5,1.0
arguana,test-society-cpisydfphwj-pro01a,cross-encoder,1.0,1.0,1.0
arguana,test-society-cpisydfphwj-pro01a,Jev V1,1.0,1.0,1.0
arguana,test-society-cpisydfphwj-pro01a,Jev V2,1.0,1.0,1.0
arguana,test-society-cpisydfphwj-pro01a,Jev V3,1.0,1.0,1.0
arguana,test-society-cpisydfphwj-pro01a,base (MaxSim@10),0.6309297535714575,,
arguana,test-society-cpisydfphwj-pro03a,first stage,0.5,0.3333333333333333,1.0
arguana,test-society-cpisydfphwj-pro03a,cross-encoder,0.5,0.3333333333333333,1.0
arguana,test-society-cpisydfphwj-pro03a,Jev V1,0.43067655807339306,0.25,1.0
arguana,test-society-cpisydfphwj-pro03a,Jev V2,0.6309297535714575,0.5,1.0
arguana,test-society-cpisydfphwj-pro03a,Jev V3,0.5,0.3333333333333333,1.0
arguana,test-society-cpisydfphwj-pro03a,base (MaxSim@10),0.5,,
arguana,test-society-cpisydfphwj-con02a,first stage,0.6309297535714575,0.5,1.0
arguana,test-society-cpisydfphwj-con02a,cross-encoder,0.6309297535714575,0.5,1.0
arguana,test-society-cpisydfphwj-con02a,Jev V1,0.6309297535714575,0.5,1.0
arguana,test-society-cpisydfphwj-con02a,Jev V2,1.0,1.0,1.0
arguana,test-society-cpisydfphwj-con02a,Jev V3,1.0,1.0,1.0
arguana,test-society-cpisydfphwj-con02a,base (MaxSim@10),0.6309297535714575,,
arguana,test-society-cpisydfphwj-con03a,first stage,0.6309297535714575,0.5,1.0
arguana,test-society-cpisydfphwj-con03a,cross-encoder,1.0,1.0,1.0
arguana,test-society-cpisydfphwj-con03a,Jev V1,1.0,1.0,1.0
arguana,test-society-cpisydfphwj-con03a,Jev V2,1.0,1.0,1.0
arguana,test-society-cpisydfphwj-con03a,Jev V3,1.0,1.0,1.0
arguana,test-society-cpisydfphwj-con03a,base (MaxSim@10),0.6309297535714575,,
arguana,test-society-cpisydfphwj-con01a,first stage,0.6309297535714575,0.5,1.0
arguana,test-society-cpisydfphwj-con01a,cross-encoder,1.0,1.0,1.0
arguana,test-society-cpisydfphwj-con01a,Jev V1,1.0,1.0,1.0
arguana,test-society-cpisydfphwj-con01a,Jev V2,0.6309297535714575,0.5,1.0
arguana,test-society-cpisydfphwj-con01a,Jev V3,1.0,1.0,1.0
arguana,test-society-cpisydfphwj-con01a,base (MaxSim@10),0.6309297535714575,,
arguana,test-society-ghbgqeaaems-pro02a,first stage,0.3333333333333333,0.14285714285714285,1.0
arguana,test-society-ghbgqeaaems-pro02a,cross-encoder,0.31546487678572877,0.125,1.0
arguana,test-society-ghbgqeaaems-pro02a,Jev V1,0.5,0.3333333333333333,1.0
arguana,test-society-ghbgqeaaems-pro02a,Jev V2,1.0,1.0,1.0
arguana,test-society-ghbgqeaaems-pro02a,Jev V3,0.6309297535714575,0.5,1.0
arguana,test-society-ghbgqeaaems-pro02a,base (MaxSim@10),0.3154648767857287,,
arguana,test-society-ghbgqeaaems-pro01a,first stage,1.0,1.0,1.0
arguana,test-society-ghbgqeaaems-pro01a,cross-encoder,1.0,1.0,1.0
arguana,test-society-ghbgqeaaems-pro01a,Jev V1,0.43067655807339306,0.25,1.0
arguana,test-society-ghbgqeaaems-pro01a,Jev V2,0.43067655807339306,0.25,1.0
arguana,test-society-ghbgqeaaems-pro01a,Jev V3,0.5,0.3333333333333333,1.0
arguana,test-society-ghbgqeaaems-pro01a,base (MaxSim@10),0.6309297535714575,,
arguana,test-society-ghbgqeaaems-pro03a,first stage,0.3010299956639812,0.1111111111111111,1.0
arguana,test-society-ghbgqeaaems-pro03a,cross-encoder,1.0,1.0,1.0
arguana,test-society-ghbgqeaaems-pro03a,Jev V1,0.6309297535714575,0.5,1.0
arguana,test-society-ghbgqeaaems-pro03a,Jev V2,1.0,1.0,1.0
arguana,test-society-ghbgqeaaems-pro03a,Jev V3,0.6309297535714575,0.5,1.0
arguana,test-society-ghbgqeaaems-pro03a,base (MaxSim@10),0.3010299956639812,,
arguana,test-society-ghbgqeaaems-pro04a,first stage,0.5,0.3333333333333333,1.0
arguana,test-society-ghbgqeaaems-pro04a,cross-encoder,0.6309297535714575,0.5,1.0
arguana,test-society-ghbgqeaaems-pro04a,Jev V1,1.0,1.0,1.0
arguana,test-society-ghbgqeaaems-pro04a,Jev V2,0.6309297535714575,0.5,1.0
arguana,test-society-ghbgqeaaems-pro04a,Jev V3,0.6309297535714575,0.5,1.0
arguana,test-society-ghbgqeaaems-pro04a,base (MaxSim@10),0.6309297535714575,,
arguana,test-society-ghbgqeaaems-con02a,first stage,0.3333333333333333,0.14285714285714285,1.0
arguana,test-society-ghbgqeaaems-con02a,cross-encoder,0.6309297535714575,0.5,1.0
arguana,test-society-ghbgqeaaems-con02a,Jev V1,0.5,0.3333333333333333,1.0
arguana,test-society-ghbgqeaaems-con02a,Jev V2,1.0,1.0,1.0
arguana,test-society-ghbgqeaaems-con02a,Jev V3,0.2890648263178879,0.1,1.0
arguana,test-society-ghbgqeaaems-con02a,base (MaxSim@10),0.6309297535714575,,
arguana,test-society-ghbgqeaaems-con03a,first stage,1.0,1.0,1.0
arguana,test-society-ghbgqeaaems-con03a,cross-encoder,0.5,0.3333333333333333,1.0
arguana,test-society-ghbgqeaaems-con03a,Jev V1,0.3562071871080222,0.16666666666666666,1.0
arguana,test-society-ghbgqeaaems-con03a,Jev V2,0.6309297535714575,0.5,1.0
arguana,test-society-ghbgqeaaems-con03a,Jev V3,0.6309297535714575,0.5,1.0
arguana,test-society-ghbgqeaaems-con03a,base (MaxSim@10),0.3333333333333333,,
arguana,test-society-ghbgqeaaems-con01a,first stage,1.0,1.0,1.0
arguana,test-society-ghbgqeaaems-con01a,cross-encoder,1.0,1.0,1.0
arguana,test-society-ghbgqeaaems-con01a,Jev V1,0.5,0.3333333333333333,1.0
arguana,test-society-ghbgqeaaems-con01a,Jev V2,1.0,1.0,1.0
arguana,test-society-ghbgqeaaems-con01a,Jev V3,1.0,1.0,1.0
arguana,test-society-ghbgqeaaems-con01a,base (MaxSim@10),0.6309297535714575,,
arguana,test-society-mmcpsgfhbf-pro02a,first stage,1.0,1.0,1.0
arguana,test-society-mmcpsgfhbf-pro02a,cross-encoder,1.0,1.0,1.0
arguana,test-society-mmcpsgfhbf-pro02a,Jev V1,1.0,1.0,1.0
arguana,test-society-mmcpsgfhbf-pro02a,Jev V2,1.0,1.0,1.0
arguana,test-society-mmcpsgfhbf-pro02a,Jev V3,1.0,1.0,1.0
arguana,test-society-mmcpsgfhbf-pro02a,base (MaxSim@10),1.0,,
arguana,test-society-mmcpsgfhbf-pro01a,first stage,0.2890648263178879,0.1,1.0
arguana,test-society-mmcpsgfhbf-pro01a,cross-encoder,0.2890648263178879,0.1,1.0
arguana,test-society-mmcpsgfhbf-pro01a,Jev V1,0.43067655807339306,0.25,1.0
arguana,test-society-mmcpsgfhbf-pro01a,Jev V2,0.5,0.3333333333333333,1.0
arguana,test-society-mmcpsgfhbf-pro01a,Jev V3,1.0,1.0,1.0
arguana,test-society-mmcpsgfhbf-pro01a,base (MaxSim@10),0.3333333333333333,,
arguana,test-society-mmcpsgfhbf-pro03a,first stage,0.2890648263178879,0.1,1.0
arguana,test-society-mmcpsgfhbf-pro03a,cross-encoder,0.6309297535714575,0.5,1.0
arguana,test-society-mmcpsgfhbf-pro03a,Jev V1,1.0,1.0,1.0
arguana,test-society-mmcpsgfhbf-pro03a,Jev V2,0.5,0.3333333333333333,1.0
arguana,test-society-mmcpsgfhbf-pro03a,Jev V3,0.6309297535714575,0.5,1.0
arguana,test-society-mmcpsgfhbf-pro03a,base (MaxSim@10),0.2890648263178879,,
arguana,test-society-mmcpsgfhbf-pro04a,first stage,0.2890648263178879,0.1,1.0
arguana,test-society-mmcpsgfhbf-pro04a,cross-encoder,1.0,1.0,1.0
arguana,test-society-mmcpsgfhbf-pro04a,Jev V1,1.0,1.0,1.0
arguana,test-society-mmcpsgfhbf-pro04a,Jev V2,0.6309297535714575,0.5,1.0
arguana,test-society-mmcpsgfhbf-pro04a,Jev V3,1.0,1.0,1.0
arguana,test-society-mmcpsgfhbf-pro04a,base (MaxSim@10),0.2890648263178879,,
arguana,test-society-mmcpsgfhbf-con02a,first stage,1.0,1.0,1.0
arguana,test-society-mmcpsgfhbf-con02a,cross-encoder,1.0,1.0,1.0
arguana,test-society-mmcpsgfhbf-con02a,Jev V1,1.0,1.0,1.0
arguana,test-society-mmcpsgfhbf-con02a,Jev V2,1.0,1.0,1.0
arguana,test-society-mmcpsgfhbf-con02a,Jev V3,1.0,1.0,1.0
arguana,test-society-mmcpsgfhbf-con02a,base (MaxSim@10),1.0,,
arguana,test-society-mmcpsgfhbf-con04a,first stage,0.38685280723454163,0.2,1.0
arguana,test-society-mmcpsgfhbf-con04a,cross-encoder,0.6309297535714575,0.5,1.0
arguana,test-society-mmcpsgfhbf-con04a,Jev V1,0.3010299956639812,0.1111111111111111,1.0
arguana,test-society-mmcpsgfhbf-con04a,Jev V2,0.5,0.3333333333333333,1.0
arguana,test-society-mmcpsgfhbf-con04a,Jev V3,0.6309297535714575,0.5,1.0
arguana,test-society-mmcpsgfhbf-con04a,base (MaxSim@10),0.3562071871080222,,
arguana,test-society-mmcpsgfhbf-con03a,first stage,1.0,1.0,1.0
arguana,test-society-mmcpsgfhbf-con03a,cross-encoder,0.3333333333333333,0.14285714285714285,1.0
arguana,test-society-mmcpsgfhbf-con03a,Jev V1,1.0,1.0,1.0
arguana,test-society-mmcpsgfhbf-con03a,Jev V2,1.0,1.0,1.0
arguana,test-society-mmcpsgfhbf-con03a,Jev V3,1.0,1.0,1.0
arguana,test-society-mmcpsgfhbf-con03a,base (MaxSim@10),1.0,,
arguana,test-society-mmcpsgfhbf-con01a,first stage,1.0,1.0,1.0
arguana,test-society-mmcpsgfhbf-con01a,cross-encoder,0.6309297535714575,0.5,1.0
arguana,test-society-mmcpsgfhbf-con01a,Jev V1,1.0,1.0,1.0
arguana,test-society-mmcpsgfhbf-con01a,Jev V2,1.0,1.0,1.0
arguana,test-society-mmcpsgfhbf-con01a,Jev V3,1.0,1.0,1.0
arguana,test-society-mmcpsgfhbf-con01a,base (MaxSim@10),1.0,,
arguana,test-society-epiasghbf-pro02a,first stage,0.3562071871080222,0.16666666666666666,1.0
arguana,test-society-epiasghbf-pro02a,cross-encoder,0.6309297535714575,0.5,1.0
arguana,test-society-epiasghbf-pro02a,Jev V1,0.6309297535714575,0.5,1.0
arguana,test-society-epiasghbf-pro02a,Jev V2,0.6309297535714575,0.5,1.0
arguana,test-society-epiasghbf-pro02a,Jev V3,1.0,1.0,1.0
arguana,test-society-epiasghbf-pro02a,base (MaxSim@10),0.3562071871080222,,
arguana,test-society-epiasghbf-pro01a,first stage,0.6309297535714575,0.5,1.0
arguana,test-society-epiasghbf-pro01a,cross-encoder,0.6309297535714575,0.5,1.0
arguana,test-society-epiasghbf-pro01a,Jev V1,0.6309297535714575,0.5,1.0
arguana,test-society-epiasghbf-pro01a,Jev V2,0.6309297535714575,0.5,1.0
arguana,test-society-epiasghbf-pro01a,Jev V3,1.0,1.0,1.0
arguana,test-society-epiasghbf-pro01a,base (MaxSim@10),0.6309297535714575,,
arguana,test-society-epiasghbf-pro03a,first stage,0.0,0.0,0.0
arguana,test-society-epiasghbf-pro03a,cross-encoder,0.3562071871080222,0.16666666666666666,1.0
arguana,test-society-epiasghbf-pro03a,Jev V1,0.5,0.3333333333333333,1.0
arguana,test-society-epiasghbf-pro03a,Jev V2,0.31546487678572877,0.125,1.0
arguana,test-society-epiasghbf-pro03a,Jev V3,0.0,0.0,0.0
arguana,test-society-epiasghbf-pro03a,base (MaxSim@10),0.0,,
arguana,test-society-epiasghbf-con02a,first stage,0.38685280723454163,0.2,1.0
arguana,test-society-epiasghbf-con02a,cross-encoder,0.5,0.3333333333333333,1.0
arguana,test-society-epiasghbf-con02a,Jev V1,0.6309297535714575,0.5,1.0
arguana,test-society-epiasghbf-con02a,Jev V2,0.6309297535714575,0.5,1.0
arguana,test-society-epiasghbf-con02a,Jev V3,0.5,0.3333333333333333,1.0
arguana,test-society-epiasghbf-con02a,base (MaxSim@10),0.430676558073393,,
arguana,test-society-epiasghbf-con04a,first stage,0.0,0.0,0.0
arguana,test-society-epiasghbf-con04a,cross-encoder,0.0,0.0,0.0
arguana,test-society-epiasghbf-con04a,Jev V1,0.0,0.0,0.0
arguana,test-society-epiasghbf-con04a,Jev V2,0.0,0.0,0.0
arguana,test-society-epiasghbf-con04a,Jev V3,0.0,0.0,0.0
arguana,test-society-epiasghbf-con04a,base (MaxSim@10),0.0,,
arguana,test-society-epiasghbf-con03a,first stage,0.6309297535714575,0.5,1.0
arguana,test-society-epiasghbf-con03a,cross-encoder,0.6309297535714575,0.5,1.0
arguana,test-society-epiasghbf-con03a,Jev V1,0.6309297535714575,0.5,1.0
arguana,test-society-epiasghbf-con03a,Jev V2,1.0,1.0,1.0
arguana,test-society-epiasghbf-con03a,Jev V3,1.0,1.0,1.0
arguana,test-society-epiasghbf-con03a,base (MaxSim@10),0.6309297535714575,,
arguana,test-society-epiasghbf-con01a,first stage,0.43067655807339306,0.25,1.0
arguana,test-society-epiasghbf-con01a,cross-encoder,0.38685280723454163,0.2,1.0
arguana,test-society-epiasghbf-con01a,Jev V1,0.3562071871080222,0.16666666666666666,1.0
arguana,test-society-epiasghbf-con01a,Jev V2,0.6309297535714575,0.5,1.0
arguana,test-society-epiasghbf-con01a,Jev V3,0.5,0.3333333333333333,1.0
arguana,test-society-epiasghbf-con01a,base (MaxSim@10),0.5,,
arguana,test-society-asfhwapg-pro02a,first stage,0.6309297535714575,0.5,1.0
arguana,test-society-asfhwapg-pro02a,cross-encoder,1.0,1.0,1.0
arguana,test-society-asfhwapg-pro02a,Jev V1,0.3562071871080222,0.16666666666666666,1.0
arguana,test-society-asfhwapg-pro02a,Jev V2,1.0,1.0,1.0
arguana,test-society-asfhwapg-pro02a,Jev V3,1.0,1.0,1.0
arguana,test-society-asfhwapg-pro02a,base (MaxSim@10),0.430676558073393,,
arguana,test-society-asfhwapg-pro01a,first stage,1.0,1.0,1.0
arguana,test-society-asfhwapg-pro01a,cross-encoder,1.0,1.0,1.0
arguana,test-society-asfhwapg-pro01a,Jev V1,1.0,1.0,1.0
arguana,test-society-asfhwapg-pro01a,Jev V2,1.0,1.0,1.0
arguana,test-society-asfhwapg-pro01a,Jev V3,1.0,1.0,1.0
arguana,test-society-asfhwapg-pro01a,base (MaxSim@10),1.0,,
arguana,test-society-asfhwapg-con02a,first stage,0.38685280723454163,0.2,1.0
arguana,test-society-asfhwapg-con02a,cross-encoder,0.3562071871080222,0.16666666666666666,1.0
arguana,test-society-asfhwapg-con02a,Jev V1,0.3562071871080222,0.16666666666666666,1.0
arguana,test-society-asfhwapg-con02a,Jev V2,0.6309297535714575,0.5,1.0
arguana,test-society-asfhwapg-con02a,Jev V3,0.6309297535714575,0.5,1.0
arguana,test-society-asfhwapg-con02a,base (MaxSim@10),0.3562071871080222,,
arguana,test-society-asfhwapg-con04a,first stage,0.0,0.0,0.0
arguana,test-society-asfhwapg-con04a,cross-encoder,0.0,0.0,0.0
arguana,test-society-asfhwapg-con04a,Jev V1,0.0,0.0,0.0
arguana,test-society-asfhwapg-con04a,Jev V2,0.0,0.0,0.0
arguana,test-society-asfhwapg-con04a,Jev V3,0.0,0.0,0.0
arguana,test-society-asfhwapg-con04a,base (MaxSim@10),0.0,,
arguana,test-society-asfhwapg-con03a,first stage,1.0,1.0,1.0
arguana,test-society-asfhwapg-con03a,cross-encoder,1.0,1.0,1.0
arguana,test-society-asfhwapg-con03a,Jev V1,1.0,1.0,1.0
arguana,test-society-asfhwapg-con03a,Jev V2,1.0,1.0,1.0
arguana,test-society-asfhwapg-con03a,Jev V3,1.0,1.0,1.0
arguana,test-society-asfhwapg-con03a,base (MaxSim@10),1.0,,
arguana,test-society-asfhwapg-con01a,first stage,0.38685280723454163,0.2,1.0
arguana,test-society-asfhwapg-con01a,cross-encoder,0.6309297535714575,0.5,1.0
arguana,test-society-asfhwapg-con01a,Jev V1,0.6309297535714575,0.5,1.0
arguana,test-society-asfhwapg-con01a,Jev V2,0.5,0.3333333333333333,1.0
arguana,test-society-asfhwapg-con01a,Jev V3,0.6309297535714575,0.5,1.0
arguana,test-society-asfhwapg-con01a,base (MaxSim@10),0.3868528072345416,,
arguana,test-society-simhbrasnba-pro02a,first stage,0.6309297535714575,0.5,1.0
arguana,test-society-simhbrasnba-pro02a,cross-encoder,1.0,1.0,1.0
arguana,test-society-simhbrasnba-pro02a,Jev V1,0.43067655807339306,0.25,1.0
arguana,test-society-simhbrasnba-pro02a,Jev V2,0.6309297535714575,0.5,1.0
arguana,test-society-simhbrasnba-pro02a,Jev V3,1.0,1.0,1.0
arguana,test-society-simhbrasnba-pro02a,base (MaxSim@10),1.0,,
arguana,test-society-simhbrasnba-pro01a,first stage,1.0,1.0,1.0
arguana,test-society-simhbrasnba-pro01a,cross-encoder,0.6309297535714575,0.5,1.0
arguana,test-society-simhbrasnba-pro01a,Jev V1,0.6309297535714575,0.5,1.0
arguana,test-society-simhbrasnba-pro01a,Jev V2,1.0,1.0,1.0
arguana,test-society-simhbrasnba-pro01a,Jev V3,1.0,1.0,1.0
arguana,test-society-simhbrasnba-pro01a,base (MaxSim@10),1.0,,
arguana,test-society-simhbrasnba-pro03a,first stage,0.43067655807339306,0.25,1.0
arguana,test-society-simhbrasnba-pro03a,cross-encoder,0.43067655807339306,0.25,1.0
arguana,test-society-simhbrasnba-pro03a,Jev V1,0.3562071871080222,0.16666666666666666,1.0
arguana,test-society-simhbrasnba-pro03a,Jev V2,0.6309297535714575,0.5,1.0
arguana,test-society-simhbrasnba-pro03a,Jev V3,0.6309297535714575,0.5,1.0
arguana,test-society-simhbrasnba-pro03a,base (MaxSim@10),0.3868528072345416,,
arguana,test-society-simhbrasnba-con02a,first stage,0.43067655807339306,0.25,1.0
arguana,test-society-simhbrasnba-con02a,cross-encoder,0.31546487678572877,0.125,1.0
arguana,test-society-simhbrasnba-con02a,Jev V1,0.6309297535714575,0.5,1.0
arguana,test-society-simhbrasnba-con02a,Jev V2,0.5,0.3333333333333333,1.0
arguana,test-society-simhbrasnba-con02a,Jev V3,1.0,1.0,1.0
arguana,test-society-simhbrasnba-con02a,base (MaxSim@10),0.3562071871080222,,
arguana,test-society-simhbrasnba-con03a,first stage,0.0,0.0,0.0
arguana,test-society-simhbrasnba-con03a,cross-encoder,0.0,0.0,0.0
arguana,test-society-simhbrasnba-con03a,Jev V1,0.0,0.0,0.0
arguana,test-society-simhbrasnba-con03a,Jev V2,0.0,0.0,0.0
arguana,test-society-simhbrasnba-con03a,Jev V3,0.0,0.0,0.0
arguana,test-society-simhbrasnba-con03a,base (MaxSim@10),0.0,,
arguana,test-society-simhbrasnba-con01a,first stage,0.3333333333333333,0.14285714285714285,1.0
arguana,test-society-simhbrasnba-con01a,cross-encoder,1.0,1.0,1.0
arguana,test-society-simhbrasnba-con01a,Jev V1,1.0,1.0,1.0
arguana,test-society-simhbrasnba-con01a,Jev V2,0.6309297535714575,0.5,1.0
arguana,test-society-simhbrasnba-con01a,Jev V3,1.0,1.0,1.0
arguana,test-society-simhbrasnba-con01a,base (MaxSim@10),0.3562071871080222,,
arguana,test-society-tlhrilsfhwr-pro02a,first stage,0.6309297535714575,0.5,1.0
arguana,test-society-tlhrilsfhwr-pro02a,cross-encoder,0.6309297535714575,0.5,1.0
arguana,test-society-tlhrilsfhwr-pro02a,Jev V1,0.31546487678572877,0.125,1.0
arguana,test-society-tlhrilsfhwr-pro02a,Jev V2,0.6309297535714575,0.5,1.0
arguana,test-society-tlhrilsfhwr-pro02a,Jev V3,0.6309297535714575,0.5,1.0
arguana,test-society-tlhrilsfhwr-pro02a,base (MaxSim@10),0.5,,
arguana,test-society-tlhrilsfhwr-pro01a,first stage,0.0,0.0,0.0
arguana,test-society-tlhrilsfhwr-pro01a,cross-encoder,0.38685280723454163,0.2,1.0
arguana,test-society-tlhrilsfhwr-pro01a,Jev V1,0.6309297535714575,0.5,1.0
arguana,test-society-tlhrilsfhwr-pro01a,Jev V2,0.5,0.3333333333333333,1.0
arguana,test-society-tlhrilsfhwr-pro01a,Jev V3,0.3562071871080222,0.16666666666666666,1.0
arguana,test-society-tlhrilsfhwr-pro01a,base (MaxSim@10),0.0,,
arguana,test-society-tlhrilsfhwr-pro03a,first stage,0.43067655807339306,0.25,1.0
arguana,test-society-tlhrilsfhwr-pro03a,cross-encoder,0.5,0.3333333333333333,1.0
arguana,test-society-tlhrilsfhwr-pro03a,Jev V1,1.0,1.0,1.0
arguana,test-society-tlhrilsfhwr-pro03a,Jev V2,1.0,1.0,1.0
arguana,test-society-tlhrilsfhwr-pro03a,Jev V3,0.6309297535714575,0.5,1.0
arguana,test-society-tlhrilsfhwr-pro03a,base (MaxSim@10),0.5,,
arguana,test-society-tlhrilsfhwr-pro04a,first stage,0.3333333333333333,0.14285714285714285,1.0
arguana,test-society-tlhrilsfhwr-pro04a,cross-encoder,0.0,0.0,0.0
arguana,test-society-tlhrilsfhwr-pro04a,Jev V1,1.0,1.0,1.0
arguana,test-society-tlhrilsfhwr-pro04a,Jev V2,0.2890648263178879,0.1,1.0
arguana,test-society-tlhrilsfhwr-pro04a,Jev V3,1.0,1.0,1.0
arguana,test-society-tlhrilsfhwr-pro04a,base (MaxSim@10),0.3868528072345416,,
arguana,test-society-tlhrilsfhwr-con02a,first stage,0.38685280723454163,0.2,1.0
arguana,test-society-tlhrilsfhwr-con02a,cross-encoder,0.38685280723454163,0.2,1.0
arguana,test-society-tlhrilsfhwr-con02a,Jev V1,0.3333333333333333,0.14285714285714285,1.0
arguana,test-society-tlhrilsfhwr-con02a,Jev V2,0.6309297535714575,0.5,1.0
arguana,test-society-tlhrilsfhwr-con02a,Jev V3,0.5,0.3333333333333333,1.0
arguana,test-society-tlhrilsfhwr-con02a,base (MaxSim@10),0.5,,
arguana,test-society-tlhrilsfhwr-con03a,first stage,0.3010299956639812,0.1111111111111111,1.0
arguana,test-society-tlhrilsfhwr-con03a,cross-encoder,0.3010299956639812,0.1111111111111111,1.0
arguana,test-society-tlhrilsfhwr-con03a,Jev V1,0.38685280723454163,0.2,1.0
arguana,test-society-tlhrilsfhwr-con03a,Jev V2,0.0,0.0,0.0
arguana,test-society-tlhrilsfhwr-con03a,Jev V3,0.0,0.0,0.0
arguana,test-society-tlhrilsfhwr-con03a,base (MaxSim@10),0.3010299956639812,,
arguana,test-society-tlhrilsfhwr-con01a,first stage,0.6309297535714575,0.5,1.0
arguana,test-society-tlhrilsfhwr-con01a,cross-encoder,0.6309297535714575,0.5,1.0
arguana,test-society-tlhrilsfhwr-con01a,Jev V1,0.43067655807339306,0.25,1.0
arguana,test-society-tlhrilsfhwr-con01a,Jev V2,1.0,1.0,1.0
arguana,test-society-tlhrilsfhwr-con01a,Jev V3,1.0,1.0,1.0
arguana,test-society-tlhrilsfhwr-con01a,base (MaxSim@10),0.3868528072345416,,
arguana,test-society-epsihbdns-pro02a,first stage,0.31546487678572877,0.125,1.0
arguana,test-society-epsihbdns-pro02a,cross-encoder,0.3010299956639812,0.1111111111111111,1.0
arguana,test-society-epsihbdns-pro02a,Jev V1,0.3333333333333333,0.14285714285714285,1.0
arguana,test-society-epsihbdns-pro02a,Jev V2,1.0,1.0,1.0
arguana,test-society-epsihbdns-pro02a,Jev V3,0.6309297535714575,0.5,1.0
arguana,test-society-epsihbdns-pro02a,base (MaxSim@10),0.3562071871080222,,
arguana,test-society-epsihbdns-pro01a,first stage,0.43067655807339306,0.25,1.0
arguana,test-society-epsihbdns-pro01a,cross-encoder,1.0,1.0,1.0
arguana,test-society-epsihbdns-pro01a,Jev V1,0.43067655807339306,0.25,1.0
arguana,test-society-epsihbdns-pro01a,Jev V2,0.3333333333333333,0.14285714285714285,1.0
arguana,test-society-epsihbdns-pro01a,Jev V3,1.0,1.0,1.0
arguana,test-society-epsihbdns-pro01a,base (MaxSim@10),0.6309297535714575,,
arguana,test-society-epsihbdns-pro03a,first stage,0.0,0.0,0.0
arguana,test-society-epsihbdns-pro03a,cross-encoder,0.0,0.0,0.0
arguana,test-society-epsihbdns-pro03a,Jev V1,0.0,0.0,0.0
arguana,test-society-epsihbdns-pro03a,Jev V2,0.0,0.0,0.0
arguana,test-society-epsihbdns-pro03a,Jev V3,0.0,0.0,0.0
arguana,test-society-epsihbdns-pro03a,base (MaxSim@10),0.0,,
arguana,test-society-epsihbdns-pro04a,first stage,0.0,0.0,0.0
arguana,test-society-epsihbdns-pro04a,cross-encoder,0.0,0.0,0.0
arguana,test-society-epsihbdns-pro04a,Jev V1,0.0,0.0,0.0
arguana,test-society-epsihbdns-pro04a,Jev V2,0.0,0.0,0.0
arguana,test-society-epsihbdns-pro04a,Jev V3,0.0,0.0,0.0
arguana,test-society-epsihbdns-pro04a,base (MaxSim@10),0.0,,
arguana,test-society-epsihbdns-con02a,first stage,0.43067655807339306,0.25,1.0
arguana,test-society-epsihbdns-con02a,cross-encoder,0.6309297535714575,0.5,1.0
arguana,test-society-epsihbdns-con02a,Jev V1,1.0,1.0,1.0
arguana,test-society-epsihbdns-con02a,Jev V2,1.0,1.0,1.0
arguana,test-society-epsihbdns-con02a,Jev V3,0.6309297535714575,0.5,1.0
arguana,test-society-epsihbdns-con02a,base (MaxSim@10),0.3154648767857287,,
arguana,test-society-epsihbdns-con04a,first stage,0.31546487678572877,0.125,1.0
arguana,test-society-epsihbdns-con04a,cross-encoder,0.38685280723454163,0.2,1.0
arguana,test-society-epsihbdns-con04a,Jev V1,0.6309297535714575,0.5,1.0
arguana,test-society-epsihbdns-con04a,Jev V2,0.3562071871080222,0.16666666666666666,1.0
arguana,test-society-epsihbdns-con04a,Jev V3,0.43067655807339306,0.25,1.0
arguana,test-society-epsihbdns-con04a,base (MaxSim@10),0.2890648263178879,,
arguana,test-society-epsihbdns-con03a,first stage,0.0,0.0,0.0
arguana,test-society-epsihbdns-con03a,cross-encoder,0.0,0.0,0.0
arguana,test-society-epsihbdns-con03a,Jev V1,0.0,0.0,0.0
arguana,test-society-epsihbdns-con03a,Jev V2,0.0,0.0,0.0
arguana,test-society-epsihbdns-con03a,Jev V3,0.0,0.0,0.0
arguana,test-society-epsihbdns-con03a,base (MaxSim@10),0.0,,
arguana,test-society-epsihbdns-con01a,first stage,0.3333333333333333,0.14285714285714285,1.0
arguana,test-society-epsihbdns-con01a,cross-encoder,0.6309297535714575,0.5,1.0
arguana,test-society-epsihbdns-con01a,Jev V1,0.6309297535714575,0.5,1.0
arguana,test-society-epsihbdns-con01a,Jev V2,0.6309297535714575,0.5,1.0
arguana,test-society-epsihbdns-con01a,Jev V3,0.6309297535714575,0.5,1.0
arguana,test-society-epsihbdns-con01a,base (MaxSim@10),0.5,,
