query_id,n_relevant,ndcg@1,ndcg@3,ndcg@5,ndcg@10,ndcg@20,ndcg@50,ndcg@100,recall@1,recall@3,recall@5,recall@10,recall@20,recall@50,recall@100,precision@1,precision@3,precision@5,precision@10,precision@20,precision@50,precision@100,mrr@1,mrr@3,mrr@5,mrr@10,mrr@20,mrr@50,mrr@100,map@1,map@3,map@5,map@10,map@20,map@50,map@100,first_relevant_rank
PLAIN-2,24,0.0,0.0,0.0,0.08148406294050627,0.08584413360321837,0.09489453807026724,0.2050948957127591,0.0,0.0,0.0,0.041666666666666664,0.08333333333333333,0.125,0.375,0.0,0.0,0.0,0.1,0.1,0.06,0.09,0.0,0.0,0.0,0.14285714285714285,0.14285714285714285,0.14285714285714285,0.14285714285714285,0.0,0.0,0.0,0.005952380952380952,0.011507936507936509,0.014225327812284335,0.035320653168839165,7.0
PLAIN-12,30,0.0,0.0,0.0,0.04353781328125616,0.03335814257512108,0.04486955419866394,0.04486955419866394,0.0,0.0,0.0,0.03333333333333333,0.03333333333333333,0.06666666666666667,0.06666666666666667,0.0,0.0,0.0,0.1,0.05,0.04,0.02,0.0,0.0,0.0,0.16666666666666666,0.16666666666666666,0.16666666666666666,0.16666666666666666,0.0,0.0,0.0,0.005555555555555555,0.005555555555555555,0.008454106280193238,0.008454106280193238,6.0
PLAIN-23,90,0.0,0.2960819109658652,0.21398626473452756,0.13886244387355456,0.1316066743246202,0.0874080336873926,0.07691349140138226,0.0,0.011111111111111112,0.011111111111111112,0.011111111111111112,0.022222222222222223,0.022222222222222223,0.044444444444444446,0.0,0.3333333333333333,0.2,0.1,0.1,0.04,0.04,0.0,0.5,0.5,0.5,0.5,0.5,0.5,0.0,0.005555555555555556,0.005555555555555556,0.005555555555555556,0.007264957264957265,0.007264957264957265,0.008266178266178266,2.0
PLAIN-33,32,0.0,0.0,0.0,0.0,0.0,0.11650292001695697,0.15302042733121582,0.0,0.0,0.0,0.0,0.0,0.125,0.21875,0.0,0.0,0.0,0.0,0.0,0.08,0.07,0.0,0.0,0.0,0.0,0.0,0.047619047619047616,0.047619047619047616,0.0,0.0,0.0,0.0,0.0,0.009300595238095238,0.01845899470899471,21.0
PLAIN-44,58,1.0,0.46927872602275644,0.3391602052736161,0.25483467100741447,0.21651296350721017,0.1904852701117557,0.18493274307692784,0.017241379310344827,0.017241379310344827,0.017241379310344827,0.017241379310344827,0.034482758620689655,0.08620689655172414,0.10344827586206896,1.0,0.3333333333333333,0.2,0.1,0.1,0.1,0.06,1.0,1.0,1.0,1.0,1.0,1.0,1.0,0.017241379310344827,0.017241379310344827,0.017241379310344827,0.017241379310344827,0.019269776876267748,0.026927712614281094,0.028519224550620618,1.0
PLAIN-56,50,1.0,0.46927872602275644,0.4331804834861008,0.43619914499346907,0.3227772992628795,0.2120607750652339,0.22188403809078291,0.02,0.02,0.04,0.06,0.06,0.08,0.1,1.0,0.3333333333333333,0.4,0.3,0.15,0.08,0.05,1.0,1.0,1.0,1.0,1.0,1.0,1.0,0.02,0.02,0.027999999999999997,0.038,0.038,0.03970212765957446,0.04075475923852183,1.0
PLAIN-68,55,1.0,0.6387878864795979,0.5065267082131061,0.42090887659515264,0.2902059014073755,0.16789309331152996,0.1798341610018522,0.01818181818181818,0.01818181818181818,0.01818181818181818,0.03636363636363636,0.03636363636363636,0.03636363636363636,0.07272727272727272,1.0,0.3333333333333333,0.2,0.2,0.1,0.04,0.04,1.0,1.0,1.0,1.0,1.0,1.0,1.0,0.01818181818181818,0.01818181818181818,0.01818181818181818,0.023376623376623374,0.023376623376623374,0.023376623376623374,0.025091636440199447,1.0
PLAIN-78,62,0.0,0.0,0.0,0.0,0.07347079937427203,0.08156943859376058,0.08200008980474478,0.0,0.0,0.0,0.0,0.04838709677419355,0.08064516129032258,0.0967741935483871,0.0,0.0,0.0,0.0,0.15,0.1,0.06,0.0,0.0,0.0,0.0,0.08333333333333333,0.08333333333333333,0.08333333333333333,0.0,0.0,0.0,0.0,0.006340923466160659,0.009914185202647412,0.011811718409478532,12.0
PLAIN-91,64,0.0,0.0,0.0,0.14410435606517588,0.18358548564860297,0.18159792869526803,0.18397959308115208,0.0,0.0,0.0,0.046875,0.09375,0.15625,0.203125,0.0,0.0,0.0,0.3,0.3,0.2,0.13,0.0,0.0,0.0,0.14285714285714285,0.14285714285714285,0.14285714285714285,0.14285714285714285,0.0,0.0,0.0,0.010391865079365079,0.02844347492784993,0.04723707711868999,0.05466888207751563,7.0
PLAIN-102,24,0.5,0.26582598262939583,0.21836974929469322,0.16195671984435941,0.11532431670619621,0.10471259823006288,0.1400244295488622,0.041666666666666664,0.041666666666666664,0.041666666666666664,0.041666666666666664,0.041666666666666664,0.041666666666666664,0.08333333333333333,1.0,0.3333333333333333,0.2,0.1,0.05,0.02,0.02,1.0,1.0,1.0,1.0,1.0,1.0,1.0,0.041666666666666664,0.041666666666666664,0.041666666666666664,0.041666666666666664,0.041666666666666664,0.041666666666666664,0.04305555555555556,1.0
PLAIN-112,56,1.0,0.617319681505689,0.6338006170256999,0.5803119626696572,0.45846834180095386,0.28475703683664016,0.26680184162990733,0.017857142857142856,0.03571428571428571,0.05357142857142857,0.07142857142857142,0.08928571428571429,0.08928571428571429,0.08928571428571429,1.0,0.6666666666666666,0.6,0.4,0.25,0.1,0.05,1.0,1.0,1.0,1.0,1.0,1.0,1.0,0.017857142857142856,0.03571428571428571,0.049107142857142856,0.05803571428571429,0.06615259740259741,0.06615259740259741,0.06615259740259741,1.0
PLAIN-123,51,0.0,0.0,0.0,0.0,0.0,0.03816847696468167,0.03775964930423359,0.0,0.0,0.0,0.0,0.0,0.0392156862745098,0.0392156862745098,0.0,0.0,0.0,0.0,0.0,0.04,0.02,0.0,0.0,0.0,0.0,0.0,0.045454545454545456,0.045454545454545456,0.0,0.0,0.0,0.0,0.0,0.001675579322638146,0.001675579322638146,22.0
PLAIN-133,36,0.0,0.0,0.0,0.0,0.0,0.013336947091373631,0.03743191657761869,0.0,0.0,0.0,0.0,0.0,0.027777777777777776,0.05555555555555555,0.0,0.0,0.0,0.0,0.0,0.02,0.02,0.0,0.0,0.0,0.0,0.0,0.02040816326530612,0.02040816326530612,0.0,0.0,0.0,0.0,0.0,0.0005668934240362811,0.001307634164777022,49.0
PLAIN-143,51,0.5,0.5316519652587917,0.43673949858938643,0.37072943078154336,0.29024075285660395,0.173225517678173,0.18258078581884385,0.0196078431372549,0.0392156862745098,0.0392156862745098,0.058823529411764705,0.0784313725490196,0.0784313725490196,0.09803921568627451,1.0,0.6666666666666666,0.4,0.3,0.2,0.08,0.05,1.0,1.0,1.0,1.0,1.0,1.0,1.0,0.0196078431372549,0.0326797385620915,0.0326797385620915,0.03856209150326797,0.04248366013071895,0.04248366013071895,0.04409086038787099,1.0
PLAIN-153,47,0.5,0.47909091485969846,0.6849208998040744,0.6022746935529568,0.47929173692127586,0.345956887348012,0.345956887348012,0.02127659574468085,0.0425531914893617,0.0851063829787234,0.1276595744680851,0.1702127659574468,0.2553191489361702,0.2553191489361702,1.0,0.6666666666666666,0.8,0.6,0.4,0.24,0.12,1.0,1.0,1.0,1.0,1.0,1.0,1.0,0.02127659574468085,0.035460992907801414,0.06843971631205674,0.09782168186423507,0.12087132725430598,0.14573930678547384,0.14573930678547384,1.0
PLAIN-165,36,0.5,0.35195904451706733,0.29531111668483784,0.2247363025694873,0.2505341531089257,0.19881370386714092,0.2502823392969623,0.027777777777777776,0.05555555555555555,0.05555555555555555,0.05555555555555555,0.1111111111111111,0.1388888888888889,0.2222222222222222,1.0,0.6666666666666666,0.4,0.2,0.2,0.1,0.08,1.0,1.0,1.0,1.0,1.0,1.0,1.0,0.027777777777777776,0.046296296296296294,0.046296296296296294,0.046296296296296294,0.06040800158447216,0.06349442133755859,0.0716603720322449,1.0
PLAIN-175,37,1.0,0.46927872602275644,0.4121943801949693,0.3244354738358675,0.26735027303796877,0.24100803463401885,0.2529216006886033,0.02702702702702703,0.02702702702702703,0.05405405405405406,0.05405405405405406,0.08108108108108109,0.13513513513513514,0.16216216216216217,1.0,0.3333333333333333,0.4,0.2,0.15,0.1,0.06,1.0,1.0,1.0,1.0,1.0,1.0,1.0,0.02702702702702703,0.02702702702702703,0.04054054054054054,0.04054054054054054,0.04531001589825119,0.053039336127571425,0.05523071669733037,1.0
PLAIN-186,24,0.0,0.0,0.0,0.07336392209936006,0.04734667987788576,0.04209275315645388,0.04209275315645388,0.0,0.0,0.0,0.041666666666666664,0.041666666666666664,0.041666666666666664,0.041666666666666664,0.0,0.0,0.0,0.1,0.05,0.02,0.01,0.0,0.0,0.0,0.14285714285714285,0.14285714285714285,0.14285714285714285,0.14285714285714285,0.0,0.0,0.0,0.005952380952380952,0.005952380952380952,0.005952380952380952,0.005952380952380952,7.0
PLAIN-196,69,0.0,0.2960819109658652,0.21398626473452756,0.20511666732794362,0.19877686312267737,0.10850298241162179,0.11660226769859963,0.0,0.014492753623188406,0.014492753623188406,0.028985507246376812,0.057971014492753624,0.057971014492753624,0.10144927536231885,0.0,0.3333333333333333,0.2,0.2,0.2,0.08,0.07,0.0,0.5,0.5,0.5,0.5,0.5,0.5,0.0,0.007246376811594203,0.007246376811594203,0.010466988727858293,0.015923084209529224,0.015923084209529224,0.019304887591332604,2.0
PLAIN-207,55,1.0,0.46927872602275644,0.4703652827859579,0.5264282969545139,0.41411087391450185,0.33455877115325483,0.33693941464993377,0.01818181818181818,0.01818181818181818,0.03636363636363636,0.09090909090909091,0.12727272727272726,0.2545454545454545,0.2909090909090909,1.0,0.3333333333333333,0.4,0.5,0.35,0.28,0.16,1.0,1.0,1.0,1.0,1.0,1.0,1.0,0.01818181818181818,0.01818181818181818,0.025454545454545452,0.0562987012987013,0.07417060212514758,0.11796923737539572,0.12595821809164917,1.0
PLAIN-217,36,0.0,0.0,0.0,0.07839826897867534,0.05059568297461705,0.06865639998162755,0.11594513903221523,0.0,0.0,0.0,0.027777777777777776,0.027777777777777776,0.08333333333333333,0.16666666666666666,0.0,0.0,0.0,0.1,0.05,0.06,0.06,0.0,0.0,0.0,0.16666666666666666,0.16666666666666666,0.16666666666666666,0.16666666666666666,0.0,0.0,0.0,0.004629629629629629,0.004629629629629629,0.007430083144368858,0.013355741847805337,6.0
PLAIN-227,40,0.0,0.0,0.0,0.0,0.0,0.0,0.0,0.0,0.0,0.0,0.0,0.0,0.0,0.0,0.0,0.0,0.0,0.0,0.0,0.0,0.0,0.0,0.0,0.0,0.0,0.0,0.0,0.0,0.0,0.0,0.0,0.0,0.0,0.0,0.0,
PLAIN-238,54,0.0,0.0,0.0,0.0,0.0,0.014883136784092805,0.038185143135967166,0.0,0.0,0.0,0.0,0.0,0.018518518518518517,0.05555555555555555,0.0,0.0,0.0,0.0,0.0,0.02,0.03,0.0,0.0,0.0,0.0,0.0,0.027777777777777776,0.027777777777777776,0.0,0.0,0.0,0.0,0.0,0.0005144032921810699,0.0018240255695452828,36.0
PLAIN-248,31,0.0,0.0,0.0,0.0,0.038384638165382894,0.06943164017550903,0.1027645973277128,0.0,0.0,0.0,0.0,0.03225806451612903,0.0967741935483871,0.16129032258064516,0.0,0.0,0.0,0.0,0.05,0.06,0.05,0.0,0.0,0.0,0.0,0.08333333333333333,0.08333333333333333,0.08333333333333333,0.0,0.0,0.0,0.0,0.0026881720430107525,0.006978540509949677,0.01043067923563039,12.0
PLAIN-259,14,1.0,0.7653606369886217,0.5531464700081437,0.35895421017163476,0.2906484777184988,0.2906484777184988,0.2906484777184988,0.07142857142857142,0.14285714285714285,0.14285714285714285,0.14285714285714285,0.14285714285714285,0.14285714285714285,0.14285714285714285,1.0,0.6666666666666666,0.4,0.2,0.1,0.04,0.02,1.0,1.0,1.0,1.0,1.0,1.0,1.0,0.07142857142857142,0.14285714285714285,0.14285714285714285,0.14285714285714285,0.14285714285714285,0.14285714285714285,0.14285714285714285,1.0
PLAIN-270,52,1.0,0.46927872602275644,0.3391602052736161,0.2863459897524693,0.2543713343130857,0.15273185911954393,0.18644023421094785,0.019230769230769232,0.019230769230769232,0.019230769230769232,0.038461538461538464,0.07692307692307693,0.09615384615384616,0.15384615384615385,1.0,0.3333333333333333,0.2,0.2,0.2,0.1,0.08,1.0,1.0,1.0,1.0,1.0,1.0,1.0,0.019230769230769232,0.019230769230769232,0.019230769230769232,0.023504273504273508,0.03187531422825541,0.033921140742167025,0.040262704460779924,1.0
PLAIN-280,20,0.0,0.0,0.0,0.0,0.0,0.029546401698350683,0.1009215487147787,0.0,0.0,0.0,0.0,0.0,0.05,0.2,0.0,0.0,0.0,0.0,0.0,0.02,0.04,0.0,0.0,0.0,0.0,0.0,0.037037037037037035,0.037037037037037035,0.0,0.0,0.0,0.0,0.0,0.0018518518518518517,0.008886351535722604,27.0
PLAIN-291,13,0.0,0.0,0.0,0.0,0.0,0.03701688656894558,0.03701688656894558,0.0,0.0,0.0,0.0,0.0,0.07692307692307693,0.07692307692307693,0.0,0.0,0.0,0.0,0.0,0.02,0.01,0.0,0.0,0.0,0.0,0.0,0.03125,0.03125,0.0,0.0,0.0,0.0,0.0,0.002403846153846154,0.002403846153846154,32.0
PLAIN-307,3,0.0,0.0,0.0,0.16716045496620227,0.3989971672599593,0.3989971672599593,0.3989971672599593,0.0,0.0,0.0,0.3333333333333333,1.0,1.0,1.0,0.0,0.0,0.0,0.1,0.15,0.06,0.03,0.0,0.0,0.0,0.16666666666666666,0.16666666666666666,0.16666666666666666,0.16666666666666666,0.0,0.0,0.0,0.05555555555555555,0.15946918578497524,0.15946918578497524,0.15946918578497524,6.0
PLAIN-320,42,0.0,0.0,0.0,0.0,0.0,0.048966202042703286,0.10442549795215214,0.0,0.0,0.0,0.0,0.0,0.07142857142857142,0.16666666666666666,0.0,0.0,0.0,0.0,0.0,0.06,0.07,0.0,0.0,0.0,0.0,0.0,0.027777777777777776,0.027777777777777776,0.0,0.0,0.0,0.0,0.0,0.0034673035245117623,0.010107897905880982,36.0
PLAIN-332,2,1.0,0.6131471927654584,0.6131471927654584,0.6131471927654584,0.6131471927654584,0.6131471927654584,0.6131471927654584,0.5,0.5,0.5,0.5,0.5,0.5,0.5,1.0,0.3333333333333333,0.2,0.1,0.05,0.02,0.01,1.0,1.0,1.0,1.0,1.0,1.0,1.0,0.5,0.5,0.5,0.5,0.5,0.5,0.5,1.0
PLAIN-344,61,0.0,0.23463936301137822,0.16958010263680806,0.13347537859706934,0.19824682372255437,0.14869409290206861,0.19799913359269394,0.0,0.01639344262295082,0.01639344262295082,0.01639344262295082,0.06557377049180328,0.09836065573770492,0.18032786885245902,0.0,0.3333333333333333,0.2,0.1,0.2,0.12,0.11,0.0,0.3333333333333333,0.3333333333333333,0.3333333333333333,0.3333333333333333,0.3333333333333333,0.3333333333333333,0.0,0.00546448087431694,0.00546448087431694,0.00546448087431694,0.014737452357992375,0.019334045093447213,0.029783298826335767,3.0
PLAIN-358,3,0.0,0.0,0.0,0.0,0.0,0.0,0.0,0.0,0.0,0.0,0.0,0.0,0.0,0.0,0.0,0.0,0.0,0.0,0.0,0.0,0.0,0.0,0.0,0.0,0.0,0.0,0.0,0.0,0.0,0.0,0.0,0.0,0.0,0.0,0.0,
PLAIN-371,2,0.0,0.19004688335796713,0.19004688335796713,0.19004688335796713,0.19004688335796713,0.19004688335796713,0.31247111117159687,0.0,0.5,0.5,0.5,0.5,0.5,1.0,0.0,0.3333333333333333,0.2,0.1,0.05,0.02,0.02,0.0,0.3333333333333333,0.3333333333333333,0.3333333333333333,0.3333333333333333,0.3333333333333333,0.3333333333333333,0.0,0.16666666666666666,0.16666666666666666,0.16666666666666666,0.16666666666666666,0.16666666666666666,0.18036529680365296,3.0
PLAIN-383,5,0.0,0.0,0.0,0.0,0.0,0.0,0.05515026856924372,0.0,0.0,0.0,0.0,0.0,0.0,0.2,0.0,0.0,0.0,0.0,0.0,0.0,0.01,0.0,0.0,0.0,0.0,0.0,0.0,0.014285714285714285,0.0,0.0,0.0,0.0,0.0,0.0,0.002857142857142857,70.0
PLAIN-395,3,0.0,0.0,0.0,0.0,0.0,0.0,0.0,0.0,0.0,0.0,0.0,0.0,0.0,0.0,0.0,0.0,0.0,0.0,0.0,0.0,0.0,0.0,0.0,0.0,0.0,0.0,0.0,0.0,0.0,0.0,0.0,0.0,0.0,0.0,0.0,
PLAIN-407,3,0.0,0.4030302838010049,0.4030302838010049,0.4030302838010049,0.4030302838010049,0.4030302838010049,0.4030302838010049,0.0,0.3333333333333333,0.3333333333333333,0.3333333333333333,0.3333333333333333,0.3333333333333333,0.3333333333333333,0.0,0.3333333333333333,0.2,0.1,0.05,0.02,0.01,0.0,0.5,0.5,0.5,0.5,0.5,0.5,0.0,0.16666666666666666,0.16666666666666666,0.16666666666666666,0.16666666666666666,0.16666666666666666,0.16666666666666666,2.0
PLAIN-418,3,0.0,0.0,0.0,0.16004318879660112,0.28108452394729405,0.28108452394729405,0.32213408002664695,0.0,0.0,0.0,0.3333333333333333,0.6666666666666666,0.6666666666666666,1.0,0.0,0.0,0.0,0.1,0.1,0.04,0.03,0.0,0.0,0.0,0.1111111111111111,0.1111111111111111,0.1111111111111111,0.1111111111111111,0.0,0.0,0.0,0.037037037037037035,0.07037037037037037,0.07037037037037037,0.08173400673400673,9.0
PLAIN-430,8,1.0,0.7039180890341347,0.5087403079104241,0.4346614304442594,0.4346614304442594,0.4346614304442594,0.4346614304442594,0.125,0.25,0.25,0.25,0.25,0.25,0.25,1.0,0.6666666666666666,0.4,0.2,0.1,0.04,0.02,1.0,1.0,1.0,1.0,1.0,1.0,1.0,0.125,0.20833333333333331,0.20833333333333331,0.20833333333333331,0.20833333333333331,0.20833333333333331,0.20833333333333331,1.0
PLAIN-441,5,0.5,0.26582598262939583,0.21836974929469322,0.28725773534967414,0.39644260999702075,0.39644260999702075,0.4621784546803469,0.2,0.2,0.2,0.4,0.6,0.6,0.8,1.0,0.3333333333333333,0.2,0.2,0.15,0.06,0.04,1.0,1.0,1.0,1.0,1.0,1.0,1.0,0.2,0.2,0.2,0.25,0.29,0.29,0.29808080808080806,1.0
PLAIN-457,5,0.0,0.0,0.0,0.0,0.0,0.0,0.0,0.0,0.0,0.0,0.0,0.0,0.0,0.0,0.0,0.0,0.0,0.0,0.0,0.0,0.0,0.0,0.0,0.0,0.0,0.0,0.0,0.0,0.0,0.0,0.0,0.0,0.0,0.0,0.0,
PLAIN-468,10,1.0,0.5316519652587917,0.43673949858938643,0.32391343968871883,0.41426680869147964,0.41426680869147964,0.43859116670622744,0.1,0.1,0.1,0.1,0.2,0.2,0.3,1.0,0.3333333333333333,0.2,0.1,0.1,0.04,0.03,1.0,1.0,1.0,1.0,1.0,1.0,1.0,0.1,0.1,0.1,0.1,0.1181818181818182,0.1181818181818182,0.1211818181818182,1.0
PLAIN-478,1,0.0,0.0,0.0,0.0,0.0,0.0,0.0,0.0,0.0,0.0,0.0,0.0,0.0,0.0,0.0,0.0,0.0,0.0,0.0,0.0,0.0,0.0,0.0,0.0,0.0,0.0,0.0,0.0,0.0,0.0,0.0,0.0,0.0,0.0,0.0,
PLAIN-488,15,1.0,0.7653606369886217,0.830419897363192,0.6809047493604335,0.5679819807320883,0.5679819807320882,0.5949688770899539,0.06666666666666667,0.13333333333333333,0.26666666666666666,0.4,0.4666666666666667,0.4666666666666667,0.5333333333333333,1.0,0.6666666666666666,0.8,0.6,0.35,0.14,0.08,1.0,1.0,1.0,1.0,1.0,1.0,1.0,0.06666666666666667,0.13333333333333333,0.23666666666666666,0.33222222222222214,0.3581481481481481,0.3581481481481481,0.3648992030004688,1.0
PLAIN-499,34,0.0,0.0,0.0,0.06943122193677728,0.04480864360167173,0.073260777419857,0.11996823552248247,0.0,0.0,0.0,0.029411764705882353,0.029411764705882353,0.08823529411764706,0.17647058823529413,0.0,0.0,0.0,0.1,0.05,0.06,0.06,0.0,0.0,0.0,0.125,0.125,0.125,0.125,0.0,0.0,0.0,0.003676470588235294,0.003676470588235294,0.008884803921568627,0.013888791513826769,8.0
PLAIN-510,6,0.0,0.0,0.0,0.09109240322345806,0.09109240322345806,0.09109240322345806,0.1406301296645855,0.0,0.0,0.0,0.16666666666666666,0.16666666666666666,0.16666666666666666,0.3333333333333333,0.0,0.0,0.0,0.1,0.05,0.02,0.02,0.0,0.0,0.0,0.1111111111111111,0.1111111111111111,0.1111111111111111,0.1111111111111111,0.0,0.0,0.0,0.018518518518518517,0.018518518518518517,0.018518518518518517,0.023420479302832243,9.0
PLAIN-520,1,0.0,0.0,0.0,0.0,0.0,0.0,0.0,0.0,0.0,0.0,0.0,0.0,0.0,0.0,0.0,0.0,0.0,0.0,0.0,0.0,0.0,0.0,0.0,0.0,0.0,0.0,0.0,0.0,0.0,0.0,0.0,0.0,0.0,0.0,0.0,
PLAIN-531,308,0.0,0.0,0.27727342735504823,0.17993148201117182,0.22684943119324075,0.23271247910428372,0.20411633964884304,0.0,0.0,0.006493506493506494,0.006493506493506494,0.016233766233766232,0.03896103896103896,0.06493506493506493,0.0,0.0,0.4,0.2,0.25,0.24,0.2,0.0,0.0,0.25,0.25,0.25,0.25,0.25,0.0,0.0,0.0021103896103896107,0.0021103896103896107,0.004938121942992073,0.01137503672970923,0.016866865911891692,4.0
PLAIN-541,6,0.0,0.0,0.0,0.0,0.0,0.0,0.0,0.0,0.0,0.0,0.0,0.0,0.0,0.0,0.0,0.0,0.0,0.0,0.0,0.0,0.0,0.0,0.0,0.0,0.0,0.0,0.0,0.0,0.0,0.0,0.0,0.0,0.0,0.0,0.0,
PLAIN-551,2,0.0,0.0,0.0,0.0,0.0,0.0,0.0,0.0,0.0,0.0,0.0,0.0,0.0,0.0,0.0,0.0,0.0,0.0,0.0,0.0,0.0,0.0,0.0,0.0,0.0,0.0,0.0,0.0,0.0,0.0,0.0,0.0,0.0,0.0,0.0,
PLAIN-561,25,0.0,0.0,0.27727342735504823,0.17993148201117182,0.11612190345001774,0.10053528465107685,0.1382397770256523,0.0,0.0,0.08,0.08,0.08,0.08,0.16,0.0,0.0,0.4,0.2,0.1,0.04,0.04,0.0,0.0,0.25,0.25,0.25,0.25,0.25,0.0,0.0,0.026000000000000002,0.026000000000000002,0.026000000000000002,0.026000000000000002,0.029068744714268454,4.0
PLAIN-571,7,0.0,0.0,0.13120507751234178,0.10633668103022985,0.10633668103022985,0.1608281276559843,0.1608281276559843,0.0,0.0,0.14285714285714285,0.14285714285714285,0.14285714285714285,0.2857142857142857,0.2857142857142857,0.0,0.0,0.2,0.1,0.05,0.04,0.02,0.0,0.0,0.2,0.2,0.2,0.2,0.2,0.0,0.0,0.028571428571428574,0.028571428571428574,0.028571428571428574,0.0375,0.0375,5.0
PLAIN-583,44,0.0,0.0,0.0,0.0,0.0,0.05329458990691615,0.06655870350932167,0.0,0.0,0.0,0.0,0.0,0.06818181818181818,0.09090909090909091,0.0,0.0,0.0,0.0,0.0,0.06,0.04,0.0,0.0,0.0,0.0,0.0,0.043478260869565216,0.043478260869565216,0.0,0.0,0.0,0.0,0.0,0.00500912131346914,0.006117768763580004,23.0
PLAIN-593,3,0.0,0.0,0.0,0.0,0.0,0.10523285614729473,0.10523285614729473,0.0,0.0,0.0,0.0,0.0,0.3333333333333333,0.3333333333333333,0.0,0.0,0.0,0.0,0.0,0.02,0.01,0.0,0.0,0.0,0.0,0.0,0.047619047619047616,0.047619047619047616,0.0,0.0,0.0,0.0,0.0,0.015873015873015872,0.015873015873015872,21.0
PLAIN-603,1,0.0,0.0,0.0,0.0,0.0,0.0,0.0,0.0,0.0,0.0,0.0,0.0,0.0,0.0,0.0,0.0,0.0,0.0,0.0,0.0,0.0,0.0,0.0,0.0,0.0,0.0,0.0,0.0,0.0,0.0,0.0,0.0,0.0,0.0,0.0,
PLAIN-613,10,0.0,0.0,0.0,0.0,0.0,0.0,0.0,0.0,0.0,0.0,0.0,0.0,0.0,0.0,0.0,0.0,0.0,0.0,0.0,0.0,0.0,0.0,0.0,0.0,0.0,0.0,0.0,0.0,0.0,0.0,0.0,0.0,0.0,0.0,0.0,
PLAIN-623,41,0.0,0.0,0.0,0.0,0.03730675036644463,0.04072291153517214,0.04072291153517214,0.0,0.0,0.0,0.0,0.024390243902439025,0.04878048780487805,0.04878048780487805,0.0,0.0,0.0,0.0,0.05,0.04,0.02,0.0,0.0,0.0,0.0,0.07692307692307693,0.07692307692307693,0.07692307692307693,0.0,0.0,0.0,0.0,0.001876172607879925,0.0033543692080277446,0.0033543692080277446,13.0
PLAIN-634,21,1.0,0.46927872602275644,0.3391602052736161,0.2200917662980802,0.2124592998781786,0.20590102252336923,0.20590102252336923,0.047619047619047616,0.047619047619047616,0.047619047619047616,0.047619047619047616,0.14285714285714285,0.14285714285714285,0.14285714285714285,1.0,0.3333333333333333,0.2,0.1,0.15,0.06,0.03,1.0,1.0,1.0,1.0,1.0,1.0,1.0,0.047619047619047616,0.047619047619047616,0.047619047619047616,0.047619047619047616,0.06282513005202081,0.06282513005202081,0.06282513005202081,1.0
PLAIN-645,29,0.0,0.0,0.0,0.0,0.0,0.02374468953041558,0.02374468953041558,0.0,0.0,0.0,0.0,0.0,0.034482758620689655,0.034482758620689655,0.0,0.0,0.0,0.0,0.0,0.02,0.01,0.0,0.0,0.0,0.0,0.0,0.04,0.04,0.0,0.0,0.0,0.0,0.0,0.0013793103448275863,0.0013793103448275863,25.0
PLAIN-660,475,1.0,1.0,0.8687949224876582,0.6300426811446147,0.5889168336745421,0.36375978042780605,0.2770396323461608,0.002105263157894737,0.00631578947368421,0.008421052631578947,0.010526315789473684,0.021052631578947368,0.02736842105263158,0.042105263157894736,1.0,1.0,0.8,0.5,0.5,0.26,0.2,1.0,1.0,1.0,1.0,1.0,1.0,1.0,0.002105263157894737,0.00631578947368421,0.008421052631578947,0.0095906432748538,0.01555883297988561,0.01726737002046318,0.020427160557362836,1.0
PLAIN-671,1,0.0,0.0,0.0,0.0,0.0,0.0,0.0,0.0,0.0,0.0,0.0,0.0,0.0,0.0,0.0,0.0,0.0,0.0,0.0,0.0,0.0,0.0,0.0,0.0,0.0,0.0,0.0,0.0,0.0,0.0,0.0,0.0,0.0,0.0,0.0,
PLAIN-681,1,0.0,0.0,0.0,0.0,0.0,0.18428883314870617,0.18428883314870617,0.0,0.0,0.0,0.0,0.0,1.0,1.0,0.0,0.0,0.0,0.0,0.0,0.02,0.01,0.0,0.0,0.0,0.0,0.0,0.023809523809523808,0.023809523809523808,0.0,0.0,0.0,0.0,0.0,0.023809523809523808,0.023809523809523808,42.0
PLAIN-691,21,0.0,0.0,0.0,0.0,0.0,0.0,0.0,0.0,0.0,0.0,0.0,0.0,0.0,0.0,0.0,0.0,0.0,0.0,0.0,0.0,0.0,0.0,0.0,0.0,0.0,0.0,0.0,0.0,0.0,0.0,0.0,0.0,0.0,0.0,0.0,
PLAIN-701,8,0.0,0.23463936301137822,0.3156484524795145,0.31155118471896803,0.37343375407592466,0.37343375407592466,0.37343375407592466,0.0,0.125,0.25,0.375,0.5,0.5,0.5,0.0,0.3333333333333333,0.4,0.3,0.2,0.08,0.04,0.0,0.3333333333333333,0.3333333333333333,0.3333333333333333,0.3333333333333333,0.3333333333333333,0.3333333333333333,0.0,0.041666666666666664,0.10416666666666666,0.14583333333333331,0.17708333333333331,0.17708333333333331,0.17708333333333331,3.0
PLAIN-711,57,0.0,0.2960819109658652,0.21398626473452756,0.13886244387355456,0.15746558826007762,0.08595309174828047,0.07857495946608799,0.0,0.017543859649122806,0.017543859649122806,0.017543859649122806,0.05263157894736842,0.05263157894736842,0.05263157894736842,0.0,0.3333333333333333,0.2,0.1,0.15,0.06,0.03,0.0,0.5,0.5,0.5,0.5,0.5,0.5,0.0,0.008771929824561403,0.008771929824561403,0.008771929824561403,0.013742690058479532,0.013742690058479532,0.013742690058479532,2.0
PLAIN-721,25,1.0,1.0,1.0,0.9363792118010483,0.6426932072384363,0.6056133747878683,0.644862087724718,0.04,0.12,0.2,0.36,0.4,0.48,0.56,1.0,1.0,1.0,0.9,0.5,0.24,0.14,1.0,1.0,1.0,1.0,1.0,1.0,1.0,0.04,0.12,0.2,0.36,0.39333333333333337,0.422962962962963,0.43724479657926174,1.0
PLAIN-731,54,0.0,0.23463936301137822,0.16958010263680806,0.1100458831490401,0.10508299207281116,0.11984788007427571,0.1613019087694421,0.0,0.018518518518518517,0.018518518518518517,0.018518518518518517,0.037037037037037035,0.1111111111111111,0.18518518518518517,0.0,0.3333333333333333,0.2,0.1,0.1,0.12,0.1,0.0,0.3333333333333333,0.3333333333333333,0.3333333333333333,0.3333333333333333,0.3333333333333333,0.3333333333333333,0.0,0.006172839506172839,0.006172839506172839,0.006172839506172839,0.008351488743645606,0.018887146501525585,0.027557811577062302,3.0
PLAIN-741,19,0.0,0.0,0.0,0.0,0.0,0.0,0.023948457914725062,0.0,0.0,0.0,0.0,0.0,0.0,0.05263157894736842,0.0,0.0,0.0,0.0,0.0,0.0,0.01,0.0,0.0,0.0,0.0,0.0,0.0,0.014492753623188406,0.0,0.0,0.0,0.0,0.0,0.0,0.0007627765064836003,69.0
PLAIN-751,7,0.0,0.0,0.0,0.0,0.0,0.0,0.0,0.0,0.0,0.0,0.0,0.0,0.0,0.0,0.0,0.0,0.0,0.0,0.0,0.0,0.0,0.0,0.0,0.0,0.0,0.0,0.0,0.0,0.0,0.0,0.0,0.0,0.0,0.0,0.0,
PLAIN-761,6,0.0,0.0,0.0,0.0,0.0,0.0,0.0,0.0,0.0,0.0,0.0,0.0,0.0,0.0,0.0,0.0,0.0,0.0,0.0,0.0,0.0,0.0,0.0,0.0,0.0,0.0,0.0,0.0,0.0,0.0,0.0,0.0,0.0,0.0,0.0,
PLAIN-771,3,1.0,0.7039180890341347,0.7039180890341347,0.7039180890341347,0.7039180890341347,0.7039180890341347,0.7836915381598069,0.3333333333333333,0.6666666666666666,0.6666666666666666,0.6666666666666666,0.6666666666666666,0.6666666666666666,1.0,1.0,0.6666666666666666,0.4,0.2,0.1,0.04,0.03,1.0,1.0,1.0,1.0,1.0,1.0,1.0,0.3333333333333333,0.5555555555555555,0.5555555555555555,0.5555555555555555,0.5555555555555555,0.5555555555555555,0.5727969348659003,1.0
PLAIN-782,2,0.0,0.0,0.0,0.0,0.0,0.0,0.0,0.0,0.0,0.0,0.0,0.0,0.0,0.0,0.0,0.0,0.0,0.0,0.0,0.0,0.0,0.0,0.0,0.0,0.0,0.0,0.0,0.0,0.0,0.0,0.0,0.0,0.0,0.0,0.0,
PLAIN-792,6,1.0,0.46927872602275644,0.3391602052736161,0.30260241349881345,0.30260241349881345,0.3615974840572412,0.4113066028461552,0.16666666666666666,0.16666666666666666,0.16666666666666666,0.16666666666666666,0.16666666666666666,0.3333333333333333,0.5,1.0,0.3333333333333333,0.2,0.1,0.05,0.04,0.03,1.0,1.0,1.0,1.0,1.0,1.0,1.0,0.16666666666666666,0.16666666666666666,0.16666666666666666,0.16666666666666666,0.16666666666666666,0.17647058823529413,0.18393327480245827,1.0
PLAIN-806,96,1.0,0.7653606369886217,0.830419897363192,0.6745711375739729,0.4353461864037218,0.26597188984266,0.20125443538220092,0.010416666666666666,0.020833333333333332,0.041666666666666664,0.0625,0.0625,0.08333333333333333,0.125,1.0,0.6666666666666666,0.8,0.6,0.3,0.16,0.12,1.0,1.0,1.0,1.0,1.0,1.0,1.0,0.010416666666666666,0.020833333333333332,0.03697916666666667,0.05043402777777778,0.05043402777777778,0.054024077265229176,0.06071883005373196,1.0
PLAIN-817,1,0.0,0.0,0.0,0.0,0.0,0.0,0.0,0.0,0.0,0.0,0.0,0.0,0.0,0.0,0.0,0.0,0.0,0.0,0.0,0.0,0.0,0.0,0.0,0.0,0.0,0.0,0.0,0.0,0.0,0.0,0.0,0.0,0.0,0.0,0.0,
PLAIN-827,244,0.0,0.23463936301137822,0.16958010263680806,0.17366667134799182,0.25335698082514674,0.2436592017369187,0.20385197442072753,0.0,0.004098360655737705,0.004098360655737705,0.00819672131147541,0.02459016393442623,0.05327868852459016,0.08196721311475409,0.0,0.3333333333333333,0.2,0.2,0.3,0.26,0.2,0.0,0.3333333333333333,0.3333333333333333,0.3333333333333333,0.3333333333333333,0.3333333333333333,0.3333333333333333,0.0,0.001366120218579235,0.001366120218579235,0.002185792349726776,0.006877484932381395,0.014963414754641241,0.021523959553060225,3.0
PLAIN-838,9,1.0,1.0,0.8687949224876582,0.6804426793756726,0.6804426793756726,0.7270380769304494,0.7270380769304494,0.1111111111111111,0.3333333333333333,0.4444444444444444,0.5555555555555556,0.5555555555555556,0.6666666666666666,0.6666666666666666,1.0,1.0,0.8,0.5,0.25,0.12,0.06,1.0,1.0,1.0,1.0,1.0,1.0,1.0,0.1111111111111111,0.3333333333333333,0.4444444444444444,0.5238095238095238,0.5238095238095238,0.5446428571428572,0.5446428571428572,1.0
PLAIN-850,57,1.0,0.46927872602275644,0.3391602052736161,0.2200917662980802,0.18166110668947288,0.13368640358600054,0.14589427637811456,0.017543859649122806,0.017543859649122806,0.017543859649122806,0.017543859649122806,0.03508771929824561,0.07017543859649122,0.10526315789473684,1.0,0.3333333333333333,0.2,0.1,0.1,0.08,0.06,1.0,1.0,1.0,1.0,1.0,1.0,1.0,0.017543859649122806,0.017543859649122806,0.017543859649122806,0.017543859649122806,0.02073365231259968,0.026429710640236956,0.029511374738850207,1.0
PLAIN-872,1,0.0,0.0,0.0,0.0,0.0,0.0,0.0,0.0,0.0,0.0,0.0,0.0,0.0,0.0,0.0,0.0,0.0,0.0,0.0,0.0,0.0,0.0,0.0,0.0,0.0,0.0,0.0,0.0,0.0,0.0,0.0,0.0,0.0,0.0,0.0,
PLAIN-882,15,0.0,0.0,0.0,0.0,0.0,0.032279325435204176,0.08799888546825957,0.0,0.0,0.0,0.0,0.0,0.06666666666666667,0.2,0.0,0.0,0.0,0.0,0.0,0.02,0.03,0.0,0.0,0.0,0.0,0.0,0.02631578947368421,0.02631578947368421,0.0,0.0,0.0,0.0,0.0,0.0017543859649122805,0.006540422000948317,38.0
PLAIN-892,92,0.0,0.2960819109658652,0.34519134224686937,0.22400556151517556,0.2108683372276198,0.1469611726807203,0.136706797626361,0.0,0.010869565217391304,0.021739130434782608,0.021739130434782608,0.043478260869565216,0.06521739130434782,0.11956521739130435,0.0,0.3333333333333333,0.4,0.2,0.2,0.12,0.11,0.0,0.5,0.5,0.5,0.5,0.5,0.5,0.0,0.005434782608695652,0.009782608695652175,0.009782608695652175,0.013882532418001525,0.018100958919036722,0.02455350973964463,2.0
PLAIN-902,4,1.0,0.7653606369886217,0.6366824387328317,0.6366824387328317,0.6366824387328317,0.6366824387328317,0.6366824387328317,0.25,0.5,0.5,0.5,0.5,0.5,0.5,1.0,0.6666666666666666,0.4,0.2,0.1,0.04,0.02,1.0,1.0,1.0,1.0,1.0,1.0,1.0,0.25,0.5,0.5,0.5,0.5,0.5,0.5,1.0
PLAIN-913,34,0.0,0.0,0.0,0.0,0.038384638165382894,0.04496097052884511,0.07798498243550048,0.0,0.0,0.0,0.0,0.029411764705882353,0.058823529411764705,0.11764705882352941,0.0,0.0,0.0,0.0,0.05,0.04,0.04,0.0,0.0,0.0,0.0,0.08333333333333333,0.08333333333333333,0.08333333333333333,0.0,0.0,0.0,0.0,0.0024509803921568627,0.0036514605842336936,0.006673173102756984,12.0
PLAIN-924,32,0.0,0.0,0.0,0.07839826897867534,0.05059568297461705,0.05619872895384739,0.05619872895384739,0.0,0.0,0.0,0.03125,0.03125,0.0625,0.0625,0.0,0.0,0.0,0.1,0.05,0.04,0.02,0.0,0.0,0.0,0.16666666666666666,0.16666666666666666,0.16666666666666666,0.16666666666666666,0.0,0.0,0.0,0.005208333333333333,0.005208333333333333,0.006597222222222222,0.006597222222222222,6.0
PLAIN-934,101,0.0,0.2960819109658652,0.21398626473452756,0.35687885840597905,0.30337652101140694,0.26950069757361916,0.22152931116388752,0.0,0.009900990099009901,0.009900990099009901,0.039603960396039604,0.0594059405940594,0.12871287128712872,0.19801980198019803,0.0,0.3333333333333333,0.2,0.4,0.3,0.26,0.2,0.0,0.5,0.5,0.5,0.5,0.5,0.5,0.0,0.0049504950495049506,0.0049504950495049506,0.016894546597516893,0.024695326675524695,0.043199484414588776,0.06141629357401685,2.0
PLAIN-946,31,0.0,0.0,0.0,0.0,0.0,0.0,0.03428896266133701,0.0,0.0,0.0,0.0,0.0,0.0,0.06451612903225806,0.0,0.0,0.0,0.0,0.0,0.0,0.02,0.0,0.0,0.0,0.0,0.0,0.0,0.014705882352941176,0.0,0.0,0.0,0.0,0.0,0.0,0.0012708787218591142,68.0
PLAIN-956,206,1.0,1.0,0.7227265726449519,0.46900009332067494,0.37392695538678933,0.2960761325077576,0.28895218810169254,0.0048543689320388345,0.014563106796116505,0.014563106796116505,0.014563106796116505,0.024271844660194174,0.05339805825242718,0.12135922330097088,1.0,1.0,0.6,0.3,0.25,0.22,0.25,1.0,1.0,1.0,1.0,1.0,1.0,1.0,0.0048543689320388345,0.014563106796116505,0.014563106796116505,0.014563106796116505,0.017458695281894056,0.02487960022863677,0.04093355564344585,1.0
PLAIN-966,3,0.0,0.0,0.0,0.0,0.0,0.0,0.0,0.0,0.0,0.0,0.0,0.0,0.0,0.0,0.0,0.0,0.0,0.0,0.0,0.0,0.0,0.0,0.0,0.0,0.0,0.0,0.0,0.0,0.0,0.0,0.0,0.0,0.0,0.0,0.0,
PLAIN-977,3,0.0,0.0,0.0,0.0,0.0,0.08759200575528697,0.08759200575528697,0.0,0.0,0.0,0.0,0.0,0.3333333333333333,0.3333333333333333,0.0,0.0,0.0,0.0,0.0,0.02,0.01,0.0,0.0,0.0,0.0,0.0,0.025,0.025,0.0,0.0,0.0,0.0,0.0,0.008333333333333333,0.008333333333333333,40.0
PLAIN-987,3,0.0,0.0,0.0,0.0,0.0,0.0,0.07581454394366025,0.0,0.0,0.0,0.0,0.0,0.0,0.3333333333333333,0.0,0.0,0.0,0.0,0.0,0.0,0.01,0.0,0.0,0.0,0.0,0.0,0.0,0.013888888888888888,0.0,0.0,0.0,0.0,0.0,0.0,0.004629629629629629,72.0
PLAIN-997,2,0.0,0.0,0.0,0.0,0.0,0.0,0.0,0.0,0.0,0.0,0.0,0.0,0.0,0.0,0.0,0.0,0.0,0.0,0.0,0.0,0.0,0.0,0.0,0.0,0.0,0.0,0.0,0.0,0.0,0.0,0.0,0.0,0.0,0.0,0.0,
PLAIN-1008,5,0.0,0.0,0.0,0.0,0.0,0.0,0.0,0.0,0.0,0.0,0.0,0.0,0.0,0.0,0.0,0.0,0.0,0.0,0.0,0.0,0.0,0.0,0.0,0.0,0.0,0.0,0.0,0.0,0.0,0.0,0.0,0.0,0.0,0.0,0.0,
PLAIN-1018,60,0.0,0.0,0.0,0.07336392209936006,0.04734667987788576,0.025844335670336095,0.0335366032554077,0.0,0.0,0.0,0.016666666666666666,0.016666666666666666,0.016666666666666666,0.03333333333333333,0.0,0.0,0.0,0.1,0.05,0.02,0.02,0.0,0.0,0.0,0.14285714285714285,0.14285714285714285,0.14285714285714285,0.14285714285714285,0.0,0.0,0.0,0.0023809523809523807,0.0023809523809523807,0.0023809523809523807,0.002787456445993031,7.0
PLAIN-1028,1,0.0,0.0,0.0,0.0,0.0,0.0,0.0,0.0,0.0,0.0,0.0,0.0,0.0,0.0,0.0,0.0,0.0,0.0,0.0,0.0,0.0,0.0,0.0,0.0,0.0,0.0,0.0,0.0,0.0,0.0,0.0,0.0,0.0,0.0,0.0,
PLAIN-1039,2,1.0,0.6131471927654584,0.6131471927654584,0.6131471927654584,0.6131471927654584,0.6131471927654584,0.7118913424774763,0.5,0.5,0.5,0.5,0.5,0.5,1.0,1.0,0.3333333333333333,0.2,0.1,0.05,0.02,0.02,1.0,1.0,1.0,1.0,1.0,1.0,1.0,0.5,0.5,0.5,0.5,0.5,0.5,0.5136986301369864,1.0
PLAIN-1050,94,0.0,0.0,0.0,0.0,0.0,0.013668405018453907,0.016548055754298,0.0,0.0,0.0,0.0,0.0,0.010638297872340425,0.02127659574468085,0.0,0.0,0.0,0.0,0.0,0.02,0.02,0.0,0.0,0.0,0.0,0.0,0.02,0.02,0.0,0.0,0.0,0.0,0.0,0.0002127659574468085,0.0004601682335477487,50.0
PLAIN-1066,9,0.0,0.0,0.0,0.0,0.0,0.0,0.0,0.0,0.0,0.0,0.0,0.0,0.0,0.0,0.0,0.0,0.0,0.0,0.0,0.0,0.0,0.0,0.0,0.0,0.0,0.0,0.0,0.0,0.0,0.0,0.0,0.0,0.0,0.0,0.0,
PLAIN-1088,5,1.0,0.46927872602275644,0.3391602052736161,0.4371994911049732,0.4371994911049732,0.4371994911049732,0.4371994911049732,0.2,0.2,0.2,0.4,0.4,0.4,0.4,1.0,0.3333333333333333,0.2,0.2,0.1,0.04,0.02,1.0,1.0,1.0,1.0,1.0,1.0,1.0,0.2,0.2,0.2,0.24,0.24,0.24,0.24,1.0
PLAIN-1098,5,0.0,0.0,0.0,0.0,0.0,0.0,0.0,0.0,0.0,0.0,0.0,0.0,0.0,0.0,0.0,0.0,0.0,0.0,0.0,0.0,0.0,0.0,0.0,0.0,0.0,0.0,0.0,0.0,0.0,0.0,0.0,0.0,0.0,0.0,0.0,
PLAIN-1109,98,1.0,1.0,0.7227265726449519,0.542364015420035,0.4164252899360175,0.22730706783413107,0.15843515170816314,0.01020408163265306,0.030612244897959183,0.030612244897959183,0.04081632653061224,0.061224489795918366,0.061224489795918366,0.08163265306122448,1.0,1.0,0.6,0.4,0.3,0.12,0.08,1.0,1.0,1.0,1.0,1.0,1.0,1.0,0.01020408163265306,0.030612244897959183,0.030612244897959183,0.03644314868804664,0.04250557365803464,0.04250557365803464,0.04507231464014177,1.0
PLAIN-1119,11,0.0,0.0,0.0,0.0,0.0,0.0,0.0,0.0,0.0,0.0,0.0,0.0,0.0,0.0,0.0,0.0,0.0,0.0,0.0,0.0,0.0,0.0,0.0,0.0,0.0,0.0,0.0,0.0,0.0,0.0,0.0,0.0,0.0,0.0,0.0,
PLAIN-1130,1,1.0,1.0,1.0,1.0,1.0,1.0,1.0,1.0,1.0,1.0,1.0,1.0,1.0,1.0,1.0,0.3333333333333333,0.2,0.1,0.05,0.02,0.01,1.0,1.0,1.0,1.0,1.0,1.0,1.0,1.0,1.0,1.0,1.0,1.0,1.0,1.0,1.0
PLAIN-1141,16,0.0,0.23463936301137822,0.16958010263680806,0.1100458831490401,0.11978027972865261,0.1496014300733759,0.2286733306930238,0.0,0.0625,0.0625,0.0625,0.125,0.1875,0.375,0.0,0.3333333333333333,0.2,0.1,0.1,0.06,0.06,0.0,0.3333333333333333,0.3333333333333333,0.3333333333333333,0.3333333333333333,0.3333333333333333,0.3333333333333333,0.0,0.020833333333333332,0.020833333333333332,0.020833333333333332,0.027412280701754384,0.03167364433811802,0.04422797876934296,3.0
PLAIN-1151,153,1.0,0.7653606369886217,0.5531464700081437,0.4959389204699465,0.3200627861017756,0.31528438309630974,0.25640110209952166,0.006535947712418301,0.013071895424836602,0.013071895424836602,0.026143790849673203,0.026143790849673203,0.08496732026143791,0.13725490196078433,1.0,0.6666666666666666,0.4,0.4,0.2,0.26,0.21,1.0,1.0,1.0,1.0,1.0,1.0,1.0,0.006535947712418301,0.013071895424836602,0.013071895424836602,0.01848739495798319,0.01848739495798319,0.03503480330951297,0.04796958105794355,1.0
PLAIN-1161,1,0.0,0.0,0.0,0.0,0.0,0.0,0.0,0.0,0.0,0.0,0.0,0.0,0.0,0.0,0.0,0.0,0.0,0.0,0.0,0.0,0.0,0.0,0.0,0.0,0.0,0.0,0.0,0.0,0.0,0.0,0.0,0.0,0.0,0.0,0.0,
PLAIN-1172,19,0.0,0.0,0.0,0.0,0.0,0.0,0.0,0.0,0.0,0.0,0.0,0.0,0.0,0.0,0.0,0.0,0.0,0.0,0.0,0.0,0.0,0.0,0.0,0.0,0.0,0.0,0.0,0.0,0.0,0.0,0.0,0.0,0.0,0.0,0.0,
PLAIN-1183,25,0.0,0.2960819109658652,0.34519134224686937,0.22400556151517556,0.17931604797419792,0.15524711006267425,0.1943330048086069,0.0,0.04,0.08,0.08,0.12,0.12,0.2,0.0,0.3333333333333333,0.4,0.2,0.15,0.06,0.05,0.0,0.5,0.5,0.5,0.5,0.5,0.5,0.0,0.02,0.036000000000000004,0.036000000000000004,0.0435,0.0435,0.048131297964631295,2.0
PLAIN-1193,18,0.0,0.0,0.0,0.0,0.0,0.09267841486086735,0.16543707002701274,0.0,0.0,0.0,0.0,0.0,0.16666666666666666,0.3333333333333333,0.0,0.0,0.0,0.0,0.0,0.06,0.06,0.0,0.0,0.0,0.0,0.0,0.041666666666666664,0.041666666666666664,0.0,0.0,0.0,0.0,0.0,0.010556573056573057,0.02130837110015972,24.0
PLAIN-1203,12,0.0,0.0,0.0,0.0,0.05306340617755809,0.05306340617755809,0.05306340617755809,0.0,0.0,0.0,0.0,0.08333333333333333,0.08333333333333333,0.08333333333333333,0.0,0.0,0.0,0.0,0.05,0.02,0.01,0.0,0.0,0.0,0.0,0.08333333333333333,0.08333333333333333,0.08333333333333333,0.0,0.0,0.0,0.0,0.006944444444444444,0.006944444444444444,0.006944444444444444,12.0
PLAIN-1214,17,0.0,0.0,0.0,0.0,0.0,0.027921383090117262,0.053899285134175016,0.0,0.0,0.0,0.0,0.0,0.058823529411764705,0.11764705882352941,0.0,0.0,0.0,0.0,0.0,0.02,0.02,0.0,0.0,0.0,0.0,0.0,0.02040816326530612,0.02040816326530612,0.0,0.0,0.0,0.0,0.0,0.0012004801920768306,0.0029830113863727305,49.0
PLAIN-1225,27,1.0,0.46927872602275644,0.3391602052736161,0.29345568839744024,0.22669346987798766,0.2306790112888739,0.26732677758521406,0.037037037037037035,0.037037037037037035,0.037037037037037035,0.07407407407407407,0.1111111111111111,0.18518518518518517,0.25925925925925924,1.0,0.3333333333333333,0.2,0.2,0.15,0.1,0.07,1.0,1.0,1.0,1.0,1.0,1.0,1.0,0.037037037037037035,0.037037037037037035,0.037037037037037035,0.047619047619047616,0.05616605616605616,0.06465371048704383,0.0704669149959005,1.0
PLAIN-1236,5,0.0,0.0,0.14606834984270645,0.14606834984270645,0.14606834984270645,0.14606834984270645,0.14606834984270645,0.0,0.0,0.2,0.2,0.2,0.2,0.2,0.0,0.0,0.2,0.1,0.05,0.02,0.01,0.0,0.0,0.25,0.25,0.25,0.25,0.25,0.0,0.0,0.05,0.05,0.05,0.05,0.05,4.0
PLAIN-1249,4,0.0,0.0,0.0,0.0,0.0,0.0,0.0,0.0,0.0,0.0,0.0,0.0,0.0,0.0,0.0,0.0,0.0,0.0,0.0,0.0,0.0,0.0,0.0,0.0,0.0,0.0,0.0,0.0,0.0,0.0,0.0,0.0,0.0,0.0,0.0,
PLAIN-1262,10,1.0,0.46927872602275644,0.3391602052736161,0.29345568839744024,0.29345568839744024,0.29345568839744024,0.32744284500978943,0.1,0.1,0.1,0.2,0.2,0.2,0.3,1.0,0.3333333333333333,0.2,0.2,0.1,0.04,0.03,1.0,1.0,1.0,1.0,1.0,1.0,1.0,0.1,0.1,0.1,0.12857142857142856,0.12857142857142856,0.12857142857142856,0.13198051948051948,1.0
PLAIN-1275,55,1.0,0.7039180890341347,0.5087403079104241,0.4085359184257956,0.263655742425103,0.15795410177736824,0.1705053033649543,0.01818181818181818,0.03636363636363636,0.03636363636363636,0.05454545454545454,0.05454545454545454,0.07272727272727272,0.10909090909090909,1.0,0.6666666666666666,0.4,0.3,0.15,0.08,0.06,1.0,1.0,1.0,1.0,1.0,1.0,1.0,0.01818181818181818,0.0303030303030303,0.0303030303030303,0.03939393939393939,0.03939393939393939,0.04101010101010101,0.04330917435514371,1.0
PLAIN-1288,196,0.0,0.23463936301137822,0.16958010263680806,0.18340980524840014,0.2275397479581122,0.15691441891669458,0.1361078423855047,0.0,0.00510204081632653,0.00510204081632653,0.01020408163265306,0.025510204081632654,0.03571428571428571,0.061224489795918366,0.0,0.3333333333333333,0.2,0.2,0.25,0.14,0.12,0.0,0.3333333333333333,0.3333333333333333,0.3333333333333333,0.3333333333333333,0.3333333333333333,0.3333333333333333,0.0,0.0017006802721088435,0.0017006802721088435,0.0031584062196307093,0.00749420647379831,0.010056700736870856,0.013908125656391443,3.0
PLAIN-1299,61,0.0,0.0,0.0,0.0,0.0,0.014669272800906774,0.02319039219654245,0.0,0.0,0.0,0.0,0.0,0.01639344262295082,0.03278688524590164,0.0,0.0,0.0,0.0,0.0,0.02,0.02,0.0,0.0,0.0,0.0,0.0,0.02631578947368421,0.02631578947368421,0.0,0.0,0.0,0.0,0.0,0.0004314063848144952,0.000795705109768958,38.0
PLAIN-1309,4,0.0,0.0,0.0,0.0,0.0,0.0,0.0,0.0,0.0,0.0,0.0,0.0,0.0,0.0,0.0,0.0,0.0,0.0,0.0,0.0,0.0,0.0,0.0,0.0,0.0,0.0,0.0,0.0,0.0,0.0,0.0,0.0,0.0,0.0,0.0,
PLAIN-1320,6,0.0,0.0,0.0,0.0,0.0,0.0,0.0,0.0,0.0,0.0,0.0,0.0,0.0,0.0,0.0,0.0,0.0,0.0,0.0,0.0,0.0,0.0,0.0,0.0,0.0,0.0,0.0,0.0,0.0,0.0,0.0,0.0,0.0,0.0,0.0,
PLAIN-1331,1,0.0,0.0,0.0,0.0,0.0,0.0,0.0,0.0,0.0,0.0,0.0,0.0,0.0,0.0,0.0,0.0,0.0,0.0,0.0,0.0,0.0,0.0,0.0,0.0,0.0,0.0,0.0,0.0,0.0,0.0,0.0,0.0,0.0,0.0,0.0,
PLAIN-1342,16,1.0,0.46927872602275644,0.4703652827859579,0.37859880603906126,0.2817206930630349,0.3174403694684628,0.3174403694684628,0.0625,0.0625,0.125,0.1875,0.1875,0.25,0.25,1.0,0.3333333333333333,0.4,0.3,0.15,0.08,0.04,1.0,1.0,1.0,1.0,1.0,1.0,1.0,0.0625,0.0625,0.0875,0.11428571428571428,0.11428571428571428,0.1251552795031056,0.1251552795031056,1.0
PLAIN-1353,4,0.0,0.0,0.0,0.0,0.0,0.0,0.0,0.0,0.0,0.0,0.0,0.0,0.0,0.0,0.0,0.0,0.0,0.0,0.0,0.0,0.0,0.0,0.0,0.0,0.0,0.0,0.0,0.0,0.0,0.0,0.0,0.0,0.0,0.0,0.0,
PLAIN-1363,11,0.0,0.0,0.0,0.0,0.0,0.0,0.0,0.0,0.0,0.0,0.0,0.0,0.0,0.0,0.0,0.0,0.0,0.0,0.0,0.0,0.0,0.0,0.0,0.0,0.0,0.0,0.0,0.0,0.0,0.0,0.0,0.0,0.0,0.0,0.0,
PLAIN-1374,26,0.0,0.0,0.0,0.0,0.0,0.021463751103975425,0.07884436183167323,0.0,0.0,0.0,0.0,0.0,0.038461538461538464,0.15384615384615385,0.0,0.0,0.0,0.0,0.0,0.02,0.04,0.0,0.0,0.0,0.0,0.0,0.02127659574468085,0.02127659574468085,0.0,0.0,0.0,0.0,0.0,0.000818330605564648,0.005202616731423808,47.0
PLAIN-1387,12,1.0,0.46927872602275644,0.3391602052736161,0.2200917662980802,0.29336420466281404,0.3333809794356248,0.3333809794356248,0.08333333333333333,0.08333333333333333,0.08333333333333333,0.08333333333333333,0.25,0.3333333333333333,0.3333333333333333,1.0,0.3333333333333333,0.2,0.1,0.15,0.08,0.04,1.0,1.0,1.0,1.0,1.0,1.0,1.0,0.08333333333333333,0.08333333333333333,0.08333333333333333,0.08333333333333333,0.10931174089068825,0.12080599376425148,0.12080599376425148,1.0
PLAIN-1398,103,0.0,0.5307212739772434,0.5296347172140421,0.4857157485697725,0.4538969883010145,0.37075203906344156,0.2589150416544316,0.0,0.019417475728155338,0.02912621359223301,0.04854368932038835,0.08737864077669903,0.1650485436893204,0.20388349514563106,0.0,0.6666666666666666,0.6,0.5,0.45,0.34,0.21,0.0,0.5,0.5,0.5,0.5,0.5,0.5,0.0,0.011326860841423947,0.018608414239482198,0.029935275080906147,0.04840022011713376,0.0802787349829212,0.09033723672883036,2.0
PLAIN-1409,253,0.0,0.0,0.0,0.14465249243306438,0.09335399548964862,0.1850734880929603,0.21474957641015316,0.0,0.0,0.0,0.007905138339920948,0.007905138339920948,0.043478260869565216,0.09486166007905138,0.0,0.0,0.0,0.2,0.1,0.22,0.24,0.0,0.0,0.0,0.16666666666666666,0.16666666666666666,0.16666666666666666,0.16666666666666666,0.0,0.0,0.0,0.0015371102327624065,0.0015371102327624065,0.00806064145292147,0.02075244058196229,6.0
PLAIN-1419,65,0.0,0.23463936301137822,0.16958010263680806,0.1100458831490401,0.10508299207281116,0.11650225900500566,0.1282684520931016,0.0,0.015384615384615385,0.015384615384615385,0.015384615384615385,0.03076923076923077,0.09230769230769231,0.13846153846153847,0.0,0.3333333333333333,0.2,0.1,0.1,0.12,0.09,0.0,0.3333333333333333,0.3333333333333333,0.3333333333333333,0.3333333333333333,0.3333333333333333,0.3333333333333333,0.0,0.005128205128205128,0.005128205128205128,0.005128205128205128,0.0069381598793363496,0.014233417855132496,0.01906560853933473,3.0
PLAIN-1429,6,0.0,0.0,0.0,0.0,0.0,0.0,0.0,0.0,0.0,0.0,0.0,0.0,0.0,0.0,0.0,0.0,0.0,0.0,0.0,0.0,0.0,0.0,0.0,0.0,0.0,0.0,0.0,0.0,0.0,0.0,0.0,0.0,0.0,0.0,0.0,
PLAIN-1441,186,1.0,0.46927872602275644,0.4703652827859579,0.3052348839397012,0.30542283971630985,0.1958570231465635,0.15978974221160205,0.005376344086021506,0.005376344086021506,0.010752688172043012,0.010752688172043012,0.026881720430107527,0.03763440860215054,0.06451612903225806,1.0,0.3333333333333333,0.4,0.2,0.25,0.14,0.12,1.0,1.0,1.0,1.0,1.0,1.0,1.0,0.005376344086021506,0.005376344086021506,0.007526881720430107,0.007526881720430107,0.011918521074118798,0.013708277723807534,0.017617919238365625,1.0
PLAIN-1453,245,0.0,0.23463936301137822,0.16958010263680806,0.17630010660342915,0.14928834224027454,0.12981842636130675,0.1569910975991021,0.0,0.004081632653061225,0.004081632653061225,0.00816326530612245,0.012244897959183673,0.024489795918367346,0.0653061224489796,0.0,0.3333333333333333,0.2,0.2,0.15,0.12,0.16,0.0,0.3333333333333333,0.3333333333333333,0.3333333333333333,0.3333333333333333,0.3333333333333333,0.3333333333333333,0.0,0.0013605442176870747,0.0013605442176870747,0.0022675736961451248,0.0030839002267573695,0.005291216719788149,0.011512676791119284,3.0
PLAIN-1463,24,0.0,0.23463936301137822,0.16958010263680806,0.1100458831490401,0.07102001981682865,0.08775821568727733,0.08775821568727733,0.0,0.041666666666666664,0.041666666666666664,0.041666666666666664,0.041666666666666664,0.08333333333333333,0.08333333333333333,0.0,0.3333333333333333,0.2,0.1,0.05,0.04,0.02,0.0,0.3333333333333333,0.3333333333333333,0.3333333333333333,0.3333333333333333,0.3333333333333333,0.3333333333333333,0.0,0.013888888888888888,0.013888888888888888,0.013888888888888888,0.013888888888888888,0.016339869281045753,0.016339869281045753,3.0
PLAIN-1473,1,0.0,0.0,0.0,0.0,0.24465054211822604,0.24465054211822604,0.24465054211822604,0.0,0.0,0.0,0.0,1.0,1.0,1.0,0.0,0.0,0.0,0.0,0.05,0.02,0.01,0.0,0.0,0.0,0.0,0.0625,0.0625,0.0625,0.0,0.0,0.0,0.0,0.0625,0.0625,0.0625,16.0
PLAIN-1485,54,0.0,0.0,0.0,0.0,0.0,0.0,0.0,0.0,0.0,0.0,0.0,0.0,0.0,0.0,0.0,0.0,0.0,0.0,0.0,0.0,0.0,0.0,0.0,0.0,0.0,0.0,0.0,0.0,0.0,0.0,0.0,0.0,0.0,0.0,0.0,
PLAIN-1496,1,0.0,0.0,0.0,0.0,0.0,0.0,0.0,0.0,0.0,0.0,0.0,0.0,0.0,0.0,0.0,0.0,0.0,0.0,0.0,0.0,0.0,0.0,0.0,0.0,0.0,0.0,0.0,0.0,0.0,0.0,0.0,0.0,0.0,0.0,0.0,
PLAIN-1506,15,0.0,0.2960819109658652,0.21398626473452756,0.13886244387355456,0.10764243204553911,0.10764243204553911,0.13640938100448813,0.0,0.06666666666666667,0.06666666666666667,0.06666666666666667,0.06666666666666667,0.06666666666666667,0.13333333333333333,0.0,0.3333333333333333,0.2,0.1,0.05,0.02,0.02,0.0,0.5,0.5,0.5,0.5,0.5,0.5,0.0,0.03333333333333333,0.03333333333333333,0.03333333333333333,0.03333333333333333,0.03333333333333333,0.035555555555555556,2.0
PLAIN-1516,2,0.0,0.0,0.0,0.0,0.0,0.0,0.0,0.0,0.0,0.0,0.0,0.0,0.0,0.0,0.0,0.0,0.0,0.0,0.0,0.0,0.0,0.0,0.0,0.0,0.0,0.0,0.0,0.0,0.0,0.0,0.0,0.0,0.0,0.0,0.0,
PLAIN-1527,202,0.0,0.0,0.13120507751234178,0.37259075411082276,0.34160934314436286,0.2597059513345205,0.20628970302449,0.0,0.0,0.0049504950495049506,0.024752475247524754,0.039603960396039604,0.06435643564356436,0.09405940594059406,0.0,0.0,0.2,0.5,0.4,0.26,0.19,0.0,0.0,0.2,0.2,0.2,0.2,0.2,0.0,0.0,0.0009900990099009901,0.009987427314159986,0.015862500115557773,0.022872512041120077,0.029632948496136163,5.0
PLAIN-1537,45,1.0,0.7653606369886217,0.6992148198508501,0.7314470771099789,0.47205206069324196,0.2767846873353331,0.3027512016234284,0.022222222222222223,0.044444444444444446,0.06666666666666667,0.15555555555555556,0.15555555555555556,0.15555555555555556,0.2,1.0,0.6666666666666666,0.6,0.7,0.35,0.14,0.09,1.0,1.0,1.0,1.0,1.0,1.0,1.0,0.022222222222222223,0.044444444444444446,0.06111111111111111,0.12018518518518519,0.12018518518518519,0.12018518518518519,0.12465202604620298,1.0
PLAIN-1547,6,0.0,0.0,0.0,0.0,0.0,0.0,0.0,0.0,0.0,0.0,0.0,0.0,0.0,0.0,0.0,0.0,0.0,0.0,0.0,0.0,0.0,0.0,0.0,0.0,0.0,0.0,0.0,0.0,0.0,0.0,0.0,0.0,0.0,0.0,0.0,
PLAIN-1557,26,0.0,0.0,0.0,0.0,0.0,0.0,0.01976137199385109,0.0,0.0,0.0,0.0,0.0,0.0,0.038461538461538464,0.0,0.0,0.0,0.0,0.0,0.0,0.01,0.0,0.0,0.0,0.0,0.0,0.0,0.015151515151515152,0.0,0.0,0.0,0.0,0.0,0.0,0.0005827505827505828,66.0
PLAIN-1568,2,1.0,0.6131471927654584,0.6131471927654584,0.6131471927654584,0.7574875071481796,0.7574875071481796,0.7574875071481796,0.5,0.5,0.5,0.5,1.0,1.0,1.0,1.0,0.3333333333333333,0.2,0.1,0.1,0.04,0.02,1.0,1.0,1.0,1.0,1.0,1.0,1.0,0.5,0.5,0.5,0.5,0.5555555555555556,0.5555555555555556,0.5555555555555556,1.0
PLAIN-1579,5,0.0,0.0,0.0,0.0,0.0,0.0,0.0,0.0,0.0,0.0,0.0,0.0,0.0,0.0,0.0,0.0,0.0,0.0,0.0,0.0,0.0,0.0,0.0,0.0,0.0,0.0,0.0,0.0,0.0,0.0,0.0,0.0,0.0,0.0,0.0,
PLAIN-1590,18,0.0,0.0,0.0,0.0,0.03576979894697833,0.03576979894697833,0.03576979894697833,0.0,0.0,0.0,0.0,0.05555555555555555,0.05555555555555555,0.05555555555555555,0.0,0.0,0.0,0.0,0.05,0.02,0.01,0.0,0.0,0.0,0.0,0.05555555555555555,0.05555555555555555,0.05555555555555555,0.0,0.0,0.0,0.0,0.0030864197530864196,0.0030864197530864196,0.0030864197530864196,18.0
PLAIN-1601,74,1.0,0.46927872602275644,0.3391602052736161,0.3718539573761156,0.2399824024861601,0.14790543861640743,0.12253185389037814,0.013513513513513514,0.013513513513513514,0.013513513513513514,0.04054054054054054,0.04054054054054054,0.05405405405405406,0.06756756756756757,1.0,0.3333333333333333,0.2,0.3,0.15,0.08,0.05,1.0,1.0,1.0,1.0,1.0,1.0,1.0,0.013513513513513514,0.013513513513513514,0.013513513513513514,0.023809523809523808,0.023809523809523808,0.02615970007274355,0.02718345109649457,1.0
PLAIN-1611,6,0.0,0.0,0.13120507751234178,0.11706259313796354,0.11706259313796354,0.17605766369639128,0.22668310158313304,0.0,0.0,0.16666666666666666,0.16666666666666666,0.16666666666666666,0.3333333333333333,0.5,0.0,0.0,0.2,0.1,0.05,0.04,0.03,0.0,0.0,0.2,0.2,0.2,0.2,0.2,0.0,0.0,0.03333333333333333,0.03333333333333333,0.03333333333333333,0.04313725490196079,0.05120177103099305,5.0
PLAIN-1621,4,0.0,0.0,0.0,0.0,0.0,0.0,0.0,0.0,0.0,0.0,0.0,0.0,0.0,0.0,0.0,0.0,0.0,0.0,0.0,0.0,0.0,0.0,0.0,0.0,0.0,0.0,0.0,0.0,0.0,0.0,0.0,0.0,0.0,0.0,0.0,
PLAIN-1635,431,1.0,1.0,1.0,0.8521705090845474,0.6187761668385047,0.5039092944739814,0.38065125348626283,0.002320185614849188,0.0069605568445475635,0.01160092807424594,0.018561484918793503,0.02320185614849188,0.048723897911832945,0.06960556844547564,1.0,1.0,1.0,0.8,0.5,0.42,0.3,1.0,1.0,1.0,1.0,1.0,1.0,1.0,0.002320185614849188,0.0069605568445475635,0.01160092807424594,0.017250395904688246,0.01992031538059926,0.0314626099349001,0.03932838056361328,1.0
PLAIN-1645,6,0.0,0.0,0.0,0.0,0.0,0.0,0.04904474745285811,0.0,0.0,0.0,0.0,0.0,0.0,0.16666666666666666,0.0,0.0,0.0,0.0,0.0,0.0,0.01,0.0,0.0,0.0,0.0,0.0,0.0,0.014084507042253521,0.0,0.0,0.0,0.0,0.0,0.0,0.002347417840375587,71.0
PLAIN-1656,28,0.0,0.23463936301137822,0.16958010263680806,0.1100458831490401,0.10445751120154215,0.12683244476679922,0.1443394791664733,0.0,0.03571428571428571,0.03571428571428571,0.03571428571428571,0.07142857142857142,0.14285714285714285,0.17857142857142858,0.0,0.3333333333333333,0.2,0.1,0.1,0.08,0.05,0.0,0.3333333333333333,0.3333333333333333,0.3333333333333333,0.3333333333333333,0.3333333333333333,0.3333333333333333,0.0,0.011904761904761904,0.011904761904761904,0.011904761904761904,0.015873015873015872,0.022171465485418977,0.024133788876313796,3.0
PLAIN-1667,159,1.0,0.46927872602275644,0.48522855511632257,0.38431135260440824,0.32168503696834433,0.26483686574336596,0.21704322094956877,0.006289308176100629,0.006289308176100629,0.012578616352201259,0.018867924528301886,0.031446540880503145,0.06918238993710692,0.11320754716981132,1.0,0.3333333333333333,0.4,0.3,0.25,0.22,0.18,1.0,1.0,1.0,1.0,1.0,1.0,1.0,0.006289308176100629,0.006289308176100629,0.009433962264150943,0.01179245283018868,0.01597380606814569,0.02458861463149209,0.033566205687567324,1.0
PLAIN-1679,1,0.0,0.0,0.0,0.0,0.0,0.0,0.0,0.0,0.0,0.0,0.0,0.0,0.0,0.0,0.0,0.0,0.0,0.0,0.0,0.0,0.0,0.0,0.0,0.0,0.0,0.0,0.0,0.0,0.0,0.0,0.0,0.0,0.0,0.0,0.0,
PLAIN-1690,4,0.0,0.0,0.0,0.0,0.0,0.0,0.0,0.0,0.0,0.0,0.0,0.0,0.0,0.0,0.0,0.0,0.0,0.0,0.0,0.0,0.0,0.0,0.0,0.0,0.0,0.0,0.0,0.0,0.0,0.0,0.0,0.0,0.0,0.0,0.0,
PLAIN-1700,5,0.0,0.0,0.0,0.0,0.0,0.0,0.0,0.0,0.0,0.0,0.0,0.0,0.0,0.0,0.0,0.0,0.0,0.0,0.0,0.0,0.0,0.0,0.0,0.0,0.0,0.0,0.0,0.0,0.0,0.0,0.0,0.0,0.0,0.0,0.0,
PLAIN-1710,16,1.0,1.0,1.0,1.0,0.8290723813697708,0.8621298878947781,0.8621298878947781,0.0625,0.1875,0.3125,0.625,0.75,0.8125,0.8125,1.0,1.0,1.0,1.0,0.6,0.26,0.13,1.0,1.0,1.0,1.0,1.0,1.0,1.0,0.0625,0.1875,0.3125,0.625,0.7316176470588235,0.7587009803921568,0.7587009803921568,1.0
PLAIN-1721,31,0.0,0.0,0.14606834984270645,0.16104258782393985,0.13626991904138325,0.16437464857760092,0.16437464857760092,0.0,0.0,0.03225806451612903,0.06451612903225806,0.0967741935483871,0.1935483870967742,0.1935483870967742,0.0,0.0,0.2,0.2,0.15,0.12,0.06,0.0,0.0,0.25,0.25,0.25,0.25,0.25,0.0,0.0,0.008064516129032258,0.015232974910394265,0.02007168458781362,0.03347280660744897,0.03347280660744897,4.0
PLAIN-1731,3,1.0,0.7653606369886217,0.7653606369886217,0.7653606369886217,0.7653606369886217,0.7653606369886217,0.7653606369886217,0.3333333333333333,0.6666666666666666,0.6666666666666666,0.6666666666666666,0.6666666666666666,0.6666666666666666,0.6666666666666666,1.0,0.6666666666666666,0.4,0.2,0.1,0.04,0.02,1.0,1.0,1.0,1.0,1.0,1.0,1.0,0.3333333333333333,0.6666666666666666,0.6666666666666666,0.6666666666666666,0.6666666666666666,0.6666666666666666,0.6666666666666666,1.0
PLAIN-1741,420,0.0,0.0,0.13120507751234178,0.08514311764162101,0.1256715173856886,0.1427220256735997,0.1105891892302991,0.0,0.0,0.002380952380952381,0.002380952380952381,0.007142857142857143,0.01904761904761905,0.02619047619047619,0.0,0.0,0.2,0.1,0.15,0.16,0.11,0.0,0.0,0.2,0.2,0.2,0.2,0.2,0.0,0.0,0.0004761904761904762,0.0004761904761904762,0.0012301587301587302,0.0030972948830091693,0.003998964954475571,5.0
PLAIN-1752,1,0.0,0.0,0.0,0.0,0.0,0.0,0.0,0.0,0.0,0.0,0.0,0.0,0.0,0.0,0.0,0.0,0.0,0.0,0.0,0.0,0.0,0.0,0.0,0.0,0.0,0.0,0.0,0.0,0.0,0.0,0.0,0.0,0.0,0.0,0.0,
PLAIN-1762,8,1.0,0.7039180890341347,0.5087403079104241,0.3794140541514857,0.3794140541514857,0.3794140541514857,0.3794140541514857,0.125,0.25,0.25,0.25,0.25,0.25,0.25,1.0,0.6666666666666666,0.4,0.2,0.1,0.04,0.02,1.0,1.0,1.0,1.0,1.0,1.0,1.0,0.125,0.20833333333333331,0.20833333333333331,0.20833333333333331,0.20833333333333331,0.20833333333333331,0.20833333333333331,1.0
PLAIN-1772,2,1.0,0.6131471927654584,0.6131471927654584,0.6131471927654584,0.7741900178546666,0.7741900178546666,0.7741900178546666,0.5,0.5,0.5,0.5,1.0,1.0,1.0,1.0,0.3333333333333333,0.2,0.1,0.1,0.04,0.02,1.0,1.0,1.0,1.0,1.0,1.0,1.0,0.5,0.5,0.5,0.5,0.5769230769230769,0.5769230769230769,0.5769230769230769,1.0
PLAIN-1784,2,0.0,0.0,0.0,0.0,0.0,0.0,0.0,0.0,0.0,0.0,0.0,0.0,0.0,0.0,0.0,0.0,0.0,0.0,0.0,0.0,0.0,0.0,0.0,0.0,0.0,0.0,0.0,0.0,0.0,0.0,0.0,0.0,0.0,0.0,0.0,
PLAIN-1794,2,0.0,0.0,0.0,0.18457569677956817,0.3264445986455623,0.3264445986455623,0.3264445986455623,0.0,0.0,0.0,0.5,1.0,1.0,1.0,0.0,0.0,0.0,0.1,0.1,0.04,0.02,0.0,0.0,0.0,0.1111111111111111,0.1111111111111111,0.1111111111111111,0.1111111111111111,0.0,0.0,0.0,0.05555555555555555,0.10818713450292397,0.10818713450292397,0.10818713450292397,9.0
PLAIN-1805,116,0.0,0.5307212739772434,0.6608397947263839,0.6320787427864673,0.4079229822499962,0.2851560653012904,0.2434856121981289,0.0,0.017241379310344827,0.034482758620689655,0.0603448275862069,0.0603448275862069,0.09482758620689655,0.1724137931034483,0.0,0.6666666666666666,0.8,0.7,0.35,0.22,0.2,0.0,0.5,0.5,0.5,0.5,0.5,0.5,0.0,0.010057471264367814,0.023419540229885058,0.04135878489326766,0.04135878489326766,0.05205696144601692,0.06730843424219031,2.0
PLAIN-1817,27,0.0,0.5307212739772434,0.6608397947263839,0.42883980903376645,0.3140659608366345,0.3029189234283951,0.32107178046216217,0.0,0.07407407407407407,0.14814814814814814,0.14814814814814814,0.18518518518518517,0.25925925925925924,0.2962962962962963,0.0,0.6666666666666666,0.8,0.4,0.25,0.14,0.08,0.0,0.5,0.5,0.5,0.5,0.5,0.5,0.0,0.043209876543209874,0.1006172839506173,0.1006172839506173,0.11486229819563153,0.1275349011121369,0.13098020688302406,2.0
PLAIN-1827,3,0.0,0.0,0.0,0.0,0.0,0.0,0.0,0.0,0.0,0.0,0.0,0.0,0.0,0.0,0.0,0.0,0.0,0.0,0.0,0.0,0.0,0.0,0.0,0.0,0.0,0.0,0.0,0.0,0.0,0.0,0.0,0.0,0.0,0.0,0.0,
PLAIN-1837,196,1.0,0.7653606369886217,0.830419897363192,0.8115558478722846,0.7780188630002812,0.6541872765036761,0.5025248720033454,0.00510204081632653,0.01020408163265306,0.02040816326530612,0.04081632653061224,0.07653061224489796,0.15306122448979592,0.2193877551020408,1.0,0.6666666666666666,0.8,0.8,0.75,0.6,0.43,1.0,1.0,1.0,1.0,1.0,1.0,1.0,0.00510204081632653,0.01020408163265306,0.018112244897959182,0.03363297700032394,0.06346194904868376,0.11567799012890258,0.14839082363641637,1.0
PLAIN-1847,11,0.0,0.0,0.0,0.0,0.0,0.0,0.0,0.0,0.0,0.0,0.0,0.0,0.0,0.0,0.0,0.0,0.0,0.0,0.0,0.0,0.0,0.0,0.0,0.0,0.0,0.0,0.0,0.0,0.0,0.0,0.0,0.0,0.0,0.0,0.0,
PLAIN-1857,33,1.0,0.7653606369886217,0.6992148198508501,0.45374257454118555,0.29283064221503263,0.22946928569415898,0.22946928569415898,0.030303030303030304,0.06060606060606061,0.09090909090909091,0.09090909090909091,0.09090909090909091,0.12121212121212122,0.12121212121212122,1.0,0.6666666666666666,0.6,0.3,0.15,0.08,0.04,1.0,1.0,1.0,1.0,1.0,1.0,1.0,0.030303030303030304,0.06060606060606061,0.08333333333333333,0.08333333333333333,0.08333333333333333,0.08580705009276438,0.08580705009276438,1.0
PLAIN-1867,7,0.0,0.0,0.0,0.0,0.0,0.0,0.04234173645575849,0.0,0.0,0.0,0.0,0.0,0.0,0.14285714285714285,0.0,0.0,0.0,0.0,0.0,0.0,0.01,0.0,0.0,0.0,0.0,0.0,0.0,0.011235955056179775,0.0,0.0,0.0,0.0,0.0,0.0,0.0016051364365971107,89.0
PLAIN-1877,36,0.0,0.0,0.0,0.0,0.0,0.0,0.0,0.0,0.0,0.0,0.0,0.0,0.0,0.0,0.0,0.0,0.0,0.0,0.0,0.0,0.0,0.0,0.0,0.0,0.0,0.0,0.0,0.0,0.0,0.0,0.0,0.0,0.0,0.0,0.0,
PLAIN-1887,4,0.0,0.0,0.0,0.0,0.0,0.0,0.0,0.0,0.0,0.0,0.0,0.0,0.0,0.0,0.0,0.0,0.0,0.0,0.0,0.0,0.0,0.0,0.0,0.0,0.0,0.0,0.0,0.0,0.0,0.0,0.0,0.0,0.0,0.0,0.0,
PLAIN-1897,2,0.0,0.0,0.0,0.0,0.0,0.0,0.0,0.0,0.0,0.0,0.0,0.0,0.0,0.0,0.0,0.0,0.0,0.0,0.0,0.0,0.0,0.0,0.0,0.0,0.0,0.0,0.0,0.0,0.0,0.0,0.0,0.0,0.0,0.0,0.0,
PLAIN-1909,463,0.0,0.0,0.0,0.21801641453242443,0.28486569449547083,0.3100726821634872,0.2876773943206106,0.0,0.0,0.0,0.0064794816414686825,0.01511879049676026,0.0367170626349892,0.06479481641468683,0.0,0.0,0.0,0.3,0.35,0.34,0.3,0.0,0.0,0.0,0.16666666666666666,0.16666666666666666,0.16666666666666666,0.16666666666666666,0.0,0.0,0.0,0.0016970070965751309,0.0049036336833313075,0.013154205408111137,0.020995560641619383,6.0
PLAIN-1919,27,0.0,0.23463936301137822,0.4468535299918563,0.5079937796926364,0.3607075692019578,0.3680980331476966,0.4255320584211694,0.0,0.037037037037037035,0.1111111111111111,0.2222222222222222,0.25925925925925924,0.37037037037037035,0.48148148148148145,0.0,0.3333333333333333,0.6,0.6,0.35,0.2,0.13,0.0,0.3333333333333333,0.3333333333333333,0.3333333333333333,0.3333333333333333,0.3333333333333333,0.3333333333333333,0.0,0.012345679012345678,0.053086419753086415,0.1289241622574956,0.14256938642903552,0.1760725888796064,0.19560892973173674,3.0
PLAIN-1929,10,0.0,0.0,0.0,0.0,0.0,0.08964440017058757,0.08964440017058757,0.0,0.0,0.0,0.0,0.0,0.2,0.2,0.0,0.0,0.0,0.0,0.0,0.04,0.02,0.0,0.0,0.0,0.0,0.0,0.043478260869565216,0.043478260869565216,0.0,0.0,0.0,0.0,0.0,0.009610983981693364,0.009610983981693364,23.0
PLAIN-1940,12,0.0,0.0,0.0,0.07839826897867534,0.06994410797740246,0.06994410797740246,0.10208901255929469,0.0,0.0,0.0,0.08333333333333333,0.08333333333333333,0.08333333333333333,0.16666666666666666,0.0,0.0,0.0,0.1,0.05,0.02,0.02,0.0,0.0,0.0,0.16666666666666666,0.16666666666666666,0.16666666666666666,0.16666666666666666,0.0,0.0,0.0,0.013888888888888888,0.013888888888888888,0.013888888888888888,0.016339869281045753,6.0
PLAIN-1950,13,0.0,0.0,0.0,0.0,0.0,0.11668712476950607,0.14817187182493374,0.0,0.0,0.0,0.0,0.0,0.23076923076923078,0.3076923076923077,0.0,0.0,0.0,0.0,0.0,0.06,0.04,0.0,0.0,0.0,0.0,0.0,0.04,0.04,0.0,0.0,0.0,0.0,0.0,0.01668639053254438,0.021814595660749506,25.0
PLAIN-1962,13,0.0,0.0,0.0,0.0,0.0,0.0,0.0,0.0,0.0,0.0,0.0,0.0,0.0,0.0,0.0,0.0,0.0,0.0,0.0,0.0,0.0,0.0,0.0,0.0,0.0,0.0,0.0,0.0,0.0,0.0,0.0,0.0,0.0,0.0,0.0,
PLAIN-1972,11,0.0,0.0,0.0,0.0,0.0,0.0,0.0,0.0,0.0,0.0,0.0,0.0,0.0,0.0,0.0,0.0,0.0,0.0,0.0,0.0,0.0,0.0,0.0,0.0,0.0,0.0,0.0,0.0,0.0,0.0,0.0,0.0,0.0,0.0,0.0,
PLAIN-1983,32,1.0,0.7039180890341347,0.5087403079104241,0.3301376494471203,0.21306005945048592,0.18036361155193745,0.19655767881261307,0.03125,0.0625,0.0625,0.0625,0.0625,0.09375,0.125,1.0,0.6666666666666666,0.4,0.2,0.1,0.06,0.04,1.0,1.0,1.0,1.0,1.0,1.0,1.0,0.03125,0.05208333333333333,0.05208333333333333,0.05208333333333333,0.05208333333333333,0.05654761904761904,0.05798440065681444,1.0
PLAIN-1995,11,0.0,0.2960819109658652,0.21398626473452756,0.13886244387355456,0.18055817683602968,0.22066731359465114,0.22066731359465114,0.0,0.09090909090909091,0.09090909090909091,0.09090909090909091,0.18181818181818182,0.2727272727272727,0.2727272727272727,0.0,0.3333333333333333,0.2,0.1,0.1,0.06,0.03,0.0,0.5,0.5,0.5,0.5,0.5,0.5,0.0,0.045454545454545456,0.045454545454545456,0.045454545454545456,0.05614973262032086,0.06394194041252865,0.06394194041252865,2.0
PLAIN-2009,8,0.0,0.0,0.0,0.0901000086523677,0.0901000086523677,0.0901000086523677,0.0901000086523677,0.0,0.0,0.0,0.125,0.125,0.125,0.125,0.0,0.0,0.0,0.1,0.05,0.02,0.01,0.0,0.0,0.0,0.16666666666666666,0.16666666666666666,0.16666666666666666,0.16666666666666666,0.0,0.0,0.0,0.020833333333333332,0.020833333333333332,0.020833333333333332,0.020833333333333332,6.0
PLAIN-2019,3,0.0,0.0,0.0,0.0,0.0,0.0,0.0,0.0,0.0,0.0,0.0,0.0,0.0,0.0,0.0,0.0,0.0,0.0,0.0,0.0,0.0,0.0,0.0,0.0,0.0,0.0,0.0,0.0,0.0,0.0,0.0,0.0,0.0,0.0,0.0,
PLAIN-2030,6,0.0,0.0,0.0,0.0,0.0,0.0,0.0,0.0,0.0,0.0,0.0,0.0,0.0,0.0,0.0,0.0,0.0,0.0,0.0,0.0,0.0,0.0,0.0,0.0,0.0,0.0,0.0,0.0,0.0,0.0,0.0,0.0,0.0,0.0,0.0,
PLAIN-2040,132,1.0,0.46927872602275644,0.3391602052736161,0.2200917662980802,0.24463851338926,0.17937695826632677,0.1183933129947202,0.007575757575757576,0.007575757575757576,0.007575757575757576,0.007575757575757576,0.030303030303030304,0.05303030303030303,0.06060606060606061,1.0,0.3333333333333333,0.2,0.1,0.2,0.14,0.08,1.0,1.0,1.0,1.0,1.0,1.0,1.0,0.007575757575757576,0.007575757575757576,0.007575757575757576,0.007575757575757576,0.011521464646464646,0.01564361858145887,0.016576019513859803,1.0
PLAIN-2051,355,1.0,0.7653606369886217,0.5531464700081437,0.428385432108412,0.3422417529717058,0.30661334934966994,0.2188594879170917,0.0028169014084507044,0.005633802816901409,0.005633802816901409,0.008450704225352112,0.014084507042253521,0.036619718309859155,0.04788732394366197,1.0,0.6666666666666666,0.4,0.3,0.25,0.26,0.17,1.0,1.0,1.0,1.0,1.0,1.0,1.0,0.0028169014084507044,0.005633802816901409,0.005633802816901409,0.006690140845070422,0.008020344287949921,0.013877379388843751,0.016011227544967196,1.0
PLAIN-2061,410,1.0,0.7039180890341347,0.7860137352654724,0.7877736340270853,0.6857427812882373,0.6235307060482956,0.5141267611606407,0.0024390243902439024,0.004878048780487805,0.00975609756097561,0.01951219512195122,0.03170731707317073,0.07073170731707316,0.11219512195121951,1.0,0.6666666666666666,0.8,0.8,0.65,0.58,0.46,1.0,1.0,1.0,1.0,1.0,1.0,1.0,0.0024390243902439024,0.004065040650406504,0.007845528455284552,0.015555555555555555,0.02433023615950445,0.05072987392210595,0.0715083738386356,1.0
PLAIN-2071,45,0.0,0.0,0.0,0.0,0.07017172093402163,0.0885819238577072,0.1013795408041969,0.0,0.0,0.0,0.0,0.044444444444444446,0.1111111111111111,0.13333333333333333,0.0,0.0,0.0,0.0,0.1,0.1,0.06,0.0,0.0,0.0,0.0,0.07692307692307693,0.07692307692307693,0.07692307692307693,0.0,0.0,0.0,0.0,0.004048582995951417,0.010900461276401126,0.012381942757882607,13.0
PLAIN-2081,1,0.0,0.0,0.0,0.0,0.0,0.0,0.0,0.0,0.0,0.0,0.0,0.0,0.0,0.0,0.0,0.0,0.0,0.0,0.0,0.0,0.0,0.0,0.0,0.0,0.0,0.0,0.0,0.0,0.0,0.0,0.0,0.0,0.0,0.0,0.0,
PLAIN-2092,10,1.0,0.46927872602275644,0.3391602052736161,0.349966777951421,0.4622842631733926,0.4622842631733926,0.49586253501903976,0.1,0.1,0.1,0.3,0.5,0.5,0.6,1.0,0.3333333333333333,0.2,0.3,0.25,0.1,0.06,1.0,1.0,1.0,1.0,1.0,1.0,1.0,0.1,0.1,0.1,0.15222222222222223,0.2149016480595428,0.2149016480595428,0.22135326096276858,1.0
PLAIN-2102,421,1.0,1.0,1.0,0.9305687780632229,0.7801068450193329,0.5817680758214534,0.46618618714981147,0.0023752969121140144,0.007125890736342043,0.011876484560570071,0.021377672209026127,0.0332541567695962,0.057007125890736345,0.09026128266033254,1.0,1.0,1.0,0.9,0.7,0.48,0.38,1.0,1.0,1.0,1.0,1.0,1.0,1.0,0.0023752969121140144,0.007125890736342043,0.011876484560570071,0.020876220638690948,0.03056532680676876,0.04547363949634509,0.05972667753416377,1.0
PLAIN-2113,1,0.0,0.0,0.0,0.0,0.0,0.0,0.0,0.0,0.0,0.0,0.0,0.0,0.0,0.0,0.0,0.0,0.0,0.0,0.0,0.0,0.0,0.0,0.0,0.0,0.0,0.0,0.0,0.0,0.0,0.0,0.0,0.0,0.0,0.0,0.0,
PLAIN-2124,17,1.0,0.7039180890341347,0.6548086577531307,0.49118023727106014,0.35168184986616347,0.35168184986616347,0.3757236737465272,0.058823529411764705,0.11764705882352941,0.17647058823529413,0.23529411764705882,0.23529411764705882,0.23529411764705882,0.29411764705882354,1.0,0.6666666666666666,0.6,0.4,0.2,0.08,0.05,1.0,1.0,1.0,1.0,1.0,1.0,1.0,0.058823529411764705,0.0980392156862745,0.14215686274509803,0.16830065359477123,0.16830065359477123,0.16830065359477123,0.17146320893948974,1.0
PLAIN-2134,12,0.0,0.0,0.0,0.0,0.0,0.0,0.0,0.0,0.0,0.0,0.0,0.0,0.0,0.0,0.0,0.0,0.0,0.0,0.0,0.0,0.0,0.0,0.0,0.0,0.0,0.0,0.0,0.0,0.0,0.0,0.0,0.0,0.0,0.0,0.0,
PLAIN-2145,9,0.0,0.0,0.0,0.0,0.0,0.0,0.04047377034279944,0.0,0.0,0.0,0.0,0.0,0.0,0.1111111111111111,0.0,0.0,0.0,0.0,0.0,0.0,0.01,0.0,0.0,0.0,0.0,0.0,0.0,0.01818181818181818,0.0,0.0,0.0,0.0,0.0,0.0,0.00202020202020202,55.0
PLAIN-2156,6,1.0,1.0,0.7227265726449519,0.644824486427155,0.644824486427155,0.644824486427155,0.6902724891351959,0.16666666666666666,0.5,0.5,0.5,0.5,0.5,0.6666666666666666,1.0,1.0,0.6,0.3,0.15,0.06,0.04,1.0,1.0,1.0,1.0,1.0,1.0,1.0,0.16666666666666666,0.5,0.5,0.5,0.5,0.5,0.5066666666666667,1.0
PLAIN-2167,1,0.0,0.0,0.0,0.0,0.0,0.0,0.0,0.0,0.0,0.0,0.0,0.0,0.0,0.0,0.0,0.0,0.0,0.0,0.0,0.0,0.0,0.0,0.0,0.0,0.0,0.0,0.0,0.0,0.0,0.0,0.0,0.0,0.0,0.0,0.0,
PLAIN-2177,24,0.0,0.0,0.0,0.1396181455537491,0.12561500230133166,0.13823343230045695,0.178233842698274,0.0,0.0,0.0,0.08333333333333333,0.125,0.16666666666666666,0.25,0.0,0.0,0.0,0.2,0.15,0.08,0.06,0.0,0.0,0.0,0.14285714285714285,0.14285714285714285,0.14285714285714285,0.14285714285714285,0.0,0.0,0.0,0.01521164021164021,0.023544973544973546,0.029955229955229954,0.03575572521793452,7.0
PLAIN-2187,9,0.0,0.0,0.0,0.0,0.0,0.0,0.0,0.0,0.0,0.0,0.0,0.0,0.0,0.0,0.0,0.0,0.0,0.0,0.0,0.0,0.0,0.0,0.0,0.0,0.0,0.0,0.0,0.0,0.0,0.0,0.0,0.0,0.0,0.0,0.0,
PLAIN-2197,58,1.0,0.7653606369886217,0.830419897363192,0.5388856921828066,0.38740029734283404,0.25838251529357886,0.27943420756940096,0.017241379310344827,0.034482758620689655,0.06896551724137931,0.06896551724137931,0.08620689655172414,0.13793103448275862,0.20689655172413793,1.0,0.6666666666666666,0.8,0.4,0.25,0.16,0.12,1.0,1.0,1.0,1.0,1.0,1.0,1.0,0.017241379310344827,0.034482758620689655,0.061206896551724135,0.061206896551724135,0.06904388714733542,0.08093267248439663,0.09165593626582666,1.0
PLAIN-2209,2,0.0,0.0,0.0,0.0,0.0,0.0,0.0,0.0,0.0,0.0,0.0,0.0,0.0,0.0,0.0,0.0,0.0,0.0,0.0,0.0,0.0,0.0,0.0,0.0,0.0,0.0,0.0,0.0,0.0,0.0,0.0,0.0,0.0,0.0,0.0,
PLAIN-2220,9,0.0,0.2960819109658652,0.21398626473452756,0.14829723057014912,0.20268164980482664,0.20268164980482664,0.24115993553120582,0.0,0.1111111111111111,0.1111111111111111,0.1111111111111111,0.2222222222222222,0.2222222222222222,0.3333333333333333,0.0,0.3333333333333333,0.2,0.1,0.1,0.04,0.03,0.0,0.5,0.5,0.5,0.5,0.5,0.5,0.0,0.05555555555555555,0.05555555555555555,0.05555555555555555,0.06725146198830409,0.06725146198830409,0.07215342277261781,2.0
PLAIN-2230,7,0.0,0.0,0.0,0.0,0.0,0.0,0.0,0.0,0.0,0.0,0.0,0.0,0.0,0.0,0.0,0.0,0.0,0.0,0.0,0.0,0.0,0.0,0.0,0.0,0.0,0.0,0.0,0.0,0.0,0.0,0.0,0.0,0.0,0.0,0.0,
PLAIN-2240,11,0.0,0.0,0.14606834984270645,0.17318663334822615,0.16316918041379302,0.20010096044727094,0.2330918847659061,0.0,0.0,0.09090909090909091,0.18181818181818182,0.18181818181818182,0.2727272727272727,0.36363636363636365,0.0,0.0,0.2,0.2,0.1,0.06,0.04,0.0,0.0,0.25,0.25,0.25,0.25,0.25,0.0,0.0,0.022727272727272728,0.053030303030303025,0.053030303030303025,0.05871212121212121,0.06343467138921684,4.0
PLAIN-2250,2,0.0,0.0,0.0,0.0,0.0,0.0,0.0,0.0,0.0,0.0,0.0,0.0,0.0,0.0,0.0,0.0,0.0,0.0,0.0,0.0,0.0,0.0,0.0,0.0,0.0,0.0,0.0,0.0,0.0,0.0,0.0,0.0,0.0,0.0,0.0,
PLAIN-2261,60,1.0,0.46927872602275644,0.3391602052736161,0.2200917662980802,0.1420400396336573,0.12479450958426974,0.15426578741495048,0.016666666666666666,0.016666666666666666,0.016666666666666666,0.016666666666666666,0.016666666666666666,0.06666666666666667,0.13333333333333333,1.0,0.3333333333333333,0.2,0.1,0.05,0.08,0.08,1.0,1.0,1.0,1.0,1.0,1.0,1.0,0.016666666666666666,0.016666666666666666,0.016666666666666666,0.016666666666666666,0.016666666666666666,0.02151515151515152,0.02738306830642285,1.0
PLAIN-2271,10,0.0,0.0,0.0,0.0,0.0,0.0,0.0,0.0,0.0,0.0,0.0,0.0,0.0,0.0,0.0,0.0,0.0,0.0,0.0,0.0,0.0,0.0,0.0,0.0,0.0,0.0,0.0,0.0,0.0,0.0,0.0,0.0,0.0,0.0,0.0,
PLAIN-2281,1,0.0,0.0,0.0,0.0,0.0,0.0,0.0,0.0,0.0,0.0,0.0,0.0,0.0,0.0,0.0,0.0,0.0,0.0,0.0,0.0,0.0,0.0,0.0,0.0,0.0,0.0,0.0,0.0,0.0,0.0,0.0,0.0,0.0,0.0,0.0,
PLAIN-2291,5,0.0,0.0,0.0,0.0,0.0,0.0,0.0,0.0,0.0,0.0,0.0,0.0,0.0,0.0,0.0,0.0,0.0,0.0,0.0,0.0,0.0,0.0,0.0,0.0,0.0,0.0,0.0,0.0,0.0,0.0,0.0,0.0,0.0,0.0,0.0,
PLAIN-2301,13,0.0,0.0,0.0,0.13698471029831177,0.11621901724532244,0.15323590381426802,0.15323590381426802,0.0,0.0,0.0,0.15384615384615385,0.15384615384615385,0.23076923076923078,0.23076923076923078,0.0,0.0,0.0,0.2,0.1,0.06,0.03,0.0,0.0,0.0,0.14285714285714285,0.14285714285714285,0.14285714285714285,0.14285714285714285,0.0,0.0,0.0,0.026373626373626374,0.026373626373626374,0.033585164835164834,0.033585164835164834,7.0
PLAIN-2311,2,0.0,0.0,0.0,0.0,0.0,0.0,0.0,0.0,0.0,0.0,0.0,0.0,0.0,0.0,0.0,0.0,0.0,0.0,0.0,0.0,0.0,0.0,0.0,0.0,0.0,0.0,0.0,0.0,0.0,0.0,0.0,0.0,0.0,0.0,0.0,
PLAIN-2321,5,0.0,0.0,0.0,0.0,0.0,0.0,0.0,0.0,0.0,0.0,0.0,0.0,0.0,0.0,0.0,0.0,0.0,0.0,0.0,0.0,0.0,0.0,0.0,0.0,0.0,0.0,0.0,0.0,0.0,0.0,0.0,0.0,0.0,0.0,0.0,
PLAIN-2332,97,0.0,0.2960819109658652,0.21398626473452756,0.13886244387355456,0.12436745990221201,0.08235809591361956,0.09229769937031466,0.0,0.010309278350515464,0.010309278350515464,0.010309278350515464,0.020618556701030927,0.030927835051546393,0.08247422680412371,0.0,0.3333333333333333,0.2,0.1,0.1,0.06,0.08,0.0,0.5,0.5,0.5,0.5,0.5,0.5,0.0,0.005154639175257732,0.005154639175257732,0.005154639175257732,0.006443298969072165,0.007216494845360824,0.011864810229699098,2.0
PLAIN-2343,2,0.0,0.0,0.0,0.0,0.0,0.0,0.0,0.0,0.0,0.0,0.0,0.0,0.0,0.0,0.0,0.0,0.0,0.0,0.0,0.0,0.0,0.0,0.0,0.0,0.0,0.0,0.0,0.0,0.0,0.0,0.0,0.0,0.0,0.0,0.0,
PLAIN-2354,5,0.0,0.23463936301137822,0.30078518014914984,0.30078518014914984,0.30078518014914984,0.37211393506065904,0.37211393506065904,0.0,0.2,0.4,0.4,0.4,0.6,0.6,0.0,0.3333333333333333,0.4,0.2,0.1,0.06,0.03,0.0,0.3333333333333333,0.3333333333333333,0.3333333333333333,0.3333333333333333,0.3333333333333333,0.3333333333333333,0.0,0.06666666666666667,0.14666666666666667,0.14666666666666667,0.14666666666666667,0.16974358974358977,0.16974358974358977,3.0
PLAIN-2364,15,0.0,0.0,0.0,0.0,0.0,0.0,0.0,0.0,0.0,0.0,0.0,0.0,0.0,0.0,0.0,0.0,0.0,0.0,0.0,0.0,0.0,0.0,0.0,0.0,0.0,0.0,0.0,0.0,0.0,0.0,0.0,0.0,0.0,0.0,0.0,
PLAIN-2375,2,0.0,0.0,0.0,0.0,0.0,0.0,0.0,0.0,0.0,0.0,0.0,0.0,0.0,0.0,0.0,0.0,0.0,0.0,0.0,0.0,0.0,0.0,0.0,0.0,0.0,0.0,0.0,0.0,0.0,0.0,0.0,0.0,0.0,0.0,0.0,
PLAIN-2386,19,0.0,0.0,0.0,0.0,0.0,0.059723403925085766,0.0831463935906104,0.0,0.0,0.0,0.0,0.0,0.10526315789473684,0.15789473684210525,0.0,0.0,0.0,0.0,0.0,0.04,0.03,0.0,0.0,0.0,0.0,0.0,0.038461538461538464,0.038461538461538464,0.0,0.0,0.0,0.0,0.0,0.005214084161452583,0.007291646488322388,26.0
PLAIN-2396,18,0.0,0.0,0.0,0.0,0.0,0.0,0.024707928658610098,0.0,0.0,0.0,0.0,0.0,0.0,0.05555555555555555,0.0,0.0,0.0,0.0,0.0,0.0,0.01,0.0,0.0,0.0,0.0,0.0,0.0,0.014285714285714285,0.0,0.0,0.0,0.0,0.0,0.0,0.0007936507936507937,70.0
PLAIN-2408,5,0.0,0.0,0.0,0.0,0.0,0.0,0.0,0.0,0.0,0.0,0.0,0.0,0.0,0.0,0.0,0.0,0.0,0.0,0.0,0.0,0.0,0.0,0.0,0.0,0.0,0.0,0.0,0.0,0.0,0.0,0.0,0.0,0.0,0.0,0.0,
PLAIN-2430,46,1.0,1.0,0.7883291114011227,0.5115716521414854,0.42080007108586837,0.3696650084020868,0.4129326370603182,0.021739130434782608,0.06521739130434782,0.08695652173913043,0.08695652173913043,0.13043478260869565,0.2391304347826087,0.30434782608695654,1.0,1.0,0.8,0.4,0.3,0.22,0.14,1.0,1.0,1.0,1.0,1.0,1.0,1.0,0.021739130434782608,0.06521739130434782,0.08260869565217391,0.08260869565217391,0.09933930093776641,0.13224431985968735,0.14207499194270226,1.0
PLAIN-2440,21,0.0,0.0,0.0,0.0,0.03635628798853883,0.03523402777043175,0.03523402777043175,0.0,0.0,0.0,0.0,0.047619047619047616,0.047619047619047616,0.047619047619047616,0.0,0.0,0.0,0.0,0.05,0.02,0.01,0.0,0.0,0.0,0.0,0.07142857142857142,0.07142857142857142,0.07142857142857142,0.0,0.0,0.0,0.0,0.003401360544217687,0.003401360544217687,0.003401360544217687,14.0
PLAIN-2450,38,0.0,0.2960819109658652,0.21398626473452756,0.20511666732794362,0.19816978978406616,0.19073580073787355,0.21128985568487152,0.0,0.02631578947368421,0.02631578947368421,0.05263157894736842,0.07894736842105263,0.13157894736842105,0.18421052631578946,0.0,0.3333333333333333,0.2,0.2,0.15,0.1,0.07,0.0,0.5,0.5,0.5,0.5,0.5,0.5,0.0,0.013157894736842105,0.013157894736842105,0.019005847953216373,0.025584795321637425,0.033353399839467945,0.0382316234085053,2.0
PLAIN-2460,31,1.0,0.46927872602275644,0.3391602052736161,0.2669507571941387,0.20022570440921905,0.22269048797460197,0.24810678009056827,0.03225806451612903,0.03225806451612903,0.03225806451612903,0.03225806451612903,0.03225806451612903,0.12903225806451613,0.16129032258064516,1.0,0.3333333333333333,0.2,0.1,0.05,0.08,0.05,1.0,1.0,1.0,1.0,1.0,1.0,1.0,0.03225806451612903,0.03225806451612903,0.03225806451612903,0.03225806451612903,0.03225806451612903,0.03921120945197936,0.041154466350541354,1.0
PLAIN-2470,73,0.0,0.2960819109658652,0.21398626473452756,0.16842717545221192,0.14949228719900967,0.10799705264501518,0.10312808937737715,0.0,0.0136986301369863,0.0136986301369863,0.0136986301369863,0.0273972602739726,0.0410958904109589,0.0684931506849315,0.0,0.3333333333333333,0.2,0.1,0.1,0.06,0.05,0.0,0.5,0.5,0.5,0.5,0.5,0.5,0.0,0.00684931506849315,0.00684931506849315,0.00684931506849315,0.00829127613554434,0.010078053979499076,0.011712889622267143,2.0
PLAIN-2480,18,0.0,0.0,0.0,0.10619812695949715,0.13049086719428385,0.20348217790365772,0.21825306119535437,0.0,0.0,0.0,0.1111111111111111,0.16666666666666666,0.3333333333333333,0.3888888888888889,0.0,0.0,0.0,0.2,0.15,0.12,0.07,0.0,0.0,0.0,0.16666666666666666,0.16666666666666666,0.16666666666666666,0.16666666666666666,0.0,0.0,0.0,0.020370370370370372,0.030174291938997826,0.05819361561049541,0.06337880079568059,6.0
PLAIN-2490,23,0.0,0.0,0.0,0.0,0.0,0.03826368043642339,0.06755752372943326,0.0,0.0,0.0,0.0,0.0,0.043478260869565216,0.08695652173913043,0.0,0.0,0.0,0.0,0.0,0.02,0.02,0.0,0.0,0.0,0.0,0.0,0.034482758620689655,0.034482758620689655,0.0,0.0,0.0,0.0,0.0,0.0014992503748125937,0.002534447062183194,29.0
PLAIN-2500,7,0.0,0.0,0.0,0.0,0.044678699563559396,0.044678699563559396,0.044678699563559396,0.0,0.0,0.0,0.0,0.14285714285714285,0.14285714285714285,0.14285714285714285,0.0,0.0,0.0,0.0,0.05,0.02,0.01,0.0,0.0,0.0,0.0,0.05555555555555555,0.05555555555555555,0.05555555555555555,0.0,0.0,0.0,0.0,0.007936507936507936,0.007936507936507936,0.007936507936507936,18.0
PLAIN-2510,46,1.0,1.0,0.8539316501572937,0.6961622681399229,0.6325194856768591,0.5540289011439846,0.5799154552794995,0.021739130434782608,0.06521739130434782,0.08695652173913043,0.13043478260869565,0.2391304347826087,0.3695652173913043,0.43478260869565216,1.0,1.0,0.8,0.6,0.55,0.34,0.2,1.0,1.0,1.0,1.0,1.0,1.0,1.0,0.021739130434782608,0.06521739130434782,0.08260869565217391,0.11376811594202897,0.17486866820306715,0.2408062338405383,0.2563368501536869,1.0
PLAIN-2520,73,0.0,0.0,0.0,0.0,0.036576861993171735,0.07993075995418007,0.08076876590510891,0.0,0.0,0.0,0.0,0.0136986301369863,0.0684931506849315,0.0958904109589041,0.0,0.0,0.0,0.0,0.05,0.1,0.07,0.0,0.0,0.0,0.0,0.05263157894736842,0.05263157894736842,0.05263157894736842,0.0,0.0,0.0,0.0,0.0007209805335255948,0.006376050083553607,0.008971949264442176,19.0
PLAIN-2530,72,1.0,1.0,1.0,0.7570111083995953,0.5331928634855752,0.4423839675207353,0.4207249357501399,0.013888888888888888,0.041666666666666664,0.06944444444444445,0.09722222222222222,0.09722222222222222,0.16666666666666666,0.25,1.0,1.0,1.0,0.7,0.35,0.24,0.18,1.0,1.0,1.0,1.0,1.0,1.0,1.0,0.013888888888888888,0.041666666666666664,0.06944444444444445,0.09350198412698413,0.09350198412698413,0.11611419423919424,0.13440170286051256,1.0
PLAIN-2540,21,0.0,0.0,0.0,0.07171242235367577,0.14693831886755152,0.14407782825808554,0.15717307199887945,0.0,0.0,0.0,0.047619047619047616,0.14285714285714285,0.14285714285714285,0.19047619047619047,0.0,0.0,0.0,0.1,0.15,0.06,0.04,0.0,0.0,0.0,0.125,0.125,0.125,0.125,0.0,0.0,0.0,0.005952380952380952,0.022546897546897548,0.022546897546897548,0.024490532143593372,8.0
PLAIN-2550,25,0.0,0.0,0.0,0.0,0.0,0.0,0.044447932800695665,0.0,0.0,0.0,0.0,0.0,0.0,0.08,0.0,0.0,0.0,0.0,0.0,0.0,0.02,0.0,0.0,0.0,0.0,0.0,0.0,0.017857142857142856,0.0,0.0,0.0,0.0,0.0,0.0,0.001945054945054945,56.0
PLAIN-2560,21,1.0,1.0,1.0,0.9305687780632229,0.8000926630952151,0.8372194048437611,0.8372194048437611,0.047619047619047616,0.14285714285714285,0.23809523809523808,0.42857142857142855,0.5714285714285714,0.6666666666666666,0.6666666666666666,1.0,1.0,1.0,0.9,0.6,0.28,0.14,1.0,1.0,1.0,1.0,1.0,1.0,1.0,0.047619047619047616,0.14285714285714285,0.23809523809523808,0.41851851851851857,0.5288359788359789,0.574269611226133,0.574269611226133,1.0
PLAIN-2570,40,0.0,0.0,0.0,0.073889304565651,0.07828122637494665,0.09690501037343312,0.14175477299719466,0.0,0.0,0.0,0.05,0.075,0.125,0.2,0.0,0.0,0.0,0.2,0.15,0.1,0.08,0.0,0.0,0.0,0.125,0.125,0.125,0.125,0.0,0.0,0.0,0.008125,0.012072368421052632,0.019545194508009154,0.027105740884345003,8.0
PLAIN-2580,23,0.0,0.0,0.0,0.0,0.0,0.0,0.03172897541573978,0.0,0.0,0.0,0.0,0.0,0.0,0.043478260869565216,0.0,0.0,0.0,0.0,0.0,0.0,0.01,0.0,0.0,0.0,0.0,0.0,0.0,0.011904761904761904,0.0,0.0,0.0,0.0,0.0,0.0,0.0005175983436853001,84.0
PLAIN-2590,63,0.0,0.1480409554829326,0.10699313236726378,0.07171242235367577,0.1188101877390184,0.07823665598369027,0.08674491857123741,0.0,0.015873015873015872,0.015873015873015872,0.015873015873015872,0.047619047619047616,0.047619047619047616,0.06349206349206349,0.0,0.3333333333333333,0.2,0.1,0.15,0.06,0.04,0.0,0.5,0.5,0.5,0.5,0.5,0.5,0.0,0.007936507936507936,0.007936507936507936,0.007936507936507936,0.012310187232787853,0.012310187232787853,0.013386323902144863,2.0
PLAIN-2600,10,1.0,0.5865984075284455,0.4537151203596766,0.35185668051157637,0.35185668051157637,0.45992931554337335,0.45992931554337335,0.1,0.2,0.2,0.2,0.2,0.4,0.4,1.0,0.6666666666666666,0.4,0.2,0.1,0.08,0.04,1.0,1.0,1.0,1.0,1.0,1.0,1.0,0.1,0.16666666666666666,0.16666666666666666,0.16666666666666666,0.16666666666666666,0.18575757575757573,0.18575757575757573,1.0
PLAIN-2610,61,1.0,0.7653606369886217,0.5531464700081437,0.35895421017163476,0.32693498805016974,0.22757754807351416,0.2213550595187968,0.01639344262295082,0.03278688524590164,0.03278688524590164,0.03278688524590164,0.04918032786885246,0.06557377049180328,0.09836065573770492,1.0,0.6666666666666666,0.4,0.2,0.15,0.08,0.06,1.0,1.0,1.0,1.0,1.0,1.0,1.0,0.01639344262295082,0.03278688524590164,0.03278688524590164,0.03278688524590164,0.036569987389659525,0.03806030035538232,0.040107616581588394,1.0
PLAIN-2620,55,0.5,0.23463936301137822,0.16958010263680806,0.1100458831490401,0.0721872255757578,0.05073481558308051,0.07244620218106324,0.01818181818181818,0.01818181818181818,0.01818181818181818,0.01818181818181818,0.01818181818181818,0.01818181818181818,0.05454545454545454,1.0,0.3333333333333333,0.2,0.1,0.05,0.02,0.03,1.0,1.0,1.0,1.0,1.0,1.0,1.0,0.01818181818181818,0.01818181818181818,0.01818181818181818,0.01818181818181818,0.01818181818181818,0.01818181818181818,0.019576648841354728,1.0
PLAIN-2630,48,1.0,1.0,0.7227265726449519,0.46900009332067494,0.35473463630409785,0.2841565053360214,0.2841565053360214,0.020833333333333332,0.0625,0.0625,0.0625,0.10416666666666667,0.14583333333333334,0.14583333333333334,1.0,1.0,0.6,0.3,0.25,0.14,0.07,1.0,1.0,1.0,1.0,1.0,1.0,1.0,0.020833333333333332,0.0625,0.0625,0.0625,0.07492690058479533,0.08443619210628196,0.08443619210628196,1.0
PLAIN-2640,48,0.5,0.5,0.565602538756171,0.4877264327232271,0.4205570250268152,0.38739687873977646,0.44582790429534536,0.020833333333333332,0.0625,0.10416666666666667,0.14583333333333334,0.1875,0.3333333333333333,0.4375,1.0,1.0,1.0,0.7,0.45,0.32,0.21,1.0,1.0,1.0,1.0,1.0,1.0,1.0,0.020833333333333332,0.0625,0.10416666666666667,0.13660714285714284,0.15475407268170424,0.20880535837250025,0.23661764905117025,1.0
PLAIN-2650,29,1.0,0.7653606369886217,0.5531464700081437,0.5067837010870874,0.4352347079571668,0.3746191971997675,0.423279059526822,0.034482758620689655,0.06896551724137931,0.06896551724137931,0.13793103448275862,0.1724137931034483,0.1724137931034483,0.2413793103448276,1.0,0.6666666666666666,0.4,0.4,0.25,0.1,0.07,1.0,1.0,1.0,1.0,1.0,1.0,1.0,0.034482758620689655,0.06896551724137931,0.06896551724137931,0.10344827586206896,0.11912225705329153,0.11912225705329153,0.12637845599784442,1.0
PLAIN-2660,27,0.0,0.0,0.0,0.0,0.0,0.024104875486955998,0.08926311927843218,0.0,0.0,0.0,0.0,0.0,0.037037037037037035,0.14814814814814814,0.0,0.0,0.0,0.0,0.0,0.02,0.04,0.0,0.0,0.0,0.0,0.0,0.02564102564102564,0.02564102564102564,0.0,0.0,0.0,0.0,0.0,0.0009496676163342829,0.00641992283832734,39.0
PLAIN-2670,35,0.0,0.23463936301137822,0.1968740777898919,0.14982420171299152,0.1090370075126536,0.09806326898139958,0.12611795683267776,0.0,0.02857142857142857,0.02857142857142857,0.02857142857142857,0.02857142857142857,0.05714285714285714,0.08571428571428572,0.0,0.3333333333333333,0.2,0.1,0.05,0.04,0.03,0.0,0.3333333333333333,0.3333333333333333,0.3333333333333333,0.3333333333333333,0.3333333333333333,0.3333333333333333,0.0,0.009523809523809523,0.009523809523809523,0.009523809523809523,0.009523809523809523,0.011494252873563216,0.013052694432004776,3.0
PLAIN-2680,14,0.0,0.0,0.0,0.0,0.0,0.04038381288282599,0.04038381288282599,0.0,0.0,0.0,0.0,0.0,0.07142857142857142,0.07142857142857142,0.0,0.0,0.0,0.0,0.0,0.02,0.01,0.0,0.0,0.0,0.0,0.0,0.021739130434782608,0.021739130434782608,0.0,0.0,0.0,0.0,0.0,0.0015527950310559005,0.0015527950310559005,46.0
PLAIN-2690,43,0.0,0.2960819109658652,0.2795888034906985,0.2181159637440451,0.21776002834924102,0.18295061000641386,0.21898020430633144,0.0,0.023255813953488372,0.046511627906976744,0.06976744186046512,0.13953488372093023,0.18604651162790697,0.2558139534883721,0.0,0.3333333333333333,0.4,0.3,0.3,0.16,0.11,0.0,0.5,0.5,0.5,0.5,0.5,0.5,0.0,0.011627906976744186,0.020930232558139535,0.030897009966777408,0.0556421546629625,0.06707001162720355,0.07511341960616771,2.0
PLAIN-2700,10,1.0,0.46927872602275644,0.3937481555797838,0.29964840342598303,0.40888725913340446,0.40888725913340446,0.40888725913340446,0.1,0.1,0.1,0.1,0.3,0.3,0.3,1.0,0.3333333333333333,0.2,0.1,0.15,0.06,0.03,1.0,1.0,1.0,1.0,1.0,1.0,1.0,0.1,0.1,0.1,0.1,0.13014705882352942,0.13014705882352942,0.13014705882352942,1.0
PLAIN-2710,21,1.0,1.0,0.7883291114011227,0.6204886361503895,0.46539584887101865,0.4739728410403923,0.4739728410403923,0.047619047619047616,0.14285714285714285,0.19047619047619047,0.19047619047619047,0.19047619047619047,0.23809523809523808,0.23809523809523808,1.0,1.0,0.8,0.4,0.2,0.1,0.05,1.0,1.0,1.0,1.0,1.0,1.0,1.0,0.047619047619047616,0.14285714285714285,0.18095238095238095,0.18095238095238095,0.18095238095238095,0.18756613756613755,0.18756613756613755,1.0
PLAIN-2720,36,0.0,0.0,0.0,0.0,0.0,0.012745253198456397,0.012745253198456397,0.0,0.0,0.0,0.0,0.0,0.027777777777777776,0.027777777777777776,0.0,0.0,0.0,0.0,0.0,0.02,0.01,0.0,0.0,0.0,0.0,0.0,0.03225806451612903,0.03225806451612903,0.0,0.0,0.0,0.0,0.0,0.0008960573476702509,0.0008960573476702509,31.0
PLAIN-2730,29,1.0,0.7653606369886217,0.6992148198508501,0.4852537422563723,0.42421341098618515,0.3900656019438451,0.40182575394552894,0.034482758620689655,0.06896551724137931,0.10344827586206896,0.10344827586206896,0.13793103448275862,0.1724137931034483,0.20689655172413793,1.0,0.6666666666666666,0.6,0.3,0.2,0.1,0.06,1.0,1.0,1.0,1.0,1.0,1.0,1.0,0.034482758620689655,0.06896551724137931,0.09482758620689655,0.09482758620689655,0.10632183908045978,0.11063218390804598,0.11281004234724744,1.0
PLAIN-2740,50,0.0,0.5307212739772434,0.38356636737133565,0.396992332365762,0.32568881539200983,0.20529959903367892,0.2371233425044681,0.0,0.04,0.04,0.06,0.08,0.08,0.12,0.0,0.6666666666666666,0.4,0.3,0.2,0.08,0.06,0.0,0.5,0.5,0.5,0.5,0.5,0.5,0.0,0.02333333333333333,0.02333333333333333,0.03333333333333333,0.040606060606060604,0.040606060606060604,0.04434731934731935,2.0
PLAIN-2750,59,1.0,0.7346393630113782,0.735182641392979,0.5886741850573031,0.4549845479397561,0.35466122126646027,0.3763687508300696,0.01694915254237288,0.05084745762711865,0.0847457627118644,0.1016949152542373,0.1016949152542373,0.1694915254237288,0.2542372881355932,1.0,1.0,1.0,0.6,0.3,0.2,0.15,1.0,1.0,1.0,1.0,1.0,1.0,1.0,0.01694915254237288,0.05084745762711865,0.0847457627118644,0.09927360774818401,0.09927360774818401,0.11579046498684635,0.129485125095355,1.0
PLAIN-2760,8,0.0,0.26582598262939583,0.4064632133218697,0.33331334183432126,0.377123024729855,0.377123024729855,0.377123024729855,0.0,0.125,0.25,0.25,0.375,0.375,0.375,0.0,0.3333333333333333,0.4,0.2,0.15,0.06,0.03,0.0,0.3333333333333333,0.3333333333333333,0.3333333333333333,0.3333333333333333,0.3333333333333333,0.3333333333333333,0.0,0.041666666666666664,0.10416666666666666,0.10416666666666666,0.12760416666666666,0.12760416666666666,0.12760416666666666,3.0
PLAIN-2770,41,0.0,0.23463936301137822,0.16958010263680806,0.19203571031432937,0.2609814395848936,0.21485884092207555,0.29616180313207907,0.0,0.024390243902439025,0.024390243902439025,0.07317073170731707,0.17073170731707318,0.21951219512195122,0.36585365853658536,0.0,0.3333333333333333,0.2,0.3,0.35,0.18,0.15,0.0,0.3333333333333333,0.3333333333333333,0.3333333333333333,0.3333333333333333,0.3333333333333333,0.3333333333333333,0.0,0.008130081300813007,0.008130081300813007,0.02671312427409988,0.06168622776453328,0.07376852688861787,0.09777745846116519,3.0
PLAIN-2780,22,1.0,0.7039180890341347,0.5817744828317774,0.4849012017873381,0.37477871408473695,0.41077117893501874,0.424304863849911,0.045454545454545456,0.09090909090909091,0.13636363636363635,0.22727272727272727,0.22727272727272727,0.3181818181818182,0.36363636363636365,1.0,0.6666666666666666,0.6,0.5,0.25,0.14,0.08,1.0,1.0,1.0,1.0,1.0,1.0,1.0,0.045454545454545456,0.07575757575757575,0.10984848484848485,0.17261904761904762,0.17261904761904762,0.1920995670995671,0.19627929541722644,1.0
PLAIN-2790,59,1.0,0.46927872602275644,0.4121943801949693,0.3735991314693129,0.3258730679925363,0.2831377690190924,0.286591709803,0.01694915254237288,0.01694915254237288,0.03389830508474576,0.06779661016949153,0.0847457627118644,0.15254237288135594,0.1864406779661017,1.0,0.3333333333333333,0.4,0.4,0.25,0.18,0.11,1.0,1.0,1.0,1.0,1.0,1.0,1.0,0.01694915254237288,0.01694915254237288,0.025423728813559324,0.041162227602905575,0.04587032553134248,0.059749776150086295,0.06579081608943131,1.0
PLAIN-2800,24,0.0,0.0,0.0,0.0,0.0,0.0,0.017058951854910503,0.0,0.0,0.0,0.0,0.0,0.0,0.041666666666666664,0.0,0.0,0.0,0.0,0.0,0.0,0.01,0.0,0.0,0.0,0.0,0.0,0.0,0.017857142857142856,0.0,0.0,0.0,0.0,0.0,0.0,0.000744047619047619,56.0
PLAIN-2810,8,0.0,0.0,0.0,0.0,0.0,0.02958903034175368,0.05551312917587043,0.0,0.0,0.0,0.0,0.0,0.125,0.25,0.0,0.0,0.0,0.0,0.0,0.02,0.02,0.0,0.0,0.0,0.0,0.0,0.021739130434782608,0.021739130434782608,0.0,0.0,0.0,0.0,0.0,0.002717391304347826,0.005842391304347826,46.0
PLAIN-2820,8,0.0,0.20151514190050246,0.15979138559512832,0.127371408742296,0.127371408742296,0.127371408742296,0.127371408742296,0.0,0.125,0.125,0.125,0.125,0.125,0.125,0.0,0.3333333333333333,0.2,0.1,0.05,0.02,0.01,0.0,0.5,0.5,0.5,0.5,0.5,0.5,0.0,0.0625,0.0625,0.0625,0.0625,0.0625,0.0625,2.0
PLAIN-2830,3,0.0,0.31939394323979897,0.31939394323979897,0.31939394323979897,0.31939394323979897,0.31939394323979897,0.3689666181275407,0.0,0.3333333333333333,0.3333333333333333,0.3333333333333333,0.3333333333333333,0.3333333333333333,0.6666666666666666,0.0,0.3333333333333333,0.2,0.1,0.05,0.02,0.02,0.0,0.3333333333333333,0.3333333333333333,0.3333333333333333,0.3333333333333333,0.3333333333333333,0.3333333333333333,0.0,0.1111111111111111,0.1111111111111111,0.1111111111111111,0.1111111111111111,0.1111111111111111,0.11886304909560723,3.0
PLAIN-2840,17,0.0,0.0,0.0,0.0,0.0,0.0,0.0,0.0,0.0,0.0,0.0,0.0,0.0,0.0,0.0,0.0,0.0,0.0,0.0,0.0,0.0,0.0,0.0,0.0,0.0,0.0,0.0,0.0,0.0,0.0,0.0,0.0,0.0,0.0,0.0,
PLAIN-2850,9,0.0,0.0,0.0,0.0,0.0,0.07306458102736936,0.07306458102736936,0.0,0.0,0.0,0.0,0.0,0.1111111111111111,0.1111111111111111,0.0,0.0,0.0,0.0,0.0,0.02,0.01,0.0,0.0,0.0,0.0,0.0,0.027777777777777776,0.027777777777777776,0.0,0.0,0.0,0.0,0.0,0.0030864197530864196,0.0030864197530864196,36.0
PLAIN-2860,2,1.0,0.6131471927654584,0.6131471927654584,0.8315546295836225,0.8315546295836225,0.8315546295836225,0.8315546295836225,0.5,0.5,0.5,1.0,1.0,1.0,1.0,1.0,0.3333333333333333,0.2,0.2,0.1,0.04,0.02,1.0,1.0,1.0,1.0,1.0,1.0,1.0,0.5,0.5,0.5,0.6666666666666666,0.6666666666666666,0.6666666666666666,0.6666666666666666,1.0
PLAIN-2870,5,0.0,0.0,0.0,0.0,0.0,0.0,0.0,0.0,0.0,0.0,0.0,0.0,0.0,0.0,0.0,0.0,0.0,0.0,0.0,0.0,0.0,0.0,0.0,0.0,0.0,0.0,0.0,0.0,0.0,0.0,0.0,0.0,0.0,0.0,0.0,
PLAIN-2880,17,0.0,0.0,0.0,0.0,0.0,0.0,0.03658860405155255,0.0,0.0,0.0,0.0,0.0,0.0,0.11764705882352941,0.0,0.0,0.0,0.0,0.0,0.0,0.02,0.0,0.0,0.0,0.0,0.0,0.0,0.01282051282051282,0.0,0.0,0.0,0.0,0.0,0.0,0.0019796380090497737,78.0
PLAIN-2890,29,0.0,0.0,0.0,0.0,0.0,0.03947126953131246,0.05501509977003957,0.0,0.0,0.0,0.0,0.0,0.034482758620689655,0.06896551724137931,0.0,0.0,0.0,0.0,0.0,0.02,0.02,0.0,0.0,0.0,0.0,0.0,0.030303030303030304,0.030303030303030304,0.0,0.0,0.0,0.0,0.0,0.0010449320794148381,0.0018376391741433359,33.0
PLAIN-2900,12,0.0,0.0,0.0,0.09382844813642036,0.0870964810528177,0.11256684818748974,0.17833842718371323,0.0,0.0,0.0,0.08333333333333333,0.08333333333333333,0.16666666666666666,0.3333333333333333,0.0,0.0,0.0,0.1,0.05,0.04,0.04,0.0,0.0,0.0,0.14285714285714285,0.14285714285714285,0.14285714285714285,0.14285714285714285,0.0,0.0,0.0,0.011904761904761904,0.011904761904761904,0.01680672268907563,0.026094515875173904,7.0
PLAIN-2910,15,1.0,0.5316519652587917,0.43673949858938643,0.32391343968871883,0.26694151849573755,0.26694151849573755,0.26694151849573755,0.06666666666666667,0.06666666666666667,0.06666666666666667,0.06666666666666667,0.06666666666666667,0.06666666666666667,0.06666666666666667,1.0,0.3333333333333333,0.2,0.1,0.05,0.02,0.01,1.0,1.0,1.0,1.0,1.0,1.0,1.0,0.06666666666666667,0.06666666666666667,0.06666666666666667,0.06666666666666667,0.06666666666666667,0.06666666666666667,0.06666666666666667,1.0
PLAIN-2920,7,0.0,0.0,0.0,0.0,0.0,0.0,0.044551000676675064,0.0,0.0,0.0,0.0,0.0,0.0,0.14285714285714285,0.0,0.0,0.0,0.0,0.0,0.0,0.01,0.0,0.0,0.0,0.0,0.0,0.0,0.014084507042253521,0.0,0.0,0.0,0.0,0.0,0.0,0.002012072434607646,71.0
PLAIN-2930,14,1.0,0.6387878864795979,0.5065267082131061,0.36077903708155934,0.30251016897020766,0.30251016897020766,0.3285556038566831,0.07142857142857142,0.07142857142857142,0.07142857142857142,0.07142857142857142,0.07142857142857142,0.07142857142857142,0.14285714285714285,1.0,0.3333333333333333,0.2,0.1,0.05,0.02,0.02,1.0,1.0,1.0,1.0,1.0,1.0,1.0,0.07142857142857142,0.07142857142857142,0.07142857142857142,0.07142857142857142,0.07142857142857142,0.07142857142857142,0.07402597402597402,1.0
PLAIN-2940,22,0.0,0.0,0.0,0.0,0.0,0.0,0.0,0.0,0.0,0.0,0.0,0.0,0.0,0.0,0.0,0.0,0.0,0.0,0.0,0.0,0.0,0.0,0.0,0.0,0.0,0.0,0.0,0.0,0.0,0.0,0.0,0.0,0.0,0.0,0.0,
PLAIN-2950,2,0.0,0.0,0.0,0.0,0.0,0.08086344884904767,0.08086344884904767,0.0,0.0,0.0,0.0,0.0,0.5,0.5,0.0,0.0,0.0,0.0,0.0,0.02,0.01,0.0,0.0,0.0,0.0,0.0,0.04,0.04,0.0,0.0,0.0,0.0,0.0,0.02,0.02,25.0
PLAIN-2960,2,0.0,0.0,0.2940806813328203,0.2940806813328203,0.2940806813328203,0.2940806813328203,0.2940806813328203,0.0,0.0,0.5,0.5,0.5,0.5,0.5,0.0,0.0,0.2,0.1,0.05,0.02,0.01,0.0,0.0,0.2,0.2,0.2,0.2,0.2,0.0,0.0,0.1,0.1,0.1,0.1,0.1,5.0
PLAIN-2970,9,0.0,0.0,0.0,0.0,0.0,0.0,0.0,0.0,0.0,0.0,0.0,0.0,0.0,0.0,0.0,0.0,0.0,0.0,0.0,0.0,0.0,0.0,0.0,0.0,0.0,0.0,0.0,0.0,0.0,0.0,0.0,0.0,0.0,0.0,0.0,
PLAIN-2981,7,1.0,0.6387878864795979,0.5065267082131061,0.43122038713502525,0.43122038713502525,0.43122038713502525,0.43122038713502525,0.14285714285714285,0.14285714285714285,0.14285714285714285,0.14285714285714285,0.14285714285714285,0.14285714285714285,0.14285714285714285,1.0,0.3333333333333333,0.2,0.1,0.05,0.02,0.01,1.0,1.0,1.0,1.0,1.0,1.0,1.0,0.14285714285714285,0.14285714285714285,0.14285714285714285,0.14285714285714285,0.14285714285714285,0.14285714285714285,0.14285714285714285,1.0
PLAIN-2991,2,0.0,0.0,0.0,0.0,0.0,0.0,0.10558114683788161,0.0,0.0,0.0,0.0,0.0,0.0,0.5,0.0,0.0,0.0,0.0,0.0,0.0,0.01,0.0,0.0,0.0,0.0,0.0,0.0,0.01818181818181818,0.0,0.0,0.0,0.0,0.0,0.0,0.00909090909090909,55.0
PLAIN-3001,2,0.0,0.0,0.0,0.0,0.0,0.0,0.0,0.0,0.0,0.0,0.0,0.0,0.0,0.0,0.0,0.0,0.0,0.0,0.0,0.0,0.0,0.0,0.0,0.0,0.0,0.0,0.0,0.0,0.0,0.0,0.0,0.0,0.0,0.0,0.0,
PLAIN-3014,1,0.0,0.0,0.0,0.0,0.0,0.0,0.0,0.0,0.0,0.0,0.0,0.0,0.0,0.0,0.0,0.0,0.0,0.0,0.0,0.0,0.0,0.0,0.0,0.0,0.0,0.0,0.0,0.0,0.0,0.0,0.0,0.0,0.0,0.0,0.0,
PLAIN-3026,1,0.0,0.0,0.0,0.0,0.0,0.0,0.0,0.0,0.0,0.0,0.0,0.0,0.0,0.0,0.0,0.0,0.0,0.0,0.0,0.0,0.0,0.0,0.0,0.0,0.0,0.0,0.0,0.0,0.0,0.0,0.0,0.0,0.0,0.0,0.0,
PLAIN-3037,4,0.0,0.0,0.0,0.0,0.0,0.14032628029859123,0.14032628029859123,0.0,0.0,0.0,0.0,0.0,0.5,0.5,0.0,0.0,0.0,0.0,0.0,0.04,0.02,0.0,0.0,0.0,0.0,0.0,0.023255813953488372,0.023255813953488372,0.0,0.0,0.0,0.0,0.0,0.01581395348837209,0.01581395348837209,43.0
PLAIN-3053,3,0.0,0.0,0.0,0.0,0.0,0.0938557452045513,0.0938557452045513,0.0,0.0,0.0,0.0,0.0,0.3333333333333333,0.3333333333333333,0.0,0.0,0.0,0.0,0.0,0.02,0.01,0.0,0.0,0.0,0.0,0.0,0.03225806451612903,0.03225806451612903,0.0,0.0,0.0,0.0,0.0,0.01075268817204301,0.01075268817204301,31.0
PLAIN-3063,4,0.0,0.0,0.0,0.13905617951077562,0.24794994057900777,0.24794994057900777,0.24794994057900777,0.0,0.0,0.0,0.25,0.5,0.5,0.5,0.0,0.0,0.0,0.1,0.1,0.04,0.02,0.0,0.0,0.0,0.16666666666666666,0.16666666666666666,0.16666666666666666,0.16666666666666666,0.0,0.0,0.0,0.041666666666666664,0.08712121212121213,0.08712121212121213,0.08712121212121213,6.0
PLAIN-3074,1,1.0,1.0,1.0,1.0,1.0,1.0,1.0,1.0,1.0,1.0,1.0,1.0,1.0,1.0,1.0,0.3333333333333333,0.2,0.1,0.05,0.02,0.01,1.0,1.0,1.0,1.0,1.0,1.0,1.0,1.0,1.0,1.0,1.0,1.0,1.0,1.0,1.0
PLAIN-3085,2,0.0,0.0,0.2640681225725909,0.2640681225725909,0.2640681225725909,0.38783132337267734,0.38783132337267734,0.0,0.0,0.5,0.5,0.5,1.0,1.0,0.0,0.0,0.2,0.1,0.05,0.04,0.02,0.0,0.0,0.25,0.25,0.25,0.25,0.25,0.0,0.0,0.125,0.125,0.125,0.15833333333333333,0.15833333333333333,4.0
PLAIN-3097,4,0.0,0.0,0.0,0.0,0.0,0.0,0.0,0.0,0.0,0.0,0.0,0.0,0.0,0.0,0.0,0.0,0.0,0.0,0.0,0.0,0.0,0.0,0.0,0.0,0.0,0.0,0.0,0.0,0.0,0.0,0.0,0.0,0.0,0.0,0.0,
PLAIN-3116,1,0.0,0.0,0.0,0.0,0.0,0.0,0.0,0.0,0.0,0.0,0.0,0.0,0.0,0.0,0.0,0.0,0.0,0.0,0.0,0.0,0.0,0.0,0.0,0.0,0.0,0.0,0.0,0.0,0.0,0.0,0.0,0.0,0.0,0.0,0.0,
PLAIN-3131,6,0.0,0.0,0.0,0.0,0.10263564201412259,0.2167815649638985,0.2167815649638985,0.0,0.0,0.0,0.0,0.16666666666666666,0.5,0.5,0.0,0.0,0.0,0.0,0.05,0.06,0.03,0.0,0.0,0.0,0.0,0.09090909090909091,0.09090909090909091,0.09090909090909091,0.0,0.0,0.0,0.0,0.015151515151515152,0.04319073083778966,0.04319073083778966,11.0
PLAIN-3141,34,0.0,0.0,0.0,0.04994140057099717,0.03634566917088453,0.04499512029816941,0.0847576057680447,0.0,0.0,0.0,0.029411764705882353,0.029411764705882353,0.058823529411764705,0.11764705882352941,0.0,0.0,0.0,0.1,0.05,0.04,0.04,0.0,0.0,0.0,0.14285714285714285,0.14285714285714285,0.14285714285714285,0.14285714285714285,0.0,0.0,0.0,0.004201680672268907,0.004201680672268907,0.006464124111182934,0.009251192115642242,7.0
PLAIN-3151,18,0.0,0.0,0.0,0.08421358772610596,0.16723398273728304,0.16723398273728304,0.16723398273728304,0.0,0.0,0.0,0.05555555555555555,0.16666666666666666,0.16666666666666666,0.16666666666666666,0.0,0.0,0.0,0.1,0.15,0.06,0.03,0.0,0.0,0.0,0.125,0.125,0.125,0.125,0.0,0.0,0.0,0.006944444444444444,0.023123781676413255,0.023123781676413255,0.023123781676413255,8.0
PLAIN-3161,43,0.0,0.5209090851403014,0.4130547397016814,0.2942026330205877,0.23393867769392462,0.18003086028622756,0.20485667752993952,0.0,0.046511627906976744,0.046511627906976744,0.046511627906976744,0.06976744186046512,0.11627906976744186,0.16279069767441862,0.0,0.6666666666666666,0.4,0.2,0.15,0.1,0.07,0.0,0.5,0.5,0.5,0.5,0.5,0.5,0.0,0.02713178294573643,0.02713178294573643,0.02713178294573643,0.0317829457364341,0.038186720593191774,0.041866611154067285,2.0
PLAIN-3171,34,0.0,0.0,0.0,0.0,0.0,0.0,0.015335909125846005,0.0,0.0,0.0,0.0,0.0,0.0,0.029411764705882353,0.0,0.0,0.0,0.0,0.0,0.0,0.01,0.0,0.0,0.0,0.0,0.0,0.0,0.01639344262295082,0.0,0.0,0.0,0.0,0.0,0.0,0.00048216007714561236,61.0
PLAIN-3181,27,0.0,0.0,0.0,0.0,0.0,0.0,0.0,0.0,0.0,0.0,0.0,0.0,0.0,0.0,0.0,0.0,0.0,0.0,0.0,0.0,0.0,0.0,0.0,0.0,0.0,0.0,0.0,0.0,0.0,0.0,0.0,0.0,0.0,0.0,0.0,
PLAIN-3191,16,0.0,0.0,0.0,0.0,0.08591191625049342,0.08591191625049342,0.10605397775809144,0.0,0.0,0.0,0.0,0.125,0.125,0.1875,0.0,0.0,0.0,0.0,0.1,0.04,0.03,0.0,0.0,0.0,0.0,0.06666666666666667,0.06666666666666667,0.06666666666666667,0.0,0.0,0.0,0.0,0.011979166666666666,0.011979166666666666,0.015584935897435898,15.0
PLAIN-3201,32,1.0,0.6387878864795979,0.5065267082131061,0.36077903708155934,0.24874791549203612,0.18939715152279207,0.2036818824836464,0.03125,0.03125,0.03125,0.03125,0.03125,0.03125,0.0625,1.0,0.3333333333333333,0.2,0.1,0.05,0.02,0.02,1.0,1.0,1.0,1.0,1.0,1.0,1.0,0.03125,0.03125,0.03125,0.03125,0.03125,0.03125,0.03188775510204082,1.0
PLAIN-3211,18,0.0,0.0,0.0,0.0,0.0,0.030966150586932164,0.030966150586932164,0.0,0.0,0.0,0.0,0.0,0.05555555555555555,0.05555555555555555,0.0,0.0,0.0,0.0,0.0,0.02,0.01,0.0,0.0,0.0,0.0,0.0,0.034482758620689655,0.034482758620689655,0.0,0.0,0.0,0.0,0.0,0.0019157088122605363,0.0019157088122605363,29.0
PLAIN-3221,24,0.0,0.0,0.0,0.0,0.0,0.0,0.0,0.0,0.0,0.0,0.0,0.0,0.0,0.0,0.0,0.0,0.0,0.0,0.0,0.0,0.0,0.0,0.0,0.0,0.0,0.0,0.0,0.0,0.0,0.0,0.0,0.0,0.0,0.0,0.0,
PLAIN-3231,8,0.0,0.0,0.09404673201358822,0.07712144545593325,0.07712144545593325,0.07712144545593325,0.16707624524617437,0.0,0.0,0.125,0.125,0.125,0.125,0.375,0.0,0.0,0.2,0.1,0.05,0.02,0.03,0.0,0.0,0.25,0.25,0.25,0.25,0.25,0.0,0.0,0.03125,0.03125,0.03125,0.03125,0.04027732595966168,4.0
PLAIN-3241,29,0.0,0.0,0.0,0.0,0.0,0.0,0.0,0.0,0.0,0.0,0.0,0.0,0.0,0.0,0.0,0.0,0.0,0.0,0.0,0.0,0.0,0.0,0.0,0.0,0.0,0.0,0.0,0.0,0.0,0.0,0.0,0.0,0.0,0.0,0.0,
PLAIN-3251,21,0.0,0.0,0.0,0.0,0.0,0.0,0.0,0.0,0.0,0.0,0.0,0.0,0.0,0.0,0.0,0.0,0.0,0.0,0.0,0.0,0.0,0.0,0.0,0.0,0.0,0.0,0.0,0.0,0.0,0.0,0.0,0.0,0.0,0.0,0.0,
PLAIN-3261,13,0.0,0.0,0.0,0.0,0.0,0.0,0.0,0.0,0.0,0.0,0.0,0.0,0.0,0.0,0.0,0.0,0.0,0.0,0.0,0.0,0.0,0.0,0.0,0.0,0.0,0.0,0.0,0.0,0.0,0.0,0.0,0.0,0.0,0.0,0.0,
PLAIN-3271,49,0.0,0.0,0.0,0.0,0.0,0.0,0.013005016526075552,0.0,0.0,0.0,0.0,0.0,0.0,0.02040816326530612,0.0,0.0,0.0,0.0,0.0,0.0,0.01,0.0,0.0,0.0,0.0,0.0,0.0,0.015384615384615385,0.0,0.0,0.0,0.0,0.0,0.0,0.0003139717425431711,65.0
PLAIN-3281,26,0.0,0.0,0.0,0.0,0.0,0.059430394944225,0.10845845177727399,0.0,0.0,0.0,0.0,0.0,0.07692307692307693,0.15384615384615385,0.0,0.0,0.0,0.0,0.0,0.04,0.04,0.0,0.0,0.0,0.0,0.0,0.03571428571428571,0.03571428571428571,0.0,0.0,0.0,0.0,0.0,0.0035714285714285718,0.007250485794693112,28.0
PLAIN-3292,7,0.0,0.0,0.19595127901151166,0.306706324969977,0.36333624205976356,0.36333624205976356,0.3967153698680703,0.0,0.0,0.14285714285714285,0.42857142857142855,0.5714285714285714,0.5714285714285714,0.7142857142857143,0.0,0.0,0.2,0.3,0.2,0.08,0.05,0.0,0.0,0.2,0.2,0.2,0.2,0.2,0.0,0.0,0.028571428571428574,0.12295918367346939,0.16691522762951336,0.16691522762951336,0.17512540825348707,5.0
PLAIN-3302,37,0.0,0.0,0.0,0.0,0.0,0.03234528251533454,0.09130878044116165,0.0,0.0,0.0,0.0,0.0,0.05405405405405406,0.16216216216216217,0.0,0.0,0.0,0.0,0.0,0.04,0.06,0.0,0.0,0.0,0.0,0.0,0.030303030303030304,0.030303030303030304,0.0,0.0,0.0,0.0,0.0,0.0019000819000819004,0.01006939922290035,33.0
PLAIN-3312,13,0.0,0.1480409554829326,0.2530614822099702,0.182395906921741,0.2165616581761088,0.2822363044379692,0.2822363044379692,0.0,0.07692307692307693,0.15384615384615385,0.15384615384615385,0.23076923076923078,0.46153846153846156,0.46153846153846156,0.0,0.3333333333333333,0.4,0.2,0.15,0.12,0.06,0.0,0.5,0.5,0.5,0.5,0.5,0.5,0.0,0.038461538461538464,0.07692307692307693,0.07692307692307693,0.08846153846153845,0.12280459924690691,0.12280459924690691,2.0
PLAIN-3322,79,0.0,0.23463936301137822,0.16958010263680806,0.1100458831490401,0.14059300198122548,0.11982397937157767,0.1231931366925314,0.0,0.012658227848101266,0.012658227848101266,0.012658227848101266,0.0379746835443038,0.0759493670886076,0.12658227848101267,0.0,0.3333333333333333,0.2,0.1,0.15,0.12,0.1,0.0,0.3333333333333333,0.3333333333333333,0.3333333333333333,0.3333333333333333,0.3333333333333333,0.3333333333333333,0.0,0.004219409282700422,0.004219409282700422,0.004219409282700422,0.008140977910151403,0.01266714687033013,0.018172274252547957,3.0
PLAIN-3332,14,1.0,0.8403030283801005,0.6663180938082345,0.4745921515613674,0.4335482972306416,0.5279119484240749,0.5524268468142085,0.07142857142857142,0.14285714285714285,0.14285714285714285,0.14285714285714285,0.21428571428571427,0.42857142857142855,0.5,1.0,0.6666666666666666,0.4,0.2,0.15,0.12,0.07,1.0,1.0,1.0,1.0,1.0,1.0,1.0,0.07142857142857142,0.14285714285714285,0.14285714285714285,0.14285714285714285,0.15476190476190474,0.19345238095238093,0.20049463447350768,1.0
PLAIN-3342,3,0.0,0.0,0.0,0.0,0.0,0.0,0.0732173666263434,0.0,0.0,0.0,0.0,0.0,0.0,0.3333333333333333,0.0,0.0,0.0,0.0,0.0,0.0,0.01,0.0,0.0,0.0,0.0,0.0,0.0,0.011904761904761904,0.0,0.0,0.0,0.0,0.0,0.0,0.003968253968253968,84.0
PLAIN-3352,39,0.0,0.0,0.0,0.0,0.0,0.03078367799001469,0.04347573007732908,0.0,0.0,0.0,0.0,0.0,0.05128205128205128,0.07692307692307693,0.0,0.0,0.0,0.0,0.0,0.04,0.03,0.0,0.0,0.0,0.0,0.0,0.034482758620689655,0.034482758620689655,0.0,0.0,0.0,0.0,0.0,0.002049674463467567,0.003048675462468566,29.0
PLAIN-3362,11,0.0,0.0,0.0,0.0,0.0,0.0,0.07362398644245832,0.0,0.0,0.0,0.0,0.0,0.0,0.18181818181818182,0.0,0.0,0.0,0.0,0.0,0.0,0.02,0.0,0.0,0.0,0.0,0.0,0.0,0.013513513513513514,0.0,0.0,0.0,0.0,0.0,0.0,0.003271402147806642,74.0
PLAIN-3372,14,0.0,0.0,0.21814917926546643,0.15537907391531902,0.1302840383542896,0.1302840383542896,0.1302840383542896,0.0,0.0,0.07142857142857142,0.07142857142857142,0.07142857142857142,0.07142857142857142,0.07142857142857142,0.0,0.0,0.2,0.1,0.05,0.02,0.01,0.0,0.0,0.25,0.25,0.25,0.25,0.25,0.0,0.0,0.017857142857142856,0.017857142857142856,0.017857142857142856,0.017857142857142856,0.017857142857142856,4.0
PLAIN-3382,14,0.0,0.30063051302795313,0.24696084675730837,0.24085182087182422,0.23845390448738302,0.31795978221931315,0.3416321138329945,0.0,0.14285714285714285,0.14285714285714285,0.21428571428571427,0.2857142857142857,0.42857142857142855,0.5,0.0,0.6666666666666666,0.4,0.3,0.2,0.12,0.07,0.0,0.5,0.5,0.5,0.5,0.5,0.5,0.0,0.08333333333333333,0.08333333333333333,0.11904761904761904,0.13585434173669467,0.1583640900528946,0.16729266148146602,2.0
PLAIN-3392,23,0.0,0.0,0.0,0.0,0.03343749138471349,0.053927496186600796,0.053927496186600796,0.0,0.0,0.0,0.0,0.043478260869565216,0.08695652173913043,0.08695652173913043,0.0,0.0,0.0,0.0,0.05,0.04,0.02,0.0,0.0,0.0,0.0,0.05555555555555555,0.05555555555555555,0.05555555555555555,0.0,0.0,0.0,0.0,0.0024154589371980675,0.004305818105440034,0.004305818105440034,18.0
PLAIN-3402,14,0.0,0.0,0.0,0.0,0.0,0.06655401347522072,0.09636862822900034,0.0,0.0,0.0,0.0,0.0,0.14285714285714285,0.21428571428571427,0.0,0.0,0.0,0.0,0.0,0.04,0.03,0.0,0.0,0.0,0.0,0.0,0.02857142857142857,0.02857142857142857,0.0,0.0,0.0,0.0,0.0,0.0051464063886424135,0.008602627586799095,35.0
PLAIN-3412,49,0.0,0.0,0.0,0.0,0.0,0.027348937579481366,0.03919308625969556,0.0,0.0,0.0,0.0,0.0,0.04081632653061224,0.061224489795918366,0.0,0.0,0.0,0.0,0.0,0.04,0.03,0.0,0.0,0.0,0.0,0.0,0.041666666666666664,0.041666666666666664,0.0,0.0,0.0,0.0,0.0,0.001683326391781202,0.002738921043434967,24.0
PLAIN-3422,31,0.0,0.0,0.06560253875617089,0.12018515585638856,0.1385182374306926,0.12938990680288184,0.20404904474435337,0.0,0.0,0.03225806451612903,0.0967741935483871,0.16129032258064516,0.1935483870967742,0.3548387096774194,0.0,0.0,0.2,0.3,0.25,0.12,0.11,0.0,0.0,0.2,0.2,0.2,0.2,0.2,0.0,0.0,0.0064516129032258064,0.026420890937019968,0.04566254345541272,0.05190603981337318,0.07347370182841576,5.0
PLAIN-3432,42,0.0,0.2960819109658652,0.21398626473452756,0.2172607128522299,0.1402129701779605,0.14023382102570958,0.1829230800179831,0.0,0.023809523809523808,0.023809523809523808,0.047619047619047616,0.047619047619047616,0.11904761904761904,0.19047619047619047,0.0,0.3333333333333333,0.2,0.2,0.1,0.1,0.08,0.0,0.5,0.5,0.5,0.5,0.5,0.5,0.0,0.011904761904761904,0.011904761904761904,0.01984126984126984,0.01984126984126984,0.029889215793105953,0.03703605446168375,2.0
PLAIN-3442,29,0.0,0.0,0.0,0.04439936974552799,0.032854508817641306,0.04380265769579107,0.05753193004900122,0.0,0.0,0.0,0.034482758620689655,0.034482758620689655,0.06896551724137931,0.10344827586206896,0.0,0.0,0.0,0.1,0.05,0.04,0.03,0.0,0.0,0.0,0.125,0.125,0.125,0.125,0.0,0.0,0.0,0.004310344827586207,0.004310344827586207,0.006125226860254083,0.007434698706609387,8.0
PLAIN-3452,17,0.0,0.3354350434265105,0.2755519442199235,0.25835219996273967,0.1999805294439492,0.22528523629708086,0.22528523629708086,0.0,0.058823529411764705,0.058823529411764705,0.11764705882352941,0.11764705882352941,0.17647058823529413,0.17647058823529413,0.0,0.3333333333333333,0.2,0.2,0.1,0.06,0.03,0.0,0.5,0.5,0.5,0.5,0.5,0.5,0.0,0.029411764705882353,0.029411764705882353,0.046218487394957986,0.046218487394957986,0.05210084033613445,0.05210084033613445,2.0
PLAIN-3462,64,1.0,0.7039180890341347,0.5087403079104241,0.4713442942420635,0.39419076050388424,0.35589240315413695,0.3990111080195339,0.015625,0.03125,0.03125,0.078125,0.109375,0.1875,0.3125,1.0,0.6666666666666666,0.4,0.5,0.35,0.24,0.2,1.0,1.0,1.0,1.0,1.0,1.0,1.0,0.015625,0.026041666666666664,0.026041666666666664,0.049231150793650785,0.06458981556637805,0.08939535809295716,0.11698303958650359,1.0
PLAIN-3472,17,0.0,0.0,0.0,0.07716607426375235,0.06220280289085377,0.06220280289085377,0.06220280289085377,0.0,0.0,0.0,0.058823529411764705,0.058823529411764705,0.058823529411764705,0.058823529411764705,0.0,0.0,0.0,0.1,0.05,0.02,0.01,0.0,0.0,0.0,0.1,0.1,0.1,0.1,0.0,0.0,0.0,0.0058823529411764705,0.0058823529411764705,0.0058823529411764705,0.0058823529411764705,10.0
