query_id,n_relevant,ndcg@1,ndcg@3,ndcg@5,ndcg@10,ndcg@20,ndcg@50,ndcg@100,recall@1,recall@3,recall@5,recall@10,recall@20,recall@50,recall@100,precision@1,precision@3,precision@5,precision@10,precision@20,precision@50,precision@100,mrr@1,mrr@3,mrr@5,mrr@10,mrr@20,mrr@50,mrr@100,map@1,map@3,map@5,map@10,map@20,map@50,map@100,first_relevant_rank
PLAIN-2,24,0.5,0.7653606369886217,0.830419897363192,0.642069004131331,0.559894550763615,0.5846976955251549,0.5984239822875425,0.041666666666666664,0.125,0.20833333333333334,0.25,0.3333333333333333,0.4583333333333333,0.5,1.0,1.0,1.0,0.6,0.4,0.22,0.12,1.0,1.0,1.0,1.0,1.0,1.0,1.0,0.041666666666666664,0.125,0.20833333333333334,0.25,0.29097222222222224,0.32934704184704183,0.3357572982572983,1.0
PLAIN-12,30,0.5,0.23463936301137822,0.16958010263680806,0.1222260944107594,0.14158813457497932,0.20703888163941392,0.2436313729095003,0.03333333333333333,0.03333333333333333,0.03333333333333333,0.03333333333333333,0.06666666666666667,0.16666666666666666,0.23333333333333334,1.0,0.3333333333333333,0.2,0.1,0.1,0.1,0.07,1.0,1.0,1.0,1.0,1.0,1.0,1.0,0.03333333333333333,0.03333333333333333,0.03333333333333333,0.03333333333333333,0.03809523809523809,0.04839063026626222,0.05372294888625207,1.0
PLAIN-23,90,0.0,0.1480409554829326,0.23819820987960558,0.2902597849695646,0.22769892445683404,0.1978492427228865,0.16489682586473162,0.0,0.011111111111111112,0.022222222222222223,0.044444444444444446,0.044444444444444446,0.07777777777777778,0.1,0.0,0.3333333333333333,0.4,0.4,0.2,0.14,0.09,0.0,0.5,0.5,0.5,0.5,0.5,0.5,0.0,0.005555555555555556,0.01,0.01910493827160494,0.01910493827160494,0.025718694885361548,0.028480728173710626,2.0
PLAIN-33,32,0.0,0.5307212739772434,0.38356636737133565,0.3380604315585875,0.3366514164906881,0.3355006229330318,0.35814828189284864,0.0,0.0625,0.0625,0.09375,0.15625,0.21875,0.28125,0.0,0.6666666666666666,0.4,0.3,0.25,0.14,0.09,0.0,0.5,0.5,0.5,0.5,0.5,0.5,0.0,0.03645833333333333,0.03645833333333333,0.05208333333333333,0.07646780303030302,0.09149184149184149,0.09787197451671135,2.0
PLAIN-44,58,0.0,0.41340159247155434,0.2987763160529316,0.2244914439320251,0.24840615005991043,0.2083495553968106,0.26952849105353516,0.0,0.034482758620689655,0.034482758620689655,0.034482758620689655,0.06896551724137931,0.1206896551724138,0.2413793103448276,0.0,0.6666666666666666,0.4,0.2,0.2,0.14,0.14,0.0,0.5,0.5,0.5,0.5,0.5,0.5,0.0,0.02011494252873563,0.02011494252873563,0.02011494252873563,0.029414838035527687,0.039190758156275395,0.061596603378712096,2.0
PLAIN-56,50,1.0,0.8519590445170673,0.8775416530133452,0.7698167114959014,0.5970005830203274,0.3827960437630195,0.3827960437630195,0.02,0.06,0.1,0.14,0.16,0.18,0.18,1.0,1.0,1.0,0.7,0.4,0.18,0.09,1.0,1.0,1.0,1.0,1.0,1.0,1.0,0.02,0.06,0.1,0.13269841269841268,0.145006105006105,0.14939634890854403,0.14939634890854403,1.0
PLAIN-68,55,1.0,0.6387878864795979,0.5065267082131061,0.42503508006474094,0.3940214022390332,0.25861460923066654,0.2433965347104435,0.01818181818181818,0.01818181818181818,0.01818181818181818,0.03636363636363636,0.09090909090909091,0.12727272727272726,0.12727272727272726,1.0,0.3333333333333333,0.2,0.2,0.25,0.14,0.07,1.0,1.0,1.0,1.0,1.0,1.0,1.0,0.01818181818181818,0.01818181818181818,0.01818181818181818,0.024242424242424242,0.04225471498198771,0.051711602699744987,0.051711602699744987,1.0
PLAIN-78,62,0.0,0.1480409554829326,0.10699313236726378,0.12286383325798815,0.14713954453340639,0.10579345054905863,0.1115406974281211,0.0,0.016129032258064516,0.016129032258064516,0.03225806451612903,0.04838709677419355,0.06451612903225806,0.0967741935483871,0.0,0.3333333333333333,0.2,0.2,0.15,0.08,0.06,0.0,0.5,0.5,0.5,0.5,0.5,0.5,0.0,0.008064516129032258,0.008064516129032258,0.012672811059907833,0.017071638039379975,0.01886375273472048,0.021289330896624027,2.0
PLAIN-91,64,0.5,0.46927872602275644,0.48522855511632257,0.4471231595646438,0.4140248081709074,0.32554444959906065,0.33722210174111933,0.015625,0.03125,0.046875,0.09375,0.140625,0.203125,0.296875,1.0,0.6666666666666666,0.6,0.6,0.45,0.26,0.19,1.0,1.0,1.0,1.0,1.0,1.0,1.0,0.015625,0.026041666666666664,0.037760416666666664,0.06582961309523809,0.09084846679056237,0.10927932201257613,0.13386273659718548,1.0
PLAIN-102,24,0.0,0.16771752171325524,0.13777597210996176,0.1996909746856435,0.14219369983627275,0.18536638054889942,0.20157718738334868,0.0,0.041666666666666664,0.041666666666666664,0.08333333333333333,0.08333333333333333,0.16666666666666666,0.20833333333333334,0.0,0.3333333333333333,0.2,0.2,0.1,0.08,0.05,0.0,0.5,0.5,0.5,0.5,0.5,0.5,0.0,0.020833333333333332,0.020833333333333332,0.03009259259259259,0.03009259259259259,0.03634259259259259,0.03873722860791826,2.0
PLAIN-112,56,1.0,0.7653606369886217,0.8105605525015445,0.6787243400826974,0.50224034583826,0.3258733857525739,0.34446142737510904,0.017857142857142856,0.03571428571428571,0.07142857142857142,0.08928571428571429,0.08928571428571429,0.10714285714285714,0.17857142857142858,1.0,0.6666666666666666,0.8,0.5,0.25,0.12,0.1,1.0,1.0,1.0,1.0,1.0,1.0,1.0,0.017857142857142856,0.03571428571428571,0.06339285714285714,0.07827380952380951,0.07827380952380951,0.08273809523809524,0.09103170623881304,1.0
PLAIN-123,51,0.0,0.11731968150568911,0.08479005131840403,0.06370866775185362,0.04833283293555242,0.06821394500493892,0.10787829640168288,0.0,0.0196078431372549,0.0196078431372549,0.0196078431372549,0.0196078431372549,0.058823529411764705,0.11764705882352941,0.0,0.3333333333333333,0.2,0.1,0.05,0.06,0.06,0.0,0.3333333333333333,0.3333333333333333,0.3333333333333333,0.3333333333333333,0.3333333333333333,0.3333333333333333,0.0,0.0065359477124183,0.0065359477124183,0.0065359477124183,0.0065359477124183,0.009536368153499215,0.014104765560771303,3.0
PLAIN-133,36,0.0,0.0,0.0,0.0,0.0,0.05848642294081381,0.05848642294081381,0.0,0.0,0.0,0.0,0.0,0.05555555555555555,0.05555555555555555,0.0,0.0,0.0,0.0,0.0,0.04,0.02,0.0,0.0,0.0,0.0,0.0,0.03333333333333333,0.03333333333333333,0.0,0.0,0.0,0.0,0.0,0.002314814814814815,0.002314814814814815,30.0
PLAIN-143,51,1.0,0.9651954696014428,0.7928852199940415,0.5880534728737216,0.4732045653057164,0.3218013083864715,0.3385261908968809,0.0196078431372549,0.058823529411764705,0.058823529411764705,0.058823529411764705,0.09803921568627451,0.1568627450980392,0.19607843137254902,1.0,1.0,0.6,0.3,0.25,0.16,0.1,1.0,1.0,1.0,1.0,1.0,1.0,1.0,0.0196078431372549,0.058823529411764705,0.058823529411764705,0.058823529411764705,0.06862745098039216,0.07964682949203074,0.08348500484723395,1.0
PLAIN-153,47,1.0,1.0,0.9020243604942442,0.930215808356812,0.767594645307491,0.5231615804089984,0.5356308867247731,0.02127659574468085,0.06382978723404255,0.0851063829787234,0.19148936170212766,0.2765957446808511,0.3617021276595745,0.3829787234042553,1.0,1.0,0.8,0.9,0.65,0.34,0.18,1.0,1.0,1.0,1.0,1.0,1.0,1.0,0.02127659574468085,0.06382978723404255,0.0851063829787234,0.17775244849712935,0.24513601056154247,0.29166825532486096,0.29774728268048406,1.0
PLAIN-165,36,0.5,0.38268031849431083,0.49066589156732454,0.5200230562687684,0.43750888792124604,0.38100356831850685,0.4198380998091089,0.027777777777777776,0.05555555555555555,0.08333333333333333,0.16666666666666666,0.2222222222222222,0.3055555555555556,0.3611111111111111,1.0,0.6666666666666666,0.6,0.6,0.4,0.22,0.13,1.0,1.0,1.0,1.0,1.0,1.0,1.0,0.027777777777777776,0.05555555555555555,0.0763888888888889,0.1314153439153439,0.1661861286861287,0.18582906430467405,0.19492552340113317,1.0
PLAIN-175,37,0.5,0.38268031849431083,0.2765732350040718,0.2176889663231753,0.2383377187699335,0.18995196456002802,0.21550833020573593,0.02702702702702703,0.05405405405405406,0.05405405405405406,0.05405405405405406,0.10810810810810811,0.13513513513513514,0.16216216216216217,1.0,0.6666666666666666,0.4,0.2,0.2,0.1,0.06,1.0,1.0,1.0,1.0,1.0,1.0,1.0,0.02702702702702703,0.05405405405405406,0.05405405405405406,0.05405405405405406,0.06743106743106743,0.07030628307224052,0.07325468602064346,1.0
PLAIN-186,24,1.0,0.46927872602275644,0.3391602052736161,0.2200917662980802,0.1420400396336573,0.12627825946936164,0.12627825946936164,0.041666666666666664,0.041666666666666664,0.041666666666666664,0.041666666666666664,0.041666666666666664,0.041666666666666664,0.041666666666666664,1.0,0.3333333333333333,0.2,0.1,0.05,0.02,0.01,1.0,1.0,1.0,1.0,1.0,1.0,1.0,0.041666666666666664,0.041666666666666664,0.041666666666666664,0.041666666666666664,0.041666666666666664,0.041666666666666664,0.041666666666666664,1.0
PLAIN-196,69,1.0,0.7039180890341347,0.5087403079104241,0.39956887138389763,0.2578687030521577,0.15479522794550524,0.14468168575127258,0.014492753623188406,0.028985507246376812,0.028985507246376812,0.043478260869565216,0.043478260869565216,0.057971014492753624,0.08695652173913043,1.0,0.6666666666666666,0.4,0.3,0.15,0.08,0.06,1.0,1.0,1.0,1.0,1.0,1.0,1.0,0.014492753623188406,0.024154589371980673,0.024154589371980673,0.029589371980676328,0.029589371980676328,0.030877616747181966,0.03340286927243449,1.0
PLAIN-207,55,1.0,0.46927872602275644,0.48522855511632257,0.5239294981581574,0.3765116291716611,0.29599392330115165,0.3135250821424136,0.01818181818181818,0.01818181818181818,0.03636363636363636,0.09090909090909091,0.10909090909090909,0.21818181818181817,0.2727272727272727,1.0,0.3333333333333333,0.4,0.5,0.3,0.24,0.15,1.0,1.0,1.0,1.0,1.0,1.0,1.0,0.01818181818181818,0.01818181818181818,0.02727272727272727,0.05425685425685426,0.06334776334776335,0.09263294527359787,0.10458866366324619,1.0
PLAIN-217,36,0.0,0.0,0.0,0.0,0.03343749138471349,0.08021885989517721,0.08021885989517721,0.0,0.0,0.0,0.0,0.027777777777777776,0.1111111111111111,0.1111111111111111,0.0,0.0,0.0,0.0,0.05,0.08,0.04,0.0,0.0,0.0,0.0,0.05555555555555555,0.05555555555555555,0.05555555555555555,0.0,0.0,0.0,0.0,0.0015432098765432098,0.008959279792613125,0.008959279792613125,18.0
PLAIN-227,40,0.0,0.0,0.0,0.0,0.03475017269886857,0.022058409612694875,0.022058409612694875,0.0,0.0,0.0,0.0,0.025,0.025,0.025,0.0,0.0,0.0,0.0,0.05,0.02,0.01,0.0,0.0,0.0,0.0,0.0625,0.0625,0.0625,0.0,0.0,0.0,0.0,0.0015625,0.0015625,0.0015625,16.0
PLAIN-238,54,0.0,0.0,0.0,0.0,0.0,0.0,0.03548610740161528,0.0,0.0,0.0,0.0,0.0,0.0,0.05555555555555555,0.0,0.0,0.0,0.0,0.0,0.0,0.03,0.0,0.0,0.0,0.0,0.0,0.0,0.015625,0.0,0.0,0.0,0.0,0.0,0.0,0.0014586301044634377,64.0
PLAIN-248,31,1.0,0.7039180890341347,0.5087403079104241,0.39639187290150935,0.28815666311383736,0.2762011302782175,0.29257555335563973,0.03225806451612903,0.06451612903225806,0.06451612903225806,0.0967741935483871,0.12903225806451613,0.22580645161290322,0.25806451612903225,1.0,0.6666666666666666,0.4,0.3,0.2,0.14,0.08,1.0,1.0,1.0,1.0,1.0,1.0,1.0,0.03225806451612903,0.05376344086021505,0.05376344086021505,0.06451612903225806,0.07096774193548386,0.08500103030984227,0.08783690411345801,1.0
PLAIN-259,14,1.0,0.7653606369886217,0.5531464700081437,0.35895421017163476,0.2906484777184988,0.39444755774216905,0.39444755774216905,0.07142857142857142,0.14285714285714285,0.14285714285714285,0.14285714285714285,0.14285714285714285,0.35714285714285715,0.35714285714285715,1.0,0.6666666666666666,0.4,0.2,0.1,0.1,0.05,1.0,1.0,1.0,1.0,1.0,1.0,1.0,0.07142857142857142,0.14285714285714285,0.14285714285714285,0.14285714285714285,0.14285714285714285,0.16679089218104823,0.16679089218104823,1.0
PLAIN-270,52,0.0,0.2960819109658652,0.21398626473452756,0.2024832320725063,0.1690607047556154,0.10727925364227756,0.1413595579430983,0.0,0.019230769230769232,0.019230769230769232,0.038461538461538464,0.057692307692307696,0.07692307692307693,0.1346153846153846,0.0,0.3333333333333333,0.2,0.2,0.15,0.08,0.07,0.0,0.5,0.5,0.5,0.5,0.5,0.5,0.0,0.009615384615384616,0.009615384615384616,0.01346153846153846,0.018269230769230767,0.020467032967032967,0.025383153534351922,2.0
PLAIN-280,20,0.0,0.0,0.27727342735504823,0.17993148201117182,0.15087207614888629,0.20268203352629205,0.25077909193716547,0.0,0.0,0.1,0.1,0.15,0.25,0.35,0.0,0.0,0.4,0.2,0.15,0.1,0.07,0.0,0.0,0.25,0.25,0.25,0.25,0.25,0.0,0.0,0.0325,0.0325,0.041875,0.052083333333333336,0.0630467409948542,4.0
PLAIN-291,13,0.0,0.0,0.0,0.1517621910780354,0.18084275299060384,0.21547123464054418,0.21547123464054418,0.0,0.0,0.0,0.15384615384615385,0.23076923076923078,0.3076923076923077,0.3076923076923077,0.0,0.0,0.0,0.2,0.15,0.08,0.04,0.0,0.0,0.0,0.16666666666666666,0.16666666666666666,0.16666666666666666,0.16666666666666666,0.0,0.0,0.0,0.03479853479853479,0.05577755577755577,0.06328224620907547,0.06328224620907547,6.0
PLAIN-307,3,0.0,0.5307212739772434,0.7122630665145961,0.7122630665145961,0.7122630665145961,0.7122630665145961,0.7122630665145961,0.0,0.6666666666666666,1.0,1.0,1.0,1.0,1.0,0.0,0.6666666666666666,0.6,0.3,0.15,0.06,0.03,0.0,0.5,0.5,0.5,0.5,0.5,0.5,0.0,0.38888888888888884,0.5888888888888889,0.5888888888888889,0.5888888888888889,0.5888888888888889,0.5888888888888889,2.0
PLAIN-320,42,0.0,0.0,0.0,0.0,0.0,0.10382651790492267,0.15807788388361446,0.0,0.0,0.0,0.0,0.0,0.14285714285714285,0.23809523809523808,0.0,0.0,0.0,0.0,0.0,0.12,0.1,0.0,0.0,0.0,0.0,0.0,0.045454545454545456,0.045454545454545456,0.0,0.0,0.0,0.0,0.0,0.013795391766951099,0.023184735087427848,22.0
PLAIN-332,2,1.0,0.6131471927654584,0.6131471927654584,0.6131471927654584,0.6131471927654584,0.6131471927654584,0.6131471927654584,0.5,0.5,0.5,0.5,0.5,0.5,0.5,1.0,0.3333333333333333,0.2,0.1,0.05,0.02,0.01,1.0,1.0,1.0,1.0,1.0,1.0,1.0,0.5,0.5,0.5,0.5,0.5,0.5,0.5,1.0
PLAIN-344,61,0.0,0.2960819109658652,0.2795888034906985,0.22006250035918146,0.23693732225834752,0.21476309675266603,0.2563815241643963,0.0,0.01639344262295082,0.03278688524590164,0.03278688524590164,0.06557377049180328,0.11475409836065574,0.21311475409836064,0.0,0.3333333333333333,0.4,0.2,0.2,0.14,0.13,0.0,0.5,0.5,0.5,0.5,0.5,0.5,0.0,0.00819672131147541,0.014754098360655738,0.014754098360655738,0.021815889029003784,0.03285121821283827,0.04779015719051899,2.0
PLAIN-358,3,0.0,0.0,0.0,0.0,0.0,0.0,0.0794459823534978,0.0,0.0,0.0,0.0,0.0,0.0,0.3333333333333333,0.0,0.0,0.0,0.0,0.0,0.0,0.01,0.0,0.0,0.0,0.0,0.0,0.0,0.01694915254237288,0.0,0.0,0.0,0.0,0.0,0.0,0.005649717514124294,59.0
PLAIN-371,2,0.5,0.38009376671593426,0.38009376671593426,0.38009376671593426,0.5660740588815579,0.5660740588815579,0.5660740588815579,0.5,0.5,0.5,0.5,1.0,1.0,1.0,1.0,0.3333333333333333,0.2,0.1,0.1,0.04,0.02,1.0,1.0,1.0,1.0,1.0,1.0,1.0,0.5,0.5,0.5,0.5,0.5625,0.5625,0.5625,1.0
PLAIN-383,5,0.0,0.2960819109658652,0.21398626473452756,0.21398626473452756,0.21398626473452756,0.21398626473452756,0.21398626473452756,0.0,0.2,0.2,0.2,0.2,0.2,0.2,0.0,0.3333333333333333,0.2,0.1,0.05,0.02,0.01,0.0,0.5,0.5,0.5,0.5,0.5,0.5,0.0,0.1,0.1,0.1,0.1,0.1,0.1,2.0
PLAIN-395,3,0.0,0.0,0.0,0.0,0.0,0.0,0.0,0.0,0.0,0.0,0.0,0.0,0.0,0.0,0.0,0.0,0.0,0.0,0.0,0.0,0.0,0.0,0.0,0.0,0.0,0.0,0.0,0.0,0.0,0.0,0.0,0.0,0.0,0.0,0.0,
PLAIN-407,3,1.0,0.6387878864795979,0.6387878864795979,0.6387878864795979,0.6387878864795979,0.6387878864795979,0.6387878864795979,0.3333333333333333,0.3333333333333333,0.3333333333333333,0.3333333333333333,0.3333333333333333,0.3333333333333333,0.3333333333333333,1.0,0.3333333333333333,0.2,0.1,0.05,0.02,0.01,1.0,1.0,1.0,1.0,1.0,1.0,1.0,0.3333333333333333,0.3333333333333333,0.3333333333333333,0.3333333333333333,0.3333333333333333,0.3333333333333333,0.3333333333333333,1.0
PLAIN-418,3,1.0,0.7974779478881874,0.7974779478881874,0.7974779478881874,0.7974779478881874,0.8485055632582124,0.8485055632582124,0.3333333333333333,0.6666666666666666,0.6666666666666666,0.6666666666666666,0.6666666666666666,1.0,1.0,1.0,0.6666666666666666,0.4,0.2,0.1,0.06,0.03,1.0,1.0,1.0,1.0,1.0,1.0,1.0,0.3333333333333333,0.5555555555555555,0.5555555555555555,0.5555555555555555,0.5555555555555555,0.5833333333333333,0.5833333333333333,1.0
PLAIN-430,8,1.0,0.7039180890341347,0.5087403079104241,0.5312528594318726,0.5312528594318726,0.5312528594318726,0.5312528594318726,0.125,0.25,0.25,0.375,0.375,0.375,0.375,1.0,0.6666666666666666,0.4,0.3,0.15,0.06,0.03,1.0,1.0,1.0,1.0,1.0,1.0,1.0,0.125,0.20833333333333331,0.20833333333333331,0.26190476190476186,0.26190476190476186,0.26190476190476186,0.26190476190476186,1.0
PLAIN-441,5,1.0,0.6993694869720469,0.6685622027129364,0.7463470768586832,0.8681724790774042,0.8681724790774042,0.8681724790774042,0.2,0.4,0.6,0.8,1.0,1.0,1.0,1.0,0.6666666666666666,0.6,0.4,0.25,0.1,0.05,1.0,1.0,1.0,1.0,1.0,1.0,1.0,0.2,0.4,0.55,0.6833333333333333,0.7742424242424242,0.7742424242424242,0.7742424242424242,1.0
PLAIN-457,5,0.0,0.0,0.0,0.0,0.0,0.0,0.0,0.0,0.0,0.0,0.0,0.0,0.0,0.0,0.0,0.0,0.0,0.0,0.0,0.0,0.0,0.0,0.0,0.0,0.0,0.0,0.0,0.0,0.0,0.0,0.0,0.0,0.0,0.0,0.0,
PLAIN-468,10,1.0,0.5316519652587917,0.43673949858938643,0.4260967530293621,0.4260967530293621,0.4260967530293621,0.45116965872853665,0.1,0.1,0.1,0.2,0.2,0.2,0.3,1.0,0.3333333333333333,0.2,0.2,0.1,0.04,0.03,1.0,1.0,1.0,1.0,1.0,1.0,1.0,0.1,0.1,0.1,0.125,0.125,0.125,0.12844827586206897,1.0
PLAIN-478,1,0.0,0.0,0.0,0.0,0.0,0.0,0.0,0.0,0.0,0.0,0.0,0.0,0.0,0.0,0.0,0.0,0.0,0.0,0.0,0.0,0.0,0.0,0.0,0.0,0.0,0.0,0.0,0.0,0.0,0.0,0.0,0.0,0.0,0.0,0.0,
PLAIN-488,15,1.0,1.0,1.0,1.0,0.8212782271496053,0.8212782271496053,0.8212782271496053,0.06666666666666667,0.2,0.3333333333333333,0.6666666666666666,0.7333333333333333,0.7333333333333333,0.7333333333333333,1.0,1.0,1.0,1.0,0.55,0.22,0.11,1.0,1.0,1.0,1.0,1.0,1.0,1.0,0.06666666666666667,0.2,0.3333333333333333,0.6666666666666666,0.7277777777777777,0.7277777777777777,0.7277777777777777,1.0
PLAIN-499,34,0.0,0.2960819109658652,0.4912596920895758,0.3187939258847264,0.2057391906533612,0.14555415571574973,0.16318243854972264,0.0,0.029411764705882353,0.08823529411764706,0.08823529411764706,0.08823529411764706,0.08823529411764706,0.11764705882352941,0.0,0.3333333333333333,0.6,0.3,0.15,0.06,0.04,0.0,0.5,0.5,0.5,0.5,0.5,0.5,0.0,0.014705882352941176,0.047058823529411764,0.047058823529411764,0.047058823529411764,0.047058823529411764,0.04936562860438293,2.0
PLAIN-510,6,0.0,0.0,0.0,0.0,0.14868882140571715,0.21097856971933052,0.2572540039517557,0.0,0.0,0.0,0.0,0.3333333333333333,0.5,0.6666666666666666,0.0,0.0,0.0,0.0,0.1,0.06,0.04,0.0,0.0,0.0,0.0,0.07142857142857142,0.07142857142857142,0.07142857142857142,0.0,0.0,0.0,0.0,0.03042328042328042,0.04828042328042328,0.05552680009201747,14.0
PLAIN-520,1,0.0,0.0,0.0,0.0,0.0,0.0,0.0,0.0,0.0,0.0,0.0,0.0,0.0,0.0,0.0,0.0,0.0,0.0,0.0,0.0,0.0,0.0,0.0,0.0,0.0,0.0,0.0,0.0,0.0,0.0,0.0,0.0,0.0,0.0,0.0,
PLAIN-531,308,0.0,0.5307212739772434,0.5147714448836774,0.485813635742251,0.4925923389618479,0.4807452489473808,0.4256630543662831,0.0,0.006493506493506494,0.00974025974025974,0.016233766233766232,0.032467532467532464,0.07792207792207792,0.1331168831168831,0.0,0.6666666666666666,0.6,0.5,0.5,0.48,0.41,0.0,0.5,0.5,0.5,0.5,0.5,0.5,0.0,0.0037878787878787876,0.005735930735930736,0.010219542362399504,0.018934050893084503,0.041460166729761404,0.06496338642792747,2.0
PLAIN-541,6,0.0,0.2960819109658652,0.21398626473452756,0.29178833734520576,0.37619714592770603,0.37619714592770603,0.37619714592770603,0.0,0.16666666666666666,0.16666666666666666,0.3333333333333333,0.5,0.5,0.5,0.0,0.3333333333333333,0.2,0.2,0.15,0.06,0.03,0.0,0.5,0.5,0.5,0.5,0.5,0.5,0.0,0.08333333333333333,0.08333333333333333,0.13095238095238096,0.17640692640692643,0.17640692640692643,0.17640692640692643,2.0
PLAIN-551,2,1.0,0.6131471927654584,0.6131471927654584,0.6131471927654584,0.6131471927654584,0.6131471927654584,0.706260432620402,0.5,0.5,0.5,0.5,0.5,0.5,1.0,1.0,0.3333333333333333,0.2,0.1,0.05,0.02,0.02,1.0,1.0,1.0,1.0,1.0,1.0,1.0,0.5,0.5,0.5,0.5,0.5,0.5,0.5105263157894737,1.0
PLAIN-561,25,1.0,0.7653606369886217,0.5531464700081437,0.35895421017163476,0.23165732683700074,0.20056281031502377,0.20056281031502377,0.04,0.08,0.08,0.08,0.08,0.08,0.08,1.0,0.6666666666666666,0.4,0.2,0.1,0.04,0.02,1.0,1.0,1.0,1.0,1.0,1.0,1.0,0.04,0.08,0.08,0.08,0.08,0.08,0.08,1.0
PLAIN-571,7,0.0,0.2960819109658652,0.36005461457723403,0.2918104499436024,0.3577292213409813,0.3577292213409813,0.4027280315870926,0.0,0.14285714285714285,0.2857142857142857,0.2857142857142857,0.42857142857142855,0.42857142857142855,0.5714285714285714,0.0,0.3333333333333333,0.4,0.2,0.15,0.06,0.04,0.0,0.5,0.5,0.5,0.5,0.5,0.5,0.0,0.07142857142857142,0.14285714285714285,0.14285714285714285,0.16806722689075632,0.16806722689075632,0.17647058823529413,2.0
PLAIN-583,44,0.0,0.0,0.0,0.0,0.0,0.0,0.013493238789624358,0.0,0.0,0.0,0.0,0.0,0.0,0.022727272727272728,0.0,0.0,0.0,0.0,0.0,0.0,0.01,0.0,0.0,0.0,0.0,0.0,0.0,0.013157894736842105,0.0,0.0,0.0,0.0,0.0,0.0,0.0002990430622009569,76.0
PLAIN-593,3,1.0,0.46927872602275644,0.46927872602275644,0.46927872602275644,0.46927872602275644,0.46927872602275644,0.46927872602275644,0.3333333333333333,0.3333333333333333,0.3333333333333333,0.3333333333333333,0.3333333333333333,0.3333333333333333,0.3333333333333333,1.0,0.3333333333333333,0.2,0.1,0.05,0.02,0.01,1.0,1.0,1.0,1.0,1.0,1.0,1.0,0.3333333333333333,0.3333333333333333,0.3333333333333333,0.3333333333333333,0.3333333333333333,0.3333333333333333,0.3333333333333333,1.0
PLAIN-603,1,0.0,0.0,0.0,0.0,0.0,0.0,0.15256487060115928,0.0,0.0,0.0,0.0,0.0,0.0,1.0,0.0,0.0,0.0,0.0,0.0,0.0,0.01,0.0,0.0,0.0,0.0,0.0,0.0,0.010752688172043012,0.0,0.0,0.0,0.0,0.0,0.0,0.010752688172043012,93.0
PLAIN-613,10,0.0,0.2960819109658652,0.21398626473452756,0.13886244387355456,0.13886244387355456,0.13886244387355456,0.17367646943579906,0.0,0.1,0.1,0.1,0.1,0.1,0.2,0.0,0.3333333333333333,0.2,0.1,0.05,0.02,0.02,0.0,0.5,0.5,0.5,0.5,0.5,0.5,0.0,0.05,0.05,0.05,0.05,0.05,0.052531645569620256,2.0
PLAIN-623,41,0.0,0.5307212739772434,0.38356636737133565,0.24890832702259466,0.1606373070201721,0.10029101117243584,0.15683713113945238,0.0,0.04878048780487805,0.04878048780487805,0.04878048780487805,0.04878048780487805,0.04878048780487805,0.14634146341463414,0.0,0.6666666666666666,0.4,0.2,0.1,0.04,0.06,0.0,0.5,0.5,0.5,0.5,0.5,0.5,0.0,0.028455284552845524,0.028455284552845524,0.028455284552845524,0.028455284552845524,0.028455284552845524,0.03397830824489964,2.0
PLAIN-634,21,1.0,0.7039180890341347,0.6548086577531307,0.4249260138166711,0.2742333748285178,0.29163394907528006,0.3147530208300313,0.047619047619047616,0.09523809523809523,0.14285714285714285,0.14285714285714285,0.14285714285714285,0.19047619047619047,0.23809523809523808,1.0,0.6666666666666666,0.6,0.3,0.15,0.08,0.05,1.0,1.0,1.0,1.0,1.0,1.0,1.0,0.047619047619047616,0.07936507936507936,0.11507936507936507,0.11507936507936507,0.11507936507936507,0.11996336996336995,0.12386657058788206,1.0
PLAIN-645,29,0.0,0.0,0.0,0.0,0.0,0.0,0.018818989176404555,0.0,0.0,0.0,0.0,0.0,0.0,0.034482758620689655,0.0,0.0,0.0,0.0,0.0,0.0,0.01,0.0,0.0,0.0,0.0,0.0,0.0,0.016666666666666666,0.0,0.0,0.0,0.0,0.0,0.0,0.0005747126436781609,60.0
PLAIN-660,475,1.0,1.0,1.0,0.9337457765456111,0.8541165343101084,0.5580358582385897,0.43782609827016045,0.002105263157894737,0.00631578947368421,0.010526315789473684,0.018947368421052633,0.03368421052631579,0.04631578947368421,0.07157894736842105,1.0,1.0,1.0,0.9,0.8,0.44,0.34,1.0,1.0,1.0,1.0,1.0,1.0,1.0,0.002105263157894737,0.00631578947368421,0.010526315789473684,0.01873684210526316,0.031651091942113616,0.03917835491560085,0.049775466119439504,1.0
PLAIN-671,1,1.0,1.0,1.0,1.0,1.0,1.0,1.0,1.0,1.0,1.0,1.0,1.0,1.0,1.0,1.0,0.3333333333333333,0.2,0.1,0.05,0.02,0.01,1.0,1.0,1.0,1.0,1.0,1.0,1.0,1.0,1.0,1.0,1.0,1.0,1.0,1.0,1.0
PLAIN-681,1,1.0,1.0,1.0,1.0,1.0,1.0,1.0,1.0,1.0,1.0,1.0,1.0,1.0,1.0,1.0,0.3333333333333333,0.2,0.1,0.05,0.02,0.01,1.0,1.0,1.0,1.0,1.0,1.0,1.0,1.0,1.0,1.0,1.0,1.0,1.0,1.0,1.0
PLAIN-691,21,0.0,0.0,0.0,0.0,0.0340629722559825,0.06134744995704265,0.08288197063825593,0.0,0.0,0.0,0.0,0.047619047619047616,0.09523809523809523,0.14285714285714285,0.0,0.0,0.0,0.0,0.05,0.04,0.03,0.0,0.0,0.0,0.0,0.058823529411764705,0.058823529411764705,0.058823529411764705,0.0,0.0,0.0,0.0,0.0028011204481792717,0.006202480992396958,0.007923651388266149,17.0
PLAIN-701,8,1.0,0.7653606369886217,0.6843515475204855,0.510383374527714,0.5809399571186824,0.6272712825087041,0.6272712825087041,0.125,0.25,0.375,0.375,0.5,0.625,0.625,1.0,0.6666666666666666,0.6,0.3,0.2,0.1,0.05,1.0,1.0,1.0,1.0,1.0,1.0,1.0,0.125,0.25,0.325,0.325,0.3704545454545455,0.38498942917547574,0.38498942917547574,1.0
PLAIN-711,57,1.0,0.7653606369886217,0.5531464700081437,0.35895421017163476,0.36580808984602536,0.21518410971511,0.21915614091417543,0.017543859649122806,0.03508771929824561,0.03508771929824561,0.03508771929824561,0.10526315789473684,0.12280701754385964,0.15789473684210525,1.0,0.6666666666666666,0.4,0.2,0.3,0.14,0.09,1.0,1.0,1.0,1.0,1.0,1.0,1.0,0.017543859649122806,0.03508771929824561,0.03508771929824561,0.03508771929824561,0.05237508977121166,0.05633660646617487,0.06011571716426842,1.0
PLAIN-721,25,1.0,1.0,1.0,1.0,0.9007337660281207,0.7798315638311191,0.7996987705585515,0.04,0.12,0.2,0.4,0.68,0.68,0.72,1.0,1.0,1.0,1.0,0.85,0.34,0.18,1.0,1.0,1.0,1.0,1.0,1.0,1.0,0.04,0.12,0.2,0.4,0.6777777777777777,0.6777777777777777,0.6877777777777777,1.0
PLAIN-731,54,1.0,0.7653606369886217,0.6843515475204855,0.72891152902702,0.5751028008677237,0.3928418566679674,0.410889336225593,0.018518518518518517,0.037037037037037035,0.05555555555555555,0.12962962962962962,0.18518518518518517,0.2777777777777778,0.3333333333333333,1.0,0.6666666666666666,0.6,0.7,0.5,0.3,0.18,1.0,1.0,1.0,1.0,1.0,1.0,1.0,0.018518518518518517,0.037037037037037035,0.04814814814814815,0.10057319223985892,0.13192471920542095,0.17281184321540016,0.19029770429609738,1.0
PLAIN-741,19,1.0,1.0,0.8687949224876582,0.6421867266689011,0.46171573398827104,0.49258646990199295,0.49258646990199295,0.05263157894736842,0.15789473684210525,0.21052631578947367,0.2631578947368421,0.3157894736842105,0.3684210526315789,0.3684210526315789,1.0,1.0,0.8,0.5,0.3,0.14,0.07,1.0,1.0,1.0,1.0,1.0,1.0,1.0,0.05263157894736842,0.15789473684210525,0.21052631578947367,0.25438596491228066,0.2701754385964912,0.28434547908232116,0.28434547908232116,1.0
PLAIN-751,7,0.0,0.0,0.0,0.0,0.0,0.0,0.0,0.0,0.0,0.0,0.0,0.0,0.0,0.0,0.0,0.0,0.0,0.0,0.0,0.0,0.0,0.0,0.0,0.0,0.0,0.0,0.0,0.0,0.0,0.0,0.0,0.0,0.0,0.0,0.0,
PLAIN-761,6,0.0,0.23463936301137822,0.16958010263680806,0.15130120674940672,0.15130120674940672,0.20706745244108535,0.20706745244108535,0.0,0.16666666666666666,0.16666666666666666,0.16666666666666666,0.16666666666666666,0.3333333333333333,0.3333333333333333,0.0,0.3333333333333333,0.2,0.1,0.05,0.04,0.02,0.0,0.3333333333333333,0.3333333333333333,0.3333333333333333,0.3333333333333333,0.3333333333333333,0.3333333333333333,0.0,0.05555555555555555,0.05555555555555555,0.05555555555555555,0.05555555555555555,0.06349206349206349,0.06349206349206349,3.0
PLAIN-771,3,1.0,1.0,1.0,1.0,1.0,1.0,1.0,0.3333333333333333,1.0,1.0,1.0,1.0,1.0,1.0,1.0,1.0,0.6,0.3,0.15,0.06,0.03,1.0,1.0,1.0,1.0,1.0,1.0,1.0,0.3333333333333333,1.0,1.0,1.0,1.0,1.0,1.0,1.0
PLAIN-782,2,0.0,0.0,0.0,0.0,0.0,0.0,0.0,0.0,0.0,0.0,0.0,0.0,0.0,0.0,0.0,0.0,0.0,0.0,0.0,0.0,0.0,0.0,0.0,0.0,0.0,0.0,0.0,0.0,0.0,0.0,0.0,0.0,0.0,0.0,0.0,
PLAIN-792,6,1.0,0.7653606369886217,0.5531464700081437,0.4935232796777481,0.4935232796777481,0.5535111407248343,0.5535111407248343,0.16666666666666666,0.3333333333333333,0.3333333333333333,0.3333333333333333,0.3333333333333333,0.5,0.5,1.0,0.6666666666666666,0.4,0.2,0.1,0.06,0.03,1.0,1.0,1.0,1.0,1.0,1.0,1.0,0.16666666666666666,0.3333333333333333,0.3333333333333333,0.3333333333333333,0.3333333333333333,0.3489583333333333,0.3489583333333333,1.0
PLAIN-806,96,1.0,1.0,1.0,0.9363792118010483,0.7453519571792655,0.49919738432613053,0.3486081921805783,0.010416666666666666,0.03125,0.052083333333333336,0.09375,0.13541666666666666,0.19791666666666666,0.23958333333333334,1.0,1.0,1.0,0.9,0.65,0.38,0.23,1.0,1.0,1.0,1.0,1.0,1.0,1.0,0.010416666666666666,0.03125,0.052083333333333336,0.09375,0.12468671679197996,0.15672114237983295,0.16954994465861353,1.0
PLAIN-817,1,0.0,0.0,0.0,0.0,0.0,0.0,0.0,0.0,0.0,0.0,0.0,0.0,0.0,0.0,0.0,0.0,0.0,0.0,0.0,0.0,0.0,0.0,0.0,0.0,0.0,0.0,0.0,0.0,0.0,0.0,0.0,0.0,0.0,0.0,0.0,
PLAIN-827,244,1.0,1.0,0.8687949224876582,0.6371523797895857,0.5868543741058787,0.5058782979248454,0.40056435173650046,0.004098360655737705,0.012295081967213115,0.01639344262295082,0.020491803278688523,0.040983606557377046,0.09016393442622951,0.13934426229508196,1.0,1.0,0.8,0.5,0.5,0.44,0.34,1.0,1.0,1.0,1.0,1.0,1.0,1.0,0.004098360655737705,0.012295081967213115,0.01639344262295082,0.019320843091334895,0.029616421829536586,0.054608335932636795,0.07075526574185995,1.0
PLAIN-838,9,1.0,1.0,1.0,0.7767471075223498,0.7767471075223498,0.7767471075223498,0.7767471075223498,0.1111111111111111,0.3333333333333333,0.5555555555555556,0.6666666666666666,0.6666666666666666,0.6666666666666666,0.6666666666666666,1.0,1.0,1.0,0.6,0.3,0.12,0.06,1.0,1.0,1.0,1.0,1.0,1.0,1.0,0.1111111111111111,0.3333333333333333,0.5555555555555556,0.6666666666666666,0.6666666666666666,0.6666666666666666,0.6666666666666666,1.0
PLAIN-850,57,1.0,1.0,0.8687949224876582,0.6421867266689011,0.4848656052509996,0.3078291981004908,0.3041281423463147,0.017543859649122806,0.05263157894736842,0.07017543859649122,0.08771929824561403,0.12280701754385964,0.17543859649122806,0.21052631578947367,1.0,1.0,0.8,0.5,0.35,0.2,0.12,1.0,1.0,1.0,1.0,1.0,1.0,1.0,0.017543859649122806,0.05263157894736842,0.07017543859649122,0.0847953216374269,0.09953806083837044,0.11103903549723983,0.11646513175525461,1.0
PLAIN-872,1,0.0,0.0,0.0,0.0,0.0,0.0,0.0,0.0,0.0,0.0,0.0,0.0,0.0,0.0,0.0,0.0,0.0,0.0,0.0,0.0,0.0,0.0,0.0,0.0,0.0,0.0,0.0,0.0,0.0,0.0,0.0,0.0,0.0,0.0,0.0,
PLAIN-882,15,1.0,1.0,1.0,0.7222954974312067,0.5993793008985253,0.6329145273173338,0.6329145273173338,0.06666666666666667,0.2,0.3333333333333333,0.4,0.4666666666666667,0.5333333333333333,0.5333333333333333,1.0,1.0,1.0,0.6,0.35,0.16,0.08,1.0,1.0,1.0,1.0,1.0,1.0,1.0,0.06666666666666667,0.2,0.3333333333333333,0.3904761904761905,0.41503759398496237,0.4311992101465785,0.4311992101465785,1.0
PLAIN-892,92,1.0,1.0,1.0,0.7859162856301584,0.5455893475340048,0.3304379915387186,0.24880917550004106,0.010869565217391304,0.03260869565217391,0.05434782608695652,0.07608695652173914,0.08695652173913043,0.10869565217391304,0.15217391304347827,1.0,1.0,1.0,0.7,0.4,0.2,0.14,1.0,1.0,1.0,1.0,1.0,1.0,1.0,0.010869565217391304,0.03260869565217391,0.05434782608695652,0.07127329192546583,0.07851966873706004,0.08647186147186148,0.09399110112457418,1.0
PLAIN-902,4,1.0,0.7653606369886217,0.6366824387328317,0.6366824387328317,0.6366824387328317,0.6366824387328317,0.6366824387328317,0.25,0.5,0.5,0.5,0.5,0.5,0.5,1.0,0.6666666666666666,0.4,0.2,0.1,0.04,0.02,1.0,1.0,1.0,1.0,1.0,1.0,1.0,0.25,0.5,0.5,0.5,0.5,0.5,0.5,1.0
PLAIN-913,34,1.0,1.0,1.0,0.8630152897016883,0.5924718991035818,0.45667330375053744,0.48938053428763995,0.029411764705882353,0.08823529411764706,0.14705882352941177,0.23529411764705882,0.2647058823529412,0.3235294117647059,0.38235294117647056,1.0,1.0,1.0,0.8,0.45,0.22,0.13,1.0,1.0,1.0,1.0,1.0,1.0,1.0,0.029411764705882353,0.08823529411764706,0.14705882352941177,0.2283496732026144,0.2459967320261438,0.26142917141841104,0.2720277928894714,1.0
PLAIN-924,32,1.0,0.46927872602275644,0.3391602052736161,0.2200917662980802,0.17610301188963978,0.1499231925395245,0.20073674760160204,0.03125,0.03125,0.03125,0.03125,0.0625,0.09375,0.1875,1.0,0.3333333333333333,0.2,0.1,0.1,0.06,0.06,1.0,1.0,1.0,1.0,1.0,1.0,1.0,0.03125,0.03125,0.03125,0.03125,0.034926470588235295,0.03760504201680672,0.0440269996887644,1.0
PLAIN-934,101,1.0,0.7039180890341347,0.7860137352654724,0.6496872770120412,0.6294150733468,0.6042399106899761,0.46631823847989795,0.009900990099009901,0.019801980198019802,0.039603960396039604,0.0594059405940594,0.1188118811881188,0.2871287128712871,0.40594059405940597,1.0,0.6666666666666666,0.8,0.6,0.6,0.58,0.41,1.0,1.0,1.0,1.0,1.0,1.0,1.0,0.009900990099009901,0.0165016501650165,0.031848184818481846,0.045520980669495524,0.08059320969690954,0.18574571183483557,0.24814393725486367,1.0
PLAIN-946,31,0.0,0.0,0.0,0.0,0.03343749138471349,0.025146277355768836,0.025146277355768836,0.0,0.0,0.0,0.0,0.03225806451612903,0.03225806451612903,0.03225806451612903,0.0,0.0,0.0,0.0,0.05,0.02,0.01,0.0,0.0,0.0,0.0,0.05555555555555555,0.05555555555555555,0.05555555555555555,0.0,0.0,0.0,0.0,0.0017921146953405018,0.0017921146953405018,0.0017921146953405018,18.0
PLAIN-956,206,1.0,0.7653606369886217,0.5531464700081437,0.6464018466408364,0.6974280575915802,0.5790290580733466,0.4578222255115916,0.0048543689320388345,0.009708737864077669,0.009708737864077669,0.02912621359223301,0.06796116504854369,0.13106796116504854,0.1941747572815534,1.0,0.6666666666666666,0.4,0.6,0.7,0.54,0.4,1.0,1.0,1.0,1.0,1.0,1.0,1.0,0.0048543689320388345,0.009708737864077669,0.009708737864077669,0.021180073971336106,0.04645278161577118,0.08558648868810956,0.11616042986832105,1.0
PLAIN-966,3,0.0,0.0,0.0,0.0,0.0,0.0,0.0,0.0,0.0,0.0,0.0,0.0,0.0,0.0,0.0,0.0,0.0,0.0,0.0,0.0,0.0,0.0,0.0,0.0,0.0,0.0,0.0,0.0,0.0,0.0,0.0,0.0,0.0,0.0,0.0,
PLAIN-977,3,1.0,0.46927872602275644,0.46927872602275644,0.46927872602275644,0.46927872602275644,0.46927872602275644,0.46927872602275644,0.3333333333333333,0.3333333333333333,0.3333333333333333,0.3333333333333333,0.3333333333333333,0.3333333333333333,0.3333333333333333,1.0,0.3333333333333333,0.2,0.1,0.05,0.02,0.01,1.0,1.0,1.0,1.0,1.0,1.0,1.0,0.3333333333333333,0.3333333333333333,0.3333333333333333,0.3333333333333333,0.3333333333333333,0.3333333333333333,0.3333333333333333,1.0
PLAIN-987,3,0.0,0.0,0.0,0.0,0.0,0.10523285614729473,0.10523285614729473,0.0,0.0,0.0,0.0,0.0,0.3333333333333333,0.3333333333333333,0.0,0.0,0.0,0.0,0.0,0.02,0.01,0.0,0.0,0.0,0.0,0.0,0.047619047619047616,0.047619047619047616,0.0,0.0,0.0,0.0,0.0,0.015873015873015872,0.015873015873015872,21.0
PLAIN-997,2,0.0,0.0,0.0,0.0,0.0,0.0,0.0,0.0,0.0,0.0,0.0,0.0,0.0,0.0,0.0,0.0,0.0,0.0,0.0,0.0,0.0,0.0,0.0,0.0,0.0,0.0,0.0,0.0,0.0,0.0,0.0,0.0,0.0,0.0,0.0,
PLAIN-1008,5,0.0,0.0,0.0,0.0,0.0,0.0,0.0,0.0,0.0,0.0,0.0,0.0,0.0,0.0,0.0,0.0,0.0,0.0,0.0,0.0,0.0,0.0,0.0,0.0,0.0,0.0,0.0,0.0,0.0,0.0,0.0,0.0,0.0,0.0,0.0,
PLAIN-1018,60,0.0,0.0,0.13120507751234178,0.2915590498767101,0.29733573920183015,0.19253860323908228,0.21424482692571414,0.0,0.0,0.016666666666666666,0.06666666666666667,0.11666666666666667,0.15,0.21666666666666667,0.0,0.0,0.2,0.4,0.35,0.18,0.13,0.0,0.0,0.2,0.2,0.2,0.2,0.2,0.0,0.0,0.0033333333333333335,0.021011904761904763,0.04234279609279609,0.05066891441891442,0.06138612349141435,5.0
PLAIN-1028,1,0.0,0.0,0.0,0.0,0.0,0.0,0.0,0.0,0.0,0.0,0.0,0.0,0.0,0.0,0.0,0.0,0.0,0.0,0.0,0.0,0.0,0.0,0.0,0.0,0.0,0.0,0.0,0.0,0.0,0.0,0.0,0.0,0.0,0.0,0.0,
PLAIN-1039,2,1.0,1.0,1.0,1.0,1.0,1.0,1.0,0.5,1.0,1.0,1.0,1.0,1.0,1.0,1.0,0.6666666666666666,0.4,0.2,0.1,0.04,0.02,1.0,1.0,1.0,1.0,1.0,1.0,1.0,0.5,1.0,1.0,1.0,1.0,1.0,1.0,1.0
PLAIN-1050,94,0.0,0.0,0.0,0.0,0.0396210670558156,0.021627285360840357,0.029073856840058546,0.0,0.0,0.0,0.0,0.010638297872340425,0.010638297872340425,0.031914893617021274,0.0,0.0,0.0,0.0,0.05,0.02,0.03,0.0,0.0,0.0,0.0,0.09090909090909091,0.09090909090909091,0.09090909090909091,0.0,0.0,0.0,0.0,0.0009671179883945841,0.0009671179883945841,0.0015200756690118393,11.0
PLAIN-1066,9,0.0,0.0,0.0,0.0,0.0,0.05196028079150355,0.05196028079150355,0.0,0.0,0.0,0.0,0.0,0.1111111111111111,0.1111111111111111,0.0,0.0,0.0,0.0,0.0,0.02,0.01,0.0,0.0,0.0,0.0,0.0,0.045454545454545456,0.045454545454545456,0.0,0.0,0.0,0.0,0.0,0.005050505050505051,0.005050505050505051,22.0
PLAIN-1088,5,1.0,0.7653606369886217,0.5531464700081437,0.5531464700081437,0.5531464700081437,0.5531464700081437,0.5531464700081437,0.2,0.4,0.4,0.4,0.4,0.4,0.4,1.0,0.6666666666666666,0.4,0.2,0.1,0.04,0.02,1.0,1.0,1.0,1.0,1.0,1.0,1.0,0.2,0.4,0.4,0.4,0.4,0.4,0.4,1.0
PLAIN-1098,5,0.0,0.0,0.0,0.0,0.0,0.13344720249722178,0.13344720249722178,0.0,0.0,0.0,0.0,0.0,0.4,0.4,0.0,0.0,0.0,0.0,0.0,0.04,0.02,0.0,0.0,0.0,0.0,0.0,0.037037037037037035,0.037037037037037035,0.0,0.0,0.0,0.0,0.0,0.017163504968383016,0.017163504968383016,27.0
PLAIN-1109,98,1.0,1.0,0.7227265726449519,0.7467045958894682,0.5215198321878544,0.32922878067322814,0.24536907193267596,0.01020408163265306,0.030612244897959183,0.030612244897959183,0.07142857142857142,0.08163265306122448,0.11224489795918367,0.16326530612244897,1.0,1.0,0.6,0.7,0.4,0.22,0.16,1.0,1.0,1.0,1.0,1.0,1.0,1.0,0.01020408163265306,0.030612244897959183,0.030612244897959183,0.057738095238095234,0.06515924551638838,0.07355230215253257,0.08393222309474026,1.0
PLAIN-1119,11,0.0,0.0,0.0,0.0,0.0,0.0,0.0,0.0,0.0,0.0,0.0,0.0,0.0,0.0,0.0,0.0,0.0,0.0,0.0,0.0,0.0,0.0,0.0,0.0,0.0,0.0,0.0,0.0,0.0,0.0,0.0,0.0,0.0,0.0,0.0,
PLAIN-1130,1,1.0,1.0,1.0,1.0,1.0,1.0,1.0,1.0,1.0,1.0,1.0,1.0,1.0,1.0,1.0,0.3333333333333333,0.2,0.1,0.05,0.02,0.01,1.0,1.0,1.0,1.0,1.0,1.0,1.0,1.0,1.0,1.0,1.0,1.0,1.0,1.0,1.0
PLAIN-1141,16,1.0,0.46927872602275644,0.3391602052736161,0.36288691033421755,0.3157126787862789,0.3157126787862789,0.3157126787862789,0.0625,0.0625,0.0625,0.1875,0.25,0.25,0.25,1.0,0.3333333333333333,0.2,0.3,0.2,0.08,0.04,1.0,1.0,1.0,1.0,1.0,1.0,1.0,0.0625,0.0625,0.0625,0.10379464285714285,0.12652191558441558,0.12652191558441558,0.12652191558441558,1.0
PLAIN-1151,153,0.0,0.5307212739772434,0.38356636737133565,0.46035860613699897,0.2971004129833499,0.32387425454181074,0.2846196160381618,0.0,0.013071895424836602,0.013071895424836602,0.032679738562091505,0.032679738562091505,0.10457516339869281,0.17647058823529413,0.0,0.6666666666666666,0.4,0.5,0.25,0.32,0.27,0.0,0.5,0.5,0.5,0.5,0.5,0.5,0.0,0.007625272331154683,0.007625272331154683,0.017429193899782133,0.017429193899782133,0.03737656208734865,0.05925482149855069,2.0
PLAIN-1161,1,0.0,0.0,0.0,0.0,0.0,0.0,0.0,0.0,0.0,0.0,0.0,0.0,0.0,0.0,0.0,0.0,0.0,0.0,0.0,0.0,0.0,0.0,0.0,0.0,0.0,0.0,0.0,0.0,0.0,0.0,0.0,0.0,0.0,0.0,0.0,
PLAIN-1172,19,1.0,0.46927872602275644,0.3391602052736161,0.2200917662980802,0.14678687637874557,0.1732131124690031,0.1732131124690031,0.05263157894736842,0.05263157894736842,0.05263157894736842,0.05263157894736842,0.05263157894736842,0.10526315789473684,0.10526315789473684,1.0,0.3333333333333333,0.2,0.1,0.05,0.04,0.02,1.0,1.0,1.0,1.0,1.0,1.0,1.0,0.05263157894736842,0.05263157894736842,0.05263157894736842,0.05263157894736842,0.05263157894736842,0.05491990846681922,0.05491990846681922,1.0
PLAIN-1183,25,1.0,0.46927872602275644,0.48522855511632257,0.314880130667631,0.20321335501168916,0.22232076968168604,0.24359163505097398,0.04,0.04,0.08,0.08,0.08,0.16,0.2,1.0,0.3333333333333333,0.4,0.2,0.1,0.08,0.05,1.0,1.0,1.0,1.0,1.0,1.0,1.0,0.04,0.04,0.06,0.06,0.06,0.06713627386438446,0.07083997756808817,1.0
PLAIN-1193,18,0.0,0.0,0.13120507751234178,0.08514311764162101,0.05878132199396476,0.18543436366384838,0.3130752616043783,0.0,0.0,0.05555555555555555,0.05555555555555555,0.05555555555555555,0.2777777777777778,0.5555555555555556,0.0,0.0,0.2,0.1,0.05,0.1,0.1,0.0,0.0,0.2,0.2,0.2,0.2,0.2,0.0,0.0,0.011111111111111112,0.011111111111111112,0.011111111111111112,0.03897443639291465,0.07467517642802002,5.0
PLAIN-1203,12,1.0,0.7653606369886217,0.5531464700081437,0.35895421017163476,0.3718193203834815,0.3718193203834815,0.40334342560409064,0.08333333333333333,0.16666666666666666,0.16666666666666666,0.16666666666666666,0.25,0.25,0.3333333333333333,1.0,0.6666666666666666,0.4,0.2,0.15,0.06,0.04,1.0,1.0,1.0,1.0,1.0,1.0,1.0,0.08333333333333333,0.16666666666666666,0.16666666666666666,0.16666666666666666,0.1858974358974359,0.1858974358974359,0.1904019404019404,1.0
PLAIN-1214,17,0.0,0.0,0.0,0.0,0.0,0.0,0.051827397673244666,0.0,0.0,0.0,0.0,0.0,0.0,0.11764705882352941,0.0,0.0,0.0,0.0,0.0,0.0,0.02,0.0,0.0,0.0,0.0,0.0,0.0,0.017543859649122806,0.0,0.0,0.0,0.0,0.0,0.0,0.002521195020313255,57.0
PLAIN-1225,27,1.0,0.7039180890341347,0.7860137352654724,0.6399441431116328,0.4526201218582399,0.41974245172002284,0.4599381651061587,0.037037037037037035,0.07407407407407407,0.14814814814814814,0.2222222222222222,0.25925925925925924,0.3333333333333333,0.4074074074074074,1.0,0.6666666666666666,0.8,0.6,0.35,0.18,0.11,1.0,1.0,1.0,1.0,1.0,1.0,1.0,0.037037037037037035,0.06172839506172839,0.11913580246913581,0.1619341563786008,0.18550317994762439,0.20615845060289503,0.22016465954087786,1.0
PLAIN-1236,5,1.0,0.46927872602275644,0.3391602052736161,0.3391602052736161,0.3391602052736161,0.3391602052736161,0.3391602052736161,0.2,0.2,0.2,0.2,0.2,0.2,0.2,1.0,0.3333333333333333,0.2,0.1,0.05,0.02,0.01,1.0,1.0,1.0,1.0,1.0,1.0,1.0,0.2,0.2,0.2,0.2,0.2,0.2,0.2,1.0
PLAIN-1249,4,0.0,0.0,0.0,0.0,0.0,0.0,0.0,0.0,0.0,0.0,0.0,0.0,0.0,0.0,0.0,0.0,0.0,0.0,0.0,0.0,0.0,0.0,0.0,0.0,0.0,0.0,0.0,0.0,0.0,0.0,0.0,0.0,0.0,0.0,0.0,
PLAIN-1262,10,1.0,1.0,0.7227265726449519,0.46900009332067494,0.46900009332067494,0.46900009332067494,0.46900009332067494,0.1,0.3,0.3,0.3,0.3,0.3,0.3,1.0,1.0,0.6,0.3,0.15,0.06,0.03,1.0,1.0,1.0,1.0,1.0,1.0,1.0,0.1,0.3,0.3,0.3,0.3,0.3,0.3,1.0
PLAIN-1275,55,1.0,0.7653606369886217,0.6992148198508501,0.5894280199323519,0.44909217746859453,0.26025415141446556,0.27787032689607233,0.01818181818181818,0.03636363636363636,0.05454545454545454,0.09090909090909091,0.12727272727272726,0.14545454545454545,0.2,1.0,0.6666666666666666,0.6,0.5,0.35,0.16,0.11,1.0,1.0,1.0,1.0,1.0,1.0,1.0,0.01818181818181818,0.03636363636363636,0.05,0.0691919191919192,0.08334776334776334,0.0876258382140735,0.09411848178312905,1.0
PLAIN-1288,196,0.0,0.5307212739772434,0.6608397947263839,0.42883980903376645,0.4580101827557154,0.356531407610664,0.2731189894473327,0.0,0.01020408163265306,0.02040816326530612,0.02040816326530612,0.04591836734693878,0.08163265306122448,0.11734693877551021,0.0,0.6666666666666666,0.8,0.4,0.45,0.32,0.23,0.0,0.5,0.5,0.5,0.5,0.5,0.5,0.0,0.005952380952380952,0.013860544217687076,0.013860544217687076,0.026167494970015977,0.03986165539522926,0.04930111904030225,2.0
PLAIN-1299,61,1.0,0.46927872602275644,0.3391602052736161,0.2200917662980802,0.1804246777990402,0.09848538373286363,0.10673297529634346,0.01639344262295082,0.01639344262295082,0.01639344262295082,0.01639344262295082,0.03278688524590164,0.03278688524590164,0.06557377049180328,1.0,0.3333333333333333,0.2,0.1,0.1,0.04,0.04,1.0,1.0,1.0,1.0,1.0,1.0,1.0,0.01639344262295082,0.01639344262295082,0.01639344262295082,0.01639344262295082,0.01912568306010929,0.01912568306010929,0.020402641644017564,1.0
PLAIN-1309,4,0.0,0.0,0.0,0.0,0.0,0.0,0.0,0.0,0.0,0.0,0.0,0.0,0.0,0.0,0.0,0.0,0.0,0.0,0.0,0.0,0.0,0.0,0.0,0.0,0.0,0.0,0.0,0.0,0.0,0.0,0.0,0.0,0.0,0.0,0.0,
PLAIN-1320,6,1.0,0.7653606369886217,0.5531464700081437,0.4935232796777481,0.4935232796777481,0.550382825335555,0.550382825335555,0.16666666666666666,0.3333333333333333,0.3333333333333333,0.3333333333333333,0.3333333333333333,0.5,0.5,1.0,0.6666666666666666,0.4,0.2,0.1,0.06,0.03,1.0,1.0,1.0,1.0,1.0,1.0,1.0,0.16666666666666666,0.3333333333333333,0.3333333333333333,0.3333333333333333,0.3333333333333333,0.3461538461538462,0.3461538461538462,1.0
PLAIN-1331,1,0.0,0.0,0.0,0.0,0.0,0.0,0.0,0.0,0.0,0.0,0.0,0.0,0.0,0.0,0.0,0.0,0.0,0.0,0.0,0.0,0.0,0.0,0.0,0.0,0.0,0.0,0.0,0.0,0.0,0.0,0.0,0.0,0.0,0.0,0.0,
PLAIN-1342,16,1.0,0.46927872602275644,0.48522855511632257,0.5328965452000555,0.3965358095428524,0.3965358095428524,0.3965358095428524,0.0625,0.0625,0.125,0.3125,0.3125,0.3125,0.3125,1.0,0.3333333333333333,0.4,0.5,0.25,0.1,0.05,1.0,1.0,1.0,1.0,1.0,1.0,1.0,0.0625,0.0625,0.09375,0.1954365079365079,0.1954365079365079,0.1954365079365079,0.1954365079365079,1.0
PLAIN-1353,4,0.0,0.0,0.0,0.0,0.0,0.0,0.0,0.0,0.0,0.0,0.0,0.0,0.0,0.0,0.0,0.0,0.0,0.0,0.0,0.0,0.0,0.0,0.0,0.0,0.0,0.0,0.0,0.0,0.0,0.0,0.0,0.0,0.0,0.0,0.0,
PLAIN-1363,11,0.0,0.23463936301137822,0.16958010263680806,0.1100458831490401,0.10368061445733293,0.1887117845564624,0.1887117845564624,0.0,0.09090909090909091,0.09090909090909091,0.09090909090909091,0.09090909090909091,0.2727272727272727,0.2727272727272727,0.0,0.3333333333333333,0.2,0.1,0.05,0.06,0.03,0.0,0.3333333333333333,0.3333333333333333,0.3333333333333333,0.3333333333333333,0.3333333333333333,0.3333333333333333,0.0,0.0303030303030303,0.0303030303030303,0.0303030303030303,0.0303030303030303,0.04578392621870883,0.04578392621870883,3.0
PLAIN-1374,26,0.0,0.0,0.0,0.0,0.0,0.022374816882260087,0.08096194833837496,0.0,0.0,0.0,0.0,0.0,0.038461538461538464,0.15384615384615385,0.0,0.0,0.0,0.0,0.0,0.02,0.04,0.0,0.0,0.0,0.0,0.0,0.025,0.025,0.0,0.0,0.0,0.0,0.0,0.0009615384615384616,0.005822142752882791,40.0
PLAIN-1387,12,1.0,1.0,1.0,0.6489315753318466,0.6251777546691757,0.6251777546691756,0.6251777546691756,0.08333333333333333,0.25,0.4166666666666667,0.4166666666666667,0.5,0.5,0.5,1.0,1.0,1.0,0.5,0.3,0.12,0.06,1.0,1.0,1.0,1.0,1.0,1.0,1.0,0.08333333333333333,0.25,0.4166666666666667,0.4166666666666667,0.4444444444444444,0.4444444444444444,0.4444444444444444,1.0
PLAIN-1398,103,1.0,1.0,1.0,1.0,0.9671350294324229,0.6494672331553588,0.4631256052199959,0.009708737864077669,0.02912621359223301,0.04854368932038835,0.0970873786407767,0.18446601941747573,0.2621359223300971,0.33980582524271846,1.0,1.0,1.0,1.0,0.95,0.54,0.35,1.0,1.0,1.0,1.0,1.0,1.0,1.0,0.009708737864077669,0.02912621359223301,0.04854368932038835,0.0970873786407767,0.18398058252427182,0.23822703261710235,0.2753457140958411,1.0
PLAIN-1409,253,0.0,0.2960819109658652,0.4912596920895758,0.5252098581198154,0.374463303428222,0.3387762910935733,0.3320697278041958,0.0,0.003952569169960474,0.011857707509881422,0.023715415019762844,0.02766798418972332,0.06324110671936758,0.12648221343873517,0.0,0.3333333333333333,0.6,0.6,0.35,0.32,0.32,0.0,0.5,0.5,0.5,0.5,0.5,0.5,0.0,0.001976284584980237,0.006324110671936759,0.01342461885940147,0.015269151138716358,0.026794381783581157,0.04767993073815572,2.0
PLAIN-1419,65,1.0,0.7039180890341347,0.639945385422766,0.4152807670887413,0.3053153978889165,0.23955833864647547,0.21061522100938093,0.015384615384615385,0.03076923076923077,0.046153846153846156,0.046153846153846156,0.06153846153846154,0.13846153846153847,0.15384615384615385,1.0,0.6666666666666666,0.6,0.3,0.2,0.18,0.1,1.0,1.0,1.0,1.0,1.0,1.0,1.0,0.015384615384615385,0.02564102564102564,0.03487179487179487,0.03487179487179487,0.03960552268244576,0.05320243445008923,0.055498645701524366,1.0
PLAIN-1429,6,0.0,0.0,0.0,0.0,0.0,0.0,0.0,0.0,0.0,0.0,0.0,0.0,0.0,0.0,0.0,0.0,0.0,0.0,0.0,0.0,0.0,0.0,0.0,0.0,0.0,0.0,0.0,0.0,0.0,0.0,0.0,0.0,0.0,0.0,0.0,
PLAIN-1441,186,1.0,0.7039180890341347,0.5087403079104241,0.4671223597454321,0.4847750132181259,0.49147489922603077,0.34906407259354444,0.005376344086021506,0.010752688172043012,0.010752688172043012,0.021505376344086023,0.04838709677419355,0.12903225806451613,0.16129032258064516,1.0,0.6666666666666666,0.4,0.4,0.45,0.48,0.3,1.0,1.0,1.0,1.0,1.0,1.0,1.0,0.005376344086021506,0.008960573476702509,0.008960573476702509,0.013415258576548897,0.02679095098449937,0.0655049342824558,0.07787290076888201,1.0
PLAIN-1453,245,0.0,0.2960819109658652,0.21398626473452756,0.34527837610864365,0.3008370952909885,0.28530373550187615,0.268089550095084,0.0,0.004081632653061225,0.004081632653061225,0.0163265306122449,0.024489795918367346,0.05714285714285714,0.10612244897959183,0.0,0.3333333333333333,0.2,0.4,0.3,0.28,0.26,0.0,0.5,0.5,0.5,0.5,0.5,0.5,0.0,0.0020408163265306124,0.0020408163265306124,0.006370262390670553,0.010266366286774449,0.019995027027885297,0.03346066876969652,2.0
PLAIN-1463,24,1.0,0.7039180890341347,0.5087403079104241,0.4085359184257956,0.29709323380981645,0.31380879551915447,0.3350170750058543,0.041666666666666664,0.08333333333333333,0.08333333333333333,0.125,0.16666666666666666,0.25,0.2916666666666667,1.0,0.6666666666666666,0.4,0.3,0.2,0.12,0.07,1.0,1.0,1.0,1.0,1.0,1.0,1.0,0.041666666666666664,0.06944444444444443,0.06944444444444443,0.09027777777777778,0.09953703703703703,0.11342592592592593,0.11820734669095324,1.0
PLAIN-1473,1,1.0,1.0,1.0,1.0,1.0,1.0,1.0,1.0,1.0,1.0,1.0,1.0,1.0,1.0,1.0,0.3333333333333333,0.2,0.1,0.05,0.02,0.01,1.0,1.0,1.0,1.0,1.0,1.0,1.0,1.0,1.0,1.0,1.0,1.0,1.0,1.0,1.0
PLAIN-1485,54,0.0,0.0,0.0,0.0,0.0,0.0,0.03491961987846037,0.0,0.0,0.0,0.0,0.0,0.0,0.05555555555555555,0.0,0.0,0.0,0.0,0.0,0.0,0.03,0.0,0.0,0.0,0.0,0.0,0.0,0.014285714285714285,0.0,0.0,0.0,0.0,0.0,0.0,0.0013603672394647275,70.0
PLAIN-1496,1,0.0,0.0,0.0,0.0,0.0,0.0,0.0,0.0,0.0,0.0,0.0,0.0,0.0,0.0,0.0,0.0,0.0,0.0,0.0,0.0,0.0,0.0,0.0,0.0,0.0,0.0,0.0,0.0,0.0,0.0,0.0,0.0,0.0,0.0,0.0,
PLAIN-1506,15,0.0,0.2960819109658652,0.21398626473452756,0.13886244387355456,0.10764243204553911,0.10764243204553911,0.10764243204553911,0.0,0.06666666666666667,0.06666666666666667,0.06666666666666667,0.06666666666666667,0.06666666666666667,0.06666666666666667,0.0,0.3333333333333333,0.2,0.1,0.05,0.02,0.01,0.0,0.5,0.5,0.5,0.5,0.5,0.5,0.0,0.03333333333333333,0.03333333333333333,0.03333333333333333,0.03333333333333333,0.03333333333333333,0.03333333333333333,2.0
PLAIN-1516,2,0.0,0.0,0.0,0.0,0.0,0.0,0.0,0.0,0.0,0.0,0.0,0.0,0.0,0.0,0.0,0.0,0.0,0.0,0.0,0.0,0.0,0.0,0.0,0.0,0.0,0.0,0.0,0.0,0.0,0.0,0.0,0.0,0.0,0.0,0.0,
PLAIN-1527,202,1.0,1.0,1.0,0.8006937664098821,0.8379367731116941,0.5813955908994046,0.39926146823199243,0.0049504950495049506,0.01485148514851485,0.024752475247524754,0.034653465346534656,0.07920792079207921,0.1188118811881188,0.14356435643564355,1.0,1.0,1.0,0.7,0.8,0.48,0.29,1.0,1.0,1.0,1.0,1.0,1.0,1.0,0.0049504950495049506,0.01485148514851485,0.024752475247524754,0.034653465346534656,0.06959267761481691,0.09540356604946773,0.10755252031882086,1.0
PLAIN-1537,45,1.0,0.7653606369886217,0.830419897363192,0.747935059673333,0.4826928662816075,0.28302385520051854,0.28302385520051854,0.022222222222222223,0.044444444444444446,0.08888888888888889,0.15555555555555556,0.15555555555555556,0.15555555555555556,0.15555555555555556,1.0,0.6666666666666666,0.8,0.7,0.35,0.14,0.07,1.0,1.0,1.0,1.0,1.0,1.0,1.0,0.022222222222222223,0.044444444444444446,0.07888888888888888,0.12871252204585537,0.12871252204585537,0.12871252204585537,0.12871252204585537,1.0
PLAIN-1547,6,0.0,0.0,0.0,0.0,0.0,0.0,0.0,0.0,0.0,0.0,0.0,0.0,0.0,0.0,0.0,0.0,0.0,0.0,0.0,0.0,0.0,0.0,0.0,0.0,0.0,0.0,0.0,0.0,0.0,0.0,0.0,0.0,0.0,0.0,0.0,
PLAIN-1557,26,0.0,0.2960819109658652,0.34519134224686937,0.22400556151517556,0.14456587527532933,0.12200591609202126,0.14102216202906145,0.0,0.038461538461538464,0.07692307692307693,0.07692307692307693,0.07692307692307693,0.07692307692307693,0.11538461538461539,0.0,0.3333333333333333,0.4,0.2,0.1,0.04,0.03,0.0,0.5,0.5,0.5,0.5,0.5,0.5,0.0,0.019230769230769232,0.03461538461538462,0.03461538461538462,0.03461538461538462,0.03461538461538462,0.03609467455621302,2.0
PLAIN-1568,2,1.0,0.6131471927654584,0.6131471927654584,0.6131471927654584,0.7841802768331765,0.7841802768331765,0.7841802768331765,0.5,0.5,0.5,0.5,1.0,1.0,1.0,1.0,0.3333333333333333,0.2,0.1,0.1,0.04,0.02,1.0,1.0,1.0,1.0,1.0,1.0,1.0,0.5,0.5,0.5,0.5,0.5909090909090909,0.5909090909090909,0.5909090909090909,1.0
PLAIN-1579,5,0.0,0.0,0.0,0.0,0.0,0.06416923277158361,0.06416923277158361,0.0,0.0,0.0,0.0,0.0,0.2,0.2,0.0,0.0,0.0,0.0,0.0,0.02,0.01,0.0,0.0,0.0,0.0,0.0,0.02631578947368421,0.02631578947368421,0.0,0.0,0.0,0.0,0.0,0.005263157894736842,0.005263157894736842,38.0
PLAIN-1590,18,0.0,0.23463936301137822,0.16958010263680806,0.1100458831490401,0.07597375654860732,0.10472228065429465,0.12977095836517216,0.0,0.05555555555555555,0.05555555555555555,0.05555555555555555,0.05555555555555555,0.1111111111111111,0.16666666666666666,0.0,0.3333333333333333,0.2,0.1,0.05,0.04,0.03,0.0,0.3333333333333333,0.3333333333333333,0.3333333333333333,0.3333333333333333,0.3333333333333333,0.3333333333333333,0.0,0.018518518518518517,0.018518518518518517,0.018518518518518517,0.018518518518518517,0.021442495126705652,0.02396774765195818,3.0
PLAIN-1601,74,1.0,1.0,1.0,0.7788065869851875,0.6803677417087997,0.4333407483253633,0.37768707720143513,0.013513513513513514,0.04054054054054054,0.06756756756756757,0.0945945945945946,0.16216216216216217,0.21621621621621623,0.28378378378378377,1.0,1.0,1.0,0.7,0.6,0.32,0.21,1.0,1.0,1.0,1.0,1.0,1.0,1.0,0.013513513513513514,0.04054054054054054,0.06756756756756757,0.08603603603603605,0.1304943599061246,0.15562176003352474,0.17254620017801467,1.0
PLAIN-1611,6,0.0,0.0,0.0,0.0,0.0,0.0,0.0,0.0,0.0,0.0,0.0,0.0,0.0,0.0,0.0,0.0,0.0,0.0,0.0,0.0,0.0,0.0,0.0,0.0,0.0,0.0,0.0,0.0,0.0,0.0,0.0,0.0,0.0,0.0,0.0,
PLAIN-1621,4,0.0,0.0,0.0,0.0,0.0,0.0,0.0,0.0,0.0,0.0,0.0,0.0,0.0,0.0,0.0,0.0,0.0,0.0,0.0,0.0,0.0,0.0,0.0,0.0,0.0,0.0,0.0,0.0,0.0,0.0,0.0,0.0,0.0,0.0,0.0,
PLAIN-1635,431,1.0,1.0,1.0,0.8521705090845474,0.7961614614130443,0.7695226784339667,0.6596089215648813,0.002320185614849188,0.0069605568445475635,0.01160092807424594,0.018561484918793503,0.03480278422273782,0.08584686774941995,0.14153132250580047,1.0,1.0,1.0,0.8,0.75,0.74,0.61,1.0,1.0,1.0,1.0,1.0,1.0,1.0,0.002320185614849188,0.0069605568445475635,0.01160092807424594,0.017250395904688246,0.029579884030976958,0.06844261648443985,0.10644345161116554,1.0
PLAIN-1645,6,0.0,0.0,0.0,0.0,0.06889356673757306,0.06889356673757306,0.06889356673757306,0.0,0.0,0.0,0.0,0.16666666666666666,0.16666666666666666,0.16666666666666666,0.0,0.0,0.0,0.0,0.05,0.02,0.01,0.0,0.0,0.0,0.0,0.05,0.05,0.05,0.0,0.0,0.0,0.0,0.008333333333333333,0.008333333333333333,0.008333333333333333,20.0
PLAIN-1656,28,0.0,0.0,0.0,0.07336392209936006,0.1160412590147444,0.09330373384462956,0.14641490192868317,0.0,0.0,0.0,0.03571428571428571,0.10714285714285714,0.10714285714285714,0.21428571428571427,0.0,0.0,0.0,0.1,0.15,0.06,0.06,0.0,0.0,0.0,0.14285714285714285,0.14285714285714285,0.14285714285714285,0.14285714285714285,0.0,0.0,0.0,0.00510204081632653,0.01556122448979592,0.01556122448979592,0.021708372570113803,7.0
PLAIN-1667,159,1.0,0.7653606369886217,0.6843515475204855,0.72891152902702,0.7481205348678476,0.5172683625254808,0.42775472722846336,0.006289308176100629,0.012578616352201259,0.018867924528301886,0.0440251572327044,0.09433962264150944,0.13836477987421383,0.22641509433962265,1.0,0.6666666666666666,0.6,0.7,0.75,0.44,0.36,1.0,1.0,1.0,1.0,1.0,1.0,1.0,0.006289308176100629,0.012578616352201259,0.016352201257861635,0.03415693321353699,0.06924270149414725,0.09626562684750205,0.13340254006931304,1.0
PLAIN-1679,1,0.0,0.0,0.0,0.0,0.0,0.0,0.0,0.0,0.0,0.0,0.0,0.0,0.0,0.0,0.0,0.0,0.0,0.0,0.0,0.0,0.0,0.0,0.0,0.0,0.0,0.0,0.0,0.0,0.0,0.0,0.0,0.0,0.0,0.0,0.0,
PLAIN-1690,4,0.0,0.0,0.0,0.0,0.0,0.0,0.0,0.0,0.0,0.0,0.0,0.0,0.0,0.0,0.0,0.0,0.0,0.0,0.0,0.0,0.0,0.0,0.0,0.0,0.0,0.0,0.0,0.0,0.0,0.0,0.0,0.0,0.0,0.0,0.0,
PLAIN-1700,5,0.0,0.0,0.0,0.0,0.0,0.0,0.0,0.0,0.0,0.0,0.0,0.0,0.0,0.0,0.0,0.0,0.0,0.0,0.0,0.0,0.0,0.0,0.0,0.0,0.0,0.0,0.0,0.0,0.0,0.0,0.0,0.0,0.0,0.0,0.0,
PLAIN-1710,16,1.0,1.0,1.0,1.0,0.9171375457291092,0.9171375457291092,0.9171375457291092,0.0625,0.1875,0.3125,0.625,0.875,0.875,0.875,1.0,1.0,1.0,1.0,0.7,0.28,0.14,1.0,1.0,1.0,1.0,1.0,1.0,1.0,0.0625,0.1875,0.3125,0.625,0.8671875,0.8671875,0.8671875,1.0
PLAIN-1721,31,1.0,1.0,0.8539316501572937,0.6325414799409712,0.4466062558658152,0.3358650518847672,0.354178368813571,0.03225806451612903,0.0967741935483871,0.12903225806451613,0.16129032258064516,0.1935483870967742,0.1935483870967742,0.22580645161290322,1.0,1.0,0.8,0.5,0.3,0.12,0.07,1.0,1.0,1.0,1.0,1.0,1.0,1.0,0.03225806451612903,0.0967741935483871,0.12258064516129032,0.14946236559139783,0.16559139784946236,0.16559139784946236,0.1696236559139785,1.0
PLAIN-1731,3,1.0,0.7653606369886217,0.7653606369886217,0.7653606369886217,0.7653606369886217,0.7653606369886217,0.7653606369886217,0.3333333333333333,0.6666666666666666,0.6666666666666666,0.6666666666666666,0.6666666666666666,0.6666666666666666,0.6666666666666666,1.0,0.6666666666666666,0.4,0.2,0.1,0.04,0.02,1.0,1.0,1.0,1.0,1.0,1.0,1.0,0.3333333333333333,0.6666666666666666,0.6666666666666666,0.6666666666666666,0.6666666666666666,0.6666666666666666,0.6666666666666666,1.0
PLAIN-1741,420,1.0,1.0,0.8687949224876582,0.9148568823583791,0.8772031108712799,0.6664936781800319,0.44804362962690164,0.002380952380952381,0.007142857142857143,0.009523809523809525,0.02142857142857143,0.04047619047619048,0.06904761904761905,0.08095238095238096,1.0,1.0,0.8,0.9,0.85,0.58,0.34,1.0,1.0,1.0,1.0,1.0,1.0,1.0,0.002380952380952381,0.007142857142857143,0.009523809523809525,0.019891345427059712,0.0370779754260515,0.05892878709154339,0.06359840734948816,1.0
PLAIN-1752,1,0.0,0.0,0.0,0.0,0.0,0.0,0.0,0.0,0.0,0.0,0.0,0.0,0.0,0.0,0.0,0.0,0.0,0.0,0.0,0.0,0.0,0.0,0.0,0.0,0.0,0.0,0.0,0.0,0.0,0.0,0.0,0.0,0.0,0.0,0.0,
PLAIN-1762,8,1.0,0.7653606369886217,0.5531464700081437,0.4125317798925535,0.4125317798925535,0.4125317798925535,0.45468889702049636,0.125,0.25,0.25,0.25,0.25,0.25,0.375,1.0,0.6666666666666666,0.4,0.2,0.1,0.04,0.03,1.0,1.0,1.0,1.0,1.0,1.0,1.0,0.125,0.25,0.25,0.25,0.25,0.25,0.25595238095238093,1.0
PLAIN-1772,2,1.0,1.0,1.0,1.0,1.0,1.0,1.0,0.5,1.0,1.0,1.0,1.0,1.0,1.0,1.0,0.6666666666666666,0.4,0.2,0.1,0.04,0.02,1.0,1.0,1.0,1.0,1.0,1.0,1.0,0.5,1.0,1.0,1.0,1.0,1.0,1.0,1.0
PLAIN-1784,2,0.0,0.0,0.0,0.0,0.0,0.0,0.0,0.0,0.0,0.0,0.0,0.0,0.0,0.0,0.0,0.0,0.0,0.0,0.0,0.0,0.0,0.0,0.0,0.0,0.0,0.0,0.0,0.0,0.0,0.0,0.0,0.0,0.0,0.0,0.0,
PLAIN-1794,2,1.0,1.0,1.0,1.0,1.0,1.0,1.0,0.5,1.0,1.0,1.0,1.0,1.0,1.0,1.0,0.6666666666666666,0.4,0.2,0.1,0.04,0.02,1.0,1.0,1.0,1.0,1.0,1.0,1.0,0.5,1.0,1.0,1.0,1.0,1.0,1.0,1.0
PLAIN-1805,116,1.0,1.0,1.0,0.9337457765456111,0.9243767169173914,0.5687856499658033,0.366278888903275,0.008620689655172414,0.02586206896551724,0.04310344827586207,0.07758620689655173,0.15517241379310345,0.1896551724137931,0.20689655172413793,1.0,1.0,1.0,0.9,0.9,0.44,0.24,1.0,1.0,1.0,1.0,1.0,1.0,1.0,0.008620689655172414,0.02586206896551724,0.04310344827586207,0.07672413793103448,0.14856776013596498,0.17438525572220992,0.18081601211820547,1.0
PLAIN-1817,27,1.0,1.0,0.7227265726449519,0.6059848036189868,0.46087658529185654,0.42798262464289305,0.4456250353411694,0.037037037037037035,0.1111111111111111,0.1111111111111111,0.18518518518518517,0.25925925925925924,0.3333333333333333,0.37037037037037035,1.0,1.0,0.6,0.5,0.35,0.18,0.1,1.0,1.0,1.0,1.0,1.0,1.0,1.0,0.037037037037037035,0.1111111111111111,0.1111111111111111,0.15079365079365079,0.18106995884773663,0.2040329218106996,0.20781221130427482,1.0
PLAIN-1827,3,0.0,0.0,0.0,0.0,0.0,0.0,0.0,0.0,0.0,0.0,0.0,0.0,0.0,0.0,0.0,0.0,0.0,0.0,0.0,0.0,0.0,0.0,0.0,0.0,0.0,0.0,0.0,0.0,0.0,0.0,0.0,0.0,0.0,0.0,0.0,
PLAIN-1837,196,1.0,1.0,1.0,1.0,0.9313054208631413,0.9025173474279904,0.7185052576013105,0.00510204081632653,0.015306122448979591,0.025510204081632654,0.05102040816326531,0.09183673469387756,0.22448979591836735,0.33163265306122447,1.0,1.0,1.0,1.0,0.9,0.88,0.65,1.0,1.0,1.0,1.0,1.0,1.0,1.0,0.00510204081632653,0.015306122448979591,0.025510204081632654,0.05102040816326531,0.09032562586438082,0.20862614337483784,0.2907660085265412,1.0
PLAIN-1847,11,0.0,0.2960819109658652,0.21398626473452756,0.13886244387355456,0.1308303690594047,0.1308303690594047,0.23333112933528927,0.0,0.09090909090909091,0.09090909090909091,0.09090909090909091,0.09090909090909091,0.09090909090909091,0.36363636363636365,0.0,0.3333333333333333,0.2,0.1,0.05,0.02,0.04,0.0,0.5,0.5,0.5,0.5,0.5,0.5,0.0,0.045454545454545456,0.045454545454545456,0.045454545454545456,0.045454545454545456,0.045454545454545456,0.05729074846721905,2.0
PLAIN-1857,33,1.0,1.0,0.8687949224876582,0.5637884576902257,0.3638506620318612,0.26255697763654795,0.2793943709362627,0.030303030303030304,0.09090909090909091,0.12121212121212122,0.12121212121212122,0.12121212121212122,0.12121212121212122,0.15151515151515152,1.0,1.0,0.8,0.4,0.2,0.08,0.05,1.0,1.0,1.0,1.0,1.0,1.0,1.0,0.030303030303030304,0.09090909090909091,0.12121212121212122,0.12121212121212122,0.12121212121212122,0.12121212121212122,0.12347354138398914,1.0
PLAIN-1867,7,0.0,0.0,0.14606834984270645,0.11838279295536291,0.11838279295536291,0.11838279295536291,0.11838279295536291,0.0,0.0,0.14285714285714285,0.14285714285714285,0.14285714285714285,0.14285714285714285,0.14285714285714285,0.0,0.0,0.2,0.1,0.05,0.02,0.01,0.0,0.0,0.25,0.25,0.25,0.25,0.25,0.0,0.0,0.03571428571428571,0.03571428571428571,0.03571428571428571,0.03571428571428571,0.03571428571428571,4.0
PLAIN-1877,36,0.0,0.0,0.0,0.0,0.0,0.0,0.061867926372397006,0.0,0.0,0.0,0.0,0.0,0.0,0.1111111111111111,0.0,0.0,0.0,0.0,0.0,0.0,0.04,0.0,0.0,0.0,0.0,0.0,0.0,0.017857142857142856,0.0,0.0,0.0,0.0,0.0,0.0,0.003464628823416917,56.0
PLAIN-1887,4,0.0,0.0,0.0,0.0,0.0,0.0,0.0,0.0,0.0,0.0,0.0,0.0,0.0,0.0,0.0,0.0,0.0,0.0,0.0,0.0,0.0,0.0,0.0,0.0,0.0,0.0,0.0,0.0,0.0,0.0,0.0,0.0,0.0,0.0,0.0,
PLAIN-1897,2,0.0,0.0,0.0,0.0,0.0,0.0,0.09566387803065432,0.0,0.0,0.0,0.0,0.0,0.0,0.5,0.0,0.0,0.0,0.0,0.0,0.0,0.01,0.0,0.0,0.0,0.0,0.0,0.0,0.011904761904761904,0.0,0.0,0.0,0.0,0.0,0.0,0.005952380952380952,84.0
PLAIN-1909,463,1.0,0.7039180890341347,0.6548086577531307,0.49118023727106014,0.5689655889427777,0.5412819960616064,0.4663525421019306,0.0021598272138228943,0.004319654427645789,0.0064794816414686825,0.008639308855291577,0.023758099352051837,0.056155507559395246,0.09287257019438445,1.0,0.6666666666666666,0.6,0.4,0.55,0.52,0.43,1.0,1.0,1.0,1.0,1.0,1.0,1.0,0.0021598272138228943,0.0035997120230381566,0.005219582433405328,0.006179505639548835,0.014229344992589814,0.03263214584634856,0.05123116366023642,1.0
PLAIN-1919,27,1.0,1.0,1.0,1.0,0.7174242715252555,0.6575340415883522,0.7141780889322276,0.037037037037037035,0.1111111111111111,0.18518518518518517,0.37037037037037035,0.4444444444444444,0.5555555555555556,0.6666666666666666,1.0,1.0,1.0,1.0,0.6,0.3,0.18,1.0,1.0,1.0,1.0,1.0,1.0,1.0,0.037037037037037035,0.1111111111111111,0.18518518518518517,0.37037037037037035,0.4294871794871795,0.47126176292842964,0.4975696808026126,1.0
PLAIN-1929,10,1.0,0.46927872602275644,0.3391602052736161,0.2863459897524693,0.2863459897524693,0.3307713117439777,0.39861403443956095,0.1,0.1,0.1,0.2,0.2,0.3,0.5,1.0,0.3333333333333333,0.2,0.2,0.1,0.06,0.05,1.0,1.0,1.0,1.0,1.0,1.0,1.0,0.1,0.1,0.1,0.12222222222222223,0.12222222222222223,0.13222222222222224,0.1422727272727273,1.0
PLAIN-1940,12,1.0,0.7653606369886217,0.5531464700081437,0.35895421017163476,0.320245999844935,0.320245999844935,0.320245999844935,0.08333333333333333,0.16666666666666666,0.16666666666666666,0.16666666666666666,0.16666666666666666,0.16666666666666666,0.16666666666666666,1.0,0.6666666666666666,0.4,0.2,0.1,0.04,0.02,1.0,1.0,1.0,1.0,1.0,1.0,1.0,0.08333333333333333,0.16666666666666666,0.16666666666666666,0.16666666666666666,0.16666666666666666,0.16666666666666666,0.16666666666666666,1.0
PLAIN-1950,13,0.0,0.5307212739772434,0.38356636737133565,0.24890832702259466,0.25897045505941646,0.25897045505941646,0.25897045505941646,0.0,0.15384615384615385,0.15384615384615385,0.15384615384615385,0.23076923076923078,0.23076923076923078,0.23076923076923078,0.0,0.6666666666666666,0.4,0.2,0.15,0.06,0.03,0.0,0.5,0.5,0.5,0.5,0.5,0.5,0.0,0.08974358974358973,0.08974358974358973,0.08974358974358973,0.10622710622710621,0.10622710622710621,0.10622710622710621,2.0
PLAIN-1962,13,0.0,0.0,0.0,0.0,0.0,0.0364042624102587,0.0364042624102587,0.0,0.0,0.0,0.0,0.0,0.07692307692307693,0.07692307692307693,0.0,0.0,0.0,0.0,0.0,0.02,0.01,0.0,0.0,0.0,0.0,0.0,0.029411764705882353,0.029411764705882353,0.0,0.0,0.0,0.0,0.0,0.002262443438914027,0.002262443438914027,34.0
PLAIN-1972,11,0.0,0.0,0.0,0.0,0.0,0.0,0.07125699774714216,0.0,0.0,0.0,0.0,0.0,0.0,0.18181818181818182,0.0,0.0,0.0,0.0,0.0,0.0,0.02,0.0,0.0,0.0,0.0,0.0,0.0,0.01818181818181818,0.0,0.0,0.0,0.0,0.0,0.0,0.004899645808736718,55.0
PLAIN-1983,32,1.0,1.0,1.0,0.9337457765456111,0.7142870260660396,0.5637097088743434,0.5803036346907189,0.03125,0.09375,0.15625,0.28125,0.375,0.4375,0.46875,1.0,1.0,1.0,0.9,0.6,0.28,0.15,1.0,1.0,1.0,1.0,1.0,1.0,1.0,0.03125,0.09375,0.15625,0.278125,0.3564138986013986,0.37476143648018645,0.3807710518648018,1.0
PLAIN-1995,11,0.0,0.0,0.0,0.0,0.0,0.07666929631340105,0.1421909097109773,0.0,0.0,0.0,0.0,0.0,0.18181818181818182,0.36363636363636365,0.0,0.0,0.0,0.0,0.0,0.04,0.04,0.0,0.0,0.0,0.0,0.0,0.024390243902439025,0.024390243902439025,0.0,0.0,0.0,0.0,0.0,0.006546299229226058,0.014466409422063524,41.0
PLAIN-2009,8,0.0,0.0,0.14606834984270645,0.1089364926177559,0.1089364926177559,0.1089364926177559,0.1089364926177559,0.0,0.0,0.125,0.125,0.125,0.125,0.125,0.0,0.0,0.2,0.1,0.05,0.02,0.01,0.0,0.0,0.25,0.25,0.25,0.25,0.25,0.0,0.0,0.03125,0.03125,0.03125,0.03125,0.03125,4.0
PLAIN-2019,3,0.0,0.0,0.0,0.0,0.0,0.0,0.0,0.0,0.0,0.0,0.0,0.0,0.0,0.0,0.0,0.0,0.0,0.0,0.0,0.0,0.0,0.0,0.0,0.0,0.0,0.0,0.0,0.0,0.0,0.0,0.0,0.0,0.0,0.0,0.0,
PLAIN-2030,6,0.0,0.0,0.0,0.0,0.0,0.0,0.0,0.0,0.0,0.0,0.0,0.0,0.0,0.0,0.0,0.0,0.0,0.0,0.0,0.0,0.0,0.0,0.0,0.0,0.0,0.0,0.0,0.0,0.0,0.0,0.0,0.0,0.0,0.0,0.0,
PLAIN-2040,132,1.0,1.0,1.0,0.7151857987862358,0.533516920823014,0.3071818305536944,0.22775543290004943,0.007575757575757576,0.022727272727272728,0.03787878787878788,0.045454545454545456,0.06060606060606061,0.06818181818181818,0.10606060606060606,1.0,1.0,1.0,0.6,0.4,0.18,0.14,1.0,1.0,1.0,1.0,1.0,1.0,1.0,0.007575757575757576,0.022727272727272728,0.03787878787878788,0.04292929292929293,0.05078053259871442,0.05321559753377936,0.059436304311147437,1.0
PLAIN-2051,355,1.0,0.7039180890341347,0.639945385422766,0.6216966993238303,0.5411882506961923,0.4646305483833444,0.36340549505929776,0.0028169014084507044,0.005633802816901409,0.008450704225352112,0.016901408450704224,0.028169014084507043,0.059154929577464786,0.08732394366197183,1.0,0.6666666666666666,0.6,0.6,0.5,0.42,0.31,1.0,1.0,1.0,1.0,1.0,1.0,1.0,0.0028169014084507044,0.004694835680751173,0.006384976525821596,0.011445338698859824,0.017462820105518397,0.032457505075003154,0.04274679744016028,1.0
PLAIN-2061,410,1.0,0.7653606369886217,0.830419897363192,0.8205228949141828,0.7769735534612655,0.7564521692590838,0.6831069590934368,0.0024390243902439024,0.004878048780487805,0.00975609756097561,0.01951219512195122,0.036585365853658534,0.09024390243902439,0.15853658536585366,1.0,0.6666666666666666,0.8,0.8,0.75,0.74,0.65,1.0,1.0,1.0,1.0,1.0,1.0,1.0,0.0024390243902439024,0.004878048780487805,0.008658536585365853,0.0166298877274487,0.0297571833386981,0.06953516062384839,0.11844651562590472,1.0
PLAIN-2071,45,1.0,0.7039180890341347,0.639945385422766,0.47890155528769296,0.4849811016039089,0.3315185356557068,0.41289044754364607,0.022222222222222223,0.044444444444444446,0.06666666666666667,0.08888888888888889,0.2,0.26666666666666666,0.4,1.0,0.6666666666666666,0.6,0.4,0.45,0.24,0.18,1.0,1.0,1.0,1.0,1.0,1.0,1.0,0.022222222222222223,0.037037037037037035,0.05037037037037037,0.059259259259259255,0.10862092700327992,0.12764554168006853,0.15707152538669403,1.0
PLAIN-2081,1,0.0,0.6309297535714575,0.6309297535714575,0.6309297535714575,0.6309297535714575,0.6309297535714575,0.6309297535714575,0.0,1.0,1.0,1.0,1.0,1.0,1.0,0.0,0.3333333333333333,0.2,0.1,0.05,0.02,0.01,0.0,0.5,0.5,0.5,0.5,0.5,0.5,0.0,0.5,0.5,0.5,0.5,0.5,0.5,2.0
PLAIN-2092,10,1.0,1.0,1.0,0.6489315753318466,0.6489315753318466,0.6489315753318466,0.6489315753318466,0.1,0.3,0.5,0.5,0.5,0.5,0.5,1.0,1.0,1.0,0.5,0.25,0.1,0.05,1.0,1.0,1.0,1.0,1.0,1.0,1.0,0.1,0.3,0.5,0.5,0.5,0.5,0.5,1.0
PLAIN-2102,421,1.0,0.7653606369886217,0.6992148198508501,0.6651928536555898,0.6784532977056968,0.664781443376094,0.5633800016662397,0.0023752969121140144,0.004750593824228029,0.007125890736342043,0.014251781472684086,0.030878859857482184,0.07600950118764846,0.12351543942992874,1.0,0.6666666666666666,0.6,0.6,0.65,0.64,0.52,1.0,1.0,1.0,1.0,1.0,1.0,1.0,0.0023752969121140144,0.004750593824228029,0.006532066508313539,0.011025336500395881,0.02185480936924132,0.053837903047548714,0.08112320234188466,1.0
PLAIN-2113,1,0.0,0.0,0.0,0.0,0.0,0.0,0.0,0.0,0.0,0.0,0.0,0.0,0.0,0.0,0.0,0.0,0.0,0.0,0.0,0.0,0.0,0.0,0.0,0.0,0.0,0.0,0.0,0.0,0.0,0.0,0.0,0.0,0.0,0.0,0.0,
PLAIN-2124,17,1.0,1.0,0.7227265726449519,0.7506372960520511,0.6617610902428553,0.7213481583746003,0.7213481583746003,0.058823529411764705,0.17647058823529413,0.17647058823529413,0.4117647058823529,0.5882352941176471,0.7058823529411765,0.7058823529411765,1.0,1.0,0.6,0.7,0.5,0.24,0.12,1.0,1.0,1.0,1.0,1.0,1.0,1.0,0.058823529411764705,0.17647058823529413,0.17647058823529413,0.3380952380952381,0.4600517129928895,0.4954987235344523,0.4954987235344523,1.0
PLAIN-2134,12,0.0,0.0,0.0,0.0,0.0,0.0,0.0,0.0,0.0,0.0,0.0,0.0,0.0,0.0,0.0,0.0,0.0,0.0,0.0,0.0,0.0,0.0,0.0,0.0,0.0,0.0,0.0,0.0,0.0,0.0,0.0,0.0,0.0,0.0,0.0,
PLAIN-2145,9,0.0,0.0,0.0,0.0,0.0617346042662763,0.0617346042662763,0.0617346042662763,0.0,0.0,0.0,0.0,0.1111111111111111,0.1111111111111111,0.1111111111111111,0.0,0.0,0.0,0.0,0.05,0.02,0.01,0.0,0.0,0.0,0.0,0.07692307692307693,0.07692307692307693,0.07692307692307693,0.0,0.0,0.0,0.0,0.008547008547008548,0.008547008547008548,0.008547008547008548,13.0
PLAIN-2156,6,1.0,1.0,0.7227265726449519,0.644824486427155,0.644824486427155,0.644824486427155,0.644824486427155,0.16666666666666666,0.5,0.5,0.5,0.5,0.5,0.5,1.0,1.0,0.6,0.3,0.15,0.06,0.03,1.0,1.0,1.0,1.0,1.0,1.0,1.0,0.16666666666666666,0.5,0.5,0.5,0.5,0.5,0.5,1.0
PLAIN-2167,1,0.0,0.0,0.0,0.0,0.0,0.0,0.0,0.0,0.0,0.0,0.0,0.0,0.0,0.0,0.0,0.0,0.0,0.0,0.0,0.0,0.0,0.0,0.0,0.0,0.0,0.0,0.0,0.0,0.0,0.0,0.0,0.0,0.0,0.0,0.0,
PLAIN-2177,24,1.0,0.7039180890341347,0.7860137352654724,0.510069131458292,0.36204693346808065,0.32187161255716573,0.36101067620425686,0.041666666666666664,0.08333333333333333,0.16666666666666666,0.16666666666666666,0.20833333333333334,0.20833333333333334,0.2916666666666667,1.0,0.6666666666666666,0.8,0.4,0.25,0.1,0.07,1.0,1.0,1.0,1.0,1.0,1.0,1.0,0.041666666666666664,0.06944444444444443,0.13402777777777777,0.13402777777777777,0.14499269005847953,0.14499269005847953,0.15121563378142325,1.0
PLAIN-2187,9,0.0,0.0,0.0,0.0,0.0,0.0,0.0,0.0,0.0,0.0,0.0,0.0,0.0,0.0,0.0,0.0,0.0,0.0,0.0,0.0,0.0,0.0,0.0,0.0,0.0,0.0,0.0,0.0,0.0,0.0,0.0,0.0,0.0,0.0,0.0,
PLAIN-2197,58,1.0,1.0,0.8687949224876582,0.7702043899253147,0.638245381658559,0.4099593277093684,0.3939289599052679,0.017241379310344827,0.05172413793103448,0.06896551724137931,0.1206896551724138,0.1896551724137931,0.25862068965517243,0.29310344827586204,1.0,1.0,0.8,0.7,0.55,0.3,0.17,1.0,1.0,1.0,1.0,1.0,1.0,1.0,0.017241379310344827,0.05172413793103448,0.06896551724137931,0.10628078817733991,0.14846088575671157,0.17756108520975789,0.18704480275032018,1.0
PLAIN-2209,2,0.0,0.0,0.0,0.0,0.0,0.11038570254939233,0.11038570254939233,0.0,0.0,0.0,0.0,0.0,0.5,0.5,0.0,0.0,0.0,0.0,0.0,0.02,0.01,0.0,0.0,0.0,0.0,0.0,0.021739130434782608,0.021739130434782608,0.0,0.0,0.0,0.0,0.0,0.010869565217391304,0.010869565217391304,46.0
PLAIN-2220,9,1.0,0.7653606369886217,0.5531464700081437,0.3833427799846345,0.3833427799846345,0.3833427799846345,0.3833427799846345,0.1111111111111111,0.2222222222222222,0.2222222222222222,0.2222222222222222,0.2222222222222222,0.2222222222222222,0.2222222222222222,1.0,0.6666666666666666,0.4,0.2,0.1,0.04,0.02,1.0,1.0,1.0,1.0,1.0,1.0,1.0,0.1111111111111111,0.2222222222222222,0.2222222222222222,0.2222222222222222,0.2222222222222222,0.2222222222222222,0.2222222222222222,1.0
PLAIN-2230,7,0.0,0.0,0.0,0.0,0.0,0.0,0.0,0.0,0.0,0.0,0.0,0.0,0.0,0.0,0.0,0.0,0.0,0.0,0.0,0.0,0.0,0.0,0.0,0.0,0.0,0.0,0.0,0.0,0.0,0.0,0.0,0.0,0.0,0.0,0.0,
PLAIN-2240,11,1.0,1.0,0.7227265726449519,0.46900009332067494,0.4418722124314035,0.4418722124314035,0.4418722124314035,0.09090909090909091,0.2727272727272727,0.2727272727272727,0.2727272727272727,0.2727272727272727,0.2727272727272727,0.2727272727272727,1.0,1.0,0.6,0.3,0.15,0.06,0.03,1.0,1.0,1.0,1.0,1.0,1.0,1.0,0.09090909090909091,0.2727272727272727,0.2727272727272727,0.2727272727272727,0.2727272727272727,0.2727272727272727,0.2727272727272727,1.0
PLAIN-2250,2,0.0,0.0,0.0,0.0,0.0,0.0,0.0,0.0,0.0,0.0,0.0,0.0,0.0,0.0,0.0,0.0,0.0,0.0,0.0,0.0,0.0,0.0,0.0,0.0,0.0,0.0,0.0,0.0,0.0,0.0,0.0,0.0,0.0,0.0,0.0,
PLAIN-2261,60,1.0,1.0,0.8687949224876582,0.7007731679885375,0.45225612129663606,0.2613371637052907,0.27617519879990193,0.016666666666666666,0.05,0.06666666666666667,0.1,0.1,0.11666666666666667,0.18333333333333332,1.0,1.0,0.8,0.6,0.3,0.14,0.11,1.0,1.0,1.0,1.0,1.0,1.0,1.0,0.016666666666666666,0.05,0.06666666666666667,0.08857142857142856,0.08857142857142856,0.09148809523809523,0.10139770723104057,1.0
PLAIN-2271,10,0.0,0.0,0.0,0.0,0.0,0.0,0.03350024405696092,0.0,0.0,0.0,0.0,0.0,0.0,0.1,0.0,0.0,0.0,0.0,0.0,0.0,0.01,0.0,0.0,0.0,0.0,0.0,0.0,0.010638297872340425,0.0,0.0,0.0,0.0,0.0,0.0,0.0010638297872340426,94.0
PLAIN-2281,1,0.0,0.0,0.0,0.0,0.0,0.0,0.0,0.0,0.0,0.0,0.0,0.0,0.0,0.0,0.0,0.0,0.0,0.0,0.0,0.0,0.0,0.0,0.0,0.0,0.0,0.0,0.0,0.0,0.0,0.0,0.0,0.0,0.0,0.0,0.0,
PLAIN-2291,5,0.0,0.0,0.0,0.0,0.0,0.13870518046119135,0.13870518046119135,0.0,0.0,0.0,0.0,0.0,0.4,0.4,0.0,0.0,0.0,0.0,0.0,0.04,0.02,0.0,0.0,0.0,0.0,0.0,0.045454545454545456,0.045454545454545456,0.0,0.0,0.0,0.0,0.0,0.01934731934731935,0.01934731934731935,22.0
PLAIN-2301,13,0.0,0.0,0.0,0.0,0.04568304891751106,0.08009489083206935,0.17130683123542126,0.0,0.0,0.0,0.0,0.07692307692307693,0.15384615384615385,0.38461538461538464,0.0,0.0,0.0,0.0,0.05,0.04,0.05,0.0,0.0,0.0,0.0,0.0625,0.0625,0.0625,0.0,0.0,0.0,0.0,0.004807692307692308,0.00847069597069597,0.021521479807486168,16.0
PLAIN-2311,2,0.0,0.0,0.0,0.0,0.0,0.0,0.0,0.0,0.0,0.0,0.0,0.0,0.0,0.0,0.0,0.0,0.0,0.0,0.0,0.0,0.0,0.0,0.0,0.0,0.0,0.0,0.0,0.0,0.0,0.0,0.0,0.0,0.0,0.0,0.0,
PLAIN-2321,5,0.0,0.0,0.0,0.0,0.0,0.0,0.05591085040541939,0.0,0.0,0.0,0.0,0.0,0.0,0.2,0.0,0.0,0.0,0.0,0.0,0.0,0.01,0.0,0.0,0.0,0.0,0.0,0.0,0.015151515151515152,0.0,0.0,0.0,0.0,0.0,0.0,0.0030303030303030303,66.0
PLAIN-2332,97,1.0,0.46927872602275644,0.3391602052736161,0.2895229882348575,0.25929629365669443,0.32062950010122354,0.28972627582645566,0.010309278350515464,0.010309278350515464,0.010309278350515464,0.020618556701030927,0.041237113402061855,0.16494845360824742,0.27835051546391754,1.0,0.3333333333333333,0.2,0.2,0.2,0.32,0.27,1.0,1.0,1.0,1.0,1.0,1.0,1.0,0.010309278350515464,0.010309278350515464,0.010309278350515464,0.01288659793814433,0.017889630078835657,0.05190774646297833,0.08799430729550771,1.0
PLAIN-2343,2,0.0,0.0,0.0,0.0,0.0,0.0,0.0,0.0,0.0,0.0,0.0,0.0,0.0,0.0,0.0,0.0,0.0,0.0,0.0,0.0,0.0,0.0,0.0,0.0,0.0,0.0,0.0,0.0,0.0,0.0,0.0,0.0,0.0,0.0,0.0,
PLAIN-2354,5,1.0,0.7653606369886217,0.5531464700081437,0.5531464700081437,0.5531464700081437,0.6192688118935837,0.6192688118935837,0.2,0.4,0.4,0.4,0.4,0.6,0.6,1.0,0.6666666666666666,0.4,0.2,0.1,0.06,0.03,1.0,1.0,1.0,1.0,1.0,1.0,1.0,0.2,0.4,0.4,0.4,0.4,0.4176470588235294,0.4176470588235294,1.0
PLAIN-2364,15,0.0,0.0,0.0,0.0,0.0,0.0,0.0,0.0,0.0,0.0,0.0,0.0,0.0,0.0,0.0,0.0,0.0,0.0,0.0,0.0,0.0,0.0,0.0,0.0,0.0,0.0,0.0,0.0,0.0,0.0,0.0,0.0,0.0,0.0,0.0,
PLAIN-2375,2,0.0,0.0,0.0,0.0,0.0,0.10863976191957724,0.10863976191957724,0.0,0.0,0.0,0.0,0.0,0.5,0.5,0.0,0.0,0.0,0.0,0.0,0.02,0.01,0.0,0.0,0.0,0.0,0.0,0.02040816326530612,0.02040816326530612,0.0,0.0,0.0,0.0,0.0,0.01020408163265306,0.01020408163265306,49.0
PLAIN-2386,19,0.0,0.0,0.0,0.0,0.0,0.028617425845644365,0.028617425845644365,0.0,0.0,0.0,0.0,0.0,0.05263157894736842,0.05263157894736842,0.0,0.0,0.0,0.0,0.0,0.02,0.01,0.0,0.0,0.0,0.0,0.0,0.029411764705882353,0.029411764705882353,0.0,0.0,0.0,0.0,0.0,0.001547987616099071,0.001547987616099071,34.0
PLAIN-2396,18,0.0,0.0,0.0,0.0,0.0,0.0,0.0,0.0,0.0,0.0,0.0,0.0,0.0,0.0,0.0,0.0,0.0,0.0,0.0,0.0,0.0,0.0,0.0,0.0,0.0,0.0,0.0,0.0,0.0,0.0,0.0,0.0,0.0,0.0,0.0,
PLAIN-2408,5,0.0,0.0,0.0,0.0,0.0,0.0,0.0,0.0,0.0,0.0,0.0,0.0,0.0,0.0,0.0,0.0,0.0,0.0,0.0,0.0,0.0,0.0,0.0,0.0,0.0,0.0,0.0,0.0,0.0,0.0,0.0,0.0,0.0,0.0,0.0,
PLAIN-2430,46,1.0,1.0,0.7227265726449519,0.536842816016258,0.43627494600270816,0.39990885822317407,0.4541362079042793,0.021739130434782608,0.06521739130434782,0.06521739130434782,0.10869565217391304,0.17391304347826086,0.30434782608695654,0.391304347826087,1.0,1.0,0.6,0.5,0.4,0.28,0.18,1.0,1.0,1.0,1.0,1.0,1.0,1.0,0.021739130434782608,0.06521739130434782,0.06521739130434782,0.08816425120772946,0.11820652173913043,0.16363087832077602,0.18354282882234546,1.0
PLAIN-2440,21,0.0,0.0,0.0,0.0,0.0,0.0,0.0,0.0,0.0,0.0,0.0,0.0,0.0,0.0,0.0,0.0,0.0,0.0,0.0,0.0,0.0,0.0,0.0,0.0,0.0,0.0,0.0,0.0,0.0,0.0,0.0,0.0,0.0,0.0,0.0,
PLAIN-2450,38,0.0,0.2960819109658652,0.21398626473452756,0.2816575879096919,0.256930648028664,0.24931297098298355,0.2690060672335628,0.0,0.02631578947368421,0.02631578947368421,0.07894736842105263,0.10526315789473684,0.18421052631578946,0.23684210526315788,0.0,0.3333333333333333,0.2,0.3,0.2,0.14,0.09,0.0,0.5,0.5,0.5,0.5,0.5,0.5,0.0,0.013157894736842105,0.013157894736842105,0.030545112781954886,0.04011449077238551,0.05508421682833777,0.06034445439687417,2.0
PLAIN-2460,31,0.0,0.2960819109658652,0.21398626473452756,0.20701021258408808,0.3350307728573503,0.3461921821862337,0.4275118716783123,0.0,0.03225806451612903,0.03225806451612903,0.06451612903225806,0.22580645161290322,0.3548387096774194,0.5161290322580645,0.0,0.3333333333333333,0.2,0.2,0.35,0.22,0.16,0.0,0.5,0.5,0.5,0.5,0.5,0.5,0.0,0.016129032258064516,0.016129032258064516,0.02258064516129032,0.0755591972859525,0.10364434927303742,0.13860500635015796,2.0
PLAIN-2470,73,1.0,0.617319681505689,0.5773584151532217,0.49654178859723674,0.4988982176549452,0.414873871719064,0.39142466870985665,0.0136986301369863,0.0273972602739726,0.0410958904109589,0.0547945205479452,0.1095890410958904,0.2054794520547945,0.2876712328767123,1.0,0.6666666666666666,0.6,0.4,0.4,0.3,0.21,1.0,1.0,1.0,1.0,1.0,1.0,1.0,0.0136986301369863,0.0273972602739726,0.03561643835616438,0.04246575342465753,0.06684730794319835,0.10034275389433508,0.12174402305491731,1.0
PLAIN-2480,18,1.0,0.5865984075284455,0.48955279534819107,0.32812402111870137,0.26642016319223527,0.30367642125474587,0.36459514664574016,0.05555555555555555,0.1111111111111111,0.16666666666666666,0.16666666666666666,0.16666666666666666,0.2222222222222222,0.3888888888888889,1.0,0.6666666666666666,0.6,0.3,0.15,0.08,0.07,1.0,1.0,1.0,1.0,1.0,1.0,1.0,0.05555555555555555,0.09259259259259259,0.1259259259259259,0.1259259259259259,0.1259259259259259,0.13333333333333333,0.14702546349666656,1.0
PLAIN-2490,23,0.0,0.0,0.0,0.0,0.0,0.05804434267018217,0.10290830212392352,0.0,0.0,0.0,0.0,0.0,0.08695652173913043,0.21739130434782608,0.0,0.0,0.0,0.0,0.0,0.04,0.05,0.0,0.0,0.0,0.0,0.0,0.043478260869565216,0.043478260869565216,0.0,0.0,0.0,0.0,0.0,0.0038666437532222033,0.010460150721226797,23.0
PLAIN-2500,7,0.0,0.0,0.0,0.13521046138463966,0.27557793324985147,0.30993834753520266,0.3395498783392969,0.0,0.0,0.0,0.14285714285714285,0.42857142857142855,0.5714285714285714,0.7142857142857143,0.0,0.0,0.0,0.1,0.15,0.08,0.05,0.0,0.0,0.0,0.16666666666666666,0.16666666666666666,0.16666666666666666,0.16666666666666666,0.0,0.0,0.0,0.023809523809523808,0.06564625850340136,0.07834467120181407,0.08684807256235828,6.0
PLAIN-2510,46,1.0,1.0,0.8687949224876582,0.6739971207683769,0.6926294850663174,0.6301981905815085,0.6833466526993865,0.021739130434782608,0.06521739130434782,0.08695652173913043,0.13043478260869565,0.2826086956521739,0.4782608695652174,0.6086956521739131,1.0,1.0,0.8,0.6,0.65,0.44,0.28,1.0,1.0,1.0,1.0,1.0,1.0,1.0,0.021739130434782608,0.06521739130434782,0.08695652173913043,0.1181159420289855,0.21349514722276866,0.3231644902426208,0.36982600268652116,1.0
PLAIN-2520,73,0.0,0.0,0.0,0.06362078819895173,0.0844516150572071,0.14413014634532437,0.14876240842688812,0.0,0.0,0.0,0.0136986301369863,0.0410958904109589,0.136986301369863,0.1643835616438356,0.0,0.0,0.0,0.1,0.15,0.2,0.12,0.0,0.0,0.0,0.1,0.1,0.1,0.1,0.0,0.0,0.0,0.0013698630136986301,0.0055321390937829295,0.026413908263223332,0.031177153399896882,10.0
PLAIN-2530,72,1.0,1.0,1.0,0.932157277304417,0.8364478773045383,0.6270464739265778,0.5531518124557473,0.013888888888888888,0.041666666666666664,0.06944444444444445,0.1388888888888889,0.2222222222222222,0.2916666666666667,0.3472222222222222,1.0,1.0,1.0,1.0,0.8,0.42,0.25,1.0,1.0,1.0,1.0,1.0,1.0,1.0,0.013888888888888888,0.041666666666666664,0.06944444444444445,0.1388888888888889,0.21688453159041396,0.2550376382780034,0.27454506459574246,1.0
PLAIN-2540,21,0.0,0.11731968150568911,0.21599512883074581,0.2789134165702115,0.21725956370477387,0.24504157687074088,0.32723631241947937,0.0,0.047619047619047616,0.09523809523809523,0.19047619047619047,0.19047619047619047,0.2857142857142857,0.5238095238095238,0.0,0.3333333333333333,0.4,0.4,0.2,0.12,0.11,0.0,0.3333333333333333,0.3333333333333333,0.3333333333333333,0.3333333333333333,0.3333333333333333,0.3333333333333333,0.0,0.015873015873015872,0.03492063492063492,0.06984126984126984,0.06984126984126984,0.08228715728715728,0.10866889929825299,3.0
PLAIN-2550,25,0.0,0.0,0.0,0.11690857395343693,0.13420507105466625,0.17386455773553436,0.18920370071604795,0.0,0.0,0.0,0.08,0.12,0.2,0.24,0.0,0.0,0.0,0.2,0.15,0.1,0.06,0.0,0.0,0.0,0.125,0.125,0.125,0.125,0.0,0.0,0.0,0.013888888888888888,0.020555555555555553,0.0333028083028083,0.03800869065574948,8.0
PLAIN-2560,21,1.0,1.0,1.0,0.9363792118010483,0.7643134281510992,0.766994196101546,0.8207878057212761,0.047619047619047616,0.14285714285714285,0.23809523809523808,0.42857142857142855,0.47619047619047616,0.5238095238095238,0.6666666666666666,1.0,1.0,1.0,0.9,0.5,0.22,0.14,1.0,1.0,1.0,1.0,1.0,1.0,1.0,0.047619047619047616,0.14285714285714285,0.23809523809523808,0.42857142857142855,0.4718614718614718,0.489923869234214,0.514948023823586,1.0
PLAIN-2570,40,0.0,0.2960819109658652,0.2870204396558808,0.2504098861819999,0.3151306151285033,0.30470228890404455,0.3373716687113616,0.0,0.025,0.05,0.075,0.175,0.3,0.35,0.0,0.3333333333333333,0.4,0.3,0.35,0.24,0.14,0.0,0.5,0.5,0.5,0.5,0.5,0.5,0.0,0.0125,0.025,0.0375,0.07721469706763824,0.10732961803602561,0.1163271273760007,2.0
PLAIN-2580,23,0.0,0.1480409554829326,0.29379181377743263,0.22358008968550797,0.1627140584764724,0.15173786462704575,0.15173786462704575,0.0,0.043478260869565216,0.08695652173913043,0.08695652173913043,0.08695652173913043,0.08695652173913043,0.08695652173913043,0.0,0.3333333333333333,0.4,0.2,0.1,0.04,0.02,0.0,0.5,0.5,0.5,0.5,0.5,0.5,0.0,0.021739130434782608,0.043478260869565216,0.043478260869565216,0.043478260869565216,0.043478260869565216,0.043478260869565216,2.0
PLAIN-2590,63,0.0,0.41340159247155434,0.2987763160529316,0.20025559484057834,0.2271939258061914,0.14960748192678433,0.14897994223545194,0.0,0.031746031746031744,0.031746031746031744,0.031746031746031744,0.06349206349206349,0.06349206349206349,0.07936507936507936,0.0,0.6666666666666666,0.4,0.2,0.2,0.08,0.05,0.0,0.5,0.5,0.5,0.5,0.5,0.5,0.0,0.018518518518518517,0.018518518518518517,0.018518518518518517,0.02773152773152773,0.02773152773152773,0.028789728789728786,2.0
PLAIN-2600,10,1.0,1.0,0.773468039695752,0.5998254955960036,0.6378595355817522,0.6378595355817522,0.6378595355817522,0.1,0.3,0.3,0.3,0.4,0.4,0.4,1.0,1.0,0.6,0.3,0.2,0.08,0.04,1.0,1.0,1.0,1.0,1.0,1.0,1.0,0.1,0.3,0.3,0.3,0.33333333333333337,0.33333333333333337,0.33333333333333337,1.0
PLAIN-2610,61,0.0,0.0,0.13120507751234178,0.22716217481924805,0.26386132316298216,0.20890498333621582,0.1971997517384174,0.0,0.0,0.01639344262295082,0.04918032786885246,0.09836065573770492,0.14754098360655737,0.16393442622950818,0.0,0.0,0.2,0.3,0.3,0.18,0.1,0.0,0.0,0.2,0.2,0.2,0.2,0.2,0.0,0.0,0.003278688524590164,0.01366120218579235,0.029955740177533812,0.04158649478761844,0.04427394439793825,5.0
PLAIN-2620,55,0.0,0.0,0.0,0.1061131829864573,0.08974359430925713,0.10631195536043919,0.1654112799090637,0.0,0.0,0.0,0.03636363636363636,0.05454545454545454,0.09090909090909091,0.16363636363636364,0.0,0.0,0.0,0.2,0.15,0.1,0.09,0.0,0.0,0.0,0.14285714285714285,0.14285714285714285,0.14285714285714285,0.14285714285714285,0.0,0.0,0.0,0.007142857142857143,0.012101534828807554,0.018630593531779302,0.02650629895786538,7.0
PLAIN-2630,48,1.0,0.7653606369886217,0.6843515475204855,0.6594803070902427,0.47868209082927404,0.38144473546559604,0.41356630434628733,0.020833333333333332,0.041666666666666664,0.0625,0.125,0.16666666666666666,0.22916666666666666,0.2708333333333333,1.0,0.6666666666666666,0.6,0.6,0.4,0.22,0.13,1.0,1.0,1.0,1.0,1.0,1.0,1.0,0.020833333333333332,0.041666666666666664,0.05416666666666667,0.09543650793650793,0.11511243386243386,0.13459524913013285,0.14139111263682583,1.0
PLAIN-2640,48,0.5,0.5,0.565602538756171,0.5982852081248282,0.6234372649611177,0.4869001924716957,0.537075905544809,0.020833333333333332,0.0625,0.10416666666666667,0.20833333333333334,0.3125,0.4166666666666667,0.5,1.0,1.0,1.0,1.0,0.75,0.4,0.24,1.0,1.0,1.0,1.0,1.0,1.0,1.0,0.020833333333333332,0.0625,0.10416666666666667,0.20833333333333334,0.29923485419808954,0.347698355862196,0.37785994174312143,1.0
PLAIN-2650,29,1.0,1.0,1.0,0.6489315753318466,0.5375256211731438,0.5460597208310503,0.5708317972162689,0.034482758620689655,0.10344827586206896,0.1724137931034483,0.1724137931034483,0.20689655172413793,0.3103448275862069,0.3448275862068966,1.0,1.0,1.0,0.5,0.3,0.18,0.1,1.0,1.0,1.0,1.0,1.0,1.0,1.0,0.034482758620689655,0.10344827586206896,0.1724137931034483,0.1724137931034483,0.18458417849898578,0.2072296148903536,0.21327922166591318,1.0
PLAIN-2660,27,1.0,0.7039180890341347,0.5087403079104241,0.39375843764607205,0.3245380990818963,0.37262185138736514,0.37262185138736514,0.037037037037037035,0.07407407407407407,0.07407407407407407,0.1111111111111111,0.18518518518518517,0.2962962962962963,0.2962962962962963,1.0,0.6666666666666666,0.4,0.3,0.25,0.16,0.08,1.0,1.0,1.0,1.0,1.0,1.0,1.0,0.037037037037037035,0.06172839506172839,0.06172839506172839,0.0728395061728395,0.09431476294221391,0.12207034445033091,0.12207034445033091,1.0
PLAIN-2670,35,1.0,0.46927872602275644,0.3937481555797838,0.29964840342598303,0.272592518781634,0.20365441197488743,0.2167734032923629,0.02857142857142857,0.02857142857142857,0.02857142857142857,0.02857142857142857,0.05714285714285714,0.05714285714285714,0.08571428571428572,1.0,0.3333333333333333,0.2,0.1,0.1,0.04,0.03,1.0,1.0,1.0,1.0,1.0,1.0,1.0,0.02857142857142857,0.02857142857142857,0.02857142857142857,0.02857142857142857,0.03238095238095238,0.03238095238095238,0.033555120678408344,1.0
PLAIN-2680,14,0.0,0.0,0.13120507751234178,0.14397047852848383,0.180522112216785,0.2276978817223974,0.26337989551549634,0.0,0.0,0.07142857142857142,0.14285714285714285,0.21428571428571427,0.2857142857142857,0.42857142857142855,0.0,0.0,0.2,0.2,0.15,0.08,0.06,0.0,0.0,0.2,0.2,0.2,0.2,0.2,0.0,0.0,0.014285714285714287,0.03809523809523809,0.05070028011204482,0.06168929110105581,0.0718101226504588,5.0
PLAIN-2690,43,1.0,0.617319681505689,0.5922216874835864,0.3843113526044083,0.37455360550996525,0.3099713910232158,0.32907867670511426,0.023255813953488372,0.046511627906976744,0.06976744186046512,0.06976744186046512,0.16279069767441862,0.23255813953488372,0.2558139534883721,1.0,0.6666666666666666,0.6,0.3,0.35,0.2,0.11,1.0,1.0,1.0,1.0,1.0,1.0,1.0,0.023255813953488372,0.046511627906976744,0.06395348837209303,0.06395348837209303,0.0965095551962857,0.11784868118657447,0.12172465017882254,1.0
PLAIN-2700,10,0.0,0.2960819109658652,0.24842742676916893,0.2835856399974543,0.44077836076906624,0.4697583172812388,0.4946362733218629,0.0,0.1,0.1,0.2,0.5,0.6,0.7,0.0,0.3333333333333333,0.2,0.2,0.25,0.12,0.07,0.0,0.5,0.5,0.5,0.5,0.5,0.5,0.0,0.05,0.05,0.075,0.16893939393939392,0.18608225108225107,0.19701975108225106,2.0
PLAIN-2710,21,1.0,1.0,0.8613632863224759,0.6779733527921183,0.5085121074774102,0.4973468259924507,0.4973468259924507,0.047619047619047616,0.14285714285714285,0.23809523809523808,0.23809523809523808,0.23809523809523808,0.23809523809523808,0.23809523809523808,1.0,1.0,1.0,0.5,0.25,0.1,0.05,1.0,1.0,1.0,1.0,1.0,1.0,1.0,0.047619047619047616,0.14285714285714285,0.23809523809523808,0.23809523809523808,0.23809523809523808,0.23809523809523808,0.23809523809523808,1.0
PLAIN-2720,36,0.0,0.11731968150568911,0.08479005131840403,0.12445416351129733,0.11058244595556938,0.13863248045990642,0.21980297991398506,0.0,0.027777777777777776,0.027777777777777776,0.05555555555555555,0.08333333333333333,0.1388888888888889,0.2777777777777778,0.0,0.3333333333333333,0.2,0.2,0.15,0.1,0.1,0.0,0.3333333333333333,0.3333333333333333,0.3333333333333333,0.3333333333333333,0.3333333333333333,0.3333333333333333,0.0,0.009259259259259259,0.009259259259259259,0.016203703703703703,0.021105664488017428,0.02929018829754124,0.04371196089647887,3.0
PLAIN-2730,29,1.0,1.0,0.8539316501572937,0.5926269253823543,0.48262071902711823,0.4427638775293642,0.507008344303282,0.034482758620689655,0.10344827586206896,0.13793103448275862,0.13793103448275862,0.1724137931034483,0.20689655172413793,0.3448275862068966,1.0,1.0,0.8,0.4,0.25,0.12,0.1,1.0,1.0,1.0,1.0,1.0,1.0,1.0,0.034482758620689655,0.10344827586206896,0.13103448275862067,0.13103448275862067,0.1454022988505747,0.15279146141215108,0.17111649411234914,1.0
PLAIN-2740,50,1.0,0.7653606369886217,0.6992148198508501,0.5948391587954981,0.5260173845037902,0.3315777300899661,0.3525936793771559,0.02,0.04,0.06,0.08,0.12,0.12,0.16,1.0,0.6666666666666666,0.6,0.4,0.3,0.12,0.08,1.0,1.0,1.0,1.0,1.0,1.0,1.0,0.02,0.04,0.055,0.06642857142857142,0.08257830404889228,0.08257830404889228,0.08730422997481821,1.0
PLAIN-2750,59,1.0,0.7039180890341347,0.6473770215879483,0.6384111480615605,0.6279324128310186,0.4723167122849425,0.45092383776557793,0.01694915254237288,0.03389830508474576,0.06779661016949153,0.13559322033898305,0.2033898305084746,0.2711864406779661,0.3050847457627119,1.0,0.6666666666666666,0.8,0.8,0.6,0.32,0.18,1.0,1.0,1.0,1.0,1.0,1.0,1.0,0.01694915254237288,0.028248587570621465,0.054519774011299434,0.11306833467850416,0.15986087829308168,0.1970930438242481,0.20714564464248306,1.0
PLAIN-2760,8,0.0,0.3354350434265105,0.4445058452794338,0.3645095642090819,0.3645095642090819,0.3645095642090819,0.3645095642090819,0.0,0.125,0.25,0.25,0.25,0.25,0.25,0.0,0.3333333333333333,0.4,0.2,0.1,0.04,0.02,0.0,0.5,0.5,0.5,0.5,0.5,0.5,0.0,0.0625,0.1125,0.1125,0.1125,0.1125,0.1125,2.0
PLAIN-2770,41,1.0,0.46927872602275644,0.4121943801949693,0.3951355975933885,0.3998246968032124,0.43992537162083256,0.48122691590007394,0.024390243902439025,0.024390243902439025,0.04878048780487805,0.0975609756097561,0.1951219512195122,0.43902439024390244,0.5121951219512195,1.0,0.3333333333333333,0.4,0.4,0.4,0.36,0.21,1.0,1.0,1.0,1.0,1.0,1.0,1.0,0.024390243902439025,0.024390243902439025,0.036585365853658534,0.0627177700348432,0.10888867230330646,0.2002462980895674,0.22075443788967103,1.0
PLAIN-2780,22,1.0,0.7346393630113782,0.6039775638806372,0.5422315034363078,0.44090269708398516,0.4747762088096601,0.4883098937245523,0.045454545454545456,0.13636363636363635,0.18181818181818182,0.2727272727272727,0.3181818181818182,0.4090909090909091,0.45454545454545453,1.0,1.0,0.8,0.6,0.35,0.18,0.1,1.0,1.0,1.0,1.0,1.0,1.0,1.0,0.045454545454545456,0.13636363636363635,0.18181818181818182,0.25865800865800864,0.2773745861981156,0.30133211015563954,0.30655677055271374,1.0
PLAIN-2790,59,1.0,0.7653606369886217,0.5531464700081437,0.42520843362602384,0.3712788463553563,0.28246182038944456,0.2774538468945344,0.01694915254237288,0.03389830508474576,0.03389830508474576,0.05084745762711865,0.06779661016949153,0.1016949152542373,0.11864406779661017,1.0,0.6666666666666666,0.4,0.3,0.2,0.12,0.07,1.0,1.0,1.0,1.0,1.0,1.0,1.0,0.01694915254237288,0.03389830508474576,0.03389830508474576,0.03954802259887006,0.04519774011299436,0.0509005564759356,0.052982031349560345,1.0
PLAIN-2800,24,0.0,0.0,0.08478905019642409,0.06452577150984495,0.046959683098172354,0.042853605219610166,0.057863054194679735,0.0,0.0,0.041666666666666664,0.041666666666666664,0.041666666666666664,0.041666666666666664,0.08333333333333333,0.0,0.0,0.2,0.1,0.05,0.02,0.02,0.0,0.0,0.25,0.25,0.25,0.25,0.25,0.0,0.0,0.010416666666666666,0.010416666666666666,0.010416666666666666,0.010416666666666666,0.011267006802721089,4.0
PLAIN-2810,8,0.0,0.0,0.0,0.0,0.0,0.0,0.08114187602043339,0.0,0.0,0.0,0.0,0.0,0.0,0.25,0.0,0.0,0.0,0.0,0.0,0.0,0.02,0.0,0.0,0.0,0.0,0.0,0.0,0.016129032258064516,0.0,0.0,0.0,0.0,0.0,0.0,0.005262882279011311,62.0
PLAIN-2820,8,0.0,0.0,0.0,0.0,0.0,0.0,0.06835369751749015,0.0,0.0,0.0,0.0,0.0,0.0,0.125,0.0,0.0,0.0,0.0,0.0,0.0,0.01,0.0,0.0,0.0,0.0,0.0,0.0,0.01694915254237288,0.0,0.0,0.0,0.0,0.0,0.0,0.00211864406779661,59.0
PLAIN-2830,3,0.0,0.31939394323979897,0.31939394323979897,0.31939394323979897,0.31939394323979897,0.31939394323979897,0.36746752191408827,0.0,0.3333333333333333,0.3333333333333333,0.3333333333333333,0.3333333333333333,0.3333333333333333,0.6666666666666666,0.0,0.3333333333333333,0.2,0.1,0.05,0.02,0.02,0.0,0.3333333333333333,0.3333333333333333,0.3333333333333333,0.3333333333333333,0.3333333333333333,0.3333333333333333,0.0,0.1111111111111111,0.1111111111111111,0.1111111111111111,0.1111111111111111,0.1111111111111111,0.11784511784511785,3.0
PLAIN-2840,17,0.0,0.0,0.0,0.0,0.0,0.0,0.0,0.0,0.0,0.0,0.0,0.0,0.0,0.0,0.0,0.0,0.0,0.0,0.0,0.0,0.0,0.0,0.0,0.0,0.0,0.0,0.0,0.0,0.0,0.0,0.0,0.0,0.0,0.0,0.0,
PLAIN-2850,9,0.0,0.4030302838010049,0.31958277119025663,0.24014860122439105,0.28886080831423583,0.3253930988279205,0.3253930988279205,0.0,0.1111111111111111,0.1111111111111111,0.1111111111111111,0.2222222222222222,0.3333333333333333,0.3333333333333333,0.0,0.3333333333333333,0.2,0.1,0.1,0.06,0.03,0.0,0.5,0.5,0.5,0.5,0.5,0.5,0.0,0.05555555555555555,0.05555555555555555,0.05555555555555555,0.07142857142857142,0.08068783068783068,0.08068783068783068,2.0
PLAIN-2860,2,1.0,1.0,1.0,1.0,1.0,1.0,1.0,0.5,1.0,1.0,1.0,1.0,1.0,1.0,1.0,0.6666666666666666,0.4,0.2,0.1,0.04,0.02,1.0,1.0,1.0,1.0,1.0,1.0,1.0,0.5,1.0,1.0,1.0,1.0,1.0,1.0,1.0
PLAIN-2870,5,0.0,0.0,0.0,0.0,0.06844142139782765,0.06844142139782765,0.06844142139782765,0.0,0.0,0.0,0.0,0.2,0.2,0.2,0.0,0.0,0.0,0.0,0.05,0.02,0.01,0.0,0.0,0.0,0.0,0.08333333333333333,0.08333333333333333,0.08333333333333333,0.0,0.0,0.0,0.0,0.016666666666666666,0.016666666666666666,0.016666666666666666,12.0
PLAIN-2880,17,0.0,0.0,0.0,0.0,0.0,0.0,0.0,0.0,0.0,0.0,0.0,0.0,0.0,0.0,0.0,0.0,0.0,0.0,0.0,0.0,0.0,0.0,0.0,0.0,0.0,0.0,0.0,0.0,0.0,0.0,0.0,0.0,0.0,0.0,0.0,
PLAIN-2890,29,0.0,0.4030302838010049,0.31958277119025663,0.22762622895961598,0.1569424610228041,0.12669613126251328,0.12669613126251328,0.0,0.034482758620689655,0.034482758620689655,0.034482758620689655,0.034482758620689655,0.034482758620689655,0.034482758620689655,0.0,0.3333333333333333,0.2,0.1,0.05,0.02,0.01,0.0,0.5,0.5,0.5,0.5,0.5,0.5,0.0,0.017241379310344827,0.017241379310344827,0.017241379310344827,0.017241379310344827,0.017241379310344827,0.017241379310344827,2.0
PLAIN-2900,12,0.0,0.0,0.0,0.09382844813642036,0.0870964810528177,0.1383615349933815,0.1597488147699665,0.0,0.0,0.0,0.08333333333333333,0.08333333333333333,0.25,0.3333333333333333,0.0,0.0,0.0,0.1,0.05,0.06,0.04,0.0,0.0,0.0,0.14285714285714285,0.14285714285714285,0.14285714285714285,0.14285714285714285,0.0,0.0,0.0,0.011904761904761904,0.011904761904761904,0.024217074217074214,0.029119035001387943,7.0
PLAIN-2910,15,0.0,0.3354350434265105,0.2755519442199235,0.20436662668128652,0.16842134648250634,0.2282813334324372,0.2282813334324372,0.0,0.06666666666666667,0.06666666666666667,0.06666666666666667,0.06666666666666667,0.13333333333333333,0.13333333333333333,0.0,0.3333333333333333,0.2,0.1,0.05,0.04,0.02,0.0,0.5,0.5,0.5,0.5,0.5,0.5,0.0,0.03333333333333333,0.03333333333333333,0.03333333333333333,0.03333333333333333,0.03968253968253968,0.03968253968253968,2.0
PLAIN-2920,7,0.0,0.0,0.0,0.0,0.0,0.0,0.0,0.0,0.0,0.0,0.0,0.0,0.0,0.0,0.0,0.0,0.0,0.0,0.0,0.0,0.0,0.0,0.0,0.0,0.0,0.0,0.0,0.0,0.0,0.0,0.0,0.0,0.0,0.0,0.0,
PLAIN-2930,14,1.0,0.6387878864795979,0.6156012978458393,0.43846857403921885,0.3676521881473524,0.3676521881473524,0.41644230373217567,0.07142857142857142,0.07142857142857142,0.14285714285714285,0.14285714285714285,0.14285714285714285,0.14285714285714285,0.2857142857142857,1.0,0.3333333333333333,0.4,0.2,0.1,0.04,0.04,1.0,1.0,1.0,1.0,1.0,1.0,1.0,0.07142857142857142,0.07142857142857142,0.10714285714285714,0.10714285714285714,0.10714285714285714,0.10714285714285714,0.11390977443609021,1.0
PLAIN-2940,22,0.0,0.0,0.0,0.0,0.0,0.0,0.0,0.0,0.0,0.0,0.0,0.0,0.0,0.0,0.0,0.0,0.0,0.0,0.0,0.0,0.0,0.0,0.0,0.0,0.0,0.0,0.0,0.0,0.0,0.0,0.0,0.0,0.0,0.0,0.0,
PLAIN-2950,2,0.0,0.0,0.0,0.0,0.0,0.0,0.06408878779853804,0.0,0.0,0.0,0.0,0.0,0.0,0.5,0.0,0.0,0.0,0.0,0.0,0.0,0.01,0.0,0.0,0.0,0.0,0.0,0.0,0.016666666666666666,0.0,0.0,0.0,0.0,0.0,0.0,0.008333333333333333,60.0
PLAIN-2960,2,0.0,0.0,0.0,0.25339584447728947,0.25339584447728947,0.25339584447728947,0.25339584447728947,0.0,0.0,0.0,0.5,0.5,0.5,0.5,0.0,0.0,0.0,0.1,0.05,0.02,0.01,0.0,0.0,0.0,0.14285714285714285,0.14285714285714285,0.14285714285714285,0.14285714285714285,0.0,0.0,0.0,0.07142857142857142,0.07142857142857142,0.07142857142857142,0.07142857142857142,7.0
PLAIN-2970,9,1.0,0.6387878864795979,0.5065267082131061,0.3806265275412985,0.3806265275412985,0.3806265275412985,0.41311438708351,0.1111111111111111,0.1111111111111111,0.1111111111111111,0.1111111111111111,0.1111111111111111,0.1111111111111111,0.2222222222222222,1.0,0.3333333333333333,0.2,0.1,0.05,0.02,0.02,1.0,1.0,1.0,1.0,1.0,1.0,1.0,0.1111111111111111,0.1111111111111111,0.1111111111111111,0.1111111111111111,0.1111111111111111,0.1111111111111111,0.11500974658869396,1.0
PLAIN-2981,7,1.0,0.6387878864795979,0.5065267082131061,0.43122038713502525,0.43122038713502525,0.43122038713502525,0.43122038713502525,0.14285714285714285,0.14285714285714285,0.14285714285714285,0.14285714285714285,0.14285714285714285,0.14285714285714285,0.14285714285714285,1.0,0.3333333333333333,0.2,0.1,0.05,0.02,0.01,1.0,1.0,1.0,1.0,1.0,1.0,1.0,0.14285714285714285,0.14285714285714285,0.14285714285714285,0.14285714285714285,0.14285714285714285,0.14285714285714285,0.14285714285714285,1.0
PLAIN-2991,2,0.0,0.0,0.0,0.0,0.14704034066641014,0.14704034066641014,0.14704034066641014,0.0,0.0,0.0,0.0,0.5,0.5,0.5,0.0,0.0,0.0,0.0,0.05,0.02,0.01,0.0,0.0,0.0,0.0,0.058823529411764705,0.058823529411764705,0.058823529411764705,0.0,0.0,0.0,0.0,0.029411764705882353,0.029411764705882353,0.029411764705882353,17.0
PLAIN-3001,2,0.0,0.0,0.0,0.0,0.0,0.1097853732565413,0.1097853732565413,0.0,0.0,0.0,0.0,0.0,0.5,0.5,0.0,0.0,0.0,0.0,0.0,0.02,0.01,0.0,0.0,0.0,0.0,0.0,0.02127659574468085,0.02127659574468085,0.0,0.0,0.0,0.0,0.0,0.010638297872340425,0.010638297872340425,47.0
PLAIN-3014,1,0.0,0.0,0.0,0.0,0.0,0.0,0.0,0.0,0.0,0.0,0.0,0.0,0.0,0.0,0.0,0.0,0.0,0.0,0.0,0.0,0.0,0.0,0.0,0.0,0.0,0.0,0.0,0.0,0.0,0.0,0.0,0.0,0.0,0.0,0.0,
PLAIN-3026,1,0.0,0.0,0.0,0.0,0.0,0.20584683246043448,0.20584683246043448,0.0,0.0,0.0,0.0,0.0,1.0,1.0,0.0,0.0,0.0,0.0,0.0,0.02,0.01,0.0,0.0,0.0,0.0,0.0,0.03571428571428571,0.03571428571428571,0.0,0.0,0.0,0.0,0.0,0.03571428571428571,0.03571428571428571,28.0
PLAIN-3037,4,0.0,0.0,0.0,0.123151194370365,0.123151194370365,0.123151194370365,0.24920764863882058,0.0,0.0,0.0,0.25,0.25,0.25,0.75,0.0,0.0,0.0,0.1,0.05,0.02,0.03,0.0,0.0,0.0,0.125,0.125,0.125,0.125,0.0,0.0,0.0,0.03125,0.03125,0.03125,0.048328071182548796,8.0
PLAIN-3053,3,1.0,0.7653606369886217,0.7653606369886217,0.7653606369886217,0.7653606369886217,0.8485092343736815,0.8485092343736815,0.3333333333333333,0.6666666666666666,0.6666666666666666,0.6666666666666666,0.6666666666666666,1.0,1.0,1.0,0.6666666666666666,0.4,0.2,0.1,0.06,0.03,1.0,1.0,1.0,1.0,1.0,1.0,1.0,0.3333333333333333,0.6666666666666666,0.6666666666666666,0.6666666666666666,0.6666666666666666,0.6870748299319728,0.6870748299319728,1.0
PLAIN-3063,4,0.0,0.0,0.0,0.123151194370365,0.23204495543859718,0.23204495543859718,0.23204495543859718,0.0,0.0,0.0,0.25,0.5,0.5,0.5,0.0,0.0,0.0,0.1,0.1,0.04,0.02,0.0,0.0,0.0,0.125,0.125,0.125,0.125,0.0,0.0,0.0,0.03125,0.07670454545454546,0.07670454545454546,0.07670454545454546,8.0
PLAIN-3074,1,1.0,1.0,1.0,1.0,1.0,1.0,1.0,1.0,1.0,1.0,1.0,1.0,1.0,1.0,1.0,0.3333333333333333,0.2,0.1,0.05,0.02,0.01,1.0,1.0,1.0,1.0,1.0,1.0,1.0,1.0,1.0,1.0,1.0,1.0,1.0,1.0,1.0
PLAIN-3085,2,0.0,0.3065735963827292,0.3065735963827292,0.3065735963827292,0.4722693621479587,0.4722693621479587,0.4722693621479587,0.0,0.5,0.5,0.5,1.0,1.0,1.0,0.0,0.3333333333333333,0.2,0.1,0.1,0.04,0.02,0.0,0.3333333333333333,0.3333333333333333,0.3333333333333333,0.3333333333333333,0.3333333333333333,0.3333333333333333,0.0,0.16666666666666666,0.16666666666666666,0.16666666666666666,0.25,0.25,0.25,3.0
PLAIN-3097,4,1.0,0.5316519652587917,0.4770382338730848,0.4770382338730848,0.4770382338730848,0.5644169698287804,0.5644169698287804,0.25,0.25,0.25,0.25,0.25,0.5,0.5,1.0,0.3333333333333333,0.2,0.1,0.05,0.04,0.02,1.0,1.0,1.0,1.0,1.0,1.0,1.0,0.25,0.25,0.25,0.25,0.25,0.2616279069767442,0.2616279069767442,1.0
PLAIN-3116,1,0.0,0.0,0.0,0.0,0.0,0.0,0.0,0.0,0.0,0.0,0.0,0.0,0.0,0.0,0.0,0.0,0.0,0.0,0.0,0.0,0.0,0.0,0.0,0.0,0.0,0.0,0.0,0.0,0.0,0.0,0.0,0.0,0.0,0.0,0.0,
PLAIN-3131,6,0.0,0.2960819109658652,0.4007500060986313,0.3744879309109653,0.41637298752708,0.41637298752708,0.41637298752708,0.0,0.16666666666666666,0.3333333333333333,0.3333333333333333,0.5,0.5,0.5,0.0,0.3333333333333333,0.4,0.2,0.15,0.06,0.03,0.0,0.5,0.5,0.5,0.5,0.5,0.5,0.0,0.08333333333333333,0.15,0.15,0.17500000000000002,0.17500000000000002,0.17500000000000002,2.0
PLAIN-3141,34,1.0,0.46927872602275644,0.3937481555797838,0.29964840342598303,0.2180740150253072,0.21597392836439339,0.22910349273270267,0.029411764705882353,0.029411764705882353,0.029411764705882353,0.029411764705882353,0.029411764705882353,0.08823529411764706,0.11764705882352941,1.0,0.3333333333333333,0.2,0.1,0.05,0.06,0.04,1.0,1.0,1.0,1.0,1.0,1.0,1.0,0.029411764705882353,0.029411764705882353,0.029411764705882353,0.029411764705882353,0.029411764705882353,0.034111422346716457,0.03561971797265914,1.0
PLAIN-3151,18,1.0,0.7039180890341347,0.5743428466665951,0.7570047483812911,0.5951400381593558,0.5951400381593558,0.5951400381593558,0.05555555555555555,0.1111111111111111,0.16666666666666666,0.4444444444444444,0.4444444444444444,0.4444444444444444,0.4444444444444444,1.0,0.6666666666666666,0.6,0.8,0.4,0.16,0.08,1.0,1.0,1.0,1.0,1.0,1.0,1.0,0.05555555555555555,0.09259259259259259,0.1259259259259259,0.3319664902998236,0.3319664902998236,0.3319664902998236,0.3319664902998236,1.0
PLAIN-3161,43,1.0,0.7984848580994974,0.7311340247721385,0.6972881353384699,0.5143729179139294,0.40608919534501464,0.4312975597994898,0.023255813953488372,0.046511627906976744,0.06976744186046512,0.13953488372093023,0.16279069767441862,0.27906976744186046,0.32558139534883723,1.0,0.6666666666666666,0.6,0.6,0.35,0.24,0.14,1.0,1.0,1.0,1.0,1.0,1.0,1.0,0.023255813953488372,0.03875968992248062,0.05271317829457364,0.09878183831672203,0.11234772978959025,0.14898518088458412,0.1572141612065877,1.0
PLAIN-3171,34,0.0,0.0,0.0,0.052144264846557896,0.10425596343038986,0.07654276162146413,0.07654276162146413,0.0,0.0,0.0,0.029411764705882353,0.08823529411764706,0.08823529411764706,0.08823529411764706,0.0,0.0,0.0,0.1,0.15,0.06,0.03,0.0,0.0,0.0,0.1,0.1,0.1,0.1,0.0,0.0,0.0,0.0029411764705882353,0.015641711229946526,0.015641711229946526,0.015641711229946526,10.0
PLAIN-3181,27,0.0,0.0,0.0,0.07839826897867534,0.08898032113999994,0.09845318740719218,0.09845318740719218,0.0,0.0,0.0,0.037037037037037035,0.07407407407407407,0.1111111111111111,0.1111111111111111,0.0,0.0,0.0,0.1,0.1,0.06,0.03,0.0,0.0,0.0,0.16666666666666666,0.16666666666666666,0.16666666666666666,0.16666666666666666,0.0,0.0,0.0,0.006172839506172839,0.012345679012345678,0.016975308641975308,0.016975308641975308,6.0
PLAIN-3191,16,0.5,0.23463936301137822,0.18148604814387062,0.2722437357694023,0.2837734243634737,0.2837734243634737,0.3582984541337089,0.0625,0.0625,0.0625,0.1875,0.25,0.25,0.5,1.0,0.3333333333333333,0.2,0.3,0.2,0.08,0.08,1.0,1.0,1.0,1.0,1.0,1.0,1.0,0.0625,0.0625,0.0625,0.10208333333333333,0.12131410256410256,0.12131410256410256,0.14350055738976697,1.0
PLAIN-3201,32,1.0,0.6387878864795979,0.5065267082131061,0.42090887659515264,0.32003232699128864,0.24367324247708685,0.24367324247708685,0.03125,0.03125,0.03125,0.0625,0.09375,0.09375,0.09375,1.0,0.3333333333333333,0.2,0.2,0.15,0.06,0.03,1.0,1.0,1.0,1.0,1.0,1.0,1.0,0.03125,0.03125,0.03125,0.040178571428571425,0.04569327731092437,0.04569327731092437,0.04569327731092437,1.0
PLAIN-3211,18,0.0,0.0,0.0,0.0,0.0,0.0,0.0,0.0,0.0,0.0,0.0,0.0,0.0,0.0,0.0,0.0,0.0,0.0,0.0,0.0,0.0,0.0,0.0,0.0,0.0,0.0,0.0,0.0,0.0,0.0,0.0,0.0,0.0,0.0,0.0,
PLAIN-3221,24,0.0,0.0,0.0,0.056906557239903996,0.09679046346946311,0.10732945859639387,0.10732945859639387,0.0,0.0,0.0,0.041666666666666664,0.08333333333333333,0.125,0.125,0.0,0.0,0.0,0.1,0.1,0.06,0.03,0.0,0.0,0.0,0.125,0.125,0.125,0.125,0.0,0.0,0.0,0.005208333333333333,0.009594298245614035,0.01225387271369914,0.01225387271369914,8.0
PLAIN-3231,8,0.0,0.13291299131469791,0.2972783386745231,0.24377811637309388,0.33956307435239397,0.33956307435239397,0.3691889470844423,0.0,0.125,0.25,0.25,0.5,0.5,0.625,0.0,0.3333333333333333,0.4,0.2,0.2,0.08,0.05,0.0,0.3333333333333333,0.3333333333333333,0.3333333333333333,0.3333333333333333,0.3333333333333333,0.3333333333333333,0.0,0.041666666666666664,0.10416666666666666,0.10416666666666666,0.17397186147186144,0.17397186147186144,0.18358724608724605,3.0
PLAIN-3241,29,1.0,0.6387878864795979,0.5065267082131061,0.36077903708155934,0.27984140492854065,0.22590969416721998,0.24240331575261953,0.034482758620689655,0.034482758620689655,0.034482758620689655,0.034482758620689655,0.06896551724137931,0.06896551724137931,0.10344827586206896,1.0,0.3333333333333333,0.2,0.1,0.1,0.04,0.03,1.0,1.0,1.0,1.0,1.0,1.0,1.0,0.034482758620689655,0.034482758620689655,0.034482758620689655,0.034482758620689655,0.03908045977011494,0.03908045977011494,0.04062446388745925,1.0
PLAIN-3251,21,0.0,0.0,0.0,0.12025967902718644,0.11760920996664215,0.11441807922010751,0.13301105633201538,0.0,0.0,0.0,0.047619047619047616,0.09523809523809523,0.09523809523809523,0.14285714285714285,0.0,0.0,0.0,0.1,0.1,0.04,0.03,0.0,0.0,0.0,0.14285714285714285,0.14285714285714285,0.14285714285714285,0.14285714285714285,0.0,0.0,0.0,0.006802721088435374,0.015460729746444033,0.015460729746444033,0.01704803133374562,7.0
PLAIN-3261,13,0.0,0.0,0.15232257932946242,0.11591982604868999,0.1033492614137038,0.1033492614137038,0.1033492614137038,0.0,0.0,0.07692307692307693,0.07692307692307693,0.07692307692307693,0.07692307692307693,0.07692307692307693,0.0,0.0,0.2,0.1,0.05,0.02,0.01,0.0,0.0,0.2,0.2,0.2,0.2,0.2,0.0,0.0,0.015384615384615385,0.015384615384615385,0.015384615384615385,0.015384615384615385,0.015384615384615385,5.0
PLAIN-3271,49,0.0,0.0,0.0,0.0,0.03730675036644463,0.05155456888192132,0.07627421023312699,0.0,0.0,0.0,0.0,0.02040816326530612,0.061224489795918366,0.10204081632653061,0.0,0.0,0.0,0.0,0.05,0.06,0.05,0.0,0.0,0.0,0.0,0.07692307692307693,0.07692307692307693,0.07692307692307693,0.0,0.0,0.0,0.0,0.0015698587127158557,0.004646089204912735,0.006886383818998971,13.0
PLAIN-3281,26,1.0,0.5316519652587917,0.43673949858938643,0.32391343968871883,0.2583048422569897,0.24398251215941144,0.2750816747611129,0.038461538461538464,0.038461538461538464,0.038461538461538464,0.038461538461538464,0.07692307692307693,0.11538461538461539,0.19230769230769232,1.0,0.3333333333333333,0.2,0.1,0.1,0.06,0.05,1.0,1.0,1.0,1.0,1.0,1.0,1.0,0.038461538461538464,0.038461538461538464,0.038461538461538464,0.038461538461538464,0.042986425339366516,0.04628312863606981,0.05025872035204614,1.0
PLAIN-3292,7,0.0,0.20151514190050246,0.36684161473361737,0.5812400459841505,0.5812400459841506,0.5812400459841506,0.5812400459841506,0.0,0.14285714285714285,0.42857142857142855,0.8571428571428571,0.8571428571428571,0.8571428571428571,0.8571428571428571,0.0,0.3333333333333333,0.6,0.6,0.3,0.12,0.06,0.0,0.5,0.5,0.5,0.5,0.5,0.5,0.0,0.07142857142857142,0.2285714285714286,0.4888888888888889,0.4888888888888889,0.4888888888888889,0.4888888888888889,2.0
PLAIN-3302,37,0.0,0.0,0.0,0.0,0.06292800199895475,0.13051534503944465,0.17261500713037983,0.0,0.0,0.0,0.0,0.05405405405405406,0.1891891891891892,0.2702702702702703,0.0,0.0,0.0,0.0,0.1,0.14,0.1,0.0,0.0,0.0,0.0,0.07142857142857142,0.07142857142857142,0.07142857142857142,0.0,0.0,0.0,0.0,0.005534105534105534,0.0262011103871569,0.0363651607977391,14.0
PLAIN-3312,13,0.0,0.0,0.0,0.0,0.07864611812749601,0.14417083513173326,0.25091610503076694,0.0,0.0,0.0,0.0,0.15384615384615385,0.38461538461538464,0.6923076923076923,0.0,0.0,0.0,0.0,0.1,0.1,0.09,0.0,0.0,0.0,0.0,0.058823529411764705,0.058823529411764705,0.058823529411764705,0.0,0.0,0.0,0.0,0.012217194570135747,0.039646344367706594,0.07027091278891985,17.0
PLAIN-3322,79,1.0,0.46927872602275644,0.3391602052736161,0.2200917662980802,0.1804246777990402,0.15941660369914143,0.17170149042740657,0.012658227848101266,0.012658227848101266,0.012658227848101266,0.012658227848101266,0.02531645569620253,0.0759493670886076,0.1518987341772152,1.0,0.3333333333333333,0.2,0.1,0.1,0.12,0.12,1.0,1.0,1.0,1.0,1.0,1.0,1.0,0.012658227848101266,0.012658227848101266,0.012658227848101266,0.012658227848101266,0.014767932489451479,0.021364121110956553,0.03185491098316328,1.0
PLAIN-3332,14,0.5,0.8403030283801005,0.8733683229467235,0.6863219231453964,0.6497968712968205,0.705721602028761,0.705721602028761,0.07142857142857142,0.21428571428571427,0.35714285714285715,0.42857142857142855,0.5714285714285714,0.7142857142857143,0.7142857142857143,1.0,1.0,1.0,0.6,0.4,0.2,0.1,1.0,1.0,1.0,1.0,1.0,1.0,1.0,0.07142857142857142,0.21428571428571427,0.35714285714285715,0.42857142857142855,0.49603174603174605,0.5287179912615453,0.5287179912615453,1.0
PLAIN-3342,3,1.0,0.46927872602275644,0.6508205185601091,0.6508205185601091,0.6508205185601091,0.6508205185601091,0.6508205185601091,0.3333333333333333,0.3333333333333333,0.6666666666666666,0.6666666666666666,0.6666666666666666,0.6666666666666666,0.6666666666666666,1.0,0.3333333333333333,0.4,0.2,0.1,0.04,0.02,1.0,1.0,1.0,1.0,1.0,1.0,1.0,0.3333333333333333,0.3333333333333333,0.4666666666666666,0.4666666666666666,0.4666666666666666,0.4666666666666666,0.4666666666666666,1.0
PLAIN-3352,39,0.0,0.0,0.0,0.0,0.0,0.0625285800086367,0.0625285800086367,0.0,0.0,0.0,0.0,0.0,0.07692307692307693,0.07692307692307693,0.0,0.0,0.0,0.0,0.0,0.06,0.03,0.0,0.0,0.0,0.0,0.0,0.038461538461538464,0.038461538461538464,0.0,0.0,0.0,0.0,0.0,0.00437447168216399,0.00437447168216399,26.0
PLAIN-3362,11,1.0,0.5316519652587917,0.5212164491191416,0.38656685141100744,0.36985789784951606,0.42891218441365375,0.42891218441365375,0.09090909090909091,0.09090909090909091,0.18181818181818182,0.18181818181818182,0.18181818181818182,0.2727272727272727,0.2727272727272727,1.0,0.3333333333333333,0.4,0.2,0.1,0.06,0.03,1.0,1.0,1.0,1.0,1.0,1.0,1.0,0.09090909090909091,0.09090909090909091,0.12727272727272726,0.12727272727272726,0.12727272727272726,0.13464373464373464,0.13464373464373464,1.0
PLAIN-3372,14,0.0,0.0,0.0,0.12025967902718644,0.10083672299006921,0.10083672299006921,0.10083672299006921,0.0,0.0,0.0,0.07142857142857142,0.07142857142857142,0.07142857142857142,0.07142857142857142,0.0,0.0,0.0,0.1,0.05,0.02,0.01,0.0,0.0,0.0,0.14285714285714285,0.14285714285714285,0.14285714285714285,0.14285714285714285,0.0,0.0,0.0,0.01020408163265306,0.01020408163265306,0.01020408163265306,0.01020408163265306,7.0
PLAIN-3382,14,0.5,0.43354350434265104,0.5346694039479983,0.6098323505478656,0.5199197442234031,0.5492953165019996,0.617962368637646,0.07142857142857142,0.14285714285714285,0.2857142857142857,0.5,0.5,0.5714285714285714,0.7142857142857143,1.0,0.6666666666666666,0.8,0.7,0.35,0.16,0.1,1.0,1.0,1.0,1.0,1.0,1.0,1.0,0.07142857142857142,0.14285714285714285,0.25357142857142856,0.41666666666666663,0.41666666666666663,0.43952380952380954,0.4591202844774273,1.0
PLAIN-3392,23,0.0,0.0,0.0,0.0,0.0,0.027952646621156558,0.050305003722528815,0.0,0.0,0.0,0.0,0.0,0.043478260869565216,0.08695652173913043,0.0,0.0,0.0,0.0,0.0,0.02,0.02,0.0,0.0,0.0,0.0,0.0,0.041666666666666664,0.041666666666666664,0.0,0.0,0.0,0.0,0.0,0.0018115942028985505,0.0033926218708827407,24.0
PLAIN-3402,14,0.0,0.0,0.0,0.06943122193677728,0.056219089761923684,0.056219089761923684,0.08340772084578468,0.0,0.0,0.0,0.07142857142857142,0.07142857142857142,0.07142857142857142,0.14285714285714285,0.0,0.0,0.0,0.1,0.05,0.02,0.02,0.0,0.0,0.0,0.125,0.125,0.125,0.125,0.0,0.0,0.0,0.008928571428571428,0.008928571428571428,0.008928571428571428,0.010464669738863288,8.0
PLAIN-3412,49,0.5,0.26582598262939583,0.21836974929469322,0.16195671984435941,0.11532431670619621,0.1368112524914996,0.17271156356265413,0.02040816326530612,0.02040816326530612,0.02040816326530612,0.02040816326530612,0.02040816326530612,0.12244897959183673,0.1836734693877551,1.0,0.3333333333333333,0.2,0.1,0.05,0.12,0.09,1.0,1.0,1.0,1.0,1.0,1.0,1.0,0.02040816326530612,0.02040816326530612,0.02040816326530612,0.02040816326530612,0.02040816326530612,0.03135531746658955,0.04013230501830414,1.0
PLAIN-3422,31,0.0,0.0,0.06560253875617089,0.0809557339960777,0.1299775787999339,0.19690803350531233,0.26939991803867586,0.0,0.0,0.03225806451612903,0.06451612903225806,0.12903225806451613,0.2903225806451613,0.4838709677419355,0.0,0.0,0.2,0.2,0.2,0.18,0.15,0.0,0.0,0.2,0.2,0.2,0.2,0.2,0.0,0.0,0.0064516129032258064,0.013620071684587813,0.02885304659498208,0.06509100218777639,0.0975268287556564,5.0
PLAIN-3432,42,0.0,0.23463936301137822,0.3156484524795145,0.3565964385966263,0.23013569804736334,0.17691918229164857,0.22122906209220666,0.0,0.023809523809523808,0.047619047619047616,0.09523809523809523,0.09523809523809523,0.14285714285714285,0.21428571428571427,0.0,0.3333333333333333,0.4,0.4,0.2,0.12,0.09,0.0,0.3333333333333333,0.3333333333333333,0.3333333333333333,0.3333333333333333,0.3333333333333333,0.3333333333333333,0.0,0.007936507936507936,0.01984126984126984,0.045351473922902494,0.045351473922902494,0.054342667299477926,0.06395178428928304,3.0
PLAIN-3442,29,0.0,0.0,0.0,0.0,0.0,0.01706065976705748,0.01706065976705748,0.0,0.0,0.0,0.0,0.0,0.034482758620689655,0.034482758620689655,0.0,0.0,0.0,0.0,0.0,0.02,0.01,0.0,0.0,0.0,0.0,0.0,0.030303030303030304,0.030303030303030304,0.0,0.0,0.0,0.0,0.0,0.0010449320794148381,0.0010449320794148381,33.0
PLAIN-3452,17,1.0,0.6645649565734895,0.545924373236733,0.5093979383127244,0.463153213139969,0.49014898566265075,0.5102139568162791,0.058823529411764705,0.11764705882352941,0.11764705882352941,0.23529411764705882,0.35294117647058826,0.4117647058823529,0.47058823529411764,1.0,0.6666666666666666,0.4,0.4,0.3,0.14,0.08,1.0,1.0,1.0,1.0,1.0,1.0,1.0,0.058823529411764705,0.0980392156862745,0.0980392156862745,0.15098039215686274,0.2071301247771836,0.22428698752228163,0.23056149732620318,1.0
PLAIN-3462,64,1.0,0.7653606369886217,0.6843515475204855,0.6192434967180773,0.5930740093497073,0.5240813354803585,0.5177329403408677,0.015625,0.03125,0.046875,0.09375,0.171875,0.296875,0.390625,1.0,0.6666666666666666,0.6,0.6,0.55,0.38,0.25,1.0,1.0,1.0,1.0,1.0,1.0,1.0,0.015625,0.03125,0.040625,0.06909722222222221,0.1160837630506748,0.17701601553766333,0.20398042763512936,1.0
PLAIN-3472,17,0.0,0.23463936301137822,0.16958010263680806,0.13347537859706934,0.1075931715442415,0.29430285822919494,0.3277080644585518,0.0,0.058823529411764705,0.058823529411764705,0.058823529411764705,0.058823529411764705,0.4117647058823529,0.5294117647058824,0.0,0.3333333333333333,0.2,0.1,0.05,0.14,0.09,0.0,0.3333333333333333,0.3333333333333333,0.3333333333333333,0.3333333333333333,0.3333333333333333,0.3333333333333333,0.0,0.0196078431372549,0.0196078431372549,0.0196078431372549,0.0196078431372549,0.061368054252304724,0.07298623882138078,3.0
