query_id,n_relevant,ndcg@1,ndcg@3,ndcg@5,ndcg@10,ndcg@20,ndcg@50,ndcg@100,recall@1,recall@3,recall@5,recall@10,recall@20,recall@50,recall@100,precision@1,precision@3,precision@5,precision@10,precision@20,precision@50,precision@100,mrr@1,mrr@3,mrr@5,mrr@10,mrr@20,mrr@50,mrr@100,map@1,map@3,map@5,map@10,map@20,map@50,map@100,first_relevant_rank
PLAIN-2,24,1.0,0.617319681505689,0.6578242262397573,0.5556156664238825,0.42570596042126335,0.4258542735707043,0.493704209126771,0.041666666666666664,0.08333333333333333,0.16666666666666666,0.20833333333333334,0.20833333333333334,0.25,0.375,1.0,0.6666666666666666,0.8,0.5,0.25,0.12,0.09,1.0,1.0,1.0,1.0,1.0,1.0,1.0,0.041666666666666664,0.08333333333333333,0.14791666666666667,0.17767857142857144,0.17767857142857144,0.18408882783882785,0.19585414034189705,1.0
PLAIN-12,30,0.0,0.0,0.0,0.0,0.0,0.0,0.012879395101183834,0.0,0.0,0.0,0.0,0.0,0.0,0.03333333333333333,0.0,0.0,0.0,0.0,0.0,0.0,0.01,0.0,0.0,0.0,0.0,0.0,0.0,0.015151515151515152,0.0,0.0,0.0,0.0,0.0,0.0,0.000505050505050505,66.0
PLAIN-23,90,0.5,0.5307212739772434,0.5147714448836774,0.3976722328631674,0.3812410987465669,0.2992654453634388,0.232300259449344,0.011111111111111112,0.022222222222222223,0.03333333333333333,0.044444444444444446,0.06666666666666667,0.1,0.1111111111111111,1.0,0.6666666666666666,0.6,0.4,0.3,0.18,0.1,1.0,1.0,1.0,1.0,1.0,1.0,1.0,0.011111111111111112,0.022222222222222223,0.02888888888888889,0.03333333333333333,0.042550505050505054,0.05222332015810276,0.05431975621680297,1.0
PLAIN-33,32,1.0,0.7653606369886217,0.5531464700081437,0.37074784524025883,0.3114556334703386,0.31327512856088097,0.31327512856088097,0.03125,0.0625,0.0625,0.0625,0.09375,0.1875,0.1875,1.0,0.6666666666666666,0.4,0.2,0.15,0.12,0.06,1.0,1.0,1.0,1.0,1.0,1.0,1.0,0.03125,0.0625,0.0625,0.0625,0.06919642857142858,0.08396522264531096,0.08396522264531096,1.0
PLAIN-44,58,0.0,0.2960819109658652,0.2870204396558808,0.2926859996761009,0.24569669960395166,0.21989992356723756,0.25967263084107856,0.0,0.017241379310344827,0.034482758620689655,0.06896551724137931,0.08620689655172414,0.15517241379310345,0.22413793103448276,0.0,0.3333333333333333,0.4,0.4,0.25,0.18,0.13,0.0,0.5,0.5,0.5,0.5,0.5,0.5,0.0,0.008620689655172414,0.017241379310344827,0.030603448275862068,0.03599137931034482,0.05207622836933181,0.06433215129504727,2.0
PLAIN-56,50,1.0,0.8519590445170673,0.6589630920636819,0.5110267561049476,0.3781480043687268,0.2463309440577322,0.27907913695311387,0.02,0.06,0.06,0.06,0.06,0.08,0.12,1.0,1.0,0.6,0.3,0.15,0.08,0.06,1.0,1.0,1.0,1.0,1.0,1.0,1.0,0.02,0.06,0.06,0.06,0.06,0.06163265306122449,0.06520522084431858,1.0
PLAIN-68,55,1.0,0.6387878864795979,0.5065267082131061,0.36077903708155934,0.3086188290354217,0.19215929892778705,0.19222526351834215,0.01818181818181818,0.01818181818181818,0.01818181818181818,0.01818181818181818,0.05454545454545454,0.07272727272727272,0.09090909090909091,1.0,0.3333333333333333,0.2,0.1,0.15,0.08,0.05,1.0,1.0,1.0,1.0,1.0,1.0,1.0,0.01818181818181818,0.01818181818181818,0.01818181818181818,0.01818181818181818,0.023476874003189794,0.025390749601275915,0.02688106256699872,1.0
PLAIN-78,62,0.0,0.0,0.0,0.0,0.0,0.05102693976747481,0.045285391784463745,0.0,0.0,0.0,0.0,0.0,0.04838709677419355,0.04838709677419355,0.0,0.0,0.0,0.0,0.0,0.06,0.03,0.0,0.0,0.0,0.0,0.0,0.047619047619047616,0.047619047619047616,0.0,0.0,0.0,0.0,0.0,0.002828007079409604,0.002828007079409604,21.0
PLAIN-91,64,0.0,0.0,0.0,0.07845884372062176,0.08338083844395816,0.06570560327384052,0.07446245814022277,0.0,0.0,0.0,0.015625,0.03125,0.046875,0.078125,0.0,0.0,0.0,0.1,0.1,0.06,0.05,0.0,0.0,0.0,0.14285714285714285,0.14285714285714285,0.14285714285714285,0.14285714285714285,0.0,0.0,0.0,0.002232142857142857,0.004315476190476191,0.005582368082368083,0.007576034138534139,7.0
PLAIN-102,24,0.0,0.0,0.0,0.0,0.0,0.0,0.08630692442716607,0.0,0.0,0.0,0.0,0.0,0.0,0.125,0.0,0.0,0.0,0.0,0.0,0.0,0.03,0.0,0.0,0.0,0.0,0.0,0.0,0.01818181818181818,0.0,0.0,0.0,0.0,0.0,0.0,0.003617052881758764,55.0
PLAIN-112,56,1.0,0.46927872602275644,0.5033888706844604,0.3903787400893656,0.3469730247576493,0.2294360568526138,0.24415784317033618,0.017857142857142856,0.017857142857142856,0.03571428571428571,0.03571428571428571,0.05357142857142857,0.07142857142857142,0.125,1.0,0.3333333333333333,0.4,0.2,0.15,0.08,0.07,1.0,1.0,1.0,1.0,1.0,1.0,1.0,0.017857142857142856,0.017857142857142856,0.024999999999999998,0.024999999999999998,0.02987012987012987,0.032846320346320346,0.037124667640991926,1.0
PLAIN-123,51,0.0,0.1480409554829326,0.10699313236726378,0.08039138809008574,0.060989244746877024,0.038940514504400545,0.03852341744663192,0.0,0.0196078431372549,0.0196078431372549,0.0196078431372549,0.0196078431372549,0.0196078431372549,0.0196078431372549,0.0,0.3333333333333333,0.2,0.1,0.05,0.02,0.01,0.0,0.5,0.5,0.5,0.5,0.5,0.5,0.0,0.00980392156862745,0.00980392156862745,0.00980392156862745,0.00980392156862745,0.00980392156862745,0.00980392156862745,2.0
PLAIN-133,36,0.0,0.0,0.0,0.0,0.0,0.0,0.0,0.0,0.0,0.0,0.0,0.0,0.0,0.0,0.0,0.0,0.0,0.0,0.0,0.0,0.0,0.0,0.0,0.0,0.0,0.0,0.0,0.0,0.0,0.0,0.0,0.0,0.0,0.0,0.0,
PLAIN-143,51,1.0,0.5316519652587917,0.43673949858938643,0.4662992525468681,0.33203711912822165,0.19817100556437822,0.1958067540454546,0.0196078431372549,0.0196078431372549,0.0196078431372549,0.058823529411764705,0.058823529411764705,0.058823529411764705,0.058823529411764705,1.0,0.3333333333333333,0.2,0.3,0.15,0.06,0.03,1.0,1.0,1.0,1.0,1.0,1.0,1.0,0.0196078431372549,0.0196078431372549,0.0196078431372549,0.02984749455337691,0.02984749455337691,0.02984749455337691,0.02984749455337691,1.0
PLAIN-153,47,0.5,0.680606056760201,0.7467366458934469,0.8074987033225965,0.6559442088591866,0.4975560226078568,0.5232105764315518,0.02127659574468085,0.06382978723404255,0.10638297872340426,0.19148936170212766,0.2553191489361702,0.40425531914893614,0.44680851063829785,1.0,1.0,1.0,0.9,0.6,0.38,0.21,1.0,1.0,1.0,1.0,1.0,1.0,1.0,0.02127659574468085,0.06382978723404255,0.10638297872340426,0.1812985477879095,0.23688126294509274,0.30807694811471087,0.3236526378225394,1.0
PLAIN-165,36,0.0,0.1480409554829326,0.12421371338458446,0.1978384046897049,0.16964841064307462,0.15307303869840042,0.15307303869840042,0.0,0.027777777777777776,0.027777777777777776,0.08333333333333333,0.1111111111111111,0.1388888888888889,0.1388888888888889,0.0,0.3333333333333333,0.2,0.3,0.2,0.1,0.05,0.0,0.5,0.5,0.5,0.5,0.5,0.5,0.0,0.013888888888888888,0.013888888888888888,0.03505291005291005,0.0412257495590829,0.04400352733686067,0.04400352733686067,2.0
PLAIN-175,37,0.5,0.38268031849431083,0.2765732350040718,0.2176889663231753,0.16327702937539956,0.15383642316223606,0.16586370759339295,0.02702702702702703,0.05405405405405406,0.05405405405405406,0.05405405405405406,0.05405405405405406,0.08108108108108109,0.10810810810810811,1.0,0.6666666666666666,0.4,0.2,0.1,0.06,0.04,1.0,1.0,1.0,1.0,1.0,1.0,1.0,0.02702702702702703,0.05405405405405406,0.05405405405405406,0.05405405405405406,0.05405405405405406,0.05773955773955774,0.059262207149531086,1.0
PLAIN-186,24,1.0,0.46927872602275644,0.3391602052736161,0.2200917662980802,0.1420400396336573,0.12627825946936164,0.12627825946936164,0.041666666666666664,0.041666666666666664,0.041666666666666664,0.041666666666666664,0.041666666666666664,0.041666666666666664,0.041666666666666664,1.0,0.3333333333333333,0.2,0.1,0.05,0.02,0.01,1.0,1.0,1.0,1.0,1.0,1.0,1.0,0.041666666666666664,0.041666666666666664,0.041666666666666664,0.041666666666666664,0.041666666666666664,0.041666666666666664,0.041666666666666664,1.0
PLAIN-196,69,1.0,0.46927872602275644,0.3391602052736161,0.2200917662980802,0.1420400396336573,0.07753300701100829,0.062088259102818344,0.014492753623188406,0.014492753623188406,0.014492753623188406,0.014492753623188406,0.014492753623188406,0.014492753623188406,0.014492753623188406,1.0,0.3333333333333333,0.2,0.1,0.05,0.02,0.01,1.0,1.0,1.0,1.0,1.0,1.0,1.0,0.014492753623188406,0.014492753623188406,0.014492753623188406,0.014492753623188406,0.014492753623188406,0.014492753623188406,0.014492753623188406,1.0
PLAIN-207,55,0.0,0.2960819109658652,0.21398626473452756,0.13886244387355456,0.20397928041308078,0.18643106370701334,0.23318669382897295,0.0,0.01818181818181818,0.01818181818181818,0.01818181818181818,0.07272727272727272,0.16363636363636364,0.2545454545454545,0.0,0.3333333333333333,0.2,0.1,0.2,0.18,0.14,0.0,0.5,0.5,0.5,0.5,0.5,0.5,0.0,0.00909090909090909,0.00909090909090909,0.00909090909090909,0.022136953955135777,0.03973929449609524,0.0545376095516241,2.0
PLAIN-217,36,0.0,0.0,0.0,0.0,0.0,0.0,0.03187317374712552,0.0,0.0,0.0,0.0,0.0,0.0,0.05555555555555555,0.0,0.0,0.0,0.0,0.0,0.0,0.02,0.0,0.0,0.0,0.0,0.0,0.0,0.0196078431372549,0.0,0.0,0.0,0.0,0.0,0.0,0.0011688820347115125,51.0
PLAIN-227,40,1.0,0.46927872602275644,0.3391602052736161,0.2200917662980802,0.1420400396336573,0.09016292962896959,0.09016292962896959,0.025,0.025,0.025,0.025,0.025,0.025,0.025,1.0,0.3333333333333333,0.2,0.1,0.05,0.02,0.01,1.0,1.0,1.0,1.0,1.0,1.0,1.0,0.025,0.025,0.025,0.025,0.025,0.025,0.025,1.0
PLAIN-238,54,0.0,0.0,0.0,0.0,0.0,0.0,0.0,0.0,0.0,0.0,0.0,0.0,0.0,0.0,0.0,0.0,0.0,0.0,0.0,0.0,0.0,0.0,0.0,0.0,0.0,0.0,0.0,0.0,0.0,0.0,0.0,0.0,0.0,0.0,0.0,
PLAIN-248,31,0.0,0.23463936301137822,0.16958010263680806,0.1100458831490401,0.07102001981682865,0.07297584113839958,0.08992115819612614,0.0,0.03225806451612903,0.03225806451612903,0.03225806451612903,0.03225806451612903,0.06451612903225806,0.0967741935483871,0.0,0.3333333333333333,0.2,0.1,0.05,0.04,0.03,0.0,0.3333333333333333,0.3333333333333333,0.3333333333333333,0.3333333333333333,0.3333333333333333,0.3333333333333333,0.0,0.01075268817204301,0.01075268817204301,0.01075268817204301,0.01075268817204301,0.012253063265816454,0.01349375805489834,3.0
PLAIN-259,14,1.0,0.7653606369886217,0.5531464700081437,0.35895421017163476,0.2906484777184988,0.33061103650062185,0.33061103650062185,0.07142857142857142,0.14285714285714285,0.14285714285714285,0.14285714285714285,0.14285714285714285,0.21428571428571427,0.21428571428571427,1.0,0.6666666666666666,0.4,0.2,0.1,0.06,0.03,1.0,1.0,1.0,1.0,1.0,1.0,1.0,0.07142857142857142,0.14285714285714285,0.14285714285714285,0.14285714285714285,0.14285714285714285,0.15306122448979592,0.15306122448979592,1.0
PLAIN-270,52,0.0,0.0,0.0,0.0,0.06964504151476444,0.07083978878823119,0.0689681846108139,0.0,0.0,0.0,0.0,0.038461538461538464,0.07692307692307693,0.07692307692307693,0.0,0.0,0.0,0.0,0.1,0.08,0.04,0.0,0.0,0.0,0.0,0.07692307692307693,0.07692307692307693,0.07692307692307693,0.0,0.0,0.0,0.0,0.0034023668639053257,0.008655215866754329,0.008655215866754329,13.0
PLAIN-280,20,0.0,0.0,0.0,0.133052010135729,0.08586742298856079,0.08586742298856079,0.2006167598768159,0.0,0.0,0.0,0.1,0.1,0.1,0.35,0.0,0.0,0.0,0.2,0.1,0.04,0.07,0.0,0.0,0.0,0.125,0.125,0.125,0.125,0.0,0.0,0.0,0.01625,0.01625,0.01625,0.03292725158683947,8.0
PLAIN-291,13,0.0,0.0,0.0,0.0,0.0,0.07503638177476815,0.07503638177476815,0.0,0.0,0.0,0.0,0.0,0.15384615384615385,0.15384615384615385,0.0,0.0,0.0,0.0,0.0,0.04,0.02,0.0,0.0,0.0,0.0,0.0,0.03333333333333333,0.03333333333333333,0.0,0.0,0.0,0.0,0.0,0.007526881720430107,0.007526881720430107,30.0
PLAIN-307,3,0.0,0.2960819109658652,0.2960819109658652,0.2960819109658652,0.4228989277982588,0.5185356078666392,0.5185356078666392,0.0,0.3333333333333333,0.3333333333333333,0.3333333333333333,0.6666666666666666,1.0,1.0,0.0,0.3333333333333333,0.2,0.1,0.1,0.06,0.03,0.0,0.5,0.5,0.5,0.5,0.5,0.5,0.0,0.16666666666666666,0.16666666666666666,0.16666666666666666,0.2222222222222222,0.2567049808429119,0.2567049808429119,2.0
PLAIN-320,42,0.0,0.0,0.0,0.06362078819895173,0.04105877938688905,0.07510276656411435,0.07510276656411435,0.0,0.0,0.0,0.023809523809523808,0.023809523809523808,0.09523809523809523,0.09523809523809523,0.0,0.0,0.0,0.1,0.05,0.08,0.04,0.0,0.0,0.0,0.1,0.1,0.1,0.1,0.0,0.0,0.0,0.002380952380952381,0.002380952380952381,0.007968807678110004,0.007968807678110004,10.0
PLAIN-332,2,1.0,0.6131471927654584,0.6131471927654584,0.6131471927654584,0.6131471927654584,0.6131471927654584,0.6131471927654584,0.5,0.5,0.5,0.5,0.5,0.5,0.5,1.0,0.3333333333333333,0.2,0.1,0.05,0.02,0.01,1.0,1.0,1.0,1.0,1.0,1.0,1.0,0.5,0.5,0.5,0.5,0.5,0.5,0.5,1.0
PLAIN-344,61,0.5,0.23463936301137822,0.23518264139297895,0.2802004818205196,0.23295634303373447,0.2581528355684354,0.23068347505564427,0.01639344262295082,0.01639344262295082,0.03278688524590164,0.04918032786885246,0.06557377049180328,0.16393442622950818,0.16393442622950818,1.0,0.3333333333333333,0.4,0.3,0.2,0.2,0.1,1.0,1.0,1.0,1.0,1.0,1.0,1.0,0.01639344262295082,0.01639344262295082,0.022950819672131147,0.031147540983606555,0.03442622950819672,0.054196457892784516,0.054196457892784516,1.0
PLAIN-358,3,0.0,0.0,0.0,0.0,0.0,0.0,0.0,0.0,0.0,0.0,0.0,0.0,0.0,0.0,0.0,0.0,0.0,0.0,0.0,0.0,0.0,0.0,0.0,0.0,0.0,0.0,0.0,0.0,0.0,0.0,0.0,0.0,0.0,0.0,0.0,
PLAIN-371,2,0.5,0.38009376671593426,0.38009376671593426,0.6199062332840657,0.6199062332840657,0.6199062332840657,0.6199062332840657,0.5,0.5,0.5,1.0,1.0,1.0,1.0,1.0,0.3333333333333333,0.2,0.2,0.1,0.04,0.02,1.0,1.0,1.0,1.0,1.0,1.0,1.0,0.5,0.5,0.5,0.625,0.625,0.625,0.625,1.0
PLAIN-383,5,0.0,0.2960819109658652,0.21398626473452756,0.21398626473452756,0.21398626473452756,0.27504572643909286,0.27504572643909286,0.0,0.2,0.2,0.2,0.2,0.4,0.4,0.0,0.3333333333333333,0.2,0.1,0.05,0.04,0.02,0.0,0.5,0.5,0.5,0.5,0.5,0.5,0.0,0.1,0.1,0.1,0.1,0.10869565217391304,0.10869565217391304,2.0
PLAIN-395,3,0.0,0.0,0.0,0.0,0.0,0.0,0.0,0.0,0.0,0.0,0.0,0.0,0.0,0.0,0.0,0.0,0.0,0.0,0.0,0.0,0.0,0.0,0.0,0.0,0.0,0.0,0.0,0.0,0.0,0.0,0.0,0.0,0.0,0.0,0.0,
PLAIN-407,3,1.0,0.6387878864795979,0.6387878864795979,0.6387878864795979,0.6387878864795979,0.6387878864795979,0.6387878864795979,0.3333333333333333,0.3333333333333333,0.3333333333333333,0.3333333333333333,0.3333333333333333,0.3333333333333333,0.3333333333333333,1.0,0.3333333333333333,0.2,0.1,0.05,0.02,0.01,1.0,1.0,1.0,1.0,1.0,1.0,1.0,0.3333333333333333,0.3333333333333333,0.3333333333333333,0.3333333333333333,0.3333333333333333,0.3333333333333333,0.3333333333333333,1.0
PLAIN-418,3,0.0,0.3354350434265105,0.3354350434265105,0.3354350434265105,0.40347533688345893,0.5210048347489439,0.5210048347489439,0.0,0.3333333333333333,0.3333333333333333,0.3333333333333333,0.6666666666666666,1.0,1.0,0.0,0.3333333333333333,0.2,0.1,0.1,0.06,0.03,0.0,0.5,0.5,0.5,0.5,0.5,0.5,0.0,0.16666666666666666,0.16666666666666666,0.16666666666666666,0.21428571428571427,0.2597402597402597,0.2597402597402597,2.0
PLAIN-430,8,1.0,0.7039180890341347,0.5087403079104241,0.4346614304442594,0.5088314845759405,0.5615958760991774,0.633513122456097,0.125,0.25,0.25,0.25,0.375,0.5,0.75,1.0,0.6666666666666666,0.4,0.2,0.15,0.08,0.06,1.0,1.0,1.0,1.0,1.0,1.0,1.0,0.125,0.20833333333333331,0.20833333333333331,0.20833333333333331,0.2351190476190476,0.24648268398268394,0.26744233883343016,1.0
PLAIN-441,5,1.0,0.8322824782867448,0.9467009784197933,0.9467009784197933,0.9467009784197933,0.9467009784197933,0.9467009784197933,0.2,0.6,1.0,1.0,1.0,1.0,1.0,1.0,1.0,1.0,0.5,0.25,0.1,0.05,1.0,1.0,1.0,1.0,1.0,1.0,1.0,0.2,0.6,1.0,1.0,1.0,1.0,1.0,1.0
PLAIN-457,5,0.0,0.0,0.0,0.0,0.0,0.0,0.0,0.0,0.0,0.0,0.0,0.0,0.0,0.0,0.0,0.0,0.0,0.0,0.0,0.0,0.0,0.0,0.0,0.0,0.0,0.0,0.0,0.0,0.0,0.0,0.0,0.0,0.0,0.0,0.0,
PLAIN-468,10,1.0,0.5316519652587917,0.43673949858938643,0.4392937349067213,0.4392937349067213,0.4392937349067213,0.5218086153005302,0.1,0.1,0.1,0.2,0.2,0.2,0.5,1.0,0.3333333333333333,0.2,0.2,0.1,0.04,0.05,1.0,1.0,1.0,1.0,1.0,1.0,1.0,0.1,0.1,0.1,0.13333333333333333,0.13333333333333333,0.13333333333333333,0.15374894664104893,1.0
PLAIN-478,1,0.0,0.0,0.0,0.0,0.0,0.0,0.0,0.0,0.0,0.0,0.0,0.0,0.0,0.0,0.0,0.0,0.0,0.0,0.0,0.0,0.0,0.0,0.0,0.0,0.0,0.0,0.0,0.0,0.0,0.0,0.0,0.0,0.0,0.0,0.0,
PLAIN-488,15,1.0,1.0,1.0,1.0,0.8178254114433586,0.8178254114433586,0.8178254114433586,0.06666666666666667,0.2,0.3333333333333333,0.6666666666666666,0.7333333333333333,0.7333333333333333,0.7333333333333333,1.0,1.0,1.0,1.0,0.55,0.22,0.11,1.0,1.0,1.0,1.0,1.0,1.0,1.0,0.06666666666666667,0.2,0.3333333333333333,0.6666666666666666,0.7155555555555555,0.7155555555555555,0.7155555555555555,1.0
PLAIN-499,34,1.0,0.46927872602275644,0.3391602052736161,0.2837125544970319,0.2559155792954053,0.20269152941892254,0.20269152941892254,0.029411764705882353,0.029411764705882353,0.029411764705882353,0.058823529411764705,0.11764705882352941,0.14705882352941177,0.14705882352941177,1.0,0.3333333333333333,0.2,0.2,0.2,0.1,0.05,1.0,1.0,1.0,1.0,1.0,1.0,1.0,0.029411764705882353,0.029411764705882353,0.029411764705882353,0.03529411764705882,0.04992458521870286,0.05605203619909502,0.05605203619909502,1.0
PLAIN-510,6,0.0,0.0,0.0,0.0,0.0,0.0,0.0,0.0,0.0,0.0,0.0,0.0,0.0,0.0,0.0,0.0,0.0,0.0,0.0,0.0,0.0,0.0,0.0,0.0,0.0,0.0,0.0,0.0,0.0,0.0,0.0,0.0,0.0,0.0,0.0,
PLAIN-520,1,0.0,0.0,0.0,0.0,0.0,0.0,0.0,0.0,0.0,0.0,0.0,0.0,0.0,0.0,0.0,0.0,0.0,0.0,0.0,0.0,0.0,0.0,0.0,0.0,0.0,0.0,0.0,0.0,0.0,0.0,0.0,0.0,0.0,0.0,0.0,
PLAIN-531,308,0.0,0.23463936301137822,0.30078518014914984,0.26855292289002114,0.27823718139959047,0.29490735549270153,0.25749902369148164,0.0,0.003246753246753247,0.006493506493506494,0.00974025974025974,0.01948051948051948,0.048701298701298704,0.08116883116883117,0.0,0.3333333333333333,0.4,0.3,0.3,0.3,0.25,0.0,0.3333333333333333,0.3333333333333333,0.3333333333333333,0.3333333333333333,0.3333333333333333,0.3333333333333333,0.0,0.0010822510822510823,0.002380952380952381,0.003772418058132344,0.0068113199457184425,0.01766423968292535,0.026096624623441766,3.0
PLAIN-541,6,0.0,0.2960819109658652,0.21398626473452756,0.29178833734520576,0.3630236426890836,0.36302364268908366,0.36302364268908366,0.0,0.16666666666666666,0.16666666666666666,0.3333333333333333,0.5,0.5,0.5,0.0,0.3333333333333333,0.2,0.2,0.15,0.06,0.03,0.0,0.5,0.5,0.5,0.5,0.5,0.5,0.0,0.08333333333333333,0.08333333333333333,0.13095238095238096,0.15873015873015872,0.15873015873015872,0.15873015873015872,2.0
PLAIN-551,2,0.0,0.0,0.0,0.0,0.3032935912997024,0.3032935912997024,0.3032935912997024,0.0,0.0,0.0,0.0,1.0,1.0,1.0,0.0,0.0,0.0,0.0,0.1,0.04,0.02,0.0,0.0,0.0,0.0,0.06666666666666667,0.06666666666666667,0.06666666666666667,0.0,0.0,0.0,0.0,0.09583333333333333,0.09583333333333333,0.09583333333333333,15.0
PLAIN-561,25,1.0,0.7653606369886217,0.5531464700081437,0.35895421017163476,0.23165732683700074,0.20056281031502377,0.20056281031502377,0.04,0.08,0.08,0.08,0.08,0.08,0.08,1.0,0.6666666666666666,0.4,0.2,0.1,0.04,0.02,1.0,1.0,1.0,1.0,1.0,1.0,1.0,0.04,0.08,0.08,0.08,0.08,0.08,0.08,1.0
PLAIN-571,7,1.0,0.46927872602275644,0.4703652827859579,0.38121301394452073,0.38121301394452073,0.38121301394452073,0.38121301394452073,0.14285714285714285,0.14285714285714285,0.2857142857142857,0.2857142857142857,0.2857142857142857,0.2857142857142857,0.2857142857142857,1.0,0.3333333333333333,0.4,0.2,0.1,0.04,0.02,1.0,1.0,1.0,1.0,1.0,1.0,1.0,0.14285714285714285,0.14285714285714285,0.19999999999999998,0.19999999999999998,0.19999999999999998,0.19999999999999998,0.19999999999999998,1.0
PLAIN-583,44,0.0,0.0,0.0,0.06362078819895173,0.04105877938688905,0.04106420777351553,0.0557576743626385,0.0,0.0,0.0,0.022727272727272728,0.022727272727272728,0.045454545454545456,0.06818181818181818,0.0,0.0,0.0,0.1,0.05,0.04,0.03,0.0,0.0,0.0,0.1,0.1,0.1,0.1,0.0,0.0,0.0,0.002272727272727273,0.002272727272727273,0.0036501377410468323,0.0049365871407037794,10.0
PLAIN-593,3,1.0,0.46927872602275644,0.46927872602275644,0.46927872602275644,0.46927872602275644,0.46927872602275644,0.46927872602275644,0.3333333333333333,0.3333333333333333,0.3333333333333333,0.3333333333333333,0.3333333333333333,0.3333333333333333,0.3333333333333333,1.0,0.3333333333333333,0.2,0.1,0.05,0.02,0.01,1.0,1.0,1.0,1.0,1.0,1.0,1.0,0.3333333333333333,0.3333333333333333,0.3333333333333333,0.3333333333333333,0.3333333333333333,0.3333333333333333,0.3333333333333333,1.0
PLAIN-603,1,0.0,0.0,0.0,0.0,0.0,0.0,0.0,0.0,0.0,0.0,0.0,0.0,0.0,0.0,0.0,0.0,0.0,0.0,0.0,0.0,0.0,0.0,0.0,0.0,0.0,0.0,0.0,0.0,0.0,0.0,0.0,0.0,0.0,0.0,0.0,
PLAIN-613,10,1.0,0.46927872602275644,0.3391602052736161,0.2200917662980802,0.2200917662980802,0.2200917662980802,0.25531812989216984,0.1,0.1,0.1,0.1,0.1,0.1,0.2,1.0,0.3333333333333333,0.2,0.1,0.05,0.02,0.02,1.0,1.0,1.0,1.0,1.0,1.0,1.0,0.1,0.1,0.1,0.1,0.1,0.1,0.10266666666666666,1.0
PLAIN-623,41,0.0,0.0,0.0,0.0,0.03286497056757699,0.04040462698652576,0.05372354037032568,0.0,0.0,0.0,0.0,0.024390243902439025,0.04878048780487805,0.07317073170731707,0.0,0.0,0.0,0.0,0.05,0.04,0.03,0.0,0.0,0.0,0.0,0.05263157894736842,0.05263157894736842,0.05263157894736842,0.0,0.0,0.0,0.0,0.0012836970474967907,0.00360657741915765,0.004338284736230821,19.0
PLAIN-634,21,0.0,0.5307212739772434,0.38356636737133565,0.32730659600127,0.24598316269365772,0.2670244092692686,0.3509537694889924,0.0,0.09523809523809523,0.09523809523809523,0.14285714285714285,0.19047619047619047,0.23809523809523808,0.42857142857142855,0.0,0.6666666666666666,0.4,0.3,0.2,0.1,0.09,0.0,0.5,0.5,0.5,0.5,0.5,0.5,0.0,0.055555555555555546,0.055555555555555546,0.07936507936507936,0.09126984126984126,0.10008818342151675,0.1153004893493756,2.0
PLAIN-645,29,0.0,0.0,0.0,0.0,0.0,0.0,0.0,0.0,0.0,0.0,0.0,0.0,0.0,0.0,0.0,0.0,0.0,0.0,0.0,0.0,0.0,0.0,0.0,0.0,0.0,0.0,0.0,0.0,0.0,0.0,0.0,0.0,0.0,0.0,0.0,
PLAIN-660,475,1.0,1.0,1.0,1.0,0.932499536359304,0.6454271176644678,0.4445707729450115,0.002105263157894737,0.00631578947368421,0.010526315789473684,0.021052631578947368,0.037894736842105266,0.056842105263157895,0.06947368421052631,1.0,1.0,1.0,1.0,0.9,0.54,0.33,1.0,1.0,1.0,1.0,1.0,1.0,1.0,0.002105263157894737,0.00631578947368421,0.010526315789473684,0.021052631578947368,0.03746260387811634,0.05024492562355872,0.055948659380462895,1.0
PLAIN-671,1,1.0,1.0,1.0,1.0,1.0,1.0,1.0,1.0,1.0,1.0,1.0,1.0,1.0,1.0,1.0,0.3333333333333333,0.2,0.1,0.05,0.02,0.01,1.0,1.0,1.0,1.0,1.0,1.0,1.0,1.0,1.0,1.0,1.0,1.0,1.0,1.0,1.0
PLAIN-681,1,0.0,0.0,0.0,0.0,0.27023815442731974,0.27023815442731974,0.27023815442731974,0.0,0.0,0.0,0.0,1.0,1.0,1.0,0.0,0.0,0.0,0.0,0.05,0.02,0.01,0.0,0.0,0.0,0.0,0.08333333333333333,0.08333333333333333,0.08333333333333333,0.0,0.0,0.0,0.0,0.08333333333333333,0.08333333333333333,0.08333333333333333,12.0
PLAIN-691,21,0.0,0.0,0.0,0.0,0.035510009908414325,0.05962812624190404,0.08208678761569732,0.0,0.0,0.0,0.0,0.047619047619047616,0.09523809523809523,0.14285714285714285,0.0,0.0,0.0,0.0,0.05,0.04,0.03,0.0,0.0,0.0,0.0,0.06666666666666667,0.06666666666666667,0.06666666666666667,0.0,0.0,0.0,0.0,0.0031746031746031746,0.005389442598744925,0.007459835973486125,15.0
PLAIN-701,8,1.0,0.7653606369886217,0.5531464700081437,0.4125317798925535,0.5353124223870225,0.5885087814286546,0.5885087814286546,0.125,0.25,0.25,0.25,0.5,0.625,0.625,1.0,0.6666666666666666,0.4,0.2,0.2,0.1,0.05,1.0,1.0,1.0,1.0,1.0,1.0,1.0,0.125,0.25,0.25,0.25,0.3027777777777778,0.3268162393162394,0.3268162393162394,1.0
PLAIN-711,57,0.0,0.23463936301137822,0.16958010263680806,0.1100458831490401,0.10445751120154215,0.07082737160372246,0.08769878348307747,0.0,0.017543859649122806,0.017543859649122806,0.017543859649122806,0.03508771929824561,0.05263157894736842,0.08771929824561403,0.0,0.3333333333333333,0.2,0.1,0.1,0.06,0.05,0.0,0.3333333333333333,0.3333333333333333,0.3333333333333333,0.3333333333333333,0.3333333333333333,0.3333333333333333,0.0,0.005847953216374269,0.005847953216374269,0.005847953216374269,0.007797270955165692,0.008893762183235867,0.011088402222487435,3.0
PLAIN-721,25,1.0,1.0,1.0,1.0,0.9001612452109843,0.8031224103279695,0.8031224103279695,0.04,0.12,0.2,0.4,0.68,0.72,0.72,1.0,1.0,1.0,1.0,0.85,0.36,0.18,1.0,1.0,1.0,1.0,1.0,1.0,1.0,0.04,0.12,0.2,0.4,0.6757894736842105,0.6963609022556392,0.6963609022556392,1.0
PLAIN-731,54,1.0,1.0,0.8687949224876582,0.841492960259019,0.6127171220248351,0.4758486709622817,0.5137907573857896,0.018518518518518517,0.05555555555555555,0.07407407407407407,0.14814814814814814,0.18518518518518517,0.35185185185185186,0.4444444444444444,1.0,1.0,0.8,0.8,0.5,0.38,0.24,1.0,1.0,1.0,1.0,1.0,1.0,1.0,0.018518518518518517,0.05555555555555555,0.07407407407407407,0.13261316872427983,0.1546929408040519,0.23682238718255066,0.2713815611876721,1.0
PLAIN-741,19,1.0,1.0,1.0,0.793584067764911,0.5702140609698191,0.5702140609698191,0.5926614247086229,0.05263157894736842,0.15789473684210525,0.2631578947368421,0.3684210526315789,0.42105263157894735,0.42105263157894735,0.47368421052631576,1.0,1.0,1.0,0.7,0.4,0.16,0.09,1.0,1.0,1.0,1.0,1.0,1.0,1.0,0.05263157894736842,0.15789473684210525,0.2631578947368421,0.3567251461988304,0.3950026581605529,0.3950026581605529,0.40015139957931717,1.0
PLAIN-751,7,0.0,0.0,0.0,0.0,0.0,0.0,0.0,0.0,0.0,0.0,0.0,0.0,0.0,0.0,0.0,0.0,0.0,0.0,0.0,0.0,0.0,0.0,0.0,0.0,0.0,0.0,0.0,0.0,0.0,0.0,0.0,0.0,0.0,0.0,0.0,
PLAIN-761,6,0.0,0.0,0.0,0.0,0.0,0.0,0.0,0.0,0.0,0.0,0.0,0.0,0.0,0.0,0.0,0.0,0.0,0.0,0.0,0.0,0.0,0.0,0.0,0.0,0.0,0.0,0.0,0.0,0.0,0.0,0.0,0.0,0.0,0.0,0.0,
PLAIN-771,3,1.0,1.0,1.0,1.0,1.0,1.0,1.0,0.3333333333333333,1.0,1.0,1.0,1.0,1.0,1.0,1.0,1.0,0.6,0.3,0.15,0.06,0.03,1.0,1.0,1.0,1.0,1.0,1.0,1.0,0.3333333333333333,1.0,1.0,1.0,1.0,1.0,1.0,1.0
PLAIN-782,2,0.0,0.0,0.0,0.0,0.0,0.0,0.0,0.0,0.0,0.0,0.0,0.0,0.0,0.0,0.0,0.0,0.0,0.0,0.0,0.0,0.0,0.0,0.0,0.0,0.0,0.0,0.0,0.0,0.0,0.0,0.0,0.0,0.0,0.0,0.0,
PLAIN-792,6,0.0,0.2960819109658652,0.36005461457723403,0.3212446320893053,0.3212446320893053,0.3212446320893053,0.3724733468591003,0.0,0.16666666666666666,0.3333333333333333,0.3333333333333333,0.3333333333333333,0.3333333333333333,0.5,0.0,0.3333333333333333,0.4,0.2,0.1,0.04,0.03,0.0,0.5,0.5,0.5,0.5,0.5,0.5,0.0,0.08333333333333333,0.16666666666666666,0.16666666666666666,0.16666666666666666,0.16666666666666666,0.17514124293785313,2.0
PLAIN-806,96,1.0,1.0,1.0,0.8630152897016883,0.7726839473379403,0.5308757230784982,0.3524626623382374,0.010416666666666666,0.03125,0.052083333333333336,0.08333333333333333,0.14583333333333334,0.21875,0.23958333333333334,1.0,1.0,1.0,0.8,0.7,0.42,0.23,1.0,1.0,1.0,1.0,1.0,1.0,1.0,0.010416666666666666,0.03125,0.052083333333333336,0.0808738425925926,0.1295683723919986,0.17216802185522181,0.17845986786191717,1.0
PLAIN-817,1,0.0,0.0,0.0,0.0,0.0,0.0,0.0,0.0,0.0,0.0,0.0,0.0,0.0,0.0,0.0,0.0,0.0,0.0,0.0,0.0,0.0,0.0,0.0,0.0,0.0,0.0,0.0,0.0,0.0,0.0,0.0,0.0,0.0,0.0,0.0,
PLAIN-827,244,1.0,1.0,1.0,0.857980942822373,0.7709366149987958,0.5992052616839639,0.5167482930253433,0.004098360655737705,0.012295081967213115,0.020491803278688523,0.03278688524590164,0.05737704918032787,0.10655737704918032,0.18442622950819673,1.0,1.0,1.0,0.8,0.7,0.52,0.45,1.0,1.0,1.0,1.0,1.0,1.0,1.0,0.004098360655737705,0.012295081967213115,0.020491803278688523,0.03123373666406453,0.05075166650022002,0.07795647176526764,0.1173791910937567,1.0
PLAIN-838,9,1.0,1.0,1.0,0.7767471075223498,0.8423114054382145,0.8423114054382145,0.8423114054382145,0.1111111111111111,0.3333333333333333,0.5555555555555556,0.6666666666666666,0.7777777777777778,0.7777777777777778,0.7777777777777778,1.0,1.0,1.0,0.6,0.35,0.14,0.07,1.0,1.0,1.0,1.0,1.0,1.0,1.0,0.1111111111111111,0.3333333333333333,0.5555555555555556,0.6666666666666666,0.7373737373737375,0.7373737373737375,0.7373737373737375,1.0
PLAIN-850,57,1.0,1.0,0.8687949224876582,0.633219679627003,0.408659305633533,0.22306798062375807,0.21573297681787187,0.017543859649122806,0.05263157894736842,0.07017543859649122,0.08771929824561403,0.08771929824561403,0.08771929824561403,0.10526315789473684,1.0,1.0,0.8,0.5,0.25,0.1,0.06,1.0,1.0,1.0,1.0,1.0,1.0,1.0,0.017543859649122806,0.05263157894736842,0.07017543859649122,0.08114035087719298,0.08114035087719298,0.08114035087719298,0.0828111946532999,1.0
PLAIN-872,1,0.0,0.0,0.0,0.0,0.0,0.0,0.0,0.0,0.0,0.0,0.0,0.0,0.0,0.0,0.0,0.0,0.0,0.0,0.0,0.0,0.0,0.0,0.0,0.0,0.0,0.0,0.0,0.0,0.0,0.0,0.0,0.0,0.0,0.0,0.0,
PLAIN-882,15,1.0,0.7653606369886217,0.5531464700081437,0.35895421017163476,0.27825165032414384,0.27825165032414384,0.27825165032414384,0.06666666666666667,0.13333333333333333,0.13333333333333333,0.13333333333333333,0.13333333333333333,0.13333333333333333,0.13333333333333333,1.0,0.6666666666666666,0.4,0.2,0.1,0.04,0.02,1.0,1.0,1.0,1.0,1.0,1.0,1.0,0.06666666666666667,0.13333333333333333,0.13333333333333333,0.13333333333333333,0.13333333333333333,0.13333333333333333,0.13333333333333333,1.0
PLAIN-892,92,1.0,1.0,1.0,0.8669479898642711,0.5594999254713815,0.32040174301361235,0.21789079277397097,0.010869565217391304,0.03260869565217391,0.05434782608695652,0.08695652173913043,0.08695652173913043,0.09782608695652174,0.10869565217391304,1.0,1.0,1.0,0.8,0.4,0.18,0.1,1.0,1.0,1.0,1.0,1.0,1.0,1.0,0.010869565217391304,0.03260869565217391,0.05434782608695652,0.08574879227053141,0.08574879227053141,0.08854382332643201,0.0902421928916494,1.0
PLAIN-902,4,1.0,0.7653606369886217,0.6366824387328317,0.6366824387328317,0.6366824387328317,0.6366824387328317,0.701745780398182,0.25,0.5,0.5,0.5,0.5,0.5,0.75,1.0,0.6666666666666666,0.4,0.2,0.1,0.04,0.03,1.0,1.0,1.0,1.0,1.0,1.0,1.0,0.25,0.5,0.5,0.5,0.5,0.5,0.5119047619047619,1.0
PLAIN-913,34,1.0,1.0,1.0,0.8006937664098821,0.5927189680007043,0.41933045760547005,0.41933045760547005,0.029411764705882353,0.08823529411764706,0.14705882352941177,0.20588235294117646,0.2647058823529412,0.2647058823529412,0.2647058823529412,1.0,1.0,1.0,0.7,0.45,0.18,0.09,1.0,1.0,1.0,1.0,1.0,1.0,1.0,0.029411764705882353,0.08823529411764706,0.14705882352941177,0.20588235294117646,0.24618029029793737,0.24618029029793737,0.24618029029793737,1.0
PLAIN-924,32,1.0,0.46927872602275644,0.3391602052736161,0.2200917662980802,0.1420400396336573,0.10460447009794717,0.10460447009794717,0.03125,0.03125,0.03125,0.03125,0.03125,0.03125,0.03125,1.0,0.3333333333333333,0.2,0.1,0.05,0.02,0.01,1.0,1.0,1.0,1.0,1.0,1.0,1.0,0.03125,0.03125,0.03125,0.03125,0.03125,0.03125,0.03125,1.0
PLAIN-934,101,1.0,0.46927872602275644,0.4703652827859579,0.5135081645717172,0.6202582715892052,0.6162004991057448,0.41102899114089214,0.009900990099009901,0.009900990099009901,0.019801980198019802,0.04950495049504951,0.12871287128712872,0.3069306930693069,0.3465346534653465,1.0,0.3333333333333333,0.4,0.5,0.65,0.62,0.35,1.0,1.0,1.0,1.0,1.0,1.0,1.0,0.009900990099009901,0.009900990099009901,0.01386138613861386,0.02816281628162816,0.0789676596772051,0.2002254192160763,0.22023141293614443,1.0
PLAIN-946,31,0.0,0.23463936301137822,0.3156484524795145,0.20483424751859092,0.1321933351948605,0.09941446363747791,0.09941446363747791,0.0,0.03225806451612903,0.06451612903225806,0.06451612903225806,0.06451612903225806,0.06451612903225806,0.06451612903225806,0.0,0.3333333333333333,0.4,0.2,0.1,0.04,0.02,0.0,0.3333333333333333,0.3333333333333333,0.3333333333333333,0.3333333333333333,0.3333333333333333,0.3333333333333333,0.0,0.01075268817204301,0.026881720430107524,0.026881720430107524,0.026881720430107524,0.026881720430107524,0.026881720430107524,3.0
PLAIN-956,206,1.0,0.7653606369886217,0.5531464700081437,0.5107164012496702,0.6469255908631165,0.5007265641249409,0.37774561395500317,0.0048543689320388345,0.009708737864077669,0.009708737864077669,0.019417475728155338,0.06310679611650485,0.11165048543689321,0.1553398058252427,1.0,0.6666666666666666,0.4,0.4,0.65,0.46,0.32,1.0,1.0,1.0,1.0,1.0,1.0,1.0,0.0048543689320388345,0.009708737864077669,0.009708737864077669,0.014909847434119277,0.039333653941284165,0.06296946507766102,0.07969747193153483,1.0
PLAIN-966,3,0.0,0.23463936301137822,0.23463936301137822,0.23463936301137822,0.23463936301137822,0.23463936301137822,0.23463936301137822,0.0,0.3333333333333333,0.3333333333333333,0.3333333333333333,0.3333333333333333,0.3333333333333333,0.3333333333333333,0.0,0.3333333333333333,0.2,0.1,0.05,0.02,0.01,0.0,0.3333333333333333,0.3333333333333333,0.3333333333333333,0.3333333333333333,0.3333333333333333,0.3333333333333333,0.0,0.1111111111111111,0.1111111111111111,0.1111111111111111,0.1111111111111111,0.1111111111111111,0.1111111111111111,3.0
PLAIN-977,3,0.0,0.0,0.0,0.0,0.0,0.0,0.07063348642991449,0.0,0.0,0.0,0.0,0.0,0.0,0.3333333333333333,0.0,0.0,0.0,0.0,0.0,0.0,0.01,0.0,0.0,0.0,0.0,0.0,0.0,0.010101010101010102,0.0,0.0,0.0,0.0,0.0,0.0,0.0033670033670033673,99.0
PLAIN-987,3,1.0,0.46927872602275644,0.46927872602275644,0.46927872602275644,0.46927872602275644,0.46927872602275644,0.6219078897769723,0.3333333333333333,0.3333333333333333,0.3333333333333333,0.3333333333333333,0.3333333333333333,0.3333333333333333,1.0,1.0,0.3333333333333333,0.2,0.1,0.05,0.02,0.03,1.0,1.0,1.0,1.0,1.0,1.0,1.0,0.3333333333333333,0.3333333333333333,0.3333333333333333,0.3333333333333333,0.3333333333333333,0.3333333333333333,0.3566079740943129,1.0
PLAIN-997,2,0.0,0.0,0.0,0.0,0.0,0.0,0.0,0.0,0.0,0.0,0.0,0.0,0.0,0.0,0.0,0.0,0.0,0.0,0.0,0.0,0.0,0.0,0.0,0.0,0.0,0.0,0.0,0.0,0.0,0.0,0.0,0.0,0.0,0.0,0.0,
PLAIN-1008,5,0.0,0.0,0.0,0.0,0.0,0.0,0.0,0.0,0.0,0.0,0.0,0.0,0.0,0.0,0.0,0.0,0.0,0.0,0.0,0.0,0.0,0.0,0.0,0.0,0.0,0.0,0.0,0.0,0.0,0.0,0.0,0.0,0.0,0.0,0.0,
PLAIN-1018,60,0.0,0.2960819109658652,0.34519134224686937,0.35969100690634187,0.34649482460176995,0.18913530110534646,0.1668922107092389,0.0,0.016666666666666666,0.03333333333333333,0.06666666666666667,0.11666666666666667,0.11666666666666667,0.11666666666666667,0.0,0.3333333333333333,0.4,0.4,0.35,0.14,0.07,0.0,0.5,0.5,0.5,0.5,0.5,0.5,0.0,0.008333333333333333,0.015000000000000001,0.028657407407407406,0.05289983164983165,0.05289983164983165,0.05289983164983165,2.0
PLAIN-1028,1,0.0,0.0,0.0,0.0,0.0,0.0,0.0,0.0,0.0,0.0,0.0,0.0,0.0,0.0,0.0,0.0,0.0,0.0,0.0,0.0,0.0,0.0,0.0,0.0,0.0,0.0,0.0,0.0,0.0,0.0,0.0,0.0,0.0,0.0,0.0,
PLAIN-1039,2,1.0,1.0,1.0,1.0,1.0,1.0,1.0,0.5,1.0,1.0,1.0,1.0,1.0,1.0,1.0,0.6666666666666666,0.4,0.2,0.1,0.04,0.02,1.0,1.0,1.0,1.0,1.0,1.0,1.0,0.5,1.0,1.0,1.0,1.0,1.0,1.0,1.0
PLAIN-1050,94,0.0,0.0,0.0,0.0,0.0,0.015370132701064394,0.04140254182514856,0.0,0.0,0.0,0.0,0.0,0.010638297872340425,0.05319148936170213,0.0,0.0,0.0,0.0,0.0,0.02,0.05,0.0,0.0,0.0,0.0,0.0,0.03125,0.03125,0.0,0.0,0.0,0.0,0.0,0.0003324468085106383,0.002133102251745186,32.0
PLAIN-1066,9,0.0,0.0,0.0,0.0,0.0,0.0,0.03847828572637916,0.0,0.0,0.0,0.0,0.0,0.0,0.1111111111111111,0.0,0.0,0.0,0.0,0.0,0.0,0.01,0.0,0.0,0.0,0.0,0.0,0.0,0.014705882352941176,0.0,0.0,0.0,0.0,0.0,0.0,0.0016339869281045752,68.0
PLAIN-1088,5,1.0,0.7653606369886217,0.5531464700081437,0.5531464700081437,0.5531464700081437,0.5531464700081437,0.5531464700081437,0.2,0.4,0.4,0.4,0.4,0.4,0.4,1.0,0.6666666666666666,0.4,0.2,0.1,0.04,0.02,1.0,1.0,1.0,1.0,1.0,1.0,1.0,0.2,0.4,0.4,0.4,0.4,0.4,0.4,1.0
PLAIN-1098,5,0.0,0.0,0.0,0.0,0.0,0.0,0.0,0.0,0.0,0.0,0.0,0.0,0.0,0.0,0.0,0.0,0.0,0.0,0.0,0.0,0.0,0.0,0.0,0.0,0.0,0.0,0.0,0.0,0.0,0.0,0.0,0.0,0.0,0.0,0.0,
PLAIN-1109,98,1.0,0.7653606369886217,0.830419897363192,0.6785038377365556,0.5503220500106103,0.3305391965166946,0.22177191774967792,0.01020408163265306,0.02040816326530612,0.04081632653061224,0.061224489795918366,0.09183673469387756,0.11224489795918367,0.1326530612244898,1.0,0.6666666666666666,0.8,0.6,0.45,0.22,0.13,1.0,1.0,1.0,1.0,1.0,1.0,1.0,0.01020408163265306,0.02040816326530612,0.036224489795918365,0.05031584062196307,0.06921123094592484,0.07543365234691767,0.07854022831063649,1.0
PLAIN-1119,11,0.0,0.0,0.0,0.0,0.0,0.0,0.0,0.0,0.0,0.0,0.0,0.0,0.0,0.0,0.0,0.0,0.0,0.0,0.0,0.0,0.0,0.0,0.0,0.0,0.0,0.0,0.0,0.0,0.0,0.0,0.0,0.0,0.0,0.0,0.0,
PLAIN-1130,1,1.0,1.0,1.0,1.0,1.0,1.0,1.0,1.0,1.0,1.0,1.0,1.0,1.0,1.0,1.0,0.3333333333333333,0.2,0.1,0.05,0.02,0.01,1.0,1.0,1.0,1.0,1.0,1.0,1.0,1.0,1.0,1.0,1.0,1.0,1.0,1.0,1.0
PLAIN-1141,16,0.0,0.0,0.13120507751234178,0.08514311764162101,0.06335619058732639,0.06335619058732639,0.08941233960596894,0.0,0.0,0.0625,0.0625,0.0625,0.0625,0.125,0.0,0.0,0.2,0.1,0.05,0.02,0.02,0.0,0.0,0.2,0.2,0.2,0.2,0.2,0.0,0.0,0.0125,0.0125,0.0125,0.0125,0.014123376623376625,5.0
PLAIN-1151,153,1.0,0.46927872602275644,0.48522855511632257,0.5328965452000555,0.3439140303792236,0.23100909000797393,0.22619852780272465,0.006535947712418301,0.006535947712418301,0.013071895424836602,0.032679738562091505,0.032679738562091505,0.05228758169934641,0.12418300653594772,1.0,0.3333333333333333,0.4,0.5,0.25,0.16,0.19,1.0,1.0,1.0,1.0,1.0,1.0,1.0,0.006535947712418301,0.006535947712418301,0.00980392156862745,0.020437804751530238,0.020437804751530238,0.023803425274013506,0.036632789341413285,1.0
PLAIN-1161,1,0.0,0.0,0.0,0.0,0.0,0.0,0.0,0.0,0.0,0.0,0.0,0.0,0.0,0.0,0.0,0.0,0.0,0.0,0.0,0.0,0.0,0.0,0.0,0.0,0.0,0.0,0.0,0.0,0.0,0.0,0.0,0.0,0.0,0.0,0.0,
PLAIN-1172,19,1.0,0.46927872602275644,0.3391602052736161,0.2200917662980802,0.14678687637874557,0.14678687637874557,0.14678687637874557,0.05263157894736842,0.05263157894736842,0.05263157894736842,0.05263157894736842,0.05263157894736842,0.05263157894736842,0.05263157894736842,1.0,0.3333333333333333,0.2,0.1,0.05,0.02,0.01,1.0,1.0,1.0,1.0,1.0,1.0,1.0,0.05263157894736842,0.05263157894736842,0.05263157894736842,0.05263157894736842,0.05263157894736842,0.05263157894736842,0.05263157894736842,1.0
PLAIN-1183,25,0.0,0.2960819109658652,0.21398626473452756,0.2172607128522299,0.1402129701779605,0.12139269551916781,0.2800108107722536,0.0,0.04,0.04,0.08,0.08,0.08,0.4,0.0,0.3333333333333333,0.2,0.2,0.1,0.04,0.1,0.0,0.5,0.5,0.5,0.5,0.5,0.5,0.0,0.02,0.02,0.03333333333333333,0.03333333333333333,0.03333333333333333,0.061524866047096616,2.0
PLAIN-1193,18,0.0,0.0,0.14606834984270645,0.09478836436955079,0.06544023194852021,0.2781209708161536,0.3493226543849257,0.0,0.0,0.05555555555555555,0.05555555555555555,0.05555555555555555,0.4444444444444444,0.6111111111111112,0.0,0.0,0.2,0.1,0.05,0.16,0.11,0.0,0.0,0.25,0.25,0.25,0.25,0.25,0.0,0.0,0.013888888888888888,0.013888888888888888,0.013888888888888888,0.07073654727850887,0.09058613505293867,4.0
PLAIN-1203,12,1.0,0.7653606369886217,0.5531464700081437,0.35895421017163476,0.320245999844935,0.3566603872787709,0.3566603872787709,0.08333333333333333,0.16666666666666666,0.16666666666666666,0.16666666666666666,0.16666666666666666,0.25,0.25,1.0,0.6666666666666666,0.4,0.2,0.1,0.06,0.03,1.0,1.0,1.0,1.0,1.0,1.0,1.0,0.08333333333333333,0.16666666666666666,0.16666666666666666,0.16666666666666666,0.16666666666666666,0.17276422764227642,0.17276422764227642,1.0
PLAIN-1214,17,0.0,0.0,0.0,0.0,0.0,0.0,0.0,0.0,0.0,0.0,0.0,0.0,0.0,0.0,0.0,0.0,0.0,0.0,0.0,0.0,0.0,0.0,0.0,0.0,0.0,0.0,0.0,0.0,0.0,0.0,0.0,0.0,0.0,0.0,0.0,
PLAIN-1225,27,1.0,0.7653606369886217,0.6992148198508501,0.6651928536555898,0.5029777874900085,0.46287696149118934,0.46287696149118934,0.037037037037037035,0.07407407407407407,0.1111111111111111,0.2222222222222222,0.2962962962962963,0.37037037037037035,0.37037037037037035,1.0,0.6666666666666666,0.6,0.6,0.4,0.2,0.1,1.0,1.0,1.0,1.0,1.0,1.0,1.0,0.037037037037037035,0.07407407407407407,0.10185185185185185,0.17191358024691356,0.21291179771571928,0.23901652313078953,0.23901652313078953,1.0
PLAIN-1236,5,1.0,0.46927872602275644,0.3391602052736161,0.3391602052736161,0.3391602052736161,0.3391602052736161,0.3391602052736161,0.2,0.2,0.2,0.2,0.2,0.2,0.2,1.0,0.3333333333333333,0.2,0.1,0.05,0.02,0.01,1.0,1.0,1.0,1.0,1.0,1.0,1.0,0.2,0.2,0.2,0.2,0.2,0.2,0.2,1.0
PLAIN-1249,4,0.0,0.0,0.0,0.0,0.0,0.0,0.0,0.0,0.0,0.0,0.0,0.0,0.0,0.0,0.0,0.0,0.0,0.0,0.0,0.0,0.0,0.0,0.0,0.0,0.0,0.0,0.0,0.0,0.0,0.0,0.0,0.0,0.0,0.0,0.0,
PLAIN-1262,10,1.0,1.0,0.7227265726449519,0.46900009332067494,0.46900009332067494,0.46900009332067494,0.46900009332067494,0.1,0.3,0.3,0.3,0.3,0.3,0.3,1.0,1.0,0.6,0.3,0.15,0.06,0.03,1.0,1.0,1.0,1.0,1.0,1.0,1.0,0.1,0.3,0.3,0.3,0.3,0.3,0.3,1.0
PLAIN-1275,55,1.0,1.0,0.8687949224876582,0.5637884576902257,0.3638506620318612,0.23244467763740925,0.21777299507200457,0.01818181818181818,0.05454545454545454,0.07272727272727272,0.07272727272727272,0.07272727272727272,0.10909090909090909,0.10909090909090909,1.0,1.0,0.8,0.4,0.2,0.12,0.06,1.0,1.0,1.0,1.0,1.0,1.0,1.0,0.01818181818181818,0.05454545454545454,0.07272727272727272,0.07272727272727272,0.07272727272727272,0.08140495867768595,0.08140495867768595,1.0
PLAIN-1288,196,1.0,0.7039180890341347,0.7860137352654724,0.7241528458281337,0.467344601991824,0.39307427232084713,0.2583831102937303,0.00510204081632653,0.01020408163265306,0.02040816326530612,0.03571428571428571,0.03571428571428571,0.08163265306122448,0.09183673469387756,1.0,0.6666666666666666,0.8,0.7,0.35,0.32,0.18,1.0,1.0,1.0,1.0,1.0,1.0,1.0,0.00510204081632653,0.008503401360544217,0.01641156462585034,0.028458049886621314,0.028458049886621314,0.04490997315943828,0.04800420276502715,1.0
PLAIN-1299,61,1.0,0.46927872602275644,0.3391602052736161,0.2200917662980802,0.1420400396336573,0.09173466982629618,0.12220232157775072,0.01639344262295082,0.01639344262295082,0.01639344262295082,0.01639344262295082,0.01639344262295082,0.03278688524590164,0.09836065573770492,1.0,0.3333333333333333,0.2,0.1,0.05,0.04,0.06,1.0,1.0,1.0,1.0,1.0,1.0,1.0,0.01639344262295082,0.01639344262295082,0.01639344262295082,0.01639344262295082,0.01639344262295082,0.017155928326343883,0.020556571156315054,1.0
PLAIN-1309,4,0.0,0.0,0.0,0.0,0.0,0.0,0.0,0.0,0.0,0.0,0.0,0.0,0.0,0.0,0.0,0.0,0.0,0.0,0.0,0.0,0.0,0.0,0.0,0.0,0.0,0.0,0.0,0.0,0.0,0.0,0.0,0.0,0.0,0.0,0.0,
PLAIN-1320,6,1.0,0.7039180890341347,0.6548086577531307,0.5842273861585908,0.5842273861585908,0.5842273861585908,0.5842273861585908,0.16666666666666666,0.3333333333333333,0.5,0.5,0.5,0.5,0.5,1.0,0.6666666666666666,0.6,0.3,0.15,0.06,0.03,1.0,1.0,1.0,1.0,1.0,1.0,1.0,0.16666666666666666,0.27777777777777773,0.40277777777777773,0.40277777777777773,0.40277777777777773,0.40277777777777773,0.40277777777777773,1.0
PLAIN-1331,1,0.0,0.0,0.0,0.0,0.0,0.0,0.0,0.0,0.0,0.0,0.0,0.0,0.0,0.0,0.0,0.0,0.0,0.0,0.0,0.0,0.0,0.0,0.0,0.0,0.0,0.0,0.0,0.0,0.0,0.0,0.0,0.0,0.0,0.0,0.0,
PLAIN-1342,16,1.0,0.46927872602275644,0.4703652827859579,0.5193185983095429,0.3864322684134236,0.3864322684134236,0.3864322684134236,0.0625,0.0625,0.125,0.3125,0.3125,0.3125,0.3125,1.0,0.3333333333333333,0.4,0.5,0.25,0.1,0.05,1.0,1.0,1.0,1.0,1.0,1.0,1.0,0.0625,0.0625,0.0875,0.18472222222222223,0.18472222222222223,0.18472222222222223,0.18472222222222223,1.0
PLAIN-1353,4,0.0,0.0,0.0,0.0,0.0,0.0,0.0,0.0,0.0,0.0,0.0,0.0,0.0,0.0,0.0,0.0,0.0,0.0,0.0,0.0,0.0,0.0,0.0,0.0,0.0,0.0,0.0,0.0,0.0,0.0,0.0,0.0,0.0,0.0,0.0,
PLAIN-1363,11,1.0,0.46927872602275644,0.3391602052736161,0.2200917662980802,0.20736122891466585,0.20736122891466585,0.20736122891466585,0.09090909090909091,0.09090909090909091,0.09090909090909091,0.09090909090909091,0.09090909090909091,0.09090909090909091,0.09090909090909091,1.0,0.3333333333333333,0.2,0.1,0.05,0.02,0.01,1.0,1.0,1.0,1.0,1.0,1.0,1.0,0.09090909090909091,0.09090909090909091,0.09090909090909091,0.09090909090909091,0.09090909090909091,0.09090909090909091,0.09090909090909091,1.0
PLAIN-1374,26,0.0,0.0,0.0,0.0,0.07389464807379723,0.08432043167115434,0.08432043167115434,0.0,0.0,0.0,0.0,0.07692307692307693,0.11538461538461539,0.11538461538461539,0.0,0.0,0.0,0.0,0.1,0.06,0.03,0.0,0.0,0.0,0.0,0.08333333333333333,0.08333333333333333,0.08333333333333333,0.0,0.0,0.0,0.0,0.008333333333333333,0.011016696481812761,0.011016696481812761,12.0
PLAIN-1387,12,1.0,1.0,0.8539316501572937,0.693761356516045,0.6189488602599927,0.6189488602599927,0.6500980933382643,0.08333333333333333,0.25,0.3333333333333333,0.5,0.5,0.5,0.5833333333333334,1.0,1.0,0.8,0.6,0.3,0.12,0.07,1.0,1.0,1.0,1.0,1.0,1.0,1.0,0.08333333333333333,0.25,0.31666666666666665,0.43174603174603177,0.43174603174603177,0.43174603174603177,0.4392246642246642,1.0
PLAIN-1398,103,1.0,1.0,1.0,1.0,0.865983593329252,0.6299720667216141,0.3880480941222788,0.009708737864077669,0.02912621359223301,0.04854368932038835,0.0970873786407767,0.1553398058252427,0.2524271844660194,0.2524271844660194,1.0,1.0,1.0,1.0,0.8,0.52,0.26,1.0,1.0,1.0,1.0,1.0,1.0,1.0,0.009708737864077669,0.02912621359223301,0.04854368932038835,0.0970873786407767,0.15426105717367852,0.22377284999687252,0.22377284999687252,1.0
PLAIN-1409,253,0.0,0.0,0.0,0.0,0.03730675036644463,0.06743360699128054,0.11204888215025272,0.0,0.0,0.0,0.0,0.003952569169960474,0.015810276679841896,0.05138339920948617,0.0,0.0,0.0,0.0,0.05,0.08,0.13,0.0,0.0,0.0,0.0,0.07692307692307693,0.07692307692307693,0.07692307692307693,0.0,0.0,0.0,0.0,0.0003040437823046519,0.0014257542727350377,0.006010375146493509,13.0
PLAIN-1419,65,1.0,1.0,0.7227265726449519,0.5384313152574522,0.34748599025550114,0.22037292277977413,0.19488024678577834,0.015384615384615385,0.046153846153846156,0.046153846153846156,0.06153846153846154,0.06153846153846154,0.09230769230769231,0.1076923076923077,1.0,1.0,0.6,0.4,0.2,0.12,0.07,1.0,1.0,1.0,1.0,1.0,1.0,1.0,0.015384615384615385,0.046153846153846156,0.046153846153846156,0.05384615384615385,0.05384615384615385,0.059062020600482136,0.06085689239535393,1.0
PLAIN-1429,6,0.0,0.0,0.0,0.0,0.0,0.05685954565780693,0.1072932812409425,0.0,0.0,0.0,0.0,0.0,0.16666666666666666,0.3333333333333333,0.0,0.0,0.0,0.0,0.0,0.02,0.02,0.0,0.0,0.0,0.0,0.0,0.02564102564102564,0.02564102564102564,0.0,0.0,0.0,0.0,0.0,0.004273504273504273,0.009564509564509565,39.0
PLAIN-1441,186,1.0,1.0,0.7227265726449519,0.6168295842361275,0.5671416865752499,0.5107974319197478,0.3451867135387079,0.005376344086021506,0.016129032258064516,0.016129032258064516,0.026881720430107527,0.053763440860215055,0.12365591397849462,0.14516129032258066,1.0,1.0,0.6,0.5,0.5,0.46,0.27,1.0,1.0,1.0,1.0,1.0,1.0,1.0,0.005376344086021506,0.016129032258064516,0.016129032258064516,0.023073476702508956,0.0352157605166194,0.07172228985338072,0.07900687202320963,1.0
PLAIN-1453,245,1.0,0.7039180890341347,0.5087403079104241,0.39639187290150935,0.3961355958810725,0.2623709949521841,0.19989081035386982,0.004081632653061225,0.00816326530612245,0.00816326530612245,0.012244897959183673,0.02857142857142857,0.04081632653061224,0.061224489795918366,1.0,0.6666666666666666,0.4,0.3,0.35,0.2,0.15,1.0,1.0,1.0,1.0,1.0,1.0,1.0,0.004081632653061225,0.006802721088435374,0.006802721088435374,0.008163265306122448,0.013807574311775992,0.017235061949789948,0.020759367565616384,1.0
PLAIN-1463,24,1.0,0.7653606369886217,0.5531464700081437,0.4946396555628011,0.39290832226550215,0.3761736019595879,0.39773022011427206,0.041666666666666664,0.08333333333333333,0.08333333333333333,0.16666666666666666,0.25,0.2916666666666667,0.3333333333333333,1.0,0.6666666666666666,0.4,0.4,0.3,0.14,0.08,1.0,1.0,1.0,1.0,1.0,1.0,1.0,0.041666666666666664,0.08333333333333333,0.08333333333333333,0.11747685185185186,0.151122128144187,0.16278879481085365,0.16863674802722795,1.0
PLAIN-1473,1,1.0,1.0,1.0,1.0,1.0,1.0,1.0,1.0,1.0,1.0,1.0,1.0,1.0,1.0,1.0,0.3333333333333333,0.2,0.1,0.05,0.02,0.01,1.0,1.0,1.0,1.0,1.0,1.0,1.0,1.0,1.0,1.0,1.0,1.0,1.0,1.0,1.0
PLAIN-1485,54,0.0,0.0,0.0,0.0,0.0,0.0,0.0,0.0,0.0,0.0,0.0,0.0,0.0,0.0,0.0,0.0,0.0,0.0,0.0,0.0,0.0,0.0,0.0,0.0,0.0,0.0,0.0,0.0,0.0,0.0,0.0,0.0,0.0,0.0,0.0,
PLAIN-1496,1,0.0,0.0,0.0,0.0,0.0,0.0,0.0,0.0,0.0,0.0,0.0,0.0,0.0,0.0,0.0,0.0,0.0,0.0,0.0,0.0,0.0,0.0,0.0,0.0,0.0,0.0,0.0,0.0,0.0,0.0,0.0,0.0,0.0,0.0,0.0,
PLAIN-1506,15,1.0,0.46927872602275644,0.3391602052736161,0.2200917662980802,0.17060921827860476,0.20335914544068556,0.22957527973981515,0.06666666666666667,0.06666666666666667,0.06666666666666667,0.06666666666666667,0.06666666666666667,0.13333333333333333,0.2,1.0,0.3333333333333333,0.2,0.1,0.05,0.04,0.03,1.0,1.0,1.0,1.0,1.0,1.0,1.0,0.06666666666666667,0.06666666666666667,0.06666666666666667,0.06666666666666667,0.06666666666666667,0.07037037037037037,0.0725925925925926,1.0
PLAIN-1516,2,0.0,0.0,0.0,0.0,0.0,0.0,0.0,0.0,0.0,0.0,0.0,0.0,0.0,0.0,0.0,0.0,0.0,0.0,0.0,0.0,0.0,0.0,0.0,0.0,0.0,0.0,0.0,0.0,0.0,0.0,0.0,0.0,0.0,0.0,0.0,
PLAIN-1527,202,1.0,1.0,1.0,0.8572048559638626,0.6630048129702221,0.5446682806315726,0.4290588853433415,0.0049504950495049506,0.01485148514851485,0.024752475247524754,0.039603960396039604,0.054455445544554455,0.11386138613861387,0.17326732673267325,1.0,1.0,1.0,0.8,0.55,0.46,0.35,1.0,1.0,1.0,1.0,1.0,1.0,1.0,0.0049504950495049506,0.01485148514851485,0.024752475247524754,0.03751375137513751,0.04823830561193772,0.07883142144038142,0.10398347334170673,1.0
PLAIN-1537,45,1.0,0.7039180890341347,0.7860137352654724,0.7280855459907166,0.469882638268038,0.3093168842615499,0.3220231370649374,0.022222222222222223,0.044444444444444446,0.08888888888888889,0.15555555555555556,0.15555555555555556,0.2,0.2222222222222222,1.0,0.6666666666666666,0.8,0.7,0.35,0.18,0.1,1.0,1.0,1.0,1.0,1.0,1.0,1.0,0.022222222222222223,0.037037037037037035,0.07148148148148148,0.12633156966490297,0.12633156966490297,0.1391443824777158,0.14153386873816978,1.0
PLAIN-1547,6,0.0,0.0,0.0,0.0,0.0,0.0,0.0,0.0,0.0,0.0,0.0,0.0,0.0,0.0,0.0,0.0,0.0,0.0,0.0,0.0,0.0,0.0,0.0,0.0,0.0,0.0,0.0,0.0,0.0,0.0,0.0,0.0,0.0,0.0,0.0,
PLAIN-1557,26,0.0,0.23463936301137822,0.16958010263680806,0.26180807422707547,0.20302535492531393,0.17134261021416738,0.17134261021416738,0.0,0.038461538461538464,0.038461538461538464,0.11538461538461539,0.15384615384615385,0.15384615384615385,0.15384615384615385,0.0,0.3333333333333333,0.2,0.3,0.2,0.08,0.04,0.0,0.3333333333333333,0.3333333333333333,0.3333333333333333,0.3333333333333333,0.3333333333333333,0.3333333333333333,0.0,0.01282051282051282,0.01282051282051282,0.04212454212454212,0.05117431588019823,0.05117431588019823,0.05117431588019823,3.0
PLAIN-1568,2,1.0,1.0,1.0,1.0,1.0,1.0,1.0,0.5,1.0,1.0,1.0,1.0,1.0,1.0,1.0,0.6666666666666666,0.4,0.2,0.1,0.04,0.02,1.0,1.0,1.0,1.0,1.0,1.0,1.0,0.5,1.0,1.0,1.0,1.0,1.0,1.0,1.0
PLAIN-1579,5,0.0,0.2960819109658652,0.21398626473452756,0.21398626473452756,0.21398626473452756,0.21398626473452756,0.21398626473452756,0.0,0.2,0.2,0.2,0.2,0.2,0.2,0.0,0.3333333333333333,0.2,0.1,0.05,0.02,0.01,0.0,0.5,0.5,0.5,0.5,0.5,0.5,0.0,0.1,0.1,0.1,0.1,0.1,0.1,2.0
PLAIN-1590,18,0.0,0.2960819109658652,0.21398626473452756,0.2122263659729146,0.14651737802662632,0.1788436117853067,0.1788436117853067,0.0,0.05555555555555555,0.05555555555555555,0.1111111111111111,0.1111111111111111,0.16666666666666666,0.16666666666666666,0.0,0.3333333333333333,0.2,0.2,0.1,0.06,0.03,0.0,0.5,0.5,0.5,0.5,0.5,0.5,0.0,0.027777777777777776,0.027777777777777776,0.04365079365079365,0.04365079365079365,0.050317460317460316,0.050317460317460316,2.0
PLAIN-1601,74,1.0,1.0,0.8687949224876582,0.77523873680463,0.636886752333363,0.4277365344488102,0.32617080938009313,0.013513513513513514,0.04054054054054054,0.05405405405405406,0.0945945945945946,0.14864864864864866,0.21621621621621623,0.21621621621621623,1.0,1.0,0.8,0.7,0.55,0.32,0.16,1.0,1.0,1.0,1.0,1.0,1.0,1.0,0.013513513513513514,0.04054054054054054,0.05405405405405406,0.0849099099099099,0.11492493922834479,0.14880410146428452,0.14880410146428452,1.0
PLAIN-1611,6,0.0,0.0,0.0,0.0,0.0,0.0,0.0,0.0,0.0,0.0,0.0,0.0,0.0,0.0,0.0,0.0,0.0,0.0,0.0,0.0,0.0,0.0,0.0,0.0,0.0,0.0,0.0,0.0,0.0,0.0,0.0,0.0,0.0,0.0,0.0,
PLAIN-1621,4,0.0,0.0,0.0,0.0,0.0,0.0,0.0,0.0,0.0,0.0,0.0,0.0,0.0,0.0,0.0,0.0,0.0,0.0,0.0,0.0,0.0,0.0,0.0,0.0,0.0,0.0,0.0,0.0,0.0,0.0,0.0,0.0,0.0,0.0,0.0,
PLAIN-1635,431,1.0,1.0,1.0,1.0,0.9263369616450164,0.7671866588470686,0.7202419445874575,0.002320185614849188,0.0069605568445475635,0.01160092807424594,0.02320185614849188,0.04176334106728538,0.08120649651972157,0.1554524361948956,1.0,1.0,1.0,1.0,0.9,0.7,0.67,1.0,1.0,1.0,1.0,1.0,1.0,1.0,0.002320185614849188,0.0069605568445475635,0.01160092807424594,0.02320185614849188,0.04015694974208188,0.0725297597771959,0.12499917073122947,1.0
PLAIN-1645,6,1.0,0.46927872602275644,0.3391602052736161,0.30260241349881345,0.30260241349881345,0.30260241349881345,0.30260241349881345,0.16666666666666666,0.16666666666666666,0.16666666666666666,0.16666666666666666,0.16666666666666666,0.16666666666666666,0.16666666666666666,1.0,0.3333333333333333,0.2,0.1,0.05,0.02,0.01,1.0,1.0,1.0,1.0,1.0,1.0,1.0,0.16666666666666666,0.16666666666666666,0.16666666666666666,0.16666666666666666,0.16666666666666666,0.16666666666666666,0.16666666666666666,1.0
PLAIN-1656,28,0.0,0.23463936301137822,0.16958010263680806,0.17630010660342915,0.1466433028994372,0.164196549712476,0.164196549712476,0.0,0.03571428571428571,0.03571428571428571,0.07142857142857142,0.10714285714285714,0.17857142857142858,0.17857142857142858,0.0,0.3333333333333333,0.2,0.2,0.15,0.1,0.05,0.0,0.3333333333333333,0.3333333333333333,0.3333333333333333,0.3333333333333333,0.3333333333333333,0.3333333333333333,0.0,0.011904761904761904,0.011904761904761904,0.019841269841269844,0.025480367585630746,0.03625134264232009,0.03625134264232009,3.0
PLAIN-1667,159,0.0,0.23463936301137822,0.3156484524795145,0.3405196929097572,0.36416725993706467,0.3037322213829947,0.2499636410472445,0.0,0.006289308176100629,0.012578616352201259,0.025157232704402517,0.050314465408805034,0.09433962264150944,0.14465408805031446,0.0,0.3333333333333333,0.4,0.4,0.4,0.3,0.23,0.0,0.3333333333333333,0.3333333333333333,0.3333333333333333,0.3333333333333333,0.3333333333333333,0.3333333333333333,0.0,0.0020964360587002093,0.0052410901467505235,0.010394828791055206,0.02150369772456343,0.03620546543934854,0.05078289775999045,3.0
PLAIN-1679,1,0.0,0.0,0.0,0.0,0.0,0.0,0.0,0.0,0.0,0.0,0.0,0.0,0.0,0.0,0.0,0.0,0.0,0.0,0.0,0.0,0.0,0.0,0.0,0.0,0.0,0.0,0.0,0.0,0.0,0.0,0.0,0.0,0.0,0.0,0.0,
PLAIN-1690,4,0.0,0.0,0.0,0.0,0.0,0.08754031530847717,0.08754031530847717,0.0,0.0,0.0,0.0,0.0,0.25,0.25,0.0,0.0,0.0,0.0,0.0,0.02,0.01,0.0,0.0,0.0,0.0,0.0,0.047619047619047616,0.047619047619047616,0.0,0.0,0.0,0.0,0.0,0.011904761904761904,0.011904761904761904,21.0
PLAIN-1700,5,0.0,0.0,0.0,0.0,0.0,0.0,0.0,0.0,0.0,0.0,0.0,0.0,0.0,0.0,0.0,0.0,0.0,0.0,0.0,0.0,0.0,0.0,0.0,0.0,0.0,0.0,0.0,0.0,0.0,0.0,0.0,0.0,0.0,0.0,0.0,
PLAIN-1710,16,1.0,1.0,1.0,1.0,0.8770703002965652,0.9104465033452641,0.9104465033452641,0.0625,0.1875,0.3125,0.625,0.8125,0.875,0.875,1.0,1.0,1.0,1.0,0.65,0.28,0.14,1.0,1.0,1.0,1.0,1.0,1.0,1.0,0.0625,0.1875,0.3125,0.625,0.8125,0.8426724137931034,0.8426724137931034,1.0
PLAIN-1721,31,1.0,0.7653606369886217,0.830419897363192,0.6816808362189439,0.4399345537665759,0.3308476757457416,0.3308476757457416,0.03225806451612903,0.06451612903225806,0.12903225806451613,0.1935483870967742,0.1935483870967742,0.1935483870967742,0.1935483870967742,1.0,0.6666666666666666,0.8,0.6,0.3,0.12,0.06,1.0,1.0,1.0,1.0,1.0,1.0,1.0,0.03225806451612903,0.06451612903225806,0.11451612903225807,0.16175115207373272,0.16175115207373272,0.16175115207373272,0.16175115207373272,1.0
PLAIN-1731,3,1.0,0.7653606369886217,0.7653606369886217,0.7653606369886217,0.7653606369886217,0.7653606369886217,0.7653606369886217,0.3333333333333333,0.6666666666666666,0.6666666666666666,0.6666666666666666,0.6666666666666666,0.6666666666666666,0.6666666666666666,1.0,0.6666666666666666,0.4,0.2,0.1,0.04,0.02,1.0,1.0,1.0,1.0,1.0,1.0,1.0,0.3333333333333333,0.6666666666666666,0.6666666666666666,0.6666666666666666,0.6666666666666666,0.6666666666666666,0.6666666666666666,1.0
PLAIN-1741,420,1.0,1.0,1.0,1.0,1.0,0.8856660533994457,0.6697659242023118,0.002380952380952381,0.007142857142857143,0.011904761904761904,0.023809523809523808,0.047619047619047616,0.1,0.1380952380952381,1.0,1.0,1.0,1.0,1.0,0.84,0.58,1.0,1.0,1.0,1.0,1.0,1.0,1.0,0.002380952380952381,0.007142857142857143,0.011904761904761904,0.023809523809523808,0.047619047619047616,0.0982474302146781,0.12548946907999015,1.0
PLAIN-1752,1,0.0,0.0,0.0,0.0,0.0,0.0,0.0,0.0,0.0,0.0,0.0,0.0,0.0,0.0,0.0,0.0,0.0,0.0,0.0,0.0,0.0,0.0,0.0,0.0,0.0,0.0,0.0,0.0,0.0,0.0,0.0,0.0,0.0,0.0,0.0,
PLAIN-1762,8,1.0,0.7653606369886217,0.5531464700081437,0.48564861833646344,0.48564861833646344,0.5799590807429668,0.5799590807429668,0.125,0.25,0.25,0.375,0.375,0.625,0.625,1.0,0.6666666666666666,0.4,0.3,0.15,0.1,0.05,1.0,1.0,1.0,1.0,1.0,1.0,1.0,0.125,0.25,0.25,0.2875,0.2875,0.3151515151515151,0.3151515151515151,1.0
PLAIN-1772,2,1.0,1.0,1.0,1.0,1.0,1.0,1.0,0.5,1.0,1.0,1.0,1.0,1.0,1.0,1.0,0.6666666666666666,0.4,0.2,0.1,0.04,0.02,1.0,1.0,1.0,1.0,1.0,1.0,1.0,0.5,1.0,1.0,1.0,1.0,1.0,1.0,1.0
PLAIN-1784,2,0.0,0.0,0.0,0.0,0.0,0.0,0.0,0.0,0.0,0.0,0.0,0.0,0.0,0.0,0.0,0.0,0.0,0.0,0.0,0.0,0.0,0.0,0.0,0.0,0.0,0.0,0.0,0.0,0.0,0.0,0.0,0.0,0.0,0.0,0.0,
PLAIN-1794,2,1.0,1.0,1.0,1.0,1.0,1.0,1.0,0.5,1.0,1.0,1.0,1.0,1.0,1.0,1.0,0.6666666666666666,0.4,0.2,0.1,0.04,0.02,1.0,1.0,1.0,1.0,1.0,1.0,1.0,0.5,1.0,1.0,1.0,1.0,1.0,1.0,1.0
PLAIN-1805,116,1.0,1.0,1.0,0.9363792118010483,0.9589412206131108,0.6215977650907274,0.3992737181306749,0.008620689655172414,0.02586206896551724,0.04310344827586207,0.07758620689655173,0.16379310344827586,0.21551724137931033,0.23275862068965517,1.0,1.0,1.0,0.9,0.95,0.5,0.27,1.0,1.0,1.0,1.0,1.0,1.0,1.0,0.008620689655172414,0.02586206896551724,0.04310344827586207,0.07758620689655173,0.1580278327312463,0.20303773933190927,0.2112118182662189,1.0
PLAIN-1817,27,1.0,1.0,0.8539316501572937,0.5541432109622959,0.4659415809184895,0.4095183183355558,0.4095183183355558,0.037037037037037035,0.1111111111111111,0.14814814814814814,0.14814814814814814,0.25925925925925924,0.2962962962962963,0.2962962962962963,1.0,1.0,0.8,0.4,0.35,0.16,0.08,1.0,1.0,1.0,1.0,1.0,1.0,1.0,0.037037037037037035,0.1111111111111111,0.14074074074074072,0.14074074074074072,0.1864117364117364,0.19987974987974985,0.19987974987974985,1.0
PLAIN-1827,3,0.0,0.0,0.0,0.0,0.0,0.0,0.0,0.0,0.0,0.0,0.0,0.0,0.0,0.0,0.0,0.0,0.0,0.0,0.0,0.0,0.0,0.0,0.0,0.0,0.0,0.0,0.0,0.0,0.0,0.0,0.0,0.0,0.0,0.0,0.0,
PLAIN-1837,196,1.0,1.0,1.0,1.0,1.0,0.8992989289774335,0.6665708452046063,0.00510204081632653,0.015306122448979591,0.025510204081632654,0.05102040816326531,0.10204081632653061,0.2193877551020408,0.29081632653061223,1.0,1.0,1.0,1.0,1.0,0.86,0.57,1.0,1.0,1.0,1.0,1.0,1.0,1.0,0.00510204081632653,0.015306122448979591,0.025510204081632654,0.05102040816326531,0.10204081632653061,0.2149080734374225,0.274507362957536,1.0
PLAIN-1847,11,0.0,0.0,0.0,0.0,0.0,0.0,0.0,0.0,0.0,0.0,0.0,0.0,0.0,0.0,0.0,0.0,0.0,0.0,0.0,0.0,0.0,0.0,0.0,0.0,0.0,0.0,0.0,0.0,0.0,0.0,0.0,0.0,0.0,0.0,0.0,
PLAIN-1857,33,1.0,0.7653606369886217,0.6843515475204855,0.5224955967919311,0.33720159788360365,0.2659853144815813,0.2659853144815813,0.030303030303030304,0.06060606060606061,0.09090909090909091,0.12121212121212122,0.12121212121212122,0.15151515151515152,0.15151515151515152,1.0,0.6666666666666666,0.6,0.4,0.2,0.1,0.05,1.0,1.0,1.0,1.0,1.0,1.0,1.0,0.030303030303030304,0.06060606060606061,0.0787878787878788,0.09898989898989899,0.09898989898989899,0.10587695133149677,0.10587695133149677,1.0
PLAIN-1867,7,0.0,0.23463936301137822,0.16958010263680806,0.13743816645714543,0.13743816645714543,0.13743816645714543,0.13743816645714543,0.0,0.14285714285714285,0.14285714285714285,0.14285714285714285,0.14285714285714285,0.14285714285714285,0.14285714285714285,0.0,0.3333333333333333,0.2,0.1,0.05,0.02,0.01,0.0,0.3333333333333333,0.3333333333333333,0.3333333333333333,0.3333333333333333,0.3333333333333333,0.3333333333333333,0.0,0.047619047619047616,0.047619047619047616,0.047619047619047616,0.047619047619047616,0.047619047619047616,0.047619047619047616,3.0
PLAIN-1877,36,0.0,0.0,0.0,0.0,0.0,0.0,0.0,0.0,0.0,0.0,0.0,0.0,0.0,0.0,0.0,0.0,0.0,0.0,0.0,0.0,0.0,0.0,0.0,0.0,0.0,0.0,0.0,0.0,0.0,0.0,0.0,0.0,0.0,0.0,0.0,
PLAIN-1887,4,0.0,0.0,0.0,0.0,0.0,0.0,0.0,0.0,0.0,0.0,0.0,0.0,0.0,0.0,0.0,0.0,0.0,0.0,0.0,0.0,0.0,0.0,0.0,0.0,0.0,0.0,0.0,0.0,0.0,0.0,0.0,0.0,0.0,0.0,0.0,
PLAIN-1897,2,0.0,0.0,0.0,0.0,0.0,0.0,0.0,0.0,0.0,0.0,0.0,0.0,0.0,0.0,0.0,0.0,0.0,0.0,0.0,0.0,0.0,0.0,0.0,0.0,0.0,0.0,0.0,0.0,0.0,0.0,0.0,0.0,0.0,0.0,0.0,
PLAIN-1909,463,1.0,1.0,0.8539316501572937,0.769526190239283,0.6759928471194412,0.6734234398313139,0.45411206772661633,0.0021598272138228943,0.0064794816414686825,0.008639308855291577,0.01511879049676026,0.02591792656587473,0.06911447084233262,0.07991360691144708,1.0,1.0,0.8,0.7,0.6,0.64,0.37,1.0,1.0,1.0,1.0,1.0,1.0,1.0,0.0021598272138228943,0.0064794816414686825,0.008207343412526998,0.013370358942713153,0.02063792882855531,0.048541267139549704,0.05424965229838531,1.0
PLAIN-1919,27,1.0,1.0,1.0,0.7967610662472993,0.6256909416329047,0.6273805470215839,0.7049420177791949,0.037037037037037035,0.1111111111111111,0.18518518518518517,0.25925925925925924,0.37037037037037035,0.5555555555555556,0.7037037037037037,1.0,1.0,1.0,0.7,0.5,0.3,0.19,1.0,1.0,1.0,1.0,1.0,1.0,1.0,0.037037037037037035,0.1111111111111111,0.18518518518518517,0.25462962962962965,0.3300665383998717,0.39601383996211115,0.4361214612018079,1.0
PLAIN-1929,10,0.0,0.0,0.0,0.0,0.057807000083705436,0.057807000083705436,0.09108007955126292,0.0,0.0,0.0,0.0,0.1,0.1,0.2,0.0,0.0,0.0,0.0,0.05,0.02,0.02,0.0,0.0,0.0,0.0,0.07692307692307693,0.07692307692307693,0.07692307692307693,0.0,0.0,0.0,0.0,0.007692307692307693,0.007692307692307693,0.009754163362410785,13.0
PLAIN-1940,12,1.0,0.7653606369886217,0.5531464700081437,0.35895421017163476,0.320245999844935,0.320245999844935,0.320245999844935,0.08333333333333333,0.16666666666666666,0.16666666666666666,0.16666666666666666,0.16666666666666666,0.16666666666666666,0.16666666666666666,1.0,0.6666666666666666,0.4,0.2,0.1,0.04,0.02,1.0,1.0,1.0,1.0,1.0,1.0,1.0,0.08333333333333333,0.16666666666666666,0.16666666666666666,0.16666666666666666,0.16666666666666666,0.16666666666666666,0.16666666666666666,1.0
PLAIN-1950,13,1.0,0.46927872602275644,0.3391602052736161,0.29849003527675555,0.25324153682437417,0.25324153682437417,0.25324153682437417,0.07692307692307693,0.07692307692307693,0.07692307692307693,0.15384615384615385,0.15384615384615385,0.15384615384615385,0.15384615384615385,1.0,0.3333333333333333,0.2,0.2,0.1,0.04,0.02,1.0,1.0,1.0,1.0,1.0,1.0,1.0,0.07692307692307693,0.07692307692307693,0.07692307692307693,0.10256410256410256,0.10256410256410256,0.10256410256410256,0.10256410256410256,1.0
PLAIN-1962,13,0.0,0.0,0.0,0.0,0.0,0.0,0.029056967313511213,0.0,0.0,0.0,0.0,0.0,0.0,0.07692307692307693,0.0,0.0,0.0,0.0,0.0,0.0,0.01,0.0,0.0,0.0,0.0,0.0,0.0,0.011764705882352941,0.0,0.0,0.0,0.0,0.0,0.0,0.0009049773755656109,85.0
PLAIN-1972,11,0.0,0.0,0.0,0.0,0.0,0.0,0.0,0.0,0.0,0.0,0.0,0.0,0.0,0.0,0.0,0.0,0.0,0.0,0.0,0.0,0.0,0.0,0.0,0.0,0.0,0.0,0.0,0.0,0.0,0.0,0.0,0.0,0.0,0.0,0.0,
PLAIN-1983,32,1.0,1.0,1.0,1.0,0.783726733477546,0.6237517579769035,0.6237517579769035,0.03125,0.09375,0.15625,0.3125,0.4375,0.5,0.5,1.0,1.0,1.0,1.0,0.7,0.32,0.16,1.0,1.0,1.0,1.0,1.0,1.0,1.0,0.03125,0.09375,0.15625,0.3125,0.4079755679262258,0.45302426922492706,0.45302426922492706,1.0
PLAIN-1995,11,0.0,0.0,0.0,0.0,0.0,0.037757970811937755,0.1069054664048452,0.0,0.0,0.0,0.0,0.0,0.09090909090909091,0.2727272727272727,0.0,0.0,0.0,0.0,0.0,0.02,0.03,0.0,0.0,0.0,0.0,0.0,0.022727272727272728,0.022727272727272728,0.0,0.0,0.0,0.0,0.0,0.002066115702479339,0.009228650137741047,44.0
PLAIN-2009,8,0.0,0.0,0.14606834984270645,0.1089364926177559,0.1089364926177559,0.1089364926177559,0.1089364926177559,0.0,0.0,0.125,0.125,0.125,0.125,0.125,0.0,0.0,0.2,0.1,0.05,0.02,0.01,0.0,0.0,0.25,0.25,0.25,0.25,0.25,0.0,0.0,0.03125,0.03125,0.03125,0.03125,0.03125,4.0
PLAIN-2019,3,0.0,0.0,0.0,0.0,0.0,0.0,0.0,0.0,0.0,0.0,0.0,0.0,0.0,0.0,0.0,0.0,0.0,0.0,0.0,0.0,0.0,0.0,0.0,0.0,0.0,0.0,0.0,0.0,0.0,0.0,0.0,0.0,0.0,0.0,0.0,
PLAIN-2030,6,0.0,0.0,0.0,0.0,0.0,0.0,0.0,0.0,0.0,0.0,0.0,0.0,0.0,0.0,0.0,0.0,0.0,0.0,0.0,0.0,0.0,0.0,0.0,0.0,0.0,0.0,0.0,0.0,0.0,0.0,0.0,0.0,0.0,0.0,0.0,
PLAIN-2040,132,1.0,1.0,1.0,0.727329844310522,0.5425297439427157,0.2961415847903198,0.18241630643445172,0.007575757575757576,0.022727272727272728,0.03787878787878788,0.045454545454545456,0.06060606060606061,0.06060606060606061,0.06060606060606061,1.0,1.0,1.0,0.6,0.4,0.16,0.08,1.0,1.0,1.0,1.0,1.0,1.0,1.0,0.007575757575757576,0.022727272727272728,0.03787878787878788,0.045454545454545456,0.05366161616161616,0.05366161616161616,0.05366161616161616,1.0
PLAIN-2051,355,1.0,0.7039180890341347,0.639945385422766,0.6364741801035539,0.591182310973004,0.5215225674837932,0.3900689602367795,0.0028169014084507044,0.005633802816901409,0.008450704225352112,0.016901408450704224,0.030985915492957747,0.0676056338028169,0.09295774647887324,1.0,0.6666666666666666,0.6,0.6,0.55,0.48,0.33,1.0,1.0,1.0,1.0,1.0,1.0,1.0,0.0028169014084507044,0.004694835680751173,0.006384976525821596,0.012387659289067739,0.021083966688117912,0.04053552010373363,0.050293395483382575,1.0
PLAIN-2061,410,0.0,0.5307212739772434,0.6608397947263839,0.77990823370192,0.7904594967256467,0.6533875734599142,0.44994534987433926,0.0,0.004878048780487805,0.00975609756097561,0.02195121951219512,0.041463414634146344,0.07560975609756097,0.09024390243902439,0.0,0.6666666666666666,0.8,0.9,0.85,0.62,0.37,0.0,0.5,0.5,0.5,0.5,0.5,0.5,0.0,0.0028455284552845526,0.006626016260162602,0.017246418892760358,0.03490579578031439,0.06337667676975138,0.07118041646570893,2.0
PLAIN-2071,45,1.0,1.0,0.7227265726449519,0.5326208815196266,0.5274235621043529,0.30925141077862245,0.30925141077862245,0.022222222222222223,0.06666666666666667,0.06666666666666667,0.08888888888888889,0.2,0.2,0.2,1.0,1.0,0.6,0.4,0.45,0.18,0.09,1.0,1.0,1.0,1.0,1.0,1.0,1.0,0.022222222222222223,0.06666666666666667,0.06666666666666667,0.07555555555555556,0.13111165637481426,0.13111165637481426,0.13111165637481426,1.0
PLAIN-2081,1,0.0,0.6309297535714575,0.6309297535714575,0.6309297535714575,0.6309297535714575,0.6309297535714575,0.6309297535714575,0.0,1.0,1.0,1.0,1.0,1.0,1.0,0.0,0.3333333333333333,0.2,0.1,0.05,0.02,0.01,0.0,0.5,0.5,0.5,0.5,0.5,0.5,0.0,0.5,0.5,0.5,0.5,0.5,0.5,2.0
PLAIN-2092,10,1.0,1.0,1.0,0.718362797268624,0.718362797268624,0.718362797268624,0.718362797268624,0.1,0.3,0.5,0.6,0.6,0.6,0.6,1.0,1.0,1.0,0.6,0.3,0.12,0.06,1.0,1.0,1.0,1.0,1.0,1.0,1.0,0.1,0.3,0.5,0.575,0.575,0.575,0.575,1.0
PLAIN-2102,421,1.0,0.7653606369886217,0.6843515475204855,0.6594803070902427,0.6697981474577399,0.562935985363619,0.47020176841869565,0.0023752969121140144,0.004750593824228029,0.007125890736342043,0.014251781472684086,0.030878859857482184,0.06175771971496437,0.0997624703087886,1.0,0.6666666666666666,0.6,0.6,0.65,0.52,0.42,1.0,1.0,1.0,1.0,1.0,1.0,1.0,0.0023752969121140144,0.004750593824228029,0.006175771971496437,0.010881122045017531,0.02106809962313959,0.03894229010517622,0.05686166663886769,1.0
PLAIN-2113,1,0.0,0.0,0.0,0.0,0.0,0.0,0.0,0.0,0.0,0.0,0.0,0.0,0.0,0.0,0.0,0.0,0.0,0.0,0.0,0.0,0.0,0.0,0.0,0.0,0.0,0.0,0.0,0.0,0.0,0.0,0.0,0.0,0.0,0.0,0.0,
PLAIN-2124,17,1.0,1.0,0.8539316501572937,0.7534494445524139,0.7059497095134867,0.7059497095134867,0.7059497095134867,0.058823529411764705,0.17647058823529413,0.23529411764705882,0.4117647058823529,0.6470588235294118,0.6470588235294118,0.6470588235294118,1.0,1.0,0.8,0.7,0.55,0.22,0.11,1.0,1.0,1.0,1.0,1.0,1.0,1.0,0.058823529411764705,0.17647058823529413,0.22352941176470587,0.34068627450980393,0.5132747154805979,0.5132747154805979,0.5132747154805979,1.0
PLAIN-2134,12,0.0,0.0,0.0,0.0,0.0,0.0,0.0,0.0,0.0,0.0,0.0,0.0,0.0,0.0,0.0,0.0,0.0,0.0,0.0,0.0,0.0,0.0,0.0,0.0,0.0,0.0,0.0,0.0,0.0,0.0,0.0,0.0,0.0,0.0,0.0,
PLAIN-2145,9,0.0,0.23463936301137822,0.16958010263680806,0.1175227747072427,0.1175227747072427,0.1175227747072427,0.1175227747072427,0.0,0.1111111111111111,0.1111111111111111,0.1111111111111111,0.1111111111111111,0.1111111111111111,0.1111111111111111,0.0,0.3333333333333333,0.2,0.1,0.05,0.02,0.01,0.0,0.3333333333333333,0.3333333333333333,0.3333333333333333,0.3333333333333333,0.3333333333333333,0.3333333333333333,0.0,0.037037037037037035,0.037037037037037035,0.037037037037037035,0.037037037037037035,0.037037037037037035,0.037037037037037035,3.0
PLAIN-2156,6,1.0,1.0,0.7227265726449519,0.644824486427155,0.644824486427155,0.702076971851803,0.702076971851803,0.16666666666666666,0.5,0.5,0.5,0.5,0.6666666666666666,0.6666666666666666,1.0,1.0,0.6,0.3,0.15,0.08,0.04,1.0,1.0,1.0,1.0,1.0,1.0,1.0,0.16666666666666666,0.5,0.5,0.5,0.5,0.5175438596491228,0.5175438596491228,1.0
PLAIN-2167,1,0.0,0.0,0.0,0.0,0.23137821315975915,0.23137821315975915,0.23137821315975915,0.0,0.0,0.0,0.0,1.0,1.0,1.0,0.0,0.0,0.0,0.0,0.05,0.02,0.01,0.0,0.0,0.0,0.0,0.05263157894736842,0.05263157894736842,0.05263157894736842,0.0,0.0,0.0,0.0,0.05263157894736842,0.05263157894736842,0.05263157894736842,19.0
PLAIN-2177,24,1.0,0.46927872602275644,0.4703652827859579,0.37148910739409025,0.23974694022067475,0.2904143849551854,0.3315692710830159,0.041666666666666664,0.041666666666666664,0.08333333333333333,0.125,0.125,0.25,0.3333333333333333,1.0,0.3333333333333333,0.4,0.3,0.15,0.12,0.08,1.0,1.0,1.0,1.0,1.0,1.0,1.0,0.041666666666666664,0.041666666666666664,0.05833333333333333,0.07222222222222222,0.07222222222222222,0.09333964646464647,0.10231598391320613,1.0
PLAIN-2187,9,1.0,0.46927872602275644,0.3391602052736161,0.2350455494144854,0.2350455494144854,0.2350455494144854,0.27134190903462013,0.1111111111111111,0.1111111111111111,0.1111111111111111,0.1111111111111111,0.1111111111111111,0.1111111111111111,0.2222222222222222,1.0,0.3333333333333333,0.2,0.1,0.05,0.02,0.02,1.0,1.0,1.0,1.0,1.0,1.0,1.0,0.1111111111111111,0.1111111111111111,0.1111111111111111,0.1111111111111111,0.1111111111111111,0.1111111111111111,0.11363636363636363,1.0
PLAIN-2197,58,1.0,1.0,1.0,0.8643145546088339,0.5974214593990546,0.446528216226882,0.40333898314170735,0.017241379310344827,0.05172413793103448,0.08620689655172414,0.13793103448275862,0.15517241379310345,0.29310344827586204,0.29310344827586204,1.0,1.0,1.0,0.8,0.45,0.34,0.17,1.0,1.0,1.0,1.0,1.0,1.0,1.0,0.017241379310344827,0.05172413793103448,0.08620689655172414,0.13448275862068965,0.14858934169278995,0.2014926425071896,0.2014926425071896,1.0
PLAIN-2209,2,0.0,0.0,0.0,0.0,0.0,0.0,0.0,0.0,0.0,0.0,0.0,0.0,0.0,0.0,0.0,0.0,0.0,0.0,0.0,0.0,0.0,0.0,0.0,0.0,0.0,0.0,0.0,0.0,0.0,0.0,0.0,0.0,0.0,0.0,0.0,
PLAIN-2220,9,1.0,0.46927872602275644,0.3391602052736161,0.2350455494144854,0.2350455494144854,0.2350455494144854,0.2350455494144854,0.1111111111111111,0.1111111111111111,0.1111111111111111,0.1111111111111111,0.1111111111111111,0.1111111111111111,0.1111111111111111,1.0,0.3333333333333333,0.2,0.1,0.05,0.02,0.01,1.0,1.0,1.0,1.0,1.0,1.0,1.0,0.1111111111111111,0.1111111111111111,0.1111111111111111,0.1111111111111111,0.1111111111111111,0.1111111111111111,0.1111111111111111,1.0
PLAIN-2230,7,0.0,0.0,0.0,0.0,0.0,0.0,0.0,0.0,0.0,0.0,0.0,0.0,0.0,0.0,0.0,0.0,0.0,0.0,0.0,0.0,0.0,0.0,0.0,0.0,0.0,0.0,0.0,0.0,0.0,0.0,0.0,0.0,0.0,0.0,0.0,
PLAIN-2240,11,1.0,1.0,0.7227265726449519,0.46900009332067494,0.4418722124314035,0.5278431701919412,0.5278431701919412,0.09090909090909091,0.2727272727272727,0.2727272727272727,0.2727272727272727,0.2727272727272727,0.45454545454545453,0.45454545454545453,1.0,1.0,0.6,0.3,0.15,0.1,0.05,1.0,1.0,1.0,1.0,1.0,1.0,1.0,0.09090909090909091,0.2727272727272727,0.2727272727272727,0.2727272727272727,0.2727272727272727,0.30242424242424243,0.30242424242424243,1.0
PLAIN-2250,2,0.0,0.0,0.0,0.0,0.0,0.0,0.0,0.0,0.0,0.0,0.0,0.0,0.0,0.0,0.0,0.0,0.0,0.0,0.0,0.0,0.0,0.0,0.0,0.0,0.0,0.0,0.0,0.0,0.0,0.0,0.0,0.0,0.0,0.0,0.0,
PLAIN-2261,60,1.0,1.0,0.7227265726449519,0.542364015420035,0.4280297317529137,0.2664652108349893,0.25775670995332894,0.016666666666666666,0.05,0.05,0.06666666666666667,0.1,0.13333333333333333,0.16666666666666666,1.0,1.0,0.6,0.4,0.3,0.16,0.1,1.0,1.0,1.0,1.0,1.0,1.0,1.0,0.016666666666666666,0.05,0.05,0.05952380952380952,0.07543290043290042,0.0852322831489498,0.09008608431854045,1.0
PLAIN-2271,10,0.0,0.0,0.0,0.0,0.0,0.0,0.0,0.0,0.0,0.0,0.0,0.0,0.0,0.0,0.0,0.0,0.0,0.0,0.0,0.0,0.0,0.0,0.0,0.0,0.0,0.0,0.0,0.0,0.0,0.0,0.0,0.0,0.0,0.0,0.0,
PLAIN-2281,1,0.0,0.0,0.0,0.0,0.0,0.0,0.0,0.0,0.0,0.0,0.0,0.0,0.0,0.0,0.0,0.0,0.0,0.0,0.0,0.0,0.0,0.0,0.0,0.0,0.0,0.0,0.0,0.0,0.0,0.0,0.0,0.0,0.0,0.0,0.0,
PLAIN-2291,5,0.0,0.0,0.13120507751234178,0.13120507751234178,0.13120507751234178,0.13120507751234178,0.1877317783912778,0.0,0.0,0.2,0.2,0.2,0.2,0.4,0.0,0.0,0.2,0.1,0.05,0.02,0.02,0.0,0.0,0.2,0.2,0.2,0.2,0.2,0.0,0.0,0.04,0.04,0.04,0.04,0.04634920634920635,5.0
PLAIN-2301,13,0.0,0.0,0.0,0.0,0.0,0.0,0.0,0.0,0.0,0.0,0.0,0.0,0.0,0.0,0.0,0.0,0.0,0.0,0.0,0.0,0.0,0.0,0.0,0.0,0.0,0.0,0.0,0.0,0.0,0.0,0.0,0.0,0.0,0.0,0.0,
PLAIN-2311,2,0.0,0.0,0.0,0.0,0.0,0.0,0.0,0.0,0.0,0.0,0.0,0.0,0.0,0.0,0.0,0.0,0.0,0.0,0.0,0.0,0.0,0.0,0.0,0.0,0.0,0.0,0.0,0.0,0.0,0.0,0.0,0.0,0.0,0.0,0.0,
PLAIN-2321,5,0.0,0.0,0.0,0.0,0.0,0.0,0.0,0.0,0.0,0.0,0.0,0.0,0.0,0.0,0.0,0.0,0.0,0.0,0.0,0.0,0.0,0.0,0.0,0.0,0.0,0.0,0.0,0.0,0.0,0.0,0.0,0.0,0.0,0.0,0.0,
PLAIN-2332,97,1.0,0.46927872602275644,0.3391602052736161,0.2863459897524693,0.25554259389984696,0.25736809838637764,0.24144253122224,0.010309278350515464,0.010309278350515464,0.010309278350515464,0.020618556701030927,0.041237113402061855,0.12371134020618557,0.2268041237113402,1.0,0.3333333333333333,0.2,0.2,0.2,0.24,0.22,1.0,1.0,1.0,1.0,1.0,1.0,1.0,0.010309278350515464,0.010309278350515464,0.010309278350515464,0.012600229095074456,0.017270244074367787,0.03524343155848146,0.06055972242291178,1.0
PLAIN-2343,2,0.0,0.0,0.0,0.0,0.0,0.0,0.0,0.0,0.0,0.0,0.0,0.0,0.0,0.0,0.0,0.0,0.0,0.0,0.0,0.0,0.0,0.0,0.0,0.0,0.0,0.0,0.0,0.0,0.0,0.0,0.0,0.0,0.0,0.0,0.0,
PLAIN-2354,5,1.0,0.46927872602275644,0.3391602052736161,0.3391602052736161,0.43376655198028047,0.43376655198028047,0.43376655198028047,0.2,0.2,0.2,0.2,0.4,0.4,0.4,1.0,0.3333333333333333,0.2,0.1,0.1,0.04,0.02,1.0,1.0,1.0,1.0,1.0,1.0,1.0,0.2,0.2,0.2,0.2,0.2363636363636364,0.2363636363636364,0.2363636363636364,1.0
PLAIN-2364,15,0.0,0.0,0.0,0.0,0.0,0.0,0.0,0.0,0.0,0.0,0.0,0.0,0.0,0.0,0.0,0.0,0.0,0.0,0.0,0.0,0.0,0.0,0.0,0.0,0.0,0.0,0.0,0.0,0.0,0.0,0.0,0.0,0.0,0.0,0.0,
PLAIN-2375,2,0.0,0.0,0.0,0.0,0.0,0.0,0.0,0.0,0.0,0.0,0.0,0.0,0.0,0.0,0.0,0.0,0.0,0.0,0.0,0.0,0.0,0.0,0.0,0.0,0.0,0.0,0.0,0.0,0.0,0.0,0.0,0.0,0.0,0.0,0.0,
PLAIN-2386,19,0.0,0.0,0.0,0.0,0.0,0.0,0.0,0.0,0.0,0.0,0.0,0.0,0.0,0.0,0.0,0.0,0.0,0.0,0.0,0.0,0.0,0.0,0.0,0.0,0.0,0.0,0.0,0.0,0.0,0.0,0.0,0.0,0.0,0.0,0.0,
PLAIN-2396,18,0.0,0.0,0.0,0.0,0.0,0.0,0.0,0.0,0.0,0.0,0.0,0.0,0.0,0.0,0.0,0.0,0.0,0.0,0.0,0.0,0.0,0.0,0.0,0.0,0.0,0.0,0.0,0.0,0.0,0.0,0.0,0.0,0.0,0.0,0.0,
PLAIN-2408,5,0.0,0.0,0.0,0.0,0.0,0.0,0.0,0.0,0.0,0.0,0.0,0.0,0.0,0.0,0.0,0.0,0.0,0.0,0.0,0.0,0.0,0.0,0.0,0.0,0.0,0.0,0.0,0.0,0.0,0.0,0.0,0.0,0.0,0.0,0.0,
PLAIN-2430,46,1.0,0.46927872602275644,0.4121943801949693,0.3458842174615309,0.24361993410198632,0.1854389739748929,0.23740313794676432,0.021739130434782608,0.021739130434782608,0.043478260869565216,0.06521739130434782,0.06521739130434782,0.08695652173913043,0.17391304347826086,1.0,0.3333333333333333,0.4,0.3,0.15,0.08,0.08,1.0,1.0,1.0,1.0,1.0,1.0,1.0,0.021739130434782608,0.021739130434782608,0.03260869565217391,0.043478260869565216,0.043478260869565216,0.0464767616191904,0.05314380428997225,1.0
PLAIN-2440,21,0.0,0.0,0.0,0.0,0.0,0.024921507685952405,0.024921507685952405,0.0,0.0,0.0,0.0,0.0,0.047619047619047616,0.047619047619047616,0.0,0.0,0.0,0.0,0.0,0.02,0.01,0.0,0.0,0.0,0.0,0.0,0.022222222222222223,0.022222222222222223,0.0,0.0,0.0,0.0,0.0,0.0010582010582010583,0.0010582010582010583,45.0
PLAIN-2450,38,0.0,0.0,0.0,0.07839826897867534,0.08099001189352552,0.08794676566637123,0.128991072279252,0.0,0.0,0.0,0.02631578947368421,0.05263157894736842,0.10526315789473684,0.21052631578947367,0.0,0.0,0.0,0.1,0.1,0.08,0.08,0.0,0.0,0.0,0.16666666666666666,0.16666666666666666,0.16666666666666666,0.16666666666666666,0.0,0.0,0.0,0.0043859649122807015,0.008771929824561403,0.014992025518341308,0.024496025995064688,6.0
PLAIN-2460,31,0.0,0.1480409554829326,0.18002730728861702,0.23134998738912818,0.17352344183974172,0.15876009172026567,0.22441465273570624,0.0,0.03225806451612903,0.06451612903225806,0.12903225806451613,0.12903225806451613,0.16129032258064516,0.25806451612903225,0.0,0.3333333333333333,0.4,0.4,0.2,0.1,0.08,0.0,0.5,0.5,0.5,0.5,0.5,0.5,0.0,0.016129032258064516,0.03225806451612903,0.06451612903225806,0.06451612903225806,0.07184750733137829,0.08161540159458992,2.0
PLAIN-2470,73,1.0,0.46927872602275644,0.4121943801949693,0.4982883819245485,0.4535997314750553,0.36328683681383994,0.29219150654837023,0.0136986301369863,0.0136986301369863,0.0273972602739726,0.0684931506849315,0.0958904109589041,0.1643835616438356,0.1643835616438356,1.0,0.3333333333333333,0.4,0.5,0.35,0.24,0.12,1.0,1.0,1.0,1.0,1.0,1.0,1.0,0.0136986301369863,0.0136986301369863,0.02054794520547945,0.04033485540334856,0.05344744788741566,0.07596411192982368,0.07596411192982368,1.0
PLAIN-2480,18,0.5,0.46927872602275644,0.3391602052736161,0.26521016728839186,0.21533728560413,0.25672704825027487,0.2709429287926477,0.05555555555555555,0.1111111111111111,0.1111111111111111,0.16666666666666666,0.16666666666666666,0.2222222222222222,0.2777777777777778,1.0,0.6666666666666666,0.4,0.3,0.15,0.08,0.05,1.0,1.0,1.0,1.0,1.0,1.0,1.0,0.05555555555555555,0.09259259259259259,0.09259259259259259,0.11640211640211638,0.11640211640211638,0.12698412698412698,0.1301052256108436,1.0
PLAIN-2490,23,0.0,0.0,0.0,0.0,0.0,0.0,0.04401617840379321,0.0,0.0,0.0,0.0,0.0,0.0,0.13043478260869565,0.0,0.0,0.0,0.0,0.0,0.0,0.03,0.0,0.0,0.0,0.0,0.0,0.0,0.0136986301369863,0.0,0.0,0.0,0.0,0.0,0.0,0.00300621458777015,73.0
PLAIN-2500,7,0.0,0.0,0.0,0.10972431200457415,0.20959207260637208,0.20959207260637208,0.20959207260637208,0.0,0.0,0.0,0.14285714285714285,0.42857142857142855,0.42857142857142855,0.42857142857142855,0.0,0.0,0.0,0.1,0.15,0.06,0.03,0.0,0.0,0.0,0.1,0.1,0.1,0.1,0.0,0.0,0.0,0.014285714285714287,0.06870748299319727,0.06870748299319727,0.06870748299319727,10.0
PLAIN-2510,46,0.0,0.11731968150568911,0.21599512883074581,0.3468610331961209,0.3128610549571267,0.2735223664100298,0.2818051151549897,0.0,0.021739130434782608,0.043478260869565216,0.13043478260869565,0.1956521739130435,0.2391304347826087,0.2608695652173913,0.0,0.3333333333333333,0.4,0.6,0.45,0.22,0.12,0.0,0.3333333333333333,0.3333333333333333,0.3333333333333333,0.3333333333333333,0.3333333333333333,0.3333333333333333,0.0,0.007246376811594202,0.01594202898550725,0.06280193236714976,0.09492753623188407,0.11614906832298137,0.11886645962732921,3.0
PLAIN-2520,73,0.0,0.0,0.07303417492135322,0.047394182184775396,0.03404122802493058,0.05599511045628438,0.0747554319087306,0.0,0.0,0.0136986301369863,0.0136986301369863,0.0136986301369863,0.0547945205479452,0.0958904109589041,0.0,0.0,0.2,0.1,0.05,0.08,0.07,0.0,0.0,0.25,0.25,0.25,0.25,0.25,0.0,0.0,0.003424657534246575,0.003424657534246575,0.003424657534246575,0.007379608681600079,0.010601823405940453,4.0
PLAIN-2530,72,1.0,1.0,0.934397461243829,0.7581222075890716,0.5772170047072345,0.49155711260920143,0.4404202242355807,0.013888888888888888,0.041666666666666664,0.06944444444444445,0.09722222222222222,0.1111111111111111,0.18055555555555555,0.2361111111111111,1.0,1.0,1.0,0.7,0.4,0.26,0.17,1.0,1.0,1.0,1.0,1.0,1.0,1.0,0.013888888888888888,0.041666666666666664,0.06944444444444445,0.09722222222222222,0.10732323232323232,0.13144914609200323,0.1451633428541452,1.0
PLAIN-2540,21,0.0,0.0,0.0,0.0,0.02123218245705912,0.09375782246255211,0.12258802462881026,0.0,0.0,0.0,0.0,0.047619047619047616,0.19047619047619047,0.23809523809523808,0.0,0.0,0.0,0.0,0.05,0.08,0.05,0.0,0.0,0.0,0.0,0.058823529411764705,0.058823529411764705,0.058823529411764705,0.0,0.0,0.0,0.0,0.0028011204481792717,0.01714638109885864,0.020866619194096735,17.0
PLAIN-2550,25,0.0,0.0,0.14606834984270645,0.10975131898723876,0.08326327252248018,0.12445963621970528,0.12445963621970528,0.0,0.0,0.04,0.04,0.04,0.12,0.12,0.0,0.0,0.2,0.1,0.05,0.06,0.03,0.0,0.0,0.25,0.25,0.25,0.25,0.25,0.0,0.0,0.01,0.01,0.01,0.014722222222222223,0.014722222222222223,4.0
PLAIN-2560,21,1.0,0.7039180890341347,0.5087403079104241,0.5365535816822092,0.5397169145384509,0.6393301035228386,0.6663379790947767,0.047619047619047616,0.09523809523809523,0.09523809523809523,0.23809523809523808,0.38095238095238093,0.5714285714285714,0.6666666666666666,1.0,0.6666666666666666,0.4,0.5,0.4,0.24,0.14,1.0,1.0,1.0,1.0,1.0,1.0,1.0,0.047619047619047616,0.07936507936507936,0.07936507936507936,0.1473922902494331,0.21660861314222654,0.2681405354349532,0.2870628411993642,1.0
PLAIN-2570,40,0.0,0.0,0.0,0.08148406294050627,0.1082542364176791,0.12136741981440265,0.14311052754070533,0.0,0.0,0.0,0.025,0.05,0.1,0.15,0.0,0.0,0.0,0.1,0.1,0.08,0.06,0.0,0.0,0.0,0.14285714285714285,0.14285714285714285,0.14285714285714285,0.14285714285714285,0.0,0.0,0.0,0.0035714285714285713,0.006696428571428571,0.012593438538205982,0.016240653392317388,7.0
PLAIN-2580,23,1.0,0.5865984075284455,0.49218519447472975,0.37456050428247883,0.272592518781634,0.25420425930322316,0.25420425930322316,0.043478260869565216,0.08695652173913043,0.08695652173913043,0.08695652173913043,0.08695652173913043,0.08695652173913043,0.08695652173913043,1.0,0.6666666666666666,0.4,0.2,0.1,0.04,0.02,1.0,1.0,1.0,1.0,1.0,1.0,1.0,0.043478260869565216,0.07246376811594202,0.07246376811594202,0.07246376811594202,0.07246376811594202,0.07246376811594202,0.07246376811594202,1.0
PLAIN-2590,63,0.0,0.0,0.0,0.07171242235367577,0.055860380559534774,0.09362127840544353,0.09954515612111477,0.0,0.0,0.0,0.015873015873015872,0.015873015873015872,0.06349206349206349,0.09523809523809523,0.0,0.0,0.0,0.1,0.05,0.08,0.06,0.0,0.0,0.0,0.125,0.125,0.125,0.125,0.0,0.0,0.0,0.001984126984126984,0.001984126984126984,0.005769391638956856,0.008162941651554487,8.0
PLAIN-2600,10,0.0,0.0,0.0,0.0813675121926939,0.2319342960877411,0.2319342960877411,0.2563904947800214,0.0,0.0,0.0,0.1,0.3,0.3,0.4,0.0,0.0,0.0,0.1,0.15,0.06,0.04,0.0,0.0,0.0,0.1,0.1,0.1,0.1,0.0,0.0,0.0,0.01,0.04961038961038962,0.04961038961038962,0.05715755942171037,10.0
PLAIN-2610,61,0.0,0.1480409554829326,0.10699313236726378,0.06943122193677728,0.1242089989294354,0.1294016762327122,0.17699195762701772,0.0,0.01639344262295082,0.01639344262295082,0.01639344262295082,0.04918032786885246,0.09836065573770492,0.18032786885245902,0.0,0.3333333333333333,0.2,0.1,0.15,0.12,0.11,0.0,0.5,0.5,0.5,0.5,0.5,0.5,0.0,0.00819672131147541,0.00819672131147541,0.00819672131147541,0.014456035767511177,0.022338189923392687,0.03396046735290759,2.0
PLAIN-2620,55,0.0,0.0,0.14606834984270645,0.12659875846902663,0.09974803078577585,0.10098549488072553,0.09672148396867192,0.0,0.0,0.01818181818181818,0.03636363636363636,0.05454545454545454,0.09090909090909091,0.09090909090909091,0.0,0.0,0.2,0.2,0.15,0.1,0.05,0.0,0.0,0.25,0.25,0.25,0.25,0.25,0.0,0.0,0.004545454545454545,0.008181818181818182,0.011052631578947368,0.016075887392900858,0.016075887392900858,4.0
PLAIN-2630,48,1.0,0.7039180890341347,0.7860137352654724,0.643121141594021,0.4887124242440479,0.3853021665759594,0.4020499029181715,0.020833333333333332,0.041666666666666664,0.08333333333333333,0.125,0.16666666666666666,0.20833333333333334,0.25,1.0,0.6666666666666666,0.8,0.6,0.4,0.2,0.12,1.0,1.0,1.0,1.0,1.0,1.0,1.0,0.020833333333333332,0.03472222222222222,0.06701388888888889,0.09253472222222221,0.11565743284493284,0.12574942418692417,0.13319454955742807,1.0
PLAIN-2640,48,0.5,0.6480409554829326,0.6725956711234347,0.6679666748998573,0.6740694223808656,0.4869196112534317,0.504820076822991,0.020833333333333332,0.0625,0.10416666666666667,0.20833333333333334,0.3125,0.375,0.4166666666666667,1.0,1.0,1.0,1.0,0.75,0.36,0.2,1.0,1.0,1.0,1.0,1.0,1.0,1.0,0.020833333333333332,0.0625,0.10416666666666667,0.20833333333333334,0.2995781554580897,0.32731744801419255,0.33548243117917576,1.0
PLAIN-2650,29,0.0,0.23463936301137822,0.3156484524795145,0.27819816961795096,0.2562585013324278,0.35845817368778216,0.3819021907667922,0.0,0.034482758620689655,0.06896551724137931,0.10344827586206896,0.13793103448275862,0.3103448275862069,0.3448275862068966,0.0,0.3333333333333333,0.4,0.3,0.2,0.18,0.1,0.0,0.3333333333333333,0.3333333333333333,0.3333333333333333,0.3333333333333333,0.3333333333333333,0.3333333333333333,0.0,0.011494252873563218,0.028735632183908042,0.04351395730706075,0.053366174055829226,0.0845434615518988,0.08933273358255014,3.0
PLAIN-2660,27,1.0,0.46927872602275644,0.3391602052736161,0.2863459897524693,0.2221051025151335,0.22822025735618112,0.22822025735618112,0.037037037037037035,0.037037037037037035,0.037037037037037035,0.07407407407407407,0.1111111111111111,0.14814814814814814,0.14814814814814814,1.0,0.3333333333333333,0.2,0.2,0.15,0.08,0.04,1.0,1.0,1.0,1.0,1.0,1.0,1.0,0.037037037037037035,0.037037037037037035,0.037037037037037035,0.04526748971193416,0.05381449825894271,0.05998733776511555,0.05998733776511555,1.0
PLAIN-2670,35,0.0,0.0,0.0,0.0433089068463821,0.056747551605432475,0.0789308037965216,0.09283692006042064,0.0,0.0,0.0,0.02857142857142857,0.05714285714285714,0.08571428571428572,0.11428571428571428,0.0,0.0,0.0,0.1,0.1,0.06,0.04,0.0,0.0,0.0,0.1,0.1,0.1,0.1,0.0,0.0,0.0,0.002857142857142857,0.005864661654135338,0.009946294307196563,0.011951306838524883,10.0
PLAIN-2680,14,0.0,0.0,0.06560253875617089,0.04929175392995458,0.09826743896965308,0.1645989546610638,0.23847655728128445,0.0,0.0,0.07142857142857142,0.07142857142857142,0.14285714285714285,0.2857142857142857,0.42857142857142855,0.0,0.0,0.2,0.1,0.1,0.08,0.06,0.0,0.0,0.2,0.2,0.2,0.2,0.2,0.0,0.0,0.014285714285714287,0.014285714285714287,0.023214285714285715,0.039178051678051676,0.05094560615747056,5.0
PLAIN-2690,43,0.0,0.2960819109658652,0.2795888034906985,0.2547979247937251,0.18301052699604495,0.14611322878473293,0.17498081977706822,0.0,0.023255813953488372,0.046511627906976744,0.06976744186046512,0.06976744186046512,0.09302325581395349,0.13953488372093023,0.0,0.3333333333333333,0.4,0.3,0.15,0.08,0.06,0.0,0.5,0.5,0.5,0.5,0.5,0.5,0.0,0.011627906976744186,0.020930232558139535,0.030897009966777408,0.030897009966777408,0.03421926910299003,0.038311236367251915,2.0
PLAIN-2700,10,0.0,0.0,0.0,0.0,0.0,0.08343558684512795,0.12863581072784686,0.0,0.0,0.0,0.0,0.0,0.2,0.3,0.0,0.0,0.0,0.0,0.0,0.04,0.03,0.0,0.0,0.0,0.0,0.0,0.02702702702702703,0.02702702702702703,0.0,0.0,0.0,0.0,0.0,0.007353865493400377,0.010415089983196296,37.0
PLAIN-2710,21,1.0,1.0,0.795760747566305,0.6263380278851488,0.4697831695618002,0.459468250314205,0.5077660229069233,0.047619047619047616,0.14285714285714285,0.19047619047619047,0.19047619047619047,0.19047619047619047,0.19047619047619047,0.3333333333333333,1.0,1.0,0.8,0.4,0.2,0.08,0.07,1.0,1.0,1.0,1.0,1.0,1.0,1.0,0.047619047619047616,0.14285714285714285,0.19047619047619047,0.19047619047619047,0.19047619047619047,0.19047619047619047,0.20316363768152307,1.0
PLAIN-2720,36,0.5,0.5307212739772434,0.38356636737133565,0.24890832702259466,0.18247191414462388,0.14413986058936124,0.14413986058936124,0.027777777777777776,0.05555555555555555,0.05555555555555555,0.05555555555555555,0.05555555555555555,0.05555555555555555,0.05555555555555555,1.0,0.6666666666666666,0.4,0.2,0.1,0.04,0.02,1.0,1.0,1.0,1.0,1.0,1.0,1.0,0.027777777777777776,0.05555555555555555,0.05555555555555555,0.05555555555555555,0.05555555555555555,0.05555555555555555,0.05555555555555555,1.0
PLAIN-2730,29,1.0,0.7653606369886217,0.6992148198508501,0.4852537422563723,0.4178772117381713,0.41817513588815164,0.4436205074176713,0.034482758620689655,0.06896551724137931,0.10344827586206896,0.10344827586206896,0.13793103448275862,0.20689655172413793,0.27586206896551724,1.0,0.6666666666666666,0.6,0.3,0.2,0.12,0.08,1.0,1.0,1.0,1.0,1.0,1.0,1.0,0.034482758620689655,0.06896551724137931,0.09482758620689655,0.09482758620689655,0.1024904214559387,0.11496131019457591,0.12267673352866051,1.0
PLAIN-2740,50,0.0,0.2960819109658652,0.21398626473452756,0.26351695376869266,0.1976501892959103,0.13571496168134128,0.15699617556501294,0.0,0.02,0.02,0.04,0.04,0.06,0.08,0.0,0.3333333333333333,0.2,0.2,0.1,0.06,0.04,0.0,0.5,0.5,0.5,0.5,0.5,0.5,0.0,0.01,0.01,0.016666666666666666,0.016666666666666666,0.017866666666666666,0.0192,2.0
PLAIN-2750,59,0.5,0.5307212739772434,0.5952372559702129,0.558896684782249,0.5246784366058089,0.3995662859552615,0.39369272887007184,0.01694915254237288,0.03389830508474576,0.06779661016949153,0.13559322033898305,0.1864406779661017,0.23728813559322035,0.2711864406779661,1.0,0.6666666666666666,0.8,0.8,0.55,0.28,0.16,1.0,1.0,1.0,1.0,1.0,1.0,1.0,0.01694915254237288,0.03389830508474576,0.060169491525423724,0.11172988969599139,0.14722299828232033,0.16600154635902048,0.1746512728552076,1.0
PLAIN-2760,8,0.0,0.0,0.0,0.0,0.0,0.0,0.0,0.0,0.0,0.0,0.0,0.0,0.0,0.0,0.0,0.0,0.0,0.0,0.0,0.0,0.0,0.0,0.0,0.0,0.0,0.0,0.0,0.0,0.0,0.0,0.0,0.0,0.0,0.0,0.0,
PLAIN-2770,41,0.0,0.11731968150568911,0.21599512883074581,0.2509694179978584,0.26467553410425176,0.3030886709764546,0.33337162269975124,0.0,0.024390243902439025,0.04878048780487805,0.0975609756097561,0.17073170731707318,0.36585365853658536,0.4146341463414634,0.0,0.3333333333333333,0.4,0.4,0.35,0.3,0.17,0.0,0.3333333333333333,0.3333333333333333,0.3333333333333333,0.3333333333333333,0.3333333333333333,0.3333333333333333,0.0,0.008130081300813007,0.01788617886178862,0.039837398373983736,0.0722239501292586,0.13269478226969592,0.14349730940128463,3.0
PLAIN-2780,22,1.0,0.46927872602275644,0.3391602052736161,0.23537653116186527,0.22848618143794913,0.25117392101582137,0.2644801361699377,0.045454545454545456,0.045454545454545456,0.045454545454545456,0.045454545454545456,0.09090909090909091,0.18181818181818182,0.22727272727272727,1.0,0.3333333333333333,0.2,0.1,0.1,0.08,0.05,1.0,1.0,1.0,1.0,1.0,1.0,1.0,0.045454545454545456,0.045454545454545456,0.045454545454545456,0.045454545454545456,0.051948051948051945,0.05890717809322459,0.06132497306421105,1.0
PLAIN-2790,59,1.0,0.46927872602275644,0.3391602052736161,0.2200917662980802,0.207603813285206,0.13897989661648763,0.13573423633675066,0.01694915254237288,0.01694915254237288,0.01694915254237288,0.01694915254237288,0.03389830508474576,0.03389830508474576,0.05084745762711865,1.0,0.3333333333333333,0.2,0.1,0.1,0.04,0.03,1.0,1.0,1.0,1.0,1.0,1.0,1.0,0.01694915254237288,0.01694915254237288,0.01694915254237288,0.01694915254237288,0.018733273862622656,0.018733273862622656,0.019285963619439163,1.0
PLAIN-2800,24,0.0,0.0,0.0,0.0,0.05672521155266071,0.05176525183942735,0.0830675486525234,0.0,0.0,0.0,0.0,0.08333333333333333,0.08333333333333333,0.125,0.0,0.0,0.0,0.0,0.1,0.04,0.03,0.0,0.0,0.0,0.0,0.08333333333333333,0.08333333333333333,0.08333333333333333,0.0,0.0,0.0,0.0,0.009027777777777779,0.009027777777777779,0.010570987654320988,12.0
PLAIN-2810,8,0.0,0.0,0.0,0.0,0.03941435349830238,0.03941435349830238,0.03941435349830238,0.0,0.0,0.0,0.0,0.125,0.125,0.125,0.0,0.0,0.0,0.0,0.05,0.02,0.01,0.0,0.0,0.0,0.0,0.058823529411764705,0.058823529411764705,0.058823529411764705,0.0,0.0,0.0,0.0,0.007352941176470588,0.007352941176470588,0.007352941176470588,17.0
PLAIN-2820,8,0.0,0.0,0.0,0.0,0.0,0.0,0.0,0.0,0.0,0.0,0.0,0.0,0.0,0.0,0.0,0.0,0.0,0.0,0.0,0.0,0.0,0.0,0.0,0.0,0.0,0.0,0.0,0.0,0.0,0.0,0.0,0.0,0.0,0.0,0.0,
PLAIN-2830,3,0.0,0.0,0.0,0.0,0.0,0.14121347130534295,0.14121347130534295,0.0,0.0,0.0,0.0,0.0,0.3333333333333333,0.3333333333333333,0.0,0.0,0.0,0.0,0.0,0.02,0.01,0.0,0.0,0.0,0.0,0.0,0.045454545454545456,0.045454545454545456,0.0,0.0,0.0,0.0,0.0,0.015151515151515152,0.015151515151515152,22.0
PLAIN-2840,17,0.0,0.0,0.0,0.0,0.0,0.0,0.0,0.0,0.0,0.0,0.0,0.0,0.0,0.0,0.0,0.0,0.0,0.0,0.0,0.0,0.0,0.0,0.0,0.0,0.0,0.0,0.0,0.0,0.0,0.0,0.0,0.0,0.0,0.0,0.0,
PLAIN-2850,9,0.0,0.0,0.19595127901151166,0.20225931122514,0.2553458536178054,0.2553458536178054,0.2871852966765828,0.0,0.0,0.1111111111111111,0.2222222222222222,0.3333333333333333,0.3333333333333333,0.4444444444444444,0.0,0.0,0.2,0.2,0.15,0.06,0.04,0.0,0.0,0.2,0.2,0.2,0.2,0.2,0.0,0.0,0.022222222222222223,0.044444444444444446,0.07474747474747474,0.07474747474747474,0.08191593352883676,5.0
PLAIN-2860,2,1.0,1.0,1.0,1.0,1.0,1.0,1.0,0.5,1.0,1.0,1.0,1.0,1.0,1.0,1.0,0.6666666666666666,0.4,0.2,0.1,0.04,0.02,1.0,1.0,1.0,1.0,1.0,1.0,1.0,0.5,1.0,1.0,1.0,1.0,1.0,1.0,1.0
PLAIN-2870,5,0.0,0.0,0.0,0.0,0.0,0.0,0.0,0.0,0.0,0.0,0.0,0.0,0.0,0.0,0.0,0.0,0.0,0.0,0.0,0.0,0.0,0.0,0.0,0.0,0.0,0.0,0.0,0.0,0.0,0.0,0.0,0.0,0.0,0.0,0.0,
PLAIN-2880,17,0.0,0.0,0.0,0.0,0.0,0.0,0.0,0.0,0.0,0.0,0.0,0.0,0.0,0.0,0.0,0.0,0.0,0.0,0.0,0.0,0.0,0.0,0.0,0.0,0.0,0.0,0.0,0.0,0.0,0.0,0.0,0.0,0.0,0.0,0.0,
PLAIN-2890,29,0.0,0.0,0.0,0.0,0.0,0.0,0.0,0.0,0.0,0.0,0.0,0.0,0.0,0.0,0.0,0.0,0.0,0.0,0.0,0.0,0.0,0.0,0.0,0.0,0.0,0.0,0.0,0.0,0.0,0.0,0.0,0.0,0.0,0.0,0.0,
PLAIN-2900,12,0.0,0.0,0.0,0.0,0.0,0.0507441750559212,0.16098973880289988,0.0,0.0,0.0,0.0,0.0,0.16666666666666666,0.4166666666666667,0.0,0.0,0.0,0.0,0.0,0.04,0.05,0.0,0.0,0.0,0.0,0.0,0.038461538461538464,0.038461538461538464,0.0,0.0,0.0,0.0,0.0,0.006677350427350427,0.023435715666537706,26.0
PLAIN-2910,15,1.0,0.5316519652587917,0.43673949858938643,0.32391343968871883,0.26694151849573755,0.32442424569205214,0.32442424569205214,0.06666666666666667,0.06666666666666667,0.06666666666666667,0.06666666666666667,0.06666666666666667,0.13333333333333333,0.13333333333333333,1.0,0.3333333333333333,0.2,0.1,0.05,0.04,0.02,1.0,1.0,1.0,1.0,1.0,1.0,1.0,0.06666666666666667,0.06666666666666667,0.06666666666666667,0.06666666666666667,0.06666666666666667,0.07222222222222222,0.07222222222222222,1.0
PLAIN-2920,7,0.0,0.0,0.0,0.0,0.0,0.0,0.0,0.0,0.0,0.0,0.0,0.0,0.0,0.0,0.0,0.0,0.0,0.0,0.0,0.0,0.0,0.0,0.0,0.0,0.0,0.0,0.0,0.0,0.0,0.0,0.0,0.0,0.0,0.0,0.0,
PLAIN-2930,14,1.0,0.7984848580994974,0.6331583852663827,0.4509737963519492,0.3781377112127596,0.44043966709123744,0.5105939155049231,0.07142857142857142,0.14285714285714285,0.14285714285714285,0.14285714285714285,0.14285714285714285,0.2857142857142857,0.5,1.0,0.6666666666666666,0.4,0.2,0.1,0.08,0.07,1.0,1.0,1.0,1.0,1.0,1.0,1.0,0.07142857142857142,0.11904761904761904,0.11904761904761904,0.11904761904761904,0.11904761904761904,0.1366341991341991,0.15124601008747351,1.0
PLAIN-2940,22,0.0,0.0,0.0,0.0,0.0,0.0,0.01715983914407826,0.0,0.0,0.0,0.0,0.0,0.0,0.045454545454545456,0.0,0.0,0.0,0.0,0.0,0.0,0.01,0.0,0.0,0.0,0.0,0.0,0.0,0.012048192771084338,0.0,0.0,0.0,0.0,0.0,0.0,0.000547645125958379,83.0
PLAIN-2950,2,0.0,0.0,0.0,0.0,0.0,0.0,0.06635807353314922,0.0,0.0,0.0,0.0,0.0,0.0,0.5,0.0,0.0,0.0,0.0,0.0,0.0,0.01,0.0,0.0,0.0,0.0,0.0,0.0,0.019230769230769232,0.0,0.0,0.0,0.0,0.0,0.0,0.009615384615384616,52.0
PLAIN-2960,2,0.0,0.0,0.0,0.0,0.0,0.0,0.0,0.0,0.0,0.0,0.0,0.0,0.0,0.0,0.0,0.0,0.0,0.0,0.0,0.0,0.0,0.0,0.0,0.0,0.0,0.0,0.0,0.0,0.0,0.0,0.0,0.0,0.0,0.0,0.0,
PLAIN-2970,9,0.0,0.0,0.0,0.0,0.0,0.0,0.0,0.0,0.0,0.0,0.0,0.0,0.0,0.0,0.0,0.0,0.0,0.0,0.0,0.0,0.0,0.0,0.0,0.0,0.0,0.0,0.0,0.0,0.0,0.0,0.0,0.0,0.0,0.0,0.0,
PLAIN-2981,7,0.0,0.0,0.0,0.0,0.0,0.0,0.0,0.0,0.0,0.0,0.0,0.0,0.0,0.0,0.0,0.0,0.0,0.0,0.0,0.0,0.0,0.0,0.0,0.0,0.0,0.0,0.0,0.0,0.0,0.0,0.0,0.0,0.0,0.0,0.0,
PLAIN-2991,2,0.0,0.0,0.0,0.0,0.0,0.0,0.0,0.0,0.0,0.0,0.0,0.0,0.0,0.0,0.0,0.0,0.0,0.0,0.0,0.0,0.0,0.0,0.0,0.0,0.0,0.0,0.0,0.0,0.0,0.0,0.0,0.0,0.0,0.0,0.0,
PLAIN-3001,2,0.0,0.0,0.0,0.0,0.0,0.0,0.0,0.0,0.0,0.0,0.0,0.0,0.0,0.0,0.0,0.0,0.0,0.0,0.0,0.0,0.0,0.0,0.0,0.0,0.0,0.0,0.0,0.0,0.0,0.0,0.0,0.0,0.0,0.0,0.0,
PLAIN-3014,1,0.0,0.0,0.0,0.0,0.0,0.0,0.0,0.0,0.0,0.0,0.0,0.0,0.0,0.0,0.0,0.0,0.0,0.0,0.0,0.0,0.0,0.0,0.0,0.0,0.0,0.0,0.0,0.0,0.0,0.0,0.0,0.0,0.0,0.0,0.0,
PLAIN-3026,1,0.0,0.0,0.38685280723454163,0.38685280723454163,0.38685280723454163,0.38685280723454163,0.38685280723454163,0.0,0.0,1.0,1.0,1.0,1.0,1.0,0.0,0.0,0.2,0.1,0.05,0.02,0.01,0.0,0.0,0.2,0.2,0.2,0.2,0.2,0.0,0.0,0.2,0.2,0.2,0.2,0.2,5.0
PLAIN-3037,4,0.0,0.0,0.0,0.0,0.0,0.0,0.0,0.0,0.0,0.0,0.0,0.0,0.0,0.0,0.0,0.0,0.0,0.0,0.0,0.0,0.0,0.0,0.0,0.0,0.0,0.0,0.0,0.0,0.0,0.0,0.0,0.0,0.0,0.0,0.0,
PLAIN-3053,3,1.0,0.7653606369886217,0.7653606369886217,0.7653606369886217,0.7653606369886217,0.7653606369886217,0.7653606369886217,0.3333333333333333,0.6666666666666666,0.6666666666666666,0.6666666666666666,0.6666666666666666,0.6666666666666666,0.6666666666666666,1.0,0.6666666666666666,0.4,0.2,0.1,0.04,0.02,1.0,1.0,1.0,1.0,1.0,1.0,1.0,0.3333333333333333,0.6666666666666666,0.6666666666666666,0.6666666666666666,0.6666666666666666,0.6666666666666666,0.6666666666666666,1.0
PLAIN-3063,4,0.0,0.0,0.0,0.0,0.0,0.0,0.0,0.0,0.0,0.0,0.0,0.0,0.0,0.0,0.0,0.0,0.0,0.0,0.0,0.0,0.0,0.0,0.0,0.0,0.0,0.0,0.0,0.0,0.0,0.0,0.0,0.0,0.0,0.0,0.0,
PLAIN-3074,1,1.0,1.0,1.0,1.0,1.0,1.0,1.0,1.0,1.0,1.0,1.0,1.0,1.0,1.0,1.0,0.3333333333333333,0.2,0.1,0.05,0.02,0.01,1.0,1.0,1.0,1.0,1.0,1.0,1.0,1.0,1.0,1.0,1.0,1.0,1.0,1.0,1.0
PLAIN-3085,2,0.0,0.0,0.23719771276929622,0.41443699955334395,0.41443699955334395,0.41443699955334395,0.41443699955334395,0.0,0.0,0.5,1.0,1.0,1.0,1.0,0.0,0.0,0.2,0.2,0.1,0.04,0.02,0.0,0.0,0.2,0.2,0.2,0.2,0.2,0.0,0.0,0.1,0.2,0.2,0.2,0.2,5.0
PLAIN-3097,4,1.0,0.5316519652587917,0.4770382338730848,0.6206410513474527,0.6206410513474527,0.6206410513474527,0.6206410513474527,0.25,0.25,0.25,0.5,0.5,0.5,0.5,1.0,0.3333333333333333,0.2,0.2,0.1,0.04,0.02,1.0,1.0,1.0,1.0,1.0,1.0,1.0,0.25,0.25,0.25,0.3055555555555556,0.3055555555555556,0.3055555555555556,0.3055555555555556,1.0
PLAIN-3116,1,0.0,0.0,0.0,0.0,0.0,0.0,0.0,0.0,0.0,0.0,0.0,0.0,0.0,0.0,0.0,0.0,0.0,0.0,0.0,0.0,0.0,0.0,0.0,0.0,0.0,0.0,0.0,0.0,0.0,0.0,0.0,0.0,0.0,0.0,0.0,
PLAIN-3131,6,1.0,0.46927872602275644,0.3937481555797838,0.36794492785807026,0.36794492785807026,0.36794492785807026,0.36794492785807026,0.16666666666666666,0.16666666666666666,0.16666666666666666,0.16666666666666666,0.16666666666666666,0.16666666666666666,0.16666666666666666,1.0,0.3333333333333333,0.2,0.1,0.05,0.02,0.01,1.0,1.0,1.0,1.0,1.0,1.0,1.0,0.16666666666666666,0.16666666666666666,0.16666666666666666,0.16666666666666666,0.16666666666666666,0.16666666666666666,0.16666666666666666,1.0
PLAIN-3141,34,0.0,0.0,0.16957810039284818,0.1290515430196899,0.09391936619634471,0.07129066165239283,0.08498366271462084,0.0,0.0,0.029411764705882353,0.029411764705882353,0.029411764705882353,0.029411764705882353,0.058823529411764705,0.0,0.0,0.2,0.1,0.05,0.02,0.02,0.0,0.0,0.25,0.25,0.25,0.25,0.25,0.0,0.0,0.007352941176470588,0.007352941176470588,0.007352941176470588,0.007352941176470588,0.0082579185520362,4.0
PLAIN-3151,18,0.5,0.46927872602275644,0.6164336326286644,0.66495250411403,0.5777140970959063,0.5965030018448789,0.5965030018448789,0.05555555555555555,0.1111111111111111,0.2222222222222222,0.3888888888888889,0.5,0.5555555555555556,0.5555555555555556,1.0,0.6666666666666666,0.8,0.7,0.45,0.2,0.1,1.0,1.0,1.0,1.0,1.0,1.0,1.0,0.05555555555555555,0.09259259259259259,0.1787037037037037,0.31582892416225744,0.3874829645662979,0.399303295535565,0.399303295535565,1.0
PLAIN-3161,43,0.0,0.0,0.0,0.18129243973667877,0.31171624471780934,0.22712561610211307,0.22712561610211307,0.0,0.0,0.0,0.06976744186046512,0.18604651162790697,0.23255813953488372,0.23255813953488372,0.0,0.0,0.0,0.3,0.4,0.2,0.1,0.0,0.0,0.0,0.16666666666666666,0.16666666666666666,0.16666666666666666,0.16666666666666666,0.0,0.0,0.0,0.01924141749723145,0.06527539188277902,0.07543593838207617,0.07543593838207617,6.0
PLAIN-3171,34,0.0,0.0,0.0,0.0,0.0,0.01682796871538823,0.01682796871538823,0.0,0.0,0.0,0.0,0.0,0.029411764705882353,0.029411764705882353,0.0,0.0,0.0,0.0,0.0,0.02,0.01,0.0,0.0,0.0,0.0,0.0,0.023809523809523808,0.023809523809523808,0.0,0.0,0.0,0.0,0.0,0.0007002801120448179,0.0007002801120448179,42.0
PLAIN-3181,27,1.0,0.46927872602275644,0.3391602052736161,0.2200917662980802,0.1420400396336573,0.16446288222925182,0.16446288222925182,0.037037037037037035,0.037037037037037035,0.037037037037037035,0.037037037037037035,0.037037037037037035,0.1111111111111111,0.1111111111111111,1.0,0.3333333333333333,0.2,0.1,0.05,0.06,0.03,1.0,1.0,1.0,1.0,1.0,1.0,1.0,0.037037037037037035,0.037037037037037035,0.037037037037037035,0.037037037037037035,0.037037037037037035,0.04317460317460317,0.04317460317460317,1.0
PLAIN-3191,16,0.0,0.1480409554829326,0.11450494763206998,0.08879873949105598,0.07279170709335177,0.07279170709335177,0.12907700304006856,0.0,0.0625,0.0625,0.0625,0.0625,0.0625,0.1875,0.0,0.3333333333333333,0.2,0.1,0.05,0.02,0.03,0.0,0.5,0.5,0.5,0.5,0.5,0.5,0.0,0.03125,0.03125,0.03125,0.03125,0.03125,0.035729080364540186,2.0
PLAIN-3201,32,0.0,0.0,0.0,0.16811577046396656,0.11591152247239805,0.08825526091954385,0.08825526091954385,0.0,0.0,0.0,0.0625,0.0625,0.0625,0.0625,0.0,0.0,0.0,0.2,0.1,0.04,0.02,0.0,0.0,0.0,0.125,0.125,0.125,0.125,0.0,0.0,0.0,0.010850694444444444,0.010850694444444444,0.010850694444444444,0.010850694444444444,8.0
PLAIN-3211,18,0.0,0.0,0.0,0.0,0.0,0.0,0.026655402146198746,0.0,0.0,0.0,0.0,0.0,0.0,0.05555555555555555,0.0,0.0,0.0,0.0,0.0,0.0,0.01,0.0,0.0,0.0,0.0,0.0,0.0,0.0196078431372549,0.0,0.0,0.0,0.0,0.0,0.0,0.0010893246187363833,51.0
PLAIN-3221,24,0.0,0.0,0.0,0.0,0.031093489436504515,0.0940352124125361,0.0940352124125361,0.0,0.0,0.0,0.0,0.041666666666666664,0.125,0.125,0.0,0.0,0.0,0.0,0.05,0.06,0.03,0.0,0.0,0.0,0.0,0.06666666666666667,0.06666666666666667,0.06666666666666667,0.0,0.0,0.0,0.0,0.002777777777777778,0.009126984126984128,0.009126984126984128,15.0
PLAIN-3231,8,0.0,0.0,0.0,0.0,0.0,0.04015544271921691,0.13035123902141688,0.0,0.0,0.0,0.0,0.0,0.125,0.375,0.0,0.0,0.0,0.0,0.0,0.02,0.03,0.0,0.0,0.0,0.0,0.0,0.047619047619047616,0.047619047619047616,0.0,0.0,0.0,0.0,0.0,0.005952380952380952,0.0157774316623201,21.0
PLAIN-3241,29,0.0,0.4030302838010049,0.31958277119025663,0.22762622895961598,0.1569424610228041,0.12669613126251328,0.12669613126251328,0.0,0.034482758620689655,0.034482758620689655,0.034482758620689655,0.034482758620689655,0.034482758620689655,0.034482758620689655,0.0,0.3333333333333333,0.2,0.1,0.05,0.02,0.01,0.0,0.5,0.5,0.5,0.5,0.5,0.5,0.0,0.017241379310344827,0.017241379310344827,0.017241379310344827,0.017241379310344827,0.017241379310344827,0.017241379310344827,2.0
PLAIN-3251,21,0.0,0.0,0.0,0.10860531196831713,0.1075473460947192,0.10462922732724851,0.10462922732724851,0.0,0.0,0.0,0.047619047619047616,0.09523809523809523,0.09523809523809523,0.09523809523809523,0.0,0.0,0.0,0.1,0.1,0.04,0.02,0.0,0.0,0.0,0.1111111111111111,0.1111111111111111,0.1111111111111111,0.1111111111111111,0.0,0.0,0.0,0.005291005291005291,0.012617012617012617,0.012617012617012617,0.012617012617012617,9.0
PLAIN-3261,13,0.0,0.23463936301137822,0.1968740777898919,0.14982420171299152,0.13357698261582612,0.13357698261582612,0.13357698261582612,0.0,0.07692307692307693,0.07692307692307693,0.07692307692307693,0.07692307692307693,0.07692307692307693,0.07692307692307693,0.0,0.3333333333333333,0.2,0.1,0.05,0.02,0.01,0.0,0.3333333333333333,0.3333333333333333,0.3333333333333333,0.3333333333333333,0.3333333333333333,0.3333333333333333,0.0,0.02564102564102564,0.02564102564102564,0.02564102564102564,0.02564102564102564,0.02564102564102564,0.02564102564102564,3.0
PLAIN-3271,49,0.0,0.0,0.0,0.0,0.10416042069841619,0.1022900192658383,0.11554426421688392,0.0,0.0,0.0,0.0,0.061224489795918366,0.12244897959183673,0.14285714285714285,0.0,0.0,0.0,0.0,0.15,0.12,0.07,0.0,0.0,0.0,0.0,0.08333333333333333,0.08333333333333333,0.08333333333333333,0.0,0.0,0.0,0.0,0.007029478458049887,0.015041472532761732,0.017422424913714114,12.0
PLAIN-3281,26,0.0,0.3354350434265105,0.2755519442199235,0.20436662668128652,0.14552308544047418,0.14524327268893486,0.14524327268893486,0.0,0.038461538461538464,0.038461538461538464,0.038461538461538464,0.038461538461538464,0.07692307692307693,0.07692307692307693,0.0,0.3333333333333333,0.2,0.1,0.05,0.04,0.02,0.0,0.5,0.5,0.5,0.5,0.5,0.5,0.0,0.019230769230769232,0.019230769230769232,0.019230769230769232,0.019230769230769232,0.021153846153846155,0.021153846153846155,2.0
PLAIN-3292,7,0.5,0.31939394323979897,0.3623379437392863,0.593175300998756,0.6483624602731586,0.6483624602731586,0.6483624602731586,0.14285714285714285,0.14285714285714285,0.2857142857142857,0.7142857142857143,0.8571428571428571,0.8571428571428571,0.8571428571428571,1.0,0.3333333333333333,0.4,0.5,0.3,0.12,0.06,1.0,1.0,1.0,1.0,1.0,1.0,1.0,0.14285714285714285,0.14285714285714285,0.21428571428571427,0.45663265306122447,0.5178571428571428,0.5178571428571428,0.5178571428571428,1.0
PLAIN-3302,37,0.0,0.0,0.0,0.16657676034430968,0.14954365250661983,0.14190806003642162,0.14190806003642162,0.0,0.0,0.0,0.08108108108108109,0.10810810810810811,0.16216216216216217,0.16216216216216217,0.0,0.0,0.0,0.3,0.2,0.12,0.06,0.0,0.0,0.0,0.14285714285714285,0.14285714285714285,0.14285714285714285,0.14285714285714285,0.0,0.0,0.0,0.017975117975117975,0.027803127803127804,0.040435325217933915,0.040435325217933915,7.0
PLAIN-3312,13,0.0,0.0,0.0,0.0,0.0,0.020367098369511435,0.07245625152094341,0.0,0.0,0.0,0.0,0.0,0.07692307692307693,0.23076923076923078,0.0,0.0,0.0,0.0,0.0,0.02,0.03,0.0,0.0,0.0,0.0,0.0,0.023255813953488372,0.023255813953488372,0.0,0.0,0.0,0.0,0.0,0.0017889087656529517,0.006495072167468528,43.0
PLAIN-3322,79,0.0,0.0,0.0,0.06943122193677728,0.11786720204220082,0.10690192732476951,0.11399913148460677,0.0,0.0,0.0,0.012658227848101266,0.0379746835443038,0.0759493670886076,0.12658227848101267,0.0,0.0,0.0,0.1,0.15,0.12,0.1,0.0,0.0,0.0,0.125,0.125,0.125,0.125,0.0,0.0,0.0,0.0015822784810126582,0.005993479094744918,0.010349301832515923,0.01600128475964875,8.0
PLAIN-3332,14,0.5,0.5209090851403014,0.5110303792074372,0.36398682466377574,0.3051998717072806,0.3051998717072806,0.33148276332388327,0.07142857142857142,0.14285714285714285,0.21428571428571427,0.21428571428571427,0.21428571428571427,0.21428571428571427,0.2857142857142857,1.0,0.6666666666666666,0.6,0.3,0.15,0.06,0.04,1.0,1.0,1.0,1.0,1.0,1.0,1.0,0.07142857142857142,0.14285714285714285,0.18571428571428572,0.18571428571428572,0.18571428571428572,0.18571428571428572,0.19110512129380056,1.0
PLAIN-3342,3,0.0,0.0,0.38364913903790027,0.38364913903790027,0.38364913903790027,0.38364913903790027,0.38364913903790027,0.0,0.0,0.6666666666666666,0.6666666666666666,0.6666666666666666,0.6666666666666666,0.6666666666666666,0.0,0.0,0.4,0.2,0.1,0.04,0.02,0.0,0.0,0.25,0.25,0.25,0.25,0.25,0.0,0.0,0.21666666666666667,0.21666666666666667,0.21666666666666667,0.21666666666666667,0.21666666666666667,4.0
PLAIN-3352,39,0.0,0.0,0.0,0.0,0.057662158353098104,0.03988732617576054,0.053564020260132815,0.0,0.0,0.0,0.0,0.02564102564102564,0.02564102564102564,0.05128205128205128,0.0,0.0,0.0,0.0,0.05,0.02,0.02,0.0,0.0,0.0,0.0,0.06666666666666667,0.06666666666666667,0.06666666666666667,0.0,0.0,0.0,0.0,0.0017094017094017094,0.0017094017094017094,0.002625152625152625,15.0
PLAIN-3362,11,1.0,0.9651954696014428,0.7928852199940415,0.5880534728737216,0.5626354678532296,0.5626354678532296,0.5626354678532296,0.09090909090909091,0.2727272727272727,0.2727272727272727,0.2727272727272727,0.2727272727272727,0.2727272727272727,0.2727272727272727,1.0,1.0,0.6,0.3,0.15,0.06,0.03,1.0,1.0,1.0,1.0,1.0,1.0,1.0,0.09090909090909091,0.2727272727272727,0.2727272727272727,0.2727272727272727,0.2727272727272727,0.2727272727272727,0.2727272727272727,1.0
PLAIN-3372,14,0.0,0.0,0.0,0.0,0.0,0.0,0.023185965811923673,0.0,0.0,0.0,0.0,0.0,0.0,0.07142857142857142,0.0,0.0,0.0,0.0,0.0,0.0,0.01,0.0,0.0,0.0,0.0,0.0,0.0,0.01098901098901099,0.0,0.0,0.0,0.0,0.0,0.0,0.0007849293563579278,91.0
PLAIN-3382,14,0.5,0.3987389739440937,0.3275546239420398,0.40859637393844667,0.3483536451253139,0.3483536451253139,0.3483536451253139,0.07142857142857142,0.14285714285714285,0.14285714285714285,0.2857142857142857,0.2857142857142857,0.2857142857142857,0.2857142857142857,1.0,0.6666666666666666,0.4,0.4,0.2,0.08,0.04,1.0,1.0,1.0,1.0,1.0,1.0,1.0,0.07142857142857142,0.11904761904761904,0.11904761904761904,0.195578231292517,0.195578231292517,0.195578231292517,0.195578231292517,1.0
PLAIN-3392,23,0.0,0.0,0.0,0.0,0.0,0.0,0.0,0.0,0.0,0.0,0.0,0.0,0.0,0.0,0.0,0.0,0.0,0.0,0.0,0.0,0.0,0.0,0.0,0.0,0.0,0.0,0.0,0.0,0.0,0.0,0.0,0.0,0.0,0.0,0.0,
PLAIN-3402,14,0.0,0.0,0.0,0.06362078819895173,0.05151432889569591,0.05151432889569591,0.05151432889569591,0.0,0.0,0.0,0.07142857142857142,0.07142857142857142,0.07142857142857142,0.07142857142857142,0.0,0.0,0.0,0.1,0.05,0.02,0.01,0.0,0.0,0.0,0.1,0.1,0.1,0.1,0.0,0.0,0.0,0.0071428571428571435,0.0071428571428571435,0.0071428571428571435,0.0071428571428571435,10.0
PLAIN-3412,49,0.5,0.26582598262939583,0.21836974929469322,0.16195671984435941,0.11532431670619621,0.06967489890927021,0.08112053738399465,0.02040816326530612,0.02040816326530612,0.02040816326530612,0.02040816326530612,0.02040816326530612,0.02040816326530612,0.04081632653061224,1.0,0.3333333333333333,0.2,0.1,0.05,0.02,0.02,1.0,1.0,1.0,1.0,1.0,1.0,1.0,0.02040816326530612,0.02040816326530612,0.02040816326530612,0.02040816326530612,0.02040816326530612,0.02040816326530612,0.021017362168748097,1.0
PLAIN-3422,31,0.0,0.0,0.0,0.03712651420061504,0.09296791902806782,0.2519968747093638,0.27594101593158593,0.0,0.0,0.0,0.03225806451612903,0.12903225806451613,0.3870967741935484,0.45161290322580644,0.0,0.0,0.0,0.1,0.2,0.24,0.14,0.0,0.0,0.0,0.125,0.125,0.125,0.125,0.0,0.0,0.0,0.004032258064516129,0.01999484004127967,0.08132601229512744,0.09279410109152009,8.0
PLAIN-3432,42,0.0,0.23463936301137822,0.16958010263680806,0.25787537406449274,0.16642434639311743,0.10223327123307596,0.10223327123307596,0.0,0.023809523809523808,0.023809523809523808,0.07142857142857142,0.07142857142857142,0.07142857142857142,0.07142857142857142,0.0,0.3333333333333333,0.2,0.3,0.15,0.06,0.03,0.0,0.3333333333333333,0.3333333333333333,0.3333333333333333,0.3333333333333333,0.3333333333333333,0.3333333333333333,0.0,0.007936507936507936,0.007936507936507936,0.024801587301587297,0.024801587301587297,0.024801587301587297,0.024801587301587297,3.0
PLAIN-3442,29,0.0,0.0,0.0,0.0,0.0,0.0,0.0,0.0,0.0,0.0,0.0,0.0,0.0,0.0,0.0,0.0,0.0,0.0,0.0,0.0,0.0,0.0,0.0,0.0,0.0,0.0,0.0,0.0,0.0,0.0,0.0,0.0,0.0,0.0,0.0,
PLAIN-3452,17,1.0,0.6645649565734895,0.545924373236733,0.4625819472198998,0.3580669439996649,0.4058719610845367,0.471534598525396,0.058823529411764705,0.11764705882352941,0.11764705882352941,0.17647058823529413,0.17647058823529413,0.29411764705882354,0.47058823529411764,1.0,0.6666666666666666,0.4,0.3,0.15,0.1,0.08,1.0,1.0,1.0,1.0,1.0,1.0,1.0,0.058823529411764705,0.0980392156862745,0.0980392156862745,0.12745098039215685,0.12745098039215685,0.14171514759750053,0.1654331381660493,1.0
PLAIN-3462,64,0.0,0.5307212739772434,0.5296347172140421,0.38289582588148313,0.269688673723736,0.18547922822357427,0.18714480654775503,0.0,0.03125,0.046875,0.0625,0.0625,0.0625,0.09375,0.0,0.6666666666666666,0.6,0.4,0.2,0.08,0.06,0.0,0.5,0.5,0.5,0.5,0.5,0.5,0.0,0.018229166666666664,0.029947916666666664,0.04036458333333333,0.04036458333333333,0.04036458333333333,0.0425636192595034,2.0
PLAIN-3472,17,0.0,0.0,0.0,0.0,0.0,0.0,0.0,0.0,0.0,0.0,0.0,0.0,0.0,0.0,0.0,0.0,0.0,0.0,0.0,0.0,0.0,0.0,0.0,0.0,0.0,0.0,0.0,0.0,0.0,0.0,0.0,0.0,0.0,0.0,0.0,
