query_id,n_relevant,ndcg@1,ndcg@3,ndcg@5,ndcg@10,ndcg@20,ndcg@50,ndcg@100,recall@1,recall@3,recall@5,recall@10,recall@20,recall@50,recall@100,precision@1,precision@3,precision@5,precision@10,precision@20,precision@50,precision@100,mrr@1,mrr@3,mrr@5,mrr@10,mrr@20,mrr@50,mrr@100,map@1,map@3,map@5,map@10,map@20,map@50,map@100,first_relevant_rank
PLAIN-2,24,1.0,0.46927872602275644,0.3391602052736161,0.2444521888215188,0.23791089564341317,0.2733314847252656,0.35664294792277346,0.041666666666666664,0.041666666666666664,0.041666666666666664,0.041666666666666664,0.08333333333333333,0.16666666666666666,0.3333333333333333,1.0,0.3333333333333333,0.2,0.1,0.1,0.08,0.08,1.0,1.0,1.0,1.0,1.0,1.0,1.0,0.041666666666666664,0.041666666666666664,0.041666666666666664,0.041666666666666664,0.04861111111111111,0.057626262626262637,0.07135096211224033,1.0
PLAIN-12,30,0.0,0.0,0.0,0.03855803981329107,0.029542700759909366,0.038872584161132956,0.038872584161132956,0.0,0.0,0.0,0.03333333333333333,0.03333333333333333,0.06666666666666667,0.06666666666666667,0.0,0.0,0.0,0.1,0.05,0.04,0.02,0.0,0.0,0.0,0.125,0.125,0.125,0.125,0.0,0.0,0.0,0.004166666666666667,0.004166666666666667,0.005681818181818182,0.005681818181818182,8.0
PLAIN-23,90,0.0,0.0,0.0,0.07839826897867534,0.10692584380492769,0.07101598612165196,0.0661853706420273,0.0,0.0,0.0,0.011111111111111112,0.03333333333333333,0.03333333333333333,0.044444444444444446,0.0,0.0,0.0,0.1,0.15,0.06,0.04,0.0,0.0,0.0,0.16666666666666666,0.16666666666666666,0.16666666666666666,0.16666666666666666,0.0,0.0,0.0,0.0018518518518518517,0.006084656084656084,0.006084656084656084,0.0069232305081361675,6.0
PLAIN-33,32,0.0,0.0,0.0,0.0,0.04332105851550331,0.10550754702791694,0.13001745613179044,0.0,0.0,0.0,0.0,0.03125,0.125,0.15625,0.0,0.0,0.0,0.0,0.05,0.08,0.05,0.0,0.0,0.0,0.0,0.0625,0.0625,0.0625,0.0,0.0,0.0,0.0,0.001953125,0.009288544632969466,0.011936849717715229,16.0
PLAIN-44,58,1.0,0.46927872602275644,0.404762744029787,0.3041264249373691,0.25769092152905665,0.22311077695098686,0.2055867295133473,0.017241379310344827,0.017241379310344827,0.034482758620689655,0.034482758620689655,0.05172413793103448,0.1206896551724138,0.1206896551724138,1.0,0.3333333333333333,0.4,0.2,0.15,0.14,0.07,1.0,1.0,1.0,1.0,1.0,1.0,1.0,0.017241379310344827,0.017241379310344827,0.02413793103448276,0.02413793103448276,0.028840125391849526,0.03863489272972032,0.03863489272972032,1.0
PLAIN-56,50,1.0,0.46927872602275644,0.4331804834861008,0.33593204224931333,0.32859175294544357,0.20409002185438826,0.2149539261138295,0.02,0.02,0.04,0.04,0.08,0.08,0.1,1.0,0.3333333333333333,0.4,0.2,0.2,0.08,0.05,1.0,1.0,1.0,1.0,1.0,1.0,1.0,0.02,0.02,0.027999999999999997,0.027999999999999997,0.03845454545454545,0.03845454545454545,0.04009388971684054,1.0
PLAIN-68,55,0.0,0.4030302838010049,0.31958277119025663,0.22762622895961598,0.18803595045930863,0.1514531153320757,0.15292175880913028,0.0,0.01818181818181818,0.01818181818181818,0.01818181818181818,0.03636363636363636,0.09090909090909091,0.10909090909090909,0.0,0.3333333333333333,0.2,0.1,0.1,0.1,0.06,0.0,0.5,0.5,0.5,0.5,0.5,0.5,0.0,0.00909090909090909,0.00909090909090909,0.00909090909090909,0.011515151515151515,0.018134414811424353,0.019333216010225553,2.0
PLAIN-78,62,0.0,0.0,0.0,0.038356439954197026,0.07546252850803553,0.04818144081143695,0.07926617449771398,0.0,0.0,0.0,0.016129032258064516,0.03225806451612903,0.03225806451612903,0.0967741935483871,0.0,0.0,0.0,0.1,0.1,0.04,0.06,0.0,0.0,0.0,0.1111111111111111,0.1111111111111111,0.1111111111111111,0.1111111111111111,0.0,0.0,0.0,0.0017921146953405018,0.003689647902171621,0.003689647902171621,0.008140054744124625,9.0
PLAIN-91,64,0.0,0.0,0.06560253875617089,0.11978106431977814,0.09257843266215604,0.10676797983676468,0.1190927325549516,0.0,0.0,0.015625,0.03125,0.03125,0.09375,0.140625,0.0,0.0,0.2,0.2,0.1,0.12,0.09,0.0,0.0,0.2,0.2,0.2,0.2,0.2,0.0,0.0,0.003125,0.00703125,0.00703125,0.014892451298701299,0.020406979143737618,5.0
PLAIN-102,24,0.5,0.26582598262939583,0.21836974929469322,0.16195671984435941,0.11532431670619621,0.12496677951912413,0.12496677951912413,0.041666666666666664,0.041666666666666664,0.041666666666666664,0.041666666666666664,0.041666666666666664,0.08333333333333333,0.08333333333333333,1.0,0.3333333333333333,0.2,0.1,0.05,0.04,0.02,1.0,1.0,1.0,1.0,1.0,1.0,1.0,0.041666666666666664,0.041666666666666664,0.041666666666666664,0.041666666666666664,0.041666666666666664,0.04404761904761905,0.04404761904761905,1.0
PLAIN-112,56,0.0,0.5307212739772434,0.4104959434080106,0.3652543752549527,0.3212387188075668,0.21345234753343365,0.22038554479758235,0.0,0.03571428571428571,0.03571428571428571,0.05357142857142857,0.07142857142857142,0.08928571428571429,0.125,0.0,0.6666666666666666,0.4,0.3,0.2,0.1,0.07,0.0,0.5,0.5,0.5,0.5,0.5,0.5,0.0,0.020833333333333332,0.020833333333333332,0.028486394557823126,0.03295068027210884,0.036670918367346934,0.040484641957189926,2.0
PLAIN-123,51,0.0,0.0,0.0,0.0,0.0,0.0,0.02835012842200389,0.0,0.0,0.0,0.0,0.0,0.0,0.0392156862745098,0.0,0.0,0.0,0.0,0.0,0.0,0.02,0.0,0.0,0.0,0.0,0.0,0.0,0.0125,0.0,0.0,0.0,0.0,0.0,0.0,0.000676039646627882,80.0
PLAIN-133,36,0.0,0.0,0.0,0.0,0.0,0.0,0.012365054762106205,0.0,0.0,0.0,0.0,0.0,0.0,0.027777777777777776,0.0,0.0,0.0,0.0,0.0,0.0,0.01,0.0,0.0,0.0,0.0,0.0,0.0,0.014925373134328358,0.0,0.0,0.0,0.0,0.0,0.0,0.00041459369817578774,67.0
PLAIN-143,51,1.0,0.5316519652587917,0.43673949858938643,0.3816035872977201,0.2717279838714613,0.16217646974281238,0.20454483120017533,0.0196078431372549,0.0196078431372549,0.0196078431372549,0.0392156862745098,0.0392156862745098,0.0392156862745098,0.09803921568627451,1.0,0.3333333333333333,0.2,0.2,0.1,0.04,0.05,1.0,1.0,1.0,1.0,1.0,1.0,1.0,0.0196078431372549,0.0196078431372549,0.0196078431372549,0.0261437908496732,0.0261437908496732,0.0261437908496732,0.02947301753911981,1.0
PLAIN-153,47,0.5,0.680606056760201,0.539686416754958,0.562466549753967,0.48293852970459483,0.36447316168025906,0.36447316168025906,0.02127659574468085,0.06382978723404255,0.06382978723404255,0.10638297872340426,0.1702127659574468,0.2765957446808511,0.2765957446808511,1.0,1.0,0.6,0.5,0.4,0.26,0.13,1.0,1.0,1.0,1.0,1.0,1.0,1.0,0.02127659574468085,0.06382978723404255,0.06382978723404255,0.09131205673758865,0.1225177304964539,0.15816293966475042,0.15816293966475042,1.0
PLAIN-165,36,0.5,0.35195904451706733,0.45626145654599315,0.3472219871036772,0.3040330337264841,0.2551779055472999,0.30688266428203204,0.027777777777777776,0.05555555555555555,0.1111111111111111,0.1111111111111111,0.1388888888888889,0.16666666666666666,0.25,1.0,0.6666666666666666,0.8,0.4,0.25,0.12,0.09,1.0,1.0,1.0,1.0,1.0,1.0,1.0,0.027777777777777776,0.046296296296296294,0.08935185185185185,0.08935185185185185,0.0970679012345679,0.10211840628507295,0.11100189417335542,1.0
PLAIN-175,37,0.0,0.1480409554829326,0.10699313236726378,0.08421358772610596,0.06316417717079004,0.04681968366916474,0.095948865493877,0.0,0.02702702702702703,0.02702702702702703,0.02702702702702703,0.02702702702702703,0.02702702702702703,0.10810810810810811,0.0,0.3333333333333333,0.2,0.1,0.05,0.02,0.04,0.0,0.5,0.5,0.5,0.5,0.5,0.5,0.0,0.013513513513513514,0.013513513513513514,0.013513513513513514,0.013513513513513514,0.013513513513513514,0.016999373141614517,2.0
PLAIN-186,24,0.0,0.2960819109658652,0.21398626473452756,0.13886244387355456,0.08961728720334346,0.07967271112843692,0.07967271112843692,0.0,0.041666666666666664,0.041666666666666664,0.041666666666666664,0.041666666666666664,0.041666666666666664,0.041666666666666664,0.0,0.3333333333333333,0.2,0.1,0.05,0.02,0.01,0.0,0.5,0.5,0.5,0.5,0.5,0.5,0.0,0.020833333333333332,0.020833333333333332,0.020833333333333332,0.020833333333333332,0.020833333333333332,0.020833333333333332,2.0
PLAIN-196,69,1.0,0.46927872602275644,0.3391602052736161,0.2863459897524693,0.25459213152194116,0.18651964084505857,0.18883367828250314,0.014492753623188406,0.014492753623188406,0.014492753623188406,0.028985507246376812,0.057971014492753624,0.10144927536231885,0.15942028985507245,1.0,0.3333333333333333,0.2,0.2,0.2,0.14,0.11,1.0,1.0,1.0,1.0,1.0,1.0,1.0,0.014492753623188406,0.014492753623188406,0.014492753623188406,0.0177133655394525,0.024039567517828386,0.03303104965509057,0.04006660431915066,1.0
PLAIN-207,55,1.0,0.7653606369886217,0.6843515475204855,0.5837154733670049,0.48705490367142223,0.3114797582607756,0.35152076866505416,0.01818181818181818,0.03636363636363636,0.05454545454545454,0.09090909090909091,0.14545454545454545,0.2,0.2909090909090909,1.0,0.6666666666666666,0.6,0.5,0.4,0.22,0.16,1.0,1.0,1.0,1.0,1.0,1.0,1.0,0.01818181818181818,0.03636363636363636,0.04727272727272727,0.06776334776334776,0.09555949101403648,0.11189996268657645,0.13078558220169267,1.0
PLAIN-217,36,0.0,0.0,0.0,0.06362078819895173,0.04105877938688905,0.047878953750771516,0.10897536839666923,0.0,0.0,0.0,0.027777777777777776,0.027777777777777776,0.05555555555555555,0.16666666666666666,0.0,0.0,0.0,0.1,0.05,0.04,0.06,0.0,0.0,0.0,0.1,0.1,0.1,0.1,0.0,0.0,0.0,0.002777777777777778,0.002777777777777778,0.004761904761904762,0.010857344979685405,10.0
PLAIN-227,40,0.0,0.0,0.0,0.0,0.0,0.0,0.014143117168127049,0.0,0.0,0.0,0.0,0.0,0.0,0.025,0.0,0.0,0.0,0.0,0.0,0.0,0.01,0.0,0.0,0.0,0.0,0.0,0.0,0.012195121951219513,0.0,0.0,0.0,0.0,0.0,0.0,0.0003048780487804878,82.0
PLAIN-238,54,0.0,0.0,0.0,0.0,0.0,0.0,0.011737959814275226,0.0,0.0,0.0,0.0,0.0,0.0,0.018518518518518517,0.0,0.0,0.0,0.0,0.0,0.0,0.01,0.0,0.0,0.0,0.0,0.0,0.0,0.013157894736842105,0.0,0.0,0.0,0.0,0.0,0.0,0.00024366471734892786,76.0
PLAIN-248,31,0.0,0.0,0.0,0.0,0.0,0.020210299806331135,0.05539417544989732,0.0,0.0,0.0,0.0,0.0,0.03225806451612903,0.0967741935483871,0.0,0.0,0.0,0.0,0.0,0.02,0.03,0.0,0.0,0.0,0.0,0.0,0.02631578947368421,0.02631578947368421,0.0,0.0,0.0,0.0,0.0,0.0008488964346349745,0.003252495971502381,38.0
PLAIN-259,14,1.0,0.46927872602275644,0.3391602052736161,0.29345568839744024,0.23761373092620183,0.23761373092620183,0.23761373092620183,0.07142857142857142,0.07142857142857142,0.07142857142857142,0.14285714285714285,0.14285714285714285,0.14285714285714285,0.14285714285714285,1.0,0.3333333333333333,0.2,0.2,0.1,0.04,0.02,1.0,1.0,1.0,1.0,1.0,1.0,1.0,0.07142857142857142,0.07142857142857142,0.07142857142857142,0.09183673469387754,0.09183673469387754,0.09183673469387754,0.09183673469387754,1.0
PLAIN-270,52,0.0,0.2960819109658652,0.21398626473452756,0.20829366581033185,0.1344259308050152,0.10349997270475979,0.12567729557644147,0.0,0.019230769230769232,0.019230769230769232,0.038461538461538464,0.038461538461538464,0.07692307692307693,0.11538461538461539,0.0,0.3333333333333333,0.2,0.2,0.1,0.08,0.06,0.0,0.5,0.5,0.5,0.5,0.5,0.5,0.0,0.009615384615384616,0.009615384615384616,0.014423076923076924,0.014423076923076924,0.018308080808080808,0.021509508795932258,2.0
PLAIN-280,20,0.0,0.0,0.0,0.07336392209936006,0.04734667987788576,0.07403626250680392,0.12170890559328673,0.0,0.0,0.0,0.05,0.05,0.1,0.2,0.0,0.0,0.0,0.1,0.05,0.04,0.04,0.0,0.0,0.0,0.14285714285714285,0.14285714285714285,0.14285714285714285,0.14285714285714285,0.0,0.0,0.0,0.007142857142857143,0.007142857142857143,0.009706959706959705,0.015331301118972351,7.0
PLAIN-291,13,0.0,0.0,0.0,0.0,0.0,0.0,0.0,0.0,0.0,0.0,0.0,0.0,0.0,0.0,0.0,0.0,0.0,0.0,0.0,0.0,0.0,0.0,0.0,0.0,0.0,0.0,0.0,0.0,0.0,0.0,0.0,0.0,0.0,0.0,0.0,
PLAIN-307,3,0.0,0.0,0.18154179253735267,0.3171937659698004,0.4276661609288979,0.4276661609288979,0.4276661609288979,0.0,0.0,0.3333333333333333,0.6666666666666666,1.0,1.0,1.0,0.0,0.0,0.2,0.2,0.15,0.06,0.03,0.0,0.0,0.2,0.2,0.2,0.2,0.2,0.0,0.0,0.06666666666666667,0.13333333333333333,0.18888888888888888,0.18888888888888888,0.18888888888888888,5.0
PLAIN-320,42,0.0,0.0,0.0,0.0,0.0,0.05114340855783279,0.07820547301915566,0.0,0.0,0.0,0.0,0.0,0.07142857142857142,0.11904761904761904,0.0,0.0,0.0,0.0,0.0,0.06,0.05,0.0,0.0,0.0,0.0,0.0,0.037037037037037035,0.037037037037037035,0.0,0.0,0.0,0.0,0.0,0.003943524007363496,0.0064046045934440824,27.0
PLAIN-332,2,0.0,0.38685280723454163,0.38685280723454163,0.38685280723454163,0.38685280723454163,0.38685280723454163,0.38685280723454163,0.0,0.5,0.5,0.5,0.5,0.5,0.5,0.0,0.3333333333333333,0.2,0.1,0.05,0.02,0.01,0.0,0.5,0.5,0.5,0.5,0.5,0.5,0.0,0.25,0.25,0.25,0.25,0.25,0.25,2.0
PLAIN-344,61,0.5,0.23463936301137822,0.16958010263680806,0.2285651569135501,0.17143468715893975,0.18334755264805494,0.17346448684221502,0.01639344262295082,0.01639344262295082,0.01639344262295082,0.03278688524590164,0.03278688524590164,0.09836065573770492,0.11475409836065574,1.0,0.3333333333333333,0.2,0.2,0.1,0.12,0.07,1.0,1.0,1.0,1.0,1.0,1.0,1.0,0.01639344262295082,0.01639344262295082,0.01639344262295082,0.02185792349726776,0.02185792349726776,0.031532207452228456,0.03354543724802944,1.0
PLAIN-358,3,0.0,0.0,0.0,0.0,0.0,0.0,0.0,0.0,0.0,0.0,0.0,0.0,0.0,0.0,0.0,0.0,0.0,0.0,0.0,0.0,0.0,0.0,0.0,0.0,0.0,0.0,0.0,0.0,0.0,0.0,0.0,0.0,0.0,0.0,0.0,
PLAIN-371,2,0.0,0.0,0.0,0.0,0.0,0.0,0.0,0.0,0.0,0.0,0.0,0.0,0.0,0.0,0.0,0.0,0.0,0.0,0.0,0.0,0.0,0.0,0.0,0.0,0.0,0.0,0.0,0.0,0.0,0.0,0.0,0.0,0.0,0.0,0.0,
PLAIN-383,5,0.0,0.0,0.0,0.0,0.0,0.0,0.0,0.0,0.0,0.0,0.0,0.0,0.0,0.0,0.0,0.0,0.0,0.0,0.0,0.0,0.0,0.0,0.0,0.0,0.0,0.0,0.0,0.0,0.0,0.0,0.0,0.0,0.0,0.0,0.0,
PLAIN-395,3,0.0,0.0,0.0,0.0,0.0,0.0,0.08929029839532573,0.0,0.0,0.0,0.0,0.0,0.0,0.3333333333333333,0.0,0.0,0.0,0.0,0.0,0.0,0.01,0.0,0.0,0.0,0.0,0.0,0.0,0.01639344262295082,0.0,0.0,0.0,0.0,0.0,0.0,0.00546448087431694,61.0
PLAIN-407,3,1.0,0.6387878864795979,0.6387878864795979,0.6387878864795979,0.6387878864795979,0.6387878864795979,0.6387878864795979,0.3333333333333333,0.3333333333333333,0.3333333333333333,0.3333333333333333,0.3333333333333333,0.3333333333333333,0.3333333333333333,1.0,0.3333333333333333,0.2,0.1,0.05,0.02,0.01,1.0,1.0,1.0,1.0,1.0,1.0,1.0,0.3333333333333333,0.3333333333333333,0.3333333333333333,0.3333333333333333,0.3333333333333333,0.3333333333333333,0.3333333333333333,1.0
PLAIN-418,3,0.0,0.0,0.20567105523212453,0.3733885769453798,0.3733885769453798,0.4321533258781222,0.4321533258781222,0.0,0.0,0.3333333333333333,0.6666666666666666,0.6666666666666666,1.0,1.0,0.0,0.0,0.2,0.2,0.1,0.06,0.03,0.0,0.0,0.2,0.2,0.2,0.2,0.2,0.0,0.0,0.06666666666666667,0.15,0.15,0.19545454545454546,0.19545454545454546,5.0
PLAIN-430,8,0.0,0.5307212739772434,0.38356636737133565,0.327714362946229,0.327714362946229,0.327714362946229,0.327714362946229,0.0,0.25,0.25,0.25,0.25,0.25,0.25,0.0,0.6666666666666666,0.4,0.2,0.1,0.04,0.02,0.0,0.5,0.5,0.5,0.5,0.5,0.5,0.0,0.14583333333333331,0.14583333333333331,0.14583333333333331,0.14583333333333331,0.14583333333333331,0.14583333333333331,2.0
PLAIN-441,5,0.5,0.26582598262939583,0.21836974929469322,0.21836974929469322,0.2688957516946439,0.3562436514125212,0.42876321716281773,0.2,0.2,0.2,0.2,0.4,0.6,0.8,1.0,0.3333333333333333,0.2,0.1,0.1,0.06,0.04,1.0,1.0,1.0,1.0,1.0,1.0,1.0,0.2,0.2,0.2,0.2,0.22105263157894733,0.24040747028862475,0.25290747028862476,1.0
PLAIN-457,5,0.0,0.0,0.0,0.0,0.0,0.0,0.0,0.0,0.0,0.0,0.0,0.0,0.0,0.0,0.0,0.0,0.0,0.0,0.0,0.0,0.0,0.0,0.0,0.0,0.0,0.0,0.0,0.0,0.0,0.0,0.0,0.0,0.0,0.0,0.0,
PLAIN-468,10,1.0,0.5316519652587917,0.43673949858938643,0.32391343968871883,0.4001655505506902,0.4001655505506902,0.4001655505506902,0.1,0.1,0.1,0.1,0.2,0.2,0.2,1.0,0.3333333333333333,0.2,0.1,0.1,0.04,0.02,1.0,1.0,1.0,1.0,1.0,1.0,1.0,0.1,0.1,0.1,0.1,0.11111111111111112,0.11111111111111112,0.11111111111111112,1.0
PLAIN-478,1,0.0,0.0,0.0,0.0,0.0,0.0,0.0,0.0,0.0,0.0,0.0,0.0,0.0,0.0,0.0,0.0,0.0,0.0,0.0,0.0,0.0,0.0,0.0,0.0,0.0,0.0,0.0,0.0,0.0,0.0,0.0,0.0,0.0,0.0,0.0,
PLAIN-488,15,1.0,1.0,0.8687949224876582,0.706583601726363,0.593829726092137,0.6583662780858823,0.6839901590215617,0.06666666666666667,0.2,0.26666666666666666,0.4,0.4666666666666667,0.6,0.6666666666666666,1.0,1.0,0.8,0.6,0.35,0.18,0.1,1.0,1.0,1.0,1.0,1.0,1.0,1.0,0.06666666666666667,0.2,0.26666666666666666,0.36428571428571427,0.4031746031746032,0.43288474810213945,0.43955141476880605,1.0
PLAIN-499,34,0.0,0.0,0.0,0.14201905717762706,0.0916544623615061,0.06484271588822851,0.06484271588822851,0.0,0.0,0.0,0.058823529411764705,0.058823529411764705,0.058823529411764705,0.058823529411764705,0.0,0.0,0.0,0.2,0.1,0.04,0.02,0.0,0.0,0.0,0.16666666666666666,0.16666666666666666,0.16666666666666666,0.16666666666666666,0.0,0.0,0.0,0.010784313725490198,0.010784313725490198,0.010784313725490198,0.010784313725490198,6.0
PLAIN-510,6,0.0,0.0,0.0,0.0,0.0,0.0,0.04544800270804103,0.0,0.0,0.0,0.0,0.0,0.0,0.16666666666666666,0.0,0.0,0.0,0.0,0.0,0.0,0.01,0.0,0.0,0.0,0.0,0.0,0.0,0.01,0.0,0.0,0.0,0.0,0.0,0.0,0.0016666666666666668,100.0
PLAIN-520,1,0.0,0.0,0.0,0.0,0.0,0.0,0.0,0.0,0.0,0.0,0.0,0.0,0.0,0.0,0.0,0.0,0.0,0.0,0.0,0.0,0.0,0.0,0.0,0.0,0.0,0.0,0.0,0.0,0.0,0.0,0.0,0.0,0.0,0.0,0.0,
PLAIN-531,308,0.0,0.5307212739772434,0.38356636737133565,0.24890832702259466,0.27039166780798213,0.22313169970002666,0.1990004159513168,0.0,0.006493506493506494,0.006493506493506494,0.006493506493506494,0.016233766233766232,0.032467532467532464,0.05844155844155844,0.0,0.6666666666666666,0.4,0.2,0.25,0.2,0.18,0.0,0.5,0.5,0.5,0.5,0.5,0.5,0.0,0.0037878787878787876,0.0037878787878787876,0.0037878787878787876,0.006553495524083759,0.010246771616009832,0.0153033989776787,2.0
PLAIN-541,6,0.0,0.0,0.0,0.0,0.0,0.0,0.0,0.0,0.0,0.0,0.0,0.0,0.0,0.0,0.0,0.0,0.0,0.0,0.0,0.0,0.0,0.0,0.0,0.0,0.0,0.0,0.0,0.0,0.0,0.0,0.0,0.0,0.0,0.0,0.0,
PLAIN-551,2,0.0,0.0,0.0,0.0,0.0,0.0,0.0,0.0,0.0,0.0,0.0,0.0,0.0,0.0,0.0,0.0,0.0,0.0,0.0,0.0,0.0,0.0,0.0,0.0,0.0,0.0,0.0,0.0,0.0,0.0,0.0,0.0,0.0,0.0,0.0,
PLAIN-561,25,0.0,0.0,0.0,0.0,0.10723621032226116,0.09284228564416994,0.09284228564416994,0.0,0.0,0.0,0.0,0.12,0.12,0.12,0.0,0.0,0.0,0.0,0.15,0.06,0.03,0.0,0.0,0.0,0.0,0.09090909090909091,0.09090909090909091,0.09090909090909091,0.0,0.0,0.0,0.0,0.014952153110047845,0.014952153110047845,0.014952153110047845,11.0
PLAIN-571,7,0.0,0.0,0.0,0.0,0.0,0.10815811098987704,0.10815811098987704,0.0,0.0,0.0,0.0,0.0,0.2857142857142857,0.2857142857142857,0.0,0.0,0.0,0.0,0.0,0.04,0.02,0.0,0.0,0.0,0.0,0.0,0.038461538461538464,0.038461538461538464,0.0,0.0,0.0,0.0,0.0,0.012139023766930743,0.012139023766930743,26.0
PLAIN-583,44,0.0,0.0,0.0,0.0,0.0,0.018208842776697244,0.018208842776697244,0.0,0.0,0.0,0.0,0.0,0.022727272727272728,0.022727272727272728,0.0,0.0,0.0,0.0,0.0,0.02,0.01,0.0,0.0,0.0,0.0,0.0,0.041666666666666664,0.041666666666666664,0.0,0.0,0.0,0.0,0.0,0.0009469696969696969,0.0009469696969696969,24.0
PLAIN-593,3,0.0,0.0,0.0,0.0,0.0,0.0,0.0,0.0,0.0,0.0,0.0,0.0,0.0,0.0,0.0,0.0,0.0,0.0,0.0,0.0,0.0,0.0,0.0,0.0,0.0,0.0,0.0,0.0,0.0,0.0,0.0,0.0,0.0,0.0,0.0,
PLAIN-603,1,0.0,0.0,0.0,0.0,0.0,0.0,0.16999161628691403,0.0,0.0,0.0,0.0,0.0,0.0,1.0,0.0,0.0,0.0,0.0,0.0,0.0,0.01,0.0,0.0,0.0,0.0,0.0,0.0,0.017241379310344827,0.0,0.0,0.0,0.0,0.0,0.0,0.017241379310344827,58.0
PLAIN-613,10,0.0,0.0,0.0,0.06625422345438904,0.06625422345438904,0.06625422345438904,0.10041435017905893,0.0,0.0,0.0,0.1,0.1,0.1,0.2,0.0,0.0,0.0,0.1,0.05,0.02,0.02,0.0,0.0,0.0,0.1111111111111111,0.1111111111111111,0.1111111111111111,0.1111111111111111,0.0,0.0,0.0,0.01111111111111111,0.01111111111111111,0.01111111111111111,0.013436692506459947,9.0
PLAIN-623,41,0.0,0.0,0.0,0.0,0.0,0.0,0.013318913383799917,0.0,0.0,0.0,0.0,0.0,0.0,0.024390243902439025,0.0,0.0,0.0,0.0,0.0,0.0,0.01,0.0,0.0,0.0,0.0,0.0,0.0,0.01,0.0,0.0,0.0,0.0,0.0,0.0,0.00024390243902439024,100.0
PLAIN-634,21,0.0,0.23463936301137822,0.16958010263680806,0.1100458831490401,0.07102001981682865,0.06882774587085458,0.11166611143291959,0.0,0.047619047619047616,0.047619047619047616,0.047619047619047616,0.047619047619047616,0.047619047619047616,0.14285714285714285,0.0,0.3333333333333333,0.2,0.1,0.05,0.02,0.03,0.0,0.3333333333333333,0.3333333333333333,0.3333333333333333,0.3333333333333333,0.3333333333333333,0.3333333333333333,0.0,0.015873015873015872,0.015873015873015872,0.015873015873015872,0.015873015873015872,0.015873015873015872,0.018630115404308954,3.0
PLAIN-645,29,0.0,0.0,0.0,0.06625422345438904,0.04275831251503157,0.033598102841379755,0.033598102841379755,0.0,0.0,0.0,0.034482758620689655,0.034482758620689655,0.034482758620689655,0.034482758620689655,0.0,0.0,0.0,0.1,0.05,0.02,0.01,0.0,0.0,0.0,0.1111111111111111,0.1111111111111111,0.1111111111111111,0.1111111111111111,0.0,0.0,0.0,0.0038314176245210726,0.0038314176245210726,0.0038314176245210726,0.0038314176245210726,9.0
PLAIN-660,475,1.0,0.7039180890341347,0.7860137352654724,0.510069131458292,0.36261945428521714,0.32016628689271687,0.28283851083756045,0.002105263157894737,0.004210526315789474,0.008421052631578947,0.008421052631578947,0.010526315789473684,0.02736842105263158,0.05052631578947368,1.0,0.6666666666666666,0.8,0.4,0.25,0.26,0.24,1.0,1.0,1.0,1.0,1.0,1.0,1.0,0.002105263157894737,0.003508771929824561,0.006771929824561404,0.006771929824561404,0.0073567251461988305,0.012136996496533407,0.01834747056983063,1.0
PLAIN-671,1,0.0,0.0,0.0,0.0,0.2559580248098155,0.2559580248098155,0.2559580248098155,0.0,0.0,0.0,0.0,1.0,1.0,1.0,0.0,0.0,0.0,0.0,0.05,0.02,0.01,0.0,0.0,0.0,0.0,0.07142857142857142,0.07142857142857142,0.07142857142857142,0.0,0.0,0.0,0.0,0.07142857142857142,0.07142857142857142,0.07142857142857142,14.0
PLAIN-681,1,0.0,0.0,0.0,0.0,0.0,0.0,0.17219543379409813,0.0,0.0,0.0,0.0,0.0,0.0,1.0,0.0,0.0,0.0,0.0,0.0,0.0,0.01,0.0,0.0,0.0,0.0,0.0,0.0,0.01818181818181818,0.0,0.0,0.0,0.0,0.0,0.0,0.01818181818181818,55.0
PLAIN-691,21,0.0,0.0,0.0,0.0,0.0,0.0,0.0,0.0,0.0,0.0,0.0,0.0,0.0,0.0,0.0,0.0,0.0,0.0,0.0,0.0,0.0,0.0,0.0,0.0,0.0,0.0,0.0,0.0,0.0,0.0,0.0,0.0,0.0,0.0,0.0,
PLAIN-701,8,0.0,0.0,0.27727342735504823,0.36724566222618554,0.36724566222618554,0.36724566222618554,0.36724566222618554,0.0,0.0,0.25,0.5,0.5,0.5,0.5,0.0,0.0,0.4,0.4,0.2,0.08,0.04,0.0,0.0,0.25,0.25,0.25,0.25,0.25,0.0,0.0,0.08125,0.19037698412698412,0.19037698412698412,0.19037698412698412,0.19037698412698412,4.0
PLAIN-711,57,0.0,0.23463936301137822,0.16958010263680806,0.1100458831490401,0.10508299207281116,0.07147770762101378,0.077199971644728,0.0,0.017543859649122806,0.017543859649122806,0.017543859649122806,0.03508771929824561,0.05263157894736842,0.07017543859649122,0.0,0.3333333333333333,0.2,0.1,0.1,0.06,0.04,0.0,0.3333333333333333,0.3333333333333333,0.3333333333333333,0.3333333333333333,0.3333333333333333,0.3333333333333333,0.0,0.005847953216374269,0.005847953216374269,0.005847953216374269,0.007911936704506363,0.00910810895331019,0.010239970866156821,3.0
PLAIN-721,25,1.0,1.0,1.0,0.727329844310522,0.5396551156857471,0.5137162908530988,0.5349871562223867,0.04,0.12,0.2,0.24,0.32,0.4,0.44,1.0,1.0,1.0,0.6,0.4,0.2,0.11,1.0,1.0,1.0,1.0,1.0,1.0,1.0,0.04,0.12,0.2,0.24,0.2786666666666667,0.2986129032258064,0.30676105137395454,1.0
PLAIN-731,54,1.0,0.46927872602275644,0.3391602052736161,0.2837125544970319,0.22148345718592924,0.14978929539780236,0.1668218424138177,0.018518518518518517,0.018518518518518517,0.018518518518518517,0.037037037037037035,0.05555555555555555,0.09259259259259259,0.12962962962962962,1.0,0.3333333333333333,0.2,0.2,0.15,0.1,0.07,1.0,1.0,1.0,1.0,1.0,1.0,1.0,0.018518518518518517,0.018518518518518517,0.018518518518518517,0.022222222222222223,0.026851851851851852,0.030958230958230956,0.03490088328798006,1.0
PLAIN-741,19,0.0,0.0,0.0,0.0,0.039667414566743345,0.039667414566743345,0.06338163699460891,0.0,0.0,0.0,0.0,0.05263157894736842,0.05263157894736842,0.10526315789473684,0.0,0.0,0.0,0.0,0.05,0.02,0.02,0.0,0.0,0.0,0.0,0.08333333333333333,0.08333333333333333,0.08333333333333333,0.0,0.0,0.0,0.0,0.0043859649122807015,0.0043859649122807015,0.005847953216374269,12.0
PLAIN-751,7,0.0,0.0,0.0,0.0,0.0,0.0,0.0,0.0,0.0,0.0,0.0,0.0,0.0,0.0,0.0,0.0,0.0,0.0,0.0,0.0,0.0,0.0,0.0,0.0,0.0,0.0,0.0,0.0,0.0,0.0,0.0,0.0,0.0,0.0,0.0,
PLAIN-761,6,0.0,0.0,0.0,0.09546043308946733,0.09546043308946733,0.09546043308946733,0.09546043308946733,0.0,0.0,0.0,0.16666666666666666,0.16666666666666666,0.16666666666666666,0.16666666666666666,0.0,0.0,0.0,0.1,0.05,0.02,0.01,0.0,0.0,0.0,0.125,0.125,0.125,0.125,0.0,0.0,0.0,0.020833333333333332,0.020833333333333332,0.020833333333333332,0.020833333333333332,8.0
PLAIN-771,3,1.0,0.46927872602275644,0.46927872602275644,0.7737459235132745,0.7737459235132745,0.7737459235132745,0.7737459235132745,0.3333333333333333,0.3333333333333333,0.3333333333333333,1.0,1.0,1.0,1.0,1.0,0.3333333333333333,0.2,0.3,0.15,0.06,0.03,1.0,1.0,1.0,1.0,1.0,1.0,1.0,0.3333333333333333,0.3333333333333333,0.3333333333333333,0.5535714285714285,0.5535714285714285,0.5535714285714285,0.5535714285714285,1.0
PLAIN-782,2,0.0,0.0,0.0,0.0,0.0,0.0,0.0,0.0,0.0,0.0,0.0,0.0,0.0,0.0,0.0,0.0,0.0,0.0,0.0,0.0,0.0,0.0,0.0,0.0,0.0,0.0,0.0,0.0,0.0,0.0,0.0,0.0,0.0,0.0,0.0,
PLAIN-792,6,0.0,0.0,0.0,0.09546043308946733,0.09546043308946733,0.09546043308946733,0.19812902122224677,0.0,0.0,0.0,0.16666666666666666,0.16666666666666666,0.16666666666666666,0.5,0.0,0.0,0.0,0.1,0.05,0.02,0.03,0.0,0.0,0.0,0.125,0.125,0.125,0.125,0.0,0.0,0.0,0.020833333333333332,0.020833333333333332,0.020833333333333332,0.035055036041301384,8.0
PLAIN-806,96,1.0,1.0,1.0,0.7151857987862358,0.5333796921689751,0.30534866276773914,0.19366229718477995,0.010416666666666666,0.03125,0.052083333333333336,0.0625,0.08333333333333333,0.09375,0.09375,1.0,1.0,1.0,0.6,0.4,0.18,0.09,1.0,1.0,1.0,1.0,1.0,1.0,1.0,0.010416666666666666,0.03125,0.052083333333333336,0.05902777777777778,0.0697337962962963,0.07191402885443583,0.07191402885443583,1.0
PLAIN-817,1,0.0,0.0,0.0,0.0,0.0,0.0,0.0,0.0,0.0,0.0,0.0,0.0,0.0,0.0,0.0,0.0,0.0,0.0,0.0,0.0,0.0,0.0,0.0,0.0,0.0,0.0,0.0,0.0,0.0,0.0,0.0,0.0,0.0,0.0,0.0,
PLAIN-827,244,1.0,0.46927872602275644,0.48522855511632257,0.39327839964630634,0.2893190478947205,0.26760324491254617,0.2877648414966467,0.004098360655737705,0.004098360655737705,0.00819672131147541,0.012295081967213115,0.01639344262295082,0.045081967213114756,0.11065573770491803,1.0,0.3333333333333333,0.4,0.3,0.2,0.22,0.27,1.0,1.0,1.0,1.0,1.0,1.0,1.0,0.004098360655737705,0.004098360655737705,0.006147540983606557,0.00819672131147541,0.009289617486338797,0.01661821244035943,0.03343105652988306,1.0
PLAIN-838,9,1.0,0.7653606369886217,0.6992148198508501,0.5525147891152254,0.5525147891152254,0.5943772461148221,0.5943772461148221,0.1111111111111111,0.2222222222222222,0.3333333333333333,0.4444444444444444,0.4444444444444444,0.5555555555555556,0.5555555555555556,1.0,0.6666666666666666,0.6,0.4,0.2,0.1,0.05,1.0,1.0,1.0,1.0,1.0,1.0,1.0,0.1111111111111111,0.2222222222222222,0.3055555555555556,0.35,0.35,0.36157407407407405,0.36157407407407405,1.0
PLAIN-850,57,0.0,0.0,0.0,0.06943122193677728,0.04480864360167173,0.05696888642353446,0.06417806125804487,0.0,0.0,0.0,0.017543859649122806,0.017543859649122806,0.05263157894736842,0.07017543859649122,0.0,0.0,0.0,0.1,0.05,0.06,0.04,0.0,0.0,0.0,0.125,0.125,0.125,0.125,0.0,0.0,0.0,0.0021929824561403508,0.0021929824561403508,0.005432615629984052,0.006663763675536529,8.0
PLAIN-872,1,0.0,0.0,0.0,0.0,0.0,0.0,0.0,0.0,0.0,0.0,0.0,0.0,0.0,0.0,0.0,0.0,0.0,0.0,0.0,0.0,0.0,0.0,0.0,0.0,0.0,0.0,0.0,0.0,0.0,0.0,0.0,0.0,0.0,0.0,0.0,
PLAIN-882,15,0.0,0.5307212739772434,0.38356636737133565,0.24890832702259466,0.27560089638172186,0.27560089638172186,0.27560089638172186,0.0,0.13333333333333333,0.13333333333333333,0.13333333333333333,0.26666666666666666,0.26666666666666666,0.26666666666666666,0.0,0.6666666666666666,0.4,0.2,0.2,0.08,0.04,0.0,0.5,0.5,0.5,0.5,0.5,0.5,0.0,0.07777777777777777,0.07777777777777777,0.07777777777777777,0.1059640522875817,0.1059640522875817,0.1059640522875817,2.0
PLAIN-892,92,0.0,0.23463936301137822,0.16958010263680806,0.1100458831490401,0.17649312182939997,0.14235235050797274,0.11000079272597332,0.0,0.010869565217391304,0.010869565217391304,0.010869565217391304,0.043478260869565216,0.07608695652173914,0.09782608695652174,0.0,0.3333333333333333,0.2,0.1,0.2,0.14,0.09,0.0,0.3333333333333333,0.3333333333333333,0.3333333333333333,0.3333333333333333,0.3333333333333333,0.3333333333333333,0.0,0.003623188405797101,0.003623188405797101,0.003623188405797101,0.009646739130434782,0.015619187821728614,0.018569498380734822,3.0
PLAIN-902,4,1.0,0.7653606369886217,0.6366824387328317,0.6366824387328317,0.6366824387328317,0.6366824387328317,0.6366824387328317,0.25,0.5,0.5,0.5,0.5,0.5,0.5,1.0,0.6666666666666666,0.4,0.2,0.1,0.04,0.02,1.0,1.0,1.0,1.0,1.0,1.0,1.0,0.25,0.5,0.5,0.5,0.5,0.5,0.5,1.0
PLAIN-913,34,0.0,0.0,0.0,0.0,0.0,0.04020452392022151,0.08787998315023271,0.0,0.0,0.0,0.0,0.0,0.058823529411764705,0.14705882352941177,0.0,0.0,0.0,0.0,0.0,0.04,0.05,0.0,0.0,0.0,0.0,0.0,0.03333333333333333,0.03333333333333333,0.0,0.0,0.0,0.0,0.0,0.002818627450980392,0.007150042267746965,30.0
PLAIN-924,32,0.0,0.0,0.0,0.0,0.0,0.020736775839246036,0.037057276670013246,0.0,0.0,0.0,0.0,0.0,0.03125,0.0625,0.0,0.0,0.0,0.0,0.0,0.02,0.02,0.0,0.0,0.0,0.0,0.0,0.03125,0.03125,0.0,0.0,0.0,0.0,0.0,0.0009765625,0.001720610119047619,32.0
PLAIN-934,101,0.0,0.0,0.14606834984270645,0.3101713436465379,0.23653074560596257,0.22142861730878882,0.17524071752163858,0.0,0.0,0.009900990099009901,0.039603960396039604,0.04950495049504951,0.10891089108910891,0.15841584158415842,0.0,0.0,0.2,0.4,0.25,0.22,0.16,0.0,0.0,0.25,0.25,0.25,0.25,0.25,0.0,0.0,0.0024752475247524753,0.013979255068363977,0.017515322960867514,0.032718612500241044,0.04255780533361211,4.0
PLAIN-946,31,0.0,0.0,0.0,0.06625422345438904,0.07750848521390015,0.08129169778241382,0.08129169778241382,0.0,0.0,0.0,0.03225806451612903,0.06451612903225806,0.0967741935483871,0.0967741935483871,0.0,0.0,0.0,0.1,0.1,0.06,0.03,0.0,0.0,0.0,0.1111111111111111,0.1111111111111111,0.1111111111111111,0.1111111111111111,0.0,0.0,0.0,0.0035842293906810036,0.0076164874551971325,0.011648745519713262,0.011648745519713262,9.0
PLAIN-956,206,0.0,0.0,0.0,0.0,0.10530378928166664,0.2668588380079358,0.24122341822827242,0.0,0.0,0.0,0.0,0.014563106796116505,0.0825242718446602,0.13106796116504854,0.0,0.0,0.0,0.0,0.15,0.34,0.27,0.0,0.0,0.0,0.0,0.07142857142857142,0.07142857142857142,0.07142857142857142,0.0,0.0,0.0,0.0,0.0018030513176144245,0.02026607151688667,0.03498034768511109,14.0
PLAIN-966,3,0.0,0.0,0.0,0.0,0.0,0.0,0.0,0.0,0.0,0.0,0.0,0.0,0.0,0.0,0.0,0.0,0.0,0.0,0.0,0.0,0.0,0.0,0.0,0.0,0.0,0.0,0.0,0.0,0.0,0.0,0.0,0.0,0.0,0.0,0.0,
PLAIN-977,3,0.0,0.0,0.0,0.0,0.10684080426179023,0.19761170053046653,0.19761170053046653,0.0,0.0,0.0,0.0,0.3333333333333333,0.6666666666666666,0.6666666666666666,0.0,0.0,0.0,0.0,0.05,0.04,0.02,0.0,0.0,0.0,0.0,0.05,0.05,0.05,0.0,0.0,0.0,0.0,0.016666666666666666,0.03571428571428572,0.03571428571428572,20.0
PLAIN-987,3,0.0,0.0,0.0,0.0,0.0,0.09224219235917257,0.09224219235917257,0.0,0.0,0.0,0.0,0.0,0.3333333333333333,0.3333333333333333,0.0,0.0,0.0,0.0,0.0,0.02,0.01,0.0,0.0,0.0,0.0,0.0,0.030303030303030304,0.030303030303030304,0.0,0.0,0.0,0.0,0.0,0.010101010101010102,0.010101010101010102,33.0
PLAIN-997,2,0.0,0.0,0.0,0.0,0.0,0.0,0.0,0.0,0.0,0.0,0.0,0.0,0.0,0.0,0.0,0.0,0.0,0.0,0.0,0.0,0.0,0.0,0.0,0.0,0.0,0.0,0.0,0.0,0.0,0.0,0.0,0.0,0.0,0.0,0.0,
PLAIN-1008,5,0.0,0.0,0.0,0.0,0.0,0.0,0.0,0.0,0.0,0.0,0.0,0.0,0.0,0.0,0.0,0.0,0.0,0.0,0.0,0.0,0.0,0.0,0.0,0.0,0.0,0.0,0.0,0.0,0.0,0.0,0.0,0.0,0.0,0.0,0.0,
PLAIN-1018,60,1.0,0.46927872602275644,0.3391602052736161,0.2837125544970319,0.18309881902054634,0.09994507221654898,0.1094200502967563,0.016666666666666666,0.016666666666666666,0.016666666666666666,0.03333333333333333,0.03333333333333333,0.03333333333333333,0.06666666666666667,1.0,0.3333333333333333,0.2,0.2,0.1,0.04,0.04,1.0,1.0,1.0,1.0,1.0,1.0,1.0,0.016666666666666666,0.016666666666666666,0.016666666666666666,0.02,0.02,0.02,0.0213418458781362,1.0
PLAIN-1028,1,0.0,0.0,0.0,0.0,0.0,0.0,0.0,0.0,0.0,0.0,0.0,0.0,0.0,0.0,0.0,0.0,0.0,0.0,0.0,0.0,0.0,0.0,0.0,0.0,0.0,0.0,0.0,0.0,0.0,0.0,0.0,0.0,0.0,0.0,0.0,
PLAIN-1039,2,1.0,0.6131471927654584,0.6131471927654584,0.6131471927654584,0.7574875071481796,0.7574875071481796,0.7574875071481796,0.5,0.5,0.5,0.5,1.0,1.0,1.0,1.0,0.3333333333333333,0.2,0.1,0.1,0.04,0.02,1.0,1.0,1.0,1.0,1.0,1.0,1.0,0.5,0.5,0.5,0.5,0.5555555555555556,0.5555555555555556,0.5555555555555556,1.0
PLAIN-1050,94,0.0,0.0,0.0,0.0,0.0,0.0,0.0,0.0,0.0,0.0,0.0,0.0,0.0,0.0,0.0,0.0,0.0,0.0,0.0,0.0,0.0,0.0,0.0,0.0,0.0,0.0,0.0,0.0,0.0,0.0,0.0,0.0,0.0,0.0,0.0,
PLAIN-1066,9,0.0,0.0,0.0,0.0,0.0,0.0,0.0,0.0,0.0,0.0,0.0,0.0,0.0,0.0,0.0,0.0,0.0,0.0,0.0,0.0,0.0,0.0,0.0,0.0,0.0,0.0,0.0,0.0,0.0,0.0,0.0,0.0,0.0,0.0,0.0,
PLAIN-1088,5,0.0,0.2960819109658652,0.21398626473452756,0.21398626473452756,0.3056402926628605,0.3056402926628605,0.3056402926628605,0.0,0.2,0.2,0.2,0.4,0.4,0.4,0.0,0.3333333333333333,0.2,0.1,0.1,0.04,0.02,0.0,0.5,0.5,0.5,0.5,0.5,0.5,0.0,0.1,0.1,0.1,0.13333333333333333,0.13333333333333333,0.13333333333333333,2.0
PLAIN-1098,5,0.0,0.0,0.0,0.0,0.0,0.0,0.0,0.0,0.0,0.0,0.0,0.0,0.0,0.0,0.0,0.0,0.0,0.0,0.0,0.0,0.0,0.0,0.0,0.0,0.0,0.0,0.0,0.0,0.0,0.0,0.0,0.0,0.0,0.0,0.0,
PLAIN-1109,98,1.0,0.7039180890341347,0.639945385422766,0.4152807670887413,0.26800864752247183,0.19404673333612935,0.14555296734970538,0.01020408163265306,0.02040816326530612,0.030612244897959183,0.030612244897959183,0.030612244897959183,0.061224489795918366,0.09183673469387756,1.0,0.6666666666666666,0.6,0.3,0.15,0.12,0.09,1.0,1.0,1.0,1.0,1.0,1.0,1.0,0.01020408163265306,0.017006802721088433,0.02312925170068027,0.02312925170068027,0.02312925170068027,0.028416545189504372,0.0323082188180201,1.0
PLAIN-1119,11,0.0,0.0,0.0,0.0,0.0,0.0,0.0,0.0,0.0,0.0,0.0,0.0,0.0,0.0,0.0,0.0,0.0,0.0,0.0,0.0,0.0,0.0,0.0,0.0,0.0,0.0,0.0,0.0,0.0,0.0,0.0,0.0,0.0,0.0,0.0,
PLAIN-1130,1,1.0,1.0,1.0,1.0,1.0,1.0,1.0,1.0,1.0,1.0,1.0,1.0,1.0,1.0,1.0,0.3333333333333333,0.2,0.1,0.05,0.02,0.01,1.0,1.0,1.0,1.0,1.0,1.0,1.0,1.0,1.0,1.0,1.0,1.0,1.0,1.0,1.0
PLAIN-1141,16,0.0,0.0,0.0,0.06943122193677728,0.051664748150907255,0.08098873677851831,0.1356988747357945,0.0,0.0,0.0,0.0625,0.0625,0.125,0.25,0.0,0.0,0.0,0.1,0.05,0.04,0.04,0.0,0.0,0.0,0.125,0.125,0.125,0.125,0.0,0.0,0.0,0.0078125,0.0078125,0.010472074468085107,0.017353673261448606,8.0
PLAIN-1151,153,0.0,0.23463936301137822,0.30078518014914984,0.27358726976933645,0.21000178224814503,0.18899261681818263,0.16214857664168314,0.0,0.006535947712418301,0.013071895424836602,0.0196078431372549,0.026143790849673203,0.058823529411764705,0.09803921568627451,0.0,0.3333333333333333,0.4,0.3,0.2,0.18,0.15,0.0,0.3333333333333333,0.3333333333333333,0.3333333333333333,0.3333333333333333,0.3333333333333333,0.3333333333333333,0.0,0.0021786492374727667,0.004793028322440087,0.008061002178649237,0.009513435003631084,0.015715793282558118,0.02206657387751914,3.0
PLAIN-1161,1,0.0,0.0,0.0,0.0,0.0,0.0,0.0,0.0,0.0,0.0,0.0,0.0,0.0,0.0,0.0,0.0,0.0,0.0,0.0,0.0,0.0,0.0,0.0,0.0,0.0,0.0,0.0,0.0,0.0,0.0,0.0,0.0,0.0,0.0,0.0,
PLAIN-1172,19,0.0,0.0,0.0,0.0,0.03455493906480356,0.03455493906480356,0.03455493906480356,0.0,0.0,0.0,0.0,0.05263157894736842,0.05263157894736842,0.05263157894736842,0.0,0.0,0.0,0.0,0.05,0.02,0.01,0.0,0.0,0.0,0.0,0.05555555555555555,0.05555555555555555,0.05555555555555555,0.0,0.0,0.0,0.0,0.0029239766081871343,0.0029239766081871343,0.0029239766081871343,18.0
PLAIN-1183,25,0.0,0.0,0.0,0.07839826897867534,0.05059568297461705,0.06675790076950244,0.08784085001407475,0.0,0.0,0.0,0.04,0.04,0.08,0.12,0.0,0.0,0.0,0.1,0.05,0.04,0.03,0.0,0.0,0.0,0.16666666666666666,0.16666666666666666,0.16666666666666666,0.16666666666666666,0.0,0.0,0.0,0.006666666666666666,0.006666666666666666,0.008666666666666666,0.010809523809523809,6.0
PLAIN-1193,18,0.0,0.0,0.0,0.0,0.03889218532712663,0.03889218532712663,0.08557035133208264,0.0,0.0,0.0,0.0,0.05555555555555555,0.05555555555555555,0.16666666666666666,0.0,0.0,0.0,0.0,0.05,0.02,0.03,0.0,0.0,0.0,0.0,0.07142857142857142,0.07142857142857142,0.07142857142857142,0.0,0.0,0.0,0.0,0.003968253968253968,0.003968253968253968,0.007009218349424535,14.0
PLAIN-1203,12,0.0,0.0,0.13120507751234178,0.08514311764162101,0.07596161868673497,0.07596161868673497,0.07596161868673497,0.0,0.0,0.08333333333333333,0.08333333333333333,0.08333333333333333,0.08333333333333333,0.08333333333333333,0.0,0.0,0.2,0.1,0.05,0.02,0.01,0.0,0.0,0.2,0.2,0.2,0.2,0.2,0.0,0.0,0.016666666666666666,0.016666666666666666,0.016666666666666666,0.016666666666666666,0.016666666666666666,5.0
PLAIN-1214,17,0.0,0.0,0.0,0.0,0.038553077275688505,0.06858098264910438,0.06858098264910438,0.0,0.0,0.0,0.0,0.058823529411764705,0.11764705882352941,0.11764705882352941,0.0,0.0,0.0,0.0,0.05,0.04,0.02,0.0,0.0,0.0,0.0,0.0625,0.0625,0.0625,0.0,0.0,0.0,0.0,0.003676470588235294,0.006856120826709063,0.006856120826709063,16.0
PLAIN-1225,27,1.0,0.46927872602275644,0.48522855511632257,0.38824405276699103,0.2889446730549578,0.3302537306849521,0.3302537306849521,0.037037037037037035,0.037037037037037035,0.07407407407407407,0.1111111111111111,0.14814814814814814,0.2962962962962963,0.2962962962962963,1.0,0.3333333333333333,0.4,0.3,0.2,0.16,0.08,1.0,1.0,1.0,1.0,1.0,1.0,1.0,0.037037037037037035,0.037037037037037035,0.05555555555555555,0.07142857142857142,0.0837742504409171,0.11271019333962597,0.11271019333962597,1.0
PLAIN-1236,5,0.0,0.0,0.0,0.0,0.0,0.0,0.0,0.0,0.0,0.0,0.0,0.0,0.0,0.0,0.0,0.0,0.0,0.0,0.0,0.0,0.0,0.0,0.0,0.0,0.0,0.0,0.0,0.0,0.0,0.0,0.0,0.0,0.0,0.0,0.0,
PLAIN-1249,4,0.0,0.0,0.0,0.0,0.0,0.0,0.0,0.0,0.0,0.0,0.0,0.0,0.0,0.0,0.0,0.0,0.0,0.0,0.0,0.0,0.0,0.0,0.0,0.0,0.0,0.0,0.0,0.0,0.0,0.0,0.0,0.0,0.0,0.0,0.0,
PLAIN-1262,10,0.0,0.0,0.0,0.07839826897867534,0.07839826897867534,0.07839826897867534,0.07839826897867534,0.0,0.0,0.0,0.1,0.1,0.1,0.1,0.0,0.0,0.0,0.1,0.05,0.02,0.01,0.0,0.0,0.0,0.16666666666666666,0.16666666666666666,0.16666666666666666,0.16666666666666666,0.0,0.0,0.0,0.016666666666666666,0.016666666666666666,0.016666666666666666,0.016666666666666666,6.0
PLAIN-1275,55,1.0,0.46927872602275644,0.3391602052736161,0.2200917662980802,0.17547753101837077,0.11269524954116292,0.16108010733365904,0.01818181818181818,0.01818181818181818,0.01818181818181818,0.01818181818181818,0.03636363636363636,0.05454545454545454,0.14545454545454545,1.0,0.3333333333333333,0.2,0.1,0.1,0.06,0.08,1.0,1.0,1.0,1.0,1.0,1.0,1.0,0.01818181818181818,0.01818181818181818,0.01818181818181818,0.01818181818181818,0.020202020202020204,0.022573561703996485,0.028400854575065634,1.0
PLAIN-1288,196,1.0,0.46927872602275644,0.3391602052736161,0.3597099118518293,0.2644833231748944,0.1763239539218916,0.13954912370850422,0.00510204081632653,0.00510204081632653,0.00510204081632653,0.015306122448979591,0.02040816326530612,0.030612244897959183,0.05102040816326531,1.0,0.3333333333333333,0.2,0.3,0.2,0.12,0.1,1.0,1.0,1.0,1.0,1.0,1.0,1.0,0.00510204081632653,0.00510204081632653,0.00510204081632653,0.00826044703595724,0.009280855199222546,0.011280556178515361,0.013691426084926966,1.0
PLAIN-1299,61,0.0,0.0,0.0,0.0,0.0,0.013958370111874474,0.023723130611539956,0.0,0.0,0.0,0.0,0.0,0.01639344262295082,0.03278688524590164,0.0,0.0,0.0,0.0,0.0,0.02,0.02,0.0,0.0,0.0,0.0,0.0,0.021739130434782608,0.021739130434782608,0.0,0.0,0.0,0.0,0.0,0.00035637918745545257,0.0009315877005414462,46.0
PLAIN-1309,4,0.0,0.0,0.0,0.0,0.0,0.0,0.0,0.0,0.0,0.0,0.0,0.0,0.0,0.0,0.0,0.0,0.0,0.0,0.0,0.0,0.0,0.0,0.0,0.0,0.0,0.0,0.0,0.0,0.0,0.0,0.0,0.0,0.0,0.0,0.0,
PLAIN-1320,6,0.0,0.0,0.0,0.0,0.0,0.06228974831361337,0.11351846308340838,0.0,0.0,0.0,0.0,0.0,0.16666666666666666,0.3333333333333333,0.0,0.0,0.0,0.0,0.0,0.02,0.02,0.0,0.0,0.0,0.0,0.0,0.03571428571428571,0.03571428571428571,0.0,0.0,0.0,0.0,0.0,0.005952380952380952,0.011602098466505248,28.0
PLAIN-1331,1,0.0,0.0,0.0,0.0,0.0,0.0,0.0,0.0,0.0,0.0,0.0,0.0,0.0,0.0,0.0,0.0,0.0,0.0,0.0,0.0,0.0,0.0,0.0,0.0,0.0,0.0,0.0,0.0,0.0,0.0,0.0,0.0,0.0,0.0,0.0,
PLAIN-1342,16,1.0,0.46927872602275644,0.48522855511632257,0.314880130667631,0.23430673110551667,0.2984273907410073,0.2984273907410073,0.0625,0.0625,0.125,0.125,0.125,0.25,0.25,1.0,0.3333333333333333,0.4,0.2,0.1,0.08,0.04,1.0,1.0,1.0,1.0,1.0,1.0,1.0,0.0625,0.0625,0.09375,0.09375,0.09375,0.10678475935828877,0.10678475935828877,1.0
PLAIN-1353,4,0.0,0.0,0.0,0.0,0.0,0.0,0.0,0.0,0.0,0.0,0.0,0.0,0.0,0.0,0.0,0.0,0.0,0.0,0.0,0.0,0.0,0.0,0.0,0.0,0.0,0.0,0.0,0.0,0.0,0.0,0.0,0.0,0.0,0.0,0.0,
PLAIN-1363,11,0.0,0.0,0.0,0.0,0.0,0.0,0.0,0.0,0.0,0.0,0.0,0.0,0.0,0.0,0.0,0.0,0.0,0.0,0.0,0.0,0.0,0.0,0.0,0.0,0.0,0.0,0.0,0.0,0.0,0.0,0.0,0.0,0.0,0.0,0.0,
PLAIN-1374,26,0.0,0.0,0.0,0.13698471029831177,0.0884054592647748,0.09619062886940948,0.09619062886940948,0.0,0.0,0.0,0.07692307692307693,0.07692307692307693,0.11538461538461539,0.11538461538461539,0.0,0.0,0.0,0.2,0.1,0.06,0.03,0.0,0.0,0.0,0.14285714285714285,0.14285714285714285,0.14285714285714285,0.14285714285714285,0.0,0.0,0.0,0.013186813186813187,0.013186813186813187,0.015695174390826565,0.015695174390826565,7.0
PLAIN-1387,12,0.0,0.2960819109658652,0.21398626473452756,0.13886244387355456,0.12388806404564569,0.1672958779999495,0.1979318522689203,0.0,0.08333333333333333,0.08333333333333333,0.08333333333333333,0.08333333333333333,0.16666666666666666,0.25,0.0,0.3333333333333333,0.2,0.1,0.05,0.04,0.03,0.0,0.5,0.5,0.5,0.5,0.5,0.5,0.0,0.041666666666666664,0.041666666666666664,0.041666666666666664,0.041666666666666664,0.04924242424242425,0.05221861471861472,2.0
PLAIN-1398,103,1.0,0.46927872602275644,0.6164336326286644,0.46945447024602927,0.4820346677025338,0.34116826038504877,0.30392220057714453,0.009708737864077669,0.009708737864077669,0.02912621359223301,0.038834951456310676,0.08737864077669903,0.13592233009708737,0.2524271844660194,1.0,0.3333333333333333,0.6,0.4,0.45,0.28,0.26,1.0,1.0,1.0,1.0,1.0,1.0,1.0,0.009708737864077669,0.009708737864077669,0.020388349514563107,0.025242718446601944,0.04797394686029751,0.0669908125665808,0.10128896906511042,1.0
PLAIN-1409,253,1.0,0.46927872602275644,0.3391602052736161,0.2863459897524693,0.2203083620571032,0.19572467390861656,0.2045015226257064,0.003952569169960474,0.003952569169960474,0.003952569169960474,0.007905138339920948,0.011857707509881422,0.03162055335968379,0.07509881422924901,1.0,0.3333333333333333,0.2,0.2,0.15,0.16,0.19,1.0,1.0,1.0,1.0,1.0,1.0,1.0,0.003952569169960474,0.003952569169960474,0.003952569169960474,0.004830917874396136,0.0056214317083882305,0.00893543549498181,0.01673841342717401,1.0
PLAIN-1419,65,0.0,0.0,0.0,0.0,0.0,0.06442437852629739,0.11614903492302446,0.0,0.0,0.0,0.0,0.0,0.06153846153846154,0.15384615384615385,0.0,0.0,0.0,0.0,0.0,0.08,0.1,0.0,0.0,0.0,0.0,0.0,0.045454545454545456,0.045454545454545456,0.0,0.0,0.0,0.0,0.0,0.0053624750398943944,0.014390932439737757,22.0
PLAIN-1429,6,0.0,0.0,0.0,0.0,0.0,0.0,0.0,0.0,0.0,0.0,0.0,0.0,0.0,0.0,0.0,0.0,0.0,0.0,0.0,0.0,0.0,0.0,0.0,0.0,0.0,0.0,0.0,0.0,0.0,0.0,0.0,0.0,0.0,0.0,0.0,
PLAIN-1441,186,0.0,0.23463936301137822,0.16958010263680806,0.1100458831490401,0.17704235027694656,0.15450055188348102,0.12638022829971,0.0,0.005376344086021506,0.005376344086021506,0.005376344086021506,0.021505376344086023,0.043010752688172046,0.06451612903225806,0.0,0.3333333333333333,0.2,0.1,0.2,0.16,0.12,0.0,0.3333333333333333,0.3333333333333333,0.3333333333333333,0.3333333333333333,0.3333333333333333,0.3333333333333333,0.0,0.0017921146953405018,0.0017921146953405018,0.0017921146953405018,0.004793667222509727,0.00820349187583074,0.011468455346771723,3.0
PLAIN-1453,245,0.0,0.0,0.0,0.0,0.03233829114831981,0.08187583550651388,0.08926190567266788,0.0,0.0,0.0,0.0,0.004081632653061225,0.02040816326530612,0.04081632653061224,0.0,0.0,0.0,0.0,0.05,0.1,0.1,0.0,0.0,0.0,0.0,0.05,0.05,0.05,0.0,0.0,0.0,0.0,0.00020408163265306123,0.0021640626946749396,0.004434270530042397,20.0
PLAIN-1463,24,0.0,0.0,0.0,0.06625422345438904,0.07619580389974506,0.06774057174402985,0.06774057174402985,0.0,0.0,0.0,0.041666666666666664,0.08333333333333333,0.08333333333333333,0.08333333333333333,0.0,0.0,0.0,0.1,0.1,0.04,0.02,0.0,0.0,0.0,0.1111111111111111,0.1111111111111111,0.1111111111111111,0.1111111111111111,0.0,0.0,0.0,0.004629629629629629,0.009259259259259259,0.009259259259259259,0.009259259259259259,9.0
PLAIN-1473,1,0.0,0.0,0.0,0.0,0.0,0.0,0.0,0.0,0.0,0.0,0.0,0.0,0.0,0.0,0.0,0.0,0.0,0.0,0.0,0.0,0.0,0.0,0.0,0.0,0.0,0.0,0.0,0.0,0.0,0.0,0.0,0.0,0.0,0.0,0.0,
PLAIN-1485,54,0.0,0.0,0.0,0.0,0.0,0.015959923904348715,0.02687990636637077,0.0,0.0,0.0,0.0,0.0,0.018518518518518517,0.037037037037037035,0.0,0.0,0.0,0.0,0.0,0.02,0.02,0.0,0.0,0.0,0.0,0.0,0.03571428571428571,0.03571428571428571,0.0,0.0,0.0,0.0,0.0,0.0006613756613756613,0.001148705096073517,28.0
PLAIN-1496,1,0.0,0.0,0.0,0.0,0.0,0.0,0.0,0.0,0.0,0.0,0.0,0.0,0.0,0.0,0.0,0.0,0.0,0.0,0.0,0.0,0.0,0.0,0.0,0.0,0.0,0.0,0.0,0.0,0.0,0.0,0.0,0.0,0.0,0.0,0.0,
PLAIN-1506,15,0.0,0.0,0.0,0.07839826897867534,0.06077222973772036,0.06077222973772036,0.06077222973772036,0.0,0.0,0.0,0.06666666666666667,0.06666666666666667,0.06666666666666667,0.06666666666666667,0.0,0.0,0.0,0.1,0.05,0.02,0.01,0.0,0.0,0.0,0.16666666666666666,0.16666666666666666,0.16666666666666666,0.16666666666666666,0.0,0.0,0.0,0.01111111111111111,0.01111111111111111,0.01111111111111111,0.01111111111111111,6.0
PLAIN-1516,2,0.0,0.0,0.0,0.0,0.0,0.11600766930798434,0.2160433816531896,0.0,0.0,0.0,0.0,0.0,0.5,1.0,0.0,0.0,0.0,0.0,0.0,0.02,0.02,0.0,0.0,0.0,0.0,0.0,0.02631578947368421,0.02631578947368421,0.0,0.0,0.0,0.0,0.0,0.013157894736842105,0.027650648360030512,38.0
PLAIN-1527,202,0.0,0.2960819109658652,0.34519134224686937,0.36865805394823997,0.31592557598617643,0.23720219737680334,0.21508862674609258,0.0,0.0049504950495049506,0.009900990099009901,0.019801980198019802,0.0297029702970297,0.04950495049504951,0.09405940594059406,0.0,0.3333333333333333,0.4,0.4,0.3,0.2,0.19,0.0,0.5,0.5,0.5,0.5,0.5,0.5,0.0,0.0024752475247524753,0.004455445544554456,0.00913091309130913,0.013856385638563855,0.020088066819859023,0.02888918136624182,2.0
PLAIN-1537,45,1.0,0.46927872602275644,0.6164336326286644,0.47842151728792737,0.30875762605829205,0.1966873116444992,0.2504549970652366,0.022222222222222223,0.022222222222222223,0.06666666666666667,0.08888888888888889,0.08888888888888889,0.1111111111111111,0.2,1.0,0.3333333333333333,0.6,0.4,0.2,0.1,0.09,1.0,1.0,1.0,1.0,1.0,1.0,1.0,0.022222222222222223,0.022222222222222223,0.04666666666666667,0.06148148148148148,0.06148148148148148,0.06433048433048433,0.07338779442154969,1.0
PLAIN-1547,6,0.0,0.0,0.0,0.0,0.0,0.0,0.0,0.0,0.0,0.0,0.0,0.0,0.0,0.0,0.0,0.0,0.0,0.0,0.0,0.0,0.0,0.0,0.0,0.0,0.0,0.0,0.0,0.0,0.0,0.0,0.0,0.0,0.0,0.0,0.0,
PLAIN-1557,26,0.0,0.0,0.0,0.0,0.0,0.0,0.0,0.0,0.0,0.0,0.0,0.0,0.0,0.0,0.0,0.0,0.0,0.0,0.0,0.0,0.0,0.0,0.0,0.0,0.0,0.0,0.0,0.0,0.0,0.0,0.0,0.0,0.0,0.0,0.0,
PLAIN-1568,2,1.0,0.6131471927654584,0.6131471927654584,0.8315546295836225,0.8315546295836225,0.8315546295836225,0.8315546295836225,0.5,0.5,0.5,1.0,1.0,1.0,1.0,1.0,0.3333333333333333,0.2,0.2,0.1,0.04,0.02,1.0,1.0,1.0,1.0,1.0,1.0,1.0,0.5,0.5,0.5,0.6666666666666666,0.6666666666666666,0.6666666666666666,0.6666666666666666,1.0
PLAIN-1579,5,0.0,0.0,0.0,0.0,0.0,0.0,0.0,0.0,0.0,0.0,0.0,0.0,0.0,0.0,0.0,0.0,0.0,0.0,0.0,0.0,0.0,0.0,0.0,0.0,0.0,0.0,0.0,0.0,0.0,0.0,0.0,0.0,0.0,0.0,0.0,
PLAIN-1590,18,0.0,0.2960819109658652,0.21398626473452756,0.13886244387355456,0.09586820699422144,0.09586820699422144,0.09586820699422144,0.0,0.05555555555555555,0.05555555555555555,0.05555555555555555,0.05555555555555555,0.05555555555555555,0.05555555555555555,0.0,0.3333333333333333,0.2,0.1,0.05,0.02,0.01,0.0,0.5,0.5,0.5,0.5,0.5,0.5,0.0,0.027777777777777776,0.027777777777777776,0.027777777777777776,0.027777777777777776,0.027777777777777776,0.027777777777777776,2.0
PLAIN-1601,74,0.0,0.0,0.14606834984270645,0.09478836436955079,0.09752960336657068,0.08412682498382279,0.09214461421878443,0.0,0.0,0.013513513513513514,0.013513513513513514,0.02702702702702703,0.05405405405405406,0.0945945945945946,0.0,0.0,0.2,0.1,0.1,0.08,0.07,0.0,0.0,0.25,0.25,0.25,0.25,0.25,0.0,0.0,0.0033783783783783786,0.0033783783783783786,0.005308880308880309,0.008298233298233298,0.01132757548365534,4.0
PLAIN-1611,6,0.0,0.0,0.0,0.0,0.0,0.0,0.0,0.0,0.0,0.0,0.0,0.0,0.0,0.0,0.0,0.0,0.0,0.0,0.0,0.0,0.0,0.0,0.0,0.0,0.0,0.0,0.0,0.0,0.0,0.0,0.0,0.0,0.0,0.0,0.0,
PLAIN-1621,4,0.0,0.0,0.0,0.0,0.0,0.0,0.0,0.0,0.0,0.0,0.0,0.0,0.0,0.0,0.0,0.0,0.0,0.0,0.0,0.0,0.0,0.0,0.0,0.0,0.0,0.0,0.0,0.0,0.0,0.0,0.0,0.0,0.0,0.0,0.0,
PLAIN-1635,431,1.0,1.0,1.0,0.9337457765456111,0.8561890528338093,0.6634324934296078,0.49320662055017195,0.002320185614849188,0.0069605568445475635,0.01160092807424594,0.02088167053364269,0.037122969837587005,0.06728538283062645,0.09280742459396751,1.0,1.0,1.0,0.9,0.8,0.58,0.4,1.0,1.0,1.0,1.0,1.0,1.0,1.0,0.002320185614849188,0.0069605568445475635,0.01160092807424594,0.020649651972157772,0.035250793971962256,0.05497846111855207,0.0670981542107541,1.0
PLAIN-1645,6,0.0,0.0,0.0,0.09109240322345806,0.09109240322345806,0.09109240322345806,0.09109240322345806,0.0,0.0,0.0,0.16666666666666666,0.16666666666666666,0.16666666666666666,0.16666666666666666,0.0,0.0,0.0,0.1,0.05,0.02,0.01,0.0,0.0,0.0,0.1111111111111111,0.1111111111111111,0.1111111111111111,0.1111111111111111,0.0,0.0,0.0,0.018518518518518517,0.018518518518518517,0.018518518518518517,0.018518518518518517,9.0
PLAIN-1656,28,0.0,0.0,0.0,0.0,0.03233829114831981,0.05059521698019245,0.08806132364944665,0.0,0.0,0.0,0.0,0.03571428571428571,0.07142857142857142,0.14285714285714285,0.0,0.0,0.0,0.0,0.05,0.04,0.04,0.0,0.0,0.0,0.0,0.05,0.05,0.05,0.0,0.0,0.0,0.0,0.0017857142857142859,0.0047619047619047615,0.008451072736787022,20.0
PLAIN-1667,159,0.0,0.5307212739772434,0.38356636737133565,0.38589303732090646,0.3159707091085064,0.2643905099910915,0.19344962883279312,0.0,0.012578616352201259,0.012578616352201259,0.025157232704402517,0.03773584905660377,0.07547169811320754,0.10062893081761007,0.0,0.6666666666666666,0.4,0.4,0.3,0.24,0.16,0.0,0.5,0.5,0.5,0.5,0.5,0.5,0.0,0.007337526205450732,0.007337526205450732,0.012548667265648399,0.016384561106799554,0.02710636759952003,0.03195741605294722,2.0
PLAIN-1679,1,0.0,0.0,0.0,0.0,0.0,0.0,0.0,0.0,0.0,0.0,0.0,0.0,0.0,0.0,0.0,0.0,0.0,0.0,0.0,0.0,0.0,0.0,0.0,0.0,0.0,0.0,0.0,0.0,0.0,0.0,0.0,0.0,0.0,0.0,0.0,
PLAIN-1690,4,0.0,0.0,0.0,0.0,0.0,0.0,0.0,0.0,0.0,0.0,0.0,0.0,0.0,0.0,0.0,0.0,0.0,0.0,0.0,0.0,0.0,0.0,0.0,0.0,0.0,0.0,0.0,0.0,0.0,0.0,0.0,0.0,0.0,0.0,0.0,
PLAIN-1700,5,0.0,0.0,0.0,0.0,0.0,0.0,0.0,0.0,0.0,0.0,0.0,0.0,0.0,0.0,0.0,0.0,0.0,0.0,0.0,0.0,0.0,0.0,0.0,0.0,0.0,0.0,0.0,0.0,0.0,0.0,0.0,0.0,0.0,0.0,0.0,
PLAIN-1710,16,1.0,1.0,1.0,1.0,0.8708080735542933,0.8708080735542933,0.8708080735542933,0.0625,0.1875,0.3125,0.625,0.8125,0.8125,0.8125,1.0,1.0,1.0,1.0,0.65,0.26,0.13,1.0,1.0,1.0,1.0,1.0,1.0,1.0,0.0625,0.1875,0.3125,0.625,0.78828125,0.78828125,0.78828125,1.0
PLAIN-1721,31,1.0,0.46927872602275644,0.3391602052736161,0.2200917662980802,0.27715564654079883,0.2493468547007022,0.24934685470070217,0.03225806451612903,0.03225806451612903,0.03225806451612903,0.03225806451612903,0.16129032258064516,0.22580645161290322,0.22580645161290322,1.0,0.3333333333333333,0.2,0.1,0.25,0.14,0.07,1.0,1.0,1.0,1.0,1.0,1.0,1.0,0.03225806451612903,0.03225806451612903,0.03225806451612903,0.03225806451612903,0.05764034532885027,0.06916108265603921,0.06916108265603921,1.0
PLAIN-1731,3,1.0,0.46927872602275644,0.46927872602275644,0.6257049680303419,0.6257049680303419,0.6257049680303419,0.6257049680303419,0.3333333333333333,0.3333333333333333,0.3333333333333333,0.6666666666666666,0.6666666666666666,0.6666666666666666,0.6666666666666666,1.0,0.3333333333333333,0.2,0.2,0.1,0.04,0.02,1.0,1.0,1.0,1.0,1.0,1.0,1.0,0.3333333333333333,0.3333333333333333,0.3333333333333333,0.42857142857142855,0.42857142857142855,0.42857142857142855,0.42857142857142855,1.0
PLAIN-1741,420,0.0,0.0,0.0,0.0,0.0396210670558156,0.05282722367519174,0.06364076650826395,0.0,0.0,0.0,0.0,0.002380952380952381,0.007142857142857143,0.016666666666666666,0.0,0.0,0.0,0.0,0.05,0.06,0.07,0.0,0.0,0.0,0.0,0.09090909090909091,0.09090909090909091,0.09090909090909091,0.0,0.0,0.0,0.0,0.00021645021645021645,0.0006029684601113173,0.0013358826930255504,11.0
PLAIN-1752,1,0.0,0.0,0.0,0.0,0.0,0.0,0.0,0.0,0.0,0.0,0.0,0.0,0.0,0.0,0.0,0.0,0.0,0.0,0.0,0.0,0.0,0.0,0.0,0.0,0.0,0.0,0.0,0.0,0.0,0.0,0.0,0.0,0.0,0.0,0.0,
PLAIN-1762,8,1.0,0.46927872602275644,0.48522855511632257,0.3618791953854131,0.3618791953854131,0.4100777846608356,0.4100777846608356,0.125,0.125,0.25,0.25,0.25,0.375,0.375,1.0,0.3333333333333333,0.4,0.2,0.1,0.06,0.03,1.0,1.0,1.0,1.0,1.0,1.0,1.0,0.125,0.125,0.1875,0.1875,0.1875,0.19763513513513514,0.19763513513513514,1.0
PLAIN-1772,2,0.0,0.0,0.23719771276929622,0.23719771276929622,0.4028934785345258,0.4028934785345258,0.4028934785345258,0.0,0.0,0.5,0.5,1.0,1.0,1.0,0.0,0.0,0.2,0.1,0.1,0.04,0.02,0.0,0.0,0.2,0.2,0.2,0.2,0.2,0.0,0.0,0.1,0.1,0.18333333333333335,0.18333333333333335,0.18333333333333335,5.0
PLAIN-1784,2,0.0,0.0,0.0,0.0,0.0,0.0,0.0,0.0,0.0,0.0,0.0,0.0,0.0,0.0,0.0,0.0,0.0,0.0,0.0,0.0,0.0,0.0,0.0,0.0,0.0,0.0,0.0,0.0,0.0,0.0,0.0,0.0,0.0,0.0,0.0,
PLAIN-1794,2,1.0,0.6131471927654584,0.6131471927654584,0.6131471927654584,0.7841802768331765,0.7841802768331765,0.7841802768331765,0.5,0.5,0.5,0.5,1.0,1.0,1.0,1.0,0.3333333333333333,0.2,0.1,0.1,0.04,0.02,1.0,1.0,1.0,1.0,1.0,1.0,1.0,0.5,0.5,0.5,0.5,0.5909090909090909,0.5909090909090909,0.5909090909090909,1.0
PLAIN-1805,116,0.0,0.5307212739772434,0.38356636737133565,0.24890832702259466,0.23453195509396932,0.21799183850600146,0.18846367506802691,0.0,0.017241379310344827,0.017241379310344827,0.017241379310344827,0.034482758620689655,0.08620689655172414,0.14655172413793102,0.0,0.6666666666666666,0.4,0.2,0.2,0.2,0.17,0.0,0.5,0.5,0.5,0.5,0.5,0.5,0.0,0.010057471264367814,0.010057471264367814,0.010057471264367814,0.014511494252873562,0.025077839841827432,0.03676202217780623,2.0
PLAIN-1817,27,0.0,0.0,0.13120507751234178,0.15457433957839828,0.13450740437252617,0.11075535085051123,0.12855754303392425,0.0,0.0,0.037037037037037035,0.07407407407407407,0.1111111111111111,0.1111111111111111,0.14814814814814814,0.0,0.0,0.2,0.2,0.15,0.06,0.04,0.0,0.0,0.2,0.2,0.2,0.2,0.2,0.0,0.0,0.007407407407407408,0.016666666666666666,0.02361111111111111,0.02361111111111111,0.025187155240346728,5.0
PLAIN-1827,3,0.0,0.0,0.0,0.0,0.0,0.0,0.0,0.0,0.0,0.0,0.0,0.0,0.0,0.0,0.0,0.0,0.0,0.0,0.0,0.0,0.0,0.0,0.0,0.0,0.0,0.0,0.0,0.0,0.0,0.0,0.0,0.0,0.0,0.0,0.0,
PLAIN-1837,196,1.0,0.7653606369886217,0.830419897363192,0.88995411685096,0.8565323697618059,0.6478878426101251,0.47680566352823966,0.00510204081632653,0.01020408163265306,0.02040816326530612,0.04591836734693878,0.08673469387755102,0.14795918367346939,0.1989795918367347,1.0,0.6666666666666666,0.8,0.9,0.85,0.58,0.39,1.0,1.0,1.0,1.0,1.0,1.0,1.0,0.00510204081632653,0.01020408163265306,0.018112244897959182,0.04032839326206673,0.07542784670872747,0.11599502863903098,0.14108939078270827,1.0
PLAIN-1847,11,0.0,0.0,0.0,0.0,0.0,0.0,0.0,0.0,0.0,0.0,0.0,0.0,0.0,0.0,0.0,0.0,0.0,0.0,0.0,0.0,0.0,0.0,0.0,0.0,0.0,0.0,0.0,0.0,0.0,0.0,0.0,0.0,0.0,0.0,0.0,
PLAIN-1857,33,0.0,0.0,0.14606834984270645,0.29409459795966886,0.18979905088162424,0.13696021570905076,0.13696021570905076,0.0,0.0,0.030303030303030304,0.12121212121212122,0.12121212121212122,0.12121212121212122,0.12121212121212122,0.0,0.0,0.2,0.4,0.2,0.08,0.04,0.0,0.0,0.25,0.25,0.25,0.25,0.25,0.0,0.0,0.007575757575757576,0.03737373737373738,0.03737373737373738,0.03737373737373738,0.03737373737373738,4.0
PLAIN-1867,7,0.0,0.0,0.0,0.0,0.0,0.04870363873060745,0.04870363873060745,0.0,0.0,0.0,0.0,0.0,0.14285714285714285,0.14285714285714285,0.0,0.0,0.0,0.0,0.0,0.02,0.01,0.0,0.0,0.0,0.0,0.0,0.02040816326530612,0.02040816326530612,0.0,0.0,0.0,0.0,0.0,0.0029154518950437317,0.0029154518950437317,49.0
PLAIN-1877,36,0.0,0.0,0.0,0.0,0.0,0.0,0.0,0.0,0.0,0.0,0.0,0.0,0.0,0.0,0.0,0.0,0.0,0.0,0.0,0.0,0.0,0.0,0.0,0.0,0.0,0.0,0.0,0.0,0.0,0.0,0.0,0.0,0.0,0.0,0.0,
PLAIN-1887,4,0.0,0.0,0.0,0.0,0.0,0.0,0.0,0.0,0.0,0.0,0.0,0.0,0.0,0.0,0.0,0.0,0.0,0.0,0.0,0.0,0.0,0.0,0.0,0.0,0.0,0.0,0.0,0.0,0.0,0.0,0.0,0.0,0.0,0.0,0.0,
PLAIN-1897,2,0.0,0.0,0.0,0.0,0.0,0.0,0.0,0.0,0.0,0.0,0.0,0.0,0.0,0.0,0.0,0.0,0.0,0.0,0.0,0.0,0.0,0.0,0.0,0.0,0.0,0.0,0.0,0.0,0.0,0.0,0.0,0.0,0.0,0.0,0.0,
PLAIN-1909,463,0.0,0.23463936301137822,0.30078518014914984,0.1951890007906611,0.3394590698706481,0.275169348702989,0.24696289809752897,0.0,0.0021598272138228943,0.004319654427645789,0.004319654427645789,0.017278617710583154,0.03023758099352052,0.05183585313174946,0.0,0.3333333333333333,0.4,0.2,0.4,0.28,0.24,0.0,0.3333333333333333,0.3333333333333333,0.3333333333333333,0.3333333333333333,0.3333333333333333,0.3333333333333333,0.0,0.0007199424046076314,0.0015838732901367891,0.0015838732901367891,0.006116690642665407,0.01029808898335398,0.016153361726746657,3.0
PLAIN-1919,27,0.0,0.2960819109658652,0.4912596920895758,0.4634464183177907,0.3653956480953003,0.3684410470580038,0.40766246466977635,0.0,0.037037037037037035,0.1111111111111111,0.18518518518518517,0.25925925925925924,0.37037037037037035,0.4444444444444444,0.0,0.3333333333333333,0.6,0.5,0.35,0.2,0.12,0.0,0.5,0.5,0.5,0.5,0.5,0.5,0.0,0.018518518518518517,0.05925925925925926,0.1045267489711934,0.13051765215507904,0.15850217575363776,0.17235080699357333,2.0
PLAIN-1929,10,0.0,0.0,0.0,0.0,0.0,0.04007604763593774,0.0757477561650739,0.0,0.0,0.0,0.0,0.0,0.1,0.2,0.0,0.0,0.0,0.0,0.0,0.02,0.02,0.0,0.0,0.0,0.0,0.0,0.022727272727272728,0.022727272727272728,0.0,0.0,0.0,0.0,0.0,0.0022727272727272726,0.0050896286811779766,44.0
PLAIN-1940,12,0.0,0.0,0.0,0.07336392209936006,0.06545264526642977,0.06545264526642977,0.06545264526642977,0.0,0.0,0.0,0.08333333333333333,0.08333333333333333,0.08333333333333333,0.08333333333333333,0.0,0.0,0.0,0.1,0.05,0.02,0.01,0.0,0.0,0.0,0.14285714285714285,0.14285714285714285,0.14285714285714285,0.14285714285714285,0.0,0.0,0.0,0.011904761904761904,0.011904761904761904,0.011904761904761904,0.011904761904761904,7.0
PLAIN-1950,13,0.0,0.0,0.0,0.0,0.0,0.0,0.057937334226556815,0.0,0.0,0.0,0.0,0.0,0.0,0.15384615384615385,0.0,0.0,0.0,0.0,0.0,0.0,0.02,0.0,0.0,0.0,0.0,0.0,0.0,0.012987012987012988,0.0,0.0,0.0,0.0,0.0,0.0,0.0025850438221572242,77.0
PLAIN-1962,13,0.0,0.0,0.0,0.0,0.0,0.0348531875685748,0.06521667427734008,0.0,0.0,0.0,0.0,0.0,0.07692307692307693,0.15384615384615385,0.0,0.0,0.0,0.0,0.0,0.02,0.02,0.0,0.0,0.0,0.0,0.0,0.025,0.025,0.0,0.0,0.0,0.0,0.0,0.0019230769230769232,0.004120879120879121,40.0
PLAIN-1972,11,0.0,0.0,0.0,0.0,0.0,0.0,0.0,0.0,0.0,0.0,0.0,0.0,0.0,0.0,0.0,0.0,0.0,0.0,0.0,0.0,0.0,0.0,0.0,0.0,0.0,0.0,0.0,0.0,0.0,0.0,0.0,0.0,0.0,0.0,0.0,
PLAIN-1983,32,1.0,0.46927872602275644,0.4703652827859579,0.3836331529183765,0.28596894884564306,0.24932905425218738,0.2676793000700764,0.03125,0.03125,0.0625,0.09375,0.125,0.1875,0.21875,1.0,0.3333333333333333,0.4,0.3,0.2,0.12,0.07,1.0,1.0,1.0,1.0,1.0,1.0,1.0,0.03125,0.03125,0.04375,0.059375,0.06979166666666667,0.0780701754385965,0.082359391124871,1.0
PLAIN-1995,11,0.0,0.0,0.0,0.0,0.05603691580168027,0.09259292428368805,0.09259292428368805,0.0,0.0,0.0,0.0,0.09090909090909091,0.18181818181818182,0.18181818181818182,0.0,0.0,0.0,0.0,0.05,0.04,0.02,0.0,0.0,0.0,0.0,0.08333333333333333,0.08333333333333333,0.08333333333333333,0.0,0.0,0.0,0.0,0.007575757575757575,0.011212121212121211,0.011212121212121211,12.0
PLAIN-2009,8,0.0,0.0,0.0,0.0,0.0,0.0,0.042317359401757765,0.0,0.0,0.0,0.0,0.0,0.0,0.125,0.0,0.0,0.0,0.0,0.0,0.0,0.01,0.0,0.0,0.0,0.0,0.0,0.0,0.016129032258064516,0.0,0.0,0.0,0.0,0.0,0.0,0.0020161290322580645,62.0
PLAIN-2019,3,0.0,0.0,0.0,0.0,0.0,0.0,0.0,0.0,0.0,0.0,0.0,0.0,0.0,0.0,0.0,0.0,0.0,0.0,0.0,0.0,0.0,0.0,0.0,0.0,0.0,0.0,0.0,0.0,0.0,0.0,0.0,0.0,0.0,0.0,0.0,
PLAIN-2030,6,0.0,0.0,0.0,0.0,0.0,0.0,0.0,0.0,0.0,0.0,0.0,0.0,0.0,0.0,0.0,0.0,0.0,0.0,0.0,0.0,0.0,0.0,0.0,0.0,0.0,0.0,0.0,0.0,0.0,0.0,0.0,0.0,0.0,0.0,0.0,
PLAIN-2040,132,0.0,0.0,0.0,0.0,0.03635628798853883,0.05389529015066376,0.06358064129818755,0.0,0.0,0.0,0.0,0.007575757575757576,0.022727272727272728,0.05303030303030303,0.0,0.0,0.0,0.0,0.05,0.06,0.07,0.0,0.0,0.0,0.0,0.07142857142857142,0.07142857142857142,0.07142857142857142,0.0,0.0,0.0,0.0,0.0005411255411255411,0.0022179730677754396,0.004315233881856739,14.0
PLAIN-2051,355,1.0,0.46927872602275644,0.4703652827859579,0.5045411175298192,0.46665775131544773,0.30112188705071447,0.2399088844024743,0.0028169014084507044,0.0028169014084507044,0.005633802816901409,0.014084507042253521,0.02535211267605634,0.03380281690140845,0.05352112676056338,1.0,0.3333333333333333,0.4,0.5,0.45,0.24,0.19,1.0,1.0,1.0,1.0,1.0,1.0,1.0,0.0028169014084507044,0.0028169014084507044,0.003943661971830986,0.007660406885758997,0.013063586195535788,0.016020318632598483,0.02049168232864695,1.0
PLAIN-2061,410,0.0,0.23463936301137822,0.4468535299918563,0.42302937529594087,0.5196843774656851,0.48625245648723275,0.4004278586220381,0.0,0.0024390243902439024,0.007317073170731708,0.012195121951219513,0.02926829268292683,0.06097560975609756,0.09268292682926829,0.0,0.3333333333333333,0.6,0.5,0.6,0.5,0.38,0.0,0.3333333333333333,0.3333333333333333,0.3333333333333333,0.3333333333333333,0.3333333333333333,0.3333333333333333,0.0,0.0008130081300813008,0.003495934959349593,0.005934959349593496,0.015574831494279504,0.03470686173931584,0.049000075265481634,3.0
PLAIN-2071,45,1.0,0.46927872602275644,0.3391602052736161,0.2200917662980802,0.1804246777990402,0.14046576459473095,0.15405369367900307,0.022222222222222223,0.022222222222222223,0.022222222222222223,0.022222222222222223,0.044444444444444446,0.08888888888888889,0.1111111111111111,1.0,0.3333333333333333,0.2,0.1,0.1,0.08,0.05,1.0,1.0,1.0,1.0,1.0,1.0,1.0,0.022222222222222223,0.022222222222222223,0.022222222222222223,0.022222222222222223,0.02592592592592593,0.031602254428341386,0.03321256038647343,1.0
PLAIN-2081,1,0.0,0.0,0.0,0.0,0.0,0.1949590218937863,0.1949590218937863,0.0,0.0,0.0,0.0,0.0,1.0,1.0,0.0,0.0,0.0,0.0,0.0,0.02,0.01,0.0,0.0,0.0,0.0,0.0,0.029411764705882353,0.029411764705882353,0.0,0.0,0.0,0.0,0.0,0.029411764705882353,0.029411764705882353,34.0
PLAIN-2092,10,1.0,1.0,0.7227265726449519,0.5326208815196266,0.5326208815196266,0.5755297570039761,0.5755297570039761,0.1,0.3,0.3,0.4,0.4,0.5,0.5,1.0,1.0,0.6,0.4,0.2,0.1,0.05,1.0,1.0,1.0,1.0,1.0,1.0,1.0,0.1,0.3,0.3,0.33999999999999997,0.33999999999999997,0.35470588235294115,0.35470588235294115,1.0
PLAIN-2102,421,1.0,1.0,1.0,0.9337457765456111,0.7805952291631596,0.6074856009798629,0.4439235218610413,0.0023752969121140144,0.007125890736342043,0.011876484560570071,0.021377672209026127,0.0332541567695962,0.06175771971496437,0.0831353919239905,1.0,1.0,1.0,0.9,0.7,0.52,0.35,1.0,1.0,1.0,1.0,1.0,1.0,1.0,0.0023752969121140144,0.007125890736342043,0.011876484560570071,0.02114014251781473,0.030619891844916303,0.04737568069984123,0.05669379505890515,1.0
PLAIN-2113,1,0.0,0.0,0.0,0.0,0.0,0.0,0.0,0.0,0.0,0.0,0.0,0.0,0.0,0.0,0.0,0.0,0.0,0.0,0.0,0.0,0.0,0.0,0.0,0.0,0.0,0.0,0.0,0.0,0.0,0.0,0.0,0.0,0.0,0.0,0.0,
PLAIN-2124,17,0.0,0.2960819109658652,0.21398626473452756,0.20829366581033185,0.18853297539021957,0.222058407100798,0.2470567814217639,0.0,0.058823529411764705,0.058823529411764705,0.11764705882352941,0.17647058823529413,0.23529411764705882,0.29411764705882354,0.0,0.3333333333333333,0.2,0.2,0.15,0.08,0.05,0.0,0.5,0.5,0.5,0.5,0.5,0.5,0.0,0.029411764705882353,0.029411764705882353,0.04411764705882353,0.055882352941176466,0.06529411764705882,0.06906485671191553,2.0
PLAIN-2134,12,0.0,0.0,0.0,0.0,0.0,0.0,0.031149233078271506,0.0,0.0,0.0,0.0,0.0,0.0,0.08333333333333333,0.0,0.0,0.0,0.0,0.0,0.0,0.01,0.0,0.0,0.0,0.0,0.0,0.0,0.01282051282051282,0.0,0.0,0.0,0.0,0.0,0.0,0.0010683760683760683,78.0
PLAIN-2145,9,0.0,0.0,0.0,0.0,0.0,0.04358896759704515,0.08132414036313079,0.0,0.0,0.0,0.0,0.0,0.1111111111111111,0.2222222222222222,0.0,0.0,0.0,0.0,0.0,0.02,0.02,0.0,0.0,0.0,0.0,0.0,0.024390243902439025,0.024390243902439025,0.0,0.0,0.0,0.0,0.0,0.0027100271002710027,0.005713030103274006,41.0
PLAIN-2156,6,1.0,0.7039180890341347,0.6548086577531307,0.5842273861585908,0.5842273861585908,0.5842273861585908,0.5842273861585908,0.16666666666666666,0.3333333333333333,0.5,0.5,0.5,0.5,0.5,1.0,0.6666666666666666,0.6,0.3,0.15,0.06,0.03,1.0,1.0,1.0,1.0,1.0,1.0,1.0,0.16666666666666666,0.27777777777777773,0.40277777777777773,0.40277777777777773,0.40277777777777773,0.40277777777777773,0.40277777777777773,1.0
PLAIN-2167,1,0.0,0.0,0.0,0.0,0.0,0.0,0.0,0.0,0.0,0.0,0.0,0.0,0.0,0.0,0.0,0.0,0.0,0.0,0.0,0.0,0.0,0.0,0.0,0.0,0.0,0.0,0.0,0.0,0.0,0.0,0.0,0.0,0.0,0.0,0.0,
PLAIN-2177,24,0.0,0.0,0.13120507751234178,0.14876390584057272,0.13439200562425785,0.1470207364676755,0.1470207364676755,0.0,0.0,0.041666666666666664,0.08333333333333333,0.125,0.16666666666666666,0.16666666666666666,0.0,0.0,0.2,0.2,0.15,0.08,0.04,0.0,0.0,0.2,0.2,0.2,0.2,0.2,0.0,0.0,0.008333333333333333,0.016666666666666666,0.027083333333333334,0.034329710144927535,0.034329710144927535,5.0
PLAIN-2187,9,0.0,0.0,0.0,0.0,0.0,0.0,0.0,0.0,0.0,0.0,0.0,0.0,0.0,0.0,0.0,0.0,0.0,0.0,0.0,0.0,0.0,0.0,0.0,0.0,0.0,0.0,0.0,0.0,0.0,0.0,0.0,0.0,0.0,0.0,0.0,
PLAIN-2197,58,1.0,0.7653606369886217,0.5531464700081437,0.4373524791503101,0.3195597601780624,0.20411706329891519,0.20612155623788658,0.017241379310344827,0.034482758620689655,0.034482758620689655,0.05172413793103448,0.06896551724137931,0.10344827586206896,0.13793103448275862,1.0,0.6666666666666666,0.4,0.3,0.2,0.12,0.08,1.0,1.0,1.0,1.0,1.0,1.0,1.0,0.017241379310344827,0.034482758620689655,0.034482758620689655,0.04310344827586207,0.04840848806366047,0.053596504914963324,0.056600897027849977,1.0
PLAIN-2209,2,0.0,0.0,0.0,0.0,0.0,0.0,0.0,0.0,0.0,0.0,0.0,0.0,0.0,0.0,0.0,0.0,0.0,0.0,0.0,0.0,0.0,0.0,0.0,0.0,0.0,0.0,0.0,0.0,0.0,0.0,0.0,0.0,0.0,0.0,0.0,
PLAIN-2220,9,0.0,0.0,0.0,0.07834851647149513,0.07834851647149513,0.07834851647149513,0.07834851647149513,0.0,0.0,0.0,0.1111111111111111,0.1111111111111111,0.1111111111111111,0.1111111111111111,0.0,0.0,0.0,0.1,0.05,0.02,0.01,0.0,0.0,0.0,0.14285714285714285,0.14285714285714285,0.14285714285714285,0.14285714285714285,0.0,0.0,0.0,0.015873015873015872,0.015873015873015872,0.015873015873015872,0.015873015873015872,7.0
PLAIN-2230,7,0.0,0.0,0.0,0.0,0.0,0.0,0.0,0.0,0.0,0.0,0.0,0.0,0.0,0.0,0.0,0.0,0.0,0.0,0.0,0.0,0.0,0.0,0.0,0.0,0.0,0.0,0.0,0.0,0.0,0.0,0.0,0.0,0.0,0.0,0.0,
PLAIN-2240,11,1.0,0.7653606369886217,0.5531464700081437,0.35895421017163476,0.33819159797407056,0.37861854034196735,0.4108027786560658,0.09090909090909091,0.18181818181818182,0.18181818181818182,0.18181818181818182,0.18181818181818182,0.2727272727272727,0.36363636363636365,1.0,0.6666666666666666,0.4,0.2,0.1,0.06,0.04,1.0,1.0,1.0,1.0,1.0,1.0,1.0,0.09090909090909091,0.18181818181818182,0.18181818181818182,0.18181818181818182,0.18181818181818182,0.18983957219251338,0.19406790200223856,1.0
PLAIN-2250,2,0.0,0.0,0.0,0.0,0.0,0.0,0.0,0.0,0.0,0.0,0.0,0.0,0.0,0.0,0.0,0.0,0.0,0.0,0.0,0.0,0.0,0.0,0.0,0.0,0.0,0.0,0.0,0.0,0.0,0.0,0.0,0.0,0.0,0.0,0.0,
PLAIN-2261,60,1.0,0.46927872602275644,0.3391602052736161,0.2200917662980802,0.1420400396336573,0.09252993771878028,0.10321120655993545,0.016666666666666666,0.016666666666666666,0.016666666666666666,0.016666666666666666,0.016666666666666666,0.03333333333333333,0.06666666666666667,1.0,0.3333333333333333,0.2,0.1,0.05,0.04,0.04,1.0,1.0,1.0,1.0,1.0,1.0,1.0,0.016666666666666666,0.016666666666666666,0.016666666666666666,0.016666666666666666,0.016666666666666666,0.01761904761904762,0.019061256081379922,1.0
PLAIN-2271,10,0.0,0.0,0.0,0.0,0.0,0.0,0.0,0.0,0.0,0.0,0.0,0.0,0.0,0.0,0.0,0.0,0.0,0.0,0.0,0.0,0.0,0.0,0.0,0.0,0.0,0.0,0.0,0.0,0.0,0.0,0.0,0.0,0.0,0.0,0.0,
PLAIN-2281,1,0.0,0.0,0.0,0.0,0.0,0.0,0.0,0.0,0.0,0.0,0.0,0.0,0.0,0.0,0.0,0.0,0.0,0.0,0.0,0.0,0.0,0.0,0.0,0.0,0.0,0.0,0.0,0.0,0.0,0.0,0.0,0.0,0.0,0.0,0.0,
PLAIN-2291,5,0.0,0.0,0.0,0.0,0.0,0.0,0.0,0.0,0.0,0.0,0.0,0.0,0.0,0.0,0.0,0.0,0.0,0.0,0.0,0.0,0.0,0.0,0.0,0.0,0.0,0.0,0.0,0.0,0.0,0.0,0.0,0.0,0.0,0.0,0.0,
PLAIN-2301,13,0.0,0.0,0.0,0.07336392209936006,0.1054473249041919,0.14129134764894755,0.17253093610978243,0.0,0.0,0.0,0.07692307692307693,0.15384615384615385,0.23076923076923078,0.3076923076923077,0.0,0.0,0.0,0.1,0.1,0.06,0.04,0.0,0.0,0.0,0.14285714285714285,0.14285714285714285,0.14285714285714285,0.14285714285714285,0.0,0.0,0.0,0.010989010989010988,0.019086176980913822,0.02549643339117023,0.030459212547497776,7.0
PLAIN-2311,2,0.0,0.0,0.0,0.0,0.0,0.0,0.0,0.0,0.0,0.0,0.0,0.0,0.0,0.0,0.0,0.0,0.0,0.0,0.0,0.0,0.0,0.0,0.0,0.0,0.0,0.0,0.0,0.0,0.0,0.0,0.0,0.0,0.0,0.0,0.0,
PLAIN-2321,5,0.0,0.0,0.0,0.0,0.0,0.0,0.0,0.0,0.0,0.0,0.0,0.0,0.0,0.0,0.0,0.0,0.0,0.0,0.0,0.0,0.0,0.0,0.0,0.0,0.0,0.0,0.0,0.0,0.0,0.0,0.0,0.0,0.0,0.0,0.0,
PLAIN-2332,97,0.0,0.0,0.0,0.0,0.07366303835498346,0.14240271336741603,0.15940561757919852,0.0,0.0,0.0,0.0,0.020618556701030927,0.09278350515463918,0.18556701030927836,0.0,0.0,0.0,0.0,0.1,0.18,0.18,0.0,0.0,0.0,0.0,0.07692307692307693,0.07692307692307693,0.07692307692307693,0.0,0.0,0.0,0.0,0.00226577546165175,0.012906065716740326,0.02931206307743877,13.0
PLAIN-2343,2,0.0,0.0,0.0,0.0,0.0,0.0,0.0,0.0,0.0,0.0,0.0,0.0,0.0,0.0,0.0,0.0,0.0,0.0,0.0,0.0,0.0,0.0,0.0,0.0,0.0,0.0,0.0,0.0,0.0,0.0,0.0,0.0,0.0,0.0,0.0,
PLAIN-2354,5,0.0,0.23463936301137822,0.30078518014914984,0.30078518014914984,0.30078518014914984,0.30078518014914984,0.30078518014914984,0.0,0.2,0.4,0.4,0.4,0.4,0.4,0.0,0.3333333333333333,0.4,0.2,0.1,0.04,0.02,0.0,0.3333333333333333,0.3333333333333333,0.3333333333333333,0.3333333333333333,0.3333333333333333,0.3333333333333333,0.0,0.06666666666666667,0.14666666666666667,0.14666666666666667,0.14666666666666667,0.14666666666666667,0.14666666666666667,3.0
PLAIN-2364,15,0.0,0.0,0.0,0.0,0.0,0.0,0.0,0.0,0.0,0.0,0.0,0.0,0.0,0.0,0.0,0.0,0.0,0.0,0.0,0.0,0.0,0.0,0.0,0.0,0.0,0.0,0.0,0.0,0.0,0.0,0.0,0.0,0.0,0.0,0.0,
PLAIN-2375,2,0.0,0.0,0.0,0.0,0.0,0.0,0.0,0.0,0.0,0.0,0.0,0.0,0.0,0.0,0.0,0.0,0.0,0.0,0.0,0.0,0.0,0.0,0.0,0.0,0.0,0.0,0.0,0.0,0.0,0.0,0.0,0.0,0.0,0.0,0.0,
PLAIN-2386,19,1.0,0.46927872602275644,0.3391602052736161,0.2200917662980802,0.14678687637874557,0.14678687637874557,0.16934242468570074,0.05263157894736842,0.05263157894736842,0.05263157894736842,0.05263157894736842,0.05263157894736842,0.05263157894736842,0.10526315789473684,1.0,0.3333333333333333,0.2,0.1,0.05,0.02,0.02,1.0,1.0,1.0,1.0,1.0,1.0,1.0,0.05263157894736842,0.05263157894736842,0.05263157894736842,0.05263157894736842,0.05263157894736842,0.05263157894736842,0.05380116959064327,1.0
PLAIN-2396,18,0.0,0.0,0.0,0.0,0.0,0.0,0.0,0.0,0.0,0.0,0.0,0.0,0.0,0.0,0.0,0.0,0.0,0.0,0.0,0.0,0.0,0.0,0.0,0.0,0.0,0.0,0.0,0.0,0.0,0.0,0.0,0.0,0.0,0.0,0.0,
PLAIN-2408,5,0.0,0.0,0.0,0.0,0.0,0.0,0.0,0.0,0.0,0.0,0.0,0.0,0.0,0.0,0.0,0.0,0.0,0.0,0.0,0.0,0.0,0.0,0.0,0.0,0.0,0.0,0.0,0.0,0.0,0.0,0.0,0.0,0.0,0.0,0.0,
PLAIN-2430,46,1.0,0.7039180890341347,0.5087403079104241,0.39956887138389763,0.29907880444102597,0.24716397557571337,0.27338779630058474,0.021739130434782608,0.043478260869565216,0.043478260869565216,0.06521739130434782,0.08695652173913043,0.13043478260869565,0.17391304347826086,1.0,0.6666666666666666,0.4,0.3,0.2,0.12,0.08,1.0,1.0,1.0,1.0,1.0,1.0,1.0,0.021739130434782608,0.03623188405797101,0.03623188405797101,0.04438405797101449,0.04873188405797101,0.0566899585921325,0.06087928894766725,1.0
PLAIN-2440,21,0.0,0.0,0.0,0.0,0.0,0.0,0.02302978838259039,0.0,0.0,0.0,0.0,0.0,0.0,0.047619047619047616,0.0,0.0,0.0,0.0,0.0,0.0,0.01,0.0,0.0,0.0,0.0,0.0,0.0,0.016129032258064516,0.0,0.0,0.0,0.0,0.0,0.0,0.0007680491551459293,62.0
PLAIN-2450,38,1.0,0.46927872602275644,0.404762744029787,0.3262841133178424,0.24437322216075405,0.21233058811578256,0.252034773053344,0.02631578947368421,0.02631578947368421,0.05263157894736842,0.07894736842105263,0.07894736842105263,0.13157894736842105,0.21052631578947367,1.0,0.3333333333333333,0.4,0.3,0.15,0.1,0.08,1.0,1.0,1.0,1.0,1.0,1.0,1.0,0.02631578947368421,0.02631578947368421,0.03684210526315789,0.04473684210526316,0.04473684210526316,0.051746920492721164,0.05874440773974294,1.0
PLAIN-2460,31,0.0,0.0,0.0,0.08036018528064806,0.060273942930124794,0.08434323217011137,0.17490451853243602,0.0,0.0,0.0,0.03225806451612903,0.03225806451612903,0.06451612903225806,0.22580645161290322,0.0,0.0,0.0,0.1,0.05,0.04,0.07,0.0,0.0,0.0,0.1111111111111111,0.1111111111111111,0.1111111111111111,0.1111111111111111,0.0,0.0,0.0,0.0035842293906810036,0.0035842293906810036,0.00638927847904005,0.016461677543896474,9.0
PLAIN-2470,73,1.0,0.46927872602275644,0.3391602052736161,0.2669507571941387,0.2478823008315082,0.16836773815847955,0.16904855933948337,0.0136986301369863,0.0136986301369863,0.0136986301369863,0.0136986301369863,0.0410958904109589,0.0547945205479452,0.1095890410958904,1.0,0.3333333333333333,0.2,0.1,0.15,0.08,0.08,1.0,1.0,1.0,1.0,1.0,1.0,1.0,0.0136986301369863,0.0136986301369863,0.0136986301369863,0.0136986301369863,0.017573900504686372,0.019095970519907076,0.024497329439933737,1.0
PLAIN-2480,18,0.0,0.2960819109658652,0.21398626473452756,0.14342484470735153,0.13903190774710214,0.21183467447486923,0.2726791631300308,0.0,0.05555555555555555,0.05555555555555555,0.05555555555555555,0.1111111111111111,0.2777777777777778,0.4444444444444444,0.0,0.3333333333333333,0.2,0.1,0.1,0.1,0.08,0.0,0.5,0.5,0.5,0.5,0.5,0.5,0.0,0.027777777777777776,0.027777777777777776,0.027777777777777776,0.034722222222222224,0.05286087369420703,0.06967718851725074,2.0
PLAIN-2490,23,0.0,0.0,0.0,0.0,0.0,0.0,0.029615163387371468,0.0,0.0,0.0,0.0,0.0,0.0,0.043478260869565216,0.0,0.0,0.0,0.0,0.0,0.0,0.01,0.0,0.0,0.0,0.0,0.0,0.0,0.0125,0.0,0.0,0.0,0.0,0.0,0.0,0.0005434782608695652,80.0
PLAIN-2500,7,0.0,0.0,0.0,0.0,0.0,0.0,0.0,0.0,0.0,0.0,0.0,0.0,0.0,0.0,0.0,0.0,0.0,0.0,0.0,0.0,0.0,0.0,0.0,0.0,0.0,0.0,0.0,0.0,0.0,0.0,0.0,0.0,0.0,0.0,0.0,
PLAIN-2510,46,1.0,1.0,0.8539316501572937,0.6969383549984333,0.613698632875103,0.48280501548482513,0.50093232285323,0.021739130434782608,0.06521739130434782,0.08695652173913043,0.13043478260869565,0.21739130434782608,0.2826086956521739,0.32608695652173914,1.0,1.0,0.8,0.6,0.5,0.26,0.15,1.0,1.0,1.0,1.0,1.0,1.0,1.0,0.021739130434782608,0.06521739130434782,0.08260869565217391,0.11444099378881988,0.16287459521155173,0.18484923289271116,0.19466590575286227,1.0
PLAIN-2520,73,0.0,0.0,0.204239252433695,0.13253729982639642,0.13240995845655354,0.13344094048734595,0.13924730496259496,0.0,0.0,0.0273972602739726,0.0273972602739726,0.0410958904109589,0.0958904109589041,0.136986301369863,0.0,0.0,0.4,0.2,0.15,0.14,0.1,0.0,0.0,0.25,0.25,0.25,0.25,0.25,0.0,0.0,0.008904109589041096,0.008904109589041096,0.011187214611872146,0.020452538945689634,0.02551417429548462,4.0
PLAIN-2530,72,1.0,1.0,1.0,0.7958221994596779,0.6372094483173931,0.514983674469526,0.4657710909782571,0.013888888888888888,0.041666666666666664,0.06944444444444445,0.1111111111111111,0.1388888888888889,0.2222222222222222,0.2638888888888889,1.0,1.0,1.0,0.8,0.5,0.32,0.19,1.0,1.0,1.0,1.0,1.0,1.0,1.0,0.013888888888888888,0.041666666666666664,0.06944444444444445,0.10833333333333334,0.12534722222222222,0.16266898388861306,0.17301812139292297,1.0
PLAIN-2540,21,0.0,0.0,0.0,0.08097408658478235,0.06307475251329052,0.09277028718651645,0.1508330947355282,0.0,0.0,0.0,0.047619047619047616,0.047619047619047616,0.09523809523809523,0.19047619047619047,0.0,0.0,0.0,0.1,0.05,0.04,0.04,0.0,0.0,0.0,0.16666666666666666,0.16666666666666666,0.16666666666666666,0.16666666666666666,0.0,0.0,0.0,0.007936507936507936,0.007936507936507936,0.00992063492063492,0.015228021032974593,6.0
PLAIN-2550,25,0.0,0.0,0.0,0.04538697066857469,0.0344330049298702,0.031146706531953988,0.031146706531953988,0.0,0.0,0.0,0.04,0.04,0.04,0.04,0.0,0.0,0.0,0.1,0.05,0.02,0.01,0.0,0.0,0.0,0.16666666666666666,0.16666666666666666,0.16666666666666666,0.16666666666666666,0.0,0.0,0.0,0.006666666666666666,0.006666666666666666,0.006666666666666666,0.006666666666666666,6.0
PLAIN-2560,21,1.0,1.0,1.0,0.8669479898642711,0.7933490100592439,0.8152093166867661,0.8562865524719738,0.047619047619047616,0.14285714285714285,0.23809523809523808,0.38095238095238093,0.5714285714285714,0.6190476190476191,0.7619047619047619,1.0,1.0,1.0,0.8,0.6,0.26,0.16,1.0,1.0,1.0,1.0,1.0,1.0,1.0,0.047619047619047616,0.14285714285714285,0.23809523809523808,0.3756613756613757,0.5073894515070986,0.5355279796456267,0.5685018386152928,1.0
PLAIN-2570,40,0.0,0.1480409554829326,0.10699313236726378,0.19131642241255817,0.14658431406677372,0.10627083695986318,0.11791054259246073,0.0,0.025,0.025,0.075,0.075,0.075,0.1,0.0,0.3333333333333333,0.2,0.3,0.15,0.06,0.04,0.0,0.5,0.5,0.5,0.5,0.5,0.5,0.0,0.0125,0.0125,0.028333333333333332,0.028333333333333332,0.028333333333333332,0.030119047619047618,2.0
PLAIN-2580,23,0.0,0.0,0.0,0.0,0.0,0.0,0.01574158683372522,0.0,0.0,0.0,0.0,0.0,0.0,0.043478260869565216,0.0,0.0,0.0,0.0,0.0,0.0,0.01,0.0,0.0,0.0,0.0,0.0,0.0,0.011494252873563218,0.0,0.0,0.0,0.0,0.0,0.0,0.0004997501249375312,87.0
PLAIN-2590,63,0.0,0.0,0.0,0.034215520932372144,0.09045867564255178,0.0595671501044378,0.05273847515426056,0.0,0.0,0.0,0.015873015873015872,0.047619047619047616,0.047619047619047616,0.047619047619047616,0.0,0.0,0.0,0.1,0.15,0.06,0.03,0.0,0.0,0.0,0.1111111111111111,0.1111111111111111,0.1111111111111111,0.1111111111111111,0.0,0.0,0.0,0.001763668430335097,0.006254061078622482,0.006254061078622482,0.006254061078622482,9.0
PLAIN-2600,10,1.0,0.46927872602275644,0.36297209628774124,0.3702840839003171,0.40232700308341907,0.402327003083419,0.45017715174062795,0.1,0.1,0.1,0.2,0.3,0.3,0.4,1.0,0.3333333333333333,0.2,0.2,0.15,0.06,0.04,1.0,1.0,1.0,1.0,1.0,1.0,1.0,0.1,0.1,0.1,0.125,0.13999999999999999,0.13999999999999999,0.1468965517241379,1.0
PLAIN-2610,61,0.0,0.0,0.07303417492135322,0.047394182184775396,0.07782353178900235,0.0858300119204118,0.11096631134350442,0.0,0.0,0.01639344262295082,0.01639344262295082,0.03278688524590164,0.06557377049180328,0.11475409836065574,0.0,0.0,0.2,0.1,0.1,0.08,0.07,0.0,0.0,0.25,0.25,0.25,0.25,0.25,0.0,0.0,0.004098360655737705,0.004098360655737705,0.005919854280510018,0.009297106385857092,0.013447234843304874,4.0
PLAIN-2620,55,0.0,0.0,0.0,0.03668196104968003,0.09847271858356901,0.09723258813793048,0.11610789908908078,0.0,0.0,0.0,0.01818181818181818,0.07272727272727272,0.10909090909090909,0.14545454545454545,0.0,0.0,0.0,0.1,0.2,0.12,0.08,0.0,0.0,0.0,0.14285714285714285,0.14285714285714285,0.14285714285714285,0.14285714285714285,0.0,0.0,0.0,0.0025974025974025974,0.013459873459873461,0.018053683904747736,0.021616379295839448,7.0
PLAIN-2630,48,1.0,0.7039180890341347,0.5087403079104241,0.47215670662474735,0.30471452181199205,0.23807819548898937,0.272476989751379,0.020833333333333332,0.041666666666666664,0.041666666666666664,0.08333333333333333,0.08333333333333333,0.10416666666666667,0.14583333333333334,1.0,0.6666666666666666,0.4,0.4,0.2,0.1,0.07,1.0,1.0,1.0,1.0,1.0,1.0,1.0,0.020833333333333332,0.03472222222222222,0.03472222222222222,0.05347222222222222,0.05347222222222222,0.057638888888888885,0.06234623916112119,1.0
PLAIN-2640,48,0.5,0.5,0.4343974612438291,0.3947542668961611,0.3287259590243409,0.31166395953841175,0.3406379028017939,0.020833333333333332,0.0625,0.08333333333333333,0.125,0.14583333333333334,0.2708333333333333,0.3333333333333333,1.0,1.0,0.8,0.6,0.35,0.26,0.16,1.0,1.0,1.0,1.0,1.0,1.0,1.0,0.020833333333333332,0.0625,0.08333333333333333,0.11071428571428571,0.11929271708683474,0.15223939088520594,0.16547983799193214,1.0
PLAIN-2650,29,1.0,0.7653606369886217,0.6992148198508501,0.6015720654566381,0.5050975012519738,0.48903167260306774,0.5005417772903558,0.034482758620689655,0.06896551724137931,0.10344827586206896,0.1724137931034483,0.20689655172413793,0.27586206896551724,0.3103448275862069,1.0,0.6666666666666666,0.6,0.5,0.3,0.16,0.09,1.0,1.0,1.0,1.0,1.0,1.0,1.0,0.034482758620689655,0.06896551724137931,0.09482758620689655,0.139367816091954,0.15528293545534924,0.16825750877475015,0.17223628861559892,1.0
PLAIN-2660,27,0.0,0.0,0.0,0.0,0.03233829114831981,0.052996763767173466,0.052996763767173466,0.0,0.0,0.0,0.0,0.037037037037037035,0.07407407407407407,0.07407407407407407,0.0,0.0,0.0,0.0,0.05,0.04,0.02,0.0,0.0,0.0,0.0,0.05,0.05,0.05,0.0,0.0,0.0,0.0,0.001851851851851852,0.003658536585365854,0.003658536585365854,20.0
PLAIN-2670,35,0.0,0.0,0.15232257932946242,0.2603897732855052,0.18950290634845993,0.14157799756362202,0.14157799756362202,0.0,0.0,0.02857142857142857,0.08571428571428572,0.08571428571428572,0.08571428571428572,0.08571428571428572,0.0,0.0,0.2,0.3,0.15,0.06,0.03,0.0,0.0,0.2,0.2,0.2,0.2,0.2,0.0,0.0,0.005714285714285714,0.024591836734693878,0.024591836734693878,0.024591836734693878,0.024591836734693878,5.0
PLAIN-2680,14,0.0,0.0,0.0,0.0,0.0,0.0,0.05486292018199342,0.0,0.0,0.0,0.0,0.0,0.0,0.14285714285714285,0.0,0.0,0.0,0.0,0.0,0.0,0.02,0.0,0.0,0.0,0.0,0.0,0.0,0.015625,0.0,0.0,0.0,0.0,0.0,0.0,0.0031001984126984125,64.0
PLAIN-2690,43,0.0,0.23463936301137822,0.16958010263680806,0.14185627724851596,0.12164965962440231,0.1124250246950504,0.13115304276956738,0.0,0.023255813953488372,0.023255813953488372,0.046511627906976744,0.06976744186046512,0.11627906976744186,0.16279069767441862,0.0,0.3333333333333333,0.2,0.2,0.15,0.1,0.07,0.0,0.3333333333333333,0.3333333333333333,0.3333333333333333,0.3333333333333333,0.3333333333333333,0.3333333333333333,0.0,0.007751937984496124,0.007751937984496124,0.012403100775193798,0.017054263565891473,0.02377475865847959,0.027955130857896197,3.0
PLAIN-2700,10,1.0,0.46927872602275644,0.563326255972632,0.42869994644567294,0.46615599687392084,0.4969968342224534,0.5421970581051723,0.1,0.1,0.2,0.2,0.3,0.4,0.5,1.0,0.3333333333333333,0.4,0.2,0.15,0.08,0.05,1.0,1.0,1.0,1.0,1.0,1.0,1.0,0.1,0.1,0.15,0.15,0.16999999999999998,0.18428571428571427,0.1893877551020408,1.0
PLAIN-2710,21,1.0,1.0,0.7883291114011227,0.6204886361503895,0.46539584887101865,0.4551772609983446,0.48663614155714097,0.047619047619047616,0.14285714285714285,0.19047619047619047,0.19047619047619047,0.19047619047619047,0.19047619047619047,0.2857142857142857,1.0,1.0,0.8,0.4,0.2,0.08,0.06,1.0,1.0,1.0,1.0,1.0,1.0,1.0,0.047619047619047616,0.14285714285714285,0.18095238095238095,0.18095238095238095,0.18095238095238095,0.18095238095238095,0.18800222535162292,1.0
PLAIN-2720,36,0.0,0.0,0.0,0.0,0.0,0.024465624901352064,0.024465624901352064,0.0,0.0,0.0,0.0,0.0,0.027777777777777776,0.027777777777777776,0.0,0.0,0.0,0.0,0.0,0.02,0.01,0.0,0.0,0.0,0.0,0.0,0.027777777777777776,0.027777777777777776,0.0,0.0,0.0,0.0,0.0,0.0007716049382716049,0.0007716049382716049,36.0
PLAIN-2730,29,0.0,0.5307212739772434,0.38356636737133565,0.41269224220362605,0.31896862139280535,0.2715559880329624,0.28423338017271876,0.0,0.06896551724137931,0.06896551724137931,0.13793103448275862,0.13793103448275862,0.13793103448275862,0.1724137931034483,0.0,0.6666666666666666,0.4,0.4,0.2,0.08,0.05,0.0,0.5,0.5,0.5,0.5,0.5,0.5,0.0,0.04022988505747126,0.04022988505747126,0.06880131362889984,0.06880131362889984,0.06880131362889984,0.07133681058630349,2.0
PLAIN-2740,50,0.0,0.2960819109658652,0.36005461457723403,0.28339660873566963,0.21256087155436315,0.15923148298546724,0.17959665559454646,0.0,0.02,0.04,0.04,0.04,0.06,0.1,0.0,0.3333333333333333,0.4,0.2,0.1,0.06,0.05,0.0,0.5,0.5,0.5,0.5,0.5,0.5,0.0,0.01,0.02,0.02,0.02,0.02193548387096774,0.02440013033561421,2.0
PLAIN-2750,59,1.0,0.5865984075284455,0.6356211451908975,0.634643392718098,0.5643588705943771,0.42497962156802876,0.39826576771303523,0.01694915254237288,0.03389830508474576,0.06779661016949153,0.11864406779661017,0.1694915254237288,0.22033898305084745,0.23728813559322035,1.0,0.6666666666666666,0.8,0.7,0.5,0.26,0.14,1.0,1.0,1.0,1.0,1.0,1.0,1.0,0.01694915254237288,0.028248587570621465,0.054519774011299434,0.09453860640301318,0.13261493685222497,0.14887236611482482,0.15269959410826386,1.0
PLAIN-2760,8,0.0,0.3354350434265105,0.4636454082471,0.3802046418567348,0.3802046418567348,0.3802046418567348,0.3802046418567348,0.0,0.125,0.25,0.25,0.25,0.25,0.25,0.0,0.3333333333333333,0.4,0.2,0.1,0.04,0.02,0.0,0.5,0.5,0.5,0.5,0.5,0.5,0.0,0.0625,0.125,0.125,0.125,0.125,0.125,2.0
PLAIN-2770,41,0.0,0.2960819109658652,0.21398626473452756,0.14342484470735153,0.22559342219505713,0.17558950616923116,0.2063803350036941,0.0,0.024390243902439025,0.024390243902439025,0.024390243902439025,0.12195121951219512,0.14634146341463414,0.21951219512195122,0.0,0.3333333333333333,0.2,0.1,0.25,0.12,0.09,0.0,0.5,0.5,0.5,0.5,0.5,0.5,0.0,0.012195121951219513,0.012195121951219513,0.012195121951219513,0.034051314539119415,0.037164962696877586,0.04479163626417733,2.0
PLAIN-2780,22,1.0,0.7346393630113782,0.530943388959284,0.4103950983917676,0.34108400763389585,0.3794835802019529,0.3794835802019529,0.045454545454545456,0.13636363636363635,0.13636363636363635,0.18181818181818182,0.22727272727272727,0.3181818181818182,0.3181818181818182,1.0,1.0,0.6,0.4,0.25,0.14,0.07,1.0,1.0,1.0,1.0,1.0,1.0,1.0,0.045454545454545456,0.13636363636363635,0.13636363636363635,0.16666666666666666,0.18414918414918413,0.20367132867132867,0.20367132867132867,1.0
PLAIN-2790,59,0.5,0.5307212739772434,0.44916890612750654,0.2914798858434052,0.22327939981544143,0.20591187852455253,0.25869460848717046,0.01694915254237288,0.03389830508474576,0.05084745762711865,0.05084745762711865,0.05084745762711865,0.11864406779661017,0.2033898305084746,1.0,0.6666666666666666,0.6,0.3,0.15,0.14,0.12,1.0,1.0,1.0,1.0,1.0,1.0,1.0,0.01694915254237288,0.03389830508474576,0.04406779661016949,0.04406779661016949,0.04406779661016949,0.05538206808146987,0.06863077211410375,1.0
PLAIN-2800,24,0.0,0.0,0.0,0.0,0.0,0.0,0.031846869193665174,0.0,0.0,0.0,0.0,0.0,0.0,0.08333333333333333,0.0,0.0,0.0,0.0,0.0,0.0,0.02,0.0,0.0,0.0,0.0,0.0,0.0,0.015151515151515152,0.0,0.0,0.0,0.0,0.0,0.0,0.0016003053793751467,66.0
PLAIN-2810,8,0.0,0.0,0.0,0.0,0.0,0.03109600580287263,0.03109600580287263,0.0,0.0,0.0,0.0,0.0,0.125,0.125,0.0,0.0,0.0,0.0,0.0,0.02,0.01,0.0,0.0,0.0,0.0,0.0,0.02631578947368421,0.02631578947368421,0.0,0.0,0.0,0.0,0.0,0.003289473684210526,0.003289473684210526,38.0
PLAIN-2820,8,0.0,0.0,0.0,0.0,0.0,0.0,0.03352151724838732,0.0,0.0,0.0,0.0,0.0,0.0,0.125,0.0,0.0,0.0,0.0,0.0,0.0,0.01,0.0,0.0,0.0,0.0,0.0,0.0,0.015625,0.0,0.0,0.0,0.0,0.0,0.0,0.001953125,64.0
PLAIN-2830,3,0.0,0.4030302838010049,0.4030302838010049,0.4030302838010049,0.4030302838010049,0.4030302838010049,0.4030302838010049,0.0,0.3333333333333333,0.3333333333333333,0.3333333333333333,0.3333333333333333,0.3333333333333333,0.3333333333333333,0.0,0.3333333333333333,0.2,0.1,0.05,0.02,0.01,0.0,0.5,0.5,0.5,0.5,0.5,0.5,0.0,0.16666666666666666,0.16666666666666666,0.16666666666666666,0.16666666666666666,0.16666666666666666,0.16666666666666666,2.0
PLAIN-2840,17,0.0,0.0,0.0,0.0,0.0,0.027921383090117262,0.027921383090117262,0.0,0.0,0.0,0.0,0.0,0.058823529411764705,0.058823529411764705,0.0,0.0,0.0,0.0,0.0,0.02,0.01,0.0,0.0,0.0,0.0,0.0,0.02040816326530612,0.02040816326530612,0.0,0.0,0.0,0.0,0.0,0.0012004801920768306,0.0012004801920768306,49.0
PLAIN-2850,9,0.0,0.0,0.0,0.0,0.0,0.0,0.057802383460743165,0.0,0.0,0.0,0.0,0.0,0.0,0.1111111111111111,0.0,0.0,0.0,0.0,0.0,0.0,0.01,0.0,0.0,0.0,0.0,0.0,0.0,0.010526315789473684,0.0,0.0,0.0,0.0,0.0,0.0,0.0011695906432748538,95.0
PLAIN-2860,2,1.0,0.9197207891481876,0.9197207891481876,0.9197207891481876,0.9197207891481876,0.9197207891481876,0.9197207891481876,0.5,1.0,1.0,1.0,1.0,1.0,1.0,1.0,0.6666666666666666,0.4,0.2,0.1,0.04,0.02,1.0,1.0,1.0,1.0,1.0,1.0,1.0,0.5,0.8333333333333333,0.8333333333333333,0.8333333333333333,0.8333333333333333,0.8333333333333333,0.8333333333333333,1.0
PLAIN-2870,5,0.0,0.0,0.0,0.0,0.0,0.0,0.0,0.0,0.0,0.0,0.0,0.0,0.0,0.0,0.0,0.0,0.0,0.0,0.0,0.0,0.0,0.0,0.0,0.0,0.0,0.0,0.0,0.0,0.0,0.0,0.0,0.0,0.0,0.0,0.0,
PLAIN-2880,17,0.0,0.0,0.0,0.0,0.0,0.0,0.0,0.0,0.0,0.0,0.0,0.0,0.0,0.0,0.0,0.0,0.0,0.0,0.0,0.0,0.0,0.0,0.0,0.0,0.0,0.0,0.0,0.0,0.0,0.0,0.0,0.0,0.0,0.0,0.0,
PLAIN-2890,29,0.0,0.4030302838010049,0.31958277119025663,0.22762622895961598,0.1569424610228041,0.14805675165963472,0.1633042657506821,0.0,0.034482758620689655,0.034482758620689655,0.034482758620689655,0.034482758620689655,0.06896551724137931,0.10344827586206896,0.0,0.3333333333333333,0.2,0.1,0.05,0.04,0.03,0.0,0.5,0.5,0.5,0.5,0.5,0.5,0.0,0.017241379310344827,0.017241379310344827,0.017241379310344827,0.017241379310344827,0.019999999999999997,0.021088929219600726,2.0
PLAIN-2900,12,0.0,0.0,0.0,0.0,0.0,0.05179798345964369,0.09138781584171271,0.0,0.0,0.0,0.0,0.0,0.08333333333333333,0.16666666666666666,0.0,0.0,0.0,0.0,0.0,0.02,0.02,0.0,0.0,0.0,0.0,0.0,0.03125,0.03125,0.0,0.0,0.0,0.0,0.0,0.0026041666666666665,0.004340277777777777,32.0
PLAIN-2910,15,1.0,0.5316519652587917,0.43673949858938643,0.32391343968871883,0.26694151849573755,0.26694151849573755,0.26694151849573755,0.06666666666666667,0.06666666666666667,0.06666666666666667,0.06666666666666667,0.06666666666666667,0.06666666666666667,0.06666666666666667,1.0,0.3333333333333333,0.2,0.1,0.05,0.02,0.01,1.0,1.0,1.0,1.0,1.0,1.0,1.0,0.06666666666666667,0.06666666666666667,0.06666666666666667,0.06666666666666667,0.06666666666666667,0.06666666666666667,0.06666666666666667,1.0
PLAIN-2920,7,0.0,0.0,0.0,0.0,0.0,0.0,0.0,0.0,0.0,0.0,0.0,0.0,0.0,0.0,0.0,0.0,0.0,0.0,0.0,0.0,0.0,0.0,0.0,0.0,0.0,0.0,0.0,0.0,0.0,0.0,0.0,0.0,0.0,0.0,0.0,
PLAIN-2930,14,1.0,0.6387878864795979,0.5065267082131061,0.36077903708155934,0.30251016897020766,0.335499552081043,0.335499552081043,0.07142857142857142,0.07142857142857142,0.07142857142857142,0.07142857142857142,0.07142857142857142,0.14285714285714285,0.14285714285714285,1.0,0.3333333333333333,0.2,0.1,0.05,0.04,0.02,1.0,1.0,1.0,1.0,1.0,1.0,1.0,0.07142857142857142,0.07142857142857142,0.07142857142857142,0.07142857142857142,0.07142857142857142,0.07763975155279502,0.07763975155279502,1.0
PLAIN-2940,22,0.0,0.0,0.0,0.0,0.0,0.0,0.03429758695195175,0.0,0.0,0.0,0.0,0.0,0.0,0.09090909090909091,0.0,0.0,0.0,0.0,0.0,0.0,0.02,0.0,0.0,0.0,0.0,0.0,0.0,0.01282051282051282,0.0,0.0,0.0,0.0,0.0,0.0,0.0016042010424032894,78.0
PLAIN-2950,2,0.0,0.0,0.0,0.0,0.0,0.0,0.0,0.0,0.0,0.0,0.0,0.0,0.0,0.0,0.0,0.0,0.0,0.0,0.0,0.0,0.0,0.0,0.0,0.0,0.0,0.0,0.0,0.0,0.0,0.0,0.0,0.0,0.0,0.0,0.0,
PLAIN-2960,2,0.0,0.0,0.0,0.0,0.0,0.0,0.0,0.0,0.0,0.0,0.0,0.0,0.0,0.0,0.0,0.0,0.0,0.0,0.0,0.0,0.0,0.0,0.0,0.0,0.0,0.0,0.0,0.0,0.0,0.0,0.0,0.0,0.0,0.0,0.0,
PLAIN-2970,9,0.0,0.0,0.0,0.0,0.08960287724701388,0.08960287724701388,0.08960287724701388,0.0,0.0,0.0,0.0,0.1111111111111111,0.1111111111111111,0.1111111111111111,0.0,0.0,0.0,0.0,0.05,0.02,0.01,0.0,0.0,0.0,0.0,0.05555555555555555,0.05555555555555555,0.05555555555555555,0.0,0.0,0.0,0.0,0.006172839506172839,0.006172839506172839,0.006172839506172839,18.0
PLAIN-2981,7,1.0,0.6387878864795979,0.5065267082131061,0.43122038713502525,0.43122038713502525,0.43122038713502525,0.43122038713502525,0.14285714285714285,0.14285714285714285,0.14285714285714285,0.14285714285714285,0.14285714285714285,0.14285714285714285,0.14285714285714285,1.0,0.3333333333333333,0.2,0.1,0.05,0.02,0.01,1.0,1.0,1.0,1.0,1.0,1.0,1.0,0.14285714285714285,0.14285714285714285,0.14285714285714285,0.14285714285714285,0.14285714285714285,0.14285714285714285,0.14285714285714285,1.0
PLAIN-2991,2,0.0,0.0,0.0,0.0,0.0,0.11600766930798434,0.11600766930798434,0.0,0.0,0.0,0.0,0.0,0.5,0.5,0.0,0.0,0.0,0.0,0.0,0.02,0.01,0.0,0.0,0.0,0.0,0.0,0.02631578947368421,0.02631578947368421,0.0,0.0,0.0,0.0,0.0,0.013157894736842105,0.013157894736842105,38.0
PLAIN-3001,2,0.0,0.0,0.0,0.0,0.0,0.0,0.0,0.0,0.0,0.0,0.0,0.0,0.0,0.0,0.0,0.0,0.0,0.0,0.0,0.0,0.0,0.0,0.0,0.0,0.0,0.0,0.0,0.0,0.0,0.0,0.0,0.0,0.0,0.0,0.0,
PLAIN-3014,1,0.0,0.0,0.0,0.0,0.0,0.0,0.0,0.0,0.0,0.0,0.0,0.0,0.0,0.0,0.0,0.0,0.0,0.0,0.0,0.0,0.0,0.0,0.0,0.0,0.0,0.0,0.0,0.0,0.0,0.0,0.0,0.0,0.0,0.0,0.0,
PLAIN-3026,1,0.0,0.0,0.0,0.0,0.0,0.0,0.0,0.0,0.0,0.0,0.0,0.0,0.0,0.0,0.0,0.0,0.0,0.0,0.0,0.0,0.0,0.0,0.0,0.0,0.0,0.0,0.0,0.0,0.0,0.0,0.0,0.0,0.0,0.0,0.0,
PLAIN-3037,4,0.0,0.0,0.0,0.0,0.0,0.14907849481116428,0.2163001568641159,0.0,0.0,0.0,0.0,0.0,0.5,0.75,0.0,0.0,0.0,0.0,0.0,0.04,0.03,0.0,0.0,0.0,0.0,0.0,0.03333333333333333,0.03333333333333333,0.0,0.0,0.0,0.0,0.0,0.019202898550724636,0.03283926218708827,30.0
PLAIN-3053,3,0.0,0.2960819109658652,0.2960819109658652,0.2960819109658652,0.2960819109658652,0.2960819109658652,0.3758553600915375,0.0,0.3333333333333333,0.3333333333333333,0.3333333333333333,0.3333333333333333,0.3333333333333333,0.6666666666666666,0.0,0.3333333333333333,0.2,0.1,0.05,0.02,0.02,0.0,0.5,0.5,0.5,0.5,0.5,0.5,0.0,0.16666666666666666,0.16666666666666666,0.16666666666666666,0.16666666666666666,0.16666666666666666,0.17816091954022986,2.0
PLAIN-3063,4,0.0,0.0,0.0,0.13012668333070054,0.13012668333070054,0.21048518007732075,0.21048518007732075,0.0,0.0,0.0,0.25,0.25,0.5,0.5,0.0,0.0,0.0,0.1,0.05,0.04,0.02,0.0,0.0,0.0,0.14285714285714285,0.14285714285714285,0.14285714285714285,0.14285714285714285,0.0,0.0,0.0,0.03571428571428571,0.03571428571428571,0.05357142857142857,0.05357142857142857,7.0
PLAIN-3074,1,0.0,0.0,0.0,0.0,0.0,0.21274605355336318,0.21274605355336318,0.0,0.0,0.0,0.0,0.0,1.0,1.0,0.0,0.0,0.0,0.0,0.0,0.02,0.01,0.0,0.0,0.0,0.0,0.0,0.04,0.04,0.0,0.0,0.0,0.0,0.0,0.04,0.04,25.0
PLAIN-3085,2,0.0,0.6934264036172708,0.6934264036172708,0.6934264036172708,0.6934264036172708,0.6934264036172708,0.6934264036172708,0.0,1.0,1.0,1.0,1.0,1.0,1.0,0.0,0.6666666666666666,0.4,0.2,0.1,0.04,0.02,0.0,0.5,0.5,0.5,0.5,0.5,0.5,0.0,0.5833333333333333,0.5833333333333333,0.5833333333333333,0.5833333333333333,0.5833333333333333,0.5833333333333333,2.0
PLAIN-3097,4,0.0,0.0,0.0,0.0,0.11670766252817129,0.11670766252817129,0.11670766252817129,0.0,0.0,0.0,0.0,0.25,0.25,0.25,0.0,0.0,0.0,0.0,0.05,0.02,0.01,0.0,0.0,0.0,0.0,0.0625,0.0625,0.0625,0.0,0.0,0.0,0.0,0.015625,0.015625,0.015625,16.0
PLAIN-3116,1,0.0,0.0,0.0,0.0,0.0,0.0,0.0,0.0,0.0,0.0,0.0,0.0,0.0,0.0,0.0,0.0,0.0,0.0,0.0,0.0,0.0,0.0,0.0,0.0,0.0,0.0,0.0,0.0,0.0,0.0,0.0,0.0,0.0,0.0,0.0,
PLAIN-3131,6,0.0,0.0,0.16957810039284818,0.1584652550904766,0.1584652550904766,0.1584652550904766,0.1584652550904766,0.0,0.0,0.16666666666666666,0.16666666666666666,0.16666666666666666,0.16666666666666666,0.16666666666666666,0.0,0.0,0.2,0.1,0.05,0.02,0.01,0.0,0.0,0.25,0.25,0.25,0.25,0.25,0.0,0.0,0.041666666666666664,0.041666666666666664,0.041666666666666664,0.041666666666666664,0.041666666666666664,4.0
PLAIN-3141,34,0.0,0.0,0.0,0.0,0.030415104060563972,0.0741908329621341,0.08690879652319278,0.0,0.0,0.0,0.0,0.029411764705882353,0.08823529411764706,0.11764705882352941,0.0,0.0,0.0,0.0,0.05,0.06,0.04,0.0,0.0,0.0,0.0,0.09090909090909091,0.09090909090909091,0.09090909090909091,0.0,0.0,0.0,0.0,0.0026737967914438505,0.0074777183600713,0.008784907902554961,11.0
PLAIN-3151,18,0.0,0.0,0.0,0.15752625954440044,0.12384358792573201,0.12384358792573201,0.12384358792573201,0.0,0.0,0.0,0.1111111111111111,0.1111111111111111,0.1111111111111111,0.1111111111111111,0.0,0.0,0.0,0.2,0.1,0.04,0.02,0.0,0.0,0.0,0.1111111111111111,0.1111111111111111,0.1111111111111111,0.1111111111111111,0.0,0.0,0.0,0.017283950617283952,0.017283950617283952,0.017283950617283952,0.017283950617283952,9.0
PLAIN-3161,43,0.5,0.6387878864795979,0.5065267082131061,0.42503508006474094,0.29305081313023723,0.21515596232147194,0.25583920088066286,0.023255813953488372,0.046511627906976744,0.046511627906976744,0.06976744186046512,0.06976744186046512,0.11627906976744186,0.18604651162790697,1.0,0.6666666666666666,0.4,0.3,0.15,0.1,0.08,1.0,1.0,1.0,1.0,1.0,1.0,1.0,0.023255813953488372,0.03875968992248062,0.03875968992248062,0.050387596899224806,0.050387596899224806,0.055134907757947244,0.06379677024824326,1.0
PLAIN-3171,34,0.0,0.0,0.0,0.0,0.0,0.0,0.0,0.0,0.0,0.0,0.0,0.0,0.0,0.0,0.0,0.0,0.0,0.0,0.0,0.0,0.0,0.0,0.0,0.0,0.0,0.0,0.0,0.0,0.0,0.0,0.0,0.0,0.0,0.0,0.0,
PLAIN-3181,27,0.0,0.0,0.0,0.0,0.0,0.0,0.0,0.0,0.0,0.0,0.0,0.0,0.0,0.0,0.0,0.0,0.0,0.0,0.0,0.0,0.0,0.0,0.0,0.0,0.0,0.0,0.0,0.0,0.0,0.0,0.0,0.0,0.0,0.0,0.0,
PLAIN-3191,16,0.0,0.0,0.0,0.04439936974552799,0.036395853546675884,0.06065975591112647,0.09747994289443723,0.0,0.0,0.0,0.0625,0.0625,0.125,0.1875,0.0,0.0,0.0,0.1,0.05,0.04,0.03,0.0,0.0,0.0,0.125,0.125,0.125,0.125,0.0,0.0,0.0,0.0078125,0.0078125,0.012620192307692308,0.015087297570850203,8.0
PLAIN-3201,32,1.0,0.6387878864795979,0.5065267082131061,0.36077903708155934,0.24874791549203612,0.21033166655349603,0.22573044213258409,0.03125,0.03125,0.03125,0.03125,0.03125,0.0625,0.09375,1.0,0.3333333333333333,0.2,0.1,0.05,0.04,0.03,1.0,1.0,1.0,1.0,1.0,1.0,1.0,0.03125,0.03125,0.03125,0.03125,0.03125,0.03409090909090909,0.035430194805194805,1.0
PLAIN-3211,18,0.0,0.0,0.0,0.06943122193677728,0.04793410349711072,0.04793410349711072,0.04793410349711072,0.0,0.0,0.0,0.05555555555555555,0.05555555555555555,0.05555555555555555,0.05555555555555555,0.0,0.0,0.0,0.1,0.05,0.02,0.01,0.0,0.0,0.0,0.125,0.125,0.125,0.125,0.0,0.0,0.0,0.006944444444444444,0.006944444444444444,0.006944444444444444,0.006944444444444444,8.0
PLAIN-3221,24,0.0,0.0,0.0,0.0,0.0,0.0,0.016950093091460665,0.0,0.0,0.0,0.0,0.0,0.0,0.041666666666666664,0.0,0.0,0.0,0.0,0.0,0.0,0.01,0.0,0.0,0.0,0.0,0.0,0.0,0.010309278350515464,0.0,0.0,0.0,0.0,0.0,0.0,0.000429553264604811,97.0
PLAIN-3231,8,0.5,0.26582598262939583,0.21836974929469322,0.30664281415696015,0.30664281415696015,0.30664281415696015,0.3363770410394604,0.125,0.125,0.125,0.25,0.25,0.25,0.375,1.0,0.3333333333333333,0.2,0.2,0.1,0.04,0.03,1.0,1.0,1.0,1.0,1.0,1.0,1.0,0.125,0.125,0.125,0.16666666666666666,0.16666666666666666,0.16666666666666666,0.17252604166666666,1.0
PLAIN-3241,29,0.0,0.0,0.0,0.0,0.0,0.04223204375417109,0.04223204375417109,0.0,0.0,0.0,0.0,0.0,0.034482758620689655,0.034482758620689655,0.0,0.0,0.0,0.0,0.0,0.02,0.01,0.0,0.0,0.0,0.0,0.0,0.038461538461538464,0.038461538461538464,0.0,0.0,0.0,0.0,0.0,0.0013262599469496023,0.0013262599469496023,26.0
PLAIN-3251,21,0.0,0.0,0.0,0.0,0.031834512562450235,0.030970735891662365,0.030970735891662365,0.0,0.0,0.0,0.0,0.047619047619047616,0.047619047619047616,0.047619047619047616,0.0,0.0,0.0,0.0,0.05,0.02,0.01,0.0,0.0,0.0,0.0,0.07142857142857142,0.07142857142857142,0.07142857142857142,0.0,0.0,0.0,0.0,0.003401360544217687,0.003401360544217687,0.003401360544217687,14.0
PLAIN-3261,13,0.0,0.0,0.0,0.0,0.0,0.0,0.02158009186612479,0.0,0.0,0.0,0.0,0.0,0.0,0.07692307692307693,0.0,0.0,0.0,0.0,0.0,0.0,0.01,0.0,0.0,0.0,0.0,0.0,0.0,0.013888888888888888,0.0,0.0,0.0,0.0,0.0,0.0,0.0010683760683760683,72.0
PLAIN-3271,49,0.0,0.0,0.0,0.0,0.03233829114831981,0.017896576646466565,0.017896576646466565,0.0,0.0,0.0,0.0,0.02040816326530612,0.02040816326530612,0.02040816326530612,0.0,0.0,0.0,0.0,0.05,0.02,0.01,0.0,0.0,0.0,0.0,0.05,0.05,0.05,0.0,0.0,0.0,0.0,0.0010204081632653062,0.0010204081632653062,0.0010204081632653062,20.0
PLAIN-3281,26,0.0,0.0,0.0,0.0,0.0,0.0,0.0643509426994442,0.0,0.0,0.0,0.0,0.0,0.0,0.11538461538461539,0.0,0.0,0.0,0.0,0.0,0.0,0.03,0.0,0.0,0.0,0.0,0.0,0.0,0.01694915254237288,0.0,0.0,0.0,0.0,0.0,0.0,0.0029797653505242725,59.0
PLAIN-3292,7,0.0,0.0,0.19595127901151166,0.2386888818224545,0.295318798912241,0.33925908846352537,0.33925908846352537,0.0,0.0,0.14285714285714285,0.2857142857142857,0.42857142857142855,0.5714285714285714,0.5714285714285714,0.0,0.0,0.2,0.2,0.15,0.08,0.04,0.0,0.0,0.2,0.2,0.2,0.2,0.2,0.0,0.0,0.028571428571428574,0.06938775510204082,0.10235478806907379,0.12205922156661073,0.12205922156661073,5.0
PLAIN-3302,37,0.0,0.0,0.0,0.0,0.028316249891460255,0.019750564427866074,0.03455954866977234,0.0,0.0,0.0,0.0,0.02702702702702703,0.02702702702702703,0.05405405405405406,0.0,0.0,0.0,0.0,0.05,0.02,0.02,0.0,0.0,0.0,0.0,0.05,0.05,0.05,0.0,0.0,0.0,0.0,0.0013513513513513514,0.0013513513513513514,0.0022996680891417733,20.0
PLAIN-3312,13,0.0,0.0,0.0,0.0,0.052351543413351874,0.09553719890526653,0.09553719890526653,0.0,0.0,0.0,0.0,0.07692307692307693,0.23076923076923078,0.23076923076923078,0.0,0.0,0.0,0.0,0.05,0.06,0.03,0.0,0.0,0.0,0.0,0.05555555555555555,0.05555555555555555,0.05555555555555555,0.0,0.0,0.0,0.0,0.004273504273504273,0.015391797744738922,0.015391797744738922,18.0
PLAIN-3322,79,0.0,0.0,0.13120507751234178,0.08514311764162101,0.054948588071985875,0.08968146830037531,0.09219751646999993,0.0,0.0,0.012658227848101266,0.012658227848101266,0.012658227848101266,0.06329113924050633,0.10126582278481013,0.0,0.0,0.2,0.1,0.05,0.1,0.08,0.0,0.0,0.2,0.2,0.2,0.2,0.2,0.0,0.0,0.002531645569620253,0.002531645569620253,0.002531645569620253,0.007110503286102532,0.010490402426426097,5.0
PLAIN-3332,14,0.5,0.47909091485969846,0.3798950311598296,0.3843973922909776,0.359318598325691,0.359318598325691,0.38434262579614953,0.07142857142857142,0.14285714285714285,0.14285714285714285,0.21428571428571427,0.2857142857142857,0.2857142857142857,0.35714285714285715,1.0,0.6666666666666666,0.4,0.3,0.2,0.08,0.05,1.0,1.0,1.0,1.0,1.0,1.0,1.0,0.07142857142857142,0.11904761904761904,0.11904761904761904,0.14583333333333331,0.1636904761904762,0.1636904761904762,0.1691849816849817,1.0
PLAIN-3342,3,0.0,0.0,0.0,0.0,0.0,0.0,0.07851041477541786,0.0,0.0,0.0,0.0,0.0,0.0,0.3333333333333333,0.0,0.0,0.0,0.0,0.0,0.0,0.01,0.0,0.0,0.0,0.0,0.0,0.0,0.016129032258064516,0.0,0.0,0.0,0.0,0.0,0.0,0.005376344086021505,62.0
PLAIN-3352,39,0.0,0.0,0.08447695052975514,0.06265341172228864,0.04461353566019735,0.046675564374990125,0.08702187357444767,0.0,0.0,0.02564102564102564,0.02564102564102564,0.02564102564102564,0.05128205128205128,0.1282051282051282,0.0,0.0,0.2,0.1,0.05,0.04,0.05,0.0,0.0,0.2,0.2,0.2,0.2,0.2,0.0,0.0,0.005128205128205128,0.005128205128205128,0.005128205128205128,0.006730769230769231,0.01176034690675165,5.0
PLAIN-3362,11,0.0,0.0,0.0,0.0,0.0,0.0,0.07906047943208887,0.0,0.0,0.0,0.0,0.0,0.0,0.18181818181818182,0.0,0.0,0.0,0.0,0.0,0.0,0.02,0.0,0.0,0.0,0.0,0.0,0.0,0.018518518518518517,0.0,0.0,0.0,0.0,0.0,0.0,0.004397205889743203,54.0
PLAIN-3372,14,0.0,0.0,0.0,0.0,0.0,0.0,0.05142419256647306,0.0,0.0,0.0,0.0,0.0,0.0,0.07142857142857142,0.0,0.0,0.0,0.0,0.0,0.0,0.01,0.0,0.0,0.0,0.0,0.0,0.0,0.017241379310344827,0.0,0.0,0.0,0.0,0.0,0.0,0.0012315270935960591,58.0
PLAIN-3382,14,0.0,0.13291299131469791,0.19366182517710176,0.2434772589872901,0.20757940129473548,0.23769482899119335,0.30947806592186955,0.0,0.07142857142857142,0.14285714285714285,0.2857142857142857,0.2857142857142857,0.35714285714285715,0.5,0.0,0.3333333333333333,0.4,0.4,0.2,0.1,0.07,0.0,0.3333333333333333,0.3333333333333333,0.3333333333333333,0.3333333333333333,0.3333333333333333,0.3333333333333333,0.0,0.023809523809523808,0.05238095238095238,0.11091269841269842,0.11091269841269842,0.12644064872325741,0.14345433678957709,3.0
PLAIN-3392,23,0.0,0.0,0.0,0.0,0.0,0.0,0.020147324140880708,0.0,0.0,0.0,0.0,0.0,0.0,0.043478260869565216,0.0,0.0,0.0,0.0,0.0,0.0,0.01,0.0,0.0,0.0,0.0,0.0,0.0,0.011627906976744186,0.0,0.0,0.0,0.0,0.0,0.0,0.0005055611729019212,86.0
PLAIN-3402,14,0.0,0.0,0.0,0.0,0.04971050552378229,0.08161945713655319,0.11154965911591523,0.0,0.0,0.0,0.0,0.07142857142857142,0.14285714285714285,0.21428571428571427,0.0,0.0,0.0,0.0,0.05,0.04,0.03,0.0,0.0,0.0,0.0,0.09090909090909091,0.09090909090909091,0.09090909090909091,0.0,0.0,0.0,0.0,0.006493506493506494,0.009533020171318045,0.013045900733378935,11.0
PLAIN-3412,49,0.0,0.0,0.0,0.0,0.0,0.0,0.011256360862330667,0.0,0.0,0.0,0.0,0.0,0.0,0.02040816326530612,0.0,0.0,0.0,0.0,0.0,0.0,0.01,0.0,0.0,0.0,0.0,0.0,0.0,0.013888888888888888,0.0,0.0,0.0,0.0,0.0,0.0,0.0002834467120181406,72.0
PLAIN-3422,31,0.5,0.38268031849431083,0.2765732350040718,0.2730921218806795,0.23332573566442502,0.2199204877397682,0.29115139578473015,0.03225806451612903,0.06451612903225806,0.06451612903225806,0.12903225806451613,0.16129032258064516,0.22580645161290322,0.3548387096774194,1.0,0.6666666666666666,0.4,0.4,0.25,0.14,0.11,1.0,1.0,1.0,1.0,1.0,1.0,1.0,0.03225806451612903,0.06451612903225806,0.06451612903225806,0.09907834101382487,0.1091589861751152,0.11857573430154074,0.13412890576606384,1.0
PLAIN-3432,42,0.0,0.0,0.0,0.0,0.0,0.05361826235997682,0.09690698244269208,0.0,0.0,0.0,0.0,0.0,0.07142857142857142,0.14285714285714285,0.0,0.0,0.0,0.0,0.0,0.06,0.06,0.0,0.0,0.0,0.0,0.0,0.045454545454545456,0.045454545454545456,0.0,0.0,0.0,0.0,0.0,0.004554473304473304,0.009949323937419175,22.0
PLAIN-3442,29,0.0,0.11731968150568911,0.09074302407193531,0.07037133610231527,0.05207316445557403,0.059936736204548514,0.073306643274872,0.0,0.034482758620689655,0.034482758620689655,0.034482758620689655,0.034482758620689655,0.06896551724137931,0.10344827586206896,0.0,0.3333333333333333,0.2,0.1,0.05,0.04,0.03,0.0,0.3333333333333333,0.3333333333333333,0.3333333333333333,0.3333333333333333,0.3333333333333333,0.3333333333333333,0.0,0.011494252873563218,0.011494252873563218,0.011494252873563218,0.011494252873563218,0.013358185771978875,0.01452052595020437,3.0
PLAIN-3452,17,1.0,0.5316519652587917,0.43673949858938643,0.32391343968871883,0.25072897065441263,0.2751699080940227,0.2751699080940227,0.058823529411764705,0.058823529411764705,0.058823529411764705,0.058823529411764705,0.058823529411764705,0.11764705882352941,0.11764705882352941,1.0,0.3333333333333333,0.2,0.1,0.05,0.04,0.02,1.0,1.0,1.0,1.0,1.0,1.0,1.0,0.058823529411764705,0.058823529411764705,0.058823529411764705,0.058823529411764705,0.058823529411764705,0.06228373702422146,0.06228373702422146,1.0
PLAIN-3462,64,0.0,0.0,0.14606834984270645,0.16815228646891087,0.21649468075949266,0.22858415160079754,0.30042688628446557,0.0,0.0,0.015625,0.03125,0.078125,0.171875,0.3125,0.0,0.0,0.2,0.2,0.25,0.22,0.2,0.0,0.0,0.25,0.25,0.25,0.25,0.25,0.0,0.0,0.00390625,0.008370535714285714,0.02073855984701573,0.040585866599498165,0.06916453415200498,4.0
PLAIN-3472,17,0.0,0.0,0.0,0.0,0.0,0.0,0.0,0.0,0.0,0.0,0.0,0.0,0.0,0.0,0.0,0.0,0.0,0.0,0.0,0.0,0.0,0.0,0.0,0.0,0.0,0.0,0.0,0.0,0.0,0.0,0.0,0.0,0.0,0.0,0.0,
