query_id,n_relevant,ndcg@1,ndcg@3,ndcg@5,ndcg@10,ndcg@20,ndcg@50,ndcg@100,recall@1,recall@3,recall@5,recall@10,recall@20,recall@50,recall@100,precision@1,precision@3,precision@5,precision@10,precision@20,precision@50,precision@100,mrr@1,mrr@3,mrr@5,mrr@10,mrr@20,mrr@50,mrr@100,map@1,map@3,map@5,map@10,map@20,map@50,map@100,first_relevant_rank
PLAIN-2,24,0.0,0.23463936301137822,0.16958010263680806,0.1222260944107594,0.18673222925169536,0.2842038445170914,0.34243518796869316,0.0,0.041666666666666664,0.041666666666666664,0.041666666666666664,0.16666666666666666,0.3333333333333333,0.4583333333333333,0.0,0.3333333333333333,0.2,0.1,0.2,0.16,0.11,0.0,0.3333333333333333,0.3333333333333333,0.3333333333333333,0.3333333333333333,0.3333333333333333,0.3333333333333333,0.0,0.013888888888888888,0.013888888888888888,0.013888888888888888,0.03807684690037631,0.06353200833433134,0.08313646692688517,3.0
PLAIN-12,30,0.0,0.0,0.0,0.0,0.0,0.0,0.024557791261702495,0.0,0.0,0.0,0.0,0.0,0.0,0.06666666666666667,0.0,0.0,0.0,0.0,0.0,0.0,0.02,0.0,0.0,0.0,0.0,0.0,0.0,0.014492753623188406,0.0,0.0,0.0,0.0,0.0,0.0,0.001170377010807311,69.0
PLAIN-23,90,0.0,0.2960819109658652,0.21398626473452756,0.1719895556007491,0.13491995397228648,0.10017482259645889,0.09338253120024849,0.0,0.011111111111111112,0.011111111111111112,0.022222222222222223,0.022222222222222223,0.03333333333333333,0.05555555555555555,0.0,0.3333333333333333,0.2,0.2,0.1,0.06,0.05,0.0,0.5,0.5,0.5,0.5,0.5,0.5,0.0,0.005555555555555556,0.005555555555555556,0.008024691358024692,0.008024691358024692,0.008818342151675485,0.01025277783268651,2.0
PLAIN-33,32,0.0,0.23463936301137822,0.3156484524795145,0.2115641877068823,0.252276974679261,0.23328795801951666,0.2453079272475408,0.0,0.03125,0.0625,0.0625,0.125,0.15625,0.1875,0.0,0.3333333333333333,0.4,0.2,0.2,0.1,0.06,0.0,0.3333333333333333,0.3333333333333333,0.3333333333333333,0.3333333333333333,0.3333333333333333,0.3333333333333333,0.0,0.010416666666666666,0.026041666666666664,0.026041666666666664,0.03983215249662618,0.04373840249662618,0.04666808999662618,3.0
PLAIN-44,58,0.5,0.23463936301137822,0.16958010263680806,0.21236222583951206,0.2108815018195885,0.1576840679242322,0.18132304677148406,0.017241379310344827,0.017241379310344827,0.017241379310344827,0.034482758620689655,0.06896551724137931,0.08620689655172414,0.13793103448275862,1.0,0.3333333333333333,0.2,0.2,0.2,0.1,0.08,1.0,1.0,1.0,1.0,1.0,1.0,1.0,0.017241379310344827,0.017241379310344827,0.017241379310344827,0.02216748768472906,0.030788177339901475,0.032943349753694576,0.03745574093283491,1.0
PLAIN-56,50,1.0,0.5865984075284455,0.5239235075580361,0.5065704810957843,0.37485046371845354,0.2706875846523275,0.32150365428158634,0.02,0.04,0.06,0.08,0.08,0.14,0.22,1.0,0.6666666666666666,0.6,0.4,0.2,0.14,0.11,1.0,1.0,1.0,1.0,1.0,1.0,1.0,0.02,0.03333333333333333,0.04533333333333333,0.058666666666666666,0.058666666666666666,0.06913456756009947,0.0787330178049315,1.0
PLAIN-68,55,0.0,0.0,0.21814917926546643,0.21963511689850057,0.15143279371024249,0.08760855668861754,0.09416678487007764,0.0,0.0,0.01818181818181818,0.03636363636363636,0.03636363636363636,0.03636363636363636,0.05454545454545454,0.0,0.0,0.2,0.2,0.1,0.04,0.03,0.0,0.0,0.25,0.25,0.25,0.25,0.25,0.0,0.0,0.004545454545454545,0.010606060606060605,0.010606060606060605,0.010606060606060605,0.011616161616161615,4.0
PLAIN-78,62,0.0,0.0,0.07303417492135322,0.1352670475837051,0.12801007320322352,0.0817320846153739,0.0896940222182608,0.0,0.0,0.016129032258064516,0.03225806451612903,0.04838709677419355,0.04838709677419355,0.08064516129032258,0.0,0.0,0.2,0.2,0.15,0.06,0.05,0.0,0.0,0.25,0.25,0.25,0.25,0.25,0.0,0.0,0.004032258064516129,0.008064516129032258,0.011786600496277918,0.011786600496277918,0.013528310333530294,4.0
PLAIN-91,64,0.0,0.0,0.07303417492135322,0.08781209134663846,0.08928271746547961,0.09356200363307976,0.10642464379487016,0.0,0.0,0.015625,0.03125,0.046875,0.078125,0.125,0.0,0.0,0.2,0.2,0.15,0.1,0.08,0.0,0.0,0.25,0.25,0.25,0.25,0.25,0.0,0.0,0.00390625,0.0078125,0.010416666666666666,0.014393715524034673,0.0183577353751513,4.0
PLAIN-102,24,0.0,0.0,0.09404673201358822,0.0697509626594255,0.04966747978119048,0.04509726139264555,0.06329268192705177,0.0,0.0,0.041666666666666664,0.041666666666666664,0.041666666666666664,0.041666666666666664,0.08333333333333333,0.0,0.0,0.2,0.1,0.05,0.02,0.02,0.0,0.0,0.25,0.25,0.25,0.25,0.25,0.0,0.0,0.010416666666666666,0.010416666666666666,0.010416666666666666,0.010416666666666666,0.011988993710691823,4.0
PLAIN-112,56,1.0,0.7653606369886217,0.7403521653031849,0.6210583149387775,0.4595688182371263,0.2854405483913138,0.27758183185015883,0.017857142857142856,0.03571428571428571,0.07142857142857142,0.08928571428571429,0.08928571428571429,0.08928571428571429,0.10714285714285714,1.0,0.6666666666666666,0.8,0.5,0.25,0.1,0.06,1.0,1.0,1.0,1.0,1.0,1.0,1.0,0.017857142857142856,0.03571428571428571,0.06339285714285714,0.07614795918367347,0.07614795918367347,0.07614795918367347,0.07787606978275181,1.0
PLAIN-123,51,0.0,0.0,0.0,0.0,0.025389192195106398,0.01621053369379818,0.016036900499820265,0.0,0.0,0.0,0.0,0.0196078431372549,0.0196078431372549,0.0196078431372549,0.0,0.0,0.0,0.0,0.05,0.02,0.01,0.0,0.0,0.0,0.0,0.07692307692307693,0.07692307692307693,0.07692307692307693,0.0,0.0,0.0,0.0,0.0015082956259426848,0.0015082956259426848,0.0015082956259426848,13.0
PLAIN-133,36,0.0,0.0,0.0,0.0,0.0,0.026812360205305943,0.026812360205305943,0.0,0.0,0.0,0.0,0.0,0.027777777777777776,0.027777777777777776,0.0,0.0,0.0,0.0,0.0,0.02,0.01,0.0,0.0,0.0,0.0,0.0,0.020833333333333332,0.020833333333333332,0.0,0.0,0.0,0.0,0.0,0.0005787037037037037,0.0005787037037037037,48.0
PLAIN-143,51,0.0,0.0,0.3570473650866868,0.2648087487634283,0.21571040296333135,0.1441778604620216,0.15379248334461312,0.0,0.0,0.0392156862745098,0.0392156862745098,0.058823529411764705,0.0784313725490196,0.09803921568627451,0.0,0.0,0.4,0.2,0.15,0.08,0.05,0.0,0.0,0.25,0.25,0.25,0.25,0.25,0.0,0.0,0.012745098039215686,0.012745098039215686,0.016013071895424835,0.019747899159663865,0.021304077186430126,4.0
PLAIN-153,47,0.5,0.680606056760201,0.7467366458934469,0.7084012682351577,0.5578110261871556,0.37961612644157006,0.41705965403284145,0.02127659574468085,0.06382978723404255,0.10638297872340426,0.1702127659574468,0.19148936170212766,0.2553191489361702,0.3191489361702128,1.0,1.0,1.0,0.8,0.45,0.24,0.15,1.0,1.0,1.0,1.0,1.0,1.0,1.0,0.02127659574468085,0.06382978723404255,0.10638297872340426,0.16595744680851063,0.18336557059961314,0.2044693098914101,0.21870246277830185,1.0
PLAIN-165,36,0.0,0.38268031849431083,0.40587684137090047,0.35398009868067587,0.2576147927897013,0.2194467877266871,0.2194467877266871,0.0,0.05555555555555555,0.08333333333333333,0.1111111111111111,0.1111111111111111,0.16666666666666666,0.16666666666666666,0.0,0.6666666666666666,0.6,0.4,0.2,0.12,0.06,0.0,0.5,0.5,0.5,0.5,0.5,0.5,0.0,0.032407407407407406,0.053240740740740734,0.0655864197530864,0.0655864197530864,0.07321271396474648,0.07321271396474648,2.0
PLAIN-175,37,0.0,0.23463936301137822,0.16958010263680806,0.13347537859706934,0.10011285220460953,0.07420744291125281,0.0861581636175249,0.0,0.02702702702702703,0.02702702702702703,0.02702702702702703,0.02702702702702703,0.02702702702702703,0.05405405405405406,0.0,0.3333333333333333,0.2,0.1,0.05,0.02,0.02,0.0,0.3333333333333333,0.3333333333333333,0.3333333333333333,0.3333333333333333,0.3333333333333333,0.3333333333333333,0.0,0.009009009009009009,0.009009009009009009,0.009009009009009009,0.009009009009009009,0.009009009009009009,0.00974947550290016,3.0
PLAIN-186,24,0.0,0.0,0.0,0.0,0.03730675036644463,0.033166926134933924,0.033166926134933924,0.0,0.0,0.0,0.0,0.041666666666666664,0.041666666666666664,0.041666666666666664,0.0,0.0,0.0,0.0,0.05,0.02,0.01,0.0,0.0,0.0,0.0,0.07692307692307693,0.07692307692307693,0.07692307692307693,0.0,0.0,0.0,0.0,0.0032051282051282055,0.0032051282051282055,0.0032051282051282055,13.0
PLAIN-196,69,1.0,0.7039180890341347,0.5087403079104241,0.3301376494471203,0.21306005945048592,0.13086810400906493,0.12494667308360419,0.014492753623188406,0.028985507246376812,0.028985507246376812,0.028985507246376812,0.028985507246376812,0.043478260869565216,0.07246376811594203,1.0,0.6666666666666666,0.4,0.2,0.1,0.06,0.05,1.0,1.0,1.0,1.0,1.0,1.0,1.0,0.014492753623188406,0.024154589371980673,0.024154589371980673,0.024154589371980673,0.024154589371980673,0.025269416573764397,0.027094578096274725,1.0
PLAIN-207,55,1.0,0.46927872602275644,0.4703652827859579,0.5193185983095429,0.47332002664620715,0.2722456986080292,0.278088160145177,0.01818181818181818,0.01818181818181818,0.03636363636363636,0.09090909090909091,0.16363636363636364,0.18181818181818182,0.21818181818181817,1.0,0.3333333333333333,0.4,0.5,0.45,0.2,0.12,1.0,1.0,1.0,1.0,1.0,1.0,1.0,0.01818181818181818,0.01818181818181818,0.025454545454545452,0.05373737373737374,0.08670767828662565,0.09057615024020399,0.09591492910839464,1.0
PLAIN-217,36,0.0,0.0,0.0,0.0,0.0,0.0,0.0,0.0,0.0,0.0,0.0,0.0,0.0,0.0,0.0,0.0,0.0,0.0,0.0,0.0,0.0,0.0,0.0,0.0,0.0,0.0,0.0,0.0,0.0,0.0,0.0,0.0,0.0,0.0,0.0,
PLAIN-227,40,0.0,0.0,0.0,0.0,0.0,0.01651507628031702,0.030403703809480515,0.0,0.0,0.0,0.0,0.0,0.025,0.05,0.0,0.0,0.0,0.0,0.0,0.02,0.02,0.0,0.0,0.0,0.0,0.0,0.023255813953488372,0.023255813953488372,0.0,0.0,0.0,0.0,0.0,0.0005813953488372093,0.001143193101646198,43.0
PLAIN-238,54,0.0,0.0,0.0,0.0,0.0,0.015959923904348715,0.03766944695100023,0.0,0.0,0.0,0.0,0.0,0.018518518518518517,0.05555555555555555,0.0,0.0,0.0,0.0,0.0,0.02,0.03,0.0,0.0,0.0,0.0,0.0,0.03571428571428571,0.03571428571428571,0.0,0.0,0.0,0.0,0.0,0.0006613756613756613,0.0016685386934012323,28.0
PLAIN-248,31,0.0,0.0,0.0,0.0,0.0,0.04229149998247978,0.10798163582804442,0.0,0.0,0.0,0.0,0.0,0.06451612903225806,0.1935483870967742,0.0,0.0,0.0,0.0,0.0,0.04,0.06,0.0,0.0,0.0,0.0,0.0,0.04,0.04,0.0,0.0,0.0,0.0,0.0,0.0027906976744186047,0.00917142735047821,25.0
PLAIN-259,14,1.0,0.7653606369886217,0.5531464700081437,0.35895421017163476,0.2906484777184988,0.2906484777184988,0.31790126410012426,0.07142857142857142,0.14285714285714285,0.14285714285714285,0.14285714285714285,0.14285714285714285,0.14285714285714285,0.21428571428571427,1.0,0.6666666666666666,0.4,0.2,0.1,0.04,0.03,1.0,1.0,1.0,1.0,1.0,1.0,1.0,0.07142857142857142,0.14285714285714285,0.14285714285714285,0.14285714285714285,0.14285714285714285,0.14285714285714285,0.1451863354037267,1.0
PLAIN-270,52,0.0,0.0,0.13120507751234178,0.15850703974098107,0.10229526794987163,0.0695757914546875,0.09178151677013541,0.0,0.0,0.019230769230769232,0.038461538461538464,0.038461538461538464,0.057692307692307696,0.09615384615384616,0.0,0.0,0.2,0.2,0.1,0.06,0.05,0.0,0.0,0.2,0.2,0.2,0.2,0.2,0.0,0.0,0.0038461538461538464,0.00934065934065934,0.00934065934065934,0.010518053375196233,0.012751200345185308,5.0
PLAIN-280,20,0.0,0.0,0.0,0.0,0.03730675036644463,0.03730675036644463,0.03730675036644463,0.0,0.0,0.0,0.0,0.05,0.05,0.05,0.0,0.0,0.0,0.0,0.05,0.02,0.01,0.0,0.0,0.0,0.0,0.07692307692307693,0.07692307692307693,0.07692307692307693,0.0,0.0,0.0,0.0,0.0038461538461538464,0.0038461538461538464,0.0038461538461538464,13.0
PLAIN-291,13,0.0,0.0,0.0,0.0,0.0,0.03291850551891959,0.03291850551891959,0.0,0.0,0.0,0.0,0.0,0.07692307692307693,0.07692307692307693,0.0,0.0,0.0,0.0,0.0,0.02,0.01,0.0,0.0,0.0,0.0,0.0,0.02,0.02,0.0,0.0,0.0,0.0,0.0,0.0015384615384615385,0.0015384615384615385,50.0
PLAIN-307,3,1.0,0.46927872602275644,0.6508205185601091,0.6508205185601091,0.6508205185601091,0.7545614931684919,0.7545614931684919,0.3333333333333333,0.3333333333333333,0.6666666666666666,0.6666666666666666,0.6666666666666666,1.0,1.0,1.0,0.3333333333333333,0.4,0.2,0.1,0.06,0.03,1.0,1.0,1.0,1.0,1.0,1.0,1.0,0.3333333333333333,0.3333333333333333,0.4666666666666666,0.4666666666666666,0.4666666666666666,0.5121212121212121,0.5121212121212121,1.0
PLAIN-320,42,0.0,0.0,0.0,0.0,0.0,0.035394141432408724,0.06318702138626656,0.0,0.0,0.0,0.0,0.0,0.047619047619047616,0.09523809523809523,0.0,0.0,0.0,0.0,0.0,0.04,0.04,0.0,0.0,0.0,0.0,0.0,0.034482758620689655,0.034482758620689655,0.0,0.0,0.0,0.0,0.0,0.00240831964969896,0.004544612763435683,29.0
PLAIN-332,2,1.0,0.6131471927654584,0.6131471927654584,0.6131471927654584,0.6131471927654584,0.6131471927654584,0.6131471927654584,0.5,0.5,0.5,0.5,0.5,0.5,0.5,1.0,0.3333333333333333,0.2,0.1,0.05,0.02,0.01,1.0,1.0,1.0,1.0,1.0,1.0,1.0,0.5,0.5,0.5,0.5,0.5,0.5,0.5,1.0
PLAIN-344,61,1.0,0.5865984075284455,0.4239502565920201,0.3722714836245495,0.3876619706947936,0.2814990683251732,0.31581820003732347,0.01639344262295082,0.03278688524590164,0.03278688524590164,0.04918032786885246,0.08196721311475409,0.11475409836065574,0.21311475409836064,1.0,0.6666666666666666,0.4,0.3,0.25,0.14,0.13,1.0,1.0,1.0,1.0,1.0,1.0,1.0,0.01639344262295082,0.0273224043715847,0.0273224043715847,0.03224043715846994,0.04450685926095762,0.05076824359611245,0.06475573583221991,1.0
PLAIN-358,3,0.0,0.0,0.0,0.0,0.0,0.0,0.0,0.0,0.0,0.0,0.0,0.0,0.0,0.0,0.0,0.0,0.0,0.0,0.0,0.0,0.0,0.0,0.0,0.0,0.0,0.0,0.0,0.0,0.0,0.0,0.0,0.0,0.0,0.0,0.0,
PLAIN-371,2,0.0,0.0,0.0,0.11441962494640397,0.11441962494640397,0.11441962494640397,0.11441962494640397,0.0,0.0,0.0,0.5,0.5,0.5,0.5,0.0,0.0,0.0,0.1,0.05,0.02,0.01,0.0,0.0,0.0,0.1111111111111111,0.1111111111111111,0.1111111111111111,0.1111111111111111,0.0,0.0,0.0,0.05555555555555555,0.05555555555555555,0.05555555555555555,0.05555555555555555,9.0
PLAIN-383,5,0.0,0.0,0.0,0.0,0.08297572808511901,0.08297572808511901,0.1360332004917665,0.0,0.0,0.0,0.0,0.2,0.2,0.4,0.0,0.0,0.0,0.0,0.05,0.02,0.02,0.0,0.0,0.0,0.0,0.0625,0.0625,0.0625,0.0,0.0,0.0,0.0,0.0125,0.0125,0.017319277108433735,16.0
PLAIN-395,3,0.0,0.0,0.0,0.0,0.0,0.0,0.0,0.0,0.0,0.0,0.0,0.0,0.0,0.0,0.0,0.0,0.0,0.0,0.0,0.0,0.0,0.0,0.0,0.0,0.0,0.0,0.0,0.0,0.0,0.0,0.0,0.0,0.0,0.0,0.0,
PLAIN-407,3,1.0,0.6387878864795979,0.6387878864795979,0.6387878864795979,0.6387878864795979,0.6387878864795979,0.6387878864795979,0.3333333333333333,0.3333333333333333,0.3333333333333333,0.3333333333333333,0.3333333333333333,0.3333333333333333,0.3333333333333333,1.0,0.3333333333333333,0.2,0.1,0.05,0.02,0.01,1.0,1.0,1.0,1.0,1.0,1.0,1.0,0.3333333333333333,0.3333333333333333,0.3333333333333333,0.3333333333333333,0.3333333333333333,0.3333333333333333,0.3333333333333333,1.0
PLAIN-418,3,1.0,0.8670870086853021,0.8670870086853021,0.8670870086853021,0.8670870086853021,0.9236404374216509,0.9236404374216509,0.3333333333333333,0.6666666666666666,0.6666666666666666,0.6666666666666666,0.6666666666666666,1.0,1.0,1.0,0.6666666666666666,0.4,0.2,0.1,0.06,0.03,1.0,1.0,1.0,1.0,1.0,1.0,1.0,0.3333333333333333,0.6666666666666666,0.6666666666666666,0.6666666666666666,0.6666666666666666,0.7066666666666667,0.7066666666666667,1.0
PLAIN-430,8,1.0,0.7039180890341347,0.5087403079104241,0.4346614304442594,0.4346614304442594,0.48654616322902255,0.48654616322902255,0.125,0.25,0.25,0.25,0.25,0.375,0.375,1.0,0.6666666666666666,0.4,0.2,0.1,0.06,0.03,1.0,1.0,1.0,1.0,1.0,1.0,1.0,0.125,0.20833333333333331,0.20833333333333331,0.20833333333333331,0.20833333333333331,0.21631205673758863,0.21631205673758863,1.0
PLAIN-441,5,0.0,0.26582598262939583,0.3873236503542035,0.3873236503542035,0.43784965275415416,0.43784965275415416,0.5074855992872899,0.0,0.2,0.4,0.4,0.6,0.6,1.0,0.0,0.3333333333333333,0.4,0.2,0.15,0.06,0.05,0.0,0.3333333333333333,0.3333333333333333,0.3333333333333333,0.3333333333333333,0.3333333333333333,0.3333333333333333,0.0,0.06666666666666667,0.14666666666666667,0.14666666666666667,0.17824561403508773,0.17824561403508773,0.2016027812124796,3.0
PLAIN-457,5,0.0,0.0,0.0,0.0,0.0,0.0,0.0,0.0,0.0,0.0,0.0,0.0,0.0,0.0,0.0,0.0,0.0,0.0,0.0,0.0,0.0,0.0,0.0,0.0,0.0,0.0,0.0,0.0,0.0,0.0,0.0,0.0,0.0,0.0,0.0,
PLAIN-468,10,1.0,0.5316519652587917,0.43673949858938643,0.4392937349067213,0.4392937349067213,0.46878409399017873,0.46878409399017873,0.1,0.1,0.1,0.2,0.2,0.3,0.3,1.0,0.3333333333333333,0.2,0.2,0.1,0.06,0.03,1.0,1.0,1.0,1.0,1.0,1.0,1.0,0.1,0.1,0.1,0.13333333333333333,0.13333333333333333,0.14015151515151514,0.14015151515151514,1.0
PLAIN-478,1,0.0,0.0,0.0,0.0,0.0,0.0,0.0,0.0,0.0,0.0,0.0,0.0,0.0,0.0,0.0,0.0,0.0,0.0,0.0,0.0,0.0,0.0,0.0,0.0,0.0,0.0,0.0,0.0,0.0,0.0,0.0,0.0,0.0,0.0,0.0,
PLAIN-488,15,1.0,1.0,0.8539316501572937,0.7059054020403313,0.587361814343835,0.587361814343835,0.6685615561984909,0.06666666666666667,0.2,0.26666666666666666,0.4,0.4666666666666667,0.4666666666666667,0.6666666666666666,1.0,1.0,0.8,0.6,0.35,0.14,0.1,1.0,1.0,1.0,1.0,1.0,1.0,1.0,0.06666666666666667,0.2,0.2533333333333333,0.366031746031746,0.39195767195767195,0.39195767195767195,0.41488951136009955,1.0
PLAIN-499,34,0.0,0.23463936301137822,0.16958010263680806,0.18844415212771543,0.12161570279144568,0.14022741603131963,0.14022741603131963,0.0,0.029411764705882353,0.029411764705882353,0.058823529411764705,0.058823529411764705,0.14705882352941177,0.14705882352941177,0.0,0.3333333333333333,0.2,0.2,0.1,0.1,0.05,0.0,0.3333333333333333,0.3333333333333333,0.3333333333333333,0.3333333333333333,0.3333333333333333,0.3333333333333333,0.0,0.00980392156862745,0.00980392156862745,0.0196078431372549,0.0196078431372549,0.02718004513217279,0.02718004513217279,3.0
PLAIN-510,6,0.0,0.2960819109658652,0.21398626473452756,0.19092086617893467,0.19092086617893467,0.19092086617893467,0.19092086617893467,0.0,0.16666666666666666,0.16666666666666666,0.16666666666666666,0.16666666666666666,0.16666666666666666,0.16666666666666666,0.0,0.3333333333333333,0.2,0.1,0.05,0.02,0.01,0.0,0.5,0.5,0.5,0.5,0.5,0.5,0.0,0.08333333333333333,0.08333333333333333,0.08333333333333333,0.08333333333333333,0.08333333333333333,0.08333333333333333,2.0
PLAIN-520,1,0.0,0.0,0.0,0.0,0.0,0.0,0.0,0.0,0.0,0.0,0.0,0.0,0.0,0.0,0.0,0.0,0.0,0.0,0.0,0.0,0.0,0.0,0.0,0.0,0.0,0.0,0.0,0.0,0.0,0.0,0.0,0.0,0.0,0.0,0.0,
PLAIN-531,308,1.0,0.7039180890341347,0.5087403079104241,0.4671223597454321,0.3014655187152607,0.2258265738479126,0.20826463951358035,0.003246753246753247,0.006493506493506494,0.006493506493506494,0.012987012987012988,0.012987012987012988,0.025974025974025976,0.05519480519480519,1.0,0.6666666666666666,0.4,0.4,0.2,0.16,0.17,1.0,1.0,1.0,1.0,1.0,1.0,1.0,0.003246753246753247,0.005411255411255411,0.005411255411255411,0.008101422387136672,0.008101422387136672,0.010628818082534576,0.015660263690320975,1.0
PLAIN-541,6,0.0,0.0,0.0,0.0,0.0,0.0,0.0,0.0,0.0,0.0,0.0,0.0,0.0,0.0,0.0,0.0,0.0,0.0,0.0,0.0,0.0,0.0,0.0,0.0,0.0,0.0,0.0,0.0,0.0,0.0,0.0,0.0,0.0,0.0,0.0,
PLAIN-551,2,0.0,0.0,0.0,0.0,0.0,0.0,0.0961793569072736,0.0,0.0,0.0,0.0,0.0,0.0,0.5,0.0,0.0,0.0,0.0,0.0,0.0,0.01,0.0,0.0,0.0,0.0,0.0,0.0,0.012195121951219513,0.0,0.0,0.0,0.0,0.0,0.0,0.006097560975609756,82.0
PLAIN-561,25,1.0,0.46927872602275644,0.4703652827859579,0.3052348839397012,0.19698862770564315,0.2452044768814602,0.28522959456844504,0.04,0.04,0.08,0.08,0.08,0.2,0.28,1.0,0.3333333333333333,0.4,0.2,0.1,0.1,0.07,1.0,1.0,1.0,1.0,1.0,1.0,1.0,0.04,0.04,0.055999999999999994,0.055999999999999994,0.055999999999999994,0.07172264678471575,0.07913728093105722,1.0
PLAIN-571,7,0.0,0.0,0.0,0.0,0.0,0.0,0.044998810246111284,0.0,0.0,0.0,0.0,0.0,0.0,0.14285714285714285,0.0,0.0,0.0,0.0,0.0,0.0,0.01,0.0,0.0,0.0,0.0,0.0,0.0,0.014705882352941176,0.0,0.0,0.0,0.0,0.0,0.0,0.0021008403361344537,68.0
PLAIN-583,44,0.0,0.0,0.0,0.0,0.0,0.0,0.0,0.0,0.0,0.0,0.0,0.0,0.0,0.0,0.0,0.0,0.0,0.0,0.0,0.0,0.0,0.0,0.0,0.0,0.0,0.0,0.0,0.0,0.0,0.0,0.0,0.0,0.0,0.0,0.0,
PLAIN-593,3,0.0,0.0,0.0,0.0,0.0,0.0,0.0,0.0,0.0,0.0,0.0,0.0,0.0,0.0,0.0,0.0,0.0,0.0,0.0,0.0,0.0,0.0,0.0,0.0,0.0,0.0,0.0,0.0,0.0,0.0,0.0,0.0,0.0,0.0,0.0,
PLAIN-603,1,0.0,0.0,0.0,0.0,0.0,0.0,0.0,0.0,0.0,0.0,0.0,0.0,0.0,0.0,0.0,0.0,0.0,0.0,0.0,0.0,0.0,0.0,0.0,0.0,0.0,0.0,0.0,0.0,0.0,0.0,0.0,0.0,0.0,0.0,0.0,
PLAIN-613,10,1.0,0.46927872602275644,0.3391602052736161,0.2200917662980802,0.2200917662980802,0.2200917662980802,0.2200917662980802,0.1,0.1,0.1,0.1,0.1,0.1,0.1,1.0,0.3333333333333333,0.2,0.1,0.05,0.02,0.01,1.0,1.0,1.0,1.0,1.0,1.0,1.0,0.1,0.1,0.1,0.1,0.1,0.1,0.1,1.0
PLAIN-623,41,1.0,0.46927872602275644,0.3391602052736161,0.29345568839744024,0.26739242473274155,0.18452158655002457,0.18452158655002457,0.024390243902439025,0.024390243902439025,0.024390243902439025,0.04878048780487805,0.0975609756097561,0.12195121951219512,0.12195121951219512,1.0,0.3333333333333333,0.2,0.2,0.2,0.1,0.05,1.0,1.0,1.0,1.0,1.0,1.0,1.0,0.024390243902439025,0.024390243902439025,0.024390243902439025,0.0313588850174216,0.046140851018899795,0.04995182662865589,0.04995182662865589,1.0
PLAIN-634,21,0.0,0.5307212739772434,0.38356636737133565,0.24890832702259466,0.1606373070201721,0.18431304308582266,0.18431304308582266,0.0,0.09523809523809523,0.09523809523809523,0.09523809523809523,0.09523809523809523,0.14285714285714285,0.14285714285714285,0.0,0.6666666666666666,0.4,0.2,0.1,0.06,0.03,0.0,0.5,0.5,0.5,0.5,0.5,0.5,0.0,0.055555555555555546,0.055555555555555546,0.055555555555555546,0.055555555555555546,0.06084656084656084,0.06084656084656084,2.0
PLAIN-645,29,0.0,0.0,0.0,0.0,0.0,0.044013198328530755,0.06152061659090113,0.0,0.0,0.0,0.0,0.0,0.06896551724137931,0.10344827586206896,0.0,0.0,0.0,0.0,0.0,0.04,0.03,0.0,0.0,0.0,0.0,0.0,0.034482758620689655,0.034482758620689655,0.0,0.0,0.0,0.0,0.0,0.003052993540508404,0.004314557880289733,29.0
PLAIN-660,475,1.0,1.0,0.7227265726449519,0.6059848036189868,0.46313972898391736,0.3264063115141515,0.2543664893328964,0.002105263157894737,0.00631578947368421,0.00631578947368421,0.010526315789473684,0.014736842105263158,0.02526315789473684,0.04,1.0,1.0,0.6,0.5,0.35,0.24,0.19,1.0,1.0,1.0,1.0,1.0,1.0,1.0,0.002105263157894737,0.00631578947368421,0.00631578947368421,0.00857142857142857,0.010464141122035859,0.013222513721721727,0.016274715881552423,1.0
PLAIN-671,1,0.0,0.0,0.0,0.2890648263178879,0.2890648263178879,0.2890648263178879,0.2890648263178879,0.0,0.0,0.0,1.0,1.0,1.0,1.0,0.0,0.0,0.0,0.1,0.05,0.02,0.01,0.0,0.0,0.0,0.1,0.1,0.1,0.1,0.0,0.0,0.0,0.1,0.1,0.1,0.1,10.0
PLAIN-681,1,0.0,0.0,0.0,0.0,0.0,0.0,0.0,0.0,0.0,0.0,0.0,0.0,0.0,0.0,0.0,0.0,0.0,0.0,0.0,0.0,0.0,0.0,0.0,0.0,0.0,0.0,0.0,0.0,0.0,0.0,0.0,0.0,0.0,0.0,0.0,
PLAIN-691,21,0.0,0.0,0.0,0.0,0.0,0.0,0.02330422233383656,0.0,0.0,0.0,0.0,0.0,0.0,0.047619047619047616,0.0,0.0,0.0,0.0,0.0,0.0,0.01,0.0,0.0,0.0,0.0,0.0,0.0,0.01694915254237288,0.0,0.0,0.0,0.0,0.0,0.0,0.0008071025020177562,59.0
PLAIN-701,8,0.0,0.5307212739772434,0.38356636737133565,0.3622037692261085,0.42543944491802277,0.42543944491802277,0.42543944491802277,0.0,0.25,0.25,0.375,0.5,0.5,0.5,0.0,0.6666666666666666,0.4,0.3,0.2,0.08,0.04,0.0,0.5,0.5,0.5,0.5,0.5,0.5,0.0,0.14583333333333331,0.14583333333333331,0.18749999999999997,0.2208333333333333,0.2208333333333333,0.2208333333333333,2.0
PLAIN-711,57,0.0,0.23463936301137822,0.16958010263680806,0.25787537406449274,0.20373109675956205,0.11120726658595355,0.13530797314364704,0.0,0.017543859649122806,0.017543859649122806,0.05263157894736842,0.07017543859649122,0.07017543859649122,0.12280701754385964,0.0,0.3333333333333333,0.2,0.3,0.2,0.08,0.07,0.0,0.3333333333333333,0.3333333333333333,0.3333333333333333,0.3333333333333333,0.3333333333333333,0.3333333333333333,0.0,0.005847953216374269,0.005847953216374269,0.01827485380116959,0.023672964462438145,0.023672964462438145,0.027653752479370738,3.0
PLAIN-721,25,1.0,1.0,1.0,0.9337457765456111,0.7510340014106305,0.7028689187085213,0.7028689187085213,0.04,0.12,0.2,0.36,0.52,0.6,0.6,1.0,1.0,1.0,0.9,0.65,0.3,0.15,1.0,1.0,1.0,1.0,1.0,1.0,1.0,0.04,0.12,0.2,0.35600000000000004,0.49390425261013493,0.5412375859434683,0.5412375859434683,1.0
PLAIN-731,54,1.0,0.46927872602275644,0.6164336326286644,0.6212166613240647,0.4337779201054266,0.2539188693744677,0.26520698308497526,0.018518518518518517,0.018518518518518517,0.05555555555555555,0.1111111111111111,0.12962962962962962,0.14814814814814814,0.18518518518518517,1.0,0.3333333333333333,0.6,0.6,0.35,0.16,0.1,1.0,1.0,1.0,1.0,1.0,1.0,1.0,0.018518518518518517,0.018518518518518517,0.03888888888888889,0.07835097001763669,0.08517358210340666,0.09190758883741339,0.09727640302975701,1.0
PLAIN-741,19,0.0,0.23463936301137822,0.30078518014914984,0.1951890007906611,0.13017835338168016,0.15757647779600573,0.1799709985966774,0.0,0.05263157894736842,0.10526315789473684,0.10526315789473684,0.10526315789473684,0.15789473684210525,0.21052631578947367,0.0,0.3333333333333333,0.4,0.2,0.1,0.06,0.04,0.0,0.3333333333333333,0.3333333333333333,0.3333333333333333,0.3333333333333333,0.3333333333333333,0.3333333333333333,0.0,0.017543859649122806,0.03859649122807018,0.03859649122807018,0.03859649122807018,0.04254385964912281,0.04480758347481607,3.0
PLAIN-751,7,0.0,0.0,0.0,0.0,0.0,0.0,0.0,0.0,0.0,0.0,0.0,0.0,0.0,0.0,0.0,0.0,0.0,0.0,0.0,0.0,0.0,0.0,0.0,0.0,0.0,0.0,0.0,0.0,0.0,0.0,0.0,0.0,0.0,0.0,0.0,
PLAIN-761,6,0.0,0.0,0.0,0.0,0.07565060337470336,0.07565060337470336,0.07565060337470336,0.0,0.0,0.0,0.0,0.16666666666666666,0.16666666666666666,0.16666666666666666,0.0,0.0,0.0,0.0,0.05,0.02,0.01,0.0,0.0,0.0,0.0,0.06666666666666667,0.06666666666666667,0.06666666666666667,0.0,0.0,0.0,0.0,0.011111111111111112,0.011111111111111112,0.011111111111111112,15.0
PLAIN-771,3,1.0,0.7653606369886217,0.9674679834891693,0.9674679834891693,0.9674679834891693,0.9674679834891693,0.9674679834891693,0.3333333333333333,0.6666666666666666,1.0,1.0,1.0,1.0,1.0,1.0,0.6666666666666666,0.6,0.3,0.15,0.06,0.03,1.0,1.0,1.0,1.0,1.0,1.0,1.0,0.3333333333333333,0.6666666666666666,0.9166666666666666,0.9166666666666666,0.9166666666666666,0.9166666666666666,0.9166666666666666,1.0
PLAIN-782,2,0.0,0.0,0.0,0.0,0.0,0.1289509357448472,0.1289509357448472,0.0,0.0,0.0,0.0,0.0,0.5,0.5,0.0,0.0,0.0,0.0,0.0,0.02,0.01,0.0,0.0,0.0,0.0,0.0,0.038461538461538464,0.038461538461538464,0.0,0.0,0.0,0.0,0.0,0.019230769230769232,0.019230769230769232,26.0
PLAIN-792,6,0.0,0.0,0.0,0.0,0.0,0.0,0.050433735583135575,0.0,0.0,0.0,0.0,0.0,0.0,0.16666666666666666,0.0,0.0,0.0,0.0,0.0,0.0,0.01,0.0,0.0,0.0,0.0,0.0,0.0,0.015873015873015872,0.0,0.0,0.0,0.0,0.0,0.0,0.0026455026455026454,63.0
PLAIN-806,96,1.0,1.0,1.0,0.8701249883466594,0.6688823960165324,0.3976718296949535,0.26861448828808127,0.010416666666666666,0.03125,0.052083333333333336,0.08333333333333333,0.11458333333333333,0.13541666666666666,0.15625,1.0,1.0,1.0,0.8,0.55,0.26,0.15,1.0,1.0,1.0,1.0,1.0,1.0,1.0,0.010416666666666666,0.03125,0.052083333333333336,0.08333333333333333,0.1044560185185185,0.11440469001610305,0.11920266981408284,1.0
PLAIN-817,1,0.0,0.0,0.0,0.0,0.0,0.0,0.0,0.0,0.0,0.0,0.0,0.0,0.0,0.0,0.0,0.0,0.0,0.0,0.0,0.0,0.0,0.0,0.0,0.0,0.0,0.0,0.0,0.0,0.0,0.0,0.0,0.0,0.0,0.0,0.0,
PLAIN-827,244,1.0,0.7653606369886217,0.5531464700081437,0.4323181322709948,0.4513077981704803,0.3855774131118875,0.28226781733321327,0.004098360655737705,0.00819672131147541,0.00819672131147541,0.012295081967213115,0.03278688524590164,0.06967213114754098,0.0942622950819672,1.0,0.6666666666666666,0.4,0.3,0.4,0.34,0.23,1.0,1.0,1.0,1.0,1.0,1.0,1.0,0.004098360655737705,0.00819672131147541,0.00819672131147541,0.009953161592505854,0.017193282702342237,0.032024304739942853,0.038031540641996646,1.0
PLAIN-838,9,1.0,1.0,0.7227265726449519,0.5008655546918773,0.6261184344382795,0.675550844628329,0.675550844628329,0.1111111111111111,0.3333333333333333,0.3333333333333333,0.3333333333333333,0.5555555555555556,0.6666666666666666,0.6666666666666666,1.0,1.0,0.6,0.3,0.25,0.12,0.06,1.0,1.0,1.0,1.0,1.0,1.0,1.0,0.1111111111111111,0.3333333333333333,0.3333333333333333,0.3333333333333333,0.4131054131054131,0.43874643874643876,0.43874643874643876,1.0
PLAIN-850,57,0.0,0.0,0.0,0.0,0.03343749138471349,0.018251960930509407,0.02854307282127974,0.0,0.0,0.0,0.0,0.017543859649122806,0.017543859649122806,0.03508771929824561,0.0,0.0,0.0,0.0,0.05,0.02,0.02,0.0,0.0,0.0,0.0,0.05555555555555555,0.05555555555555555,0.05555555555555555,0.0,0.0,0.0,0.0,0.0009746588693957114,0.0009746588693957114,0.0015405898258190277,18.0
PLAIN-872,1,0.0,0.0,0.0,0.0,0.0,0.0,0.16427204996205025,0.0,0.0,0.0,0.0,0.0,0.0,1.0,0.0,0.0,0.0,0.0,0.0,0.0,0.01,0.0,0.0,0.0,0.0,0.0,0.0,0.014925373134328358,0.0,0.0,0.0,0.0,0.0,0.0,0.014925373134328358,67.0
PLAIN-882,15,0.0,0.2960819109658652,0.34519134224686937,0.22400556151517556,0.22123332497857862,0.22123332497857862,0.2472622982886189,0.0,0.06666666666666667,0.13333333333333333,0.13333333333333333,0.2,0.2,0.26666666666666666,0.0,0.3333333333333333,0.4,0.2,0.15,0.06,0.04,0.0,0.5,0.5,0.5,0.5,0.5,0.5,0.0,0.03333333333333333,0.060000000000000005,0.060000000000000005,0.07818181818181819,0.07818181818181819,0.08104920169436299,2.0
PLAIN-892,92,0.0,0.23463936301137822,0.16958010263680806,0.1100458831490401,0.14119174075085028,0.07706996037009112,0.07495540820175238,0.0,0.010869565217391304,0.010869565217391304,0.010869565217391304,0.03260869565217391,0.03260869565217391,0.06521739130434782,0.0,0.3333333333333333,0.2,0.1,0.15,0.06,0.06,0.0,0.3333333333333333,0.3333333333333333,0.3333333333333333,0.3333333333333333,0.3333333333333333,0.3333333333333333,0.0,0.003623188405797101,0.003623188405797101,0.003623188405797101,0.007011676348060787,0.007011676348060787,0.009272266059314877,3.0
PLAIN-902,4,1.0,0.7653606369886217,0.6366824387328317,0.6366824387328317,0.6366824387328317,0.6366824387328317,0.6366824387328317,0.25,0.5,0.5,0.5,0.5,0.5,0.5,1.0,0.6666666666666666,0.4,0.2,0.1,0.04,0.02,1.0,1.0,1.0,1.0,1.0,1.0,1.0,0.25,0.5,0.5,0.5,0.5,0.5,0.5,1.0
PLAIN-913,34,1.0,0.7039180890341347,0.7860137352654724,0.647053841756604,0.4175874221652785,0.3161156049890487,0.3493033853332328,0.029411764705882353,0.058823529411764705,0.11764705882352941,0.17647058823529413,0.17647058823529413,0.20588235294117646,0.2647058823529412,1.0,0.6666666666666666,0.8,0.6,0.3,0.14,0.09,1.0,1.0,1.0,1.0,1.0,1.0,1.0,0.029411764705882353,0.04901960784313725,0.0946078431372549,0.13326330532212885,0.13326330532212885,0.14061624649859944,0.14824151882975412,1.0
PLAIN-924,32,1.0,0.7039180890341347,0.5087403079104241,0.3301376494471203,0.21306005945048592,0.15690670514692076,0.175000107958934,0.03125,0.0625,0.0625,0.0625,0.0625,0.0625,0.09375,1.0,0.6666666666666666,0.4,0.2,0.1,0.04,0.03,1.0,1.0,1.0,1.0,1.0,1.0,1.0,0.03125,0.05208333333333333,0.05208333333333333,0.05208333333333333,0.05208333333333333,0.05208333333333333,0.05381944444444444,1.0
PLAIN-934,101,1.0,0.46927872602275644,0.48522855511632257,0.5289638450374727,0.37612616680187805,0.3981186342132212,0.3130709997781513,0.009900990099009901,0.009900990099009901,0.019801980198019802,0.04950495049504951,0.0594059405940594,0.18811881188118812,0.27722772277227725,1.0,0.3333333333333333,0.4,0.5,0.3,0.38,0.28,1.0,1.0,1.0,1.0,1.0,1.0,1.0,0.009900990099009901,0.009900990099009901,0.01485148514851485,0.03025302530253025,0.03396589658965896,0.07767119255818719,0.10428603694087371,1.0
PLAIN-946,31,0.0,0.0,0.0,0.0,0.0,0.0,0.04996517359063915,0.0,0.0,0.0,0.0,0.0,0.0,0.0967741935483871,0.0,0.0,0.0,0.0,0.0,0.0,0.03,0.0,0.0,0.0,0.0,0.0,0.0,0.014925373134328358,0.0,0.0,0.0,0.0,0.0,0.0,0.0021581740358822686,67.0
PLAIN-956,206,0.0,0.0,0.27727342735504823,0.3316936730892072,0.32006559580582383,0.275242250095676,0.20829274042860946,0.0,0.0,0.009708737864077669,0.019417475728155338,0.03398058252427184,0.06796116504854369,0.09223300970873786,0.0,0.0,0.4,0.4,0.35,0.28,0.19,0.0,0.0,0.25,0.25,0.25,0.25,0.25,0.0,0.0,0.003155339805825243,0.008356449375866852,0.014002987303958178,0.02290565390507855,0.02871258054039735,4.0
PLAIN-966,3,0.0,0.0,0.0,0.0,0.0,0.0,0.0,0.0,0.0,0.0,0.0,0.0,0.0,0.0,0.0,0.0,0.0,0.0,0.0,0.0,0.0,0.0,0.0,0.0,0.0,0.0,0.0,0.0,0.0,0.0,0.0,0.0,0.0,0.0,0.0,
PLAIN-977,3,0.0,0.0,0.0,0.0,0.0,0.0,0.07444401142258321,0.0,0.0,0.0,0.0,0.0,0.0,0.3333333333333333,0.0,0.0,0.0,0.0,0.0,0.0,0.01,0.0,0.0,0.0,0.0,0.0,0.0,0.01282051282051282,0.0,0.0,0.0,0.0,0.0,0.0,0.004273504273504273,78.0
PLAIN-987,3,0.0,0.0,0.0,0.0,0.0,0.09008214357363754,0.09008214357363754,0.0,0.0,0.0,0.0,0.0,0.3333333333333333,0.3333333333333333,0.0,0.0,0.0,0.0,0.0,0.02,0.01,0.0,0.0,0.0,0.0,0.0,0.027777777777777776,0.027777777777777776,0.0,0.0,0.0,0.0,0.0,0.009259259259259259,0.009259259259259259,36.0
PLAIN-997,2,0.0,0.0,0.0,0.0,0.0,0.0,0.0,0.0,0.0,0.0,0.0,0.0,0.0,0.0,0.0,0.0,0.0,0.0,0.0,0.0,0.0,0.0,0.0,0.0,0.0,0.0,0.0,0.0,0.0,0.0,0.0,0.0,0.0,0.0,0.0,
PLAIN-1008,5,0.0,0.0,0.0,0.0,0.0,0.0,0.05674156298757133,0.0,0.0,0.0,0.0,0.0,0.0,0.2,0.0,0.0,0.0,0.0,0.0,0.0,0.01,0.0,0.0,0.0,0.0,0.0,0.0,0.016129032258064516,0.0,0.0,0.0,0.0,0.0,0.0,0.0032258064516129032,62.0
PLAIN-1018,60,0.0,0.0,0.0,0.0,0.0,0.01580084281487698,0.013942598621371106,0.0,0.0,0.0,0.0,0.0,0.016666666666666666,0.016666666666666666,0.0,0.0,0.0,0.0,0.0,0.02,0.01,0.0,0.0,0.0,0.0,0.0,0.034482758620689655,0.034482758620689655,0.0,0.0,0.0,0.0,0.0,0.0005747126436781609,0.0005747126436781609,29.0
PLAIN-1028,1,0.0,0.0,0.0,0.0,0.0,0.0,0.0,0.0,0.0,0.0,0.0,0.0,0.0,0.0,0.0,0.0,0.0,0.0,0.0,0.0,0.0,0.0,0.0,0.0,0.0,0.0,0.0,0.0,0.0,0.0,0.0,0.0,0.0,0.0,0.0,
PLAIN-1039,2,1.0,0.6131471927654584,0.6131471927654584,0.7903864795495061,0.7903864795495061,0.7903864795495061,0.7903864795495061,0.5,0.5,0.5,1.0,1.0,1.0,1.0,1.0,0.3333333333333333,0.2,0.2,0.1,0.04,0.02,1.0,1.0,1.0,1.0,1.0,1.0,1.0,0.5,0.5,0.5,0.6,0.6,0.6,0.6,1.0
PLAIN-1050,94,0.0,0.0,0.0,0.0,0.0396210670558156,0.021627285360840357,0.013924474981785609,0.0,0.0,0.0,0.0,0.010638297872340425,0.010638297872340425,0.010638297872340425,0.0,0.0,0.0,0.0,0.05,0.02,0.01,0.0,0.0,0.0,0.0,0.09090909090909091,0.09090909090909091,0.09090909090909091,0.0,0.0,0.0,0.0,0.0009671179883945841,0.0009671179883945841,0.0009671179883945841,11.0
PLAIN-1066,9,0.0,0.0,0.0,0.0,0.0,0.0,0.0,0.0,0.0,0.0,0.0,0.0,0.0,0.0,0.0,0.0,0.0,0.0,0.0,0.0,0.0,0.0,0.0,0.0,0.0,0.0,0.0,0.0,0.0,0.0,0.0,0.0,0.0,0.0,0.0,
PLAIN-1088,5,1.0,0.46927872602275644,0.3391602052736161,0.45221360703148816,0.45221360703148816,0.45221360703148816,0.45221360703148816,0.2,0.2,0.2,0.4,0.4,0.4,0.4,1.0,0.3333333333333333,0.2,0.2,0.1,0.04,0.02,1.0,1.0,1.0,1.0,1.0,1.0,1.0,0.2,0.2,0.2,0.2571428571428571,0.2571428571428571,0.2571428571428571,0.2571428571428571,1.0
PLAIN-1098,5,0.0,0.0,0.13120507751234178,0.13120507751234178,0.13120507751234178,0.19332879825202423,0.19332879825202423,0.0,0.0,0.2,0.2,0.2,0.4,0.4,0.0,0.0,0.2,0.1,0.05,0.04,0.02,0.0,0.0,0.2,0.2,0.2,0.2,0.2,0.0,0.0,0.04,0.04,0.04,0.04930232558139535,0.04930232558139535,5.0
PLAIN-1109,98,1.0,0.7653606369886217,0.6843515475204855,0.5077181160122075,0.3640209822844145,0.21327060346385823,0.17897701376890557,0.01020408163265306,0.02040816326530612,0.030612244897959183,0.04081632653061224,0.05102040816326531,0.061224489795918366,0.12244897959183673,1.0,0.6666666666666666,0.6,0.4,0.25,0.12,0.12,1.0,1.0,1.0,1.0,1.0,1.0,1.0,0.01020408163265306,0.02040816326530612,0.02653061224489796,0.030612244897959183,0.034256559766763846,0.035826418479479705,0.04284583658179786,1.0
PLAIN-1119,11,0.0,0.0,0.0,0.0,0.0,0.0,0.0,0.0,0.0,0.0,0.0,0.0,0.0,0.0,0.0,0.0,0.0,0.0,0.0,0.0,0.0,0.0,0.0,0.0,0.0,0.0,0.0,0.0,0.0,0.0,0.0,0.0,0.0,0.0,0.0,
PLAIN-1130,1,1.0,1.0,1.0,1.0,1.0,1.0,1.0,1.0,1.0,1.0,1.0,1.0,1.0,1.0,1.0,0.3333333333333333,0.2,0.1,0.05,0.02,0.01,1.0,1.0,1.0,1.0,1.0,1.0,1.0,1.0,1.0,1.0,1.0,1.0,1.0,1.0,1.0
PLAIN-1141,16,0.0,0.2960819109658652,0.21398626473452756,0.13886244387355456,0.18195045441859845,0.2114347927251713,0.23806570513087882,0.0,0.0625,0.0625,0.0625,0.1875,0.25,0.3125,0.0,0.3333333333333333,0.2,0.1,0.15,0.08,0.05,0.0,0.5,0.5,0.5,0.5,0.5,0.5,0.0,0.03125,0.03125,0.03125,0.049479166666666664,0.05491394927536232,0.05937823498964803,2.0
PLAIN-1151,153,0.0,0.0,0.27727342735504823,0.17993148201117182,0.18749162607244488,0.16330207549171544,0.14708067974017144,0.0,0.0,0.013071895424836602,0.013071895424836602,0.026143790849673203,0.05228758169934641,0.0915032679738562,0.0,0.0,0.4,0.2,0.2,0.16,0.14,0.0,0.0,0.25,0.25,0.25,0.25,0.25,0.0,0.0,0.004248366013071896,0.004248366013071896,0.007294531688995357,0.012295170815625306,0.018584875522881614,4.0
PLAIN-1161,1,0.0,0.0,0.0,0.0,0.0,0.0,0.0,0.0,0.0,0.0,0.0,0.0,0.0,0.0,0.0,0.0,0.0,0.0,0.0,0.0,0.0,0.0,0.0,0.0,0.0,0.0,0.0,0.0,0.0,0.0,0.0,0.0,0.0,0.0,0.0,
PLAIN-1172,19,0.0,0.0,0.0,0.0,0.0,0.0,0.02342298966552464,0.0,0.0,0.0,0.0,0.0,0.0,0.05263157894736842,0.0,0.0,0.0,0.0,0.0,0.0,0.01,0.0,0.0,0.0,0.0,0.0,0.0,0.013157894736842105,0.0,0.0,0.0,0.0,0.0,0.0,0.0006925207756232687,76.0
PLAIN-1183,25,0.0,0.0,0.0,0.0,0.0,0.0,0.01999667981920412,0.0,0.0,0.0,0.0,0.0,0.0,0.04,0.0,0.0,0.0,0.0,0.0,0.0,0.01,0.0,0.0,0.0,0.0,0.0,0.0,0.014285714285714285,0.0,0.0,0.0,0.0,0.0,0.0,0.0005714285714285714,70.0
PLAIN-1193,18,0.0,0.0,0.0,0.07336392209936006,0.05064917103240488,0.05064917103240488,0.05064917103240488,0.0,0.0,0.0,0.05555555555555555,0.05555555555555555,0.05555555555555555,0.05555555555555555,0.0,0.0,0.0,0.1,0.05,0.02,0.01,0.0,0.0,0.0,0.14285714285714285,0.14285714285714285,0.14285714285714285,0.14285714285714285,0.0,0.0,0.0,0.007936507936507936,0.007936507936507936,0.007936507936507936,0.007936507936507936,7.0
PLAIN-1203,12,1.0,0.46927872602275644,0.3391602052736161,0.2200917662980802,0.24544741974911166,0.24544741974911166,0.24544741974911166,0.08333333333333333,0.08333333333333333,0.08333333333333333,0.08333333333333333,0.16666666666666666,0.16666666666666666,0.16666666666666666,1.0,0.3333333333333333,0.2,0.1,0.1,0.04,0.02,1.0,1.0,1.0,1.0,1.0,1.0,1.0,0.08333333333333333,0.08333333333333333,0.08333333333333333,0.08333333333333333,0.09444444444444444,0.09444444444444444,0.09444444444444444,1.0
PLAIN-1214,17,0.0,0.0,0.0,0.0,0.0,0.029041021384678272,0.05582902627600422,0.0,0.0,0.0,0.0,0.0,0.058823529411764705,0.11764705882352941,0.0,0.0,0.0,0.0,0.0,0.02,0.02,0.0,0.0,0.0,0.0,0.0,0.023809523809523808,0.023809523809523808,0.0,0.0,0.0,0.0,0.0,0.0014005602240896359,0.0034289577900125565,42.0
PLAIN-1225,27,0.0,0.0,0.0,0.0,0.035510009908414325,0.055466529594229305,0.07418599007214373,0.0,0.0,0.0,0.0,0.037037037037037035,0.07407407407407407,0.1111111111111111,0.0,0.0,0.0,0.0,0.05,0.04,0.03,0.0,0.0,0.0,0.0,0.06666666666666667,0.06666666666666667,0.06666666666666667,0.0,0.0,0.0,0.0,0.0024691358024691358,0.005996472663139329,0.007477954144620811,15.0
PLAIN-1236,5,0.0,0.0,0.0,0.11305340175787204,0.11305340175787204,0.11305340175787204,0.11305340175787204,0.0,0.0,0.0,0.2,0.2,0.2,0.2,0.0,0.0,0.0,0.1,0.05,0.02,0.01,0.0,0.0,0.0,0.14285714285714285,0.14285714285714285,0.14285714285714285,0.14285714285714285,0.0,0.0,0.0,0.02857142857142857,0.02857142857142857,0.02857142857142857,0.02857142857142857,7.0
PLAIN-1249,4,0.0,0.0,0.0,0.0,0.0,0.0,0.0,0.0,0.0,0.0,0.0,0.0,0.0,0.0,0.0,0.0,0.0,0.0,0.0,0.0,0.0,0.0,0.0,0.0,0.0,0.0,0.0,0.0,0.0,0.0,0.0,0.0,0.0,0.0,0.0,
PLAIN-1262,10,1.0,0.46927872602275644,0.3391602052736161,0.2200917662980802,0.2200917662980802,0.2200917662980802,0.2200917662980802,0.1,0.1,0.1,0.1,0.1,0.1,0.1,1.0,0.3333333333333333,0.2,0.1,0.05,0.02,0.01,1.0,1.0,1.0,1.0,1.0,1.0,1.0,0.1,0.1,0.1,0.1,0.1,0.1,0.1,1.0
PLAIN-1275,55,1.0,1.0,0.8539316501572937,0.5541432109622959,0.3576259347258153,0.22626595595285648,0.23610543199929232,0.01818181818181818,0.05454545454545454,0.07272727272727272,0.07272727272727272,0.07272727272727272,0.10909090909090909,0.14545454545454545,1.0,1.0,0.8,0.4,0.2,0.12,0.08,1.0,1.0,1.0,1.0,1.0,1.0,1.0,0.01818181818181818,0.05454545454545454,0.06909090909090909,0.06909090909090909,0.06909090909090909,0.0756017316017316,0.07984474453828509,1.0
PLAIN-1288,196,0.0,0.0,0.0,0.0,0.0396210670558156,0.06974482920618445,0.0819487773994248,0.0,0.0,0.0,0.0,0.00510204081632653,0.02040816326530612,0.04591836734693878,0.0,0.0,0.0,0.0,0.05,0.08,0.09,0.0,0.0,0.0,0.0,0.09090909090909091,0.09090909090909091,0.09090909090909091,0.0,0.0,0.0,0.0,0.00046382189239332097,0.002077929073727393,0.004594304043607494,11.0
PLAIN-1299,61,0.0,0.0,0.0,0.0,0.03343749138471349,0.032288737855947415,0.038393133145991055,0.0,0.0,0.0,0.0,0.01639344262295082,0.03278688524590164,0.04918032786885246,0.0,0.0,0.0,0.0,0.05,0.04,0.03,0.0,0.0,0.0,0.0,0.05555555555555555,0.05555555555555555,0.05555555555555555,0.0,0.0,0.0,0.0,0.0009107468123861566,0.001639344262295082,0.002146357951664695,18.0
PLAIN-1309,4,0.0,0.0,0.0,0.0,0.0,0.0,0.0,0.0,0.0,0.0,0.0,0.0,0.0,0.0,0.0,0.0,0.0,0.0,0.0,0.0,0.0,0.0,0.0,0.0,0.0,0.0,0.0,0.0,0.0,0.0,0.0,0.0,0.0,0.0,0.0,
PLAIN-1320,6,0.0,0.0,0.27727342735504823,0.24738635904833417,0.24738635904833417,0.24738635904833417,0.24738635904833417,0.0,0.0,0.3333333333333333,0.3333333333333333,0.3333333333333333,0.3333333333333333,0.3333333333333333,0.0,0.0,0.4,0.2,0.1,0.04,0.02,0.0,0.0,0.25,0.25,0.25,0.25,0.25,0.0,0.0,0.10833333333333334,0.10833333333333334,0.10833333333333334,0.10833333333333334,0.10833333333333334,4.0
PLAIN-1331,1,0.0,0.0,0.0,0.0,0.0,0.0,0.0,0.0,0.0,0.0,0.0,0.0,0.0,0.0,0.0,0.0,0.0,0.0,0.0,0.0,0.0,0.0,0.0,0.0,0.0,0.0,0.0,0.0,0.0,0.0,0.0,0.0,0.0,0.0,0.0,
PLAIN-1342,16,1.0,0.7653606369886217,0.5531464700081437,0.35895421017163476,0.2671028731585959,0.3296477031539629,0.3296477031539629,0.0625,0.125,0.125,0.125,0.125,0.25,0.25,1.0,0.6666666666666666,0.4,0.2,0.1,0.08,0.04,1.0,1.0,1.0,1.0,1.0,1.0,1.0,0.0625,0.125,0.125,0.125,0.125,0.13667385057471265,0.13667385057471265,1.0
PLAIN-1353,4,0.0,0.0,0.0,0.0,0.0,0.0,0.0,0.0,0.0,0.0,0.0,0.0,0.0,0.0,0.0,0.0,0.0,0.0,0.0,0.0,0.0,0.0,0.0,0.0,0.0,0.0,0.0,0.0,0.0,0.0,0.0,0.0,0.0,0.0,0.0,
PLAIN-1363,11,0.0,0.0,0.0,0.0,0.0,0.0,0.0,0.0,0.0,0.0,0.0,0.0,0.0,0.0,0.0,0.0,0.0,0.0,0.0,0.0,0.0,0.0,0.0,0.0,0.0,0.0,0.0,0.0,0.0,0.0,0.0,0.0,0.0,0.0,0.0,
PLAIN-1374,26,0.0,0.0,0.0,0.0,0.0,0.0,0.05610513854230484,0.0,0.0,0.0,0.0,0.0,0.0,0.11538461538461539,0.0,0.0,0.0,0.0,0.0,0.0,0.03,0.0,0.0,0.0,0.0,0.0,0.0,0.013157894736842105,0.0,0.0,0.0,0.0,0.0,0.0,0.002676655101255929,76.0
PLAIN-1387,12,0.0,0.5307212739772434,0.5147714448836774,0.33405144466421566,0.3442530589294521,0.3870795674926966,0.3870795674926966,0.0,0.16666666666666666,0.25,0.25,0.3333333333333333,0.4166666666666667,0.4166666666666667,0.0,0.6666666666666666,0.6,0.3,0.2,0.1,0.05,0.0,0.5,0.5,0.5,0.5,0.5,0.5,0.0,0.09722222222222221,0.14722222222222223,0.14722222222222223,0.16574074074074074,0.18385668276972625,0.18385668276972625,2.0
PLAIN-1398,103,0.0,0.5307212739772434,0.6608397947263839,0.77990823370192,0.5367648002109985,0.36889147296125435,0.2589987441980612,0.0,0.019417475728155338,0.038834951456310676,0.08737864077669903,0.0970873786407767,0.14563106796116504,0.18446601941747573,0.0,0.6666666666666666,0.8,0.9,0.5,0.3,0.19,0.0,0.5,0.5,0.5,0.5,0.5,0.5,0.0,0.011326860841423947,0.02637540453074434,0.06865079365079366,0.07404453690861458,0.0926871985613724,0.10338389446652063,2.0
PLAIN-1409,253,0.0,0.2960819109658652,0.36005461457723403,0.30308203017988267,0.3372681151605283,0.24549358495720633,0.21985813209032395,0.0,0.003952569169960474,0.007905138339920948,0.011857707509881422,0.02766798418972332,0.043478260869565216,0.07905138339920949,0.0,0.3333333333333333,0.4,0.3,0.35,0.22,0.2,0.0,0.5,0.5,0.5,0.5,0.5,0.5,0.0,0.001976284584980237,0.003952569169960474,0.005434782608695652,0.011015171618886788,0.015622010761299052,0.02298503295337029,2.0
PLAIN-1419,65,0.0,0.0,0.0,0.0,0.038384638165382894,0.0370803739819002,0.11589100993875258,0.0,0.0,0.0,0.0,0.015384615384615385,0.03076923076923077,0.15384615384615385,0.0,0.0,0.0,0.0,0.05,0.04,0.1,0.0,0.0,0.0,0.0,0.08333333333333333,0.08333333333333333,0.08333333333333333,0.0,0.0,0.0,0.0,0.001282051282051282,0.002421652421652421,0.013584389354159685,12.0
PLAIN-1429,6,0.0,0.0,0.0,0.0,0.0,0.0,0.0,0.0,0.0,0.0,0.0,0.0,0.0,0.0,0.0,0.0,0.0,0.0,0.0,0.0,0.0,0.0,0.0,0.0,0.0,0.0,0.0,0.0,0.0,0.0,0.0,0.0,0.0,0.0,0.0,
PLAIN-1441,186,1.0,0.46927872602275644,0.3391602052736161,0.2837125544970319,0.18309881902054634,0.1779201350380466,0.14085223377552375,0.005376344086021506,0.005376344086021506,0.005376344086021506,0.010752688172043012,0.010752688172043012,0.03763440860215054,0.05913978494623656,1.0,0.3333333333333333,0.2,0.2,0.1,0.14,0.11,1.0,1.0,1.0,1.0,1.0,1.0,1.0,0.005376344086021506,0.005376344086021506,0.005376344086021506,0.0064516129032258064,0.0064516129032258064,0.010620374598869222,0.01358416604470765,1.0
PLAIN-1453,245,0.0,0.0,0.27727342735504823,0.17993148201117182,0.14846019459833756,0.1112832887243445,0.1156940784828354,0.0,0.0,0.00816326530612245,0.00816326530612245,0.012244897959183673,0.02040816326530612,0.044897959183673466,0.0,0.0,0.4,0.2,0.15,0.1,0.11,0.0,0.0,0.25,0.25,0.25,0.25,0.25,0.0,0.0,0.002653061224489796,0.002653061224489796,0.0032653061224489797,0.004333814333814334,0.007388247748531727,4.0
PLAIN-1463,24,0.0,0.2960819109658652,0.21398626473452756,0.13886244387355456,0.08961728720334346,0.10253445513963386,0.10253445513963386,0.0,0.041666666666666664,0.041666666666666664,0.041666666666666664,0.041666666666666664,0.08333333333333333,0.08333333333333333,0.0,0.3333333333333333,0.2,0.1,0.05,0.04,0.02,0.0,0.5,0.5,0.5,0.5,0.5,0.5,0.0,0.020833333333333332,0.020833333333333332,0.020833333333333332,0.020833333333333332,0.022685185185185183,0.022685185185185183,2.0
PLAIN-1473,1,0.0,0.0,0.0,0.0,0.0,0.18003132665669264,0.18003132665669264,0.0,0.0,0.0,0.0,0.0,1.0,1.0,0.0,0.0,0.0,0.0,0.0,0.02,0.01,0.0,0.0,0.0,0.0,0.0,0.021739130434782608,0.021739130434782608,0.0,0.0,0.0,0.0,0.0,0.021739130434782608,0.021739130434782608,46.0
PLAIN-1485,54,0.0,0.0,0.0,0.06362078819895173,0.04105877938688905,0.022412065205540694,0.02126340297724784,0.0,0.0,0.0,0.018518518518518517,0.018518518518518517,0.018518518518518517,0.018518518518518517,0.0,0.0,0.0,0.1,0.05,0.02,0.01,0.0,0.0,0.0,0.1,0.1,0.1,0.1,0.0,0.0,0.0,0.001851851851851852,0.001851851851851852,0.001851851851851852,0.001851851851851852,10.0
PLAIN-1496,1,0.0,0.0,0.0,0.0,0.0,0.0,0.0,0.0,0.0,0.0,0.0,0.0,0.0,0.0,0.0,0.0,0.0,0.0,0.0,0.0,0.0,0.0,0.0,0.0,0.0,0.0,0.0,0.0,0.0,0.0,0.0,0.0,0.0,0.0,0.0,
PLAIN-1506,15,0.0,0.23463936301137822,0.16958010263680806,0.1100458831490401,0.08530460913930238,0.08530460913930238,0.08530460913930238,0.0,0.06666666666666667,0.06666666666666667,0.06666666666666667,0.06666666666666667,0.06666666666666667,0.06666666666666667,0.0,0.3333333333333333,0.2,0.1,0.05,0.02,0.01,0.0,0.3333333333333333,0.3333333333333333,0.3333333333333333,0.3333333333333333,0.3333333333333333,0.3333333333333333,0.0,0.02222222222222222,0.02222222222222222,0.02222222222222222,0.02222222222222222,0.02222222222222222,0.02222222222222222,3.0
PLAIN-1516,2,0.0,0.0,0.0,0.0,0.0,0.0,0.09376545370390896,0.0,0.0,0.0,0.0,0.0,0.0,0.5,0.0,0.0,0.0,0.0,0.0,0.0,0.01,0.0,0.0,0.0,0.0,0.0,0.0,0.010869565217391304,0.0,0.0,0.0,0.0,0.0,0.0,0.005434782608695652,92.0
PLAIN-1527,202,1.0,0.7653606369886217,0.6992148198508501,0.6678262889110272,0.4706143483621685,0.3984895841302553,0.2996786252346301,0.0049504950495049506,0.009900990099009901,0.01485148514851485,0.0297029702970297,0.034653465346534656,0.07920792079207921,0.11386138613861387,1.0,0.6666666666666666,0.6,0.6,0.35,0.32,0.23,1.0,1.0,1.0,1.0,1.0,1.0,1.0,0.0049504950495049506,0.009900990099009901,0.013613861386138614,0.023308580858085806,0.026458895889588958,0.04392559711832829,0.05362890191800458,1.0
PLAIN-1537,45,1.0,0.7653606369886217,0.6843515475204855,0.513528549750033,0.3314145585106583,0.2281367133612992,0.24146661560367957,0.022222222222222223,0.044444444444444446,0.06666666666666667,0.08888888888888889,0.08888888888888889,0.13333333333333333,0.15555555555555556,1.0,0.6666666666666666,0.6,0.4,0.2,0.12,0.07,1.0,1.0,1.0,1.0,1.0,1.0,1.0,0.022222222222222223,0.044444444444444446,0.05777777777777778,0.06888888888888889,0.06888888888888889,0.07713861018208844,0.07921268425616251,1.0
PLAIN-1547,6,0.0,0.0,0.0,0.0,0.0,0.0,0.0,0.0,0.0,0.0,0.0,0.0,0.0,0.0,0.0,0.0,0.0,0.0,0.0,0.0,0.0,0.0,0.0,0.0,0.0,0.0,0.0,0.0,0.0,0.0,0.0,0.0,0.0,0.0,0.0,
PLAIN-1557,26,0.0,0.0,0.0,0.0,0.0,0.0,0.0,0.0,0.0,0.0,0.0,0.0,0.0,0.0,0.0,0.0,0.0,0.0,0.0,0.0,0.0,0.0,0.0,0.0,0.0,0.0,0.0,0.0,0.0,0.0,0.0,0.0,0.0,0.0,0.0,
PLAIN-1568,2,1.0,0.6131471927654584,0.6131471927654584,0.6131471927654584,0.6131471927654584,0.7435918382736328,0.7435918382736328,0.5,0.5,0.5,0.5,0.5,1.0,1.0,1.0,0.3333333333333333,0.2,0.1,0.05,0.04,0.02,1.0,1.0,1.0,1.0,1.0,1.0,1.0,0.5,0.5,0.5,0.5,0.5,0.54,0.54,1.0
PLAIN-1579,5,0.0,0.0,0.0,0.0,0.0,0.0,0.05515026856924372,0.0,0.0,0.0,0.0,0.0,0.0,0.2,0.0,0.0,0.0,0.0,0.0,0.0,0.01,0.0,0.0,0.0,0.0,0.0,0.0,0.014285714285714285,0.0,0.0,0.0,0.0,0.0,0.0,0.002857142857142857,70.0
PLAIN-1590,18,0.0,0.0,0.0,0.0,0.04238468688770069,0.04238468688770069,0.06562124031703509,0.0,0.0,0.0,0.0,0.05555555555555555,0.05555555555555555,0.1111111111111111,0.0,0.0,0.0,0.0,0.05,0.02,0.02,0.0,0.0,0.0,0.0,0.09090909090909091,0.09090909090909091,0.09090909090909091,0.0,0.0,0.0,0.0,0.005050505050505051,0.005050505050505051,0.006258234519104084,11.0
PLAIN-1601,74,0.0,0.0,0.0,0.07839826897867534,0.08898032113999994,0.04857019105727315,0.04661966126326626,0.0,0.0,0.0,0.013513513513513514,0.02702702702702703,0.02702702702702703,0.04054054054054054,0.0,0.0,0.0,0.1,0.1,0.04,0.03,0.0,0.0,0.0,0.16666666666666666,0.16666666666666666,0.16666666666666666,0.16666666666666666,0.0,0.0,0.0,0.0022522522522522522,0.0045045045045045045,0.0045045045045045045,0.005075498033244512,6.0
PLAIN-1611,6,0.0,0.0,0.0,0.0,0.07123530534387781,0.07123530534387781,0.07123530534387781,0.0,0.0,0.0,0.0,0.16666666666666666,0.16666666666666666,0.16666666666666666,0.0,0.0,0.0,0.0,0.05,0.02,0.01,0.0,0.0,0.0,0.0,0.05555555555555555,0.05555555555555555,0.05555555555555555,0.0,0.0,0.0,0.0,0.009259259259259259,0.009259259259259259,0.009259259259259259,18.0
PLAIN-1621,4,0.0,0.0,0.0,0.0,0.0,0.0,0.0,0.0,0.0,0.0,0.0,0.0,0.0,0.0,0.0,0.0,0.0,0.0,0.0,0.0,0.0,0.0,0.0,0.0,0.0,0.0,0.0,0.0,0.0,0.0,0.0,0.0,0.0,0.0,0.0,
PLAIN-1635,431,1.0,0.7653606369886217,0.830419897363192,0.823699893396571,0.8125376283563416,0.5390460638688185,0.5105548206400793,0.002320185614849188,0.004640371229698376,0.009280742459396751,0.018561484918793503,0.037122969837587005,0.05104408352668213,0.10440835266821345,1.0,0.6666666666666666,0.8,0.8,0.8,0.44,0.45,1.0,1.0,1.0,1.0,1.0,1.0,1.0,0.002320185614849188,0.004640371229698376,0.008236658932714616,0.01604518837697492,0.0306268508292565,0.04016094460512467,0.06528562712383602,1.0
PLAIN-1645,6,0.0,0.0,0.0,0.0,0.0,0.0,0.0,0.0,0.0,0.0,0.0,0.0,0.0,0.0,0.0,0.0,0.0,0.0,0.0,0.0,0.0,0.0,0.0,0.0,0.0,0.0,0.0,0.0,0.0,0.0,0.0,0.0,0.0,0.0,0.0,
PLAIN-1656,28,0.0,0.0,0.13120507751234178,0.08514311764162101,0.08901156032796839,0.0715703276959507,0.0715703276959507,0.0,0.0,0.03571428571428571,0.03571428571428571,0.07142857142857142,0.07142857142857142,0.07142857142857142,0.0,0.0,0.2,0.1,0.1,0.04,0.02,0.0,0.0,0.2,0.2,0.2,0.2,0.2,0.0,0.0,0.0071428571428571435,0.0071428571428571435,0.01134453781512605,0.01134453781512605,0.01134453781512605,5.0
PLAIN-1667,159,0.0,0.0,0.13120507751234178,0.15457433957839828,0.16857037662850866,0.13611720257673368,0.10733696891553493,0.0,0.0,0.006289308176100629,0.012578616352201259,0.025157232704402517,0.0440251572327044,0.06289308176100629,0.0,0.0,0.2,0.2,0.2,0.14,0.1,0.0,0.0,0.2,0.2,0.2,0.2,0.2,0.0,0.0,0.001257861635220126,0.0028301886792452833,0.005489271180170181,0.00844893203052012,0.01094745543855927,5.0
PLAIN-1679,1,0.0,0.0,0.0,0.0,0.0,0.0,0.0,0.0,0.0,0.0,0.0,0.0,0.0,0.0,0.0,0.0,0.0,0.0,0.0,0.0,0.0,0.0,0.0,0.0,0.0,0.0,0.0,0.0,0.0,0.0,0.0,0.0,0.0,0.0,0.0,
PLAIN-1690,4,0.0,0.0,0.0,0.0,0.0,0.0,0.0,0.0,0.0,0.0,0.0,0.0,0.0,0.0,0.0,0.0,0.0,0.0,0.0,0.0,0.0,0.0,0.0,0.0,0.0,0.0,0.0,0.0,0.0,0.0,0.0,0.0,0.0,0.0,0.0,
PLAIN-1700,5,0.0,0.0,0.0,0.0,0.0,0.0,0.0,0.0,0.0,0.0,0.0,0.0,0.0,0.0,0.0,0.0,0.0,0.0,0.0,0.0,0.0,0.0,0.0,0.0,0.0,0.0,0.0,0.0,0.0,0.0,0.0,0.0,0.0,0.0,0.0,
PLAIN-1710,16,1.0,1.0,1.0,1.0,0.8759744090703557,0.9461372509097219,0.9461372509097219,0.0625,0.1875,0.3125,0.625,0.8125,0.9375,0.9375,1.0,1.0,1.0,1.0,0.65,0.3,0.15,1.0,1.0,1.0,1.0,1.0,1.0,1.0,0.0625,0.1875,0.3125,0.625,0.8080357142857143,0.8821368848542761,0.8821368848542761,1.0
PLAIN-1721,31,0.0,0.0,0.14606834984270645,0.16421958630632805,0.10598195897970357,0.10106641502438678,0.11816321443673776,0.0,0.0,0.03225806451612903,0.06451612903225806,0.06451612903225806,0.0967741935483871,0.12903225806451613,0.0,0.0,0.2,0.2,0.1,0.06,0.04,0.0,0.0,0.25,0.25,0.25,0.25,0.25,0.0,0.0,0.008064516129032258,0.016129032258064516,0.016129032258064516,0.019250780437044746,0.020971210544571628,4.0
PLAIN-1731,3,0.0,0.0,0.0,0.1480409554829326,0.1480409554829326,0.1480409554829326,0.1480409554829326,0.0,0.0,0.0,0.3333333333333333,0.3333333333333333,0.3333333333333333,0.3333333333333333,0.0,0.0,0.0,0.1,0.05,0.02,0.01,0.0,0.0,0.0,0.125,0.125,0.125,0.125,0.0,0.0,0.0,0.041666666666666664,0.041666666666666664,0.041666666666666664,0.041666666666666664,8.0
PLAIN-1741,420,1.0,0.46927872602275644,0.4703652827859579,0.37859880603906126,0.31907623373745064,0.232966137677194,0.19073296382715157,0.002380952380952381,0.002380952380952381,0.004761904761904762,0.007142857142857143,0.011904761904761904,0.02142857142857143,0.03571428571428571,1.0,0.3333333333333333,0.4,0.3,0.25,0.18,0.15,1.0,1.0,1.0,1.0,1.0,1.0,1.0,0.002380952380952381,0.002380952380952381,0.003333333333333333,0.004353741496598639,0.005997732426303855,0.00785126777983921,0.01051583674533182,1.0
PLAIN-1752,1,0.0,0.0,0.0,0.0,0.0,0.0,0.0,0.0,0.0,0.0,0.0,0.0,0.0,0.0,0.0,0.0,0.0,0.0,0.0,0.0,0.0,0.0,0.0,0.0,0.0,0.0,0.0,0.0,0.0,0.0,0.0,0.0,0.0,0.0,0.0,
PLAIN-1762,8,0.0,0.0,0.0,0.08431423425588572,0.08431423425588572,0.08431423425588572,0.16482874769580877,0.0,0.0,0.0,0.125,0.125,0.125,0.375,0.0,0.0,0.0,0.1,0.05,0.02,0.03,0.0,0.0,0.0,0.14285714285714285,0.14285714285714285,0.14285714285714285,0.14285714285714285,0.0,0.0,0.0,0.017857142857142856,0.017857142857142856,0.017857142857142856,0.02580196928679236,7.0
PLAIN-1772,2,1.0,0.9197207891481876,0.9197207891481876,0.9197207891481876,0.9197207891481876,0.9197207891481876,0.9197207891481876,0.5,1.0,1.0,1.0,1.0,1.0,1.0,1.0,0.6666666666666666,0.4,0.2,0.1,0.04,0.02,1.0,1.0,1.0,1.0,1.0,1.0,1.0,0.5,0.8333333333333333,0.8333333333333333,0.8333333333333333,0.8333333333333333,0.8333333333333333,0.8333333333333333,1.0
PLAIN-1784,2,0.0,0.0,0.0,0.0,0.0,0.0,0.0,0.0,0.0,0.0,0.0,0.0,0.0,0.0,0.0,0.0,0.0,0.0,0.0,0.0,0.0,0.0,0.0,0.0,0.0,0.0,0.0,0.0,0.0,0.0,0.0,0.0,0.0,0.0,0.0,
PLAIN-1794,2,0.0,0.3065735963827292,0.3065735963827292,0.3065735963827292,0.3065735963827292,0.3065735963827292,0.3065735963827292,0.0,0.5,0.5,0.5,0.5,0.5,0.5,0.0,0.3333333333333333,0.2,0.1,0.05,0.02,0.01,0.0,0.3333333333333333,0.3333333333333333,0.3333333333333333,0.3333333333333333,0.3333333333333333,0.3333333333333333,0.0,0.16666666666666666,0.16666666666666666,0.16666666666666666,0.16666666666666666,0.16666666666666666,0.16666666666666666,3.0
PLAIN-1805,116,1.0,1.0,1.0,0.8701249883466594,0.7051043276667944,0.46313249944786583,0.31605530471867216,0.008620689655172414,0.02586206896551724,0.04310344827586207,0.06896551724137931,0.10344827586206896,0.14655172413793102,0.1810344827586207,1.0,1.0,1.0,0.8,0.6,0.34,0.21,1.0,1.0,1.0,1.0,1.0,1.0,1.0,0.008620689655172414,0.02586206896551724,0.04310344827586207,0.06896551724137931,0.0936005867864387,0.1149571335038515,0.1241606634170847,1.0
PLAIN-1817,27,1.0,0.46927872602275644,0.3391602052736161,0.2200917662980802,0.17839632762219612,0.16858384361592277,0.1886352815605365,0.037037037037037035,0.037037037037037035,0.037037037037037035,0.037037037037037035,0.07407407407407407,0.1111111111111111,0.14814814814814814,1.0,0.3333333333333333,0.2,0.1,0.1,0.06,0.04,1.0,1.0,1.0,1.0,1.0,1.0,1.0,0.037037037037037035,0.037037037037037035,0.037037037037037035,0.037037037037037035,0.042328042328042326,0.04503806942831333,0.047683572073815975,1.0
PLAIN-1827,3,0.0,0.0,0.0,0.0,0.0,0.0,0.0,0.0,0.0,0.0,0.0,0.0,0.0,0.0,0.0,0.0,0.0,0.0,0.0,0.0,0.0,0.0,0.0,0.0,0.0,0.0,0.0,0.0,0.0,0.0,0.0,0.0,0.0,0.0,0.0,
PLAIN-1837,196,1.0,1.0,1.0,0.9363792118010483,0.8907535565295288,0.6996033613475625,0.5310919945982598,0.00510204081632653,0.015306122448979591,0.025510204081632654,0.04591836734693878,0.08673469387755102,0.15816326530612246,0.22448979591836735,1.0,1.0,1.0,0.9,0.85,0.62,0.44,1.0,1.0,1.0,1.0,1.0,1.0,1.0,0.00510204081632653,0.015306122448979591,0.025510204081632654,0.04591836734693878,0.08257753808711035,0.13424006599640254,0.1687460806967349,1.0
PLAIN-1847,11,0.0,0.0,0.0,0.0,0.0,0.0,0.0,0.0,0.0,0.0,0.0,0.0,0.0,0.0,0.0,0.0,0.0,0.0,0.0,0.0,0.0,0.0,0.0,0.0,0.0,0.0,0.0,0.0,0.0,0.0,0.0,0.0,0.0,0.0,0.0,
PLAIN-1857,33,1.0,0.7039180890341347,0.6548086577531307,0.4249260138166711,0.3097433847369321,0.2440122195891086,0.2440122195891086,0.030303030303030304,0.06060606060606061,0.09090909090909091,0.09090909090909091,0.12121212121212122,0.15151515151515152,0.15151515151515152,1.0,0.6666666666666666,0.6,0.3,0.2,0.1,0.05,1.0,1.0,1.0,1.0,1.0,1.0,1.0,0.030303030303030304,0.0505050505050505,0.07323232323232323,0.07323232323232323,0.08131313131313131,0.08620071684587813,0.08620071684587813,1.0
PLAIN-1867,7,0.0,0.0,0.0,0.0,0.0,0.06076546216996844,0.10342862274112621,0.0,0.0,0.0,0.0,0.0,0.14285714285714285,0.2857142857142857,0.0,0.0,0.0,0.0,0.0,0.02,0.02,0.0,0.0,0.0,0.0,0.0,0.045454545454545456,0.045454545454545456,0.0,0.0,0.0,0.0,0.0,0.006493506493506494,0.009815765629719118,22.0
PLAIN-1877,36,0.0,0.0,0.0,0.0,0.0,0.017230173440788248,0.017230173440788248,0.0,0.0,0.0,0.0,0.0,0.027777777777777776,0.027777777777777776,0.0,0.0,0.0,0.0,0.0,0.02,0.01,0.0,0.0,0.0,0.0,0.0,0.020833333333333332,0.020833333333333332,0.0,0.0,0.0,0.0,0.0,0.0005787037037037037,0.0005787037037037037,48.0
PLAIN-1887,4,0.0,0.0,0.0,0.0,0.0,0.0,0.0,0.0,0.0,0.0,0.0,0.0,0.0,0.0,0.0,0.0,0.0,0.0,0.0,0.0,0.0,0.0,0.0,0.0,0.0,0.0,0.0,0.0,0.0,0.0,0.0,0.0,0.0,0.0,0.0,
PLAIN-1897,2,0.0,0.0,0.0,0.0,0.0,0.0,0.09874414971201788,0.0,0.0,0.0,0.0,0.0,0.0,0.5,0.0,0.0,0.0,0.0,0.0,0.0,0.01,0.0,0.0,0.0,0.0,0.0,0.0,0.0136986301369863,0.0,0.0,0.0,0.0,0.0,0.0,0.00684931506849315,73.0
PLAIN-1909,463,0.0,0.5307212739772434,0.5147714448836774,0.47870393709728004,0.42038308718771855,0.3994591536598188,0.33013684811802224,0.0,0.004319654427645789,0.0064794816414686825,0.01079913606911447,0.017278617710583154,0.04103671706263499,0.06479481641468683,0.0,0.6666666666666666,0.6,0.5,0.4,0.38,0.3,0.0,0.5,0.5,0.5,0.5,0.5,0.5,0.0,0.0025197984161267097,0.0038156947444204464,0.006455483561315095,0.009853393546698083,0.019970942428952,0.0277783529761093,2.0
PLAIN-1919,27,1.0,0.7653606369886217,0.6992148198508501,0.6530488081313036,0.45984101588400783,0.5186370632445818,0.5371374052923452,0.037037037037037035,0.07407407407407407,0.1111111111111111,0.2222222222222222,0.25925925925925924,0.48148148148148145,0.5185185185185185,1.0,0.6666666666666666,0.6,0.6,0.35,0.26,0.14,1.0,1.0,1.0,1.0,1.0,1.0,1.0,0.037037037037037035,0.07407407407407407,0.10185185185185185,0.16316872427983536,0.1847736625514403,0.25755511007408866,0.26411863562495597,1.0
PLAIN-1929,10,0.0,0.0,0.0,0.0,0.061393045604746566,0.15447289436876427,0.18813039874443588,0.0,0.0,0.0,0.0,0.1,0.3,0.4,0.0,0.0,0.0,0.0,0.05,0.06,0.04,0.0,0.0,0.0,0.0,0.09090909090909091,0.09090909090909091,0.09090909090909091,0.0,0.0,0.0,0.0,0.00909090909090909,0.028181818181818186,0.03252964426877471,11.0
PLAIN-1940,12,1.0,0.46927872602275644,0.3391602052736161,0.29345568839744024,0.2618105810657191,0.2618105810657191,0.2618105810657191,0.08333333333333333,0.08333333333333333,0.08333333333333333,0.16666666666666666,0.16666666666666666,0.16666666666666666,0.16666666666666666,1.0,0.3333333333333333,0.2,0.2,0.1,0.04,0.02,1.0,1.0,1.0,1.0,1.0,1.0,1.0,0.08333333333333333,0.08333333333333333,0.08333333333333333,0.10714285714285714,0.10714285714285714,0.10714285714285714,0.10714285714285714,1.0
PLAIN-1950,13,0.0,0.2960819109658652,0.21398626473452756,0.13886244387355456,0.1668560633454759,0.1668560633454759,0.1668560633454759,0.0,0.07692307692307693,0.07692307692307693,0.07692307692307693,0.15384615384615385,0.15384615384615385,0.15384615384615385,0.0,0.3333333333333333,0.2,0.1,0.1,0.04,0.02,0.0,0.5,0.5,0.5,0.5,0.5,0.5,0.0,0.038461538461538464,0.038461538461538464,0.038461538461538464,0.05029585798816568,0.05029585798816568,0.05029585798816568,2.0
PLAIN-1962,13,0.0,0.0,0.0,0.0,0.0,0.0,0.0,0.0,0.0,0.0,0.0,0.0,0.0,0.0,0.0,0.0,0.0,0.0,0.0,0.0,0.0,0.0,0.0,0.0,0.0,0.0,0.0,0.0,0.0,0.0,0.0,0.0,0.0,0.0,0.0,
PLAIN-1972,11,0.0,0.0,0.0,0.0,0.0,0.08232964202853621,0.08232964202853621,0.0,0.0,0.0,0.0,0.0,0.18181818181818182,0.18181818181818182,0.0,0.0,0.0,0.0,0.0,0.04,0.02,0.0,0.0,0.0,0.0,0.0,0.04,0.04,0.0,0.0,0.0,0.0,0.0,0.007965367965367965,0.007965367965367965,25.0
PLAIN-1983,32,1.0,0.46927872602275644,0.3391602052736161,0.2200917662980802,0.1420400396336573,0.12685865829532622,0.14410279480794042,0.03125,0.03125,0.03125,0.03125,0.03125,0.0625,0.09375,1.0,0.3333333333333333,0.2,0.1,0.05,0.04,0.03,1.0,1.0,1.0,1.0,1.0,1.0,1.0,0.03125,0.03125,0.03125,0.03125,0.03125,0.03375,0.035170454545454546,1.0
PLAIN-1995,11,0.0,0.0,0.0,0.0,0.0,0.0,0.034963819355364786,0.0,0.0,0.0,0.0,0.0,0.0,0.09090909090909091,0.0,0.0,0.0,0.0,0.0,0.0,0.01,0.0,0.0,0.0,0.0,0.0,0.0,0.016666666666666666,0.0,0.0,0.0,0.0,0.0,0.0,0.0015151515151515152,60.0
PLAIN-2009,8,0.0,0.0,0.13120507751234178,0.09785159463516042,0.09785159463516042,0.14757042515255284,0.14757042515255284,0.0,0.0,0.125,0.125,0.125,0.25,0.25,0.0,0.0,0.2,0.1,0.05,0.04,0.02,0.0,0.0,0.2,0.2,0.2,0.2,0.2,0.0,0.0,0.025,0.025,0.025,0.03257575757575758,0.03257575757575758,5.0
PLAIN-2019,3,0.0,0.0,0.0,0.0,0.0,0.0,0.0,0.0,0.0,0.0,0.0,0.0,0.0,0.0,0.0,0.0,0.0,0.0,0.0,0.0,0.0,0.0,0.0,0.0,0.0,0.0,0.0,0.0,0.0,0.0,0.0,0.0,0.0,0.0,0.0,
PLAIN-2030,6,0.0,0.0,0.0,0.0,0.0,0.0,0.0,0.0,0.0,0.0,0.0,0.0,0.0,0.0,0.0,0.0,0.0,0.0,0.0,0.0,0.0,0.0,0.0,0.0,0.0,0.0,0.0,0.0,0.0,0.0,0.0,0.0,0.0,0.0,0.0,
PLAIN-2040,132,1.0,0.7039180890341347,0.5087403079104241,0.39375843764607205,0.286983809404952,0.21813069033056026,0.16610386745529898,0.007575757575757576,0.015151515151515152,0.015151515151515152,0.022727272727272728,0.030303030303030304,0.06060606060606061,0.09090909090909091,1.0,0.6666666666666666,0.4,0.3,0.2,0.16,0.12,1.0,1.0,1.0,1.0,1.0,1.0,1.0,0.007575757575757576,0.012626262626262624,0.012626262626262624,0.014898989898989898,0.016493886230728335,0.022471621677524135,0.027423009939488367,1.0
PLAIN-2051,355,0.0,0.5307212739772434,0.38356636737133565,0.32730659600127,0.4570617431249426,0.3678311686775972,0.30243219454962866,0.0,0.005633802816901409,0.005633802816901409,0.008450704225352112,0.028169014084507043,0.05070422535211268,0.07887323943661972,0.0,0.6666666666666666,0.4,0.3,0.5,0.36,0.28,0.0,0.5,0.5,0.5,0.5,0.5,0.5,0.0,0.003286384976525821,0.003286384976525821,0.004694835680751173,0.013156470619406127,0.021829710947254954,0.030252270615765808,2.0
PLAIN-2061,410,0.0,0.23463936301137822,0.3156484524795145,0.20483424751859092,0.2354775660069588,0.2773515286229194,0.26913284280888505,0.0,0.0024390243902439024,0.004878048780487805,0.004878048780487805,0.012195121951219513,0.036585365853658534,0.06829268292682927,0.0,0.3333333333333333,0.4,0.2,0.25,0.3,0.28,0.0,0.3333333333333333,0.3333333333333333,0.3333333333333333,0.3333333333333333,0.3333333333333333,0.3333333333333333,0.0,0.0008130081300813008,0.002032520325203252,0.002032520325203252,0.003770905024397435,0.010506975692382375,0.0192124801823858,3.0
PLAIN-2071,45,1.0,0.7653606369886217,0.5531464700081437,0.4225749983705865,0.3422890883882866,0.2006990037681758,0.226948771556549,0.022222222222222223,0.044444444444444446,0.044444444444444446,0.06666666666666667,0.1111111111111111,0.1111111111111111,0.15555555555555556,1.0,0.6666666666666666,0.4,0.3,0.25,0.1,0.07,1.0,1.0,1.0,1.0,1.0,1.0,1.0,0.022222222222222223,0.044444444444444446,0.044444444444444446,0.05111111111111111,0.06357298474945533,0.06357298474945533,0.06715743607384474,1.0
PLAIN-2081,1,0.0,0.0,0.0,0.0,0.0,0.0,0.0,0.0,0.0,0.0,0.0,0.0,0.0,0.0,0.0,0.0,0.0,0.0,0.0,0.0,0.0,0.0,0.0,0.0,0.0,0.0,0.0,0.0,0.0,0.0,0.0,0.0,0.0,0.0,0.0,
PLAIN-2092,10,1.0,0.7653606369886217,0.5531464700081437,0.35895421017163476,0.35895421017163476,0.44960998918096573,0.44960998918096573,0.1,0.2,0.2,0.2,0.2,0.4,0.4,1.0,0.6666666666666666,0.4,0.2,0.1,0.08,0.04,1.0,1.0,1.0,1.0,1.0,1.0,1.0,0.1,0.2,0.2,0.2,0.2,0.2246212121212121,0.2246212121212121,1.0
PLAIN-2102,421,1.0,0.7653606369886217,0.5531464700081437,0.48882922182497557,0.3154744187389214,0.25101356242392775,0.28571448633851754,0.0023752969121140144,0.004750593824228029,0.004750593824228029,0.009501187648456057,0.009501187648456057,0.021377672209026127,0.06175771971496437,1.0,0.6666666666666666,0.4,0.4,0.2,0.18,0.26,1.0,1.0,1.0,1.0,1.0,1.0,1.0,0.0023752969121140144,0.004750593824228029,0.004750593824228029,0.0064924782264449725,0.0064924782264449725,0.009240068870888997,0.018911043032021298,1.0
PLAIN-2113,1,0.0,0.0,0.0,0.0,0.0,0.0,0.0,0.0,0.0,0.0,0.0,0.0,0.0,0.0,0.0,0.0,0.0,0.0,0.0,0.0,0.0,0.0,0.0,0.0,0.0,0.0,0.0,0.0,0.0,0.0,0.0,0.0,0.0,0.0,0.0,
PLAIN-2124,17,0.0,0.23463936301137822,0.16958010263680806,0.1100458831490401,0.07879213539011481,0.14453430217987787,0.21973199201213653,0.0,0.058823529411764705,0.058823529411764705,0.058823529411764705,0.058823529411764705,0.17647058823529413,0.35294117647058826,0.0,0.3333333333333333,0.2,0.1,0.05,0.06,0.06,0.0,0.3333333333333333,0.3333333333333333,0.3333333333333333,0.3333333333333333,0.3333333333333333,0.3333333333333333,0.0,0.0196078431372549,0.0196078431372549,0.0196078431372549,0.0196078431372549,0.030392156862745094,0.041635353328323195,3.0
PLAIN-2134,12,0.0,0.0,0.0,0.0,0.0,0.0,0.0,0.0,0.0,0.0,0.0,0.0,0.0,0.0,0.0,0.0,0.0,0.0,0.0,0.0,0.0,0.0,0.0,0.0,0.0,0.0,0.0,0.0,0.0,0.0,0.0,0.0,0.0,0.0,0.0,
PLAIN-2145,9,0.0,0.0,0.0,0.0,0.0,0.0,0.0,0.0,0.0,0.0,0.0,0.0,0.0,0.0,0.0,0.0,0.0,0.0,0.0,0.0,0.0,0.0,0.0,0.0,0.0,0.0,0.0,0.0,0.0,0.0,0.0,0.0,0.0,0.0,0.0,
PLAIN-2156,6,1.0,0.7653606369886217,0.5531464700081437,0.4935232796777481,0.4935232796777481,0.5480011936294565,0.5480011936294565,0.16666666666666666,0.3333333333333333,0.3333333333333333,0.3333333333333333,0.3333333333333333,0.5,0.5,1.0,0.6666666666666666,0.4,0.2,0.1,0.06,0.03,1.0,1.0,1.0,1.0,1.0,1.0,1.0,0.16666666666666666,0.3333333333333333,0.3333333333333333,0.3333333333333333,0.3333333333333333,0.3442028985507246,0.3442028985507246,1.0
PLAIN-2167,1,0.0,0.0,0.0,0.0,0.0,0.0,0.0,0.0,0.0,0.0,0.0,0.0,0.0,0.0,0.0,0.0,0.0,0.0,0.0,0.0,0.0,0.0,0.0,0.0,0.0,0.0,0.0,0.0,0.0,0.0,0.0,0.0,0.0,0.0,0.0,
PLAIN-2177,24,0.0,0.5307212739772434,0.5296347172140421,0.4170606134915055,0.2691573022760897,0.23928968016733515,0.25982357481624757,0.0,0.08333333333333333,0.125,0.16666666666666666,0.16666666666666666,0.16666666666666666,0.20833333333333334,0.0,0.6666666666666666,0.6,0.4,0.2,0.08,0.05,0.0,0.5,0.5,0.5,0.5,0.5,0.5,0.0,0.048611111111111105,0.0798611111111111,0.10367063492063493,0.10367063492063493,0.10367063492063493,0.1066468253968254,2.0
PLAIN-2187,9,0.0,0.0,0.0,0.0,0.0,0.0,0.0,0.0,0.0,0.0,0.0,0.0,0.0,0.0,0.0,0.0,0.0,0.0,0.0,0.0,0.0,0.0,0.0,0.0,0.0,0.0,0.0,0.0,0.0,0.0,0.0,0.0,0.0,0.0,0.0,
PLAIN-2197,58,0.0,0.5307212739772434,0.5147714448836774,0.4034826666009929,0.26039453869382967,0.17099054001187014,0.1984956656007246,0.0,0.034482758620689655,0.05172413793103448,0.06896551724137931,0.06896551724137931,0.10344827586206896,0.1724137931034483,0.0,0.6666666666666666,0.6,0.4,0.2,0.12,0.1,0.0,0.5,0.5,0.5,0.5,0.5,0.5,0.0,0.02011494252873563,0.03045977011494253,0.03908045977011494,0.03908045977011494,0.04372714603082612,0.05091934590591283,2.0
PLAIN-2209,2,0.0,0.0,0.0,0.0,0.0,0.0,0.0,0.0,0.0,0.0,0.0,0.0,0.0,0.0,0.0,0.0,0.0,0.0,0.0,0.0,0.0,0.0,0.0,0.0,0.0,0.0,0.0,0.0,0.0,0.0,0.0,0.0,0.0,0.0,0.0,
PLAIN-2220,9,1.0,0.46927872602275644,0.3391602052736161,0.2350455494144854,0.2350455494144854,0.2350455494144854,0.2350455494144854,0.1111111111111111,0.1111111111111111,0.1111111111111111,0.1111111111111111,0.1111111111111111,0.1111111111111111,0.1111111111111111,1.0,0.3333333333333333,0.2,0.1,0.05,0.02,0.01,1.0,1.0,1.0,1.0,1.0,1.0,1.0,0.1111111111111111,0.1111111111111111,0.1111111111111111,0.1111111111111111,0.1111111111111111,0.1111111111111111,0.1111111111111111,1.0
PLAIN-2230,7,0.0,0.0,0.0,0.0,0.0,0.0,0.04234173645575849,0.0,0.0,0.0,0.0,0.0,0.0,0.14285714285714285,0.0,0.0,0.0,0.0,0.0,0.0,0.01,0.0,0.0,0.0,0.0,0.0,0.0,0.011235955056179775,0.0,0.0,0.0,0.0,0.0,0.0,0.0016051364365971107,89.0
PLAIN-2240,11,1.0,0.46927872602275644,0.3391602052736161,0.2200917662980802,0.20736122891466585,0.20736122891466585,0.23864046773047956,0.09090909090909091,0.09090909090909091,0.09090909090909091,0.09090909090909091,0.09090909090909091,0.09090909090909091,0.18181818181818182,1.0,0.3333333333333333,0.2,0.1,0.05,0.02,0.02,1.0,1.0,1.0,1.0,1.0,1.0,1.0,0.09090909090909091,0.09090909090909091,0.09090909090909091,0.09090909090909091,0.09090909090909091,0.09090909090909091,0.0927643784786642,1.0
PLAIN-2250,2,0.0,0.0,0.0,0.0,0.0,0.0,0.0,0.0,0.0,0.0,0.0,0.0,0.0,0.0,0.0,0.0,0.0,0.0,0.0,0.0,0.0,0.0,0.0,0.0,0.0,0.0,0.0,0.0,0.0,0.0,0.0,0.0,0.0,0.0,0.0,
PLAIN-2261,60,1.0,0.7653606369886217,0.5531464700081437,0.4373524791503101,0.3156905011963313,0.20576643683866355,0.20359733100131214,0.016666666666666666,0.03333333333333333,0.03333333333333333,0.05,0.06666666666666667,0.1,0.13333333333333333,1.0,0.6666666666666666,0.4,0.3,0.2,0.12,0.08,1.0,1.0,1.0,1.0,1.0,1.0,1.0,0.016666666666666666,0.03333333333333333,0.03333333333333333,0.041666666666666664,0.04537037037037037,0.053004403004403004,0.056412363203407985,1.0
PLAIN-2271,10,0.0,0.0,0.0,0.0,0.0,0.0,0.0,0.0,0.0,0.0,0.0,0.0,0.0,0.0,0.0,0.0,0.0,0.0,0.0,0.0,0.0,0.0,0.0,0.0,0.0,0.0,0.0,0.0,0.0,0.0,0.0,0.0,0.0,0.0,0.0,
PLAIN-2281,1,0.0,0.0,0.0,0.0,0.0,0.0,0.0,0.0,0.0,0.0,0.0,0.0,0.0,0.0,0.0,0.0,0.0,0.0,0.0,0.0,0.0,0.0,0.0,0.0,0.0,0.0,0.0,0.0,0.0,0.0,0.0,0.0,0.0,0.0,0.0,
PLAIN-2291,5,0.0,0.0,0.0,0.0,0.0,0.0,0.0,0.0,0.0,0.0,0.0,0.0,0.0,0.0,0.0,0.0,0.0,0.0,0.0,0.0,0.0,0.0,0.0,0.0,0.0,0.0,0.0,0.0,0.0,0.0,0.0,0.0,0.0,0.0,0.0,
PLAIN-2301,13,0.0,0.0,0.0,0.06943122193677728,0.05890605135464943,0.05890605135464943,0.09091895824504055,0.0,0.0,0.0,0.07692307692307693,0.07692307692307693,0.07692307692307693,0.15384615384615385,0.0,0.0,0.0,0.1,0.05,0.02,0.02,0.0,0.0,0.0,0.125,0.125,0.125,0.125,0.0,0.0,0.0,0.009615384615384616,0.009615384615384616,0.009615384615384616,0.012362637362637362,8.0
PLAIN-2311,2,0.0,0.0,0.0,0.0,0.0,0.13749447131399728,0.13749447131399728,0.0,0.0,0.0,0.0,0.0,0.5,0.5,0.0,0.0,0.0,0.0,0.0,0.02,0.01,0.0,0.0,0.0,0.0,0.0,0.047619047619047616,0.047619047619047616,0.0,0.0,0.0,0.0,0.0,0.023809523809523808,0.023809523809523808,21.0
PLAIN-2321,5,0.0,0.0,0.0,0.0,0.0,0.0,0.0,0.0,0.0,0.0,0.0,0.0,0.0,0.0,0.0,0.0,0.0,0.0,0.0,0.0,0.0,0.0,0.0,0.0,0.0,0.0,0.0,0.0,0.0,0.0,0.0,0.0,0.0,0.0,0.0,
PLAIN-2332,97,1.0,0.7653606369886217,0.6843515475204855,0.44409732781325584,0.2866059149089866,0.24815589650655856,0.19492236334716315,0.010309278350515464,0.020618556701030927,0.030927835051546393,0.030927835051546393,0.030927835051546393,0.09278350515463918,0.14432989690721648,1.0,0.6666666666666666,0.6,0.3,0.15,0.18,0.14,1.0,1.0,1.0,1.0,1.0,1.0,1.0,0.010309278350515464,0.020618556701030927,0.026804123711340208,0.026804123711340208,0.026804123711340208,0.038469584959882105,0.04628998280584792,1.0
PLAIN-2343,2,0.0,0.0,0.0,0.0,0.0,0.0,0.0,0.0,0.0,0.0,0.0,0.0,0.0,0.0,0.0,0.0,0.0,0.0,0.0,0.0,0.0,0.0,0.0,0.0,0.0,0.0,0.0,0.0,0.0,0.0,0.0,0.0,0.0,0.0,0.0,
PLAIN-2354,5,0.0,0.2960819109658652,0.21398626473452756,0.21398626473452756,0.29532111012294726,0.29532111012294726,0.29532111012294726,0.0,0.2,0.2,0.2,0.4,0.4,0.4,0.0,0.3333333333333333,0.2,0.1,0.1,0.04,0.02,0.0,0.5,0.5,0.5,0.5,0.5,0.5,0.0,0.1,0.1,0.1,0.12352941176470589,0.12352941176470589,0.12352941176470589,2.0
PLAIN-2364,15,0.0,0.0,0.0,0.0,0.0,0.0,0.0,0.0,0.0,0.0,0.0,0.0,0.0,0.0,0.0,0.0,0.0,0.0,0.0,0.0,0.0,0.0,0.0,0.0,0.0,0.0,0.0,0.0,0.0,0.0,0.0,0.0,0.0,0.0,0.0,
PLAIN-2375,2,0.0,0.0,0.0,0.0,0.0,0.0,0.0,0.0,0.0,0.0,0.0,0.0,0.0,0.0,0.0,0.0,0.0,0.0,0.0,0.0,0.0,0.0,0.0,0.0,0.0,0.0,0.0,0.0,0.0,0.0,0.0,0.0,0.0,0.0,0.0,
PLAIN-2386,19,0.0,0.0,0.0,0.0,0.0,0.0,0.07197371360097252,0.0,0.0,0.0,0.0,0.0,0.0,0.15789473684210525,0.0,0.0,0.0,0.0,0.0,0.0,0.03,0.0,0.0,0.0,0.0,0.0,0.0,0.018867924528301886,0.0,0.0,0.0,0.0,0.0,0.0,0.0042326818332280094,53.0
PLAIN-2396,18,0.0,0.0,0.0,0.0,0.0,0.0,0.023900317761748696,0.0,0.0,0.0,0.0,0.0,0.0,0.05555555555555555,0.0,0.0,0.0,0.0,0.0,0.0,0.01,0.0,0.0,0.0,0.0,0.0,0.0,0.012345679012345678,0.0,0.0,0.0,0.0,0.0,0.0,0.0006858710562414266,81.0
PLAIN-2408,5,0.0,0.0,0.0,0.0,0.0,0.0,0.0,0.0,0.0,0.0,0.0,0.0,0.0,0.0,0.0,0.0,0.0,0.0,0.0,0.0,0.0,0.0,0.0,0.0,0.0,0.0,0.0,0.0,0.0,0.0,0.0,0.0,0.0,0.0,0.0,
PLAIN-2430,46,1.0,0.7039180890341347,0.5087403079104241,0.3301376494471203,0.2541497785308557,0.21476003288842335,0.24929445082158352,0.021739130434782608,0.043478260869565216,0.043478260869565216,0.043478260869565216,0.06521739130434782,0.10869565217391304,0.15217391304347827,1.0,0.6666666666666666,0.4,0.2,0.15,0.1,0.07,1.0,1.0,1.0,1.0,1.0,1.0,1.0,0.021739130434782608,0.03623188405797101,0.03623188405797101,0.03623188405797101,0.04216073781291172,0.047917441342679945,0.051258408852760715,1.0
PLAIN-2440,21,0.0,0.0,0.0,0.0,0.0,0.0,0.0,0.0,0.0,0.0,0.0,0.0,0.0,0.0,0.0,0.0,0.0,0.0,0.0,0.0,0.0,0.0,0.0,0.0,0.0,0.0,0.0,0.0,0.0,0.0,0.0,0.0,0.0,0.0,0.0,
PLAIN-2450,38,0.0,0.2960819109658652,0.21398626473452756,0.13886244387355456,0.1907401453285979,0.14638622447441593,0.14638622447441593,0.0,0.02631578947368421,0.02631578947368421,0.02631578947368421,0.07894736842105263,0.07894736842105263,0.07894736842105263,0.0,0.3333333333333333,0.2,0.1,0.15,0.06,0.03,0.0,0.5,0.5,0.5,0.5,0.5,0.5,0.0,0.013157894736842105,0.013157894736842105,0.013157894736842105,0.023182957393483708,0.023182957393483708,0.023182957393483708,2.0
PLAIN-2460,31,0.0,0.0,0.0,0.08421358772610596,0.15831571271855044,0.21582934149162158,0.26828131624268026,0.0,0.0,0.0,0.03225806451612903,0.0967741935483871,0.1935483870967742,0.3225806451612903,0.0,0.0,0.0,0.1,0.15,0.12,0.1,0.0,0.0,0.0,0.125,0.125,0.125,0.125,0.0,0.0,0.0,0.004032258064516129,0.013203668564199873,0.032964552841213184,0.0479065500539767,8.0
PLAIN-2470,73,1.0,0.46927872602275644,0.3391602052736161,0.2669507571941387,0.20022570440921905,0.17794269297711574,0.18421284753850461,0.0136986301369863,0.0136986301369863,0.0136986301369863,0.0136986301369863,0.0136986301369863,0.0547945205479452,0.1232876712328767,1.0,0.3333333333333333,0.2,0.1,0.05,0.08,0.09,1.0,1.0,1.0,1.0,1.0,1.0,1.0,0.0136986301369863,0.0136986301369863,0.0136986301369863,0.0136986301369863,0.0136986301369863,0.017579908675799085,0.02413921972892905,1.0
PLAIN-2480,18,1.0,0.617319681505689,0.44615333764087994,0.3318909647201361,0.3137420734379009,0.3510341872318669,0.3952972268884363,0.05555555555555555,0.1111111111111111,0.1111111111111111,0.16666666666666666,0.2222222222222222,0.3333333333333333,0.4444444444444444,1.0,0.6666666666666666,0.4,0.3,0.2,0.12,0.08,1.0,1.0,1.0,1.0,1.0,1.0,1.0,0.05555555555555555,0.1111111111111111,0.1111111111111111,0.12777777777777777,0.14084967320261438,0.16118697478991595,0.17163406142598883,1.0
PLAIN-2490,23,0.0,0.0,0.0,0.0,0.02562468790836884,0.04424428223037647,0.07590235153951398,0.0,0.0,0.0,0.0,0.043478260869565216,0.08695652173913043,0.13043478260869565,0.0,0.0,0.0,0.0,0.05,0.04,0.03,0.0,0.0,0.0,0.0,0.07142857142857142,0.07142857142857142,0.07142857142857142,0.0,0.0,0.0,0.0,0.003105590062111801,0.006728778467908903,0.008902691511387163,14.0
PLAIN-2500,7,0.0,0.0,0.0,0.11974534227438745,0.11974534227438745,0.19091546443551216,0.19091546443551216,0.0,0.0,0.0,0.14285714285714285,0.14285714285714285,0.42857142857142855,0.42857142857142855,0.0,0.0,0.0,0.1,0.05,0.06,0.03,0.0,0.0,0.0,0.125,0.125,0.125,0.125,0.0,0.0,0.0,0.017857142857142856,0.017857142857142856,0.03557727438801608,0.03557727438801608,8.0
PLAIN-2510,46,1.0,0.7039180890341347,0.639945385422766,0.5254894301668924,0.49668833552491265,0.4088609702861468,0.5064177949827031,0.021739130434782608,0.043478260869565216,0.06521739130434782,0.10869565217391304,0.1956521739130435,0.2826086956521739,0.45652173913043476,1.0,0.6666666666666666,0.6,0.5,0.45,0.26,0.21,1.0,1.0,1.0,1.0,1.0,1.0,1.0,0.021739130434782608,0.03623188405797101,0.049275362318840575,0.07463768115942028,0.11719457013574659,0.1454050280490174,0.18848336188047002,1.0
PLAIN-2520,73,0.0,0.0,0.0,0.0,0.04409601702648399,0.07346239811587621,0.11903726958363393,0.0,0.0,0.0,0.0,0.0136986301369863,0.0547945205479452,0.1232876712328767,0.0,0.0,0.0,0.0,0.05,0.08,0.09,0.0,0.0,0.0,0.0,0.09090909090909091,0.09090909090909091,0.09090909090909091,0.0,0.0,0.0,0.0,0.0012453300124533001,0.004767019510170195,0.011573558916646538,11.0
PLAIN-2530,72,1.0,1.0,1.0,0.8974416663360284,0.6753452095965857,0.5186147266048565,0.4775750205195575,0.013888888888888888,0.041666666666666664,0.06944444444444445,0.125,0.1388888888888889,0.19444444444444445,0.25,1.0,1.0,1.0,0.9,0.5,0.28,0.18,1.0,1.0,1.0,1.0,1.0,1.0,1.0,0.013888888888888888,0.041666666666666664,0.06944444444444445,0.12206790123456791,0.13469416386083052,0.15722521473697548,0.17094909331741145,1.0
PLAIN-2540,21,0.0,0.0,0.0,0.0,0.023254099046544355,0.1250347655384302,0.2686712052181238,0.0,0.0,0.0,0.0,0.047619047619047616,0.19047619047619047,0.47619047619047616,0.0,0.0,0.0,0.0,0.05,0.08,0.1,0.0,0.0,0.0,0.0,0.07692307692307693,0.07692307692307693,0.07692307692307693,0.0,0.0,0.0,0.0,0.003663003663003663,0.016138659522781415,0.048311947605381635,13.0
PLAIN-2550,25,0.0,0.0,0.0,0.0,0.0,0.08406430068079143,0.11276016116033961,0.0,0.0,0.0,0.0,0.0,0.16,0.24,0.0,0.0,0.0,0.0,0.0,0.08,0.06,0.0,0.0,0.0,0.0,0.0,0.037037037037037035,0.037037037037037035,0.0,0.0,0.0,0.0,0.0,0.010821009162472577,0.017315410540594885,27.0
PLAIN-2560,21,1.0,1.0,1.0,0.9363792118010483,0.717285132061968,0.7400667563525333,0.7678567088007,0.047619047619047616,0.14285714285714285,0.23809523809523808,0.42857142857142855,0.42857142857142855,0.47619047619047616,0.5238095238095238,1.0,1.0,1.0,0.9,0.45,0.2,0.11,1.0,1.0,1.0,1.0,1.0,1.0,1.0,0.047619047619047616,0.14285714285714285,0.23809523809523808,0.42857142857142855,0.42857142857142855,0.4492753623188406,0.4578624036927672,1.0
PLAIN-2570,40,1.0,0.46927872602275644,0.3391602052736161,0.28124590949201506,0.26130933165838405,0.24132370567246336,0.2741376443766072,0.025,0.025,0.025,0.05,0.075,0.175,0.225,1.0,0.3333333333333333,0.2,0.2,0.15,0.14,0.09,1.0,1.0,1.0,1.0,1.0,1.0,1.0,0.025,0.025,0.025,0.030555555555555558,0.035243055555555555,0.04971109070174553,0.05572070608636091,1.0
PLAIN-2580,23,0.0,0.0,0.0,0.04726427333290904,0.03439734614006385,0.0320770061357995,0.0320770061357995,0.0,0.0,0.0,0.043478260869565216,0.043478260869565216,0.043478260869565216,0.043478260869565216,0.0,0.0,0.0,0.1,0.05,0.02,0.01,0.0,0.0,0.0,0.125,0.125,0.125,0.125,0.0,0.0,0.0,0.005434782608695652,0.005434782608695652,0.005434782608695652,0.005434782608695652,8.0
PLAIN-2590,63,0.0,0.0,0.0,0.0,0.10814095038181439,0.09537639085350723,0.08444260654591894,0.0,0.0,0.0,0.0,0.06349206349206349,0.09523809523809523,0.09523809523809523,0.0,0.0,0.0,0.0,0.2,0.12,0.06,0.0,0.0,0.0,0.0,0.07142857142857142,0.07142857142857142,0.07142857142857142,0.0,0.0,0.0,0.0,0.00975371630133535,0.01608230834421311,0.01608230834421311,14.0
PLAIN-2600,10,1.0,0.46927872602275644,0.36297209628774124,0.38175244715341683,0.38175244715341683,0.4396953136840977,0.4610202425990666,0.1,0.1,0.1,0.2,0.2,0.3,0.4,1.0,0.3333333333333333,0.2,0.2,0.1,0.06,0.04,1.0,1.0,1.0,1.0,1.0,1.0,1.0,0.1,0.1,0.1,0.13333333333333333,0.13333333333333333,0.14404761904761904,0.14821428571428572,1.0
PLAIN-2610,61,1.0,0.46927872602275644,0.4703652827859579,0.4035712831070416,0.31658793902425486,0.25628178527372586,0.2569777560750434,0.01639344262295082,0.01639344262295082,0.03278688524590164,0.06557377049180328,0.06557377049180328,0.11475409836065574,0.14754098360655737,1.0,0.3333333333333333,0.4,0.4,0.2,0.14,0.09,1.0,1.0,1.0,1.0,1.0,1.0,1.0,0.01639344262295082,0.01639344262295082,0.022950819672131147,0.03565573770491803,0.03565573770491803,0.04416949764419472,0.04842092499108976,1.0
PLAIN-2620,55,0.0,0.0,0.0,0.0,0.016702551266679303,0.08927412632216129,0.1091071435267733,0.0,0.0,0.0,0.0,0.01818181818181818,0.10909090909090909,0.14545454545454545,0.0,0.0,0.0,0.0,0.05,0.12,0.08,0.0,0.0,0.0,0.0,0.05263157894736842,0.05263157894736842,0.05263157894736842,0.0,0.0,0.0,0.0,0.0009569377990430621,0.010582982939442268,0.014242959326691383,19.0
PLAIN-2630,48,1.0,0.7039180890341347,0.639945385422766,0.4936790360674166,0.3910903681204814,0.28768677338378446,0.31148675075772564,0.020833333333333332,0.041666666666666664,0.0625,0.08333333333333333,0.125,0.14583333333333334,0.1875,1.0,0.6666666666666666,0.6,0.4,0.3,0.14,0.09,1.0,1.0,1.0,1.0,1.0,1.0,1.0,0.020833333333333332,0.03472222222222222,0.04722222222222222,0.06111111111111111,0.07715975544922914,0.08121068137515507,0.085554879909733,1.0
PLAIN-2640,48,0.0,0.0,0.06560253875617089,0.07818579138493935,0.22481342421490247,0.17409623361121015,0.2222924293683844,0.0,0.0,0.020833333333333332,0.041666666666666664,0.125,0.16666666666666666,0.2708333333333333,0.0,0.0,0.2,0.2,0.3,0.16,0.13,0.0,0.0,0.2,0.2,0.2,0.2,0.2,0.0,0.0,0.004166666666666667,0.008796296296296297,0.03568537943537944,0.044481675731675725,0.060345665994819934,5.0
PLAIN-2650,29,1.0,1.0,0.8539316501572937,0.627507133061656,0.4806829659772385,0.4977863864481267,0.5460733973516425,0.034482758620689655,0.10344827586206896,0.13793103448275862,0.1724137931034483,0.1724137931034483,0.27586206896551724,0.3793103448275862,1.0,1.0,0.8,0.5,0.25,0.16,0.11,1.0,1.0,1.0,1.0,1.0,1.0,1.0,0.034482758620689655,0.10344827586206896,0.13103448275862067,0.15566502463054188,0.15566502463054188,0.17609069696184032,0.19184053529131442,1.0
PLAIN-2660,27,0.0,0.2960819109658652,0.34519134224686937,0.22400556151517556,0.17862884753131184,0.21383763788245433,0.21383763788245433,0.0,0.037037037037037035,0.07407407407407407,0.07407407407407407,0.1111111111111111,0.18518518518518517,0.18518518518518517,0.0,0.3333333333333333,0.4,0.2,0.15,0.1,0.05,0.0,0.5,0.5,0.5,0.5,0.5,0.5,0.0,0.018518518518518517,0.03333333333333333,0.03333333333333333,0.03986928104575163,0.0514068792500165,0.0514068792500165,2.0
PLAIN-2670,35,0.0,0.0,0.16957810039284818,0.1290515430196899,0.09391936619634471,0.09949868412250636,0.1259047635386782,0.0,0.0,0.02857142857142857,0.02857142857142857,0.02857142857142857,0.05714285714285714,0.08571428571428572,0.0,0.0,0.2,0.1,0.05,0.04,0.03,0.0,0.0,0.25,0.25,0.25,0.25,0.25,0.0,0.0,0.007142857142857143,0.007142857142857143,0.007142857142857143,0.008385093167701863,0.00959233662846645,4.0
PLAIN-2680,14,0.0,0.0,0.0,0.0,0.0,0.0,0.05234849837051468,0.0,0.0,0.0,0.0,0.0,0.0,0.14285714285714285,0.0,0.0,0.0,0.0,0.0,0.0,0.02,0.0,0.0,0.0,0.0,0.0,0.0,0.014705882352941176,0.0,0.0,0.0,0.0,0.0,0.0,0.002538515406162465,68.0
PLAIN-2690,43,0.0,0.0,0.06560253875617089,0.07925351987049054,0.1189818712751863,0.1757154715046319,0.21260709835614663,0.0,0.0,0.023255813953488372,0.046511627906976744,0.09302325581395349,0.23255813953488372,0.32558139534883723,0.0,0.0,0.2,0.2,0.2,0.2,0.14,0.0,0.0,0.2,0.2,0.2,0.2,0.2,0.0,0.0,0.004651162790697674,0.011295681063122924,0.02292358803986711,0.05110006032873829,0.06611724103241866,5.0
PLAIN-2700,10,0.0,0.0,0.0,0.0,0.07330914434302765,0.24827769968268806,0.2713565031444759,0.0,0.0,0.0,0.0,0.1,0.5,0.6,0.0,0.0,0.0,0.0,0.05,0.1,0.06,0.0,0.0,0.0,0.0,0.0625,0.0625,0.0625,0.0,0.0,0.0,0.0,0.00625,0.042020143477784676,0.04876171651149254,16.0
PLAIN-2710,21,1.0,1.0,0.7227265726449519,0.56885331124342,0.4266669109554087,0.4374541156948162,0.4529868097431154,0.047619047619047616,0.14285714285714285,0.14285714285714285,0.14285714285714285,0.14285714285714285,0.19047619047619047,0.23809523809523808,1.0,1.0,0.6,0.3,0.15,0.08,0.05,1.0,1.0,1.0,1.0,1.0,1.0,1.0,0.047619047619047616,0.14285714285714285,0.14285714285714285,0.14285714285714285,0.14285714285714285,0.14965986394557823,0.1527123669980813,1.0
PLAIN-2720,36,0.0,0.0,0.06560253875617089,0.042571558820810505,0.031208734231894894,0.0479980697043479,0.0479980697043479,0.0,0.0,0.027777777777777776,0.027777777777777776,0.027777777777777776,0.05555555555555555,0.05555555555555555,0.0,0.0,0.2,0.1,0.05,0.04,0.02,0.0,0.0,0.2,0.2,0.2,0.2,0.2,0.0,0.0,0.005555555555555556,0.005555555555555556,0.005555555555555556,0.006847545219638243,0.006847545219638243,5.0
PLAIN-2730,29,0.0,0.0,0.13120507751234178,0.09105607183709614,0.16363911159473785,0.16975873896677035,0.20578705334734854,0.0,0.0,0.034482758620689655,0.034482758620689655,0.10344827586206896,0.13793103448275862,0.20689655172413793,0.0,0.0,0.2,0.1,0.15,0.08,0.06,0.0,0.0,0.2,0.2,0.2,0.2,0.2,0.0,0.0,0.006896551724137932,0.006896551724137932,0.019098143236074273,0.023277871553733624,0.027535651200495607,5.0
PLAIN-2740,50,0.0,0.2960819109658652,0.34519134224686937,0.31618961813184077,0.2930087286906498,0.18469954039150646,0.19492764606046106,0.0,0.02,0.04,0.06,0.08,0.08,0.1,0.0,0.3333333333333333,0.4,0.3,0.2,0.08,0.05,0.0,0.5,0.5,0.5,0.5,0.5,0.5,0.0,0.01,0.018000000000000002,0.02657142857142857,0.03384415584415584,0.03384415584415584,0.03525260654838119,2.0
PLAIN-2750,59,1.0,0.617319681505689,0.5117558763970509,0.5414740136803866,0.4692494851221594,0.3906546389202179,0.36624244431683467,0.01694915254237288,0.03389830508474576,0.05084745762711865,0.11864406779661017,0.13559322033898305,0.22033898305084745,0.23728813559322035,1.0,0.6666666666666666,0.6,0.7,0.4,0.26,0.14,1.0,1.0,1.0,1.0,1.0,1.0,1.0,0.01694915254237288,0.03389830508474576,0.04406779661016949,0.09205004035512511,0.10437669674957811,0.13463245209884603,0.13749134529876436,1.0
PLAIN-2760,8,0.0,0.0,0.0,0.11298087547243414,0.11298087547243414,0.18917393895598103,0.18917393895598103,0.0,0.0,0.0,0.125,0.125,0.25,0.25,0.0,0.0,0.0,0.1,0.05,0.04,0.02,0.0,0.0,0.0,0.125,0.125,0.125,0.125,0.0,0.0,0.0,0.015625,0.015625,0.025625000000000002,0.025625000000000002,8.0
PLAIN-2770,41,0.0,0.0,0.0,0.06843104186474429,0.1817931147263932,0.2619613635087675,0.3856260238921856,0.0,0.0,0.0,0.024390243902439025,0.14634146341463414,0.3170731707317073,0.5365853658536586,0.0,0.0,0.0,0.1,0.3,0.26,0.22,0.0,0.0,0.0,0.1111111111111111,0.1111111111111111,0.1111111111111111,0.1111111111111111,0.0,0.0,0.0,0.0027100271002710027,0.030751361306182723,0.08809231914594143,0.14050350860329291,9.0
PLAIN-2780,22,1.0,0.617319681505689,0.44615333764087994,0.42790690166222717,0.372820734789047,0.40811089951335167,0.44953124134369427,0.045454545454545456,0.09090909090909091,0.09090909090909091,0.22727272727272727,0.2727272727272727,0.36363636363636365,0.45454545454545453,1.0,0.6666666666666666,0.4,0.5,0.3,0.16,0.1,1.0,1.0,1.0,1.0,1.0,1.0,1.0,0.045454545454545456,0.09090909090909091,0.09090909090909091,0.1680194805194805,0.18237354750512644,0.20305227354099536,0.21371273607311564,1.0
PLAIN-2790,59,1.0,0.7653606369886217,0.5531464700081437,0.4225749983705865,0.34432425754634055,0.31023199766437626,0.3118733912343932,0.01694915254237288,0.03389830508474576,0.03389830508474576,0.05084745762711865,0.06779661016949153,0.15254237288135594,0.1864406779661017,1.0,0.6666666666666666,0.4,0.3,0.2,0.18,0.11,1.0,1.0,1.0,1.0,1.0,1.0,1.0,0.01694915254237288,0.03389830508474576,0.03389830508474576,0.03898305084745762,0.043220338983050846,0.0616980947489422,0.06779620254196525,1.0
PLAIN-2800,24,0.0,0.0,0.0,0.0,0.0,0.0,0.0,0.0,0.0,0.0,0.0,0.0,0.0,0.0,0.0,0.0,0.0,0.0,0.0,0.0,0.0,0.0,0.0,0.0,0.0,0.0,0.0,0.0,0.0,0.0,0.0,0.0,0.0,0.0,0.0,
PLAIN-2810,8,0.0,0.0,0.0,0.0,0.0,0.0,0.02490258613987866,0.0,0.0,0.0,0.0,0.0,0.0,0.125,0.0,0.0,0.0,0.0,0.0,0.0,0.01,0.0,0.0,0.0,0.0,0.0,0.0,0.010416666666666666,0.0,0.0,0.0,0.0,0.0,0.0,0.0013020833333333333,96.0
PLAIN-2820,8,0.0,0.0,0.0,0.0,0.0,0.0,0.0,0.0,0.0,0.0,0.0,0.0,0.0,0.0,0.0,0.0,0.0,0.0,0.0,0.0,0.0,0.0,0.0,0.0,0.0,0.0,0.0,0.0,0.0,0.0,0.0,0.0,0.0,0.0,0.0,
PLAIN-2830,3,0.0,0.0,0.0,0.2275408362015762,0.2275408362015762,0.2275408362015762,0.2275408362015762,0.0,0.0,0.0,0.3333333333333333,0.3333333333333333,0.3333333333333333,0.3333333333333333,0.0,0.0,0.0,0.1,0.05,0.02,0.01,0.0,0.0,0.0,0.16666666666666666,0.16666666666666666,0.16666666666666666,0.16666666666666666,0.0,0.0,0.0,0.05555555555555555,0.05555555555555555,0.05555555555555555,0.05555555555555555,6.0
PLAIN-2840,17,0.0,0.0,0.0,0.0,0.0,0.0,0.05142450872363622,0.0,0.0,0.0,0.0,0.0,0.0,0.11764705882352941,0.0,0.0,0.0,0.0,0.0,0.0,0.02,0.0,0.0,0.0,0.0,0.0,0.0,0.018867924528301886,0.0,0.0,0.0,0.0,0.0,0.0,0.002374900051316936,53.0
PLAIN-2850,9,0.0,0.0,0.0,0.0,0.0,0.0,0.06677143279491085,0.0,0.0,0.0,0.0,0.0,0.0,0.1111111111111111,0.0,0.0,0.0,0.0,0.0,0.0,0.01,0.0,0.0,0.0,0.0,0.0,0.0,0.0196078431372549,0.0,0.0,0.0,0.0,0.0,0.0,0.0021786492374727667,51.0
PLAIN-2860,2,1.0,1.0,1.0,1.0,1.0,1.0,1.0,0.5,1.0,1.0,1.0,1.0,1.0,1.0,1.0,0.6666666666666666,0.4,0.2,0.1,0.04,0.02,1.0,1.0,1.0,1.0,1.0,1.0,1.0,0.5,1.0,1.0,1.0,1.0,1.0,1.0,1.0
PLAIN-2870,5,0.0,0.0,0.0,0.0,0.0,0.0,0.0,0.0,0.0,0.0,0.0,0.0,0.0,0.0,0.0,0.0,0.0,0.0,0.0,0.0,0.0,0.0,0.0,0.0,0.0,0.0,0.0,0.0,0.0,0.0,0.0,0.0,0.0,0.0,0.0,
PLAIN-2880,17,0.0,0.0,0.0,0.0,0.0,0.0,0.0,0.0,0.0,0.0,0.0,0.0,0.0,0.0,0.0,0.0,0.0,0.0,0.0,0.0,0.0,0.0,0.0,0.0,0.0,0.0,0.0,0.0,0.0,0.0,0.0,0.0,0.0,0.0,0.0,
PLAIN-2890,29,0.0,0.0,0.0,0.0,0.0,0.0,0.0,0.0,0.0,0.0,0.0,0.0,0.0,0.0,0.0,0.0,0.0,0.0,0.0,0.0,0.0,0.0,0.0,0.0,0.0,0.0,0.0,0.0,0.0,0.0,0.0,0.0,0.0,0.0,0.0,
PLAIN-2900,12,0.0,0.0,0.0,0.05013355137207787,0.04653658878424701,0.04653658878424701,0.06628722405896809,0.0,0.0,0.0,0.08333333333333333,0.08333333333333333,0.08333333333333333,0.16666666666666666,0.0,0.0,0.0,0.1,0.05,0.02,0.02,0.0,0.0,0.0,0.16666666666666666,0.16666666666666666,0.16666666666666666,0.16666666666666666,0.0,0.0,0.0,0.013888888888888888,0.013888888888888888,0.013888888888888888,0.015607101947308133,6.0
PLAIN-2910,15,0.0,0.3354350434265105,0.2755519442199235,0.20436662668128652,0.16842134648250634,0.16842134648250634,0.16842134648250634,0.0,0.06666666666666667,0.06666666666666667,0.06666666666666667,0.06666666666666667,0.06666666666666667,0.06666666666666667,0.0,0.3333333333333333,0.2,0.1,0.05,0.02,0.01,0.0,0.5,0.5,0.5,0.5,0.5,0.5,0.0,0.03333333333333333,0.03333333333333333,0.03333333333333333,0.03333333333333333,0.03333333333333333,0.03333333333333333,2.0
PLAIN-2920,7,0.0,0.0,0.0,0.0,0.0,0.0,0.0,0.0,0.0,0.0,0.0,0.0,0.0,0.0,0.0,0.0,0.0,0.0,0.0,0.0,0.0,0.0,0.0,0.0,0.0,0.0,0.0,0.0,0.0,0.0,0.0,0.0,0.0,0.0,0.0,
PLAIN-2930,14,1.0,0.6387878864795979,0.5065267082131061,0.4150816930657179,0.34804248639691354,0.34804248639691354,0.3711186987891508,0.07142857142857142,0.07142857142857142,0.07142857142857142,0.14285714285714285,0.14285714285714285,0.14285714285714285,0.21428571428571427,1.0,0.3333333333333333,0.2,0.2,0.1,0.04,0.03,1.0,1.0,1.0,1.0,1.0,1.0,1.0,0.07142857142857142,0.07142857142857142,0.07142857142857142,0.08730158730158731,0.08730158730158731,0.08730158730158731,0.08960573476702509,1.0
PLAIN-2940,22,0.0,0.0,0.0,0.0,0.0,0.0,0.0,0.0,0.0,0.0,0.0,0.0,0.0,0.0,0.0,0.0,0.0,0.0,0.0,0.0,0.0,0.0,0.0,0.0,0.0,0.0,0.0,0.0,0.0,0.0,0.0,0.0,0.0,0.0,0.0,
PLAIN-2950,2,0.0,0.0,0.0,0.0,0.0,0.0,0.0,0.0,0.0,0.0,0.0,0.0,0.0,0.0,0.0,0.0,0.0,0.0,0.0,0.0,0.0,0.0,0.0,0.0,0.0,0.0,0.0,0.0,0.0,0.0,0.0,0.0,0.0,0.0,0.0,
PLAIN-2960,2,0.0,0.0,0.0,0.0,0.0,0.16580016375538525,0.16580016375538525,0.0,0.0,0.0,0.0,0.0,0.5,0.5,0.0,0.0,0.0,0.0,0.0,0.02,0.01,0.0,0.0,0.0,0.0,0.0,0.043478260869565216,0.043478260869565216,0.0,0.0,0.0,0.0,0.0,0.021739130434782608,0.021739130434782608,23.0
PLAIN-2970,9,0.0,0.0,0.0,0.0,0.0,0.0,0.0,0.0,0.0,0.0,0.0,0.0,0.0,0.0,0.0,0.0,0.0,0.0,0.0,0.0,0.0,0.0,0.0,0.0,0.0,0.0,0.0,0.0,0.0,0.0,0.0,0.0,0.0,0.0,0.0,
PLAIN-2981,7,0.0,0.0,0.0,0.0,0.11325983417957299,0.11325983417957299,0.11325983417957299,0.0,0.0,0.0,0.0,0.14285714285714285,0.14285714285714285,0.14285714285714285,0.0,0.0,0.0,0.0,0.05,0.02,0.01,0.0,0.0,0.0,0.0,0.07692307692307693,0.07692307692307693,0.07692307692307693,0.0,0.0,0.0,0.0,0.01098901098901099,0.01098901098901099,0.01098901098901099,13.0
PLAIN-2991,2,0.0,0.38685280723454163,0.38685280723454163,0.38685280723454163,0.38685280723454163,0.38685280723454163,0.38685280723454163,0.0,0.5,0.5,0.5,0.5,0.5,0.5,0.0,0.3333333333333333,0.2,0.1,0.05,0.02,0.01,0.0,0.5,0.5,0.5,0.5,0.5,0.5,0.0,0.25,0.25,0.25,0.25,0.25,0.25,2.0
PLAIN-3001,2,0.0,0.0,0.0,0.0,0.0,0.0,0.0,0.0,0.0,0.0,0.0,0.0,0.0,0.0,0.0,0.0,0.0,0.0,0.0,0.0,0.0,0.0,0.0,0.0,0.0,0.0,0.0,0.0,0.0,0.0,0.0,0.0,0.0,0.0,0.0,
PLAIN-3014,1,0.0,0.0,0.0,0.0,0.0,0.0,0.0,0.0,0.0,0.0,0.0,0.0,0.0,0.0,0.0,0.0,0.0,0.0,0.0,0.0,0.0,0.0,0.0,0.0,0.0,0.0,0.0,0.0,0.0,0.0,0.0,0.0,0.0,0.0,0.0,
PLAIN-3026,1,0.0,0.0,0.0,0.0,0.0,0.0,0.0,0.0,0.0,0.0,0.0,0.0,0.0,0.0,0.0,0.0,0.0,0.0,0.0,0.0,0.0,0.0,0.0,0.0,0.0,0.0,0.0,0.0,0.0,0.0,0.0,0.0,0.0,0.0,0.0,
PLAIN-3037,4,0.0,0.0,0.0,0.0,0.0,0.0,0.0,0.0,0.0,0.0,0.0,0.0,0.0,0.0,0.0,0.0,0.0,0.0,0.0,0.0,0.0,0.0,0.0,0.0,0.0,0.0,0.0,0.0,0.0,0.0,0.0,0.0,0.0,0.0,0.0,
PLAIN-3053,3,1.0,0.46927872602275644,0.46927872602275644,0.46927872602275644,0.46927872602275644,0.46927872602275644,0.46927872602275644,0.3333333333333333,0.3333333333333333,0.3333333333333333,0.3333333333333333,0.3333333333333333,0.3333333333333333,0.3333333333333333,1.0,0.3333333333333333,0.2,0.1,0.05,0.02,0.01,1.0,1.0,1.0,1.0,1.0,1.0,1.0,0.3333333333333333,0.3333333333333333,0.3333333333333333,0.3333333333333333,0.3333333333333333,0.3333333333333333,0.3333333333333333,1.0
PLAIN-3063,4,0.0,0.0,0.16812753627111746,0.2856436410275446,0.2856436410275446,0.2856436410275446,0.2856436410275446,0.0,0.0,0.25,0.5,0.5,0.5,0.5,0.0,0.0,0.2,0.2,0.1,0.04,0.02,0.0,0.0,0.25,0.25,0.25,0.25,0.25,0.0,0.0,0.0625,0.11805555555555555,0.11805555555555555,0.11805555555555555,0.11805555555555555,4.0
PLAIN-3074,1,1.0,1.0,1.0,1.0,1.0,1.0,1.0,1.0,1.0,1.0,1.0,1.0,1.0,1.0,1.0,0.3333333333333333,0.2,0.1,0.05,0.02,0.01,1.0,1.0,1.0,1.0,1.0,1.0,1.0,1.0,1.0,1.0,1.0,1.0,1.0,1.0,1.0
PLAIN-3085,2,0.0,0.0,0.0,0.0,0.16569576576522954,0.2872459813624673,0.2872459813624673,0.0,0.0,0.0,0.0,0.5,1.0,1.0,0.0,0.0,0.0,0.0,0.05,0.04,0.02,0.0,0.0,0.0,0.0,0.08333333333333333,0.08333333333333333,0.08333333333333333,0.0,0.0,0.0,0.0,0.041666666666666664,0.07291666666666666,0.07291666666666666,12.0
PLAIN-3097,4,0.0,0.0,0.0,0.0,0.0,0.0,0.0814338992000598,0.0,0.0,0.0,0.0,0.0,0.0,0.25,0.0,0.0,0.0,0.0,0.0,0.0,0.01,0.0,0.0,0.0,0.0,0.0,0.0,0.017543859649122806,0.0,0.0,0.0,0.0,0.0,0.0,0.0043859649122807015,57.0
PLAIN-3116,1,0.0,0.0,0.0,0.0,0.0,0.0,0.0,0.0,0.0,0.0,0.0,0.0,0.0,0.0,0.0,0.0,0.0,0.0,0.0,0.0,0.0,0.0,0.0,0.0,0.0,0.0,0.0,0.0,0.0,0.0,0.0,0.0,0.0,0.0,0.0,
PLAIN-3131,6,0.0,0.0,0.0,0.0,0.09198623196451756,0.13324092082669436,0.19389695741067073,0.0,0.0,0.0,0.0,0.16666666666666666,0.3333333333333333,0.5,0.0,0.0,0.0,0.0,0.05,0.04,0.03,0.0,0.0,0.0,0.0,0.06666666666666667,0.06666666666666667,0.06666666666666667,0.0,0.0,0.0,0.0,0.011111111111111112,0.026984126984126982,0.03455988455988456,15.0
PLAIN-3141,34,0.0,0.0,0.0,0.04994140057099717,0.03634566917088453,0.04303708558715249,0.057556297996943555,0.0,0.0,0.0,0.029411764705882353,0.029411764705882353,0.058823529411764705,0.08823529411764706,0.0,0.0,0.0,0.1,0.05,0.04,0.03,0.0,0.0,0.0,0.14285714285714285,0.14285714285714285,0.14285714285714285,0.14285714285714285,0.0,0.0,0.0,0.004201680672268907,0.004201680672268907,0.005672268907563025,0.007402372713791398,7.0
PLAIN-3151,18,0.0,0.23463936301137822,0.16958010263680806,0.13347537859706934,0.10493532845263397,0.15199752714812595,0.2189161498155544,0.0,0.05555555555555555,0.05555555555555555,0.05555555555555555,0.05555555555555555,0.1111111111111111,0.3333333333333333,0.0,0.3333333333333333,0.2,0.1,0.05,0.04,0.06,0.0,0.3333333333333333,0.3333333333333333,0.3333333333333333,0.3333333333333333,0.3333333333333333,0.3333333333333333,0.0,0.018518518518518517,0.018518518518518517,0.018518518518518517,0.018518518518518517,0.023809523809523808,0.03648295575540158,3.0
PLAIN-3161,43,1.0,0.7984848580994974,0.6331583852663827,0.4509737963519492,0.3109348943650452,0.21400345743977245,0.22708818866757455,0.023255813953488372,0.046511627906976744,0.046511627906976744,0.046511627906976744,0.046511627906976744,0.06976744186046512,0.09302325581395349,1.0,0.6666666666666666,0.4,0.2,0.1,0.06,0.04,1.0,1.0,1.0,1.0,1.0,1.0,1.0,0.023255813953488372,0.03875968992248062,0.03875968992248062,0.03875968992248062,0.03875968992248062,0.041251384274640084,0.042682511287162446,1.0
PLAIN-3171,34,0.0,0.0,0.0,0.0,0.028316249891460255,0.037833050653979086,0.05305188624290253,0.0,0.0,0.0,0.0,0.029411764705882353,0.058823529411764705,0.08823529411764706,0.0,0.0,0.0,0.0,0.05,0.04,0.03,0.0,0.0,0.0,0.0,0.05,0.05,0.05,0.0,0.0,0.0,0.0,0.0014705882352941176,0.0029411764705882353,0.004341736694677871,20.0
PLAIN-3181,27,0.0,0.0,0.0,0.0,0.0,0.0,0.0,0.0,0.0,0.0,0.0,0.0,0.0,0.0,0.0,0.0,0.0,0.0,0.0,0.0,0.0,0.0,0.0,0.0,0.0,0.0,0.0,0.0,0.0,0.0,0.0,0.0,0.0,0.0,0.0,
PLAIN-3191,16,0.0,0.0,0.07816178655294431,0.060614569639142094,0.04968807016913135,0.04968807016913135,0.08800261012693703,0.0,0.0,0.0625,0.0625,0.0625,0.0625,0.125,0.0,0.0,0.2,0.1,0.05,0.02,0.02,0.0,0.0,0.25,0.25,0.25,0.25,0.25,0.0,0.0,0.015625,0.015625,0.015625,0.015625,0.017578125,4.0
PLAIN-3201,32,0.0,0.31939394323979897,0.25326335410655304,0.18038951854077967,0.15480211393397073,0.1391022044359387,0.1391022044359387,0.0,0.03125,0.03125,0.03125,0.0625,0.09375,0.09375,0.0,0.3333333333333333,0.2,0.1,0.1,0.06,0.03,0.0,0.3333333333333333,0.3333333333333333,0.3333333333333333,0.3333333333333333,0.3333333333333333,0.3333333333333333,0.0,0.010416666666666666,0.010416666666666666,0.010416666666666666,0.014322916666666666,0.01878720238095238,0.01878720238095238,3.0
PLAIN-3211,18,0.0,0.0,0.0,0.0,0.0,0.0,0.0,0.0,0.0,0.0,0.0,0.0,0.0,0.0,0.0,0.0,0.0,0.0,0.0,0.0,0.0,0.0,0.0,0.0,0.0,0.0,0.0,0.0,0.0,0.0,0.0,0.0,0.0,0.0,0.0,
PLAIN-3221,24,0.0,0.0,0.0,0.0,0.0,0.042157281794788184,0.042157281794788184,0.0,0.0,0.0,0.0,0.0,0.08333333333333333,0.08333333333333333,0.0,0.0,0.0,0.0,0.0,0.04,0.02,0.0,0.0,0.0,0.0,0.0,0.029411764705882353,0.029411764705882353,0.0,0.0,0.0,0.0,0.0,0.0030773420479302833,0.0030773420479302833,34.0
PLAIN-3231,8,1.0,0.6645649565734895,0.545924373236733,0.4476761273061368,0.4476761273061368,0.5154133198394765,0.5154133198394765,0.125,0.25,0.25,0.25,0.25,0.5,0.5,1.0,0.6666666666666666,0.4,0.2,0.1,0.08,0.04,1.0,1.0,1.0,1.0,1.0,1.0,1.0,0.125,0.20833333333333331,0.20833333333333331,0.20833333333333331,0.20833333333333331,0.2309216485507246,0.2309216485507246,1.0
PLAIN-3241,29,0.0,0.0,0.0,0.0,0.06366902512490047,0.05139857698171655,0.05139857698171655,0.0,0.0,0.0,0.0,0.034482758620689655,0.034482758620689655,0.034482758620689655,0.0,0.0,0.0,0.0,0.05,0.02,0.01,0.0,0.0,0.0,0.0,0.07142857142857142,0.07142857142857142,0.07142857142857142,0.0,0.0,0.0,0.0,0.0024630541871921183,0.0024630541871921183,0.0024630541871921183,14.0
PLAIN-3251,21,0.0,0.0,0.0,0.0,0.0,0.0,0.0,0.0,0.0,0.0,0.0,0.0,0.0,0.0,0.0,0.0,0.0,0.0,0.0,0.0,0.0,0.0,0.0,0.0,0.0,0.0,0.0,0.0,0.0,0.0,0.0,0.0,0.0,0.0,0.0,
PLAIN-3261,13,0.0,0.0,0.0,0.0,0.0,0.0,0.0,0.0,0.0,0.0,0.0,0.0,0.0,0.0,0.0,0.0,0.0,0.0,0.0,0.0,0.0,0.0,0.0,0.0,0.0,0.0,0.0,0.0,0.0,0.0,0.0,0.0,0.0,0.0,0.0,
PLAIN-3271,49,0.0,0.0,0.13120507751234178,0.08514311764162101,0.054948588071985875,0.030409510927311548,0.0696308998808702,0.0,0.0,0.02040816326530612,0.02040816326530612,0.02040816326530612,0.02040816326530612,0.08163265306122448,0.0,0.0,0.2,0.1,0.05,0.02,0.04,0.0,0.0,0.2,0.2,0.2,0.2,0.2,0.0,0.0,0.004081632653061225,0.004081632653061225,0.004081632653061225,0.004081632653061225,0.0068477053439459454,5.0
PLAIN-3281,26,0.0,0.0,0.0,0.0,0.0,0.02023954484075409,0.06720513726599743,0.0,0.0,0.0,0.0,0.0,0.038461538461538464,0.11538461538461539,0.0,0.0,0.0,0.0,0.0,0.02,0.03,0.0,0.0,0.0,0.0,0.0,0.03333333333333333,0.03333333333333333,0.0,0.0,0.0,0.0,0.0,0.001282051282051282,0.003434898434898435,30.0
PLAIN-3292,7,0.0,0.15969697161989949,0.22460731655903235,0.3272493917287765,0.4355853211552204,0.4355853211552204,0.46940631879600814,0.0,0.14285714285714285,0.2857142857142857,0.42857142857142855,0.7142857142857143,0.7142857142857143,0.8571428571428571,0.0,0.3333333333333333,0.4,0.3,0.25,0.1,0.06,0.0,0.3333333333333333,0.3333333333333333,0.3333333333333333,0.3333333333333333,0.3333333333333333,0.3333333333333333,0.0,0.047619047619047616,0.10476190476190476,0.15833333333333335,0.24430618401206639,0.24430618401206639,0.2547591456845403,3.0
PLAIN-3302,37,0.0,0.0,0.0,0.0,0.0,0.03524287845685231,0.03524287845685231,0.0,0.0,0.0,0.0,0.0,0.05405405405405406,0.05405405405405406,0.0,0.0,0.0,0.0,0.0,0.04,0.02,0.0,0.0,0.0,0.0,0.0,0.037037037037037035,0.037037037037037035,0.0,0.0,0.0,0.0,0.0,0.0026901901901901903,0.0026901901901901903,27.0
PLAIN-3312,13,0.0,0.0,0.0,0.0,0.05440674821371265,0.14416959041061264,0.17919991594665724,0.0,0.0,0.0,0.0,0.07692307692307693,0.3076923076923077,0.46153846153846156,0.0,0.0,0.0,0.0,0.05,0.08,0.06,0.0,0.0,0.0,0.0,0.0625,0.0625,0.0625,0.0,0.0,0.0,0.0,0.004807692307692308,0.02496699037396712,0.03546405736995353,16.0
PLAIN-3322,79,1.0,1.0,0.7227265726449519,0.6207622843987103,0.4369759974948711,0.2694222239750577,0.23414904849223378,0.012658227848101266,0.0379746835443038,0.0379746835443038,0.06329113924050633,0.0759493670886076,0.10126582278481013,0.1518987341772152,1.0,1.0,0.6,0.5,0.3,0.16,0.12,1.0,1.0,1.0,1.0,1.0,1.0,1.0,0.012658227848101266,0.0379746835443038,0.0379746835443038,0.05545509342977697,0.060880048221820374,0.06692705047871371,0.07556944295004227,1.0
PLAIN-3332,14,0.5,0.5209090851403014,0.6201049688401704,0.6102209342977325,0.5116650885174183,0.5395397115449871,0.6397631705090288,0.07142857142857142,0.14285714285714285,0.2857142857142857,0.42857142857142855,0.42857142857142855,0.5,0.7857142857142857,1.0,0.6666666666666666,0.8,0.6,0.3,0.14,0.11,1.0,1.0,1.0,1.0,1.0,1.0,1.0,0.07142857142857142,0.14285714285714285,0.25357142857142856,0.3559523809523809,0.3559523809523809,0.3678571428571428,0.40964819494231264,1.0
PLAIN-3342,3,0.0,0.0,0.0,0.0,0.12325583919272352,0.12325583919272352,0.12325583919272352,0.0,0.0,0.0,0.0,0.3333333333333333,0.3333333333333333,0.3333333333333333,0.0,0.0,0.0,0.0,0.05,0.02,0.01,0.0,0.0,0.0,0.0,0.07692307692307693,0.07692307692307693,0.07692307692307693,0.0,0.0,0.0,0.0,0.025641025641025644,0.025641025641025644,0.025641025641025644,13.0
PLAIN-3352,39,0.0,0.0,0.0,0.0,0.0,0.0,0.0,0.0,0.0,0.0,0.0,0.0,0.0,0.0,0.0,0.0,0.0,0.0,0.0,0.0,0.0,0.0,0.0,0.0,0.0,0.0,0.0,0.0,0.0,0.0,0.0,0.0,0.0,0.0,0.0,
PLAIN-3362,11,0.0,0.0,0.0,0.0,0.0,0.0,0.0,0.0,0.0,0.0,0.0,0.0,0.0,0.0,0.0,0.0,0.0,0.0,0.0,0.0,0.0,0.0,0.0,0.0,0.0,0.0,0.0,0.0,0.0,0.0,0.0,0.0,0.0,0.0,0.0,
PLAIN-3372,14,0.0,0.0,0.19595127901151166,0.13956838328637602,0.11702690808312036,0.11702690808312036,0.11702690808312036,0.0,0.0,0.07142857142857142,0.07142857142857142,0.07142857142857142,0.07142857142857142,0.07142857142857142,0.0,0.0,0.2,0.1,0.05,0.02,0.01,0.0,0.0,0.2,0.2,0.2,0.2,0.2,0.0,0.0,0.014285714285714287,0.014285714285714287,0.014285714285714287,0.014285714285714287,0.014285714285714287,5.0
PLAIN-3382,14,0.0,0.30063051302795313,0.24696084675730837,0.18316167326282295,0.25437139239404805,0.2806823706474109,0.2806823706474109,0.0,0.14285714285714285,0.14285714285714285,0.14285714285714285,0.2857142857142857,0.35714285714285715,0.35714285714285715,0.0,0.6666666666666666,0.4,0.2,0.2,0.1,0.05,0.0,0.5,0.5,0.5,0.5,0.5,0.5,0.0,0.08333333333333333,0.08333333333333333,0.08333333333333333,0.11292517006802719,0.12257767972053683,0.12257767972053683,2.0
PLAIN-3392,23,0.0,0.0,0.0,0.0,0.0,0.0,0.04167539333948206,0.0,0.0,0.0,0.0,0.0,0.0,0.08695652173913043,0.0,0.0,0.0,0.0,0.0,0.0,0.02,0.0,0.0,0.0,0.0,0.0,0.0,0.015384615384615385,0.0,0.0,0.0,0.0,0.0,0.0,0.0016919142238835333,65.0
PLAIN-3402,14,0.0,0.0,0.0,0.0,0.0,0.0,0.029174033673042735,0.0,0.0,0.0,0.0,0.0,0.0,0.07142857142857142,0.0,0.0,0.0,0.0,0.0,0.0,0.01,0.0,0.0,0.0,0.0,0.0,0.0,0.014705882352941176,0.0,0.0,0.0,0.0,0.0,0.0,0.0010504201680672268,68.0
PLAIN-3412,49,0.0,0.0,0.0,0.0,0.029518184316659587,0.030674155323383842,0.064165683740108,0.0,0.0,0.0,0.0,0.02040816326530612,0.04081632653061224,0.10204081632653061,0.0,0.0,0.0,0.0,0.05,0.04,0.05,0.0,0.0,0.0,0.0,0.07142857142857142,0.07142857142857142,0.07142857142857142,0.0,0.0,0.0,0.0,0.0014577259475218659,0.0024295432458697765,0.005612301530668878,14.0
PLAIN-3422,31,0.0,0.1480409554829326,0.10699313236726378,0.10968072647875969,0.12759793138325967,0.17358874497955598,0.19859975693971613,0.0,0.03225806451612903,0.03225806451612903,0.06451612903225806,0.0967741935483871,0.25806451612903225,0.3225806451612903,0.0,0.3333333333333333,0.2,0.2,0.15,0.16,0.1,0.0,0.5,0.5,0.5,0.5,0.5,0.5,0.0,0.016129032258064516,0.016129032258064516,0.023297491039426525,0.02867383512544803,0.04999441418796256,0.05967183354280128,2.0
PLAIN-3432,42,0.0,0.0,0.0,0.07839826897867534,0.12496692272930122,0.07676627598926743,0.10609675007893375,0.0,0.0,0.0,0.023809523809523808,0.07142857142857142,0.07142857142857142,0.11904761904761904,0.0,0.0,0.0,0.1,0.15,0.06,0.05,0.0,0.0,0.0,0.16666666666666666,0.16666666666666666,0.16666666666666666,0.16666666666666666,0.0,0.0,0.0,0.003968253968253968,0.012761544011544012,0.012761544011544012,0.016263889619152778,6.0
PLAIN-3442,29,0.0,0.0,0.0,0.0,0.0,0.0,0.0,0.0,0.0,0.0,0.0,0.0,0.0,0.0,0.0,0.0,0.0,0.0,0.0,0.0,0.0,0.0,0.0,0.0,0.0,0.0,0.0,0.0,0.0,0.0,0.0,0.0,0.0,0.0,0.0,
PLAIN-3452,17,1.0,0.5316519652587917,0.5307862306029746,0.39366440234814426,0.3639327685496602,0.41841037477187004,0.41841037477187004,0.058823529411764705,0.058823529411764705,0.11764705882352941,0.11764705882352941,0.23529411764705882,0.35294117647058826,0.35294117647058826,1.0,0.3333333333333333,0.4,0.2,0.2,0.12,0.06,1.0,1.0,1.0,1.0,1.0,1.0,1.0,0.058823529411764705,0.058823529411764705,0.08823529411764706,0.08823529411764706,0.11102941176470588,0.13860967463908638,0.13860967463908638,1.0
PLAIN-3462,64,0.0,0.0,0.27727342735504823,0.2166134430608518,0.15256941502385343,0.19893530051712124,0.2296333165384581,0.0,0.0,0.03125,0.046875,0.046875,0.125,0.1875,0.0,0.0,0.4,0.3,0.15,0.16,0.12,0.0,0.0,0.25,0.25,0.25,0.25,0.25,0.0,0.0,0.01015625,0.01685267857142857,0.01685267857142857,0.030297046703296703,0.039113729152791654,4.0
PLAIN-3472,17,0.0,0.0,0.0,0.07716607426375235,0.06220280289085377,0.06220280289085377,0.06220280289085377,0.0,0.0,0.0,0.058823529411764705,0.058823529411764705,0.058823529411764705,0.058823529411764705,0.0,0.0,0.0,0.1,0.05,0.02,0.01,0.0,0.0,0.0,0.1,0.1,0.1,0.1,0.0,0.0,0.0,0.0058823529411764705,0.0058823529411764705,0.0058823529411764705,0.0058823529411764705,10.0
