query_id,n_relevant,ndcg@1,ndcg@3,ndcg@5,ndcg@10,ndcg@20,ndcg@50,ndcg@100,recall@1,recall@3,recall@5,recall@10,recall@20,recall@50,recall@100,precision@1,precision@3,precision@5,precision@10,precision@20,precision@50,precision@100,mrr@1,mrr@3,mrr@5,mrr@10,mrr@20,mrr@50,mrr@100,map@1,map@3,map@5,map@10,map@20,map@50,map@100,first_relevant_rank
PLAIN-2,24,0.0,0.2960819109658652,0.2870204396558808,0.29394769946325605,0.3172503545561424,0.3093865377691264,0.3639774504909033,0.0,0.041666666666666664,0.08333333333333333,0.125,0.20833333333333334,0.25,0.375,0.0,0.3333333333333333,0.4,0.3,0.25,0.12,0.09,0.0,0.5,0.5,0.5,0.5,0.5,0.5,0.0,0.020833333333333332,0.041666666666666664,0.0625,0.08597883597883597,0.09238909238909238,0.1055673204110704,2.0
PLAIN-12,30,0.0,0.0,0.0,0.0,0.0,0.0,0.013226512009721329,0.0,0.0,0.0,0.0,0.0,0.0,0.03333333333333333,0.0,0.0,0.0,0.0,0.0,0.0,0.01,0.0,0.0,0.0,0.0,0.0,0.0,0.01694915254237288,0.0,0.0,0.0,0.0,0.0,0.0,0.0005649717514124294,59.0
PLAIN-23,90,1.0,0.8826803184943108,0.915209948681596,0.5939086337573266,0.48923003079506283,0.3249275557798909,0.2364750610060951,0.011111111111111112,0.03333333333333333,0.05555555555555555,0.05555555555555555,0.06666666666666667,0.06666666666666667,0.06666666666666667,1.0,1.0,1.0,0.5,0.3,0.12,0.06,1.0,1.0,1.0,1.0,1.0,1.0,1.0,0.011111111111111112,0.03333333333333333,0.05555555555555555,0.05555555555555555,0.06111111111111111,0.06111111111111111,0.06111111111111111,1.0
PLAIN-33,32,0.0,0.0,0.0,0.0,0.08500567209832946,0.1286504918561621,0.17462127227580168,0.0,0.0,0.0,0.0,0.0625,0.125,0.21875,0.0,0.0,0.0,0.0,0.1,0.08,0.07,0.0,0.0,0.0,0.0,0.0625,0.0625,0.0625,0.0,0.0,0.0,0.0,0.005425347222222222,0.012937366452991452,0.020101080227142017,16.0
PLAIN-44,58,1.0,0.46927872602275644,0.404762744029787,0.3777901648519034,0.3306277961581726,0.2735598350830806,0.2790499696793347,0.017241379310344827,0.017241379310344827,0.034482758620689655,0.05172413793103448,0.06896551724137931,0.15517241379310345,0.1896551724137931,1.0,0.3333333333333333,0.4,0.3,0.2,0.18,0.11,1.0,1.0,1.0,1.0,1.0,1.0,1.0,0.017241379310344827,0.017241379310344827,0.02413793103448276,0.029310344827586206,0.03275862068965517,0.05239386716897962,0.0567187821762647,1.0
PLAIN-56,50,1.0,0.8519590445170673,0.8073332658149857,0.7263551263282977,0.537486028280743,0.33383532689104967,0.3543395588959908,0.02,0.06,0.1,0.12,0.12,0.12,0.16,1.0,1.0,1.0,0.6,0.3,0.12,0.08,1.0,1.0,1.0,1.0,1.0,1.0,1.0,0.02,0.06,0.1,0.12,0.12,0.12,0.12381960273526539,1.0
PLAIN-68,55,1.0,0.6387878864795979,0.5065267082131061,0.36077903708155934,0.3102695611164933,0.23587515939279144,0.2443081745042246,0.01818181818181818,0.01818181818181818,0.01818181818181818,0.01818181818181818,0.05454545454545454,0.12727272727272726,0.16363636363636364,1.0,0.3333333333333333,0.2,0.1,0.15,0.14,0.09,1.0,1.0,1.0,1.0,1.0,1.0,1.0,0.01818181818181818,0.01818181818181818,0.01818181818181818,0.01818181818181818,0.024015151515151514,0.03585992319259526,0.040524753311970835,1.0
PLAIN-78,62,0.0,0.0,0.0,0.0,0.0,0.011374169532509573,0.03688014847581969,0.0,0.0,0.0,0.0,0.0,0.016129032258064516,0.06451612903225806,0.0,0.0,0.0,0.0,0.0,0.02,0.04,0.0,0.0,0.0,0.0,0.0,0.023809523809523808,0.023809523809523808,0.0,0.0,0.0,0.0,0.0,0.00038402457757296467,0.0023970513344431224,42.0
PLAIN-91,64,0.0,0.38268031849431083,0.2765732350040718,0.22906780818277772,0.19978606454507972,0.15378384032977735,0.22543174660570398,0.0,0.03125,0.03125,0.046875,0.0625,0.09375,0.234375,0.0,0.6666666666666666,0.4,0.3,0.2,0.12,0.15,0.0,0.5,0.5,0.5,0.5,0.5,0.5,0.0,0.018229166666666664,0.018229166666666664,0.024088541666666664,0.02825520833333333,0.033512492167919794,0.05299805099927195,2.0
PLAIN-102,24,0.5,0.26582598262939583,0.21836974929469322,0.16195671984435941,0.11532431670619621,0.1650805684978134,0.1650805684978134,0.041666666666666664,0.041666666666666664,0.041666666666666664,0.041666666666666664,0.041666666666666664,0.125,0.125,1.0,0.3333333333333333,0.2,0.1,0.05,0.06,0.03,1.0,1.0,1.0,1.0,1.0,1.0,1.0,0.041666666666666664,0.041666666666666664,0.041666666666666664,0.041666666666666664,0.041666666666666664,0.04698822463768116,0.04698822463768116,1.0
PLAIN-112,56,1.0,0.8826803184943108,0.6827250156238165,0.5294541594936883,0.47290790576923647,0.307181118566572,0.30680725501345635,0.017857142857142856,0.05357142857142857,0.05357142857142857,0.05357142857142857,0.08928571428571429,0.10714285714285714,0.14285714285714285,1.0,1.0,0.6,0.3,0.25,0.12,0.08,1.0,1.0,1.0,1.0,1.0,1.0,1.0,0.017857142857142856,0.05357142857142857,0.05357142857142857,0.05357142857142857,0.06601731601731602,0.06998556998557,0.07322544049517735,1.0
PLAIN-123,51,0.0,0.0,0.0,0.0,0.0,0.022748339065019146,0.04363233441771113,0.0,0.0,0.0,0.0,0.0,0.0196078431372549,0.058823529411764705,0.0,0.0,0.0,0.0,0.0,0.02,0.03,0.0,0.0,0.0,0.0,0.0,0.023809523809523808,0.023809523809523808,0.0,0.0,0.0,0.0,0.0,0.0004668534080298786,0.002271421389068448,42.0
PLAIN-133,36,0.0,0.0,0.0,0.0,0.0,0.03010872455773883,0.06508762239256223,0.0,0.0,0.0,0.0,0.0,0.027777777777777776,0.08333333333333333,0.0,0.0,0.0,0.0,0.0,0.02,0.03,0.0,0.0,0.0,0.0,0.0,0.03225806451612903,0.03225806451612903,0.0,0.0,0.0,0.0,0.0,0.0008960573476702509,0.0025231088473872854,31.0
PLAIN-143,51,1.0,0.9651954696014428,0.7928852199940415,0.5880534728737216,0.41873449283882574,0.2639420395665127,0.2607931159074954,0.0196078431372549,0.058823529411764705,0.058823529411764705,0.058823529411764705,0.058823529411764705,0.0784313725490196,0.0784313725490196,1.0,1.0,0.6,0.3,0.15,0.08,0.04,1.0,1.0,1.0,1.0,1.0,1.0,1.0,0.0196078431372549,0.058823529411764705,0.058823529411764705,0.058823529411764705,0.058823529411764705,0.06152805949966193,0.06152805949966193,1.0
PLAIN-153,47,0.5,0.680606056760201,0.7356376957664696,0.7595608712981908,0.5583910254384647,0.3954657608390074,0.4425554483101992,0.02127659574468085,0.06382978723404255,0.0851063829787234,0.1702127659574468,0.19148936170212766,0.2765957446808511,0.3617021276595745,1.0,1.0,0.8,0.8,0.45,0.26,0.17,1.0,1.0,1.0,1.0,1.0,1.0,1.0,0.02127659574468085,0.06382978723404255,0.08085106382978723,0.15434819317798038,0.1717563169690829,0.20259004687196175,0.21883840400762208,1.0
PLAIN-165,36,0.5,0.35195904451706733,0.46488921707768605,0.4912552765061288,0.384195006401804,0.343887109712744,0.38380668284080177,0.027777777777777776,0.05555555555555555,0.08333333333333333,0.1388888888888889,0.16666666666666666,0.25,0.3333333333333333,1.0,0.6666666666666666,0.6,0.5,0.3,0.18,0.12,1.0,1.0,1.0,1.0,1.0,1.0,1.0,0.027777777777777776,0.046296296296296294,0.06712962962962962,0.09645061728395062,0.10686728395061729,0.12404863161888358,0.13825950057113184,1.0
PLAIN-175,37,0.5,0.46927872602275644,0.3391602052736161,0.2669507571941387,0.20022570440921905,0.17867053226467647,0.21625418234154123,0.02702702702702703,0.05405405405405406,0.05405405405405406,0.05405405405405406,0.05405405405405406,0.10810810810810811,0.16216216216216217,1.0,0.6666666666666666,0.4,0.2,0.1,0.08,0.06,1.0,1.0,1.0,1.0,1.0,1.0,1.0,0.02702702702702703,0.04504504504504504,0.04504504504504504,0.04504504504504504,0.04504504504504504,0.05143325143325143,0.05617422800521391,1.0
PLAIN-186,24,0.0,0.23463936301137822,0.16958010263680806,0.1100458831490401,0.07102001981682865,0.06313912973468082,0.06313912973468082,0.0,0.041666666666666664,0.041666666666666664,0.041666666666666664,0.041666666666666664,0.041666666666666664,0.041666666666666664,0.0,0.3333333333333333,0.2,0.1,0.05,0.02,0.01,0.0,0.3333333333333333,0.3333333333333333,0.3333333333333333,0.3333333333333333,0.3333333333333333,0.3333333333333333,0.0,0.013888888888888888,0.013888888888888888,0.013888888888888888,0.013888888888888888,0.013888888888888888,0.013888888888888888,3.0
PLAIN-196,69,0.0,0.5307212739772434,0.38356636737133565,0.32227224912195473,0.20798398689805786,0.17562428042151992,0.16094402238453145,0.0,0.028985507246376812,0.028985507246376812,0.043478260869565216,0.043478260869565216,0.10144927536231885,0.13043478260869565,0.0,0.6666666666666666,0.4,0.3,0.15,0.14,0.09,0.0,0.5,0.5,0.5,0.5,0.5,0.5,0.0,0.016908212560386472,0.016908212560386472,0.023119392684610073,0.023119392684610073,0.03304269942950602,0.0366382533474623,2.0
PLAIN-207,55,0.0,0.23463936301137822,0.30078518014914984,0.4728935033594544,0.38088141489885147,0.28727075445919553,0.29175175068424136,0.0,0.01818181818181818,0.03636363636363636,0.10909090909090909,0.14545454545454545,0.23636363636363636,0.2727272727272727,0.0,0.3333333333333333,0.4,0.6,0.4,0.26,0.15,0.0,0.3333333333333333,0.3333333333333333,0.3333333333333333,0.3333333333333333,0.3333333333333333,0.3333333333333333,0.0,0.006060606060606061,0.013333333333333334,0.052525252525252523,0.07432012432012433,0.10878243183852468,0.11498957092767538,3.0
PLAIN-217,36,0.0,0.0,0.0,0.0,0.0,0.018178078077895135,0.03304370150064844,0.0,0.0,0.0,0.0,0.0,0.027777777777777776,0.05555555555555555,0.0,0.0,0.0,0.0,0.0,0.02,0.02,0.0,0.0,0.0,0.0,0.0,0.02564102564102564,0.02564102564102564,0.0,0.0,0.0,0.0,0.0,0.0007122507122507122,0.001329534662867996,39.0
PLAIN-227,40,0.0,0.0,0.0,0.0,0.0,0.0,0.014067316306235762,0.0,0.0,0.0,0.0,0.0,0.0,0.025,0.0,0.0,0.0,0.0,0.0,0.0,0.01,0.0,0.0,0.0,0.0,0.0,0.0,0.011904761904761904,0.0,0.0,0.0,0.0,0.0,0.0,0.0002976190476190476,84.0
PLAIN-238,54,0.0,0.0,0.0,0.0,0.0,0.01649484126171725,0.0156494483474428,0.0,0.0,0.0,0.0,0.0,0.018518518518518517,0.018518518518518517,0.0,0.0,0.0,0.0,0.0,0.02,0.01,0.0,0.0,0.0,0.0,0.0,0.04,0.04,0.0,0.0,0.0,0.0,0.0,0.0007407407407407407,0.0007407407407407407,25.0
PLAIN-248,31,0.0,0.0,0.0,0.07336392209936006,0.04734667987788576,0.056970433834802055,0.09304710167777389,0.0,0.0,0.0,0.03225806451612903,0.03225806451612903,0.06451612903225806,0.12903225806451613,0.0,0.0,0.0,0.1,0.05,0.04,0.04,0.0,0.0,0.0,0.14285714285714285,0.14285714285714285,0.14285714285714285,0.14285714285714285,0.0,0.0,0.0,0.004608294930875576,0.004608294930875576,0.006689460383529061,0.010420535292724587,7.0
PLAIN-259,14,1.0,0.7039180890341347,0.5087403079104241,0.3301376494471203,0.2673154472919771,0.2673154472919771,0.29800244689618066,0.07142857142857142,0.14285714285714285,0.14285714285714285,0.14285714285714285,0.14285714285714285,0.14285714285714285,0.21428571428571427,1.0,0.6666666666666666,0.4,0.2,0.1,0.04,0.03,1.0,1.0,1.0,1.0,1.0,1.0,1.0,0.07142857142857142,0.11904761904761904,0.11904761904761904,0.11904761904761904,0.11904761904761904,0.11904761904761904,0.12294372294372292,1.0
PLAIN-270,52,1.0,0.46927872602275644,0.3391602052736161,0.2895229882348575,0.2539371470825174,0.1525707688121558,0.185499007838169,0.019230769230769232,0.019230769230769232,0.019230769230769232,0.038461538461538464,0.07692307692307693,0.09615384615384616,0.15384615384615385,1.0,0.3333333333333333,0.2,0.2,0.2,0.1,0.08,1.0,1.0,1.0,1.0,1.0,1.0,1.0,0.019230769230769232,0.019230769230769232,0.019230769230769232,0.02403846153846154,0.031490384615384615,0.033580685618729095,0.03937143887120676,1.0
PLAIN-280,20,0.0,0.23463936301137822,0.16958010263680806,0.1100458831490401,0.13742128322113095,0.19743088292231548,0.2199633987739703,0.0,0.05,0.05,0.05,0.15,0.25,0.3,0.0,0.3333333333333333,0.2,0.1,0.15,0.1,0.06,0.0,0.3333333333333333,0.3333333333333333,0.3333333333333333,0.3333333333333333,0.3333333333333333,0.3333333333333333,0.0,0.016666666666666666,0.016666666666666666,0.016666666666666666,0.030049019607843137,0.04738532913165266,0.05123148297780651,3.0
PLAIN-291,13,0.0,0.0,0.0,0.06362078819895173,0.10606282172000141,0.10606282172000141,0.1348978203986734,0.0,0.0,0.0,0.07692307692307693,0.15384615384615385,0.15384615384615385,0.23076923076923078,0.0,0.0,0.0,0.1,0.1,0.04,0.03,0.0,0.0,0.0,0.1,0.1,0.1,0.1,0.0,0.0,0.0,0.007692307692307693,0.02167832167832168,0.02167832167832168,0.0243006993006993,10.0
PLAIN-307,3,0.0,0.23463936301137822,0.4367467095119258,0.5931729515195112,0.5931729515195112,0.5931729515195112,0.5931729515195112,0.0,0.3333333333333333,0.6666666666666666,1.0,1.0,1.0,1.0,0.0,0.3333333333333333,0.4,0.3,0.15,0.06,0.03,0.0,0.3333333333333333,0.3333333333333333,0.3333333333333333,0.3333333333333333,0.3333333333333333,0.3333333333333333,0.0,0.1111111111111111,0.27777777777777773,0.42063492063492064,0.42063492063492064,0.42063492063492064,0.42063492063492064,3.0
PLAIN-320,42,0.0,0.0,0.0,0.0,0.03730675036644463,0.09409972715805587,0.13682830514849156,0.0,0.0,0.0,0.0,0.023809523809523808,0.11904761904761904,0.19047619047619047,0.0,0.0,0.0,0.0,0.05,0.1,0.08,0.0,0.0,0.0,0.0,0.07692307692307693,0.07692307692307693,0.07692307692307693,0.0,0.0,0.0,0.0,0.0018315018315018315,0.012513745743559406,0.0197047029345166,13.0
PLAIN-332,2,1.0,0.6131471927654584,0.6131471927654584,0.6131471927654584,0.6131471927654584,0.6131471927654584,0.6131471927654584,0.5,0.5,0.5,0.5,0.5,0.5,0.5,1.0,0.3333333333333333,0.2,0.1,0.05,0.02,0.01,1.0,1.0,1.0,1.0,1.0,1.0,1.0,0.5,0.5,0.5,0.5,0.5,0.5,0.5,1.0
PLAIN-344,61,0.5,0.46927872602275644,0.3391602052736161,0.2669507571941387,0.20022570440921905,0.1736802168252006,0.23733533373821672,0.01639344262295082,0.03278688524590164,0.03278688524590164,0.03278688524590164,0.03278688524590164,0.08196721311475409,0.18032786885245902,1.0,0.6666666666666666,0.4,0.2,0.1,0.1,0.11,1.0,1.0,1.0,1.0,1.0,1.0,1.0,0.01639344262295082,0.0273224043715847,0.0273224043715847,0.0273224043715847,0.0273224043715847,0.03215813338718264,0.04356201203768493,1.0
PLAIN-358,3,0.0,0.0,0.0,0.0,0.0,0.0,0.0,0.0,0.0,0.0,0.0,0.0,0.0,0.0,0.0,0.0,0.0,0.0,0.0,0.0,0.0,0.0,0.0,0.0,0.0,0.0,0.0,0.0,0.0,0.0,0.0,0.0,0.0,0.0,0.0,
PLAIN-371,2,0.0,0.0,0.0,0.0,0.0,0.0,0.058695091570378534,0.0,0.0,0.0,0.0,0.0,0.0,0.5,0.0,0.0,0.0,0.0,0.0,0.0,0.01,0.0,0.0,0.0,0.0,0.0,0.0,0.011363636363636364,0.0,0.0,0.0,0.0,0.0,0.0,0.005681818181818182,88.0
PLAIN-383,5,0.0,0.0,0.0,0.0,0.0,0.06612234188543999,0.06612234188543999,0.0,0.0,0.0,0.0,0.0,0.2,0.2,0.0,0.0,0.0,0.0,0.0,0.02,0.01,0.0,0.0,0.0,0.0,0.0,0.029411764705882353,0.029411764705882353,0.0,0.0,0.0,0.0,0.0,0.0058823529411764705,0.0058823529411764705,34.0
PLAIN-395,3,0.0,0.0,0.0,0.0,0.0,0.0,0.0,0.0,0.0,0.0,0.0,0.0,0.0,0.0,0.0,0.0,0.0,0.0,0.0,0.0,0.0,0.0,0.0,0.0,0.0,0.0,0.0,0.0,0.0,0.0,0.0,0.0,0.0,0.0,0.0,
PLAIN-407,3,1.0,0.6387878864795979,0.6387878864795979,0.6387878864795979,0.6387878864795979,0.6387878864795979,0.6387878864795979,0.3333333333333333,0.3333333333333333,0.3333333333333333,0.3333333333333333,0.3333333333333333,0.3333333333333333,0.3333333333333333,1.0,0.3333333333333333,0.2,0.1,0.05,0.02,0.01,1.0,1.0,1.0,1.0,1.0,1.0,1.0,0.3333333333333333,0.3333333333333333,0.3333333333333333,0.3333333333333333,0.3333333333333333,0.3333333333333333,0.3333333333333333,1.0
PLAIN-418,3,1.0,0.8670870086853021,0.8670870086853021,0.8670870086853021,0.8670870086853021,0.8670870086853021,0.907548473666711,0.3333333333333333,0.6666666666666666,0.6666666666666666,0.6666666666666666,0.6666666666666666,0.6666666666666666,1.0,1.0,0.6666666666666666,0.4,0.2,0.1,0.04,0.03,1.0,1.0,1.0,1.0,1.0,1.0,1.0,0.3333333333333333,0.6666666666666666,0.6666666666666666,0.6666666666666666,0.6666666666666666,0.6666666666666666,0.6773049645390071,1.0
PLAIN-430,8,1.0,0.7653606369886217,0.5531464700081437,0.4726015064276488,0.5467715605593299,0.5467715605593299,0.5467715605593299,0.125,0.25,0.25,0.25,0.375,0.375,0.375,1.0,0.6666666666666666,0.4,0.2,0.15,0.06,0.03,1.0,1.0,1.0,1.0,1.0,1.0,1.0,0.125,0.25,0.25,0.25,0.2767857142857143,0.2767857142857143,0.2767857142857143,1.0
PLAIN-441,5,0.5,0.5316519652587917,0.43673949858938643,0.6459960621017855,0.6459960621017855,0.6459960621017855,0.6817444250394807,0.2,0.4,0.4,0.8,0.8,0.8,1.0,1.0,0.6666666666666666,0.4,0.4,0.2,0.08,0.05,1.0,1.0,1.0,1.0,1.0,1.0,1.0,0.2,0.3333333333333333,0.3333333333333333,0.5222222222222221,0.5222222222222221,0.5222222222222221,0.5369281045751634,1.0
PLAIN-457,5,0.0,0.0,0.0,0.0,0.0,0.0,0.0,0.0,0.0,0.0,0.0,0.0,0.0,0.0,0.0,0.0,0.0,0.0,0.0,0.0,0.0,0.0,0.0,0.0,0.0,0.0,0.0,0.0,0.0,0.0,0.0,0.0,0.0,0.0,0.0,
PLAIN-468,10,0.0,0.3354350434265105,0.2755519442199235,0.31974692189928905,0.31974692189928905,0.31974692189928905,0.31974692189928905,0.0,0.1,0.1,0.2,0.2,0.2,0.2,0.0,0.3333333333333333,0.2,0.2,0.1,0.04,0.02,0.0,0.5,0.5,0.5,0.5,0.5,0.5,0.0,0.05,0.05,0.08333333333333333,0.08333333333333333,0.08333333333333333,0.08333333333333333,2.0
PLAIN-478,1,0.0,0.0,0.0,0.0,0.0,0.0,0.0,0.0,0.0,0.0,0.0,0.0,0.0,0.0,0.0,0.0,0.0,0.0,0.0,0.0,0.0,0.0,0.0,0.0,0.0,0.0,0.0,0.0,0.0,0.0,0.0,0.0,0.0,0.0,0.0,
PLAIN-488,15,1.0,1.0,1.0,0.9363792118010483,0.8143604381802956,0.8515710409391558,0.8515710409391558,0.06666666666666667,0.2,0.3333333333333333,0.6,0.7333333333333333,0.8,0.8,1.0,1.0,1.0,0.9,0.55,0.24,0.12,1.0,1.0,1.0,1.0,1.0,1.0,1.0,0.06666666666666667,0.2,0.3333333333333333,0.6,0.7037433155080213,0.7385259242036735,0.7385259242036735,1.0
PLAIN-499,34,0.0,0.23463936301137822,0.16958010263680806,0.17947710508581738,0.11582866341850037,0.1035843408345145,0.11877608257339126,0.0,0.029411764705882353,0.029411764705882353,0.058823529411764705,0.058823529411764705,0.08823529411764706,0.11764705882352941,0.0,0.3333333333333333,0.2,0.2,0.1,0.06,0.04,0.0,0.3333333333333333,0.3333333333333333,0.3333333333333333,0.3333333333333333,0.3333333333333333,0.3333333333333333,0.0,0.00980392156862745,0.00980392156862745,0.017156862745098037,0.017156862745098037,0.020833333333333332,0.022046189609864562,3.0
PLAIN-510,6,0.0,0.0,0.0,0.0874717141014082,0.0874717141014082,0.0874717141014082,0.0874717141014082,0.0,0.0,0.0,0.16666666666666666,0.16666666666666666,0.16666666666666666,0.16666666666666666,0.0,0.0,0.0,0.1,0.05,0.02,0.01,0.0,0.0,0.0,0.1,0.1,0.1,0.1,0.0,0.0,0.0,0.016666666666666666,0.016666666666666666,0.016666666666666666,0.016666666666666666,10.0
PLAIN-520,1,0.0,0.0,0.0,0.0,0.0,0.0,0.0,0.0,0.0,0.0,0.0,0.0,0.0,0.0,0.0,0.0,0.0,0.0,0.0,0.0,0.0,0.0,0.0,0.0,0.0,0.0,0.0,0.0,0.0,0.0,0.0,0.0,0.0,0.0,0.0,
PLAIN-531,308,0.0,0.23463936301137822,0.4468535299918563,0.5111707781750247,0.3968208725445804,0.34176901563614254,0.2657991686729788,0.0,0.003246753246753247,0.00974025974025974,0.01948051948051948,0.025974025974025976,0.05194805194805195,0.07467532467532467,0.0,0.3333333333333333,0.6,0.6,0.4,0.32,0.23,0.0,0.3333333333333333,0.3333333333333333,0.3333333333333333,0.3333333333333333,0.3333333333333333,0.3333333333333333,0.0,0.0010822510822510823,0.004653679653679653,0.011572356215213356,0.014276308609568227,0.024784317235482186,0.03170926865904646,3.0
PLAIN-541,6,0.0,0.0,0.0,0.09546043308946733,0.09546043308946733,0.09546043308946733,0.09546043308946733,0.0,0.0,0.0,0.16666666666666666,0.16666666666666666,0.16666666666666666,0.16666666666666666,0.0,0.0,0.0,0.1,0.05,0.02,0.01,0.0,0.0,0.0,0.125,0.125,0.125,0.125,0.0,0.0,0.0,0.020833333333333332,0.020833333333333332,0.020833333333333332,0.020833333333333332,8.0
PLAIN-551,2,0.0,0.0,0.0,0.0,0.0,0.0,0.0,0.0,0.0,0.0,0.0,0.0,0.0,0.0,0.0,0.0,0.0,0.0,0.0,0.0,0.0,0.0,0.0,0.0,0.0,0.0,0.0,0.0,0.0,0.0,0.0,0.0,0.0,0.0,0.0,
PLAIN-561,25,1.0,0.7653606369886217,0.5531464700081437,0.35895421017163476,0.23165732683700074,0.20056281031502377,0.21941363520887308,0.04,0.08,0.08,0.08,0.08,0.08,0.12,1.0,0.6666666666666666,0.4,0.2,0.1,0.04,0.03,1.0,1.0,1.0,1.0,1.0,1.0,1.0,0.04,0.08,0.08,0.08,0.08,0.08,0.08131868131868131,1.0
PLAIN-571,7,0.0,0.2960819109658652,0.21398626473452756,0.25617367829355947,0.25617367829355947,0.3153650747712409,0.3153650747712409,0.0,0.14285714285714285,0.14285714285714285,0.2857142857142857,0.2857142857142857,0.42857142857142855,0.42857142857142855,0.0,0.3333333333333333,0.2,0.2,0.1,0.06,0.03,0.0,0.5,0.5,0.5,0.5,0.5,0.5,0.0,0.07142857142857142,0.07142857142857142,0.10317460317460317,0.10317460317460317,0.12103174603174603,0.12103174603174603,2.0
PLAIN-583,44,0.0,0.0,0.0,0.06362078819895173,0.04105877938688905,0.024443104116192643,0.024443104116192643,0.0,0.0,0.0,0.022727272727272728,0.022727272727272728,0.022727272727272728,0.022727272727272728,0.0,0.0,0.0,0.1,0.05,0.02,0.01,0.0,0.0,0.0,0.1,0.1,0.1,0.1,0.0,0.0,0.0,0.002272727272727273,0.002272727272727273,0.002272727272727273,0.002272727272727273,10.0
PLAIN-593,3,0.0,0.0,0.0,0.0,0.0,0.0,0.07792262787529267,0.0,0.0,0.0,0.0,0.0,0.0,0.3333333333333333,0.0,0.0,0.0,0.0,0.0,0.0,0.01,0.0,0.0,0.0,0.0,0.0,0.0,0.015625,0.0,0.0,0.0,0.0,0.0,0.0,0.005208333333333333,64.0
PLAIN-603,1,0.0,0.6309297535714575,0.6309297535714575,0.6309297535714575,0.6309297535714575,0.6309297535714575,0.6309297535714575,0.0,1.0,1.0,1.0,1.0,1.0,1.0,0.0,0.3333333333333333,0.2,0.1,0.05,0.02,0.01,0.0,0.5,0.5,0.5,0.5,0.5,0.5,0.0,0.5,0.5,0.5,0.5,0.5,0.5,2.0
PLAIN-613,10,0.0,0.0,0.0,0.06362078819895173,0.11746635813953495,0.11746635813953495,0.11746635813953495,0.0,0.0,0.0,0.1,0.2,0.2,0.2,0.0,0.0,0.0,0.1,0.1,0.04,0.02,0.0,0.0,0.0,0.1,0.1,0.1,0.1,0.0,0.0,0.0,0.01,0.0225,0.0225,0.0225,10.0
PLAIN-623,41,0.0,0.2960819109658652,0.36005461457723403,0.23365080824310536,0.1507906025813753,0.12731390592601025,0.1415509782243425,0.0,0.024390243902439025,0.04878048780487805,0.04878048780487805,0.04878048780487805,0.0975609756097561,0.12195121951219512,0.0,0.3333333333333333,0.4,0.2,0.1,0.08,0.05,0.0,0.5,0.5,0.5,0.5,0.5,0.5,0.0,0.012195121951219513,0.024390243902439025,0.024390243902439025,0.024390243902439025,0.028640059127864003,0.030288048580731503,2.0
PLAIN-634,21,1.0,0.46927872602275644,0.4703652827859579,0.3052348839397012,0.23042611909035665,0.22331323488310661,0.26633910025392366,0.047619047619047616,0.047619047619047616,0.09523809523809523,0.09523809523809523,0.14285714285714285,0.14285714285714285,0.23809523809523808,1.0,0.3333333333333333,0.4,0.2,0.15,0.06,0.05,1.0,1.0,1.0,1.0,1.0,1.0,1.0,0.047619047619047616,0.047619047619047616,0.06666666666666667,0.06666666666666667,0.0746031746031746,0.0746031746031746,0.07969259621656881,1.0
PLAIN-645,29,0.0,0.0,0.0,0.0,0.0,0.01987822788040838,0.01987822788040838,0.0,0.0,0.0,0.0,0.0,0.034482758620689655,0.034482758620689655,0.0,0.0,0.0,0.0,0.0,0.02,0.01,0.0,0.0,0.0,0.0,0.0,0.020833333333333332,0.020833333333333332,0.0,0.0,0.0,0.0,0.0,0.0007183908045977011,0.0007183908045977011,48.0
PLAIN-660,475,1.0,1.0,0.7227265726449519,0.7538142945344394,0.6292669848739088,0.40354848742418936,0.32705037786307667,0.002105263157894737,0.00631578947368421,0.00631578947368421,0.014736842105263158,0.023157894736842106,0.031578947368421054,0.05263157894736842,1.0,1.0,0.6,0.7,0.55,0.3,0.25,1.0,1.0,1.0,1.0,1.0,1.0,1.0,0.002105263157894737,0.00631578947368421,0.00631578947368421,0.012275689223057643,0.017610372084056296,0.02085973643696756,0.027202885879011183,1.0
PLAIN-671,1,0.0,0.0,0.0,0.3010299956639812,0.3010299956639812,0.3010299956639812,0.3010299956639812,0.0,0.0,0.0,1.0,1.0,1.0,1.0,0.0,0.0,0.0,0.1,0.05,0.02,0.01,0.0,0.0,0.0,0.1111111111111111,0.1111111111111111,0.1111111111111111,0.1111111111111111,0.0,0.0,0.0,0.1111111111111111,0.1111111111111111,0.1111111111111111,0.1111111111111111,9.0
PLAIN-681,1,0.0,0.5,0.5,0.5,0.5,0.5,0.5,0.0,1.0,1.0,1.0,1.0,1.0,1.0,0.0,0.3333333333333333,0.2,0.1,0.05,0.02,0.01,0.0,0.3333333333333333,0.3333333333333333,0.3333333333333333,0.3333333333333333,0.3333333333333333,0.3333333333333333,0.0,0.3333333333333333,0.3333333333333333,0.3333333333333333,0.3333333333333333,0.3333333333333333,0.3333333333333333,3.0
PLAIN-691,21,0.0,0.0,0.0,0.0,0.0,0.0,0.0,0.0,0.0,0.0,0.0,0.0,0.0,0.0,0.0,0.0,0.0,0.0,0.0,0.0,0.0,0.0,0.0,0.0,0.0,0.0,0.0,0.0,0.0,0.0,0.0,0.0,0.0,0.0,0.0,
PLAIN-701,8,1.0,0.7039180890341347,0.6548086577531307,0.4883505467692416,0.4883505467692416,0.5450713857457905,0.5450713857457905,0.125,0.25,0.375,0.375,0.375,0.5,0.5,1.0,0.6666666666666666,0.6,0.3,0.15,0.08,0.04,1.0,1.0,1.0,1.0,1.0,1.0,1.0,0.125,0.20833333333333331,0.3020833333333333,0.3020833333333333,0.3020833333333333,0.3258928571428571,0.3258928571428571,1.0
PLAIN-711,57,0.0,0.0,0.14606834984270645,0.09478836436955079,0.061173315378031855,0.0487617812976457,0.07956032155250652,0.0,0.0,0.017543859649122806,0.017543859649122806,0.017543859649122806,0.03508771929824561,0.08771929824561403,0.0,0.0,0.2,0.1,0.05,0.04,0.05,0.0,0.0,0.25,0.25,0.25,0.25,0.25,0.0,0.0,0.0043859649122807015,0.0043859649122807015,0.0043859649122807015,0.005482456140350877,0.008572623680486164,4.0
PLAIN-721,25,1.0,1.0,1.0,1.0,0.7554076757602792,0.7355949426375132,0.7742666755195616,0.04,0.12,0.2,0.4,0.52,0.64,0.72,1.0,1.0,1.0,1.0,0.65,0.32,0.18,1.0,1.0,1.0,1.0,1.0,1.0,1.0,0.04,0.12,0.2,0.4,0.504873949579832,0.5866394304757476,0.6039326635584543,1.0
PLAIN-731,54,1.0,0.7653606369886217,0.6843515475204855,0.6434035614033738,0.45485271746839456,0.2779414013615704,0.28743657622721874,0.018518518518518517,0.037037037037037035,0.05555555555555555,0.1111111111111111,0.12962962962962962,0.16666666666666666,0.2037037037037037,1.0,0.6666666666666666,0.6,0.6,0.35,0.18,0.11,1.0,1.0,1.0,1.0,1.0,1.0,1.0,0.018518518518518517,0.037037037037037035,0.04814814814814815,0.07880658436213991,0.09059109614665171,0.0991889797445353,0.10455284313309006,1.0
PLAIN-741,19,0.0,0.0,0.13120507751234178,0.08514311764162101,0.056784915192307356,0.08367175738255432,0.08367175738255432,0.0,0.0,0.05263157894736842,0.05263157894736842,0.05263157894736842,0.10526315789473684,0.10526315789473684,0.0,0.0,0.2,0.1,0.05,0.04,0.02,0.0,0.0,0.2,0.2,0.2,0.2,0.2,0.0,0.0,0.010526315789473684,0.010526315789473684,0.010526315789473684,0.012974296205630356,0.012974296205630356,5.0
PLAIN-751,7,0.0,0.0,0.0,0.0,0.0,0.0,0.0,0.0,0.0,0.0,0.0,0.0,0.0,0.0,0.0,0.0,0.0,0.0,0.0,0.0,0.0,0.0,0.0,0.0,0.0,0.0,0.0,0.0,0.0,0.0,0.0,0.0,0.0,0.0,0.0,
PLAIN-761,6,0.0,0.0,0.0,0.09546043308946733,0.09546043308946733,0.09546043308946733,0.09546043308946733,0.0,0.0,0.0,0.16666666666666666,0.16666666666666666,0.16666666666666666,0.16666666666666666,0.0,0.0,0.0,0.1,0.05,0.02,0.01,0.0,0.0,0.0,0.125,0.125,0.125,0.125,0.0,0.0,0.0,0.020833333333333332,0.020833333333333332,0.020833333333333332,0.020833333333333332,8.0
PLAIN-771,3,1.0,1.0,1.0,1.0,1.0,1.0,1.0,0.3333333333333333,1.0,1.0,1.0,1.0,1.0,1.0,1.0,1.0,0.6,0.3,0.15,0.06,0.03,1.0,1.0,1.0,1.0,1.0,1.0,1.0,0.3333333333333333,1.0,1.0,1.0,1.0,1.0,1.0,1.0
PLAIN-782,2,0.0,0.0,0.0,0.0,0.0,0.0,0.0,0.0,0.0,0.0,0.0,0.0,0.0,0.0,0.0,0.0,0.0,0.0,0.0,0.0,0.0,0.0,0.0,0.0,0.0,0.0,0.0,0.0,0.0,0.0,0.0,0.0,0.0,0.0,0.0,
PLAIN-792,6,1.0,0.46927872602275644,0.48522855511632257,0.4329261794091841,0.4329261794091841,0.4329261794091841,0.48550799154453067,0.16666666666666666,0.16666666666666666,0.3333333333333333,0.3333333333333333,0.3333333333333333,0.3333333333333333,0.5,1.0,0.3333333333333333,0.4,0.2,0.1,0.04,0.03,1.0,1.0,1.0,1.0,1.0,1.0,1.0,0.16666666666666666,0.16666666666666666,0.25,0.25,0.25,0.25,0.25943396226415094,1.0
PLAIN-806,96,1.0,0.7653606369886217,0.830419897363192,0.8263333286520084,0.5332885492562246,0.3208936515823898,0.22707438463817667,0.010416666666666666,0.020833333333333332,0.041666666666666664,0.08333333333333333,0.08333333333333333,0.10416666666666667,0.13541666666666666,1.0,0.6666666666666666,0.8,0.8,0.4,0.2,0.13,1.0,1.0,1.0,1.0,1.0,1.0,1.0,0.010416666666666666,0.020833333333333332,0.03697916666666667,0.07296213624338622,0.07296213624338622,0.07851769179894179,0.08344600721112817,1.0
PLAIN-817,1,0.0,0.0,0.0,0.0,0.0,0.0,0.0,0.0,0.0,0.0,0.0,0.0,0.0,0.0,0.0,0.0,0.0,0.0,0.0,0.0,0.0,0.0,0.0,0.0,0.0,0.0,0.0,0.0,0.0,0.0,0.0,0.0,0.0,0.0,0.0,
PLAIN-827,244,1.0,1.0,0.8539316501572937,0.6325414799409712,0.5483686399881498,0.4835577685347677,0.36587112157489626,0.004098360655737705,0.012295081967213115,0.01639344262295082,0.020491803278688523,0.036885245901639344,0.0860655737704918,0.12295081967213115,1.0,1.0,0.8,0.5,0.45,0.42,0.3,1.0,1.0,1.0,1.0,1.0,1.0,1.0,0.004098360655737705,0.012295081967213115,0.015573770491803278,0.018989071038251364,0.026683329193575092,0.049380094188347816,0.06143279773063837,1.0
PLAIN-838,9,1.0,1.0,1.0,0.7671708088082309,0.7671708088082309,0.7671708088082309,0.7671708088082309,0.1111111111111111,0.3333333333333333,0.5555555555555556,0.6666666666666666,0.6666666666666666,0.6666666666666666,0.6666666666666666,1.0,1.0,1.0,0.6,0.3,0.12,0.06,1.0,1.0,1.0,1.0,1.0,1.0,1.0,0.1111111111111111,0.3333333333333333,0.5555555555555556,0.6388888888888888,0.6388888888888888,0.6388888888888888,0.6388888888888888,1.0
PLAIN-850,57,0.0,0.5307212739772434,0.5147714448836774,0.33405144466421566,0.24845086565973498,0.1809704051650095,0.18773062998367615,0.0,0.03508771929824561,0.05263157894736842,0.05263157894736842,0.07017543859649122,0.12280701754385964,0.15789473684210525,0.0,0.6666666666666666,0.6,0.3,0.2,0.14,0.09,0.0,0.5,0.5,0.5,0.5,0.5,0.5,0.0,0.02046783625730994,0.030994152046783626,0.030994152046783626,0.034687596183441055,0.04380256928010752,0.04747772355234273,2.0
PLAIN-872,1,0.0,0.0,0.0,0.0,0.0,0.0,0.0,0.0,0.0,0.0,0.0,0.0,0.0,0.0,0.0,0.0,0.0,0.0,0.0,0.0,0.0,0.0,0.0,0.0,0.0,0.0,0.0,0.0,0.0,0.0,0.0,0.0,0.0,0.0,0.0,
PLAIN-882,15,0.0,0.0,0.13120507751234178,0.15850703974098107,0.16653919298230882,0.19859697640905313,0.19859697640905313,0.0,0.0,0.06666666666666667,0.13333333333333333,0.2,0.26666666666666666,0.26666666666666666,0.0,0.0,0.2,0.2,0.15,0.08,0.04,0.0,0.0,0.2,0.2,0.2,0.2,0.2,0.0,0.0,0.013333333333333334,0.03238095238095238,0.04666666666666666,0.053504273504273496,0.053504273504273496,5.0
PLAIN-892,92,0.0,0.5307212739772434,0.38356636737133565,0.24890832702259466,0.22813777066086807,0.1590558383090291,0.14418812674509615,0.0,0.021739130434782608,0.021739130434782608,0.021739130434782608,0.043478260869565216,0.06521739130434782,0.11956521739130435,0.0,0.6666666666666666,0.4,0.2,0.2,0.12,0.11,0.0,0.5,0.5,0.5,0.5,0.5,0.5,0.0,0.012681159420289854,0.012681159420289854,0.012681159420289854,0.017014776925262855,0.02256719552115971,0.028712485382220255,2.0
PLAIN-902,4,1.0,0.46927872602275644,0.5413996682199069,0.5413996682199069,0.5413996682199069,0.5413996682199069,0.5413996682199069,0.25,0.25,0.5,0.5,0.5,0.5,0.5,1.0,0.3333333333333333,0.4,0.2,0.1,0.04,0.02,1.0,1.0,1.0,1.0,1.0,1.0,1.0,0.25,0.25,0.35,0.35,0.35,0.35,0.35,1.0
PLAIN-913,34,1.0,0.7653606369886217,0.6992148198508501,0.45374257454118555,0.4030815782773686,0.30680695178380885,0.34016375416452965,0.029411764705882353,0.058823529411764705,0.08823529411764706,0.08823529411764706,0.17647058823529413,0.20588235294117646,0.2647058823529412,1.0,0.6666666666666666,0.6,0.3,0.3,0.14,0.09,1.0,1.0,1.0,1.0,1.0,1.0,1.0,0.029411764705882353,0.058823529411764705,0.08088235294117647,0.08088235294117647,0.11295518207282913,0.12153361344537815,0.12932383247065246,1.0
PLAIN-924,32,1.0,0.46927872602275644,0.3391602052736161,0.2200917662980802,0.17839632762219612,0.17044417162978515,0.1870866181201678,0.03125,0.03125,0.03125,0.03125,0.0625,0.125,0.15625,1.0,0.3333333333333333,0.2,0.1,0.1,0.08,0.05,1.0,1.0,1.0,1.0,1.0,1.0,1.0,0.03125,0.03125,0.03125,0.03125,0.03571428571428571,0.04111024844720496,0.04313946922642574,1.0
PLAIN-934,101,0.0,0.0,0.13120507751234178,0.37259075411082276,0.37934520806888694,0.31923572614908713,0.2684378529679809,0.0,0.0,0.009900990099009901,0.04950495049504951,0.0891089108910891,0.15841584158415842,0.24752475247524752,0.0,0.0,0.2,0.5,0.45,0.32,0.25,0.0,0.0,0.2,0.2,0.2,0.2,0.2,0.0,0.0,0.0019801980198019802,0.019974854628319973,0.03807655643936795,0.07004157425430924,0.0997016682737441,5.0
PLAIN-946,31,0.0,0.0,0.0,0.0,0.0,0.01956605941827266,0.03575105549238069,0.0,0.0,0.0,0.0,0.0,0.03225806451612903,0.06451612903225806,0.0,0.0,0.0,0.0,0.0,0.02,0.02,0.0,0.0,0.0,0.0,0.0,0.023255813953488372,0.023255813953488372,0.0,0.0,0.0,0.0,0.0,0.0007501875468867217,0.0014222305576394097,43.0
PLAIN-956,206,1.0,1.0,0.7227265726449519,0.6046855387118413,0.5253599096776743,0.3475065623700879,0.29165350170939897,0.0048543689320388345,0.014563106796116505,0.014563106796116505,0.024271844660194174,0.043689320388349516,0.06310679611650485,0.11165048543689321,1.0,1.0,0.6,0.5,0.45,0.26,0.23,1.0,1.0,1.0,1.0,1.0,1.0,1.0,0.0048543689320388345,0.014563106796116505,0.014563106796116505,0.019687162891046384,0.027963344254411014,0.034590108146093076,0.04715940264173817,1.0
PLAIN-966,3,0.0,0.0,0.0,0.0,0.0,0.0,0.0,0.0,0.0,0.0,0.0,0.0,0.0,0.0,0.0,0.0,0.0,0.0,0.0,0.0,0.0,0.0,0.0,0.0,0.0,0.0,0.0,0.0,0.0,0.0,0.0,0.0,0.0,0.0,0.0,
PLAIN-977,3,0.0,0.0,0.0,0.16716045496620227,0.16716045496620227,0.16716045496620227,0.16716045496620227,0.0,0.0,0.0,0.3333333333333333,0.3333333333333333,0.3333333333333333,0.3333333333333333,0.0,0.0,0.0,0.1,0.05,0.02,0.01,0.0,0.0,0.0,0.16666666666666666,0.16666666666666666,0.16666666666666666,0.16666666666666666,0.0,0.0,0.0,0.05555555555555555,0.05555555555555555,0.05555555555555555,0.05555555555555555,6.0
PLAIN-987,3,0.0,0.0,0.0,0.0,0.0,0.09472348220010487,0.09472348220010487,0.0,0.0,0.0,0.0,0.0,0.3333333333333333,0.3333333333333333,0.0,0.0,0.0,0.0,0.0,0.02,0.01,0.0,0.0,0.0,0.0,0.0,0.03333333333333333,0.03333333333333333,0.0,0.0,0.0,0.0,0.0,0.011111111111111112,0.011111111111111112,30.0
PLAIN-997,2,0.0,0.0,0.0,0.0,0.0,0.0,0.0,0.0,0.0,0.0,0.0,0.0,0.0,0.0,0.0,0.0,0.0,0.0,0.0,0.0,0.0,0.0,0.0,0.0,0.0,0.0,0.0,0.0,0.0,0.0,0.0,0.0,0.0,0.0,0.0,
PLAIN-1008,5,0.0,0.0,0.0,0.0,0.0,0.0,0.0,0.0,0.0,0.0,0.0,0.0,0.0,0.0,0.0,0.0,0.0,0.0,0.0,0.0,0.0,0.0,0.0,0.0,0.0,0.0,0.0,0.0,0.0,0.0,0.0,0.0,0.0,0.0,0.0,
PLAIN-1018,60,0.0,0.2960819109658652,0.21398626473452756,0.13886244387355456,0.08961728720334346,0.09499934921983075,0.12865571389658342,0.0,0.016666666666666666,0.016666666666666666,0.016666666666666666,0.016666666666666666,0.06666666666666667,0.13333333333333333,0.0,0.3333333333333333,0.2,0.1,0.05,0.08,0.08,0.0,0.5,0.5,0.5,0.5,0.5,0.5,0.0,0.008333333333333333,0.008333333333333333,0.008333333333333333,0.008333333333333333,0.01289746364829791,0.019174647727414357,2.0
PLAIN-1028,1,0.0,0.0,0.0,0.0,0.0,0.0,0.0,0.0,0.0,0.0,0.0,0.0,0.0,0.0,0.0,0.0,0.0,0.0,0.0,0.0,0.0,0.0,0.0,0.0,0.0,0.0,0.0,0.0,0.0,0.0,0.0,0.0,0.0,0.0,0.0,
PLAIN-1039,2,1.0,0.6131471927654584,0.8503449055347546,0.8503449055347546,0.8503449055347546,0.8503449055347546,0.8503449055347546,0.5,0.5,1.0,1.0,1.0,1.0,1.0,1.0,0.3333333333333333,0.4,0.2,0.1,0.04,0.02,1.0,1.0,1.0,1.0,1.0,1.0,1.0,0.5,0.5,0.7,0.7,0.7,0.7,0.7,1.0
PLAIN-1050,94,0.0,0.0,0.0,0.06625422345438904,0.04275831251503157,0.02333976076433925,0.01502703226140237,0.0,0.0,0.0,0.010638297872340425,0.010638297872340425,0.010638297872340425,0.010638297872340425,0.0,0.0,0.0,0.1,0.05,0.02,0.01,0.0,0.0,0.0,0.1111111111111111,0.1111111111111111,0.1111111111111111,0.1111111111111111,0.0,0.0,0.0,0.001182033096926714,0.001182033096926714,0.001182033096926714,0.001182033096926714,9.0
PLAIN-1066,9,0.0,0.0,0.0,0.0,0.0,0.0,0.0,0.0,0.0,0.0,0.0,0.0,0.0,0.0,0.0,0.0,0.0,0.0,0.0,0.0,0.0,0.0,0.0,0.0,0.0,0.0,0.0,0.0,0.0,0.0,0.0,0.0,0.0,0.0,0.0,
PLAIN-1088,5,1.0,0.7039180890341347,0.5087403079104241,0.5087403079104241,0.5087403079104241,0.5087403079104241,0.5087403079104241,0.2,0.4,0.4,0.4,0.4,0.4,0.4,1.0,0.6666666666666666,0.4,0.2,0.1,0.04,0.02,1.0,1.0,1.0,1.0,1.0,1.0,1.0,0.2,0.3333333333333333,0.3333333333333333,0.3333333333333333,0.3333333333333333,0.3333333333333333,0.3333333333333333,1.0
PLAIN-1098,5,0.0,0.0,0.0,0.0,0.0,0.0,0.0,0.0,0.0,0.0,0.0,0.0,0.0,0.0,0.0,0.0,0.0,0.0,0.0,0.0,0.0,0.0,0.0,0.0,0.0,0.0,0.0,0.0,0.0,0.0,0.0,0.0,0.0,0.0,0.0,
PLAIN-1109,98,1.0,0.7653606369886217,0.6992148198508501,0.5173633627401373,0.3702457095904605,0.23203852334595995,0.1530293003402368,0.01020408163265306,0.02040816326530612,0.030612244897959183,0.04081632653061224,0.05102040816326531,0.07142857142857142,0.08163265306122448,1.0,0.6666666666666666,0.6,0.4,0.25,0.14,0.08,1.0,1.0,1.0,1.0,1.0,1.0,1.0,0.01020408163265306,0.02040816326530612,0.02806122448979592,0.03214285714285714,0.03578717201166181,0.039531939149286086,0.04078782611945877,1.0
PLAIN-1119,11,0.0,0.0,0.0,0.0,0.0,0.0,0.0,0.0,0.0,0.0,0.0,0.0,0.0,0.0,0.0,0.0,0.0,0.0,0.0,0.0,0.0,0.0,0.0,0.0,0.0,0.0,0.0,0.0,0.0,0.0,0.0,0.0,0.0,0.0,0.0,
PLAIN-1130,1,1.0,1.0,1.0,1.0,1.0,1.0,1.0,1.0,1.0,1.0,1.0,1.0,1.0,1.0,1.0,0.3333333333333333,0.2,0.1,0.05,0.02,0.01,1.0,1.0,1.0,1.0,1.0,1.0,1.0,1.0,1.0,1.0,1.0,1.0,1.0,1.0,1.0
PLAIN-1141,16,1.0,0.7039180890341347,0.5087403079104241,0.4631896595828493,0.3839408336348957,0.3839408336348957,0.3839408336348957,0.0625,0.125,0.125,0.25,0.3125,0.3125,0.3125,1.0,0.6666666666666666,0.4,0.4,0.25,0.1,0.05,1.0,1.0,1.0,1.0,1.0,1.0,1.0,0.0625,0.10416666666666666,0.10416666666666666,0.15260416666666665,0.1709865196078431,0.1709865196078431,0.1709865196078431,1.0
PLAIN-1151,153,1.0,0.7039180890341347,0.6548086577531307,0.4249260138166711,0.34533983551592523,0.342056157906025,0.2886064098911481,0.006535947712418301,0.013071895424836602,0.0196078431372549,0.0196078431372549,0.032679738562091505,0.09803921568627451,0.16339869281045752,1.0,0.6666666666666666,0.6,0.3,0.25,0.3,0.25,1.0,1.0,1.0,1.0,1.0,1.0,1.0,0.006535947712418301,0.010893246187363833,0.01579520697167756,0.01579520697167756,0.01970510426392779,0.040138265044951556,0.05923447183276424,1.0
PLAIN-1161,1,0.0,0.0,0.0,0.0,0.0,0.0,0.0,0.0,0.0,0.0,0.0,0.0,0.0,0.0,0.0,0.0,0.0,0.0,0.0,0.0,0.0,0.0,0.0,0.0,0.0,0.0,0.0,0.0,0.0,0.0,0.0,0.0,0.0,0.0,0.0,
PLAIN-1172,19,0.0,0.0,0.0,0.0,0.0,0.0,0.02485010920768947,0.0,0.0,0.0,0.0,0.0,0.0,0.05263157894736842,0.0,0.0,0.0,0.0,0.0,0.0,0.01,0.0,0.0,0.0,0.0,0.0,0.0,0.01694915254237288,0.0,0.0,0.0,0.0,0.0,0.0,0.0008920606601248885,59.0
PLAIN-1183,25,0.0,0.23463936301137822,0.30078518014914984,0.1951890007906611,0.12596860788881453,0.13158545339632927,0.13158545339632927,0.0,0.04,0.08,0.08,0.08,0.12,0.12,0.0,0.3333333333333333,0.4,0.2,0.1,0.06,0.03,0.0,0.3333333333333333,0.3333333333333333,0.3333333333333333,0.3333333333333333,0.3333333333333333,0.3333333333333333,0.0,0.013333333333333332,0.029333333333333336,0.029333333333333336,0.029333333333333336,0.03212403100775194,0.03212403100775194,3.0
PLAIN-1193,18,0.0,0.0,0.0,0.0,0.0,0.08781780188693049,0.15856599952716338,0.0,0.0,0.0,0.0,0.0,0.16666666666666666,0.3333333333333333,0.0,0.0,0.0,0.0,0.0,0.06,0.06,0.0,0.0,0.0,0.0,0.0,0.03571428571428571,0.03571428571428571,0.0,0.0,0.0,0.0,0.0,0.008826945412311264,0.018383229224213055,28.0
PLAIN-1203,12,0.0,0.2960819109658652,0.21398626473452756,0.2172607128522299,0.19383217202304814,0.19383217202304814,0.22597707660494037,0.0,0.08333333333333333,0.08333333333333333,0.16666666666666666,0.16666666666666666,0.16666666666666666,0.25,0.0,0.3333333333333333,0.2,0.2,0.1,0.04,0.03,0.0,0.5,0.5,0.5,0.5,0.5,0.5,0.0,0.041666666666666664,0.041666666666666664,0.06944444444444443,0.06944444444444443,0.06944444444444443,0.07312091503267973,2.0
PLAIN-1214,17,0.0,0.0,0.0,0.0,0.0,0.03002790537341587,0.0548840566559429,0.0,0.0,0.0,0.0,0.0,0.058823529411764705,0.11764705882352941,0.0,0.0,0.0,0.0,0.0,0.02,0.02,0.0,0.0,0.0,0.0,0.0,0.02702702702702703,0.02702702702702703,0.0,0.0,0.0,0.0,0.0,0.001589825119236884,0.003060413354531002,37.0
PLAIN-1225,27,0.0,0.5307212739772434,0.5296347172140421,0.4131279133289228,0.3409905057545598,0.3041681026950621,0.3409849133960863,0.0,0.07407407407407407,0.1111111111111111,0.14814814814814814,0.2222222222222222,0.25925925925925924,0.3333333333333333,0.0,0.6666666666666666,0.6,0.4,0.3,0.14,0.09,0.0,0.5,0.5,0.5,0.5,0.5,0.5,0.0,0.043209876543209874,0.07098765432098765,0.08950617283950617,0.12023007856341189,0.1285932804750009,0.136382616622546,2.0
PLAIN-1236,5,0.0,0.0,0.13120507751234178,0.13120507751234178,0.13120507751234178,0.13120507751234178,0.13120507751234178,0.0,0.0,0.2,0.2,0.2,0.2,0.2,0.0,0.0,0.2,0.1,0.05,0.02,0.01,0.0,0.0,0.2,0.2,0.2,0.2,0.2,0.0,0.0,0.04,0.04,0.04,0.04,0.04,5.0
PLAIN-1249,4,0.0,0.0,0.0,0.0,0.0,0.0,0.0,0.0,0.0,0.0,0.0,0.0,0.0,0.0,0.0,0.0,0.0,0.0,0.0,0.0,0.0,0.0,0.0,0.0,0.0,0.0,0.0,0.0,0.0,0.0,0.0,0.0,0.0,0.0,0.0,
PLAIN-1262,10,1.0,0.46927872602275644,0.3391602052736161,0.2200917662980802,0.2710162059153053,0.2710162059153053,0.2710162059153053,0.1,0.1,0.1,0.1,0.2,0.2,0.2,1.0,0.3333333333333333,0.2,0.1,0.1,0.04,0.02,1.0,1.0,1.0,1.0,1.0,1.0,1.0,0.1,0.1,0.1,0.1,0.11052631578947367,0.11052631578947367,0.11052631578947367,1.0
PLAIN-1275,55,1.0,0.7653606369886217,0.5531464700081437,0.42520843362602384,0.3099256492604467,0.20173414877998994,0.22249039873226648,0.01818181818181818,0.03636363636363636,0.03636363636363636,0.05454545454545454,0.07272727272727272,0.10909090909090909,0.16363636363636364,1.0,0.6666666666666666,0.4,0.3,0.2,0.12,0.09,1.0,1.0,1.0,1.0,1.0,1.0,1.0,0.01818181818181818,0.03636363636363636,0.03636363636363636,0.04242424242424243,0.04727272727272727,0.05486166007905139,0.05970025739818263,1.0
PLAIN-1288,196,0.0,0.23463936301137822,0.4468535299918563,0.35623158861460097,0.3415782259030068,0.2329526112483493,0.15897419819224398,0.0,0.00510204081632653,0.015306122448979591,0.02040816326530612,0.03571428571428571,0.05102040816326531,0.061224489795918366,0.0,0.3333333333333333,0.6,0.4,0.35,0.2,0.12,0.0,0.3333333333333333,0.3333333333333333,0.3333333333333333,0.3333333333333333,0.3333333333333333,0.3333333333333333,0.0,0.0017006802721088435,0.007312925170068026,0.009580498866213151,0.016486539254396394,0.0209016819348452,0.022572166852752797,3.0
PLAIN-1299,61,0.0,0.23463936301137822,0.16958010263680806,0.18844415212771543,0.12161570279144568,0.06638431784092197,0.05791183110235418,0.0,0.01639344262295082,0.01639344262295082,0.03278688524590164,0.03278688524590164,0.03278688524590164,0.03278688524590164,0.0,0.3333333333333333,0.2,0.2,0.1,0.04,0.02,0.0,0.3333333333333333,0.3333333333333333,0.3333333333333333,0.3333333333333333,0.3333333333333333,0.3333333333333333,0.0,0.00546448087431694,0.00546448087431694,0.01092896174863388,0.01092896174863388,0.01092896174863388,0.01092896174863388,3.0
PLAIN-1309,4,0.0,0.0,0.0,0.0,0.0,0.0,0.0,0.0,0.0,0.0,0.0,0.0,0.0,0.0,0.0,0.0,0.0,0.0,0.0,0.0,0.0,0.0,0.0,0.0,0.0,0.0,0.0,0.0,0.0,0.0,0.0,0.0,0.0,0.0,0.0,
PLAIN-1320,6,0.0,0.0,0.0,0.10086747116627115,0.10086747116627115,0.10086747116627115,0.10086747116627115,0.0,0.0,0.0,0.16666666666666666,0.16666666666666666,0.16666666666666666,0.16666666666666666,0.0,0.0,0.0,0.1,0.05,0.02,0.01,0.0,0.0,0.0,0.14285714285714285,0.14285714285714285,0.14285714285714285,0.14285714285714285,0.0,0.0,0.0,0.023809523809523808,0.023809523809523808,0.023809523809523808,0.023809523809523808,7.0
PLAIN-1331,1,0.0,0.0,0.0,0.0,0.0,0.0,0.0,0.0,0.0,0.0,0.0,0.0,0.0,0.0,0.0,0.0,0.0,0.0,0.0,0.0,0.0,0.0,0.0,0.0,0.0,0.0,0.0,0.0,0.0,0.0,0.0,0.0,0.0,0.0,0.0,
PLAIN-1342,16,1.0,1.0,0.8687949224876582,0.6371523797895857,0.474114041454649,0.474114041454649,0.474114041454649,0.0625,0.1875,0.25,0.3125,0.3125,0.3125,0.3125,1.0,1.0,0.8,0.5,0.25,0.1,0.05,1.0,1.0,1.0,1.0,1.0,1.0,1.0,0.0625,0.1875,0.25,0.29464285714285715,0.29464285714285715,0.29464285714285715,0.29464285714285715,1.0
PLAIN-1353,4,0.0,0.0,0.0,0.0,0.0,0.0,0.0,0.0,0.0,0.0,0.0,0.0,0.0,0.0,0.0,0.0,0.0,0.0,0.0,0.0,0.0,0.0,0.0,0.0,0.0,0.0,0.0,0.0,0.0,0.0,0.0,0.0,0.0,0.0,0.0,
PLAIN-1363,11,0.0,0.0,0.0,0.0,0.0,0.0,0.0,0.0,0.0,0.0,0.0,0.0,0.0,0.0,0.0,0.0,0.0,0.0,0.0,0.0,0.0,0.0,0.0,0.0,0.0,0.0,0.0,0.0,0.0,0.0,0.0,0.0,0.0,0.0,0.0,
PLAIN-1374,26,0.0,0.0,0.0,0.0,0.03730675036644463,0.07602946603807087,0.09510131551824846,0.0,0.0,0.0,0.0,0.038461538461538464,0.11538461538461539,0.15384615384615385,0.0,0.0,0.0,0.0,0.05,0.06,0.04,0.0,0.0,0.0,0.0,0.07692307692307693,0.07692307692307693,0.07692307692307693,0.0,0.0,0.0,0.0,0.002958579881656805,0.007601684524761448,0.009599686522763447,13.0
PLAIN-1387,12,1.0,1.0,0.7227265726449519,0.5384313152574522,0.4803689997674026,0.5163357357787057,0.5163357357787057,0.08333333333333333,0.25,0.25,0.3333333333333333,0.3333333333333333,0.4166666666666667,0.4166666666666667,1.0,1.0,0.6,0.4,0.2,0.1,0.05,1.0,1.0,1.0,1.0,1.0,1.0,1.0,0.08333333333333333,0.25,0.25,0.2916666666666667,0.2916666666666667,0.30135658914728686,0.30135658914728686,1.0
PLAIN-1398,103,1.0,1.0,1.0,1.0,0.8250423774962931,0.5127956641693211,0.3317472477657125,0.009708737864077669,0.02912621359223301,0.04854368932038835,0.0970873786407767,0.14563106796116504,0.18446601941747573,0.20388349514563106,1.0,1.0,1.0,1.0,0.75,0.38,0.21,1.0,1.0,1.0,1.0,1.0,1.0,1.0,0.009708737864077669,0.02912621359223301,0.04854368932038835,0.0970873786407767,0.14011789181692097,0.1626242236024845,0.1688701544465079,1.0
PLAIN-1409,253,1.0,0.7039180890341347,0.639945385422766,0.5599332595218056,0.4711170037999305,0.36433837332197405,0.32327644065952,0.003952569169960474,0.007905138339920948,0.011857707509881422,0.019762845849802372,0.03162055335968379,0.05928853754940711,0.11067193675889328,1.0,0.6666666666666666,0.6,0.5,0.4,0.3,0.28,1.0,1.0,1.0,1.0,1.0,1.0,1.0,0.003952569169960474,0.006587615283267457,0.008959156785243741,0.013790074659639877,0.019754698271322313,0.029739046984835853,0.04415720848265437,1.0
PLAIN-1419,65,0.0,0.0,0.13120507751234178,0.14876390584057272,0.20432301365154917,0.17428406680593483,0.1864963340864075,0.0,0.0,0.015384615384615385,0.03076923076923077,0.07692307692307693,0.13846153846153847,0.2,0.0,0.0,0.2,0.2,0.25,0.18,0.13,0.0,0.0,0.2,0.2,0.2,0.2,0.2,0.0,0.0,0.003076923076923077,0.006153846153846154,0.018591408591408592,0.033913840359463696,0.04285334909195881,5.0
PLAIN-1429,6,0.0,0.0,0.0,0.0,0.0,0.0,0.0,0.0,0.0,0.0,0.0,0.0,0.0,0.0,0.0,0.0,0.0,0.0,0.0,0.0,0.0,0.0,0.0,0.0,0.0,0.0,0.0,0.0,0.0,0.0,0.0,0.0,0.0,0.0,0.0,
PLAIN-1441,186,0.0,0.2960819109658652,0.34519134224686937,0.35705757165090457,0.29938079955701796,0.21232249246181079,0.1384065964567182,0.0,0.005376344086021506,0.010752688172043012,0.021505376344086023,0.03225806451612903,0.04838709677419355,0.053763440860215055,0.0,0.3333333333333333,0.4,0.4,0.3,0.18,0.1,0.0,0.5,0.5,0.5,0.5,0.5,0.5,0.0,0.002688172043010753,0.004838709677419355,0.00900537634408602,0.012589605734767025,0.01751692773525976,0.018224341430788906,2.0
PLAIN-1453,245,0.0,0.0,0.0,0.06943122193677728,0.07824613498638522,0.07106508208296496,0.136759801076253,0.0,0.0,0.0,0.004081632653061225,0.00816326530612245,0.0163265306122449,0.0653061224489796,0.0,0.0,0.0,0.1,0.1,0.08,0.16,0.0,0.0,0.0,0.125,0.125,0.125,0.125,0.0,0.0,0.0,0.0005102040816326531,0.000963718820861678,0.0016172142615911613,0.008534677747864565,8.0
PLAIN-1463,24,0.0,0.2960819109658652,0.21398626473452756,0.13886244387355456,0.19090307964479108,0.16971910657769806,0.16971910657769806,0.0,0.041666666666666664,0.041666666666666664,0.041666666666666664,0.16666666666666666,0.16666666666666666,0.16666666666666666,0.0,0.3333333333333333,0.2,0.1,0.2,0.08,0.04,0.0,0.5,0.5,0.5,0.5,0.5,0.5,0.0,0.020833333333333332,0.020833333333333332,0.020833333333333332,0.041666666666666664,0.041666666666666664,0.041666666666666664,2.0
PLAIN-1473,1,0.0,0.5,0.5,0.5,0.5,0.5,0.5,0.0,1.0,1.0,1.0,1.0,1.0,1.0,0.0,0.3333333333333333,0.2,0.1,0.05,0.02,0.01,0.0,0.3333333333333333,0.3333333333333333,0.3333333333333333,0.3333333333333333,0.3333333333333333,0.3333333333333333,0.0,0.3333333333333333,0.3333333333333333,0.3333333333333333,0.3333333333333333,0.3333333333333333,0.3333333333333333,3.0
PLAIN-1485,54,0.0,0.0,0.0,0.06943122193677728,0.04480864360167173,0.03996554190575644,0.03791722962398382,0.0,0.0,0.0,0.018518518518518517,0.018518518518518517,0.037037037037037035,0.037037037037037035,0.0,0.0,0.0,0.1,0.05,0.04,0.02,0.0,0.0,0.0,0.125,0.125,0.125,0.125,0.0,0.0,0.0,0.0023148148148148147,0.0023148148148148147,0.003509557945041816,0.003509557945041816,8.0
PLAIN-1496,1,0.0,0.0,0.0,0.0,0.0,0.0,0.0,0.0,0.0,0.0,0.0,0.0,0.0,0.0,0.0,0.0,0.0,0.0,0.0,0.0,0.0,0.0,0.0,0.0,0.0,0.0,0.0,0.0,0.0,0.0,0.0,0.0,0.0,0.0,0.0,
PLAIN-1506,15,1.0,0.46927872602275644,0.3391602052736161,0.2200917662980802,0.17060921827860476,0.17060921827860476,0.17060921827860476,0.06666666666666667,0.06666666666666667,0.06666666666666667,0.06666666666666667,0.06666666666666667,0.06666666666666667,0.06666666666666667,1.0,0.3333333333333333,0.2,0.1,0.05,0.02,0.01,1.0,1.0,1.0,1.0,1.0,1.0,1.0,0.06666666666666667,0.06666666666666667,0.06666666666666667,0.06666666666666667,0.06666666666666667,0.06666666666666667,0.06666666666666667,1.0
PLAIN-1516,2,0.0,0.0,0.0,0.0,0.0,0.0,0.0,0.0,0.0,0.0,0.0,0.0,0.0,0.0,0.0,0.0,0.0,0.0,0.0,0.0,0.0,0.0,0.0,0.0,0.0,0.0,0.0,0.0,0.0,0.0,0.0,0.0,0.0,0.0,0.0,
PLAIN-1527,202,1.0,1.0,0.8687949224876582,0.77523873680463,0.5727998056184318,0.41908436485869893,0.29695814992687986,0.0049504950495049506,0.01485148514851485,0.019801980198019802,0.034653465346534656,0.04455445544554455,0.07920792079207921,0.10396039603960396,1.0,1.0,0.8,0.7,0.45,0.32,0.21,1.0,1.0,1.0,1.0,1.0,1.0,1.0,0.0049504950495049506,0.01485148514851485,0.019801980198019802,0.031105610561056107,0.037050941936298896,0.050254332330283355,0.05694169881014539,1.0
PLAIN-1537,45,1.0,1.0,0.8539316501572937,0.7059054020403313,0.49395293574370097,0.28962612445205554,0.28962612445205554,0.022222222222222223,0.06666666666666667,0.08888888888888889,0.13333333333333333,0.15555555555555556,0.15555555555555556,0.15555555555555556,1.0,1.0,0.8,0.6,0.35,0.14,0.07,1.0,1.0,1.0,1.0,1.0,1.0,1.0,0.022222222222222223,0.06666666666666667,0.08444444444444445,0.12201058201058199,0.13497354497354494,0.13497354497354494,0.13497354497354494,1.0
PLAIN-1547,6,0.0,0.0,0.0,0.0,0.0,0.067856722420442,0.067856722420442,0.0,0.0,0.0,0.0,0.0,0.16666666666666666,0.16666666666666666,0.0,0.0,0.0,0.0,0.0,0.02,0.01,0.0,0.0,0.0,0.0,0.0,0.047619047619047616,0.047619047619047616,0.0,0.0,0.0,0.0,0.0,0.007936507936507936,0.007936507936507936,21.0
PLAIN-1557,26,0.0,0.0,0.0,0.0,0.0,0.0,0.0,0.0,0.0,0.0,0.0,0.0,0.0,0.0,0.0,0.0,0.0,0.0,0.0,0.0,0.0,0.0,0.0,0.0,0.0,0.0,0.0,0.0,0.0,0.0,0.0,0.0,0.0,0.0,0.0,
PLAIN-1568,2,1.0,0.6131471927654584,0.6131471927654584,0.6131471927654584,0.6131471927654584,0.734697408362696,0.734697408362696,0.5,0.5,0.5,0.5,0.5,1.0,1.0,1.0,0.3333333333333333,0.2,0.1,0.05,0.04,0.02,1.0,1.0,1.0,1.0,1.0,1.0,1.0,0.5,0.5,0.5,0.5,0.5,0.53125,0.53125,1.0
PLAIN-1579,5,0.0,0.0,0.0,0.0,0.0,0.0,0.0,0.0,0.0,0.0,0.0,0.0,0.0,0.0,0.0,0.0,0.0,0.0,0.0,0.0,0.0,0.0,0.0,0.0,0.0,0.0,0.0,0.0,0.0,0.0,0.0,0.0,0.0,0.0,0.0,
PLAIN-1590,18,0.0,0.2960819109658652,0.21398626473452756,0.2172607128522299,0.14999300322263961,0.14999300322263961,0.14999300322263961,0.0,0.05555555555555555,0.05555555555555555,0.1111111111111111,0.1111111111111111,0.1111111111111111,0.1111111111111111,0.0,0.3333333333333333,0.2,0.2,0.1,0.04,0.02,0.0,0.5,0.5,0.5,0.5,0.5,0.5,0.0,0.027777777777777776,0.027777777777777776,0.046296296296296294,0.046296296296296294,0.046296296296296294,0.046296296296296294,2.0
PLAIN-1601,74,0.0,0.0,0.27727342735504823,0.2583297509898471,0.16671758642463477,0.10611908355889334,0.09980841182660811,0.0,0.0,0.02702702702702703,0.04054054054054054,0.04054054054054054,0.05405405405405406,0.08108108108108109,0.0,0.0,0.4,0.3,0.15,0.08,0.06,0.0,0.0,0.25,0.25,0.25,0.25,0.25,0.0,0.0,0.008783783783783784,0.01554054054054054,0.01554054054054054,0.017130365659777425,0.019083849756118664,4.0
PLAIN-1611,6,0.0,0.0,0.0,0.0,0.0,0.0,0.0,0.0,0.0,0.0,0.0,0.0,0.0,0.0,0.0,0.0,0.0,0.0,0.0,0.0,0.0,0.0,0.0,0.0,0.0,0.0,0.0,0.0,0.0,0.0,0.0,0.0,0.0,0.0,0.0,
PLAIN-1621,4,0.0,0.0,0.0,0.0,0.0,0.0,0.0,0.0,0.0,0.0,0.0,0.0,0.0,0.0,0.0,0.0,0.0,0.0,0.0,0.0,0.0,0.0,0.0,0.0,0.0,0.0,0.0,0.0,0.0,0.0,0.0,0.0,0.0,0.0,0.0,
PLAIN-1635,431,0.0,0.5307212739772434,0.6608397947263839,0.7065443116025598,0.7367186324146596,0.6598570164889963,0.54639127676331,0.0,0.004640371229698376,0.009280742459396751,0.018561484918793503,0.037122969837587005,0.0765661252900232,0.11832946635730858,0.0,0.6666666666666666,0.8,0.8,0.8,0.66,0.51,0.0,0.5,0.5,0.5,0.5,0.5,0.5,0.0,0.002706883217324052,0.006303170920340294,0.013637535447280228,0.02815049186831995,0.05647927292499645,0.08162114016751018,2.0
PLAIN-1645,6,0.0,0.0,0.0,0.0,0.0,0.067856722420442,0.067856722420442,0.0,0.0,0.0,0.0,0.0,0.16666666666666666,0.16666666666666666,0.0,0.0,0.0,0.0,0.0,0.02,0.01,0.0,0.0,0.0,0.0,0.0,0.047619047619047616,0.047619047619047616,0.0,0.0,0.0,0.0,0.0,0.007936507936507936,0.007936507936507936,21.0
PLAIN-1656,28,0.0,0.5307212739772434,0.38356636737133565,0.24890832702259466,0.1953874797190407,0.20272994103095368,0.2223960756319762,0.0,0.07142857142857142,0.07142857142857142,0.07142857142857142,0.10714285714285714,0.17857142857142858,0.21428571428571427,0.0,0.6666666666666666,0.4,0.2,0.15,0.1,0.06,0.0,0.5,0.5,0.5,0.5,0.5,0.5,0.0,0.041666666666666664,0.041666666666666664,0.041666666666666664,0.04836309523809523,0.05855684885290147,0.06245295274900537,2.0
PLAIN-1667,159,1.0,0.46927872602275644,0.4703652827859579,0.44092032933086756,0.3904406856284254,0.3351880096274856,0.29115718586257133,0.006289308176100629,0.006289308176100629,0.012578616352201259,0.025157232704402517,0.0440251572327044,0.09433962264150944,0.16352201257861634,1.0,0.3333333333333333,0.4,0.4,0.35,0.3,0.26,1.0,1.0,1.0,1.0,1.0,1.0,1.0,0.006289308176100629,0.006289308176100629,0.00880503144654088,0.01395877009084556,0.021244913059563445,0.03819675437856754,0.057815041714556085,1.0
PLAIN-1679,1,0.0,0.0,0.0,0.0,0.0,0.0,0.17542506358195453,0.0,0.0,0.0,0.0,0.0,0.0,1.0,0.0,0.0,0.0,0.0,0.0,0.0,0.01,0.0,0.0,0.0,0.0,0.0,0.0,0.0196078431372549,0.0,0.0,0.0,0.0,0.0,0.0,0.0196078431372549,51.0
PLAIN-1690,4,0.0,0.0,0.0,0.0,0.0,0.0,0.0,0.0,0.0,0.0,0.0,0.0,0.0,0.0,0.0,0.0,0.0,0.0,0.0,0.0,0.0,0.0,0.0,0.0,0.0,0.0,0.0,0.0,0.0,0.0,0.0,0.0,0.0,0.0,0.0,
PLAIN-1700,5,0.0,0.0,0.0,0.0,0.0,0.0,0.0,0.0,0.0,0.0,0.0,0.0,0.0,0.0,0.0,0.0,0.0,0.0,0.0,0.0,0.0,0.0,0.0,0.0,0.0,0.0,0.0,0.0,0.0,0.0,0.0,0.0,0.0,0.0,0.0,
PLAIN-1710,16,1.0,1.0,1.0,1.0,0.8741225444462045,0.9029943879669975,0.9029943879669975,0.0625,0.1875,0.3125,0.625,0.8125,0.875,0.875,1.0,1.0,1.0,1.0,0.65,0.28,0.14,1.0,1.0,1.0,1.0,1.0,1.0,1.0,0.0625,0.1875,0.3125,0.625,0.80078125,0.81828125,0.81828125,1.0
PLAIN-1721,31,1.0,0.46927872602275644,0.3391602052736161,0.349966777951421,0.22585713153557793,0.21074881390285466,0.21074881390285466,0.03225806451612903,0.03225806451612903,0.03225806451612903,0.0967741935483871,0.0967741935483871,0.16129032258064516,0.16129032258064516,1.0,0.3333333333333333,0.2,0.3,0.15,0.1,0.05,1.0,1.0,1.0,1.0,1.0,1.0,1.0,0.03225806451612903,0.03225806451612903,0.03225806451612903,0.04910394265232975,0.04910394265232975,0.056985039852528556,0.056985039852528556,1.0
PLAIN-1731,3,1.0,0.46927872602275644,0.6508205185601091,0.6508205185601091,0.6508205185601091,0.6508205185601091,0.6508205185601091,0.3333333333333333,0.3333333333333333,0.6666666666666666,0.6666666666666666,0.6666666666666666,0.6666666666666666,0.6666666666666666,1.0,0.3333333333333333,0.4,0.2,0.1,0.04,0.02,1.0,1.0,1.0,1.0,1.0,1.0,1.0,0.3333333333333333,0.3333333333333333,0.4666666666666666,0.4666666666666666,0.4666666666666666,0.4666666666666666,0.4666666666666666,1.0
PLAIN-1741,420,0.0,0.23463936301137822,0.30078518014914984,0.1951890007906611,0.16147861779722886,0.1772464451775746,0.17085020767811046,0.0,0.002380952380952381,0.004761904761904762,0.004761904761904762,0.007142857142857143,0.02142857142857143,0.04047619047619048,0.0,0.3333333333333333,0.4,0.2,0.15,0.18,0.17,0.0,0.3333333333333333,0.3333333333333333,0.3333333333333333,0.3333333333333333,0.3333333333333333,0.3333333333333333,0.0,0.0007936507936507937,0.0017460317460317462,0.0017460317460317462,0.0022222222222222222,0.004661592731021623,0.008157192752420004,3.0
PLAIN-1752,1,0.0,0.0,0.0,0.0,0.0,0.0,0.0,0.0,0.0,0.0,0.0,0.0,0.0,0.0,0.0,0.0,0.0,0.0,0.0,0.0,0.0,0.0,0.0,0.0,0.0,0.0,0.0,0.0,0.0,0.0,0.0,0.0,0.0,0.0,0.0,
PLAIN-1762,8,0.0,0.0,0.13120507751234178,0.17399493535254396,0.24234970452433371,0.24234970452433371,0.24234970452433371,0.0,0.0,0.125,0.25,0.375,0.375,0.375,0.0,0.0,0.2,0.2,0.15,0.06,0.03,0.0,0.0,0.2,0.2,0.2,0.2,0.2,0.0,0.0,0.025,0.05277777777777778,0.08402777777777778,0.08402777777777778,0.08402777777777778,5.0
PLAIN-1772,2,1.0,1.0,1.0,1.0,1.0,1.0,1.0,0.5,1.0,1.0,1.0,1.0,1.0,1.0,1.0,0.6666666666666666,0.4,0.2,0.1,0.04,0.02,1.0,1.0,1.0,1.0,1.0,1.0,1.0,0.5,1.0,1.0,1.0,1.0,1.0,1.0,1.0
PLAIN-1784,2,0.0,0.0,0.0,0.0,0.0,0.0,0.0,0.0,0.0,0.0,0.0,0.0,0.0,0.0,0.0,0.0,0.0,0.0,0.0,0.0,0.0,0.0,0.0,0.0,0.0,0.0,0.0,0.0,0.0,0.0,0.0,0.0,0.0,0.0,0.0,
PLAIN-1794,2,1.0,1.0,1.0,1.0,1.0,1.0,1.0,0.5,1.0,1.0,1.0,1.0,1.0,1.0,1.0,0.6666666666666666,0.4,0.2,0.1,0.04,0.02,1.0,1.0,1.0,1.0,1.0,1.0,1.0,0.5,1.0,1.0,1.0,1.0,1.0,1.0,1.0
PLAIN-1805,116,1.0,1.0,0.8687949224876582,0.706583601726363,0.5713184410990618,0.43441942431381475,0.2909470130609264,0.008620689655172414,0.02586206896551724,0.034482758620689655,0.05172413793103448,0.07758620689655173,0.14655172413793102,0.1724137931034483,1.0,1.0,0.8,0.6,0.45,0.34,0.2,1.0,1.0,1.0,1.0,1.0,1.0,1.0,0.008620689655172414,0.02586206896551724,0.034482758620689655,0.04710591133004926,0.06430710094503199,0.09221916883464262,0.09931755416578657,1.0
PLAIN-1817,27,1.0,0.7039180890341347,0.5087403079104241,0.3301376494471203,0.24941634743902474,0.2265473935874875,0.28208968574906923,0.037037037037037035,0.07407407407407407,0.07407407407407407,0.07407407407407407,0.1111111111111111,0.14814814814814814,0.25925925925925924,1.0,0.6666666666666666,0.4,0.2,0.15,0.08,0.07,1.0,1.0,1.0,1.0,1.0,1.0,1.0,0.037037037037037035,0.06172839506172839,0.06172839506172839,0.06172839506172839,0.06966490299823633,0.07295708406819516,0.0813049045634729,1.0
PLAIN-1827,3,0.0,0.0,0.0,0.0,0.0,0.0,0.0,0.0,0.0,0.0,0.0,0.0,0.0,0.0,0.0,0.0,0.0,0.0,0.0,0.0,0.0,0.0,0.0,0.0,0.0,0.0,0.0,0.0,0.0,0.0,0.0,0.0,0.0,0.0,0.0,
PLAIN-1837,196,1.0,0.7653606369886217,0.830419897363192,0.88995411685096,0.8611316791264373,0.7872354163347539,0.594077643032374,0.00510204081632653,0.01020408163265306,0.02040816326530612,0.04591836734693878,0.08673469387755102,0.19387755102040816,0.2653061224489796,1.0,0.6666666666666666,0.8,0.9,0.85,0.76,0.52,1.0,1.0,1.0,1.0,1.0,1.0,1.0,0.00510204081632653,0.01020408163265306,0.018112244897959182,0.04032839326206673,0.07715688611704913,0.16140539111364824,0.20830691913080757,1.0
PLAIN-1847,11,0.0,0.0,0.0,0.0,0.0,0.0,0.0,0.0,0.0,0.0,0.0,0.0,0.0,0.0,0.0,0.0,0.0,0.0,0.0,0.0,0.0,0.0,0.0,0.0,0.0,0.0,0.0,0.0,0.0,0.0,0.0,0.0,0.0,0.0,0.0,
PLAIN-1857,33,1.0,1.0,0.7227265726449519,0.46900009332067494,0.3026773466538294,0.24076895679210256,0.24076895679210256,0.030303030303030304,0.09090909090909091,0.09090909090909091,0.09090909090909091,0.09090909090909091,0.12121212121212122,0.12121212121212122,1.0,1.0,0.6,0.3,0.15,0.08,0.04,1.0,1.0,1.0,1.0,1.0,1.0,1.0,0.030303030303030304,0.09090909090909091,0.09090909090909091,0.09090909090909091,0.09090909090909091,0.09617918313570487,0.09617918313570487,1.0
PLAIN-1867,7,0.0,0.0,0.0,0.0,0.0,0.04870363873060745,0.141034898362626,0.0,0.0,0.0,0.0,0.0,0.14285714285714285,0.42857142857142855,0.0,0.0,0.0,0.0,0.0,0.02,0.03,0.0,0.0,0.0,0.0,0.0,0.02040816326530612,0.02040816326530612,0.0,0.0,0.0,0.0,0.0,0.0029154518950437317,0.014412778098252286,49.0
PLAIN-1877,36,0.0,0.0,0.0,0.0,0.03343749138471349,0.04360637619982991,0.058740547117104525,0.0,0.0,0.0,0.0,0.027777777777777776,0.05555555555555555,0.08333333333333333,0.0,0.0,0.0,0.0,0.05,0.04,0.03,0.0,0.0,0.0,0.0,0.05555555555555555,0.05555555555555555,0.05555555555555555,0.0,0.0,0.0,0.0,0.0015432098765432098,0.003858024691358025,0.004862040755615053,18.0
PLAIN-1887,4,0.0,0.0,0.0,0.0,0.0,0.071942683897578,0.071942683897578,0.0,0.0,0.0,0.0,0.0,0.25,0.25,0.0,0.0,0.0,0.0,0.0,0.02,0.01,0.0,0.0,0.0,0.0,0.0,0.023809523809523808,0.023809523809523808,0.0,0.0,0.0,0.0,0.0,0.005952380952380952,0.005952380952380952,42.0
PLAIN-1897,2,0.0,0.0,0.0,0.0,0.0,0.0,0.09591939076437811,0.0,0.0,0.0,0.0,0.0,0.0,0.5,0.0,0.0,0.0,0.0,0.0,0.0,0.01,0.0,0.0,0.0,0.0,0.0,0.0,0.012048192771084338,0.0,0.0,0.0,0.0,0.0,0.0,0.006024096385542169,83.0
PLAIN-1909,463,0.0,0.5307212739772434,0.6608397947263839,0.5766692999492191,0.5465841403521777,0.5049697077587626,0.36451390652218174,0.0,0.004319654427645789,0.008639308855291577,0.012958963282937365,0.023758099352051837,0.05399568034557235,0.06911447084233262,0.0,0.6666666666666666,0.8,0.6,0.55,0.5,0.32,0.0,0.5,0.5,0.5,0.5,0.5,0.5,0.0,0.0025197984161267097,0.005867530597552196,0.009287257019438446,0.015301775857931365,0.02984856435460583,0.035655100481066355,2.0
PLAIN-1919,27,1.0,1.0,1.0,0.7967610662472993,0.6262722541573168,0.5842933765731618,0.6426890013379858,0.037037037037037035,0.1111111111111111,0.18518518518518517,0.25925925925925924,0.37037037037037035,0.48148148148148145,0.5925925925925926,1.0,1.0,1.0,0.7,0.5,0.26,0.16,1.0,1.0,1.0,1.0,1.0,1.0,1.0,0.037037037037037035,0.1111111111111111,0.18518518518518517,0.25462962962962965,0.331129926718162,0.37114315423138955,0.39736902596239826,1.0
PLAIN-1929,10,0.0,0.2960819109658652,0.21398626473452756,0.13886244387355456,0.13886244387355456,0.13886244387355456,0.2101655390622649,0.0,0.1,0.1,0.1,0.1,0.1,0.3,0.0,0.3333333333333333,0.2,0.1,0.05,0.02,0.03,0.0,0.5,0.5,0.5,0.5,0.5,0.5,0.0,0.05,0.05,0.05,0.05,0.05,0.05685011709601874,2.0
PLAIN-1940,12,1.0,0.46927872602275644,0.3391602052736161,0.2200917662980802,0.24544741974911166,0.24544741974911166,0.24544741974911166,0.08333333333333333,0.08333333333333333,0.08333333333333333,0.08333333333333333,0.16666666666666666,0.16666666666666666,0.16666666666666666,1.0,0.3333333333333333,0.2,0.1,0.1,0.04,0.02,1.0,1.0,1.0,1.0,1.0,1.0,1.0,0.08333333333333333,0.08333333333333333,0.08333333333333333,0.08333333333333333,0.09444444444444444,0.09444444444444444,0.09444444444444444,1.0
PLAIN-1950,13,1.0,0.46927872602275644,0.3391602052736161,0.2837125544970319,0.2407041938622211,0.2407041938622211,0.2407041938622211,0.07692307692307693,0.07692307692307693,0.07692307692307693,0.15384615384615385,0.15384615384615385,0.15384615384615385,0.15384615384615385,1.0,0.3333333333333333,0.2,0.2,0.1,0.04,0.02,1.0,1.0,1.0,1.0,1.0,1.0,1.0,0.07692307692307693,0.07692307692307693,0.07692307692307693,0.0923076923076923,0.0923076923076923,0.0923076923076923,0.0923076923076923,1.0
PLAIN-1962,13,0.0,0.0,0.0,0.0,0.0,0.0388421008959801,0.0388421008959801,0.0,0.0,0.0,0.0,0.0,0.07692307692307693,0.07692307692307693,0.0,0.0,0.0,0.0,0.0,0.02,0.01,0.0,0.0,0.0,0.0,0.0,0.037037037037037035,0.037037037037037035,0.0,0.0,0.0,0.0,0.0,0.0028490028490028487,0.0028490028490028487,27.0
PLAIN-1972,11,0.0,0.0,0.0,0.0,0.0,0.0,0.03156252454798551,0.0,0.0,0.0,0.0,0.0,0.0,0.09090909090909091,0.0,0.0,0.0,0.0,0.0,0.0,0.01,0.0,0.0,0.0,0.0,0.0,0.0,0.010638297872340425,0.0,0.0,0.0,0.0,0.0,0.0,0.0009671179883945841,94.0
PLAIN-1983,32,1.0,0.46927872602275644,0.3391602052736161,0.29345568839744024,0.22344969176752555,0.25360940276613686,0.28810982799662216,0.03125,0.03125,0.03125,0.0625,0.09375,0.21875,0.28125,1.0,0.3333333333333333,0.2,0.2,0.15,0.14,0.09,1.0,1.0,1.0,1.0,1.0,1.0,1.0,0.03125,0.03125,0.03125,0.040178571428571425,0.04569327731092437,0.07250907926259588,0.08055342018737159,1.0
PLAIN-1995,11,0.0,0.0,0.0,0.0,0.050731037068274566,0.050731037068274566,0.050731037068274566,0.0,0.0,0.0,0.0,0.09090909090909091,0.09090909090909091,0.09090909090909091,0.0,0.0,0.0,0.0,0.05,0.02,0.01,0.0,0.0,0.0,0.0,0.0625,0.0625,0.0625,0.0,0.0,0.0,0.0,0.005681818181818182,0.005681818181818182,0.005681818181818182,16.0
PLAIN-2009,8,0.0,0.0,0.14606834984270645,0.1089364926177559,0.1089364926177559,0.1089364926177559,0.1089364926177559,0.0,0.0,0.125,0.125,0.125,0.125,0.125,0.0,0.0,0.2,0.1,0.05,0.02,0.01,0.0,0.0,0.25,0.25,0.25,0.25,0.25,0.0,0.0,0.03125,0.03125,0.03125,0.03125,0.03125,4.0
PLAIN-2019,3,0.0,0.0,0.0,0.0,0.0,0.0,0.0,0.0,0.0,0.0,0.0,0.0,0.0,0.0,0.0,0.0,0.0,0.0,0.0,0.0,0.0,0.0,0.0,0.0,0.0,0.0,0.0,0.0,0.0,0.0,0.0,0.0,0.0,0.0,0.0,
PLAIN-2030,6,0.0,0.0,0.0,0.0,0.0,0.0,0.0,0.0,0.0,0.0,0.0,0.0,0.0,0.0,0.0,0.0,0.0,0.0,0.0,0.0,0.0,0.0,0.0,0.0,0.0,0.0,0.0,0.0,0.0,0.0,0.0,0.0,0.0,0.0,0.0,
PLAIN-2040,132,1.0,0.7653606369886217,0.5531464700081437,0.4323181322709948,0.34593194953844597,0.2979596580482299,0.19892302517174498,0.007575757575757576,0.015151515151515152,0.015151515151515152,0.022727272727272728,0.03787878787878788,0.09090909090909091,0.10606060606060606,1.0,0.6666666666666666,0.4,0.3,0.25,0.24,0.14,1.0,1.0,1.0,1.0,1.0,1.0,1.0,0.007575757575757576,0.015151515151515152,0.015151515151515152,0.018398268398268396,0.022174420007237343,0.03746389923030353,0.04026635992750107,1.0
PLAIN-2051,355,1.0,0.7653606369886217,0.6843515475204855,0.5224955967919311,0.4476431591142998,0.33249003091668744,0.258815343743059,0.0028169014084507044,0.005633802816901409,0.008450704225352112,0.011267605633802818,0.01971830985915493,0.036619718309859155,0.056338028169014086,1.0,0.6666666666666666,0.6,0.4,0.35,0.26,0.2,1.0,1.0,1.0,1.0,1.0,1.0,1.0,0.0028169014084507044,0.005633802816901409,0.007323943661971831,0.0092018779342723,0.01290808956301914,0.01752373095249393,0.022127148300312798,1.0
PLAIN-2061,410,1.0,0.46927872602275644,0.6164336326286644,0.7510916729774055,0.734207641556649,0.6591946580338337,0.5471071157919122,0.0024390243902439024,0.0024390243902439024,0.007317073170731708,0.01951219512195122,0.036585365853658534,0.07804878048780488,0.12195121951219512,1.0,0.3333333333333333,0.6,0.8,0.75,0.64,0.5,1.0,1.0,1.0,1.0,1.0,1.0,1.0,0.0024390243902439024,0.0024390243902439024,0.005121951219512195,0.014167634533488191,0.027629065708050828,0.056435595983895095,0.08313273155490451,1.0
PLAIN-2071,45,1.0,0.7039180890341347,0.5087403079104241,0.3301376494471203,0.2459250300180629,0.19160824028883333,0.24537334462560123,0.022222222222222223,0.044444444444444446,0.044444444444444446,0.044444444444444446,0.06666666666666667,0.13333333333333333,0.2222222222222222,1.0,0.6666666666666666,0.4,0.2,0.15,0.12,0.1,1.0,1.0,1.0,1.0,1.0,1.0,1.0,0.022222222222222223,0.037037037037037035,0.037037037037037035,0.037037037037037035,0.04054580896686159,0.04921952089138714,0.05952497565849121,1.0
PLAIN-2081,1,0.0,0.0,0.0,0.0,0.0,0.21533827903669653,0.21533827903669653,0.0,0.0,0.0,0.0,0.0,1.0,1.0,0.0,0.0,0.0,0.0,0.0,0.02,0.01,0.0,0.0,0.0,0.0,0.0,0.041666666666666664,0.041666666666666664,0.0,0.0,0.0,0.0,0.0,0.041666666666666664,0.041666666666666664,24.0
PLAIN-2092,10,1.0,1.0,0.8687949224876582,0.6421867266689011,0.6421867266689011,0.687491919611983,0.687491919611983,0.1,0.3,0.4,0.5,0.5,0.6,0.6,1.0,1.0,0.8,0.5,0.25,0.12,0.06,1.0,1.0,1.0,1.0,1.0,1.0,1.0,0.1,0.3,0.4,0.4833333333333333,0.4833333333333333,0.5047619047619047,0.5047619047619047,1.0
PLAIN-2102,421,1.0,1.0,0.8687949224876582,0.8486026589039901,0.7995355480201414,0.5896685344926078,0.48005813866297603,0.0023752969121140144,0.007125890736342043,0.009501187648456057,0.019002375296912115,0.035629453681710214,0.05938242280285035,0.09501187648456057,1.0,1.0,0.8,0.8,0.75,0.5,0.4,1.0,1.0,1.0,1.0,1.0,1.0,1.0,0.0023752969121140144,0.007125890736342043,0.009501187648456057,0.017495192851487387,0.030980752138084305,0.045725564467830646,0.06248159934217831,1.0
PLAIN-2113,1,0.0,0.0,0.0,0.0,0.0,0.0,0.0,0.0,0.0,0.0,0.0,0.0,0.0,0.0,0.0,0.0,0.0,0.0,0.0,0.0,0.0,0.0,0.0,0.0,0.0,0.0,0.0,0.0,0.0,0.0,0.0,0.0,0.0,0.0,0.0,
PLAIN-2124,17,1.0,1.0,0.8539316501572937,0.5541432109622959,0.4326401789470555,0.496888085954793,0.5230545831985052,0.058823529411764705,0.17647058823529413,0.23529411764705882,0.23529411764705882,0.29411764705882354,0.4117647058823529,0.47058823529411764,1.0,1.0,0.8,0.4,0.25,0.14,0.08,1.0,1.0,1.0,1.0,1.0,1.0,1.0,0.058823529411764705,0.17647058823529413,0.22352941176470587,0.22352941176470587,0.23823529411764705,0.2644636678200692,0.2718166089965398,1.0
PLAIN-2134,12,0.0,0.0,0.0,0.0,0.0,0.0,0.0,0.0,0.0,0.0,0.0,0.0,0.0,0.0,0.0,0.0,0.0,0.0,0.0,0.0,0.0,0.0,0.0,0.0,0.0,0.0,0.0,0.0,0.0,0.0,0.0,0.0,0.0,0.0,0.0,
PLAIN-2145,9,0.0,0.0,0.0,0.0,0.0,0.0,0.0,0.0,0.0,0.0,0.0,0.0,0.0,0.0,0.0,0.0,0.0,0.0,0.0,0.0,0.0,0.0,0.0,0.0,0.0,0.0,0.0,0.0,0.0,0.0,0.0,0.0,0.0,0.0,0.0,
PLAIN-2156,6,1.0,1.0,0.7227265726449519,0.644824486427155,0.644824486427155,0.644824486427155,0.644824486427155,0.16666666666666666,0.5,0.5,0.5,0.5,0.5,0.5,1.0,1.0,0.6,0.3,0.15,0.06,0.03,1.0,1.0,1.0,1.0,1.0,1.0,1.0,0.16666666666666666,0.5,0.5,0.5,0.5,0.5,0.5,1.0
PLAIN-2167,1,0.0,0.0,0.0,0.0,0.0,0.0,0.0,0.0,0.0,0.0,0.0,0.0,0.0,0.0,0.0,0.0,0.0,0.0,0.0,0.0,0.0,0.0,0.0,0.0,0.0,0.0,0.0,0.0,0.0,0.0,0.0,0.0,0.0,0.0,0.0,
PLAIN-2177,24,1.0,0.46927872602275644,0.48522855511632257,0.38113435412202007,0.3134721311674167,0.30660268750439207,0.30660268750439207,0.041666666666666664,0.041666666666666664,0.08333333333333333,0.125,0.20833333333333334,0.25,0.25,1.0,0.3333333333333333,0.4,0.3,0.25,0.12,0.06,1.0,1.0,1.0,1.0,1.0,1.0,1.0,0.041666666666666664,0.041666666666666664,0.0625,0.07638888888888888,0.0977668845315904,0.10913052089522675,0.10913052089522675,1.0
PLAIN-2187,9,0.0,0.0,0.0,0.0,0.0,0.0,0.0,0.0,0.0,0.0,0.0,0.0,0.0,0.0,0.0,0.0,0.0,0.0,0.0,0.0,0.0,0.0,0.0,0.0,0.0,0.0,0.0,0.0,0.0,0.0,0.0,0.0,0.0,0.0,0.0,
PLAIN-2197,58,0.0,0.0,0.27727342735504823,0.2583297509898471,0.2030738744131736,0.1560102487665812,0.16362903315652114,0.0,0.0,0.034482758620689655,0.05172413793103448,0.06896551724137931,0.1206896551724138,0.15517241379310345,0.0,0.0,0.4,0.3,0.2,0.14,0.09,0.0,0.0,0.25,0.25,0.25,0.25,0.25,0.0,0.0,0.011206896551724138,0.01982758620689655,0.024753694581280784,0.03359866234130321,0.03772398441794374,4.0
PLAIN-2209,2,0.0,0.0,0.0,0.0,0.0,0.0,0.0,0.0,0.0,0.0,0.0,0.0,0.0,0.0,0.0,0.0,0.0,0.0,0.0,0.0,0.0,0.0,0.0,0.0,0.0,0.0,0.0,0.0,0.0,0.0,0.0,0.0,0.0,0.0,0.0,
PLAIN-2220,9,1.0,0.46927872602275644,0.3391602052736161,0.2350455494144854,0.2350455494144854,0.3343484598352875,0.3343484598352875,0.1111111111111111,0.1111111111111111,0.1111111111111111,0.1111111111111111,0.1111111111111111,0.3333333333333333,0.3333333333333333,1.0,0.3333333333333333,0.2,0.1,0.05,0.06,0.03,1.0,1.0,1.0,1.0,1.0,1.0,1.0,0.1111111111111111,0.1111111111111111,0.1111111111111111,0.1111111111111111,0.1111111111111111,0.13210978835978837,0.13210978835978837,1.0
PLAIN-2230,7,0.0,0.0,0.0,0.0,0.0,0.0,0.0,0.0,0.0,0.0,0.0,0.0,0.0,0.0,0.0,0.0,0.0,0.0,0.0,0.0,0.0,0.0,0.0,0.0,0.0,0.0,0.0,0.0,0.0,0.0,0.0,0.0,0.0,0.0,0.0,
PLAIN-2240,11,1.0,0.7039180890341347,0.6548086577531307,0.4249260138166711,0.400347463718836,0.400347463718836,0.43503903439455704,0.09090909090909091,0.18181818181818182,0.2727272727272727,0.2727272727272727,0.2727272727272727,0.2727272727272727,0.36363636363636365,1.0,0.6666666666666666,0.6,0.3,0.15,0.06,0.04,1.0,1.0,1.0,1.0,1.0,1.0,1.0,0.09090909090909091,0.1515151515151515,0.2196969696969697,0.2196969696969697,0.2196969696969697,0.2196969696969697,0.22556207233626588,1.0
PLAIN-2250,2,0.0,0.0,0.0,0.0,0.0,0.0,0.0,0.0,0.0,0.0,0.0,0.0,0.0,0.0,0.0,0.0,0.0,0.0,0.0,0.0,0.0,0.0,0.0,0.0,0.0,0.0,0.0,0.0,0.0,0.0,0.0,0.0,0.0,0.0,0.0,
PLAIN-2261,60,1.0,0.46927872602275644,0.6164336326286644,0.46945447024602927,0.30297058668534677,0.19634402149761618,0.22636461141203665,0.016666666666666666,0.016666666666666666,0.05,0.06666666666666667,0.06666666666666667,0.1,0.18333333333333332,1.0,0.3333333333333333,0.6,0.4,0.2,0.12,0.11,1.0,1.0,1.0,1.0,1.0,1.0,1.0,0.016666666666666666,0.016666666666666666,0.035,0.043333333333333335,0.043333333333333335,0.04916666666666667,0.05778097984009241,1.0
PLAIN-2271,10,0.0,0.0,0.0,0.0,0.0,0.0,0.0,0.0,0.0,0.0,0.0,0.0,0.0,0.0,0.0,0.0,0.0,0.0,0.0,0.0,0.0,0.0,0.0,0.0,0.0,0.0,0.0,0.0,0.0,0.0,0.0,0.0,0.0,0.0,0.0,
PLAIN-2281,1,0.0,0.0,0.0,0.0,0.0,0.0,0.0,0.0,0.0,0.0,0.0,0.0,0.0,0.0,0.0,0.0,0.0,0.0,0.0,0.0,0.0,0.0,0.0,0.0,0.0,0.0,0.0,0.0,0.0,0.0,0.0,0.0,0.0,0.0,0.0,
PLAIN-2291,5,0.0,0.0,0.0,0.0,0.0,0.0,0.0,0.0,0.0,0.0,0.0,0.0,0.0,0.0,0.0,0.0,0.0,0.0,0.0,0.0,0.0,0.0,0.0,0.0,0.0,0.0,0.0,0.0,0.0,0.0,0.0,0.0,0.0,0.0,0.0,
PLAIN-2301,13,0.0,0.0,0.0,0.06625422345438904,0.05621065826582241,0.12888517150654946,0.15966740352830722,0.0,0.0,0.0,0.07692307692307693,0.07692307692307693,0.23076923076923078,0.3076923076923077,0.0,0.0,0.0,0.1,0.05,0.06,0.04,0.0,0.0,0.0,0.1111111111111111,0.1111111111111111,0.1111111111111111,0.1111111111111111,0.0,0.0,0.0,0.008547008547008546,0.008547008547008546,0.019582662197263217,0.02424466685926788,9.0
PLAIN-2311,2,0.0,0.0,0.0,0.0,0.0,0.0,0.0,0.0,0.0,0.0,0.0,0.0,0.0,0.0,0.0,0.0,0.0,0.0,0.0,0.0,0.0,0.0,0.0,0.0,0.0,0.0,0.0,0.0,0.0,0.0,0.0,0.0,0.0,0.0,0.0,
PLAIN-2321,5,0.0,0.0,0.0,0.0,0.0,0.0,0.0,0.0,0.0,0.0,0.0,0.0,0.0,0.0,0.0,0.0,0.0,0.0,0.0,0.0,0.0,0.0,0.0,0.0,0.0,0.0,0.0,0.0,0.0,0.0,0.0,0.0,0.0,0.0,0.0,
PLAIN-2332,97,1.0,0.46927872602275644,0.3391602052736161,0.4412851793128929,0.4286700987032414,0.31085380042184624,0.22654095042548755,0.010309278350515464,0.010309278350515464,0.010309278350515464,0.041237113402061855,0.08247422680412371,0.13402061855670103,0.17525773195876287,1.0,0.3333333333333333,0.2,0.4,0.4,0.26,0.17,1.0,1.0,1.0,1.0,1.0,1.0,1.0,0.010309278350515464,0.010309278350515464,0.010309278350515464,0.023318605792832597,0.04146447767581788,0.05893590910249194,0.06694347096246835,1.0
PLAIN-2343,2,0.0,0.0,0.0,0.0,0.0,0.0,0.0,0.0,0.0,0.0,0.0,0.0,0.0,0.0,0.0,0.0,0.0,0.0,0.0,0.0,0.0,0.0,0.0,0.0,0.0,0.0,0.0,0.0,0.0,0.0,0.0,0.0,0.0,0.0,0.0,
PLAIN-2354,5,1.0,0.46927872602275644,0.4703652827859579,0.4703652827859579,0.4703652827859579,0.4703652827859579,0.4703652827859579,0.2,0.2,0.4,0.4,0.4,0.4,0.4,1.0,0.3333333333333333,0.4,0.2,0.1,0.04,0.02,1.0,1.0,1.0,1.0,1.0,1.0,1.0,0.2,0.2,0.27999999999999997,0.27999999999999997,0.27999999999999997,0.27999999999999997,0.27999999999999997,1.0
PLAIN-2364,15,0.0,0.0,0.0,0.0,0.0,0.0,0.0,0.0,0.0,0.0,0.0,0.0,0.0,0.0,0.0,0.0,0.0,0.0,0.0,0.0,0.0,0.0,0.0,0.0,0.0,0.0,0.0,0.0,0.0,0.0,0.0,0.0,0.0,0.0,0.0,
PLAIN-2375,2,0.0,0.0,0.0,0.0,0.0,0.0,0.0,0.0,0.0,0.0,0.0,0.0,0.0,0.0,0.0,0.0,0.0,0.0,0.0,0.0,0.0,0.0,0.0,0.0,0.0,0.0,0.0,0.0,0.0,0.0,0.0,0.0,0.0,0.0,0.0,
PLAIN-2386,19,0.0,0.0,0.0,0.06625422345438904,0.044187252759823124,0.044187252759823124,0.06838519508642918,0.0,0.0,0.0,0.05263157894736842,0.05263157894736842,0.05263157894736842,0.10526315789473684,0.0,0.0,0.0,0.1,0.05,0.02,0.02,0.0,0.0,0.0,0.1111111111111111,0.1111111111111111,0.1111111111111111,0.1111111111111111,0.0,0.0,0.0,0.005847953216374269,0.005847953216374269,0.005847953216374269,0.007442849548112706,9.0
PLAIN-2396,18,0.0,0.0,0.0,0.0,0.0,0.030966150586932164,0.030966150586932164,0.0,0.0,0.0,0.0,0.0,0.05555555555555555,0.05555555555555555,0.0,0.0,0.0,0.0,0.0,0.02,0.01,0.0,0.0,0.0,0.0,0.0,0.034482758620689655,0.034482758620689655,0.0,0.0,0.0,0.0,0.0,0.0019157088122605363,0.0019157088122605363,29.0
PLAIN-2408,5,0.0,0.0,0.0,0.0,0.0,0.0,0.0,0.0,0.0,0.0,0.0,0.0,0.0,0.0,0.0,0.0,0.0,0.0,0.0,0.0,0.0,0.0,0.0,0.0,0.0,0.0,0.0,0.0,0.0,0.0,0.0,0.0,0.0,0.0,0.0,
PLAIN-2430,46,1.0,1.0,0.7227265726449519,0.5008104874201508,0.41006572168774175,0.3034700020400214,0.3471473099814666,0.021739130434782608,0.06521739130434782,0.06521739130434782,0.08695652173913043,0.13043478260869565,0.15217391304347827,0.21739130434782608,1.0,1.0,0.6,0.4,0.3,0.14,0.1,1.0,1.0,1.0,1.0,1.0,1.0,1.0,0.021739130434782608,0.06521739130434782,0.06521739130434782,0.07391304347826087,0.08819875776397515,0.0920031055900621,0.099541391103176,1.0
PLAIN-2440,21,0.0,0.23463936301137822,0.16958010263680806,0.1100458831490401,0.07102001981682865,0.06882774587085458,0.06882774587085458,0.0,0.047619047619047616,0.047619047619047616,0.047619047619047616,0.047619047619047616,0.047619047619047616,0.047619047619047616,0.0,0.3333333333333333,0.2,0.1,0.05,0.02,0.01,0.0,0.3333333333333333,0.3333333333333333,0.3333333333333333,0.3333333333333333,0.3333333333333333,0.3333333333333333,0.0,0.015873015873015872,0.015873015873015872,0.015873015873015872,0.015873015873015872,0.015873015873015872,0.015873015873015872,3.0
PLAIN-2450,38,1.0,0.46927872602275644,0.3391602052736161,0.32133338233433334,0.323490952763585,0.2618887682049459,0.2729319089971046,0.02631578947368421,0.02631578947368421,0.02631578947368421,0.07894736842105263,0.13157894736842105,0.15789473684210525,0.18421052631578946,1.0,0.3333333333333333,0.2,0.3,0.25,0.12,0.07,1.0,1.0,1.0,1.0,1.0,1.0,1.0,0.02631578947368421,0.02631578947368421,0.02631578947368421,0.04078947368421053,0.05662657775660871,0.06320552512502976,0.06674803524648726,1.0
PLAIN-2460,31,0.0,0.0,0.13120507751234178,0.1922542355453186,0.21449862566143318,0.2362356761633776,0.3167273257860512,0.0,0.0,0.03225806451612903,0.06451612903225806,0.12903225806451613,0.22580645161290322,0.3870967741935484,0.0,0.0,0.2,0.2,0.2,0.14,0.12,0.0,0.0,0.2,0.2,0.2,0.2,0.2,0.0,0.0,0.0064516129032258064,0.01566820276497696,0.02783571832807826,0.04338522258725994,0.06665101743894535,5.0
PLAIN-2470,73,1.0,0.46927872602275644,0.4777969189511402,0.37607079874283705,0.3577520149418941,0.299349853775118,0.27367207523642434,0.0136986301369863,0.0136986301369863,0.0410958904109589,0.0410958904109589,0.0684931506849315,0.136986301369863,0.1780821917808219,1.0,0.3333333333333333,0.6,0.3,0.25,0.2,0.13,1.0,1.0,1.0,1.0,1.0,1.0,1.0,0.0136986301369863,0.0136986301369863,0.028767123287671233,0.028767123287671233,0.03724722765818656,0.053077457931949436,0.06012384101293959,1.0
PLAIN-2480,18,1.0,0.46927872602275644,0.4777969189511402,0.3202446147056888,0.26002248241514475,0.3190867587106814,0.39738327688776554,0.05555555555555555,0.05555555555555555,0.16666666666666666,0.16666666666666666,0.16666666666666666,0.2777777777777778,0.4444444444444444,1.0,0.3333333333333333,0.6,0.3,0.15,0.1,0.08,1.0,1.0,1.0,1.0,1.0,1.0,1.0,0.05555555555555555,0.05555555555555555,0.11666666666666667,0.11666666666666667,0.11666666666666667,0.13590704647676163,0.15499077812958725,1.0
PLAIN-2490,23,0.0,0.0,0.13120507751234178,0.10327064981393906,0.07745787583121994,0.11010486766859386,0.15710613908508475,0.0,0.0,0.043478260869565216,0.043478260869565216,0.043478260869565216,0.13043478260869565,0.21739130434782608,0.0,0.0,0.2,0.1,0.05,0.06,0.05,0.0,0.0,0.2,0.2,0.2,0.2,0.2,0.0,0.0,0.008695652173913044,0.008695652173913044,0.008695652173913044,0.015374921235034656,0.02138444929506766,5.0
PLAIN-2500,7,0.0,0.0,0.0,0.0,0.08935739912711879,0.08935739912711879,0.08935739912711879,0.0,0.0,0.0,0.0,0.14285714285714285,0.14285714285714285,0.14285714285714285,0.0,0.0,0.0,0.0,0.05,0.02,0.01,0.0,0.0,0.0,0.0,0.05555555555555555,0.05555555555555555,0.05555555555555555,0.0,0.0,0.0,0.0,0.007936507936507936,0.007936507936507936,0.007936507936507936,18.0
PLAIN-2510,46,1.0,1.0,0.7227265726449519,0.7188269019525751,0.6383140214661924,0.509358103094299,0.5978548487967328,0.021739130434782608,0.06521739130434782,0.06521739130434782,0.15217391304347827,0.2608695652173913,0.32608695652173914,0.5,1.0,1.0,0.6,0.7,0.6,0.3,0.23,1.0,1.0,1.0,1.0,1.0,1.0,1.0,0.021739130434782608,0.06521739130434782,0.06521739130434782,0.12494824016563147,0.20825732238775718,0.22976723069890773,0.27678472693616096,1.0
PLAIN-2520,73,0.0,0.0,0.0,0.03668196104968003,0.06356114000909928,0.11698429727452743,0.11181053322079702,0.0,0.0,0.0,0.0136986301369863,0.0273972602739726,0.0958904109589041,0.1232876712328767,0.0,0.0,0.0,0.1,0.1,0.14,0.09,0.0,0.0,0.0,0.14285714285714285,0.14285714285714285,0.14285714285714285,0.14285714285714285,0.0,0.0,0.0,0.0019569471624266144,0.0034790171776473144,0.012708719575522257,0.016492530813042573,7.0
PLAIN-2530,72,1.0,1.0,1.0,0.9652843890316114,0.7787806912898719,0.575830014545656,0.5107301703880359,0.013888888888888888,0.041666666666666664,0.06944444444444445,0.1388888888888889,0.18055555555555555,0.2361111111111111,0.2777777777777778,1.0,1.0,1.0,1.0,0.65,0.34,0.2,1.0,1.0,1.0,1.0,1.0,1.0,1.0,0.013888888888888888,0.041666666666666664,0.06944444444444445,0.1388888888888889,0.1746260683760684,0.19724892817977926,0.2100807018811182,1.0
PLAIN-2540,21,0.0,0.0,0.0,0.10156729484394386,0.23454274425345203,0.24640189156956355,0.28709597022736244,0.0,0.0,0.0,0.09523809523809523,0.2857142857142857,0.3333333333333333,0.42857142857142855,0.0,0.0,0.0,0.2,0.3,0.14,0.09,0.0,0.0,0.0,0.125,0.125,0.125,0.125,0.0,0.0,0.0,0.015476190476190477,0.06995798319327731,0.0787299130178387,0.08820139391789104,8.0
PLAIN-2550,25,0.0,0.0,0.0,0.0,0.0,0.0,0.014363925032256128,0.0,0.0,0.0,0.0,0.0,0.0,0.04,0.0,0.0,0.0,0.0,0.0,0.0,0.01,0.0,0.0,0.0,0.0,0.0,0.0,0.014925373134328358,0.0,0.0,0.0,0.0,0.0,0.0,0.0005970149253731343,67.0
PLAIN-2560,21,1.0,1.0,1.0,0.9337457765456111,0.7608285828055285,0.7931263984704834,0.8348259324638486,0.047619047619047616,0.14285714285714285,0.23809523809523808,0.42857142857142855,0.47619047619047616,0.6190476190476191,0.7142857142857143,1.0,1.0,1.0,0.9,0.5,0.26,0.15,1.0,1.0,1.0,1.0,1.0,1.0,1.0,0.047619047619047616,0.14285714285714285,0.23809523809523808,0.4238095238095238,0.4634920634920635,0.5065476190476191,0.5284476071130207,1.0
PLAIN-2570,40,0.5,0.23463936301137822,0.30078518014914984,0.2928664061136052,0.2717435857707702,0.23444576538261827,0.29032146892034016,0.025,0.025,0.05,0.1,0.15,0.2,0.3,1.0,0.3333333333333333,0.4,0.4,0.3,0.16,0.12,1.0,1.0,1.0,1.0,1.0,1.0,1.0,0.025,0.025,0.034999999999999996,0.055714285714285716,0.07446428571428572,0.08300595238095237,0.09819964104238633,1.0
PLAIN-2580,23,0.5,0.23463936301137822,0.1968740777898919,0.14982420171299152,0.1090370075126536,0.10168170372128928,0.1353266652222715,0.043478260869565216,0.043478260869565216,0.043478260869565216,0.043478260869565216,0.043478260869565216,0.043478260869565216,0.08695652173913043,1.0,0.3333333333333333,0.2,0.1,0.05,0.02,0.02,1.0,1.0,1.0,1.0,1.0,1.0,1.0,0.043478260869565216,0.043478260869565216,0.043478260869565216,0.043478260869565216,0.043478260869565216,0.043478260869565216,0.04481605351170568,1.0
PLAIN-2590,63,0.5,0.5307212739772434,0.38356636737133565,0.2899418868073582,0.2711734997810766,0.20337489975724854,0.19584883183827462,0.015873015873015872,0.031746031746031744,0.031746031746031744,0.047619047619047616,0.06349206349206349,0.07936507936507936,0.1111111111111111,1.0,0.6666666666666666,0.4,0.3,0.2,0.1,0.07,1.0,1.0,1.0,1.0,1.0,1.0,1.0,0.015873015873015872,0.031746031746031744,0.031746031746031744,0.0365079365079365,0.041043083900226755,0.04421768707482993,0.046457921229957705,1.0
PLAIN-2600,10,1.0,0.7039180890341347,0.684874918828331,0.5311214122939961,0.5691554522797447,0.5691554522797447,0.5691554522797447,0.1,0.2,0.3,0.3,0.4,0.4,0.4,1.0,0.6666666666666666,0.6,0.3,0.2,0.08,0.04,1.0,1.0,1.0,1.0,1.0,1.0,1.0,0.1,0.16666666666666666,0.22666666666666666,0.22666666666666666,0.26,0.26,0.26,1.0
PLAIN-2610,61,0.0,0.2960819109658652,0.36005461457723403,0.268366419211494,0.21052432399891852,0.15091220866337673,0.19391136027130323,0.0,0.01639344262295082,0.03278688524590164,0.04918032786885246,0.04918032786885246,0.06557377049180328,0.13114754098360656,0.0,0.3333333333333333,0.4,0.3,0.15,0.08,0.08,0.0,0.5,0.5,0.5,0.5,0.5,0.5,0.0,0.00819672131147541,0.01639344262295082,0.022540983606557378,0.022540983606557378,0.024414519906323186,0.029774885719791234,2.0
PLAIN-2620,55,0.0,0.0,0.0,0.03668196104968003,0.024062408525252595,0.06999116364614669,0.11560405403043668,0.0,0.0,0.0,0.01818181818181818,0.01818181818181818,0.07272727272727272,0.14545454545454545,0.0,0.0,0.0,0.1,0.05,0.08,0.08,0.0,0.0,0.0,0.14285714285714285,0.14285714285714285,0.14285714285714285,0.14285714285714285,0.0,0.0,0.0,0.0025974025974025974,0.0025974025974025974,0.008783549783549784,0.016119454919548058,7.0
PLAIN-2630,48,1.0,0.7039180890341347,0.6548086577531307,0.49118023727106014,0.3889510455476848,0.31263472920959895,0.3363313194160628,0.020833333333333332,0.041666666666666664,0.0625,0.08333333333333333,0.125,0.16666666666666666,0.20833333333333334,1.0,0.6666666666666666,0.6,0.4,0.3,0.16,0.1,1.0,1.0,1.0,1.0,1.0,1.0,1.0,0.020833333333333332,0.03472222222222222,0.05034722222222222,0.059606481481481476,0.07532617845117844,0.08196869052847312,0.08692435041371045,1.0
PLAIN-2640,48,0.5,0.617319681505689,0.584790051318404,0.43244408035175574,0.4048613420731544,0.3651026298937056,0.3843672839374408,0.020833333333333332,0.0625,0.10416666666666667,0.125,0.16666666666666666,0.2916666666666667,0.3333333333333333,1.0,1.0,1.0,0.6,0.4,0.28,0.16,1.0,1.0,1.0,1.0,1.0,1.0,1.0,0.020833333333333332,0.0625,0.10416666666666667,0.125,0.14548611111111112,0.18843171953343177,0.19745882112382449,1.0
PLAIN-2650,29,1.0,0.7653606369886217,0.830419897363192,0.6051399156371956,0.46354923179992363,0.455442150161215,0.5282207196358969,0.034482758620689655,0.06896551724137931,0.13793103448275862,0.1724137931034483,0.1724137931034483,0.2413793103448276,0.3448275862068966,1.0,0.6666666666666666,0.8,0.5,0.25,0.14,0.1,1.0,1.0,1.0,1.0,1.0,1.0,1.0,0.034482758620689655,0.06896551724137931,0.12241379310344827,0.14157088122605363,0.14157088122605363,0.15457351612123063,0.16954270008128683,1.0
PLAIN-2660,27,0.0,0.0,0.0,0.07839826897867534,0.08898032113999994,0.13169194352184932,0.16190043502345428,0.0,0.0,0.0,0.037037037037037035,0.07407407407407407,0.14814814814814814,0.2222222222222222,0.0,0.0,0.0,0.1,0.1,0.08,0.06,0.0,0.0,0.0,0.16666666666666666,0.16666666666666666,0.16666666666666666,0.16666666666666666,0.0,0.0,0.0,0.006172839506172839,0.012345679012345678,0.020548272321321965,0.02563475415198984,6.0
PLAIN-2670,35,0.0,0.2960819109658652,0.24842742676916893,0.2835856399974543,0.23364332871854648,0.1745553947507557,0.18736878026939272,0.0,0.02857142857142857,0.02857142857142857,0.05714285714285714,0.08571428571428572,0.08571428571428572,0.11428571428571428,0.0,0.3333333333333333,0.2,0.2,0.15,0.06,0.04,0.0,0.5,0.5,0.5,0.5,0.5,0.5,0.0,0.014285714285714285,0.014285714285714285,0.02142857142857143,0.027142857142857142,0.027142857142857142,0.02855379188712522,2.0
PLAIN-2680,14,0.0,0.0,0.0,0.0,0.0,0.020669418740838413,0.060019975525663086,0.0,0.0,0.0,0.0,0.0,0.07142857142857142,0.14285714285714285,0.0,0.0,0.0,0.0,0.0,0.02,0.02,0.0,0.0,0.0,0.0,0.0,0.023809523809523808,0.023809523809523808,0.0,0.0,0.0,0.0,0.0,0.0017006802721088435,0.004501800720288115,42.0
PLAIN-2690,43,0.5,0.23463936301137822,0.37381935507050307,0.2425831829754365,0.21260454041070448,0.20437393827179876,0.25167857169842967,0.023255813953488372,0.023255813953488372,0.06976744186046512,0.06976744186046512,0.11627906976744186,0.20930232558139536,0.27906976744186046,1.0,0.3333333333333333,0.6,0.3,0.25,0.18,0.12,1.0,1.0,1.0,1.0,1.0,1.0,1.0,0.023255813953488372,0.023255813953488372,0.04883720930232558,0.04883720930232558,0.06149870801033592,0.08744706789701734,0.09917757590430389,1.0
PLAIN-2700,10,0.0,0.23463936301137822,0.3491966571193543,0.2657440277616815,0.3004100838421208,0.3291701458289513,0.37727692470874047,0.0,0.1,0.2,0.2,0.3,0.4,0.5,0.0,0.3333333333333333,0.4,0.2,0.15,0.08,0.05,0.0,0.3333333333333333,0.3333333333333333,0.3333333333333333,0.3333333333333333,0.3333333333333333,0.3333333333333333,0.0,0.03333333333333333,0.07333333333333333,0.07333333333333333,0.08912280701754387,0.10023391812865498,0.10699067488541174,3.0
PLAIN-2710,21,1.0,1.0,0.7227265726449519,0.6133451041091097,0.4600378616902785,0.4499369178897634,0.46565654348400237,0.047619047619047616,0.14285714285714285,0.14285714285714285,0.19047619047619047,0.19047619047619047,0.19047619047619047,0.23809523809523808,1.0,1.0,0.6,0.4,0.2,0.08,0.05,1.0,1.0,1.0,1.0,1.0,1.0,1.0,0.047619047619047616,0.14285714285714285,0.14285714285714285,0.17006802721088435,0.17006802721088435,0.17006802721088435,0.17328553042838757,1.0
PLAIN-2720,36,0.0,0.0,0.0,0.0,0.0,0.0468687864900016,0.0972433589616558,0.0,0.0,0.0,0.0,0.0,0.05555555555555555,0.1388888888888889,0.0,0.0,0.0,0.0,0.0,0.04,0.05,0.0,0.0,0.0,0.0,0.0,0.02702702702702703,0.02702702702702703,0.0,0.0,0.0,0.0,0.0,0.001884537598823313,0.006101947320310128,37.0
PLAIN-2730,29,0.0,0.23463936301137822,0.3156484524795145,0.2975182635936013,0.22995099173879857,0.23000883230691202,0.23000883230691202,0.0,0.034482758620689655,0.06896551724137931,0.10344827586206896,0.10344827586206896,0.13793103448275862,0.13793103448275862,0.0,0.3333333333333333,0.4,0.3,0.15,0.08,0.04,0.0,0.3333333333333333,0.3333333333333333,0.3333333333333333,0.3333333333333333,0.3333333333333333,0.3333333333333333,0.0,0.011494252873563218,0.028735632183908042,0.04351395730706075,0.04351395730706075,0.049783549783549784,0.049783549783549784,3.0
PLAIN-2740,50,1.0,0.46927872602275644,0.5508310938724935,0.5528283835113713,0.4146474565924348,0.2727363033559336,0.2948772777384697,0.02,0.02,0.06,0.1,0.1,0.12,0.14,1.0,0.3333333333333333,0.6,0.5,0.25,0.12,0.07,1.0,1.0,1.0,1.0,1.0,1.0,1.0,0.02,0.02,0.042,0.062,0.062,0.06460869565217392,0.06735379369138961,1.0
PLAIN-2750,59,1.0,0.5865984075284455,0.6356211451908975,0.6236345485788886,0.6203982748280549,0.4173732516707931,0.40990533309273647,0.01694915254237288,0.03389830508474576,0.06779661016949153,0.13559322033898305,0.2033898305084746,0.22033898305084745,0.2542372881355932,1.0,0.6666666666666666,0.8,0.8,0.6,0.26,0.15,1.0,1.0,1.0,1.0,1.0,1.0,1.0,0.01694915254237288,0.028248587570621465,0.054519774011299434,0.10809792843691148,0.15805757331181058,0.16687113263384448,0.17551609166334428,1.0
PLAIN-2760,8,0.0,0.0,0.0,0.0,0.08153802819158157,0.156858611839871,0.156858611839871,0.0,0.0,0.0,0.0,0.125,0.25,0.25,0.0,0.0,0.0,0.0,0.05,0.04,0.02,0.0,0.0,0.0,0.0,0.05,0.05,0.05,0.0,0.0,0.0,0.0,0.00625,0.015865384615384615,0.015865384615384615,20.0
PLAIN-2770,41,0.0,0.2960819109658652,0.34519134224686937,0.23136538561248593,0.2482444076810666,0.2930729709224355,0.4009809255938815,0.0,0.024390243902439025,0.04878048780487805,0.04878048780487805,0.12195121951219512,0.3170731707317073,0.4878048780487805,0.0,0.3333333333333333,0.4,0.2,0.25,0.26,0.2,0.0,0.5,0.5,0.5,0.5,0.5,0.5,0.0,0.012195121951219513,0.021951219512195124,0.021951219512195124,0.04232853867000209,0.09541562033091529,0.14167680363836502,2.0
PLAIN-2780,22,1.0,0.7346393630113782,0.6039775638806372,0.49001466565464435,0.4033120049873743,0.3876115386170952,0.4449232198338139,0.045454545454545456,0.13636363636363635,0.18181818181818182,0.22727272727272727,0.2727272727272727,0.2727272727272727,0.4090909090909091,1.0,1.0,0.8,0.5,0.3,0.12,0.09,1.0,1.0,1.0,1.0,1.0,1.0,1.0,0.045454545454545456,0.13636363636363635,0.18181818181818182,0.20707070707070707,0.22979797979797978,0.22979797979797978,0.2446439354063987,1.0
PLAIN-2790,59,1.0,0.7653606369886217,0.5531464700081437,0.5730379245414765,0.4389584670410009,0.348036274094416,0.36213578586517003,0.01694915254237288,0.03389830508474576,0.03389830508474576,0.0847457627118644,0.0847457627118644,0.15254237288135594,0.22033898305084745,1.0,0.6666666666666666,0.4,0.5,0.25,0.18,0.13,1.0,1.0,1.0,1.0,1.0,1.0,1.0,0.01694915254237288,0.03389830508474576,0.03389830508474576,0.060263653483992465,0.060263653483992465,0.07347923814655456,0.08476592333214163,1.0
PLAIN-2800,24,0.0,0.0,0.0,0.0,0.030415104060563972,0.027755657111227357,0.027755657111227357,0.0,0.0,0.0,0.0,0.041666666666666664,0.041666666666666664,0.041666666666666664,0.0,0.0,0.0,0.0,0.05,0.02,0.01,0.0,0.0,0.0,0.0,0.09090909090909091,0.09090909090909091,0.09090909090909091,0.0,0.0,0.0,0.0,0.003787878787878788,0.003787878787878788,0.003787878787878788,11.0
PLAIN-2810,8,0.0,0.0,0.0,0.0,0.0,0.0,0.0,0.0,0.0,0.0,0.0,0.0,0.0,0.0,0.0,0.0,0.0,0.0,0.0,0.0,0.0,0.0,0.0,0.0,0.0,0.0,0.0,0.0,0.0,0.0,0.0,0.0,0.0,0.0,0.0,
PLAIN-2820,8,0.0,0.0,0.0,0.0,0.0,0.0,0.0,0.0,0.0,0.0,0.0,0.0,0.0,0.0,0.0,0.0,0.0,0.0,0.0,0.0,0.0,0.0,0.0,0.0,0.0,0.0,0.0,0.0,0.0,0.0,0.0,0.0,0.0,0.0,0.0,
PLAIN-2830,3,1.0,0.6387878864795979,0.6387878864795979,0.6387878864795979,0.6387878864795979,0.6387878864795979,0.6387878864795979,0.3333333333333333,0.3333333333333333,0.3333333333333333,0.3333333333333333,0.3333333333333333,0.3333333333333333,0.3333333333333333,1.0,0.3333333333333333,0.2,0.1,0.05,0.02,0.01,1.0,1.0,1.0,1.0,1.0,1.0,1.0,0.3333333333333333,0.3333333333333333,0.3333333333333333,0.3333333333333333,0.3333333333333333,0.3333333333333333,0.3333333333333333,1.0
PLAIN-2840,17,0.0,0.0,0.0,0.0,0.0,0.0,0.0,0.0,0.0,0.0,0.0,0.0,0.0,0.0,0.0,0.0,0.0,0.0,0.0,0.0,0.0,0.0,0.0,0.0,0.0,0.0,0.0,0.0,0.0,0.0,0.0,0.0,0.0,0.0,0.0,
PLAIN-2850,9,0.0,0.0,0.0,0.0,0.0,0.03389547617854501,0.09833319029911387,0.0,0.0,0.0,0.0,0.0,0.1111111111111111,0.2222222222222222,0.0,0.0,0.0,0.0,0.0,0.02,0.02,0.0,0.0,0.0,0.0,0.0,0.020833333333333332,0.020833333333333332,0.0,0.0,0.0,0.0,0.0,0.0023148148148148147,0.006081293157564344,48.0
PLAIN-2860,2,1.0,1.0,1.0,1.0,1.0,1.0,1.0,0.5,1.0,1.0,1.0,1.0,1.0,1.0,1.0,0.6666666666666666,0.4,0.2,0.1,0.04,0.02,1.0,1.0,1.0,1.0,1.0,1.0,1.0,0.5,1.0,1.0,1.0,1.0,1.0,1.0,1.0
PLAIN-2870,5,0.0,0.0,0.0,0.0,0.0,0.0,0.0,0.0,0.0,0.0,0.0,0.0,0.0,0.0,0.0,0.0,0.0,0.0,0.0,0.0,0.0,0.0,0.0,0.0,0.0,0.0,0.0,0.0,0.0,0.0,0.0,0.0,0.0,0.0,0.0,
PLAIN-2880,17,0.0,0.0,0.0,0.0,0.0,0.0,0.0,0.0,0.0,0.0,0.0,0.0,0.0,0.0,0.0,0.0,0.0,0.0,0.0,0.0,0.0,0.0,0.0,0.0,0.0,0.0,0.0,0.0,0.0,0.0,0.0,0.0,0.0,0.0,0.0,
PLAIN-2890,29,0.0,0.0,0.21814917926546643,0.15537907391531902,0.10712989607204136,0.08648356401720105,0.08648356401720105,0.0,0.0,0.034482758620689655,0.034482758620689655,0.034482758620689655,0.034482758620689655,0.034482758620689655,0.0,0.0,0.2,0.1,0.05,0.02,0.01,0.0,0.0,0.25,0.25,0.25,0.25,0.25,0.0,0.0,0.008620689655172414,0.008620689655172414,0.008620689655172414,0.008620689655172414,0.008620689655172414,4.0
PLAIN-2900,12,0.0,0.0,0.0,0.0,0.0,0.1572519615836868,0.1572519615836868,0.0,0.0,0.0,0.0,0.0,0.3333333333333333,0.3333333333333333,0.0,0.0,0.0,0.0,0.0,0.08,0.04,0.0,0.0,0.0,0.0,0.0,0.047619047619047616,0.047619047619047616,0.0,0.0,0.0,0.0,0.0,0.025630167372454122,0.025630167372454122,21.0
PLAIN-2910,15,1.0,0.5316519652587917,0.43673949858938643,0.32391343968871883,0.26694151849573755,0.26694151849573755,0.26694151849573755,0.06666666666666667,0.06666666666666667,0.06666666666666667,0.06666666666666667,0.06666666666666667,0.06666666666666667,0.06666666666666667,1.0,0.3333333333333333,0.2,0.1,0.05,0.02,0.01,1.0,1.0,1.0,1.0,1.0,1.0,1.0,0.06666666666666667,0.06666666666666667,0.06666666666666667,0.06666666666666667,0.06666666666666667,0.06666666666666667,0.06666666666666667,1.0
PLAIN-2920,7,0.0,0.0,0.0,0.0,0.0,0.0,0.0,0.0,0.0,0.0,0.0,0.0,0.0,0.0,0.0,0.0,0.0,0.0,0.0,0.0,0.0,0.0,0.0,0.0,0.0,0.0,0.0,0.0,0.0,0.0,0.0,0.0,0.0,0.0,0.0,
PLAIN-2930,14,1.0,0.6387878864795979,0.5065267082131061,0.36077903708155934,0.3403239400914836,0.3403239400914836,0.3403239400914836,0.07142857142857142,0.07142857142857142,0.07142857142857142,0.07142857142857142,0.14285714285714285,0.14285714285714285,0.14285714285714285,1.0,0.3333333333333333,0.2,0.1,0.1,0.04,0.02,1.0,1.0,1.0,1.0,1.0,1.0,1.0,0.07142857142857142,0.07142857142857142,0.07142857142857142,0.07142857142857142,0.08095238095238096,0.08095238095238096,0.08095238095238096,1.0
PLAIN-2940,22,0.0,0.0,0.0,0.0,0.0,0.0,0.0,0.0,0.0,0.0,0.0,0.0,0.0,0.0,0.0,0.0,0.0,0.0,0.0,0.0,0.0,0.0,0.0,0.0,0.0,0.0,0.0,0.0,0.0,0.0,0.0,0.0,0.0,0.0,0.0,
PLAIN-2950,2,0.0,0.0,0.0,0.0,0.0,0.0774612270866817,0.0774612270866817,0.0,0.0,0.0,0.0,0.0,0.5,0.5,0.0,0.0,0.0,0.0,0.0,0.02,0.01,0.0,0.0,0.0,0.0,0.0,0.034482758620689655,0.034482758620689655,0.0,0.0,0.0,0.0,0.0,0.017241379310344827,0.017241379310344827,29.0
PLAIN-2960,2,0.0,0.0,0.0,0.23981246656813146,0.23981246656813146,0.23981246656813146,0.23981246656813146,0.0,0.0,0.0,0.5,0.5,0.5,0.5,0.0,0.0,0.0,0.1,0.05,0.02,0.01,0.0,0.0,0.0,0.125,0.125,0.125,0.125,0.0,0.0,0.0,0.0625,0.0625,0.0625,0.0625,8.0
PLAIN-2970,9,0.0,0.0,0.0,0.0,0.0880686858237095,0.0880686858237095,0.0880686858237095,0.0,0.0,0.0,0.0,0.1111111111111111,0.1111111111111111,0.1111111111111111,0.0,0.0,0.0,0.0,0.05,0.02,0.01,0.0,0.0,0.0,0.0,0.05263157894736842,0.05263157894736842,0.05263157894736842,0.0,0.0,0.0,0.0,0.005847953216374269,0.005847953216374269,0.005847953216374269,19.0
PLAIN-2981,7,1.0,0.6387878864795979,0.5065267082131061,0.43122038713502525,0.43122038713502525,0.43122038713502525,0.43122038713502525,0.14285714285714285,0.14285714285714285,0.14285714285714285,0.14285714285714285,0.14285714285714285,0.14285714285714285,0.14285714285714285,1.0,0.3333333333333333,0.2,0.1,0.05,0.02,0.01,1.0,1.0,1.0,1.0,1.0,1.0,1.0,0.14285714285714285,0.14285714285714285,0.14285714285714285,0.14285714285714285,0.14285714285714285,0.14285714285714285,0.14285714285714285,1.0
PLAIN-2991,2,0.0,0.0,0.0,0.18457569677956817,0.18457569677956817,0.18457569677956817,0.18457569677956817,0.0,0.0,0.0,0.5,0.5,0.5,0.5,0.0,0.0,0.0,0.1,0.05,0.02,0.01,0.0,0.0,0.0,0.1111111111111111,0.1111111111111111,0.1111111111111111,0.1111111111111111,0.0,0.0,0.0,0.05555555555555555,0.05555555555555555,0.05555555555555555,0.05555555555555555,9.0
PLAIN-3001,2,0.0,0.0,0.0,0.0,0.0,0.0,0.09468382219586766,0.0,0.0,0.0,0.0,0.0,0.0,0.5,0.0,0.0,0.0,0.0,0.0,0.0,0.01,0.0,0.0,0.0,0.0,0.0,0.0,0.011363636363636364,0.0,0.0,0.0,0.0,0.0,0.0,0.005681818181818182,88.0
PLAIN-3014,1,0.0,0.0,0.0,0.0,0.0,0.0,0.0,0.0,0.0,0.0,0.0,0.0,0.0,0.0,0.0,0.0,0.0,0.0,0.0,0.0,0.0,0.0,0.0,0.0,0.0,0.0,0.0,0.0,0.0,0.0,0.0,0.0,0.0,0.0,0.0,
PLAIN-3026,1,0.0,0.0,0.0,0.0,0.0,0.0,0.1729696904450771,0.0,0.0,0.0,0.0,0.0,0.0,1.0,0.0,0.0,0.0,0.0,0.0,0.0,0.01,0.0,0.0,0.0,0.0,0.0,0.0,0.018518518518518517,0.0,0.0,0.0,0.0,0.0,0.0,0.018518518518518517,54.0
PLAIN-3037,4,0.0,0.0,0.0,0.0,0.0,0.16470108508013825,0.22860850703683133,0.0,0.0,0.0,0.0,0.0,0.5,0.75,0.0,0.0,0.0,0.0,0.0,0.04,0.03,0.0,0.0,0.0,0.0,0.0,0.043478260869565216,0.043478260869565216,0.0,0.0,0.0,0.0,0.0,0.02811094452773613,0.039140356292442016,23.0
PLAIN-3053,3,0.0,0.23463936301137822,0.4367467095119258,0.6039071644781281,0.6039071644781281,0.6039071644781281,0.6039071644781281,0.0,0.3333333333333333,0.6666666666666666,1.0,1.0,1.0,1.0,0.0,0.3333333333333333,0.4,0.3,0.15,0.06,0.03,0.0,0.3333333333333333,0.3333333333333333,0.3333333333333333,0.3333333333333333,0.3333333333333333,0.3333333333333333,0.0,0.1111111111111111,0.27777777777777773,0.4444444444444444,0.4444444444444444,0.4444444444444444,0.4444444444444444,3.0
PLAIN-3063,4,0.0,0.2960819109658652,0.24630238874073,0.24630238874073,0.24630238874073,0.31869798777260816,0.31869798777260816,0.0,0.25,0.25,0.25,0.25,0.5,0.5,0.0,0.3333333333333333,0.2,0.1,0.05,0.04,0.02,0.0,0.5,0.5,0.5,0.5,0.5,0.5,0.0,0.125,0.125,0.125,0.125,0.13719512195121952,0.13719512195121952,2.0
PLAIN-3074,1,1.0,1.0,1.0,1.0,1.0,1.0,1.0,1.0,1.0,1.0,1.0,1.0,1.0,1.0,1.0,0.3333333333333333,0.2,0.1,0.05,0.02,0.01,1.0,1.0,1.0,1.0,1.0,1.0,1.0,1.0,1.0,1.0,1.0,1.0,1.0,1.0,1.0
PLAIN-3085,2,0.0,0.0,0.23719771276929622,0.23719771276929622,0.39824053785850433,0.39824053785850433,0.39824053785850433,0.0,0.0,0.5,0.5,1.0,1.0,1.0,0.0,0.0,0.2,0.1,0.1,0.04,0.02,0.0,0.0,0.2,0.2,0.2,0.2,0.2,0.0,0.0,0.1,0.1,0.17692307692307693,0.17692307692307693,0.17692307692307693,5.0
PLAIN-3097,4,0.0,0.0,0.0,0.0,0.0,0.0,0.18523389826109857,0.0,0.0,0.0,0.0,0.0,0.0,0.75,0.0,0.0,0.0,0.0,0.0,0.0,0.03,0.0,0.0,0.0,0.0,0.0,0.0,0.013157894736842105,0.0,0.0,0.0,0.0,0.0,0.0,0.016783791866028706,76.0
PLAIN-3116,1,0.0,0.0,0.0,0.0,0.0,0.0,0.0,0.0,0.0,0.0,0.0,0.0,0.0,0.0,0.0,0.0,0.0,0.0,0.0,0.0,0.0,0.0,0.0,0.0,0.0,0.0,0.0,0.0,0.0,0.0,0.0,0.0,0.0,0.0,0.0,
PLAIN-3131,6,0.0,0.23463936301137822,0.1968740777898919,0.18397246392903513,0.18397246392903513,0.28317690703117204,0.28317690703117204,0.0,0.16666666666666666,0.16666666666666666,0.16666666666666666,0.16666666666666666,0.5,0.5,0.0,0.3333333333333333,0.2,0.1,0.05,0.06,0.03,0.0,0.3333333333333333,0.3333333333333333,0.3333333333333333,0.3333333333333333,0.3333333333333333,0.3333333333333333,0.0,0.05555555555555555,0.05555555555555555,0.05555555555555555,0.05555555555555555,0.07388888888888888,0.07388888888888888,3.0
PLAIN-3141,34,0.0,0.1480409554829326,0.12421371338458446,0.09452854666581809,0.12461248642835138,0.09458865585884607,0.13384769683829986,0.0,0.029411764705882353,0.029411764705882353,0.029411764705882353,0.058823529411764705,0.058823529411764705,0.14705882352941177,0.0,0.3333333333333333,0.2,0.1,0.1,0.04,0.05,0.0,0.5,0.5,0.5,0.5,0.5,0.5,0.0,0.014705882352941176,0.014705882352941176,0.014705882352941176,0.018907563025210083,0.018907563025210083,0.02322499446514001,2.0
PLAIN-3151,18,0.0,0.2960819109658652,0.36005461457723403,0.33094149789391003,0.3126463964023695,0.3126463964023695,0.3285819964063395,0.0,0.05555555555555555,0.1111111111111111,0.16666666666666666,0.2222222222222222,0.2222222222222222,0.2777777777777778,0.0,0.3333333333333333,0.4,0.3,0.2,0.08,0.05,0.0,0.5,0.5,0.5,0.5,0.5,0.5,0.0,0.027777777777777776,0.05555555555555555,0.08333333333333333,0.09814814814814815,0.09814814814814815,0.10107212475633527,2.0
PLAIN-3161,43,1.0,0.6387878864795979,0.6156012978458393,0.49061283888577667,0.37009951258482804,0.265396082464198,0.3034231197750388,0.023255813953488372,0.023255813953488372,0.046511627906976744,0.06976744186046512,0.09302325581395349,0.13953488372093023,0.20930232558139536,1.0,0.3333333333333333,0.4,0.3,0.2,0.12,0.09,1.0,1.0,1.0,1.0,1.0,1.0,1.0,0.023255813953488372,0.023255813953488372,0.03488372093023256,0.04186046511627907,0.04850498338870432,0.05528792912513843,0.06271719575355553,1.0
PLAIN-3171,34,0.0,0.20151514190050246,0.2577670251008841,0.18359730612299602,0.1265856452123194,0.09293679274907991,0.10665113837629354,0.0,0.029411764705882353,0.058823529411764705,0.058823529411764705,0.058823529411764705,0.058823529411764705,0.08823529411764706,0.0,0.3333333333333333,0.4,0.2,0.1,0.04,0.03,0.0,0.5,0.5,0.5,0.5,0.5,0.5,0.0,0.014705882352941176,0.026470588235294117,0.026470588235294117,0.026470588235294117,0.026470588235294117,0.02735294117647059,2.0
PLAIN-3181,27,0.0,0.0,0.0,0.0,0.0,0.02072303549631192,0.038970921032103575,0.0,0.0,0.0,0.0,0.0,0.037037037037037035,0.07407407407407407,0.0,0.0,0.0,0.0,0.0,0.02,0.02,0.0,0.0,0.0,0.0,0.0,0.02040816326530612,0.02040816326530612,0.0,0.0,0.0,0.0,0.0,0.0007558578987150415,0.0016376921138825898,49.0
PLAIN-3191,16,0.0,0.11731968150568911,0.09074302407193531,0.07037133610231527,0.1130214113228105,0.2005677098994142,0.2005677098994142,0.0,0.0625,0.0625,0.0625,0.125,0.3125,0.3125,0.0,0.3333333333333333,0.2,0.1,0.1,0.1,0.05,0.0,0.3333333333333333,0.3333333333333333,0.3333333333333333,0.3333333333333333,0.3333333333333333,0.3333333333333333,0.0,0.020833333333333332,0.020833333333333332,0.020833333333333332,0.02818627450980392,0.048798211188523385,0.048798211188523385,3.0
PLAIN-3201,32,1.0,0.6387878864795979,0.5065267082131061,0.36077903708155934,0.24874791549203612,0.18939715152279207,0.18939715152279207,0.03125,0.03125,0.03125,0.03125,0.03125,0.03125,0.03125,1.0,0.3333333333333333,0.2,0.1,0.05,0.02,0.01,1.0,1.0,1.0,1.0,1.0,1.0,1.0,0.03125,0.03125,0.03125,0.03125,0.03125,0.03125,0.03125,1.0
PLAIN-3211,18,0.0,0.0,0.0,0.0,0.0,0.0,0.0,0.0,0.0,0.0,0.0,0.0,0.0,0.0,0.0,0.0,0.0,0.0,0.0,0.0,0.0,0.0,0.0,0.0,0.0,0.0,0.0,0.0,0.0,0.0,0.0,0.0,0.0,0.0,0.0,
PLAIN-3221,24,0.0,0.15969697161989949,0.12663167705327652,0.09019475927038983,0.06218697887300903,0.07963991079174915,0.07963991079174915,0.0,0.041666666666666664,0.041666666666666664,0.041666666666666664,0.041666666666666664,0.08333333333333333,0.08333333333333333,0.0,0.3333333333333333,0.2,0.1,0.05,0.04,0.02,0.0,0.3333333333333333,0.3333333333333333,0.3333333333333333,0.3333333333333333,0.3333333333333333,0.3333333333333333,0.0,0.013888888888888888,0.013888888888888888,0.013888888888888888,0.013888888888888888,0.017094017094017092,0.017094017094017092,3.0
PLAIN-3231,8,1.0,0.5316519652587917,0.43673949858938643,0.4146313395811265,0.4146313395811265,0.4146313395811265,0.47115751760750724,0.125,0.125,0.125,0.25,0.25,0.25,0.5,1.0,0.3333333333333333,0.2,0.2,0.1,0.04,0.04,1.0,1.0,1.0,1.0,1.0,1.0,1.0,0.125,0.125,0.125,0.15625,0.15625,0.15625,0.16713235294117648,1.0
PLAIN-3241,29,0.0,0.0,0.0,0.0,0.05965285116782631,0.0481564097599051,0.06476755498572656,0.0,0.0,0.0,0.0,0.034482758620689655,0.034482758620689655,0.06896551724137931,0.0,0.0,0.0,0.0,0.05,0.02,0.02,0.0,0.0,0.0,0.0,0.058823529411764705,0.058823529411764705,0.058823529411764705,0.0,0.0,0.0,0.0,0.002028397565922921,0.002028397565922921,0.0030894055234826027,17.0
PLAIN-3251,21,0.0,0.0,0.0,0.0,0.0,0.0,0.0,0.0,0.0,0.0,0.0,0.0,0.0,0.0,0.0,0.0,0.0,0.0,0.0,0.0,0.0,0.0,0.0,0.0,0.0,0.0,0.0,0.0,0.0,0.0,0.0,0.0,0.0,0.0,0.0,
PLAIN-3261,13,0.0,0.0,0.0,0.0,0.0,0.0,0.02023920403342181,0.0,0.0,0.0,0.0,0.0,0.0,0.07692307692307693,0.0,0.0,0.0,0.0,0.0,0.0,0.01,0.0,0.0,0.0,0.0,0.0,0.0,0.010416666666666666,0.0,0.0,0.0,0.0,0.0,0.0,0.0008012820512820513,96.0
PLAIN-3271,49,0.0,0.0,0.0,0.0,0.0,0.0,0.012021033237308836,0.0,0.0,0.0,0.0,0.0,0.0,0.02040816326530612,0.0,0.0,0.0,0.0,0.0,0.0,0.01,0.0,0.0,0.0,0.0,0.0,0.0,0.010869565217391304,0.0,0.0,0.0,0.0,0.0,0.0,0.00022182786157941436,92.0
PLAIN-3281,26,0.0,0.0,0.0,0.0,0.02625591586530586,0.02282865028241476,0.08923507171738695,0.0,0.0,0.0,0.0,0.038461538461538464,0.038461538461538464,0.15384615384615385,0.0,0.0,0.0,0.0,0.05,0.02,0.04,0.0,0.0,0.0,0.0,0.05,0.05,0.05,0.0,0.0,0.0,0.0,0.0019230769230769232,0.0019230769230769232,0.007182615430697272,20.0
PLAIN-3292,7,0.5,0.47909091485969846,0.598044210425296,0.5091318024536576,0.5657617195434441,0.6559567493116929,0.6559567493116929,0.14285714285714285,0.2857142857142857,0.42857142857142855,0.42857142857142855,0.5714285714285714,0.8571428571428571,0.8571428571428571,1.0,0.6666666666666666,0.6,0.3,0.2,0.12,0.06,1.0,1.0,1.0,1.0,1.0,1.0,1.0,0.14285714285714285,0.23809523809523808,0.34523809523809523,0.34523809523809523,0.3891941391941392,0.4484126984126985,0.4484126984126985,1.0
PLAIN-3302,37,0.0,0.0,0.0,0.0,0.09554955051186875,0.0821786595080076,0.09574975470066775,0.0,0.0,0.0,0.0,0.05405405405405406,0.08108108108108109,0.10810810810810811,0.0,0.0,0.0,0.0,0.1,0.06,0.04,0.0,0.0,0.0,0.0,0.09090909090909091,0.09090909090909091,0.09090909090909091,0.0,0.0,0.0,0.0,0.005835380835380835,0.007560510220084689,0.0088630175466884,11.0
PLAIN-3312,13,0.0,0.0,0.0,0.07066252950471986,0.09274452830154167,0.15877623647749797,0.17558616214904196,0.0,0.0,0.0,0.07692307692307693,0.15384615384615385,0.3076923076923077,0.38461538461538464,0.0,0.0,0.0,0.1,0.1,0.08,0.05,0.0,0.0,0.0,0.1,0.1,0.1,0.1,0.0,0.0,0.0,0.007692307692307693,0.01868131868131868,0.03622809622809623,0.040193203285986794,10.0
PLAIN-3322,79,1.0,0.7039180890341347,0.5087403079104241,0.3301376494471203,0.2459250300180629,0.16392331184352535,0.1554672443123409,0.012658227848101266,0.02531645569620253,0.02531645569620253,0.02531645569620253,0.0379746835443038,0.06329113924050633,0.11392405063291139,1.0,0.6666666666666666,0.4,0.2,0.15,0.1,0.09,1.0,1.0,1.0,1.0,1.0,1.0,1.0,0.012658227848101266,0.02109704641350211,0.02109704641350211,0.02109704641350211,0.023095713968465468,0.02620776696882822,0.031135335444450903,1.0
PLAIN-3332,14,0.5,0.8821211986607034,0.6994778023500862,0.4982105067707855,0.5748983527914968,0.6313695668671496,0.6552950342585655,0.07142857142857142,0.21428571428571427,0.21428571428571427,0.21428571428571427,0.5,0.6428571428571429,0.7142857142857143,1.0,1.0,0.6,0.3,0.35,0.18,0.1,1.0,1.0,1.0,1.0,1.0,1.0,1.0,0.07142857142857142,0.21428571428571427,0.21428571428571427,0.21428571428571427,0.328004838298956,0.3583362954596815,0.3673778867797538,1.0
PLAIN-3342,3,0.0,0.0,0.0,0.0,0.10858087310103355,0.20007099452199228,0.20007099452199228,0.0,0.0,0.0,0.0,0.3333333333333333,0.6666666666666666,0.6666666666666666,0.0,0.0,0.0,0.0,0.05,0.04,0.02,0.0,0.0,0.0,0.0,0.05263157894736842,0.05263157894736842,0.05263157894736842,0.0,0.0,0.0,0.0,0.017543859649122806,0.03715170278637771,0.03715170278637771,19.0
PLAIN-3352,39,0.0,0.0,0.0,0.0,0.032168904607230174,0.022252576515228124,0.022252576515228124,0.0,0.0,0.0,0.0,0.02564102564102564,0.02564102564102564,0.02564102564102564,0.0,0.0,0.0,0.0,0.05,0.02,0.01,0.0,0.0,0.0,0.0,0.09090909090909091,0.09090909090909091,0.09090909090909091,0.0,0.0,0.0,0.0,0.002331002331002331,0.002331002331002331,0.002331002331002331,11.0
PLAIN-3362,11,0.0,0.0,0.0,0.11538029521800253,0.1103931009263249,0.1103931009263249,0.1103931009263249,0.0,0.0,0.0,0.09090909090909091,0.09090909090909091,0.09090909090909091,0.09090909090909091,0.0,0.0,0.0,0.1,0.05,0.02,0.01,0.0,0.0,0.0,0.16666666666666666,0.16666666666666666,0.16666666666666666,0.16666666666666666,0.0,0.0,0.0,0.01515151515151515,0.01515151515151515,0.01515151515151515,0.01515151515151515,6.0
PLAIN-3372,14,1.0,0.6387878864795979,0.5065267082131061,0.36077903708155934,0.30251016897020766,0.32917514477269816,0.3783043925318636,0.07142857142857142,0.07142857142857142,0.07142857142857142,0.07142857142857142,0.07142857142857142,0.14285714285714285,0.2857142857142857,1.0,0.3333333333333333,0.2,0.1,0.05,0.04,0.04,1.0,1.0,1.0,1.0,1.0,1.0,1.0,0.07142857142857142,0.07142857142857142,0.07142857142857142,0.07142857142857142,0.07142857142857142,0.07428571428571429,0.08128291540526647,1.0
PLAIN-3382,14,0.0,0.16771752171325524,0.23182270412355,0.22962442360907004,0.19576900353518306,0.3283514406875857,0.35234463023812523,0.0,0.07142857142857142,0.14285714285714285,0.21428571428571427,0.21428571428571427,0.5,0.5714285714285714,0.0,0.3333333333333333,0.4,0.3,0.15,0.14,0.08,0.0,0.5,0.5,0.5,0.5,0.5,0.5,0.0,0.03571428571428571,0.07142857142857142,0.10714285714285714,0.10714285714285714,0.14924414210128495,0.1600258132603146,2.0
PLAIN-3392,23,0.0,0.0,0.0,0.0,0.0,0.02324242481762089,0.044796749472356165,0.0,0.0,0.0,0.0,0.0,0.043478260869565216,0.08695652173913043,0.0,0.0,0.0,0.0,0.0,0.02,0.02,0.0,0.0,0.0,0.0,0.0,0.02127659574468085,0.02127659574468085,0.0,0.0,0.0,0.0,0.0,0.0009250693802035152,0.0022837650323774285,47.0
PLAIN-3402,14,0.0,0.0,0.0,0.0,0.0,0.03502930709383872,0.06283386761609654,0.0,0.0,0.0,0.0,0.0,0.07142857142857142,0.14285714285714285,0.0,0.0,0.0,0.0,0.0,0.02,0.02,0.0,0.0,0.0,0.0,0.0,0.030303030303030304,0.030303030303030304,0.0,0.0,0.0,0.0,0.0,0.0021645021645021645,0.003865182436611008,33.0
PLAIN-3412,49,0.0,0.16771752171325524,0.13777597210996176,0.10218331334064326,0.1528493649994485,0.14627314215101378,0.14627314215101378,0.0,0.02040816326530612,0.02040816326530612,0.02040816326530612,0.08163265306122448,0.16326530612244897,0.16326530612244897,0.0,0.3333333333333333,0.2,0.1,0.2,0.16,0.08,0.0,0.5,0.5,0.5,0.5,0.5,0.5,0.0,0.01020408163265306,0.01020408163265306,0.01020408163265306,0.019775629550065642,0.03458633501598056,0.03458633501598056,2.0
PLAIN-3422,31,0.0,0.0,0.07303417492135322,0.05068557714602344,0.10799696185398783,0.14565713207081846,0.157994457485676,0.0,0.0,0.03225806451612903,0.03225806451612903,0.12903225806451613,0.25806451612903225,0.2903225806451613,0.0,0.0,0.2,0.1,0.2,0.16,0.09,0.0,0.0,0.25,0.25,0.25,0.25,0.25,0.0,0.0,0.008064516129032258,0.008064516129032258,0.02683284457478006,0.047882223676966366,0.05221539652241654,4.0
PLAIN-3432,42,1.0,0.7039180890341347,0.5087403079104241,0.39639187290150935,0.2558183719655175,0.21203029177614702,0.2406982169225186,0.023809523809523808,0.047619047619047616,0.047619047619047616,0.07142857142857142,0.07142857142857142,0.14285714285714285,0.19047619047619047,1.0,0.6666666666666666,0.4,0.3,0.15,0.12,0.08,1.0,1.0,1.0,1.0,1.0,1.0,1.0,0.023809523809523808,0.03968253968253968,0.03968253968253968,0.047619047619047616,0.047619047619047616,0.060901607019619435,0.06622797999305123,1.0
PLAIN-3442,29,0.0,0.0,0.0,0.0,0.0,0.0,0.026753091055480807,0.0,0.0,0.0,0.0,0.0,0.0,0.06896551724137931,0.0,0.0,0.0,0.0,0.0,0.0,0.02,0.0,0.0,0.0,0.0,0.0,0.0,0.011904761904761904,0.0,0.0,0.0,0.0,0.0,0.0,0.001144184746532509,84.0
PLAIN-3452,17,1.0,0.5316519652587917,0.5307862306029746,0.44475605901846593,0.4092835774438483,0.4092835774438483,0.4092835774438483,0.058823529411764705,0.058823529411764705,0.11764705882352941,0.17647058823529413,0.29411764705882354,0.29411764705882354,0.29411764705882354,1.0,0.3333333333333333,0.4,0.3,0.25,0.1,0.05,1.0,1.0,1.0,1.0,1.0,1.0,1.0,0.058823529411764705,0.058823529411764705,0.08823529411764706,0.11029411764705882,0.14940206851971558,0.14940206851971558,0.14940206851971558,1.0
PLAIN-3462,64,0.0,0.2960819109658652,0.4912596920895758,0.45577863618303815,0.39707860681325396,0.34844400464244485,0.3922920480184998,0.0,0.015625,0.046875,0.078125,0.125,0.1875,0.3125,0.0,0.3333333333333333,0.6,0.5,0.4,0.24,0.2,0.0,0.5,0.5,0.5,0.5,0.5,0.5,0.0,0.0078125,0.025,0.04174107142857143,0.06256634232640425,0.08377332902369267,0.11173765314443398,2.0
PLAIN-3472,17,0.0,0.0,0.0,0.0,0.0,0.0,0.03375451170237205,0.0,0.0,0.0,0.0,0.0,0.0,0.058823529411764705,0.0,0.0,0.0,0.0,0.0,0.0,0.01,0.0,0.0,0.0,0.0,0.0,0.0,0.012195121951219513,0.0,0.0,0.0,0.0,0.0,0.0,0.0007173601147776184,82.0
