query_id,n_relevant,ndcg@1,ndcg@3,ndcg@5,ndcg@10,ndcg@20,ndcg@50,ndcg@100,recall@1,recall@3,recall@5,recall@10,recall@20,recall@50,recall@100,precision@1,precision@3,precision@5,precision@10,precision@20,precision@50,precision@100,mrr@1,mrr@3,mrr@5,mrr@10,mrr@20,mrr@50,mrr@100,map@1,map@3,map@5,map@10,map@20,map@50,map@100,first_relevant_rank
PLAIN-2,24,0.0,0.41340159247155434,0.3643788548091025,0.33329124370338026,0.37668835278459706,0.4169127757546061,0.4436032121777123,0.0,0.08333333333333333,0.125,0.16666666666666666,0.2916666666666667,0.4166666666666667,0.5,0.0,0.6666666666666666,0.6,0.4,0.35,0.2,0.12,0.0,0.5,0.5,0.5,0.5,0.5,0.5,0.0,0.048611111111111105,0.07361111111111111,0.09027777777777778,0.14631410256410257,0.1797602089268756,0.19058651978829885,2.0
PLAIN-12,30,0.0,0.0,0.0,0.0,0.07021370608911183,0.05857697928244642,0.11130855021794497,0.0,0.0,0.0,0.0,0.06666666666666667,0.06666666666666667,0.13333333333333333,0.0,0.0,0.0,0.0,0.1,0.04,0.04,0.0,0.0,0.0,0.0,0.09090909090909091,0.09090909090909091,0.09090909090909091,0.0,0.0,0.0,0.0,0.006734006734006734,0.006734006734006734,0.010581583500562413,11.0
PLAIN-23,90,0.0,0.0,0.0,0.0,0.0,0.0,0.04061926361876343,0.0,0.0,0.0,0.0,0.0,0.0,0.044444444444444446,0.0,0.0,0.0,0.0,0.0,0.0,0.04,0.0,0.0,0.0,0.0,0.0,0.0,0.016129032258064516,0.0,0.0,0.0,0.0,0.0,0.0,0.0014455269509504975,62.0
PLAIN-33,32,0.0,0.2960819109658652,0.21398626473452756,0.14342484470735153,0.11172076111906955,0.13099842420225175,0.1884349639432868,0.0,0.03125,0.03125,0.03125,0.03125,0.09375,0.1875,0.0,0.3333333333333333,0.2,0.1,0.05,0.06,0.06,0.0,0.5,0.5,0.5,0.5,0.5,0.5,0.0,0.015625,0.015625,0.015625,0.015625,0.019323979591836734,0.025155622593865133,2.0
PLAIN-44,58,1.0,0.46927872602275644,0.3391602052736161,0.2973071161753169,0.34676598730582264,0.2783345943872806,0.28411379749421567,0.017241379310344827,0.017241379310344827,0.017241379310344827,0.034482758620689655,0.10344827586206896,0.15517241379310345,0.20689655172413793,1.0,0.3333333333333333,0.2,0.2,0.3,0.18,0.12,1.0,1.0,1.0,1.0,1.0,1.0,1.0,0.017241379310344827,0.017241379310344827,0.017241379310344827,0.02216748768472906,0.041757476240234855,0.05128418347485284,0.059263352439961475,1.0
PLAIN-56,50,0.5,0.5307212739772434,0.4104959434080106,0.4186072539308982,0.3678614734503013,0.2646893233202148,0.274535174205573,0.02,0.04,0.04,0.06,0.08,0.14,0.16,1.0,0.6666666666666666,0.4,0.3,0.2,0.14,0.08,1.0,1.0,1.0,1.0,1.0,1.0,1.0,0.02,0.04,0.04,0.05,0.057272727272727274,0.06613720623831848,0.06783933389789294,1.0
PLAIN-68,55,1.0,0.6387878864795979,0.5065267082131061,0.41768559432146335,0.3206502929204644,0.18550611579085116,0.18560192755111984,0.01818181818181818,0.01818181818181818,0.01818181818181818,0.03636363636363636,0.05454545454545454,0.05454545454545454,0.07272727272727272,1.0,0.3333333333333333,0.2,0.2,0.15,0.06,0.04,1.0,1.0,1.0,1.0,1.0,1.0,1.0,0.01818181818181818,0.01818181818181818,0.01818181818181818,0.022727272727272728,0.026923076923076925,0.026923076923076925,0.027962037962037965,1.0
PLAIN-78,62,0.0,0.1480409554829326,0.10699313236726378,0.12577835875866042,0.09542224967674721,0.09864178578473339,0.10565601306543401,0.0,0.016129032258064516,0.016129032258064516,0.03225806451612903,0.03225806451612903,0.06451612903225806,0.0967741935483871,0.0,0.3333333333333333,0.2,0.2,0.1,0.08,0.06,0.0,0.5,0.5,0.5,0.5,0.5,0.5,0.0,0.008064516129032258,0.008064516129032258,0.013440860215053762,0.013440860215053762,0.01758832565284178,0.020295428484887818,2.0
PLAIN-91,64,0.0,0.0,0.06560253875617089,0.12937084799495982,0.09999034828721078,0.1597779417129442,0.1918600038053844,0.0,0.0,0.015625,0.03125,0.03125,0.140625,0.21875,0.0,0.0,0.2,0.2,0.1,0.18,0.14,0.0,0.0,0.2,0.2,0.2,0.2,0.2,0.0,0.0,0.003125,0.008333333333333333,0.008333333333333333,0.028622739004321832,0.04264070445330153,5.0
PLAIN-102,24,0.0,0.0,0.0,0.0,0.08203001604727131,0.07448191637715575,0.07448191637715575,0.0,0.0,0.0,0.0,0.08333333333333333,0.08333333333333333,0.08333333333333333,0.0,0.0,0.0,0.0,0.1,0.04,0.02,0.0,0.0,0.0,0.0,0.07142857142857142,0.07142857142857142,0.07142857142857142,0.0,0.0,0.0,0.0,0.007142857142857143,0.007142857142857143,0.007142857142857143,14.0
PLAIN-112,56,1.0,0.8826803184943108,0.6827250156238165,0.5701379155900353,0.42188889802678203,0.3159740956522065,0.3157327048954866,0.017857142857142856,0.05357142857142857,0.05357142857142857,0.07142857142857142,0.07142857142857142,0.125,0.16071428571428573,1.0,1.0,0.6,0.4,0.2,0.14,0.09,1.0,1.0,1.0,1.0,1.0,1.0,1.0,0.017857142857142856,0.05357142857142857,0.05357142857142857,0.060714285714285714,0.060714285714285714,0.07167243675864365,0.07597484265250805,1.0
PLAIN-123,51,0.0,0.0,0.0,0.0,0.026122751141495322,0.02925697616063005,0.03880788230405398,0.0,0.0,0.0,0.0,0.0196078431372549,0.0392156862745098,0.058823529411764705,0.0,0.0,0.0,0.0,0.05,0.04,0.03,0.0,0.0,0.0,0.0,0.08333333333333333,0.08333333333333333,0.08333333333333333,0.0,0.0,0.0,0.0,0.001633986928104575,0.0029862519720531893,0.0038032454361054766,12.0
PLAIN-133,36,0.0,0.0,0.0,0.0,0.0,0.0,0.04972752374109509,0.0,0.0,0.0,0.0,0.0,0.0,0.05555555555555555,0.0,0.0,0.0,0.0,0.0,0.0,0.02,0.0,0.0,0.0,0.0,0.0,0.0,0.015625,0.0,0.0,0.0,0.0,0.0,0.0,0.0012632151741293533,64.0
PLAIN-143,51,1.0,0.6993694869720469,0.7434693717588585,0.6053891497553925,0.4310786863550896,0.25728236944306865,0.2877868605648907,0.0196078431372549,0.0392156862745098,0.058823529411764705,0.0784313725490196,0.0784313725490196,0.0784313725490196,0.13725490196078433,1.0,0.6666666666666666,0.6,0.4,0.2,0.08,0.07,1.0,1.0,1.0,1.0,1.0,1.0,1.0,0.0196078431372549,0.0392156862745098,0.050980392156862744,0.06218487394957984,0.06218487394957984,0.06218487394957984,0.06741246132726864,1.0
PLAIN-153,47,0.5,0.680606056760201,0.7467366458934469,0.7084012682351577,0.553758074260683,0.34629669991339995,0.3716335366972112,0.02127659574468085,0.06382978723404255,0.10638297872340426,0.1702127659574468,0.19148936170212766,0.2127659574468085,0.2553191489361702,1.0,1.0,1.0,0.8,0.45,0.2,0.12,1.0,1.0,1.0,1.0,1.0,1.0,1.0,0.02127659574468085,0.06382978723404255,0.10638297872340426,0.16595744680851063,0.1806873977086743,0.18494271685761046,0.19323428638135004,1.0
PLAIN-165,36,0.5,0.617319681505689,0.5179618689643684,0.4414412234247102,0.3479420164444186,0.28636440583278566,0.3115267096824855,0.027777777777777776,0.08333333333333333,0.08333333333333333,0.1111111111111111,0.1388888888888889,0.19444444444444445,0.25,1.0,1.0,0.6,0.4,0.25,0.14,0.09,1.0,1.0,1.0,1.0,1.0,1.0,1.0,0.027777777777777776,0.08333333333333333,0.08333333333333333,0.09722222222222222,0.10590277777777778,0.11543436819172112,0.12117510893246185,1.0
PLAIN-175,37,0.0,0.11731968150568911,0.15782422623975725,0.12422240594026354,0.12022699712292499,0.08911680996918021,0.13905394216364597,0.0,0.02702702702702703,0.05405405405405406,0.05405405405405406,0.08108108108108109,0.08108108108108109,0.13513513513513514,0.0,0.3333333333333333,0.4,0.2,0.15,0.06,0.05,0.0,0.3333333333333333,0.3333333333333333,0.3333333333333333,0.3333333333333333,0.3333333333333333,0.3333333333333333,0.0,0.009009009009009009,0.02252252252252252,0.02252252252252252,0.02927927927927928,0.02927927927927928,0.03325021233965633,3.0
PLAIN-186,24,0.0,0.0,0.14606834984270645,0.09478836436955079,0.061173315378031855,0.05438508614776353,0.07512907469643526,0.0,0.0,0.041666666666666664,0.041666666666666664,0.041666666666666664,0.041666666666666664,0.08333333333333333,0.0,0.0,0.2,0.1,0.05,0.02,0.02,0.0,0.0,0.25,0.25,0.25,0.25,0.25,0.0,0.0,0.010416666666666666,0.010416666666666666,0.010416666666666666,0.010416666666666666,0.011660447761194029,4.0
PLAIN-196,69,1.0,0.46927872602275644,0.3391602052736161,0.2200917662980802,0.1420400396336573,0.09467282022992357,0.10588979724643863,0.014492753623188406,0.014492753623188406,0.014492753623188406,0.014492753623188406,0.014492753623188406,0.028985507246376812,0.07246376811594203,1.0,0.3333333333333333,0.2,0.1,0.05,0.04,0.05,1.0,1.0,1.0,1.0,1.0,1.0,1.0,0.014492753623188406,0.014492753623188406,0.014492753623188406,0.014492753623188406,0.014492753623188406,0.015810276679841896,0.01817238609109515,1.0
PLAIN-207,55,1.0,0.7039180890341347,0.639945385422766,0.4936790360674166,0.3966100357182873,0.2770549995084662,0.2717201076529289,0.01818181818181818,0.03636363636363636,0.05454545454545454,0.07272727272727272,0.10909090909090909,0.18181818181818182,0.2,1.0,0.6666666666666666,0.6,0.4,0.3,0.2,0.11,1.0,1.0,1.0,1.0,1.0,1.0,1.0,0.01818181818181818,0.0303030303030303,0.041212121212121214,0.05333333333333333,0.07068870523415978,0.08866925282509698,0.09189505927670989,1.0
PLAIN-217,36,0.0,0.0,0.0,0.0,0.0,0.01794078813408448,0.05008469183822485,0.0,0.0,0.0,0.0,0.0,0.027777777777777776,0.08333333333333333,0.0,0.0,0.0,0.0,0.0,0.02,0.03,0.0,0.0,0.0,0.0,0.0,0.024390243902439025,0.024390243902439025,0.0,0.0,0.0,0.0,0.0,0.0006775067750677507,0.0028095730518708697,41.0
PLAIN-227,40,0.0,0.0,0.0,0.0,0.0,0.0,0.013923199679254592,0.0,0.0,0.0,0.0,0.0,0.0,0.025,0.0,0.0,0.0,0.0,0.0,0.0,0.01,0.0,0.0,0.0,0.0,0.0,0.0,0.011363636363636364,0.0,0.0,0.0,0.0,0.0,0.0,0.0002840909090909091,88.0
PLAIN-238,54,0.0,0.0,0.0,0.0,0.0,0.015649966645135568,0.014847875209364349,0.0,0.0,0.0,0.0,0.0,0.018518518518518517,0.018518518518518517,0.0,0.0,0.0,0.0,0.0,0.02,0.01,0.0,0.0,0.0,0.0,0.0,0.03333333333333333,0.03333333333333333,0.0,0.0,0.0,0.0,0.0,0.0006172839506172839,0.0006172839506172839,30.0
PLAIN-248,31,1.0,0.46927872602275644,0.48522855511632257,0.314880130667631,0.20321335501168916,0.2327125906631386,0.2671072083534843,0.03225806451612903,0.03225806451612903,0.06451612903225806,0.06451612903225806,0.06451612903225806,0.1935483870967742,0.25806451612903225,1.0,0.3333333333333333,0.4,0.2,0.1,0.12,0.08,1.0,1.0,1.0,1.0,1.0,1.0,1.0,0.03225806451612903,0.03225806451612903,0.04838709677419355,0.04838709677419355,0.04838709677419355,0.06258849661448021,0.06918984302770904,1.0
PLAIN-259,14,1.0,0.46927872602275644,0.3391602052736161,0.29849003527675555,0.24169008722825,0.24169008722825,0.29991490950573735,0.07142857142857142,0.07142857142857142,0.07142857142857142,0.14285714285714285,0.14285714285714285,0.14285714285714285,0.2857142857142857,1.0,0.3333333333333333,0.2,0.2,0.1,0.04,0.04,1.0,1.0,1.0,1.0,1.0,1.0,1.0,0.07142857142857142,0.07142857142857142,0.07142857142857142,0.09523809523809523,0.09523809523809523,0.09523809523809523,0.10244897959183673,1.0
PLAIN-270,52,0.0,0.0,0.0,0.06625422345438904,0.11350255426618971,0.07599250686176345,0.07398476663938554,0.0,0.0,0.0,0.019230769230769232,0.057692307692307696,0.07692307692307693,0.07692307692307693,0.0,0.0,0.0,0.1,0.15,0.08,0.04,0.0,0.0,0.0,0.1111111111111111,0.1111111111111111,0.1111111111111111,0.1111111111111111,0.0,0.0,0.0,0.0021367521367521365,0.008300460223537146,0.010009861932938856,0.010009861932938856,9.0
PLAIN-280,20,1.0,0.46927872602275644,0.3391602052736161,0.2200917662980802,0.24984877077305495,0.34013792384356534,0.34013792384356534,0.05,0.05,0.05,0.05,0.2,0.35,0.35,1.0,0.3333333333333333,0.2,0.1,0.2,0.14,0.07,1.0,1.0,1.0,1.0,1.0,1.0,1.0,0.05,0.05,0.05,0.05,0.0795770202020202,0.11460732323232323,0.11460732323232323,1.0
PLAIN-291,13,0.0,0.0,0.0,0.0,0.0,0.0,0.09723209250851046,0.0,0.0,0.0,0.0,0.0,0.0,0.23076923076923078,0.0,0.0,0.0,0.0,0.0,0.0,0.03,0.0,0.0,0.0,0.0,0.0,0.0,0.0196078431372549,0.0,0.0,0.0,0.0,0.0,0.0,0.008515458503550906,51.0
PLAIN-307,3,0.0,0.23463936301137822,0.23463936301137822,0.5430667908374095,0.5430667908374095,0.5430667908374095,0.5430667908374095,0.0,0.3333333333333333,0.3333333333333333,1.0,1.0,1.0,1.0,0.0,0.3333333333333333,0.2,0.3,0.15,0.06,0.03,0.0,0.3333333333333333,0.3333333333333333,0.3333333333333333,0.3333333333333333,0.3333333333333333,0.3333333333333333,0.0,0.1111111111111111,0.1111111111111111,0.3333333333333333,0.3333333333333333,0.3333333333333333,0.3333333333333333,3.0
PLAIN-320,42,0.0,0.0,0.14606834984270645,0.09478836436955079,0.061173315378031855,0.05502915842133347,0.19541392044285588,0.0,0.0,0.023809523809523808,0.023809523809523808,0.023809523809523808,0.047619047619047616,0.2857142857142857,0.0,0.0,0.2,0.1,0.05,0.04,0.12,0.0,0.0,0.25,0.25,0.25,0.25,0.25,0.0,0.0,0.005952380952380952,0.005952380952380952,0.005952380952380952,0.007488479262672811,0.030151601310039196,4.0
PLAIN-332,2,0.0,0.38685280723454163,0.38685280723454163,0.38685280723454163,0.38685280723454163,0.38685280723454163,0.38685280723454163,0.0,0.5,0.5,0.5,0.5,0.5,0.5,0.0,0.3333333333333333,0.2,0.1,0.05,0.02,0.01,0.0,0.5,0.5,0.5,0.5,0.5,0.5,0.0,0.25,0.25,0.25,0.25,0.25,0.25,2.0
PLAIN-344,61,0.0,0.38268031849431083,0.2765732350040718,0.2578690589634993,0.24466337665719964,0.2117144461346219,0.22565675701651142,0.0,0.03278688524590164,0.03278688524590164,0.04918032786885246,0.06557377049180328,0.11475409836065574,0.18032786885245902,0.0,0.6666666666666666,0.4,0.3,0.2,0.14,0.11,0.0,0.5,0.5,0.5,0.5,0.5,0.5,0.0,0.019125683060109287,0.019125683060109287,0.024590163934426226,0.029274004683840747,0.03623805512615206,0.04482793533558294,2.0
PLAIN-358,3,0.0,0.0,0.0,0.0,0.0,0.0,0.0,0.0,0.0,0.0,0.0,0.0,0.0,0.0,0.0,0.0,0.0,0.0,0.0,0.0,0.0,0.0,0.0,0.0,0.0,0.0,0.0,0.0,0.0,0.0,0.0,0.0,0.0,0.0,0.0,
PLAIN-371,2,0.0,0.0,0.0,0.0,0.09299014608281185,0.236817900708364,0.236817900708364,0.0,0.0,0.0,0.0,0.5,1.0,1.0,0.0,0.0,0.0,0.0,0.05,0.04,0.02,0.0,0.0,0.0,0.0,0.0625,0.0625,0.0625,0.0,0.0,0.0,0.0,0.03125,0.05756578947368421,0.05756578947368421,16.0
PLAIN-383,5,0.0,0.23463936301137822,0.16958010263680806,0.16958010263680806,0.16958010263680806,0.22967380344514735,0.22967380344514735,0.0,0.2,0.2,0.2,0.2,0.4,0.4,0.0,0.3333333333333333,0.2,0.1,0.05,0.04,0.02,0.0,0.3333333333333333,0.3333333333333333,0.3333333333333333,0.3333333333333333,0.3333333333333333,0.3333333333333333,0.0,0.06666666666666667,0.06666666666666667,0.06666666666666667,0.06666666666666667,0.07482993197278912,0.07482993197278912,3.0
PLAIN-395,3,0.0,0.0,0.0,0.0,0.0,0.0,0.0,0.0,0.0,0.0,0.0,0.0,0.0,0.0,0.0,0.0,0.0,0.0,0.0,0.0,0.0,0.0,0.0,0.0,0.0,0.0,0.0,0.0,0.0,0.0,0.0,0.0,0.0,0.0,0.0,
PLAIN-407,3,1.0,0.6387878864795979,0.6387878864795979,0.6387878864795979,0.6387878864795979,0.6387878864795979,0.6387878864795979,0.3333333333333333,0.3333333333333333,0.3333333333333333,0.3333333333333333,0.3333333333333333,0.3333333333333333,0.3333333333333333,1.0,0.3333333333333333,0.2,0.1,0.05,0.02,0.01,1.0,1.0,1.0,1.0,1.0,1.0,1.0,0.3333333333333333,0.3333333333333333,0.3333333333333333,0.3333333333333333,0.3333333333333333,0.3333333333333333,0.3333333333333333,1.0
PLAIN-418,3,1.0,0.8670870086853021,0.8670870086853021,0.8670870086853021,0.8670870086853021,0.8670870086853021,0.8670870086853021,0.3333333333333333,0.6666666666666666,0.6666666666666666,0.6666666666666666,0.6666666666666666,0.6666666666666666,0.6666666666666666,1.0,0.6666666666666666,0.4,0.2,0.1,0.04,0.02,1.0,1.0,1.0,1.0,1.0,1.0,1.0,0.3333333333333333,0.6666666666666666,0.6666666666666666,0.6666666666666666,0.6666666666666666,0.6666666666666666,0.6666666666666666,1.0
PLAIN-430,8,1.0,0.7653606369886217,0.5531464700081437,0.569192935415262,0.569192935415262,0.569192935415262,0.569192935415262,0.125,0.25,0.25,0.375,0.375,0.375,0.375,1.0,0.6666666666666666,0.4,0.3,0.15,0.06,0.03,1.0,1.0,1.0,1.0,1.0,1.0,1.0,0.125,0.25,0.25,0.30357142857142855,0.30357142857142855,0.30357142857142855,0.30357142857142855,1.0
PLAIN-441,5,1.0,0.8670870086853021,0.8063381748228982,0.8063381748228982,0.8063381748228982,0.8522634988595521,0.8522634988595521,0.2,0.4,0.6,0.6,0.6,0.8,0.8,1.0,0.6666666666666666,0.6,0.3,0.15,0.08,0.04,1.0,1.0,1.0,1.0,1.0,1.0,1.0,0.2,0.4,0.55,0.55,0.55,0.5807692307692307,0.5807692307692307,1.0
PLAIN-457,5,0.0,0.0,0.0,0.0,0.0,0.0,0.0,0.0,0.0,0.0,0.0,0.0,0.0,0.0,0.0,0.0,0.0,0.0,0.0,0.0,0.0,0.0,0.0,0.0,0.0,0.0,0.0,0.0,0.0,0.0,0.0,0.0,0.0,0.0,0.0,
PLAIN-468,10,0.0,0.3354350434265105,0.4445058452794338,0.3296734501258638,0.3296734501258638,0.3296734501258638,0.3579484097956223,0.0,0.1,0.2,0.2,0.2,0.2,0.3,0.0,0.3333333333333333,0.4,0.2,0.1,0.04,0.03,0.0,0.5,0.5,0.5,0.5,0.5,0.5,0.0,0.05,0.09,0.09,0.09,0.09,0.09576923076923077,2.0
PLAIN-478,1,0.0,0.0,0.0,0.0,0.0,0.0,0.0,0.0,0.0,0.0,0.0,0.0,0.0,0.0,0.0,0.0,0.0,0.0,0.0,0.0,0.0,0.0,0.0,0.0,0.0,0.0,0.0,0.0,0.0,0.0,0.0,0.0,0.0,0.0,0.0,
PLAIN-488,15,1.0,1.0,1.0,0.9337457765456111,0.7674834131600022,0.8033642238418486,0.8033642238418486,0.06666666666666667,0.2,0.3333333333333333,0.6,0.6666666666666666,0.7333333333333333,0.7333333333333333,1.0,1.0,1.0,0.9,0.5,0.22,0.11,1.0,1.0,1.0,1.0,1.0,1.0,1.0,0.06666666666666667,0.2,0.3333333333333333,0.5933333333333334,0.6409523809523809,0.6691575091575092,0.6691575091575092,1.0
PLAIN-499,34,0.0,0.0,0.14606834984270645,0.23047380976071713,0.14874027149473515,0.105229171795587,0.12067049549819477,0.0,0.0,0.029411764705882353,0.08823529411764706,0.08823529411764706,0.08823529411764706,0.11764705882352941,0.0,0.0,0.2,0.3,0.15,0.06,0.04,0.0,0.0,0.25,0.25,0.25,0.25,0.25,0.0,0.0,0.007352941176470588,0.024509803921568624,0.024509803921568624,0.024509803921568624,0.025816993464052283,4.0
PLAIN-510,6,0.0,0.0,0.0,0.09109240322345806,0.09109240322345806,0.09109240322345806,0.09109240322345806,0.0,0.0,0.0,0.16666666666666666,0.16666666666666666,0.16666666666666666,0.16666666666666666,0.0,0.0,0.0,0.1,0.05,0.02,0.01,0.0,0.0,0.0,0.1111111111111111,0.1111111111111111,0.1111111111111111,0.1111111111111111,0.0,0.0,0.0,0.018518518518518517,0.018518518518518517,0.018518518518518517,0.018518518518518517,9.0
PLAIN-520,1,0.0,0.0,0.0,0.0,0.0,0.0,0.0,0.0,0.0,0.0,0.0,0.0,0.0,0.0,0.0,0.0,0.0,0.0,0.0,0.0,0.0,0.0,0.0,0.0,0.0,0.0,0.0,0.0,0.0,0.0,0.0,0.0,0.0,0.0,0.0,
PLAIN-531,308,1.0,1.0,0.7227265726449519,0.6059848036189868,0.5343188264379845,0.45730116824927985,0.3434699027697701,0.003246753246753247,0.00974025974025974,0.00974025974025974,0.016233766233766232,0.02922077922077922,0.06493506493506493,0.09090909090909091,1.0,1.0,0.6,0.5,0.45,0.4,0.28,1.0,1.0,1.0,1.0,1.0,1.0,1.0,0.003246753246753247,0.00974025974025974,0.00974025974025974,0.013218923933209647,0.01979127315261769,0.03470793548469952,0.04351787857166766,1.0
PLAIN-541,6,0.0,0.0,0.0,0.0,0.06889356673757306,0.06889356673757306,0.17279932022223493,0.0,0.0,0.0,0.0,0.16666666666666666,0.16666666666666666,0.5,0.0,0.0,0.0,0.0,0.05,0.02,0.03,0.0,0.0,0.0,0.0,0.05,0.05,0.05,0.0,0.0,0.0,0.0,0.008333333333333333,0.008333333333333333,0.023066002357227045,20.0
PLAIN-551,2,0.0,0.0,0.0,0.19342640361727081,0.19342640361727081,0.19342640361727081,0.19342640361727081,0.0,0.0,0.0,0.5,0.5,0.5,0.5,0.0,0.0,0.0,0.1,0.05,0.02,0.01,0.0,0.0,0.0,0.125,0.125,0.125,0.125,0.0,0.0,0.0,0.0625,0.0625,0.0625,0.0625,8.0
PLAIN-561,25,1.0,0.7039180890341347,0.5087403079104241,0.3301376494471203,0.21306005945048592,0.1844617861767119,0.1844617861767119,0.04,0.08,0.08,0.08,0.08,0.08,0.08,1.0,0.6666666666666666,0.4,0.2,0.1,0.04,0.02,1.0,1.0,1.0,1.0,1.0,1.0,1.0,0.04,0.06666666666666667,0.06666666666666667,0.06666666666666667,0.06666666666666667,0.06666666666666667,0.06666666666666667,1.0
PLAIN-571,7,0.0,0.0,0.0,0.17833927279888334,0.17833927279888334,0.17833927279888334,0.22432613244612917,0.0,0.0,0.0,0.2857142857142857,0.2857142857142857,0.2857142857142857,0.42857142857142855,0.0,0.0,0.0,0.2,0.1,0.04,0.03,0.0,0.0,0.0,0.14285714285714285,0.14285714285714285,0.14285714285714285,0.14285714285714285,0.0,0.0,0.0,0.05612244897959184,0.05612244897959184,0.05612244897959184,0.0630348913759052,7.0
PLAIN-583,44,0.0,0.0,0.0,0.0,0.0,0.0,0.014374363109856446,0.0,0.0,0.0,0.0,0.0,0.0,0.022727272727272728,0.0,0.0,0.0,0.0,0.0,0.0,0.01,0.0,0.0,0.0,0.0,0.0,0.0,0.017241379310344827,0.0,0.0,0.0,0.0,0.0,0.0,0.00039184952978056425,58.0
PLAIN-593,3,0.0,0.0,0.0,0.0,0.0,0.0976168253917686,0.0976168253917686,0.0,0.0,0.0,0.0,0.0,0.3333333333333333,0.3333333333333333,0.0,0.0,0.0,0.0,0.0,0.02,0.01,0.0,0.0,0.0,0.0,0.0,0.037037037037037035,0.037037037037037035,0.0,0.0,0.0,0.0,0.0,0.012345679012345678,0.012345679012345678,27.0
PLAIN-603,1,0.0,0.0,0.0,0.0,0.0,0.0,0.0,0.0,0.0,0.0,0.0,0.0,0.0,0.0,0.0,0.0,0.0,0.0,0.0,0.0,0.0,0.0,0.0,0.0,0.0,0.0,0.0,0.0,0.0,0.0,0.0,0.0,0.0,0.0,0.0,
PLAIN-613,10,0.0,0.2960819109658652,0.21398626473452756,0.13886244387355456,0.13886244387355456,0.13886244387355456,0.13886244387355456,0.0,0.1,0.1,0.1,0.1,0.1,0.1,0.0,0.3333333333333333,0.2,0.1,0.05,0.02,0.01,0.0,0.5,0.5,0.5,0.5,0.5,0.5,0.0,0.05,0.05,0.05,0.05,0.05,0.05,2.0
PLAIN-623,41,0.0,0.23463936301137822,0.16958010263680806,0.1100458831490401,0.2069675232838836,0.14747097409347248,0.16084785922908135,0.0,0.024390243902439025,0.024390243902439025,0.024390243902439025,0.12195121951219512,0.14634146341463414,0.17073170731707318,0.0,0.3333333333333333,0.2,0.1,0.25,0.12,0.07,0.0,0.3333333333333333,0.3333333333333333,0.3333333333333333,0.3333333333333333,0.3333333333333333,0.3333333333333333,0.0,0.008130081300813007,0.008130081300813007,0.008130081300813007,0.027179816332576285,0.032406297168813214,0.03414845744755886,3.0
PLAIN-634,21,1.0,0.7039180890341347,0.5087403079104241,0.39639187290150935,0.2558183719655175,0.2732900396442846,0.2732900396442846,0.047619047619047616,0.09523809523809523,0.09523809523809523,0.14285714285714285,0.14285714285714285,0.19047619047619047,0.19047619047619047,1.0,0.6666666666666666,0.4,0.3,0.15,0.08,0.04,1.0,1.0,1.0,1.0,1.0,1.0,1.0,0.047619047619047616,0.07936507936507936,0.07936507936507936,0.09523809523809523,0.09523809523809523,0.09977324263038548,0.09977324263038548,1.0
PLAIN-645,29,0.0,0.0,0.0,0.0,0.0,0.0,0.0,0.0,0.0,0.0,0.0,0.0,0.0,0.0,0.0,0.0,0.0,0.0,0.0,0.0,0.0,0.0,0.0,0.0,0.0,0.0,0.0,0.0,0.0,0.0,0.0,0.0,0.0,0.0,0.0,
PLAIN-660,475,1.0,0.7653606369886217,0.830419897363192,0.6835381846158709,0.5115524860211884,0.3967644799367529,0.2897660500925698,0.002105263157894737,0.004210526315789474,0.008421052631578947,0.01263157894736842,0.016842105263157894,0.03368421052631579,0.04631578947368421,1.0,0.6666666666666666,0.8,0.6,0.4,0.32,0.22,1.0,1.0,1.0,1.0,1.0,1.0,1.0,0.002105263157894737,0.004210526315789474,0.0074736842105263155,0.01063157894736842,0.012674922600619195,0.018077106636491314,0.021188067225257862,1.0
PLAIN-671,1,0.0,0.6309297535714575,0.6309297535714575,0.6309297535714575,0.6309297535714575,0.6309297535714575,0.6309297535714575,0.0,1.0,1.0,1.0,1.0,1.0,1.0,0.0,0.3333333333333333,0.2,0.1,0.05,0.02,0.01,0.0,0.5,0.5,0.5,0.5,0.5,0.5,0.0,0.5,0.5,0.5,0.5,0.5,0.5,2.0
PLAIN-681,1,1.0,1.0,1.0,1.0,1.0,1.0,1.0,1.0,1.0,1.0,1.0,1.0,1.0,1.0,1.0,0.3333333333333333,0.2,0.1,0.05,0.02,0.01,1.0,1.0,1.0,1.0,1.0,1.0,1.0,1.0,1.0,1.0,1.0,1.0,1.0,1.0,1.0
PLAIN-691,21,0.0,0.0,0.0,0.0,0.0,0.0,0.021965881691966015,0.0,0.0,0.0,0.0,0.0,0.0,0.047619047619047616,0.0,0.0,0.0,0.0,0.0,0.0,0.01,0.0,0.0,0.0,0.0,0.0,0.0,0.013157894736842105,0.0,0.0,0.0,0.0,0.0,0.0,0.0006265664160401002,76.0
PLAIN-701,8,0.0,0.23463936301137822,0.3156484524795145,0.2354078440015845,0.3018431272745607,0.4059584267055652,0.4059584267055652,0.0,0.125,0.25,0.25,0.375,0.625,0.625,0.0,0.3333333333333333,0.4,0.2,0.15,0.1,0.05,0.0,0.3333333333333333,0.3333333333333333,0.3333333333333333,0.3333333333333333,0.3333333333333333,0.3333333333333333,0.0,0.041666666666666664,0.10416666666666666,0.10416666666666666,0.1330128205128205,0.17263198513198513,0.17263198513198513,3.0
PLAIN-711,57,1.0,1.0,0.7227265726449519,0.5326208815196266,0.3800924140292573,0.26658030228379204,0.28889703320671856,0.017543859649122806,0.05263157894736842,0.05263157894736842,0.07017543859649122,0.08771929824561403,0.15789473684210525,0.22807017543859648,1.0,1.0,0.6,0.4,0.25,0.18,0.13,1.0,1.0,1.0,1.0,1.0,1.0,1.0,0.017543859649122806,0.05263157894736842,0.05263157894736842,0.05964912280701754,0.06591478696741855,0.07984934465483665,0.09036412669042652,1.0
PLAIN-721,25,1.0,1.0,1.0,1.0,0.7222951658822026,0.7244125094625145,0.7244125094625145,0.04,0.12,0.2,0.4,0.48,0.64,0.64,1.0,1.0,1.0,1.0,0.6,0.32,0.16,1.0,1.0,1.0,1.0,1.0,1.0,1.0,0.04,0.12,0.2,0.4,0.47692307692307695,0.5534615384615384,0.5534615384615384,1.0
PLAIN-731,54,1.0,0.7653606369886217,0.6843515475204855,0.72891152902702,0.5088003389154331,0.3415206683813833,0.39493987943266795,0.018518518518518517,0.037037037037037035,0.05555555555555555,0.12962962962962962,0.14814814814814814,0.2222222222222222,0.3333333333333333,1.0,0.6666666666666666,0.6,0.7,0.4,0.24,0.18,1.0,1.0,1.0,1.0,1.0,1.0,1.0,0.018518518518518517,0.037037037037037035,0.04814814814814815,0.10057319223985892,0.1129188712522046,0.14031047444400782,0.1634318739107517,1.0
PLAIN-741,19,0.0,0.23463936301137822,0.16958010263680806,0.1100458831490401,0.18681568047077404,0.18681568047077404,0.18681568047077404,0.0,0.05263157894736842,0.05263157894736842,0.05263157894736842,0.21052631578947367,0.21052631578947367,0.21052631578947367,0.0,0.3333333333333333,0.2,0.1,0.2,0.08,0.04,0.0,0.3333333333333333,0.3333333333333333,0.3333333333333333,0.3333333333333333,0.3333333333333333,0.3333333333333333,0.0,0.017543859649122806,0.017543859649122806,0.017543859649122806,0.05084543939033104,0.05084543939033104,0.05084543939033104,3.0
PLAIN-751,7,0.0,0.0,0.0,0.0,0.0,0.0,0.0,0.0,0.0,0.0,0.0,0.0,0.0,0.0,0.0,0.0,0.0,0.0,0.0,0.0,0.0,0.0,0.0,0.0,0.0,0.0,0.0,0.0,0.0,0.0,0.0,0.0,0.0,0.0,0.0,
PLAIN-761,6,0.0,0.0,0.0,0.0,0.0,0.05853129656898177,0.05853129656898177,0.0,0.0,0.0,0.0,0.0,0.16666666666666666,0.16666666666666666,0.0,0.0,0.0,0.0,0.0,0.02,0.01,0.0,0.0,0.0,0.0,0.0,0.02857142857142857,0.02857142857142857,0.0,0.0,0.0,0.0,0.0,0.0047619047619047615,0.0047619047619047615,35.0
PLAIN-771,3,1.0,1.0,1.0,1.0,1.0,1.0,1.0,0.3333333333333333,1.0,1.0,1.0,1.0,1.0,1.0,1.0,1.0,0.6,0.3,0.15,0.06,0.03,1.0,1.0,1.0,1.0,1.0,1.0,1.0,0.3333333333333333,1.0,1.0,1.0,1.0,1.0,1.0,1.0
PLAIN-782,2,0.0,0.0,0.0,0.0,0.0,0.0,0.0,0.0,0.0,0.0,0.0,0.0,0.0,0.0,0.0,0.0,0.0,0.0,0.0,0.0,0.0,0.0,0.0,0.0,0.0,0.0,0.0,0.0,0.0,0.0,0.0,0.0,0.0,0.0,0.0,
PLAIN-792,6,0.0,0.0,0.0,0.10778915452451093,0.176682721262084,0.176682721262084,0.176682721262084,0.0,0.0,0.0,0.16666666666666666,0.3333333333333333,0.3333333333333333,0.3333333333333333,0.0,0.0,0.0,0.1,0.1,0.04,0.02,0.0,0.0,0.0,0.16666666666666666,0.16666666666666666,0.16666666666666666,0.16666666666666666,0.0,0.0,0.0,0.027777777777777776,0.044444444444444446,0.044444444444444446,0.044444444444444446,6.0
PLAIN-806,96,1.0,1.0,1.0,0.7222954974312067,0.5692710831565928,0.3713890958771425,0.26727665077920165,0.010416666666666666,0.03125,0.052083333333333336,0.0625,0.09375,0.13541666666666666,0.17708333333333334,1.0,1.0,1.0,0.6,0.45,0.26,0.17,1.0,1.0,1.0,1.0,1.0,1.0,1.0,0.010416666666666666,0.03125,0.052083333333333336,0.06101190476190476,0.076015559732665,0.09014004343818426,0.09901530251903545,1.0
PLAIN-817,1,0.0,0.0,0.0,0.0,0.0,0.0,0.0,0.0,0.0,0.0,0.0,0.0,0.0,0.0,0.0,0.0,0.0,0.0,0.0,0.0,0.0,0.0,0.0,0.0,0.0,0.0,0.0,0.0,0.0,0.0,0.0,0.0,0.0,0.0,0.0,
PLAIN-827,244,1.0,0.7039180890341347,0.5087403079104241,0.39375843764607205,0.39355765972539175,0.3473551222281907,0.2609202795104366,0.004098360655737705,0.00819672131147541,0.00819672131147541,0.012295081967213115,0.028688524590163935,0.06557377049180328,0.09016393442622951,1.0,0.6666666666666666,0.4,0.3,0.35,0.32,0.22,1.0,1.0,1.0,1.0,1.0,1.0,1.0,0.004098360655737705,0.006830601092896175,0.006830601092896175,0.008060109289617486,0.01358539001981625,0.025087564119440787,0.0321214588779552,1.0
PLAIN-838,9,1.0,1.0,1.0,0.6930221935231563,0.8109248882379597,0.8109248882379597,0.8109248882379597,0.1111111111111111,0.3333333333333333,0.5555555555555556,0.5555555555555556,0.7777777777777778,0.7777777777777778,0.7777777777777778,1.0,1.0,1.0,0.5,0.35,0.14,0.07,1.0,1.0,1.0,1.0,1.0,1.0,1.0,0.1111111111111111,0.3333333333333333,0.5555555555555556,0.5555555555555556,0.652046783625731,0.652046783625731,0.652046783625731,1.0
PLAIN-850,57,0.0,0.0,0.0,0.0,0.03286497056757699,0.0733457284138172,0.07832634942223028,0.0,0.0,0.0,0.0,0.017543859649122806,0.08771929824561403,0.10526315789473684,0.0,0.0,0.0,0.0,0.05,0.1,0.06,0.0,0.0,0.0,0.0,0.05263157894736842,0.05263157894736842,0.05263157894736842,0.0,0.0,0.0,0.0,0.0009233610341643582,0.006027167801704927,0.007394221800337874,19.0
PLAIN-872,1,0.0,0.0,0.0,0.0,0.0,0.0,0.0,0.0,0.0,0.0,0.0,0.0,0.0,0.0,0.0,0.0,0.0,0.0,0.0,0.0,0.0,0.0,0.0,0.0,0.0,0.0,0.0,0.0,0.0,0.0,0.0,0.0,0.0,0.0,0.0,
PLAIN-882,15,0.0,0.0,0.0,0.0,0.041739637742227415,0.07847833319413827,0.104631103632717,0.0,0.0,0.0,0.0,0.06666666666666667,0.13333333333333333,0.2,0.0,0.0,0.0,0.0,0.05,0.04,0.03,0.0,0.0,0.0,0.0,0.0625,0.0625,0.0625,0.0,0.0,0.0,0.0,0.004166666666666667,0.00972222222222222,0.011920024420024418,16.0
PLAIN-892,92,0.0,0.0,0.0,0.0,0.06894750129312782,0.05263214339103346,0.09139486751225614,0.0,0.0,0.0,0.0,0.021739130434782608,0.03260869565217391,0.10869565217391304,0.0,0.0,0.0,0.0,0.1,0.06,0.1,0.0,0.0,0.0,0.0,0.06666666666666667,0.06666666666666667,0.06666666666666667,0.0,0.0,0.0,0.0,0.0019323671497584538,0.002864044168391994,0.009834333409767328,15.0
PLAIN-902,4,1.0,0.46927872602275644,0.5413996682199069,0.5413996682199069,0.6439328068381288,0.6439328068381288,0.6439328068381288,0.25,0.25,0.5,0.5,0.75,0.75,0.75,1.0,0.3333333333333333,0.4,0.2,0.15,0.06,0.03,1.0,1.0,1.0,1.0,1.0,1.0,1.0,0.25,0.25,0.35,0.35,0.4076923076923077,0.4076923076923077,0.4076923076923077,1.0
PLAIN-913,34,1.0,0.7039180890341347,0.5087403079104241,0.5415879285615246,0.4275288706348623,0.34115363316701164,0.35744053513193236,0.029411764705882353,0.058823529411764705,0.058823529411764705,0.14705882352941177,0.20588235294117646,0.2647058823529412,0.29411764705882354,1.0,0.6666666666666666,0.4,0.5,0.35,0.18,0.1,1.0,1.0,1.0,1.0,1.0,1.0,1.0,0.029411764705882353,0.04901960784313725,0.04901960784313725,0.09313725490196079,0.1263368983957219,0.14033598640301786,0.1444784884742689,1.0
PLAIN-924,32,1.0,0.46927872602275644,0.3391602052736161,0.2200917662980802,0.1420400396336573,0.10460447009794717,0.10460447009794717,0.03125,0.03125,0.03125,0.03125,0.03125,0.03125,0.03125,1.0,0.3333333333333333,0.2,0.1,0.05,0.02,0.01,1.0,1.0,1.0,1.0,1.0,1.0,1.0,0.03125,0.03125,0.03125,0.03125,0.03125,0.03125,0.03125,1.0
PLAIN-934,101,1.0,0.7653606369886217,0.830419897363192,0.7453016244178956,0.6197875738739778,0.5430940548117538,0.38133279723518615,0.009900990099009901,0.019801980198019802,0.039603960396039604,0.06930693069306931,0.10891089108910891,0.2376237623762376,0.297029702970297,1.0,0.6666666666666666,0.8,0.7,0.55,0.48,0.3,1.0,1.0,1.0,1.0,1.0,1.0,1.0,0.009900990099009901,0.019801980198019802,0.035148514851485145,0.05657708628005658,0.07973165295299985,0.15592337684890503,0.17970591748515927,1.0
PLAIN-946,31,0.0,0.0,0.0,0.07336392209936006,0.04734667987788576,0.03560652114675128,0.03560652114675128,0.0,0.0,0.0,0.03225806451612903,0.03225806451612903,0.03225806451612903,0.03225806451612903,0.0,0.0,0.0,0.1,0.05,0.02,0.01,0.0,0.0,0.0,0.14285714285714285,0.14285714285714285,0.14285714285714285,0.14285714285714285,0.0,0.0,0.0,0.004608294930875576,0.004608294930875576,0.004608294930875576,0.004608294930875576,7.0
PLAIN-956,206,0.0,0.0,0.27727342735504823,0.32195053918879885,0.24183933806750632,0.23343614527125953,0.22704575714555067,0.0,0.0,0.009708737864077669,0.019417475728155338,0.024271844660194174,0.05825242718446602,0.11165048543689321,0.0,0.0,0.4,0.4,0.25,0.24,0.23,0.0,0.0,0.25,0.25,0.25,0.25,0.25,0.0,0.0,0.003155339805825243,0.007524271844660193,0.00895202741290691,0.01641586757703535,0.028422227845579396,4.0
PLAIN-966,3,0.0,0.0,0.0,0.0,0.0,0.0,0.0,0.0,0.0,0.0,0.0,0.0,0.0,0.0,0.0,0.0,0.0,0.0,0.0,0.0,0.0,0.0,0.0,0.0,0.0,0.0,0.0,0.0,0.0,0.0,0.0,0.0,0.0,0.0,0.0,
PLAIN-977,3,0.0,0.0,0.0,0.0,0.0,0.09224219235917257,0.09224219235917257,0.0,0.0,0.0,0.0,0.0,0.3333333333333333,0.3333333333333333,0.0,0.0,0.0,0.0,0.0,0.02,0.01,0.0,0.0,0.0,0.0,0.0,0.030303030303030304,0.030303030303030304,0.0,0.0,0.0,0.0,0.0,0.010101010101010102,0.010101010101010102,33.0
PLAIN-987,3,0.0,0.0,0.0,0.0,0.0,0.0,0.0732173666263434,0.0,0.0,0.0,0.0,0.0,0.0,0.3333333333333333,0.0,0.0,0.0,0.0,0.0,0.0,0.01,0.0,0.0,0.0,0.0,0.0,0.0,0.011904761904761904,0.0,0.0,0.0,0.0,0.0,0.0,0.003968253968253968,84.0
PLAIN-997,2,0.0,0.0,0.0,0.0,0.0,0.0,0.0,0.0,0.0,0.0,0.0,0.0,0.0,0.0,0.0,0.0,0.0,0.0,0.0,0.0,0.0,0.0,0.0,0.0,0.0,0.0,0.0,0.0,0.0,0.0,0.0,0.0,0.0,0.0,0.0,
PLAIN-1008,5,0.0,0.0,0.0,0.0,0.0,0.0,0.0,0.0,0.0,0.0,0.0,0.0,0.0,0.0,0.0,0.0,0.0,0.0,0.0,0.0,0.0,0.0,0.0,0.0,0.0,0.0,0.0,0.0,0.0,0.0,0.0,0.0,0.0,0.0,0.0,
PLAIN-1018,60,0.0,0.0,0.0,0.0,0.0,0.031368011670047546,0.04977135108297622,0.0,0.0,0.0,0.0,0.0,0.03333333333333333,0.06666666666666667,0.0,0.0,0.0,0.0,0.0,0.04,0.04,0.0,0.0,0.0,0.0,0.0,0.037037037037037035,0.037037037037037035,0.0,0.0,0.0,0.0,0.0,0.0016273849607182941,0.003213797801330463,27.0
PLAIN-1028,1,0.0,0.0,0.0,0.0,0.0,0.0,0.0,0.0,0.0,0.0,0.0,0.0,0.0,0.0,0.0,0.0,0.0,0.0,0.0,0.0,0.0,0.0,0.0,0.0,0.0,0.0,0.0,0.0,0.0,0.0,0.0,0.0,0.0,0.0,0.0,
PLAIN-1039,2,1.0,0.6131471927654584,0.6131471927654584,0.7903864795495061,0.7903864795495061,0.7903864795495061,0.7903864795495061,0.5,0.5,0.5,1.0,1.0,1.0,1.0,1.0,0.3333333333333333,0.2,0.2,0.1,0.04,0.02,1.0,1.0,1.0,1.0,1.0,1.0,1.0,0.5,0.5,0.5,0.6,0.6,0.6,0.6,1.0
PLAIN-1050,94,0.0,0.0,0.0,0.0,0.0,0.0,0.015887956882982068,0.0,0.0,0.0,0.0,0.0,0.0,0.02127659574468085,0.0,0.0,0.0,0.0,0.0,0.0,0.02,0.0,0.0,0.0,0.0,0.0,0.0,0.013513513513513514,0.0,0.0,0.0,0.0,0.0,0.0,0.00040971822886716507,74.0
PLAIN-1066,9,0.0,0.0,0.0,0.0,0.0,0.045824250414335695,0.045824250414335695,0.0,0.0,0.0,0.0,0.0,0.1111111111111111,0.1111111111111111,0.0,0.0,0.0,0.0,0.0,0.02,0.01,0.0,0.0,0.0,0.0,0.0,0.029411764705882353,0.029411764705882353,0.0,0.0,0.0,0.0,0.0,0.0032679738562091504,0.0032679738562091504,34.0
PLAIN-1088,5,1.0,0.46927872602275644,0.3391602052736161,0.3391602052736161,0.3391602052736161,0.4113152004679265,0.4113152004679265,0.2,0.2,0.2,0.2,0.2,0.4,0.4,1.0,0.3333333333333333,0.2,0.1,0.05,0.04,0.02,1.0,1.0,1.0,1.0,1.0,1.0,1.0,0.2,0.2,0.2,0.2,0.2,0.21600000000000003,0.21600000000000003,1.0
PLAIN-1098,5,0.0,0.0,0.0,0.0,0.0,0.0,0.05412027409441776,0.0,0.0,0.0,0.0,0.0,0.0,0.2,0.0,0.0,0.0,0.0,0.0,0.0,0.01,0.0,0.0,0.0,0.0,0.0,0.0,0.013157894736842105,0.0,0.0,0.0,0.0,0.0,0.0,0.002631578947368421,76.0
PLAIN-1109,98,1.0,0.7039180890341347,0.7860137352654724,0.5884674004369674,0.3797776458751207,0.23857170012141538,0.16416294375353818,0.01020408163265306,0.02040816326530612,0.04081632653061224,0.05102040816326531,0.05102040816326531,0.07142857142857142,0.09183673469387756,1.0,0.6666666666666666,0.8,0.5,0.25,0.14,0.09,1.0,1.0,1.0,1.0,1.0,1.0,1.0,0.01020408163265306,0.017006802721088433,0.03282312925170068,0.041326530612244894,0.041326530612244894,0.045706012134583564,0.04773423082946892,1.0
PLAIN-1119,11,0.0,0.0,0.0,0.0,0.0,0.0,0.0,0.0,0.0,0.0,0.0,0.0,0.0,0.0,0.0,0.0,0.0,0.0,0.0,0.0,0.0,0.0,0.0,0.0,0.0,0.0,0.0,0.0,0.0,0.0,0.0,0.0,0.0,0.0,0.0,
PLAIN-1130,1,1.0,1.0,1.0,1.0,1.0,1.0,1.0,1.0,1.0,1.0,1.0,1.0,1.0,1.0,1.0,0.3333333333333333,0.2,0.1,0.05,0.02,0.01,1.0,1.0,1.0,1.0,1.0,1.0,1.0,1.0,1.0,1.0,1.0,1.0,1.0,1.0,1.0
PLAIN-1141,16,1.0,0.46927872602275644,0.48522855511632257,0.314880130667631,0.23430673110551667,0.26332472365350157,0.26332472365350157,0.0625,0.0625,0.125,0.125,0.125,0.1875,0.1875,1.0,0.3333333333333333,0.4,0.2,0.1,0.06,0.03,1.0,1.0,1.0,1.0,1.0,1.0,1.0,0.0625,0.0625,0.09375,0.09375,0.09375,0.0975765306122449,0.0975765306122449,1.0
PLAIN-1151,153,0.0,0.2960819109658652,0.21398626473452756,0.2745478892647209,0.2531615983644012,0.22868652992495414,0.17209669660389382,0.0,0.006535947712418301,0.006535947712418301,0.0196078431372549,0.032679738562091505,0.0718954248366013,0.09803921568627451,0.0,0.3333333333333333,0.2,0.3,0.25,0.22,0.15,0.0,0.5,0.5,0.5,0.5,0.5,0.5,0.0,0.0032679738562091504,0.0032679738562091504,0.007080610021786492,0.011791585320997085,0.02115062616341389,0.026285001469676814,2.0
PLAIN-1161,1,0.0,0.0,0.0,0.0,0.0,0.0,0.0,0.0,0.0,0.0,0.0,0.0,0.0,0.0,0.0,0.0,0.0,0.0,0.0,0.0,0.0,0.0,0.0,0.0,0.0,0.0,0.0,0.0,0.0,0.0,0.0,0.0,0.0,0.0,0.0,
PLAIN-1172,19,1.0,0.46927872602275644,0.3391602052736161,0.2200917662980802,0.14678687637874557,0.14678687637874557,0.14678687637874557,0.05263157894736842,0.05263157894736842,0.05263157894736842,0.05263157894736842,0.05263157894736842,0.05263157894736842,0.05263157894736842,1.0,0.3333333333333333,0.2,0.1,0.05,0.02,0.01,1.0,1.0,1.0,1.0,1.0,1.0,1.0,0.05263157894736842,0.05263157894736842,0.05263157894736842,0.05263157894736842,0.05263157894736842,0.05263157894736842,0.05263157894736842,1.0
PLAIN-1183,25,0.0,0.0,0.0,0.0,0.0396210670558156,0.05790890824053753,0.05790890824053753,0.0,0.0,0.0,0.0,0.04,0.08,0.08,0.0,0.0,0.0,0.0,0.05,0.04,0.02,0.0,0.0,0.0,0.0,0.09090909090909091,0.09090909090909091,0.09090909090909091,0.0,0.0,0.0,0.0,0.0036363636363636364,0.005858585858585858,0.005858585858585858,11.0
PLAIN-1193,18,0.0,0.0,0.0,0.0,0.0,0.028002229888533434,0.19998415958630714,0.0,0.0,0.0,0.0,0.0,0.05555555555555555,0.4444444444444444,0.0,0.0,0.0,0.0,0.0,0.02,0.08,0.0,0.0,0.0,0.0,0.0,0.023809523809523808,0.023809523809523808,0.0,0.0,0.0,0.0,0.0,0.0013227513227513227,0.02648787455744886,42.0
PLAIN-1203,12,0.0,0.0,0.0,0.06625422345438904,0.1081991125120707,0.1081991125120707,0.1081991125120707,0.0,0.0,0.0,0.08333333333333333,0.16666666666666666,0.16666666666666666,0.16666666666666666,0.0,0.0,0.0,0.1,0.1,0.04,0.02,0.0,0.0,0.0,0.1111111111111111,0.1111111111111111,0.1111111111111111,0.1111111111111111,0.0,0.0,0.0,0.009259259259259259,0.02037037037037037,0.02037037037037037,0.02037037037037037,9.0
PLAIN-1214,17,0.0,0.0,0.0,0.0,0.0,0.02961037202505925,0.02961037202505925,0.0,0.0,0.0,0.0,0.0,0.058823529411764705,0.058823529411764705,0.0,0.0,0.0,0.0,0.0,0.02,0.01,0.0,0.0,0.0,0.0,0.0,0.02564102564102564,0.02564102564102564,0.0,0.0,0.0,0.0,0.0,0.0015082956259426846,0.0015082956259426846,39.0
PLAIN-1225,27,0.0,0.2960819109658652,0.4912596920895758,0.5270672065167424,0.3756619754383132,0.35457527702815156,0.39107847492685627,0.0,0.037037037037037035,0.1111111111111111,0.2222222222222222,0.25925925925925924,0.3333333333333333,0.4074074074074074,0.0,0.3333333333333333,0.6,0.6,0.35,0.18,0.11,0.0,0.5,0.5,0.5,0.5,0.5,0.5,0.0,0.018518518518518517,0.05925925925925926,0.12674897119341563,0.1440329218106996,0.1620223398001176,0.17127765727169728,2.0
PLAIN-1236,5,0.0,0.0,0.0,0.0,0.0,0.06330507011061545,0.06330507011061545,0.0,0.0,0.0,0.0,0.0,0.2,0.2,0.0,0.0,0.0,0.0,0.0,0.02,0.01,0.0,0.0,0.0,0.0,0.0,0.025,0.025,0.0,0.0,0.0,0.0,0.0,0.005,0.005,40.0
PLAIN-1249,4,0.0,0.0,0.0,0.0,0.0,0.0,0.0,0.0,0.0,0.0,0.0,0.0,0.0,0.0,0.0,0.0,0.0,0.0,0.0,0.0,0.0,0.0,0.0,0.0,0.0,0.0,0.0,0.0,0.0,0.0,0.0,0.0,0.0,0.0,0.0,
PLAIN-1262,10,0.0,0.23463936301137822,0.16958010263680806,0.1100458831490401,0.1100458831490401,0.20196200674610493,0.20196200674610493,0.0,0.1,0.1,0.1,0.1,0.3,0.3,0.0,0.3333333333333333,0.2,0.1,0.05,0.06,0.03,0.0,0.3333333333333333,0.3333333333333333,0.3333333333333333,0.3333333333333333,0.3333333333333333,0.3333333333333333,0.0,0.03333333333333333,0.03333333333333333,0.03333333333333333,0.03333333333333333,0.051515151515151514,0.051515151515151514,3.0
PLAIN-1275,55,0.0,0.5307212739772434,0.6608397947263839,0.5072380780124418,0.39699993495957137,0.2312722695826049,0.26375732997321755,0.0,0.03636363636363636,0.07272727272727272,0.09090909090909091,0.12727272727272726,0.14545454545454545,0.21818181818181817,0.0,0.6666666666666666,0.8,0.5,0.35,0.16,0.12,0.0,0.5,0.5,0.5,0.5,0.5,0.5,0.0,0.02121212121212121,0.04939393939393939,0.06454545454545454,0.07930069930069929,0.08303030303030302,0.09368078142336014,2.0
PLAIN-1288,196,0.0,0.0,0.13120507751234178,0.35781327333109914,0.30373776372832295,0.26897492655793653,0.24232457842280491,0.0,0.0,0.00510204081632653,0.025510204081632654,0.03571428571428571,0.07142857142857142,0.12244897959183673,0.0,0.0,0.2,0.5,0.35,0.28,0.24,0.0,0.0,0.2,0.2,0.2,0.2,0.2,0.0,0.0,0.0010204081632653062,0.009209993521218011,0.013945733971244175,0.02417871257601917,0.037372878959762795,5.0
PLAIN-1299,61,0.0,0.0,0.0,0.06362078819895173,0.04105877938688905,0.022412065205540694,0.0410952173865794,0.0,0.0,0.0,0.01639344262295082,0.01639344262295082,0.01639344262295082,0.04918032786885246,0.0,0.0,0.0,0.1,0.05,0.02,0.03,0.0,0.0,0.0,0.1,0.1,0.1,0.1,0.0,0.0,0.0,0.001639344262295082,0.001639344262295082,0.001639344262295082,0.0026936654491436073,10.0
PLAIN-1309,4,0.0,0.0,0.0,0.0,0.0,0.0,0.06059032649341541,0.0,0.0,0.0,0.0,0.0,0.0,0.25,0.0,0.0,0.0,0.0,0.0,0.0,0.01,0.0,0.0,0.0,0.0,0.0,0.0,0.011627906976744186,0.0,0.0,0.0,0.0,0.0,0.0,0.0029069767441860465,86.0
PLAIN-1320,6,0.0,0.0,0.0,0.0,0.08440880858250024,0.1395090467336353,0.1395090467336353,0.0,0.0,0.0,0.0,0.16666666666666666,0.3333333333333333,0.3333333333333333,0.0,0.0,0.0,0.0,0.05,0.04,0.02,0.0,0.0,0.0,0.0,0.09090909090909091,0.09090909090909091,0.09090909090909091,0.0,0.0,0.0,0.0,0.015151515151515152,0.022727272727272724,0.022727272727272724,11.0
PLAIN-1331,1,0.0,0.0,0.0,0.0,0.0,0.0,0.0,0.0,0.0,0.0,0.0,0.0,0.0,0.0,0.0,0.0,0.0,0.0,0.0,0.0,0.0,0.0,0.0,0.0,0.0,0.0,0.0,0.0,0.0,0.0,0.0,0.0,0.0,0.0,0.0,
PLAIN-1342,16,1.0,0.7653606369886217,0.6992148198508501,0.5199967979955746,0.3869369263324036,0.4213800917663417,0.4213800917663417,0.0625,0.125,0.1875,0.25,0.25,0.3125,0.3125,1.0,0.6666666666666666,0.6,0.4,0.2,0.1,0.05,1.0,1.0,1.0,1.0,1.0,1.0,1.0,0.0625,0.125,0.171875,0.1996527777777778,0.1996527777777778,0.21167200854700857,0.21167200854700857,1.0
PLAIN-1353,4,0.0,0.0,0.0,0.0,0.0,0.0,0.0,0.0,0.0,0.0,0.0,0.0,0.0,0.0,0.0,0.0,0.0,0.0,0.0,0.0,0.0,0.0,0.0,0.0,0.0,0.0,0.0,0.0,0.0,0.0,0.0,0.0,0.0,0.0,0.0,
PLAIN-1363,11,0.0,0.0,0.14606834984270645,0.09478836436955079,0.08930562034683723,0.08930562034683723,0.08930562034683723,0.0,0.0,0.09090909090909091,0.09090909090909091,0.09090909090909091,0.09090909090909091,0.09090909090909091,0.0,0.0,0.2,0.1,0.05,0.02,0.01,0.0,0.0,0.25,0.25,0.25,0.25,0.25,0.0,0.0,0.022727272727272728,0.022727272727272728,0.022727272727272728,0.022727272727272728,0.022727272727272728,4.0
PLAIN-1374,26,0.0,0.0,0.0,0.0,0.0,0.0,0.05712255876264769,0.0,0.0,0.0,0.0,0.0,0.0,0.11538461538461539,0.0,0.0,0.0,0.0,0.0,0.0,0.03,0.0,0.0,0.0,0.0,0.0,0.0,0.018867924528301886,0.0,0.0,0.0,0.0,0.0,0.0,0.0027066654181687657,53.0
PLAIN-1387,12,1.0,1.0,0.7227265726449519,0.5473983622993503,0.5345934840194091,0.534593484019409,0.5963786913666512,0.08333333333333333,0.25,0.25,0.3333333333333333,0.4166666666666667,0.4166666666666667,0.5833333333333334,1.0,1.0,0.6,0.4,0.25,0.1,0.07,1.0,1.0,1.0,1.0,1.0,1.0,1.0,0.08333333333333333,0.25,0.25,0.3055555555555555,0.32870370370370366,0.32870370370370366,0.3420584045584045,1.0
PLAIN-1398,103,1.0,1.0,1.0,1.0,0.8593205571481957,0.49812534826935856,0.32297775859035044,0.009708737864077669,0.02912621359223301,0.04854368932038835,0.0970873786407767,0.1553398058252427,0.17475728155339806,0.1941747572815534,1.0,1.0,1.0,1.0,0.8,0.36,0.2,1.0,1.0,1.0,1.0,1.0,1.0,1.0,0.009708737864077669,0.02912621359223301,0.04854368932038835,0.0970873786407767,0.14919661613580879,0.1578182752429048,0.1641968968810048,1.0
PLAIN-1409,253,0.0,0.23463936301137822,0.16958010263680806,0.17947710508581738,0.18600038435252197,0.25268319060180283,0.1924421913006139,0.0,0.003952569169960474,0.003952569169960474,0.007905138339920948,0.015810276679841896,0.05533596837944664,0.07509881422924901,0.0,0.3333333333333333,0.2,0.2,0.2,0.28,0.19,0.0,0.3333333333333333,0.3333333333333333,0.3333333333333333,0.3333333333333333,0.3333333333333333,0.3333333333333333,0.0,0.0013175230566534913,0.0013175230566534913,0.0023056653491436096,0.004049916521312402,0.014439165365470621,0.01820110162096247,3.0
PLAIN-1419,65,0.0,0.0,0.0,0.07336392209936006,0.08021165044546276,0.07302953099829942,0.09099807507669778,0.0,0.0,0.0,0.015384615384615385,0.03076923076923077,0.06153846153846154,0.1076923076923077,0.0,0.0,0.0,0.1,0.1,0.08,0.07,0.0,0.0,0.0,0.14285714285714285,0.14285714285714285,0.14285714285714285,0.14285714285714285,0.0,0.0,0.0,0.002197802197802198,0.0038172353961827645,0.00660309818204555,0.009747190931401457,7.0
PLAIN-1429,6,0.0,0.0,0.0,0.0,0.0,0.0,0.0,0.0,0.0,0.0,0.0,0.0,0.0,0.0,0.0,0.0,0.0,0.0,0.0,0.0,0.0,0.0,0.0,0.0,0.0,0.0,0.0,0.0,0.0,0.0,0.0,0.0,0.0,0.0,0.0,
PLAIN-1441,186,1.0,1.0,0.7227265726449519,0.5384313152574522,0.4188557128779283,0.3778512604728543,0.2950167338165858,0.005376344086021506,0.016129032258064516,0.016129032258064516,0.021505376344086023,0.03225806451612903,0.08602150537634409,0.12903225806451613,1.0,1.0,0.6,0.4,0.3,0.32,0.24,1.0,1.0,1.0,1.0,1.0,1.0,1.0,0.005376344086021506,0.016129032258064516,0.016129032258064516,0.01881720430107527,0.0227825621563762,0.039413530768152905,0.05199812994345101,1.0
PLAIN-1453,245,1.0,0.7039180890341347,0.5087403079104241,0.4631896595828493,0.3373121206044296,0.26045404545134776,0.19131003121289064,0.004081632653061225,0.00816326530612245,0.00816326530612245,0.0163265306122449,0.02040816326530612,0.04081632653061224,0.05714285714285714,1.0,0.6666666666666666,0.4,0.4,0.25,0.2,0.14,1.0,1.0,1.0,1.0,1.0,1.0,1.0,0.004081632653061225,0.006802721088435374,0.006802721088435374,0.009965986394557822,0.011666666666666665,0.0165177775543715,0.019337510015201776,1.0
PLAIN-1463,24,0.0,0.0,0.14606834984270645,0.09478836436955079,0.12998646033288294,0.11556223166196698,0.1373067713300574,0.0,0.0,0.041666666666666664,0.041666666666666664,0.125,0.125,0.16666666666666666,0.0,0.0,0.2,0.1,0.15,0.06,0.04,0.0,0.0,0.25,0.25,0.25,0.25,0.25,0.0,0.0,0.010416666666666666,0.010416666666666666,0.02297794117647059,0.02297794117647059,0.026008244206773622,4.0
PLAIN-1473,1,0.0,0.0,0.43067655807339306,0.43067655807339306,0.43067655807339306,0.43067655807339306,0.43067655807339306,0.0,0.0,1.0,1.0,1.0,1.0,1.0,0.0,0.0,0.2,0.1,0.05,0.02,0.01,0.0,0.0,0.25,0.25,0.25,0.25,0.25,0.0,0.0,0.25,0.25,0.25,0.25,0.25,4.0
PLAIN-1485,54,0.0,0.0,0.0,0.0,0.0,0.0,0.0,0.0,0.0,0.0,0.0,0.0,0.0,0.0,0.0,0.0,0.0,0.0,0.0,0.0,0.0,0.0,0.0,0.0,0.0,0.0,0.0,0.0,0.0,0.0,0.0,0.0,0.0,0.0,0.0,
PLAIN-1496,1,0.0,0.0,0.0,0.0,0.0,0.0,0.0,0.0,0.0,0.0,0.0,0.0,0.0,0.0,0.0,0.0,0.0,0.0,0.0,0.0,0.0,0.0,0.0,0.0,0.0,0.0,0.0,0.0,0.0,0.0,0.0,0.0,0.0,0.0,0.0,
PLAIN-1506,15,0.0,0.0,0.14606834984270645,0.09478836436955079,0.07347739090382172,0.07347739090382172,0.07347739090382172,0.0,0.0,0.06666666666666667,0.06666666666666667,0.06666666666666667,0.06666666666666667,0.06666666666666667,0.0,0.0,0.2,0.1,0.05,0.02,0.01,0.0,0.0,0.25,0.25,0.25,0.25,0.25,0.0,0.0,0.016666666666666666,0.016666666666666666,0.016666666666666666,0.016666666666666666,0.016666666666666666,4.0
PLAIN-1516,2,0.0,0.0,0.0,0.0,0.0,0.0,0.0,0.0,0.0,0.0,0.0,0.0,0.0,0.0,0.0,0.0,0.0,0.0,0.0,0.0,0.0,0.0,0.0,0.0,0.0,0.0,0.0,0.0,0.0,0.0,0.0,0.0,0.0,0.0,0.0,
PLAIN-1527,202,1.0,0.7653606369886217,0.830419897363192,0.8115558478722846,0.6656233490638768,0.4709467292055494,0.32856100913640024,0.0049504950495049506,0.009900990099009901,0.019801980198019802,0.039603960396039604,0.0594059405940594,0.09405940594059406,0.1188118811881188,1.0,0.6666666666666666,0.8,0.8,0.6,0.38,0.24,1.0,1.0,1.0,1.0,1.0,1.0,1.0,0.0049504950495049506,0.009900990099009901,0.017574257425742573,0.03263397768348263,0.04628203366555142,0.06335854654033163,0.07082416672172061,1.0
PLAIN-1537,45,1.0,0.46927872602275644,0.6164336326286644,0.400023248309252,0.33184598239547314,0.21056289630504535,0.23868282726297727,0.022222222222222223,0.022222222222222223,0.06666666666666667,0.06666666666666667,0.1111111111111111,0.13333333333333333,0.17777777777777778,1.0,0.3333333333333333,0.6,0.3,0.25,0.12,0.08,1.0,1.0,1.0,1.0,1.0,1.0,1.0,0.022222222222222223,0.022222222222222223,0.04666666666666667,0.04666666666666667,0.06128342245989305,0.06498712616359675,0.07055045172692231,1.0
PLAIN-1547,6,0.0,0.0,0.0,0.0,0.0,0.0,0.0,0.0,0.0,0.0,0.0,0.0,0.0,0.0,0.0,0.0,0.0,0.0,0.0,0.0,0.0,0.0,0.0,0.0,0.0,0.0,0.0,0.0,0.0,0.0,0.0,0.0,0.0,0.0,0.0,
PLAIN-1557,26,0.0,0.0,0.0,0.06362078819895173,0.07836552975333369,0.0661363425454503,0.08499175182144823,0.0,0.0,0.0,0.038461538461538464,0.07692307692307693,0.07692307692307693,0.11538461538461539,0.0,0.0,0.0,0.1,0.1,0.04,0.03,0.0,0.0,0.0,0.1,0.1,0.1,0.1,0.0,0.0,0.0,0.0038461538461538464,0.009763313609467455,0.009763313609467455,0.01118781503396888,10.0
PLAIN-1568,2,1.0,1.0,1.0,1.0,1.0,1.0,1.0,0.5,1.0,1.0,1.0,1.0,1.0,1.0,1.0,0.6666666666666666,0.4,0.2,0.1,0.04,0.02,1.0,1.0,1.0,1.0,1.0,1.0,1.0,0.5,1.0,1.0,1.0,1.0,1.0,1.0,1.0
PLAIN-1579,5,0.0,0.0,0.0,0.0,0.0,0.0,0.0,0.0,0.0,0.0,0.0,0.0,0.0,0.0,0.0,0.0,0.0,0.0,0.0,0.0,0.0,0.0,0.0,0.0,0.0,0.0,0.0,0.0,0.0,0.0,0.0,0.0,0.0,0.0,0.0,
PLAIN-1590,18,0.0,0.0,0.13120507751234178,0.15850703974098107,0.10943049302636963,0.10943049302636963,0.13494989231660598,0.0,0.0,0.05555555555555555,0.1111111111111111,0.1111111111111111,0.1111111111111111,0.16666666666666666,0.0,0.0,0.2,0.2,0.1,0.04,0.03,0.0,0.0,0.2,0.2,0.2,0.2,0.2,0.0,0.0,0.011111111111111112,0.026984126984126985,0.026984126984126985,0.026984126984126985,0.029716367421285455,5.0
PLAIN-1601,74,1.0,1.0,1.0,0.7151857987862358,0.5715978899192156,0.3893438892157553,0.31577465063901833,0.013513513513513514,0.04054054054054054,0.06756756756756757,0.08108108108108109,0.12162162162162163,0.1891891891891892,0.21621621621621623,1.0,1.0,1.0,0.6,0.45,0.28,0.16,1.0,1.0,1.0,1.0,1.0,1.0,1.0,0.013513513513513514,0.04054054054054054,0.06756756756756757,0.07657657657657659,0.10005230593465889,0.12560957767067052,0.13115280977640262,1.0
PLAIN-1611,6,0.0,0.0,0.0,0.0,0.0,0.0,0.0,0.0,0.0,0.0,0.0,0.0,0.0,0.0,0.0,0.0,0.0,0.0,0.0,0.0,0.0,0.0,0.0,0.0,0.0,0.0,0.0,0.0,0.0,0.0,0.0,0.0,0.0,0.0,0.0,
PLAIN-1621,4,0.0,0.0,0.0,0.0,0.0,0.0,0.0,0.0,0.0,0.0,0.0,0.0,0.0,0.0,0.0,0.0,0.0,0.0,0.0,0.0,0.0,0.0,0.0,0.0,0.0,0.0,0.0,0.0,0.0,0.0,0.0,0.0,0.0,0.0,0.0,
PLAIN-1635,431,1.0,1.0,0.8687949224876582,0.9148568823583791,0.8015735932429636,0.7152771892755179,0.5823756987485073,0.002320185614849188,0.0069605568445475635,0.009280742459396751,0.02088167053364269,0.03480278422273782,0.0765661252900232,0.11832946635730858,1.0,1.0,0.8,0.9,0.75,0.66,0.51,1.0,1.0,1.0,1.0,1.0,1.0,1.0,0.002320185614849188,0.0069605568445475635,0.009280742459396751,0.019383677678341253,0.030471448640639023,0.0616643125044278,0.08826842882778713,1.0
PLAIN-1645,6,0.0,0.0,0.0,0.0,0.0,0.0,0.045645819170786986,0.0,0.0,0.0,0.0,0.0,0.0,0.16666666666666666,0.0,0.0,0.0,0.0,0.0,0.0,0.01,0.0,0.0,0.0,0.0,0.0,0.0,0.01020408163265306,0.0,0.0,0.0,0.0,0.0,0.0,0.0017006802721088435,98.0
PLAIN-1656,28,0.0,0.2960819109658652,0.21398626473452756,0.13886244387355456,0.12195557835166326,0.14100165794827693,0.17573273040962775,0.0,0.03571428571428571,0.03571428571428571,0.03571428571428571,0.07142857142857142,0.14285714285714285,0.21428571428571427,0.0,0.3333333333333333,0.2,0.1,0.1,0.08,0.06,0.0,0.5,0.5,0.5,0.5,0.5,0.5,0.0,0.017857142857142856,0.017857142857142856,0.017857142857142856,0.02142857142857143,0.027754435107376286,0.03190455997130662,2.0
PLAIN-1667,159,1.0,0.46927872602275644,0.48522855511632257,0.5231534112996472,0.5178614704921752,0.4226518700835561,0.35473711976897204,0.006289308176100629,0.006289308176100629,0.012578616352201259,0.031446540880503145,0.06289308176100629,0.11949685534591195,0.1949685534591195,1.0,0.3333333333333333,0.4,0.5,0.5,0.38,0.31,1.0,1.0,1.0,1.0,1.0,1.0,1.0,0.006289308176100629,0.006289308176100629,0.009433962264150943,0.01851851851851852,0.03567540949616421,0.06254840678836256,0.09118539828019193,1.0
PLAIN-1679,1,0.0,0.0,0.0,0.0,0.0,0.0,0.0,0.0,0.0,0.0,0.0,0.0,0.0,0.0,0.0,0.0,0.0,0.0,0.0,0.0,0.0,0.0,0.0,0.0,0.0,0.0,0.0,0.0,0.0,0.0,0.0,0.0,0.0,0.0,0.0,
PLAIN-1690,4,0.0,0.0,0.0,0.0,0.0,0.0,0.0,0.0,0.0,0.0,0.0,0.0,0.0,0.0,0.0,0.0,0.0,0.0,0.0,0.0,0.0,0.0,0.0,0.0,0.0,0.0,0.0,0.0,0.0,0.0,0.0,0.0,0.0,0.0,0.0,
PLAIN-1700,5,0.0,0.0,0.0,0.0,0.0,0.0,0.0,0.0,0.0,0.0,0.0,0.0,0.0,0.0,0.0,0.0,0.0,0.0,0.0,0.0,0.0,0.0,0.0,0.0,0.0,0.0,0.0,0.0,0.0,0.0,0.0,0.0,0.0,0.0,0.0,
PLAIN-1710,16,1.0,1.0,1.0,1.0,0.8770703002965652,0.8770703002965652,0.9037012127022727,0.0625,0.1875,0.3125,0.625,0.8125,0.8125,0.875,1.0,1.0,1.0,1.0,0.65,0.26,0.14,1.0,1.0,1.0,1.0,1.0,1.0,1.0,0.0625,0.1875,0.3125,0.625,0.8125,0.8125,0.825,1.0
PLAIN-1721,31,0.0,0.2960819109658652,0.21398626473452756,0.2172607128522299,0.17751972054440512,0.13350164572958845,0.2021317112710074,0.0,0.03225806451612903,0.03225806451612903,0.06451612903225806,0.0967741935483871,0.0967741935483871,0.22580645161290322,0.0,0.3333333333333333,0.2,0.2,0.15,0.06,0.07,0.0,0.5,0.5,0.5,0.5,0.5,0.5,0.0,0.016129032258064516,0.016129032258064516,0.026881720430107524,0.03432588916459884,0.03432588916459884,0.04364221972223394,2.0
PLAIN-1731,3,1.0,0.7653606369886217,0.7653606369886217,0.7653606369886217,0.7653606369886217,0.7653606369886217,0.7653606369886217,0.3333333333333333,0.6666666666666666,0.6666666666666666,0.6666666666666666,0.6666666666666666,0.6666666666666666,0.6666666666666666,1.0,0.6666666666666666,0.4,0.2,0.1,0.04,0.02,1.0,1.0,1.0,1.0,1.0,1.0,1.0,0.3333333333333333,0.6666666666666666,0.6666666666666666,0.6666666666666666,0.6666666666666666,0.6666666666666666,0.6666666666666666,1.0
PLAIN-1741,420,0.0,0.0,0.0,0.06943122193677728,0.07767361416924873,0.05687011183587555,0.06516588695364889,0.0,0.0,0.0,0.002380952380952381,0.004761904761904762,0.007142857142857143,0.016666666666666666,0.0,0.0,0.0,0.1,0.1,0.06,0.07,0.0,0.0,0.0,0.125,0.125,0.125,0.125,0.0,0.0,0.0,0.00029761904761904765,0.0005482456140350877,0.0007268170426065163,0.0013691114535576436,8.0
PLAIN-1752,1,0.0,0.0,0.0,0.0,0.0,0.0,0.0,0.0,0.0,0.0,0.0,0.0,0.0,0.0,0.0,0.0,0.0,0.0,0.0,0.0,0.0,0.0,0.0,0.0,0.0,0.0,0.0,0.0,0.0,0.0,0.0,0.0,0.0,0.0,0.0,
PLAIN-1762,8,0.0,0.0,0.13120507751234178,0.09785159463516042,0.09785159463516042,0.15166415642410083,0.1901646529109508,0.0,0.0,0.125,0.125,0.125,0.25,0.375,0.0,0.0,0.2,0.1,0.05,0.04,0.03,0.0,0.0,0.2,0.2,0.2,0.2,0.2,0.0,0.0,0.025,0.025,0.025,0.035,0.03898936170212766,5.0
PLAIN-1772,2,1.0,1.0,1.0,1.0,1.0,1.0,1.0,0.5,1.0,1.0,1.0,1.0,1.0,1.0,1.0,0.6666666666666666,0.4,0.2,0.1,0.04,0.02,1.0,1.0,1.0,1.0,1.0,1.0,1.0,0.5,1.0,1.0,1.0,1.0,1.0,1.0,1.0
PLAIN-1784,2,0.0,0.0,0.0,0.0,0.0,0.0,0.0,0.0,0.0,0.0,0.0,0.0,0.0,0.0,0.0,0.0,0.0,0.0,0.0,0.0,0.0,0.0,0.0,0.0,0.0,0.0,0.0,0.0,0.0,0.0,0.0,0.0,0.0,0.0,0.0,
PLAIN-1794,2,1.0,0.6131471927654584,0.8503449055347546,0.8503449055347546,0.8503449055347546,0.8503449055347546,0.8503449055347546,0.5,0.5,1.0,1.0,1.0,1.0,1.0,1.0,0.3333333333333333,0.4,0.2,0.1,0.04,0.02,1.0,1.0,1.0,1.0,1.0,1.0,1.0,0.5,0.5,0.7,0.7,0.7,0.7,0.7,1.0
PLAIN-1805,116,1.0,1.0,1.0,0.8669479898642711,0.7373660048001631,0.4779624368966899,0.31638003648003904,0.008620689655172414,0.02586206896551724,0.04310344827586207,0.06896551724137931,0.11206896551724138,0.15517241379310345,0.1810344827586207,1.0,1.0,1.0,0.8,0.65,0.36,0.21,1.0,1.0,1.0,1.0,1.0,1.0,1.0,0.008620689655172414,0.02586206896551724,0.04310344827586207,0.06800766283524905,0.09931653847261832,0.11935155912947387,0.12503417934249336,1.0
PLAIN-1817,27,1.0,0.7653606369886217,0.6843515475204855,0.5958595188912911,0.4200582876699037,0.3690678012133893,0.42572377515062254,0.037037037037037035,0.07407407407407407,0.1111111111111111,0.18518518518518517,0.2222222222222222,0.25925925925925924,0.37037037037037035,1.0,0.6666666666666666,0.6,0.5,0.3,0.14,0.1,1.0,1.0,1.0,1.0,1.0,1.0,1.0,0.037037037037037035,0.07407407407407407,0.0962962962962963,0.1474426807760141,0.16225749559082894,0.1703593474426808,0.18411949397118887,1.0
PLAIN-1827,3,0.0,0.0,0.0,0.0,0.0,0.0,0.0,0.0,0.0,0.0,0.0,0.0,0.0,0.0,0.0,0.0,0.0,0.0,0.0,0.0,0.0,0.0,0.0,0.0,0.0,0.0,0.0,0.0,0.0,0.0,0.0,0.0,0.0,0.0,0.0,
PLAIN-1837,196,1.0,1.0,1.0,1.0,1.0,0.8121557743783818,0.6319159353526645,0.00510204081632653,0.015306122448979591,0.025510204081632654,0.05102040816326531,0.10204081632653061,0.18877551020408162,0.2755102040816326,1.0,1.0,1.0,1.0,1.0,0.74,0.54,1.0,1.0,1.0,1.0,1.0,1.0,1.0,0.00510204081632653,0.015306122448979591,0.025510204081632654,0.05102040816326531,0.10204081632653061,0.18406480630845368,0.23979349957543403,1.0
PLAIN-1847,11,0.0,0.0,0.0,0.0,0.0,0.037757970811937755,0.037757970811937755,0.0,0.0,0.0,0.0,0.0,0.09090909090909091,0.09090909090909091,0.0,0.0,0.0,0.0,0.0,0.02,0.01,0.0,0.0,0.0,0.0,0.0,0.022727272727272728,0.022727272727272728,0.0,0.0,0.0,0.0,0.0,0.002066115702479339,0.002066115702479339,44.0
PLAIN-1857,33,1.0,1.0,0.8687949224876582,0.5637884576902257,0.3638506620318612,0.26255697763654795,0.26255697763654795,0.030303030303030304,0.09090909090909091,0.12121212121212122,0.12121212121212122,0.12121212121212122,0.12121212121212122,0.12121212121212122,1.0,1.0,0.8,0.4,0.2,0.08,0.04,1.0,1.0,1.0,1.0,1.0,1.0,1.0,0.030303030303030304,0.09090909090909091,0.12121212121212122,0.12121212121212122,0.12121212121212122,0.12121212121212122,0.12121212121212122,1.0
PLAIN-1867,7,0.0,0.0,0.0,0.0,0.0,0.09898154596802405,0.09898154596802405,0.0,0.0,0.0,0.0,0.0,0.2857142857142857,0.2857142857142857,0.0,0.0,0.0,0.0,0.0,0.04,0.02,0.0,0.0,0.0,0.0,0.0,0.022222222222222223,0.022222222222222223,0.0,0.0,0.0,0.0,0.0,0.009253630530226275,0.009253630530226275,45.0
PLAIN-1877,36,0.0,0.0,0.0,0.0,0.0,0.0,0.0,0.0,0.0,0.0,0.0,0.0,0.0,0.0,0.0,0.0,0.0,0.0,0.0,0.0,0.0,0.0,0.0,0.0,0.0,0.0,0.0,0.0,0.0,0.0,0.0,0.0,0.0,0.0,0.0,
PLAIN-1887,4,0.0,0.0,0.0,0.0,0.0,0.0,0.06059032649341541,0.0,0.0,0.0,0.0,0.0,0.0,0.25,0.0,0.0,0.0,0.0,0.0,0.0,0.01,0.0,0.0,0.0,0.0,0.0,0.0,0.011627906976744186,0.0,0.0,0.0,0.0,0.0,0.0,0.0029069767441860465,86.0
PLAIN-1897,2,0.0,0.0,0.0,0.0,0.0,0.0,0.0,0.0,0.0,0.0,0.0,0.0,0.0,0.0,0.0,0.0,0.0,0.0,0.0,0.0,0.0,0.0,0.0,0.0,0.0,0.0,0.0,0.0,0.0,0.0,0.0,0.0,0.0,0.0,0.0,
PLAIN-1909,463,1.0,0.7653606369886217,0.830419897363192,0.6051399156371956,0.52779772758326,0.4906396684215175,0.37871594509754597,0.0021598272138228943,0.004319654427645789,0.008639308855291577,0.01079913606911447,0.019438444924406047,0.047516198704103674,0.06911447084233262,1.0,0.6666666666666666,0.8,0.5,0.45,0.44,0.32,1.0,1.0,1.0,1.0,1.0,1.0,1.0,0.0021598272138228943,0.004319654427645789,0.007667386609071274,0.008867290616750659,0.012690381530611155,0.026772590872346173,0.03464208117605828,1.0
PLAIN-1919,27,1.0,1.0,1.0,0.7967610662472993,0.6242439039804728,0.584686211070428,0.6047376490150417,0.037037037037037035,0.1111111111111111,0.18518518518518517,0.25925925925925924,0.37037037037037035,0.48148148148148145,0.5185185185185185,1.0,1.0,1.0,0.7,0.5,0.26,0.14,1.0,1.0,1.0,1.0,1.0,1.0,1.0,0.037037037037037035,0.1111111111111111,0.18518518518518517,0.25462962962962965,0.32716167274990804,0.3713659317741764,0.3806251910334357,1.0
PLAIN-1929,10,1.0,0.46927872602275644,0.4703652827859579,0.3052348839397012,0.3052348839397012,0.3052348839397012,0.3052348839397012,0.1,0.1,0.2,0.2,0.2,0.2,0.2,1.0,0.3333333333333333,0.4,0.2,0.1,0.04,0.02,1.0,1.0,1.0,1.0,1.0,1.0,1.0,0.1,0.1,0.13999999999999999,0.13999999999999999,0.13999999999999999,0.13999999999999999,0.13999999999999999,1.0
PLAIN-1940,12,1.0,0.46927872602275644,0.4703652827859579,0.3052348839397012,0.2723195544860243,0.2723195544860243,0.2723195544860243,0.08333333333333333,0.08333333333333333,0.16666666666666666,0.16666666666666666,0.16666666666666666,0.16666666666666666,0.16666666666666666,1.0,0.3333333333333333,0.4,0.2,0.1,0.04,0.02,1.0,1.0,1.0,1.0,1.0,1.0,1.0,0.08333333333333333,0.08333333333333333,0.11666666666666665,0.11666666666666665,0.11666666666666665,0.11666666666666665,0.11666666666666665,1.0
PLAIN-1950,13,0.0,0.2960819109658652,0.36005461457723403,0.23365080824310536,0.24727533444026242,0.24727533444026242,0.27794948716938117,0.0,0.07692307692307693,0.15384615384615385,0.15384615384615385,0.23076923076923078,0.23076923076923078,0.3076923076923077,0.0,0.3333333333333333,0.4,0.2,0.15,0.06,0.04,0.0,0.5,0.5,0.5,0.5,0.5,0.5,0.0,0.038461538461538464,0.07692307692307693,0.07692307692307693,0.09467455621301776,0.09467455621301776,0.09926697871588802,2.0
PLAIN-1962,13,0.0,0.0,0.0,0.0,0.0,0.03927070090309962,0.03927070090309962,0.0,0.0,0.0,0.0,0.0,0.07692307692307693,0.07692307692307693,0.0,0.0,0.0,0.0,0.0,0.02,0.01,0.0,0.0,0.0,0.0,0.0,0.038461538461538464,0.038461538461538464,0.0,0.0,0.0,0.0,0.0,0.002958579881656805,0.002958579881656805,26.0
PLAIN-1972,11,0.0,0.0,0.0,0.0,0.04720998255710777,0.0924363565747907,0.12712792725051175,0.0,0.0,0.0,0.0,0.09090909090909091,0.18181818181818182,0.2727272727272727,0.0,0.0,0.0,0.0,0.05,0.04,0.03,0.0,0.0,0.0,0.0,0.05,0.05,0.05,0.0,0.0,0.0,0.0,0.004545454545454546,0.012450592885375493,0.016849419864847635,20.0
PLAIN-1983,32,1.0,1.0,0.8539316501572937,0.6203974344166849,0.4358942571492612,0.3584740248516802,0.3750679506680557,0.03125,0.09375,0.125,0.15625,0.1875,0.25,0.28125,1.0,1.0,0.8,0.5,0.3,0.16,0.09,1.0,1.0,1.0,1.0,1.0,1.0,1.0,0.03125,0.09375,0.11875,0.1361111111111111,0.1486111111111111,0.15857487922705316,0.16218064845782237,1.0
PLAIN-1995,11,0.0,0.0,0.0,0.0,0.0,0.04147224578293317,0.1411732682364425,0.0,0.0,0.0,0.0,0.0,0.09090909090909091,0.36363636363636365,0.0,0.0,0.0,0.0,0.0,0.02,0.04,0.0,0.0,0.0,0.0,0.0,0.03225806451612903,0.03225806451612903,0.0,0.0,0.0,0.0,0.0,0.002932551319648094,0.01353508010399506,31.0
PLAIN-2009,8,0.0,0.0,0.14606834984270645,0.1089364926177559,0.1089364926177559,0.1089364926177559,0.1089364926177559,0.0,0.0,0.125,0.125,0.125,0.125,0.125,0.0,0.0,0.2,0.1,0.05,0.02,0.01,0.0,0.0,0.25,0.25,0.25,0.25,0.25,0.0,0.0,0.03125,0.03125,0.03125,0.03125,0.03125,4.0
PLAIN-2019,3,0.0,0.0,0.0,0.0,0.0,0.0,0.07211025423636115,0.0,0.0,0.0,0.0,0.0,0.0,0.3333333333333333,0.0,0.0,0.0,0.0,0.0,0.0,0.01,0.0,0.0,0.0,0.0,0.0,0.0,0.011111111111111112,0.0,0.0,0.0,0.0,0.0,0.0,0.003703703703703704,90.0
PLAIN-2030,6,0.0,0.0,0.0,0.0,0.0,0.0,0.0,0.0,0.0,0.0,0.0,0.0,0.0,0.0,0.0,0.0,0.0,0.0,0.0,0.0,0.0,0.0,0.0,0.0,0.0,0.0,0.0,0.0,0.0,0.0,0.0,0.0,0.0,0.0,0.0,
PLAIN-2040,132,1.0,0.7653606369886217,0.6843515475204855,0.5861163849908828,0.37826037727049266,0.2519521200128963,0.20268714654085945,0.007575757575757576,0.015151515151515152,0.022727272727272728,0.03787878787878788,0.03787878787878788,0.06060606060606061,0.10606060606060606,1.0,0.6666666666666666,0.6,0.5,0.25,0.16,0.14,1.0,1.0,1.0,1.0,1.0,1.0,1.0,0.007575757575757576,0.015151515151515152,0.0196969696969697,0.028535353535353535,0.028535353535353535,0.033209124740225214,0.04120340421139675,1.0
PLAIN-2051,355,1.0,0.46927872602275644,0.4703652827859579,0.43828689407543026,0.4259719573241169,0.33932297881941975,0.27817001643261474,0.0028169014084507044,0.0028169014084507044,0.005633802816901409,0.011267605633802818,0.022535211267605635,0.04225352112676056,0.0676056338028169,1.0,0.3333333333333333,0.4,0.4,0.4,0.3,0.24,1.0,1.0,1.0,1.0,1.0,1.0,1.0,0.0028169014084507044,0.0028169014084507044,0.003943661971830986,0.006126760563380281,0.011008330685869603,0.01805251537417327,0.02490509274757611,1.0
PLAIN-2061,410,1.0,1.0,1.0,0.8669479898642711,0.7756743905418236,0.6913662445448202,0.5711487379427757,0.0024390243902439024,0.007317073170731708,0.012195121951219513,0.01951219512195122,0.03414634146341464,0.07804878048780488,0.12439024390243902,1.0,1.0,1.0,0.8,0.7,0.64,0.51,1.0,1.0,1.0,1.0,1.0,1.0,1.0,0.0024390243902439024,0.007317073170731708,0.012195121951219513,0.01924119241192412,0.03069556744781392,0.05826042130892906,0.08392434551337626,1.0
PLAIN-2071,45,1.0,0.46927872602275644,0.3391602052736161,0.2200917662980802,0.1420400396336573,0.14777819431237385,0.2030368259171501,0.022222222222222223,0.022222222222222223,0.022222222222222223,0.022222222222222223,0.022222222222222223,0.1111111111111111,0.2,1.0,0.3333333333333333,0.2,0.1,0.05,0.1,0.09,1.0,1.0,1.0,1.0,1.0,1.0,1.0,0.022222222222222223,0.022222222222222223,0.022222222222222223,0.022222222222222223,0.022222222222222223,0.03055545865069674,0.04075925802424757,1.0
PLAIN-2081,1,0.0,0.0,0.0,0.0,0.0,0.0,0.0,0.0,0.0,0.0,0.0,0.0,0.0,0.0,0.0,0.0,0.0,0.0,0.0,0.0,0.0,0.0,0.0,0.0,0.0,0.0,0.0,0.0,0.0,0.0,0.0,0.0,0.0,0.0,0.0,
PLAIN-2092,10,1.0,0.7039180890341347,0.6548086577531307,0.4249260138166711,0.5381306229665929,0.5381306229665929,0.5381306229665929,0.1,0.2,0.3,0.3,0.5,0.5,0.5,1.0,0.6666666666666666,0.6,0.3,0.25,0.1,0.05,1.0,1.0,1.0,1.0,1.0,1.0,1.0,0.1,0.16666666666666666,0.24166666666666664,0.24166666666666664,0.3058080808080808,0.3058080808080808,0.3058080808080808,1.0
PLAIN-2102,421,0.0,0.5307212739772434,0.5296347172140421,0.5590796706691327,0.5404867936739467,0.43357577806955805,0.3428103284590575,0.0,0.004750593824228029,0.007125890736342043,0.014251781472684086,0.026128266033254157,0.047505938242280284,0.07125890736342043,0.0,0.6666666666666666,0.6,0.6,0.55,0.4,0.3,0.0,0.5,0.5,0.5,0.5,0.5,0.5,0.0,0.002771179730799683,0.004552652414885194,0.009258002488406289,0.016488176642570938,0.026974139977625818,0.03464926110616752,2.0
PLAIN-2113,1,0.0,0.0,0.0,0.0,0.0,0.0,0.0,0.0,0.0,0.0,0.0,0.0,0.0,0.0,0.0,0.0,0.0,0.0,0.0,0.0,0.0,0.0,0.0,0.0,0.0,0.0,0.0,0.0,0.0,0.0,0.0,0.0,0.0,0.0,0.0,
PLAIN-2124,17,1.0,0.7039180890341347,0.639945385422766,0.5580759111248786,0.399578716522815,0.399578716522815,0.399578716522815,0.058823529411764705,0.11764705882352941,0.17647058823529413,0.29411764705882354,0.29411764705882354,0.29411764705882354,0.29411764705882354,1.0,0.6666666666666666,0.6,0.5,0.25,0.1,0.05,1.0,1.0,1.0,1.0,1.0,1.0,1.0,0.058823529411764705,0.0980392156862745,0.13333333333333333,0.2037114845938375,0.2037114845938375,0.2037114845938375,0.2037114845938375,1.0
PLAIN-2134,12,0.0,0.0,0.0,0.0,0.0,0.0,0.0,0.0,0.0,0.0,0.0,0.0,0.0,0.0,0.0,0.0,0.0,0.0,0.0,0.0,0.0,0.0,0.0,0.0,0.0,0.0,0.0,0.0,0.0,0.0,0.0,0.0,0.0,0.0,0.0,
PLAIN-2145,9,0.0,0.0,0.0,0.0,0.0,0.04358896759704515,0.04358896759704515,0.0,0.0,0.0,0.0,0.0,0.1111111111111111,0.1111111111111111,0.0,0.0,0.0,0.0,0.0,0.02,0.01,0.0,0.0,0.0,0.0,0.0,0.024390243902439025,0.024390243902439025,0.0,0.0,0.0,0.0,0.0,0.0027100271002710027,0.0027100271002710027,41.0
PLAIN-2156,6,1.0,0.7653606369886217,0.5531464700081437,0.4935232796777481,0.4935232796777481,0.4935232796777481,0.4935232796777481,0.16666666666666666,0.3333333333333333,0.3333333333333333,0.3333333333333333,0.3333333333333333,0.3333333333333333,0.3333333333333333,1.0,0.6666666666666666,0.4,0.2,0.1,0.04,0.02,1.0,1.0,1.0,1.0,1.0,1.0,1.0,0.16666666666666666,0.3333333333333333,0.3333333333333333,0.3333333333333333,0.3333333333333333,0.3333333333333333,0.3333333333333333,1.0
PLAIN-2167,1,0.0,0.0,0.0,0.0,0.0,0.0,0.0,0.0,0.0,0.0,0.0,0.0,0.0,0.0,0.0,0.0,0.0,0.0,0.0,0.0,0.0,0.0,0.0,0.0,0.0,0.0,0.0,0.0,0.0,0.0,0.0,0.0,0.0,0.0,0.0,
PLAIN-2177,24,1.0,0.46927872602275644,0.3391602052736161,0.29849003527675555,0.23102036077365723,0.20538468685113442,0.24741819244642158,0.041666666666666664,0.041666666666666664,0.041666666666666664,0.08333333333333333,0.125,0.125,0.20833333333333334,1.0,0.3333333333333333,0.2,0.2,0.15,0.06,0.05,1.0,1.0,1.0,1.0,1.0,1.0,1.0,0.041666666666666664,0.041666666666666664,0.041666666666666664,0.05555555555555555,0.06597222222222222,0.06597222222222222,0.07182250401590023,1.0
PLAIN-2187,9,0.0,0.0,0.0,0.0,0.0,0.0,0.0,0.0,0.0,0.0,0.0,0.0,0.0,0.0,0.0,0.0,0.0,0.0,0.0,0.0,0.0,0.0,0.0,0.0,0.0,0.0,0.0,0.0,0.0,0.0,0.0,0.0,0.0,0.0,0.0,
PLAIN-2197,58,1.0,0.7653606369886217,0.6843515475204855,0.6594803070902427,0.4603572298472471,0.31123767479319575,0.3038792163625396,0.017241379310344827,0.034482758620689655,0.05172413793103448,0.10344827586206896,0.1206896551724138,0.1896551724137931,0.22413793103448276,1.0,0.6666666666666666,0.6,0.6,0.35,0.22,0.13,1.0,1.0,1.0,1.0,1.0,1.0,1.0,0.017241379310344827,0.034482758620689655,0.04482758620689655,0.07898193760262726,0.08652504105090311,0.10500034931479059,0.11122050846598422,1.0
PLAIN-2209,2,0.0,0.0,0.0,0.0,0.0,0.0,0.0,0.0,0.0,0.0,0.0,0.0,0.0,0.0,0.0,0.0,0.0,0.0,0.0,0.0,0.0,0.0,0.0,0.0,0.0,0.0,0.0,0.0,0.0,0.0,0.0,0.0,0.0,0.0,0.0,
PLAIN-2220,9,0.0,0.0,0.0,0.0,0.0,0.09326797986883739,0.09326797986883739,0.0,0.0,0.0,0.0,0.0,0.2222222222222222,0.2222222222222222,0.0,0.0,0.0,0.0,0.0,0.04,0.02,0.0,0.0,0.0,0.0,0.0,0.03333333333333333,0.03333333333333333,0.0,0.0,0.0,0.0,0.0,0.010239651416122006,0.010239651416122006,30.0
PLAIN-2230,7,0.0,0.0,0.0,0.0,0.0,0.0,0.0,0.0,0.0,0.0,0.0,0.0,0.0,0.0,0.0,0.0,0.0,0.0,0.0,0.0,0.0,0.0,0.0,0.0,0.0,0.0,0.0,0.0,0.0,0.0,0.0,0.0,0.0,0.0,0.0,
PLAIN-2240,11,1.0,0.46927872602275644,0.3391602052736161,0.2200917662980802,0.265203180921961,0.265203180921961,0.265203180921961,0.09090909090909091,0.09090909090909091,0.09090909090909091,0.09090909090909091,0.18181818181818182,0.18181818181818182,0.18181818181818182,1.0,0.3333333333333333,0.2,0.1,0.1,0.04,0.02,1.0,1.0,1.0,1.0,1.0,1.0,1.0,0.09090909090909091,0.09090909090909091,0.09090909090909091,0.09090909090909091,0.10743801652892562,0.10743801652892562,0.10743801652892562,1.0
PLAIN-2250,2,0.0,0.0,0.0,0.0,0.0,0.0,0.0,0.0,0.0,0.0,0.0,0.0,0.0,0.0,0.0,0.0,0.0,0.0,0.0,0.0,0.0,0.0,0.0,0.0,0.0,0.0,0.0,0.0,0.0,0.0,0.0,0.0,0.0,0.0,0.0,
PLAIN-2261,60,1.0,0.7039180890341347,0.5087403079104241,0.39375843764607205,0.28886901153624356,0.18810405856013065,0.17734236404620132,0.016666666666666666,0.03333333333333333,0.03333333333333333,0.05,0.06666666666666667,0.1,0.11666666666666667,1.0,0.6666666666666666,0.4,0.3,0.2,0.12,0.07,1.0,1.0,1.0,1.0,1.0,1.0,1.0,0.016666666666666666,0.027777777777777776,0.027777777777777776,0.032777777777777774,0.036944444444444446,0.042424924924924924,0.04424784159159159,1.0
PLAIN-2271,10,0.0,0.0,0.0,0.0,0.0,0.044425321991508476,0.044425321991508476,0.0,0.0,0.0,0.0,0.0,0.1,0.1,0.0,0.0,0.0,0.0,0.0,0.02,0.01,0.0,0.0,0.0,0.0,0.0,0.03333333333333333,0.03333333333333333,0.0,0.0,0.0,0.0,0.0,0.003333333333333333,0.003333333333333333,30.0
PLAIN-2281,1,0.0,0.0,0.0,0.0,0.0,0.0,0.0,0.0,0.0,0.0,0.0,0.0,0.0,0.0,0.0,0.0,0.0,0.0,0.0,0.0,0.0,0.0,0.0,0.0,0.0,0.0,0.0,0.0,0.0,0.0,0.0,0.0,0.0,0.0,0.0,
PLAIN-2291,5,0.0,0.0,0.0,0.0,0.0,0.07397229644086958,0.07397229644086958,0.0,0.0,0.0,0.0,0.0,0.2,0.2,0.0,0.0,0.0,0.0,0.0,0.02,0.01,0.0,0.0,0.0,0.0,0.0,0.043478260869565216,0.043478260869565216,0.0,0.0,0.0,0.0,0.0,0.008695652173913044,0.008695652173913044,23.0
PLAIN-2301,13,0.0,0.0,0.0,0.0,0.04779446988744362,0.04779446988744362,0.04779446988744362,0.0,0.0,0.0,0.0,0.07692307692307693,0.07692307692307693,0.07692307692307693,0.0,0.0,0.0,0.0,0.05,0.02,0.01,0.0,0.0,0.0,0.0,0.07142857142857142,0.07142857142857142,0.07142857142857142,0.0,0.0,0.0,0.0,0.005494505494505494,0.005494505494505494,0.005494505494505494,14.0
PLAIN-2311,2,0.0,0.0,0.0,0.0,0.0,0.0,0.0,0.0,0.0,0.0,0.0,0.0,0.0,0.0,0.0,0.0,0.0,0.0,0.0,0.0,0.0,0.0,0.0,0.0,0.0,0.0,0.0,0.0,0.0,0.0,0.0,0.0,0.0,0.0,0.0,
PLAIN-2321,5,0.0,0.0,0.0,0.0,0.0,0.06372882143962796,0.06372882143962796,0.0,0.0,0.0,0.0,0.0,0.2,0.2,0.0,0.0,0.0,0.0,0.0,0.02,0.01,0.0,0.0,0.0,0.0,0.0,0.02564102564102564,0.02564102564102564,0.0,0.0,0.0,0.0,0.0,0.005128205128205128,0.005128205128205128,39.0
PLAIN-2332,97,0.0,0.2960819109658652,0.21398626473452756,0.2024832320725063,0.1994892115450836,0.20291463066301826,0.16791334690153983,0.0,0.010309278350515464,0.010309278350515464,0.020618556701030927,0.041237113402061855,0.10309278350515463,0.15463917525773196,0.0,0.3333333333333333,0.2,0.2,0.2,0.2,0.15,0.0,0.5,0.5,0.5,0.5,0.5,0.5,0.0,0.005154639175257732,0.005154639175257732,0.007216494845360824,0.011575197089144937,0.026492716337163418,0.03647923343907158,2.0
PLAIN-2343,2,0.0,0.0,0.0,0.0,0.0,0.0,0.0,0.0,0.0,0.0,0.0,0.0,0.0,0.0,0.0,0.0,0.0,0.0,0.0,0.0,0.0,0.0,0.0,0.0,0.0,0.0,0.0,0.0,0.0,0.0,0.0,0.0,0.0,0.0,0.0,
PLAIN-2354,5,0.0,0.2960819109658652,0.36005461457723403,0.36005461457723403,0.44138945996565365,0.44138945996565365,0.44138945996565365,0.0,0.2,0.4,0.4,0.6,0.6,0.6,0.0,0.3333333333333333,0.4,0.2,0.15,0.06,0.03,0.0,0.5,0.5,0.5,0.5,0.5,0.5,0.0,0.1,0.2,0.2,0.23529411764705882,0.23529411764705882,0.23529411764705882,2.0
PLAIN-2364,15,0.0,0.0,0.0,0.0,0.0,0.0,0.0,0.0,0.0,0.0,0.0,0.0,0.0,0.0,0.0,0.0,0.0,0.0,0.0,0.0,0.0,0.0,0.0,0.0,0.0,0.0,0.0,0.0,0.0,0.0,0.0,0.0,0.0,0.0,0.0,
PLAIN-2375,2,0.0,0.0,0.0,0.0,0.0,0.0,0.0,0.0,0.0,0.0,0.0,0.0,0.0,0.0,0.0,0.0,0.0,0.0,0.0,0.0,0.0,0.0,0.0,0.0,0.0,0.0,0.0,0.0,0.0,0.0,0.0,0.0,0.0,0.0,0.0,
PLAIN-2386,19,0.0,0.0,0.0,0.0,0.0,0.0,0.0,0.0,0.0,0.0,0.0,0.0,0.0,0.0,0.0,0.0,0.0,0.0,0.0,0.0,0.0,0.0,0.0,0.0,0.0,0.0,0.0,0.0,0.0,0.0,0.0,0.0,0.0,0.0,0.0,
PLAIN-2396,18,0.0,0.0,0.0,0.0,0.0,0.0,0.0,0.0,0.0,0.0,0.0,0.0,0.0,0.0,0.0,0.0,0.0,0.0,0.0,0.0,0.0,0.0,0.0,0.0,0.0,0.0,0.0,0.0,0.0,0.0,0.0,0.0,0.0,0.0,0.0,
PLAIN-2408,5,0.0,0.0,0.0,0.0,0.0,0.06723507268634088,0.12419661503286442,0.0,0.0,0.0,0.0,0.0,0.2,0.4,0.0,0.0,0.0,0.0,0.0,0.02,0.02,0.0,0.0,0.0,0.0,0.0,0.03125,0.03125,0.0,0.0,0.0,0.0,0.0,0.00625,0.01280737704918033,32.0
PLAIN-2430,46,1.0,0.7653606369886217,0.6992148198508501,0.45374257454118555,0.31958884079839095,0.26003536899235075,0.340195464507401,0.021739130434782608,0.043478260869565216,0.06521739130434782,0.06521739130434782,0.06521739130434782,0.10869565217391304,0.2608695652173913,1.0,0.6666666666666666,0.6,0.3,0.15,0.1,0.12,1.0,1.0,1.0,1.0,1.0,1.0,1.0,0.021739130434782608,0.043478260869565216,0.059782608695652176,0.059782608695652176,0.059782608695652176,0.06535855448898928,0.08320915823258045,1.0
PLAIN-2440,21,0.0,0.0,0.0,0.0,0.0,0.02586571807949664,0.04926599761143973,0.0,0.0,0.0,0.0,0.0,0.047619047619047616,0.09523809523809523,0.0,0.0,0.0,0.0,0.0,0.02,0.02,0.0,0.0,0.0,0.0,0.0,0.02564102564102564,0.02564102564102564,0.0,0.0,0.0,0.0,0.0,0.001221001221001221,0.002863037345795966,39.0
PLAIN-2450,38,0.0,0.23463936301137822,0.16958010263680806,0.18844415212771543,0.21747059921148126,0.20220704181318627,0.22144151665165504,0.0,0.02631578947368421,0.02631578947368421,0.05263157894736842,0.10526315789473684,0.15789473684210525,0.21052631578947367,0.0,0.3333333333333333,0.2,0.2,0.2,0.12,0.08,0.0,0.3333333333333333,0.3333333333333333,0.3333333333333333,0.3333333333333333,0.3333333333333333,0.3333333333333333,0.0,0.008771929824561403,0.008771929824561403,0.017543859649122806,0.02719298245614035,0.03495252910601627,0.039126269909638224,3.0
PLAIN-2460,31,0.0,0.11731968150568911,0.2308584011611105,0.1817071225819924,0.23846835681292702,0.2765750667985412,0.35687818958882167,0.0,0.03225806451612903,0.06451612903225806,0.06451612903225806,0.12903225806451613,0.25806451612903225,0.41935483870967744,0.0,0.3333333333333333,0.4,0.2,0.2,0.16,0.13,0.0,0.3333333333333333,0.3333333333333333,0.3333333333333333,0.3333333333333333,0.3333333333333333,0.3333333333333333,0.0,0.01075268817204301,0.026881720430107524,0.026881720430107524,0.0424705458661316,0.07069669733854236,0.0958368882519132,3.0
PLAIN-2470,73,1.0,0.46927872602275644,0.404762744029787,0.41062276412503834,0.3814160201226959,0.31766196745173964,0.2806993956559184,0.0136986301369863,0.0136986301369863,0.0273972602739726,0.0547945205479452,0.0821917808219178,0.1506849315068493,0.1917808219178082,1.0,0.3333333333333333,0.4,0.4,0.3,0.22,0.14,1.0,1.0,1.0,1.0,1.0,1.0,1.0,0.0136986301369863,0.0136986301369863,0.01917808219178082,0.033855185909980434,0.04369009985448342,0.06547019697704629,0.0737141360068541,1.0
PLAIN-2480,18,0.0,0.0,0.06560253875617089,0.07818579138493935,0.06348292096711229,0.11865267092779871,0.11865267092779871,0.0,0.0,0.05555555555555555,0.1111111111111111,0.1111111111111111,0.2222222222222222,0.2222222222222222,0.0,0.0,0.2,0.2,0.1,0.08,0.04,0.0,0.0,0.2,0.2,0.2,0.2,0.2,0.0,0.0,0.011111111111111112,0.02345679012345679,0.02345679012345679,0.034402193926003445,0.034402193926003445,5.0
PLAIN-2490,23,0.0,0.0,0.0,0.04754488915824038,0.03566091747716512,0.07292684827235042,0.13337998905481438,0.0,0.0,0.0,0.043478260869565216,0.043478260869565216,0.08695652173913043,0.21739130434782608,0.0,0.0,0.0,0.1,0.05,0.04,0.05,0.0,0.0,0.0,0.16666666666666666,0.16666666666666666,0.16666666666666666,0.16666666666666666,0.0,0.0,0.0,0.007246376811594202,0.007246376811594202,0.010590858416945374,0.01743069972165415,6.0
PLAIN-2500,7,0.0,0.0,0.0,0.0,0.0,0.07983022818292496,0.17144672975754793,0.0,0.0,0.0,0.0,0.0,0.14285714285714285,0.5714285714285714,0.0,0.0,0.0,0.0,0.0,0.02,0.04,0.0,0.0,0.0,0.0,0.0,0.038461538461538464,0.038461538461538464,0.0,0.0,0.0,0.0,0.0,0.005494505494505495,0.02211092007010374,26.0
PLAIN-2510,46,0.0,0.38268031849431083,0.34960740992542505,0.3052695562492681,0.4647632877432055,0.4868660974942505,0.5480826450672588,0.0,0.043478260869565216,0.06521739130434782,0.08695652173913043,0.2391304347826087,0.45652173913043476,0.5869565217391305,0.0,0.6666666666666666,0.6,0.4,0.55,0.42,0.27,0.0,0.5,0.5,0.5,0.5,0.5,0.5,0.0,0.02536231884057971,0.041666666666666664,0.056159420289855065,0.13864025131103472,0.24994819747429403,0.2939362292862138,2.0
PLAIN-2520,73,0.0,0.0,0.07303417492135322,0.11233168801144579,0.12227430178372684,0.1511054117842263,0.1387396114177703,0.0,0.0,0.0136986301369863,0.0410958904109589,0.0684931506849315,0.136986301369863,0.1643835616438356,0.0,0.0,0.2,0.3,0.25,0.2,0.12,0.0,0.0,0.25,0.25,0.25,0.25,0.25,0.0,0.0,0.003424657534246575,0.010578386605783864,0.020036964557512502,0.038807050450886074,0.04223658409932474,4.0
PLAIN-2530,72,1.0,1.0,0.934397461243829,0.8909024361113251,0.7862073883101842,0.6185387840215331,0.5381276791567243,0.013888888888888888,0.041666666666666664,0.06944444444444445,0.1388888888888889,0.2222222222222222,0.2916666666666667,0.3333333333333333,1.0,1.0,1.0,1.0,0.8,0.42,0.24,1.0,1.0,1.0,1.0,1.0,1.0,1.0,0.013888888888888888,0.041666666666666664,0.06944444444444445,0.1388888888888889,0.2146786492374728,0.26076754892347076,0.2735313170882395,1.0
PLAIN-2540,21,0.0,0.0,0.0,0.0,0.04650819809308871,0.1488691970024017,0.17932756340116007,0.0,0.0,0.0,0.0,0.047619047619047616,0.23809523809523808,0.2857142857142857,0.0,0.0,0.0,0.0,0.05,0.1,0.06,0.0,0.0,0.0,0.0,0.07692307692307693,0.07692307692307693,0.07692307692307693,0.0,0.0,0.0,0.0,0.003663003663003663,0.02326795587665153,0.028870196773010077,13.0
PLAIN-2550,25,0.5,0.23463936301137822,0.23518264139297895,0.17670908943366181,0.13406105007653796,0.12126621515037365,0.16193326312829187,0.04,0.04,0.08,0.08,0.08,0.08,0.16,1.0,0.3333333333333333,0.4,0.2,0.1,0.04,0.04,1.0,1.0,1.0,1.0,1.0,1.0,1.0,0.04,0.04,0.055999999999999994,0.055999999999999994,0.055999999999999994,0.055999999999999994,0.05914791079210459,1.0
PLAIN-2560,21,1.0,1.0,1.0,1.0,0.7660199233623831,0.7672507628066284,0.7806599073500404,0.047619047619047616,0.14285714285714285,0.23809523809523808,0.47619047619047616,0.47619047619047616,0.5238095238095238,0.5714285714285714,1.0,1.0,1.0,1.0,0.5,0.22,0.12,1.0,1.0,1.0,1.0,1.0,1.0,1.0,0.047619047619047616,0.14285714285714285,0.23809523809523808,0.47619047619047616,0.47619047619047616,0.4892857142857143,0.49733400402414485,1.0
PLAIN-2570,40,0.5,0.617319681505689,0.44615333764087994,0.321568268448101,0.3427528057284268,0.31622283800812756,0.36014974642211917,0.025,0.075,0.075,0.075,0.15,0.25,0.325,1.0,1.0,0.6,0.3,0.3,0.2,0.13,1.0,1.0,1.0,1.0,1.0,1.0,1.0,0.025,0.075,0.075,0.075,0.09933858710948494,0.12711278988368774,0.13922059662039143,1.0
PLAIN-2580,23,0.0,0.0,0.0,0.0,0.0,0.021384670757199666,0.052710611813622354,0.0,0.0,0.0,0.0,0.0,0.043478260869565216,0.08695652173913043,0.0,0.0,0.0,0.0,0.0,0.02,0.02,0.0,0.0,0.0,0.0,0.0,0.038461538461538464,0.038461538461538464,0.0,0.0,0.0,0.0,0.0,0.0016722408026755855,0.0026492803727781746,26.0
PLAIN-2590,63,0.0,0.0,0.0,0.07374337793232244,0.10276570395176127,0.0912075390220468,0.11336553028963597,0.0,0.0,0.0,0.031746031746031744,0.047619047619047616,0.06349206349206349,0.1111111111111111,0.0,0.0,0.0,0.2,0.15,0.08,0.07,0.0,0.0,0.0,0.14285714285714285,0.14285714285714285,0.14285714285714285,0.14285714285714285,0.0,0.0,0.0,0.006235827664399093,0.00963718820861678,0.011753590325018895,0.015226380037089947,7.0
PLAIN-2600,10,1.0,0.5865984075284455,0.6100386934655652,0.4730858197898606,0.5451342525577657,0.5451342525577657,0.5451342525577657,0.1,0.2,0.3,0.3,0.4,0.4,0.4,1.0,0.6666666666666666,0.6,0.3,0.2,0.08,0.04,1.0,1.0,1.0,1.0,1.0,1.0,1.0,0.1,0.16666666666666666,0.24166666666666664,0.24166666666666664,0.2702380952380952,0.2702380952380952,0.2702380952380952,1.0
PLAIN-2610,61,0.0,0.0,0.14606834984270645,0.16815228646891087,0.18007050212877104,0.16425936371726668,0.16425477726797783,0.0,0.0,0.01639344262295082,0.03278688524590164,0.04918032786885246,0.09836065573770492,0.13114754098360656,0.0,0.0,0.2,0.2,0.15,0.12,0.08,0.0,0.0,0.25,0.25,0.25,0.25,0.25,0.0,0.0,0.004098360655737705,0.008782201405152224,0.01325314030232063,0.020237583762173928,0.023064489638612677,4.0
PLAIN-2620,55,0.0,0.23463936301137822,0.16958010263680806,0.17630010660342915,0.1888734031827617,0.18242072405910625,0.21356824786965994,0.0,0.01818181818181818,0.01818181818181818,0.03636363636363636,0.09090909090909091,0.14545454545454545,0.2,0.0,0.3333333333333333,0.2,0.2,0.25,0.16,0.11,0.0,0.3333333333333333,0.3333333333333333,0.3333333333333333,0.3333333333333333,0.3333333333333333,0.3333333333333333,0.0,0.006060606060606061,0.006060606060606061,0.010101010101010102,0.024839213074507198,0.036214604924036976,0.04313937545705493,3.0
PLAIN-2630,48,1.0,0.7653606369886217,0.6992148198508501,0.45374257454118555,0.3089997877891925,0.21964427615126472,0.2699986627309988,0.020833333333333332,0.041666666666666664,0.0625,0.0625,0.08333333333333333,0.08333333333333333,0.14583333333333334,1.0,0.6666666666666666,0.6,0.3,0.2,0.08,0.07,1.0,1.0,1.0,1.0,1.0,1.0,1.0,0.020833333333333332,0.041666666666666664,0.057291666666666664,0.057291666666666664,0.06145833333333334,0.06145833333333334,0.06728227321524423,1.0
PLAIN-2640,48,0.5,0.35195904451706733,0.32740432887656534,0.2931869720522172,0.2749655726871018,0.2911942181907504,0.310652828153519,0.020833333333333332,0.041666666666666664,0.0625,0.10416666666666667,0.14583333333333334,0.25,0.2916666666666667,1.0,0.6666666666666666,0.6,0.5,0.35,0.24,0.14,1.0,1.0,1.0,1.0,1.0,1.0,1.0,0.020833333333333332,0.03472222222222222,0.05034722222222222,0.07527281746031746,0.0961061507936508,0.12966319142599567,0.13787214664987626,1.0
PLAIN-2650,29,1.0,0.7039180890341347,0.639945385422766,0.5631102580041939,0.43135367668094443,0.5087143995388909,0.5087143995388909,0.034482758620689655,0.06896551724137931,0.10344827586206896,0.1724137931034483,0.1724137931034483,0.3448275862068966,0.3448275862068966,1.0,0.6666666666666666,0.6,0.5,0.25,0.2,0.1,1.0,1.0,1.0,1.0,1.0,1.0,1.0,0.034482758620689655,0.057471264367816084,0.07816091954022988,0.12270114942528734,0.12270114942528734,0.15829855264199819,0.15829855264199819,1.0
PLAIN-2660,27,0.0,0.0,0.0,0.07336392209936006,0.08465343024433039,0.08776303475307105,0.16991193924297948,0.0,0.0,0.0,0.037037037037037035,0.07407407407407407,0.1111111111111111,0.25925925925925924,0.0,0.0,0.0,0.1,0.1,0.06,0.07,0.0,0.0,0.0,0.14285714285714285,0.14285714285714285,0.14285714285714285,0.14285714285714285,0.0,0.0,0.0,0.005291005291005291,0.01098901098901099,0.01321123321123321,0.023865081916702172,7.0
PLAIN-2670,35,1.0,0.46927872602275644,0.3937481555797838,0.29964840342598303,0.2180740150253072,0.16292352957990994,0.19061916370436768,0.02857142857142857,0.02857142857142857,0.02857142857142857,0.02857142857142857,0.02857142857142857,0.02857142857142857,0.05714285714285714,1.0,0.3333333333333333,0.2,0.1,0.05,0.02,0.02,1.0,1.0,1.0,1.0,1.0,1.0,1.0,0.02857142857142857,0.02857142857142857,0.02857142857142857,0.02857142857142857,0.02857142857142857,0.02857142857142857,0.02955665024630542,1.0
PLAIN-2680,14,0.0,0.0,0.0,0.0,0.028039434603397626,0.07470032826821807,0.11194738520517722,0.0,0.0,0.0,0.0,0.07142857142857142,0.14285714285714285,0.21428571428571427,0.0,0.0,0.0,0.0,0.05,0.04,0.03,0.0,0.0,0.0,0.0,0.06666666666666667,0.06666666666666667,0.06666666666666667,0.0,0.0,0.0,0.0,0.0047619047619047615,0.010052910052910051,0.013401124338624337,15.0
PLAIN-2690,43,0.0,0.0,0.0,0.16973397118540903,0.12191270215768335,0.13652773078669173,0.2014278313613873,0.0,0.0,0.0,0.06976744186046512,0.06976744186046512,0.16279069767441862,0.27906976744186046,0.0,0.0,0.0,0.3,0.15,0.14,0.12,0.0,0.0,0.0,0.14285714285714285,0.14285714285714285,0.14285714285714285,0.14285714285714285,0.0,0.0,0.0,0.01611295681063123,0.01611295681063123,0.033066711077151506,0.04894415700901226,7.0
PLAIN-2700,10,0.0,0.2960819109658652,0.24842742676916893,0.18905709333163617,0.22498680469602994,0.30855545214670316,0.3320571423443019,0.0,0.1,0.1,0.1,0.2,0.4,0.5,0.0,0.3333333333333333,0.2,0.1,0.1,0.08,0.05,0.0,0.5,0.5,0.5,0.5,0.5,0.5,0.0,0.05,0.05,0.05,0.061764705882352944,0.07918325224826774,0.08528081322387748,2.0
PLAIN-2710,21,1.0,1.0,0.8613632863224759,0.6779733527921183,0.5085121074774102,0.4973468259924507,0.5457517484612474,0.047619047619047616,0.14285714285714285,0.23809523809523808,0.23809523809523808,0.23809523809523808,0.23809523809523808,0.38095238095238093,1.0,1.0,1.0,0.5,0.25,0.1,0.08,1.0,1.0,1.0,1.0,1.0,1.0,1.0,0.047619047619047616,0.14285714285714285,0.23809523809523808,0.23809523809523808,0.23809523809523808,0.23809523809523808,0.25308519209782865,1.0
PLAIN-2720,36,0.0,0.0,0.0,0.06980907277687455,0.05117625146024682,0.05341270361823157,0.05341270361823157,0.0,0.0,0.0,0.05555555555555555,0.05555555555555555,0.08333333333333333,0.08333333333333333,0.0,0.0,0.0,0.2,0.1,0.06,0.03,0.0,0.0,0.0,0.14285714285714285,0.14285714285714285,0.14285714285714285,0.14285714285714285,0.0,0.0,0.0,0.010141093474426807,0.010141093474426807,0.013014656692817612,0.013014656692817612,7.0
PLAIN-2730,29,1.0,0.7039180890341347,0.5087403079104241,0.39498620278100377,0.30528367554840574,0.35434132169601196,0.380153334443938,0.034482758620689655,0.06896551724137931,0.06896551724137931,0.10344827586206896,0.10344827586206896,0.2413793103448276,0.3103448275862069,1.0,0.6666666666666666,0.4,0.3,0.15,0.14,0.09,1.0,1.0,1.0,1.0,1.0,1.0,1.0,0.034482758620689655,0.057471264367816084,0.057471264367816084,0.07471264367816091,0.07471264367816091,0.0985493406623267,0.1078225236197202,1.0
PLAIN-2740,50,1.0,0.7039180890341347,0.5087403079104241,0.48940972152258755,0.4211890829120257,0.27964995311599267,0.2905654899466534,0.02,0.04,0.04,0.06,0.08,0.1,0.12,1.0,0.6666666666666666,0.4,0.3,0.2,0.1,0.06,1.0,1.0,1.0,1.0,1.0,1.0,1.0,0.02,0.03333333333333333,0.03333333333333333,0.041904761904761896,0.04857142857142857,0.05333333333333333,0.05555555555555555,1.0
PLAIN-2750,59,1.0,0.5865984075284455,0.5625869702695442,0.5114036032939299,0.41667535241803083,0.360323005017025,0.3730240116350744,0.01694915254237288,0.03389830508474576,0.06779661016949153,0.1016949152542373,0.11864406779661017,0.2033898305084746,0.2711864406779661,1.0,0.6666666666666666,0.8,0.6,0.35,0.24,0.16,1.0,1.0,1.0,1.0,1.0,1.0,1.0,0.01694915254237288,0.028248587570621465,0.054519774011299434,0.08135593220338982,0.08794726930320151,0.12088659654982427,0.13296650877712043,1.0
PLAIN-2760,8,0.0,0.0,0.0,0.0,0.0858866530503628,0.0858866530503628,0.14065530329885312,0.0,0.0,0.0,0.0,0.125,0.125,0.25,0.0,0.0,0.0,0.0,0.05,0.02,0.02,0.0,0.0,0.0,0.0,0.058823529411764705,0.058823529411764705,0.058823529411764705,0.0,0.0,0.0,0.0,0.007352941176470588,0.007352941176470588,0.010070332480818414,17.0
PLAIN-2770,41,0.0,0.0,0.06560253875617089,0.19145702631721206,0.19095310265362014,0.20352498721672038,0.278195287291934,0.0,0.0,0.024390243902439025,0.07317073170731707,0.12195121951219512,0.21951219512195122,0.36585365853658536,0.0,0.0,0.2,0.3,0.25,0.18,0.15,0.0,0.0,0.2,0.2,0.2,0.2,0.2,0.0,0.0,0.004878048780487805,0.020993031358885018,0.03318815331010453,0.056247072710487345,0.08392126875523728,5.0
PLAIN-2780,22,1.0,0.617319681505689,0.5191875125622332,0.43877398042974053,0.3618673488987893,0.3822937867808025,0.44132725253007654,0.045454545454545456,0.09090909090909091,0.13636363636363635,0.18181818181818182,0.22727272727272727,0.3181818181818182,0.45454545454545453,1.0,0.6666666666666666,0.6,0.4,0.25,0.14,0.1,1.0,1.0,1.0,1.0,1.0,1.0,1.0,0.045454545454545456,0.09090909090909091,0.125,0.15097402597402595,0.16612554112554112,0.18429014167650531,0.20401849869299793,1.0
PLAIN-2790,59,0.0,0.0,0.14606834984270645,0.15840915256850252,0.12134456691042436,0.126781016245503,0.1342246416525883,0.0,0.0,0.01694915254237288,0.03389830508474576,0.03389830508474576,0.06779661016949153,0.1016949152542373,0.0,0.0,0.2,0.2,0.1,0.08,0.06,0.0,0.0,0.25,0.25,0.25,0.25,0.25,0.0,0.0,0.00423728813559322,0.007627118644067797,0.007627118644067797,0.0114914535291263,0.014701863927428865,4.0
PLAIN-2800,24,0.0,0.0,0.0,0.0,0.026675962998919788,0.024343460427933082,0.024343460427933082,0.0,0.0,0.0,0.0,0.041666666666666664,0.041666666666666664,0.041666666666666664,0.0,0.0,0.0,0.0,0.05,0.02,0.01,0.0,0.0,0.0,0.0,0.0625,0.0625,0.0625,0.0,0.0,0.0,0.0,0.0026041666666666665,0.0026041666666666665,0.0026041666666666665,16.0
PLAIN-2810,8,0.0,0.0,0.0,0.0,0.0,0.0,0.0,0.0,0.0,0.0,0.0,0.0,0.0,0.0,0.0,0.0,0.0,0.0,0.0,0.0,0.0,0.0,0.0,0.0,0.0,0.0,0.0,0.0,0.0,0.0,0.0,0.0,0.0,0.0,0.0,
PLAIN-2820,8,0.0,0.0,0.0,0.0,0.0,0.0,0.0,0.0,0.0,0.0,0.0,0.0,0.0,0.0,0.0,0.0,0.0,0.0,0.0,0.0,0.0,0.0,0.0,0.0,0.0,0.0,0.0,0.0,0.0,0.0,0.0,0.0,0.0,0.0,0.0,
PLAIN-2830,3,0.0,0.0,0.27511096828801057,0.27511096828801057,0.27511096828801057,0.27511096828801057,0.3296338394795453,0.0,0.0,0.3333333333333333,0.3333333333333333,0.3333333333333333,0.3333333333333333,0.6666666666666666,0.0,0.0,0.2,0.1,0.05,0.02,0.02,0.0,0.0,0.25,0.25,0.25,0.25,0.25,0.0,0.0,0.08333333333333333,0.08333333333333333,0.08333333333333333,0.08333333333333333,0.09502923976608187,4.0
PLAIN-2840,17,0.0,0.0,0.0,0.0,0.0,0.0,0.025624512312129335,0.0,0.0,0.0,0.0,0.0,0.0,0.058823529411764705,0.0,0.0,0.0,0.0,0.0,0.0,0.01,0.0,0.0,0.0,0.0,0.0,0.0,0.014285714285714285,0.0,0.0,0.0,0.0,0.0,0.0,0.0008403361344537815,70.0
PLAIN-2850,9,0.0,0.0,0.0,0.0,0.0,0.036811610171821725,0.036811610171821725,0.0,0.0,0.0,0.0,0.0,0.1111111111111111,0.1111111111111111,0.0,0.0,0.0,0.0,0.0,0.02,0.01,0.0,0.0,0.0,0.0,0.0,0.02857142857142857,0.02857142857142857,0.0,0.0,0.0,0.0,0.0,0.0031746031746031746,0.0031746031746031746,35.0
PLAIN-2860,2,1.0,1.0,1.0,1.0,1.0,1.0,1.0,0.5,1.0,1.0,1.0,1.0,1.0,1.0,1.0,0.6666666666666666,0.4,0.2,0.1,0.04,0.02,1.0,1.0,1.0,1.0,1.0,1.0,1.0,0.5,1.0,1.0,1.0,1.0,1.0,1.0,1.0
PLAIN-2870,5,0.0,0.0,0.0,0.08442111803551768,0.08442111803551768,0.08442111803551768,0.08442111803551768,0.0,0.0,0.0,0.2,0.2,0.2,0.2,0.0,0.0,0.0,0.1,0.05,0.02,0.01,0.0,0.0,0.0,0.14285714285714285,0.14285714285714285,0.14285714285714285,0.14285714285714285,0.0,0.0,0.0,0.02857142857142857,0.02857142857142857,0.02857142857142857,0.02857142857142857,7.0
PLAIN-2880,17,0.0,0.0,0.0,0.0,0.0,0.021877397063329154,0.021877397063329154,0.0,0.0,0.0,0.0,0.0,0.058823529411764705,0.058823529411764705,0.0,0.0,0.0,0.0,0.0,0.02,0.01,0.0,0.0,0.0,0.0,0.0,0.024390243902439025,0.024390243902439025,0.0,0.0,0.0,0.0,0.0,0.0014347202295552368,0.0014347202295552368,41.0
PLAIN-2890,29,0.0,0.0,0.0,0.11381311447980799,0.07847123051140205,0.06334806563125664,0.06334806563125664,0.0,0.0,0.0,0.034482758620689655,0.034482758620689655,0.034482758620689655,0.034482758620689655,0.0,0.0,0.0,0.1,0.05,0.02,0.01,0.0,0.0,0.0,0.125,0.125,0.125,0.125,0.0,0.0,0.0,0.004310344827586207,0.004310344827586207,0.004310344827586207,0.004310344827586207,8.0
PLAIN-2900,12,0.0,0.0,0.0,0.0,0.03343956488724711,0.03343956488724711,0.0539327277901821,0.0,0.0,0.0,0.0,0.08333333333333333,0.08333333333333333,0.16666666666666666,0.0,0.0,0.0,0.0,0.05,0.02,0.02,0.0,0.0,0.0,0.0,0.07142857142857142,0.07142857142857142,0.07142857142857142,0.0,0.0,0.0,0.0,0.005952380952380952,0.005952380952380952,0.007984901277584203,14.0
PLAIN-2910,15,1.0,0.5316519652587917,0.43673949858938643,0.32391343968871883,0.26694151849573755,0.26694151849573755,0.28750125040392405,0.06666666666666667,0.06666666666666667,0.06666666666666667,0.06666666666666667,0.06666666666666667,0.06666666666666667,0.13333333333333333,1.0,0.3333333333333333,0.2,0.1,0.05,0.02,0.02,1.0,1.0,1.0,1.0,1.0,1.0,1.0,0.06666666666666667,0.06666666666666667,0.06666666666666667,0.06666666666666667,0.06666666666666667,0.06666666666666667,0.06816479400749063,1.0
PLAIN-2920,7,0.0,0.0,0.0,0.0,0.0,0.0,0.0,0.0,0.0,0.0,0.0,0.0,0.0,0.0,0.0,0.0,0.0,0.0,0.0,0.0,0.0,0.0,0.0,0.0,0.0,0.0,0.0,0.0,0.0,0.0,0.0,0.0,0.0,0.0,0.0,
PLAIN-2930,14,1.0,0.6387878864795979,0.5065267082131061,0.36077903708155934,0.3403239400914836,0.3403239400914836,0.3403239400914836,0.07142857142857142,0.07142857142857142,0.07142857142857142,0.07142857142857142,0.14285714285714285,0.14285714285714285,0.14285714285714285,1.0,0.3333333333333333,0.2,0.1,0.1,0.04,0.02,1.0,1.0,1.0,1.0,1.0,1.0,1.0,0.07142857142857142,0.07142857142857142,0.07142857142857142,0.07142857142857142,0.08095238095238096,0.08095238095238096,0.08095238095238096,1.0
PLAIN-2940,22,0.0,0.0,0.0,0.0,0.0,0.0,0.0,0.0,0.0,0.0,0.0,0.0,0.0,0.0,0.0,0.0,0.0,0.0,0.0,0.0,0.0,0.0,0.0,0.0,0.0,0.0,0.0,0.0,0.0,0.0,0.0,0.0,0.0,0.0,0.0,
PLAIN-2950,2,0.0,0.0,0.0,0.0,0.0,0.0,0.0,0.0,0.0,0.0,0.0,0.0,0.0,0.0,0.0,0.0,0.0,0.0,0.0,0.0,0.0,0.0,0.0,0.0,0.0,0.0,0.0,0.0,0.0,0.0,0.0,0.0,0.0,0.0,0.0,
PLAIN-2960,2,0.0,0.0,0.0,0.25339584447728947,0.25339584447728947,0.25339584447728947,0.25339584447728947,0.0,0.0,0.0,0.5,0.5,0.5,0.5,0.0,0.0,0.0,0.1,0.05,0.02,0.01,0.0,0.0,0.0,0.14285714285714285,0.14285714285714285,0.14285714285714285,0.14285714285714285,0.0,0.0,0.0,0.07142857142857142,0.07142857142857142,0.07142857142857142,0.07142857142857142,7.0
PLAIN-2970,9,0.0,0.0,0.0,0.0,0.0,0.0,0.0636788861175549,0.0,0.0,0.0,0.0,0.0,0.0,0.1111111111111111,0.0,0.0,0.0,0.0,0.0,0.0,0.01,0.0,0.0,0.0,0.0,0.0,0.0,0.016129032258064516,0.0,0.0,0.0,0.0,0.0,0.0,0.0017921146953405018,62.0
PLAIN-2981,7,1.0,0.6387878864795979,0.5065267082131061,0.43122038713502525,0.43122038713502525,0.43122038713502525,0.43122038713502525,0.14285714285714285,0.14285714285714285,0.14285714285714285,0.14285714285714285,0.14285714285714285,0.14285714285714285,0.14285714285714285,1.0,0.3333333333333333,0.2,0.1,0.05,0.02,0.01,1.0,1.0,1.0,1.0,1.0,1.0,1.0,0.14285714285714285,0.14285714285714285,0.14285714285714285,0.14285714285714285,0.14285714285714285,0.14285714285714285,0.14285714285714285,1.0
PLAIN-2991,2,0.0,0.0,0.0,0.20438239758848611,0.20438239758848611,0.20438239758848611,0.20438239758848611,0.0,0.0,0.0,0.5,0.5,0.5,0.5,0.0,0.0,0.0,0.1,0.05,0.02,0.01,0.0,0.0,0.0,0.14285714285714285,0.14285714285714285,0.14285714285714285,0.14285714285714285,0.0,0.0,0.0,0.07142857142857142,0.07142857142857142,0.07142857142857142,0.07142857142857142,7.0
PLAIN-3001,2,0.0,0.0,0.0,0.0,0.14186890186599416,0.14186890186599416,0.14186890186599416,0.0,0.0,0.0,0.0,0.5,0.5,0.5,0.0,0.0,0.0,0.0,0.05,0.02,0.01,0.0,0.0,0.0,0.0,0.05263157894736842,0.05263157894736842,0.05263157894736842,0.0,0.0,0.0,0.0,0.02631578947368421,0.02631578947368421,0.02631578947368421,19.0
PLAIN-3014,1,0.0,0.0,0.0,0.0,0.0,0.0,0.0,0.0,0.0,0.0,0.0,0.0,0.0,0.0,0.0,0.0,0.0,0.0,0.0,0.0,0.0,0.0,0.0,0.0,0.0,0.0,0.0,0.0,0.0,0.0,0.0,0.0,0.0,0.0,0.0,
PLAIN-3026,1,0.0,0.0,0.0,0.2890648263178879,0.2890648263178879,0.2890648263178879,0.2890648263178879,0.0,0.0,0.0,1.0,1.0,1.0,1.0,0.0,0.0,0.0,0.1,0.05,0.02,0.01,0.0,0.0,0.0,0.1,0.1,0.1,0.1,0.0,0.0,0.0,0.1,0.1,0.1,0.1,10.0
PLAIN-3037,4,0.0,0.0,0.0,0.0,0.0,0.0,0.18122611396853808,0.0,0.0,0.0,0.0,0.0,0.0,0.75,0.0,0.0,0.0,0.0,0.0,0.0,0.03,0.0,0.0,0.0,0.0,0.0,0.0,0.013333333333333334,0.0,0.0,0.0,0.0,0.0,0.0,0.016464646464646467,75.0
PLAIN-3053,3,1.0,0.46927872602275644,0.46927872602275644,0.46927872602275644,0.5797511209818538,0.6744746031819587,0.6744746031819587,0.3333333333333333,0.3333333333333333,0.3333333333333333,0.3333333333333333,0.6666666666666666,1.0,1.0,1.0,0.3333333333333333,0.2,0.1,0.1,0.06,0.03,1.0,1.0,1.0,1.0,1.0,1.0,1.0,0.3333333333333333,0.3333333333333333,0.3333333333333333,0.3333333333333333,0.3703703703703704,0.40370370370370373,0.40370370370370373,1.0
PLAIN-3063,4,0.0,0.2960819109658652,0.24630238874073,0.24630238874073,0.24630238874073,0.24630238874073,0.24630238874073,0.0,0.25,0.25,0.25,0.25,0.25,0.25,0.0,0.3333333333333333,0.2,0.1,0.05,0.02,0.01,0.0,0.5,0.5,0.5,0.5,0.5,0.5,0.0,0.125,0.125,0.125,0.125,0.125,0.125,2.0
PLAIN-3074,1,0.0,0.6309297535714575,0.6309297535714575,0.6309297535714575,0.6309297535714575,0.6309297535714575,0.6309297535714575,0.0,1.0,1.0,1.0,1.0,1.0,1.0,0.0,0.3333333333333333,0.2,0.1,0.05,0.02,0.01,0.0,0.5,0.5,0.5,0.5,0.5,0.5,0.0,0.5,0.5,0.5,0.5,0.5,0.5,2.0
PLAIN-3085,2,0.0,0.3065735963827292,0.3065735963827292,0.3065735963827292,0.4635135407606591,0.4635135407606591,0.4635135407606591,0.0,0.5,0.5,0.5,1.0,1.0,1.0,0.0,0.3333333333333333,0.2,0.1,0.1,0.04,0.02,0.0,0.3333333333333333,0.3333333333333333,0.3333333333333333,0.3333333333333333,0.3333333333333333,0.3333333333333333,0.0,0.16666666666666666,0.16666666666666666,0.16666666666666666,0.23809523809523808,0.23809523809523808,0.23809523809523808,3.0
PLAIN-3097,4,0.0,0.26582598262939583,0.2385191169365424,0.2385191169365424,0.2385191169365424,0.2385191169365424,0.2385191169365424,0.0,0.25,0.25,0.25,0.25,0.25,0.25,0.0,0.3333333333333333,0.2,0.1,0.05,0.02,0.01,0.0,0.3333333333333333,0.3333333333333333,0.3333333333333333,0.3333333333333333,0.3333333333333333,0.3333333333333333,0.0,0.08333333333333333,0.08333333333333333,0.08333333333333333,0.08333333333333333,0.08333333333333333,0.08333333333333333,3.0
PLAIN-3116,1,0.0,0.0,0.0,0.0,0.0,0.0,0.0,0.0,0.0,0.0,0.0,0.0,0.0,0.0,0.0,0.0,0.0,0.0,0.0,0.0,0.0,0.0,0.0,0.0,0.0,0.0,0.0,0.0,0.0,0.0,0.0,0.0,0.0,0.0,0.0,
PLAIN-3131,6,0.0,0.0,0.16957810039284818,0.26922771512817534,0.26922771512817534,0.26922771512817534,0.26922771512817534,0.0,0.0,0.16666666666666666,0.3333333333333333,0.3333333333333333,0.3333333333333333,0.3333333333333333,0.0,0.0,0.2,0.2,0.1,0.04,0.02,0.0,0.0,0.25,0.25,0.25,0.25,0.25,0.0,0.0,0.041666666666666664,0.0787037037037037,0.0787037037037037,0.0787037037037037,0.0787037037037037,4.0
PLAIN-3141,34,0.0,0.11731968150568911,0.2507596182244084,0.19083192690518574,0.1388810486537745,0.10541938527148072,0.11896863037682869,0.0,0.029411764705882353,0.058823529411764705,0.058823529411764705,0.058823529411764705,0.058823529411764705,0.08823529411764706,0.0,0.3333333333333333,0.4,0.2,0.1,0.04,0.03,0.0,0.3333333333333333,0.3333333333333333,0.3333333333333333,0.3333333333333333,0.3333333333333333,0.3333333333333333,0.0,0.00980392156862745,0.021568627450980395,0.021568627450980395,0.021568627450980395,0.021568627450980395,0.02286620530565167,3.0
PLAIN-3151,18,1.0,0.7653606369886217,0.5531464700081437,0.6146812986889373,0.5125195256441336,0.552398237729144,0.6031862743549354,0.05555555555555555,0.1111111111111111,0.1111111111111111,0.2222222222222222,0.2777777777777778,0.3888888888888889,0.5,1.0,0.6666666666666666,0.4,0.4,0.25,0.14,0.09,1.0,1.0,1.0,1.0,1.0,1.0,1.0,0.05555555555555555,0.1111111111111111,0.1111111111111111,0.16666666666666666,0.19191919191919193,0.21112598637142815,0.22443894047385593,1.0
PLAIN-3161,43,1.0,0.6387878864795979,0.5065267082131061,0.4129233019281172,0.349404130222967,0.2990172633442656,0.35099052581461504,0.023255813953488372,0.023255813953488372,0.023255813953488372,0.046511627906976744,0.09302325581395349,0.20930232558139536,0.3023255813953488,1.0,0.3333333333333333,0.2,0.2,0.2,0.18,0.13,1.0,1.0,1.0,1.0,1.0,1.0,1.0,0.023255813953488372,0.023255813953488372,0.023255813953488372,0.027906976744186046,0.039922480620155035,0.06280965906246534,0.07867010858614565,1.0
PLAIN-3171,34,0.0,0.0,0.0,0.0,0.03361058880010537,0.024676260252500908,0.0403999442289553,0.0,0.0,0.0,0.0,0.029411764705882353,0.029411764705882353,0.058823529411764705,0.0,0.0,0.0,0.0,0.05,0.02,0.02,0.0,0.0,0.0,0.0,0.08333333333333333,0.08333333333333333,0.08333333333333333,0.0,0.0,0.0,0.0,0.0024509803921568627,0.0024509803921568627,0.003520499108734403,12.0
PLAIN-3181,27,0.0,0.0,0.0,0.0,0.0,0.0,0.0,0.0,0.0,0.0,0.0,0.0,0.0,0.0,0.0,0.0,0.0,0.0,0.0,0.0,0.0,0.0,0.0,0.0,0.0,0.0,0.0,0.0,0.0,0.0,0.0,0.0,0.0,0.0,0.0,
PLAIN-3191,16,0.0,0.11731968150568911,0.09074302407193531,0.12050488747439314,0.09878244356426762,0.09878244356426762,0.15699625792641073,0.0,0.0625,0.0625,0.125,0.125,0.125,0.25,0.0,0.3333333333333333,0.2,0.2,0.1,0.04,0.04,0.0,0.3333333333333333,0.3333333333333333,0.3333333333333333,0.3333333333333333,0.3333333333333333,0.3333333333333333,0.0,0.020833333333333332,0.020833333333333332,0.041666666666666664,0.041666666666666664,0.041666666666666664,0.048344017094017096,3.0
PLAIN-3201,32,0.0,0.31939394323979897,0.25326335410655304,0.18038951854077967,0.15704071991874527,0.11957111265381115,0.1347279107372771,0.0,0.03125,0.03125,0.03125,0.0625,0.0625,0.09375,0.0,0.3333333333333333,0.2,0.1,0.1,0.04,0.03,0.0,0.3333333333333333,0.3333333333333333,0.3333333333333333,0.3333333333333333,0.3333333333333333,0.3333333333333333,0.0,0.010416666666666666,0.010416666666666666,0.010416666666666666,0.015224358974358974,0.015224358974358974,0.016474358974358973,3.0
PLAIN-3211,18,0.0,0.0,0.0,0.0,0.0,0.0,0.0,0.0,0.0,0.0,0.0,0.0,0.0,0.0,0.0,0.0,0.0,0.0,0.0,0.0,0.0,0.0,0.0,0.0,0.0,0.0,0.0,0.0,0.0,0.0,0.0,0.0,0.0,0.0,0.0,
PLAIN-3221,24,0.0,0.0,0.0,0.0,0.0,0.021858795324874353,0.03888545988347665,0.0,0.0,0.0,0.0,0.0,0.041666666666666664,0.08333333333333333,0.0,0.0,0.0,0.0,0.0,0.02,0.02,0.0,0.0,0.0,0.0,0.0,0.029411764705882353,0.029411764705882353,0.0,0.0,0.0,0.0,0.0,0.0012254901960784314,0.002102683178534572,34.0
PLAIN-3231,8,0.5,0.5316519652587917,0.43673949858938643,0.4120464789096432,0.4120464789096432,0.5493176616319312,0.5493176616319312,0.125,0.25,0.25,0.375,0.375,0.75,0.75,1.0,0.6666666666666666,0.4,0.3,0.15,0.12,0.06,1.0,1.0,1.0,1.0,1.0,1.0,1.0,0.125,0.20833333333333331,0.20833333333333331,0.24999999999999997,0.24999999999999997,0.3042755229923841,0.3042755229923841,1.0
PLAIN-3241,29,0.0,0.0,0.21814917926546643,0.15537907391531902,0.10712989607204136,0.08648356401720105,0.10162897167480851,0.0,0.0,0.034482758620689655,0.034482758620689655,0.034482758620689655,0.034482758620689655,0.06896551724137931,0.0,0.0,0.2,0.1,0.05,0.02,0.02,0.0,0.0,0.25,0.25,0.25,0.25,0.25,0.0,0.0,0.008620689655172414,0.008620689655172414,0.008620689655172414,0.008620689655172414,0.009324419422941592,4.0
PLAIN-3251,21,0.0,0.0,0.0,0.054302655984158565,0.037440291960996,0.036424411768706165,0.036424411768706165,0.0,0.0,0.0,0.047619047619047616,0.047619047619047616,0.047619047619047616,0.047619047619047616,0.0,0.0,0.0,0.1,0.05,0.02,0.01,0.0,0.0,0.0,0.1111111111111111,0.1111111111111111,0.1111111111111111,0.1111111111111111,0.0,0.0,0.0,0.005291005291005291,0.005291005291005291,0.005291005291005291,0.005291005291005291,9.0
PLAIN-3261,13,0.0,0.0,0.0,0.0,0.0,0.0,0.0,0.0,0.0,0.0,0.0,0.0,0.0,0.0,0.0,0.0,0.0,0.0,0.0,0.0,0.0,0.0,0.0,0.0,0.0,0.0,0.0,0.0,0.0,0.0,0.0,0.0,0.0,0.0,0.0,
PLAIN-3271,49,0.0,0.0,0.0,0.0,0.0,0.017627234171244285,0.05577161628190613,0.0,0.0,0.0,0.0,0.0,0.02040816326530612,0.08163265306122448,0.0,0.0,0.0,0.0,0.0,0.02,0.04,0.0,0.0,0.0,0.0,0.0,0.047619047619047616,0.047619047619047616,0.0,0.0,0.0,0.0,0.0,0.0009718172983479105,0.0034824857043885497,21.0
PLAIN-3281,26,0.0,0.0,0.0,0.0,0.11309486960038508,0.09833224786700524,0.11443011222240375,0.0,0.0,0.0,0.0,0.11538461538461539,0.11538461538461539,0.15384615384615385,0.0,0.0,0.0,0.0,0.15,0.06,0.04,0.0,0.0,0.0,0.0,0.07142857142857142,0.07142857142857142,0.07142857142857142,0.0,0.0,0.0,0.0,0.013965201465201464,0.013965201465201464,0.016044203544203543,14.0
PLAIN-3292,7,0.5,0.31939394323979897,0.25326335410655304,0.36921399469251226,0.47656812186902786,0.5668210150484465,0.5668210150484465,0.14285714285714285,0.14285714285714285,0.14285714285714285,0.2857142857142857,0.5714285714285714,0.8571428571428571,0.8571428571428571,1.0,0.3333333333333333,0.2,0.2,0.2,0.12,0.06,1.0,1.0,1.0,1.0,1.0,1.0,1.0,0.14285714285714285,0.14285714285714285,0.14285714285714285,0.19047619047619047,0.25476190476190474,0.3139455782312925,0.3139455782312925,1.0
PLAIN-3302,37,0.0,0.15969697161989949,0.22460731655903235,0.21212321576013574,0.14625353006824743,0.13756771587500122,0.19428602681970358,0.0,0.02702702702702703,0.05405405405405406,0.08108108108108109,0.08108108108108109,0.13513513513513514,0.24324324324324326,0.0,0.3333333333333333,0.4,0.3,0.15,0.1,0.09,0.0,0.3333333333333333,0.3333333333333333,0.3333333333333333,0.3333333333333333,0.3333333333333333,0.3333333333333333,0.0,0.009009009009009009,0.019819819819819822,0.02792792792792793,0.02792792792792793,0.03643643643643644,0.04823192239631172,3.0
PLAIN-3312,13,0.0,0.0,0.07303417492135322,0.13971554021009175,0.2104714447195465,0.2593038694630962,0.350882614448754,0.0,0.0,0.07692307692307693,0.15384615384615385,0.3076923076923077,0.46153846153846156,0.6923076923076923,0.0,0.0,0.2,0.2,0.2,0.12,0.09,0.0,0.0,0.25,0.25,0.25,0.25,0.25,0.0,0.0,0.019230769230769232,0.044871794871794865,0.08294483294483294,0.12049424005945746,0.14913426205462155,4.0
PLAIN-3322,79,0.0,0.2960819109658652,0.21398626473452756,0.13886244387355456,0.12195557835166326,0.12708655627121399,0.1470958875950016,0.0,0.012658227848101266,0.012658227848101266,0.012658227848101266,0.02531645569620253,0.0759493670886076,0.1518987341772152,0.0,0.3333333333333333,0.2,0.1,0.1,0.12,0.12,0.0,0.5,0.5,0.5,0.5,0.5,0.5,0.0,0.006329113924050633,0.006329113924050633,0.006329113924050633,0.007594936708860759,0.013987854770240981,0.023649355154727807,2.0
PLAIN-3332,14,0.5,0.5209090851403014,0.7180806083459262,0.5757165962478047,0.5249250319171959,0.5808497626491363,0.6291193424647339,0.07142857142857142,0.14285714285714285,0.2857142857142857,0.35714285714285715,0.42857142857142855,0.5714285714285714,0.7142857142857143,1.0,0.6666666666666666,0.8,0.5,0.3,0.16,0.1,1.0,1.0,1.0,1.0,1.0,1.0,1.0,0.07142857142857142,0.14285714285714285,0.25357142857142856,0.31309523809523804,0.352056277056277,0.3778568411843673,0.3957592531209181,1.0
PLAIN-3342,3,0.0,0.0,0.0,0.0,0.10858087310103355,0.1973685767781578,0.1973685767781578,0.0,0.0,0.0,0.0,0.3333333333333333,0.6666666666666666,0.6666666666666666,0.0,0.0,0.0,0.0,0.05,0.04,0.02,0.0,0.0,0.0,0.0,0.05263157894736842,0.05263157894736842,0.05263157894736842,0.0,0.0,0.0,0.0,0.017543859649122806,0.03508771929824561,0.03508771929824561,19.0
PLAIN-3352,39,0.0,0.16771752171325524,0.13777597210996176,0.10218331334064326,0.07276154272023709,0.09778571439680109,0.1229747721363614,0.0,0.02564102564102564,0.02564102564102564,0.02564102564102564,0.02564102564102564,0.10256410256410256,0.15384615384615385,0.0,0.3333333333333333,0.2,0.1,0.05,0.08,0.06,0.0,0.5,0.5,0.5,0.5,0.5,0.5,0.0,0.01282051282051282,0.01282051282051282,0.01282051282051282,0.01282051282051282,0.019852017311182465,0.023373427809337148,2.0
PLAIN-3362,11,1.0,0.6993694869720469,0.5745154706993483,0.4260967530293621,0.4076791602298696,0.4076791602298696,0.4076791602298696,0.09090909090909091,0.18181818181818182,0.18181818181818182,0.18181818181818182,0.18181818181818182,0.18181818181818182,0.18181818181818182,1.0,0.6666666666666666,0.4,0.2,0.1,0.04,0.02,1.0,1.0,1.0,1.0,1.0,1.0,1.0,0.09090909090909091,0.18181818181818182,0.18181818181818182,0.18181818181818182,0.18181818181818182,0.18181818181818182,0.18181818181818182,1.0
PLAIN-3372,14,0.0,0.31939394323979897,0.25326335410655304,0.18038951854077967,0.15125508448510383,0.15125508448510383,0.15125508448510383,0.0,0.07142857142857142,0.07142857142857142,0.07142857142857142,0.07142857142857142,0.07142857142857142,0.07142857142857142,0.0,0.3333333333333333,0.2,0.1,0.05,0.02,0.01,0.0,0.3333333333333333,0.3333333333333333,0.3333333333333333,0.3333333333333333,0.3333333333333333,0.3333333333333333,0.0,0.023809523809523808,0.023809523809523808,0.023809523809523808,0.023809523809523808,0.023809523809523808,0.023809523809523808,3.0
PLAIN-3382,14,0.5,0.26582598262939583,0.21836974929469322,0.31949235479618243,0.3832810613818235,0.4090536729332221,0.4090536729332221,0.07142857142857142,0.07142857142857142,0.07142857142857142,0.2857142857142857,0.42857142857142855,0.5,0.5,1.0,0.3333333333333333,0.2,0.4,0.3,0.14,0.07,1.0,1.0,1.0,1.0,1.0,1.0,1.0,0.07142857142857142,0.07142857142857142,0.07142857142857142,0.15376984126984125,0.21649877899877898,0.228998778998779,0.228998778998779,1.0
PLAIN-3392,23,0.0,0.0,0.0,0.0,0.0,0.0,0.0,0.0,0.0,0.0,0.0,0.0,0.0,0.0,0.0,0.0,0.0,0.0,0.0,0.0,0.0,0.0,0.0,0.0,0.0,0.0,0.0,0.0,0.0,0.0,0.0,0.0,0.0,0.0,0.0,
PLAIN-3402,14,0.0,0.0,0.0,0.0,0.0,0.032263655158105,0.032263655158105,0.0,0.0,0.0,0.0,0.0,0.07142857142857142,0.07142857142857142,0.0,0.0,0.0,0.0,0.0,0.02,0.01,0.0,0.0,0.0,0.0,0.0,0.022222222222222223,0.022222222222222223,0.0,0.0,0.0,0.0,0.0,0.0015873015873015873,0.0015873015873015873,45.0
PLAIN-3412,49,0.0,0.0,0.0,0.04875383067250013,0.03471607855801784,0.04614588343349359,0.06809635874779289,0.0,0.0,0.0,0.02040816326530612,0.02040816326530612,0.061224489795918366,0.10204081632653061,0.0,0.0,0.0,0.1,0.05,0.06,0.05,0.0,0.0,0.0,0.1111111111111111,0.1111111111111111,0.1111111111111111,0.1111111111111111,0.0,0.0,0.0,0.0022675736961451248,0.0022675736961451248,0.004492300796287507,0.00677002571768552,9.0
PLAIN-3422,31,0.0,0.0,0.06560253875617089,0.0809557339960777,0.08646129087837362,0.13479632547547962,0.24453046552666213,0.0,0.0,0.03225806451612903,0.06451612903225806,0.0967741935483871,0.22580645161290322,0.45161290322580644,0.0,0.0,0.2,0.2,0.15,0.14,0.14,0.0,0.0,0.2,0.2,0.2,0.2,0.2,0.0,0.0,0.0064516129032258064,0.013620071684587813,0.02106424041907913,0.04794340068533617,0.08290017112774999,5.0
PLAIN-3432,42,0.0,0.23463936301137822,0.3156484524795145,0.2832325164972662,0.25116399864546884,0.17263864310403343,0.19990322928299628,0.0,0.023809523809523808,0.047619047619047616,0.07142857142857142,0.11904761904761904,0.14285714285714285,0.19047619047619047,0.0,0.3333333333333333,0.4,0.3,0.25,0.12,0.08,0.0,0.3333333333333333,0.3333333333333333,0.3333333333333333,0.3333333333333333,0.3333333333333333,0.3333333333333333,0.0,0.007936507936507936,0.01984126984126984,0.031746031746031744,0.044360902255639094,0.04985540775014458,0.054128824433891255,3.0
PLAIN-3442,29,0.0,0.0,0.0,0.0,0.0,0.01786657310911121,0.01786657310911121,0.0,0.0,0.0,0.0,0.0,0.034482758620689655,0.034482758620689655,0.0,0.0,0.0,0.0,0.0,0.02,0.01,0.0,0.0,0.0,0.0,0.0,0.03571428571428571,0.03571428571428571,0.0,0.0,0.0,0.0,0.0,0.0012315270935960591,0.0012315270935960591,28.0
PLAIN-3452,17,1.0,0.6645649565734895,0.545924373236733,0.4588773728923517,0.4497447976229672,0.47481769468840845,0.47481769468840845,0.058823529411764705,0.11764705882352941,0.11764705882352941,0.17647058823529413,0.35294117647058826,0.4117647058823529,0.4117647058823529,1.0,0.6666666666666666,0.4,0.3,0.3,0.14,0.07,1.0,1.0,1.0,1.0,1.0,1.0,1.0,0.058823529411764705,0.0980392156862745,0.0980392156862745,0.12324929971988793,0.18154855525097738,0.1948312876987952,0.1948312876987952,1.0
PLAIN-3462,64,0.0,0.5307212739772434,0.6608397947263839,0.4635554200021551,0.3813226305525626,0.3407353336095576,0.3319294342551958,0.0,0.03125,0.0625,0.078125,0.109375,0.171875,0.21875,0.0,0.6666666666666666,0.8,0.5,0.35,0.22,0.14,0.0,0.5,0.5,0.5,0.5,0.5,0.5,0.0,0.018229166666666664,0.04244791666666667,0.05221354166666667,0.06319699754901961,0.08458875770661504,0.09181803978085523,2.0
PLAIN-3472,17,0.0,0.0,0.0,0.04754488915824038,0.038325460987805156,0.038325460987805156,0.12791837476123705,0.0,0.0,0.0,0.058823529411764705,0.058823529411764705,0.058823529411764705,0.23529411764705882,0.0,0.0,0.0,0.1,0.05,0.02,0.04,0.0,0.0,0.0,0.16666666666666666,0.16666666666666666,0.16666666666666666,0.16666666666666666,0.0,0.0,0.0,0.00980392156862745,0.00980392156862745,0.00980392156862745,0.017817580866462387,6.0
