query_id,n_relevant,ndcg@1,ndcg@3,ndcg@5,ndcg@10,ndcg@20,ndcg@50,ndcg@100,recall@1,recall@3,recall@5,recall@10,recall@20,recall@50,recall@100,precision@1,precision@3,precision@5,precision@10,precision@20,precision@50,precision@100,mrr@1,mrr@3,mrr@5,mrr@10,mrr@20,mrr@50,mrr@100,map@1,map@3,map@5,map@10,map@20,map@50,map@100,first_relevant_rank
PLAIN-2,24,1.0,0.46927872602275644,0.3391602052736161,0.2444521888215188,0.23221227714111353,0.3361922093354928,0.36433624187371294,0.041666666666666664,0.041666666666666664,0.041666666666666664,0.041666666666666664,0.08333333333333333,0.2916666666666667,0.375,1.0,0.3333333333333333,0.2,0.1,0.1,0.14,0.09,1.0,1.0,1.0,1.0,1.0,1.0,1.0,0.041666666666666664,0.041666666666666664,0.041666666666666664,0.041666666666666664,0.04656862745098039,0.07765411437913249,0.08776440849677954,1.0
PLAIN-12,30,0.0,0.0,0.0,0.0,0.025307302072741084,0.021113047462957522,0.06015381112022713,0.0,0.0,0.0,0.0,0.03333333333333333,0.03333333333333333,0.13333333333333333,0.0,0.0,0.0,0.0,0.05,0.02,0.04,0.0,0.0,0.0,0.0,0.08333333333333333,0.08333333333333333,0.08333333333333333,0.0,0.0,0.0,0.0,0.0027777777777777775,0.0027777777777777775,0.0073185611198929735,12.0
PLAIN-23,90,0.0,0.23463936301137822,0.16958010263680806,0.1100458831490401,0.08632725073012189,0.06901983203611084,0.06453868709415866,0.0,0.011111111111111112,0.011111111111111112,0.011111111111111112,0.011111111111111112,0.022222222222222223,0.03333333333333333,0.0,0.3333333333333333,0.2,0.1,0.05,0.04,0.03,0.0,0.3333333333333333,0.3333333333333333,0.3333333333333333,0.3333333333333333,0.3333333333333333,0.3333333333333333,0.0,0.0037037037037037034,0.0037037037037037034,0.0037037037037037034,0.0037037037037037034,0.004469987228607918,0.005065225323846013,3.0
PLAIN-33,32,0.0,0.0,0.0,0.0,0.0,0.053529667654020736,0.12348795501525467,0.0,0.0,0.0,0.0,0.0,0.0625,0.1875,0.0,0.0,0.0,0.0,0.0,0.04,0.06,0.0,0.0,0.0,0.0,0.0,0.024390243902439025,0.024390243902439025,0.0,0.0,0.0,0.0,0.0,0.0022502903600464573,0.010028941086844012,41.0
PLAIN-44,58,1.0,0.46927872602275644,0.3391602052736161,0.2950303650524574,0.2721587870512006,0.19732116882003256,0.22957649933064064,0.017241379310344827,0.017241379310344827,0.017241379310344827,0.034482758620689655,0.05172413793103448,0.08620689655172414,0.15517241379310345,1.0,0.3333333333333333,0.2,0.2,0.15,0.1,0.09,1.0,1.0,1.0,1.0,1.0,1.0,1.0,0.017241379310344827,0.017241379310344827,0.017241379310344827,0.021551724137931036,0.024999999999999998,0.029183569979716023,0.037235620852014324,1.0
PLAIN-56,50,0.0,0.2960819109658652,0.30717168181708426,0.33204049675767444,0.2747531874479904,0.17065061289025502,0.2032192547330539,0.0,0.02,0.04,0.06,0.08,0.08,0.12,0.0,0.3333333333333333,0.4,0.3,0.2,0.08,0.06,0.0,0.5,0.5,0.5,0.5,0.5,0.5,0.0,0.01,0.02,0.02857142857142857,0.035844155844155845,0.035844155844155845,0.03922077922077922,2.0
PLAIN-68,55,1.0,0.6387878864795979,0.6156012978458393,0.43846857403921885,0.33062911341951706,0.2201645314169109,0.2502698426464504,0.01818181818181818,0.01818181818181818,0.03636363636363636,0.03636363636363636,0.05454545454545454,0.09090909090909091,0.16363636363636364,1.0,0.3333333333333333,0.4,0.2,0.15,0.1,0.09,1.0,1.0,1.0,1.0,1.0,1.0,1.0,0.01818181818181818,0.01818181818181818,0.02727272727272727,0.02727272727272727,0.03,0.03529100529100529,0.042221314182629456,1.0
PLAIN-78,62,0.0,0.0,0.0,0.08039138809008574,0.08515566121465323,0.06548172771907418,0.07529734205039076,0.0,0.0,0.0,0.016129032258064516,0.03225806451612903,0.04838709677419355,0.08064516129032258,0.0,0.0,0.0,0.1,0.1,0.06,0.05,0.0,0.0,0.0,0.125,0.125,0.125,0.125,0.0,0.0,0.0,0.0020161290322580645,0.004166666666666667,0.005218560074801309,0.0069748324762350005,8.0
PLAIN-91,64,0.0,0.0,0.07303417492135322,0.05068557714602344,0.08833695305641426,0.12899352187166166,0.13869736725941814,0.0,0.0,0.015625,0.015625,0.03125,0.109375,0.15625,0.0,0.0,0.2,0.1,0.1,0.14,0.1,0.0,0.0,0.25,0.25,0.25,0.25,0.25,0.0,0.0,0.00390625,0.00390625,0.006510416666666666,0.01925923729750196,0.0256115672182644,4.0
PLAIN-102,24,0.5,0.26582598262939583,0.21836974929469322,0.16195671984435941,0.1456141948675607,0.13221531346772533,0.1483056488300695,0.041666666666666664,0.041666666666666664,0.041666666666666664,0.041666666666666664,0.08333333333333333,0.08333333333333333,0.125,1.0,0.3333333333333333,0.2,0.1,0.1,0.04,0.03,1.0,1.0,1.0,1.0,1.0,1.0,1.0,0.041666666666666664,0.041666666666666664,0.041666666666666664,0.041666666666666664,0.04807692307692307,0.04807692307692307,0.049465811965811964,1.0
PLAIN-112,56,1.0,0.7653606369886217,0.5919819915518812,0.4590828233913731,0.33971069309286134,0.2512178540685417,0.2451075631550006,0.017857142857142856,0.03571428571428571,0.03571428571428571,0.03571428571428571,0.03571428571428571,0.07142857142857142,0.08928571428571429,1.0,0.6666666666666666,0.4,0.2,0.1,0.08,0.05,1.0,1.0,1.0,1.0,1.0,1.0,1.0,0.017857142857142856,0.03571428571428571,0.03571428571428571,0.03571428571428571,0.03571428571428571,0.04042443064182195,0.04163099434838565,1.0
PLAIN-123,51,0.0,0.0,0.0,0.0,0.0,0.0,0.03000021632854611,0.0,0.0,0.0,0.0,0.0,0.0,0.0392156862745098,0.0,0.0,0.0,0.0,0.0,0.0,0.02,0.0,0.0,0.0,0.0,0.0,0.0,0.01818181818181818,0.0,0.0,0.0,0.0,0.0,0.0,0.0008725021108922038,55.0
PLAIN-133,36,0.0,0.0,0.0,0.0,0.0,0.0,0.04721495755820124,0.0,0.0,0.0,0.0,0.0,0.0,0.08333333333333333,0.0,0.0,0.0,0.0,0.0,0.0,0.03,0.0,0.0,0.0,0.0,0.0,0.0,0.013888888888888888,0.0,0.0,0.0,0.0,0.0,0.0,0.0019731040564373897,72.0
PLAIN-143,51,1.0,0.6645649565734895,0.545924373236733,0.4048917996108985,0.2883107917654905,0.18528606664674807,0.21439124882948934,0.0196078431372549,0.0392156862745098,0.0392156862745098,0.0392156862745098,0.0392156862745098,0.058823529411764705,0.09803921568627451,1.0,0.6666666666666666,0.4,0.2,0.1,0.06,0.05,1.0,1.0,1.0,1.0,1.0,1.0,1.0,0.0196078431372549,0.0326797385620915,0.0326797385620915,0.0326797385620915,0.0326797385620915,0.034313725490196074,0.036215635679559176,1.0
PLAIN-153,47,0.5,0.5209090851403014,0.6201049688401704,0.6766353684185148,0.49483902461753765,0.3529699771997622,0.37614890909194204,0.02127659574468085,0.0425531914893617,0.0851063829787234,0.14893617021276595,0.1702127659574468,0.2553191489361702,0.2978723404255319,1.0,0.6666666666666666,0.8,0.7,0.4,0.24,0.14,1.0,1.0,1.0,1.0,1.0,1.0,1.0,0.02127659574468085,0.0425531914893617,0.07553191489361702,0.12234042553191489,0.13085106382978723,0.15217478918017996,0.15879173734132643,1.0
PLAIN-165,36,0.5,0.35195904451706733,0.46488921707768605,0.3988894243811985,0.3182071844381846,0.29374576117403445,0.3196795067182881,0.027777777777777776,0.05555555555555555,0.08333333333333333,0.1111111111111111,0.1388888888888889,0.19444444444444445,0.25,1.0,0.6666666666666666,0.6,0.4,0.25,0.14,0.09,1.0,1.0,1.0,1.0,1.0,1.0,1.0,0.027777777777777776,0.046296296296296294,0.06712962962962962,0.0794753086419753,0.08939594356261021,0.09825262633233647,0.10482809343913095,1.0
PLAIN-175,37,0.0,0.1480409554829326,0.10699313236726378,0.2237951589082765,0.1678569628599901,0.1395450562992735,0.15221280700945428,0.0,0.02702702702702703,0.02702702702702703,0.08108108108108109,0.08108108108108109,0.10810810810810811,0.13513513513513514,0.0,0.3333333333333333,0.2,0.3,0.15,0.08,0.05,0.0,0.5,0.5,0.5,0.5,0.5,0.5,0.0,0.013513513513513514,0.013513513513513514,0.0341055341055341,0.0341055341055341,0.03783339990236542,0.04020419174684148,2.0
PLAIN-186,24,0.0,0.0,0.13120507751234178,0.08514311764162101,0.054948588071985875,0.048851099168414396,0.048851099168414396,0.0,0.0,0.041666666666666664,0.041666666666666664,0.041666666666666664,0.041666666666666664,0.041666666666666664,0.0,0.0,0.2,0.1,0.05,0.02,0.01,0.0,0.0,0.2,0.2,0.2,0.2,0.2,0.0,0.0,0.008333333333333333,0.008333333333333333,0.008333333333333333,0.008333333333333333,0.008333333333333333,5.0
PLAIN-196,69,1.0,0.46927872602275644,0.3391602052736161,0.3621108234757073,0.2660327931434832,0.1749826346492767,0.18079195416411314,0.014492753623188406,0.014492753623188406,0.014492753623188406,0.043478260869565216,0.057971014492753624,0.08695652173913043,0.14492753623188406,1.0,0.3333333333333333,0.2,0.3,0.2,0.12,0.1,1.0,1.0,1.0,1.0,1.0,1.0,1.0,0.014492753623188406,0.014492753623188406,0.014492753623188406,0.02367149758454106,0.026570048309178744,0.030961791831357048,0.038122679789346456,1.0
PLAIN-207,55,1.0,1.0,0.8539316501572937,0.627507133061656,0.5488283748495207,0.3436362611440559,0.3572821913478601,0.01818181818181818,0.05454545454545454,0.07272727272727272,0.09090909090909091,0.16363636363636364,0.21818181818181817,0.2727272727272727,1.0,1.0,0.8,0.5,0.45,0.24,0.15,1.0,1.0,1.0,1.0,1.0,1.0,1.0,0.01818181818181818,0.05454545454545454,0.06909090909090909,0.08207792207792208,0.11895407716404056,0.1347227781600143,0.14551419750813466,1.0
PLAIN-217,36,0.0,0.2960819109658652,0.21398626473452756,0.13886244387355456,0.08961728720334346,0.06103767400792669,0.09039318232767904,0.0,0.027777777777777776,0.027777777777777776,0.027777777777777776,0.027777777777777776,0.027777777777777776,0.08333333333333333,0.0,0.3333333333333333,0.2,0.1,0.05,0.02,0.03,0.0,0.5,0.5,0.5,0.5,0.5,0.5,0.0,0.013888888888888888,0.013888888888888888,0.013888888888888888,0.013888888888888888,0.013888888888888888,0.015334504464939246,2.0
PLAIN-227,40,0.0,0.0,0.0,0.0,0.0,0.0,0.0,0.0,0.0,0.0,0.0,0.0,0.0,0.0,0.0,0.0,0.0,0.0,0.0,0.0,0.0,0.0,0.0,0.0,0.0,0.0,0.0,0.0,0.0,0.0,0.0,0.0,0.0,0.0,0.0,
PLAIN-238,54,0.0,0.0,0.0,0.0,0.0,0.013668405018453907,0.012967872496273616,0.0,0.0,0.0,0.0,0.0,0.018518518518518517,0.018518518518518517,0.0,0.0,0.0,0.0,0.0,0.02,0.01,0.0,0.0,0.0,0.0,0.0,0.02,0.02,0.0,0.0,0.0,0.0,0.0,0.00037037037037037035,0.00037037037037037035,50.0
PLAIN-248,31,0.0,0.0,0.0,0.0,0.03635628798853883,0.027341324469214154,0.027341324469214154,0.0,0.0,0.0,0.0,0.03225806451612903,0.03225806451612903,0.03225806451612903,0.0,0.0,0.0,0.0,0.05,0.02,0.01,0.0,0.0,0.0,0.0,0.07142857142857142,0.07142857142857142,0.07142857142857142,0.0,0.0,0.0,0.0,0.002304147465437788,0.002304147465437788,0.002304147465437788,14.0
PLAIN-259,14,1.0,0.46927872602275644,0.3391602052736161,0.29345568839744024,0.23761373092620183,0.23761373092620183,0.23761373092620183,0.07142857142857142,0.07142857142857142,0.07142857142857142,0.14285714285714285,0.14285714285714285,0.14285714285714285,0.14285714285714285,1.0,0.3333333333333333,0.2,0.2,0.1,0.04,0.02,1.0,1.0,1.0,1.0,1.0,1.0,1.0,0.07142857142857142,0.07142857142857142,0.07142857142857142,0.09183673469387754,0.09183673469387754,0.09183673469387754,0.09183673469387754,1.0
PLAIN-270,52,1.0,0.46927872602275644,0.3391602052736161,0.2200917662980802,0.1804246777990402,0.1438467167647515,0.16575864116996183,0.019230769230769232,0.019230769230769232,0.019230769230769232,0.019230769230769232,0.038461538461538464,0.09615384615384616,0.1346153846153846,1.0,0.3333333333333333,0.2,0.1,0.1,0.1,0.07,1.0,1.0,1.0,1.0,1.0,1.0,1.0,0.019230769230769232,0.019230769230769232,0.019230769230769232,0.019230769230769232,0.022435897435897436,0.02896247174159364,0.03328477203745163,1.0
PLAIN-280,20,0.0,0.0,0.0,0.0,0.0,0.06172403074724845,0.06172403074724845,0.0,0.0,0.0,0.0,0.0,0.1,0.1,0.0,0.0,0.0,0.0,0.0,0.04,0.02,0.0,0.0,0.0,0.0,0.0,0.047619047619047616,0.047619047619047616,0.0,0.0,0.0,0.0,0.0,0.0062271062271062275,0.0062271062271062275,21.0
PLAIN-291,13,0.0,0.0,0.0,0.0,0.0,0.0,0.09108838587090404,0.0,0.0,0.0,0.0,0.0,0.0,0.23076923076923078,0.0,0.0,0.0,0.0,0.0,0.0,0.03,0.0,0.0,0.0,0.0,0.0,0.0,0.01639344262295082,0.0,0.0,0.0,0.0,0.0,0.0,0.006223813204246837,61.0
PLAIN-307,3,0.0,0.0,0.0,0.3044671974905181,0.41700608628598573,0.41700608628598573,0.41700608628598573,0.0,0.0,0.0,0.6666666666666666,1.0,1.0,1.0,0.0,0.0,0.0,0.2,0.15,0.06,0.03,0.0,0.0,0.0,0.14285714285714285,0.14285714285714285,0.14285714285714285,0.14285714285714285,0.0,0.0,0.0,0.13095238095238096,0.18977591036414565,0.18977591036414565,0.18977591036414565,7.0
PLAIN-320,42,0.0,0.0,0.0,0.0,0.0340629722559825,0.03690691788471873,0.10747044450796736,0.0,0.0,0.0,0.0,0.023809523809523808,0.047619047619047616,0.16666666666666666,0.0,0.0,0.0,0.0,0.05,0.04,0.07,0.0,0.0,0.0,0.0,0.058823529411764705,0.058823529411764705,0.058823529411764705,0.0,0.0,0.0,0.0,0.0014005602240896359,0.0025079799361605107,0.010394781327107236,17.0
PLAIN-332,2,1.0,0.6131471927654584,0.6131471927654584,0.6131471927654584,0.6131471927654584,0.6131471927654584,0.6131471927654584,0.5,0.5,0.5,0.5,0.5,0.5,0.5,1.0,0.3333333333333333,0.2,0.1,0.05,0.02,0.01,1.0,1.0,1.0,1.0,1.0,1.0,1.0,0.5,0.5,0.5,0.5,0.5,0.5,0.5,1.0
PLAIN-344,61,1.0,0.46927872602275644,0.3391602052736161,0.31144255005982846,0.23359665514408892,0.20881478137384885,0.23284344860616915,0.01639344262295082,0.01639344262295082,0.01639344262295082,0.03278688524590164,0.03278688524590164,0.09836065573770492,0.14754098360655737,1.0,0.3333333333333333,0.2,0.2,0.1,0.12,0.09,1.0,1.0,1.0,1.0,1.0,1.0,1.0,0.01639344262295082,0.01639344262295082,0.01639344262295082,0.02107728337236534,0.02107728337236534,0.028697066377037866,0.03454844345360908,1.0
PLAIN-358,3,0.0,0.0,0.0,0.0,0.0,0.0,0.0,0.0,0.0,0.0,0.0,0.0,0.0,0.0,0.0,0.0,0.0,0.0,0.0,0.0,0.0,0.0,0.0,0.0,0.0,0.0,0.0,0.0,0.0,0.0,0.0,0.0,0.0,0.0,0.0,
PLAIN-371,2,0.0,0.0,0.0,0.0,0.0,0.0,0.0,0.0,0.0,0.0,0.0,0.0,0.0,0.0,0.0,0.0,0.0,0.0,0.0,0.0,0.0,0.0,0.0,0.0,0.0,0.0,0.0,0.0,0.0,0.0,0.0,0.0,0.0,0.0,0.0,
PLAIN-383,5,0.0,0.0,0.0,0.0,0.0,0.0,0.0,0.0,0.0,0.0,0.0,0.0,0.0,0.0,0.0,0.0,0.0,0.0,0.0,0.0,0.0,0.0,0.0,0.0,0.0,0.0,0.0,0.0,0.0,0.0,0.0,0.0,0.0,0.0,0.0,
PLAIN-395,3,0.0,0.0,0.0,0.0,0.0,0.0,0.0,0.0,0.0,0.0,0.0,0.0,0.0,0.0,0.0,0.0,0.0,0.0,0.0,0.0,0.0,0.0,0.0,0.0,0.0,0.0,0.0,0.0,0.0,0.0,0.0,0.0,0.0,0.0,0.0,
PLAIN-407,3,1.0,0.6387878864795979,0.6387878864795979,0.6387878864795979,0.6387878864795979,0.6387878864795979,0.6387878864795979,0.3333333333333333,0.3333333333333333,0.3333333333333333,0.3333333333333333,0.3333333333333333,0.3333333333333333,0.3333333333333333,1.0,0.3333333333333333,0.2,0.1,0.05,0.02,0.01,1.0,1.0,1.0,1.0,1.0,1.0,1.0,0.3333333333333333,0.3333333333333333,0.3333333333333333,0.3333333333333333,0.3333333333333333,0.3333333333333333,0.3333333333333333,1.0
PLAIN-418,3,0.0,0.26582598262939583,0.26582598262939583,0.4430433043823263,0.4430433043823263,0.49014336747589116,0.49014336747589116,0.0,0.3333333333333333,0.3333333333333333,0.6666666666666666,0.6666666666666666,1.0,1.0,0.0,0.3333333333333333,0.2,0.2,0.1,0.06,0.03,0.0,0.3333333333333333,0.3333333333333333,0.3333333333333333,0.3333333333333333,0.3333333333333333,0.3333333333333333,0.0,0.1111111111111111,0.1111111111111111,0.20634920634920637,0.20634920634920637,0.22675736961451246,0.22675736961451246,3.0
PLAIN-430,8,0.0,0.23463936301137822,0.3156484524795145,0.26968613600874725,0.26968613600874725,0.26968613600874725,0.31349369428292284,0.0,0.125,0.25,0.25,0.25,0.25,0.375,0.0,0.3333333333333333,0.4,0.2,0.1,0.04,0.03,0.0,0.3333333333333333,0.3333333333333333,0.3333333333333333,0.3333333333333333,0.3333333333333333,0.3333333333333333,0.0,0.041666666666666664,0.10416666666666666,0.10416666666666666,0.10416666666666666,0.10416666666666666,0.10803264604810996,3.0
PLAIN-441,5,0.0,0.13291299131469791,0.2972783386745231,0.36040135232747433,0.36040135232747433,0.4003999757279812,0.4003999757279812,0.0,0.2,0.4,0.6,0.6,0.8,0.8,0.0,0.3333333333333333,0.4,0.3,0.15,0.08,0.04,0.0,0.3333333333333333,0.3333333333333333,0.3333333333333333,0.3333333333333333,0.3333333333333333,0.3333333333333333,0.0,0.06666666666666667,0.16666666666666666,0.22666666666666666,0.22666666666666666,0.24527131782945735,0.24527131782945735,3.0
PLAIN-457,5,0.0,0.0,0.0,0.0,0.0,0.0,0.0,0.0,0.0,0.0,0.0,0.0,0.0,0.0,0.0,0.0,0.0,0.0,0.0,0.0,0.0,0.0,0.0,0.0,0.0,0.0,0.0,0.0,0.0,0.0,0.0,0.0,0.0,0.0,0.0,
PLAIN-468,10,1.0,0.5316519652587917,0.43673949858938643,0.32391343968871883,0.41144720982440314,0.41144720982440314,0.41144720982440314,0.1,0.1,0.1,0.1,0.2,0.2,0.2,1.0,0.3333333333333333,0.2,0.1,0.1,0.04,0.02,1.0,1.0,1.0,1.0,1.0,1.0,1.0,0.1,0.1,0.1,0.1,0.11666666666666667,0.11666666666666667,0.11666666666666667,1.0
PLAIN-478,1,0.0,0.0,0.0,0.0,0.0,0.0,0.0,0.0,0.0,0.0,0.0,0.0,0.0,0.0,0.0,0.0,0.0,0.0,0.0,0.0,0.0,0.0,0.0,0.0,0.0,0.0,0.0,0.0,0.0,0.0,0.0,0.0,0.0,0.0,0.0,
PLAIN-488,15,1.0,1.0,0.8539316501572937,0.6177639991612476,0.5249791588204485,0.6314960853332233,0.6887453966690439,0.06666666666666667,0.2,0.26666666666666666,0.3333333333333333,0.4,0.6,0.7333333333333333,1.0,1.0,0.8,0.5,0.3,0.18,0.11,1.0,1.0,1.0,1.0,1.0,1.0,1.0,0.06666666666666667,0.2,0.2533333333333333,0.2866666666666667,0.32,0.37875,0.4015570175438596,1.0
PLAIN-499,34,1.0,0.46927872602275644,0.3391602052736161,0.2200917662980802,0.1420400396336573,0.16104037223562745,0.17826836100026622,0.029411764705882353,0.029411764705882353,0.029411764705882353,0.029411764705882353,0.029411764705882353,0.11764705882352941,0.14705882352941177,1.0,0.3333333333333333,0.2,0.1,0.05,0.08,0.05,1.0,1.0,1.0,1.0,1.0,1.0,1.0,0.029411764705882353,0.029411764705882353,0.029411764705882353,0.029411764705882353,0.029411764705882353,0.037659697506244816,0.04028574792641288,1.0
PLAIN-510,6,0.0,0.0,0.0,0.0,0.0,0.055100238151135045,0.055100238151135045,0.0,0.0,0.0,0.0,0.0,0.16666666666666666,0.16666666666666666,0.0,0.0,0.0,0.0,0.0,0.02,0.01,0.0,0.0,0.0,0.0,0.0,0.022727272727272728,0.022727272727272728,0.0,0.0,0.0,0.0,0.0,0.003787878787878788,0.003787878787878788,44.0
PLAIN-520,1,0.0,0.0,0.0,0.0,0.0,0.0,0.0,0.0,0.0,0.0,0.0,0.0,0.0,0.0,0.0,0.0,0.0,0.0,0.0,0.0,0.0,0.0,0.0,0.0,0.0,0.0,0.0,0.0,0.0,0.0,0.0,0.0,0.0,0.0,0.0,
PLAIN-531,308,1.0,0.7653606369886217,0.6843515475204855,0.5103515512676449,0.4733805086934668,0.3499162764446774,0.30750712989532536,0.003246753246753247,0.006493506493506494,0.00974025974025974,0.012987012987012988,0.025974025974025976,0.045454545454545456,0.08441558441558442,1.0,0.6666666666666666,0.6,0.4,0.4,0.28,0.26,1.0,1.0,1.0,1.0,1.0,1.0,1.0,0.003246753246753247,0.006493506493506494,0.008441558441558443,0.009884559884559885,0.015578014157559614,0.022248561164241072,0.032795879345743434,1.0
PLAIN-541,6,0.0,0.0,0.0,0.0,0.0,0.0,0.0,0.0,0.0,0.0,0.0,0.0,0.0,0.0,0.0,0.0,0.0,0.0,0.0,0.0,0.0,0.0,0.0,0.0,0.0,0.0,0.0,0.0,0.0,0.0,0.0,0.0,0.0,0.0,0.0,
PLAIN-551,2,0.0,0.0,0.0,0.0,0.0,0.0,0.0,0.0,0.0,0.0,0.0,0.0,0.0,0.0,0.0,0.0,0.0,0.0,0.0,0.0,0.0,0.0,0.0,0.0,0.0,0.0,0.0,0.0,0.0,0.0,0.0,0.0,0.0,0.0,0.0,
PLAIN-561,25,0.0,0.0,0.0,0.06943122193677728,0.08031865351008605,0.09391622696263895,0.09391622696263895,0.0,0.0,0.0,0.04,0.08,0.12,0.12,0.0,0.0,0.0,0.1,0.1,0.06,0.03,0.0,0.0,0.0,0.125,0.125,0.125,0.125,0.0,0.0,0.0,0.005,0.010333333333333332,0.014083333333333331,0.014083333333333331,8.0
PLAIN-571,7,0.0,0.0,0.13120507751234178,0.10633668103022985,0.10633668103022985,0.10633668103022985,0.15165028000379646,0.0,0.0,0.14285714285714285,0.14285714285714285,0.14285714285714285,0.14285714285714285,0.2857142857142857,0.0,0.0,0.2,0.1,0.05,0.02,0.02,0.0,0.0,0.2,0.2,0.2,0.2,0.2,0.0,0.0,0.028571428571428574,0.028571428571428574,0.028571428571428574,0.028571428571428574,0.0329004329004329,5.0
PLAIN-583,44,0.0,0.0,0.0,0.0,0.038384638165382894,0.02285113491314444,0.050218996064557105,0.0,0.0,0.0,0.0,0.022727272727272728,0.022727272727272728,0.06818181818181818,0.0,0.0,0.0,0.0,0.05,0.02,0.03,0.0,0.0,0.0,0.0,0.08333333333333333,0.08333333333333333,0.08333333333333333,0.0,0.0,0.0,0.0,0.0018939393939393938,0.0018939393939393938,0.003477287552630018,12.0
PLAIN-593,3,0.0,0.0,0.0,0.0,0.12011565579805131,0.12011565579805131,0.12011565579805131,0.0,0.0,0.0,0.0,0.3333333333333333,0.3333333333333333,0.3333333333333333,0.0,0.0,0.0,0.0,0.05,0.02,0.01,0.0,0.0,0.0,0.0,0.07142857142857142,0.07142857142857142,0.07142857142857142,0.0,0.0,0.0,0.0,0.023809523809523808,0.023809523809523808,0.023809523809523808,14.0
PLAIN-603,1,0.0,0.0,0.0,0.0,0.0,0.0,0.0,0.0,0.0,0.0,0.0,0.0,0.0,0.0,0.0,0.0,0.0,0.0,0.0,0.0,0.0,0.0,0.0,0.0,0.0,0.0,0.0,0.0,0.0,0.0,0.0,0.0,0.0,0.0,0.0,
PLAIN-613,10,0.0,0.0,0.0,0.0,0.0,0.0,0.03757126670112851,0.0,0.0,0.0,0.0,0.0,0.0,0.1,0.0,0.0,0.0,0.0,0.0,0.0,0.01,0.0,0.0,0.0,0.0,0.0,0.0,0.017543859649122806,0.0,0.0,0.0,0.0,0.0,0.0,0.0017543859649122805,57.0
PLAIN-623,41,0.0,0.0,0.0,0.0,0.0,0.03412745691685102,0.03412745691685102,0.0,0.0,0.0,0.0,0.0,0.04878048780487805,0.04878048780487805,0.0,0.0,0.0,0.0,0.0,0.04,0.02,0.0,0.0,0.0,0.0,0.0,0.034482758620689655,0.034482758620689655,0.0,0.0,0.0,0.0,0.0,0.0019250537332959536,0.0019250537332959536,29.0
PLAIN-634,21,1.0,0.46927872602275644,0.3391602052736161,0.2200917662980802,0.21022770371723934,0.2037383121517353,0.2037383121517353,0.047619047619047616,0.047619047619047616,0.047619047619047616,0.047619047619047616,0.14285714285714285,0.14285714285714285,0.14285714285714285,1.0,0.3333333333333333,0.2,0.1,0.15,0.06,0.03,1.0,1.0,1.0,1.0,1.0,1.0,1.0,0.047619047619047616,0.047619047619047616,0.047619047619047616,0.047619047619047616,0.06150793650793651,0.06150793650793651,0.06150793650793651,1.0
PLAIN-645,29,0.0,0.0,0.0,0.0,0.038384638165382894,0.03016141060656478,0.04831020267798312,0.0,0.0,0.0,0.0,0.034482758620689655,0.034482758620689655,0.06896551724137931,0.0,0.0,0.0,0.0,0.05,0.02,0.02,0.0,0.0,0.0,0.0,0.08333333333333333,0.08333333333333333,0.08333333333333333,0.0,0.0,0.0,0.0,0.0028735632183908046,0.0028735632183908046,0.0038587848932676518,12.0
PLAIN-660,475,1.0,0.7653606369886217,0.6843515475204855,0.5739723394665965,0.5115651963691312,0.3532906484729323,0.25613678951830976,0.002105263157894737,0.004210526315789474,0.00631578947368421,0.010526315789473684,0.018947368421052633,0.029473684210526315,0.04,1.0,0.6666666666666666,0.6,0.5,0.45,0.28,0.19,1.0,1.0,1.0,1.0,1.0,1.0,1.0,0.002105263157894737,0.004210526315789474,0.005473684210526316,0.007461988304093567,0.011505331957344342,0.014902464487603809,0.017357911195970677,1.0
PLAIN-671,1,0.0,0.0,0.0,0.0,0.0,0.1965616322328226,0.1965616322328226,0.0,0.0,0.0,0.0,0.0,1.0,1.0,0.0,0.0,0.0,0.0,0.0,0.02,0.01,0.0,0.0,0.0,0.0,0.0,0.030303030303030304,0.030303030303030304,0.0,0.0,0.0,0.0,0.0,0.030303030303030304,0.030303030303030304,33.0
PLAIN-681,1,0.0,0.0,0.0,0.0,0.0,0.0,0.0,0.0,0.0,0.0,0.0,0.0,0.0,0.0,0.0,0.0,0.0,0.0,0.0,0.0,0.0,0.0,0.0,0.0,0.0,0.0,0.0,0.0,0.0,0.0,0.0,0.0,0.0,0.0,0.0,
PLAIN-691,21,0.0,0.0,0.0,0.0,0.0,0.025693729453872473,0.025693729453872473,0.0,0.0,0.0,0.0,0.0,0.047619047619047616,0.047619047619047616,0.0,0.0,0.0,0.0,0.0,0.02,0.01,0.0,0.0,0.0,0.0,0.0,0.025,0.025,0.0,0.0,0.0,0.0,0.0,0.0011904761904761906,0.0011904761904761906,40.0
PLAIN-701,8,0.0,0.5307212739772434,0.38356636737133565,0.4559549757235408,0.4559549757235408,0.4559549757235408,0.4559549757235408,0.0,0.25,0.25,0.5,0.5,0.5,0.5,0.0,0.6666666666666666,0.4,0.4,0.2,0.08,0.04,0.0,0.5,0.5,0.5,0.5,0.5,0.5,0.0,0.14583333333333331,0.14583333333333331,0.2708333333333333,0.2708333333333333,0.2708333333333333,0.2708333333333333,2.0
PLAIN-711,57,0.0,0.23463936301137822,0.30078518014914984,0.1951890007906611,0.159406099273528,0.11503838761293414,0.15122371316878577,0.0,0.017543859649122806,0.03508771929824561,0.03508771929824561,0.05263157894736842,0.08771929824561403,0.15789473684210525,0.0,0.3333333333333333,0.4,0.2,0.15,0.1,0.09,0.0,0.3333333333333333,0.3333333333333333,0.3333333333333333,0.3333333333333333,0.3333333333333333,0.3333333333333333,0.0,0.005847953216374269,0.012865497076023392,0.012865497076023392,0.015789473684210527,0.01925050722043203,0.026606182734002285,3.0
PLAIN-721,25,1.0,1.0,1.0,0.8669479898642711,0.6319859630947742,0.574733074069721,0.6352802229125404,0.04,0.12,0.2,0.32,0.4,0.44,0.56,1.0,1.0,1.0,0.8,0.5,0.22,0.14,1.0,1.0,1.0,1.0,1.0,1.0,1.0,0.04,0.12,0.2,0.3155555555555556,0.3693354598617757,0.39028784081415663,0.413401258160339,1.0
PLAIN-731,54,1.0,0.7653606369886217,0.5531464700081437,0.35895421017163476,0.30371424990231394,0.21360758244416092,0.20265977556512768,0.018518518518518517,0.037037037037037035,0.037037037037037035,0.037037037037037035,0.07407407407407407,0.12962962962962962,0.12962962962962962,1.0,0.6666666666666666,0.4,0.2,0.2,0.14,0.07,1.0,1.0,1.0,1.0,1.0,1.0,1.0,0.018518518518518517,0.037037037037037035,0.037037037037037035,0.037037037037037035,0.045940170940170943,0.05758412770607893,0.05758412770607893,1.0
PLAIN-741,19,0.0,0.0,0.0,0.0,0.0,0.029628796919289404,0.051971278265852267,0.0,0.0,0.0,0.0,0.0,0.05263157894736842,0.10526315789473684,0.0,0.0,0.0,0.0,0.0,0.02,0.02,0.0,0.0,0.0,0.0,0.0,0.03333333333333333,0.03333333333333333,0.0,0.0,0.0,0.0,0.0,0.0017543859649122807,0.0028742067935796935,30.0
PLAIN-751,7,0.0,0.0,0.0,0.0,0.0,0.0,0.0,0.0,0.0,0.0,0.0,0.0,0.0,0.0,0.0,0.0,0.0,0.0,0.0,0.0,0.0,0.0,0.0,0.0,0.0,0.0,0.0,0.0,0.0,0.0,0.0,0.0,0.0,0.0,0.0,
PLAIN-761,6,0.0,0.0,0.0,0.09546043308946733,0.09546043308946733,0.09546043308946733,0.09546043308946733,0.0,0.0,0.0,0.16666666666666666,0.16666666666666666,0.16666666666666666,0.16666666666666666,0.0,0.0,0.0,0.1,0.05,0.02,0.01,0.0,0.0,0.0,0.125,0.125,0.125,0.125,0.0,0.0,0.0,0.020833333333333332,0.020833333333333332,0.020833333333333332,0.020833333333333332,8.0
PLAIN-771,3,1.0,0.46927872602275644,0.6508205185601091,0.6508205185601091,0.6508205185601091,0.7560533747074039,0.7560533747074039,0.3333333333333333,0.3333333333333333,0.6666666666666666,0.6666666666666666,0.6666666666666666,1.0,1.0,1.0,0.3333333333333333,0.4,0.2,0.1,0.06,0.03,1.0,1.0,1.0,1.0,1.0,1.0,1.0,0.3333333333333333,0.3333333333333333,0.4666666666666666,0.4666666666666666,0.4666666666666666,0.5142857142857142,0.5142857142857142,1.0
PLAIN-782,2,0.0,0.0,0.0,0.0,0.0,0.0,0.0,0.0,0.0,0.0,0.0,0.0,0.0,0.0,0.0,0.0,0.0,0.0,0.0,0.0,0.0,0.0,0.0,0.0,0.0,0.0,0.0,0.0,0.0,0.0,0.0,0.0,0.0,0.0,0.0,
PLAIN-792,6,0.0,0.0,0.0,0.0874717141014082,0.0874717141014082,0.14600301067038995,0.14600301067038995,0.0,0.0,0.0,0.16666666666666666,0.16666666666666666,0.3333333333333333,0.3333333333333333,0.0,0.0,0.0,0.1,0.05,0.04,0.02,0.0,0.0,0.0,0.1,0.1,0.1,0.1,0.0,0.0,0.0,0.016666666666666666,0.016666666666666666,0.02619047619047619,0.02619047619047619,10.0
PLAIN-806,96,1.0,0.7039180890341347,0.639945385422766,0.4847119890255186,0.3835402204378463,0.2845568786884881,0.19642585702944756,0.010416666666666666,0.020833333333333332,0.03125,0.041666666666666664,0.0625,0.11458333333333333,0.13541666666666666,1.0,0.6666666666666666,0.6,0.4,0.3,0.22,0.13,1.0,1.0,1.0,1.0,1.0,1.0,1.0,0.010416666666666666,0.01736111111111111,0.02361111111111111,0.028819444444444443,0.03628472222222222,0.049503050899646996,0.05320711404664493,1.0
PLAIN-817,1,0.0,0.0,0.0,0.0,0.0,0.0,0.0,0.0,0.0,0.0,0.0,0.0,0.0,0.0,0.0,0.0,0.0,0.0,0.0,0.0,0.0,0.0,0.0,0.0,0.0,0.0,0.0,0.0,0.0,0.0,0.0,0.0,0.0,0.0,0.0,
PLAIN-827,244,1.0,0.46927872602275644,0.3391602052736161,0.4412851793128929,0.5657606592729061,0.33799385792351866,0.307778852035011,0.004098360655737705,0.004098360655737705,0.004098360655737705,0.01639344262295082,0.04918032786885246,0.05737704918032787,0.11065573770491803,1.0,0.3333333333333333,0.2,0.4,0.6,0.28,0.27,1.0,1.0,1.0,1.0,1.0,1.0,1.0,0.004098360655737705,0.004098360655737705,0.004098360655737705,0.009270101483216237,0.026422260540161367,0.0292683443288681,0.04394740720895143,1.0
PLAIN-838,9,1.0,1.0,0.8539316501572937,0.5917935853108561,0.6492976063975863,0.6492976063975863,0.6492976063975863,0.1111111111111111,0.3333333333333333,0.4444444444444444,0.4444444444444444,0.5555555555555556,0.5555555555555556,0.5555555555555556,1.0,1.0,0.8,0.4,0.25,0.1,0.05,1.0,1.0,1.0,1.0,1.0,1.0,1.0,0.1111111111111111,0.3333333333333333,0.4222222222222222,0.4222222222222222,0.45694444444444443,0.45694444444444443,0.45694444444444443,1.0
PLAIN-850,57,0.0,0.2960819109658652,0.36005461457723403,0.23365080824310536,0.1507906025813753,0.12696866714268076,0.13839807587964748,0.0,0.017543859649122806,0.03508771929824561,0.03508771929824561,0.03508771929824561,0.08771929824561403,0.12280701754385964,0.0,0.3333333333333333,0.4,0.2,0.1,0.1,0.07,0.0,0.5,0.5,0.5,0.5,0.5,0.5,0.0,0.008771929824561403,0.017543859649122806,0.017543859649122806,0.017543859649122806,0.023254953745316272,0.026086879238060478,2.0
PLAIN-872,1,0.0,0.0,0.0,0.0,0.0,0.0,0.0,0.0,0.0,0.0,0.0,0.0,0.0,0.0,0.0,0.0,0.0,0.0,0.0,0.0,0.0,0.0,0.0,0.0,0.0,0.0,0.0,0.0,0.0,0.0,0.0,0.0,0.0,0.0,0.0,
PLAIN-882,15,0.0,0.0,0.0,0.0,0.08706549397575748,0.15921848952949594,0.15921848952949594,0.0,0.0,0.0,0.0,0.13333333333333333,0.26666666666666666,0.26666666666666666,0.0,0.0,0.0,0.0,0.1,0.08,0.04,0.0,0.0,0.0,0.0,0.09090909090909091,0.09090909090909091,0.09090909090909091,0.0,0.0,0.0,0.0,0.013078149920255184,0.031057947900053163,0.031057947900053163,11.0
PLAIN-892,92,1.0,0.46927872602275644,0.48522855511632257,0.38431135260440824,0.28208497086934337,0.2141436836615046,0.1568280175545473,0.010869565217391304,0.010869565217391304,0.021739130434782608,0.03260869565217391,0.043478260869565216,0.08695652173913043,0.10869565217391304,1.0,0.3333333333333333,0.4,0.3,0.2,0.16,0.1,1.0,1.0,1.0,1.0,1.0,1.0,1.0,0.010869565217391304,0.010869565217391304,0.016304347826086956,0.020380434782608696,0.022937979539641943,0.03089271459065029,0.03410357889215571,1.0
PLAIN-902,4,1.0,0.7039180890341347,0.5855700749881525,0.5855700749881525,0.5855700749881525,0.5855700749881525,0.5855700749881525,0.25,0.5,0.5,0.5,0.5,0.5,0.5,1.0,0.6666666666666666,0.4,0.2,0.1,0.04,0.02,1.0,1.0,1.0,1.0,1.0,1.0,1.0,0.25,0.41666666666666663,0.41666666666666663,0.41666666666666663,0.41666666666666663,0.41666666666666663,0.41666666666666663,1.0
PLAIN-913,34,0.0,0.0,0.0,0.0,0.0669279428235595,0.04734946307769012,0.11568114198327249,0.0,0.0,0.0,0.0,0.058823529411764705,0.058823529411764705,0.17647058823529413,0.0,0.0,0.0,0.0,0.1,0.04,0.06,0.0,0.0,0.0,0.0,0.058823529411764705,0.058823529411764705,0.058823529411764705,0.0,0.0,0.0,0.0,0.004826079038426516,0.004826079038426516,0.013796788910464661,17.0
PLAIN-924,32,0.0,0.0,0.0,0.07336392209936006,0.04734667987788576,0.054659360048919005,0.054659360048919005,0.0,0.0,0.0,0.03125,0.03125,0.0625,0.0625,0.0,0.0,0.0,0.1,0.05,0.04,0.02,0.0,0.0,0.0,0.14285714285714285,0.14285714285714285,0.14285714285714285,0.14285714285714285,0.0,0.0,0.0,0.004464285714285714,0.004464285714285714,0.006109022556390977,0.006109022556390977,7.0
PLAIN-934,101,0.0,0.23463936301137822,0.16958010263680806,0.18340980524840014,0.22096517345031713,0.2115106266462447,0.19280535239742044,0.0,0.009900990099009901,0.009900990099009901,0.019801980198019802,0.04950495049504951,0.10891089108910891,0.18811881188118812,0.0,0.3333333333333333,0.2,0.2,0.25,0.22,0.19,0.0,0.3333333333333333,0.3333333333333333,0.3333333333333333,0.3333333333333333,0.3333333333333333,0.3333333333333333,0.0,0.0033003300330033,0.0033003300330033,0.00612918434700613,0.01305987741631306,0.027560420481816412,0.04527378661706832,3.0
PLAIN-946,31,0.0,0.0,0.0,0.0,0.0,0.0,0.035814438165696585,0.0,0.0,0.0,0.0,0.0,0.0,0.06451612903225806,0.0,0.0,0.0,0.0,0.0,0.0,0.02,0.0,0.0,0.0,0.0,0.0,0.0,0.016666666666666666,0.0,0.0,0.0,0.0,0.0,0.0,0.0015616999487967228,60.0
PLAIN-956,206,1.0,0.46927872602275644,0.3391602052736161,0.3621108234757073,0.4517541691968971,0.3238945049916802,0.2825842691727378,0.0048543689320388345,0.0048543689320388345,0.0048543689320388345,0.014563106796116505,0.043689320388349516,0.06796116504854369,0.12135922330097088,1.0,0.3333333333333333,0.2,0.3,0.45,0.28,0.25,1.0,1.0,1.0,1.0,1.0,1.0,1.0,0.0048543689320388345,0.0048543689320388345,0.0048543689320388345,0.007928802588996763,0.02091686630521582,0.03008330926824506,0.04333484280247916,1.0
PLAIN-966,3,0.0,0.0,0.0,0.0,0.0,0.0,0.0,0.0,0.0,0.0,0.0,0.0,0.0,0.0,0.0,0.0,0.0,0.0,0.0,0.0,0.0,0.0,0.0,0.0,0.0,0.0,0.0,0.0,0.0,0.0,0.0,0.0,0.0,0.0,0.0,
PLAIN-977,3,0.0,0.0,0.0,0.0,0.11480929472601784,0.11480929472601784,0.11480929472601784,0.0,0.0,0.0,0.0,0.3333333333333333,0.3333333333333333,0.3333333333333333,0.0,0.0,0.0,0.0,0.05,0.02,0.01,0.0,0.0,0.0,0.0,0.0625,0.0625,0.0625,0.0,0.0,0.0,0.0,0.020833333333333332,0.020833333333333332,0.020833333333333332,16.0
PLAIN-987,3,0.0,0.0,0.0,0.0,0.0,0.0956366800683804,0.0956366800683804,0.0,0.0,0.0,0.0,0.0,0.3333333333333333,0.3333333333333333,0.0,0.0,0.0,0.0,0.0,0.02,0.01,0.0,0.0,0.0,0.0,0.0,0.034482758620689655,0.034482758620689655,0.0,0.0,0.0,0.0,0.0,0.011494252873563218,0.011494252873563218,29.0
PLAIN-997,2,0.0,0.0,0.0,0.0,0.0,0.0,0.0,0.0,0.0,0.0,0.0,0.0,0.0,0.0,0.0,0.0,0.0,0.0,0.0,0.0,0.0,0.0,0.0,0.0,0.0,0.0,0.0,0.0,0.0,0.0,0.0,0.0,0.0,0.0,0.0,
PLAIN-1008,5,0.0,0.0,0.0,0.0,0.08297572808511901,0.08297572808511901,0.08297572808511901,0.0,0.0,0.0,0.0,0.2,0.2,0.2,0.0,0.0,0.0,0.0,0.05,0.02,0.01,0.0,0.0,0.0,0.0,0.0625,0.0625,0.0625,0.0,0.0,0.0,0.0,0.0125,0.0125,0.0125,16.0
PLAIN-1018,60,0.0,0.0,0.0,0.06943122193677728,0.08319328176705461,0.0893331159856982,0.07882717361204748,0.0,0.0,0.0,0.016666666666666666,0.03333333333333333,0.08333333333333333,0.08333333333333333,0.0,0.0,0.0,0.1,0.1,0.1,0.05,0.0,0.0,0.0,0.125,0.125,0.125,0.125,0.0,0.0,0.0,0.0020833333333333333,0.00486111111111111,0.009951882448932015,0.009951882448932015,8.0
PLAIN-1028,1,0.0,0.0,0.0,0.0,0.0,0.0,0.0,0.0,0.0,0.0,0.0,0.0,0.0,0.0,0.0,0.0,0.0,0.0,0.0,0.0,0.0,0.0,0.0,0.0,0.0,0.0,0.0,0.0,0.0,0.0,0.0,0.0,0.0,0.0,0.0,
PLAIN-1039,2,1.0,0.6131471927654584,0.6131471927654584,0.6131471927654584,0.6131471927654584,0.6131471927654584,0.7128500229551399,0.5,0.5,0.5,0.5,0.5,0.5,1.0,1.0,0.3333333333333333,0.2,0.1,0.05,0.02,0.02,1.0,1.0,1.0,1.0,1.0,1.0,1.0,0.5,0.5,0.5,0.5,0.5,0.5,0.5142857142857142,1.0
PLAIN-1050,94,0.0,0.0,0.0,0.0,0.0,0.0,0.008171976883311036,0.0,0.0,0.0,0.0,0.0,0.0,0.010638297872340425,0.0,0.0,0.0,0.0,0.0,0.0,0.01,0.0,0.0,0.0,0.0,0.0,0.0,0.014705882352941176,0.0,0.0,0.0,0.0,0.0,0.0,0.00015644555694618273,68.0
PLAIN-1066,9,0.0,0.0,0.0,0.0,0.0,0.0,0.0,0.0,0.0,0.0,0.0,0.0,0.0,0.0,0.0,0.0,0.0,0.0,0.0,0.0,0.0,0.0,0.0,0.0,0.0,0.0,0.0,0.0,0.0,0.0,0.0,0.0,0.0,0.0,0.0,
PLAIN-1088,5,1.0,0.46927872602275644,0.3391602052736161,0.4412576003965278,0.4412576003965278,0.4412576003965278,0.4412576003965278,0.2,0.2,0.2,0.4,0.4,0.4,0.4,1.0,0.3333333333333333,0.2,0.2,0.1,0.04,0.02,1.0,1.0,1.0,1.0,1.0,1.0,1.0,0.2,0.2,0.2,0.24444444444444446,0.24444444444444446,0.24444444444444446,0.24444444444444446,1.0
PLAIN-1098,5,0.0,0.0,0.0,0.0,0.0,0.0,0.0,0.0,0.0,0.0,0.0,0.0,0.0,0.0,0.0,0.0,0.0,0.0,0.0,0.0,0.0,0.0,0.0,0.0,0.0,0.0,0.0,0.0,0.0,0.0,0.0,0.0,0.0,0.0,0.0,
PLAIN-1109,98,1.0,0.7653606369886217,0.5531464700081437,0.35895421017163476,0.3030270494594279,0.17929073585103894,0.13554891829257476,0.01020408163265306,0.02040816326530612,0.02040816326530612,0.02040816326530612,0.04081632653061224,0.05102040816326531,0.08163265306122448,1.0,0.6666666666666666,0.4,0.2,0.2,0.1,0.08,1.0,1.0,1.0,1.0,1.0,1.0,1.0,0.01020408163265306,0.02040816326530612,0.02040816326530612,0.02040816326530612,0.02516391171853357,0.026249452317751977,0.02920012268502647,1.0
PLAIN-1119,11,0.0,0.0,0.0,0.0,0.0,0.0,0.0,0.0,0.0,0.0,0.0,0.0,0.0,0.0,0.0,0.0,0.0,0.0,0.0,0.0,0.0,0.0,0.0,0.0,0.0,0.0,0.0,0.0,0.0,0.0,0.0,0.0,0.0,0.0,0.0,
PLAIN-1130,1,1.0,1.0,1.0,1.0,1.0,1.0,1.0,1.0,1.0,1.0,1.0,1.0,1.0,1.0,1.0,0.3333333333333333,0.2,0.1,0.05,0.02,0.01,1.0,1.0,1.0,1.0,1.0,1.0,1.0,1.0,1.0,1.0,1.0,1.0,1.0,1.0,1.0
PLAIN-1141,16,0.0,0.0,0.14606834984270645,0.09478836436955079,0.07053335424873529,0.13341421206272083,0.13341421206272083,0.0,0.0,0.0625,0.0625,0.0625,0.1875,0.1875,0.0,0.0,0.2,0.1,0.05,0.06,0.03,0.0,0.0,0.25,0.25,0.25,0.25,0.25,0.0,0.0,0.015625,0.015625,0.015625,0.023995535714285712,0.023995535714285712,4.0
PLAIN-1151,153,0.0,0.0,0.0,0.22119341301481268,0.2105993075109087,0.2513154277033152,0.2163441856856119,0.0,0.0,0.0,0.0196078431372549,0.032679738562091505,0.0915032679738562,0.1437908496732026,0.0,0.0,0.0,0.3,0.25,0.28,0.22,0.0,0.0,0.0,0.16666666666666666,0.16666666666666666,0.16666666666666666,0.16666666666666666,0.0,0.0,0.0,0.00540771864301276,0.008784624961095548,0.02547902227390159,0.03857046717176958,6.0
PLAIN-1161,1,0.0,0.0,0.0,0.0,0.0,0.0,0.0,0.0,0.0,0.0,0.0,0.0,0.0,0.0,0.0,0.0,0.0,0.0,0.0,0.0,0.0,0.0,0.0,0.0,0.0,0.0,0.0,0.0,0.0,0.0,0.0,0.0,0.0,0.0,0.0,
PLAIN-1172,19,0.0,0.0,0.0,0.0,0.0,0.0,0.0,0.0,0.0,0.0,0.0,0.0,0.0,0.0,0.0,0.0,0.0,0.0,0.0,0.0,0.0,0.0,0.0,0.0,0.0,0.0,0.0,0.0,0.0,0.0,0.0,0.0,0.0,0.0,0.0,
PLAIN-1183,25,0.0,0.0,0.0,0.0,0.0,0.04721948919981154,0.06742076636975144,0.0,0.0,0.0,0.0,0.0,0.08,0.12,0.0,0.0,0.0,0.0,0.0,0.04,0.03,0.0,0.0,0.0,0.0,0.0,0.02857142857142857,0.02857142857142857,0.0,0.0,0.0,0.0,0.0,0.003305019305019305,0.005096064081138708,35.0
PLAIN-1193,18,0.0,0.0,0.0,0.0,0.0,0.059388631872889466,0.059388631872889466,0.0,0.0,0.0,0.0,0.0,0.1111111111111111,0.1111111111111111,0.0,0.0,0.0,0.0,0.0,0.04,0.02,0.0,0.0,0.0,0.0,0.0,0.04,0.04,0.0,0.0,0.0,0.0,0.0,0.004537037037037037,0.004537037037037037,25.0
PLAIN-1203,12,0.0,0.23463936301137822,0.16958010263680806,0.1100458831490401,0.09817896789964466,0.09817896789964466,0.09817896789964466,0.0,0.08333333333333333,0.08333333333333333,0.08333333333333333,0.08333333333333333,0.08333333333333333,0.08333333333333333,0.0,0.3333333333333333,0.2,0.1,0.05,0.02,0.01,0.0,0.3333333333333333,0.3333333333333333,0.3333333333333333,0.3333333333333333,0.3333333333333333,0.3333333333333333,0.0,0.027777777777777776,0.027777777777777776,0.027777777777777776,0.027777777777777776,0.027777777777777776,0.027777777777777776,3.0
PLAIN-1214,17,0.0,0.0,0.0,0.0,0.0,0.028215815372060533,0.05478658757304046,0.0,0.0,0.0,0.0,0.0,0.058823529411764705,0.11764705882352941,0.0,0.0,0.0,0.0,0.0,0.02,0.02,0.0,0.0,0.0,0.0,0.0,0.02127659574468085,0.02127659574468085,0.0,0.0,0.0,0.0,0.0,0.0012515644555694619,0.003212348769294952,47.0
PLAIN-1225,27,1.0,0.7653606369886217,0.5531464700081437,0.4959389204699465,0.3200627861017756,0.3122015839526671,0.33109676119787546,0.037037037037037035,0.07407407407407407,0.07407407407407407,0.14814814814814814,0.14814814814814814,0.2222222222222222,0.25925925925925924,1.0,0.6666666666666666,0.4,0.4,0.2,0.12,0.07,1.0,1.0,1.0,1.0,1.0,1.0,1.0,0.037037037037037035,0.07407407407407407,0.07407407407407407,0.10476190476190475,0.10476190476190475,0.11971536089183145,0.12331618393709895,1.0
PLAIN-1236,5,0.0,0.0,0.0,0.10699313236726378,0.10699313236726378,0.10699313236726378,0.10699313236726378,0.0,0.0,0.0,0.2,0.2,0.2,0.2,0.0,0.0,0.0,0.1,0.05,0.02,0.01,0.0,0.0,0.0,0.125,0.125,0.125,0.125,0.0,0.0,0.0,0.025,0.025,0.025,0.025,8.0
PLAIN-1249,4,0.0,0.0,0.0,0.0,0.0,0.0,0.0,0.0,0.0,0.0,0.0,0.0,0.0,0.0,0.0,0.0,0.0,0.0,0.0,0.0,0.0,0.0,0.0,0.0,0.0,0.0,0.0,0.0,0.0,0.0,0.0,0.0,0.0,0.0,0.0,
PLAIN-1262,10,1.0,0.46927872602275644,0.3391602052736161,0.2200917662980802,0.2200917662980802,0.2200917662980802,0.2566374860433847,0.1,0.1,0.1,0.1,0.1,0.1,0.2,1.0,0.3333333333333333,0.2,0.1,0.05,0.02,0.02,1.0,1.0,1.0,1.0,1.0,1.0,1.0,0.1,0.1,0.1,0.1,0.1,0.1,0.103125,1.0
PLAIN-1275,55,1.0,0.7653606369886217,0.5531464700081437,0.35895421017163476,0.2650948182217142,0.14470284894862726,0.15800217818700413,0.01818181818181818,0.03636363636363636,0.03636363636363636,0.03636363636363636,0.05454545454545454,0.05454545454545454,0.09090909090909091,1.0,0.6666666666666666,0.4,0.2,0.15,0.06,0.05,1.0,1.0,1.0,1.0,1.0,1.0,1.0,0.01818181818181818,0.03636363636363636,0.03636363636363636,0.03636363636363636,0.03939393939393939,0.03939393939393939,0.041235431235431226,1.0
PLAIN-1288,196,0.0,0.5307212739772434,0.5147714448836774,0.33405144466421566,0.24845086565973498,0.17936129446447588,0.15775034242480807,0.0,0.01020408163265306,0.015306122448979591,0.015306122448979591,0.02040816326530612,0.03571428571428571,0.0663265306122449,0.0,0.6666666666666666,0.6,0.3,0.2,0.14,0.13,0.0,0.5,0.5,0.5,0.5,0.5,0.5,0.0,0.005952380952380952,0.00901360544217687,0.00901360544217687,0.010087719298245614,0.01240984417797418,0.017189003009011904,2.0
PLAIN-1299,61,0.0,0.0,0.0,0.0,0.0,0.014883136784092805,0.03494774550715592,0.0,0.0,0.0,0.0,0.0,0.01639344262295082,0.04918032786885246,0.0,0.0,0.0,0.0,0.0,0.02,0.03,0.0,0.0,0.0,0.0,0.0,0.027777777777777776,0.027777777777777776,0.0,0.0,0.0,0.0,0.0,0.0004553734061930783,0.0015812966632638762,36.0
PLAIN-1309,4,0.0,0.0,0.0,0.0,0.0,0.0,0.0,0.0,0.0,0.0,0.0,0.0,0.0,0.0,0.0,0.0,0.0,0.0,0.0,0.0,0.0,0.0,0.0,0.0,0.0,0.0,0.0,0.0,0.0,0.0,0.0,0.0,0.0,0.0,0.0,
PLAIN-1320,6,0.0,0.0,0.0,0.0,0.0,0.06166887310869151,0.06166887310869151,0.0,0.0,0.0,0.0,0.0,0.16666666666666666,0.16666666666666666,0.0,0.0,0.0,0.0,0.0,0.02,0.01,0.0,0.0,0.0,0.0,0.0,0.034482758620689655,0.034482758620689655,0.0,0.0,0.0,0.0,0.0,0.005747126436781609,0.005747126436781609,29.0
PLAIN-1331,1,0.0,0.0,0.0,0.0,0.0,0.0,0.0,0.0,0.0,0.0,0.0,0.0,0.0,0.0,0.0,0.0,0.0,0.0,0.0,0.0,0.0,0.0,0.0,0.0,0.0,0.0,0.0,0.0,0.0,0.0,0.0,0.0,0.0,0.0,0.0,
PLAIN-1342,16,1.0,0.46927872602275644,0.48522855511632257,0.314880130667631,0.27622584116221194,0.3119455175676399,0.3119455175676399,0.0625,0.0625,0.125,0.125,0.1875,0.25,0.25,1.0,0.3333333333333333,0.4,0.2,0.15,0.08,0.04,1.0,1.0,1.0,1.0,1.0,1.0,1.0,0.0625,0.0625,0.09375,0.09375,0.10714285714285714,0.11801242236024845,0.11801242236024845,1.0
PLAIN-1353,4,0.0,0.0,0.0,0.0,0.0,0.0,0.0,0.0,0.0,0.0,0.0,0.0,0.0,0.0,0.0,0.0,0.0,0.0,0.0,0.0,0.0,0.0,0.0,0.0,0.0,0.0,0.0,0.0,0.0,0.0,0.0,0.0,0.0,0.0,0.0,
PLAIN-1363,11,0.0,0.0,0.0,0.0,0.0,0.0,0.0,0.0,0.0,0.0,0.0,0.0,0.0,0.0,0.0,0.0,0.0,0.0,0.0,0.0,0.0,0.0,0.0,0.0,0.0,0.0,0.0,0.0,0.0,0.0,0.0,0.0,0.0,0.0,0.0,
PLAIN-1374,26,0.0,0.0,0.0,0.0,0.03730675036644463,0.056420507576703936,0.056420507576703936,0.0,0.0,0.0,0.0,0.038461538461538464,0.07692307692307693,0.07692307692307693,0.0,0.0,0.0,0.0,0.05,0.04,0.02,0.0,0.0,0.0,0.0,0.07692307692307693,0.07692307692307693,0.07692307692307693,0.0,0.0,0.0,0.0,0.002958579881656805,0.005807582730659654,0.005807582730659654,13.0
PLAIN-1387,12,0.0,0.0,0.0,0.0,0.0,0.0,0.060018095771770336,0.0,0.0,0.0,0.0,0.0,0.0,0.16666666666666666,0.0,0.0,0.0,0.0,0.0,0.0,0.02,0.0,0.0,0.0,0.0,0.0,0.0,0.011494252873563218,0.0,0.0,0.0,0.0,0.0,0.0,0.0026585346782391113,87.0
PLAIN-1398,103,1.0,0.7039180890341347,0.5087403079104241,0.4729327934832576,0.4836539830759615,0.43010175718121896,0.29516324196996385,0.009708737864077669,0.019417475728155338,0.019417475728155338,0.038834951456310676,0.08737864077669903,0.1941747572815534,0.23300970873786409,1.0,0.6666666666666666,0.4,0.4,0.45,0.4,0.24,1.0,1.0,1.0,1.0,1.0,1.0,1.0,0.009708737864077669,0.016181229773462782,0.016181229773462782,0.025196486361534903,0.04764216366158113,0.09299685198353456,0.10406040008591762,1.0
PLAIN-1409,253,0.0,0.0,0.13120507751234178,0.08514311764162101,0.054948588071985875,0.10251575049783701,0.11752668300131598,0.0,0.0,0.003952569169960474,0.003952569169960474,0.003952569169960474,0.023715415019762844,0.05138339920948617,0.0,0.0,0.2,0.1,0.05,0.12,0.13,0.0,0.0,0.2,0.2,0.2,0.2,0.2,0.0,0.0,0.0007905138339920949,0.0007905138339920949,0.0007905138339920949,0.0026995228996463355,0.0065447995678722245,5.0
PLAIN-1419,65,0.0,0.0,0.0,0.0,0.06964504151476444,0.06938106432909308,0.09943649025242585,0.0,0.0,0.0,0.0,0.03076923076923077,0.06153846153846154,0.12307692307692308,0.0,0.0,0.0,0.0,0.1,0.08,0.08,0.0,0.0,0.0,0.0,0.07692307692307693,0.07692307692307693,0.07692307692307693,0.0,0.0,0.0,0.0,0.0027218934911242606,0.006264403612581751,0.011530865711045732,13.0
PLAIN-1429,6,0.0,0.0,0.0,0.0,0.0,0.0,0.0,0.0,0.0,0.0,0.0,0.0,0.0,0.0,0.0,0.0,0.0,0.0,0.0,0.0,0.0,0.0,0.0,0.0,0.0,0.0,0.0,0.0,0.0,0.0,0.0,0.0,0.0,0.0,0.0,
PLAIN-1441,186,0.0,0.2960819109658652,0.34519134224686937,0.37183505243062814,0.30747066549231405,0.19730308767722057,0.15997953230524595,0.0,0.005376344086021506,0.010752688172043012,0.021505376344086023,0.03225806451612903,0.043010752688172046,0.06989247311827956,0.0,0.3333333333333333,0.4,0.4,0.3,0.16,0.13,0.0,0.5,0.5,0.5,0.5,0.5,0.5,0.0,0.002688172043010753,0.004838709677419355,0.010215053763440859,0.013588446131140628,0.015746399412564432,0.019735707319693013,2.0
PLAIN-1453,245,0.0,0.0,0.0,0.0,0.0,0.04615758979612665,0.06745612534413688,0.0,0.0,0.0,0.0,0.0,0.012244897959183673,0.0326530612244898,0.0,0.0,0.0,0.0,0.0,0.06,0.08,0.0,0.0,0.0,0.0,0.0,0.038461538461538464,0.038461538461538464,0.0,0.0,0.0,0.0,0.0,0.0007138597836272255,0.0024359526879861398,26.0
PLAIN-1463,24,1.0,0.46927872602275644,0.3391602052736161,0.2200917662980802,0.1420400396336573,0.1517674107984297,0.17197863431177077,0.041666666666666664,0.041666666666666664,0.041666666666666664,0.041666666666666664,0.041666666666666664,0.08333333333333333,0.125,1.0,0.3333333333333333,0.2,0.1,0.05,0.04,0.03,1.0,1.0,1.0,1.0,1.0,1.0,1.0,0.041666666666666664,0.041666666666666664,0.041666666666666664,0.041666666666666664,0.041666666666666664,0.044444444444444446,0.04611111111111111,1.0
PLAIN-1473,1,0.0,0.0,0.0,0.0,0.0,0.0,0.0,0.0,0.0,0.0,0.0,0.0,0.0,0.0,0.0,0.0,0.0,0.0,0.0,0.0,0.0,0.0,0.0,0.0,0.0,0.0,0.0,0.0,0.0,0.0,0.0,0.0,0.0,0.0,0.0,
PLAIN-1485,54,0.0,0.0,0.14606834984270645,0.09478836436955079,0.061173315378031855,0.0333916485965813,0.03168026121966796,0.0,0.0,0.018518518518518517,0.018518518518518517,0.018518518518518517,0.018518518518518517,0.018518518518518517,0.0,0.0,0.2,0.1,0.05,0.02,0.01,0.0,0.0,0.25,0.25,0.25,0.25,0.25,0.0,0.0,0.004629629629629629,0.004629629629629629,0.004629629629629629,0.004629629629629629,0.004629629629629629,4.0
PLAIN-1496,1,0.0,0.0,0.0,0.0,0.0,0.0,0.0,0.0,0.0,0.0,0.0,0.0,0.0,0.0,0.0,0.0,0.0,0.0,0.0,0.0,0.0,0.0,0.0,0.0,0.0,0.0,0.0,0.0,0.0,0.0,0.0,0.0,0.0,0.0,0.0,
PLAIN-1506,15,1.0,0.46927872602275644,0.3391602052736161,0.2200917662980802,0.17060921827860476,0.17060921827860476,0.17060921827860476,0.06666666666666667,0.06666666666666667,0.06666666666666667,0.06666666666666667,0.06666666666666667,0.06666666666666667,0.06666666666666667,1.0,0.3333333333333333,0.2,0.1,0.05,0.02,0.01,1.0,1.0,1.0,1.0,1.0,1.0,1.0,0.06666666666666667,0.06666666666666667,0.06666666666666667,0.06666666666666667,0.06666666666666667,0.06666666666666667,0.06666666666666667,1.0
PLAIN-1516,2,0.0,0.0,0.0,0.0,0.0,0.11038570254939233,0.11038570254939233,0.0,0.0,0.0,0.0,0.0,0.5,0.5,0.0,0.0,0.0,0.0,0.0,0.02,0.01,0.0,0.0,0.0,0.0,0.0,0.021739130434782608,0.021739130434782608,0.0,0.0,0.0,0.0,0.0,0.010869565217391304,0.010869565217391304,46.0
PLAIN-1527,202,1.0,0.7039180890341347,0.6548086577531307,0.49435723575344837,0.4276868392028553,0.3716657173105666,0.2915221507944472,0.0049504950495049506,0.009900990099009901,0.01485148514851485,0.019801980198019802,0.034653465346534656,0.07920792079207921,0.1188118811881188,1.0,0.6666666666666666,0.6,0.4,0.35,0.32,0.24,1.0,1.0,1.0,1.0,1.0,1.0,1.0,0.0049504950495049506,0.00825082508250825,0.011963696369636963,0.014438943894389438,0.020647689768976893,0.0365711911995028,0.04841151257766945,1.0
PLAIN-1537,45,1.0,0.7039180890341347,0.639945385422766,0.4152807670887413,0.33818036845649346,0.21328365863513657,0.2266135608775169,0.022222222222222223,0.044444444444444446,0.06666666666666667,0.06666666666666667,0.1111111111111111,0.13333333333333333,0.15555555555555556,1.0,0.6666666666666666,0.6,0.3,0.25,0.12,0.07,1.0,1.0,1.0,1.0,1.0,1.0,1.0,0.022222222222222223,0.037037037037037035,0.05037037037037037,0.05037037037037037,0.06305593042435147,0.06595448114898915,0.06802855522306323,1.0
PLAIN-1547,6,0.0,0.0,0.0,0.0,0.0,0.0,0.0,0.0,0.0,0.0,0.0,0.0,0.0,0.0,0.0,0.0,0.0,0.0,0.0,0.0,0.0,0.0,0.0,0.0,0.0,0.0,0.0,0.0,0.0,0.0,0.0,0.0,0.0,0.0,0.0,
PLAIN-1557,26,0.0,0.0,0.0,0.0,0.0,0.024196506866146775,0.024196506866146775,0.0,0.0,0.0,0.0,0.0,0.038461538461538464,0.038461538461538464,0.0,0.0,0.0,0.0,0.0,0.02,0.01,0.0,0.0,0.0,0.0,0.0,0.03333333333333333,0.03333333333333333,0.0,0.0,0.0,0.0,0.0,0.001282051282051282,0.001282051282051282,30.0
PLAIN-1568,2,0.0,0.0,0.2640681225725909,0.2640681225725909,0.2640681225725909,0.3977981569336174,0.3977981569336174,0.0,0.0,0.5,0.5,0.5,1.0,1.0,0.0,0.0,0.2,0.1,0.05,0.04,0.02,0.0,0.0,0.25,0.25,0.25,0.25,0.25,0.0,0.0,0.125,0.125,0.125,0.16847826086956522,0.16847826086956522,4.0
PLAIN-1579,5,0.0,0.0,0.0,0.0,0.0,0.0,0.0,0.0,0.0,0.0,0.0,0.0,0.0,0.0,0.0,0.0,0.0,0.0,0.0,0.0,0.0,0.0,0.0,0.0,0.0,0.0,0.0,0.0,0.0,0.0,0.0,0.0,0.0,0.0,0.0,
PLAIN-1590,18,0.0,0.0,0.0,0.0,0.0,0.0,0.049686536133674075,0.0,0.0,0.0,0.0,0.0,0.0,0.1111111111111111,0.0,0.0,0.0,0.0,0.0,0.0,0.02,0.0,0.0,0.0,0.0,0.0,0.0,0.015384615384615385,0.0,0.0,0.0,0.0,0.0,0.0,0.0023979107312440645,65.0
PLAIN-1601,74,0.0,0.0,0.0,0.07336392209936006,0.08465343024433039,0.06200918672668988,0.04728515100939147,0.0,0.0,0.0,0.013513513513513514,0.02702702702702703,0.04054054054054054,0.04054054054054054,0.0,0.0,0.0,0.1,0.1,0.06,0.03,0.0,0.0,0.0,0.14285714285714285,0.14285714285714285,0.14285714285714285,0.14285714285714285,0.0,0.0,0.0,0.0019305019305019303,0.004009504009504009,0.0054074536833157525,0.0054074536833157525,7.0
PLAIN-1611,6,0.0,0.0,0.0,0.0,0.0,0.0,0.0,0.0,0.0,0.0,0.0,0.0,0.0,0.0,0.0,0.0,0.0,0.0,0.0,0.0,0.0,0.0,0.0,0.0,0.0,0.0,0.0,0.0,0.0,0.0,0.0,0.0,0.0,0.0,0.0,
PLAIN-1621,4,0.0,0.0,0.0,0.0,0.0,0.0,0.0,0.0,0.0,0.0,0.0,0.0,0.0,0.0,0.0,0.0,0.0,0.0,0.0,0.0,0.0,0.0,0.0,0.0,0.0,0.0,0.0,0.0,0.0,0.0,0.0,0.0,0.0,0.0,0.0,
PLAIN-1635,431,1.0,0.7039180890341347,0.6548086577531307,0.628164947569372,0.7216451599829988,0.698757741348277,0.5138904329827124,0.002320185614849188,0.004640371229698376,0.0069605568445475635,0.013921113689095127,0.03480278422273782,0.08120649651972157,0.10672853828306264,1.0,0.6666666666666666,0.6,0.6,0.75,0.7,0.46,1.0,1.0,1.0,1.0,1.0,1.0,1.0,0.002320185614849188,0.003866976024748646,0.005607115235885537,0.00961403896438699,0.02391501052285246,0.05820499116276972,0.07165835322498486,1.0
PLAIN-1645,6,0.0,0.0,0.0,0.0,0.0,0.0,0.05187864210776578,0.0,0.0,0.0,0.0,0.0,0.0,0.16666666666666666,0.0,0.0,0.0,0.0,0.0,0.0,0.01,0.0,0.0,0.0,0.0,0.0,0.0,0.017857142857142856,0.0,0.0,0.0,0.0,0.0,0.0,0.002976190476190476,56.0
PLAIN-1656,28,0.0,0.0,0.0,0.07839826897867534,0.05059568297461705,0.06629227887470315,0.08632726375659548,0.0,0.0,0.0,0.03571428571428571,0.03571428571428571,0.07142857142857142,0.10714285714285714,0.0,0.0,0.0,0.1,0.05,0.04,0.03,0.0,0.0,0.0,0.16666666666666666,0.16666666666666666,0.16666666666666666,0.16666666666666666,0.0,0.0,0.0,0.005952380952380952,0.005952380952380952,0.009353741496598638,0.011454581832733093,6.0
PLAIN-1667,159,0.0,0.0,0.0,0.22119341301481268,0.17681397871015703,0.2139000513216658,0.20301791219447518,0.0,0.0,0.0,0.018867924528301886,0.025157232704402517,0.07547169811320754,0.1320754716981132,0.0,0.0,0.0,0.3,0.2,0.24,0.21,0.0,0.0,0.0,0.16666666666666666,0.16666666666666666,0.16666666666666666,0.16666666666666666,0.0,0.0,0.0,0.0052036537885594486,0.006683491006465479,0.01735689435741121,0.03201896694561177,6.0
PLAIN-1679,1,0.0,0.0,0.0,0.0,0.0,0.0,0.0,0.0,0.0,0.0,0.0,0.0,0.0,0.0,0.0,0.0,0.0,0.0,0.0,0.0,0.0,0.0,0.0,0.0,0.0,0.0,0.0,0.0,0.0,0.0,0.0,0.0,0.0,0.0,0.0,
PLAIN-1690,4,0.0,0.0,0.0,0.0,0.0,0.0,0.0,0.0,0.0,0.0,0.0,0.0,0.0,0.0,0.0,0.0,0.0,0.0,0.0,0.0,0.0,0.0,0.0,0.0,0.0,0.0,0.0,0.0,0.0,0.0,0.0,0.0,0.0,0.0,0.0,
PLAIN-1700,5,0.0,0.0,0.0,0.0,0.0,0.0,0.0,0.0,0.0,0.0,0.0,0.0,0.0,0.0,0.0,0.0,0.0,0.0,0.0,0.0,0.0,0.0,0.0,0.0,0.0,0.0,0.0,0.0,0.0,0.0,0.0,0.0,0.0,0.0,0.0,
PLAIN-1710,16,1.0,1.0,1.0,1.0,0.7883718708539972,0.8563932233497211,0.8563932233497211,0.0625,0.1875,0.3125,0.625,0.6875,0.8125,0.8125,1.0,1.0,1.0,1.0,0.55,0.26,0.13,1.0,1.0,1.0,1.0,1.0,1.0,1.0,0.0625,0.1875,0.3125,0.625,0.6822916666666666,0.7397513440860215,0.7397513440860215,1.0
PLAIN-1721,31,0.0,0.2960819109658652,0.34519134224686937,0.3024038304938509,0.22802652881752336,0.21577913776142563,0.2524392411353808,0.0,0.03225806451612903,0.06451612903225806,0.0967741935483871,0.12903225806451613,0.1935483870967742,0.25806451612903225,0.0,0.3333333333333333,0.4,0.3,0.2,0.12,0.08,0.0,0.5,0.5,0.5,0.5,0.5,0.5,0.0,0.016129032258064516,0.02903225806451613,0.04516129032258064,0.05195246179966044,0.06483018715985425,0.07347369419045804,2.0
PLAIN-1731,3,1.0,0.7653606369886217,0.7653606369886217,0.7653606369886217,0.7653606369886217,0.7653606369886217,0.7653606369886217,0.3333333333333333,0.6666666666666666,0.6666666666666666,0.6666666666666666,0.6666666666666666,0.6666666666666666,0.6666666666666666,1.0,0.6666666666666666,0.4,0.2,0.1,0.04,0.02,1.0,1.0,1.0,1.0,1.0,1.0,1.0,0.3333333333333333,0.6666666666666666,0.6666666666666666,0.6666666666666666,0.6666666666666666,0.6666666666666666,0.6666666666666666,1.0
PLAIN-1741,420,0.0,0.0,0.0,0.0,0.0340629722559825,0.06420045947059318,0.07822232038152493,0.0,0.0,0.0,0.0,0.002380952380952381,0.009523809523809525,0.02142857142857143,0.0,0.0,0.0,0.0,0.05,0.08,0.09,0.0,0.0,0.0,0.0,0.058823529411764705,0.058823529411764705,0.058823529411764705,0.0,0.0,0.0,0.0,0.00014005602240896358,0.0007774246062061187,0.001914725856181652,17.0
PLAIN-1752,1,0.0,0.0,0.0,0.0,0.0,0.0,0.0,0.0,0.0,0.0,0.0,0.0,0.0,0.0,0.0,0.0,0.0,0.0,0.0,0.0,0.0,0.0,0.0,0.0,0.0,0.0,0.0,0.0,0.0,0.0,0.0,0.0,0.0,0.0,0.0,
PLAIN-1762,8,1.0,0.7653606369886217,0.5531464700081437,0.4125317798925535,0.4125317798925535,0.4635880334038127,0.4635880334038127,0.125,0.25,0.25,0.25,0.25,0.375,0.375,1.0,0.6666666666666666,0.4,0.2,0.1,0.06,0.03,1.0,1.0,1.0,1.0,1.0,1.0,1.0,0.125,0.25,0.25,0.25,0.25,0.2625,0.2625,1.0
PLAIN-1772,2,0.0,0.38685280723454163,0.6240505200038379,0.6240505200038379,0.6240505200038379,0.6240505200038379,0.6240505200038379,0.0,0.5,1.0,1.0,1.0,1.0,1.0,0.0,0.3333333333333333,0.4,0.2,0.1,0.04,0.02,0.0,0.5,0.5,0.5,0.5,0.5,0.5,0.0,0.25,0.45,0.45,0.45,0.45,0.45,2.0
PLAIN-1784,2,0.0,0.0,0.0,0.0,0.0,0.0,0.0,0.0,0.0,0.0,0.0,0.0,0.0,0.0,0.0,0.0,0.0,0.0,0.0,0.0,0.0,0.0,0.0,0.0,0.0,0.0,0.0,0.0,0.0,0.0,0.0,0.0,0.0,0.0,0.0,
PLAIN-1794,2,0.0,0.3065735963827292,0.3065735963827292,0.3065735963827292,0.3065735963827292,0.41822028139242806,0.41822028139242806,0.0,0.5,0.5,0.5,0.5,1.0,1.0,0.0,0.3333333333333333,0.2,0.1,0.05,0.04,0.02,0.0,0.3333333333333333,0.3333333333333333,0.3333333333333333,0.3333333333333333,0.3333333333333333,0.3333333333333333,0.0,0.16666666666666666,0.16666666666666666,0.16666666666666666,0.16666666666666666,0.1893939393939394,0.1893939393939394,3.0
PLAIN-1805,116,1.0,0.7653606369886217,0.6843515475204855,0.5077181160122075,0.43839222203909867,0.3640433762968331,0.2553265353870327,0.008620689655172414,0.017241379310344827,0.02586206896551724,0.034482758620689655,0.0603448275862069,0.12931034482758622,0.16379310344827586,1.0,0.6666666666666666,0.6,0.4,0.35,0.3,0.19,1.0,1.0,1.0,1.0,1.0,1.0,1.0,0.008620689655172414,0.017241379310344827,0.022413793103448276,0.02586206896551724,0.03724669726824899,0.06257115685426694,0.0711866006536654,1.0
PLAIN-1817,27,0.0,0.0,0.14606834984270645,0.15840915256850252,0.17180507692931773,0.14146679628509948,0.16088736902125175,0.0,0.0,0.037037037037037035,0.07407407407407407,0.14814814814814814,0.14814814814814814,0.18518518518518517,0.0,0.0,0.2,0.2,0.2,0.08,0.05,0.0,0.0,0.25,0.25,0.25,0.25,0.25,0.0,0.0,0.009259259259259259,0.016666666666666666,0.03278867102396514,0.03278867102396514,0.03568218954248366,4.0
PLAIN-1827,3,0.0,0.0,0.0,0.0,0.0,0.0,0.0,0.0,0.0,0.0,0.0,0.0,0.0,0.0,0.0,0.0,0.0,0.0,0.0,0.0,0.0,0.0,0.0,0.0,0.0,0.0,0.0,0.0,0.0,0.0,0.0,0.0,0.0,0.0,0.0,
PLAIN-1837,196,1.0,0.7653606369886217,0.6992148198508501,0.7411902110103873,0.8001076421567193,0.6367475897082445,0.47712257232364685,0.00510204081632653,0.01020408163265306,0.015306122448979591,0.03571428571428571,0.08163265306122448,0.14795918367346939,0.20408163265306123,1.0,0.6666666666666666,0.6,0.7,0.8,0.58,0.4,1.0,1.0,1.0,1.0,1.0,1.0,1.0,0.00510204081632653,0.01020408163265306,0.01403061224489796,0.028871072238419174,0.0651036259492142,0.1116864441915311,0.138833663445487,1.0
PLAIN-1847,11,0.0,0.0,0.0,0.0,0.0,0.0,0.0,0.0,0.0,0.0,0.0,0.0,0.0,0.0,0.0,0.0,0.0,0.0,0.0,0.0,0.0,0.0,0.0,0.0,0.0,0.0,0.0,0.0,0.0,0.0,0.0,0.0,0.0,0.0,0.0,
PLAIN-1857,33,1.0,0.7653606369886217,0.5531464700081437,0.35895421017163476,0.3044740871118597,0.21971045932503114,0.21971045932503114,0.030303030303030304,0.06060606060606061,0.06060606060606061,0.06060606060606061,0.12121212121212122,0.12121212121212122,0.12121212121212122,1.0,0.6666666666666666,0.4,0.2,0.2,0.08,0.04,1.0,1.0,1.0,1.0,1.0,1.0,1.0,0.030303030303030304,0.06060606060606061,0.06060606060606061,0.06060606060606061,0.07567987567987568,0.07567987567987568,0.07567987567987568,1.0
PLAIN-1867,7,0.0,0.0,0.0,0.0,0.0,0.05995170797385067,0.05995170797385067,0.0,0.0,0.0,0.0,0.0,0.14285714285714285,0.14285714285714285,0.0,0.0,0.0,0.0,0.0,0.02,0.01,0.0,0.0,0.0,0.0,0.0,0.043478260869565216,0.043478260869565216,0.0,0.0,0.0,0.0,0.0,0.006211180124223602,0.006211180124223602,23.0
PLAIN-1877,36,0.0,0.0,0.0,0.0,0.0,0.0,0.0,0.0,0.0,0.0,0.0,0.0,0.0,0.0,0.0,0.0,0.0,0.0,0.0,0.0,0.0,0.0,0.0,0.0,0.0,0.0,0.0,0.0,0.0,0.0,0.0,0.0,0.0,0.0,0.0,
PLAIN-1887,4,0.0,0.0,0.0,0.0,0.0,0.0,0.0,0.0,0.0,0.0,0.0,0.0,0.0,0.0,0.0,0.0,0.0,0.0,0.0,0.0,0.0,0.0,0.0,0.0,0.0,0.0,0.0,0.0,0.0,0.0,0.0,0.0,0.0,0.0,0.0,
PLAIN-1897,2,0.0,0.0,0.0,0.0,0.0,0.0,0.0,0.0,0.0,0.0,0.0,0.0,0.0,0.0,0.0,0.0,0.0,0.0,0.0,0.0,0.0,0.0,0.0,0.0,0.0,0.0,0.0,0.0,0.0,0.0,0.0,0.0,0.0,0.0,0.0,
PLAIN-1909,463,1.0,0.46927872602275644,0.4703652827859579,0.44725394111732825,0.4682083449927834,0.43706370181137977,0.3767459828591437,0.0021598272138228943,0.0021598272138228943,0.004319654427645789,0.008639308855291577,0.019438444924406047,0.04535637149028078,0.0755939524838013,1.0,0.3333333333333333,0.4,0.4,0.45,0.42,0.35,1.0,1.0,1.0,1.0,1.0,1.0,1.0,0.0021598272138228943,0.0021598272138228943,0.003023758099352052,0.004967602591792656,0.009990492626618578,0.021315588632692416,0.03285457734242843,1.0
PLAIN-1919,27,1.0,1.0,0.8539316501572937,0.7019727018777485,0.5249896195062395,0.45290274361421046,0.5112489498537256,0.037037037037037035,0.1111111111111111,0.14814814814814814,0.2222222222222222,0.2962962962962963,0.3333333333333333,0.4444444444444444,1.0,1.0,0.8,0.6,0.4,0.18,0.12,1.0,1.0,1.0,1.0,1.0,1.0,1.0,0.037037037037037035,0.1111111111111111,0.14074074074074072,0.1993827160493827,0.23776655443322112,0.24443322109988777,0.2635530512293577,1.0
PLAIN-1929,10,0.0,0.0,0.0,0.0,0.0,0.045782300218407505,0.08021296937037924,0.0,0.0,0.0,0.0,0.0,0.1,0.2,0.0,0.0,0.0,0.0,0.0,0.02,0.02,0.0,0.0,0.0,0.0,0.0,0.037037037037037035,0.037037037037037035,0.0,0.0,0.0,0.0,0.0,0.0037037037037037034,0.006113342257920571,27.0
PLAIN-1940,12,1.0,0.46927872602275644,0.3391602052736161,0.2200917662980802,0.1963579357992893,0.23813231172447277,0.23813231172447277,0.08333333333333333,0.08333333333333333,0.08333333333333333,0.08333333333333333,0.08333333333333333,0.16666666666666666,0.16666666666666666,1.0,0.3333333333333333,0.2,0.1,0.05,0.04,0.02,1.0,1.0,1.0,1.0,1.0,1.0,1.0,0.08333333333333333,0.08333333333333333,0.08333333333333333,0.08333333333333333,0.08333333333333333,0.09000000000000001,0.09000000000000001,1.0
PLAIN-1950,13,0.0,0.0,0.0,0.0,0.0,0.03701688656894558,0.09698019171006733,0.0,0.0,0.0,0.0,0.0,0.07692307692307693,0.23076923076923078,0.0,0.0,0.0,0.0,0.0,0.02,0.03,0.0,0.0,0.0,0.0,0.0,0.03125,0.03125,0.0,0.0,0.0,0.0,0.0,0.002403846153846154,0.007577035537561853,32.0
PLAIN-1962,13,0.0,0.0,0.0,0.0,0.0,0.0330851387148476,0.0330851387148476,0.0,0.0,0.0,0.0,0.0,0.07692307692307693,0.07692307692307693,0.0,0.0,0.0,0.0,0.0,0.02,0.01,0.0,0.0,0.0,0.0,0.0,0.02040816326530612,0.02040816326530612,0.0,0.0,0.0,0.0,0.0,0.0015698587127158554,0.0015698587127158554,49.0
PLAIN-1972,11,0.0,0.0,0.0,0.0,0.0,0.0,0.03226776935434222,0.0,0.0,0.0,0.0,0.0,0.0,0.09090909090909091,0.0,0.0,0.0,0.0,0.0,0.0,0.01,0.0,0.0,0.0,0.0,0.0,0.0,0.011764705882352941,0.0,0.0,0.0,0.0,0.0,0.0,0.0010695187165775401,85.0
PLAIN-1983,32,1.0,0.46927872602275644,0.3391602052736161,0.2200917662980802,0.1804246777990402,0.15487194655585443,0.1719962898957383,0.03125,0.03125,0.03125,0.03125,0.0625,0.09375,0.125,1.0,0.3333333333333333,0.2,0.1,0.1,0.06,0.04,1.0,1.0,1.0,1.0,1.0,1.0,1.0,0.03125,0.03125,0.03125,0.03125,0.036458333333333336,0.04006410256410257,0.041902337858220215,1.0
PLAIN-1995,11,0.0,0.0,0.0,0.0,0.0,0.0,0.07175217558500419,0.0,0.0,0.0,0.0,0.0,0.0,0.18181818181818182,0.0,0.0,0.0,0.0,0.0,0.0,0.02,0.0,0.0,0.0,0.0,0.0,0.0,0.019230769230769232,0.0,0.0,0.0,0.0,0.0,0.0,0.004995004995004995,52.0
PLAIN-2009,8,0.0,0.0,0.0,0.0,0.0,0.0,0.0,0.0,0.0,0.0,0.0,0.0,0.0,0.0,0.0,0.0,0.0,0.0,0.0,0.0,0.0,0.0,0.0,0.0,0.0,0.0,0.0,0.0,0.0,0.0,0.0,0.0,0.0,0.0,0.0,
PLAIN-2019,3,0.0,0.0,0.0,0.0,0.0,0.0,0.0,0.0,0.0,0.0,0.0,0.0,0.0,0.0,0.0,0.0,0.0,0.0,0.0,0.0,0.0,0.0,0.0,0.0,0.0,0.0,0.0,0.0,0.0,0.0,0.0,0.0,0.0,0.0,0.0,
PLAIN-2030,6,0.0,0.0,0.0,0.0,0.07947838320659593,0.07947838320659593,0.07947838320659593,0.0,0.0,0.0,0.0,0.16666666666666666,0.16666666666666666,0.16666666666666666,0.0,0.0,0.0,0.0,0.05,0.02,0.01,0.0,0.0,0.0,0.0,0.07692307692307693,0.07692307692307693,0.07692307692307693,0.0,0.0,0.0,0.0,0.012820512820512822,0.012820512820512822,0.012820512820512822,13.0
PLAIN-2040,132,0.0,0.0,0.0,0.07336392209936006,0.04734667987788576,0.08711728720138583,0.0695114959635327,0.0,0.0,0.0,0.007575757575757576,0.007575757575757576,0.03787878787878788,0.05303030303030303,0.0,0.0,0.0,0.1,0.05,0.1,0.07,0.0,0.0,0.0,0.14285714285714285,0.14285714285714285,0.14285714285714285,0.14285714285714285,0.0,0.0,0.0,0.0010822510822510823,0.0010822510822510823,0.004093286763741309,0.005623471674507369,7.0
PLAIN-2051,355,1.0,0.46927872602275644,0.4703652827859579,0.5206178632166883,0.4111208469092649,0.3454403351097388,0.2742421079853832,0.0028169014084507044,0.0028169014084507044,0.005633802816901409,0.014084507042253521,0.01971830985915493,0.04225352112676056,0.0647887323943662,1.0,0.3333333333333333,0.4,0.5,0.35,0.3,0.23,1.0,1.0,1.0,1.0,1.0,1.0,1.0,0.0028169014084507044,0.0028169014084507044,0.003943661971830986,0.008370221327967806,0.011221266995914884,0.018589992137144615,0.024512443772942524,1.0
PLAIN-2061,410,0.0,0.0,0.27727342735504823,0.3953144612881589,0.46616319891866725,0.43884021251484195,0.39381095397279275,0.0,0.0,0.004878048780487805,0.012195121951219513,0.026829268292682926,0.05609756097560976,0.0951219512195122,0.0,0.0,0.4,0.5,0.55,0.46,0.39,0.0,0.0,0.25,0.25,0.25,0.25,0.25,0.0,0.0,0.0015853658536585367,0.005418118466898955,0.013239489667036294,0.028672090175988867,0.04546129360236382,4.0
PLAIN-2071,45,0.0,0.0,0.13120507751234178,0.08514311764162101,0.08838607945669937,0.08441339573624933,0.11096383408111063,0.0,0.0,0.022222222222222223,0.022222222222222223,0.044444444444444446,0.08888888888888889,0.13333333333333333,0.0,0.0,0.2,0.1,0.1,0.08,0.06,0.0,0.0,0.2,0.2,0.2,0.2,0.2,0.0,0.0,0.0044444444444444444,0.0044444444444444444,0.006913580246913581,0.011462554308082764,0.014644592150542151,5.0
PLAIN-2081,1,0.0,0.0,0.0,0.0,0.2559580248098155,0.2559580248098155,0.2559580248098155,0.0,0.0,0.0,0.0,1.0,1.0,1.0,0.0,0.0,0.0,0.0,0.05,0.02,0.01,0.0,0.0,0.0,0.0,0.07142857142857142,0.07142857142857142,0.07142857142857142,0.0,0.0,0.0,0.0,0.07142857142857142,0.07142857142857142,0.07142857142857142,14.0
PLAIN-2092,10,1.0,1.0,0.8687949224876582,0.5637884576902257,0.6165692070375051,0.6165692070375051,0.6165692070375051,0.1,0.3,0.4,0.4,0.5,0.5,0.5,1.0,1.0,0.8,0.4,0.25,0.1,0.05,1.0,1.0,1.0,1.0,1.0,1.0,1.0,0.1,0.3,0.4,0.4,0.4294117647058823,0.4294117647058823,0.4294117647058823,1.0
PLAIN-2102,421,1.0,1.0,1.0,1.0,0.8196994900923801,0.5978946027781683,0.4387896010843963,0.0023752969121140144,0.007125890736342043,0.011876484560570071,0.023752969121140142,0.035629453681710214,0.05938242280285035,0.08076009501187649,1.0,1.0,1.0,1.0,0.75,0.5,0.34,1.0,1.0,1.0,1.0,1.0,1.0,1.0,0.0023752969121140144,0.007125890736342043,0.011876484560570071,0.023752969121140142,0.03337009006467689,0.04717491839453677,0.056627449578985516,1.0
PLAIN-2113,1,0.0,0.0,0.0,0.0,0.0,0.0,0.0,0.0,0.0,0.0,0.0,0.0,0.0,0.0,0.0,0.0,0.0,0.0,0.0,0.0,0.0,0.0,0.0,0.0,0.0,0.0,0.0,0.0,0.0,0.0,0.0,0.0,0.0,0.0,0.0,
PLAIN-2124,17,0.0,0.0,0.27727342735504823,0.17993148201117182,0.16916472756347756,0.23251910572516282,0.23251910572516282,0.0,0.0,0.11764705882352941,0.11764705882352941,0.17647058823529413,0.29411764705882354,0.29411764705882354,0.0,0.0,0.4,0.2,0.15,0.1,0.05,0.0,0.0,0.25,0.25,0.25,0.25,0.25,0.0,0.0,0.03823529411764706,0.03823529411764706,0.05084033613445378,0.06814510286873371,0.06814510286873371,4.0
PLAIN-2134,12,0.0,0.0,0.0,0.0,0.0,0.0,0.0,0.0,0.0,0.0,0.0,0.0,0.0,0.0,0.0,0.0,0.0,0.0,0.0,0.0,0.0,0.0,0.0,0.0,0.0,0.0,0.0,0.0,0.0,0.0,0.0,0.0,0.0,0.0,0.0,
PLAIN-2145,9,0.0,0.0,0.0,0.0,0.0,0.0474437294545017,0.08566408955175016,0.0,0.0,0.0,0.0,0.0,0.1111111111111111,0.2222222222222222,0.0,0.0,0.0,0.0,0.0,0.02,0.02,0.0,0.0,0.0,0.0,0.0,0.03333333333333333,0.03333333333333333,0.0,0.0,0.0,0.0,0.0,0.003703703703703704,0.0068783068783068784,30.0
PLAIN-2156,6,0.0,0.5307212739772434,0.5296347172140421,0.47254583883871204,0.47254583883871204,0.47254583883871204,0.47254583883871204,0.0,0.3333333333333333,0.5,0.5,0.5,0.5,0.5,0.0,0.6666666666666666,0.6,0.3,0.15,0.06,0.03,0.0,0.5,0.5,0.5,0.5,0.5,0.5,0.0,0.19444444444444442,0.3194444444444444,0.3194444444444444,0.3194444444444444,0.3194444444444444,0.3194444444444444,2.0
PLAIN-2167,1,0.0,0.0,0.0,0.0,0.0,0.0,0.0,0.0,0.0,0.0,0.0,0.0,0.0,0.0,0.0,0.0,0.0,0.0,0.0,0.0,0.0,0.0,0.0,0.0,0.0,0.0,0.0,0.0,0.0,0.0,0.0,0.0,0.0,0.0,0.0,
PLAIN-2177,24,0.0,0.0,0.0,0.07839826897867534,0.08695197096315588,0.07730315746867747,0.11821813070547554,0.0,0.0,0.0,0.041666666666666664,0.08333333333333333,0.08333333333333333,0.16666666666666666,0.0,0.0,0.0,0.1,0.1,0.04,0.04,0.0,0.0,0.0,0.16666666666666666,0.16666666666666666,0.16666666666666666,0.16666666666666666,0.0,0.0,0.0,0.006944444444444444,0.012896825396825398,0.012896825396825398,0.016921082949308757,6.0
PLAIN-2187,9,0.0,0.0,0.0,0.0,0.0,0.0,0.0,0.0,0.0,0.0,0.0,0.0,0.0,0.0,0.0,0.0,0.0,0.0,0.0,0.0,0.0,0.0,0.0,0.0,0.0,0.0,0.0,0.0,0.0,0.0,0.0,0.0,0.0,0.0,0.0,
PLAIN-2197,58,0.0,0.5307212739772434,0.38356636737133565,0.32730659600127,0.21123298999478915,0.1940024486094607,0.19754132703941796,0.0,0.034482758620689655,0.034482758620689655,0.05172413793103448,0.05172413793103448,0.13793103448275862,0.1724137931034483,0.0,0.6666666666666666,0.4,0.3,0.15,0.16,0.1,0.0,0.5,0.5,0.5,0.5,0.5,0.5,0.0,0.02011494252873563,0.02011494252873563,0.028735632183908042,0.028735632183908042,0.045524337775741136,0.04980970130361456,2.0
PLAIN-2209,2,0.0,0.0,0.0,0.0,0.0,0.0,0.0,0.0,0.0,0.0,0.0,0.0,0.0,0.0,0.0,0.0,0.0,0.0,0.0,0.0,0.0,0.0,0.0,0.0,0.0,0.0,0.0,0.0,0.0,0.0,0.0,0.0,0.0,0.0,0.0,
PLAIN-2220,9,1.0,0.46927872602275644,0.3391602052736161,0.30919416469956,0.30919416469956,0.30919416469956,0.30919416469956,0.1111111111111111,0.1111111111111111,0.1111111111111111,0.2222222222222222,0.2222222222222222,0.2222222222222222,0.2222222222222222,1.0,0.3333333333333333,0.2,0.2,0.1,0.04,0.02,1.0,1.0,1.0,1.0,1.0,1.0,1.0,0.1111111111111111,0.1111111111111111,0.1111111111111111,0.1388888888888889,0.1388888888888889,0.1388888888888889,0.1388888888888889,1.0
PLAIN-2230,7,0.0,0.0,0.0,0.0,0.0,0.0,0.0,0.0,0.0,0.0,0.0,0.0,0.0,0.0,0.0,0.0,0.0,0.0,0.0,0.0,0.0,0.0,0.0,0.0,0.0,0.0,0.0,0.0,0.0,0.0,0.0,0.0,0.0,0.0,0.0,
PLAIN-2240,11,1.0,0.7039180890341347,0.5087403079104241,0.3301376494471203,0.31104184337199875,0.31104184337199875,0.37809699973889704,0.09090909090909091,0.18181818181818182,0.18181818181818182,0.18181818181818182,0.18181818181818182,0.18181818181818182,0.36363636363636365,1.0,0.6666666666666666,0.4,0.2,0.1,0.04,0.04,1.0,1.0,1.0,1.0,1.0,1.0,1.0,0.09090909090909091,0.1515151515151515,0.1515151515151515,0.1515151515151515,0.1515151515151515,0.1515151515151515,0.16022265769219846,1.0
PLAIN-2250,2,0.0,0.0,0.0,0.0,0.0,0.0,0.0,0.0,0.0,0.0,0.0,0.0,0.0,0.0,0.0,0.0,0.0,0.0,0.0,0.0,0.0,0.0,0.0,0.0,0.0,0.0,0.0,0.0,0.0,0.0,0.0,0.0,0.0,0.0,0.0,
PLAIN-2261,60,0.0,0.2960819109658652,0.21398626473452756,0.13886244387355456,0.12368025945932597,0.08275127706886636,0.11630645793086258,0.0,0.016666666666666666,0.016666666666666666,0.016666666666666666,0.03333333333333333,0.05,0.11666666666666667,0.0,0.3333333333333333,0.2,0.1,0.1,0.06,0.07,0.0,0.5,0.5,0.5,0.5,0.5,0.5,0.0,0.008333333333333333,0.008333333333333333,0.008333333333333333,0.010294117647058823,0.01180926916221034,0.016396796785033006,2.0
PLAIN-2271,10,0.0,0.0,0.0,0.0,0.0,0.0,0.0,0.0,0.0,0.0,0.0,0.0,0.0,0.0,0.0,0.0,0.0,0.0,0.0,0.0,0.0,0.0,0.0,0.0,0.0,0.0,0.0,0.0,0.0,0.0,0.0,0.0,0.0,0.0,0.0,
PLAIN-2281,1,0.0,0.0,0.0,0.0,0.0,0.0,0.0,0.0,0.0,0.0,0.0,0.0,0.0,0.0,0.0,0.0,0.0,0.0,0.0,0.0,0.0,0.0,0.0,0.0,0.0,0.0,0.0,0.0,0.0,0.0,0.0,0.0,0.0,0.0,0.0,
PLAIN-2291,5,0.0,0.0,0.0,0.0,0.0,0.0,0.0,0.0,0.0,0.0,0.0,0.0,0.0,0.0,0.0,0.0,0.0,0.0,0.0,0.0,0.0,0.0,0.0,0.0,0.0,0.0,0.0,0.0,0.0,0.0,0.0,0.0,0.0,0.0,0.0,
PLAIN-2301,13,0.0,0.0,0.0,0.0,0.0,0.0373455529850696,0.15711281804986327,0.0,0.0,0.0,0.0,0.0,0.07692307692307693,0.38461538461538464,0.0,0.0,0.0,0.0,0.0,0.02,0.05,0.0,0.0,0.0,0.0,0.0,0.03225806451612903,0.03225806451612903,0.0,0.0,0.0,0.0,0.0,0.0024813895781637717,0.016181661703856924,31.0
PLAIN-2311,2,0.0,0.0,0.0,0.0,0.0,0.0,0.0,0.0,0.0,0.0,0.0,0.0,0.0,0.0,0.0,0.0,0.0,0.0,0.0,0.0,0.0,0.0,0.0,0.0,0.0,0.0,0.0,0.0,0.0,0.0,0.0,0.0,0.0,0.0,0.0,
PLAIN-2321,5,0.0,0.0,0.0,0.0,0.0,0.0,0.0,0.0,0.0,0.0,0.0,0.0,0.0,0.0,0.0,0.0,0.0,0.0,0.0,0.0,0.0,0.0,0.0,0.0,0.0,0.0,0.0,0.0,0.0,0.0,0.0,0.0,0.0,0.0,0.0,
PLAIN-2332,97,0.0,0.0,0.13120507751234178,0.08514311764162101,0.12776534834684483,0.14587089532483094,0.16119236974073953,0.0,0.0,0.010309278350515464,0.010309278350515464,0.030927835051546393,0.08247422680412371,0.17525773195876287,0.0,0.0,0.2,0.1,0.15,0.16,0.17,0.0,0.0,0.2,0.2,0.2,0.2,0.2,0.0,0.0,0.002061855670103093,0.002061855670103093,0.005709754163362411,0.01461608301694612,0.029428376424688943,5.0
PLAIN-2343,2,0.0,0.0,0.0,0.0,0.0,0.0,0.0,0.0,0.0,0.0,0.0,0.0,0.0,0.0,0.0,0.0,0.0,0.0,0.0,0.0,0.0,0.0,0.0,0.0,0.0,0.0,0.0,0.0,0.0,0.0,0.0,0.0,0.0,0.0,0.0,
PLAIN-2354,5,0.0,0.2960819109658652,0.36005461457723403,0.36005461457723403,0.36005461457723403,0.36005461457723403,0.36005461457723403,0.0,0.2,0.4,0.4,0.4,0.4,0.4,0.0,0.3333333333333333,0.4,0.2,0.1,0.04,0.02,0.0,0.5,0.5,0.5,0.5,0.5,0.5,0.0,0.1,0.2,0.2,0.2,0.2,0.2,2.0
PLAIN-2364,15,0.0,0.0,0.0,0.0,0.0,0.0,0.0,0.0,0.0,0.0,0.0,0.0,0.0,0.0,0.0,0.0,0.0,0.0,0.0,0.0,0.0,0.0,0.0,0.0,0.0,0.0,0.0,0.0,0.0,0.0,0.0,0.0,0.0,0.0,0.0,
PLAIN-2375,2,0.0,0.0,0.0,0.0,0.0,0.0,0.0,0.0,0.0,0.0,0.0,0.0,0.0,0.0,0.0,0.0,0.0,0.0,0.0,0.0,0.0,0.0,0.0,0.0,0.0,0.0,0.0,0.0,0.0,0.0,0.0,0.0,0.0,0.0,0.0,
PLAIN-2386,19,0.0,0.23463936301137822,0.16958010263680806,0.1100458831490401,0.07339343818937279,0.07339343818937279,0.09611786427590704,0.0,0.05263157894736842,0.05263157894736842,0.05263157894736842,0.05263157894736842,0.05263157894736842,0.10526315789473684,0.0,0.3333333333333333,0.2,0.1,0.05,0.02,0.02,0.0,0.3333333333333333,0.3333333333333333,0.3333333333333333,0.3333333333333333,0.3333333333333333,0.3333333333333333,0.0,0.017543859649122806,0.017543859649122806,0.017543859649122806,0.017543859649122806,0.017543859649122806,0.018753781004234724,3.0
PLAIN-2396,18,0.0,0.0,0.0,0.0,0.0,0.0,0.024960729463114926,0.0,0.0,0.0,0.0,0.0,0.0,0.05555555555555555,0.0,0.0,0.0,0.0,0.0,0.0,0.01,0.0,0.0,0.0,0.0,0.0,0.0,0.014925373134328358,0.0,0.0,0.0,0.0,0.0,0.0,0.0008291873963515755,67.0
PLAIN-2408,5,0.0,0.0,0.0,0.0,0.0,0.0,0.0,0.0,0.0,0.0,0.0,0.0,0.0,0.0,0.0,0.0,0.0,0.0,0.0,0.0,0.0,0.0,0.0,0.0,0.0,0.0,0.0,0.0,0.0,0.0,0.0,0.0,0.0,0.0,0.0,
PLAIN-2430,46,1.0,0.7653606369886217,0.5531464700081437,0.4373524791503101,0.3080446483852334,0.29264961836872055,0.3369723739309114,0.021739130434782608,0.043478260869565216,0.043478260869565216,0.06521739130434782,0.06521739130434782,0.17391304347826086,0.2608695652173913,1.0,0.6666666666666666,0.4,0.3,0.15,0.16,0.12,1.0,1.0,1.0,1.0,1.0,1.0,1.0,0.021739130434782608,0.043478260869565216,0.043478260869565216,0.05434782608695652,0.05434782608695652,0.07086592535753941,0.08354741247145792,1.0
PLAIN-2440,21,0.0,0.23463936301137822,0.16958010263680806,0.1100458831490401,0.07102001981682865,0.06882774587085458,0.06882774587085458,0.0,0.047619047619047616,0.047619047619047616,0.047619047619047616,0.047619047619047616,0.047619047619047616,0.047619047619047616,0.0,0.3333333333333333,0.2,0.1,0.05,0.02,0.01,0.0,0.3333333333333333,0.3333333333333333,0.3333333333333333,0.3333333333333333,0.3333333333333333,0.3333333333333333,0.0,0.015873015873015872,0.015873015873015872,0.015873015873015872,0.015873015873015872,0.015873015873015872,0.015873015873015872,3.0
PLAIN-2450,38,1.0,0.46927872602275644,0.3391602052736161,0.2200917662980802,0.18500361908593077,0.18193861828074312,0.21319108889310356,0.02631578947368421,0.02631578947368421,0.02631578947368421,0.02631578947368421,0.05263157894736842,0.10526315789473684,0.15789473684210525,1.0,0.3333333333333333,0.2,0.1,0.1,0.08,0.06,1.0,1.0,1.0,1.0,1.0,1.0,1.0,0.02631578947368421,0.02631578947368421,0.02631578947368421,0.02631578947368421,0.029605263157894735,0.03581264207029201,0.039968341549327845,1.0
PLAIN-2460,31,0.0,0.0,0.0,0.08036018528064806,0.060273942930124794,0.08534071587477618,0.12412918799176952,0.0,0.0,0.0,0.03225806451612903,0.03225806451612903,0.06451612903225806,0.12903225806451613,0.0,0.0,0.0,0.1,0.05,0.04,0.04,0.0,0.0,0.0,0.1111111111111111,0.1111111111111111,0.1111111111111111,0.1111111111111111,0.0,0.0,0.0,0.0035842293906810036,0.0035842293906810036,0.006656426011264721,0.009840588486838928,9.0
PLAIN-2470,73,1.0,0.46927872602275644,0.3391602052736161,0.2669507571941387,0.25230822987460017,0.17263305054040967,0.18986744707784828,0.0136986301369863,0.0136986301369863,0.0136986301369863,0.0136986301369863,0.0410958904109589,0.0547945205479452,0.1095890410958904,1.0,0.3333333333333333,0.2,0.1,0.15,0.08,0.08,1.0,1.0,1.0,1.0,1.0,1.0,1.0,0.0136986301369863,0.0136986301369863,0.0136986301369863,0.0136986301369863,0.018721461187214614,0.021004566210045664,0.026655333420219605,1.0
PLAIN-2480,18,1.0,0.5865984075284455,0.4239502565920201,0.28415375066613413,0.23071852029013928,0.26817702789632847,0.36980529297328135,0.05555555555555555,0.1111111111111111,0.1111111111111111,0.1111111111111111,0.1111111111111111,0.2222222222222222,0.4444444444444444,1.0,0.6666666666666666,0.4,0.2,0.1,0.08,0.08,1.0,1.0,1.0,1.0,1.0,1.0,1.0,0.05555555555555555,0.09259259259259259,0.09259259259259259,0.09259259259259259,0.09259259259259259,0.10554304304304303,0.12322022524676757,1.0
PLAIN-2490,23,0.0,0.0,0.0,0.0,0.0,0.01788855631159948,0.06419695900044593,0.0,0.0,0.0,0.0,0.0,0.043478260869565216,0.13043478260869565,0.0,0.0,0.0,0.0,0.0,0.02,0.03,0.0,0.0,0.0,0.0,0.0,0.02702702702702703,0.02702702702702703,0.0,0.0,0.0,0.0,0.0,0.0011750881316098707,0.004518747997008867,37.0
PLAIN-2500,7,0.0,0.0,0.0,0.0,0.0,0.0,0.0,0.0,0.0,0.0,0.0,0.0,0.0,0.0,0.0,0.0,0.0,0.0,0.0,0.0,0.0,0.0,0.0,0.0,0.0,0.0,0.0,0.0,0.0,0.0,0.0,0.0,0.0,0.0,0.0,
PLAIN-2510,46,1.0,0.8826803184943108,0.7840048711692542,0.660527707193741,0.5885833727117665,0.5041607325438445,0.5760962344048428,0.021739130434782608,0.06521739130434782,0.08695652173913043,0.13043478260869565,0.21739130434782608,0.30434782608695654,0.43478260869565216,1.0,1.0,0.8,0.6,0.5,0.28,0.2,1.0,1.0,1.0,1.0,1.0,1.0,1.0,0.021739130434782608,0.06521739130434782,0.08695652173913043,0.12370600414078674,0.17014526282260833,0.21391714311622775,0.24815418544154538,1.0
PLAIN-2520,73,0.0,0.0,0.13120507751234178,0.08514311764162101,0.06115468500104146,0.09335872487756351,0.11274827663894885,0.0,0.0,0.0136986301369863,0.0136986301369863,0.0136986301369863,0.0684931506849315,0.1232876712328767,0.0,0.0,0.2,0.1,0.05,0.1,0.09,0.0,0.0,0.2,0.2,0.2,0.2,0.2,0.0,0.0,0.0027397260273972603,0.0027397260273972603,0.0027397260273972603,0.007538543353832792,0.012646919316570686,5.0
PLAIN-2530,72,1.0,1.0,1.0,0.755044758318304,0.6133784674797697,0.4976460898610948,0.45831321329664426,0.013888888888888888,0.041666666666666664,0.06944444444444445,0.09722222222222222,0.125,0.19444444444444445,0.2777777777777778,1.0,1.0,1.0,0.7,0.45,0.28,0.2,1.0,1.0,1.0,1.0,1.0,1.0,1.0,0.013888888888888888,0.041666666666666664,0.06944444444444445,0.09350198412698413,0.11168981481481481,0.13935643934134273,0.15822558708238105,1.0
PLAIN-2540,21,0.0,0.23463936301137822,0.16958010263680806,0.11366150026645366,0.13185766697837897,0.16287462429843513,0.21940414034520125,0.0,0.047619047619047616,0.047619047619047616,0.047619047619047616,0.09523809523809523,0.14285714285714285,0.2857142857142857,0.0,0.3333333333333333,0.2,0.1,0.1,0.06,0.06,0.0,0.3333333333333333,0.3333333333333333,0.3333333333333333,0.3333333333333333,0.3333333333333333,0.3333333333333333,0.0,0.015873015873015872,0.015873015873015872,0.015873015873015872,0.021825396825396824,0.02590702947845805,0.035442605507733115,3.0
PLAIN-2550,25,0.0,0.0,0.0,0.04019569404504287,0.030494622373438512,0.027584204625844374,0.027584204625844374,0.0,0.0,0.0,0.04,0.04,0.04,0.04,0.0,0.0,0.0,0.1,0.05,0.02,0.01,0.0,0.0,0.0,0.125,0.125,0.125,0.125,0.0,0.0,0.0,0.005,0.005,0.005,0.005,8.0
PLAIN-2560,21,1.0,1.0,1.0,0.9363792118010483,0.8022533955922814,0.8525008601813373,0.8657027485222121,0.047619047619047616,0.14285714285714285,0.23809523809523808,0.42857142857142855,0.5714285714285714,0.7142857142857143,0.7619047619047619,1.0,1.0,1.0,0.9,0.6,0.3,0.16,1.0,1.0,1.0,1.0,1.0,1.0,1.0,0.047619047619047616,0.14285714285714285,0.23809523809523808,0.42857142857142855,0.5276377217553688,0.5928077717477942,0.6028328344044358,1.0
PLAIN-2570,40,1.0,0.46927872602275644,0.404762744029787,0.37060477459525126,0.28395286713426576,0.20586042264907814,0.22875576226298677,0.025,0.025,0.05,0.1,0.1,0.1,0.125,1.0,0.3333333333333333,0.4,0.4,0.2,0.08,0.05,1.0,1.0,1.0,1.0,1.0,1.0,1.0,0.025,0.025,0.034999999999999996,0.057499999999999996,0.057499999999999996,0.057499999999999996,0.059583333333333335,1.0
PLAIN-2580,23,0.0,0.0,0.0,0.0,0.0,0.0,0.0,0.0,0.0,0.0,0.0,0.0,0.0,0.0,0.0,0.0,0.0,0.0,0.0,0.0,0.0,0.0,0.0,0.0,0.0,0.0,0.0,0.0,0.0,0.0,0.0,0.0,0.0,0.0,0.0,
PLAIN-2590,63,0.0,0.0,0.0,0.06707106276592514,0.05224499420977907,0.05602729353121626,0.05799791914823862,0.0,0.0,0.0,0.031746031746031744,0.031746031746031744,0.047619047619047616,0.06349206349206349,0.0,0.0,0.0,0.2,0.1,0.06,0.04,0.0,0.0,0.0,0.1111111111111111,0.1111111111111111,0.1111111111111111,0.1111111111111111,0.0,0.0,0.0,0.0049382716049382715,0.0049382716049382715,0.006099711790768701,0.0070067412692267515,9.0
PLAIN-2600,10,1.0,0.46927872602275644,0.36297209628774124,0.45165159609301103,0.451651596093011,0.451651596093011,0.47634138831320244,0.1,0.1,0.1,0.3,0.3,0.3,0.4,1.0,0.3333333333333333,0.2,0.3,0.15,0.06,0.04,1.0,1.0,1.0,1.0,1.0,1.0,1.0,0.1,0.1,0.1,0.155,0.155,0.155,0.16284313725490196,1.0
PLAIN-2610,61,0.0,0.0,0.0,0.0,0.0,0.020660916073400308,0.060170930751547336,0.0,0.0,0.0,0.0,0.0,0.03278688524590164,0.08196721311475409,0.0,0.0,0.0,0.0,0.0,0.04,0.05,0.0,0.0,0.0,0.0,0.0,0.023255813953488372,0.023255813953488372,0.0,0.0,0.0,0.0,0.0,0.001050362958755748,0.003794321824656157,43.0
PLAIN-2620,55,0.0,0.0,0.06560253875617089,0.042571558820810505,0.06324711860269462,0.0444515061061792,0.08214575671795606,0.0,0.0,0.01818181818181818,0.01818181818181818,0.03636363636363636,0.03636363636363636,0.10909090909090909,0.0,0.0,0.2,0.1,0.1,0.04,0.06,0.0,0.0,0.2,0.2,0.2,0.2,0.2,0.0,0.0,0.0036363636363636364,0.0036363636363636364,0.005909090909090909,0.005909090909090909,0.010571277219436192,5.0
PLAIN-2630,48,1.0,1.0,0.7227265726449519,0.46900009332067494,0.3026773466538294,0.2767779436706752,0.3021479765080755,0.020833333333333332,0.0625,0.0625,0.0625,0.0625,0.125,0.16666666666666666,1.0,1.0,0.6,0.3,0.15,0.12,0.08,1.0,1.0,1.0,1.0,1.0,1.0,1.0,0.020833333333333332,0.0625,0.0625,0.0625,0.0625,0.0729285905067155,0.07800747293223992,1.0
PLAIN-2640,48,0.5,0.5,0.4343974612438291,0.44587348099067536,0.34731308066414773,0.3396401422303515,0.3964146026779311,0.020833333333333332,0.0625,0.08333333333333333,0.14583333333333334,0.14583333333333334,0.2916666666666667,0.3958333333333333,1.0,1.0,0.8,0.7,0.35,0.28,0.19,1.0,1.0,1.0,1.0,1.0,1.0,1.0,0.020833333333333332,0.0625,0.08333333333333333,0.13678075396825395,0.13678075396825395,0.18640116065161358,0.21004383221086587,1.0
PLAIN-2650,29,1.0,1.0,0.8539316501572937,0.6203974344166849,0.4752367951660882,0.46922413661188145,0.518992744630681,0.034482758620689655,0.10344827586206896,0.13793103448275862,0.1724137931034483,0.1724137931034483,0.2413793103448276,0.3103448275862069,1.0,1.0,0.8,0.5,0.25,0.14,0.09,1.0,1.0,1.0,1.0,1.0,1.0,1.0,0.034482758620689655,0.10344827586206896,0.13103448275862067,0.15019157088122603,0.15019157088122603,0.16650159768600548,0.17696092740811759,1.0
PLAIN-2660,27,0.0,0.0,0.0,0.0,0.0,0.03750656352984713,0.07909986467643026,0.0,0.0,0.0,0.0,0.0,0.07407407407407407,0.14814814814814814,0.0,0.0,0.0,0.0,0.0,0.04,0.04,0.0,0.0,0.0,0.0,0.0,0.03333333333333333,0.03333333333333333,0.0,0.0,0.0,0.0,0.0,0.002880658436213992,0.006492062561858624,30.0
PLAIN-2670,35,0.0,0.0,0.0,0.0,0.08445631347326911,0.09392266984198457,0.09392266984198457,0.0,0.0,0.0,0.0,0.05714285714285714,0.08571428571428572,0.08571428571428572,0.0,0.0,0.0,0.0,0.1,0.06,0.03,0.0,0.0,0.0,0.0,0.07692307692307693,0.07692307692307693,0.07692307692307693,0.0,0.0,0.0,0.0,0.006279434850863422,0.008535073948607783,0.008535073948607783,13.0
PLAIN-2680,14,0.0,0.0,0.0,0.0,0.0,0.02263893705189734,0.07650483700196155,0.0,0.0,0.0,0.0,0.0,0.07142857142857142,0.21428571428571427,0.0,0.0,0.0,0.0,0.0,0.02,0.03,0.0,0.0,0.0,0.0,0.0,0.03333333333333333,0.03333333333333333,0.0,0.0,0.0,0.0,0.0,0.0023809523809523807,0.007050376939400695,30.0
PLAIN-2690,43,0.0,0.0,0.0,0.07839826897867534,0.13519177750701408,0.1328445690165085,0.16059074250761976,0.0,0.0,0.0,0.023255813953488372,0.11627906976744186,0.16279069767441862,0.23255813953488372,0.0,0.0,0.0,0.1,0.25,0.14,0.1,0.0,0.0,0.0,0.16666666666666666,0.16666666666666666,0.16666666666666666,0.16666666666666666,0.0,0.0,0.0,0.003875968992248062,0.024069599650994998,0.032695530643547056,0.0409371974363025,6.0
PLAIN-2700,10,0.0,0.2960819109658652,0.24842742676916893,0.18905709333163617,0.2295453090911015,0.29578700232683935,0.29578700232683935,0.0,0.1,0.1,0.1,0.2,0.3,0.3,0.0,0.3333333333333333,0.2,0.1,0.1,0.06,0.03,0.0,0.5,0.5,0.5,0.5,0.5,0.5,0.0,0.05,0.05,0.05,0.06666666666666667,0.08030303030303029,0.08030303030303029,2.0
PLAIN-2710,21,1.0,0.7653606369886217,0.6992148198508501,0.5924541597928613,0.4443686645489772,0.43461176564759707,0.43461176564759707,0.047619047619047616,0.09523809523809523,0.14285714285714285,0.19047619047619047,0.19047619047619047,0.19047619047619047,0.19047619047619047,1.0,0.6666666666666666,0.6,0.4,0.2,0.08,0.04,1.0,1.0,1.0,1.0,1.0,1.0,1.0,0.047619047619047616,0.09523809523809523,0.13095238095238096,0.15476190476190477,0.15476190476190477,0.15476190476190477,0.15476190476190477,1.0
PLAIN-2720,36,0.0,0.0,0.0,0.0,0.0,0.02505227771909192,0.02505227771909192,0.0,0.0,0.0,0.0,0.0,0.027777777777777776,0.027777777777777776,0.0,0.0,0.0,0.0,0.0,0.02,0.01,0.0,0.0,0.0,0.0,0.0,0.030303030303030304,0.030303030303030304,0.0,0.0,0.0,0.0,0.0,0.0008417508417508418,0.0008417508417508418,33.0
PLAIN-2730,29,0.0,0.23463936301137822,0.3156484524795145,0.37177129199483133,0.28734093921373827,0.2446295573206691,0.2714191583042263,0.0,0.034482758620689655,0.06896551724137931,0.13793103448275862,0.13793103448275862,0.13793103448275862,0.1724137931034483,0.0,0.3333333333333333,0.4,0.4,0.2,0.08,0.05,0.0,0.3333333333333333,0.3333333333333333,0.3333333333333333,0.3333333333333333,0.3333333333333333,0.3333333333333333,0.0,0.011494252873563218,0.028735632183908042,0.06075533661740558,0.06075533661740558,0.06075533661740558,0.06394818463783981,3.0
PLAIN-2740,50,0.0,0.2960819109658652,0.21398626473452756,0.16842717545221192,0.18217990212456006,0.1387176264394933,0.14935823338132914,0.0,0.02,0.02,0.02,0.04,0.06,0.08,0.0,0.3333333333333333,0.2,0.1,0.1,0.06,0.04,0.0,0.5,0.5,0.5,0.5,0.5,0.5,0.0,0.01,0.01,0.01,0.013636363636363637,0.01521531100478469,0.016548644338118024,2.0
PLAIN-2750,59,1.0,0.7653606369886217,0.6187490087643146,0.6109321502440258,0.5628859328345575,0.4128176602727516,0.3947407134858525,0.01694915254237288,0.03389830508474576,0.05084745762711865,0.1016949152542373,0.1694915254237288,0.22033898305084745,0.2542372881355932,1.0,0.6666666666666666,0.6,0.6,0.5,0.26,0.15,1.0,1.0,1.0,1.0,1.0,1.0,1.0,0.01694915254237288,0.03389830508474576,0.04406779661016949,0.07451573849878934,0.11218574131086592,0.13002782481644676,0.13548900893187946,1.0
PLAIN-2760,8,0.0,0.26582598262939583,0.21836974929469322,0.17907045092245472,0.2649571039728175,0.2649571039728175,0.2649571039728175,0.0,0.125,0.125,0.125,0.25,0.25,0.25,0.0,0.3333333333333333,0.2,0.1,0.1,0.04,0.02,0.0,0.3333333333333333,0.3333333333333333,0.3333333333333333,0.3333333333333333,0.3333333333333333,0.3333333333333333,0.0,0.041666666666666664,0.041666666666666664,0.041666666666666664,0.05637254901960784,0.05637254901960784,0.05637254901960784,3.0
PLAIN-2770,41,0.0,0.2960819109658652,0.21398626473452756,0.20913592837445752,0.20731781175088868,0.1903051734057081,0.3049369818112197,0.0,0.024390243902439025,0.024390243902439025,0.04878048780487805,0.0975609756097561,0.17073170731707318,0.3902439024390244,0.0,0.3333333333333333,0.2,0.2,0.2,0.14,0.16,0.0,0.5,0.5,0.5,0.5,0.5,0.5,0.0,0.012195121951219513,0.012195121951219513,0.017073170731707315,0.028305519897304236,0.04343191019052972,0.07903872109229687,2.0
PLAIN-2780,22,1.0,0.617319681505689,0.5117558763970509,0.35515759548164344,0.34470885530605144,0.3508931166990112,0.3923124982457791,0.045454545454545456,0.09090909090909091,0.13636363636363635,0.13636363636363635,0.22727272727272727,0.2727272727272727,0.36363636363636365,1.0,0.6666666666666666,0.6,0.3,0.25,0.12,0.08,1.0,1.0,1.0,1.0,1.0,1.0,1.0,0.045454545454545456,0.09090909090909091,0.11818181818181818,0.11818181818181818,0.14529505582137162,0.1582820688083846,0.16771271548129932,1.0
PLAIN-2790,59,1.0,0.7346393630113782,0.6039775638806372,0.39194011199415296,0.4003341942126335,0.3520925782842773,0.356782084386599,0.01694915254237288,0.05084745762711865,0.06779661016949153,0.06779661016949153,0.11864406779661017,0.1864406779661017,0.2542372881355932,1.0,1.0,0.8,0.4,0.35,0.22,0.15,1.0,1.0,1.0,1.0,1.0,1.0,1.0,0.01694915254237288,0.05084745762711865,0.06779661016949153,0.06779661016949153,0.08498736247398156,0.10998597967598858,0.12179585568793924,1.0
PLAIN-2800,24,0.0,0.0,0.0,0.0,0.0,0.0,0.034514270189383196,0.0,0.0,0.0,0.0,0.0,0.0,0.08333333333333333,0.0,0.0,0.0,0.0,0.0,0.0,0.02,0.0,0.0,0.0,0.0,0.0,0.0,0.0196078431372549,0.0,0.0,0.0,0.0,0.0,0.0,0.0023050887021475257,51.0
PLAIN-2810,8,0.0,0.0,0.0,0.0,0.0,0.06385212407374248,0.06385212407374248,0.0,0.0,0.0,0.0,0.0,0.25,0.25,0.0,0.0,0.0,0.0,0.0,0.04,0.02,0.0,0.0,0.0,0.0,0.0,0.03333333333333333,0.03333333333333333,0.0,0.0,0.0,0.0,0.0,0.010416666666666668,0.010416666666666668,30.0
PLAIN-2820,8,0.0,0.0,0.0,0.0,0.04752409401565157,0.04752409401565157,0.04752409401565157,0.0,0.0,0.0,0.0,0.125,0.125,0.125,0.0,0.0,0.0,0.0,0.05,0.02,0.01,0.0,0.0,0.0,0.0,0.05555555555555555,0.05555555555555555,0.05555555555555555,0.0,0.0,0.0,0.0,0.006944444444444444,0.006944444444444444,0.006944444444444444,18.0
PLAIN-2830,3,0.0,0.4030302838010049,0.4030302838010049,0.4030302838010049,0.4030302838010049,0.4030302838010049,0.4030302838010049,0.0,0.3333333333333333,0.3333333333333333,0.3333333333333333,0.3333333333333333,0.3333333333333333,0.3333333333333333,0.0,0.3333333333333333,0.2,0.1,0.05,0.02,0.01,0.0,0.5,0.5,0.5,0.5,0.5,0.5,0.0,0.16666666666666666,0.16666666666666666,0.16666666666666666,0.16666666666666666,0.16666666666666666,0.16666666666666666,2.0
PLAIN-2840,17,0.0,0.0,0.0,0.0,0.0,0.0,0.026570772200979927,0.0,0.0,0.0,0.0,0.0,0.0,0.058823529411764705,0.0,0.0,0.0,0.0,0.0,0.0,0.01,0.0,0.0,0.0,0.0,0.0,0.0,0.016666666666666666,0.0,0.0,0.0,0.0,0.0,0.0,0.000980392156862745,60.0
PLAIN-2850,9,0.0,0.0,0.0,0.0,0.0,0.0,0.0,0.0,0.0,0.0,0.0,0.0,0.0,0.0,0.0,0.0,0.0,0.0,0.0,0.0,0.0,0.0,0.0,0.0,0.0,0.0,0.0,0.0,0.0,0.0,0.0,0.0,0.0,0.0,0.0,
PLAIN-2860,2,0.0,0.38685280723454163,0.38685280723454163,0.6052602440527057,0.6052602440527057,0.6052602440527057,0.6052602440527057,0.0,0.5,0.5,1.0,1.0,1.0,1.0,0.0,0.3333333333333333,0.2,0.2,0.1,0.04,0.02,0.0,0.5,0.5,0.5,0.5,0.5,0.5,0.0,0.25,0.25,0.41666666666666663,0.41666666666666663,0.41666666666666663,0.41666666666666663,2.0
PLAIN-2870,5,0.0,0.0,0.0,0.0,0.0,0.0,0.0,0.0,0.0,0.0,0.0,0.0,0.0,0.0,0.0,0.0,0.0,0.0,0.0,0.0,0.0,0.0,0.0,0.0,0.0,0.0,0.0,0.0,0.0,0.0,0.0,0.0,0.0,0.0,0.0,
PLAIN-2880,17,0.0,0.0,0.0,0.0,0.0,0.0,0.0,0.0,0.0,0.0,0.0,0.0,0.0,0.0,0.0,0.0,0.0,0.0,0.0,0.0,0.0,0.0,0.0,0.0,0.0,0.0,0.0,0.0,0.0,0.0,0.0,0.0,0.0,0.0,0.0,
PLAIN-2890,29,1.0,0.6387878864795979,0.5065267082131061,0.36077903708155934,0.24874791549203612,0.21931200989755464,0.21931200989755464,0.034482758620689655,0.034482758620689655,0.034482758620689655,0.034482758620689655,0.034482758620689655,0.06896551724137931,0.06896551724137931,1.0,0.3333333333333333,0.2,0.1,0.05,0.04,0.02,1.0,1.0,1.0,1.0,1.0,1.0,1.0,0.034482758620689655,0.034482758620689655,0.034482758620689655,0.034482758620689655,0.034482758620689655,0.036124794745484405,0.036124794745484405,1.0
PLAIN-2900,12,0.0,0.0,0.0,0.0,0.07288484694216237,0.07288484694216237,0.11324700238444875,0.0,0.0,0.0,0.0,0.08333333333333333,0.08333333333333333,0.25,0.0,0.0,0.0,0.0,0.05,0.02,0.03,0.0,0.0,0.0,0.0,0.09090909090909091,0.09090909090909091,0.09090909090909091,0.0,0.0,0.0,0.0,0.007575757575757576,0.007575757575757576,0.012277275864232386,11.0
PLAIN-2910,15,1.0,0.5316519652587917,0.43673949858938643,0.32391343968871883,0.26694151849573755,0.26694151849573755,0.26694151849573755,0.06666666666666667,0.06666666666666667,0.06666666666666667,0.06666666666666667,0.06666666666666667,0.06666666666666667,0.06666666666666667,1.0,0.3333333333333333,0.2,0.1,0.05,0.02,0.01,1.0,1.0,1.0,1.0,1.0,1.0,1.0,0.06666666666666667,0.06666666666666667,0.06666666666666667,0.06666666666666667,0.06666666666666667,0.06666666666666667,0.06666666666666667,1.0
PLAIN-2920,7,0.0,0.0,0.0,0.0,0.0,0.0,0.0,0.0,0.0,0.0,0.0,0.0,0.0,0.0,0.0,0.0,0.0,0.0,0.0,0.0,0.0,0.0,0.0,0.0,0.0,0.0,0.0,0.0,0.0,0.0,0.0,0.0,0.0,0.0,0.0,
PLAIN-2930,14,1.0,0.6387878864795979,0.5065267082131061,0.36077903708155934,0.34470170778119297,0.34470170778119297,0.34470170778119297,0.07142857142857142,0.07142857142857142,0.07142857142857142,0.07142857142857142,0.14285714285714285,0.14285714285714285,0.14285714285714285,1.0,0.3333333333333333,0.2,0.1,0.1,0.04,0.02,1.0,1.0,1.0,1.0,1.0,1.0,1.0,0.07142857142857142,0.07142857142857142,0.07142857142857142,0.07142857142857142,0.08441558441558442,0.08441558441558442,0.08441558441558442,1.0
PLAIN-2940,22,0.0,0.0,0.0,0.0,0.0,0.0,0.033710694573922007,0.0,0.0,0.0,0.0,0.0,0.0,0.045454545454545456,0.0,0.0,0.0,0.0,0.0,0.0,0.01,0.0,0.0,0.0,0.0,0.0,0.0,0.011111111111111112,0.0,0.0,0.0,0.0,0.0,0.0,0.000505050505050505,90.0
PLAIN-2950,2,0.0,0.0,0.0,0.0,0.08947746060003058,0.08947746060003058,0.08947746060003058,0.0,0.0,0.0,0.0,0.5,0.5,0.5,0.0,0.0,0.0,0.0,0.05,0.02,0.01,0.0,0.0,0.0,0.0,0.05555555555555555,0.05555555555555555,0.05555555555555555,0.0,0.0,0.0,0.0,0.027777777777777776,0.027777777777777776,0.027777777777777776,18.0
PLAIN-2960,2,0.0,0.0,0.0,0.0,0.0,0.16369747519436975,0.16369747519436975,0.0,0.0,0.0,0.0,0.0,0.5,0.5,0.0,0.0,0.0,0.0,0.0,0.02,0.01,0.0,0.0,0.0,0.0,0.0,0.041666666666666664,0.041666666666666664,0.0,0.0,0.0,0.0,0.0,0.020833333333333332,0.020833333333333332,24.0
PLAIN-2970,9,0.0,0.0,0.0,0.0,0.0,0.0,0.0,0.0,0.0,0.0,0.0,0.0,0.0,0.0,0.0,0.0,0.0,0.0,0.0,0.0,0.0,0.0,0.0,0.0,0.0,0.0,0.0,0.0,0.0,0.0,0.0,0.0,0.0,0.0,0.0,
PLAIN-2981,7,1.0,0.6387878864795979,0.5065267082131061,0.43122038713502525,0.43122038713502525,0.43122038713502525,0.43122038713502525,0.14285714285714285,0.14285714285714285,0.14285714285714285,0.14285714285714285,0.14285714285714285,0.14285714285714285,0.14285714285714285,1.0,0.3333333333333333,0.2,0.1,0.05,0.02,0.01,1.0,1.0,1.0,1.0,1.0,1.0,1.0,0.14285714285714285,0.14285714285714285,0.14285714285714285,0.14285714285714285,0.14285714285714285,0.14285714285714285,0.14285714285714285,1.0
PLAIN-2991,2,0.0,0.0,0.0,0.0,0.0,0.1097853732565413,0.1097853732565413,0.0,0.0,0.0,0.0,0.0,0.5,0.5,0.0,0.0,0.0,0.0,0.0,0.02,0.01,0.0,0.0,0.0,0.0,0.0,0.02127659574468085,0.02127659574468085,0.0,0.0,0.0,0.0,0.0,0.010638297872340425,0.010638297872340425,47.0
PLAIN-3001,2,0.0,0.0,0.0,0.0,0.0,0.0,0.0,0.0,0.0,0.0,0.0,0.0,0.0,0.0,0.0,0.0,0.0,0.0,0.0,0.0,0.0,0.0,0.0,0.0,0.0,0.0,0.0,0.0,0.0,0.0,0.0,0.0,0.0,0.0,0.0,
PLAIN-3014,1,0.0,0.0,0.0,0.0,0.0,0.0,0.0,0.0,0.0,0.0,0.0,0.0,0.0,0.0,0.0,0.0,0.0,0.0,0.0,0.0,0.0,0.0,0.0,0.0,0.0,0.0,0.0,0.0,0.0,0.0,0.0,0.0,0.0,0.0,0.0,
PLAIN-3026,1,0.0,0.0,0.0,0.0,0.0,0.0,0.0,0.0,0.0,0.0,0.0,0.0,0.0,0.0,0.0,0.0,0.0,0.0,0.0,0.0,0.0,0.0,0.0,0.0,0.0,0.0,0.0,0.0,0.0,0.0,0.0,0.0,0.0,0.0,0.0,
PLAIN-3037,4,0.0,0.0,0.0,0.0,0.0,0.0715056213286801,0.13519660262500144,0.0,0.0,0.0,0.0,0.0,0.25,0.5,0.0,0.0,0.0,0.0,0.0,0.02,0.02,0.0,0.0,0.0,0.0,0.0,0.023255813953488372,0.023255813953488372,0.0,0.0,0.0,0.0,0.0,0.005813953488372093,0.013060330299966297,43.0
PLAIN-3053,3,0.0,0.23463936301137822,0.23463936301137822,0.23463936301137822,0.23463936301137822,0.3302760430797586,0.3302760430797586,0.0,0.3333333333333333,0.3333333333333333,0.3333333333333333,0.3333333333333333,0.6666666666666666,0.6666666666666666,0.0,0.3333333333333333,0.2,0.1,0.05,0.04,0.02,0.0,0.3333333333333333,0.3333333333333333,0.3333333333333333,0.3333333333333333,0.3333333333333333,0.3333333333333333,0.0,0.1111111111111111,0.1111111111111111,0.1111111111111111,0.1111111111111111,0.13409961685823754,0.13409961685823754,3.0
PLAIN-3063,4,0.0,0.0,0.0,0.0,0.09759501249802542,0.18064682751980968,0.18064682751980968,0.0,0.0,0.0,0.0,0.25,0.5,0.5,0.0,0.0,0.0,0.0,0.05,0.04,0.02,0.0,0.0,0.0,0.0,0.06666666666666667,0.06666666666666667,0.06666666666666667,0.0,0.0,0.0,0.0,0.016666666666666666,0.03666666666666667,0.03666666666666667,15.0
PLAIN-3074,1,0.0,0.0,0.0,0.0,0.0,0.20184908658209985,0.20184908658209985,0.0,0.0,0.0,0.0,0.0,1.0,1.0,0.0,0.0,0.0,0.0,0.0,0.02,0.01,0.0,0.0,0.0,0.0,0.0,0.03333333333333333,0.03333333333333333,0.0,0.0,0.0,0.0,0.0,0.03333333333333333,0.03333333333333333,30.0
PLAIN-3085,2,1.0,0.6131471927654584,0.6131471927654584,0.6131471927654584,0.7841802768331765,0.7841802768331765,0.7841802768331765,0.5,0.5,0.5,0.5,1.0,1.0,1.0,1.0,0.3333333333333333,0.2,0.1,0.1,0.04,0.02,1.0,1.0,1.0,1.0,1.0,1.0,1.0,0.5,0.5,0.5,0.5,0.5909090909090909,0.5909090909090909,0.5909090909090909,1.0
PLAIN-3097,4,0.0,0.0,0.0,0.0,0.0,0.09923091629542237,0.09923091629542237,0.0,0.0,0.0,0.0,0.0,0.25,0.25,0.0,0.0,0.0,0.0,0.0,0.02,0.01,0.0,0.0,0.0,0.0,0.0,0.037037037037037035,0.037037037037037035,0.0,0.0,0.0,0.0,0.0,0.009259259259259259,0.009259259259259259,27.0
PLAIN-3116,1,0.0,0.0,0.0,0.0,0.0,0.0,0.0,0.0,0.0,0.0,0.0,0.0,0.0,0.0,0.0,0.0,0.0,0.0,0.0,0.0,0.0,0.0,0.0,0.0,0.0,0.0,0.0,0.0,0.0,0.0,0.0,0.0,0.0,0.0,0.0,
PLAIN-3131,6,0.0,0.0,0.0,0.0,0.0,0.11272840123500473,0.1742856534579565,0.0,0.0,0.0,0.0,0.0,0.3333333333333333,0.5,0.0,0.0,0.0,0.0,0.0,0.04,0.03,0.0,0.0,0.0,0.0,0.0,0.04,0.04,0.0,0.0,0.0,0.0,0.0,0.01741935483870968,0.025483870967741934,25.0
PLAIN-3141,34,0.0,0.0,0.0,0.0,0.0,0.10047006946934398,0.10047006946934398,0.0,0.0,0.0,0.0,0.0,0.14705882352941177,0.14705882352941177,0.0,0.0,0.0,0.0,0.0,0.1,0.05,0.0,0.0,0.0,0.0,0.0,0.041666666666666664,0.041666666666666664,0.0,0.0,0.0,0.0,0.0,0.012865673997684941,0.012865673997684941,24.0
PLAIN-3151,18,1.0,0.46927872602275644,0.3391602052736161,0.2669507571941387,0.26020025679799424,0.26020025679799424,0.26020025679799424,0.05555555555555555,0.05555555555555555,0.05555555555555555,0.05555555555555555,0.1111111111111111,0.1111111111111111,0.1111111111111111,1.0,0.3333333333333333,0.2,0.1,0.1,0.04,0.02,1.0,1.0,1.0,1.0,1.0,1.0,1.0,0.05555555555555555,0.05555555555555555,0.05555555555555555,0.05555555555555555,0.06209150326797386,0.06209150326797386,0.06209150326797386,1.0
PLAIN-3161,43,0.0,0.15969697161989949,0.22460731655903235,0.26426748060669364,0.21148440480666675,0.15173242643135892,0.1772431843152066,0.0,0.023255813953488372,0.046511627906976744,0.06976744186046512,0.09302325581395349,0.11627906976744186,0.16279069767441862,0.0,0.3333333333333333,0.4,0.3,0.2,0.1,0.07,0.0,0.3333333333333333,0.3333333333333333,0.3333333333333333,0.3333333333333333,0.3333333333333333,0.3333333333333333,0.0,0.007751937984496124,0.017054263565891473,0.024031007751937988,0.029198966408268735,0.034254578137287946,0.03841078960394771,3.0
PLAIN-3171,34,0.0,0.0,0.0,0.0,0.0,0.0,0.0,0.0,0.0,0.0,0.0,0.0,0.0,0.0,0.0,0.0,0.0,0.0,0.0,0.0,0.0,0.0,0.0,0.0,0.0,0.0,0.0,0.0,0.0,0.0,0.0,0.0,0.0,0.0,0.0,
PLAIN-3181,27,0.0,0.0,0.0,0.0,0.0,0.0,0.0,0.0,0.0,0.0,0.0,0.0,0.0,0.0,0.0,0.0,0.0,0.0,0.0,0.0,0.0,0.0,0.0,0.0,0.0,0.0,0.0,0.0,0.0,0.0,0.0,0.0,0.0,0.0,0.0,
PLAIN-3191,16,0.0,0.0,0.07816178655294431,0.060614569639142094,0.04968807016913135,0.11507305665463964,0.11507305665463964,0.0,0.0,0.0625,0.0625,0.0625,0.1875,0.1875,0.0,0.0,0.2,0.1,0.05,0.06,0.03,0.0,0.0,0.25,0.25,0.25,0.25,0.25,0.0,0.0,0.015625,0.015625,0.015625,0.023883928571428573,0.023883928571428573,4.0
PLAIN-3201,32,1.0,0.6387878864795979,0.5065267082131061,0.36077903708155934,0.24874791549203612,0.21033166655349603,0.21033166655349603,0.03125,0.03125,0.03125,0.03125,0.03125,0.0625,0.0625,1.0,0.3333333333333333,0.2,0.1,0.05,0.04,0.02,1.0,1.0,1.0,1.0,1.0,1.0,1.0,0.03125,0.03125,0.03125,0.03125,0.03125,0.03409090909090909,0.03409090909090909,1.0
PLAIN-3211,18,0.0,0.0,0.0,0.0,0.0,0.03314040476303028,0.03314040476303028,0.0,0.0,0.0,0.0,0.0,0.05555555555555555,0.05555555555555555,0.0,0.0,0.0,0.0,0.0,0.02,0.01,0.0,0.0,0.0,0.0,0.0,0.043478260869565216,0.043478260869565216,0.0,0.0,0.0,0.0,0.0,0.0024154589371980675,0.0024154589371980675,23.0
PLAIN-3221,24,0.0,0.0,0.0,0.0,0.0,0.0209274585732643,0.039757866874576935,0.0,0.0,0.0,0.0,0.0,0.041666666666666664,0.08333333333333333,0.0,0.0,0.0,0.0,0.0,0.02,0.02,0.0,0.0,0.0,0.0,0.0,0.025,0.025,0.0,0.0,0.0,0.0,0.0,0.0010416666666666667,0.0024077868852459016,40.0
PLAIN-3231,8,0.0,0.0,0.0,0.0,0.13601103396081957,0.13601103396081957,0.1671272722635033,0.0,0.0,0.0,0.0,0.25,0.25,0.375,0.0,0.0,0.0,0.0,0.1,0.04,0.03,0.0,0.0,0.0,0.0,0.08333333333333333,0.08333333333333333,0.08333333333333333,0.0,0.0,0.0,0.0,0.026041666666666664,0.026041666666666664,0.03311713836477987,12.0
PLAIN-3241,29,0.0,0.0,0.0,0.10428852969311579,0.07190427298864208,0.05804670800708854,0.05804670800708854,0.0,0.0,0.0,0.034482758620689655,0.034482758620689655,0.034482758620689655,0.034482758620689655,0.0,0.0,0.0,0.1,0.05,0.02,0.01,0.0,0.0,0.0,0.1,0.1,0.1,0.1,0.0,0.0,0.0,0.003448275862068966,0.003448275862068966,0.003448275862068966,0.003448275862068966,10.0
PLAIN-3251,21,0.0,0.0,0.0,0.0,0.0,0.0,0.0,0.0,0.0,0.0,0.0,0.0,0.0,0.0,0.0,0.0,0.0,0.0,0.0,0.0,0.0,0.0,0.0,0.0,0.0,0.0,0.0,0.0,0.0,0.0,0.0,0.0,0.0,0.0,0.0,
PLAIN-3261,13,0.0,0.0,0.0,0.0,0.0,0.02995381340921744,0.02995381340921744,0.0,0.0,0.0,0.0,0.0,0.07692307692307693,0.07692307692307693,0.0,0.0,0.0,0.0,0.0,0.02,0.01,0.0,0.0,0.0,0.0,0.0,0.047619047619047616,0.047619047619047616,0.0,0.0,0.0,0.0,0.0,0.003663003663003663,0.003663003663003663,21.0
PLAIN-3271,49,0.0,0.0,0.0,0.0,0.0,0.0,0.011857477266236826,0.0,0.0,0.0,0.0,0.0,0.0,0.02040816326530612,0.0,0.0,0.0,0.0,0.0,0.0,0.01,0.0,0.0,0.0,0.0,0.0,0.0,0.01020408163265306,0.0,0.0,0.0,0.0,0.0,0.0,0.0002082465639316951,98.0
PLAIN-3281,26,0.0,0.0,0.0,0.09750766134500026,0.06943215711603568,0.06036896375228347,0.07689867098634522,0.0,0.0,0.0,0.038461538461538464,0.038461538461538464,0.038461538461538464,0.07692307692307693,0.0,0.0,0.0,0.1,0.05,0.02,0.02,0.0,0.0,0.0,0.1111111111111111,0.1111111111111111,0.1111111111111111,0.1111111111111111,0.0,0.0,0.0,0.004273504273504273,0.004273504273504273,0.004273504273504273,0.005439005439005439,9.0
PLAIN-3292,7,0.0,0.15969697161989949,0.34478085631874295,0.35584693204210427,0.35584693204210427,0.3963604808393238,0.3963604808393238,0.0,0.14285714285714285,0.2857142857142857,0.42857142857142855,0.42857142857142855,0.5714285714285714,0.5714285714285714,0.0,0.3333333333333333,0.4,0.3,0.15,0.08,0.04,0.0,0.3333333333333333,0.3333333333333333,0.3333333333333333,0.3333333333333333,0.3333333333333333,0.3333333333333333,0.0,0.047619047619047616,0.11904761904761904,0.1619047619047619,0.1619047619047619,0.17655677655677657,0.17655677655677657,3.0
PLAIN-3302,37,0.0,0.0,0.0,0.0,0.0,0.015617852295229644,0.05827386595175098,0.0,0.0,0.0,0.0,0.0,0.02702702702702703,0.10810810810810811,0.0,0.0,0.0,0.0,0.0,0.02,0.04,0.0,0.0,0.0,0.0,0.0,0.021739130434782608,0.021739130434782608,0.0,0.0,0.0,0.0,0.0,0.0005875440658049354,0.004165697899713245,46.0
PLAIN-3312,13,0.0,0.0,0.0,0.0,0.05559639040920344,0.11970686264133595,0.18877033944845692,0.0,0.0,0.0,0.0,0.07692307692307693,0.23076923076923078,0.46153846153846156,0.0,0.0,0.0,0.0,0.05,0.06,0.06,0.0,0.0,0.0,0.0,0.06666666666666667,0.06666666666666667,0.06666666666666667,0.0,0.0,0.0,0.0,0.005128205128205128,0.015422322775263952,0.028970254119174445,15.0
PLAIN-3322,79,0.0,0.0,0.0,0.0,0.03730675036644463,0.034032413259930706,0.0796570803559839,0.0,0.0,0.0,0.0,0.012658227848101266,0.02531645569620253,0.10126582278481013,0.0,0.0,0.0,0.0,0.05,0.04,0.08,0.0,0.0,0.0,0.0,0.07692307692307693,0.07692307692307693,0.07692307692307693,0.0,0.0,0.0,0.0,0.0009737098344693282,0.001480038948393379,0.007030751130192083,13.0
PLAIN-3332,14,0.5,0.5209090851403014,0.4130547397016814,0.2942026330205877,0.36343333860321764,0.3936843555002384,0.4433296221248766,0.07142857142857142,0.14285714285714285,0.14285714285714285,0.14285714285714285,0.2857142857142857,0.35714285714285715,0.5,1.0,0.6666666666666666,0.4,0.2,0.2,0.1,0.07,1.0,1.0,1.0,1.0,1.0,1.0,1.0,0.07142857142857142,0.14285714285714285,0.14285714285714285,0.14285714285714285,0.1757518796992481,0.18727261702643702,0.20101978255931688,1.0
PLAIN-3342,3,0.0,0.0,0.0,0.0,0.0,0.08272981973873896,0.08272981973873896,0.0,0.0,0.0,0.0,0.0,0.3333333333333333,0.3333333333333333,0.0,0.0,0.0,0.0,0.0,0.02,0.01,0.0,0.0,0.0,0.0,0.0,0.02,0.02,0.0,0.0,0.0,0.0,0.0,0.006666666666666667,0.006666666666666667,50.0
PLAIN-3352,39,0.0,0.0,0.08447695052975514,0.06265341172228864,0.04461353566019735,0.045751179425505405,0.05773257301118208,0.0,0.0,0.02564102564102564,0.02564102564102564,0.02564102564102564,0.05128205128205128,0.07692307692307693,0.0,0.0,0.2,0.1,0.05,0.04,0.03,0.0,0.0,0.2,0.2,0.2,0.2,0.2,0.0,0.0,0.005128205128205128,0.005128205128205128,0.005128205128205128,0.00641025641025641,0.00717948717948718,5.0
PLAIN-3362,11,0.0,0.0,0.0,0.10797114656290627,0.10330420508224002,0.10330420508224002,0.10330420508224002,0.0,0.0,0.0,0.09090909090909091,0.09090909090909091,0.09090909090909091,0.09090909090909091,0.0,0.0,0.0,0.1,0.05,0.02,0.01,0.0,0.0,0.0,0.14285714285714285,0.14285714285714285,0.14285714285714285,0.14285714285714285,0.0,0.0,0.0,0.012987012987012986,0.012987012987012986,0.012987012987012986,0.012987012987012986,7.0
PLAIN-3372,14,0.0,0.0,0.0,0.0,0.03560679507981736,0.03560679507981736,0.08769766485276818,0.0,0.0,0.0,0.0,0.07142857142857142,0.07142857142857142,0.14285714285714285,0.0,0.0,0.0,0.0,0.05,0.02,0.02,0.0,0.0,0.0,0.0,0.05555555555555555,0.05555555555555555,0.05555555555555555,0.0,0.0,0.0,0.0,0.003968253968253968,0.003968253968253968,0.0065656565656565654,18.0
PLAIN-3382,14,0.0,0.16771752171325524,0.23182270412355,0.28071608027939166,0.302200350221785,0.3586696777171427,0.3586696777171427,0.0,0.07142857142857142,0.14285714285714285,0.2857142857142857,0.35714285714285715,0.5,0.5,0.0,0.3333333333333333,0.4,0.4,0.25,0.14,0.07,0.0,0.5,0.5,0.5,0.5,0.5,0.5,0.0,0.03571428571428571,0.07142857142857142,0.14285714285714285,0.16071428571428573,0.193015318015318,0.193015318015318,2.0
PLAIN-3392,23,0.0,0.0,0.0,0.0,0.0,0.02620164056884267,0.045697577483510124,0.0,0.0,0.0,0.0,0.0,0.043478260869565216,0.08695652173913043,0.0,0.0,0.0,0.0,0.0,0.02,0.02,0.0,0.0,0.0,0.0,0.0,0.03333333333333333,0.03333333333333333,0.0,0.0,0.0,0.0,0.0,0.0014492753623188406,0.002318840579710145,30.0
PLAIN-3402,14,0.0,0.0,0.0,0.0,0.0,0.034743705427429224,0.09146055725016987,0.0,0.0,0.0,0.0,0.0,0.07142857142857142,0.21428571428571427,0.0,0.0,0.0,0.0,0.0,0.02,0.03,0.0,0.0,0.0,0.0,0.0,0.029411764705882353,0.029411764705882353,0.0,0.0,0.0,0.0,0.0,0.0021008403361344537,0.006612618451635973,34.0
PLAIN-3412,49,0.0,0.0,0.0,0.0,0.0,0.0,0.011406174994021221,0.0,0.0,0.0,0.0,0.0,0.0,0.02040816326530612,0.0,0.0,0.0,0.0,0.0,0.0,0.01,0.0,0.0,0.0,0.0,0.0,0.0,0.014705882352941176,0.0,0.0,0.0,0.0,0.0,0.0,0.00030012004801920766,68.0
PLAIN-3422,31,0.5,0.23463936301137822,0.24261427755816128,0.2038015408044857,0.15751761206129408,0.15891891444109854,0.17060579832934886,0.03225806451612903,0.03225806451612903,0.06451612903225806,0.0967741935483871,0.0967741935483871,0.16129032258064516,0.1935483870967742,1.0,0.3333333333333333,0.4,0.3,0.15,0.1,0.06,1.0,1.0,1.0,1.0,1.0,1.0,1.0,0.03225806451612903,0.03225806451612903,0.04838709677419355,0.059139784946236555,0.059139784946236555,0.06714456391875746,0.06942160376695482,1.0
PLAIN-3432,42,1.0,0.46927872602275644,0.4703652827859579,0.3836331529183765,0.3139855740845625,0.2432697180832594,0.26986262613065004,0.023809523809523808,0.023809523809523808,0.047619047619047616,0.07142857142857142,0.11904761904761904,0.19047619047619047,0.23809523809523808,1.0,0.3333333333333333,0.4,0.3,0.25,0.16,0.1,1.0,1.0,1.0,1.0,1.0,1.0,1.0,0.023809523809523808,0.023809523809523808,0.03333333333333333,0.04523809523809524,0.05679271708683473,0.07065300881400696,0.07549008434428771,1.0
PLAIN-3442,29,0.0,0.0,0.07816178655294431,0.060614569639142094,0.04485338247143275,0.03738077540094112,0.06429487221143818,0.0,0.0,0.034482758620689655,0.034482758620689655,0.034482758620689655,0.034482758620689655,0.10344827586206896,0.0,0.0,0.2,0.1,0.05,0.02,0.03,0.0,0.0,0.25,0.25,0.25,0.25,0.25,0.0,0.0,0.008620689655172414,0.008620689655172414,0.008620689655172414,0.008620689655172414,0.010573062750921187,4.0
PLAIN-3452,17,1.0,0.5316519652587917,0.43673949858938643,0.32391343968871883,0.25072897065441263,0.2986195398892568,0.3179786575341747,0.058823529411764705,0.058823529411764705,0.058823529411764705,0.058823529411764705,0.058823529411764705,0.17647058823529413,0.23529411764705882,1.0,0.3333333333333333,0.2,0.1,0.05,0.06,0.04,1.0,1.0,1.0,1.0,1.0,1.0,1.0,0.058823529411764705,0.058823529411764705,0.058823529411764705,0.058823529411764705,0.058823529411764705,0.06669275248902222,0.06936654928046607,1.0
PLAIN-3462,64,0.0,0.2960819109658652,0.21398626473452756,0.29062463495159,0.30317896703461616,0.2958283721470603,0.3294370022482862,0.0,0.015625,0.015625,0.046875,0.09375,0.171875,0.28125,0.0,0.3333333333333333,0.2,0.3,0.3,0.22,0.18,0.0,0.5,0.5,0.5,0.5,0.5,0.5,0.0,0.0078125,0.0078125,0.019717261904761904,0.03596468635531136,0.06103052396147155,0.08073661007774202,2.0
PLAIN-3472,17,0.0,0.0,0.0,0.0,0.0,0.0,0.01697093330209496,0.0,0.0,0.0,0.0,0.0,0.0,0.058823529411764705,0.0,0.0,0.0,0.0,0.0,0.0,0.01,0.0,0.0,0.0,0.0,0.0,0.0,0.0125,0.0,0.0,0.0,0.0,0.0,0.0,0.0007352941176470588,80.0
