query_id,n_relevant,ndcg@1,ndcg@3,ndcg@5,ndcg@10,ndcg@20,ndcg@50,ndcg@100,recall@1,recall@3,recall@5,recall@10,recall@20,recall@50,recall@100,precision@1,precision@3,precision@5,precision@10,precision@20,precision@50,precision@100,mrr@1,mrr@3,mrr@5,mrr@10,mrr@20,mrr@50,mrr@100,map@1,map@3,map@5,map@10,map@20,map@50,map@100,first_relevant_rank
PLAIN-2,24,1.0,1.0,0.8687949224876582,0.7082861228751486,0.5426802057838042,0.5491867957198352,0.5911240666916648,0.041666666666666664,0.125,0.16666666666666666,0.25,0.25,0.3333333333333333,0.4583333333333333,1.0,1.0,0.8,0.6,0.3,0.16,0.11,1.0,1.0,1.0,1.0,1.0,1.0,1.0,0.041666666666666664,0.125,0.16666666666666666,0.23263888888888887,0.23263888888888887,0.24769327894327894,0.2650169031747979,1.0
PLAIN-12,30,0.0,0.0,0.0,0.0,0.07142071481254386,0.08914747150665071,0.13752305496297224,0.0,0.0,0.0,0.0,0.06666666666666667,0.1,0.16666666666666666,0.0,0.0,0.0,0.0,0.1,0.06,0.05,0.0,0.0,0.0,0.0,0.07692307692307693,0.07692307692307693,0.07692307692307693,0.0,0.0,0.0,0.0,0.007008547008547009,0.00964012595591543,0.013061178587494376,13.0
PLAIN-23,90,0.0,0.0,0.0,0.03312711172719452,0.06663150048958666,0.04425405071075307,0.03220711557219,0.0,0.0,0.0,0.011111111111111112,0.022222222222222223,0.022222222222222223,0.022222222222222223,0.0,0.0,0.0,0.1,0.1,0.04,0.02,0.0,0.0,0.0,0.1111111111111111,0.1111111111111111,0.1111111111111111,0.1111111111111111,0.0,0.0,0.0,0.0012345679012345679,0.0024691358024691358,0.0024691358024691358,0.0024691358024691358,9.0
PLAIN-33,32,0.0,0.0,0.0,0.07171242235367577,0.1410995693217034,0.1573248540789448,0.18064048962043594,0.0,0.0,0.0,0.03125,0.09375,0.15625,0.1875,0.0,0.0,0.0,0.1,0.15,0.1,0.06,0.0,0.0,0.0,0.125,0.125,0.125,0.125,0.0,0.0,0.0,0.00390625,0.013007127192982455,0.020547098123215014,0.023115591273899946,8.0
PLAIN-44,58,0.0,0.11731968150568911,0.21599512883074581,0.20767914628033746,0.18120591383587398,0.20142097646627768,0.22214481156525445,0.0,0.017241379310344827,0.034482758620689655,0.05172413793103448,0.06896551724137931,0.13793103448275862,0.20689655172413793,0.0,0.3333333333333333,0.4,0.3,0.2,0.16,0.12,0.0,0.3333333333333333,0.3333333333333333,0.3333333333333333,0.3333333333333333,0.3333333333333333,0.3333333333333333,0.0,0.005747126436781609,0.012643678160919542,0.021264367816091954,0.025574712643678162,0.039583098893443726,0.04931445022657481,3.0
PLAIN-56,50,1.0,0.617319681505689,0.7040090042240594,0.5903592907641815,0.43685224892053504,0.32482774862973474,0.35723715959054214,0.02,0.04,0.08,0.1,0.1,0.16,0.22,1.0,0.6666666666666666,0.8,0.5,0.25,0.16,0.11,1.0,1.0,1.0,1.0,1.0,1.0,1.0,0.02,0.04,0.071,0.08349999999999999,0.08349999999999999,0.09732954545454545,0.10689546837543797,1.0
PLAIN-68,55,1.0,0.6387878864795979,0.5065267082131061,0.36077903708155934,0.3106934159088617,0.17974575436093726,0.18018053231404643,0.01818181818181818,0.01818181818181818,0.01818181818181818,0.01818181818181818,0.05454545454545454,0.05454545454545454,0.07272727272727272,1.0,0.3333333333333333,0.2,0.1,0.15,0.06,0.04,1.0,1.0,1.0,1.0,1.0,1.0,1.0,0.01818181818181818,0.01818181818181818,0.01818181818181818,0.01818181818181818,0.02400932400932401,0.02400932400932401,0.02504828504828505,1.0
PLAIN-78,62,0.0,0.0,0.0,0.0,0.026964205581413877,0.053682951045510706,0.07352064794153115,0.0,0.0,0.0,0.0,0.016129032258064516,0.06451612903225806,0.0967741935483871,0.0,0.0,0.0,0.0,0.05,0.08,0.06,0.0,0.0,0.0,0.0,0.09090909090909091,0.09090909090909091,0.09090909090909091,0.0,0.0,0.0,0.0,0.001466275659824047,0.005661558351464699,0.007888633033895611,11.0
PLAIN-91,64,0.0,0.11731968150568911,0.08479005131840403,0.14268694486687805,0.15170050856054557,0.14648037738024905,0.15437305718890665,0.0,0.015625,0.015625,0.03125,0.046875,0.109375,0.15625,0.0,0.3333333333333333,0.2,0.2,0.15,0.14,0.1,0.0,0.3333333333333333,0.3333333333333333,0.3333333333333333,0.3333333333333333,0.3333333333333333,0.3333333333333333,0.0,0.005208333333333333,0.005208333333333333,0.010416666666666666,0.012760416666666666,0.02346732220460418,0.03022360639724344,3.0
PLAIN-102,24,0.0,0.3354350434265105,0.3695986762335118,0.27411758934071206,0.19519056522166467,0.17722984898688676,0.19352432209483716,0.0,0.041666666666666664,0.08333333333333333,0.08333333333333333,0.08333333333333333,0.08333333333333333,0.125,0.0,0.3333333333333333,0.4,0.2,0.1,0.04,0.03,0.0,0.5,0.5,0.5,0.5,0.5,0.5,0.0,0.020833333333333332,0.041666666666666664,0.041666666666666664,0.041666666666666664,0.041666666666666664,0.04313725490196079,2.0
PLAIN-112,56,1.0,0.8826803184943108,0.6827250156238165,0.670405018334191,0.5221208219927029,0.3485387666667227,0.34548452416387193,0.017857142857142856,0.05357142857142857,0.05357142857142857,0.08928571428571429,0.10714285714285714,0.14285714285714285,0.17857142857142858,1.0,1.0,0.6,0.5,0.3,0.16,0.1,1.0,1.0,1.0,1.0,1.0,1.0,1.0,0.017857142857142856,0.05357142857142857,0.05357142857142857,0.07440476190476189,0.08154761904761905,0.08832735797021511,0.09236813656297778,1.0
PLAIN-123,51,0.0,0.0,0.0,0.0,0.0,0.011938133576607906,0.021040927844623938,0.0,0.0,0.0,0.0,0.0,0.0196078431372549,0.0392156862745098,0.0,0.0,0.0,0.0,0.0,0.02,0.02,0.0,0.0,0.0,0.0,0.0,0.02857142857142857,0.02857142857142857,0.0,0.0,0.0,0.0,0.0,0.0005602240896358543,0.0009645095151462646,35.0
PLAIN-133,36,0.0,0.0,0.0,0.0,0.0,0.0,0.07235472156776676,0.0,0.0,0.0,0.0,0.0,0.0,0.08333333333333333,0.0,0.0,0.0,0.0,0.0,0.0,0.03,0.0,0.0,0.0,0.0,0.0,0.0,0.01639344262295082,0.0,0.0,0.0,0.0,0.0,0.0,0.0021039537064587717,61.0
PLAIN-143,51,1.0,0.6645649565734895,0.7340178372639096,0.5443937249297496,0.4153019601724688,0.2733374740073771,0.3033750095918773,0.0196078431372549,0.0392156862745098,0.058823529411764705,0.058823529411764705,0.0784313725490196,0.11764705882352941,0.17647058823529413,1.0,0.6666666666666666,0.6,0.3,0.2,0.12,0.09,1.0,1.0,1.0,1.0,1.0,1.0,1.0,0.0196078431372549,0.0326797385620915,0.04738562091503268,0.04738562091503268,0.051999231064975004,0.057173523003972826,0.06395072506203499,1.0
PLAIN-153,47,0.5,0.680606056760201,0.6487610063876911,0.7476678986784316,0.5820256376627472,0.41004525619699145,0.42145952482430565,0.02127659574468085,0.06382978723404255,0.0851063829787234,0.1702127659574468,0.2127659574468085,0.2978723404255319,0.3191489361702128,1.0,1.0,0.8,0.8,0.5,0.28,0.15,1.0,1.0,1.0,1.0,1.0,1.0,1.0,0.02127659574468085,0.06382978723404255,0.0851063829787234,0.15671225937183383,0.18931795155199405,0.22358509103189952,0.22701680002297708,1.0
PLAIN-165,36,0.5,0.35195904451706733,0.5410505067424173,0.4117477586135222,0.32912210958854626,0.2730526817733102,0.32699679798561426,0.027777777777777776,0.05555555555555555,0.1111111111111111,0.1111111111111111,0.1388888888888889,0.19444444444444445,0.3055555555555556,1.0,0.6666666666666666,0.8,0.4,0.25,0.14,0.11,1.0,1.0,1.0,1.0,1.0,1.0,1.0,0.027777777777777776,0.046296296296296294,0.08935185185185185,0.08935185185185185,0.10092592592592592,0.11109224428189945,0.1282857463876985,1.0
PLAIN-175,37,0.0,0.0,0.13120507751234178,0.14776244267962882,0.13399275942351938,0.09932051506354173,0.1118833756261569,0.0,0.0,0.02702702702702703,0.05405405405405406,0.08108108108108109,0.08108108108108109,0.10810810810810811,0.0,0.0,0.2,0.2,0.15,0.06,0.04,0.0,0.0,0.2,0.2,0.2,0.2,0.2,0.0,0.0,0.005405405405405406,0.013127413127413128,0.017394838447470026,0.017394838447470026,0.01922717926286169,5.0
PLAIN-186,24,1.0,0.46927872602275644,0.3391602052736161,0.2200917662980802,0.1420400396336573,0.12627825946936164,0.12627825946936164,0.041666666666666664,0.041666666666666664,0.041666666666666664,0.041666666666666664,0.041666666666666664,0.041666666666666664,0.041666666666666664,1.0,0.3333333333333333,0.2,0.1,0.05,0.02,0.01,1.0,1.0,1.0,1.0,1.0,1.0,1.0,0.041666666666666664,0.041666666666666664,0.041666666666666664,0.041666666666666664,0.041666666666666664,0.041666666666666664,0.041666666666666664,1.0
PLAIN-196,69,1.0,0.46927872602275644,0.3391602052736161,0.2200917662980802,0.1420400396336573,0.09349293091535701,0.08506829617351112,0.014492753623188406,0.014492753623188406,0.014492753623188406,0.014492753623188406,0.014492753623188406,0.028985507246376812,0.043478260869565216,1.0,0.3333333333333333,0.2,0.1,0.05,0.04,0.03,1.0,1.0,1.0,1.0,1.0,1.0,1.0,0.014492753623188406,0.014492753623188406,0.014492753623188406,0.014492753623188406,0.014492753623188406,0.015527950310559006,0.016176879577268932,1.0
PLAIN-207,55,1.0,0.7039180890341347,0.5087403079104241,0.551331062461933,0.39056123860352904,0.23057539121835713,0.27484612144981746,0.01818181818181818,0.03636363636363636,0.03636363636363636,0.09090909090909091,0.10909090909090909,0.12727272727272726,0.21818181818181817,1.0,0.6666666666666666,0.4,0.5,0.3,0.14,0.12,1.0,1.0,1.0,1.0,1.0,1.0,1.0,0.01818181818181818,0.0303030303030303,0.0303030303030303,0.06114718614718615,0.06796536796536796,0.07402597402597402,0.08660260642624584,1.0
PLAIN-217,36,0.0,0.0,0.0,0.0,0.035510009908414325,0.08281767635220919,0.12837352718736356,0.0,0.0,0.0,0.0,0.027777777777777776,0.1111111111111111,0.19444444444444445,0.0,0.0,0.0,0.0,0.05,0.08,0.07,0.0,0.0,0.0,0.0,0.06666666666666667,0.06666666666666667,0.06666666666666667,0.0,0.0,0.0,0.0,0.001851851851851852,0.009948586960081211,0.01600574886830695,15.0
PLAIN-227,40,0.0,0.0,0.0,0.0,0.0,0.0,0.0,0.0,0.0,0.0,0.0,0.0,0.0,0.0,0.0,0.0,0.0,0.0,0.0,0.0,0.0,0.0,0.0,0.0,0.0,0.0,0.0,0.0,0.0,0.0,0.0,0.0,0.0,0.0,0.0,
PLAIN-238,54,0.0,0.0,0.0,0.0,0.0,0.0,0.03491692641106016,0.0,0.0,0.0,0.0,0.0,0.0,0.05555555555555555,0.0,0.0,0.0,0.0,0.0,0.0,0.03,0.0,0.0,0.0,0.0,0.0,0.0,0.018518518518518517,0.0,0.0,0.0,0.0,0.0,0.0,0.0012842935528120712,54.0
PLAIN-248,31,0.0,0.2960819109658652,0.21398626473452756,0.13886244387355456,0.08961728720334346,0.0898608544506267,0.1243302170771599,0.0,0.03225806451612903,0.03225806451612903,0.03225806451612903,0.03225806451612903,0.06451612903225806,0.12903225806451613,0.0,0.3333333333333333,0.2,0.1,0.05,0.04,0.04,0.0,0.5,0.5,0.5,0.5,0.5,0.5,0.0,0.016129032258064516,0.016129032258064516,0.016129032258064516,0.016129032258064516,0.018610421836228287,0.021682618456812006,2.0
PLAIN-259,14,1.0,0.7653606369886217,0.5531464700081437,0.35895421017163476,0.2906484777184988,0.2906484777184988,0.3186797542326666,0.07142857142857142,0.14285714285714285,0.14285714285714285,0.14285714285714285,0.14285714285714285,0.14285714285714285,0.21428571428571427,1.0,0.6666666666666666,0.4,0.2,0.1,0.04,0.03,1.0,1.0,1.0,1.0,1.0,1.0,1.0,0.07142857142857142,0.14285714285714285,0.14285714285714285,0.14285714285714285,0.14285714285714285,0.14285714285714285,0.14550264550264552,1.0
PLAIN-270,52,0.0,0.0,0.0,0.0,0.03475017269886857,0.048965193027086115,0.08429462277614488,0.0,0.0,0.0,0.0,0.019230769230769232,0.057692307692307696,0.11538461538461539,0.0,0.0,0.0,0.0,0.05,0.06,0.06,0.0,0.0,0.0,0.0,0.0625,0.0625,0.0625,0.0,0.0,0.0,0.0,0.001201923076923077,0.0038576007326007328,0.007792434015260101,16.0
PLAIN-280,20,0.0,0.0,0.13120507751234178,0.15457433957839828,0.0997572316736576,0.15829841598204306,0.2054381923930835,0.0,0.0,0.05,0.1,0.1,0.2,0.3,0.0,0.0,0.2,0.2,0.1,0.08,0.06,0.0,0.0,0.2,0.2,0.2,0.2,0.2,0.0,0.0,0.01,0.0225,0.0225,0.03477106227106227,0.04328245828245828,5.0
PLAIN-291,13,0.0,0.0,0.0,0.0,0.04395738023645724,0.04395738023645724,0.13583467801023308,0.0,0.0,0.0,0.0,0.07692307692307693,0.07692307692307693,0.3076923076923077,0.0,0.0,0.0,0.0,0.05,0.02,0.04,0.0,0.0,0.0,0.0,0.05555555555555555,0.05555555555555555,0.05555555555555555,0.0,0.0,0.0,0.0,0.004273504273504273,0.004273504273504273,0.014241824241824241,18.0
PLAIN-307,3,0.0,0.2960819109658652,0.4776237035032179,0.6447841584694202,0.6447841584694202,0.6447841584694202,0.6447841584694202,0.0,0.3333333333333333,0.6666666666666666,1.0,1.0,1.0,1.0,0.0,0.3333333333333333,0.4,0.3,0.15,0.06,0.03,0.0,0.5,0.5,0.5,0.5,0.5,0.5,0.0,0.16666666666666666,0.3,0.4666666666666666,0.4666666666666666,0.4666666666666666,0.4666666666666666,2.0
PLAIN-320,42,0.0,0.0,0.0,0.0,0.0340629722559825,0.07123636117736226,0.14289087104160436,0.0,0.0,0.0,0.0,0.023809523809523808,0.09523809523809523,0.21428571428571427,0.0,0.0,0.0,0.0,0.05,0.08,0.09,0.0,0.0,0.0,0.0,0.058823529411764705,0.058823529411764705,0.058823529411764705,0.0,0.0,0.0,0.0,0.0014005602240896359,0.007029943760449916,0.019088736610629552,17.0
PLAIN-332,2,1.0,0.6131471927654584,0.6131471927654584,0.6131471927654584,0.6131471927654584,0.6131471927654584,0.6131471927654584,0.5,0.5,0.5,0.5,0.5,0.5,0.5,1.0,0.3333333333333333,0.2,0.1,0.05,0.02,0.01,1.0,1.0,1.0,1.0,1.0,1.0,1.0,0.5,0.5,0.5,0.5,0.5,0.5,0.5,1.0
PLAIN-344,61,0.0,0.0,0.0,0.0,0.08040321891124538,0.09054593648210667,0.13685229835574503,0.0,0.0,0.0,0.0,0.03278688524590164,0.08196721311475409,0.13114754098360656,0.0,0.0,0.0,0.0,0.1,0.1,0.08,0.0,0.0,0.0,0.0,0.08333333333333333,0.08333333333333333,0.08333333333333333,0.0,0.0,0.0,0.0,0.0038881883144178224,0.011320179286145073,0.016544554182651116,12.0
PLAIN-358,3,0.0,0.0,0.0,0.0,0.0,0.0,0.0,0.0,0.0,0.0,0.0,0.0,0.0,0.0,0.0,0.0,0.0,0.0,0.0,0.0,0.0,0.0,0.0,0.0,0.0,0.0,0.0,0.0,0.0,0.0,0.0,0.0,0.0,0.0,0.0,
PLAIN-371,2,0.0,0.0,0.0,0.0,0.0,0.0,0.1320942473933829,0.0,0.0,0.0,0.0,0.0,0.0,0.5,0.0,0.0,0.0,0.0,0.0,0.0,0.01,0.0,0.0,0.0,0.0,0.0,0.0,0.018867924528301886,0.0,0.0,0.0,0.0,0.0,0.0,0.009433962264150943,53.0
PLAIN-383,5,0.0,0.0,0.14606834984270645,0.14606834984270645,0.14606834984270645,0.14606834984270645,0.14606834984270645,0.0,0.0,0.2,0.2,0.2,0.2,0.2,0.0,0.0,0.2,0.1,0.05,0.02,0.01,0.0,0.0,0.25,0.25,0.25,0.25,0.25,0.0,0.0,0.05,0.05,0.05,0.05,0.05,4.0
PLAIN-395,3,0.0,0.0,0.0,0.0,0.0,0.0,0.0,0.0,0.0,0.0,0.0,0.0,0.0,0.0,0.0,0.0,0.0,0.0,0.0,0.0,0.0,0.0,0.0,0.0,0.0,0.0,0.0,0.0,0.0,0.0,0.0,0.0,0.0,0.0,0.0,
PLAIN-407,3,1.0,0.6387878864795979,0.6387878864795979,0.6387878864795979,0.6387878864795979,0.6387878864795979,0.6387878864795979,0.3333333333333333,0.3333333333333333,0.3333333333333333,0.3333333333333333,0.3333333333333333,0.3333333333333333,0.3333333333333333,1.0,0.3333333333333333,0.2,0.1,0.05,0.02,0.01,1.0,1.0,1.0,1.0,1.0,1.0,1.0,0.3333333333333333,0.3333333333333333,0.3333333333333333,0.3333333333333333,0.3333333333333333,0.3333333333333333,0.3333333333333333,1.0
PLAIN-418,3,1.0,0.5316519652587917,0.5316519652587917,0.5316519652587917,0.6617209067775753,0.6617209067775753,0.70494642117089,0.3333333333333333,0.3333333333333333,0.3333333333333333,0.3333333333333333,0.6666666666666666,0.6666666666666666,1.0,1.0,0.3333333333333333,0.2,0.1,0.1,0.04,0.03,1.0,1.0,1.0,1.0,1.0,1.0,1.0,0.3333333333333333,0.3333333333333333,0.3333333333333333,0.3333333333333333,0.375,0.375,0.3892857142857143,1.0
PLAIN-430,8,0.0,0.2960819109658652,0.36005461457723403,0.4042176409797498,0.4042176409797498,0.4042176409797498,0.4042176409797498,0.0,0.125,0.25,0.375,0.375,0.375,0.375,0.0,0.3333333333333333,0.4,0.3,0.15,0.06,0.03,0.0,0.5,0.5,0.5,0.5,0.5,0.5,0.0,0.0625,0.125,0.17857142857142858,0.17857142857142858,0.17857142857142858,0.17857142857142858,2.0
PLAIN-441,5,1.0,0.6993694869720469,0.5745154706993483,0.7300852189908416,0.789097057022996,0.8350223810596499,0.8350223810596499,0.2,0.4,0.4,0.6,0.8,1.0,1.0,1.0,0.6666666666666666,0.4,0.3,0.2,0.1,0.05,1.0,1.0,1.0,1.0,1.0,1.0,1.0,0.2,0.4,0.4,0.5,0.5666666666666667,0.6051282051282052,0.6051282051282052,1.0
PLAIN-457,5,0.0,0.0,0.0,0.0,0.0,0.0,0.0,0.0,0.0,0.0,0.0,0.0,0.0,0.0,0.0,0.0,0.0,0.0,0.0,0.0,0.0,0.0,0.0,0.0,0.0,0.0,0.0,0.0,0.0,0.0,0.0,0.0,0.0,0.0,0.0,
PLAIN-468,10,0.0,0.3354350434265105,0.2755519442199235,0.3065499400219298,0.3065499400219298,0.3065499400219298,0.3065499400219298,0.0,0.1,0.1,0.2,0.2,0.2,0.2,0.0,0.3333333333333333,0.2,0.2,0.1,0.04,0.02,0.0,0.5,0.5,0.5,0.5,0.5,0.5,0.0,0.05,0.05,0.075,0.075,0.075,0.075,2.0
PLAIN-478,1,0.0,0.0,0.0,0.0,0.0,0.0,0.0,0.0,0.0,0.0,0.0,0.0,0.0,0.0,0.0,0.0,0.0,0.0,0.0,0.0,0.0,0.0,0.0,0.0,0.0,0.0,0.0,0.0,0.0,0.0,0.0,0.0,0.0,0.0,0.0,
PLAIN-488,15,1.0,1.0,1.0,0.9363792118010483,0.7258559828237721,0.7593912092425804,0.7593912092425804,0.06666666666666667,0.2,0.3333333333333333,0.6,0.6,0.6666666666666666,0.6666666666666666,1.0,1.0,1.0,0.9,0.45,0.2,0.1,1.0,1.0,1.0,1.0,1.0,1.0,1.0,0.06666666666666667,0.2,0.3333333333333333,0.6,0.6,0.6202020202020202,0.6202020202020202,1.0
PLAIN-499,34,1.0,0.7653606369886217,0.5531464700081437,0.35895421017163476,0.26640749953586934,0.2251034734908768,0.24022856963369552,0.029411764705882353,0.058823529411764705,0.058823529411764705,0.058823529411764705,0.08823529411764706,0.14705882352941177,0.17647058823529413,1.0,0.6666666666666666,0.4,0.2,0.15,0.1,0.06,1.0,1.0,1.0,1.0,1.0,1.0,1.0,0.029411764705882353,0.058823529411764705,0.058823529411764705,0.058823529411764705,0.06433823529411764,0.07033658689215178,0.07211911808644766,1.0
PLAIN-510,6,0.0,0.0,0.0,0.0874717141014082,0.0874717141014082,0.0874717141014082,0.0874717141014082,0.0,0.0,0.0,0.16666666666666666,0.16666666666666666,0.16666666666666666,0.16666666666666666,0.0,0.0,0.0,0.1,0.05,0.02,0.01,0.0,0.0,0.0,0.1,0.1,0.1,0.1,0.0,0.0,0.0,0.016666666666666666,0.016666666666666666,0.016666666666666666,0.016666666666666666,10.0
PLAIN-520,1,0.0,0.0,0.0,0.0,0.0,0.0,0.0,0.0,0.0,0.0,0.0,0.0,0.0,0.0,0.0,0.0,0.0,0.0,0.0,0.0,0.0,0.0,0.0,0.0,0.0,0.0,0.0,0.0,0.0,0.0,0.0,0.0,0.0,0.0,0.0,
PLAIN-531,308,1.0,0.46927872602275644,0.3391602052736161,0.3718539573761156,0.3101541234201817,0.27359733789647483,0.24365552296427534,0.003246753246753247,0.003246753246753247,0.003246753246753247,0.00974025974025974,0.016233766233766232,0.03896103896103896,0.07142857142857142,1.0,0.3333333333333333,0.2,0.3,0.25,0.24,0.22,1.0,1.0,1.0,1.0,1.0,1.0,1.0,0.003246753246753247,0.003246753246753247,0.003246753246753247,0.005720470006184292,0.007573879754330881,0.013119970118121375,0.020041614659372656,1.0
PLAIN-541,6,0.0,0.0,0.0,0.0,0.0,0.1176491783430356,0.1176491783430356,0.0,0.0,0.0,0.0,0.0,0.3333333333333333,0.3333333333333333,0.0,0.0,0.0,0.0,0.0,0.04,0.02,0.0,0.0,0.0,0.0,0.0,0.03125,0.03125,0.0,0.0,0.0,0.0,0.0,0.014217342342342343,0.014217342342342343,32.0
PLAIN-551,2,0.0,0.3065735963827292,0.3065735963827292,0.3065735963827292,0.3065735963827292,0.3065735963827292,0.3065735963827292,0.0,0.5,0.5,0.5,0.5,0.5,0.5,0.0,0.3333333333333333,0.2,0.1,0.05,0.02,0.01,0.0,0.3333333333333333,0.3333333333333333,0.3333333333333333,0.3333333333333333,0.3333333333333333,0.3333333333333333,0.0,0.16666666666666666,0.16666666666666666,0.16666666666666666,0.16666666666666666,0.16666666666666666,0.16666666666666666,3.0
PLAIN-561,25,0.0,0.0,0.0,0.07336392209936006,0.04734667987788576,0.06685427010500793,0.08698589517877715,0.0,0.0,0.0,0.04,0.04,0.08,0.12,0.0,0.0,0.0,0.1,0.05,0.04,0.03,0.0,0.0,0.0,0.14285714285714285,0.14285714285714285,0.14285714285714285,0.14285714285714285,0.0,0.0,0.0,0.005714285714285714,0.005714285714285714,0.008791208791208791,0.010555914673561732,7.0
PLAIN-571,7,0.0,0.0,0.0,0.0,0.0,0.16418540376130883,0.20632133115279666,0.0,0.0,0.0,0.0,0.0,0.42857142857142855,0.5714285714285714,0.0,0.0,0.0,0.0,0.0,0.06,0.04,0.0,0.0,0.0,0.0,0.0,0.047619047619047616,0.047619047619047616,0.0,0.0,0.0,0.0,0.0,0.02413465386154462,0.030414088712408045,21.0
PLAIN-583,44,0.0,0.0,0.0,0.0,0.0,0.0,0.027645987674311288,0.0,0.0,0.0,0.0,0.0,0.0,0.045454545454545456,0.0,0.0,0.0,0.0,0.0,0.0,0.02,0.0,0.0,0.0,0.0,0.0,0.0,0.0196078431372549,0.0,0.0,0.0,0.0,0.0,0.0,0.0009191176470588234,51.0
PLAIN-593,3,0.0,0.0,0.0,0.0,0.0,0.0,0.0,0.0,0.0,0.0,0.0,0.0,0.0,0.0,0.0,0.0,0.0,0.0,0.0,0.0,0.0,0.0,0.0,0.0,0.0,0.0,0.0,0.0,0.0,0.0,0.0,0.0,0.0,0.0,0.0,
PLAIN-603,1,0.0,0.0,0.0,0.0,0.0,0.17905223175104137,0.17905223175104137,0.0,0.0,0.0,0.0,0.0,1.0,1.0,0.0,0.0,0.0,0.0,0.0,0.02,0.01,0.0,0.0,0.0,0.0,0.0,0.02127659574468085,0.02127659574468085,0.0,0.0,0.0,0.0,0.0,0.02127659574468085,0.02127659574468085,47.0
PLAIN-613,10,0.0,0.0,0.0,0.07839826897867534,0.07839826897867534,0.07839826897867534,0.07839826897867534,0.0,0.0,0.0,0.1,0.1,0.1,0.1,0.0,0.0,0.0,0.1,0.05,0.02,0.01,0.0,0.0,0.0,0.16666666666666666,0.16666666666666666,0.16666666666666666,0.16666666666666666,0.0,0.0,0.0,0.016666666666666666,0.016666666666666666,0.016666666666666666,0.016666666666666666,6.0
PLAIN-623,41,0.0,0.0,0.0,0.07839826897867534,0.08346065354219405,0.12062599450330928,0.1357008751795069,0.0,0.0,0.0,0.024390243902439025,0.04878048780487805,0.14634146341463414,0.17073170731707318,0.0,0.0,0.0,0.1,0.1,0.12,0.07,0.0,0.0,0.0,0.16666666666666666,0.16666666666666666,0.16666666666666666,0.16666666666666666,0.0,0.0,0.0,0.004065040650406504,0.006632434745400085,0.018663343502881367,0.021606993629037802,6.0
PLAIN-634,21,1.0,0.46927872602275644,0.48522855511632257,0.314880130667631,0.20321335501168916,0.19694048512492887,0.21784500686315192,0.047619047619047616,0.047619047619047616,0.09523809523809523,0.09523809523809523,0.09523809523809523,0.09523809523809523,0.14285714285714285,1.0,0.3333333333333333,0.4,0.2,0.1,0.04,0.03,1.0,1.0,1.0,1.0,1.0,1.0,1.0,0.047619047619047616,0.047619047619047616,0.07142857142857142,0.07142857142857142,0.07142857142857142,0.07142857142857142,0.07293233082706767,1.0
PLAIN-645,29,0.0,0.0,0.0,0.0,0.0,0.01987822788040838,0.01987822788040838,0.0,0.0,0.0,0.0,0.0,0.034482758620689655,0.034482758620689655,0.0,0.0,0.0,0.0,0.0,0.02,0.01,0.0,0.0,0.0,0.0,0.0,0.020833333333333332,0.020833333333333332,0.0,0.0,0.0,0.0,0.0,0.0007183908045977011,0.0007183908045977011,48.0
PLAIN-660,475,1.0,1.0,0.8687949224876582,0.6421867266689011,0.5204686754665963,0.3613822866220121,0.29237258175420444,0.002105263157894737,0.00631578947368421,0.008421052631578947,0.010526315789473684,0.016842105263157894,0.02736842105263158,0.04631578947368421,1.0,1.0,0.8,0.5,0.4,0.26,0.22,1.0,1.0,1.0,1.0,1.0,1.0,1.0,0.002105263157894737,0.00631578947368421,0.008421052631578947,0.010175438596491228,0.013032742283516278,0.016662777852369144,0.02141201854357121,1.0
PLAIN-671,1,1.0,1.0,1.0,1.0,1.0,1.0,1.0,1.0,1.0,1.0,1.0,1.0,1.0,1.0,1.0,0.3333333333333333,0.2,0.1,0.05,0.02,0.01,1.0,1.0,1.0,1.0,1.0,1.0,1.0,1.0,1.0,1.0,1.0,1.0,1.0,1.0,1.0
PLAIN-681,1,1.0,1.0,1.0,1.0,1.0,1.0,1.0,1.0,1.0,1.0,1.0,1.0,1.0,1.0,1.0,0.3333333333333333,0.2,0.1,0.05,0.02,0.01,1.0,1.0,1.0,1.0,1.0,1.0,1.0,1.0,1.0,1.0,1.0,1.0,1.0,1.0,1.0
PLAIN-691,21,0.0,0.0,0.0,0.0,0.0,0.025693729453872473,0.025693729453872473,0.0,0.0,0.0,0.0,0.0,0.047619047619047616,0.047619047619047616,0.0,0.0,0.0,0.0,0.0,0.02,0.01,0.0,0.0,0.0,0.0,0.0,0.025,0.025,0.0,0.0,0.0,0.0,0.0,0.0011904761904761906,0.0011904761904761906,40.0
PLAIN-701,8,1.0,0.46927872602275644,0.48522855511632257,0.3618791953854131,0.3618791953854131,0.406470827274524,0.4456294897856102,0.125,0.125,0.25,0.25,0.25,0.375,0.5,1.0,0.3333333333333333,0.4,0.2,0.1,0.06,0.04,1.0,1.0,1.0,1.0,1.0,1.0,1.0,0.125,0.125,0.1875,0.1875,0.1875,0.195,0.2007471264367816,1.0
PLAIN-711,57,1.0,1.0,0.8687949224876582,0.7791714369672128,0.5028518042712531,0.335735108361161,0.32993726663125716,0.017543859649122806,0.05263157894736842,0.07017543859649122,0.12280701754385964,0.12280701754385964,0.19298245614035087,0.22807017543859648,1.0,1.0,0.8,0.7,0.35,0.22,0.13,1.0,1.0,1.0,1.0,1.0,1.0,1.0,0.017543859649122806,0.05263157894736842,0.07017543859649122,0.11211361737677526,0.11211361737677526,0.13240496221459266,0.13865622254933757,1.0
PLAIN-721,25,1.0,1.0,1.0,1.0,0.6849884155157578,0.6155700748640235,0.6743263012148167,0.04,0.12,0.2,0.4,0.44,0.48,0.6,1.0,1.0,1.0,1.0,0.55,0.24,0.15,1.0,1.0,1.0,1.0,1.0,1.0,1.0,0.04,0.12,0.2,0.4,0.44,0.45116279069767445,0.4730183227625088,1.0
PLAIN-731,54,1.0,0.7039180890341347,0.6548086577531307,0.5695785062497355,0.4753133809291324,0.36381441323715974,0.3577253181976859,0.018518518518518517,0.037037037037037035,0.05555555555555555,0.09259259259259259,0.14814814814814814,0.2777777777777778,0.2962962962962963,1.0,0.6666666666666666,0.6,0.5,0.4,0.3,0.16,1.0,1.0,1.0,1.0,1.0,1.0,1.0,0.018518518518518517,0.030864197530864196,0.044753086419753084,0.06738683127572015,0.09390769603187904,0.13629826332499906,0.14149644396177619,1.0
PLAIN-741,19,1.0,0.7653606369886217,0.6843515475204855,0.5174612499126158,0.3451129581051341,0.3718410722414802,0.3718410722414802,0.05263157894736842,0.10526315789473684,0.15789473684210525,0.21052631578947367,0.21052631578947367,0.2631578947368421,0.2631578947368421,1.0,0.6666666666666666,0.6,0.4,0.2,0.1,0.05,1.0,1.0,1.0,1.0,1.0,1.0,1.0,0.05263157894736842,0.10526315789473684,0.1368421052631579,0.16691729323308271,0.16691729323308271,0.17289815447710186,0.17289815447710186,1.0
PLAIN-751,7,0.0,0.0,0.0,0.0,0.0,0.0,0.0,0.0,0.0,0.0,0.0,0.0,0.0,0.0,0.0,0.0,0.0,0.0,0.0,0.0,0.0,0.0,0.0,0.0,0.0,0.0,0.0,0.0,0.0,0.0,0.0,0.0,0.0,0.0,0.0,
PLAIN-761,6,0.0,0.0,0.0,0.0,0.08440880858250024,0.08440880858250024,0.08440880858250024,0.0,0.0,0.0,0.0,0.16666666666666666,0.16666666666666666,0.16666666666666666,0.0,0.0,0.0,0.0,0.05,0.02,0.01,0.0,0.0,0.0,0.0,0.09090909090909091,0.09090909090909091,0.09090909090909091,0.0,0.0,0.0,0.0,0.015151515151515152,0.015151515151515152,0.015151515151515152,11.0
PLAIN-771,3,1.0,0.7653606369886217,0.9674679834891693,0.9674679834891693,0.9674679834891693,0.9674679834891693,0.9674679834891693,0.3333333333333333,0.6666666666666666,1.0,1.0,1.0,1.0,1.0,1.0,0.6666666666666666,0.6,0.3,0.15,0.06,0.03,1.0,1.0,1.0,1.0,1.0,1.0,1.0,0.3333333333333333,0.6666666666666666,0.9166666666666666,0.9166666666666666,0.9166666666666666,0.9166666666666666,0.9166666666666666,1.0
PLAIN-782,2,0.0,0.0,0.0,0.0,0.0,0.0,0.0,0.0,0.0,0.0,0.0,0.0,0.0,0.0,0.0,0.0,0.0,0.0,0.0,0.0,0.0,0.0,0.0,0.0,0.0,0.0,0.0,0.0,0.0,0.0,0.0,0.0,0.0,0.0,0.0,
PLAIN-792,6,0.0,0.0,0.0,0.09109240322345806,0.09109240322345806,0.09109240322345806,0.09109240322345806,0.0,0.0,0.0,0.16666666666666666,0.16666666666666666,0.16666666666666666,0.16666666666666666,0.0,0.0,0.0,0.1,0.05,0.02,0.01,0.0,0.0,0.0,0.1111111111111111,0.1111111111111111,0.1111111111111111,0.1111111111111111,0.0,0.0,0.0,0.018518518518518517,0.018518518518518517,0.018518518518518517,0.018518518518518517,9.0
PLAIN-806,96,1.0,1.0,1.0,0.8006937664098821,0.6933938124229883,0.48894013697003835,0.3333306390558023,0.010416666666666666,0.03125,0.052083333333333336,0.07291666666666667,0.125,0.19791666666666666,0.22916666666666666,1.0,1.0,1.0,0.7,0.6,0.38,0.22,1.0,1.0,1.0,1.0,1.0,1.0,1.0,0.010416666666666666,0.03125,0.052083333333333336,0.07291666666666667,0.1064921802054155,0.14588419614878254,0.15408223494755943,1.0
PLAIN-817,1,0.0,0.0,0.0,0.0,0.0,0.0,0.0,0.0,0.0,0.0,0.0,0.0,0.0,0.0,0.0,0.0,0.0,0.0,0.0,0.0,0.0,0.0,0.0,0.0,0.0,0.0,0.0,0.0,0.0,0.0,0.0,0.0,0.0,0.0,0.0,
PLAIN-827,244,1.0,0.46927872602275644,0.3391602052736161,0.2863459897524693,0.22441941920450448,0.25928316695942816,0.23643189438793716,0.004098360655737705,0.004098360655737705,0.004098360655737705,0.00819672131147541,0.012295081967213115,0.04918032786885246,0.09016393442622951,1.0,0.3333333333333333,0.2,0.2,0.15,0.24,0.22,1.0,1.0,1.0,1.0,1.0,1.0,1.0,0.004098360655737705,0.004098360655737705,0.004098360655737705,0.005009107468123862,0.006126842192415963,0.01433398364777987,0.023877188430861472,1.0
PLAIN-838,9,1.0,1.0,1.0,0.7767471075223498,0.7767471075223498,0.7767471075223498,0.7767471075223498,0.1111111111111111,0.3333333333333333,0.5555555555555556,0.6666666666666666,0.6666666666666666,0.6666666666666666,0.6666666666666666,1.0,1.0,1.0,0.6,0.3,0.12,0.06,1.0,1.0,1.0,1.0,1.0,1.0,1.0,0.1111111111111111,0.3333333333333333,0.5555555555555556,0.6666666666666666,0.6666666666666666,0.6666666666666666,0.6666666666666666,1.0
PLAIN-850,57,0.0,0.0,0.0,0.0,0.0,0.013737594368807445,0.04636394794576578,0.0,0.0,0.0,0.0,0.0,0.017543859649122806,0.07017543859649122,0.0,0.0,0.0,0.0,0.0,0.02,0.04,0.0,0.0,0.0,0.0,0.0,0.02040816326530612,0.02040816326530612,0.0,0.0,0.0,0.0,0.0,0.0003580379520229144,0.0023821071418172373,49.0
PLAIN-872,1,0.0,0.0,0.0,0.0,0.0,0.21533827903669653,0.21533827903669653,0.0,0.0,0.0,0.0,0.0,1.0,1.0,0.0,0.0,0.0,0.0,0.0,0.02,0.01,0.0,0.0,0.0,0.0,0.0,0.041666666666666664,0.041666666666666664,0.0,0.0,0.0,0.0,0.0,0.041666666666666664,0.041666666666666664,24.0
PLAIN-882,15,0.0,0.0,0.0,0.0,0.04265230456965119,0.07591411089131146,0.07591411089131146,0.0,0.0,0.0,0.0,0.06666666666666667,0.13333333333333333,0.13333333333333333,0.0,0.0,0.0,0.0,0.05,0.04,0.02,0.0,0.0,0.0,0.0,0.06666666666666667,0.06666666666666667,0.06666666666666667,0.0,0.0,0.0,0.0,0.0044444444444444444,0.008366013071895424,0.008366013071895424,15.0
PLAIN-892,92,1.0,0.46927872602275644,0.3391602052736161,0.2200917662980802,0.17679021233252587,0.14147996866638213,0.13295561637271733,0.010869565217391304,0.010869565217391304,0.010869565217391304,0.010869565217391304,0.021739130434782608,0.05434782608695652,0.10869565217391304,1.0,0.3333333333333333,0.2,0.1,0.1,0.1,0.1,1.0,1.0,1.0,1.0,1.0,1.0,1.0,0.010869565217391304,0.010869565217391304,0.010869565217391304,0.010869565217391304,0.012228260869565218,0.015855387523629492,0.021478672202587045,1.0
PLAIN-902,4,1.0,0.7039180890341347,0.5855700749881525,0.5855700749881525,0.5855700749881525,0.5855700749881525,0.5855700749881525,0.25,0.5,0.5,0.5,0.5,0.5,0.5,1.0,0.6666666666666666,0.4,0.2,0.1,0.04,0.02,1.0,1.0,1.0,1.0,1.0,1.0,1.0,0.25,0.41666666666666663,0.41666666666666663,0.41666666666666663,0.41666666666666663,0.41666666666666663,0.41666666666666663,1.0
PLAIN-913,34,1.0,1.0,1.0,0.718362797268624,0.5009146440719635,0.37576034970098665,0.37576034970098665,0.029411764705882353,0.08823529411764706,0.14705882352941177,0.17647058823529413,0.20588235294117646,0.23529411764705882,0.23529411764705882,1.0,1.0,1.0,0.6,0.35,0.16,0.08,1.0,1.0,1.0,1.0,1.0,1.0,1.0,0.029411764705882353,0.08823529411764706,0.14705882352941177,0.16911764705882354,0.18495475113122173,0.19436651583710407,0.19436651583710407,1.0
PLAIN-924,32,1.0,0.7039180890341347,0.5087403079104241,0.3301376494471203,0.21306005945048592,0.19567419121546706,0.21222048350603298,0.03125,0.0625,0.0625,0.0625,0.0625,0.125,0.15625,1.0,0.6666666666666666,0.4,0.2,0.1,0.08,0.05,1.0,1.0,1.0,1.0,1.0,1.0,1.0,0.03125,0.05208333333333333,0.05208333333333333,0.05208333333333333,0.05208333333333333,0.05731292517006802,0.05929077327133385,1.0
PLAIN-934,101,1.0,1.0,0.8539316501572937,0.6898286563534622,0.6228483614093011,0.5708118068606396,0.36654374330630696,0.009900990099009901,0.0297029702970297,0.039603960396039604,0.0594059405940594,0.10891089108910891,0.25742574257425743,0.27722772277227725,1.0,1.0,0.8,0.6,0.55,0.52,0.28,1.0,1.0,1.0,1.0,1.0,1.0,1.0,0.009900990099009901,0.0297029702970297,0.03762376237623762,0.05041254125412541,0.07949645086136212,0.16430141264531498,0.17085349642512151,1.0
PLAIN-946,31,0.0,0.0,0.0,0.0,0.0,0.0,0.016622340895944877,0.0,0.0,0.0,0.0,0.0,0.0,0.03225806451612903,0.0,0.0,0.0,0.0,0.0,0.0,0.01,0.0,0.0,0.0,0.0,0.0,0.0,0.011764705882352941,0.0,0.0,0.0,0.0,0.0,0.0,0.0003795066413662239,85.0
PLAIN-956,206,1.0,0.7653606369886217,0.830419897363192,0.6867151830982592,0.728868707110237,0.5345040938026562,0.39044603000510336,0.0048543689320388345,0.009708737864077669,0.019417475728155338,0.02912621359223301,0.06796116504854369,0.11165048543689321,0.15048543689320387,1.0,0.6666666666666666,0.8,0.6,0.7,0.46,0.31,1.0,1.0,1.0,1.0,1.0,1.0,1.0,0.0048543689320388345,0.009708737864077669,0.017233009708737864,0.024919093851132685,0.05155606758356314,0.0758965680174587,0.09011766805634443,1.0
PLAIN-966,3,0.0,0.0,0.0,0.0,0.0,0.0,0.0,0.0,0.0,0.0,0.0,0.0,0.0,0.0,0.0,0.0,0.0,0.0,0.0,0.0,0.0,0.0,0.0,0.0,0.0,0.0,0.0,0.0,0.0,0.0,0.0,0.0,0.0,0.0,0.0,
PLAIN-977,3,0.0,0.0,0.0,0.0,0.0,0.0,0.07159544811153871,0.0,0.0,0.0,0.0,0.0,0.0,0.3333333333333333,0.0,0.0,0.0,0.0,0.0,0.0,0.01,0.0,0.0,0.0,0.0,0.0,0.0,0.010752688172043012,0.0,0.0,0.0,0.0,0.0,0.0,0.003584229390681004,93.0
PLAIN-987,3,0.0,0.0,0.0,0.0,0.0,0.0,0.0,0.0,0.0,0.0,0.0,0.0,0.0,0.0,0.0,0.0,0.0,0.0,0.0,0.0,0.0,0.0,0.0,0.0,0.0,0.0,0.0,0.0,0.0,0.0,0.0,0.0,0.0,0.0,0.0,
PLAIN-997,2,0.0,0.0,0.0,0.0,0.0,0.0,0.0,0.0,0.0,0.0,0.0,0.0,0.0,0.0,0.0,0.0,0.0,0.0,0.0,0.0,0.0,0.0,0.0,0.0,0.0,0.0,0.0,0.0,0.0,0.0,0.0,0.0,0.0,0.0,0.0,
PLAIN-1008,5,0.0,0.0,0.0,0.0,0.0,0.0,0.0,0.0,0.0,0.0,0.0,0.0,0.0,0.0,0.0,0.0,0.0,0.0,0.0,0.0,0.0,0.0,0.0,0.0,0.0,0.0,0.0,0.0,0.0,0.0,0.0,0.0,0.0,0.0,0.0,
PLAIN-1018,60,0.0,0.0,0.0,0.0,0.0,0.02855173074059695,0.04719536890398001,0.0,0.0,0.0,0.0,0.0,0.03333333333333333,0.06666666666666667,0.0,0.0,0.0,0.0,0.0,0.04,0.04,0.0,0.0,0.0,0.0,0.0,0.02631578947368421,0.02631578947368421,0.0,0.0,0.0,0.0,0.0,0.0011478163493840985,0.0027336487571343144,38.0
PLAIN-1028,1,0.0,0.0,0.0,0.0,0.0,0.0,0.0,0.0,0.0,0.0,0.0,0.0,0.0,0.0,0.0,0.0,0.0,0.0,0.0,0.0,0.0,0.0,0.0,0.0,0.0,0.0,0.0,0.0,0.0,0.0,0.0,0.0,0.0,0.0,0.0,
PLAIN-1039,2,1.0,1.0,1.0,1.0,1.0,1.0,1.0,0.5,1.0,1.0,1.0,1.0,1.0,1.0,1.0,0.6666666666666666,0.4,0.2,0.1,0.04,0.02,1.0,1.0,1.0,1.0,1.0,1.0,1.0,0.5,1.0,1.0,1.0,1.0,1.0,1.0,1.0
PLAIN-1050,94,0.0,0.23463936301137822,0.16958010263680806,0.1100458831490401,0.07102001981682865,0.05364964028959695,0.04289310493771866,0.0,0.010638297872340425,0.010638297872340425,0.010638297872340425,0.010638297872340425,0.02127659574468085,0.031914893617021274,0.0,0.3333333333333333,0.2,0.1,0.05,0.04,0.03,0.0,0.3333333333333333,0.3333333333333333,0.3333333333333333,0.3333333333333333,0.3333333333333333,0.3333333333333333,0.0,0.0035460992907801418,0.0035460992907801418,0.0035460992907801418,0.0035460992907801418,0.004137115839243499,0.004651872187905132,3.0
PLAIN-1066,9,0.0,0.0,0.0,0.0,0.0,0.0,0.0,0.0,0.0,0.0,0.0,0.0,0.0,0.0,0.0,0.0,0.0,0.0,0.0,0.0,0.0,0.0,0.0,0.0,0.0,0.0,0.0,0.0,0.0,0.0,0.0,0.0,0.0,0.0,0.0,
PLAIN-1088,5,0.0,0.2960819109658652,0.21398626473452756,0.21398626473452756,0.21398626473452756,0.28010860661996756,0.28010860661996756,0.0,0.2,0.2,0.2,0.2,0.4,0.4,0.0,0.3333333333333333,0.2,0.1,0.05,0.04,0.02,0.0,0.5,0.5,0.5,0.5,0.5,0.5,0.0,0.1,0.1,0.1,0.1,0.11176470588235295,0.11176470588235295,2.0
PLAIN-1098,5,0.0,0.0,0.0,0.0,0.0,0.0,0.0,0.0,0.0,0.0,0.0,0.0,0.0,0.0,0.0,0.0,0.0,0.0,0.0,0.0,0.0,0.0,0.0,0.0,0.0,0.0,0.0,0.0,0.0,0.0,0.0,0.0,0.0,0.0,0.0,
PLAIN-1109,98,1.0,0.7039180890341347,0.5087403079104241,0.39639187290150935,0.2558183719655175,0.17083447644379718,0.11469556343271206,0.01020408163265306,0.02040816326530612,0.02040816326530612,0.030612244897959183,0.030612244897959183,0.05102040816326531,0.061224489795918366,1.0,0.6666666666666666,0.4,0.3,0.15,0.1,0.06,1.0,1.0,1.0,1.0,1.0,1.0,1.0,0.01020408163265306,0.017006802721088433,0.017006802721088433,0.02040816326530612,0.02040816326530612,0.023414723032069967,0.024315083176127593,1.0
PLAIN-1119,11,0.0,0.0,0.0,0.0,0.0,0.0,0.0,0.0,0.0,0.0,0.0,0.0,0.0,0.0,0.0,0.0,0.0,0.0,0.0,0.0,0.0,0.0,0.0,0.0,0.0,0.0,0.0,0.0,0.0,0.0,0.0,0.0,0.0,0.0,0.0,
PLAIN-1130,1,1.0,1.0,1.0,1.0,1.0,1.0,1.0,1.0,1.0,1.0,1.0,1.0,1.0,1.0,1.0,0.3333333333333333,0.2,0.1,0.05,0.02,0.01,1.0,1.0,1.0,1.0,1.0,1.0,1.0,1.0,1.0,1.0,1.0,1.0,1.0,1.0,1.0
PLAIN-1141,16,1.0,0.7653606369886217,0.5531464700081437,0.35895421017163476,0.2671028731585959,0.2985406009511756,0.3238309219013295,0.0625,0.125,0.125,0.125,0.125,0.1875,0.25,1.0,0.6666666666666666,0.4,0.2,0.1,0.06,0.04,1.0,1.0,1.0,1.0,1.0,1.0,1.0,0.0625,0.125,0.125,0.125,0.125,0.13020833333333334,0.13304924242424243,1.0
PLAIN-1151,153,1.0,0.46927872602275644,0.6164336326286644,0.6082965289412682,0.5046433954373937,0.35414921284709794,0.3102736055921634,0.006535947712418301,0.006535947712418301,0.0196078431372549,0.0392156862745098,0.058823529411764705,0.0915032679738562,0.16993464052287582,1.0,0.3333333333333333,0.6,0.6,0.45,0.28,0.26,1.0,1.0,1.0,1.0,1.0,1.0,1.0,0.006535947712418301,0.006535947712418301,0.013725490196078431,0.025635439360929557,0.03761218490168894,0.05081574735709606,0.072149966439974,1.0
PLAIN-1161,1,0.0,0.0,0.0,0.0,0.0,0.0,0.0,0.0,0.0,0.0,0.0,0.0,0.0,0.0,0.0,0.0,0.0,0.0,0.0,0.0,0.0,0.0,0.0,0.0,0.0,0.0,0.0,0.0,0.0,0.0,0.0,0.0,0.0,0.0,0.0,
PLAIN-1172,19,1.0,0.46927872602275644,0.3391602052736161,0.2200917662980802,0.14678687637874557,0.14678687637874557,0.14678687637874557,0.05263157894736842,0.05263157894736842,0.05263157894736842,0.05263157894736842,0.05263157894736842,0.05263157894736842,0.05263157894736842,1.0,0.3333333333333333,0.2,0.1,0.05,0.02,0.01,1.0,1.0,1.0,1.0,1.0,1.0,1.0,0.05263157894736842,0.05263157894736842,0.05263157894736842,0.05263157894736842,0.05263157894736842,0.05263157894736842,0.05263157894736842,1.0
PLAIN-1183,25,0.0,0.0,0.0,0.07839826897867534,0.08695197096315588,0.09965917845165219,0.09965917845165219,0.0,0.0,0.0,0.04,0.08,0.12,0.12,0.0,0.0,0.0,0.1,0.1,0.06,0.03,0.0,0.0,0.0,0.16666666666666666,0.16666666666666666,0.16666666666666666,0.16666666666666666,0.0,0.0,0.0,0.006666666666666666,0.012380952380952381,0.01613095238095238,0.01613095238095238,6.0
PLAIN-1193,18,0.0,0.0,0.0,0.06943122193677728,0.088996119006323,0.18424457235000935,0.18424457235000935,0.0,0.0,0.0,0.05555555555555555,0.1111111111111111,0.2777777777777778,0.2777777777777778,0.0,0.0,0.0,0.1,0.1,0.1,0.05,0.0,0.0,0.0,0.125,0.125,0.125,0.125,0.0,0.0,0.0,0.006944444444444444,0.016203703703703703,0.0409959229786816,0.0409959229786816,8.0
PLAIN-1203,12,1.0,0.46927872602275644,0.3391602052736161,0.29849003527675555,0.26630204377669175,0.26630204377669175,0.3315883815288748,0.08333333333333333,0.08333333333333333,0.08333333333333333,0.16666666666666666,0.16666666666666666,0.16666666666666666,0.3333333333333333,1.0,0.3333333333333333,0.2,0.2,0.1,0.04,0.04,1.0,1.0,1.0,1.0,1.0,1.0,1.0,0.08333333333333333,0.08333333333333333,0.08333333333333333,0.1111111111111111,0.1111111111111111,0.1111111111111111,0.12014160687105892,1.0
PLAIN-1214,17,0.0,0.0,0.0,0.0,0.0,0.02941348411446043,0.07900630333237108,0.0,0.0,0.0,0.0,0.0,0.058823529411764705,0.17647058823529413,0.0,0.0,0.0,0.0,0.0,0.02,0.03,0.0,0.0,0.0,0.0,0.0,0.025,0.025,0.0,0.0,0.0,0.0,0.0,0.0014705882352941176,0.005042976094547408,40.0
PLAIN-1225,27,1.0,0.7653606369886217,0.5531464700081437,0.6366587127404282,0.47837920895590613,0.3939043904286615,0.3939043904286615,0.037037037037037035,0.07407407407407407,0.07407407407407407,0.2222222222222222,0.2962962962962963,0.2962962962962963,0.2962962962962963,1.0,0.6666666666666666,0.4,0.6,0.4,0.16,0.08,1.0,1.0,1.0,1.0,1.0,1.0,1.0,0.037037037037037035,0.07407407407407407,0.07407407407407407,0.15390946502057612,0.18562091503267975,0.18562091503267975,0.18562091503267975,1.0
PLAIN-1236,5,0.0,0.0,0.0,0.0,0.0,0.06666588353700116,0.06666588353700116,0.0,0.0,0.0,0.0,0.0,0.2,0.2,0.0,0.0,0.0,0.0,0.0,0.02,0.01,0.0,0.0,0.0,0.0,0.0,0.030303030303030304,0.030303030303030304,0.0,0.0,0.0,0.0,0.0,0.006060606060606061,0.006060606060606061,33.0
PLAIN-1249,4,0.0,0.0,0.0,0.0,0.0,0.0,0.0,0.0,0.0,0.0,0.0,0.0,0.0,0.0,0.0,0.0,0.0,0.0,0.0,0.0,0.0,0.0,0.0,0.0,0.0,0.0,0.0,0.0,0.0,0.0,0.0,0.0,0.0,0.0,0.0,
PLAIN-1262,10,0.0,0.2960819109658652,0.21398626473452756,0.13886244387355456,0.13886244387355456,0.13886244387355456,0.17441947205819563,0.0,0.1,0.1,0.1,0.1,0.1,0.2,0.0,0.3333333333333333,0.2,0.1,0.05,0.02,0.02,0.0,0.5,0.5,0.5,0.5,0.5,0.5,0.0,0.05,0.05,0.05,0.05,0.05,0.05277777777777778,2.0
PLAIN-1275,55,1.0,0.7653606369886217,0.5531464700081437,0.35895421017163476,0.23165732683700074,0.12645088801811785,0.16687689035548914,0.01818181818181818,0.03636363636363636,0.03636363636363636,0.03636363636363636,0.03636363636363636,0.03636363636363636,0.10909090909090909,1.0,0.6666666666666666,0.4,0.2,0.1,0.04,0.06,1.0,1.0,1.0,1.0,1.0,1.0,1.0,0.01818181818181818,0.03636363636363636,0.03636363636363636,0.03636363636363636,0.03636363636363636,0.03636363636363636,0.04137525867954552,1.0
PLAIN-1288,196,1.0,0.46927872602275644,0.3391602052736161,0.36288691033421755,0.376277675270594,0.31538555750287295,0.24144566032753062,0.00510204081632653,0.00510204081632653,0.00510204081632653,0.015306122448979591,0.03571428571428571,0.07142857142857142,0.10204081632653061,1.0,0.3333333333333333,0.2,0.3,0.35,0.28,0.2,1.0,1.0,1.0,1.0,1.0,1.0,1.0,0.00510204081632653,0.00510204081632653,0.00510204081632653,0.008473032069970845,0.015771784904437963,0.02867800169357634,0.03668155260965176,1.0
PLAIN-1299,61,0.0,0.0,0.0,0.06362078819895173,0.04105877938688905,0.022412065205540694,0.04096895289900716,0.0,0.0,0.0,0.01639344262295082,0.01639344262295082,0.01639344262295082,0.04918032786885246,0.0,0.0,0.0,0.1,0.05,0.02,0.03,0.0,0.0,0.0,0.1,0.1,0.1,0.1,0.0,0.0,0.0,0.001639344262295082,0.001639344262295082,0.001639344262295082,0.002660316290819146,10.0
PLAIN-1309,4,0.0,0.0,0.0,0.0,0.0,0.0,0.0,0.0,0.0,0.0,0.0,0.0,0.0,0.0,0.0,0.0,0.0,0.0,0.0,0.0,0.0,0.0,0.0,0.0,0.0,0.0,0.0,0.0,0.0,0.0,0.0,0.0,0.0,0.0,0.0,
PLAIN-1320,6,0.0,0.0,0.0,0.0,0.0,0.053894577262255466,0.053894577262255466,0.0,0.0,0.0,0.0,0.0,0.16666666666666666,0.16666666666666666,0.0,0.0,0.0,0.0,0.0,0.02,0.01,0.0,0.0,0.0,0.0,0.0,0.020833333333333332,0.020833333333333332,0.0,0.0,0.0,0.0,0.0,0.003472222222222222,0.003472222222222222,48.0
PLAIN-1331,1,0.0,0.0,0.0,0.0,0.0,0.0,0.0,0.0,0.0,0.0,0.0,0.0,0.0,0.0,0.0,0.0,0.0,0.0,0.0,0.0,0.0,0.0,0.0,0.0,0.0,0.0,0.0,0.0,0.0,0.0,0.0,0.0,0.0,0.0,0.0,
PLAIN-1342,16,1.0,1.0,0.7227265726449519,0.5473983622993503,0.4073268154803228,0.4425934926046904,0.4425934926046904,0.0625,0.1875,0.1875,0.25,0.25,0.3125,0.3125,1.0,1.0,0.6,0.4,0.2,0.1,0.05,1.0,1.0,1.0,1.0,1.0,1.0,1.0,0.0625,0.1875,0.1875,0.22916666666666666,0.22916666666666666,0.2421875,0.2421875,1.0
PLAIN-1353,4,0.0,0.0,0.0,0.0,0.0,0.0,0.0,0.0,0.0,0.0,0.0,0.0,0.0,0.0,0.0,0.0,0.0,0.0,0.0,0.0,0.0,0.0,0.0,0.0,0.0,0.0,0.0,0.0,0.0,0.0,0.0,0.0,0.0,0.0,0.0,
PLAIN-1363,11,1.0,0.46927872602275644,0.3391602052736161,0.2200917662980802,0.20736122891466585,0.20736122891466585,0.23864046773047956,0.09090909090909091,0.09090909090909091,0.09090909090909091,0.09090909090909091,0.09090909090909091,0.09090909090909091,0.18181818181818182,1.0,0.3333333333333333,0.2,0.1,0.05,0.02,0.02,1.0,1.0,1.0,1.0,1.0,1.0,1.0,0.09090909090909091,0.09090909090909091,0.09090909090909091,0.09090909090909091,0.09090909090909091,0.09090909090909091,0.0927643784786642,1.0
PLAIN-1374,26,0.0,0.0,0.0,0.0,0.07474092615392172,0.08421017233373188,0.08421017233373188,0.0,0.0,0.0,0.0,0.07692307692307693,0.11538461538461539,0.11538461538461539,0.0,0.0,0.0,0.0,0.1,0.06,0.03,0.0,0.0,0.0,0.0,0.08333333333333333,0.08333333333333333,0.08333333333333333,0.0,0.0,0.0,0.0,0.008699633699633698,0.011007326007326006,0.011007326007326006,12.0
PLAIN-1387,12,1.0,1.0,0.8687949224876582,0.5637884576902257,0.5029917276850139,0.543837044700893,0.6035459630529653,0.08333333333333333,0.25,0.3333333333333333,0.3333333333333333,0.3333333333333333,0.4166666666666667,0.5833333333333334,1.0,1.0,0.8,0.4,0.2,0.1,0.07,1.0,1.0,1.0,1.0,1.0,1.0,1.0,0.08333333333333333,0.25,0.3333333333333333,0.3333333333333333,0.3333333333333333,0.3487654320987654,0.3602181650736758,1.0
PLAIN-1398,103,1.0,1.0,1.0,1.0,0.8214241712000427,0.5252102063244981,0.3393358779594061,0.009708737864077669,0.02912621359223301,0.04854368932038835,0.0970873786407767,0.14563106796116504,0.1941747572815534,0.21359223300970873,1.0,1.0,1.0,1.0,0.75,0.4,0.22,1.0,1.0,1.0,1.0,1.0,1.0,1.0,0.009708737864077669,0.02912621359223301,0.04854368932038835,0.0970873786407767,0.1375893294571343,0.16476565847495764,0.17121503434180924,1.0
PLAIN-1409,253,0.0,0.2960819109658652,0.21398626473452756,0.29062463495159,0.2596165731211595,0.19942683511153866,0.18326454303919834,0.0,0.003952569169960474,0.003952569169960474,0.011857707509881422,0.019762845849802372,0.03557312252964427,0.06719367588932806,0.0,0.3333333333333333,0.2,0.3,0.25,0.18,0.17,0.0,0.5,0.5,0.5,0.5,0.5,0.5,0.0,0.001976284584980237,0.001976284584980237,0.004987765857331075,0.00743911885216233,0.010322447679211129,0.01561718249744259,2.0
PLAIN-1419,65,0.0,0.2960819109658652,0.21398626473452756,0.2122263659729146,0.1369639670812292,0.10765511607488389,0.13038849045151402,0.0,0.015384615384615385,0.015384615384615385,0.03076923076923077,0.03076923076923077,0.06153846153846154,0.12307692307692308,0.0,0.3333333333333333,0.2,0.2,0.1,0.08,0.08,0.0,0.5,0.5,0.5,0.5,0.5,0.5,0.0,0.007692307692307693,0.007692307692307693,0.012087912087912088,0.012087912087912088,0.016270825948245304,0.020995800778483294,2.0
PLAIN-1429,6,0.0,0.0,0.0,0.0,0.0,0.0,0.0,0.0,0.0,0.0,0.0,0.0,0.0,0.0,0.0,0.0,0.0,0.0,0.0,0.0,0.0,0.0,0.0,0.0,0.0,0.0,0.0,0.0,0.0,0.0,0.0,0.0,0.0,0.0,0.0,
PLAIN-1441,186,1.0,0.7653606369886217,0.6843515475204855,0.6523706084452718,0.46063975684133984,0.3301981641996479,0.27257215874478746,0.005376344086021506,0.010752688172043012,0.016129032258064516,0.03225806451612903,0.03763440860215054,0.06451612903225806,0.11290322580645161,1.0,0.6666666666666666,0.6,0.6,0.35,0.24,0.21,1.0,1.0,1.0,1.0,1.0,1.0,1.0,0.005376344086021506,0.010752688172043012,0.013978494623655914,0.023775388291517322,0.0271966981644401,0.036215092420448104,0.04726516909348989,1.0
PLAIN-1453,245,1.0,0.46927872602275644,0.3391602052736161,0.3647442587311446,0.3800329249482613,0.3270513643647455,0.2700792394143978,0.004081632653061225,0.004081632653061225,0.004081632653061225,0.012244897959183673,0.02857142857142857,0.061224489795918366,0.09795918367346938,1.0,0.3333333333333333,0.2,0.3,0.35,0.3,0.24,1.0,1.0,1.0,1.0,1.0,1.0,1.0,0.004081632653061225,0.004081632653061225,0.004081632653061225,0.006802721088435374,0.01295307866736438,0.023270486193365848,0.03282681541473329,1.0
PLAIN-1463,24,1.0,0.7653606369886217,0.5531464700081437,0.4373524791503101,0.31631598206760025,0.3077728654497006,0.3278635859910854,0.041666666666666664,0.08333333333333333,0.08333333333333333,0.125,0.16666666666666666,0.20833333333333334,0.25,1.0,0.6666666666666666,0.4,0.3,0.2,0.1,0.06,1.0,1.0,1.0,1.0,1.0,1.0,1.0,0.041666666666666664,0.08333333333333333,0.08333333333333333,0.10416666666666667,0.11397058823529412,0.12198340874811464,0.1252301619948679,1.0
PLAIN-1473,1,0.0,0.0,0.0,0.0,0.0,0.21533827903669653,0.21533827903669653,0.0,0.0,0.0,0.0,0.0,1.0,1.0,0.0,0.0,0.0,0.0,0.0,0.02,0.01,0.0,0.0,0.0,0.0,0.0,0.041666666666666664,0.041666666666666664,0.0,0.0,0.0,0.0,0.0,0.041666666666666664,0.041666666666666664,24.0
PLAIN-1485,54,0.0,0.0,0.0,0.0,0.0,0.0,0.0,0.0,0.0,0.0,0.0,0.0,0.0,0.0,0.0,0.0,0.0,0.0,0.0,0.0,0.0,0.0,0.0,0.0,0.0,0.0,0.0,0.0,0.0,0.0,0.0,0.0,0.0,0.0,0.0,
PLAIN-1496,1,0.0,0.0,0.0,0.0,0.0,0.0,0.0,0.0,0.0,0.0,0.0,0.0,0.0,0.0,0.0,0.0,0.0,0.0,0.0,0.0,0.0,0.0,0.0,0.0,0.0,0.0,0.0,0.0,0.0,0.0,0.0,0.0,0.0,0.0,0.0,
PLAIN-1506,15,1.0,0.46927872602275644,0.3391602052736161,0.2200917662980802,0.17060921827860476,0.17060921827860476,0.17060921827860476,0.06666666666666667,0.06666666666666667,0.06666666666666667,0.06666666666666667,0.06666666666666667,0.06666666666666667,0.06666666666666667,1.0,0.3333333333333333,0.2,0.1,0.05,0.02,0.01,1.0,1.0,1.0,1.0,1.0,1.0,1.0,0.06666666666666667,0.06666666666666667,0.06666666666666667,0.06666666666666667,0.06666666666666667,0.06666666666666667,0.06666666666666667,1.0
PLAIN-1516,2,0.0,0.0,0.0,0.0,0.0,0.0,0.0,0.0,0.0,0.0,0.0,0.0,0.0,0.0,0.0,0.0,0.0,0.0,0.0,0.0,0.0,0.0,0.0,0.0,0.0,0.0,0.0,0.0,0.0,0.0,0.0,0.0,0.0,0.0,0.0,
PLAIN-1527,202,1.0,1.0,0.8539316501572937,0.6203974344166849,0.5795627010026716,0.361911152662387,0.23851715925666128,0.0049504950495049506,0.01485148514851485,0.019801980198019802,0.024752475247524754,0.04950495049504951,0.06435643564356436,0.07425742574257425,1.0,1.0,0.8,0.5,0.5,0.26,0.15,1.0,1.0,1.0,1.0,1.0,1.0,1.0,0.0049504950495049506,0.01485148514851485,0.01881188118811881,0.02156215621562156,0.034774450295708303,0.040128766215105124,0.04221100208846205,1.0
PLAIN-1537,45,0.0,0.2960819109658652,0.21398626473452756,0.28351493630661895,0.2153095738413119,0.15743275744499174,0.19951296554492537,0.0,0.022222222222222223,0.022222222222222223,0.06666666666666667,0.08888888888888889,0.13333333333333333,0.2,0.0,0.3333333333333333,0.2,0.3,0.2,0.12,0.09,0.0,0.5,0.5,0.5,0.5,0.5,0.5,0.0,0.011111111111111112,0.011111111111111112,0.02592592592592592,0.030370370370370367,0.0365079365079365,0.045284216831386635,2.0
PLAIN-1547,6,0.0,0.0,0.0,0.0,0.0,0.0,0.0,0.0,0.0,0.0,0.0,0.0,0.0,0.0,0.0,0.0,0.0,0.0,0.0,0.0,0.0,0.0,0.0,0.0,0.0,0.0,0.0,0.0,0.0,0.0,0.0,0.0,0.0,0.0,0.0,
PLAIN-1557,26,0.0,0.0,0.0,0.07336392209936006,0.04734667987788576,0.08400684209117878,0.10356447137817887,0.0,0.0,0.0,0.038461538461538464,0.038461538461538464,0.11538461538461539,0.15384615384615385,0.0,0.0,0.0,0.1,0.05,0.06,0.04,0.0,0.0,0.0,0.14285714285714285,0.14285714285714285,0.14285714285714285,0.14285714285714285,0.0,0.0,0.0,0.005494505494505494,0.005494505494505494,0.010009370474486754,0.0122390248780542,7.0
PLAIN-1568,2,1.0,0.6131471927654584,0.6131471927654584,0.6131471927654584,0.6131471927654584,0.6131471927654584,0.6131471927654584,0.5,0.5,0.5,0.5,0.5,0.5,0.5,1.0,0.3333333333333333,0.2,0.1,0.05,0.02,0.01,1.0,1.0,1.0,1.0,1.0,1.0,1.0,0.5,0.5,0.5,0.5,0.5,0.5,0.5,1.0
PLAIN-1579,5,0.0,0.0,0.0,0.0,0.0,0.0,0.0,0.0,0.0,0.0,0.0,0.0,0.0,0.0,0.0,0.0,0.0,0.0,0.0,0.0,0.0,0.0,0.0,0.0,0.0,0.0,0.0,0.0,0.0,0.0,0.0,0.0,0.0,0.0,0.0,
PLAIN-1590,18,0.0,0.2960819109658652,0.21398626473452756,0.13886244387355456,0.09586820699422144,0.09586820699422144,0.09586820699422144,0.0,0.05555555555555555,0.05555555555555555,0.05555555555555555,0.05555555555555555,0.05555555555555555,0.05555555555555555,0.0,0.3333333333333333,0.2,0.1,0.05,0.02,0.01,0.0,0.5,0.5,0.5,0.5,0.5,0.5,0.0,0.027777777777777776,0.027777777777777776,0.027777777777777776,0.027777777777777776,0.027777777777777776,0.027777777777777776,2.0
PLAIN-1601,74,1.0,0.46927872602275644,0.3391602052736161,0.4354747455750673,0.39176870961627214,0.3248152176094089,0.25757934706526536,0.013513513513513514,0.013513513513513514,0.013513513513513514,0.05405405405405406,0.0945945945945946,0.1891891891891892,0.20270270270270271,1.0,0.3333333333333333,0.2,0.4,0.35,0.28,0.15,1.0,1.0,1.0,1.0,1.0,1.0,1.0,0.013513513513513514,0.013513513513513514,0.013513513513513514,0.029214929214929214,0.04706110331110331,0.08241360184294969,0.08568300027363844,1.0
PLAIN-1611,6,0.0,0.0,0.0,0.0,0.0,0.0,0.0,0.0,0.0,0.0,0.0,0.0,0.0,0.0,0.0,0.0,0.0,0.0,0.0,0.0,0.0,0.0,0.0,0.0,0.0,0.0,0.0,0.0,0.0,0.0,0.0,0.0,0.0,0.0,0.0,
PLAIN-1621,4,0.0,0.0,0.0,0.0,0.0,0.0,0.0,0.0,0.0,0.0,0.0,0.0,0.0,0.0,0.0,0.0,0.0,0.0,0.0,0.0,0.0,0.0,0.0,0.0,0.0,0.0,0.0,0.0,0.0,0.0,0.0,0.0,0.0,0.0,0.0,
PLAIN-1635,431,1.0,1.0,0.8687949224876582,0.8486026589039901,0.7938588874023157,0.681285294604798,0.5525785272953682,0.002320185614849188,0.0069605568445475635,0.009280742459396751,0.018561484918793503,0.03480278422273782,0.07192575406032482,0.11136890951276102,1.0,1.0,0.8,0.8,0.75,0.62,0.48,1.0,1.0,1.0,1.0,1.0,1.0,1.0,0.002320185614849188,0.0069605568445475635,0.009280742459396751,0.01708927190365705,0.02941876002994577,0.05649478050860328,0.07939718830516812,1.0
PLAIN-1645,6,0.0,0.0,0.0,0.0,0.0,0.0,0.0,0.0,0.0,0.0,0.0,0.0,0.0,0.0,0.0,0.0,0.0,0.0,0.0,0.0,0.0,0.0,0.0,0.0,0.0,0.0,0.0,0.0,0.0,0.0,0.0,0.0,0.0,0.0,0.0,
PLAIN-1656,28,0.0,0.0,0.0,0.0,0.03233829114831981,0.06931503848243366,0.12415449837374679,0.0,0.0,0.0,0.0,0.03571428571428571,0.10714285714285714,0.21428571428571427,0.0,0.0,0.0,0.0,0.05,0.06,0.06,0.0,0.0,0.0,0.0,0.05,0.05,0.05,0.0,0.0,0.0,0.0,0.0017857142857142859,0.006437575030012005,0.013475579669295962,20.0
PLAIN-1667,159,0.0,0.5307212739772434,0.5147714448836774,0.485813635742251,0.4150878076490965,0.39266310387908915,0.3025964897907177,0.0,0.012578616352201259,0.018867924528301886,0.031446540880503145,0.050314465408805034,0.11949685534591195,0.16981132075471697,0.0,0.6666666666666666,0.6,0.5,0.4,0.38,0.27,0.0,0.5,0.5,0.5,0.5,0.5,0.5,0.0,0.007337526205450732,0.011111111111111112,0.019796346211440552,0.027324600810201605,0.054619705153798374,0.06978889872284386,2.0
PLAIN-1679,1,0.0,0.0,0.0,0.0,0.0,0.0,0.0,0.0,0.0,0.0,0.0,0.0,0.0,0.0,0.0,0.0,0.0,0.0,0.0,0.0,0.0,0.0,0.0,0.0,0.0,0.0,0.0,0.0,0.0,0.0,0.0,0.0,0.0,0.0,0.0,
PLAIN-1690,4,0.0,0.0,0.0,0.0,0.0,0.0,0.0,0.0,0.0,0.0,0.0,0.0,0.0,0.0,0.0,0.0,0.0,0.0,0.0,0.0,0.0,0.0,0.0,0.0,0.0,0.0,0.0,0.0,0.0,0.0,0.0,0.0,0.0,0.0,0.0,
PLAIN-1700,5,0.0,0.0,0.0,0.0,0.0,0.0,0.0,0.0,0.0,0.0,0.0,0.0,0.0,0.0,0.0,0.0,0.0,0.0,0.0,0.0,0.0,0.0,0.0,0.0,0.0,0.0,0.0,0.0,0.0,0.0,0.0,0.0,0.0,0.0,0.0,
PLAIN-1710,16,1.0,1.0,1.0,1.0,0.8340552990136605,0.8340552990136605,0.8887501770556095,0.0625,0.1875,0.3125,0.625,0.75,0.75,0.875,1.0,1.0,1.0,1.0,0.6,0.24,0.14,1.0,1.0,1.0,1.0,1.0,1.0,1.0,0.0625,0.1875,0.3125,0.625,0.75,0.75,0.7769937275985662,1.0
PLAIN-1721,31,1.0,0.7653606369886217,0.5531464700081437,0.35895421017163476,0.26716733674541504,0.22290856391727001,0.22290856391727001,0.03225806451612903,0.06451612903225806,0.06451612903225806,0.06451612903225806,0.0967741935483871,0.12903225806451613,0.12903225806451613,1.0,0.6666666666666666,0.4,0.2,0.15,0.08,0.04,1.0,1.0,1.0,1.0,1.0,1.0,1.0,0.03225806451612903,0.06451612903225806,0.06451612903225806,0.06451612903225806,0.07096774193548387,0.07557603686635946,0.07557603686635946,1.0
PLAIN-1731,3,1.0,0.46927872602275644,0.46927872602275644,0.46927872602275644,0.46927872602275644,0.46927872602275644,0.539912212452671,0.3333333333333333,0.3333333333333333,0.3333333333333333,0.3333333333333333,0.3333333333333333,0.3333333333333333,0.6666666666666666,1.0,0.3333333333333333,0.2,0.1,0.05,0.02,0.02,1.0,1.0,1.0,1.0,1.0,1.0,1.0,0.3333333333333333,0.3333333333333333,0.3333333333333333,0.3333333333333333,0.3333333333333333,0.3333333333333333,0.34006734006734,1.0
PLAIN-1741,420,0.0,0.5307212739772434,0.5296347172140421,0.49545888247018083,0.49609577450333414,0.34452089695660165,0.304029647941004,0.0,0.004761904761904762,0.007142857142857143,0.011904761904761904,0.023809523809523808,0.03571428571428571,0.06428571428571428,0.0,0.6666666666666666,0.6,0.5,0.5,0.3,0.27,0.0,0.5,0.5,0.5,0.5,0.5,0.5,0.0,0.0027777777777777775,0.004563492063492063,0.007851473922902493,0.013904708613908082,0.018010488443778505,0.026071319343529985,2.0
PLAIN-1752,1,0.0,0.0,0.0,0.0,0.0,0.0,0.0,0.0,0.0,0.0,0.0,0.0,0.0,0.0,0.0,0.0,0.0,0.0,0.0,0.0,0.0,0.0,0.0,0.0,0.0,0.0,0.0,0.0,0.0,0.0,0.0,0.0,0.0,0.0,0.0,
PLAIN-1762,8,0.0,0.0,0.0,0.0,0.0,0.0,0.04099607413518446,0.0,0.0,0.0,0.0,0.0,0.0,0.125,0.0,0.0,0.0,0.0,0.0,0.0,0.01,0.0,0.0,0.0,0.0,0.0,0.0,0.014084507042253521,0.0,0.0,0.0,0.0,0.0,0.0,0.0017605633802816902,71.0
PLAIN-1772,2,0.0,0.38685280723454163,0.6509209298071326,0.6509209298071326,0.6509209298071326,0.6509209298071326,0.6509209298071326,0.0,0.5,1.0,1.0,1.0,1.0,1.0,0.0,0.3333333333333333,0.4,0.2,0.1,0.04,0.02,0.0,0.5,0.5,0.5,0.5,0.5,0.5,0.0,0.25,0.5,0.5,0.5,0.5,0.5,2.0
PLAIN-1784,2,0.0,0.0,0.0,0.0,0.0,0.0,0.0,0.0,0.0,0.0,0.0,0.0,0.0,0.0,0.0,0.0,0.0,0.0,0.0,0.0,0.0,0.0,0.0,0.0,0.0,0.0,0.0,0.0,0.0,0.0,0.0,0.0,0.0,0.0,0.0,
PLAIN-1794,2,1.0,1.0,1.0,1.0,1.0,1.0,1.0,0.5,1.0,1.0,1.0,1.0,1.0,1.0,1.0,0.6666666666666666,0.4,0.2,0.1,0.04,0.02,1.0,1.0,1.0,1.0,1.0,1.0,1.0,0.5,1.0,1.0,1.0,1.0,1.0,1.0,1.0
PLAIN-1805,116,1.0,1.0,1.0,0.9363792118010483,0.7536839969166788,0.5020370170077862,0.3170349498948696,0.008620689655172414,0.02586206896551724,0.04310344827586207,0.07758620689655173,0.11206896551724138,0.16379310344827586,0.1724137931034483,1.0,1.0,1.0,0.9,0.65,0.38,0.2,1.0,1.0,1.0,1.0,1.0,1.0,1.0,0.008620689655172414,0.02586206896551724,0.04310344827586207,0.07758620689655173,0.10787534811368482,0.13266141072868434,0.135160161353372,1.0
PLAIN-1817,27,0.0,0.5307212739772434,0.5147714448836774,0.485813635742251,0.34696574932937424,0.3299826671221563,0.36783281162277415,0.0,0.07407407407407407,0.1111111111111111,0.18518518518518517,0.2222222222222222,0.2962962962962963,0.37037037037037035,0.0,0.6666666666666666,0.6,0.5,0.3,0.16,0.1,0.0,0.5,0.5,0.5,0.5,0.5,0.5,0.0,0.043209876543209874,0.0654320987654321,0.11657848324514991,0.1289241622574956,0.14351451018117684,0.15333094784571577,2.0
PLAIN-1827,3,0.0,0.0,0.0,0.0,0.0,0.0,0.0,0.0,0.0,0.0,0.0,0.0,0.0,0.0,0.0,0.0,0.0,0.0,0.0,0.0,0.0,0.0,0.0,0.0,0.0,0.0,0.0,0.0,0.0,0.0,0.0,0.0,0.0,0.0,0.0,
PLAIN-1837,196,1.0,1.0,1.0,1.0,0.9665625086152866,0.7897971134487005,0.6101199991823363,0.00510204081632653,0.015306122448979591,0.025510204081632654,0.05102040816326531,0.09693877551020408,0.1836734693877551,0.2653061224489796,1.0,1.0,1.0,1.0,0.95,0.72,0.52,1.0,1.0,1.0,1.0,1.0,1.0,1.0,0.00510204081632653,0.015306122448979591,0.025510204081632654,0.05102040816326531,0.09641514500537056,0.17096387466155605,0.22125652012027036,1.0
PLAIN-1847,11,0.0,0.0,0.0,0.0,0.0,0.0,0.06457904023205764,0.0,0.0,0.0,0.0,0.0,0.0,0.18181818181818182,0.0,0.0,0.0,0.0,0.0,0.0,0.02,0.0,0.0,0.0,0.0,0.0,0.0,0.013157894736842105,0.0,0.0,0.0,0.0,0.0,0.0,0.0031100478468899517,76.0
PLAIN-1857,33,1.0,1.0,0.7227265726449519,0.46900009332067494,0.33501563780214927,0.2598187829331755,0.3078850710803959,0.030303030303030304,0.09090909090909091,0.09090909090909091,0.09090909090909091,0.12121212121212122,0.15151515151515152,0.24242424242424243,1.0,1.0,0.6,0.3,0.2,0.1,0.08,1.0,1.0,1.0,1.0,1.0,1.0,1.0,0.030303030303030304,0.09090909090909091,0.09090909090909091,0.09090909090909091,0.09696969696969697,0.1,0.10755483220956367,1.0
PLAIN-1867,7,0.0,0.0,0.0,0.0,0.0,0.0,0.0437324968781469,0.0,0.0,0.0,0.0,0.0,0.0,0.14285714285714285,0.0,0.0,0.0,0.0,0.0,0.0,0.01,0.0,0.0,0.0,0.0,0.0,0.0,0.012987012987012988,0.0,0.0,0.0,0.0,0.0,0.0,0.0018552875695732839,77.0
PLAIN-1877,36,0.0,0.0,0.0,0.0,0.0,0.0,0.0,0.0,0.0,0.0,0.0,0.0,0.0,0.0,0.0,0.0,0.0,0.0,0.0,0.0,0.0,0.0,0.0,0.0,0.0,0.0,0.0,0.0,0.0,0.0,0.0,0.0,0.0,0.0,0.0,
PLAIN-1887,4,0.0,0.0,0.0,0.0,0.0,0.0,0.0,0.0,0.0,0.0,0.0,0.0,0.0,0.0,0.0,0.0,0.0,0.0,0.0,0.0,0.0,0.0,0.0,0.0,0.0,0.0,0.0,0.0,0.0,0.0,0.0,0.0,0.0,0.0,0.0,
PLAIN-1897,2,0.0,0.0,0.0,0.0,0.0,0.0,0.0,0.0,0.0,0.0,0.0,0.0,0.0,0.0,0.0,0.0,0.0,0.0,0.0,0.0,0.0,0.0,0.0,0.0,0.0,0.0,0.0,0.0,0.0,0.0,0.0,0.0,0.0,0.0,0.0,
PLAIN-1909,463,1.0,0.7653606369886217,0.6992148198508501,0.5894280199323519,0.5205947083578236,0.43651914706630834,0.3768902364195907,0.0021598272138228943,0.004319654427645789,0.0064794816414686825,0.01079913606911447,0.019438444924406047,0.04103671706263499,0.07127429805615551,1.0,0.6666666666666666,0.6,0.5,0.45,0.38,0.33,1.0,1.0,1.0,1.0,1.0,1.0,1.0,0.0021598272138228943,0.004319654427645789,0.005939524838012959,0.00821934245260379,0.012290174680762381,0.02142133642397958,0.03233225305680706,1.0
PLAIN-1919,27,1.0,1.0,0.8539316501572937,0.8389574121760603,0.6089361842075749,0.5495712638634097,0.5686530768313279,0.037037037037037035,0.1111111111111111,0.14814814814814814,0.2962962962962963,0.37037037037037035,0.4444444444444444,0.48148148148148145,1.0,1.0,0.8,0.8,0.5,0.24,0.13,1.0,1.0,1.0,1.0,1.0,1.0,1.0,0.037037037037037035,0.1111111111111111,0.14074074074074072,0.2653880070546737,0.3055719818791714,0.335986815614567,0.3429648080998059,1.0
PLAIN-1929,10,1.0,0.7039180890341347,0.5087403079104241,0.3301376494471203,0.3301376494471203,0.3730465249314698,0.4067844993357335,0.1,0.2,0.2,0.2,0.2,0.3,0.4,1.0,0.6666666666666666,0.4,0.2,0.1,0.06,0.04,1.0,1.0,1.0,1.0,1.0,1.0,1.0,0.1,0.16666666666666666,0.16666666666666666,0.16666666666666666,0.16666666666666666,0.17549019607843136,0.17988580047403574,1.0
PLAIN-1940,12,0.0,0.2960819109658652,0.21398626473452756,0.13886244387355456,0.17414745344856433,0.17414745344856433,0.17414745344856433,0.0,0.08333333333333333,0.08333333333333333,0.08333333333333333,0.16666666666666666,0.16666666666666666,0.16666666666666666,0.0,0.3333333333333333,0.2,0.1,0.1,0.04,0.02,0.0,0.5,0.5,0.5,0.5,0.5,0.5,0.0,0.041666666666666664,0.041666666666666664,0.041666666666666664,0.05357142857142857,0.05357142857142857,0.05357142857142857,2.0
PLAIN-1950,13,0.0,0.2960819109658652,0.21398626473452756,0.13886244387355456,0.11781210270929886,0.15624942165159836,0.1882623285419895,0.0,0.07692307692307693,0.07692307692307693,0.07692307692307693,0.07692307692307693,0.15384615384615385,0.23076923076923078,0.0,0.3333333333333333,0.2,0.1,0.05,0.04,0.03,0.0,0.5,0.5,0.5,0.5,0.5,0.5,0.0,0.038461538461538464,0.038461538461538464,0.038461538461538464,0.038461538461538464,0.04395604395604395,0.04807692307692308,2.0
PLAIN-1962,13,0.0,0.0,0.0,0.0,0.0,0.0,0.0,0.0,0.0,0.0,0.0,0.0,0.0,0.0,0.0,0.0,0.0,0.0,0.0,0.0,0.0,0.0,0.0,0.0,0.0,0.0,0.0,0.0,0.0,0.0,0.0,0.0,0.0,0.0,0.0,
PLAIN-1972,11,0.0,0.0,0.0,0.0,0.0,0.0,0.0,0.0,0.0,0.0,0.0,0.0,0.0,0.0,0.0,0.0,0.0,0.0,0.0,0.0,0.0,0.0,0.0,0.0,0.0,0.0,0.0,0.0,0.0,0.0,0.0,0.0,0.0,0.0,0.0,
PLAIN-1983,32,1.0,0.7653606369886217,0.830419897363192,0.6809047493604335,0.506361635472084,0.37290675708834575,0.40461397781333036,0.03125,0.0625,0.125,0.1875,0.25,0.25,0.3125,1.0,0.6666666666666666,0.8,0.6,0.4,0.16,0.1,1.0,1.0,1.0,1.0,1.0,1.0,1.0,0.03125,0.0625,0.1109375,0.15572916666666664,0.18175470846233227,0.18175470846233227,0.18793677367972356,1.0
PLAIN-1995,11,0.0,0.0,0.0,0.0,0.0,0.0,0.03469157067572104,0.0,0.0,0.0,0.0,0.0,0.0,0.09090909090909091,0.0,0.0,0.0,0.0,0.0,0.0,0.01,0.0,0.0,0.0,0.0,0.0,0.0,0.016129032258064516,0.0,0.0,0.0,0.0,0.0,0.0,0.001466275659824047,62.0
PLAIN-2009,8,0.0,0.0,0.13120507751234178,0.09785159463516042,0.09785159463516042,0.09785159463516042,0.09785159463516042,0.0,0.0,0.125,0.125,0.125,0.125,0.125,0.0,0.0,0.2,0.1,0.05,0.02,0.01,0.0,0.0,0.2,0.2,0.2,0.2,0.2,0.0,0.0,0.025,0.025,0.025,0.025,0.025,5.0
PLAIN-2019,3,0.0,0.0,0.0,0.0,0.0,0.0,0.0,0.0,0.0,0.0,0.0,0.0,0.0,0.0,0.0,0.0,0.0,0.0,0.0,0.0,0.0,0.0,0.0,0.0,0.0,0.0,0.0,0.0,0.0,0.0,0.0,0.0,0.0,0.0,0.0,
PLAIN-2030,6,0.0,0.0,0.0,0.0,0.0,0.0,0.0,0.0,0.0,0.0,0.0,0.0,0.0,0.0,0.0,0.0,0.0,0.0,0.0,0.0,0.0,0.0,0.0,0.0,0.0,0.0,0.0,0.0,0.0,0.0,0.0,0.0,0.0,0.0,0.0,
PLAIN-2040,132,1.0,0.46927872602275644,0.3391602052736161,0.2895229882348575,0.18684868323532902,0.1319303815522678,0.11228523639712579,0.007575757575757576,0.007575757575757576,0.007575757575757576,0.015151515151515152,0.015151515151515152,0.030303030303030304,0.06060606060606061,1.0,0.3333333333333333,0.2,0.2,0.1,0.08,0.08,1.0,1.0,1.0,1.0,1.0,1.0,1.0,0.007575757575757576,0.007575757575757576,0.007575757575757576,0.00946969696969697,0.00946969696969697,0.010948773448773451,0.013678613459315215,1.0
PLAIN-2051,355,0.0,0.23463936301137822,0.4468535299918563,0.3535981533591636,0.36918381457472105,0.30370796384986104,0.24861542852522253,0.0,0.0028169014084507044,0.008450704225352112,0.011267605633802818,0.022535211267605635,0.04225352112676056,0.0647887323943662,0.0,0.3333333333333333,0.6,0.4,0.4,0.3,0.23,0.0,0.3333333333333333,0.3333333333333333,0.3333333333333333,0.3333333333333333,0.3333333333333333,0.3333333333333333,0.0,0.0009389671361502347,0.004037558685446009,0.00516431924882629,0.00982394366197183,0.015811275973607354,0.021767282033861284,3.0
PLAIN-2061,410,1.0,1.0,1.0,1.0,0.7848271703047736,0.6258384738437404,0.5106090520625667,0.0024390243902439024,0.007317073170731708,0.012195121951219513,0.024390243902439025,0.03414634146341464,0.06585365853658537,0.1048780487804878,1.0,1.0,1.0,1.0,0.7,0.54,0.43,1.0,1.0,1.0,1.0,1.0,1.0,1.0,0.0024390243902439024,0.007317073170731708,0.012195121951219513,0.024390243902439025,0.032019767256496086,0.05133824617619002,0.07143840263627894,1.0
PLAIN-2071,45,1.0,0.46927872602275644,0.3391602052736161,0.2895229882348575,0.2531511451876195,0.18408244644577748,0.25125256748567715,0.022222222222222223,0.022222222222222223,0.022222222222222223,0.044444444444444446,0.08888888888888889,0.13333333333333333,0.24444444444444444,1.0,0.3333333333333333,0.2,0.2,0.2,0.12,0.11,1.0,1.0,1.0,1.0,1.0,1.0,1.0,0.022222222222222223,0.022222222222222223,0.022222222222222223,0.027777777777777776,0.0361598440545809,0.04604855049501148,0.0595543633691438,1.0
PLAIN-2081,1,0.0,0.0,0.0,0.0,0.0,0.0,0.0,0.0,0.0,0.0,0.0,0.0,0.0,0.0,0.0,0.0,0.0,0.0,0.0,0.0,0.0,0.0,0.0,0.0,0.0,0.0,0.0,0.0,0.0,0.0,0.0,0.0,0.0,0.0,0.0,
PLAIN-2092,10,1.0,0.7653606369886217,0.6992148198508501,0.5271064966405457,0.5271064966405457,0.6118854967920295,0.6484312165373339,0.1,0.2,0.3,0.4,0.4,0.6,0.7,1.0,0.6666666666666666,0.6,0.4,0.2,0.12,0.07,1.0,1.0,1.0,1.0,1.0,1.0,1.0,0.1,0.2,0.275,0.33214285714285713,0.33214285714285713,0.3629062736205593,0.3738437736205593,1.0
PLAIN-2102,421,1.0,0.7039180890341347,0.5087403079104241,0.6028078051365984,0.5660240373254503,0.4922856309208608,0.3974457345590753,0.0023752969121140144,0.004750593824228029,0.004750593824228029,0.014251781472684086,0.026128266033254157,0.05463182897862233,0.0831353919239905,1.0,0.6666666666666666,0.4,0.6,0.55,0.46,0.35,1.0,1.0,1.0,1.0,1.0,1.0,1.0,0.0023752969121140144,0.00395882818685669,0.00395882818685669,0.008909248576707008,0.0158370592892739,0.030607245919113724,0.04305458554584444,1.0
PLAIN-2113,1,0.0,0.0,0.0,0.0,0.0,0.0,0.0,0.0,0.0,0.0,0.0,0.0,0.0,0.0,0.0,0.0,0.0,0.0,0.0,0.0,0.0,0.0,0.0,0.0,0.0,0.0,0.0,0.0,0.0,0.0,0.0,0.0,0.0,0.0,0.0,
PLAIN-2124,17,1.0,1.0,0.7227265726449519,0.535254316775064,0.3832386036501368,0.4461577853995044,0.4951804505483903,0.058823529411764705,0.17647058823529413,0.17647058823529413,0.23529411764705882,0.23529411764705882,0.35294117647058826,0.47058823529411764,1.0,1.0,0.6,0.4,0.2,0.12,0.08,1.0,1.0,1.0,1.0,1.0,1.0,1.0,0.058823529411764705,0.17647058823529413,0.17647058823529413,0.20261437908496732,0.20261437908496732,0.22320261437908495,0.23352253181974544,1.0
PLAIN-2134,12,0.0,0.0,0.0,0.0,0.0,0.0,0.0,0.0,0.0,0.0,0.0,0.0,0.0,0.0,0.0,0.0,0.0,0.0,0.0,0.0,0.0,0.0,0.0,0.0,0.0,0.0,0.0,0.0,0.0,0.0,0.0,0.0,0.0,0.0,0.0,
PLAIN-2145,9,0.0,0.0,0.0,0.0,0.0,0.0,0.0,0.0,0.0,0.0,0.0,0.0,0.0,0.0,0.0,0.0,0.0,0.0,0.0,0.0,0.0,0.0,0.0,0.0,0.0,0.0,0.0,0.0,0.0,0.0,0.0,0.0,0.0,0.0,0.0,
PLAIN-2156,6,1.0,0.7039180890341347,0.5087403079104241,0.4539036202482202,0.4539036202482202,0.4539036202482202,0.4996505117415824,0.16666666666666666,0.3333333333333333,0.3333333333333333,0.3333333333333333,0.3333333333333333,0.3333333333333333,0.5,1.0,0.6666666666666666,0.4,0.2,0.1,0.04,0.03,1.0,1.0,1.0,1.0,1.0,1.0,1.0,0.16666666666666666,0.27777777777777773,0.27777777777777773,0.27777777777777773,0.27777777777777773,0.27777777777777773,0.28293241695303545,1.0
PLAIN-2167,1,0.0,0.0,0.0,0.0,0.0,0.0,0.0,0.0,0.0,0.0,0.0,0.0,0.0,0.0,0.0,0.0,0.0,0.0,0.0,0.0,0.0,0.0,0.0,0.0,0.0,0.0,0.0,0.0,0.0,0.0,0.0,0.0,0.0,0.0,0.0,
PLAIN-2177,24,0.0,0.2960819109658652,0.21398626473452756,0.13886244387355456,0.12248225777092045,0.1600027211571259,0.1818450326074845,0.0,0.041666666666666664,0.041666666666666664,0.041666666666666664,0.08333333333333333,0.16666666666666666,0.20833333333333334,0.0,0.3333333333333333,0.2,0.1,0.1,0.08,0.05,0.0,0.5,0.5,0.5,0.5,0.5,0.5,0.0,0.020833333333333332,0.020833333333333332,0.020833333333333332,0.025219298245614034,0.03482074752097635,0.03867877221233438,2.0
PLAIN-2187,9,0.0,0.0,0.0,0.0,0.0,0.0,0.0,0.0,0.0,0.0,0.0,0.0,0.0,0.0,0.0,0.0,0.0,0.0,0.0,0.0,0.0,0.0,0.0,0.0,0.0,0.0,0.0,0.0,0.0,0.0,0.0,0.0,0.0,0.0,0.0,
PLAIN-2197,58,1.0,0.7039180890341347,0.6548086577531307,0.5695785062497355,0.4016503425741489,0.25329221068316543,0.25254923767175036,0.017241379310344827,0.034482758620689655,0.05172413793103448,0.08620689655172414,0.10344827586206896,0.13793103448275862,0.1724137931034483,1.0,0.6666666666666666,0.6,0.5,0.3,0.16,0.1,1.0,1.0,1.0,1.0,1.0,1.0,1.0,0.017241379310344827,0.028735632183908042,0.041666666666666664,0.06273946360153256,0.06882465629930132,0.08030755121547958,0.08588785250170151,1.0
PLAIN-2209,2,0.0,0.0,0.0,0.0,0.0,0.0,0.0,0.0,0.0,0.0,0.0,0.0,0.0,0.0,0.0,0.0,0.0,0.0,0.0,0.0,0.0,0.0,0.0,0.0,0.0,0.0,0.0,0.0,0.0,0.0,0.0,0.0,0.0,0.0,0.0,
PLAIN-2220,9,0.0,0.0,0.0,0.0,0.05438441923467751,0.05438441923467751,0.09260477933192597,0.0,0.0,0.0,0.0,0.1111111111111111,0.1111111111111111,0.2222222222222222,0.0,0.0,0.0,0.0,0.05,0.02,0.02,0.0,0.0,0.0,0.0,0.05263157894736842,0.05263157894736842,0.05263157894736842,0.0,0.0,0.0,0.0,0.005847953216374269,0.005847953216374269,0.009022556390977442,19.0
PLAIN-2230,7,0.0,0.0,0.0,0.0,0.0,0.0,0.0,0.0,0.0,0.0,0.0,0.0,0.0,0.0,0.0,0.0,0.0,0.0,0.0,0.0,0.0,0.0,0.0,0.0,0.0,0.0,0.0,0.0,0.0,0.0,0.0,0.0,0.0,0.0,0.0,
PLAIN-2240,11,1.0,0.46927872602275644,0.3391602052736161,0.2895229882348575,0.2727764134443682,0.2727764134443682,0.2727764134443682,0.09090909090909091,0.09090909090909091,0.09090909090909091,0.18181818181818182,0.18181818181818182,0.18181818181818182,0.18181818181818182,1.0,0.3333333333333333,0.2,0.2,0.1,0.04,0.02,1.0,1.0,1.0,1.0,1.0,1.0,1.0,0.09090909090909091,0.09090909090909091,0.09090909090909091,0.11363636363636363,0.11363636363636363,0.11363636363636363,0.11363636363636363,1.0
PLAIN-2250,2,0.0,0.0,0.0,0.0,0.0,0.0,0.09516569455568205,0.0,0.0,0.0,0.0,0.0,0.0,0.5,0.0,0.0,0.0,0.0,0.0,0.0,0.01,0.0,0.0,0.0,0.0,0.0,0.0,0.011627906976744186,0.0,0.0,0.0,0.0,0.0,0.0,0.005813953488372093,86.0
PLAIN-2261,60,1.0,0.46927872602275644,0.48522855511632257,0.314880130667631,0.20321335501168916,0.15453054502679692,0.17882657552685563,0.016666666666666666,0.016666666666666666,0.03333333333333333,0.03333333333333333,0.03333333333333333,0.08333333333333333,0.15,1.0,0.3333333333333333,0.4,0.2,0.1,0.1,0.09,1.0,1.0,1.0,1.0,1.0,1.0,1.0,0.016666666666666666,0.016666666666666666,0.025,0.025,0.025,0.029995874318719733,0.03573874351410609,1.0
PLAIN-2271,10,0.0,0.0,0.0,0.0,0.0,0.0,0.0,0.0,0.0,0.0,0.0,0.0,0.0,0.0,0.0,0.0,0.0,0.0,0.0,0.0,0.0,0.0,0.0,0.0,0.0,0.0,0.0,0.0,0.0,0.0,0.0,0.0,0.0,0.0,0.0,
PLAIN-2281,1,0.0,0.0,0.0,0.0,0.0,0.0,0.0,0.0,0.0,0.0,0.0,0.0,0.0,0.0,0.0,0.0,0.0,0.0,0.0,0.0,0.0,0.0,0.0,0.0,0.0,0.0,0.0,0.0,0.0,0.0,0.0,0.0,0.0,0.0,0.0,
PLAIN-2291,5,0.0,0.0,0.0,0.0,0.0,0.07497635902156338,0.07497635902156338,0.0,0.0,0.0,0.0,0.0,0.2,0.2,0.0,0.0,0.0,0.0,0.0,0.02,0.01,0.0,0.0,0.0,0.0,0.0,0.045454545454545456,0.045454545454545456,0.0,0.0,0.0,0.0,0.0,0.00909090909090909,0.00909090909090909,22.0
PLAIN-2301,13,0.0,0.0,0.0,0.0,0.0,0.07857606235137368,0.07857606235137368,0.0,0.0,0.0,0.0,0.0,0.15384615384615385,0.15384615384615385,0.0,0.0,0.0,0.0,0.0,0.04,0.02,0.0,0.0,0.0,0.0,0.0,0.047619047619047616,0.047619047619047616,0.0,0.0,0.0,0.0,0.0,0.008325008325008324,0.008325008325008324,21.0
PLAIN-2311,2,0.0,0.0,0.0,0.0,0.0,0.0,0.0,0.0,0.0,0.0,0.0,0.0,0.0,0.0,0.0,0.0,0.0,0.0,0.0,0.0,0.0,0.0,0.0,0.0,0.0,0.0,0.0,0.0,0.0,0.0,0.0,0.0,0.0,0.0,0.0,
PLAIN-2321,5,0.0,0.0,0.0,0.0,0.07847428227110642,0.07847428227110642,0.07847428227110642,0.0,0.0,0.0,0.0,0.2,0.2,0.2,0.0,0.0,0.0,0.0,0.05,0.02,0.01,0.0,0.0,0.0,0.0,0.05263157894736842,0.05263157894736842,0.05263157894736842,0.0,0.0,0.0,0.0,0.010526315789473684,0.010526315789473684,0.010526315789473684,19.0
PLAIN-2332,97,1.0,0.46927872602275644,0.3391602052736161,0.2200917662980802,0.17547753101837077,0.14173061903591389,0.1436149631653834,0.010309278350515464,0.010309278350515464,0.010309278350515464,0.010309278350515464,0.020618556701030927,0.05154639175257732,0.12371134020618557,1.0,0.3333333333333333,0.2,0.1,0.1,0.1,0.12,1.0,1.0,1.0,1.0,1.0,1.0,1.0,0.010309278350515464,0.010309278350515464,0.010309278350515464,0.010309278350515464,0.01145475372279496,0.015112650808527098,0.02330607009003279,1.0
PLAIN-2343,2,0.0,0.0,0.0,0.0,0.0,0.0,0.0,0.0,0.0,0.0,0.0,0.0,0.0,0.0,0.0,0.0,0.0,0.0,0.0,0.0,0.0,0.0,0.0,0.0,0.0,0.0,0.0,0.0,0.0,0.0,0.0,0.0,0.0,0.0,0.0,
PLAIN-2354,5,0.0,0.23463936301137822,0.3156484524795145,0.3156484524795145,0.4047287226977489,0.4047287226977489,0.4047287226977489,0.0,0.2,0.4,0.4,0.6,0.6,0.6,0.0,0.3333333333333333,0.4,0.2,0.15,0.06,0.03,0.0,0.3333333333333333,0.3333333333333333,0.3333333333333333,0.3333333333333333,0.3333333333333333,0.3333333333333333,0.0,0.06666666666666667,0.16666666666666666,0.16666666666666666,0.2128205128205128,0.2128205128205128,0.2128205128205128,3.0
PLAIN-2364,15,0.0,0.0,0.0,0.0,0.0,0.0,0.0,0.0,0.0,0.0,0.0,0.0,0.0,0.0,0.0,0.0,0.0,0.0,0.0,0.0,0.0,0.0,0.0,0.0,0.0,0.0,0.0,0.0,0.0,0.0,0.0,0.0,0.0,0.0,0.0,
PLAIN-2375,2,0.0,0.0,0.0,0.0,0.0,0.0,0.0,0.0,0.0,0.0,0.0,0.0,0.0,0.0,0.0,0.0,0.0,0.0,0.0,0.0,0.0,0.0,0.0,0.0,0.0,0.0,0.0,0.0,0.0,0.0,0.0,0.0,0.0,0.0,0.0,
PLAIN-2386,19,0.0,0.0,0.0,0.0,0.0,0.0,0.02244736373880377,0.0,0.0,0.0,0.0,0.0,0.0,0.05263157894736842,0.0,0.0,0.0,0.0,0.0,0.0,0.01,0.0,0.0,0.0,0.0,0.0,0.0,0.010869565217391304,0.0,0.0,0.0,0.0,0.0,0.0,0.0005720823798627002,92.0
PLAIN-2396,18,0.0,0.0,0.0,0.0,0.0,0.0,0.0,0.0,0.0,0.0,0.0,0.0,0.0,0.0,0.0,0.0,0.0,0.0,0.0,0.0,0.0,0.0,0.0,0.0,0.0,0.0,0.0,0.0,0.0,0.0,0.0,0.0,0.0,0.0,0.0,
PLAIN-2408,5,0.0,0.0,0.0,0.0,0.0,0.06105946170456531,0.06105946170456531,0.0,0.0,0.0,0.0,0.0,0.2,0.2,0.0,0.0,0.0,0.0,0.0,0.02,0.01,0.0,0.0,0.0,0.0,0.0,0.021739130434782608,0.021739130434782608,0.0,0.0,0.0,0.0,0.0,0.004347826086956522,0.004347826086956522,46.0
PLAIN-2430,46,1.0,1.0,0.7227265726449519,0.46900009332067494,0.35195608976990106,0.3331576917592286,0.3516967000765197,0.021739130434782608,0.06521739130434782,0.06521739130434782,0.06521739130434782,0.08695652173913043,0.21739130434782608,0.2391304347826087,1.0,1.0,0.6,0.3,0.2,0.2,0.11,1.0,1.0,1.0,1.0,1.0,1.0,1.0,0.021739130434782608,0.06521739130434782,0.06521739130434782,0.06521739130434782,0.07312252964426878,0.10984913637087548,0.11370607886736918,1.0
PLAIN-2440,21,0.0,0.0,0.0,0.0,0.0,0.0,0.0,0.0,0.0,0.0,0.0,0.0,0.0,0.0,0.0,0.0,0.0,0.0,0.0,0.0,0.0,0.0,0.0,0.0,0.0,0.0,0.0,0.0,0.0,0.0,0.0,0.0,0.0,0.0,0.0,
PLAIN-2450,38,0.0,0.0,0.27727342735504823,0.17993148201117182,0.13476119195664604,0.1261998709391497,0.13574140500513085,0.0,0.0,0.05263157894736842,0.05263157894736842,0.05263157894736842,0.07894736842105263,0.10526315789473684,0.0,0.0,0.4,0.2,0.1,0.06,0.04,0.0,0.0,0.25,0.25,0.25,0.25,0.25,0.0,0.0,0.017105263157894738,0.017105263157894738,0.017105263157894738,0.018821510297482837,0.019895624153551582,4.0
PLAIN-2460,31,0.0,0.2960819109658652,0.2795888034906985,0.3042760880852874,0.32639609351192556,0.29427224207121716,0.38697611256663184,0.0,0.03225806451612903,0.06451612903225806,0.0967741935483871,0.16129032258064516,0.22580645161290322,0.41935483870967744,0.0,0.3333333333333333,0.4,0.3,0.25,0.14,0.13,0.0,0.5,0.5,0.5,0.5,0.5,0.5,0.0,0.016129032258064516,0.02903225806451613,0.04112903225806451,0.05911910669975186,0.06842462456858077,0.0965422870427493,2.0
PLAIN-2470,73,1.0,0.7346393630113782,0.530943388959284,0.4950681084825317,0.47331502616789445,0.33403083985378196,0.30986445547907043,0.0136986301369863,0.0410958904109589,0.0410958904109589,0.0547945205479452,0.0958904109589041,0.136986301369863,0.2054794520547945,1.0,1.0,0.6,0.4,0.35,0.2,0.15,1.0,1.0,1.0,1.0,1.0,1.0,1.0,0.0136986301369863,0.0410958904109589,0.0410958904109589,0.04657534246575342,0.06392205699216176,0.07343845383732572,0.08595224008346573,1.0
PLAIN-2480,18,0.0,0.11731968150568911,0.21599512883074581,0.14477129103836123,0.1385580870195994,0.1385580870195994,0.166989848104345,0.0,0.05555555555555555,0.1111111111111111,0.1111111111111111,0.16666666666666666,0.16666666666666666,0.2222222222222222,0.0,0.3333333333333333,0.4,0.2,0.15,0.06,0.04,0.0,0.3333333333333333,0.3333333333333333,0.3333333333333333,0.3333333333333333,0.3333333333333333,0.3333333333333333,0.0,0.018518518518518517,0.040740740740740744,0.040740740740740744,0.049074074074074076,0.049074074074074076,0.051570952975447365,3.0
PLAIN-2490,23,0.0,0.0,0.0,0.0,0.027054312414228707,0.04414494544126408,0.10607388785184886,0.0,0.0,0.0,0.0,0.043478260869565216,0.08695652173913043,0.17391304347826086,0.0,0.0,0.0,0.0,0.05,0.04,0.04,0.0,0.0,0.0,0.0,0.08333333333333333,0.08333333333333333,0.08333333333333333,0.0,0.0,0.0,0.0,0.003623188405797101,0.006428237494156147,0.010989172784641916,12.0
PLAIN-2500,7,0.0,0.0,0.0,0.0,0.08641992773867137,0.2007211514673613,0.2293501554594025,0.0,0.0,0.0,0.0,0.14285714285714285,0.42857142857142855,0.5714285714285714,0.0,0.0,0.0,0.0,0.05,0.06,0.04,0.0,0.0,0.0,0.0,0.05,0.05,0.05,0.0,0.0,0.0,0.0,0.0071428571428571435,0.028929950358521788,0.03476085414860925,20.0
PLAIN-2510,46,1.0,0.5865984075284455,0.5551553341043619,0.5666737577493103,0.5298057524582329,0.48052307192737354,0.5319056098239549,0.021739130434782608,0.043478260869565216,0.06521739130434782,0.13043478260869565,0.21739130434782608,0.34782608695652173,0.43478260869565216,1.0,0.6666666666666666,0.6,0.6,0.5,0.32,0.2,1.0,1.0,1.0,1.0,1.0,1.0,1.0,0.021739130434782608,0.03623188405797101,0.049275362318840575,0.08832815734989646,0.14378236497801716,0.20362784357349578,0.22479642428559804,1.0
PLAIN-2520,73,0.5,0.23463936301137822,0.23518264139297895,0.1526174419698506,0.12895611915169772,0.12939385884661603,0.13492469299456641,0.0136986301369863,0.0136986301369863,0.0273972602739726,0.0273972602739726,0.0410958904109589,0.0821917808219178,0.1232876712328767,1.0,0.3333333333333333,0.4,0.2,0.15,0.12,0.09,1.0,1.0,1.0,1.0,1.0,1.0,1.0,0.0136986301369863,0.0136986301369863,0.01917808219178082,0.01917808219178082,0.02174657534246575,0.027616785963477893,0.03143033540830653,1.0
PLAIN-2530,72,1.0,1.0,1.0,0.9289904714111867,0.7353071214074507,0.5517581855369005,0.48209325435806116,0.013888888888888888,0.041666666666666664,0.06944444444444445,0.1388888888888889,0.18055555555555555,0.2222222222222222,0.2638888888888889,1.0,1.0,1.0,1.0,0.65,0.32,0.19,1.0,1.0,1.0,1.0,1.0,1.0,1.0,0.013888888888888888,0.041666666666666664,0.06944444444444445,0.1388888888888889,0.1773377085877086,0.2024459821838854,0.21190320726611048,1.0
PLAIN-2540,21,0.0,0.0,0.06560253875617089,0.0439702704525672,0.11988824971297957,0.18371328358699276,0.2137453331692049,0.0,0.0,0.047619047619047616,0.047619047619047616,0.14285714285714285,0.23809523809523808,0.2857142857142857,0.0,0.0,0.2,0.1,0.15,0.1,0.06,0.0,0.0,0.2,0.2,0.2,0.2,0.2,0.0,0.0,0.009523809523809525,0.009523809523809525,0.02346938775510204,0.03490478628727477,0.04019579157828006,5.0
PLAIN-2550,25,0.0,0.0,0.07303417492135322,0.1806540182522798,0.1370538859379873,0.12397341367878341,0.12397341367878341,0.0,0.0,0.04,0.12,0.12,0.12,0.12,0.0,0.0,0.2,0.3,0.15,0.06,0.03,0.0,0.0,0.25,0.25,0.25,0.25,0.25,0.0,0.0,0.01,0.03833333333333333,0.03833333333333333,0.03833333333333333,0.03833333333333333,4.0
PLAIN-2560,21,1.0,1.0,1.0,0.9305687780632229,0.754081003414706,0.7554337787798318,0.8084747302207088,0.047619047619047616,0.14285714285714285,0.23809523809523808,0.42857142857142855,0.47619047619047616,0.5238095238095238,0.6666666666666666,1.0,1.0,1.0,0.9,0.5,0.22,0.14,1.0,1.0,1.0,1.0,1.0,1.0,1.0,0.047619047619047616,0.14285714285714285,0.23809523809523808,0.41851851851851857,0.44828042328042333,0.461056265324558,0.4870509933828301,1.0
PLAIN-2570,40,1.0,0.617319681505689,0.44615333764087994,0.40305233138860724,0.30881379018372673,0.29055789534868853,0.34540613749420235,0.025,0.05,0.05,0.075,0.075,0.175,0.3,1.0,0.6666666666666666,0.4,0.3,0.15,0.14,0.12,1.0,1.0,1.0,1.0,1.0,1.0,1.0,0.025,0.05,0.05,0.06071428571428571,0.06071428571428571,0.07761613386613386,0.09468167967510073,1.0
PLAIN-2580,23,0.0,0.0,0.0,0.0,0.0,0.019106177668761107,0.019106177668761107,0.0,0.0,0.0,0.0,0.0,0.043478260869565216,0.043478260869565216,0.0,0.0,0.0,0.0,0.0,0.02,0.01,0.0,0.0,0.0,0.0,0.0,0.02564102564102564,0.02564102564102564,0.0,0.0,0.0,0.0,0.0,0.0011148272017837235,0.0011148272017837235,39.0
PLAIN-2590,63,0.0,0.23463936301137822,0.16958010263680806,0.11366150026645366,0.08853660846287568,0.09362322527908266,0.13240183341996284,0.0,0.015873015873015872,0.015873015873015872,0.015873015873015872,0.015873015873015872,0.047619047619047616,0.1111111111111111,0.0,0.3333333333333333,0.2,0.1,0.05,0.06,0.07,0.0,0.3333333333333333,0.3333333333333333,0.3333333333333333,0.3333333333333333,0.3333333333333333,0.3333333333333333,0.0,0.005291005291005291,0.005291005291005291,0.005291005291005291,0.005291005291005291,0.007960890449369713,0.012596859782948045,3.0
PLAIN-2600,10,1.0,0.7653606369886217,0.6621903787502408,0.6073579693678456,0.6073579693678456,0.6073579693678456,0.6311848322369947,0.1,0.2,0.3,0.4,0.4,0.4,0.5,1.0,0.6666666666666666,0.6,0.4,0.2,0.08,0.05,1.0,1.0,1.0,1.0,1.0,1.0,1.0,0.1,0.2,0.26,0.31714285714285717,0.31714285714285717,0.31714285714285717,0.3256174334140436,1.0
PLAIN-2610,61,0.0,0.0,0.13120507751234178,0.12182507869130103,0.2070057909881501,0.19695388953989948,0.2187980969576468,0.0,0.0,0.01639344262295082,0.03278688524590164,0.08196721311475409,0.13114754098360656,0.19672131147540983,0.0,0.0,0.2,0.2,0.25,0.16,0.12,0.0,0.0,0.2,0.2,0.2,0.2,0.2,0.0,0.0,0.003278688524590164,0.007962529274004683,0.022212012893634978,0.03372347679435594,0.04237974858182904,5.0
PLAIN-2620,55,0.0,0.0,0.0,0.10096983442277768,0.10650580930685936,0.10732515898267167,0.13283825573471097,0.0,0.0,0.0,0.03636363636363636,0.05454545454545454,0.09090909090909091,0.12727272727272726,0.0,0.0,0.0,0.2,0.15,0.1,0.07,0.0,0.0,0.0,0.125,0.125,0.125,0.125,0.0,0.0,0.0,0.006313131313131313,0.011271808999081727,0.01756866057329462,0.02025284507566094,8.0
PLAIN-2630,48,1.0,0.7653606369886217,0.5531464700081437,0.42520843362602384,0.3078531307367458,0.22831499527875973,0.2601729234685571,0.020833333333333332,0.041666666666666664,0.041666666666666664,0.0625,0.08333333333333333,0.10416666666666667,0.14583333333333334,1.0,0.6666666666666666,0.4,0.3,0.2,0.1,0.07,1.0,1.0,1.0,1.0,1.0,1.0,1.0,0.020833333333333332,0.041666666666666664,0.041666666666666664,0.04861111111111111,0.05324074074074075,0.05591168091168092,0.05928254012493144,1.0
PLAIN-2640,48,0.0,0.11731968150568911,0.2964609399172814,0.3112934390064705,0.35097526509889254,0.3214610922276932,0.3413814115536371,0.0,0.020833333333333332,0.0625,0.125,0.1875,0.3125,0.3541666666666667,0.0,0.3333333333333333,0.6,0.6,0.45,0.3,0.17,0.0,0.3333333333333333,0.3333333333333333,0.3333333333333333,0.3333333333333333,0.3333333333333333,0.3333333333333333,0.0,0.006944444444444444,0.029861111111111106,0.07251984126984126,0.10471732215153268,0.1606331102174222,0.1717655888499008,3.0
PLAIN-2650,29,1.0,0.46927872602275644,0.3391602052736161,0.36792125721353286,0.413433159292203,0.46951320554162274,0.4695132055416227,0.034482758620689655,0.034482758620689655,0.034482758620689655,0.10344827586206896,0.20689655172413793,0.3448275862068966,0.3448275862068966,1.0,0.3333333333333333,0.2,0.3,0.3,0.2,0.1,1.0,1.0,1.0,1.0,1.0,1.0,1.0,0.034482758620689655,0.034482758620689655,0.034482758620689655,0.05890804597701149,0.09670433921795082,0.1311384544487367,0.1311384544487367,1.0
PLAIN-2660,27,0.0,0.23463936301137822,0.16958010263680806,0.2496640287027892,0.16112501220974598,0.19576581256066844,0.23703652900453898,0.0,0.037037037037037035,0.037037037037037035,0.1111111111111111,0.1111111111111111,0.18518518518518517,0.25925925925925924,0.0,0.3333333333333333,0.2,0.3,0.15,0.1,0.07,0.0,0.3333333333333333,0.3333333333333333,0.3333333333333333,0.3333333333333333,0.3333333333333333,0.3333333333333333,0.0,0.012345679012345678,0.012345679012345678,0.03527336860670194,0.03527336860670194,0.04519400352733686,0.05172270517798973,3.0
PLAIN-2670,35,1.0,0.46927872602275644,0.3937481555797838,0.29964840342598303,0.2180740150253072,0.16292352957990994,0.16292352957990994,0.02857142857142857,0.02857142857142857,0.02857142857142857,0.02857142857142857,0.02857142857142857,0.02857142857142857,0.02857142857142857,1.0,0.3333333333333333,0.2,0.1,0.05,0.02,0.01,1.0,1.0,1.0,1.0,1.0,1.0,1.0,0.02857142857142857,0.02857142857142857,0.02857142857142857,0.02857142857142857,0.02857142857142857,0.02857142857142857,0.02857142857142857,1.0
PLAIN-2680,14,0.0,0.0,0.0,0.0,0.0,0.0,0.03568832494983677,0.0,0.0,0.0,0.0,0.0,0.0,0.07142857142857142,0.0,0.0,0.0,0.0,0.0,0.0,0.01,0.0,0.0,0.0,0.0,0.0,0.0,0.012987012987012988,0.0,0.0,0.0,0.0,0.0,0.0,0.0009276437847866419,77.0
PLAIN-2690,43,0.0,0.2960819109658652,0.21398626473452756,0.13886244387355456,0.17929931091476947,0.13146266383268024,0.17066511847668495,0.0,0.023255813953488372,0.023255813953488372,0.023255813953488372,0.09302325581395349,0.09302325581395349,0.18604651162790697,0.0,0.3333333333333333,0.2,0.1,0.2,0.08,0.08,0.0,0.5,0.5,0.5,0.5,0.5,0.5,0.0,0.011627906976744186,0.011627906976744186,0.011627906976744186,0.025415282392026575,0.025415282392026575,0.035474492311085994,2.0
PLAIN-2700,10,1.0,0.46927872602275644,0.3937481555797838,0.34958980399698025,0.34958980399698025,0.4071099279706413,0.4329089713774643,0.1,0.1,0.1,0.2,0.2,0.3,0.4,1.0,0.3333333333333333,0.2,0.2,0.1,0.06,0.04,1.0,1.0,1.0,1.0,1.0,1.0,1.0,0.1,0.1,0.1,0.12857142857142856,0.12857142857142856,0.1369047619047619,0.14417748917748915,1.0
PLAIN-2710,21,1.0,0.8826803184943108,0.7035390600827187,0.6488407251683356,0.4866612577230441,0.49425176466186954,0.49425176466186954,0.047619047619047616,0.14285714285714285,0.19047619047619047,0.23809523809523808,0.23809523809523808,0.2857142857142857,0.2857142857142857,1.0,1.0,0.8,0.5,0.25,0.12,0.06,1.0,1.0,1.0,1.0,1.0,1.0,1.0,0.047619047619047616,0.14285714285714285,0.18095238095238095,0.2206349206349206,0.2206349206349206,0.22777777777777777,0.22777777777777777,1.0
PLAIN-2720,36,0.0,0.0,0.0,0.0,0.0,0.012424010486798552,0.05404602271020124,0.0,0.0,0.0,0.0,0.0,0.027777777777777776,0.1111111111111111,0.0,0.0,0.0,0.0,0.0,0.02,0.04,0.0,0.0,0.0,0.0,0.0,0.029411764705882353,0.029411764705882353,0.0,0.0,0.0,0.0,0.0,0.0008169934640522876,0.004117890093890663,34.0
PLAIN-2730,29,1.0,0.8519590445170673,0.7469385177900298,0.5183738969811241,0.4513954727999671,0.3842984399987319,0.3842984399987319,0.034482758620689655,0.10344827586206896,0.13793103448275862,0.13793103448275862,0.1724137931034483,0.1724137931034483,0.1724137931034483,1.0,1.0,0.8,0.4,0.25,0.1,0.05,1.0,1.0,1.0,1.0,1.0,1.0,1.0,0.034482758620689655,0.10344827586206896,0.13103448275862067,0.13103448275862067,0.14670846394984324,0.14670846394984324,0.14670846394984324,1.0
PLAIN-2740,50,1.0,0.7039180890341347,0.5087403079104241,0.400426135791208,0.38324441681103727,0.25351986462682546,0.2843845790573158,0.02,0.04,0.04,0.04,0.08,0.1,0.14,1.0,0.6666666666666666,0.4,0.2,0.2,0.1,0.07,1.0,1.0,1.0,1.0,1.0,1.0,1.0,0.02,0.03333333333333333,0.03333333333333333,0.03333333333333333,0.04545454545454545,0.04808612440191387,0.05176906106992517,1.0
PLAIN-2750,59,1.0,0.5865984075284455,0.5625869702695442,0.5737680549423897,0.5784495209080773,0.4004675115071995,0.4019680759655808,0.01694915254237288,0.03389830508474576,0.06779661016949153,0.11864406779661017,0.2033898305084746,0.23728813559322035,0.288135593220339,1.0,0.6666666666666666,0.8,0.7,0.6,0.28,0.17,1.0,1.0,1.0,1.0,1.0,1.0,1.0,0.01694915254237288,0.028248587570621465,0.054519774011299434,0.08979015334947539,0.14606674482048362,0.1596260668543819,0.1718650130500785,1.0
PLAIN-2760,8,0.0,0.0,0.0,0.0,0.0,0.07532058364828942,0.1341531237696101,0.0,0.0,0.0,0.0,0.0,0.125,0.25,0.0,0.0,0.0,0.0,0.0,0.02,0.02,0.0,0.0,0.0,0.0,0.0,0.038461538461538464,0.038461538461538464,0.0,0.0,0.0,0.0,0.0,0.004807692307692308,0.008539035591274398,26.0
PLAIN-2770,41,0.0,0.23463936301137822,0.16958010263680806,0.25147527162141636,0.216043776509237,0.2705147026599629,0.3130764762410577,0.0,0.024390243902439025,0.024390243902439025,0.0975609756097561,0.12195121951219512,0.2926829268292683,0.3902439024390244,0.0,0.3333333333333333,0.2,0.4,0.25,0.24,0.16,0.0,0.3333333333333333,0.3333333333333333,0.3333333333333333,0.3333333333333333,0.3333333333333333,0.3333333333333333,0.0,0.008130081300813007,0.008130081300813007,0.03298490127758421,0.039082462253193964,0.08562264748541032,0.1072339864191484,3.0
PLAIN-2780,22,0.5,0.617319681505689,0.5773584151532217,0.43611332947772113,0.35811708483201143,0.361506115481245,0.4484698667892773,0.045454545454545456,0.13636363636363635,0.18181818181818182,0.22727272727272727,0.2727272727272727,0.3181818181818182,0.5,1.0,1.0,0.8,0.5,0.3,0.14,0.11,1.0,1.0,1.0,1.0,1.0,1.0,1.0,0.045454545454545456,0.13636363636363635,0.17272727272727273,0.19797979797979795,0.2123338649654439,0.22227704678362573,0.24887467283360667,1.0
PLAIN-2790,59,0.0,0.0,0.14606834984270645,0.09478836436955079,0.07260977561000895,0.10325511050427019,0.1366649649602551,0.0,0.0,0.01694915254237288,0.01694915254237288,0.01694915254237288,0.06779661016949153,0.13559322033898305,0.0,0.0,0.2,0.1,0.05,0.08,0.08,0.0,0.0,0.25,0.25,0.25,0.25,0.25,0.0,0.0,0.00423728813559322,0.00423728813559322,0.00423728813559322,0.00827683615819209,0.014245800718528035,4.0
PLAIN-2800,24,0.0,0.0,0.0,0.045101578792021285,0.0328234098987476,0.029953384626164956,0.029953384626164956,0.0,0.0,0.0,0.041666666666666664,0.041666666666666664,0.041666666666666664,0.041666666666666664,0.0,0.0,0.0,0.1,0.05,0.02,0.01,0.0,0.0,0.0,0.1111111111111111,0.1111111111111111,0.1111111111111111,0.1111111111111111,0.0,0.0,0.0,0.004629629629629629,0.004629629629629629,0.004629629629629629,0.004629629629629629,9.0
PLAIN-2810,8,0.0,0.0,0.0,0.0,0.0,0.0,0.0,0.0,0.0,0.0,0.0,0.0,0.0,0.0,0.0,0.0,0.0,0.0,0.0,0.0,0.0,0.0,0.0,0.0,0.0,0.0,0.0,0.0,0.0,0.0,0.0,0.0,0.0,0.0,0.0,
PLAIN-2820,8,0.0,0.0,0.0,0.0,0.0,0.0,0.0,0.0,0.0,0.0,0.0,0.0,0.0,0.0,0.0,0.0,0.0,0.0,0.0,0.0,0.0,0.0,0.0,0.0,0.0,0.0,0.0,0.0,0.0,0.0,0.0,0.0,0.0,0.0,0.0,
PLAIN-2830,3,0.0,0.0,0.0,0.2129292954931993,0.2129292954931993,0.2129292954931993,0.26212849000676214,0.0,0.0,0.0,0.3333333333333333,0.3333333333333333,0.3333333333333333,0.6666666666666666,0.0,0.0,0.0,0.1,0.05,0.02,0.02,0.0,0.0,0.0,0.14285714285714285,0.14285714285714285,0.14285714285714285,0.14285714285714285,0.0,0.0,0.0,0.047619047619047616,0.047619047619047616,0.047619047619047616,0.055109684323167464,7.0
PLAIN-2840,17,0.0,0.0,0.0,0.0,0.0,0.0,0.0,0.0,0.0,0.0,0.0,0.0,0.0,0.0,0.0,0.0,0.0,0.0,0.0,0.0,0.0,0.0,0.0,0.0,0.0,0.0,0.0,0.0,0.0,0.0,0.0,0.0,0.0,0.0,0.0,
PLAIN-2850,9,0.0,0.0,0.0,0.0,0.05142990516441994,0.05142990516441994,0.05142990516441994,0.0,0.0,0.0,0.0,0.1111111111111111,0.1111111111111111,0.1111111111111111,0.0,0.0,0.0,0.0,0.05,0.02,0.01,0.0,0.0,0.0,0.0,0.08333333333333333,0.08333333333333333,0.08333333333333333,0.0,0.0,0.0,0.0,0.009259259259259259,0.009259259259259259,0.009259259259259259,12.0
PLAIN-2860,2,1.0,1.0,1.0,1.0,1.0,1.0,1.0,0.5,1.0,1.0,1.0,1.0,1.0,1.0,1.0,0.6666666666666666,0.4,0.2,0.1,0.04,0.02,1.0,1.0,1.0,1.0,1.0,1.0,1.0,0.5,1.0,1.0,1.0,1.0,1.0,1.0,1.0
PLAIN-2870,5,0.0,0.0,0.0,0.0,0.0,0.0,0.07945467846401802,0.0,0.0,0.0,0.0,0.0,0.0,0.2,0.0,0.0,0.0,0.0,0.0,0.0,0.01,0.0,0.0,0.0,0.0,0.0,0.0,0.012195121951219513,0.0,0.0,0.0,0.0,0.0,0.0,0.0024390243902439024,82.0
PLAIN-2880,17,0.0,0.0,0.0,0.0,0.0,0.0,0.0,0.0,0.0,0.0,0.0,0.0,0.0,0.0,0.0,0.0,0.0,0.0,0.0,0.0,0.0,0.0,0.0,0.0,0.0,0.0,0.0,0.0,0.0,0.0,0.0,0.0,0.0,0.0,0.0,
PLAIN-2890,29,0.0,0.0,0.0,0.12025967902718644,0.08291597183067871,0.06693620567917628,0.08454963788498271,0.0,0.0,0.0,0.034482758620689655,0.034482758620689655,0.034482758620689655,0.06896551724137931,0.0,0.0,0.0,0.1,0.05,0.02,0.02,0.0,0.0,0.0,0.14285714285714285,0.14285714285714285,0.14285714285714285,0.14285714285714285,0.0,0.0,0.0,0.0049261083743842365,0.0049261083743842365,0.0049261083743842365,0.00627837341833285,7.0
PLAIN-2900,12,0.0,0.0,0.0,0.0,0.0,0.0,0.06354300544763461,0.0,0.0,0.0,0.0,0.0,0.0,0.25,0.0,0.0,0.0,0.0,0.0,0.0,0.03,0.0,0.0,0.0,0.0,0.0,0.0,0.0196078431372549,0.0,0.0,0.0,0.0,0.0,0.0,0.006469377874606633,51.0
PLAIN-2910,15,1.0,0.5316519652587917,0.43673949858938643,0.32391343968871883,0.26694151849573755,0.26694151849573755,0.26694151849573755,0.06666666666666667,0.06666666666666667,0.06666666666666667,0.06666666666666667,0.06666666666666667,0.06666666666666667,0.06666666666666667,1.0,0.3333333333333333,0.2,0.1,0.05,0.02,0.01,1.0,1.0,1.0,1.0,1.0,1.0,1.0,0.06666666666666667,0.06666666666666667,0.06666666666666667,0.06666666666666667,0.06666666666666667,0.06666666666666667,0.06666666666666667,1.0
PLAIN-2920,7,0.0,0.0,0.0,0.0,0.0,0.0,0.0,0.0,0.0,0.0,0.0,0.0,0.0,0.0,0.0,0.0,0.0,0.0,0.0,0.0,0.0,0.0,0.0,0.0,0.0,0.0,0.0,0.0,0.0,0.0,0.0,0.0,0.0,0.0,0.0,
PLAIN-2930,14,1.0,0.6387878864795979,0.5065267082131061,0.36077903708155934,0.338116964050025,0.338116964050025,0.36190836746681704,0.07142857142857142,0.07142857142857142,0.07142857142857142,0.07142857142857142,0.14285714285714285,0.14285714285714285,0.21428571428571427,1.0,0.3333333333333333,0.2,0.1,0.1,0.04,0.03,1.0,1.0,1.0,1.0,1.0,1.0,1.0,0.07142857142857142,0.07142857142857142,0.07142857142857142,0.07142857142857142,0.07936507936507937,0.07936507936507937,0.082010582010582,1.0
PLAIN-2940,22,0.0,0.0,0.0,0.0,0.0,0.0,0.017610263548069313,0.0,0.0,0.0,0.0,0.0,0.0,0.045454545454545456,0.0,0.0,0.0,0.0,0.0,0.0,0.01,0.0,0.0,0.0,0.0,0.0,0.0,0.013513513513513514,0.0,0.0,0.0,0.0,0.0,0.0,0.0006142506142506142,74.0
PLAIN-2950,2,0.0,0.0,0.0,0.0,0.0,0.0,0.0,0.0,0.0,0.0,0.0,0.0,0.0,0.0,0.0,0.0,0.0,0.0,0.0,0.0,0.0,0.0,0.0,0.0,0.0,0.0,0.0,0.0,0.0,0.0,0.0,0.0,0.0,0.0,0.0,
PLAIN-2960,2,0.0,0.0,0.3273949503887395,0.3273949503887395,0.3273949503887395,0.3273949503887395,0.3273949503887395,0.0,0.0,0.5,0.5,0.5,0.5,0.5,0.0,0.0,0.2,0.1,0.05,0.02,0.01,0.0,0.0,0.25,0.25,0.25,0.25,0.25,0.0,0.0,0.125,0.125,0.125,0.125,0.125,4.0
PLAIN-2970,9,0.0,0.0,0.0,0.0,0.0,0.06744086219469941,0.06744086219469941,0.0,0.0,0.0,0.0,0.0,0.1111111111111111,0.1111111111111111,0.0,0.0,0.0,0.0,0.0,0.02,0.01,0.0,0.0,0.0,0.0,0.0,0.02040816326530612,0.02040816326530612,0.0,0.0,0.0,0.0,0.0,0.0022675736961451243,0.0022675736961451243,49.0
PLAIN-2981,7,1.0,0.6387878864795979,0.5065267082131061,0.43122038713502525,0.43122038713502525,0.43122038713502525,0.43122038713502525,0.14285714285714285,0.14285714285714285,0.14285714285714285,0.14285714285714285,0.14285714285714285,0.14285714285714285,0.14285714285714285,1.0,0.3333333333333333,0.2,0.1,0.05,0.02,0.01,1.0,1.0,1.0,1.0,1.0,1.0,1.0,0.14285714285714285,0.14285714285714285,0.14285714285714285,0.14285714285714285,0.14285714285714285,0.14285714285714285,0.14285714285714285,1.0
PLAIN-2991,2,0.0,0.0,0.0,0.0,0.1532867981913646,0.1532867981913646,0.1532867981913646,0.0,0.0,0.0,0.0,0.5,0.5,0.5,0.0,0.0,0.0,0.0,0.05,0.02,0.01,0.0,0.0,0.0,0.0,0.06666666666666667,0.06666666666666667,0.06666666666666667,0.0,0.0,0.0,0.0,0.03333333333333333,0.03333333333333333,0.03333333333333333,15.0
PLAIN-3001,2,0.0,0.3065735963827292,0.3065735963827292,0.3065735963827292,0.3065735963827292,0.3065735963827292,0.3065735963827292,0.0,0.5,0.5,0.5,0.5,0.5,0.5,0.0,0.3333333333333333,0.2,0.1,0.05,0.02,0.01,0.0,0.3333333333333333,0.3333333333333333,0.3333333333333333,0.3333333333333333,0.3333333333333333,0.3333333333333333,0.0,0.16666666666666666,0.16666666666666666,0.16666666666666666,0.16666666666666666,0.16666666666666666,0.16666666666666666,3.0
PLAIN-3014,1,0.0,0.0,0.0,0.0,0.0,0.0,0.0,0.0,0.0,0.0,0.0,0.0,0.0,0.0,0.0,0.0,0.0,0.0,0.0,0.0,0.0,0.0,0.0,0.0,0.0,0.0,0.0,0.0,0.0,0.0,0.0,0.0,0.0,0.0,0.0,
PLAIN-3026,1,0.0,0.0,0.0,0.0,0.0,0.0,0.15561139140249397,0.0,0.0,0.0,0.0,0.0,0.0,1.0,0.0,0.0,0.0,0.0,0.0,0.0,0.01,0.0,0.0,0.0,0.0,0.0,0.0,0.011764705882352941,0.0,0.0,0.0,0.0,0.0,0.0,0.011764705882352941,85.0
PLAIN-3037,4,0.0,0.2960819109658652,0.24630238874073,0.24630238874073,0.34622329526186535,0.42233140797517293,0.42233140797517293,0.0,0.25,0.25,0.25,0.5,0.75,0.75,0.0,0.3333333333333333,0.2,0.1,0.1,0.06,0.03,0.0,0.5,0.5,0.5,0.5,0.5,0.5,0.0,0.125,0.125,0.125,0.1607142857142857,0.18277310924369747,0.18277310924369747,2.0
PLAIN-3053,3,0.0,0.0,0.0,0.0,0.12325583919272352,0.12325583919272352,0.19956446081626658,0.0,0.0,0.0,0.0,0.3333333333333333,0.3333333333333333,0.6666666666666666,0.0,0.0,0.0,0.0,0.05,0.02,0.02,0.0,0.0,0.0,0.0,0.07692307692307693,0.07692307692307693,0.07692307692307693,0.0,0.0,0.0,0.0,0.025641025641025644,0.025641025641025644,0.035164835164835165,13.0
PLAIN-3063,4,0.0,0.0,0.0,0.0,0.09992090652113537,0.09992090652113537,0.1613250522848715,0.0,0.0,0.0,0.0,0.25,0.25,0.5,0.0,0.0,0.0,0.0,0.05,0.02,0.02,0.0,0.0,0.0,0.0,0.07142857142857142,0.07142857142857142,0.07142857142857142,0.0,0.0,0.0,0.0,0.017857142857142856,0.017857142857142856,0.024029982363315695,14.0
PLAIN-3074,1,0.0,0.0,0.0,0.0,0.27023815442731974,0.27023815442731974,0.27023815442731974,0.0,0.0,0.0,0.0,1.0,1.0,1.0,0.0,0.0,0.0,0.0,0.05,0.02,0.01,0.0,0.0,0.0,0.0,0.08333333333333333,0.08333333333333333,0.08333333333333333,0.0,0.0,0.0,0.0,0.08333333333333333,0.08333333333333333,0.08333333333333333,12.0
PLAIN-3085,2,0.0,0.0,0.2640681225725909,0.45749452618986164,0.45749452618986164,0.45749452618986164,0.45749452618986164,0.0,0.0,0.5,1.0,1.0,1.0,1.0,0.0,0.0,0.2,0.2,0.1,0.04,0.02,0.0,0.0,0.25,0.25,0.25,0.25,0.25,0.0,0.0,0.125,0.25,0.25,0.25,0.25,4.0
PLAIN-3097,4,0.0,0.26582598262939583,0.2385191169365424,0.2385191169365424,0.2385191169365424,0.2385191169365424,0.2385191169365424,0.0,0.25,0.25,0.25,0.25,0.25,0.25,0.0,0.3333333333333333,0.2,0.1,0.05,0.02,0.01,0.0,0.3333333333333333,0.3333333333333333,0.3333333333333333,0.3333333333333333,0.3333333333333333,0.3333333333333333,0.0,0.08333333333333333,0.08333333333333333,0.08333333333333333,0.08333333333333333,0.08333333333333333,0.08333333333333333,3.0
PLAIN-3116,1,0.0,0.0,0.0,0.0,0.0,0.0,0.0,0.0,0.0,0.0,0.0,0.0,0.0,0.0,0.0,0.0,0.0,0.0,0.0,0.0,0.0,0.0,0.0,0.0,0.0,0.0,0.0,0.0,0.0,0.0,0.0,0.0,0.0,0.0,0.0,
PLAIN-3131,6,0.0,0.2960819109658652,0.24842742676916893,0.3632120304243473,0.3632120304243473,0.3632120304243473,0.3632120304243473,0.0,0.16666666666666666,0.16666666666666666,0.3333333333333333,0.3333333333333333,0.3333333333333333,0.3333333333333333,0.0,0.3333333333333333,0.2,0.2,0.1,0.04,0.02,0.0,0.5,0.5,0.5,0.5,0.5,0.5,0.0,0.08333333333333333,0.08333333333333333,0.13888888888888887,0.13888888888888887,0.13888888888888887,0.13888888888888887,2.0
PLAIN-3141,34,0.0,0.2960819109658652,0.24842742676916893,0.18905709333163617,0.16622790388530084,0.12617735545935438,0.13942429133029938,0.0,0.029411764705882353,0.029411764705882353,0.029411764705882353,0.058823529411764705,0.058823529411764705,0.08823529411764706,0.0,0.3333333333333333,0.2,0.1,0.1,0.04,0.03,0.0,0.5,0.5,0.5,0.5,0.5,0.5,0.0,0.014705882352941176,0.014705882352941176,0.014705882352941176,0.019230769230769232,0.019230769230769232,0.020407239819004525,2.0
PLAIN-3151,18,0.0,0.1480409554829326,0.2530614822099702,0.3784863870521504,0.32379128246558014,0.32379128246558014,0.3410292239839354,0.0,0.05555555555555555,0.1111111111111111,0.2222222222222222,0.2777777777777778,0.2777777777777778,0.3333333333333333,0.0,0.3333333333333333,0.4,0.4,0.25,0.1,0.06,0.0,0.5,0.5,0.5,0.5,0.5,0.5,0.0,0.027777777777777776,0.05555555555555555,0.1111111111111111,0.12962962962962965,0.12962962962962965,0.13460475400773908,2.0
PLAIN-3161,43,1.0,0.6387878864795979,0.5065267082131061,0.5373091844248921,0.37046093553989756,0.2831867356378964,0.3362443684019312,0.023255813953488372,0.023255813953488372,0.023255813953488372,0.09302325581395349,0.09302325581395349,0.16279069767441862,0.2558139534883721,1.0,0.3333333333333333,0.2,0.4,0.2,0.14,0.11,1.0,1.0,1.0,1.0,1.0,1.0,1.0,0.023255813953488372,0.023255813953488372,0.023255813953488372,0.050276854928017714,0.050276854928017714,0.06369270889150859,0.07794514549443188,1.0
PLAIN-3171,34,0.0,0.0,0.0,0.052144264846557896,0.03595213649432104,0.045821863664961514,0.045821863664961514,0.0,0.0,0.0,0.029411764705882353,0.029411764705882353,0.058823529411764705,0.058823529411764705,0.0,0.0,0.0,0.1,0.05,0.04,0.02,0.0,0.0,0.0,0.1,0.1,0.1,0.1,0.0,0.0,0.0,0.0029411764705882353,0.0029411764705882353,0.005294117647058823,0.005294117647058823,10.0
PLAIN-3181,27,0.0,0.0,0.0,0.0,0.0,0.023391566431356273,0.041033977129632575,0.0,0.0,0.0,0.0,0.0,0.037037037037037035,0.07407407407407407,0.0,0.0,0.0,0.0,0.0,0.02,0.02,0.0,0.0,0.0,0.0,0.0,0.03225806451612903,0.03225806451612903,0.0,0.0,0.0,0.0,0.0,0.0011947431302270011,0.0019506010289420425,31.0
PLAIN-3191,16,0.0,0.0,0.0,0.0,0.056002658366126154,0.09997130153465035,0.13844999670713082,0.0,0.0,0.0,0.0,0.125,0.1875,0.3125,0.0,0.0,0.0,0.0,0.1,0.06,0.05,0.0,0.0,0.0,0.0,0.06666666666666667,0.06666666666666667,0.06666666666666667,0.0,0.0,0.0,0.0,0.01111111111111111,0.016178678678678678,0.025044372843668616,15.0
PLAIN-3201,32,1.0,0.6387878864795979,0.5065267082131061,0.41768559432146335,0.2879835307477372,0.21927122605714489,0.23505432201737753,0.03125,0.03125,0.03125,0.0625,0.0625,0.0625,0.09375,1.0,0.3333333333333333,0.2,0.2,0.1,0.04,0.03,1.0,1.0,1.0,1.0,1.0,1.0,1.0,0.03125,0.03125,0.03125,0.0390625,0.0390625,0.0390625,0.04055059523809524,1.0
PLAIN-3211,18,0.0,0.0,0.0,0.0,0.0,0.0,0.0,0.0,0.0,0.0,0.0,0.0,0.0,0.0,0.0,0.0,0.0,0.0,0.0,0.0,0.0,0.0,0.0,0.0,0.0,0.0,0.0,0.0,0.0,0.0,0.0,0.0,0.0,0.0,0.0,
PLAIN-3221,24,0.0,0.0,0.0,0.0,0.0,0.0,0.018172011427131502,0.0,0.0,0.0,0.0,0.0,0.0,0.041666666666666664,0.0,0.0,0.0,0.0,0.0,0.0,0.01,0.0,0.0,0.0,0.0,0.0,0.0,0.014084507042253521,0.0,0.0,0.0,0.0,0.0,0.0,0.0005868544600938967,71.0
PLAIN-3231,8,1.0,0.6645649565734895,0.545924373236733,0.49943909610070203,0.49943909610070203,0.49943909610070203,0.5273778585676334,0.125,0.25,0.25,0.375,0.375,0.375,0.5,1.0,0.6666666666666666,0.4,0.3,0.15,0.06,0.04,1.0,1.0,1.0,1.0,1.0,1.0,1.0,0.125,0.20833333333333331,0.20833333333333331,0.24583333333333332,0.24583333333333332,0.24583333333333332,0.2517857142857143,1.0
PLAIN-3241,29,0.0,0.0,0.19595127901151166,0.13956838328637602,0.1298394182019401,0.10481645224851617,0.12065346865633034,0.0,0.0,0.034482758620689655,0.034482758620689655,0.06896551724137931,0.06896551724137931,0.10344827586206896,0.0,0.0,0.2,0.1,0.1,0.04,0.03,0.0,0.0,0.2,0.2,0.2,0.2,0.2,0.0,0.0,0.006896551724137932,0.006896551724137932,0.012643678160919542,0.012643678160919542,0.013936781609195403,5.0
PLAIN-3251,21,0.0,0.0,0.0,0.0,0.0,0.0,0.0,0.0,0.0,0.0,0.0,0.0,0.0,0.0,0.0,0.0,0.0,0.0,0.0,0.0,0.0,0.0,0.0,0.0,0.0,0.0,0.0,0.0,0.0,0.0,0.0,0.0,0.0,0.0,0.0,
PLAIN-3261,13,0.0,0.0,0.0,0.0,0.0,0.0,0.021379406583768815,0.0,0.0,0.0,0.0,0.0,0.0,0.07692307692307693,0.0,0.0,0.0,0.0,0.0,0.0,0.01,0.0,0.0,0.0,0.0,0.0,0.0,0.013333333333333334,0.0,0.0,0.0,0.0,0.0,0.0,0.0010256410256410256,75.0
PLAIN-3271,49,0.0,0.0,0.0,0.0,0.0396210670558156,0.035927260881481,0.07412644873400459,0.0,0.0,0.0,0.0,0.02040816326530612,0.04081632653061224,0.10204081632653061,0.0,0.0,0.0,0.0,0.05,0.04,0.05,0.0,0.0,0.0,0.0,0.09090909090909091,0.09090909090909091,0.09090909090909091,0.0,0.0,0.0,0.0,0.0018552875695732839,0.0027056277056277055,0.006035414905060324,11.0
PLAIN-3281,26,1.0,0.5316519652587917,0.43673949858938643,0.32391343968871883,0.23064863341239242,0.20054135674794726,0.23430800161167775,0.038461538461538464,0.038461538461538464,0.038461538461538464,0.038461538461538464,0.038461538461538464,0.038461538461538464,0.11538461538461539,1.0,0.3333333333333333,0.2,0.1,0.05,0.02,0.03,1.0,1.0,1.0,1.0,1.0,1.0,1.0,0.038461538461538464,0.038461538461538464,0.038461538461538464,0.038461538461538464,0.038461538461538464,0.038461538461538464,0.04161395074224022,1.0
PLAIN-3292,7,0.5,0.6387878864795979,0.6045023477188619,0.5864998603075046,0.7018299620880393,0.7018299620880393,0.7018299620880393,0.14285714285714285,0.2857142857142857,0.42857142857142855,0.5714285714285714,0.8571428571428571,0.8571428571428571,0.8571428571428571,1.0,0.6666666666666666,0.6,0.4,0.3,0.12,0.06,1.0,1.0,1.0,1.0,1.0,1.0,1.0,0.14285714285714285,0.23809523809523808,0.3238095238095238,0.40544217687074824,0.5316017316017315,0.5316017316017315,0.5316017316017315,1.0
PLAIN-3302,37,0.0,0.0,0.10907458963273321,0.07768953695765951,0.0846584374725252,0.05904920072653568,0.1276554824295859,0.0,0.0,0.02702702702702703,0.02702702702702703,0.05405405405405406,0.05405405405405406,0.1891891891891892,0.0,0.0,0.2,0.1,0.1,0.04,0.07,0.0,0.0,0.25,0.25,0.25,0.25,0.25,0.0,0.0,0.006756756756756757,0.006756756756756757,0.01036036036036036,0.01036036036036036,0.01851867549544962,4.0
PLAIN-3312,13,0.0,0.0,0.06560253875617089,0.047283507740116394,0.1544249150035773,0.2815596926633153,0.29958143211596894,0.0,0.0,0.07692307692307693,0.07692307692307693,0.3076923076923077,0.6153846153846154,0.6923076923076923,0.0,0.0,0.2,0.1,0.2,0.16,0.09,0.0,0.0,0.2,0.2,0.2,0.2,0.2,0.0,0.0,0.015384615384615385,0.015384615384615385,0.06183431952662722,0.11803732704542422,0.1277881396131382,5.0
PLAIN-3322,79,0.0,0.2960819109658652,0.21398626473452756,0.13886244387355456,0.12248225777092045,0.11220552447209468,0.15351920012176798,0.0,0.012658227848101266,0.012658227848101266,0.012658227848101266,0.02531645569620253,0.06329113924050633,0.16455696202531644,0.0,0.3333333333333333,0.2,0.1,0.1,0.1,0.13,0.0,0.5,0.5,0.5,0.5,0.5,0.5,0.0,0.006329113924050633,0.006329113924050633,0.006329113924050633,0.007661558960692871,0.011961405481579708,0.024074783146553393,2.0
PLAIN-3332,14,0.5,0.47909091485969846,0.6849208998040744,0.5520982410383866,0.5389296346715138,0.5981236923364202,0.5981236923364202,0.07142857142857142,0.14285714285714285,0.2857142857142857,0.35714285714285715,0.5,0.6428571428571429,0.6428571428571429,1.0,0.6666666666666666,0.8,0.5,0.35,0.18,0.09,1.0,1.0,1.0,1.0,1.0,1.0,1.0,0.07142857142857142,0.11904761904761904,0.22976190476190478,0.28928571428571426,0.35166451195862963,0.3879282482223659,0.3879282482223659,1.0
PLAIN-3342,3,0.0,0.0,0.0,0.0,0.0,0.0,0.08192828963762955,0.0,0.0,0.0,0.0,0.0,0.0,0.3333333333333333,0.0,0.0,0.0,0.0,0.0,0.0,0.01,0.0,0.0,0.0,0.0,0.0,0.0,0.019230769230769232,0.0,0.0,0.0,0.0,0.0,0.0,0.006410256410256411,52.0
PLAIN-3352,39,0.0,0.0,0.0,0.0,0.0,0.01568063587702096,0.028448814153716872,0.0,0.0,0.0,0.0,0.0,0.02564102564102564,0.05128205128205128,0.0,0.0,0.0,0.0,0.0,0.02,0.02,0.0,0.0,0.0,0.0,0.0,0.030303030303030304,0.030303030303030304,0.0,0.0,0.0,0.0,0.0,0.000777000777000777,0.001460761460761461,33.0
PLAIN-3362,11,1.0,0.6993694869720469,0.5745154706993483,0.4260967530293621,0.4076791602298696,0.4076791602298696,0.4076791602298696,0.09090909090909091,0.18181818181818182,0.18181818181818182,0.18181818181818182,0.18181818181818182,0.18181818181818182,0.18181818181818182,1.0,0.6666666666666666,0.4,0.2,0.1,0.04,0.02,1.0,1.0,1.0,1.0,1.0,1.0,1.0,0.09090909090909091,0.18181818181818182,0.18181818181818182,0.18181818181818182,0.18181818181818182,0.18181818181818182,0.18181818181818182,1.0
PLAIN-3372,14,0.0,0.0,0.0,0.0,0.07400927683483746,0.07400927683483746,0.07400927683483746,0.0,0.0,0.0,0.0,0.07142857142857142,0.07142857142857142,0.07142857142857142,0.0,0.0,0.0,0.0,0.05,0.02,0.01,0.0,0.0,0.0,0.0,0.0625,0.0625,0.0625,0.0,0.0,0.0,0.0,0.004464285714285714,0.004464285714285714,0.004464285714285714,16.0
PLAIN-3382,14,0.5,0.566456495657349,0.46533059605200167,0.39621004977750407,0.33779353875535845,0.5080549428363103,0.5080549428363103,0.07142857142857142,0.21428571428571427,0.21428571428571427,0.2857142857142857,0.2857142857142857,0.5714285714285714,0.5714285714285714,1.0,1.0,0.6,0.4,0.2,0.16,0.08,1.0,1.0,1.0,1.0,1.0,1.0,1.0,0.07142857142857142,0.21428571428571427,0.21428571428571427,0.25,0.25,0.3151820728291317,0.3151820728291317,1.0
PLAIN-3392,23,0.0,0.0,0.0,0.0,0.0,0.0,0.04154629585999709,0.0,0.0,0.0,0.0,0.0,0.0,0.08695652173913043,0.0,0.0,0.0,0.0,0.0,0.0,0.02,0.0,0.0,0.0,0.0,0.0,0.0,0.015151515151515152,0.0,0.0,0.0,0.0,0.0,0.0,0.001669883874130588,66.0
PLAIN-3402,14,0.0,0.0,0.0,0.0,0.0,0.0,0.0,0.0,0.0,0.0,0.0,0.0,0.0,0.0,0.0,0.0,0.0,0.0,0.0,0.0,0.0,0.0,0.0,0.0,0.0,0.0,0.0,0.0,0.0,0.0,0.0,0.0,0.0,0.0,0.0,
PLAIN-3412,49,0.0,0.16771752171325524,0.13777597210996176,0.25407653438524264,0.2374657505879971,0.16906032621750863,0.18090447489772282,0.0,0.02040816326530612,0.02040816326530612,0.08163265306122448,0.12244897959183673,0.16326530612244897,0.1836734693877551,0.0,0.3333333333333333,0.2,0.4,0.3,0.16,0.09,0.0,0.5,0.5,0.5,0.5,0.5,0.5,0.0,0.01020408163265306,0.01020408163265306,0.031851311953352765,0.04582305449652387,0.05298381353698216,0.056150597491943455,2.0
PLAIN-3422,31,0.0,0.0,0.07303417492135322,0.12534269708386395,0.16591655492499358,0.2118962156088658,0.22361386721908505,0.0,0.0,0.03225806451612903,0.0967741935483871,0.1935483870967742,0.3225806451612903,0.3548387096774194,0.0,0.0,0.2,0.3,0.3,0.2,0.11,0.0,0.0,0.25,0.25,0.25,0.25,0.25,0.0,0.0,0.008064516129032258,0.028033794162826423,0.060597332774752134,0.09549530063204678,0.09971957098534939,4.0
PLAIN-3432,42,0.0,0.0,0.0,0.07839826897867534,0.05059568297461705,0.06526659523726534,0.09506151246303529,0.0,0.0,0.0,0.023809523809523808,0.023809523809523808,0.07142857142857142,0.11904761904761904,0.0,0.0,0.0,0.1,0.05,0.06,0.05,0.0,0.0,0.0,0.16666666666666666,0.16666666666666666,0.16666666666666666,0.16666666666666666,0.0,0.0,0.0,0.003968253968253968,0.003968253968253968,0.007392772711921647,0.01112030539166021,6.0
PLAIN-3442,29,0.0,0.0,0.0,0.0,0.0,0.01786657310911121,0.01786657310911121,0.0,0.0,0.0,0.0,0.0,0.034482758620689655,0.034482758620689655,0.0,0.0,0.0,0.0,0.0,0.02,0.01,0.0,0.0,0.0,0.0,0.0,0.03571428571428571,0.03571428571428571,0.0,0.0,0.0,0.0,0.0,0.0012315270935960591,0.0012315270935960591,28.0
PLAIN-3452,17,1.0,0.6993694869720469,0.5745154706993483,0.4837869006383634,0.37448088517016864,0.40115168467928025,0.4200209199165133,0.058823529411764705,0.11764705882352941,0.11764705882352941,0.17647058823529413,0.17647058823529413,0.23529411764705882,0.29411764705882354,1.0,0.6666666666666666,0.4,0.3,0.15,0.08,0.05,1.0,1.0,1.0,1.0,1.0,1.0,1.0,0.058823529411764705,0.11764705882352941,0.11764705882352941,0.14705882352941177,0.14705882352941177,0.15647058823529414,0.15944147355912064,1.0
PLAIN-3462,64,0.0,0.23463936301137822,0.4468535299918563,0.4256628105513782,0.3778297946320451,0.3412559583759721,0.3255031079871411,0.0,0.015625,0.046875,0.078125,0.125,0.21875,0.25,0.0,0.3333333333333333,0.6,0.5,0.4,0.28,0.16,0.0,0.3333333333333333,0.3333333333333333,0.3333333333333333,0.3333333333333333,0.3333333333333333,0.3333333333333333,0.0,0.005208333333333333,0.02239583333333333,0.03888888888888889,0.060689484126984126,0.08832401761517615,0.09457969755569168,3.0
PLAIN-3472,17,0.0,0.0,0.06560253875617089,0.05163532490696953,0.041622720451157426,0.06170524535273537,0.0973062235217967,0.0,0.0,0.058823529411764705,0.058823529411764705,0.058823529411764705,0.11764705882352941,0.17647058823529413,0.0,0.0,0.2,0.1,0.05,0.04,0.03,0.0,0.0,0.2,0.2,0.2,0.2,0.2,0.0,0.0,0.011764705882352941,0.011764705882352941,0.011764705882352941,0.014705882352941176,0.01742081447963801,5.0
