query_id,n_relevant,ndcg@1,ndcg@3,ndcg@5,ndcg@10,ndcg@20,ndcg@50,ndcg@100,recall@1,recall@3,recall@5,recall@10,recall@20,recall@50,recall@100,precision@1,precision@3,precision@5,precision@10,precision@20,precision@50,precision@100,mrr@1,mrr@3,mrr@5,mrr@10,mrr@20,mrr@50,mrr@100,map@1,map@3,map@5,map@10,map@20,map@50,map@100,first_relevant_rank
PLAIN-2,24,1.0,0.8826803184943108,0.7840048711692542,0.6900990987969842,0.6411647678549421,0.6256246112753203,0.6525830999352483,0.041666666666666664,0.125,0.16666666666666666,0.25,0.375,0.4583333333333333,0.5416666666666666,1.0,1.0,0.8,0.6,0.45,0.22,0.13,1.0,1.0,1.0,1.0,1.0,1.0,1.0,0.041666666666666664,0.125,0.16666666666666666,0.23710317460317457,0.2969887955182073,0.32132037972610333,0.3336410752659769,1.0
PLAIN-12,30,0.0,0.0,0.0,0.03855803981329107,0.029542700759909366,0.14174954601114012,0.14174954601114012,0.0,0.0,0.0,0.03333333333333333,0.03333333333333333,0.16666666666666666,0.16666666666666666,0.0,0.0,0.0,0.1,0.05,0.1,0.05,0.0,0.0,0.0,0.125,0.125,0.125,0.125,0.0,0.0,0.0,0.004166666666666667,0.004166666666666667,0.015429416447430037,0.015429416447430037,8.0
PLAIN-23,90,0.0,0.5307212739772434,0.5296347172140421,0.3436966913921455,0.30959471014557016,0.24400968423075226,0.1843700343511254,0.0,0.022222222222222223,0.03333333333333333,0.03333333333333333,0.05555555555555555,0.07777777777777778,0.08888888888888889,0.0,0.6666666666666666,0.6,0.3,0.25,0.14,0.08,0.0,0.5,0.5,0.5,0.5,0.5,0.5,0.0,0.01296296296296296,0.021296296296296296,0.021296296296296296,0.026543209876543208,0.03325316658649992,0.03452300785634119,2.0
PLAIN-33,32,0.0,0.2960819109658652,0.21398626473452756,0.2191991782183206,0.21725336485407537,0.23512842970207645,0.26868306480588594,0.0,0.03125,0.03125,0.0625,0.09375,0.15625,0.25,0.0,0.3333333333333333,0.2,0.2,0.15,0.1,0.08,0.0,0.5,0.5,0.5,0.5,0.5,0.5,0.0,0.015625,0.015625,0.024553571428571428,0.03176510989010989,0.04052436058391192,0.047941639995676626,2.0
PLAIN-44,58,1.0,0.7653606369886217,0.6187490087643146,0.4649092011175405,0.35270520544139683,0.33588444375145676,0.3472644604684751,0.017241379310344827,0.034482758620689655,0.05172413793103448,0.05172413793103448,0.05172413793103448,0.1724137931034483,0.22413793103448276,1.0,0.6666666666666666,0.6,0.3,0.15,0.2,0.13,1.0,1.0,1.0,1.0,1.0,1.0,1.0,0.017241379310344827,0.034482758620689655,0.04482758620689655,0.04482758620689655,0.04482758620689655,0.06946455084088854,0.07960699265778975,1.0
PLAIN-56,50,1.0,0.8519590445170673,0.88549505236793,0.7290703592267811,0.5394952379545843,0.3739279867619195,0.3954386804483932,0.02,0.06,0.1,0.12,0.12,0.18,0.22,1.0,1.0,1.0,0.6,0.3,0.18,0.11,1.0,1.0,1.0,1.0,1.0,1.0,1.0,0.02,0.06,0.1,0.11333333333333334,0.11333333333333334,0.12873280423280423,0.1353312447786132,1.0
PLAIN-68,55,1.0,0.7984848580994974,0.6331583852663827,0.5111036358655424,0.3523928802803845,0.2311156024467572,0.2401886283611861,0.01818181818181818,0.03636363636363636,0.03636363636363636,0.05454545454545454,0.05454545454545454,0.09090909090909091,0.12727272727272726,1.0,0.6666666666666666,0.4,0.3,0.15,0.1,0.07,1.0,1.0,1.0,1.0,1.0,1.0,1.0,0.01818181818181818,0.0303030303030303,0.0303030303030303,0.03809523809523809,0.03809523809523809,0.04236521054702872,0.04616686343959071,1.0
PLAIN-78,62,0.0,0.11731968150568911,0.08479005131840403,0.1039043617968965,0.14968286453679536,0.09556976450103956,0.09345599332067488,0.0,0.016129032258064516,0.016129032258064516,0.03225806451612903,0.06451612903225806,0.06451612903225806,0.08064516129032258,0.0,0.3333333333333333,0.2,0.2,0.2,0.08,0.05,0.0,0.3333333333333333,0.3333333333333333,0.3333333333333333,0.3333333333333333,0.3333333333333333,0.3333333333333333,0.0,0.005376344086021505,0.005376344086021505,0.009408602150537633,0.01683644595359366,0.01683644595359366,0.017844510469722692,3.0
PLAIN-91,64,1.0,0.7039180890341347,0.5743428466665951,0.4759419367770814,0.38926713456355144,0.35224492396845875,0.3685843716551423,0.015625,0.03125,0.046875,0.078125,0.09375,0.203125,0.3125,1.0,0.6666666666666666,0.6,0.5,0.3,0.26,0.2,1.0,1.0,1.0,1.0,1.0,1.0,1.0,0.015625,0.026041666666666664,0.035416666666666666,0.05451388888888889,0.059722222222222225,0.0969468647058161,0.12496256693870839,1.0
PLAIN-102,24,0.0,0.3354350434265105,0.2755519442199235,0.2554582833516082,0.18190385680059276,0.2045171110477225,0.2045171110477225,0.0,0.041666666666666664,0.041666666666666664,0.08333333333333333,0.08333333333333333,0.125,0.125,0.0,0.3333333333333333,0.2,0.2,0.1,0.06,0.03,0.0,0.5,0.5,0.5,0.5,0.5,0.5,0.0,0.020833333333333332,0.020833333333333332,0.03125,0.03125,0.0344551282051282,0.0344551282051282,2.0
PLAIN-112,56,1.0,0.8826803184943108,0.7608868021767609,0.6788674686238865,0.5023462576551507,0.3376098263644003,0.3454283140587451,0.017857142857142856,0.05357142857142857,0.07142857142857142,0.08928571428571429,0.08928571428571429,0.125,0.17857142857142858,1.0,1.0,0.8,0.5,0.25,0.14,0.1,1.0,1.0,1.0,1.0,1.0,1.0,1.0,0.017857142857142856,0.05357142857142857,0.07142857142857142,0.08258928571428571,0.08258928571428571,0.08975894532296971,0.09615400334617899,1.0
PLAIN-123,51,0.0,0.0,0.0,0.038356439954197026,0.029099264978034545,0.0185793471397688,0.04669677444634354,0.0,0.0,0.0,0.0196078431372549,0.0196078431372549,0.0196078431372549,0.058823529411764705,0.0,0.0,0.0,0.1,0.05,0.02,0.03,0.0,0.0,0.0,0.1111111111111111,0.1111111111111111,0.1111111111111111,0.1111111111111111,0.0,0.0,0.0,0.0021786492374727667,0.0021786492374727667,0.0021786492374727667,0.003304722156600257,9.0
PLAIN-133,36,0.0,0.0,0.0,0.0,0.04713491550304397,0.06503041087255164,0.06503041087255164,0.0,0.0,0.0,0.0,0.027777777777777776,0.05555555555555555,0.05555555555555555,0.0,0.0,0.0,0.0,0.05,0.04,0.02,0.0,0.0,0.0,0.0,0.05555555555555555,0.05555555555555555,0.05555555555555555,0.0,0.0,0.0,0.0,0.0015432098765432098,0.0032267115600448934,0.0032267115600448934,18.0
PLAIN-143,51,1.0,0.6645649565734895,0.7340178372639096,0.5443937249297496,0.3876457513278715,0.2313601218595618,0.27285748427581336,0.0196078431372549,0.0392156862745098,0.058823529411764705,0.058823529411764705,0.058823529411764705,0.058823529411764705,0.13725490196078433,1.0,0.6666666666666666,0.6,0.3,0.15,0.06,0.07,1.0,1.0,1.0,1.0,1.0,1.0,1.0,0.0196078431372549,0.0326797385620915,0.04738562091503268,0.04738562091503268,0.04738562091503268,0.04738562091503268,0.05341278232691044,1.0
PLAIN-153,47,1.0,1.0,1.0,0.9357439570168183,0.7993050961743612,0.5284003938996655,0.5411184591072365,0.02127659574468085,0.06382978723404255,0.10638297872340426,0.19148936170212766,0.2978723404255319,0.3617021276595745,0.3829787234042553,1.0,1.0,1.0,0.9,0.7,0.34,0.18,1.0,1.0,1.0,1.0,1.0,1.0,1.0,0.02127659574468085,0.06382978723404255,0.10638297872340426,0.1812985477879095,0.2630276933468423,0.30330610193046,0.30990918336846435,1.0
PLAIN-165,36,0.5,0.38268031849431083,0.5668271812320558,0.5280415687221162,0.4673340080173888,0.34377052374431294,0.40967403838071387,0.027777777777777776,0.05555555555555555,0.1111111111111111,0.16666666666666666,0.25,0.25,0.3333333333333333,1.0,0.6666666666666666,0.8,0.6,0.45,0.18,0.12,1.0,1.0,1.0,1.0,1.0,1.0,1.0,0.027777777777777776,0.05555555555555555,0.09861111111111111,0.1384259259259259,0.18439153439153436,0.18439153439153436,0.19761504410607034,1.0
PLAIN-175,37,0.5,0.617319681505689,0.44615333764087994,0.3987092340784851,0.29905079905717424,0.2216677939935669,0.266695172134823,0.02702702702702703,0.08108108108108109,0.08108108108108109,0.10810810810810811,0.10810810810810811,0.10810810810810811,0.16216216216216217,1.0,1.0,0.6,0.4,0.2,0.08,0.06,1.0,1.0,1.0,1.0,1.0,1.0,1.0,0.02702702702702703,0.08108108108108109,0.08108108108108109,0.0990990990990991,0.0990990990990991,0.0990990990990991,0.10220848178733681,1.0
PLAIN-186,24,1.0,0.46927872602275644,0.3391602052736161,0.2200917662980802,0.1420400396336573,0.12627825946936164,0.12627825946936164,0.041666666666666664,0.041666666666666664,0.041666666666666664,0.041666666666666664,0.041666666666666664,0.041666666666666664,0.041666666666666664,1.0,0.3333333333333333,0.2,0.1,0.05,0.02,0.01,1.0,1.0,1.0,1.0,1.0,1.0,1.0,0.041666666666666664,0.041666666666666664,0.041666666666666664,0.041666666666666664,0.041666666666666664,0.041666666666666664,0.041666666666666664,1.0
PLAIN-196,69,1.0,0.7039180890341347,0.6548086577531307,0.4249260138166711,0.3431808761216456,0.21913795530599614,0.17548518589468254,0.014492753623188406,0.028985507246376812,0.043478260869565216,0.043478260869565216,0.07246376811594203,0.10144927536231885,0.10144927536231885,1.0,0.6666666666666666,0.6,0.3,0.25,0.14,0.07,1.0,1.0,1.0,1.0,1.0,1.0,1.0,0.014492753623188406,0.024154589371980673,0.03502415458937198,0.03502415458937198,0.042914653784219,0.04952164440655489,0.04952164440655489,1.0
PLAIN-207,55,1.0,0.7039180890341347,0.639945385422766,0.6306637463657284,0.48393760718412393,0.343688882108364,0.3450721689495832,0.01818181818181818,0.03636363636363636,0.05454545454545454,0.10909090909090909,0.14545454545454545,0.23636363636363636,0.2727272727272727,1.0,0.6666666666666666,0.6,0.6,0.4,0.26,0.15,1.0,1.0,1.0,1.0,1.0,1.0,1.0,0.01818181818181818,0.0303030303030303,0.041212121212121214,0.07722943722943723,0.09998849635213274,0.13468940150758338,0.14148310490443505,1.0
PLAIN-217,36,0.0,0.0,0.0,0.0,0.0,0.039058430571422276,0.06834191388497522,0.0,0.0,0.0,0.0,0.0,0.05555555555555555,0.1111111111111111,0.0,0.0,0.0,0.0,0.0,0.04,0.04,0.0,0.0,0.0,0.0,0.0,0.038461538461538464,0.038461538461538464,0.0,0.0,0.0,0.0,0.0,0.0026556776556776554,0.004669208583512707,26.0
PLAIN-227,40,0.0,0.0,0.0,0.07336392209936006,0.04734667987788576,0.030054309876323192,0.030054309876323192,0.0,0.0,0.0,0.025,0.025,0.025,0.025,0.0,0.0,0.0,0.1,0.05,0.02,0.01,0.0,0.0,0.0,0.14285714285714285,0.14285714285714285,0.14285714285714285,0.14285714285714285,0.0,0.0,0.0,0.0035714285714285713,0.0035714285714285713,0.0035714285714285713,0.0035714285714285713,7.0
PLAIN-238,54,0.0,0.0,0.0,0.06943122193677728,0.04480864360167173,0.024458940503554776,0.03459326064543244,0.0,0.0,0.0,0.018518518518518517,0.018518518518518517,0.018518518518518517,0.037037037037037035,0.0,0.0,0.0,0.1,0.05,0.02,0.02,0.0,0.0,0.0,0.125,0.125,0.125,0.125,0.0,0.0,0.0,0.0023148148148148147,0.0023148148148148147,0.0023148148148148147,0.002740527884206045,8.0
PLAIN-248,31,1.0,0.46927872602275644,0.4703652827859579,0.3836331529183765,0.3547820938004942,0.3119852256197011,0.32817022169380916,0.03225806451612903,0.03225806451612903,0.06451612903225806,0.0967741935483871,0.1935483870967742,0.25806451612903225,0.2903225806451613,1.0,0.3333333333333333,0.4,0.3,0.3,0.16,0.09,1.0,1.0,1.0,1.0,1.0,1.0,1.0,0.03225806451612903,0.03225806451612903,0.04516129032258064,0.06129032258064516,0.09350885515496522,0.11237493531136795,0.11539912885975505,1.0
PLAIN-259,14,1.0,0.7039180890341347,0.5087403079104241,0.3301376494471203,0.2673154472919771,0.2673154472919771,0.296293923110834,0.07142857142857142,0.14285714285714285,0.14285714285714285,0.14285714285714285,0.14285714285714285,0.14285714285714285,0.21428571428571427,1.0,0.6666666666666666,0.4,0.2,0.1,0.04,0.03,1.0,1.0,1.0,1.0,1.0,1.0,1.0,0.07142857142857142,0.11904761904761904,0.11904761904761904,0.11904761904761904,0.11904761904761904,0.11904761904761904,0.12210884353741495,1.0
PLAIN-270,52,1.0,0.46927872602275644,0.3391602052736161,0.29345568839744024,0.18938671951154304,0.14588519335799222,0.15393723634770334,0.019230769230769232,0.019230769230769232,0.019230769230769232,0.038461538461538464,0.038461538461538464,0.09615384615384616,0.11538461538461539,1.0,0.3333333333333333,0.2,0.2,0.1,0.1,0.06,1.0,1.0,1.0,1.0,1.0,1.0,1.0,0.019230769230769232,0.019230769230769232,0.019230769230769232,0.024725274725274724,0.024725274725274724,0.02995579682265089,0.031398104514958586,1.0
PLAIN-280,20,1.0,0.7653606369886217,0.5531464700081437,0.35895421017163476,0.30479213770125224,0.3884528129421167,0.43615580507901663,0.05,0.1,0.1,0.1,0.2,0.35,0.45,1.0,0.6666666666666666,0.4,0.2,0.2,0.14,0.09,1.0,1.0,1.0,1.0,1.0,1.0,1.0,0.05,0.1,0.1,0.1,0.125,0.15166666666666667,0.1655518646470015,1.0
PLAIN-291,13,0.0,0.23463936301137822,0.3156484524795145,0.20483424751859092,0.17378315355746052,0.2135087486341684,0.24264221338704087,0.0,0.07692307692307693,0.15384615384615385,0.15384615384615385,0.15384615384615385,0.23076923076923078,0.3076923076923077,0.0,0.3333333333333333,0.4,0.2,0.1,0.06,0.04,0.0,0.3333333333333333,0.3333333333333333,0.3333333333333333,0.3333333333333333,0.3333333333333333,0.3333333333333333,0.0,0.02564102564102564,0.0641025641025641,0.0641025641025641,0.0641025641025641,0.07333333333333333,0.07699633699633698,3.0
PLAIN-307,3,1.0,0.7653606369886217,0.9674679834891693,0.9674679834891693,0.9674679834891693,0.9674679834891693,0.9674679834891693,0.3333333333333333,0.6666666666666666,1.0,1.0,1.0,1.0,1.0,1.0,0.6666666666666666,0.6,0.3,0.15,0.06,0.03,1.0,1.0,1.0,1.0,1.0,1.0,1.0,0.3333333333333333,0.6666666666666666,0.9166666666666666,0.9166666666666666,0.9166666666666666,0.9166666666666666,0.9166666666666666,1.0
PLAIN-320,42,0.0,0.0,0.0,0.0,0.03286497056757699,0.07437687167616096,0.18526206796930825,0.0,0.0,0.0,0.0,0.023809523809523808,0.09523809523809523,0.2857142857142857,0.0,0.0,0.0,0.0,0.05,0.08,0.12,0.0,0.0,0.0,0.0,0.05263157894736842,0.05263157894736842,0.05263157894736842,0.0,0.0,0.0,0.0,0.0012531328320802004,0.008708640287587657,0.028891715853053015,19.0
PLAIN-332,2,1.0,0.6131471927654584,0.6131471927654584,0.6131471927654584,0.6131471927654584,0.6131471927654584,0.6131471927654584,0.5,0.5,0.5,0.5,0.5,0.5,0.5,1.0,0.3333333333333333,0.2,0.1,0.05,0.02,0.01,1.0,1.0,1.0,1.0,1.0,1.0,1.0,0.5,0.5,0.5,0.5,0.5,0.5,0.5,1.0
PLAIN-344,61,0.0,0.41340159247155434,0.2987763160529316,0.23516486475074658,0.25039832062475637,0.2452766014251166,0.2833070508426433,0.0,0.03278688524590164,0.03278688524590164,0.03278688524590164,0.06557377049180328,0.14754098360655737,0.2459016393442623,0.0,0.6666666666666666,0.4,0.2,0.2,0.18,0.15,0.0,0.5,0.5,0.5,0.5,0.5,0.5,0.0,0.019125683060109287,0.019125683060109287,0.019125683060109287,0.026502732240437154,0.0440844206535073,0.06135410977358393,2.0
PLAIN-358,3,0.0,0.0,0.0,0.0,0.0,0.0,0.07510950231304947,0.0,0.0,0.0,0.0,0.0,0.0,0.3333333333333333,0.0,0.0,0.0,0.0,0.0,0.0,0.01,0.0,0.0,0.0,0.0,0.0,0.0,0.013333333333333334,0.0,0.0,0.0,0.0,0.0,0.0,0.0044444444444444444,75.0
PLAIN-371,2,0.5,0.38009376671593426,0.38009376671593426,0.6199062332840657,0.6199062332840657,0.6199062332840657,0.6199062332840657,0.5,0.5,0.5,1.0,1.0,1.0,1.0,1.0,0.3333333333333333,0.2,0.2,0.1,0.04,0.02,1.0,1.0,1.0,1.0,1.0,1.0,1.0,0.5,0.5,0.5,0.625,0.625,0.625,0.625,1.0
PLAIN-383,5,0.0,0.0,0.14606834984270645,0.14606834984270645,0.14606834984270645,0.14606834984270645,0.2008615353437481,0.0,0.0,0.2,0.2,0.2,0.2,0.4,0.0,0.0,0.2,0.1,0.05,0.02,0.02,0.0,0.0,0.25,0.25,0.25,0.25,0.25,0.0,0.0,0.05,0.05,0.05,0.05,0.05555555555555556,4.0
PLAIN-395,3,0.0,0.0,0.0,0.0,0.0,0.0,0.0,0.0,0.0,0.0,0.0,0.0,0.0,0.0,0.0,0.0,0.0,0.0,0.0,0.0,0.0,0.0,0.0,0.0,0.0,0.0,0.0,0.0,0.0,0.0,0.0,0.0,0.0,0.0,0.0,
PLAIN-407,3,1.0,0.6387878864795979,0.6387878864795979,0.6387878864795979,0.6387878864795979,0.6387878864795979,0.6387878864795979,0.3333333333333333,0.3333333333333333,0.3333333333333333,0.3333333333333333,0.3333333333333333,0.3333333333333333,0.3333333333333333,1.0,0.3333333333333333,0.2,0.1,0.05,0.02,0.01,1.0,1.0,1.0,1.0,1.0,1.0,1.0,0.3333333333333333,0.3333333333333333,0.3333333333333333,0.3333333333333333,0.3333333333333333,0.3333333333333333,0.3333333333333333,1.0
PLAIN-418,3,1.0,0.7974779478881874,0.7974779478881874,0.7974779478881874,0.7974779478881874,0.7974779478881874,0.8436692909039218,0.3333333333333333,0.6666666666666666,0.6666666666666666,0.6666666666666666,0.6666666666666666,0.6666666666666666,1.0,1.0,0.6666666666666666,0.4,0.2,0.1,0.04,0.03,1.0,1.0,1.0,1.0,1.0,1.0,1.0,0.3333333333333333,0.5555555555555555,0.5555555555555555,0.5555555555555555,0.5555555555555555,0.5555555555555555,0.5744234800838574,1.0
PLAIN-430,8,1.0,0.7039180890341347,0.5087403079104241,0.5312528594318726,0.5312528594318726,0.5312528594318726,0.620514926667668,0.125,0.25,0.25,0.375,0.375,0.375,0.625,1.0,0.6666666666666666,0.4,0.3,0.15,0.06,0.05,1.0,1.0,1.0,1.0,1.0,1.0,1.0,0.125,0.20833333333333331,0.20833333333333331,0.26190476190476186,0.26190476190476186,0.26190476190476186,0.27444562184944377,1.0
PLAIN-441,5,1.0,0.9651954696014428,0.9714089025373848,0.9714089025373848,0.9714089025373848,0.9714089025373848,0.9714089025373848,0.2,0.6,1.0,1.0,1.0,1.0,1.0,1.0,1.0,1.0,0.5,0.25,0.1,0.05,1.0,1.0,1.0,1.0,1.0,1.0,1.0,0.2,0.6,1.0,1.0,1.0,1.0,1.0,1.0
PLAIN-457,5,0.0,0.0,0.0,0.0,0.0,0.0,0.0,0.0,0.0,0.0,0.0,0.0,0.0,0.0,0.0,0.0,0.0,0.0,0.0,0.0,0.0,0.0,0.0,0.0,0.0,0.0,0.0,0.0,0.0,0.0,0.0,0.0,0.0,0.0,0.0,
PLAIN-468,10,0.0,0.26582598262939583,0.21836974929469322,0.25946438118935966,0.25946438118935966,0.25946438118935966,0.25946438118935966,0.0,0.1,0.1,0.2,0.2,0.2,0.2,0.0,0.3333333333333333,0.2,0.2,0.1,0.04,0.02,0.0,0.3333333333333333,0.3333333333333333,0.3333333333333333,0.3333333333333333,0.3333333333333333,0.3333333333333333,0.0,0.03333333333333333,0.03333333333333333,0.05555555555555556,0.05555555555555556,0.05555555555555556,0.05555555555555556,3.0
PLAIN-478,1,0.0,0.0,0.0,0.0,0.0,0.0,0.0,0.0,0.0,0.0,0.0,0.0,0.0,0.0,0.0,0.0,0.0,0.0,0.0,0.0,0.0,0.0,0.0,0.0,0.0,0.0,0.0,0.0,0.0,0.0,0.0,0.0,0.0,0.0,0.0,
PLAIN-488,15,1.0,1.0,1.0,1.0,0.8212782271496053,0.8212782271496053,0.8212782271496053,0.06666666666666667,0.2,0.3333333333333333,0.6666666666666666,0.7333333333333333,0.7333333333333333,0.7333333333333333,1.0,1.0,1.0,1.0,0.55,0.22,0.11,1.0,1.0,1.0,1.0,1.0,1.0,1.0,0.06666666666666667,0.2,0.3333333333333333,0.6666666666666666,0.7277777777777777,0.7277777777777777,0.7277777777777777,1.0
PLAIN-499,34,0.0,0.5307212739772434,0.38356636737133565,0.4006705181006301,0.25857966987267494,0.20341632422861514,0.21981122120948435,0.0,0.058823529411764705,0.058823529411764705,0.11764705882352941,0.11764705882352941,0.14705882352941177,0.17647058823529413,0.0,0.6666666666666666,0.4,0.4,0.2,0.1,0.06,0.0,0.5,0.5,0.5,0.5,0.5,0.5,0.0,0.034313725490196074,0.034313725490196074,0.06582633053221289,0.06582633053221289,0.0708973244470202,0.07345486920405343,2.0
PLAIN-510,6,0.0,0.0,0.0,0.10086747116627115,0.10086747116627115,0.15734894129254845,0.2028951429042775,0.0,0.0,0.0,0.16666666666666666,0.16666666666666666,0.3333333333333333,0.5,0.0,0.0,0.0,0.1,0.05,0.04,0.03,0.0,0.0,0.0,0.14285714285714285,0.14285714285714285,0.14285714285714285,0.14285714285714285,0.0,0.0,0.0,0.023809523809523808,0.023809523809523808,0.03214285714285714,0.03719336219336219,7.0
PLAIN-520,1,0.0,0.0,0.0,0.0,0.0,0.0,0.0,0.0,0.0,0.0,0.0,0.0,0.0,0.0,0.0,0.0,0.0,0.0,0.0,0.0,0.0,0.0,0.0,0.0,0.0,0.0,0.0,0.0,0.0,0.0,0.0,0.0,0.0,0.0,0.0,
PLAIN-531,308,0.0,0.2960819109658652,0.36005461457723403,0.5063209639325834,0.3965567973361058,0.411686093803908,0.36126939711036193,0.0,0.003246753246753247,0.006493506493506494,0.01948051948051948,0.025974025974025976,0.06818181818181818,0.11363636363636363,0.0,0.3333333333333333,0.4,0.6,0.4,0.42,0.35,0.0,0.5,0.5,0.5,0.5,0.5,0.5,0.0,0.0016233766233766235,0.003246753246753247,0.010013399299113586,0.013079777365491652,0.03052588015165084,0.04797189662737959,2.0
PLAIN-541,6,1.0,0.46927872602275644,0.3391602052736161,0.4103915680233244,0.4844234125320927,0.4844234125320927,0.4844234125320927,0.16666666666666666,0.16666666666666666,0.16666666666666666,0.3333333333333333,0.5,0.5,0.5,1.0,0.3333333333333333,0.2,0.2,0.15,0.06,0.03,1.0,1.0,1.0,1.0,1.0,1.0,1.0,0.16666666666666666,0.16666666666666666,0.16666666666666666,0.2222222222222222,0.2534722222222222,0.2534722222222222,0.2534722222222222,1.0
PLAIN-551,2,1.0,0.6131471927654584,0.6131471927654584,0.8175295903539445,0.8175295903539445,0.8175295903539445,0.8175295903539445,0.5,0.5,0.5,1.0,1.0,1.0,1.0,1.0,0.3333333333333333,0.2,0.2,0.1,0.04,0.02,1.0,1.0,1.0,1.0,1.0,1.0,1.0,0.5,0.5,0.5,0.6428571428571428,0.6428571428571428,0.6428571428571428,0.6428571428571428,1.0
PLAIN-561,25,1.0,0.7653606369886217,0.5531464700081437,0.35895421017163476,0.23165732683700074,0.20056281031502377,0.20056281031502377,0.04,0.08,0.08,0.08,0.08,0.08,0.08,1.0,0.6666666666666666,0.4,0.2,0.1,0.04,0.02,1.0,1.0,1.0,1.0,1.0,1.0,1.0,0.04,0.08,0.08,0.08,0.08,0.08,0.08,1.0
PLAIN-571,7,0.0,0.2960819109658652,0.34519134224686937,0.2797643380184693,0.35196047905113664,0.35196047905113664,0.35196047905113664,0.0,0.14285714285714285,0.2857142857142857,0.2857142857142857,0.42857142857142855,0.42857142857142855,0.42857142857142855,0.0,0.3333333333333333,0.4,0.2,0.15,0.06,0.03,0.0,0.5,0.5,0.5,0.5,0.5,0.5,0.0,0.07142857142857142,0.1285714285714286,0.1285714285714286,0.16153846153846155,0.16153846153846155,0.16153846153846155,2.0
PLAIN-583,44,0.0,0.0,0.13120507751234178,0.08514311764162101,0.054948588071985875,0.03271198217135059,0.03271198217135059,0.0,0.0,0.022727272727272728,0.022727272727272728,0.022727272727272728,0.022727272727272728,0.022727272727272728,0.0,0.0,0.2,0.1,0.05,0.02,0.01,0.0,0.0,0.2,0.2,0.2,0.2,0.2,0.0,0.0,0.004545454545454546,0.004545454545454546,0.004545454545454546,0.004545454545454546,0.004545454545454546,5.0
PLAIN-593,3,1.0,0.46927872602275644,0.46927872602275644,0.46927872602275644,0.46927872602275644,0.46927872602275644,0.46927872602275644,0.3333333333333333,0.3333333333333333,0.3333333333333333,0.3333333333333333,0.3333333333333333,0.3333333333333333,0.3333333333333333,1.0,0.3333333333333333,0.2,0.1,0.05,0.02,0.01,1.0,1.0,1.0,1.0,1.0,1.0,1.0,0.3333333333333333,0.3333333333333333,0.3333333333333333,0.3333333333333333,0.3333333333333333,0.3333333333333333,0.3333333333333333,1.0
PLAIN-603,1,0.0,0.0,0.0,0.0,0.0,0.0,0.1631512196835108,0.0,0.0,0.0,0.0,0.0,0.0,1.0,0.0,0.0,0.0,0.0,0.0,0.0,0.01,0.0,0.0,0.0,0.0,0.0,0.0,0.014492753623188406,0.0,0.0,0.0,0.0,0.0,0.0,0.014492753623188406,69.0
PLAIN-613,10,0.0,0.2960819109658652,0.21398626473452756,0.13886244387355456,0.13886244387355456,0.13886244387355456,0.17221012157184742,0.0,0.1,0.1,0.1,0.1,0.1,0.2,0.0,0.3333333333333333,0.2,0.1,0.05,0.02,0.02,0.0,0.5,0.5,0.5,0.5,0.5,0.5,0.0,0.05,0.05,0.05,0.05,0.05,0.052083333333333336,2.0
PLAIN-623,41,0.0,0.5307212739772434,0.38356636737133565,0.24890832702259466,0.1606373070201721,0.1168433735113087,0.14435356006757646,0.0,0.04878048780487805,0.04878048780487805,0.04878048780487805,0.04878048780487805,0.07317073170731707,0.12195121951219512,0.0,0.6666666666666666,0.4,0.2,0.1,0.06,0.05,0.0,0.5,0.5,0.5,0.5,0.5,0.5,0.0,0.028455284552845524,0.028455284552845524,0.028455284552845524,0.028455284552845524,0.030284552845528452,0.032814566068366,2.0
PLAIN-634,21,1.0,0.7039180890341347,0.6548086577531307,0.4249260138166711,0.30767086621323125,0.29817356072564943,0.29817356072564943,0.047619047619047616,0.09523809523809523,0.14285714285714285,0.14285714285714285,0.19047619047619047,0.19047619047619047,0.19047619047619047,1.0,0.6666666666666666,0.6,0.3,0.2,0.08,0.04,1.0,1.0,1.0,1.0,1.0,1.0,1.0,0.047619047619047616,0.07936507936507936,0.11507936507936507,0.11507936507936507,0.12566137566137567,0.12566137566137567,0.12566137566137567,1.0
PLAIN-645,29,0.0,0.0,0.0,0.0,0.0,0.041038616987104204,0.07611180353858889,0.0,0.0,0.0,0.0,0.0,0.06896551724137931,0.13793103448275862,0.0,0.0,0.0,0.0,0.0,0.04,0.04,0.0,0.0,0.0,0.0,0.0,0.025,0.025,0.0,0.0,0.0,0.0,0.0,0.0023946360153256708,0.005343614015013609,40.0
PLAIN-660,475,1.0,1.0,1.0,0.9363792118010483,0.9589412206131108,0.7060701272827034,0.47285868471006964,0.002105263157894737,0.00631578947368421,0.010526315789473684,0.018947368421052633,0.04,0.06526315789473684,0.07578947368421053,1.0,1.0,1.0,0.9,0.95,0.62,0.36,1.0,1.0,1.0,1.0,1.0,1.0,1.0,0.002105263157894737,0.00631578947368421,0.010526315789473684,0.018947368421052633,0.0385920602038412,0.057649360729253196,0.06228868670258527,1.0
PLAIN-671,1,1.0,1.0,1.0,1.0,1.0,1.0,1.0,1.0,1.0,1.0,1.0,1.0,1.0,1.0,1.0,0.3333333333333333,0.2,0.1,0.05,0.02,0.01,1.0,1.0,1.0,1.0,1.0,1.0,1.0,1.0,1.0,1.0,1.0,1.0,1.0,1.0,1.0
PLAIN-681,1,1.0,1.0,1.0,1.0,1.0,1.0,1.0,1.0,1.0,1.0,1.0,1.0,1.0,1.0,1.0,0.3333333333333333,0.2,0.1,0.05,0.02,0.01,1.0,1.0,1.0,1.0,1.0,1.0,1.0,1.0,1.0,1.0,1.0,1.0,1.0,1.0,1.0
PLAIN-691,21,0.0,0.0,0.0,0.0,0.0,0.05256793607091309,0.07526056181704412,0.0,0.0,0.0,0.0,0.0,0.09523809523809523,0.14285714285714285,0.0,0.0,0.0,0.0,0.0,0.04,0.03,0.0,0.0,0.0,0.0,0.0,0.03333333333333333,0.03333333333333333,0.0,0.0,0.0,0.0,0.0,0.003657694962042788,0.005822197126544952,30.0
PLAIN-701,8,1.0,1.0,0.8687949224876582,0.647939623894138,0.647939623894138,0.647939623894138,0.6913045257101168,0.125,0.375,0.5,0.5,0.5,0.5,0.625,1.0,1.0,0.8,0.4,0.2,0.08,0.05,1.0,1.0,1.0,1.0,1.0,1.0,1.0,0.125,0.375,0.5,0.5,0.5,0.5,0.5111607142857143,1.0
PLAIN-711,57,1.0,0.46927872602275644,0.3391602052736161,0.2895229882348575,0.3332293689325188,0.28765298324238525,0.30876549820297094,0.017543859649122806,0.017543859649122806,0.017543859649122806,0.03508771929824561,0.10526315789473684,0.22807017543859648,0.2982456140350877,1.0,0.3333333333333333,0.2,0.2,0.3,0.26,0.17,1.0,1.0,1.0,1.0,1.0,1.0,1.0,0.017543859649122806,0.017543859649122806,0.017543859649122806,0.021929824561403508,0.04395058619435351,0.07874533133689228,0.0938171820394865,1.0
PLAIN-721,25,1.0,1.0,1.0,1.0,0.9347967382841031,0.8093223877848527,0.8093223877848527,0.04,0.12,0.2,0.4,0.72,0.72,0.72,1.0,1.0,1.0,1.0,0.9,0.36,0.18,1.0,1.0,1.0,1.0,1.0,1.0,1.0,0.04,0.12,0.2,0.4,0.72,0.72,0.72,1.0
PLAIN-731,54,1.0,0.46927872602275644,0.6164336326286644,0.6816604510406282,0.5825529384430244,0.42028333628003506,0.4467860819654263,0.018518518518518517,0.018518518518518517,0.05555555555555555,0.12962962962962962,0.2037037037037037,0.3333333333333333,0.4074074074074074,1.0,0.3333333333333333,0.6,0.7,0.55,0.36,0.22,1.0,1.0,1.0,1.0,1.0,1.0,1.0,0.018518518518518517,0.018518518518518517,0.03888888888888889,0.08977072310405644,0.1365599662985284,0.1862809216913033,0.20836745512095903,1.0
PLAIN-741,19,1.0,1.0,0.8687949224876582,0.715550648768261,0.5469819500796101,0.5469819500796101,0.5469819500796101,0.05263157894736842,0.15789473684210525,0.21052631578947367,0.3157894736842105,0.42105263157894735,0.42105263157894735,0.42105263157894735,1.0,1.0,0.8,0.6,0.4,0.16,0.08,1.0,1.0,1.0,1.0,1.0,1.0,1.0,0.05263157894736842,0.15789473684210525,0.21052631578947367,0.2994987468671679,0.344562386358052,0.344562386358052,0.344562386358052,1.0
PLAIN-751,7,0.0,0.0,0.0,0.0,0.0,0.0,0.0,0.0,0.0,0.0,0.0,0.0,0.0,0.0,0.0,0.0,0.0,0.0,0.0,0.0,0.0,0.0,0.0,0.0,0.0,0.0,0.0,0.0,0.0,0.0,0.0,0.0,0.0,0.0,0.0,
PLAIN-761,6,0.0,0.23463936301137822,0.16958010263680806,0.15130120674940672,0.15130120674940672,0.15130120674940672,0.19838958935570988,0.0,0.16666666666666666,0.16666666666666666,0.16666666666666666,0.16666666666666666,0.16666666666666666,0.3333333333333333,0.0,0.3333333333333333,0.2,0.1,0.05,0.02,0.02,0.0,0.3333333333333333,0.3333333333333333,0.3333333333333333,0.3333333333333333,0.3333333333333333,0.3333333333333333,0.0,0.05555555555555555,0.05555555555555555,0.05555555555555555,0.05555555555555555,0.05555555555555555,0.059477124183006526,3.0
PLAIN-771,3,1.0,1.0,1.0,1.0,1.0,1.0,1.0,0.3333333333333333,1.0,1.0,1.0,1.0,1.0,1.0,1.0,1.0,0.6,0.3,0.15,0.06,0.03,1.0,1.0,1.0,1.0,1.0,1.0,1.0,0.3333333333333333,1.0,1.0,1.0,1.0,1.0,1.0,1.0
PLAIN-782,2,0.0,0.0,0.0,0.0,0.0,0.0,0.0,0.0,0.0,0.0,0.0,0.0,0.0,0.0,0.0,0.0,0.0,0.0,0.0,0.0,0.0,0.0,0.0,0.0,0.0,0.0,0.0,0.0,0.0,0.0,0.0,0.0,0.0,0.0,0.0,
PLAIN-792,6,1.0,1.0,0.7227265726449519,0.644824486427155,0.644824486427155,0.644824486427155,0.644824486427155,0.16666666666666666,0.5,0.5,0.5,0.5,0.5,0.5,1.0,1.0,0.6,0.3,0.15,0.06,0.03,1.0,1.0,1.0,1.0,1.0,1.0,1.0,0.16666666666666666,0.5,0.5,0.5,0.5,0.5,0.5,1.0
PLAIN-806,96,1.0,1.0,1.0,0.9363792118010483,0.7514965691025963,0.5009974327490381,0.37537942050355444,0.010416666666666666,0.03125,0.052083333333333336,0.09375,0.13541666666666666,0.19791666666666666,0.2708333333333333,1.0,1.0,1.0,0.9,0.65,0.38,0.26,1.0,1.0,1.0,1.0,1.0,1.0,1.0,0.010416666666666666,0.03125,0.052083333333333336,0.09375,0.12883067453379954,0.1589579231766732,0.18598453585625474,1.0
PLAIN-817,1,0.0,0.0,0.0,0.0,0.0,0.0,0.0,0.0,0.0,0.0,0.0,0.0,0.0,0.0,0.0,0.0,0.0,0.0,0.0,0.0,0.0,0.0,0.0,0.0,0.0,0.0,0.0,0.0,0.0,0.0,0.0,0.0,0.0,0.0,0.0,
PLAIN-827,244,1.0,1.0,0.8539316501572937,0.769526190239283,0.6830459932402576,0.5888536968124215,0.45709970094758723,0.004098360655737705,0.012295081967213115,0.01639344262295082,0.028688524590163935,0.04918032786885246,0.10655737704918032,0.1557377049180328,1.0,1.0,0.8,0.7,0.6,0.52,0.38,1.0,1.0,1.0,1.0,1.0,1.0,1.0,0.004098360655737705,0.012295081967213115,0.015573770491803278,0.025370804059328646,0.04087169660940153,0.07517626610073215,0.09909868540332699,1.0
PLAIN-838,9,1.0,1.0,1.0,0.7767471075223498,0.7767471075223498,0.7767471075223498,0.8148424732455215,0.1111111111111111,0.3333333333333333,0.5555555555555556,0.6666666666666666,0.6666666666666666,0.6666666666666666,0.7777777777777778,1.0,1.0,1.0,0.6,0.3,0.12,0.07,1.0,1.0,1.0,1.0,1.0,1.0,1.0,0.1111111111111111,0.3333333333333333,0.5555555555555556,0.6666666666666666,0.6666666666666666,0.6666666666666666,0.6776212832550861,1.0
PLAIN-850,57,1.0,1.0,1.0,0.6489315753318466,0.4187992501038471,0.27580514352673124,0.2521302902822577,0.017543859649122806,0.05263157894736842,0.08771929824561403,0.08771929824561403,0.08771929824561403,0.14035087719298245,0.14035087719298245,1.0,1.0,1.0,0.5,0.25,0.16,0.08,1.0,1.0,1.0,1.0,1.0,1.0,1.0,0.017543859649122806,0.05263157894736842,0.08771929824561403,0.08771929824561403,0.08771929824561403,0.10007686334173284,0.10007686334173284,1.0
PLAIN-872,1,0.0,0.0,0.0,0.0,0.0,0.0,0.0,0.0,0.0,0.0,0.0,0.0,0.0,0.0,0.0,0.0,0.0,0.0,0.0,0.0,0.0,0.0,0.0,0.0,0.0,0.0,0.0,0.0,0.0,0.0,0.0,0.0,0.0,0.0,0.0,
PLAIN-882,15,1.0,0.7653606369886217,0.6843515475204855,0.5224955967919311,0.40502453509303316,0.4385597615118416,0.4642390076311634,0.06666666666666667,0.13333333333333333,0.2,0.26666666666666666,0.26666666666666666,0.3333333333333333,0.4,1.0,0.6666666666666666,0.6,0.4,0.2,0.1,0.06,1.0,1.0,1.0,1.0,1.0,1.0,1.0,0.06666666666666667,0.13333333333333333,0.17333333333333334,0.21777777777777776,0.21777777777777776,0.22787878787878788,0.2319191919191919,1.0
PLAIN-892,92,1.0,1.0,1.0,0.8701249883466594,0.6011713236138373,0.3452910906248116,0.23393536657196298,0.010869565217391304,0.03260869565217391,0.05434782608695652,0.08695652173913043,0.09782608695652174,0.10869565217391304,0.11956521739130435,1.0,1.0,1.0,0.8,0.45,0.2,0.11,1.0,1.0,1.0,1.0,1.0,1.0,1.0,0.010869565217391304,0.03260869565217391,0.05434782608695652,0.08695652173913043,0.0958498023715415,0.1007905138339921,0.10245114185331579,1.0
PLAIN-902,4,1.0,0.7653606369886217,0.6366824387328317,0.6366824387328317,0.6366824387328317,0.6366824387328317,0.6366824387328317,0.25,0.5,0.5,0.5,0.5,0.5,0.5,1.0,0.6666666666666666,0.4,0.2,0.1,0.04,0.02,1.0,1.0,1.0,1.0,1.0,1.0,1.0,0.25,0.5,0.5,0.5,0.5,0.5,0.5,1.0
PLAIN-913,34,1.0,0.7653606369886217,0.830419897363192,0.8263333286520084,0.5716731874216076,0.4426349407140155,0.47301891972183907,0.029411764705882353,0.058823529411764705,0.11764705882352941,0.23529411764705882,0.2647058823529412,0.3235294117647059,0.38235294117647056,1.0,0.6666666666666666,0.8,0.8,0.45,0.22,0.13,1.0,1.0,1.0,1.0,1.0,1.0,1.0,0.029411764705882353,0.058823529411764705,0.10441176470588234,0.20601073762838465,0.22806956115779642,0.2445611577964519,0.2521391890089369,1.0
PLAIN-924,32,1.0,0.46927872602275644,0.3391602052736161,0.2200917662980802,0.1420400396336573,0.1266038276117374,0.17945449866011173,0.03125,0.03125,0.03125,0.03125,0.03125,0.0625,0.15625,1.0,0.3333333333333333,0.2,0.1,0.05,0.04,0.05,1.0,1.0,1.0,1.0,1.0,1.0,1.0,0.03125,0.03125,0.03125,0.03125,0.03125,0.03365384615384615,0.039740701185713975,1.0
PLAIN-934,101,1.0,1.0,1.0,0.8572048559638626,0.6900942682008254,0.6835635871629441,0.47621169138656466,0.009900990099009901,0.0297029702970297,0.04950495049504951,0.07920792079207921,0.1188118811881188,0.31683168316831684,0.38613861386138615,1.0,1.0,1.0,0.8,0.6,0.64,0.39,1.0,1.0,1.0,1.0,1.0,1.0,1.0,0.009900990099009901,0.0297029702970297,0.04950495049504951,0.07502750275027502,0.09957174288857455,0.23096871278230352,0.2688230312651396,1.0
PLAIN-946,31,0.0,0.23463936301137822,0.16958010263680806,0.18844415212771543,0.12161570279144568,0.09145967794128666,0.12619741909885518,0.0,0.03225806451612903,0.03225806451612903,0.06451612903225806,0.06451612903225806,0.06451612903225806,0.12903225806451613,0.0,0.3333333333333333,0.2,0.2,0.1,0.04,0.04,0.0,0.3333333333333333,0.3333333333333333,0.3333333333333333,0.3333333333333333,0.3333333333333333,0.3333333333333333,0.0,0.01075268817204301,0.01075268817204301,0.02150537634408602,0.02150537634408602,0.02150537634408602,0.02467427201627993,3.0
PLAIN-956,206,1.0,0.7653606369886217,0.5531464700081437,0.4920062203073638,0.5337980163480155,0.4751134856170523,0.43072580803471194,0.0048543689320388345,0.009708737864077669,0.009708737864077669,0.019417475728155338,0.04854368932038835,0.10679611650485436,0.1941747572815534,1.0,0.6666666666666666,0.4,0.4,0.5,0.44,0.4,1.0,1.0,1.0,1.0,1.0,1.0,1.0,0.0048543689320388345,0.009708737864077669,0.009708737864077669,0.013470873786407767,0.02811791530380908,0.05659360570016848,0.09303981908170278,1.0
PLAIN-966,3,0.0,0.0,0.20210734650054757,0.20210734650054757,0.20210734650054757,0.20210734650054757,0.20210734650054757,0.0,0.0,0.3333333333333333,0.3333333333333333,0.3333333333333333,0.3333333333333333,0.3333333333333333,0.0,0.0,0.2,0.1,0.05,0.02,0.01,0.0,0.0,0.25,0.25,0.25,0.25,0.25,0.0,0.0,0.08333333333333333,0.08333333333333333,0.08333333333333333,0.08333333333333333,0.08333333333333333,4.0
PLAIN-977,3,0.0,0.23463936301137822,0.23463936301137822,0.23463936301137822,0.23463936301137822,0.23463936301137822,0.23463936301137822,0.0,0.3333333333333333,0.3333333333333333,0.3333333333333333,0.3333333333333333,0.3333333333333333,0.3333333333333333,0.0,0.3333333333333333,0.2,0.1,0.05,0.02,0.01,0.0,0.3333333333333333,0.3333333333333333,0.3333333333333333,0.3333333333333333,0.3333333333333333,0.3333333333333333,0.0,0.1111111111111111,0.1111111111111111,0.1111111111111111,0.1111111111111111,0.1111111111111111,0.1111111111111111,3.0
PLAIN-987,3,0.0,0.0,0.0,0.0,0.0,0.09869397032195508,0.17525736684409188,0.0,0.0,0.0,0.0,0.0,0.3333333333333333,0.6666666666666666,0.0,0.0,0.0,0.0,0.0,0.02,0.02,0.0,0.0,0.0,0.0,0.0,0.038461538461538464,0.038461538461538464,0.0,0.0,0.0,0.0,0.0,0.012820512820512822,0.022482348569305092,26.0
PLAIN-997,2,0.0,0.0,0.0,0.0,0.0,0.0,0.0,0.0,0.0,0.0,0.0,0.0,0.0,0.0,0.0,0.0,0.0,0.0,0.0,0.0,0.0,0.0,0.0,0.0,0.0,0.0,0.0,0.0,0.0,0.0,0.0,0.0,0.0,0.0,0.0,
PLAIN-1008,5,0.0,0.0,0.0,0.0,0.0,0.0,0.0,0.0,0.0,0.0,0.0,0.0,0.0,0.0,0.0,0.0,0.0,0.0,0.0,0.0,0.0,0.0,0.0,0.0,0.0,0.0,0.0,0.0,0.0,0.0,0.0,0.0,0.0,0.0,0.0,
PLAIN-1018,60,0.0,0.2960819109658652,0.21398626473452756,0.2784805894273037,0.3290977074398864,0.19559895332206023,0.18348042488733765,0.0,0.016666666666666666,0.016666666666666666,0.05,0.11666666666666667,0.13333333333333333,0.15,0.0,0.3333333333333333,0.2,0.3,0.35,0.16,0.09,0.0,0.5,0.5,0.5,0.5,0.5,0.5,0.0,0.008333333333333333,0.008333333333333333,0.01865079365079365,0.046210896946191064,0.05097280170809582,0.05292085365614777,2.0
PLAIN-1028,1,0.0,0.0,0.0,0.0,0.0,0.0,0.0,0.0,0.0,0.0,0.0,0.0,0.0,0.0,0.0,0.0,0.0,0.0,0.0,0.0,0.0,0.0,0.0,0.0,0.0,0.0,0.0,0.0,0.0,0.0,0.0,0.0,0.0,0.0,0.0,
PLAIN-1039,2,1.0,1.0,1.0,1.0,1.0,1.0,1.0,0.5,1.0,1.0,1.0,1.0,1.0,1.0,1.0,0.6666666666666666,0.4,0.2,0.1,0.04,0.02,1.0,1.0,1.0,1.0,1.0,1.0,1.0,0.5,1.0,1.0,1.0,1.0,1.0,1.0,1.0
PLAIN-1050,94,0.0,0.0,0.0,0.06943122193677728,0.07887161585765423,0.04305232215530891,0.027718734587227897,0.0,0.0,0.0,0.010638297872340425,0.02127659574468085,0.02127659574468085,0.02127659574468085,0.0,0.0,0.0,0.1,0.1,0.04,0.02,0.0,0.0,0.0,0.125,0.125,0.125,0.125,0.0,0.0,0.0,0.0013297872340425532,0.002581351689612015,0.002581351689612015,0.002581351689612015,8.0
PLAIN-1066,9,0.0,0.0,0.0,0.0,0.0,0.04700910988289708,0.04700910988289708,0.0,0.0,0.0,0.0,0.0,0.1111111111111111,0.1111111111111111,0.0,0.0,0.0,0.0,0.0,0.02,0.01,0.0,0.0,0.0,0.0,0.0,0.03225806451612903,0.03225806451612903,0.0,0.0,0.0,0.0,0.0,0.0035842293906810036,0.0035842293906810036,31.0
PLAIN-1088,5,1.0,0.7653606369886217,0.5531464700081437,0.5531464700081437,0.5531464700081437,0.5531464700081437,0.5531464700081437,0.2,0.4,0.4,0.4,0.4,0.4,0.4,1.0,0.6666666666666666,0.4,0.2,0.1,0.04,0.02,1.0,1.0,1.0,1.0,1.0,1.0,1.0,0.2,0.4,0.4,0.4,0.4,0.4,0.4,1.0
PLAIN-1098,5,0.0,0.0,0.0,0.0,0.0,0.13471950641945724,0.13471950641945724,0.0,0.0,0.0,0.0,0.0,0.4,0.4,0.0,0.0,0.0,0.0,0.0,0.04,0.02,0.0,0.0,0.0,0.0,0.0,0.037037037037037035,0.037037037037037035,0.0,0.0,0.0,0.0,0.0,0.01793372319688109,0.01793372319688109,27.0
PLAIN-1109,98,1.0,1.0,0.8687949224876582,0.6300426811446147,0.5527580505252688,0.3349925489210333,0.22507116052739815,0.01020408163265306,0.030612244897959183,0.04081632653061224,0.05102040816326531,0.09183673469387756,0.11224489795918367,0.1326530612244898,1.0,1.0,0.8,0.5,0.45,0.22,0.13,1.0,1.0,1.0,1.0,1.0,1.0,1.0,0.01020408163265306,0.030612244897959183,0.04081632653061224,0.046485260770975055,0.0682100451165972,0.07700548248346313,0.08063395250501212,1.0
PLAIN-1119,11,0.0,0.0,0.0,0.0,0.0,0.0,0.0,0.0,0.0,0.0,0.0,0.0,0.0,0.0,0.0,0.0,0.0,0.0,0.0,0.0,0.0,0.0,0.0,0.0,0.0,0.0,0.0,0.0,0.0,0.0,0.0,0.0,0.0,0.0,0.0,
PLAIN-1130,1,1.0,1.0,1.0,1.0,1.0,1.0,1.0,1.0,1.0,1.0,1.0,1.0,1.0,1.0,1.0,0.3333333333333333,0.2,0.1,0.05,0.02,0.01,1.0,1.0,1.0,1.0,1.0,1.0,1.0,1.0,1.0,1.0,1.0,1.0,1.0,1.0,1.0
PLAIN-1141,16,1.0,0.46927872602275644,0.3391602052736161,0.2200917662980802,0.25040014923063986,0.2823292465948804,0.30830942950402435,0.0625,0.0625,0.0625,0.0625,0.1875,0.25,0.3125,1.0,0.3333333333333333,0.2,0.1,0.15,0.08,0.05,1.0,1.0,1.0,1.0,1.0,1.0,1.0,0.0625,0.0625,0.0625,0.0625,0.08636363636363636,0.09371657754010695,0.09772298779651721,1.0
PLAIN-1151,153,0.0,0.23463936301137822,0.30078518014914984,0.3308744461818275,0.3873836464940804,0.3905168324218228,0.349270926632861,0.0,0.006535947712418301,0.013071895424836602,0.026143790849673203,0.058823529411764705,0.13725490196078433,0.22875816993464052,0.0,0.3333333333333333,0.4,0.4,0.45,0.42,0.35,0.0,0.3333333333333333,0.3333333333333333,0.3333333333333333,0.3333333333333333,0.3333333333333333,0.3333333333333333,0.0,0.0021786492374727667,0.004793028322440087,0.010148874364560639,0.024039196575316286,0.05680863429915023,0.09345161050444807,3.0
PLAIN-1161,1,0.0,0.0,0.0,0.0,0.0,0.0,0.0,0.0,0.0,0.0,0.0,0.0,0.0,0.0,0.0,0.0,0.0,0.0,0.0,0.0,0.0,0.0,0.0,0.0,0.0,0.0,0.0,0.0,0.0,0.0,0.0,0.0,0.0,0.0,0.0,
PLAIN-1172,19,1.0,0.46927872602275644,0.3391602052736161,0.2200917662980802,0.14678687637874557,0.17293014654836858,0.17293014654836858,0.05263157894736842,0.05263157894736842,0.05263157894736842,0.05263157894736842,0.05263157894736842,0.10526315789473684,0.10526315789473684,1.0,0.3333333333333333,0.2,0.1,0.05,0.04,0.02,1.0,1.0,1.0,1.0,1.0,1.0,1.0,0.05263157894736842,0.05263157894736842,0.05263157894736842,0.05263157894736842,0.05263157894736842,0.054824561403508776,0.054824561403508776,1.0
PLAIN-1183,25,0.0,0.0,0.27727342735504823,0.17993148201117182,0.11612190345001774,0.12470735783472776,0.12470735783472776,0.0,0.0,0.08,0.08,0.08,0.12,0.12,0.0,0.0,0.4,0.2,0.1,0.06,0.03,0.0,0.0,0.25,0.25,0.25,0.25,0.25,0.0,0.0,0.026000000000000002,0.026000000000000002,0.026000000000000002,0.029636363636363638,0.029636363636363638,4.0
PLAIN-1193,18,0.0,0.0,0.14606834984270645,0.09478836436955079,0.10003416004424659,0.16478186561214012,0.2886916199151394,0.0,0.0,0.05555555555555555,0.05555555555555555,0.1111111111111111,0.2222222222222222,0.5,0.0,0.0,0.2,0.1,0.1,0.08,0.09,0.0,0.0,0.25,0.25,0.25,0.25,0.25,0.0,0.0,0.013888888888888888,0.013888888888888888,0.019444444444444445,0.03492127393093577,0.06219029582578274,4.0
PLAIN-1203,12,1.0,0.7653606369886217,0.5531464700081437,0.35895421017163476,0.320245999844935,0.3576622818526953,0.3576622818526953,0.08333333333333333,0.16666666666666666,0.16666666666666666,0.16666666666666666,0.16666666666666666,0.25,0.25,1.0,0.6666666666666666,0.4,0.2,0.1,0.06,0.03,1.0,1.0,1.0,1.0,1.0,1.0,1.0,0.08333333333333333,0.16666666666666666,0.16666666666666666,0.16666666666666666,0.16666666666666666,0.17342342342342343,0.17342342342342343,1.0
PLAIN-1214,17,0.0,0.0,0.0,0.0,0.0,0.0,0.0,0.0,0.0,0.0,0.0,0.0,0.0,0.0,0.0,0.0,0.0,0.0,0.0,0.0,0.0,0.0,0.0,0.0,0.0,0.0,0.0,0.0,0.0,0.0,0.0,0.0,0.0,0.0,0.0,
PLAIN-1225,27,1.0,0.7653606369886217,0.5531464700081437,0.6366587127404282,0.4504998123710257,0.4198486618617935,0.49676283194842086,0.037037037037037035,0.07407407407407407,0.07407407407407407,0.2222222222222222,0.25925925925925924,0.3333333333333333,0.48148148148148145,1.0,0.6666666666666666,0.4,0.6,0.35,0.18,0.13,1.0,1.0,1.0,1.0,1.0,1.0,1.0,0.037037037037037035,0.07407407407407407,0.07407407407407407,0.15390946502057612,0.1774784885895997,0.20111362442669906,0.22643046261273556,1.0
PLAIN-1236,5,1.0,0.46927872602275644,0.3391602052736161,0.3391602052736161,0.3391602052736161,0.3391602052736161,0.3391602052736161,0.2,0.2,0.2,0.2,0.2,0.2,0.2,1.0,0.3333333333333333,0.2,0.1,0.05,0.02,0.01,1.0,1.0,1.0,1.0,1.0,1.0,1.0,0.2,0.2,0.2,0.2,0.2,0.2,0.2,1.0
PLAIN-1249,4,0.0,0.0,0.0,0.0,0.0,0.0,0.0641285310764902,0.0,0.0,0.0,0.0,0.0,0.0,0.25,0.0,0.0,0.0,0.0,0.0,0.0,0.01,0.0,0.0,0.0,0.0,0.0,0.0,0.014925373134328358,0.0,0.0,0.0,0.0,0.0,0.0,0.0037313432835820895,67.0
PLAIN-1262,10,1.0,1.0,0.7227265726449519,0.46900009332067494,0.46900009332067494,0.46900009332067494,0.46900009332067494,0.1,0.3,0.3,0.3,0.3,0.3,0.3,1.0,1.0,0.6,0.3,0.15,0.06,0.03,1.0,1.0,1.0,1.0,1.0,1.0,1.0,0.1,0.3,0.3,0.3,0.3,0.3,0.3,1.0
PLAIN-1275,55,1.0,0.7653606369886217,0.6843515475204855,0.5919268187287084,0.45082338644012643,0.2760858837518528,0.2934586697673051,0.01818181818181818,0.03636363636363636,0.05454545454545454,0.09090909090909091,0.12727272727272726,0.16363636363636364,0.21818181818181817,1.0,0.6666666666666666,0.6,0.5,0.35,0.18,0.12,1.0,1.0,1.0,1.0,1.0,1.0,1.0,0.01818181818181818,0.03636363636363636,0.04727272727272727,0.07075757575757576,0.08506238859180036,0.09388355940174423,0.10177699008997276,1.0
PLAIN-1288,196,1.0,0.7039180890341347,0.7860137352654724,0.6496872770120412,0.48810010024827205,0.3916558940516374,0.2562217066468901,0.00510204081632653,0.01020408163265306,0.02040816326530612,0.030612244897959183,0.04081632653061224,0.08163265306122448,0.09183673469387756,1.0,0.6666666666666666,0.8,0.6,0.4,0.32,0.18,1.0,1.0,1.0,1.0,1.0,1.0,1.0,0.00510204081632653,0.008503401360544217,0.01641156462585034,0.023457240038872694,0.028090343280169214,0.044673933313641445,0.04684424914855355,1.0
PLAIN-1299,61,1.0,0.46927872602275644,0.3391602052736161,0.2200917662980802,0.17839632762219612,0.11476450033834815,0.11152194726808659,0.01639344262295082,0.01639344262295082,0.01639344262295082,0.01639344262295082,0.03278688524590164,0.04918032786885246,0.06557377049180328,1.0,0.3333333333333333,0.2,0.1,0.1,0.06,0.04,1.0,1.0,1.0,1.0,1.0,1.0,1.0,0.01639344262295082,0.01639344262295082,0.01639344262295082,0.01639344262295082,0.01873536299765808,0.02107728337236534,0.022170179547228726,1.0
PLAIN-1309,4,0.0,0.0,0.0,0.0,0.0,0.0,0.0,0.0,0.0,0.0,0.0,0.0,0.0,0.0,0.0,0.0,0.0,0.0,0.0,0.0,0.0,0.0,0.0,0.0,0.0,0.0,0.0,0.0,0.0,0.0,0.0,0.0,0.0,0.0,0.0,
PLAIN-1320,6,1.0,0.7653606369886217,0.5531464700081437,0.4935232796777481,0.5779320882602483,0.5779320882602483,0.5779320882602483,0.16666666666666666,0.3333333333333333,0.3333333333333333,0.3333333333333333,0.5,0.5,0.5,1.0,0.6666666666666666,0.4,0.2,0.15,0.06,0.03,1.0,1.0,1.0,1.0,1.0,1.0,1.0,0.16666666666666666,0.3333333333333333,0.3333333333333333,0.3333333333333333,0.37878787878787873,0.37878787878787873,0.37878787878787873,1.0
PLAIN-1331,1,0.0,0.0,0.0,0.0,0.0,0.0,0.0,0.0,0.0,0.0,0.0,0.0,0.0,0.0,0.0,0.0,0.0,0.0,0.0,0.0,0.0,0.0,0.0,0.0,0.0,0.0,0.0,0.0,0.0,0.0,0.0,0.0,0.0,0.0,0.0,
PLAIN-1342,16,1.0,0.7039180890341347,0.639945385422766,0.5548989126424904,0.41290808041649796,0.41290808041649796,0.41290808041649796,0.0625,0.125,0.1875,0.3125,0.3125,0.3125,0.3125,1.0,0.6666666666666666,0.6,0.5,0.25,0.1,0.05,1.0,1.0,1.0,1.0,1.0,1.0,1.0,0.0625,0.10416666666666666,0.14166666666666666,0.21210317460317457,0.21210317460317457,0.21210317460317457,0.21210317460317457,1.0
PLAIN-1353,4,0.0,0.0,0.0,0.0,0.0,0.0,0.0,0.0,0.0,0.0,0.0,0.0,0.0,0.0,0.0,0.0,0.0,0.0,0.0,0.0,0.0,0.0,0.0,0.0,0.0,0.0,0.0,0.0,0.0,0.0,0.0,0.0,0.0,0.0,0.0,
PLAIN-1363,11,1.0,0.46927872602275644,0.3391602052736161,0.2200917662980802,0.20736122891466585,0.20736122891466585,0.20736122891466585,0.09090909090909091,0.09090909090909091,0.09090909090909091,0.09090909090909091,0.09090909090909091,0.09090909090909091,0.09090909090909091,1.0,0.3333333333333333,0.2,0.1,0.05,0.02,0.01,1.0,1.0,1.0,1.0,1.0,1.0,1.0,0.09090909090909091,0.09090909090909091,0.09090909090909091,0.09090909090909091,0.09090909090909091,0.09090909090909091,0.09090909090909091,1.0
PLAIN-1374,26,0.0,0.0,0.0,0.0,0.0,0.02397484900810301,0.10094489085412732,0.0,0.0,0.0,0.0,0.0,0.038461538461538464,0.19230769230769232,0.0,0.0,0.0,0.0,0.0,0.02,0.05,0.0,0.0,0.0,0.0,0.0,0.03225806451612903,0.03225806451612903,0.0,0.0,0.0,0.0,0.0,0.0012406947890818859,0.008121398947885114,31.0
PLAIN-1387,12,1.0,1.0,0.8687949224876582,0.7084409501232901,0.6800845396671767,0.7150565936558779,0.7150565936558779,0.08333333333333333,0.25,0.3333333333333333,0.5,0.5833333333333334,0.6666666666666666,0.6666666666666666,1.0,1.0,0.8,0.6,0.35,0.16,0.08,1.0,1.0,1.0,1.0,1.0,1.0,1.0,0.08333333333333333,0.25,0.3333333333333333,0.4583333333333333,0.4947916666666667,0.5086805555555556,0.5086805555555556,1.0
PLAIN-1398,103,1.0,1.0,1.0,1.0,0.9335987365956977,0.6339111454571649,0.4362427507023339,0.009708737864077669,0.02912621359223301,0.04854368932038835,0.0970873786407767,0.17475728155339806,0.2524271844660194,0.3106796116504854,1.0,1.0,1.0,1.0,0.9,0.52,0.32,1.0,1.0,1.0,1.0,1.0,1.0,1.0,0.009708737864077669,0.02912621359223301,0.04854368932038835,0.0970873786407767,0.17370692102424343,0.2299375070605926,0.2526565077344844,1.0
PLAIN-1409,253,0.0,0.5307212739772434,0.5147714448836774,0.469736890055382,0.3386628611172756,0.316435117916707,0.33450417139569255,0.0,0.007905138339920948,0.011857707509881422,0.019762845849802372,0.023715415019762844,0.05928853754940711,0.13043478260869565,0.0,0.6666666666666666,0.6,0.5,0.3,0.3,0.33,0.0,0.5,0.5,0.5,0.5,0.5,0.5,0.0,0.004611330698287219,0.006982872200263505,0.011155028546332893,0.012736056214317082,0.02252243658012649,0.04657316186072547,2.0
PLAIN-1419,65,0.0,0.2960819109658652,0.36005461457723403,0.381480299158558,0.2790598997252411,0.18193548304835952,0.18447720574033158,0.0,0.015384615384615385,0.03076923076923077,0.06153846153846154,0.07692307692307693,0.1076923076923077,0.15384615384615385,0.0,0.3333333333333333,0.4,0.4,0.25,0.14,0.1,0.0,0.5,0.5,0.5,0.5,0.5,0.5,0.0,0.007692307692307693,0.015384615384615385,0.03076923076923077,0.034817813765182185,0.040244427381450974,0.047004946412138864,2.0
PLAIN-1429,6,0.0,0.0,0.0,0.0,0.0,0.0,0.0,0.0,0.0,0.0,0.0,0.0,0.0,0.0,0.0,0.0,0.0,0.0,0.0,0.0,0.0,0.0,0.0,0.0,0.0,0.0,0.0,0.0,0.0,0.0,0.0,0.0,0.0,0.0,0.0,
PLAIN-1441,186,1.0,1.0,0.8687949224876582,0.633219679627003,0.5099450980749807,0.4796641808795881,0.38902209583177333,0.005376344086021506,0.016129032258064516,0.021505376344086023,0.026881720430107527,0.043010752688172046,0.11290322580645161,0.1774193548387097,1.0,1.0,0.8,0.5,0.4,0.42,0.33,1.0,1.0,1.0,1.0,1.0,1.0,1.0,0.005376344086021506,0.016129032258064516,0.021505376344086023,0.02486559139784946,0.03125746714456393,0.06330215242751679,0.08873130441191442,1.0
PLAIN-1453,245,1.0,0.46927872602275644,0.4703652827859579,0.37466610587647853,0.30964557236404905,0.3073057446701242,0.275086165788024,0.004081632653061225,0.004081632653061225,0.00816326530612245,0.012244897959183673,0.02040816326530612,0.05714285714285714,0.10204081632653061,1.0,0.3333333333333333,0.4,0.3,0.25,0.28,0.25,1.0,1.0,1.0,1.0,1.0,1.0,1.0,0.004081632653061225,0.004081632653061225,0.005714285714285714,0.007244897959183673,0.00935374149659864,0.020387344613151063,0.03320108395952328,1.0
PLAIN-1463,24,1.0,0.7653606369886217,0.5531464700081437,0.35895421017163476,0.23165732683700074,0.33838825425617264,0.3580903227877353,0.041666666666666664,0.08333333333333333,0.08333333333333333,0.08333333333333333,0.08333333333333333,0.2916666666666667,0.3333333333333333,1.0,0.6666666666666666,0.4,0.2,0.1,0.14,0.08,1.0,1.0,1.0,1.0,1.0,1.0,1.0,0.041666666666666664,0.08333333333333333,0.08333333333333333,0.08333333333333333,0.08333333333333333,0.1214198576517417,0.12538811161999566,1.0
PLAIN-1473,1,1.0,1.0,1.0,1.0,1.0,1.0,1.0,1.0,1.0,1.0,1.0,1.0,1.0,1.0,1.0,0.3333333333333333,0.2,0.1,0.05,0.02,0.01,1.0,1.0,1.0,1.0,1.0,1.0,1.0,1.0,1.0,1.0,1.0,1.0,1.0,1.0,1.0
PLAIN-1485,54,0.0,0.0,0.0,0.0,0.0,0.0,0.011570379373363304,0.0,0.0,0.0,0.0,0.0,0.0,0.018518518518518517,0.0,0.0,0.0,0.0,0.0,0.0,0.01,0.0,0.0,0.0,0.0,0.0,0.0,0.012345679012345678,0.0,0.0,0.0,0.0,0.0,0.0,0.00022862368541380886,81.0
PLAIN-1496,1,0.0,0.0,0.0,0.0,0.0,0.0,0.0,0.0,0.0,0.0,0.0,0.0,0.0,0.0,0.0,0.0,0.0,0.0,0.0,0.0,0.0,0.0,0.0,0.0,0.0,0.0,0.0,0.0,0.0,0.0,0.0,0.0,0.0,0.0,0.0,
PLAIN-1506,15,0.0,0.2960819109658652,0.21398626473452756,0.2122263659729146,0.1645121714717407,0.1645121714717407,0.1645121714717407,0.0,0.06666666666666667,0.06666666666666667,0.13333333333333333,0.13333333333333333,0.13333333333333333,0.13333333333333333,0.0,0.3333333333333333,0.2,0.2,0.1,0.04,0.02,0.0,0.5,0.5,0.5,0.5,0.5,0.5,0.0,0.03333333333333333,0.03333333333333333,0.05238095238095238,0.05238095238095238,0.05238095238095238,0.05238095238095238,2.0
PLAIN-1516,2,0.0,0.0,0.0,0.0,0.0,0.0,0.0,0.0,0.0,0.0,0.0,0.0,0.0,0.0,0.0,0.0,0.0,0.0,0.0,0.0,0.0,0.0,0.0,0.0,0.0,0.0,0.0,0.0,0.0,0.0,0.0,0.0,0.0,0.0,0.0,
PLAIN-1527,202,1.0,1.0,1.0,0.9216017310213247,0.8066580967947072,0.5925584241523735,0.4264618354407684,0.0049504950495049506,0.01485148514851485,0.024752475247524754,0.04455445544554455,0.07425742574257425,0.12376237623762376,0.16336633663366337,1.0,1.0,1.0,0.9,0.75,0.5,0.33,1.0,1.0,1.0,1.0,1.0,1.0,1.0,0.0049504950495049506,0.01485148514851485,0.024752475247524754,0.04218332547540468,0.06608982892471536,0.09609814979998191,0.11199828949393563,1.0
PLAIN-1537,45,1.0,0.7039180890341347,0.639945385422766,0.7027284035579431,0.4535179664916779,0.2808295736532604,0.2808295736532604,0.022222222222222223,0.044444444444444446,0.06666666666666667,0.15555555555555556,0.15555555555555556,0.17777777777777778,0.17777777777777778,1.0,0.6666666666666666,0.6,0.7,0.35,0.16,0.08,1.0,1.0,1.0,1.0,1.0,1.0,1.0,0.022222222222222223,0.037037037037037035,0.05037037037037037,0.11500881834215167,0.11500881834215167,0.11879132425231716,0.11879132425231716,1.0
PLAIN-1547,6,0.0,0.0,0.0,0.0,0.0,0.0,0.0,0.0,0.0,0.0,0.0,0.0,0.0,0.0,0.0,0.0,0.0,0.0,0.0,0.0,0.0,0.0,0.0,0.0,0.0,0.0,0.0,0.0,0.0,0.0,0.0,0.0,0.0,0.0,0.0,
PLAIN-1557,26,0.0,0.23463936301137822,0.3156484524795145,0.27819816961795096,0.2168467654391909,0.18300714617895064,0.18300714617895064,0.0,0.038461538461538464,0.07692307692307693,0.11538461538461539,0.15384615384615385,0.15384615384615385,0.15384615384615385,0.0,0.3333333333333333,0.4,0.3,0.2,0.08,0.04,0.0,0.3333333333333333,0.3333333333333333,0.3333333333333333,0.3333333333333333,0.3333333333333333,0.3333333333333333,0.0,0.01282051282051282,0.03205128205128205,0.048534798534798536,0.06036911806142575,0.06036911806142575,0.06036911806142575,3.0
PLAIN-1568,2,1.0,1.0,1.0,1.0,1.0,1.0,1.0,0.5,1.0,1.0,1.0,1.0,1.0,1.0,1.0,0.6666666666666666,0.4,0.2,0.1,0.04,0.02,1.0,1.0,1.0,1.0,1.0,1.0,1.0,0.5,1.0,1.0,1.0,1.0,1.0,1.0,1.0
PLAIN-1579,5,0.0,0.2960819109658652,0.21398626473452756,0.21398626473452756,0.21398626473452756,0.21398626473452756,0.21398626473452756,0.0,0.2,0.2,0.2,0.2,0.2,0.2,0.0,0.3333333333333333,0.2,0.1,0.05,0.02,0.01,0.0,0.5,0.5,0.5,0.5,0.5,0.5,0.0,0.1,0.1,0.1,0.1,0.1,0.1,2.0
PLAIN-1590,18,0.0,0.2960819109658652,0.21398626473452756,0.13886244387355456,0.09586820699422144,0.12858832296848155,0.17857998057074195,0.0,0.05555555555555555,0.05555555555555555,0.05555555555555555,0.05555555555555555,0.1111111111111111,0.2222222222222222,0.0,0.3333333333333333,0.2,0.1,0.05,0.04,0.04,0.0,0.5,0.5,0.5,0.5,0.5,0.5,0.0,0.027777777777777776,0.027777777777777776,0.027777777777777776,0.027777777777777776,0.03240740740740741,0.03813778813778814,2.0
PLAIN-1601,74,1.0,1.0,0.8539316501572937,0.7059054020403313,0.6072370411545001,0.4815354195004158,0.38734476109041527,0.013513513513513514,0.04054054054054054,0.05405405405405406,0.08108108108108109,0.13513513513513514,0.2702702702702703,0.2972972972972973,1.0,1.0,0.8,0.6,0.5,0.4,0.22,1.0,1.0,1.0,1.0,1.0,1.0,1.0,0.013513513513513514,0.04054054054054054,0.05135135135135135,0.07419562419562419,0.11081216081216082,0.16894318688974766,0.1790578470044078,1.0
PLAIN-1611,6,0.0,0.0,0.0,0.0,0.0,0.0,0.046386071832712865,0.0,0.0,0.0,0.0,0.0,0.0,0.16666666666666666,0.0,0.0,0.0,0.0,0.0,0.0,0.01,0.0,0.0,0.0,0.0,0.0,0.0,0.01098901098901099,0.0,0.0,0.0,0.0,0.0,0.0,0.0018315018315018317,91.0
PLAIN-1621,4,0.0,0.0,0.0,0.0,0.0,0.0,0.0,0.0,0.0,0.0,0.0,0.0,0.0,0.0,0.0,0.0,0.0,0.0,0.0,0.0,0.0,0.0,0.0,0.0,0.0,0.0,0.0,0.0,0.0,0.0,0.0,0.0,0.0,0.0,0.0,
PLAIN-1635,431,1.0,1.0,1.0,0.8630152897016883,0.8411752804907037,0.7748303382790026,0.6874651889465282,0.002320185614849188,0.0069605568445475635,0.01160092807424594,0.018561484918793503,0.037122969837587005,0.08584686774941995,0.14849187935034802,1.0,1.0,1.0,0.8,0.8,0.74,0.64,1.0,1.0,1.0,1.0,1.0,1.0,1.0,0.002320185614849188,0.0069605568445475635,0.01160092807424594,0.018013663315287445,0.03304248108711414,0.06931433888313848,0.11456741485206544,1.0
PLAIN-1645,6,1.0,0.46927872602275644,0.3391602052736161,0.30260241349881345,0.30260241349881345,0.30260241349881345,0.30260241349881345,0.16666666666666666,0.16666666666666666,0.16666666666666666,0.16666666666666666,0.16666666666666666,0.16666666666666666,0.16666666666666666,1.0,0.3333333333333333,0.2,0.1,0.05,0.02,0.01,1.0,1.0,1.0,1.0,1.0,1.0,1.0,0.16666666666666666,0.16666666666666666,0.16666666666666666,0.16666666666666666,0.16666666666666666,0.16666666666666666,0.16666666666666666,1.0
PLAIN-1656,28,0.0,0.23463936301137822,0.16958010263680806,0.18844415212771543,0.18980336687502775,0.17612204053397268,0.21444553919610254,0.0,0.03571428571428571,0.03571428571428571,0.07142857142857142,0.14285714285714285,0.17857142857142858,0.25,0.0,0.3333333333333333,0.2,0.2,0.2,0.1,0.07,0.0,0.3333333333333333,0.3333333333333333,0.3333333333333333,0.3333333333333333,0.3333333333333333,0.3333333333333333,0.0,0.011904761904761904,0.011904761904761904,0.023809523809523808,0.03844246031746031,0.04482001133786848,0.05236728862198787,3.0
PLAIN-1667,159,1.0,0.7039180890341347,0.7860137352654724,0.713308065210993,0.6460774505124746,0.594061058029085,0.481583773097662,0.006289308176100629,0.012578616352201259,0.025157232704402517,0.0440251572327044,0.07547169811320754,0.1761006289308176,0.27044025157232704,1.0,0.6666666666666666,0.8,0.7,0.6,0.56,0.43,1.0,1.0,1.0,1.0,1.0,1.0,1.0,0.006289308176100629,0.010482180293501047,0.020230607966457023,0.03331835879005691,0.056828422533195005,0.11502794747541961,0.16146101572889876,1.0
PLAIN-1679,1,0.0,0.0,0.0,0.0,0.0,0.0,0.0,0.0,0.0,0.0,0.0,0.0,0.0,0.0,0.0,0.0,0.0,0.0,0.0,0.0,0.0,0.0,0.0,0.0,0.0,0.0,0.0,0.0,0.0,0.0,0.0,0.0,0.0,0.0,0.0,
PLAIN-1690,4,0.0,0.0,0.0,0.0,0.0,0.0,0.0,0.0,0.0,0.0,0.0,0.0,0.0,0.0,0.0,0.0,0.0,0.0,0.0,0.0,0.0,0.0,0.0,0.0,0.0,0.0,0.0,0.0,0.0,0.0,0.0,0.0,0.0,0.0,0.0,
PLAIN-1700,5,0.0,0.0,0.0,0.0,0.0,0.0,0.0,0.0,0.0,0.0,0.0,0.0,0.0,0.0,0.0,0.0,0.0,0.0,0.0,0.0,0.0,0.0,0.0,0.0,0.0,0.0,0.0,0.0,0.0,0.0,0.0,0.0,0.0,0.0,0.0,
PLAIN-1710,16,1.0,1.0,1.0,1.0,0.9189894103532604,0.952701641220578,0.952701641220578,0.0625,0.1875,0.3125,0.625,0.875,0.9375,0.9375,1.0,1.0,1.0,1.0,0.7,0.3,0.15,1.0,1.0,1.0,1.0,1.0,1.0,1.0,0.0625,0.1875,0.3125,0.625,0.875,0.9084821428571429,0.9084821428571429,1.0
PLAIN-1721,31,1.0,1.0,0.7227265726449519,0.6830838076905166,0.44083998574514976,0.33152859535774354,0.36614947711756396,0.03225806451612903,0.0967741935483871,0.0967741935483871,0.1935483870967742,0.1935483870967742,0.1935483870967742,0.25806451612903225,1.0,1.0,0.6,0.6,0.3,0.12,0.08,1.0,1.0,1.0,1.0,1.0,1.0,1.0,0.03225806451612903,0.0967741935483871,0.0967741935483871,0.15994623655913978,0.15994623655913978,0.15994623655913978,0.16673972335865964,1.0
PLAIN-1731,3,1.0,0.7653606369886217,0.7653606369886217,0.7653606369886217,0.7653606369886217,0.7653606369886217,0.7653606369886217,0.3333333333333333,0.6666666666666666,0.6666666666666666,0.6666666666666666,0.6666666666666666,0.6666666666666666,0.6666666666666666,1.0,0.6666666666666666,0.4,0.2,0.1,0.04,0.02,1.0,1.0,1.0,1.0,1.0,1.0,1.0,0.3333333333333333,0.6666666666666666,0.6666666666666666,0.6666666666666666,0.6666666666666666,0.6666666666666666,0.6666666666666666,1.0
PLAIN-1741,420,1.0,1.0,1.0,0.9363792118010483,0.9589412206131108,0.8153637162167674,0.5640613879027255,0.002380952380952381,0.007142857142857143,0.011904761904761904,0.02142857142857143,0.04523809523809524,0.09047619047619047,0.10952380952380952,1.0,1.0,1.0,0.9,0.95,0.76,0.46,1.0,1.0,1.0,1.0,1.0,1.0,1.0,0.002380952380952381,0.007142857142857143,0.011904761904761904,0.02142857142857143,0.04364578237339183,0.08319114337466255,0.09450520816817053,1.0
PLAIN-1752,1,0.0,0.0,0.0,0.0,0.0,0.0,0.0,0.0,0.0,0.0,0.0,0.0,0.0,0.0,0.0,0.0,0.0,0.0,0.0,0.0,0.0,0.0,0.0,0.0,0.0,0.0,0.0,0.0,0.0,0.0,0.0,0.0,0.0,0.0,0.0,
PLAIN-1762,8,1.0,0.7653606369886217,0.5531464700081437,0.4125317798925535,0.4125317798925535,0.4594397571008595,0.4594397571008595,0.125,0.25,0.25,0.25,0.25,0.375,0.375,1.0,0.6666666666666666,0.4,0.2,0.1,0.06,0.03,1.0,1.0,1.0,1.0,1.0,1.0,1.0,0.125,0.25,0.25,0.25,0.25,0.25914634146341464,0.25914634146341464,1.0
PLAIN-1772,2,1.0,1.0,1.0,1.0,1.0,1.0,1.0,0.5,1.0,1.0,1.0,1.0,1.0,1.0,1.0,0.6666666666666666,0.4,0.2,0.1,0.04,0.02,1.0,1.0,1.0,1.0,1.0,1.0,1.0,0.5,1.0,1.0,1.0,1.0,1.0,1.0,1.0
PLAIN-1784,2,0.0,0.0,0.0,0.0,0.0,0.0,0.0,0.0,0.0,0.0,0.0,0.0,0.0,0.0,0.0,0.0,0.0,0.0,0.0,0.0,0.0,0.0,0.0,0.0,0.0,0.0,0.0,0.0,0.0,0.0,0.0,0.0,0.0,0.0,0.0,
PLAIN-1794,2,1.0,1.0,1.0,1.0,1.0,1.0,1.0,0.5,1.0,1.0,1.0,1.0,1.0,1.0,1.0,0.6666666666666666,0.4,0.2,0.1,0.04,0.02,1.0,1.0,1.0,1.0,1.0,1.0,1.0,0.5,1.0,1.0,1.0,1.0,1.0,1.0,1.0
PLAIN-1805,116,1.0,1.0,1.0,1.0,0.8895584387693037,0.5953863214756409,0.41246214000400233,0.008620689655172414,0.02586206896551724,0.04310344827586207,0.08620689655172414,0.14655172413793102,0.20689655172413793,0.25862068965517243,1.0,1.0,1.0,1.0,0.85,0.48,0.3,1.0,1.0,1.0,1.0,1.0,1.0,1.0,0.008620689655172414,0.02586206896551724,0.04310344827586207,0.08620689655172414,0.13855842700056434,0.18086029862169872,0.19955894832043725,1.0
PLAIN-1817,27,1.0,1.0,0.7227265726449519,0.5326208815196266,0.4509339091609524,0.41877249757126467,0.43641490826954094,0.037037037037037035,0.1111111111111111,0.1111111111111111,0.14814814814814814,0.25925925925925924,0.3333333333333333,0.37037037037037035,1.0,1.0,0.6,0.4,0.35,0.18,0.1,1.0,1.0,1.0,1.0,1.0,1.0,1.0,0.037037037037037035,0.1111111111111111,0.1111111111111111,0.1259259259259259,0.17049745824255627,0.19183215699660985,0.19561144649018505,1.0
PLAIN-1827,3,0.0,0.0,0.0,0.0,0.0,0.0,0.0,0.0,0.0,0.0,0.0,0.0,0.0,0.0,0.0,0.0,0.0,0.0,0.0,0.0,0.0,0.0,0.0,0.0,0.0,0.0,0.0,0.0,0.0,0.0,0.0,0.0,0.0,0.0,0.0,
PLAIN-1837,196,1.0,1.0,1.0,1.0,1.0,0.911666878907425,0.7567252147956821,0.00510204081632653,0.015306122448979591,0.025510204081632654,0.05102040816326531,0.10204081632653061,0.22448979591836735,0.3520408163265306,1.0,1.0,1.0,1.0,1.0,0.88,0.69,1.0,1.0,1.0,1.0,1.0,1.0,1.0,0.00510204081632653,0.015306122448979591,0.025510204081632654,0.05102040816326531,0.10204081632653061,0.217841480116429,0.3226176108733052,1.0
PLAIN-1847,11,0.0,0.2960819109658652,0.21398626473452756,0.2172607128522299,0.2046939291263605,0.2412499376083683,0.2412499376083683,0.0,0.09090909090909091,0.09090909090909091,0.18181818181818182,0.18181818181818182,0.2727272727272727,0.2727272727272727,0.0,0.3333333333333333,0.2,0.2,0.1,0.06,0.03,0.0,0.5,0.5,0.5,0.5,0.5,0.5,0.0,0.045454545454545456,0.045454545454545456,0.07575757575757575,0.07575757575757575,0.08121212121212121,0.08121212121212121,2.0
PLAIN-1857,33,1.0,1.0,0.8687949224876582,0.5637884576902257,0.3638506620318612,0.26255697763654795,0.2781580824653297,0.030303030303030304,0.09090909090909091,0.12121212121212122,0.12121212121212122,0.12121212121212122,0.12121212121212122,0.15151515151515152,1.0,1.0,0.8,0.4,0.2,0.08,0.05,1.0,1.0,1.0,1.0,1.0,1.0,1.0,0.030303030303030304,0.09090909090909091,0.12121212121212122,0.12121212121212122,0.12121212121212122,0.12121212121212122,0.12282398452611219,1.0
PLAIN-1867,7,1.0,0.46927872602275644,0.3391602052736161,0.27487633291429087,0.27487633291429087,0.27487633291429087,0.27487633291429087,0.14285714285714285,0.14285714285714285,0.14285714285714285,0.14285714285714285,0.14285714285714285,0.14285714285714285,0.14285714285714285,1.0,0.3333333333333333,0.2,0.1,0.05,0.02,0.01,1.0,1.0,1.0,1.0,1.0,1.0,1.0,0.14285714285714285,0.14285714285714285,0.14285714285714285,0.14285714285714285,0.14285714285714285,0.14285714285714285,0.14285714285714285,1.0
PLAIN-1877,36,0.0,0.0,0.0,0.0,0.0,0.0,0.015837282001295486,0.0,0.0,0.0,0.0,0.0,0.0,0.027777777777777776,0.0,0.0,0.0,0.0,0.0,0.0,0.01,0.0,0.0,0.0,0.0,0.0,0.0,0.014705882352941176,0.0,0.0,0.0,0.0,0.0,0.0,0.0004084967320261438,68.0
PLAIN-1887,4,0.0,0.0,0.0,0.0,0.0,0.0,0.0,0.0,0.0,0.0,0.0,0.0,0.0,0.0,0.0,0.0,0.0,0.0,0.0,0.0,0.0,0.0,0.0,0.0,0.0,0.0,0.0,0.0,0.0,0.0,0.0,0.0,0.0,0.0,0.0,
PLAIN-1897,2,0.0,0.0,0.0,0.0,0.0,0.0,0.0,0.0,0.0,0.0,0.0,0.0,0.0,0.0,0.0,0.0,0.0,0.0,0.0,0.0,0.0,0.0,0.0,0.0,0.0,0.0,0.0,0.0,0.0,0.0,0.0,0.0,0.0,0.0,0.0,
PLAIN-1909,463,1.0,0.46927872602275644,0.48522855511632257,0.6023277671368328,0.6385481115138124,0.5766774223057102,0.4874205953296971,0.0021598272138228943,0.0021598272138228943,0.004319654427645789,0.012958963282937365,0.028077753779697623,0.06047516198704104,0.09719222462203024,1.0,0.3333333333333333,0.4,0.6,0.65,0.56,0.45,1.0,1.0,1.0,1.0,1.0,1.0,1.0,0.0021598272138228943,0.0021598272138228943,0.0032397408207343412,0.008343618224827726,0.018239153991399075,0.03799061998599112,0.05721181857894679,1.0
PLAIN-1919,27,1.0,1.0,1.0,0.7909506325094736,0.5104537124653532,0.6086212607692559,0.6466678336944343,0.037037037037037035,0.1111111111111111,0.18518518518518517,0.25925925925925924,0.25925925925925924,0.5555555555555556,0.6296296296296297,1.0,1.0,1.0,0.7,0.35,0.3,0.17,1.0,1.0,1.0,1.0,1.0,1.0,1.0,0.037037037037037035,0.1111111111111111,0.18518518518518517,0.24814814814814815,0.24814814814814815,0.3564965241464958,0.37397493051379105,1.0
PLAIN-1929,10,1.0,0.46927872602275644,0.3391602052736161,0.2200917662980802,0.2719033298432553,0.31070362302112653,0.3459299866152162,0.1,0.1,0.1,0.1,0.2,0.3,0.4,1.0,0.3333333333333333,0.2,0.1,0.1,0.06,0.04,1.0,1.0,1.0,1.0,1.0,1.0,1.0,0.1,0.1,0.1,0.1,0.11111111111111112,0.11711111111111112,0.12244444444444444,1.0
PLAIN-1940,12,1.0,0.7653606369886217,0.5531464700081437,0.35895421017163476,0.320245999844935,0.35600040411523853,0.35600040411523853,0.08333333333333333,0.16666666666666666,0.16666666666666666,0.16666666666666666,0.16666666666666666,0.25,0.25,1.0,0.6666666666666666,0.4,0.2,0.1,0.06,0.03,1.0,1.0,1.0,1.0,1.0,1.0,1.0,0.08333333333333333,0.16666666666666666,0.16666666666666666,0.16666666666666666,0.16666666666666666,0.17234848484848486,0.17234848484848486,1.0
PLAIN-1950,13,1.0,0.7039180890341347,0.5087403079104241,0.3301376494471203,0.280091647388022,0.3213705702234484,0.3213705702234484,0.07692307692307693,0.15384615384615385,0.15384615384615385,0.15384615384615385,0.15384615384615385,0.23076923076923078,0.23076923076923078,1.0,0.6666666666666666,0.4,0.2,0.1,0.06,0.03,1.0,1.0,1.0,1.0,1.0,1.0,1.0,0.07692307692307693,0.1282051282051282,0.1282051282051282,0.1282051282051282,0.1282051282051282,0.13869463869463866,0.13869463869463866,1.0
PLAIN-1962,13,0.0,0.0,0.0,0.0,0.0,0.07149075016358489,0.10039852037460242,0.0,0.0,0.0,0.0,0.0,0.15384615384615385,0.23076923076923078,0.0,0.0,0.0,0.0,0.0,0.04,0.03,0.0,0.0,0.0,0.0,0.0,0.029411764705882353,0.029411764705882353,0.0,0.0,0.0,0.0,0.0,0.0062072166144564326,0.008859736508355637,34.0
PLAIN-1972,11,0.0,0.0,0.0,0.0,0.0,0.04361012301980157,0.07871509501112788,0.0,0.0,0.0,0.0,0.0,0.09090909090909091,0.18181818181818182,0.0,0.0,0.0,0.0,0.0,0.02,0.02,0.0,0.0,0.0,0.0,0.0,0.038461538461538464,0.038461538461538464,0.0,0.0,0.0,0.0,0.0,0.0034965034965034965,0.006578167595116747,26.0
PLAIN-1983,32,1.0,1.0,1.0,1.0,0.8209359189828128,0.6276973159938438,0.6276973159938438,0.03125,0.09375,0.15625,0.3125,0.46875,0.5,0.5,1.0,1.0,1.0,1.0,0.75,0.32,0.16,1.0,1.0,1.0,1.0,1.0,1.0,1.0,0.03125,0.09375,0.15625,0.3125,0.44162941408007195,0.46435668680734465,0.46435668680734465,1.0
PLAIN-1995,11,0.0,0.0,0.0,0.0,0.05603691580168027,0.09750916158461344,0.13337636916029394,0.0,0.0,0.0,0.0,0.09090909090909091,0.18181818181818182,0.2727272727272727,0.0,0.0,0.0,0.0,0.05,0.04,0.03,0.0,0.0,0.0,0.0,0.08333333333333333,0.08333333333333333,0.08333333333333333,0.0,0.0,0.0,0.0,0.007575757575757575,0.013440860215053762,0.01849136526555881,12.0
PLAIN-2009,8,0.0,0.0,0.14606834984270645,0.1089364926177559,0.1089364926177559,0.1089364926177559,0.1089364926177559,0.0,0.0,0.125,0.125,0.125,0.125,0.125,0.0,0.0,0.2,0.1,0.05,0.02,0.01,0.0,0.0,0.25,0.25,0.25,0.25,0.25,0.0,0.0,0.03125,0.03125,0.03125,0.03125,0.03125,4.0
PLAIN-2019,3,0.0,0.0,0.0,0.0,0.12325583919272352,0.12325583919272352,0.12325583919272352,0.0,0.0,0.0,0.0,0.3333333333333333,0.3333333333333333,0.3333333333333333,0.0,0.0,0.0,0.0,0.05,0.02,0.01,0.0,0.0,0.0,0.0,0.07692307692307693,0.07692307692307693,0.07692307692307693,0.0,0.0,0.0,0.0,0.025641025641025644,0.025641025641025644,0.025641025641025644,13.0
PLAIN-2030,6,0.0,0.2960819109658652,0.21398626473452756,0.19092086617893467,0.19092086617893467,0.19092086617893467,0.19092086617893467,0.0,0.16666666666666666,0.16666666666666666,0.16666666666666666,0.16666666666666666,0.16666666666666666,0.16666666666666666,0.0,0.3333333333333333,0.2,0.1,0.05,0.02,0.01,0.0,0.5,0.5,0.5,0.5,0.5,0.5,0.0,0.08333333333333333,0.08333333333333333,0.08333333333333333,0.08333333333333333,0.08333333333333333,0.08333333333333333,2.0
PLAIN-2040,132,1.0,1.0,0.8539316501572937,0.6177639991612476,0.5060168535712151,0.3207855405740182,0.2134641062383171,0.007575757575757576,0.022727272727272728,0.030303030303030304,0.03787878787878788,0.06060606060606061,0.08333333333333333,0.09848484848484848,1.0,1.0,0.8,0.5,0.4,0.22,0.13,1.0,1.0,1.0,1.0,1.0,1.0,1.0,0.007575757575757576,0.022727272727272728,0.028787878787878786,0.03257575757575758,0.043265993265993265,0.049502995642701525,0.0524690195178163,1.0
PLAIN-2051,355,1.0,0.7039180890341347,0.639945385422766,0.5670429581667767,0.6190241122105966,0.48786268891541545,0.37995456353466883,0.0028169014084507044,0.005633802816901409,0.008450704225352112,0.014084507042253521,0.03380281690140845,0.061971830985915494,0.09014084507042254,1.0,0.6666666666666666,0.6,0.5,0.6,0.44,0.32,1.0,1.0,1.0,1.0,1.0,1.0,1.0,0.0028169014084507044,0.004694835680751173,0.006384976525821596,0.010274983232729712,0.022339484597148223,0.036064609281603294,0.04814451089554124,1.0
PLAIN-2061,410,0.0,0.5307212739772434,0.6608397947263839,0.77990823370192,0.8245224689816293,0.7113878369510817,0.6530073695127859,0.0,0.004878048780487805,0.00975609756097561,0.02195121951219512,0.04390243902439024,0.08536585365853659,0.15365853658536585,0.0,0.6666666666666666,0.8,0.9,0.9,0.7,0.63,0.0,0.5,0.5,0.5,0.5,0.5,0.5,0.0,0.0028455284552845526,0.006626016260162602,0.017246418892760358,0.03745166907186465,0.07138619890519989,0.11623364869480755,2.0
PLAIN-2071,45,1.0,0.7653606369886217,0.6992148198508501,0.5173633627401373,0.5138064001358368,0.3497143334139783,0.3760286252419014,0.022222222222222223,0.044444444444444446,0.06666666666666667,0.08888888888888889,0.2,0.26666666666666666,0.3111111111111111,1.0,0.6666666666666666,0.6,0.4,0.45,0.24,0.14,1.0,1.0,1.0,1.0,1.0,1.0,1.0,0.022222222222222223,0.044444444444444446,0.06111111111111111,0.06999999999999999,0.12204000792236087,0.14307514562416523,0.15066212654447947,1.0
PLAIN-2081,1,0.0,0.5,0.5,0.5,0.5,0.5,0.5,0.0,1.0,1.0,1.0,1.0,1.0,1.0,0.0,0.3333333333333333,0.2,0.1,0.05,0.02,0.01,0.0,0.3333333333333333,0.3333333333333333,0.3333333333333333,0.3333333333333333,0.3333333333333333,0.3333333333333333,0.0,0.3333333333333333,0.3333333333333333,0.3333333333333333,0.3333333333333333,0.3333333333333333,0.3333333333333333,3.0
PLAIN-2092,10,1.0,1.0,1.0,0.6489315753318466,0.6489315753318466,0.6489315753318466,0.6489315753318466,0.1,0.3,0.5,0.5,0.5,0.5,0.5,1.0,1.0,1.0,0.5,0.25,0.1,0.05,1.0,1.0,1.0,1.0,1.0,1.0,1.0,0.1,0.3,0.5,0.5,0.5,0.5,0.5,1.0
PLAIN-2102,421,1.0,0.7653606369886217,0.830419897363192,0.7569021067152311,0.7379575057714317,0.6743826539905698,0.5709247051149008,0.0023752969121140144,0.004750593824228029,0.009501187648456057,0.0166270783847981,0.0332541567695962,0.07600950118764846,0.12351543942992874,1.0,0.6666666666666666,0.8,0.7,0.7,0.64,0.52,1.0,1.0,1.0,1.0,1.0,1.0,1.0,0.0023752969121140144,0.004750593824228029,0.00843230403800475,0.01429514006711156,0.026276149858049797,0.054393833945998366,0.08295028405265065,1.0
PLAIN-2113,1,0.0,0.0,0.0,0.0,0.0,0.0,0.0,0.0,0.0,0.0,0.0,0.0,0.0,0.0,0.0,0.0,0.0,0.0,0.0,0.0,0.0,0.0,0.0,0.0,0.0,0.0,0.0,0.0,0.0,0.0,0.0,0.0,0.0,0.0,0.0,
PLAIN-2124,17,1.0,1.0,1.0,0.791726719367984,0.7311056650940742,0.7591719900076215,0.7591719900076215,0.058823529411764705,0.17647058823529413,0.29411764705882354,0.4117647058823529,0.6470588235294118,0.7058823529411765,0.7058823529411765,1.0,1.0,1.0,0.7,0.55,0.24,0.12,1.0,1.0,1.0,1.0,1.0,1.0,1.0,0.058823529411764705,0.17647058823529413,0.29411764705882354,0.3960084033613445,0.5619711171181758,0.5766769994711171,0.5766769994711171,1.0
PLAIN-2134,12,0.0,0.0,0.0,0.0,0.0,0.0,0.0,0.0,0.0,0.0,0.0,0.0,0.0,0.0,0.0,0.0,0.0,0.0,0.0,0.0,0.0,0.0,0.0,0.0,0.0,0.0,0.0,0.0,0.0,0.0,0.0,0.0,0.0,0.0,0.0,
PLAIN-2145,9,0.0,0.23463936301137822,0.16958010263680806,0.1175227747072427,0.1175227747072427,0.1175227747072427,0.1175227747072427,0.0,0.1111111111111111,0.1111111111111111,0.1111111111111111,0.1111111111111111,0.1111111111111111,0.1111111111111111,0.0,0.3333333333333333,0.2,0.1,0.05,0.02,0.01,0.0,0.3333333333333333,0.3333333333333333,0.3333333333333333,0.3333333333333333,0.3333333333333333,0.3333333333333333,0.0,0.037037037037037035,0.037037037037037035,0.037037037037037035,0.037037037037037035,0.037037037037037035,0.037037037037037035,3.0
PLAIN-2156,6,1.0,1.0,0.7227265726449519,0.644824486427155,0.644824486427155,0.7108233715764267,0.7108233715764267,0.16666666666666666,0.5,0.5,0.5,0.5,0.6666666666666666,0.6666666666666666,1.0,1.0,0.6,0.3,0.15,0.08,0.04,1.0,1.0,1.0,1.0,1.0,1.0,1.0,0.16666666666666666,0.5,0.5,0.5,0.5,0.5289855072463768,0.5289855072463768,1.0
PLAIN-2167,1,0.0,0.0,0.0,0.0,0.0,0.0,0.0,0.0,0.0,0.0,0.0,0.0,0.0,0.0,0.0,0.0,0.0,0.0,0.0,0.0,0.0,0.0,0.0,0.0,0.0,0.0,0.0,0.0,0.0,0.0,0.0,0.0,0.0,0.0,0.0,
PLAIN-2177,24,0.0,0.2960819109658652,0.4912596920895758,0.3187939258847264,0.2420954786419,0.2969707218616029,0.3161474839852341,0.0,0.041666666666666664,0.125,0.125,0.16666666666666666,0.2916666666666667,0.3333333333333333,0.0,0.3333333333333333,0.6,0.3,0.2,0.14,0.08,0.0,0.5,0.5,0.5,0.5,0.5,0.5,0.0,0.020833333333333332,0.06666666666666667,0.06666666666666667,0.07857142857142857,0.1097100122100122,0.11321878413983676,2.0
PLAIN-2187,9,1.0,0.46927872602275644,0.3391602052736161,0.2350455494144854,0.2350455494144854,0.28393845481159374,0.28393845481159374,0.1111111111111111,0.1111111111111111,0.1111111111111111,0.1111111111111111,0.1111111111111111,0.2222222222222222,0.2222222222222222,1.0,0.3333333333333333,0.2,0.1,0.05,0.04,0.02,1.0,1.0,1.0,1.0,1.0,1.0,1.0,0.1111111111111111,0.1111111111111111,0.1111111111111111,0.1111111111111111,0.1111111111111111,0.11934156378600821,0.11934156378600821,1.0
PLAIN-2197,58,1.0,1.0,1.0,0.8701249883466594,0.7030615959697393,0.46763875676935207,0.44569296011816556,0.017241379310344827,0.05172413793103448,0.08620689655172414,0.13793103448275862,0.20689655172413793,0.29310344827586204,0.3275862068965517,1.0,1.0,1.0,0.8,0.6,0.34,0.19,1.0,1.0,1.0,1.0,1.0,1.0,1.0,0.017241379310344827,0.05172413793103448,0.08620689655172414,0.13793103448275862,0.18517115068839202,0.2395263129895813,0.2495556671970177,1.0
PLAIN-2209,2,0.0,0.0,0.0,0.0,0.0,0.0,0.0,0.0,0.0,0.0,0.0,0.0,0.0,0.0,0.0,0.0,0.0,0.0,0.0,0.0,0.0,0.0,0.0,0.0,0.0,0.0,0.0,0.0,0.0,0.0,0.0,0.0,0.0,0.0,0.0,
PLAIN-2220,9,1.0,0.7653606369886217,0.5531464700081437,0.3833427799846345,0.3833427799846345,0.3833427799846345,0.3833427799846345,0.1111111111111111,0.2222222222222222,0.2222222222222222,0.2222222222222222,0.2222222222222222,0.2222222222222222,0.2222222222222222,1.0,0.6666666666666666,0.4,0.2,0.1,0.04,0.02,1.0,1.0,1.0,1.0,1.0,1.0,1.0,0.1111111111111111,0.2222222222222222,0.2222222222222222,0.2222222222222222,0.2222222222222222,0.2222222222222222,0.2222222222222222,1.0
PLAIN-2230,7,0.0,0.0,0.0,0.0,0.0,0.05005165434923901,0.05005165434923901,0.0,0.0,0.0,0.0,0.0,0.14285714285714285,0.14285714285714285,0.0,0.0,0.0,0.0,0.0,0.02,0.01,0.0,0.0,0.0,0.0,0.0,0.022727272727272728,0.022727272727272728,0.0,0.0,0.0,0.0,0.0,0.003246753246753247,0.003246753246753247,44.0
PLAIN-2240,11,1.0,1.0,0.7227265726449519,0.542364015420035,0.5109926220696255,0.5109926220696255,0.5109926220696255,0.09090909090909091,0.2727272727272727,0.2727272727272727,0.36363636363636365,0.36363636363636365,0.36363636363636365,0.36363636363636365,1.0,1.0,0.6,0.4,0.2,0.08,0.04,1.0,1.0,1.0,1.0,1.0,1.0,1.0,0.09090909090909091,0.2727272727272727,0.2727272727272727,0.3246753246753247,0.3246753246753247,0.3246753246753247,0.3246753246753247,1.0
PLAIN-2250,2,0.0,0.0,0.0,0.0,0.0,0.0,0.0,0.0,0.0,0.0,0.0,0.0,0.0,0.0,0.0,0.0,0.0,0.0,0.0,0.0,0.0,0.0,0.0,0.0,0.0,0.0,0.0,0.0,0.0,0.0,0.0,0.0,0.0,0.0,0.0,
PLAIN-2261,60,1.0,1.0,0.8539316501572937,0.7019727018777485,0.5261650721663556,0.31955466764071955,0.31488733226832,0.016666666666666666,0.05,0.06666666666666667,0.1,0.13333333333333333,0.16666666666666666,0.21666666666666667,1.0,1.0,0.8,0.6,0.4,0.2,0.13,1.0,1.0,1.0,1.0,1.0,1.0,1.0,0.016666666666666666,0.05,0.06333333333333332,0.08972222222222222,0.10777777777777776,0.11958333333333332,0.12764488636363633,1.0
PLAIN-2271,10,0.0,0.0,0.0,0.0,0.0,0.0,0.0,0.0,0.0,0.0,0.0,0.0,0.0,0.0,0.0,0.0,0.0,0.0,0.0,0.0,0.0,0.0,0.0,0.0,0.0,0.0,0.0,0.0,0.0,0.0,0.0,0.0,0.0,0.0,0.0,
PLAIN-2281,1,0.0,0.0,0.0,0.0,0.0,0.0,0.0,0.0,0.0,0.0,0.0,0.0,0.0,0.0,0.0,0.0,0.0,0.0,0.0,0.0,0.0,0.0,0.0,0.0,0.0,0.0,0.0,0.0,0.0,0.0,0.0,0.0,0.0,0.0,0.0,
PLAIN-2291,5,1.0,0.46927872602275644,0.48522855511632257,0.48522855511632257,0.48522855511632257,0.48522855511632257,0.48522855511632257,0.2,0.2,0.4,0.4,0.4,0.4,0.4,1.0,0.3333333333333333,0.4,0.2,0.1,0.04,0.02,1.0,1.0,1.0,1.0,1.0,1.0,1.0,0.2,0.2,0.3,0.3,0.3,0.3,0.3,1.0
PLAIN-2301,13,0.0,0.0,0.0,0.0,0.046681941231336996,0.046681941231336996,0.07589321979831667,0.0,0.0,0.0,0.0,0.07692307692307693,0.07692307692307693,0.15384615384615385,0.0,0.0,0.0,0.0,0.05,0.02,0.02,0.0,0.0,0.0,0.0,0.06666666666666667,0.06666666666666667,0.06666666666666667,0.0,0.0,0.0,0.0,0.005128205128205128,0.005128205128205128,0.006981773246833489,15.0
PLAIN-2311,2,0.0,0.0,0.0,0.0,0.0,0.0,0.0,0.0,0.0,0.0,0.0,0.0,0.0,0.0,0.0,0.0,0.0,0.0,0.0,0.0,0.0,0.0,0.0,0.0,0.0,0.0,0.0,0.0,0.0,0.0,0.0,0.0,0.0,0.0,0.0,
PLAIN-2321,5,0.0,0.0,0.0,0.0,0.0,0.0,0.0,0.0,0.0,0.0,0.0,0.0,0.0,0.0,0.0,0.0,0.0,0.0,0.0,0.0,0.0,0.0,0.0,0.0,0.0,0.0,0.0,0.0,0.0,0.0,0.0,0.0,0.0,0.0,0.0,
PLAIN-2332,97,1.0,0.46927872602275644,0.3391602052736161,0.35314377643380923,0.2602457537705379,0.33417186961311535,0.32823249645961294,0.010309278350515464,0.010309278350515464,0.010309278350515464,0.030927835051546393,0.041237113402061855,0.17525773195876287,0.32989690721649484,1.0,0.3333333333333333,0.2,0.3,0.2,0.34,0.32,1.0,1.0,1.0,1.0,1.0,1.0,1.0,0.010309278350515464,0.010309278350515464,0.010309278350515464,0.015979381443298968,0.01804123711340206,0.05530869687272688,0.10693354406351191,1.0
PLAIN-2343,2,0.0,0.0,0.0,0.0,0.0,0.0,0.0,0.0,0.0,0.0,0.0,0.0,0.0,0.0,0.0,0.0,0.0,0.0,0.0,0.0,0.0,0.0,0.0,0.0,0.0,0.0,0.0,0.0,0.0,0.0,0.0,0.0,0.0,0.0,0.0,
PLAIN-2354,5,0.0,0.2960819109658652,0.21398626473452756,0.3347975674340217,0.3347975674340217,0.3969212881737042,0.4484265481104878,0.0,0.2,0.2,0.4,0.4,0.6,0.8,0.0,0.3333333333333333,0.2,0.2,0.1,0.06,0.04,0.0,0.5,0.5,0.5,0.5,0.5,0.5,0.0,0.1,0.1,0.16666666666666666,0.16666666666666666,0.18062015503875967,0.18904120767033863,2.0
PLAIN-2364,15,0.0,0.0,0.0,0.0,0.0,0.0,0.0,0.0,0.0,0.0,0.0,0.0,0.0,0.0,0.0,0.0,0.0,0.0,0.0,0.0,0.0,0.0,0.0,0.0,0.0,0.0,0.0,0.0,0.0,0.0,0.0,0.0,0.0,0.0,0.0,
PLAIN-2375,2,0.0,0.0,0.0,0.0,0.0,0.0,0.0,0.0,0.0,0.0,0.0,0.0,0.0,0.0,0.0,0.0,0.0,0.0,0.0,0.0,0.0,0.0,0.0,0.0,0.0,0.0,0.0,0.0,0.0,0.0,0.0,0.0,0.0,0.0,0.0,
PLAIN-2386,19,0.0,0.0,0.0,0.07839826897867534,0.05228654033924595,0.0843013880846,0.13139222681230267,0.0,0.0,0.0,0.05263157894736842,0.05263157894736842,0.10526315789473684,0.21052631578947367,0.0,0.0,0.0,0.1,0.05,0.04,0.04,0.0,0.0,0.0,0.16666666666666666,0.16666666666666666,0.16666666666666666,0.16666666666666666,0.0,0.0,0.0,0.008771929824561403,0.008771929824561403,0.013348588863463006,0.01821775329997802,6.0
PLAIN-2396,18,0.0,0.0,0.0,0.0,0.0,0.0,0.0,0.0,0.0,0.0,0.0,0.0,0.0,0.0,0.0,0.0,0.0,0.0,0.0,0.0,0.0,0.0,0.0,0.0,0.0,0.0,0.0,0.0,0.0,0.0,0.0,0.0,0.0,0.0,0.0,
PLAIN-2408,5,0.0,0.0,0.0,0.0,0.0,0.0,0.0,0.0,0.0,0.0,0.0,0.0,0.0,0.0,0.0,0.0,0.0,0.0,0.0,0.0,0.0,0.0,0.0,0.0,0.0,0.0,0.0,0.0,0.0,0.0,0.0,0.0,0.0,0.0,0.0,
PLAIN-2430,46,1.0,1.0,0.7227265726449519,0.5326208815196266,0.3751459520455998,0.383401957433229,0.41981601213759245,0.021739130434782608,0.06521739130434782,0.06521739130434782,0.08695652173913043,0.08695652173913043,0.2608695652173913,0.34782608695652173,1.0,1.0,0.6,0.4,0.2,0.24,0.16,1.0,1.0,1.0,1.0,1.0,1.0,1.0,0.021739130434782608,0.06521739130434782,0.06521739130434782,0.07391304347826087,0.07391304347826087,0.11263793696746181,0.13141813860051627,1.0
PLAIN-2440,21,0.0,0.0,0.0,0.0,0.0,0.025693729453872473,0.025693729453872473,0.0,0.0,0.0,0.0,0.0,0.047619047619047616,0.047619047619047616,0.0,0.0,0.0,0.0,0.0,0.02,0.01,0.0,0.0,0.0,0.0,0.0,0.025,0.025,0.0,0.0,0.0,0.0,0.0,0.0011904761904761906,0.0011904761904761906,40.0
PLAIN-2450,38,1.0,0.46927872602275644,0.3391602052736161,0.29849003527675555,0.30986554163955293,0.26011305469282364,0.3007287975982517,0.02631578947368421,0.02631578947368421,0.02631578947368421,0.05263157894736842,0.10526315789473684,0.13157894736842105,0.23684210526315788,1.0,0.3333333333333333,0.2,0.2,0.2,0.1,0.09,1.0,1.0,1.0,1.0,1.0,1.0,1.0,0.02631578947368421,0.02631578947368421,0.02631578947368421,0.03508771929824561,0.048843700159489634,0.051475279106858056,0.06201551935849681,1.0
PLAIN-2460,31,0.0,0.0,0.0,0.09508977831648076,0.2018932231137009,0.3121798736374363,0.35352256286232236,0.0,0.0,0.0,0.03225806451612903,0.12903225806451613,0.3548387096774194,0.45161290322580644,0.0,0.0,0.0,0.1,0.2,0.22,0.14,0.0,0.0,0.0,0.16666666666666666,0.16666666666666666,0.16666666666666666,0.16666666666666666,0.0,0.0,0.0,0.005376344086021505,0.027287765997443415,0.08450316519926028,0.1059477918926568,6.0
PLAIN-2470,73,1.0,0.617319681505689,0.6578242262397573,0.5579491957509959,0.49363387269784537,0.39744871869257176,0.3777684400575851,0.0136986301369863,0.0273972602739726,0.0547945205479452,0.0684931506849315,0.1095890410958904,0.1780821917808219,0.273972602739726,1.0,0.6666666666666666,0.8,0.5,0.4,0.26,0.2,1.0,1.0,1.0,1.0,1.0,1.0,1.0,0.0136986301369863,0.0273972602739726,0.048630136986301364,0.056240487062404865,0.07535333768210481,0.0967519874937182,0.1203418984136302,1.0
PLAIN-2480,18,1.0,0.46927872602275644,0.4777969189511402,0.3859556983727948,0.31337656961193616,0.34996665592652126,0.3782944950250362,0.05555555555555555,0.05555555555555555,0.16666666666666666,0.2222222222222222,0.2222222222222222,0.2777777777777778,0.3888888888888889,1.0,0.3333333333333333,0.6,0.4,0.2,0.1,0.07,1.0,1.0,1.0,1.0,1.0,1.0,1.0,0.05555555555555555,0.05555555555555555,0.11666666666666667,0.1388888888888889,0.1388888888888889,0.14756944444444445,0.15554665242165244,1.0
PLAIN-2490,23,0.0,0.0,0.14606834984270645,0.11496943328345773,0.11024082723514127,0.1433193367874176,0.18864050438752317,0.0,0.0,0.043478260869565216,0.043478260869565216,0.08695652173913043,0.13043478260869565,0.2608695652173913,0.0,0.0,0.2,0.1,0.1,0.06,0.06,0.0,0.0,0.25,0.25,0.25,0.25,0.25,0.0,0.0,0.010869565217391304,0.010869565217391304,0.0159846547314578,0.021202046035805628,0.02993387773817159,4.0
PLAIN-2500,7,0.0,0.0,0.0,0.0,0.17577732686579017,0.2453126548800329,0.2755980133980651,0.0,0.0,0.0,0.0,0.2857142857142857,0.5714285714285714,0.7142857142857143,0.0,0.0,0.0,0.0,0.1,0.08,0.05,0.0,0.0,0.0,0.0,0.05555555555555555,0.05555555555555555,0.05555555555555555,0.0,0.0,0.0,0.0,0.022222222222222223,0.04541331684188827,0.05481181308248977,18.0
PLAIN-2510,46,1.0,1.0,0.8539316501572937,0.7655934900767002,0.7421668896630608,0.6408137628108657,0.7090259270963682,0.021739130434782608,0.06521739130434782,0.08695652173913043,0.15217391304347827,0.30434782608695654,0.45652173913043476,0.6304347826086957,1.0,1.0,0.8,0.7,0.7,0.42,0.29,1.0,1.0,1.0,1.0,1.0,1.0,1.0,0.021739130434782608,0.06521739130434782,0.08260869565217391,0.1322463768115942,0.24246224005276365,0.3229918986424411,0.37560576889447495,1.0
PLAIN-2520,73,0.0,0.0,0.0,0.03668196104968003,0.1050294940812935,0.16841371754947462,0.161089604989113,0.0,0.0,0.0,0.0136986301369863,0.0684931506849315,0.1506849315068493,0.1780821917808219,0.0,0.0,0.0,0.1,0.25,0.22,0.13,0.0,0.0,0.0,0.14285714285714285,0.14285714285714285,0.14285714285714285,0.14285714285714285,0.0,0.0,0.0,0.0019569471624266144,0.014008160341762275,0.034611418868596866,0.03911517315375598,7.0
PLAIN-2530,72,1.0,1.0,1.0,0.9301909272231256,0.8374683539527278,0.6497800353238157,0.5711738807124479,0.013888888888888888,0.041666666666666664,0.06944444444444445,0.1388888888888889,0.2222222222222222,0.3194444444444444,0.3611111111111111,1.0,1.0,1.0,1.0,0.8,0.46,0.26,1.0,1.0,1.0,1.0,1.0,1.0,1.0,0.013888888888888888,0.041666666666666664,0.06944444444444445,0.1388888888888889,0.2185763888888889,0.2783232290480042,0.2926309425558764,1.0
PLAIN-2540,21,0.0,0.0,0.0,0.07171242235367577,0.16244184834335343,0.26487236771286915,0.3191961962129061,0.0,0.0,0.0,0.047619047619047616,0.19047619047619047,0.38095238095238093,0.5714285714285714,0.0,0.0,0.0,0.1,0.2,0.16,0.12,0.0,0.0,0.0,0.125,0.125,0.125,0.125,0.0,0.0,0.0,0.005952380952380952,0.03185045948203843,0.0701956460415107,0.09409258272980166,8.0
PLAIN-2550,25,0.0,0.0,0.0,0.04019569404504287,0.10823721234506517,0.1659380374463175,0.20685939841804593,0.0,0.0,0.0,0.04,0.12,0.2,0.28,0.0,0.0,0.0,0.1,0.15,0.1,0.07,0.0,0.0,0.0,0.125,0.125,0.125,0.125,0.0,0.0,0.0,0.005,0.021503496503496505,0.03186894500847989,0.038398402981771336,8.0
PLAIN-2560,21,1.0,1.0,1.0,0.9363792118010483,0.8033225634839583,0.8202578886071318,0.8468676096484093,0.047619047619047616,0.14285714285714285,0.23809523809523808,0.42857142857142855,0.5238095238095238,0.6190476190476191,0.7142857142857143,1.0,1.0,1.0,0.9,0.55,0.26,0.15,1.0,1.0,1.0,1.0,1.0,1.0,1.0,0.047619047619047616,0.14285714285714285,0.23809523809523808,0.42857142857142855,0.4994303941672363,0.532891441421387,0.5519390604690061,1.0
PLAIN-2570,40,1.0,0.5865984075284455,0.4239502565920201,0.4311989024027019,0.37854744814211255,0.37150390018133933,0.43618747880987696,0.025,0.05,0.05,0.1,0.15,0.275,0.4,1.0,0.6666666666666666,0.4,0.4,0.3,0.22,0.16,1.0,1.0,1.0,1.0,1.0,1.0,1.0,0.025,0.041666666666666664,0.041666666666666664,0.06666666666666667,0.08636363636363636,0.12585789210789208,0.14884353150742585,1.0
PLAIN-2580,23,0.0,0.1480409554829326,0.29379181377743263,0.22358008968550797,0.1627140584764724,0.15173786462704575,0.15173786462704575,0.0,0.043478260869565216,0.08695652173913043,0.08695652173913043,0.08695652173913043,0.08695652173913043,0.08695652173913043,0.0,0.3333333333333333,0.4,0.2,0.1,0.04,0.02,0.0,0.5,0.5,0.5,0.5,0.5,0.5,0.0,0.021739130434782608,0.043478260869565216,0.043478260869565216,0.043478260869565216,0.043478260869565216,0.043478260869565216,2.0
PLAIN-2590,63,0.0,0.11731968150568911,0.21599512883074581,0.1852583343307524,0.14430695154186096,0.11902865097744696,0.12900940817327108,0.0,0.015873015873015872,0.031746031746031744,0.047619047619047616,0.047619047619047616,0.06349206349206349,0.09523809523809523,0.0,0.3333333333333333,0.4,0.3,0.15,0.08,0.06,0.0,0.3333333333333333,0.3333333333333333,0.3333333333333333,0.3333333333333333,0.3333333333333333,0.3333333333333333,0.0,0.005291005291005291,0.011640211640211642,0.019576719576719578,0.019576719576719578,0.0218442932728647,0.023760932944606416,3.0
PLAIN-2600,10,1.0,1.0,0.773468039695752,0.6467397196642138,0.6467397196642138,0.6467397196642138,0.6467397196642138,0.1,0.3,0.3,0.4,0.4,0.4,0.4,1.0,1.0,0.6,0.4,0.2,0.08,0.04,1.0,1.0,1.0,1.0,1.0,1.0,1.0,0.1,0.3,0.3,0.3571428571428571,0.3571428571428571,0.3571428571428571,0.3571428571428571,1.0
PLAIN-2610,61,1.0,0.46927872602275644,0.48522855511632257,0.38824405276699103,0.34612030607522776,0.26727840350471443,0.2902154410773739,0.01639344262295082,0.01639344262295082,0.03278688524590164,0.04918032786885246,0.08196721311475409,0.11475409836065574,0.19672131147540983,1.0,0.3333333333333333,0.4,0.3,0.25,0.14,0.12,1.0,1.0,1.0,1.0,1.0,1.0,1.0,0.01639344262295082,0.01639344262295082,0.02459016393442623,0.03161592505854801,0.040301573606146515,0.0489424522300664,0.059541923089047204,1.0
PLAIN-2620,55,0.0,0.0,0.0,0.0,0.0,0.1201845154969187,0.1623752457460008,0.0,0.0,0.0,0.0,0.0,0.12727272727272726,0.2,0.0,0.0,0.0,0.0,0.0,0.14,0.11,0.0,0.0,0.0,0.0,0.0,0.04,0.04,0.0,0.0,0.0,0.0,0.0,0.014403913299480976,0.024264528100719912,25.0
PLAIN-2630,48,1.0,1.0,0.7227265726449519,0.7085431372829585,0.5122802689495529,0.40550044550731085,0.43050986290096754,0.020833333333333332,0.0625,0.0625,0.14583333333333334,0.1875,0.22916666666666666,0.2708333333333333,1.0,1.0,0.6,0.7,0.45,0.22,0.13,1.0,1.0,1.0,1.0,1.0,1.0,1.0,0.020833333333333332,0.0625,0.0625,0.11589781746031746,0.14211118742368742,0.15745396246473833,0.16504889917359908,1.0
PLAIN-2640,48,0.5,0.5,0.5,0.5941310044848247,0.578647917718349,0.5135122495175237,0.5329134433221066,0.020833333333333332,0.0625,0.10416666666666667,0.1875,0.2708333333333333,0.4583333333333333,0.5,1.0,1.0,1.0,0.9,0.65,0.44,0.24,1.0,1.0,1.0,1.0,1.0,1.0,1.0,0.020833333333333332,0.0625,0.10416666666666667,0.1875,0.2564021915584416,0.3501587039748158,0.36437909021172593,1.0
PLAIN-2650,29,1.0,0.7653606369886217,0.6992148198508501,0.5933607200949347,0.4957729126926598,0.48439843705771274,0.5568218393821108,0.034482758620689655,0.06896551724137931,0.10344827586206896,0.1724137931034483,0.20689655172413793,0.27586206896551724,0.3793103448275862,1.0,0.6666666666666666,0.6,0.5,0.3,0.16,0.11,1.0,1.0,1.0,1.0,1.0,1.0,1.0,0.034482758620689655,0.06896551724137931,0.09482758620689655,0.13368910782703886,0.14662014230979747,0.16294720605065433,0.17915453924373317,1.0
PLAIN-2660,27,0.0,0.5307212739772434,0.38356636737133565,0.3909273842002217,0.28572926076639166,0.28169968246468857,0.3235172828066641,0.0,0.07407407407407407,0.07407407407407407,0.14814814814814814,0.18518518518518517,0.2222222222222222,0.2962962962962963,0.0,0.6666666666666666,0.4,0.4,0.25,0.12,0.08,0.0,0.5,0.5,0.5,0.5,0.5,0.5,0.0,0.043209876543209874,0.043209876543209874,0.0765432098765432,0.0868312757201646,0.09212228101116988,0.1001660534066083,2.0
PLAIN-2670,35,1.0,0.46927872602275644,0.563326255972632,0.42869994644567294,0.31199338122165193,0.2330908745285542,0.261534623158149,0.02857142857142857,0.02857142857142857,0.05714285714285714,0.05714285714285714,0.05714285714285714,0.05714285714285714,0.08571428571428572,1.0,0.3333333333333333,0.4,0.2,0.1,0.04,0.03,1.0,1.0,1.0,1.0,1.0,1.0,1.0,0.02857142857142857,0.02857142857142857,0.04285714285714286,0.04285714285714286,0.04285714285714286,0.04285714285714286,0.04450549450549451,1.0
PLAIN-2680,14,0.0,0.2960819109658652,0.36005461457723403,0.2705340951674102,0.23813472599935961,0.30353750774662236,0.3228505581661155,0.0,0.07142857142857142,0.14285714285714285,0.14285714285714285,0.14285714285714285,0.2857142857142857,0.35714285714285715,0.0,0.3333333333333333,0.4,0.2,0.1,0.08,0.05,0.0,0.5,0.5,0.5,0.5,0.5,0.5,0.0,0.03571428571428571,0.07142857142857142,0.07142857142857142,0.07142857142857142,0.08526785714285715,0.09176136363636364,2.0
PLAIN-2690,43,1.0,0.5865984075284455,0.5700186064347266,0.3699030722421511,0.3277006672575393,0.31208682959890466,0.3579101588803313,0.023255813953488372,0.046511627906976744,0.06976744186046512,0.06976744186046512,0.13953488372093023,0.2558139534883721,0.3488372093023256,1.0,0.6666666666666666,0.6,0.3,0.3,0.22,0.15,1.0,1.0,1.0,1.0,1.0,1.0,1.0,0.023255813953488372,0.03875968992248062,0.056201550387596895,0.056201550387596895,0.0821000704721635,0.11730790742418651,0.13309181780634646,1.0
PLAIN-2700,10,1.0,0.46927872602275644,0.563326255972632,0.42869994644567294,0.5020090907887006,0.5020090907887006,0.5246092027300601,0.1,0.1,0.2,0.2,0.3,0.3,0.4,1.0,0.3333333333333333,0.4,0.2,0.15,0.06,0.04,1.0,1.0,1.0,1.0,1.0,1.0,1.0,0.1,0.1,0.15,0.15,0.16875,0.16875,0.17283163265306123,1.0
PLAIN-2710,21,1.0,1.0,0.8613632863224759,0.6779733527921183,0.5085121074774102,0.4973468259924507,0.4973468259924507,0.047619047619047616,0.14285714285714285,0.23809523809523808,0.23809523809523808,0.23809523809523808,0.23809523809523808,0.23809523809523808,1.0,1.0,1.0,0.5,0.25,0.1,0.05,1.0,1.0,1.0,1.0,1.0,1.0,1.0,0.047619047619047616,0.14285714285714285,0.23809523809523808,0.23809523809523808,0.23809523809523808,0.23809523809523808,0.23809523809523808,1.0
PLAIN-2720,36,0.0,0.0,0.0,0.03471561096838864,0.06343210509619741,0.0728066146635911,0.13188628744157344,0.0,0.0,0.0,0.027777777777777776,0.05555555555555555,0.08333333333333333,0.19444444444444445,0.0,0.0,0.0,0.1,0.1,0.06,0.07,0.0,0.0,0.0,0.125,0.125,0.125,0.125,0.0,0.0,0.0,0.003472222222222222,0.006558641975308642,0.008294753086419753,0.01515465878705126,8.0
PLAIN-2730,29,1.0,0.7039180890341347,0.7860137352654724,0.582618537072556,0.5435662966258545,0.4627686638801822,0.48822062480040296,0.034482758620689655,0.06896551724137931,0.13793103448275862,0.1724137931034483,0.2413793103448276,0.2413793103448276,0.3103448275862069,1.0,0.6666666666666666,0.8,0.5,0.35,0.14,0.09,1.0,1.0,1.0,1.0,1.0,1.0,1.0,0.034482758620689655,0.057471264367816084,0.11091954022988507,0.1324712643678161,0.16447833775419984,0.16447833775419984,0.1732139699381079,1.0
PLAIN-2740,50,1.0,0.7039180890341347,0.639945385422766,0.6408933577846808,0.48070035598477373,0.34271859359509754,0.34271859359509754,0.02,0.04,0.06,0.1,0.1,0.16,0.16,1.0,0.6666666666666666,0.6,0.5,0.25,0.16,0.08,1.0,1.0,1.0,1.0,1.0,1.0,1.0,0.02,0.03333333333333333,0.04533333333333333,0.07116666666666666,0.07116666666666666,0.08706613756613756,0.08706613756613756,1.0
PLAIN-2750,59,1.0,0.7039180890341347,0.6473770215879483,0.6449048560222367,0.6730943490195304,0.48803871462751414,0.47263962318930985,0.01694915254237288,0.03389830508474576,0.06779661016949153,0.13559322033898305,0.22033898305084745,0.288135593220339,0.3389830508474576,1.0,0.6666666666666666,0.8,0.8,0.65,0.34,0.2,1.0,1.0,1.0,1.0,1.0,1.0,1.0,0.01694915254237288,0.028248587570621465,0.054519774011299434,0.11306833467850416,0.1694760178368564,0.20694336489961074,0.21902177409468485,1.0
PLAIN-2760,8,0.0,0.0,0.0,0.0,0.18276688004707106,0.18276688004707106,0.18276688004707106,0.0,0.0,0.0,0.0,0.25,0.25,0.25,0.0,0.0,0.0,0.0,0.1,0.04,0.02,0.0,0.0,0.0,0.0,0.09090909090909091,0.09090909090909091,0.09090909090909091,0.0,0.0,0.0,0.0,0.02452153110047847,0.02452153110047847,0.02452153110047847,11.0
PLAIN-2770,41,1.0,0.46927872602275644,0.4703652827859579,0.3152635414380417,0.4008346928039766,0.4013090214936891,0.5166915212952357,0.024390243902439025,0.024390243902439025,0.04878048780487805,0.04878048780487805,0.1951219512195122,0.3902439024390244,0.6097560975609756,1.0,0.3333333333333333,0.4,0.2,0.4,0.32,0.25,1.0,1.0,1.0,1.0,1.0,1.0,1.0,0.024390243902439025,0.024390243902439025,0.03414634146341463,0.03414634146341463,0.08663639883152077,0.14997829808603266,0.21372773561794572,1.0
PLAIN-2780,22,1.0,0.7346393630113782,0.5965459277154549,0.5295870861933465,0.4093163028423904,0.4447462206855613,0.4737779620105632,0.045454545454545456,0.13636363636363635,0.18181818181818182,0.2727272727272727,0.2727272727272727,0.4090909090909091,0.45454545454545453,1.0,1.0,0.8,0.6,0.3,0.18,0.1,1.0,1.0,1.0,1.0,1.0,1.0,1.0,0.045454545454545456,0.13636363636363635,0.17272727272727273,0.2392857142857143,0.2392857142857143,0.2717086128948657,0.2788108856221384,1.0
PLAIN-2790,59,1.0,1.0,0.8539316501572937,0.627507133061656,0.5389113032037122,0.3833459999010586,0.39355229554295384,0.01694915254237288,0.05084745762711865,0.06779661016949153,0.0847457627118644,0.11864406779661017,0.13559322033898305,0.2033898305084746,1.0,1.0,0.8,0.5,0.35,0.16,0.12,1.0,1.0,1.0,1.0,1.0,1.0,1.0,0.01694915254237288,0.05084745762711865,0.06440677966101695,0.07651331719128329,0.08809523809523809,0.0924692129448827,0.10160057413557223,1.0
PLAIN-2800,24,0.0,0.0,0.0,0.05336845745288963,0.038839765736758625,0.0354436801506008,0.05084797511047469,0.0,0.0,0.0,0.041666666666666664,0.041666666666666664,0.041666666666666664,0.08333333333333333,0.0,0.0,0.0,0.1,0.05,0.02,0.02,0.0,0.0,0.0,0.16666666666666666,0.16666666666666666,0.16666666666666666,0.16666666666666666,0.0,0.0,0.0,0.006944444444444444,0.006944444444444444,0.006944444444444444,0.007902298850574712,6.0
PLAIN-2810,8,0.0,0.0,0.0,0.0,0.0,0.0,0.05476966001550422,0.0,0.0,0.0,0.0,0.0,0.0,0.25,0.0,0.0,0.0,0.0,0.0,0.0,0.02,0.0,0.0,0.0,0.0,0.0,0.0,0.01818181818181818,0.0,0.0,0.0,0.0,0.0,0.0,0.005697384806973848,55.0
PLAIN-2820,8,0.0,0.0,0.0,0.0,0.0,0.0,0.032614641109811,0.0,0.0,0.0,0.0,0.0,0.0,0.125,0.0,0.0,0.0,0.0,0.0,0.0,0.01,0.0,0.0,0.0,0.0,0.0,0.0,0.013888888888888888,0.0,0.0,0.0,0.0,0.0,0.0,0.001736111111111111,72.0
PLAIN-2830,3,0.0,0.0,0.27511096828801057,0.27511096828801057,0.27511096828801057,0.27511096828801057,0.33035643978023116,0.0,0.0,0.3333333333333333,0.3333333333333333,0.3333333333333333,0.3333333333333333,0.6666666666666666,0.0,0.0,0.2,0.1,0.05,0.02,0.02,0.0,0.0,0.25,0.25,0.25,0.25,0.25,0.0,0.0,0.08333333333333333,0.08333333333333333,0.08333333333333333,0.08333333333333333,0.09567901234567901,4.0
PLAIN-2840,17,0.0,0.0,0.0,0.0,0.0,0.0,0.0,0.0,0.0,0.0,0.0,0.0,0.0,0.0,0.0,0.0,0.0,0.0,0.0,0.0,0.0,0.0,0.0,0.0,0.0,0.0,0.0,0.0,0.0,0.0,0.0,0.0,0.0,0.0,0.0,
PLAIN-2850,9,0.0,0.0,0.0,0.0,0.0,0.08414310033526624,0.14704932427417655,0.0,0.0,0.0,0.0,0.0,0.1111111111111111,0.3333333333333333,0.0,0.0,0.0,0.0,0.0,0.02,0.03,0.0,0.0,0.0,0.0,0.0,0.045454545454545456,0.045454545454545456,0.0,0.0,0.0,0.0,0.0,0.005050505050505051,0.013347763347763348,22.0
PLAIN-2860,2,1.0,1.0,1.0,1.0,1.0,1.0,1.0,0.5,1.0,1.0,1.0,1.0,1.0,1.0,1.0,0.6666666666666666,0.4,0.2,0.1,0.04,0.02,1.0,1.0,1.0,1.0,1.0,1.0,1.0,0.5,1.0,1.0,1.0,1.0,1.0,1.0,1.0
PLAIN-2870,5,0.0,0.0,0.0,0.0,0.06482478787382219,0.06482478787382219,0.06482478787382219,0.0,0.0,0.0,0.0,0.2,0.2,0.2,0.0,0.0,0.0,0.0,0.05,0.02,0.01,0.0,0.0,0.0,0.0,0.07142857142857142,0.07142857142857142,0.07142857142857142,0.0,0.0,0.0,0.0,0.014285714285714285,0.014285714285714285,0.014285714285714285,14.0
PLAIN-2880,17,0.0,0.0,0.0,0.0,0.0,0.0,0.0,0.0,0.0,0.0,0.0,0.0,0.0,0.0,0.0,0.0,0.0,0.0,0.0,0.0,0.0,0.0,0.0,0.0,0.0,0.0,0.0,0.0,0.0,0.0,0.0,0.0,0.0,0.0,0.0,
PLAIN-2890,29,0.0,0.0,0.21814917926546643,0.15537907391531902,0.10712989607204136,0.08648356401720105,0.08648356401720105,0.0,0.0,0.034482758620689655,0.034482758620689655,0.034482758620689655,0.034482758620689655,0.034482758620689655,0.0,0.0,0.2,0.1,0.05,0.02,0.01,0.0,0.0,0.25,0.25,0.25,0.25,0.25,0.0,0.0,0.008620689655172414,0.008620689655172414,0.008620689655172414,0.008620689655172414,0.008620689655172414,4.0
PLAIN-2900,12,0.0,0.0,0.14041677439671904,0.10889339568010445,0.10108055458659777,0.12655092172126983,0.1881695346295419,0.0,0.0,0.08333333333333333,0.08333333333333333,0.08333333333333333,0.16666666666666666,0.3333333333333333,0.0,0.0,0.2,0.1,0.05,0.04,0.04,0.0,0.0,0.2,0.2,0.2,0.2,0.2,0.0,0.0,0.016666666666666666,0.016666666666666666,0.016666666666666666,0.021568627450980395,0.029242341703412108,5.0
PLAIN-2910,15,1.0,0.5316519652587917,0.43673949858938643,0.32391343968871883,0.26694151849573755,0.26694151849573755,0.30826737102516677,0.06666666666666667,0.06666666666666667,0.06666666666666667,0.06666666666666667,0.06666666666666667,0.06666666666666667,0.13333333333333333,1.0,0.3333333333333333,0.2,0.1,0.05,0.02,0.02,1.0,1.0,1.0,1.0,1.0,1.0,1.0,0.06666666666666667,0.06666666666666667,0.06666666666666667,0.06666666666666667,0.06666666666666667,0.06666666666666667,0.0681992337164751,1.0
PLAIN-2920,7,0.0,0.0,0.0,0.0,0.0,0.0,0.0,0.0,0.0,0.0,0.0,0.0,0.0,0.0,0.0,0.0,0.0,0.0,0.0,0.0,0.0,0.0,0.0,0.0,0.0,0.0,0.0,0.0,0.0,0.0,0.0,0.0,0.0,0.0,0.0,
PLAIN-2930,14,1.0,0.6387878864795979,0.5065267082131061,0.36077903708155934,0.338116964050025,0.338116964050025,0.338116964050025,0.07142857142857142,0.07142857142857142,0.07142857142857142,0.07142857142857142,0.14285714285714285,0.14285714285714285,0.14285714285714285,1.0,0.3333333333333333,0.2,0.1,0.1,0.04,0.02,1.0,1.0,1.0,1.0,1.0,1.0,1.0,0.07142857142857142,0.07142857142857142,0.07142857142857142,0.07142857142857142,0.07936507936507937,0.07936507936507937,0.07936507936507937,1.0
PLAIN-2940,22,0.0,0.0,0.0,0.0,0.0,0.0,0.0,0.0,0.0,0.0,0.0,0.0,0.0,0.0,0.0,0.0,0.0,0.0,0.0,0.0,0.0,0.0,0.0,0.0,0.0,0.0,0.0,0.0,0.0,0.0,0.0,0.0,0.0,0.0,0.0,
PLAIN-2950,2,0.0,0.0,0.0,0.0,0.0,0.0,0.05720981247320198,0.0,0.0,0.0,0.0,0.0,0.0,0.5,0.0,0.0,0.0,0.0,0.0,0.0,0.01,0.0,0.0,0.0,0.0,0.0,0.0,0.010101010101010102,0.0,0.0,0.0,0.0,0.0,0.0,0.005050505050505051,99.0
PLAIN-2960,2,0.0,0.0,0.3273949503887395,0.3273949503887395,0.3273949503887395,0.3273949503887395,0.3273949503887395,0.0,0.0,0.5,0.5,0.5,0.5,0.5,0.0,0.0,0.2,0.1,0.05,0.02,0.01,0.0,0.0,0.25,0.25,0.25,0.25,0.25,0.0,0.0,0.125,0.125,0.125,0.125,0.125,4.0
PLAIN-2970,9,0.0,0.4030302838010049,0.31958277119025663,0.24014860122439105,0.24014860122439105,0.24014860122439105,0.24014860122439105,0.0,0.1111111111111111,0.1111111111111111,0.1111111111111111,0.1111111111111111,0.1111111111111111,0.1111111111111111,0.0,0.3333333333333333,0.2,0.1,0.05,0.02,0.01,0.0,0.5,0.5,0.5,0.5,0.5,0.5,0.0,0.05555555555555555,0.05555555555555555,0.05555555555555555,0.05555555555555555,0.05555555555555555,0.05555555555555555,2.0
PLAIN-2981,7,1.0,0.6387878864795979,0.5065267082131061,0.43122038713502525,0.43122038713502525,0.43122038713502525,0.46757508998148667,0.14285714285714285,0.14285714285714285,0.14285714285714285,0.14285714285714285,0.14285714285714285,0.14285714285714285,0.2857142857142857,1.0,0.3333333333333333,0.2,0.1,0.05,0.02,0.02,1.0,1.0,1.0,1.0,1.0,1.0,1.0,0.14285714285714285,0.14285714285714285,0.14285714285714285,0.14285714285714285,0.14285714285714285,0.14285714285714285,0.14761904761904762,1.0
PLAIN-2991,2,0.0,0.38685280723454163,0.38685280723454163,0.38685280723454163,0.38685280723454163,0.38685280723454163,0.38685280723454163,0.0,0.5,0.5,0.5,0.5,0.5,0.5,0.0,0.3333333333333333,0.2,0.1,0.05,0.02,0.01,0.0,0.5,0.5,0.5,0.5,0.5,0.5,0.0,0.25,0.25,0.25,0.25,0.25,0.25,2.0
PLAIN-3001,2,0.0,0.0,0.0,0.17723928678404774,0.17723928678404774,0.17723928678404774,0.17723928678404774,0.0,0.0,0.0,0.5,0.5,0.5,0.5,0.0,0.0,0.0,0.1,0.05,0.02,0.01,0.0,0.0,0.0,0.1,0.1,0.1,0.1,0.0,0.0,0.0,0.05,0.05,0.05,0.05,10.0
PLAIN-3014,1,0.0,0.0,0.0,0.0,0.0,0.0,0.0,0.0,0.0,0.0,0.0,0.0,0.0,0.0,0.0,0.0,0.0,0.0,0.0,0.0,0.0,0.0,0.0,0.0,0.0,0.0,0.0,0.0,0.0,0.0,0.0,0.0,0.0,0.0,0.0,
PLAIN-3026,1,0.0,0.0,0.0,0.0,0.23540891336663824,0.23540891336663824,0.23540891336663824,0.0,0.0,0.0,0.0,1.0,1.0,1.0,0.0,0.0,0.0,0.0,0.05,0.02,0.01,0.0,0.0,0.0,0.0,0.05555555555555555,0.05555555555555555,0.05555555555555555,0.0,0.0,0.0,0.0,0.05555555555555555,0.05555555555555555,0.05555555555555555,18.0
PLAIN-3037,4,0.0,0.0,0.0,0.13905617951077562,0.13905617951077562,0.21240930323432416,0.2779731559596866,0.0,0.0,0.0,0.25,0.25,0.5,0.75,0.0,0.0,0.0,0.1,0.05,0.04,0.03,0.0,0.0,0.0,0.16666666666666666,0.16666666666666666,0.16666666666666666,0.16666666666666666,0.0,0.0,0.0,0.041666666666666664,0.041666666666666664,0.05448717948717949,0.0667822614543926,6.0
PLAIN-3053,3,1.0,0.7653606369886217,0.7653606369886217,0.7653606369886217,0.8801699317146395,0.8801699317146395,0.8801699317146395,0.3333333333333333,0.6666666666666666,0.6666666666666666,0.6666666666666666,1.0,1.0,1.0,1.0,0.6666666666666666,0.4,0.2,0.15,0.06,0.03,1.0,1.0,1.0,1.0,1.0,1.0,1.0,0.3333333333333333,0.6666666666666666,0.6666666666666666,0.6666666666666666,0.7291666666666666,0.7291666666666666,0.7291666666666666,1.0
PLAIN-3063,4,0.0,0.0,0.0,0.11284514134893527,0.2104401538469607,0.2104401538469607,0.2104401538469607,0.0,0.0,0.0,0.25,0.5,0.5,0.5,0.0,0.0,0.0,0.1,0.1,0.04,0.02,0.0,0.0,0.0,0.1,0.1,0.1,0.1,0.0,0.0,0.0,0.025,0.058333333333333334,0.058333333333333334,0.058333333333333334,10.0
PLAIN-3074,1,1.0,1.0,1.0,1.0,1.0,1.0,1.0,1.0,1.0,1.0,1.0,1.0,1.0,1.0,1.0,0.3333333333333333,0.2,0.1,0.05,0.02,0.01,1.0,1.0,1.0,1.0,1.0,1.0,1.0,1.0,1.0,1.0,1.0,1.0,1.0,1.0,1.0
PLAIN-3085,2,0.0,0.0,0.23719771276929622,0.23719771276929622,0.38720450587763405,0.38720450587763405,0.38720450587763405,0.0,0.0,0.5,0.5,1.0,1.0,1.0,0.0,0.0,0.2,0.1,0.1,0.04,0.02,0.0,0.0,0.2,0.2,0.2,0.2,0.2,0.0,0.0,0.1,0.1,0.1625,0.1625,0.1625,5.0
PLAIN-3097,4,1.0,0.5316519652587917,0.4770382338730848,0.4770382338730848,0.4770382338730848,0.5733279656451051,0.5733279656451051,0.25,0.25,0.25,0.25,0.25,0.5,0.5,1.0,0.3333333333333333,0.2,0.1,0.05,0.04,0.02,1.0,1.0,1.0,1.0,1.0,1.0,1.0,0.25,0.25,0.25,0.25,0.25,0.26666666666666666,0.26666666666666666,1.0
PLAIN-3116,1,0.0,0.0,0.0,0.0,0.0,0.0,0.0,0.0,0.0,0.0,0.0,0.0,0.0,0.0,0.0,0.0,0.0,0.0,0.0,0.0,0.0,0.0,0.0,0.0,0.0,0.0,0.0,0.0,0.0,0.0,0.0,0.0,0.0,0.0,0.0,
PLAIN-3131,6,1.0,0.7039180890341347,0.5906222333696757,0.6132415464301171,0.6132415464301171,0.6460077033708639,0.6460077033708639,0.16666666666666666,0.3333333333333333,0.3333333333333333,0.5,0.5,0.6666666666666666,0.6666666666666666,1.0,0.6666666666666666,0.4,0.3,0.15,0.08,0.04,1.0,1.0,1.0,1.0,1.0,1.0,1.0,0.16666666666666666,0.27777777777777773,0.27777777777777773,0.34920634920634913,0.34920634920634913,0.3630952380952381,0.3630952380952381,1.0
PLAIN-3141,34,1.0,0.46927872602275644,0.4785372057762079,0.364174174935828,0.26503369812347954,0.2011771210199964,0.2559684854922943,0.029411764705882353,0.029411764705882353,0.058823529411764705,0.058823529411764705,0.058823529411764705,0.058823529411764705,0.14705882352941177,1.0,0.3333333333333333,0.4,0.2,0.1,0.04,0.05,1.0,1.0,1.0,1.0,1.0,1.0,1.0,0.029411764705882353,0.029411764705882353,0.04411764705882353,0.04411764705882353,0.04411764705882353,0.04411764705882353,0.04955466841468045,1.0
PLAIN-3151,18,0.0,0.5307212739772434,0.6608397947263839,0.562249431009731,0.4663075544877607,0.5058988243909414,0.5406203618620192,0.0,0.1111111111111111,0.2222222222222222,0.2777777777777778,0.3333333333333333,0.4444444444444444,0.5,0.0,0.6666666666666666,0.8,0.5,0.3,0.16,0.09,0.0,0.5,0.5,0.5,0.5,0.5,0.5,0.0,0.06481481481481481,0.15092592592592594,0.18564814814814815,0.20319200779727098,0.22480105035046247,0.2324933580427702,2.0
PLAIN-3161,43,1.0,0.6387878864795979,0.5065267082131061,0.4672259579122758,0.41002293188224564,0.3364007296952615,0.40064247650670853,0.023255813953488372,0.023255813953488372,0.023255813953488372,0.06976744186046512,0.13953488372093023,0.2558139534883721,0.37209302325581395,1.0,0.3333333333333333,0.2,0.3,0.3,0.22,0.16,1.0,1.0,1.0,1.0,1.0,1.0,1.0,0.023255813953488372,0.023255813953488372,0.023255813953488372,0.03540051679586564,0.054676362589099296,0.08271108887221748,0.10571937093603313,1.0
PLAIN-3171,34,0.0,0.20151514190050246,0.15979138559512832,0.11381311447980799,0.11030574307385228,0.09851272490790121,0.09851272490790121,0.0,0.029411764705882353,0.029411764705882353,0.029411764705882353,0.058823529411764705,0.08823529411764706,0.08823529411764706,0.0,0.3333333333333333,0.2,0.1,0.1,0.06,0.03,0.0,0.5,0.5,0.5,0.5,0.5,0.5,0.0,0.014705882352941176,0.014705882352941176,0.014705882352941176,0.018907563025210083,0.021358543417366947,0.021358543417366947,2.0
PLAIN-3181,27,0.0,0.0,0.0,0.0,0.0,0.0,0.0,0.0,0.0,0.0,0.0,0.0,0.0,0.0,0.0,0.0,0.0,0.0,0.0,0.0,0.0,0.0,0.0,0.0,0.0,0.0,0.0,0.0,0.0,0.0,0.0,0.0,0.0,0.0,0.0,
PLAIN-3191,16,0.0,0.2960819109658652,0.30717168181708426,0.23821204862125406,0.2807686884662273,0.30259713620379164,0.30259713620379164,0.0,0.0625,0.125,0.125,0.25,0.3125,0.3125,0.0,0.3333333333333333,0.4,0.2,0.2,0.1,0.05,0.0,0.5,0.5,0.5,0.5,0.5,0.5,0.0,0.03125,0.0625,0.0625,0.0920138888888889,0.10023757309941521,0.10023757309941521,2.0
PLAIN-3201,32,1.0,0.6387878864795979,0.5065267082131061,0.41768559432146335,0.31841168693568983,0.2424392839549943,0.2424392839549943,0.03125,0.03125,0.03125,0.0625,0.09375,0.09375,0.09375,1.0,0.3333333333333333,0.2,0.2,0.15,0.06,0.03,1.0,1.0,1.0,1.0,1.0,1.0,1.0,0.03125,0.03125,0.03125,0.0390625,0.044921875,0.044921875,0.044921875,1.0
PLAIN-3211,18,0.0,0.0,0.0,0.0,0.0,0.0,0.0,0.0,0.0,0.0,0.0,0.0,0.0,0.0,0.0,0.0,0.0,0.0,0.0,0.0,0.0,0.0,0.0,0.0,0.0,0.0,0.0,0.0,0.0,0.0,0.0,0.0,0.0,0.0,0.0,
PLAIN-3221,24,0.0,0.0,0.0,0.0,0.029278738244098292,0.11596965620129653,0.1159696562012965,0.0,0.0,0.0,0.0,0.041666666666666664,0.16666666666666666,0.16666666666666666,0.0,0.0,0.0,0.0,0.05,0.08,0.04,0.0,0.0,0.0,0.0,0.05555555555555555,0.05555555555555555,0.05555555555555555,0.0,0.0,0.0,0.0,0.0023148148148148147,0.012592592592592593,0.012592592592592593,18.0
PLAIN-3231,8,1.0,0.5316519652587917,0.5307862306029746,0.4352623473008427,0.4352623473008427,0.5084215408137454,0.5373513512177507,0.125,0.125,0.25,0.25,0.25,0.5,0.625,1.0,0.3333333333333333,0.4,0.2,0.1,0.08,0.05,1.0,1.0,1.0,1.0,1.0,1.0,1.0,0.125,0.125,0.1875,0.1875,0.1875,0.21754807692307693,0.22622863247863248,1.0
PLAIN-3241,29,1.0,0.6387878864795979,0.5065267082131061,0.36077903708155934,0.24874791549203612,0.20080861703752886,0.24825587034762675,0.034482758620689655,0.034482758620689655,0.034482758620689655,0.034482758620689655,0.034482758620689655,0.034482758620689655,0.13793103448275862,1.0,0.3333333333333333,0.2,0.1,0.05,0.02,0.04,1.0,1.0,1.0,1.0,1.0,1.0,1.0,0.034482758620689655,0.034482758620689655,0.034482758620689655,0.034482758620689655,0.034482758620689655,0.034482758620689655,0.03816819980471762,1.0
PLAIN-3251,21,0.0,0.0,0.0,0.0,0.09352307454863251,0.09098548111707014,0.09098548111707014,0.0,0.0,0.0,0.0,0.09523809523809523,0.09523809523809523,0.09523809523809523,0.0,0.0,0.0,0.0,0.1,0.04,0.02,0.0,0.0,0.0,0.0,0.07692307692307693,0.07692307692307693,0.07692307692307693,0.0,0.0,0.0,0.0,0.009615384615384616,0.009615384615384616,0.009615384615384616,13.0
PLAIN-3261,13,0.0,0.23463936301137822,0.1968740777898919,0.14982420171299152,0.13357698261582612,0.13357698261582612,0.1550888572931064,0.0,0.07692307692307693,0.07692307692307693,0.07692307692307693,0.07692307692307693,0.07692307692307693,0.15384615384615385,0.0,0.3333333333333333,0.2,0.1,0.05,0.02,0.02,0.0,0.3333333333333333,0.3333333333333333,0.3333333333333333,0.3333333333333333,0.3333333333333333,0.3333333333333333,0.0,0.02564102564102564,0.02564102564102564,0.02564102564102564,0.02564102564102564,0.02564102564102564,0.027748507200561993,3.0
PLAIN-3271,49,0.0,0.0,0.0,0.0,0.0,0.014000268508043963,0.03890759962156933,0.0,0.0,0.0,0.0,0.0,0.02040816326530612,0.061224489795918366,0.0,0.0,0.0,0.0,0.0,0.02,0.03,0.0,0.0,0.0,0.0,0.0,0.020833333333333332,0.020833333333333332,0.0,0.0,0.0,0.0,0.0,0.00042517006802721087,0.0016852931648850015,48.0
PLAIN-3281,26,1.0,0.5316519652587917,0.43673949858938643,0.32391343968871883,0.2609385115737569,0.248469519119629,0.30107070717633433,0.038461538461538464,0.038461538461538464,0.038461538461538464,0.038461538461538464,0.07692307692307693,0.11538461538461539,0.19230769230769232,1.0,0.3333333333333333,0.2,0.1,0.1,0.06,0.05,1.0,1.0,1.0,1.0,1.0,1.0,1.0,0.038461538461538464,0.038461538461538464,0.038461538461538464,0.038461538461538464,0.04437869822485207,0.04918639053254437,0.05590120663650075,1.0
PLAIN-3292,7,0.0,0.20151514190050246,0.4759162043663505,0.5393561947258722,0.5994991372320045,0.5994991372320045,0.5994991372320045,0.0,0.14285714285714285,0.42857142857142855,0.7142857142857143,0.8571428571428571,0.8571428571428571,0.8571428571428571,0.0,0.3333333333333333,0.6,0.5,0.3,0.12,0.06,0.0,0.5,0.5,0.5,0.5,0.5,0.5,0.0,0.07142857142857142,0.2285714285714286,0.3816326530612245,0.45955473098330246,0.45955473098330246,0.45955473098330246,2.0
PLAIN-3302,37,0.0,0.0,0.0,0.0,0.028316249891460255,0.1172678299765905,0.14635092791166546,0.0,0.0,0.0,0.0,0.02702702702702703,0.1891891891891892,0.24324324324324326,0.0,0.0,0.0,0.0,0.05,0.14,0.09,0.0,0.0,0.0,0.0,0.05,0.05,0.05,0.0,0.0,0.0,0.0,0.0013513513513513514,0.018733052566322173,0.026200858817840744,20.0
PLAIN-3312,13,0.0,0.23463936301137822,0.16958010263680806,0.2383198863647999,0.24401019442603775,0.30812933576528817,0.40013616816092,0.0,0.07692307692307693,0.07692307692307693,0.3076923076923077,0.38461538461538464,0.5384615384615384,0.7692307692307693,0.0,0.3333333333333333,0.2,0.4,0.25,0.14,0.1,0.0,0.3333333333333333,0.3333333333333333,0.3333333333333333,0.3333333333333333,0.3333333333333333,0.3333333333333333,0.0,0.02564102564102564,0.02564102564102564,0.11065323565323565,0.13469169719169719,0.16496553784120868,0.1965288786612115,3.0
PLAIN-3322,79,1.0,0.46927872602275644,0.3391602052736161,0.2200917662980802,0.21390633753061045,0.19596612030957702,0.16128394668963075,0.012658227848101266,0.012658227848101266,0.012658227848101266,0.012658227848101266,0.0379746835443038,0.10126582278481013,0.12658227848101267,1.0,0.3333333333333333,0.2,0.1,0.15,0.16,0.1,1.0,1.0,1.0,1.0,1.0,1.0,1.0,0.012658227848101266,0.012658227848101266,0.012658227848101266,0.012658227848101266,0.016998191681735983,0.029729281432557677,0.03332638365835189,1.0
PLAIN-3332,14,0.5,0.8821211986607034,0.6994778023500862,0.6715173718404289,0.6383728101662112,0.6963081438850025,0.7224706890266349,0.07142857142857142,0.21428571428571427,0.21428571428571427,0.42857142857142855,0.5714285714285714,0.7142857142857143,0.7857142857142857,1.0,1.0,0.6,0.6,0.4,0.2,0.11,1.0,1.0,1.0,1.0,1.0,1.0,1.0,0.07142857142857142,0.21428571428571427,0.21428571428571427,0.34940476190476183,0.4196428571428571,0.4571793002915451,0.4717295648418096,1.0
PLAIN-3342,3,1.0,0.7653606369886217,0.7653606369886217,0.7653606369886217,0.7653606369886217,0.7653606369886217,0.8378279074569683,0.3333333333333333,0.6666666666666666,0.6666666666666666,0.6666666666666666,0.6666666666666666,0.6666666666666666,1.0,1.0,0.6666666666666666,0.4,0.2,0.1,0.04,0.03,1.0,1.0,1.0,1.0,1.0,1.0,1.0,0.3333333333333333,0.6666666666666666,0.6666666666666666,0.6666666666666666,0.6666666666666666,0.6666666666666666,0.6780303030303031,1.0
PLAIN-3352,39,0.0,0.0,0.0,0.0,0.0,0.0,0.026245123144268308,0.0,0.0,0.0,0.0,0.0,0.0,0.05128205128205128,0.0,0.0,0.0,0.0,0.0,0.0,0.02,0.0,0.0,0.0,0.0,0.0,0.0,0.018518518518518517,0.0,0.0,0.0,0.0,0.0,0.0,0.001085334418667752,54.0
PLAIN-3362,11,1.0,0.6993694869720469,0.5745154706993483,0.4260967530293621,0.4870037810920644,0.4870037810920644,0.4870037810920644,0.09090909090909091,0.18181818181818182,0.18181818181818182,0.18181818181818182,0.2727272727272727,0.2727272727272727,0.2727272727272727,1.0,0.6666666666666666,0.4,0.2,0.15,0.06,0.03,1.0,1.0,1.0,1.0,1.0,1.0,1.0,0.09090909090909091,0.18181818181818182,0.18181818181818182,0.18181818181818182,0.2012987012987013,0.2012987012987013,0.2012987012987013,1.0
PLAIN-3372,14,0.0,0.0,0.0,0.12025967902718644,0.10083672299006921,0.10083672299006921,0.10083672299006921,0.0,0.0,0.0,0.07142857142857142,0.07142857142857142,0.07142857142857142,0.07142857142857142,0.0,0.0,0.0,0.1,0.05,0.02,0.01,0.0,0.0,0.0,0.14285714285714285,0.14285714285714285,0.14285714285714285,0.14285714285714285,0.0,0.0,0.0,0.01020408163265306,0.01020408163265306,0.01020408163265306,0.01020408163265306,7.0
PLAIN-3382,14,0.5,0.566456495657349,0.7379010106089332,0.5940897212411466,0.5450140942271667,0.5698724789552705,0.5924766459121898,0.07142857142857142,0.21428571428571427,0.35714285714285715,0.42857142857142855,0.5,0.5714285714285714,0.6428571428571429,1.0,1.0,1.0,0.6,0.35,0.16,0.09,1.0,1.0,1.0,1.0,1.0,1.0,1.0,0.07142857142857142,0.21428571428571427,0.35714285714285715,0.39999999999999997,0.44545454545454544,0.45787690570299266,0.46733068721559773,1.0
PLAIN-3392,23,0.0,0.0,0.0,0.0,0.0,0.0,0.042842464503848314,0.0,0.0,0.0,0.0,0.0,0.0,0.08695652173913043,0.0,0.0,0.0,0.0,0.0,0.0,0.02,0.0,0.0,0.0,0.0,0.0,0.0,0.017241379310344827,0.0,0.0,0.0,0.0,0.0,0.0,0.0019090454772613692,58.0
PLAIN-3402,14,0.0,0.0,0.0,0.07336392209936006,0.05940343273155046,0.05940343273155046,0.05940343273155046,0.0,0.0,0.0,0.07142857142857142,0.07142857142857142,0.07142857142857142,0.07142857142857142,0.0,0.0,0.0,0.1,0.05,0.02,0.01,0.0,0.0,0.0,0.14285714285714285,0.14285714285714285,0.14285714285714285,0.14285714285714285,0.0,0.0,0.0,0.01020408163265306,0.01020408163265306,0.01020408163265306,0.01020408163265306,7.0
PLAIN-3412,49,0.5,0.26582598262939583,0.21836974929469322,0.16195671984435941,0.17600753153012996,0.17625531852292292,0.18825301796516467,0.02040816326530612,0.02040816326530612,0.02040816326530612,0.02040816326530612,0.061224489795918366,0.16326530612244897,0.1836734693877551,1.0,0.3333333333333333,0.2,0.1,0.15,0.16,0.09,1.0,1.0,1.0,1.0,1.0,1.0,1.0,0.02040816326530612,0.02040816326530612,0.02040816326530612,0.02040816326530612,0.028182701652089408,0.04721423367881951,0.05055375130405142,1.0
PLAIN-3422,31,0.0,0.0,0.06560253875617089,0.04552803591854807,0.12429569536385625,0.16327002035862476,0.26043450494430237,0.0,0.0,0.03225806451612903,0.03225806451612903,0.12903225806451613,0.25806451612903225,0.4838709677419355,0.0,0.0,0.2,0.1,0.2,0.16,0.15,0.0,0.0,0.2,0.2,0.2,0.2,0.2,0.0,0.0,0.0064516129032258064,0.0064516129032258064,0.02391439205955335,0.05110169587851509,0.08842271090091249,5.0
PLAIN-3432,42,0.0,0.2960819109658652,0.21398626473452756,0.35687885840597905,0.2687026007362608,0.1825128960994623,0.19635445747284727,0.0,0.023809523809523808,0.023809523809523808,0.09523809523809523,0.11904761904761904,0.14285714285714285,0.16666666666666666,0.0,0.3333333333333333,0.2,0.4,0.25,0.12,0.07,0.0,0.5,0.5,0.5,0.5,0.5,0.5,0.0,0.011904761904761904,0.011904761904761904,0.04062736205593348,0.05054799697656841,0.05515629190744398,0.05729304404419612,2.0
PLAIN-3442,29,0.0,0.0,0.0,0.0,0.0,0.0,0.014412183929442353,0.0,0.0,0.0,0.0,0.0,0.0,0.034482758620689655,0.0,0.0,0.0,0.0,0.0,0.0,0.01,0.0,0.0,0.0,0.0,0.0,0.0,0.015625,0.0,0.0,0.0,0.0,0.0,0.0,0.0005387931034482759,64.0
PLAIN-3452,17,1.0,0.6993694869720469,0.5745154706993483,0.5311739829811368,0.4708385080876836,0.4969161510659452,0.5157853863031783,0.058823529411764705,0.11764705882352941,0.11764705882352941,0.23529411764705882,0.35294117647058826,0.4117647058823529,0.47058823529411764,1.0,0.6666666666666666,0.4,0.4,0.3,0.14,0.08,1.0,1.0,1.0,1.0,1.0,1.0,1.0,0.058823529411764705,0.11764705882352941,0.11764705882352941,0.1722689075630252,0.20922711189739052,0.2244776565596999,0.22923107307782228,1.0
PLAIN-3462,64,1.0,0.46927872602275644,0.6164336326286644,0.5845347002743847,0.6425550169818123,0.5916546102703646,0.5929669806352599,0.015625,0.015625,0.046875,0.09375,0.203125,0.375,0.5,1.0,0.3333333333333333,0.6,0.6,0.65,0.48,0.32,1.0,1.0,1.0,1.0,1.0,1.0,1.0,0.015625,0.015625,0.0328125,0.06610863095238095,0.1366150125915751,0.23979554195068087,0.28678901750212854,1.0
PLAIN-3472,17,0.0,0.0,0.0,0.0,0.05065678319780039,0.09196367817995808,0.12428261903155566,0.0,0.0,0.0,0.0,0.058823529411764705,0.11764705882352941,0.17647058823529413,0.0,0.0,0.0,0.0,0.05,0.04,0.03,0.0,0.0,0.0,0.0,0.05555555555555555,0.05555555555555555,0.05555555555555555,0.0,0.0,0.0,0.0,0.00326797385620915,0.0065359477124183,0.00830065359477124,18.0
