query_id,n_relevant,ndcg@1,ndcg@3,ndcg@5,ndcg@10,ndcg@20,ndcg@50,ndcg@100,recall@1,recall@3,recall@5,recall@10,recall@20,recall@50,recall@100,precision@1,precision@3,precision@5,precision@10,precision@20,precision@50,precision@100,mrr@1,mrr@3,mrr@5,mrr@10,mrr@20,mrr@50,mrr@100,map@1,map@3,map@5,map@10,map@20,map@50,map@100,first_relevant_rank
PLAIN-2,24,0.0,0.0,0.0,0.03533126475235993,0.1862144025514381,0.24187452540759002,0.29887481763079704,0.0,0.0,0.0,0.041666666666666664,0.20833333333333334,0.3333333333333333,0.4166666666666667,0.0,0.0,0.0,0.1,0.25,0.16,0.1,0.0,0.0,0.0,0.1,0.1,0.1,0.1,0.0,0.0,0.0,0.004166666666666667,0.03815571915900864,0.06502224047683809,0.07699967295926503,10.0
PLAIN-12,30,0.0,0.0,0.0,0.0,0.0,0.03364770837432674,0.046077709937069736,0.0,0.0,0.0,0.0,0.0,0.03333333333333333,0.06666666666666667,0.0,0.0,0.0,0.0,0.0,0.02,0.02,0.0,0.0,0.0,0.0,0.0,0.041666666666666664,0.041666666666666664,0.0,0.0,0.0,0.0,0.0,0.0013888888888888887,0.0022546897546897545,24.0
PLAIN-23,90,1.0,0.46927872602275644,0.3391602052736161,0.2200917662980802,0.21581812682530474,0.20038733732905806,0.15948833120745365,0.011111111111111112,0.011111111111111112,0.011111111111111112,0.011111111111111112,0.022222222222222223,0.05555555555555555,0.07777777777777778,1.0,0.3333333333333333,0.2,0.1,0.1,0.1,0.07,1.0,1.0,1.0,1.0,1.0,1.0,1.0,0.011111111111111112,0.011111111111111112,0.011111111111111112,0.011111111111111112,0.012592592592592593,0.01699294532627866,0.019099617629526736,1.0
PLAIN-33,32,0.0,0.0,0.0,0.08097408658478235,0.06307475251329052,0.0785066632800975,0.10390423938710382,0.0,0.0,0.0,0.03125,0.03125,0.09375,0.125,0.0,0.0,0.0,0.1,0.05,0.06,0.04,0.0,0.0,0.0,0.16666666666666666,0.16666666666666666,0.16666666666666666,0.16666666666666666,0.0,0.0,0.0,0.005208333333333333,0.005208333333333333,0.009057418699186992,0.011508399091343855,6.0
PLAIN-44,58,0.0,0.0,0.13120507751234178,0.221884838149911,0.2454295613161179,0.17892507363914578,0.19368296665217385,0.0,0.0,0.017241379310344827,0.05172413793103448,0.10344827586206896,0.1206896551724138,0.15517241379310345,0.0,0.0,0.2,0.3,0.3,0.14,0.09,0.0,0.0,0.2,0.2,0.2,0.2,0.2,0.0,0.0,0.003448275862068966,0.01412151067323481,0.0344115654460482,0.03703525360197024,0.0419989063743761,5.0
PLAIN-56,50,1.0,0.7346393630113782,0.6384284551901062,0.5953692205868403,0.46961036511896315,0.3032595448179563,0.34597160684092026,0.02,0.06,0.08,0.1,0.12,0.14,0.2,1.0,1.0,0.8,0.5,0.3,0.14,0.1,1.0,1.0,1.0,1.0,1.0,1.0,1.0,0.02,0.06,0.076,0.09266666666666666,0.10357575757575756,0.10655448098001287,0.11443264250430916,1.0
PLAIN-68,55,1.0,0.6387878864795979,0.5065267082131061,0.36077903708155934,0.24874791549203612,0.14390836569559712,0.13544013476404224,0.01818181818181818,0.01818181818181818,0.01818181818181818,0.01818181818181818,0.01818181818181818,0.01818181818181818,0.01818181818181818,1.0,0.3333333333333333,0.2,0.1,0.05,0.02,0.01,1.0,1.0,1.0,1.0,1.0,1.0,1.0,0.01818181818181818,0.01818181818181818,0.01818181818181818,0.01818181818181818,0.01818181818181818,0.01818181818181818,0.01818181818181818,1.0
PLAIN-78,62,0.0,0.0,0.0,0.0,0.0,0.023040095623920252,0.02996555419172011,0.0,0.0,0.0,0.0,0.0,0.016129032258064516,0.03225806451612903,0.0,0.0,0.0,0.0,0.0,0.02,0.02,0.0,0.0,0.0,0.0,0.0,0.025,0.025,0.0,0.0,0.0,0.0,0.0,0.0004032258064516129,0.0010118685331710286,40.0
PLAIN-91,64,0.0,0.0,0.0,0.0680390760996115,0.07484083908400566,0.0997501661749701,0.1046696055207795,0.0,0.0,0.0,0.015625,0.03125,0.078125,0.109375,0.0,0.0,0.0,0.1,0.1,0.1,0.07,0.0,0.0,0.0,0.1,0.1,0.1,0.1,0.0,0.0,0.0,0.0015625,0.003515625,0.010673876231527093,0.01385646222661309,10.0
PLAIN-102,24,0.5,0.26582598262939583,0.21836974929469322,0.16195671984435941,0.11532431670619621,0.12481309455486694,0.1740065556581137,0.041666666666666664,0.041666666666666664,0.041666666666666664,0.041666666666666664,0.041666666666666664,0.08333333333333333,0.16666666666666666,1.0,0.3333333333333333,0.2,0.1,0.05,0.04,0.04,1.0,1.0,1.0,1.0,1.0,1.0,1.0,0.041666666666666664,0.041666666666666664,0.041666666666666664,0.041666666666666664,0.041666666666666664,0.04398148148148148,0.04746267585414873,1.0
PLAIN-112,56,0.0,0.38268031849431083,0.2959909957759406,0.3183401511867425,0.23556436418171328,0.14631023390883185,0.13708472419093543,0.0,0.03571428571428571,0.03571428571428571,0.05357142857142857,0.05357142857142857,0.05357142857142857,0.05357142857142857,0.0,0.6666666666666666,0.4,0.3,0.15,0.06,0.03,0.0,0.5,0.5,0.5,0.5,0.5,0.5,0.0,0.020833333333333332,0.020833333333333332,0.0275297619047619,0.0275297619047619,0.0275297619047619,0.0275297619047619,2.0
PLAIN-123,51,0.0,0.0,0.0,0.0,0.0,0.0,0.009230665213056816,0.0,0.0,0.0,0.0,0.0,0.0,0.0196078431372549,0.0,0.0,0.0,0.0,0.0,0.0,0.01,0.0,0.0,0.0,0.0,0.0,0.0,0.010309278350515464,0.0,0.0,0.0,0.0,0.0,0.0,0.00020214271275520516,97.0
PLAIN-133,36,0.0,0.0,0.0,0.0,0.0,0.01347758581810131,0.01347758581810131,0.0,0.0,0.0,0.0,0.0,0.027777777777777776,0.027777777777777776,0.0,0.0,0.0,0.0,0.0,0.02,0.01,0.0,0.0,0.0,0.0,0.0,0.02127659574468085,0.02127659574468085,0.0,0.0,0.0,0.0,0.0,0.000591016548463357,0.000591016548463357,47.0
PLAIN-143,51,0.0,0.13291299131469791,0.2972783386745231,0.22048028524103072,0.18414548999603478,0.1399282707351653,0.1598047968919008,0.0,0.0196078431372549,0.0392156862745098,0.0392156862745098,0.058823529411764705,0.0784313725490196,0.11764705882352941,0.0,0.3333333333333333,0.4,0.2,0.15,0.08,0.06,0.0,0.3333333333333333,0.3333333333333333,0.3333333333333333,0.3333333333333333,0.3333333333333333,0.3333333333333333,0.0,0.0065359477124183,0.01633986928104575,0.01633986928104575,0.019607843137254898,0.02301790281329923,0.025745950554134697,3.0
PLAIN-153,47,0.5,0.47909091485969846,0.4889696207925628,0.5206777586425734,0.4229659693601093,0.28353834214304946,0.356972063441253,0.02127659574468085,0.0425531914893617,0.06382978723404255,0.10638297872340426,0.14893617021276595,0.19148936170212766,0.3191489361702128,1.0,0.6666666666666666,0.6,0.5,0.35,0.18,0.15,1.0,1.0,1.0,1.0,1.0,1.0,1.0,0.02127659574468085,0.035460992907801414,0.051418439716312055,0.07421479229989868,0.0940944398391207,0.10465393550499935,0.12772454605357153,1.0
PLAIN-165,36,0.5,0.38268031849431083,0.40587684137090047,0.4087613210306489,0.32415868423164257,0.30083186308697224,0.3264295231580204,0.027777777777777776,0.05555555555555555,0.08333333333333333,0.1111111111111111,0.1388888888888889,0.2222222222222222,0.25,1.0,0.6666666666666666,0.6,0.4,0.25,0.16,0.09,1.0,1.0,1.0,1.0,1.0,1.0,1.0,0.027777777777777776,0.05555555555555555,0.0763888888888889,0.09226190476190475,0.1009424603174603,0.11694975549142216,0.12023922917563268,1.0
PLAIN-175,37,0.0,0.0,0.06560253875617089,0.09021836203884571,0.165741088297345,0.16375635747522185,0.16375635747522185,0.0,0.0,0.02702702702702703,0.05405405405405406,0.10810810810810811,0.1891891891891892,0.1891891891891892,0.0,0.0,0.2,0.2,0.2,0.14,0.07,0.0,0.0,0.2,0.2,0.2,0.2,0.2,0.0,0.0,0.005405405405405406,0.010810810810810811,0.022575516693163756,0.03386134212166753,0.03386134212166753,5.0
PLAIN-186,24,0.0,0.23463936301137822,0.16958010263680806,0.1100458831490401,0.07102001981682865,0.06313912973468082,0.06313912973468082,0.0,0.041666666666666664,0.041666666666666664,0.041666666666666664,0.041666666666666664,0.041666666666666664,0.041666666666666664,0.0,0.3333333333333333,0.2,0.1,0.05,0.02,0.01,0.0,0.3333333333333333,0.3333333333333333,0.3333333333333333,0.3333333333333333,0.3333333333333333,0.3333333333333333,0.0,0.013888888888888888,0.013888888888888888,0.013888888888888888,0.013888888888888888,0.013888888888888888,0.013888888888888888,3.0
PLAIN-196,69,1.0,0.7653606369886217,0.5531464700081437,0.35895421017163476,0.23165732683700074,0.1719947146472803,0.1580602051691396,0.014492753623188406,0.028985507246376812,0.028985507246376812,0.028985507246376812,0.028985507246376812,0.07246376811594203,0.10144927536231885,1.0,0.6666666666666666,0.4,0.2,0.1,0.1,0.07,1.0,1.0,1.0,1.0,1.0,1.0,1.0,0.014492753623188406,0.028985507246376812,0.028985507246376812,0.028985507246376812,0.028985507246376812,0.0340413463983258,0.036804485031029656,1.0
PLAIN-207,55,0.0,0.5307212739772434,0.38356636737133565,0.32227224912195473,0.2836753754298854,0.19724803524131526,0.22018338389838343,0.0,0.03636363636363636,0.03636363636363636,0.05454545454545454,0.09090909090909091,0.14545454545454545,0.2,0.0,0.6666666666666666,0.4,0.3,0.25,0.16,0.11,0.0,0.5,0.5,0.5,0.5,0.5,0.5,0.0,0.02121212121212121,0.02121212121212121,0.029004329004329,0.042057942057942055,0.05068131868131868,0.05839398753856584,2.0
PLAIN-217,36,0.0,0.0,0.0,0.0,0.0,0.019178204982546028,0.019178204982546028,0.0,0.0,0.0,0.0,0.0,0.027777777777777776,0.027777777777777776,0.0,0.0,0.0,0.0,0.0,0.02,0.01,0.0,0.0,0.0,0.0,0.0,0.03125,0.03125,0.0,0.0,0.0,0.0,0.0,0.0008680555555555555,0.0008680555555555555,32.0
PLAIN-227,40,0.0,0.0,0.0,0.0,0.0,0.0,0.013958337970298173,0.0,0.0,0.0,0.0,0.0,0.0,0.025,0.0,0.0,0.0,0.0,0.0,0.0,0.01,0.0,0.0,0.0,0.0,0.0,0.0,0.011494252873563218,0.0,0.0,0.0,0.0,0.0,0.0,0.00028735632183908046,87.0
PLAIN-238,54,0.0,0.0,0.0,0.0,0.0,0.0,0.0,0.0,0.0,0.0,0.0,0.0,0.0,0.0,0.0,0.0,0.0,0.0,0.0,0.0,0.0,0.0,0.0,0.0,0.0,0.0,0.0,0.0,0.0,0.0,0.0,0.0,0.0,0.0,0.0,
PLAIN-248,31,0.0,0.23463936301137822,0.3156484524795145,0.20483424751859092,0.166256307450843,0.14569285061603138,0.16218821204172748,0.0,0.03225806451612903,0.06451612903225806,0.06451612903225806,0.0967741935483871,0.12903225806451613,0.16129032258064516,0.0,0.3333333333333333,0.4,0.2,0.15,0.08,0.05,0.0,0.3333333333333333,0.3333333333333333,0.3333333333333333,0.3333333333333333,0.3333333333333333,0.3333333333333333,0.0,0.01075268817204301,0.026881720430107524,0.026881720430107524,0.03257432005060088,0.036260955995301346,0.03809380057008141,3.0
PLAIN-259,14,1.0,0.46927872602275644,0.3391602052736161,0.29345568839744024,0.23761373092620183,0.23761373092620183,0.26527349517983445,0.07142857142857142,0.07142857142857142,0.07142857142857142,0.14285714285714285,0.14285714285714285,0.14285714285714285,0.21428571428571427,1.0,0.3333333333333333,0.2,0.2,0.1,0.04,0.03,1.0,1.0,1.0,1.0,1.0,1.0,1.0,0.07142857142857142,0.07142857142857142,0.07142857142857142,0.09183673469387754,0.09183673469387754,0.09183673469387754,0.09432842904603701,1.0
PLAIN-270,52,0.0,0.23463936301137822,0.16958010263680806,0.1100458831490401,0.14470405912862674,0.1243919591135842,0.15827239838637266,0.0,0.019230769230769232,0.019230769230769232,0.019230769230769232,0.057692307692307696,0.11538461538461539,0.17307692307692307,0.0,0.3333333333333333,0.2,0.1,0.15,0.12,0.09,0.0,0.3333333333333333,0.3333333333333333,0.3333333333333333,0.3333333333333333,0.3333333333333333,0.3333333333333333,0.0,0.00641025641025641,0.00641025641025641,0.00641025641025641,0.013300425065130949,0.021627283391989275,0.02845812496421016,3.0
PLAIN-280,20,1.0,0.7653606369886217,0.5531464700081437,0.35895421017163476,0.2645222974045778,0.3206672436987097,0.3674519280893839,0.05,0.1,0.1,0.1,0.15,0.25,0.35,1.0,0.6666666666666666,0.4,0.2,0.15,0.1,0.07,1.0,1.0,1.0,1.0,1.0,1.0,1.0,0.05,0.1,0.1,0.1,0.10789473684210527,0.12170426065162906,0.13148228506894316,1.0
PLAIN-291,13,0.0,0.0,0.0,0.0,0.0,0.0,0.0,0.0,0.0,0.0,0.0,0.0,0.0,0.0,0.0,0.0,0.0,0.0,0.0,0.0,0.0,0.0,0.0,0.0,0.0,0.0,0.0,0.0,0.0,0.0,0.0,0.0,0.0,0.0,0.0,
PLAIN-307,3,1.0,0.46927872602275644,0.46927872602275644,0.46927872602275644,0.7011154383165136,0.7011154383165135,0.7011154383165135,0.3333333333333333,0.3333333333333333,0.3333333333333333,0.3333333333333333,1.0,1.0,1.0,1.0,0.3333333333333333,0.2,0.1,0.15,0.06,0.03,1.0,1.0,1.0,1.0,1.0,1.0,1.0,0.3333333333333333,0.3333333333333333,0.3333333333333333,0.3333333333333333,0.437246963562753,0.437246963562753,0.437246963562753,1.0
PLAIN-320,42,0.0,0.0,0.0,0.0,0.0,0.0,0.028400850172582908,0.0,0.0,0.0,0.0,0.0,0.0,0.047619047619047616,0.0,0.0,0.0,0.0,0.0,0.0,0.02,0.0,0.0,0.0,0.0,0.0,0.0,0.015384615384615385,0.0,0.0,0.0,0.0,0.0,0.0,0.0010012210012210014,65.0
PLAIN-332,2,0.0,0.38685280723454163,0.38685280723454163,0.38685280723454163,0.38685280723454163,0.38685280723454163,0.38685280723454163,0.0,0.5,0.5,0.5,0.5,0.5,0.5,0.0,0.3333333333333333,0.2,0.1,0.05,0.02,0.01,0.0,0.5,0.5,0.5,0.5,0.5,0.5,0.0,0.25,0.25,0.25,0.25,0.25,0.25,2.0
PLAIN-344,61,1.0,0.5865984075284455,0.4239502565920201,0.3336884464926734,0.3500062341801437,0.256676417958168,0.23862772840668145,0.01639344262295082,0.03278688524590164,0.03278688524590164,0.03278688524590164,0.06557377049180328,0.09836065573770492,0.11475409836065574,1.0,0.6666666666666666,0.4,0.2,0.2,0.12,0.07,1.0,1.0,1.0,1.0,1.0,1.0,1.0,0.01639344262295082,0.0273224043715847,0.0273224043715847,0.0273224043715847,0.03474849376488721,0.03928152903562739,0.0409942767723536,1.0
PLAIN-358,3,0.0,0.0,0.0,0.0,0.0,0.0,0.0,0.0,0.0,0.0,0.0,0.0,0.0,0.0,0.0,0.0,0.0,0.0,0.0,0.0,0.0,0.0,0.0,0.0,0.0,0.0,0.0,0.0,0.0,0.0,0.0,0.0,0.0,0.0,0.0,
PLAIN-371,2,0.0,0.0,0.0,0.0,0.0,0.0,0.0,0.0,0.0,0.0,0.0,0.0,0.0,0.0,0.0,0.0,0.0,0.0,0.0,0.0,0.0,0.0,0.0,0.0,0.0,0.0,0.0,0.0,0.0,0.0,0.0,0.0,0.0,0.0,0.0,
PLAIN-383,5,0.0,0.0,0.0,0.0,0.0,0.0,0.0,0.0,0.0,0.0,0.0,0.0,0.0,0.0,0.0,0.0,0.0,0.0,0.0,0.0,0.0,0.0,0.0,0.0,0.0,0.0,0.0,0.0,0.0,0.0,0.0,0.0,0.0,0.0,0.0,
PLAIN-395,3,0.0,0.0,0.0,0.0,0.0,0.0,0.0,0.0,0.0,0.0,0.0,0.0,0.0,0.0,0.0,0.0,0.0,0.0,0.0,0.0,0.0,0.0,0.0,0.0,0.0,0.0,0.0,0.0,0.0,0.0,0.0,0.0,0.0,0.0,0.0,
PLAIN-407,3,1.0,0.6387878864795979,0.6387878864795979,0.6387878864795979,0.6387878864795979,0.6387878864795979,0.6387878864795979,0.3333333333333333,0.3333333333333333,0.3333333333333333,0.3333333333333333,0.3333333333333333,0.3333333333333333,0.3333333333333333,1.0,0.3333333333333333,0.2,0.1,0.05,0.02,0.01,1.0,1.0,1.0,1.0,1.0,1.0,1.0,0.3333333333333333,0.3333333333333333,0.3333333333333333,0.3333333333333333,0.3333333333333333,0.3333333333333333,0.3333333333333333,1.0
PLAIN-418,3,1.0,0.5316519652587917,0.5316519652587917,0.5316519652587917,0.5316519652587917,0.6461369845040973,0.6461369845040973,0.3333333333333333,0.3333333333333333,0.3333333333333333,0.3333333333333333,0.3333333333333333,0.6666666666666666,0.6666666666666666,1.0,0.3333333333333333,0.2,0.1,0.05,0.04,0.02,1.0,1.0,1.0,1.0,1.0,1.0,1.0,0.3333333333333333,0.3333333333333333,0.3333333333333333,0.3333333333333333,0.3333333333333333,0.3611111111111111,0.3611111111111111,1.0
PLAIN-430,8,1.0,0.7039180890341347,0.639945385422766,0.5467614268202216,0.5467614268202216,0.5467614268202216,0.5467614268202216,0.125,0.25,0.375,0.375,0.375,0.375,0.375,1.0,0.6666666666666666,0.6,0.3,0.15,0.06,0.03,1.0,1.0,1.0,1.0,1.0,1.0,1.0,0.125,0.20833333333333331,0.2833333333333333,0.2833333333333333,0.2833333333333333,0.2833333333333333,0.2833333333333333,1.0
PLAIN-441,5,0.0,0.0,0.0,0.15556974829149336,0.21458158632364777,0.21458158632364777,0.250453632689986,0.0,0.0,0.0,0.2,0.4,0.4,0.6,0.0,0.0,0.0,0.1,0.1,0.04,0.03,0.0,0.0,0.0,0.16666666666666666,0.16666666666666666,0.16666666666666666,0.16666666666666666,0.0,0.0,0.0,0.03333333333333333,0.06666666666666667,0.06666666666666667,0.07562189054726368,6.0
PLAIN-457,5,0.0,0.0,0.0,0.0,0.0,0.0,0.0,0.0,0.0,0.0,0.0,0.0,0.0,0.0,0.0,0.0,0.0,0.0,0.0,0.0,0.0,0.0,0.0,0.0,0.0,0.0,0.0,0.0,0.0,0.0,0.0,0.0,0.0,0.0,0.0,
PLAIN-468,10,0.0,0.3354350434265105,0.4445058452794338,0.3296734501258638,0.3296734501258638,0.35916380920932117,0.35916380920932117,0.0,0.1,0.2,0.2,0.2,0.3,0.3,0.0,0.3333333333333333,0.4,0.2,0.1,0.06,0.03,0.0,0.5,0.5,0.5,0.5,0.5,0.5,0.0,0.05,0.09,0.09,0.09,0.09681818181818183,0.09681818181818183,2.0
PLAIN-478,1,0.0,0.0,0.0,0.0,0.0,0.0,0.0,0.0,0.0,0.0,0.0,0.0,0.0,0.0,0.0,0.0,0.0,0.0,0.0,0.0,0.0,0.0,0.0,0.0,0.0,0.0,0.0,0.0,0.0,0.0,0.0,0.0,0.0,0.0,0.0,
PLAIN-488,15,1.0,0.7653606369886217,0.5531464700081437,0.4373524791503101,0.33902388006186424,0.4430417167029536,0.5248537113416917,0.06666666666666667,0.13333333333333333,0.13333333333333333,0.2,0.2,0.4,0.6,1.0,0.6666666666666666,0.4,0.3,0.15,0.12,0.09,1.0,1.0,1.0,1.0,1.0,1.0,1.0,0.06666666666666667,0.13333333333333333,0.13333333333333333,0.16666666666666666,0.16666666666666666,0.2000828414621518,0.22110119932261493,1.0
PLAIN-499,34,1.0,0.46927872602275644,0.3391602052736161,0.2200917662980802,0.1420400396336573,0.14338886404794765,0.1907258196612441,0.029411764705882353,0.029411764705882353,0.029411764705882353,0.029411764705882353,0.029411764705882353,0.08823529411764706,0.17647058823529413,1.0,0.3333333333333333,0.2,0.1,0.05,0.06,0.06,1.0,1.0,1.0,1.0,1.0,1.0,1.0,0.029411764705882353,0.029411764705882353,0.029411764705882353,0.029411764705882353,0.029411764705882353,0.03523682200152788,0.040553542791394455,1.0
PLAIN-510,6,0.0,0.0,0.0,0.0,0.0,0.0,0.04828669550714567,0.0,0.0,0.0,0.0,0.0,0.0,0.16666666666666666,0.0,0.0,0.0,0.0,0.0,0.0,0.01,0.0,0.0,0.0,0.0,0.0,0.0,0.013157894736842105,0.0,0.0,0.0,0.0,0.0,0.0,0.0021929824561403508,76.0
PLAIN-520,1,0.0,0.0,0.0,0.0,0.0,0.0,0.0,0.0,0.0,0.0,0.0,0.0,0.0,0.0,0.0,0.0,0.0,0.0,0.0,0.0,0.0,0.0,0.0,0.0,0.0,0.0,0.0,0.0,0.0,0.0,0.0,0.0,0.0,0.0,0.0,
PLAIN-531,308,0.0,0.0,0.13120507751234178,0.15457433957839828,0.24331130278243038,0.2073808196786295,0.21883066329702702,0.0,0.0,0.003246753246753247,0.006493506493506494,0.01948051948051948,0.03571428571428571,0.07467532467532467,0.0,0.0,0.2,0.2,0.3,0.22,0.23,0.0,0.0,0.2,0.2,0.2,0.2,0.2,0.0,0.0,0.0006493506493506494,0.001461038961038961,0.005360894357743098,0.009381199449476761,0.01797301399151596,5.0
PLAIN-541,6,0.0,0.0,0.0,0.0,0.0,0.0,0.05165643482805862,0.0,0.0,0.0,0.0,0.0,0.0,0.16666666666666666,0.0,0.0,0.0,0.0,0.0,0.0,0.01,0.0,0.0,0.0,0.0,0.0,0.0,0.017543859649122806,0.0,0.0,0.0,0.0,0.0,0.0,0.0029239766081871343,57.0
PLAIN-551,2,0.0,0.0,0.0,0.0,0.0,0.0,0.0,0.0,0.0,0.0,0.0,0.0,0.0,0.0,0.0,0.0,0.0,0.0,0.0,0.0,0.0,0.0,0.0,0.0,0.0,0.0,0.0,0.0,0.0,0.0,0.0,0.0,0.0,0.0,0.0,
PLAIN-561,25,1.0,0.7039180890341347,0.5087403079104241,0.3301376494471203,0.21306005945048592,0.1844617861767119,0.1844617861767119,0.04,0.08,0.08,0.08,0.08,0.08,0.08,1.0,0.6666666666666666,0.4,0.2,0.1,0.04,0.02,1.0,1.0,1.0,1.0,1.0,1.0,1.0,0.04,0.06666666666666667,0.06666666666666667,0.06666666666666667,0.06666666666666667,0.06666666666666667,0.06666666666666667,1.0
PLAIN-571,7,0.0,0.0,0.0,0.0,0.0,0.10242972782874911,0.14997500204361194,0.0,0.0,0.0,0.0,0.0,0.2857142857142857,0.42857142857142855,0.0,0.0,0.0,0.0,0.0,0.04,0.03,0.0,0.0,0.0,0.0,0.0,0.02702702702702703,0.02702702702702703,0.0,0.0,0.0,0.0,0.0,0.010354510354510354,0.01829101829101829,37.0
PLAIN-583,44,1.0,0.46927872602275644,0.3391602052736161,0.2200917662980802,0.17839632762219612,0.12311471458687898,0.1517686387190578,0.022727272727272728,0.022727272727272728,0.022727272727272728,0.022727272727272728,0.045454545454545456,0.06818181818181818,0.11363636363636363,1.0,0.3333333333333333,0.2,0.1,0.1,0.06,0.05,1.0,1.0,1.0,1.0,1.0,1.0,1.0,0.022727272727272728,0.022727272727272728,0.022727272727272728,0.022727272727272728,0.025974025974025972,0.02817343946376204,0.031630083829497314,1.0
PLAIN-593,3,0.0,0.0,0.0,0.0,0.0,0.0,0.07605906488540064,0.0,0.0,0.0,0.0,0.0,0.0,0.3333333333333333,0.0,0.0,0.0,0.0,0.0,0.0,0.01,0.0,0.0,0.0,0.0,0.0,0.0,0.014084507042253521,0.0,0.0,0.0,0.0,0.0,0.0,0.004694835680751174,71.0
PLAIN-603,1,0.0,0.0,0.0,0.0,0.0,0.0,0.0,0.0,0.0,0.0,0.0,0.0,0.0,0.0,0.0,0.0,0.0,0.0,0.0,0.0,0.0,0.0,0.0,0.0,0.0,0.0,0.0,0.0,0.0,0.0,0.0,0.0,0.0,0.0,0.0,
PLAIN-613,10,0.0,0.0,0.0,0.0,0.0,0.0,0.03424878598987679,0.0,0.0,0.0,0.0,0.0,0.0,0.1,0.0,0.0,0.0,0.0,0.0,0.0,0.01,0.0,0.0,0.0,0.0,0.0,0.0,0.011764705882352941,0.0,0.0,0.0,0.0,0.0,0.0,0.001176470588235294,85.0
PLAIN-623,41,0.0,0.0,0.0,0.0,0.03286497056757699,0.05211740586357681,0.05211740586357681,0.0,0.0,0.0,0.0,0.024390243902439025,0.07317073170731707,0.07317073170731707,0.0,0.0,0.0,0.0,0.05,0.06,0.03,0.0,0.0,0.0,0.0,0.05263157894736842,0.05263157894736842,0.05263157894736842,0.0,0.0,0.0,0.0,0.0012836970474967907,0.0038075570687056983,0.0038075570687056983,19.0
PLAIN-634,21,0.0,0.0,0.0,0.06625422345438904,0.04275831251503157,0.04143843208212991,0.06514207919673341,0.0,0.0,0.0,0.047619047619047616,0.047619047619047616,0.047619047619047616,0.09523809523809523,0.0,0.0,0.0,0.1,0.05,0.02,0.02,0.0,0.0,0.0,0.1111111111111111,0.1111111111111111,0.1111111111111111,0.1111111111111111,0.0,0.0,0.0,0.005291005291005291,0.005291005291005291,0.005291005291005291,0.007022607022607023,9.0
PLAIN-645,29,0.0,0.0,0.0,0.0,0.0,0.0,0.036183670790471925,0.0,0.0,0.0,0.0,0.0,0.0,0.06896551724137931,0.0,0.0,0.0,0.0,0.0,0.0,0.02,0.0,0.0,0.0,0.0,0.0,0.0,0.014492753623188406,0.0,0.0,0.0,0.0,0.0,0.0,0.0014444832378331383,69.0
PLAIN-660,475,0.0,0.23463936301137822,0.3156484524795145,0.20483424751859092,0.3139070541868059,0.29100269570138626,0.23299231058088082,0.0,0.002105263157894737,0.004210526315789474,0.004210526315789474,0.014736842105263158,0.031578947368421054,0.04631578947368421,0.0,0.3333333333333333,0.4,0.2,0.35,0.3,0.22,0.0,0.3333333333333333,0.3333333333333333,0.3333333333333333,0.3333333333333333,0.3333333333333333,0.3333333333333333,0.0,0.0007017543859649122,0.0017543859649122805,0.0017543859649122805,0.005319895790484025,0.01059212135781307,0.014365479387356318,3.0
PLAIN-671,1,0.0,0.0,0.0,0.0,0.2559580248098155,0.2559580248098155,0.2559580248098155,0.0,0.0,0.0,0.0,1.0,1.0,1.0,0.0,0.0,0.0,0.0,0.05,0.02,0.01,0.0,0.0,0.0,0.0,0.07142857142857142,0.07142857142857142,0.07142857142857142,0.0,0.0,0.0,0.0,0.07142857142857142,0.07142857142857142,0.07142857142857142,14.0
PLAIN-681,1,0.0,0.0,0.0,0.0,0.0,0.0,0.15602106502222501,0.0,0.0,0.0,0.0,0.0,0.0,1.0,0.0,0.0,0.0,0.0,0.0,0.0,0.01,0.0,0.0,0.0,0.0,0.0,0.0,0.011904761904761904,0.0,0.0,0.0,0.0,0.0,0.0,0.011904761904761904,84.0
PLAIN-691,21,0.0,0.0,0.0,0.0,0.0,0.055352281726172986,0.07625680346439606,0.0,0.0,0.0,0.0,0.0,0.09523809523809523,0.14285714285714285,0.0,0.0,0.0,0.0,0.0,0.04,0.03,0.0,0.0,0.0,0.0,0.0,0.045454545454545456,0.045454545454545456,0.0,0.0,0.0,0.0,0.0,0.004280904280904281,0.005784663679400522,22.0
PLAIN-701,8,1.0,0.46927872602275644,0.3391602052736161,0.40220288192895065,0.46543855762086495,0.46543855762086495,0.46543855762086495,0.125,0.125,0.125,0.375,0.5,0.5,0.5,1.0,0.3333333333333333,0.2,0.3,0.2,0.08,0.04,1.0,1.0,1.0,1.0,1.0,1.0,1.0,0.125,0.125,0.125,0.1902777777777778,0.22361111111111112,0.22361111111111112,0.22361111111111112,1.0
PLAIN-711,57,1.0,0.46927872602275644,0.3391602052736161,0.2200917662980802,0.1420400396336573,0.10530028429059168,0.11983113834295857,0.017543859649122806,0.017543859649122806,0.017543859649122806,0.017543859649122806,0.017543859649122806,0.05263157894736842,0.08771929824561403,1.0,0.3333333333333333,0.2,0.1,0.05,0.06,0.05,1.0,1.0,1.0,1.0,1.0,1.0,1.0,0.017543859649122806,0.017543859649122806,0.017543859649122806,0.017543859649122806,0.017543859649122806,0.019403127383676583,0.021856873835576315,1.0
PLAIN-721,25,1.0,0.7653606369886217,0.830419897363192,0.6867151830982592,0.5843257464215313,0.5058938365639803,0.5257610432914129,0.04,0.08,0.16,0.24,0.4,0.4,0.44,1.0,0.6666666666666666,0.8,0.6,0.5,0.2,0.11,1.0,1.0,1.0,1.0,1.0,1.0,1.0,0.04,0.08,0.142,0.2053333333333333,0.2927002801120448,0.2927002801120448,0.29881139122315586,1.0
PLAIN-731,54,1.0,1.0,1.0,0.6489315753318466,0.4912852877272397,0.29695673078436,0.3275219343729991,0.018518518518518517,0.05555555555555555,0.09259259259259259,0.09259259259259259,0.12962962962962962,0.16666666666666666,0.24074074074074073,1.0,1.0,1.0,0.5,0.35,0.18,0.13,1.0,1.0,1.0,1.0,1.0,1.0,1.0,0.018518518518518517,0.05555555555555555,0.09259259259259259,0.09259259259259259,0.10951621477937266,0.11720272904483428,0.12715420981039585,1.0
PLAIN-741,19,0.0,0.0,0.0,0.0,0.035911488881901134,0.0643039464780548,0.09005404359979276,0.0,0.0,0.0,0.0,0.05263157894736842,0.10526315789473684,0.15789473684210525,0.0,0.0,0.0,0.0,0.05,0.04,0.03,0.0,0.0,0.0,0.0,0.0625,0.0625,0.0625,0.0,0.0,0.0,0.0,0.003289473684210526,0.006296992481203007,0.00939296771340115,16.0
PLAIN-751,7,0.0,0.0,0.0,0.0,0.0,0.0,0.0,0.0,0.0,0.0,0.0,0.0,0.0,0.0,0.0,0.0,0.0,0.0,0.0,0.0,0.0,0.0,0.0,0.0,0.0,0.0,0.0,0.0,0.0,0.0,0.0,0.0,0.0,0.0,0.0,
PLAIN-761,6,0.0,0.0,0.0,0.0,0.0,0.06437746926759551,0.11210768581232917,0.0,0.0,0.0,0.0,0.0,0.16666666666666666,0.3333333333333333,0.0,0.0,0.0,0.0,0.0,0.02,0.02,0.0,0.0,0.0,0.0,0.0,0.04,0.04,0.0,0.0,0.0,0.0,0.0,0.006666666666666667,0.010833333333333334,25.0
PLAIN-771,3,0.0,0.23463936301137822,0.23463936301137822,0.23463936301137822,0.4624314394761648,0.4624314394761648,0.4624314394761648,0.0,0.3333333333333333,0.3333333333333333,0.3333333333333333,1.0,1.0,1.0,0.0,0.3333333333333333,0.2,0.1,0.15,0.06,0.03,0.0,0.3333333333333333,0.3333333333333333,0.3333333333333333,0.3333333333333333,0.3333333333333333,0.3333333333333333,0.0,0.1111111111111111,0.1111111111111111,0.1111111111111111,0.2111111111111111,0.2111111111111111,0.2111111111111111,3.0
PLAIN-782,2,0.0,0.0,0.0,0.0,0.0,0.0,0.0,0.0,0.0,0.0,0.0,0.0,0.0,0.0,0.0,0.0,0.0,0.0,0.0,0.0,0.0,0.0,0.0,0.0,0.0,0.0,0.0,0.0,0.0,0.0,0.0,0.0,0.0,0.0,0.0,
PLAIN-792,6,0.0,0.5307212739772434,0.38356636737133565,0.3422220729283414,0.3422220729283414,0.3422220729283414,0.3422220729283414,0.0,0.3333333333333333,0.3333333333333333,0.3333333333333333,0.3333333333333333,0.3333333333333333,0.3333333333333333,0.0,0.6666666666666666,0.4,0.2,0.1,0.04,0.02,0.0,0.5,0.5,0.5,0.5,0.5,0.5,0.0,0.19444444444444442,0.19444444444444442,0.19444444444444442,0.19444444444444442,0.19444444444444442,0.19444444444444442,2.0
PLAIN-806,96,1.0,1.0,0.7227265726449519,0.542364015420035,0.4236870648866986,0.3089455992066519,0.2033290634682752,0.010416666666666666,0.03125,0.03125,0.041666666666666664,0.0625,0.11458333333333333,0.125,1.0,1.0,0.6,0.4,0.3,0.22,0.12,1.0,1.0,1.0,1.0,1.0,1.0,1.0,0.010416666666666666,0.03125,0.03125,0.03720238095238095,0.04567307692307692,0.06052140079600033,0.06177140079600033,1.0
PLAIN-817,1,0.0,0.0,0.0,0.0,0.0,0.0,0.0,0.0,0.0,0.0,0.0,0.0,0.0,0.0,0.0,0.0,0.0,0.0,0.0,0.0,0.0,0.0,0.0,0.0,0.0,0.0,0.0,0.0,0.0,0.0,0.0,0.0,0.0,0.0,0.0,
PLAIN-827,244,1.0,0.46927872602275644,0.48522855511632257,0.45953262310069537,0.43610342476989156,0.297036234828411,0.24455037698608004,0.004098360655737705,0.004098360655737705,0.00819672131147541,0.01639344262295082,0.03278688524590164,0.04918032786885246,0.08196721311475409,1.0,0.3333333333333333,0.4,0.4,0.4,0.24,0.2,1.0,1.0,1.0,1.0,1.0,1.0,1.0,0.004098360655737705,0.004098360655737705,0.006147540983606557,0.010018214936247724,0.016589654987678133,0.021169236137077784,0.02848061108479495,1.0
PLAIN-838,9,1.0,1.0,0.8539316501572937,0.7442907170674258,0.7442907170674258,0.7442907170674258,0.7442907170674258,0.1111111111111111,0.3333333333333333,0.4444444444444444,0.6666666666666666,0.6666666666666666,0.6666666666666666,0.6666666666666666,1.0,1.0,0.8,0.6,0.3,0.12,0.06,1.0,1.0,1.0,1.0,1.0,1.0,1.0,0.1111111111111111,0.3333333333333333,0.4222222222222222,0.584920634920635,0.584920634920635,0.584920634920635,0.584920634920635,1.0
PLAIN-850,57,0.0,0.5307212739772434,0.38356636737133565,0.24890832702259466,0.1606373070201721,0.11753601397303716,0.11839194841239316,0.0,0.03508771929824561,0.03508771929824561,0.03508771929824561,0.03508771929824561,0.07017543859649122,0.08771929824561403,0.0,0.6666666666666666,0.4,0.2,0.1,0.08,0.05,0.0,0.5,0.5,0.5,0.5,0.5,0.5,0.0,0.02046783625730994,0.02046783625730994,0.02046783625730994,0.02046783625730994,0.02385420916632667,0.024851019373663193,2.0
PLAIN-872,1,0.0,0.0,0.0,0.0,0.0,0.0,0.0,0.0,0.0,0.0,0.0,0.0,0.0,0.0,0.0,0.0,0.0,0.0,0.0,0.0,0.0,0.0,0.0,0.0,0.0,0.0,0.0,0.0,0.0,0.0,0.0,0.0,0.0,0.0,0.0,
PLAIN-882,15,0.0,0.0,0.0,0.0,0.0,0.0,0.0,0.0,0.0,0.0,0.0,0.0,0.0,0.0,0.0,0.0,0.0,0.0,0.0,0.0,0.0,0.0,0.0,0.0,0.0,0.0,0.0,0.0,0.0,0.0,0.0,0.0,0.0,0.0,0.0,
PLAIN-892,92,0.0,0.2960819109658652,0.21398626473452756,0.20511666732794362,0.1658130911030885,0.12372584463730661,0.0890280668070925,0.0,0.010869565217391304,0.010869565217391304,0.021739130434782608,0.03260869565217391,0.05434782608695652,0.06521739130434782,0.0,0.3333333333333333,0.2,0.2,0.15,0.1,0.06,0.0,0.5,0.5,0.5,0.5,0.5,0.5,0.0,0.005434782608695652,0.005434782608695652,0.00785024154589372,0.00966183574879227,0.013642495920378717,0.01452381201908612,2.0
PLAIN-902,4,1.0,0.7653606369886217,0.6366824387328317,0.6366824387328317,0.6366824387328317,0.6366824387328317,0.6366824387328317,0.25,0.5,0.5,0.5,0.5,0.5,0.5,1.0,0.6666666666666666,0.4,0.2,0.1,0.04,0.02,1.0,1.0,1.0,1.0,1.0,1.0,1.0,0.25,0.5,0.5,0.5,0.5,0.5,0.5,1.0
PLAIN-913,34,0.0,0.2960819109658652,0.34519134224686937,0.36865805394823997,0.34826386713449625,0.26892001451940667,0.28630155945153124,0.0,0.029411764705882353,0.058823529411764705,0.11764705882352941,0.20588235294117646,0.23529411764705882,0.2647058823529412,0.0,0.3333333333333333,0.4,0.4,0.35,0.16,0.09,0.0,0.5,0.5,0.5,0.5,0.5,0.5,0.0,0.014705882352941176,0.026470588235294117,0.05424836601307189,0.09261734997029114,0.10382183176300823,0.10872379254732195,2.0
PLAIN-924,32,1.0,0.46927872602275644,0.3391602052736161,0.2200917662980802,0.1420400396336573,0.10460447009794717,0.10460447009794717,0.03125,0.03125,0.03125,0.03125,0.03125,0.03125,0.03125,1.0,0.3333333333333333,0.2,0.1,0.05,0.02,0.01,1.0,1.0,1.0,1.0,1.0,1.0,1.0,0.03125,0.03125,0.03125,0.03125,0.03125,0.03125,0.03125,1.0
PLAIN-934,101,0.0,0.2960819109658652,0.4912596920895758,0.5368103404171508,0.5670561108902054,0.3840609762611412,0.2754255763020724,0.0,0.009900990099009901,0.0297029702970297,0.0594059405940594,0.1188118811881188,0.16831683168316833,0.21782178217821782,0.0,0.3333333333333333,0.6,0.6,0.6,0.34,0.22,0.0,0.5,0.5,0.5,0.5,0.5,0.5,0.0,0.0049504950495049506,0.015841584158415842,0.03611504007543612,0.07680438373507681,0.09738955207669196,0.11151464277654508,2.0
PLAIN-946,31,0.0,0.0,0.0,0.0,0.0,0.0,0.0,0.0,0.0,0.0,0.0,0.0,0.0,0.0,0.0,0.0,0.0,0.0,0.0,0.0,0.0,0.0,0.0,0.0,0.0,0.0,0.0,0.0,0.0,0.0,0.0,0.0,0.0,0.0,0.0,
PLAIN-956,206,1.0,0.46927872602275644,0.48522855511632257,0.46664232174566644,0.40876161458569066,0.297176359578876,0.2376078436957046,0.0048543689320388345,0.0048543689320388345,0.009708737864077669,0.019417475728155338,0.03398058252427184,0.05825242718446602,0.09223300970873786,1.0,0.3333333333333333,0.4,0.4,0.35,0.24,0.19,1.0,1.0,1.0,1.0,1.0,1.0,1.0,0.0048543689320388345,0.0048543689320388345,0.007281553398058253,0.01248266296809986,0.01837421222960313,0.02486616186272793,0.03264315597163952,1.0
PLAIN-966,3,0.0,0.0,0.0,0.0,0.0,0.0,0.0,0.0,0.0,0.0,0.0,0.0,0.0,0.0,0.0,0.0,0.0,0.0,0.0,0.0,0.0,0.0,0.0,0.0,0.0,0.0,0.0,0.0,0.0,0.0,0.0,0.0,0.0,0.0,0.0,
PLAIN-977,3,0.0,0.0,0.0,0.13565197343244778,0.13565197343244778,0.22267925488297644,0.22267925488297644,0.0,0.0,0.0,0.3333333333333333,0.3333333333333333,0.6666666666666666,0.6666666666666666,0.0,0.0,0.0,0.1,0.05,0.04,0.02,0.0,0.0,0.0,0.1,0.1,0.1,0.1,0.0,0.0,0.0,0.03333333333333333,0.03333333333333333,0.049593495934959354,0.049593495934959354,10.0
PLAIN-987,3,0.0,0.0,0.0,0.0,0.0,0.0,0.07630862162354303,0.0,0.0,0.0,0.0,0.0,0.0,0.3333333333333333,0.0,0.0,0.0,0.0,0.0,0.0,0.01,0.0,0.0,0.0,0.0,0.0,0.0,0.014285714285714285,0.0,0.0,0.0,0.0,0.0,0.0,0.0047619047619047615,70.0
PLAIN-997,2,0.0,0.0,0.0,0.0,0.0,0.0,0.0,0.0,0.0,0.0,0.0,0.0,0.0,0.0,0.0,0.0,0.0,0.0,0.0,0.0,0.0,0.0,0.0,0.0,0.0,0.0,0.0,0.0,0.0,0.0,0.0,0.0,0.0,0.0,0.0,
PLAIN-1008,5,0.0,0.0,0.0,0.0,0.0,0.0,0.0,0.0,0.0,0.0,0.0,0.0,0.0,0.0,0.0,0.0,0.0,0.0,0.0,0.0,0.0,0.0,0.0,0.0,0.0,0.0,0.0,0.0,0.0,0.0,0.0,0.0,0.0,0.0,0.0,
PLAIN-1018,60,0.0,0.0,0.0,0.0,0.0,0.032055570796143365,0.03960442388353685,0.0,0.0,0.0,0.0,0.0,0.03333333333333333,0.05,0.0,0.0,0.0,0.0,0.0,0.04,0.03,0.0,0.0,0.0,0.0,0.0,0.047619047619047616,0.047619047619047616,0.0,0.0,0.0,0.0,0.0,0.001670843776106934,0.0024400745453377034,21.0
PLAIN-1028,1,0.0,0.0,0.0,0.0,0.0,0.0,0.0,0.0,0.0,0.0,0.0,0.0,0.0,0.0,0.0,0.0,0.0,0.0,0.0,0.0,0.0,0.0,0.0,0.0,0.0,0.0,0.0,0.0,0.0,0.0,0.0,0.0,0.0,0.0,0.0,
PLAIN-1039,2,1.0,0.6131471927654584,0.6131471927654584,0.6131471927654584,0.6131471927654584,0.6131471927654584,0.6131471927654584,0.5,0.5,0.5,0.5,0.5,0.5,0.5,1.0,0.3333333333333333,0.2,0.1,0.05,0.02,0.01,1.0,1.0,1.0,1.0,1.0,1.0,1.0,0.5,0.5,0.5,0.5,0.5,0.5,0.5,1.0
PLAIN-1050,94,0.0,0.23463936301137822,0.16958010263680806,0.1100458831490401,0.07102001981682865,0.038766503505504146,0.03285548313892541,0.0,0.010638297872340425,0.010638297872340425,0.010638297872340425,0.010638297872340425,0.010638297872340425,0.02127659574468085,0.0,0.3333333333333333,0.2,0.1,0.05,0.02,0.02,0.0,0.3333333333333333,0.3333333333333333,0.3333333333333333,0.3333333333333333,0.3333333333333333,0.3333333333333333,0.0,0.0035460992907801418,0.0035460992907801418,0.0035460992907801418,0.0035460992907801418,0.0035460992907801418,0.003815423287548254,3.0
PLAIN-1066,9,0.0,0.0,0.0,0.0,0.0,0.0,0.0,0.0,0.0,0.0,0.0,0.0,0.0,0.0,0.0,0.0,0.0,0.0,0.0,0.0,0.0,0.0,0.0,0.0,0.0,0.0,0.0,0.0,0.0,0.0,0.0,0.0,0.0,0.0,0.0,
PLAIN-1088,5,0.0,0.0,0.0,0.0,0.07847428227110642,0.1451401658081076,0.1451401658081076,0.0,0.0,0.0,0.0,0.2,0.4,0.4,0.0,0.0,0.0,0.0,0.05,0.04,0.02,0.0,0.0,0.0,0.0,0.05263157894736842,0.05263157894736842,0.05263157894736842,0.0,0.0,0.0,0.0,0.010526315789473684,0.022647527910685805,0.022647527910685805,19.0
PLAIN-1098,5,0.0,0.0,0.0,0.0,0.0,0.0,0.0,0.0,0.0,0.0,0.0,0.0,0.0,0.0,0.0,0.0,0.0,0.0,0.0,0.0,0.0,0.0,0.0,0.0,0.0,0.0,0.0,0.0,0.0,0.0,0.0,0.0,0.0,0.0,0.0,
PLAIN-1109,98,1.0,0.7653606369886217,0.5531464700081437,0.4323181322709948,0.2790040067148865,0.19944907531301445,0.13205593077597502,0.01020408163265306,0.02040816326530612,0.02040816326530612,0.030612244897959183,0.030612244897959183,0.061224489795918366,0.07142857142857142,1.0,0.6666666666666666,0.4,0.3,0.15,0.12,0.07,1.0,1.0,1.0,1.0,1.0,1.0,1.0,0.01020408163265306,0.02040816326530612,0.02040816326530612,0.024781341107871717,0.024781341107871717,0.02983741759251963,0.03061381510804758,1.0
PLAIN-1119,11,0.0,0.0,0.0,0.0,0.0,0.0,0.0,0.0,0.0,0.0,0.0,0.0,0.0,0.0,0.0,0.0,0.0,0.0,0.0,0.0,0.0,0.0,0.0,0.0,0.0,0.0,0.0,0.0,0.0,0.0,0.0,0.0,0.0,0.0,0.0,
PLAIN-1130,1,1.0,1.0,1.0,1.0,1.0,1.0,1.0,1.0,1.0,1.0,1.0,1.0,1.0,1.0,1.0,0.3333333333333333,0.2,0.1,0.05,0.02,0.01,1.0,1.0,1.0,1.0,1.0,1.0,1.0,1.0,1.0,1.0,1.0,1.0,1.0,1.0,1.0
PLAIN-1141,16,0.0,0.2960819109658652,0.4912596920895758,0.3187939258847264,0.2372190411378762,0.3037951711845897,0.32860964688643984,0.0,0.0625,0.1875,0.1875,0.1875,0.3125,0.375,0.0,0.3333333333333333,0.6,0.3,0.15,0.1,0.06,0.0,0.5,0.5,0.5,0.5,0.5,0.5,0.0,0.03125,0.1,0.1,0.1,0.11898558758314856,0.12289183758314856,2.0
PLAIN-1151,153,1.0,0.7039180890341347,0.7860137352654724,0.6618313225363276,0.4599892963205835,0.3585421925812632,0.2908449668789796,0.006535947712418301,0.013071895424836602,0.026143790849673203,0.0392156862745098,0.0457516339869281,0.0915032679738562,0.1503267973856209,1.0,0.6666666666666666,0.8,0.6,0.35,0.28,0.23,1.0,1.0,1.0,1.0,1.0,1.0,1.0,0.006535947712418301,0.010893246187363833,0.0210239651416122,0.03207282913165266,0.034480809867806765,0.04969929004792377,0.0655046225257029,1.0
PLAIN-1161,1,0.0,0.0,0.0,0.0,0.0,0.0,0.0,0.0,0.0,0.0,0.0,0.0,0.0,0.0,0.0,0.0,0.0,0.0,0.0,0.0,0.0,0.0,0.0,0.0,0.0,0.0,0.0,0.0,0.0,0.0,0.0,0.0,0.0,0.0,0.0,
PLAIN-1172,19,0.0,0.0,0.0,0.0,0.0,0.031608833344571395,0.08227454376652157,0.0,0.0,0.0,0.0,0.0,0.05263157894736842,0.15789473684210525,0.0,0.0,0.0,0.0,0.0,0.02,0.03,0.0,0.0,0.0,0.0,0.0,0.041666666666666664,0.041666666666666664,0.0,0.0,0.0,0.0,0.0,0.0021929824561403508,0.00701311359206096,24.0
PLAIN-1183,25,0.0,0.0,0.0,0.0,0.0,0.025061598933521258,0.04512504253334094,0.0,0.0,0.0,0.0,0.0,0.04,0.08,0.0,0.0,0.0,0.0,0.0,0.02,0.02,0.0,0.0,0.0,0.0,0.0,0.034482758620689655,0.034482758620689655,0.0,0.0,0.0,0.0,0.0,0.001379310344827586,0.0025387306346826588,29.0
PLAIN-1193,18,0.0,0.0,0.0,0.07839826897867534,0.05412479622841818,0.0854027104997202,0.10904747443292644,0.0,0.0,0.0,0.05555555555555555,0.05555555555555555,0.1111111111111111,0.16666666666666666,0.0,0.0,0.0,0.1,0.05,0.04,0.03,0.0,0.0,0.0,0.16666666666666666,0.16666666666666666,0.16666666666666666,0.16666666666666666,0.0,0.0,0.0,0.009259259259259259,0.009259259259259259,0.013227513227513227,0.015188297541238717,6.0
PLAIN-1203,12,0.0,0.0,0.0,0.13698471029831177,0.12221281787439031,0.12221281787439031,0.12221281787439031,0.0,0.0,0.0,0.16666666666666666,0.16666666666666666,0.16666666666666666,0.16666666666666666,0.0,0.0,0.0,0.2,0.1,0.04,0.02,0.0,0.0,0.0,0.14285714285714285,0.14285714285714285,0.14285714285714285,0.14285714285714285,0.0,0.0,0.0,0.02857142857142857,0.02857142857142857,0.02857142857142857,0.02857142857142857,7.0
PLAIN-1214,17,0.0,0.0,0.0,0.0,0.0,0.0,0.024334582709454235,0.0,0.0,0.0,0.0,0.0,0.0,0.058823529411764705,0.0,0.0,0.0,0.0,0.0,0.0,0.01,0.0,0.0,0.0,0.0,0.0,0.0,0.011363636363636364,0.0,0.0,0.0,0.0,0.0,0.0,0.0006684491978609626,88.0
PLAIN-1225,27,0.0,0.23463936301137822,0.30078518014914984,0.26855292289002114,0.24697832612168372,0.20336554176839275,0.24088419951011944,0.0,0.037037037037037035,0.07407407407407407,0.1111111111111111,0.18518518518518517,0.18518518518518517,0.25925925925925924,0.0,0.3333333333333333,0.4,0.3,0.25,0.1,0.07,0.0,0.3333333333333333,0.3333333333333333,0.3333333333333333,0.3333333333333333,0.3333333333333333,0.3333333333333333,0.0,0.012345679012345678,0.027160493827160497,0.04303350970017637,0.067657034323701,0.067657034323701,0.07411340027373782,3.0
PLAIN-1236,5,0.0,0.0,0.0,0.0,0.0,0.0,0.05552244370525121,0.0,0.0,0.0,0.0,0.0,0.0,0.2,0.0,0.0,0.0,0.0,0.0,0.0,0.01,0.0,0.0,0.0,0.0,0.0,0.0,0.014705882352941176,0.0,0.0,0.0,0.0,0.0,0.0,0.0029411764705882353,68.0
PLAIN-1249,4,0.0,0.0,0.0,0.0,0.0,0.0,0.0,0.0,0.0,0.0,0.0,0.0,0.0,0.0,0.0,0.0,0.0,0.0,0.0,0.0,0.0,0.0,0.0,0.0,0.0,0.0,0.0,0.0,0.0,0.0,0.0,0.0,0.0,0.0,0.0,
PLAIN-1262,10,0.0,0.0,0.0,0.06625422345438904,0.06625422345438904,0.1076098679452488,0.1076098679452488,0.0,0.0,0.0,0.1,0.1,0.2,0.2,0.0,0.0,0.0,0.1,0.05,0.04,0.02,0.0,0.0,0.0,0.1111111111111111,0.1111111111111111,0.1111111111111111,0.1111111111111111,0.0,0.0,0.0,0.01111111111111111,0.01111111111111111,0.016239316239316237,0.016239316239316237,9.0
PLAIN-1275,55,1.0,0.7653606369886217,0.5531464700081437,0.35895421017163476,0.2680136148255396,0.17730721739435878,0.2259710746074953,0.01818181818181818,0.03636363636363636,0.03636363636363636,0.03636363636363636,0.05454545454545454,0.09090909090909091,0.18181818181818182,1.0,0.6666666666666666,0.4,0.2,0.15,0.1,0.1,1.0,1.0,1.0,1.0,1.0,1.0,1.0,0.01818181818181818,0.03636363636363636,0.03636363636363636,0.03636363636363636,0.04025974025974026,0.04547859547859547,0.05627884594678708,1.0
PLAIN-1288,196,0.0,0.2960819109658652,0.34519134224686937,0.29343678345195284,0.18937451887700105,0.16290710973778336,0.1154862462497469,0.0,0.00510204081632653,0.01020408163265306,0.015306122448979591,0.015306122448979591,0.03571428571428571,0.04591836734693878,0.0,0.3333333333333333,0.4,0.3,0.15,0.14,0.09,0.0,0.5,0.5,0.5,0.5,0.5,0.5,0.0,0.002551020408163265,0.004591836734693878,0.0065051020408163265,0.0065051020408163265,0.009506883335223594,0.010611720874634963,2.0
PLAIN-1299,61,0.0,0.0,0.0,0.06625422345438904,0.04275831251503157,0.02333976076433925,0.031253645484916014,0.0,0.0,0.0,0.01639344262295082,0.01639344262295082,0.01639344262295082,0.03278688524590164,0.0,0.0,0.0,0.1,0.05,0.02,0.02,0.0,0.0,0.0,0.1111111111111111,0.1111111111111111,0.1111111111111111,0.1111111111111111,0.0,0.0,0.0,0.0018214936247723133,0.0018214936247723133,0.0018214936247723133,0.0022706290390997327,9.0
PLAIN-1309,4,0.0,0.0,0.0,0.0,0.0,0.0,0.0,0.0,0.0,0.0,0.0,0.0,0.0,0.0,0.0,0.0,0.0,0.0,0.0,0.0,0.0,0.0,0.0,0.0,0.0,0.0,0.0,0.0,0.0,0.0,0.0,0.0,0.0,0.0,0.0,
PLAIN-1320,6,0.0,0.0,0.0,0.0,0.0,0.0,0.0,0.0,0.0,0.0,0.0,0.0,0.0,0.0,0.0,0.0,0.0,0.0,0.0,0.0,0.0,0.0,0.0,0.0,0.0,0.0,0.0,0.0,0.0,0.0,0.0,0.0,0.0,0.0,0.0,
PLAIN-1331,1,0.0,0.0,0.0,0.0,0.0,0.0,0.0,0.0,0.0,0.0,0.0,0.0,0.0,0.0,0.0,0.0,0.0,0.0,0.0,0.0,0.0,0.0,0.0,0.0,0.0,0.0,0.0,0.0,0.0,0.0,0.0,0.0,0.0,0.0,0.0,
PLAIN-1342,16,1.0,0.7653606369886217,0.5531464700081437,0.35895421017163476,0.2671028731585959,0.2671028731585959,0.2920889372066656,0.0625,0.125,0.125,0.125,0.125,0.125,0.1875,1.0,0.6666666666666666,0.4,0.2,0.1,0.04,0.03,1.0,1.0,1.0,1.0,1.0,1.0,1.0,0.0625,0.125,0.125,0.125,0.125,0.125,0.12701612903225806,1.0
PLAIN-1353,4,0.0,0.0,0.0,0.0,0.0,0.0,0.0,0.0,0.0,0.0,0.0,0.0,0.0,0.0,0.0,0.0,0.0,0.0,0.0,0.0,0.0,0.0,0.0,0.0,0.0,0.0,0.0,0.0,0.0,0.0,0.0,0.0,0.0,0.0,0.0,
PLAIN-1363,11,0.0,0.0,0.0,0.0,0.0,0.0,0.03127923881581373,0.0,0.0,0.0,0.0,0.0,0.0,0.09090909090909091,0.0,0.0,0.0,0.0,0.0,0.0,0.01,0.0,0.0,0.0,0.0,0.0,0.0,0.01020408163265306,0.0,0.0,0.0,0.0,0.0,0.0,0.0009276437847866418,98.0
PLAIN-1374,26,0.0,0.0,0.0,0.0,0.0,0.022374816882260087,0.05965032876875696,0.0,0.0,0.0,0.0,0.0,0.038461538461538464,0.11538461538461539,0.0,0.0,0.0,0.0,0.0,0.02,0.03,0.0,0.0,0.0,0.0,0.0,0.025,0.025,0.0,0.0,0.0,0.0,0.0,0.0009615384615384616,0.0031932573599240265,40.0
PLAIN-1387,12,1.0,0.46927872602275644,0.3391602052736161,0.2200917662980802,0.24106279587633386,0.2793445469808462,0.2793445469808462,0.08333333333333333,0.08333333333333333,0.08333333333333333,0.08333333333333333,0.16666666666666666,0.25,0.25,1.0,0.3333333333333333,0.2,0.1,0.1,0.06,0.03,1.0,1.0,1.0,1.0,1.0,1.0,1.0,0.08333333333333333,0.08333333333333333,0.08333333333333333,0.08333333333333333,0.09166666666666667,0.09901960784313725,0.09901960784313725,1.0
PLAIN-1398,103,1.0,0.7039180890341347,0.7860137352654724,0.7827392871477703,0.5415106662705206,0.39157618352155127,0.26526338084575934,0.009708737864077669,0.019417475728155338,0.038834951456310676,0.07766990291262135,0.08737864077669903,0.14563106796116504,0.17475728155339806,1.0,0.6666666666666666,0.8,0.8,0.45,0.3,0.18,1.0,1.0,1.0,1.0,1.0,1.0,1.0,0.009708737864077669,0.016181229773462782,0.031229773462783172,0.060764370473108335,0.06700570195715827,0.09279441127794863,0.10090729785253749,1.0
PLAIN-1409,253,0.0,0.2960819109658652,0.21398626473452756,0.2172607128522299,0.2113194308653679,0.1656763369009589,0.14137317367200455,0.0,0.003952569169960474,0.003952569169960474,0.007905138339920948,0.015810276679841896,0.02766798418972332,0.04743083003952569,0.0,0.3333333333333333,0.2,0.2,0.2,0.14,0.12,0.0,0.5,0.5,0.5,0.5,0.5,0.5,0.0,0.001976284584980237,0.001976284584980237,0.0032938076416337285,0.005128929041972519,0.008102058769906663,0.011046483202252775,2.0
PLAIN-1419,65,1.0,0.46927872602275644,0.3391602052736161,0.2200917662980802,0.17490501020123428,0.11024647962976102,0.11195008385731342,0.015384615384615385,0.015384615384615385,0.015384615384615385,0.015384615384615385,0.03076923076923077,0.046153846153846156,0.07692307692307693,1.0,0.3333333333333333,0.2,0.1,0.1,0.06,0.05,1.0,1.0,1.0,1.0,1.0,1.0,1.0,0.015384615384615385,0.015384615384615385,0.015384615384615385,0.015384615384615385,0.01700404858299595,0.0182514498303972,0.019796059067314128,1.0
PLAIN-1429,6,0.0,0.0,0.0,0.0,0.0,0.0,0.0,0.0,0.0,0.0,0.0,0.0,0.0,0.0,0.0,0.0,0.0,0.0,0.0,0.0,0.0,0.0,0.0,0.0,0.0,0.0,0.0,0.0,0.0,0.0,0.0,0.0,0.0,0.0,0.0,
PLAIN-1441,186,0.0,0.2960819109658652,0.21398626473452756,0.2122263659729146,0.20675774645448153,0.12850933958519387,0.12504830886932683,0.0,0.005376344086021506,0.005376344086021506,0.010752688172043012,0.021505376344086023,0.026881720430107527,0.05913978494623656,0.0,0.3333333333333333,0.2,0.2,0.2,0.1,0.11,0.0,0.5,0.5,0.5,0.5,0.5,0.5,0.0,0.002688172043010753,0.002688172043010753,0.004224270353302612,0.006571087216248507,0.007467144563918758,0.011035194797160057,2.0
PLAIN-1453,245,0.0,0.0,0.14606834984270645,0.16104258782393985,0.13736911927777692,0.15006687546277117,0.13855843049894576,0.0,0.0,0.004081632653061225,0.00816326530612245,0.012244897959183673,0.0326530612244898,0.05714285714285714,0.0,0.0,0.2,0.2,0.15,0.16,0.14,0.0,0.0,0.25,0.25,0.25,0.25,0.25,0.0,0.0,0.0010204081632653062,0.001927437641723356,0.002607709750566893,0.005957138830187163,0.009732640268027618,4.0
PLAIN-1463,24,0.0,0.0,0.0,0.0,0.0,0.027192543073881765,0.04772643772279417,0.0,0.0,0.0,0.0,0.0,0.041666666666666664,0.08333333333333333,0.0,0.0,0.0,0.0,0.0,0.02,0.02,0.0,0.0,0.0,0.0,0.0,0.041666666666666664,0.041666666666666664,0.0,0.0,0.0,0.0,0.0,0.001736111111111111,0.0029265873015873016,24.0
PLAIN-1473,1,0.0,0.0,0.0,0.0,0.0,0.0,0.0,0.0,0.0,0.0,0.0,0.0,0.0,0.0,0.0,0.0,0.0,0.0,0.0,0.0,0.0,0.0,0.0,0.0,0.0,0.0,0.0,0.0,0.0,0.0,0.0,0.0,0.0,0.0,0.0,
PLAIN-1485,54,0.0,0.0,0.0,0.0,0.0,0.015115759211350253,0.027123101953990852,0.0,0.0,0.0,0.0,0.0,0.018518518518518517,0.037037037037037035,0.0,0.0,0.0,0.0,0.0,0.02,0.02,0.0,0.0,0.0,0.0,0.0,0.029411764705882353,0.029411764705882353,0.0,0.0,0.0,0.0,0.0,0.0005446623093681917,0.0012434743289349282,34.0
PLAIN-1496,1,0.0,0.0,0.0,0.0,0.0,0.0,0.0,0.0,0.0,0.0,0.0,0.0,0.0,0.0,0.0,0.0,0.0,0.0,0.0,0.0,0.0,0.0,0.0,0.0,0.0,0.0,0.0,0.0,0.0,0.0,0.0,0.0,0.0,0.0,0.0,
PLAIN-1506,15,0.0,0.0,0.0,0.0,0.0,0.0,0.0,0.0,0.0,0.0,0.0,0.0,0.0,0.0,0.0,0.0,0.0,0.0,0.0,0.0,0.0,0.0,0.0,0.0,0.0,0.0,0.0,0.0,0.0,0.0,0.0,0.0,0.0,0.0,0.0,
PLAIN-1516,2,0.0,0.0,0.0,0.0,0.0,0.0,0.0,0.0,0.0,0.0,0.0,0.0,0.0,0.0,0.0,0.0,0.0,0.0,0.0,0.0,0.0,0.0,0.0,0.0,0.0,0.0,0.0,0.0,0.0,0.0,0.0,0.0,0.0,0.0,0.0,
PLAIN-1527,202,0.0,0.23463936301137822,0.3156484524795145,0.41628452663299526,0.3382294233224352,0.29073403528763914,0.234779545867186,0.0,0.0049504950495049506,0.009900990099009901,0.024752475247524754,0.034653465346534656,0.06930693069306931,0.10396039603960396,0.0,0.3333333333333333,0.4,0.5,0.35,0.28,0.21,0.0,0.3333333333333333,0.3333333333333333,0.3333333333333333,0.3333333333333333,0.3333333333333333,0.3333333333333333,0.0,0.00165016501650165,0.004125412541254125,0.01155115511551155,0.01556979227334498,0.026554958802569605,0.03633363333472982,3.0
PLAIN-1537,45,0.0,0.23463936301137822,0.3156484524795145,0.2832325164972662,0.2936596939582531,0.20542991094005372,0.23223788644668644,0.0,0.022222222222222223,0.044444444444444446,0.06666666666666667,0.13333333333333333,0.17777777777777778,0.2222222222222222,0.0,0.3333333333333333,0.4,0.3,0.3,0.16,0.1,0.0,0.3333333333333333,0.3333333333333333,0.3333333333333333,0.3333333333333333,0.3333333333333333,0.3333333333333333,0.0,0.007407407407407407,0.018518518518518517,0.029629629629629627,0.05398724082934609,0.06476165160375687,0.07051576759614538,3.0
PLAIN-1547,6,0.0,0.0,0.0,0.0,0.0,0.0,0.0,0.0,0.0,0.0,0.0,0.0,0.0,0.0,0.0,0.0,0.0,0.0,0.0,0.0,0.0,0.0,0.0,0.0,0.0,0.0,0.0,0.0,0.0,0.0,0.0,0.0,0.0,0.0,0.0,
PLAIN-1557,26,0.0,0.0,0.0,0.0,0.0,0.025813513627847767,0.04517985331974446,0.0,0.0,0.0,0.0,0.0,0.038461538461538464,0.07692307692307693,0.0,0.0,0.0,0.0,0.0,0.02,0.02,0.0,0.0,0.0,0.0,0.0,0.041666666666666664,0.041666666666666664,0.0,0.0,0.0,0.0,0.0,0.0016025641025641025,0.002670940170940171,24.0
PLAIN-1568,2,0.0,0.0,0.0,0.0,0.31432962328057273,0.31432962328057273,0.31432962328057273,0.0,0.0,0.0,0.0,1.0,1.0,1.0,0.0,0.0,0.0,0.0,0.1,0.04,0.02,0.0,0.0,0.0,0.0,0.07692307692307693,0.07692307692307693,0.07692307692307693,0.0,0.0,0.0,0.0,0.10512820512820513,0.10512820512820513,0.10512820512820513,13.0
PLAIN-1579,5,0.0,0.0,0.0,0.0,0.0,0.0,0.0,0.0,0.0,0.0,0.0,0.0,0.0,0.0,0.0,0.0,0.0,0.0,0.0,0.0,0.0,0.0,0.0,0.0,0.0,0.0,0.0,0.0,0.0,0.0,0.0,0.0,0.0,0.0,0.0,
PLAIN-1590,18,0.0,0.0,0.0,0.07839826897867534,0.05412479622841818,0.05412479622841818,0.05412479622841818,0.0,0.0,0.0,0.05555555555555555,0.05555555555555555,0.05555555555555555,0.05555555555555555,0.0,0.0,0.0,0.1,0.05,0.02,0.01,0.0,0.0,0.0,0.16666666666666666,0.16666666666666666,0.16666666666666666,0.16666666666666666,0.0,0.0,0.0,0.009259259259259259,0.009259259259259259,0.009259259259259259,0.009259259259259259,6.0
PLAIN-1601,74,0.0,0.2960819109658652,0.21398626473452756,0.2172607128522299,0.17751972054440512,0.14226556713750832,0.13868915227589093,0.0,0.013513513513513514,0.013513513513513514,0.02702702702702703,0.04054054054054054,0.08108108108108109,0.12162162162162163,0.0,0.3333333333333333,0.2,0.2,0.15,0.12,0.09,0.0,0.5,0.5,0.5,0.5,0.5,0.5,0.0,0.006756756756756757,0.006756756756756757,0.01126126126126126,0.01437976437976438,0.020238862344125502,0.025831242936506092,2.0
PLAIN-1611,6,0.0,0.0,0.0,0.0,0.0,0.0,0.0,0.0,0.0,0.0,0.0,0.0,0.0,0.0,0.0,0.0,0.0,0.0,0.0,0.0,0.0,0.0,0.0,0.0,0.0,0.0,0.0,0.0,0.0,0.0,0.0,0.0,0.0,0.0,0.0,
PLAIN-1621,4,0.0,0.0,0.0,0.0,0.0,0.0,0.0,0.0,0.0,0.0,0.0,0.0,0.0,0.0,0.0,0.0,0.0,0.0,0.0,0.0,0.0,0.0,0.0,0.0,0.0,0.0,0.0,0.0,0.0,0.0,0.0,0.0,0.0,0.0,0.0,
PLAIN-1635,431,0.0,0.2960819109658652,0.4912596920895758,0.5328776402545681,0.624639833210942,0.4942707726052942,0.3753826509389438,0.0,0.002320185614849188,0.0069605568445475635,0.013921113689095127,0.03248259860788863,0.05568445475638051,0.0765661252900232,0.0,0.3333333333333333,0.6,0.6,0.7,0.48,0.33,0.0,0.5,0.5,0.5,0.5,0.5,0.5,0.0,0.001160092807424594,0.0037122969837587007,0.00825599381283836,0.02036165833979257,0.03406801634224761,0.04322422789881976,2.0
PLAIN-1645,6,0.0,0.0,0.0,0.0,0.0,0.05853129656898177,0.05853129656898177,0.0,0.0,0.0,0.0,0.0,0.16666666666666666,0.16666666666666666,0.0,0.0,0.0,0.0,0.0,0.02,0.01,0.0,0.0,0.0,0.0,0.0,0.02857142857142857,0.02857142857142857,0.0,0.0,0.0,0.0,0.0,0.0047619047619047615,0.0047619047619047615,35.0
PLAIN-1656,28,0.0,0.0,0.0,0.0,0.1047859015696852,0.1091630937617037,0.14527064914410703,0.0,0.0,0.0,0.0,0.10714285714285714,0.14285714285714285,0.21428571428571427,0.0,0.0,0.0,0.0,0.15,0.08,0.06,0.0,0.0,0.0,0.0,0.08333333333333333,0.08333333333333333,0.08333333333333333,0.0,0.0,0.0,0.0,0.01253501400560224,0.018746194129825842,0.0236803299463146,12.0
PLAIN-1667,159,1.0,1.0,0.8687949224876582,0.706583601726363,0.4900689577674012,0.3282822769862051,0.24223084272791184,0.006289308176100629,0.018867924528301886,0.025157232704402517,0.03773584905660377,0.0440251572327044,0.06918238993710692,0.10062893081761007,1.0,1.0,0.8,0.6,0.35,0.22,0.16,1.0,1.0,1.0,1.0,1.0,1.0,1.0,0.006289308176100629,0.018867924528301886,0.025157232704402517,0.03436657681940701,0.03695629195074256,0.044032870364723864,0.05112629188489428,1.0
PLAIN-1679,1,0.0,0.0,0.0,0.0,0.0,0.0,0.0,0.0,0.0,0.0,0.0,0.0,0.0,0.0,0.0,0.0,0.0,0.0,0.0,0.0,0.0,0.0,0.0,0.0,0.0,0.0,0.0,0.0,0.0,0.0,0.0,0.0,0.0,0.0,0.0,
PLAIN-1690,4,0.0,0.0,0.0,0.0,0.0,0.0,0.0,0.0,0.0,0.0,0.0,0.0,0.0,0.0,0.0,0.0,0.0,0.0,0.0,0.0,0.0,0.0,0.0,0.0,0.0,0.0,0.0,0.0,0.0,0.0,0.0,0.0,0.0,0.0,0.0,
PLAIN-1700,5,0.0,0.0,0.0,0.0,0.0,0.0,0.0,0.0,0.0,0.0,0.0,0.0,0.0,0.0,0.0,0.0,0.0,0.0,0.0,0.0,0.0,0.0,0.0,0.0,0.0,0.0,0.0,0.0,0.0,0.0,0.0,0.0,0.0,0.0,0.0,
PLAIN-1710,16,1.0,1.0,1.0,1.0,0.8340552990136605,0.8684984644475986,0.8944786473567425,0.0625,0.1875,0.3125,0.625,0.75,0.8125,0.875,1.0,1.0,1.0,1.0,0.6,0.26,0.14,1.0,1.0,1.0,1.0,1.0,1.0,1.0,0.0625,0.1875,0.3125,0.625,0.75,0.78125,0.7924679487179487,1.0
PLAIN-1721,31,0.0,0.0,0.0,0.0,0.0,0.02136391268805077,0.038513161807027754,0.0,0.0,0.0,0.0,0.0,0.03225806451612903,0.06451612903225806,0.0,0.0,0.0,0.0,0.0,0.02,0.02,0.0,0.0,0.0,0.0,0.0,0.03225806451612903,0.03225806451612903,0.0,0.0,0.0,0.0,0.0,0.0010405827263267429,0.0019124223078437438,31.0
PLAIN-1731,3,0.0,0.0,0.0,0.16716045496620227,0.2796993437616699,0.2796993437616699,0.2796993437616699,0.0,0.0,0.0,0.3333333333333333,0.6666666666666666,0.6666666666666666,0.6666666666666666,0.0,0.0,0.0,0.1,0.1,0.04,0.02,0.0,0.0,0.0,0.16666666666666666,0.16666666666666666,0.16666666666666666,0.16666666666666666,0.0,0.0,0.0,0.05555555555555555,0.09477124183006536,0.09477124183006536,0.09477124183006536,6.0
PLAIN-1741,420,0.0,0.0,0.13120507751234178,0.15139734109601005,0.13004519173533727,0.1814457172271485,0.1646213580966999,0.0,0.0,0.002380952380952381,0.004761904761904762,0.007142857142857143,0.023809523809523808,0.04047619047619048,0.0,0.0,0.2,0.2,0.15,0.2,0.17,0.0,0.0,0.2,0.2,0.2,0.2,0.2,0.0,0.0,0.0004761904761904762,0.0010052910052910052,0.0013624338624338623,0.005198098638835976,0.008097235197052712,5.0
PLAIN-1752,1,0.0,0.0,0.0,0.0,0.0,0.0,0.0,0.0,0.0,0.0,0.0,0.0,0.0,0.0,0.0,0.0,0.0,0.0,0.0,0.0,0.0,0.0,0.0,0.0,0.0,0.0,0.0,0.0,0.0,0.0,0.0,0.0,0.0,0.0,0.0,
PLAIN-1762,8,0.0,0.0,0.13120507751234178,0.09785159463516042,0.15637702523334102,0.21229373538892293,0.21229373538892293,0.0,0.0,0.125,0.125,0.25,0.375,0.375,0.0,0.0,0.2,0.1,0.1,0.06,0.03,0.0,0.0,0.2,0.2,0.2,0.2,0.2,0.0,0.0,0.025,0.025,0.038157894736842106,0.05520334928229665,0.05520334928229665,5.0
PLAIN-1772,2,0.0,0.3065735963827292,0.3065735963827292,0.3065735963827292,0.3065735963827292,0.42427254668160214,0.42427254668160214,0.0,0.5,0.5,0.5,0.5,1.0,1.0,0.0,0.3333333333333333,0.2,0.1,0.05,0.04,0.02,0.0,0.3333333333333333,0.3333333333333333,0.3333333333333333,0.3333333333333333,0.3333333333333333,0.3333333333333333,0.0,0.16666666666666666,0.16666666666666666,0.16666666666666666,0.16666666666666666,0.19444444444444442,0.19444444444444442,3.0
PLAIN-1784,2,0.0,0.0,0.0,0.0,0.0,0.0,0.0,0.0,0.0,0.0,0.0,0.0,0.0,0.0,0.0,0.0,0.0,0.0,0.0,0.0,0.0,0.0,0.0,0.0,0.0,0.0,0.0,0.0,0.0,0.0,0.0,0.0,0.0,0.0,0.0,
PLAIN-1794,2,1.0,0.6131471927654584,0.6131471927654584,0.6131471927654584,0.6131471927654584,0.7235328953148507,0.7235328953148507,0.5,0.5,0.5,0.5,0.5,1.0,1.0,1.0,0.3333333333333333,0.2,0.1,0.05,0.04,0.02,1.0,1.0,1.0,1.0,1.0,1.0,1.0,0.5,0.5,0.5,0.5,0.5,0.5217391304347826,0.5217391304347826,1.0
PLAIN-1805,116,1.0,1.0,0.7227265726449519,0.5988751049740156,0.5260518252617592,0.3500877175930223,0.26295811799306124,0.008620689655172414,0.02586206896551724,0.02586206896551724,0.04310344827586207,0.07758620689655173,0.11206896551724138,0.16379310344827586,1.0,1.0,0.6,0.5,0.45,0.26,0.19,1.0,1.0,1.0,1.0,1.0,1.0,1.0,0.008620689655172414,0.02586206896551724,0.02586206896551724,0.034003831417624523,0.05012130294204331,0.06348518297681584,0.07637801174817563,1.0
PLAIN-1817,27,1.0,0.46927872602275644,0.3391602052736161,0.2200917662980802,0.1420400396336573,0.1387882935421242,0.15703617907791587,0.037037037037037035,0.037037037037037035,0.037037037037037035,0.037037037037037035,0.037037037037037035,0.07407407407407407,0.1111111111111111,1.0,0.3333333333333333,0.2,0.1,0.05,0.04,0.03,1.0,1.0,1.0,1.0,1.0,1.0,1.0,0.037037037037037035,0.037037037037037035,0.037037037037037035,0.037037037037037035,0.037037037037037035,0.03888888888888889,0.04021164021164022,1.0
PLAIN-1827,3,0.0,0.0,0.0,0.0,0.0,0.0,0.0,0.0,0.0,0.0,0.0,0.0,0.0,0.0,0.0,0.0,0.0,0.0,0.0,0.0,0.0,0.0,0.0,0.0,0.0,0.0,0.0,0.0,0.0,0.0,0.0,0.0,0.0,0.0,0.0,
PLAIN-1837,196,1.0,1.0,1.0,0.9305687780632229,0.8882634135747687,0.6542354926740783,0.45597951178394536,0.00510204081632653,0.015306122448979591,0.025510204081632654,0.04591836734693878,0.08673469387755102,0.14285714285714285,0.17857142857142858,1.0,1.0,1.0,0.9,0.85,0.56,0.35,1.0,1.0,1.0,1.0,1.0,1.0,1.0,0.00510204081632653,0.015306122448979591,0.025510204081632654,0.04484126984126985,0.08202049509447469,0.12182642148268658,0.136381058938358,1.0
PLAIN-1847,11,0.0,0.0,0.0,0.0,0.0,0.0,0.0,0.0,0.0,0.0,0.0,0.0,0.0,0.0,0.0,0.0,0.0,0.0,0.0,0.0,0.0,0.0,0.0,0.0,0.0,0.0,0.0,0.0,0.0,0.0,0.0,0.0,0.0,0.0,0.0,
PLAIN-1857,33,0.0,0.0,0.13120507751234178,0.08514311764162101,0.0913048760605247,0.10758930147800655,0.12523881789833496,0.0,0.0,0.030303030303030304,0.030303030303030304,0.06060606060606061,0.12121212121212122,0.15151515151515152,0.0,0.0,0.2,0.1,0.1,0.08,0.05,0.0,0.0,0.2,0.2,0.2,0.2,0.2,0.0,0.0,0.006060606060606061,0.006060606060606061,0.01038961038961039,0.017559208468299378,0.020314029404938497,5.0
PLAIN-1867,7,0.0,0.0,0.0,0.0,0.0,0.0,0.0,0.0,0.0,0.0,0.0,0.0,0.0,0.0,0.0,0.0,0.0,0.0,0.0,0.0,0.0,0.0,0.0,0.0,0.0,0.0,0.0,0.0,0.0,0.0,0.0,0.0,0.0,0.0,0.0,
PLAIN-1877,36,0.0,0.0,0.0,0.0,0.0,0.03773946144837173,0.05363153782841181,0.0,0.0,0.0,0.0,0.0,0.05555555555555555,0.08333333333333333,0.0,0.0,0.0,0.0,0.0,0.04,0.03,0.0,0.0,0.0,0.0,0.0,0.037037037037037035,0.037037037037037035,0.0,0.0,0.0,0.0,0.0,0.0022914328469884025,0.0035352139415157657,27.0
PLAIN-1887,4,0.0,0.0,0.0,0.0,0.0,0.0,0.0,0.0,0.0,0.0,0.0,0.0,0.0,0.0,0.0,0.0,0.0,0.0,0.0,0.0,0.0,0.0,0.0,0.0,0.0,0.0,0.0,0.0,0.0,0.0,0.0,0.0,0.0,0.0,0.0,
PLAIN-1897,2,0.0,0.0,0.0,0.0,0.0,0.0,0.0,0.0,0.0,0.0,0.0,0.0,0.0,0.0,0.0,0.0,0.0,0.0,0.0,0.0,0.0,0.0,0.0,0.0,0.0,0.0,0.0,0.0,0.0,0.0,0.0,0.0,0.0,0.0,0.0,
PLAIN-1909,463,1.0,0.7653606369886217,0.5531464700081437,0.4985723557253839,0.4248448521293961,0.33559029121357636,0.2856889515452856,0.0021598272138228943,0.004319654427645789,0.004319654427645789,0.008639308855291577,0.01511879049676026,0.03023758099352052,0.05183585313174946,1.0,0.6666666666666666,0.4,0.4,0.35,0.28,0.24,1.0,1.0,1.0,1.0,1.0,1.0,1.0,0.0021598272138228943,0.004319654427645789,0.004319654427645789,0.006205217868284822,0.008511802572277734,0.012944582532902937,0.01929621909478568,1.0
PLAIN-1919,27,1.0,0.7039180890341347,0.7860137352654724,0.5763233549126812,0.4444263130389278,0.4095551690564626,0.4095551690564626,0.037037037037037035,0.07407407407407407,0.14814814814814814,0.18518518518518517,0.25925925925925924,0.3333333333333333,0.3333333333333333,1.0,0.6666666666666666,0.8,0.5,0.35,0.18,0.09,1.0,1.0,1.0,1.0,1.0,1.0,1.0,0.037037037037037035,0.06172839506172839,0.11913580246913581,0.1397119341563786,0.17355917852993874,0.1892045208419477,0.1892045208419477,1.0
PLAIN-1929,10,0.0,0.0,0.0,0.0,0.059477192729042165,0.14834915786560812,0.14834915786560812,0.0,0.0,0.0,0.0,0.1,0.3,0.3,0.0,0.0,0.0,0.0,0.05,0.06,0.03,0.0,0.0,0.0,0.0,0.08333333333333333,0.08333333333333333,0.08333333333333333,0.0,0.0,0.0,0.0,0.008333333333333333,0.024907304412309976,0.024907304412309976,12.0
PLAIN-1940,12,0.0,0.2960819109658652,0.21398626473452756,0.13886244387355456,0.12388806404564569,0.19575613246714718,0.19575613246714718,0.0,0.08333333333333333,0.08333333333333333,0.08333333333333333,0.08333333333333333,0.25,0.25,0.0,0.3333333333333333,0.2,0.1,0.05,0.06,0.03,0.0,0.5,0.5,0.5,0.5,0.5,0.5,0.0,0.041666666666666664,0.041666666666666664,0.041666666666666664,0.041666666666666664,0.05114850427350428,0.05114850427350428,2.0
PLAIN-1950,13,0.0,0.0,0.14606834984270645,0.09478836436955079,0.08041927109478653,0.11968997199788614,0.11968997199788614,0.0,0.0,0.07692307692307693,0.07692307692307693,0.07692307692307693,0.15384615384615385,0.15384615384615385,0.0,0.0,0.2,0.1,0.05,0.04,0.02,0.0,0.0,0.25,0.25,0.25,0.25,0.25,0.0,0.0,0.019230769230769232,0.019230769230769232,0.019230769230769232,0.02514792899408284,0.02514792899408284,4.0
PLAIN-1962,13,0.0,0.0,0.0,0.0,0.0,0.0,0.03148474705542766,0.0,0.0,0.0,0.0,0.0,0.0,0.07692307692307693,0.0,0.0,0.0,0.0,0.0,0.0,0.01,0.0,0.0,0.0,0.0,0.0,0.0,0.016666666666666666,0.0,0.0,0.0,0.0,0.0,0.0,0.001282051282051282,60.0
PLAIN-1972,11,0.0,0.0,0.0,0.0,0.0,0.0,0.0,0.0,0.0,0.0,0.0,0.0,0.0,0.0,0.0,0.0,0.0,0.0,0.0,0.0,0.0,0.0,0.0,0.0,0.0,0.0,0.0,0.0,0.0,0.0,0.0,0.0,0.0,0.0,0.0,
PLAIN-1983,32,1.0,0.7653606369886217,0.6843515475204855,0.513528549750033,0.40347148157597157,0.3391886163169007,0.3739506434967728,0.03125,0.0625,0.09375,0.125,0.1875,0.25,0.3125,1.0,0.6666666666666666,0.6,0.4,0.3,0.16,0.1,1.0,1.0,1.0,1.0,1.0,1.0,1.0,0.03125,0.0625,0.08125,0.096875,0.12061298076923077,0.13596858421750663,0.14525167245280077,1.0
PLAIN-1995,11,0.0,0.0,0.0,0.0,0.0,0.0,0.03243913203930434,0.0,0.0,0.0,0.0,0.0,0.0,0.09090909090909091,0.0,0.0,0.0,0.0,0.0,0.0,0.01,0.0,0.0,0.0,0.0,0.0,0.0,0.012048192771084338,0.0,0.0,0.0,0.0,0.0,0.0,0.001095290251916758,83.0
PLAIN-2009,8,0.0,0.0,0.0,0.0,0.0,0.0,0.044372489715607685,0.0,0.0,0.0,0.0,0.0,0.0,0.125,0.0,0.0,0.0,0.0,0.0,0.0,0.01,0.0,0.0,0.0,0.0,0.0,0.0,0.0196078431372549,0.0,0.0,0.0,0.0,0.0,0.0,0.0024509803921568627,51.0
PLAIN-2019,3,0.0,0.0,0.0,0.0,0.0,0.0,0.0,0.0,0.0,0.0,0.0,0.0,0.0,0.0,0.0,0.0,0.0,0.0,0.0,0.0,0.0,0.0,0.0,0.0,0.0,0.0,0.0,0.0,0.0,0.0,0.0,0.0,0.0,0.0,0.0,
PLAIN-2030,6,0.0,0.0,0.0,0.10086747116627115,0.10086747116627115,0.10086747116627115,0.10086747116627115,0.0,0.0,0.0,0.16666666666666666,0.16666666666666666,0.16666666666666666,0.16666666666666666,0.0,0.0,0.0,0.1,0.05,0.02,0.01,0.0,0.0,0.0,0.14285714285714285,0.14285714285714285,0.14285714285714285,0.14285714285714285,0.0,0.0,0.0,0.023809523809523808,0.023809523809523808,0.023809523809523808,0.023809523809523808,7.0
PLAIN-2040,132,0.0,0.23463936301137822,0.16958010263680806,0.1100458831490401,0.07102001981682865,0.0858503197738969,0.06849607128439161,0.0,0.007575757575757576,0.007575757575757576,0.007575757575757576,0.007575757575757576,0.030303030303030304,0.045454545454545456,0.0,0.3333333333333333,0.2,0.1,0.05,0.08,0.06,0.0,0.3333333333333333,0.3333333333333333,0.3333333333333333,0.3333333333333333,0.3333333333333333,0.3333333333333333,0.0,0.002525252525252525,0.002525252525252525,0.002525252525252525,0.002525252525252525,0.00467687074829932,0.005893076927740793,3.0
PLAIN-2051,355,0.0,0.2960819109658652,0.21398626473452756,0.35687885840597905,0.3456304181585209,0.262124394586275,0.21613365297141962,0.0,0.0028169014084507044,0.0028169014084507044,0.011267605633802818,0.01971830985915493,0.03380281690140845,0.05352112676056338,0.0,0.3333333333333333,0.2,0.4,0.35,0.24,0.19,0.0,0.5,0.5,0.5,0.5,0.5,0.5,0.0,0.0014084507042253522,0.0014084507042253522,0.00480661748267382,0.00901227098410197,0.012677077426727232,0.017238740324674175,2.0
PLAIN-2061,410,0.0,0.2960819109658652,0.4912596920895758,0.4608129830623534,0.4431346153919786,0.45434160426216535,0.40506568977000607,0.0,0.0024390243902439024,0.007317073170731708,0.012195121951219513,0.02195121951219512,0.05609756097560976,0.0951219512195122,0.0,0.3333333333333333,0.6,0.5,0.45,0.46,0.39,0.0,0.5,0.5,0.5,0.5,0.5,0.5,0.0,0.0012195121951219512,0.0039024390243902443,0.006747967479674797,0.011902425647045446,0.02791991334287641,0.04574709763033954,2.0
PLAIN-2071,45,0.0,0.0,0.0,0.0,0.0780057052211985,0.04573814315801098,0.07147898700828596,0.0,0.0,0.0,0.0,0.044444444444444446,0.044444444444444446,0.08888888888888889,0.0,0.0,0.0,0.0,0.1,0.04,0.04,0.0,0.0,0.0,0.0,0.09090909090909091,0.09090909090909091,0.09090909090909091,0.0,0.0,0.0,0.0,0.005723905723905724,0.005723905723905724,0.007482540331528395,11.0
PLAIN-2081,1,0.0,0.0,0.0,0.0,0.0,0.0,0.0,0.0,0.0,0.0,0.0,0.0,0.0,0.0,0.0,0.0,0.0,0.0,0.0,0.0,0.0,0.0,0.0,0.0,0.0,0.0,0.0,0.0,0.0,0.0,0.0,0.0,0.0,0.0,0.0,
PLAIN-2092,10,1.0,0.7653606369886217,0.5531464700081437,0.4373524791503101,0.49237542072483015,0.49237542072483015,0.49237542072483015,0.1,0.2,0.2,0.3,0.4,0.4,0.4,1.0,0.6666666666666666,0.4,0.3,0.2,0.08,0.04,1.0,1.0,1.0,1.0,1.0,1.0,1.0,0.1,0.2,0.2,0.25,0.27666666666666667,0.27666666666666667,0.27666666666666667,1.0
PLAIN-2102,421,1.0,1.0,1.0,0.718362797268624,0.5360939313289114,0.47669561968123914,0.37760401934617416,0.0023752969121140144,0.007125890736342043,0.011876484560570071,0.014251781472684086,0.019002375296912115,0.047505938242280284,0.07363420427553444,1.0,1.0,1.0,0.6,0.4,0.4,0.31,1.0,1.0,1.0,1.0,1.0,1.0,1.0,0.0023752969121140144,0.007125890736342043,0.011876484560570071,0.013657957244655582,0.016169634840718726,0.028370255348825594,0.03725818116310164,1.0
PLAIN-2113,1,0.0,0.0,0.0,0.0,0.0,0.0,0.0,0.0,0.0,0.0,0.0,0.0,0.0,0.0,0.0,0.0,0.0,0.0,0.0,0.0,0.0,0.0,0.0,0.0,0.0,0.0,0.0,0.0,0.0,0.0,0.0,0.0,0.0,0.0,0.0,
PLAIN-2124,17,1.0,0.7653606369886217,0.5531464700081437,0.35895421017163476,0.2570088759103378,0.2894470988960354,0.3131147566729706,0.058823529411764705,0.11764705882352941,0.11764705882352941,0.11764705882352941,0.11764705882352941,0.17647058823529413,0.23529411764705882,1.0,0.6666666666666666,0.4,0.2,0.1,0.06,0.04,1.0,1.0,1.0,1.0,1.0,1.0,1.0,0.058823529411764705,0.11764705882352941,0.11764705882352941,0.11764705882352941,0.11764705882352941,0.12394957983193278,0.12630252100840336,1.0
PLAIN-2134,12,0.0,0.0,0.0,0.0,0.0,0.0,0.0,0.0,0.0,0.0,0.0,0.0,0.0,0.0,0.0,0.0,0.0,0.0,0.0,0.0,0.0,0.0,0.0,0.0,0.0,0.0,0.0,0.0,0.0,0.0,0.0,0.0,0.0,0.0,0.0,
PLAIN-2145,9,0.0,0.0,0.0,0.0,0.0,0.05126444313939661,0.05126444313939661,0.0,0.0,0.0,0.0,0.0,0.1111111111111111,0.1111111111111111,0.0,0.0,0.0,0.0,0.0,0.02,0.01,0.0,0.0,0.0,0.0,0.0,0.043478260869565216,0.043478260869565216,0.0,0.0,0.0,0.0,0.0,0.004830917874396135,0.004830917874396135,23.0
PLAIN-2156,6,1.0,0.7653606369886217,0.5531464700081437,0.5809949937791563,0.5809949937791563,0.6343412073043998,0.6343412073043998,0.16666666666666666,0.3333333333333333,0.3333333333333333,0.5,0.5,0.6666666666666666,0.6666666666666666,1.0,0.6666666666666666,0.4,0.3,0.15,0.08,0.04,1.0,1.0,1.0,1.0,1.0,1.0,1.0,0.16666666666666666,0.3333333333333333,0.3333333333333333,0.3833333333333333,0.3833333333333333,0.39666666666666667,0.39666666666666667,1.0
PLAIN-2167,1,0.0,0.0,0.0,0.0,0.0,0.0,0.0,0.0,0.0,0.0,0.0,0.0,0.0,0.0,0.0,0.0,0.0,0.0,0.0,0.0,0.0,0.0,0.0,0.0,0.0,0.0,0.0,0.0,0.0,0.0,0.0,0.0,0.0,0.0,0.0,
PLAIN-2177,24,0.0,0.0,0.13120507751234178,0.08514311764162101,0.08838607945669937,0.12987923322935915,0.12987923322935915,0.0,0.0,0.041666666666666664,0.041666666666666664,0.08333333333333333,0.16666666666666666,0.16666666666666666,0.0,0.0,0.2,0.1,0.1,0.08,0.04,0.0,0.0,0.2,0.2,0.2,0.2,0.2,0.0,0.0,0.008333333333333333,0.008333333333333333,0.012962962962962963,0.02280092592592593,0.02280092592592593,5.0
PLAIN-2187,9,0.0,0.0,0.0,0.0,0.0,0.0,0.03947561302344989,0.0,0.0,0.0,0.0,0.0,0.0,0.1111111111111111,0.0,0.0,0.0,0.0,0.0,0.0,0.01,0.0,0.0,0.0,0.0,0.0,0.0,0.01639344262295082,0.0,0.0,0.0,0.0,0.0,0.0,0.0018214936247723133,61.0
PLAIN-2197,58,0.0,0.0,0.27727342735504823,0.24936270394794907,0.19728683504022826,0.12157210378747346,0.13147028781317296,0.0,0.0,0.034482758620689655,0.05172413793103448,0.06896551724137931,0.08620689655172414,0.1206896551724138,0.0,0.0,0.4,0.3,0.2,0.1,0.07,0.0,0.0,0.25,0.25,0.25,0.25,0.25,0.0,0.0,0.011206896551724138,0.017672413793103445,0.02259852216748768,0.024432711455822237,0.026993245452146958,4.0
PLAIN-2209,2,0.0,0.0,0.0,0.0,0.0,0.0,0.10704534003732354,0.0,0.0,0.0,0.0,0.0,0.0,0.5,0.0,0.0,0.0,0.0,0.0,0.0,0.01,0.0,0.0,0.0,0.0,0.0,0.0,0.019230769230769232,0.0,0.0,0.0,0.0,0.0,0.0,0.009615384615384616,52.0
PLAIN-2220,9,1.0,0.7039180890341347,0.5087403079104241,0.3525683241217281,0.3525683241217281,0.3525683241217281,0.3525683241217281,0.1111111111111111,0.2222222222222222,0.2222222222222222,0.2222222222222222,0.2222222222222222,0.2222222222222222,0.2222222222222222,1.0,0.6666666666666666,0.4,0.2,0.1,0.04,0.02,1.0,1.0,1.0,1.0,1.0,1.0,1.0,0.1111111111111111,0.18518518518518517,0.18518518518518517,0.18518518518518517,0.18518518518518517,0.18518518518518517,0.18518518518518517,1.0
PLAIN-2230,7,0.0,0.0,0.0,0.0,0.0,0.0,0.0,0.0,0.0,0.0,0.0,0.0,0.0,0.0,0.0,0.0,0.0,0.0,0.0,0.0,0.0,0.0,0.0,0.0,0.0,0.0,0.0,0.0,0.0,0.0,0.0,0.0,0.0,0.0,0.0,
PLAIN-2240,11,1.0,0.7653606369886217,0.5531464700081437,0.35895421017163476,0.33819159797407056,0.33819159797407056,0.37237527421161326,0.09090909090909091,0.18181818181818182,0.18181818181818182,0.18181818181818182,0.18181818181818182,0.18181818181818182,0.2727272727272727,1.0,0.6666666666666666,0.4,0.2,0.1,0.04,0.03,1.0,1.0,1.0,1.0,1.0,1.0,1.0,0.09090909090909091,0.18181818181818182,0.18181818181818182,0.18181818181818182,0.18181818181818182,0.18181818181818182,0.1859504132231405,1.0
PLAIN-2250,2,0.0,0.0,0.0,0.0,0.0,0.0,0.0,0.0,0.0,0.0,0.0,0.0,0.0,0.0,0.0,0.0,0.0,0.0,0.0,0.0,0.0,0.0,0.0,0.0,0.0,0.0,0.0,0.0,0.0,0.0,0.0,0.0,0.0,0.0,0.0,
PLAIN-2261,60,0.0,0.23463936301137822,0.16958010263680806,0.1100458831490401,0.07102001981682865,0.10391309604635081,0.09169248796742327,0.0,0.016666666666666666,0.016666666666666666,0.016666666666666666,0.016666666666666666,0.08333333333333333,0.08333333333333333,0.0,0.3333333333333333,0.2,0.1,0.05,0.1,0.05,0.0,0.3333333333333333,0.3333333333333333,0.3333333333333333,0.3333333333333333,0.3333333333333333,0.3333333333333333,0.0,0.005555555555555555,0.005555555555555555,0.005555555555555555,0.005555555555555555,0.014286324786324784,0.014286324786324784,3.0
PLAIN-2271,10,0.0,0.0,0.0,0.0,0.0,0.04224853374256245,0.04224853374256245,0.0,0.0,0.0,0.0,0.0,0.1,0.1,0.0,0.0,0.0,0.0,0.0,0.02,0.01,0.0,0.0,0.0,0.0,0.0,0.027777777777777776,0.027777777777777776,0.0,0.0,0.0,0.0,0.0,0.0027777777777777775,0.0027777777777777775,36.0
PLAIN-2281,1,0.0,0.0,0.0,0.0,0.23540891336663824,0.23540891336663824,0.23540891336663824,0.0,0.0,0.0,0.0,1.0,1.0,1.0,0.0,0.0,0.0,0.0,0.05,0.02,0.01,0.0,0.0,0.0,0.0,0.05555555555555555,0.05555555555555555,0.05555555555555555,0.0,0.0,0.0,0.0,0.05555555555555555,0.05555555555555555,0.05555555555555555,18.0
PLAIN-2291,5,0.0,0.0,0.0,0.0,0.07721668828275381,0.07721668828275381,0.07721668828275381,0.0,0.0,0.0,0.0,0.2,0.2,0.2,0.0,0.0,0.0,0.0,0.05,0.02,0.01,0.0,0.0,0.0,0.0,0.05,0.05,0.05,0.0,0.0,0.0,0.0,0.01,0.01,0.01,20.0
PLAIN-2301,13,0.0,0.0,0.0,0.0,0.0,0.0,0.028834998678671973,0.0,0.0,0.0,0.0,0.0,0.0,0.07692307692307693,0.0,0.0,0.0,0.0,0.0,0.0,0.01,0.0,0.0,0.0,0.0,0.0,0.0,0.011363636363636364,0.0,0.0,0.0,0.0,0.0,0.0,0.0008741258741258741,88.0
PLAIN-2311,2,0.0,0.0,0.0,0.0,0.0,0.0,0.0,0.0,0.0,0.0,0.0,0.0,0.0,0.0,0.0,0.0,0.0,0.0,0.0,0.0,0.0,0.0,0.0,0.0,0.0,0.0,0.0,0.0,0.0,0.0,0.0,0.0,0.0,0.0,0.0,
PLAIN-2321,5,0.0,0.0,0.0,0.0,0.0,0.0,0.0,0.0,0.0,0.0,0.0,0.0,0.0,0.0,0.0,0.0,0.0,0.0,0.0,0.0,0.0,0.0,0.0,0.0,0.0,0.0,0.0,0.0,0.0,0.0,0.0,0.0,0.0,0.0,0.0,
PLAIN-2332,97,1.0,0.7653606369886217,0.6992148198508501,0.5173633627401373,0.4025840007387803,0.2771772819687676,0.2540170342569585,0.010309278350515464,0.020618556701030927,0.030927835051546393,0.041237113402061855,0.061855670103092786,0.10309278350515463,0.20618556701030927,1.0,0.6666666666666666,0.6,0.4,0.3,0.2,0.2,1.0,1.0,1.0,1.0,1.0,1.0,1.0,0.010309278350515464,0.020618556701030927,0.028350515463917526,0.03247422680412371,0.039248895434462444,0.047643593519882184,0.07007361710762434,1.0
PLAIN-2343,2,0.0,0.0,0.2640681225725909,0.2640681225725909,0.2640681225725909,0.2640681225725909,0.2640681225725909,0.0,0.0,0.5,0.5,0.5,0.5,0.5,0.0,0.0,0.2,0.1,0.05,0.02,0.01,0.0,0.0,0.25,0.25,0.25,0.25,0.25,0.0,0.0,0.125,0.125,0.125,0.125,0.125,4.0
PLAIN-2354,5,0.0,0.0,0.0,0.10699313236726378,0.10699313236726378,0.1680525940718291,0.22302250135503468,0.0,0.0,0.0,0.2,0.2,0.4,0.6,0.0,0.0,0.0,0.1,0.05,0.04,0.03,0.0,0.0,0.0,0.125,0.125,0.125,0.125,0.0,0.0,0.0,0.025,0.025,0.03369565217391304,0.04214635639926516,8.0
PLAIN-2364,15,0.0,0.0,0.0,0.0,0.0,0.0,0.0,0.0,0.0,0.0,0.0,0.0,0.0,0.0,0.0,0.0,0.0,0.0,0.0,0.0,0.0,0.0,0.0,0.0,0.0,0.0,0.0,0.0,0.0,0.0,0.0,0.0,0.0,0.0,0.0,
PLAIN-2375,2,0.0,0.0,0.0,0.0,0.0,0.0,0.0,0.0,0.0,0.0,0.0,0.0,0.0,0.0,0.0,0.0,0.0,0.0,0.0,0.0,0.0,0.0,0.0,0.0,0.0,0.0,0.0,0.0,0.0,0.0,0.0,0.0,0.0,0.0,0.0,
PLAIN-2386,19,0.0,0.0,0.0,0.0,0.035911488881901134,0.035911488881901134,0.035911488881901134,0.0,0.0,0.0,0.0,0.05263157894736842,0.05263157894736842,0.05263157894736842,0.0,0.0,0.0,0.0,0.05,0.02,0.01,0.0,0.0,0.0,0.0,0.0625,0.0625,0.0625,0.0,0.0,0.0,0.0,0.003289473684210526,0.003289473684210526,0.003289473684210526,16.0
PLAIN-2396,18,0.0,0.0,0.0,0.07839826897867534,0.05412479622841818,0.05412479622841818,0.05412479622841818,0.0,0.0,0.0,0.05555555555555555,0.05555555555555555,0.05555555555555555,0.05555555555555555,0.0,0.0,0.0,0.1,0.05,0.02,0.01,0.0,0.0,0.0,0.16666666666666666,0.16666666666666666,0.16666666666666666,0.16666666666666666,0.0,0.0,0.0,0.009259259259259259,0.009259259259259259,0.009259259259259259,0.009259259259259259,6.0
PLAIN-2408,5,0.0,0.0,0.0,0.0,0.0,0.0,0.0,0.0,0.0,0.0,0.0,0.0,0.0,0.0,0.0,0.0,0.0,0.0,0.0,0.0,0.0,0.0,0.0,0.0,0.0,0.0,0.0,0.0,0.0,0.0,0.0,0.0,0.0,0.0,0.0,
PLAIN-2430,46,1.0,0.7653606369886217,0.5531464700081437,0.35895421017163476,0.3635864334925161,0.2811748506223552,0.3086777755171145,0.021739130434782608,0.043478260869565216,0.043478260869565216,0.043478260869565216,0.13043478260869565,0.15217391304347827,0.21739130434782608,1.0,0.6666666666666666,0.4,0.2,0.3,0.14,0.1,1.0,1.0,1.0,1.0,1.0,1.0,1.0,0.021739130434782608,0.043478260869565216,0.043478260869565216,0.043478260869565216,0.06585263572072025,0.07007968886081688,0.07909600332703112,1.0
PLAIN-2440,21,0.0,0.0,0.0,0.0,0.0,0.0,0.021050947945762472,0.0,0.0,0.0,0.0,0.0,0.0,0.047619047619047616,0.0,0.0,0.0,0.0,0.0,0.0,0.01,0.0,0.0,0.0,0.0,0.0,0.0,0.010869565217391304,0.0,0.0,0.0,0.0,0.0,0.0,0.0005175983436853002,92.0
PLAIN-2450,38,0.0,0.2960819109658652,0.2870204396558808,0.18625662605832996,0.1394984616193257,0.14602652263927832,0.1775610165057515,0.0,0.02631578947368421,0.05263157894736842,0.05263157894736842,0.05263157894736842,0.10526315789473684,0.15789473684210525,0.0,0.3333333333333333,0.4,0.2,0.1,0.08,0.06,0.0,0.5,0.5,0.5,0.5,0.5,0.5,0.0,0.013157894736842105,0.02631578947368421,0.02631578947368421,0.02631578947368421,0.03263535182041124,0.037260592224561094,2.0
PLAIN-2460,31,0.0,0.0,0.0,0.09508977831648076,0.12543045978278766,0.1810753680429314,0.19419924622153387,0.0,0.0,0.0,0.03225806451612903,0.06451612903225806,0.16129032258064516,0.1935483870967742,0.0,0.0,0.0,0.1,0.1,0.1,0.06,0.0,0.0,0.0,0.16666666666666666,0.16666666666666666,0.16666666666666666,0.16666666666666666,0.0,0.0,0.0,0.005376344086021505,0.01075268817204301,0.02251392295706638,0.025202095000077133,6.0
PLAIN-2470,73,0.0,0.0,0.0,0.0,0.1254452937237077,0.0790750780653645,0.10379384226657126,0.0,0.0,0.0,0.0,0.0410958904109589,0.0410958904109589,0.0958904109589041,0.0,0.0,0.0,0.0,0.15,0.06,0.07,0.0,0.0,0.0,0.0,0.09090909090909091,0.09090909090909091,0.09090909090909091,0.0,0.0,0.0,0.0,0.004911728078529045,0.004911728078529045,0.008698051859478858,11.0
PLAIN-2480,18,1.0,0.46927872602275644,0.3391602052736161,0.371408294247889,0.34582815279841383,0.3855741760793512,0.43121876640620954,0.05555555555555555,0.05555555555555555,0.05555555555555555,0.2222222222222222,0.2777777777777778,0.3333333333333333,0.4444444444444444,1.0,0.3333333333333333,0.2,0.4,0.25,0.12,0.08,1.0,1.0,1.0,1.0,1.0,1.0,1.0,0.05555555555555555,0.05555555555555555,0.05555555555555555,0.1201058201058201,0.13644568938686585,0.15033457827575472,0.16304446633545622,1.0
PLAIN-2490,23,0.0,0.0,0.07303417492135322,0.05748471664172886,0.09210158573611066,0.14366010119976022,0.15794928081649115,0.0,0.0,0.043478260869565216,0.043478260869565216,0.08695652173913043,0.17391304347826086,0.21739130434782608,0.0,0.0,0.2,0.1,0.1,0.08,0.05,0.0,0.0,0.25,0.25,0.25,0.25,0.25,0.0,0.0,0.010869565217391304,0.010869565217391304,0.016304347826086956,0.026931168410831808,0.029243841861340596,4.0
PLAIN-2500,7,0.0,0.0,0.0,0.0,0.0,0.11761559443809703,0.11761559443809703,0.0,0.0,0.0,0.0,0.0,0.2857142857142857,0.2857142857142857,0.0,0.0,0.0,0.0,0.0,0.04,0.02,0.0,0.0,0.0,0.0,0.0,0.037037037037037035,0.037037037037037035,0.0,0.0,0.0,0.0,0.0,0.015495086923658351,0.015495086923658351,27.0
PLAIN-2510,46,1.0,0.7653606369886217,0.6992148198508501,0.6749359875559983,0.5399587493358764,0.4417083776768303,0.5207125551827617,0.021739130434782608,0.043478260869565216,0.06521739130434782,0.13043478260869565,0.1956521739130435,0.2826086956521739,0.41304347826086957,1.0,0.6666666666666666,0.6,0.6,0.45,0.26,0.19,1.0,1.0,1.0,1.0,1.0,1.0,1.0,0.021739130434782608,0.043478260869565216,0.059782608695652176,0.10610766045548653,0.13834100793987722,0.16702630814691657,0.19616351755074402,1.0
PLAIN-2520,73,0.0,0.0,0.13120507751234178,0.08514311764162101,0.12592263479480756,0.09644366556751058,0.07981688000460299,0.0,0.0,0.0136986301369863,0.0136986301369863,0.0410958904109589,0.0547945205479452,0.0547945205479452,0.0,0.0,0.2,0.1,0.15,0.08,0.04,0.0,0.0,0.2,0.2,0.2,0.2,0.2,0.0,0.0,0.0027397260273972603,0.0027397260273972603,0.008655043586550436,0.010177113601771136,0.010177113601771136,5.0
PLAIN-2530,72,1.0,1.0,1.0,0.8623482045275424,0.7285188221732136,0.562039398789805,0.5058666173295341,0.013888888888888888,0.041666666666666664,0.06944444444444445,0.125,0.16666666666666666,0.2361111111111111,0.3055555555555556,1.0,1.0,1.0,0.9,0.6,0.34,0.22,1.0,1.0,1.0,1.0,1.0,1.0,1.0,0.013888888888888888,0.041666666666666664,0.06944444444444445,0.12361111111111112,0.15779343205813792,0.18521267055193785,0.2052012318815879,1.0
PLAIN-2540,21,0.0,0.0,0.0,0.0,0.0,0.0,0.013693232607252272,0.0,0.0,0.0,0.0,0.0,0.0,0.047619047619047616,0.0,0.0,0.0,0.0,0.0,0.0,0.01,0.0,0.0,0.0,0.0,0.0,0.0,0.0125,0.0,0.0,0.0,0.0,0.0,0.0,0.0005952380952380953,80.0
PLAIN-2550,25,0.0,0.0,0.0,0.0,0.0,0.01748797197767295,0.04553079530380547,0.0,0.0,0.0,0.0,0.0,0.04,0.12,0.0,0.0,0.0,0.0,0.0,0.02,0.03,0.0,0.0,0.0,0.0,0.0,0.03225806451612903,0.03225806451612903,0.0,0.0,0.0,0.0,0.0,0.0012903225806451613,0.0039301355639215505,31.0
PLAIN-2560,21,1.0,1.0,0.8687949224876582,0.8512360941594275,0.7617498321289895,0.7652187084288207,0.791869590490527,0.047619047619047616,0.14285714285714285,0.19047619047619047,0.38095238095238093,0.5238095238095238,0.5714285714285714,0.6666666666666666,1.0,1.0,0.8,0.8,0.55,0.24,0.14,1.0,1.0,1.0,1.0,1.0,1.0,1.0,0.047619047619047616,0.14285714285714285,0.19047619047619047,0.35496976568405136,0.4555133323930316,0.4783704752501745,0.4959783446890299,1.0
PLAIN-2570,40,0.0,0.0,0.0,0.1171252546222487,0.089739944392623,0.07903533543934098,0.12310019040904799,0.0,0.0,0.0,0.05,0.05,0.075,0.175,0.0,0.0,0.0,0.2,0.1,0.06,0.07,0.0,0.0,0.0,0.16666666666666666,0.16666666666666666,0.16666666666666666,0.16666666666666666,0.0,0.0,0.0,0.00972222222222222,0.00972222222222222,0.01240079365079365,0.019990858164799112,6.0
PLAIN-2580,23,0.0,0.0,0.08478905019642409,0.06452577150984495,0.046959683098172354,0.043791926177723386,0.043791926177723386,0.0,0.0,0.043478260869565216,0.043478260869565216,0.043478260869565216,0.043478260869565216,0.043478260869565216,0.0,0.0,0.2,0.1,0.05,0.02,0.01,0.0,0.0,0.25,0.25,0.25,0.25,0.25,0.0,0.0,0.010869565217391304,0.010869565217391304,0.010869565217391304,0.010869565217391304,0.010869565217391304,4.0
PLAIN-2590,63,0.0,0.0,0.0,0.03788716675548455,0.12134371176508256,0.12202517532995863,0.10803642051114123,0.0,0.0,0.0,0.015873015873015872,0.047619047619047616,0.09523809523809523,0.09523809523809523,0.0,0.0,0.0,0.1,0.15,0.12,0.06,0.0,0.0,0.0,0.14285714285714285,0.14285714285714285,0.14285714285714285,0.14285714285714285,0.0,0.0,0.0,0.0022675736961451248,0.008110936682365254,0.013332107276206656,0.013332107276206656,7.0
PLAIN-2600,10,1.0,0.7039180890341347,0.5444581444316119,0.42222801661389164,0.5007463677410338,0.5275650827183445,0.5275650827183445,0.1,0.2,0.2,0.2,0.3,0.4,0.4,1.0,0.6666666666666666,0.4,0.2,0.15,0.08,0.04,1.0,1.0,1.0,1.0,1.0,1.0,1.0,0.1,0.16666666666666666,0.16666666666666666,0.16666666666666666,0.1939393939393939,0.20475020475020472,0.20475020475020472,1.0
PLAIN-2610,61,0.0,0.2960819109658652,0.21398626473452756,0.13886244387355456,0.15312516722760186,0.19432805922385998,0.2274670296309222,0.0,0.01639344262295082,0.01639344262295082,0.01639344262295082,0.03278688524590164,0.11475409836065574,0.19672131147540983,0.0,0.3333333333333333,0.2,0.1,0.1,0.14,0.12,0.0,0.5,0.5,0.5,0.5,0.5,0.5,0.0,0.00819672131147541,0.00819672131147541,0.00819672131147541,0.01053864168618267,0.02272103631033743,0.03547556875580044,2.0
PLAIN-2620,55,0.0,0.0,0.0,0.0,0.03695379934974312,0.037037447403235356,0.09049495687142334,0.0,0.0,0.0,0.0,0.01818181818181818,0.03636363636363636,0.12727272727272726,0.0,0.0,0.0,0.0,0.05,0.04,0.07,0.0,0.0,0.0,0.0,0.07142857142857142,0.07142857142857142,0.07142857142857142,0.0,0.0,0.0,0.0,0.0012987012987012987,0.0028797289666854884,0.008947815913414576,14.0
PLAIN-2630,48,1.0,0.7039180890341347,0.639945385422766,0.48153499054313037,0.31076696003750337,0.24860217452879085,0.27454463177558963,0.020833333333333332,0.041666666666666664,0.0625,0.08333333333333333,0.08333333333333333,0.125,0.16666666666666666,1.0,0.6666666666666666,0.6,0.4,0.2,0.12,0.08,1.0,1.0,1.0,1.0,1.0,1.0,1.0,0.020833333333333332,0.03472222222222222,0.04722222222222222,0.05648148148148149,0.05648148148148149,0.061863425925925926,0.06729628364703502,1.0
PLAIN-2640,48,0.5,0.5,0.5730341749213532,0.38407763064635203,0.2991772123733031,0.23832576403124056,0.29669334929638097,0.020833333333333332,0.0625,0.10416666666666667,0.10416666666666667,0.10416666666666667,0.14583333333333334,0.25,1.0,1.0,1.0,0.5,0.25,0.14,0.12,1.0,1.0,1.0,1.0,1.0,1.0,1.0,0.020833333333333332,0.0625,0.10416666666666667,0.10416666666666667,0.10416666666666667,0.114375,0.12920892653763205,1.0
PLAIN-2650,29,1.0,1.0,0.8687949224876582,0.6421867266689011,0.5753232759946274,0.4951975103158787,0.517720500431803,0.034482758620689655,0.10344827586206896,0.13793103448275862,0.1724137931034483,0.2413793103448276,0.2413793103448276,0.27586206896551724,1.0,1.0,0.8,0.5,0.35,0.14,0.08,1.0,1.0,1.0,1.0,1.0,1.0,1.0,0.034482758620689655,0.10344827586206896,0.13793103448275862,0.16666666666666666,0.19554597701149426,0.19554597701149426,0.19875367548783748,1.0
PLAIN-2660,27,0.0,0.0,0.0,0.0,0.0,0.028359159291721652,0.0592712171368578,0.0,0.0,0.0,0.0,0.0,0.037037037037037035,0.1111111111111111,0.0,0.0,0.0,0.0,0.0,0.02,0.03,0.0,0.0,0.0,0.0,0.0,0.045454545454545456,0.045454545454545456,0.0,0.0,0.0,0.0,0.0,0.0016835016835016836,0.004290236385179625,22.0
PLAIN-2670,35,0.0,0.0,0.0,0.0,0.04964896523515475,0.037092840498043476,0.037092840498043476,0.0,0.0,0.0,0.0,0.02857142857142857,0.02857142857142857,0.02857142857142857,0.0,0.0,0.0,0.0,0.05,0.02,0.01,0.0,0.0,0.0,0.0,0.05,0.05,0.05,0.0,0.0,0.0,0.0,0.0014285714285714286,0.0014285714285714286,0.0014285714285714286,20.0
PLAIN-2680,14,0.0,0.0,0.0,0.0,0.0,0.0,0.03845700438075251,0.0,0.0,0.0,0.0,0.0,0.0,0.07142857142857142,0.0,0.0,0.0,0.0,0.0,0.0,0.01,0.0,0.0,0.0,0.0,0.0,0.0,0.017857142857142856,0.0,0.0,0.0,0.0,0.0,0.0,0.0012755102040816326,56.0
PLAIN-2690,43,1.0,0.46927872602275644,0.4703652827859579,0.3052348839397012,0.21923725247214815,0.1732248067269875,0.1921993561380716,0.023255813953488372,0.023255813953488372,0.046511627906976744,0.046511627906976744,0.046511627906976744,0.06976744186046512,0.09302325581395349,1.0,0.3333333333333333,0.4,0.2,0.1,0.06,0.04,1.0,1.0,1.0,1.0,1.0,1.0,1.0,0.023255813953488372,0.023255813953488372,0.03255813953488372,0.03255813953488372,0.03255813953488372,0.035465116279069765,0.036833105335157316,1.0
PLAIN-2700,10,0.0,0.0,0.0,0.0,0.0346660560804393,0.18326628529848518,0.2539385544994461,0.0,0.0,0.0,0.0,0.1,0.4,0.6,0.0,0.0,0.0,0.0,0.05,0.08,0.06,0.0,0.0,0.0,0.0,0.05263157894736842,0.05263157894736842,0.05263157894736842,0.0,0.0,0.0,0.0,0.005263157894736842,0.0322429028309709,0.046181708076235596,19.0
PLAIN-2710,21,1.0,1.0,0.7227265726449519,0.56885331124342,0.4266669109554087,0.4172986853200989,0.4172986853200989,0.047619047619047616,0.14285714285714285,0.14285714285714285,0.14285714285714285,0.14285714285714285,0.14285714285714285,0.14285714285714285,1.0,1.0,0.6,0.3,0.15,0.06,0.03,1.0,1.0,1.0,1.0,1.0,1.0,1.0,0.047619047619047616,0.14285714285714285,0.14285714285714285,0.14285714285714285,0.14285714285714285,0.14285714285714285,0.14285714285714285,1.0
PLAIN-2720,36,0.0,0.0,0.0,0.0,0.0,0.035607296207604146,0.055440362047493,0.0,0.0,0.0,0.0,0.0,0.05555555555555555,0.08333333333333333,0.0,0.0,0.0,0.0,0.0,0.04,0.03,0.0,0.0,0.0,0.0,0.0,0.025,0.025,0.0,0.0,0.0,0.0,0.0,0.002049457994579946,0.003029850151442691,40.0
PLAIN-2730,29,0.0,0.0,0.0,0.14229210450084157,0.10997714947430542,0.1265799306111808,0.153369531594738,0.0,0.0,0.0,0.06896551724137931,0.06896551724137931,0.10344827586206896,0.13793103448275862,0.0,0.0,0.0,0.2,0.1,0.06,0.04,0.0,0.0,0.0,0.125,0.125,0.125,0.125,0.0,0.0,0.0,0.011206896551724138,0.011206896551724138,0.015344827586206897,0.017899106002554278,8.0
PLAIN-2740,50,0.0,0.2960819109658652,0.21398626473452756,0.16842717545221192,0.1519530422499489,0.13412123090828953,0.1544343442560696,0.0,0.02,0.02,0.02,0.04,0.08,0.12,0.0,0.3333333333333333,0.2,0.1,0.1,0.08,0.06,0.0,0.5,0.5,0.5,0.5,0.5,0.5,0.0,0.01,0.01,0.01,0.012857142857142855,0.0175927750410509,0.020584274408025037,2.0
PLAIN-2750,59,1.0,0.7039180890341347,0.6473770215879483,0.609477157944707,0.5374766018741598,0.38411650417995524,0.37779401820221425,0.01694915254237288,0.03389830508474576,0.06779661016949153,0.11864406779661017,0.1694915254237288,0.2033898305084746,0.2542372881355932,1.0,0.6666666666666666,0.8,0.7,0.5,0.24,0.15,1.0,1.0,1.0,1.0,1.0,1.0,1.0,0.01694915254237288,0.028248587570621465,0.054519774011299434,0.09800242130750604,0.1258803260548026,0.13548075183061525,0.14487918272810793,1.0
PLAIN-2760,8,0.0,0.0,0.18809346402717644,0.1542428909118665,0.1542428909118665,0.1542428909118665,0.1542428909118665,0.0,0.0,0.125,0.125,0.125,0.125,0.125,0.0,0.0,0.2,0.1,0.05,0.02,0.01,0.0,0.0,0.25,0.25,0.25,0.25,0.25,0.0,0.0,0.03125,0.03125,0.03125,0.03125,0.03125,4.0
PLAIN-2770,41,0.0,0.2960819109658652,0.21398626473452756,0.1792810558841894,0.1825436631136477,0.17055319007755806,0.27443585483083754,0.0,0.024390243902439025,0.024390243902439025,0.04878048780487805,0.0975609756097561,0.17073170731707318,0.34146341463414637,0.0,0.3333333333333333,0.2,0.2,0.2,0.14,0.14,0.0,0.5,0.5,0.5,0.5,0.5,0.5,0.0,0.012195121951219513,0.012195121951219513,0.018292682926829267,0.028604734576757534,0.0414572276121774,0.06656815853240174,2.0
PLAIN-2780,22,1.0,0.5865984075284455,0.6356211451908975,0.44111985416292654,0.384931509264375,0.45566873047764006,0.48514901506291325,0.045454545454545456,0.09090909090909091,0.18181818181818182,0.18181818181818182,0.2727272727272727,0.45454545454545453,0.5,1.0,0.6666666666666666,0.8,0.4,0.3,0.2,0.11,1.0,1.0,1.0,1.0,1.0,1.0,1.0,0.045454545454545456,0.07575757575757575,0.1462121212121212,0.1462121212121212,0.1760822510822511,0.22372448979591833,0.2320578231292517,1.0
PLAIN-2790,59,1.0,0.5865984075284455,0.4239502565920201,0.33873549607155196,0.2594781387408491,0.20736618296587886,0.19068300504390914,0.01694915254237288,0.03389830508474576,0.03389830508474576,0.05084745762711865,0.05084745762711865,0.1016949152542373,0.1016949152542373,1.0,0.6666666666666666,0.4,0.3,0.15,0.12,0.06,1.0,1.0,1.0,1.0,1.0,1.0,1.0,0.01694915254237288,0.028248587570621465,0.028248587570621465,0.03333333333333333,0.03333333333333333,0.04118706152604457,0.04118706152604457,1.0
PLAIN-2800,24,0.0,0.0,0.0,0.0,0.0,0.0,0.016127098774031165,0.0,0.0,0.0,0.0,0.0,0.0,0.041666666666666664,0.0,0.0,0.0,0.0,0.0,0.0,0.01,0.0,0.0,0.0,0.0,0.0,0.0,0.014084507042253521,0.0,0.0,0.0,0.0,0.0,0.0,0.0005868544600938967,71.0
PLAIN-2810,8,0.0,0.0,0.0,0.0,0.0,0.0,0.0,0.0,0.0,0.0,0.0,0.0,0.0,0.0,0.0,0.0,0.0,0.0,0.0,0.0,0.0,0.0,0.0,0.0,0.0,0.0,0.0,0.0,0.0,0.0,0.0,0.0,0.0,0.0,0.0,
PLAIN-2820,8,0.0,0.0,0.0,0.0,0.0,0.04527009802703414,0.11029318287312438,0.0,0.0,0.0,0.0,0.0,0.125,0.25,0.0,0.0,0.0,0.0,0.0,0.02,0.02,0.0,0.0,0.0,0.0,0.0,0.047619047619047616,0.047619047619047616,0.0,0.0,0.0,0.0,0.0,0.005952380952380952,0.009377038486627527,21.0
PLAIN-2830,3,0.0,0.0,0.0,0.1922943146971571,0.1922943146971571,0.1922943146971571,0.2421264978830786,0.0,0.0,0.0,0.3333333333333333,0.3333333333333333,0.3333333333333333,0.6666666666666666,0.0,0.0,0.0,0.1,0.05,0.02,0.02,0.0,0.0,0.0,0.1111111111111111,0.1111111111111111,0.1111111111111111,0.1111111111111111,0.0,0.0,0.0,0.037037037037037035,0.037037037037037035,0.037037037037037035,0.04497354497354497,9.0
PLAIN-2840,17,0.0,0.0,0.0,0.0,0.0,0.0,0.0,0.0,0.0,0.0,0.0,0.0,0.0,0.0,0.0,0.0,0.0,0.0,0.0,0.0,0.0,0.0,0.0,0.0,0.0,0.0,0.0,0.0,0.0,0.0,0.0,0.0,0.0,0.0,0.0,
PLAIN-2850,9,0.0,0.0,0.0,0.0,0.0,0.0,0.02985287633435699,0.0,0.0,0.0,0.0,0.0,0.0,0.1111111111111111,0.0,0.0,0.0,0.0,0.0,0.0,0.01,0.0,0.0,0.0,0.0,0.0,0.0,0.012195121951219513,0.0,0.0,0.0,0.0,0.0,0.0,0.0013550135501355014,82.0
PLAIN-2860,2,1.0,0.9197207891481876,0.9197207891481876,0.9197207891481876,0.9197207891481876,0.9197207891481876,0.9197207891481876,0.5,1.0,1.0,1.0,1.0,1.0,1.0,1.0,0.6666666666666666,0.4,0.2,0.1,0.04,0.02,1.0,1.0,1.0,1.0,1.0,1.0,1.0,0.5,0.8333333333333333,0.8333333333333333,0.8333333333333333,0.8333333333333333,0.8333333333333333,0.8333333333333333,1.0
PLAIN-2870,5,0.0,0.0,0.0,0.0,0.0,0.0,0.0,0.0,0.0,0.0,0.0,0.0,0.0,0.0,0.0,0.0,0.0,0.0,0.0,0.0,0.0,0.0,0.0,0.0,0.0,0.0,0.0,0.0,0.0,0.0,0.0,0.0,0.0,0.0,0.0,
PLAIN-2880,17,0.0,0.0,0.0,0.0,0.0,0.026078977251914937,0.04379692893537251,0.0,0.0,0.0,0.0,0.0,0.058823529411764705,0.11764705882352941,0.0,0.0,0.0,0.0,0.0,0.02,0.02,0.0,0.0,0.0,0.0,0.0,0.045454545454545456,0.045454545454545456,0.0,0.0,0.0,0.0,0.0,0.0026737967914438505,0.0038502673796791446,22.0
PLAIN-2890,29,0.0,0.0,0.0,0.0,0.0,0.03914945156548054,0.03914945156548054,0.0,0.0,0.0,0.0,0.0,0.034482758620689655,0.034482758620689655,0.0,0.0,0.0,0.0,0.0,0.02,0.01,0.0,0.0,0.0,0.0,0.0,0.029411764705882353,0.029411764705882353,0.0,0.0,0.0,0.0,0.0,0.0010141987829614604,0.0010141987829614604,34.0
PLAIN-2900,12,0.0,0.0,0.0,0.0,0.14349522383264482,0.14349522383264482,0.22735730653492542,0.0,0.0,0.0,0.0,0.16666666666666666,0.16666666666666666,0.4166666666666667,0.0,0.0,0.0,0.0,0.1,0.04,0.05,0.0,0.0,0.0,0.0,0.09090909090909091,0.09090909090909091,0.09090909090909091,0.0,0.0,0.0,0.0,0.021464646464646464,0.021464646464646464,0.03482497035128614,11.0
PLAIN-2910,15,0.0,0.0,0.0,0.09750766134500026,0.08035740415530843,0.08035740415530843,0.08035740415530843,0.0,0.0,0.0,0.06666666666666667,0.06666666666666667,0.06666666666666667,0.06666666666666667,0.0,0.0,0.0,0.1,0.05,0.02,0.01,0.0,0.0,0.0,0.1111111111111111,0.1111111111111111,0.1111111111111111,0.1111111111111111,0.0,0.0,0.0,0.007407407407407407,0.007407407407407407,0.007407407407407407,0.007407407407407407,9.0
PLAIN-2920,7,0.0,0.0,0.0,0.0,0.0,0.0,0.0,0.0,0.0,0.0,0.0,0.0,0.0,0.0,0.0,0.0,0.0,0.0,0.0,0.0,0.0,0.0,0.0,0.0,0.0,0.0,0.0,0.0,0.0,0.0,0.0,0.0,0.0,0.0,0.0,
PLAIN-2930,14,1.0,0.6387878864795979,0.5065267082131061,0.36077903708155934,0.3433850638492104,0.3433850638492104,0.3433850638492104,0.07142857142857142,0.07142857142857142,0.07142857142857142,0.07142857142857142,0.14285714285714285,0.14285714285714285,0.14285714285714285,1.0,0.3333333333333333,0.2,0.1,0.1,0.04,0.02,1.0,1.0,1.0,1.0,1.0,1.0,1.0,0.07142857142857142,0.07142857142857142,0.07142857142857142,0.07142857142857142,0.08333333333333334,0.08333333333333334,0.08333333333333334,1.0
PLAIN-2940,22,0.0,0.0,0.0,0.0,0.0,0.0397324869069614,0.0397324869069614,0.0,0.0,0.0,0.0,0.0,0.09090909090909091,0.09090909090909091,0.0,0.0,0.0,0.0,0.0,0.04,0.02,0.0,0.0,0.0,0.0,0.0,0.023255813953488372,0.023255813953488372,0.0,0.0,0.0,0.0,0.0,0.0029913184292204575,0.0029913184292204575,43.0
PLAIN-2950,2,0.0,0.0,0.0,0.0,0.0,0.0,0.059953116642032865,0.0,0.0,0.0,0.0,0.0,0.0,0.5,0.0,0.0,0.0,0.0,0.0,0.0,0.01,0.0,0.0,0.0,0.0,0.0,0.0,0.0125,0.0,0.0,0.0,0.0,0.0,0.0,0.00625,80.0
PLAIN-2960,2,0.0,0.0,0.0,0.21974347732050664,0.21974347732050664,0.21974347732050664,0.21974347732050664,0.0,0.0,0.0,0.5,0.5,0.5,0.5,0.0,0.0,0.0,0.1,0.05,0.02,0.01,0.0,0.0,0.0,0.1,0.1,0.1,0.1,0.0,0.0,0.0,0.05,0.05,0.05,0.05,10.0
PLAIN-2970,9,0.0,0.0,0.0,0.0,0.0,0.0761253055082597,0.0761253055082597,0.0,0.0,0.0,0.0,0.0,0.1111111111111111,0.1111111111111111,0.0,0.0,0.0,0.0,0.0,0.02,0.01,0.0,0.0,0.0,0.0,0.0,0.03225806451612903,0.03225806451612903,0.0,0.0,0.0,0.0,0.0,0.0035842293906810036,0.0035842293906810036,31.0
PLAIN-2981,7,1.0,0.6387878864795979,0.5065267082131061,0.43122038713502525,0.43122038713502525,0.43122038713502525,0.43122038713502525,0.14285714285714285,0.14285714285714285,0.14285714285714285,0.14285714285714285,0.14285714285714285,0.14285714285714285,0.14285714285714285,1.0,0.3333333333333333,0.2,0.1,0.05,0.02,0.01,1.0,1.0,1.0,1.0,1.0,1.0,1.0,0.14285714285714285,0.14285714285714285,0.14285714285714285,0.14285714285714285,0.14285714285714285,0.14285714285714285,0.14285714285714285,1.0
PLAIN-2991,2,0.0,0.0,0.0,0.0,0.0,0.0,0.0,0.0,0.0,0.0,0.0,0.0,0.0,0.0,0.0,0.0,0.0,0.0,0.0,0.0,0.0,0.0,0.0,0.0,0.0,0.0,0.0,0.0,0.0,0.0,0.0,0.0,0.0,0.0,0.0,
PLAIN-3001,2,0.0,0.0,0.0,0.0,0.0,0.0,0.0,0.0,0.0,0.0,0.0,0.0,0.0,0.0,0.0,0.0,0.0,0.0,0.0,0.0,0.0,0.0,0.0,0.0,0.0,0.0,0.0,0.0,0.0,0.0,0.0,0.0,0.0,0.0,0.0,
PLAIN-3014,1,0.0,0.0,0.0,0.0,0.0,0.0,0.0,0.0,0.0,0.0,0.0,0.0,0.0,0.0,0.0,0.0,0.0,0.0,0.0,0.0,0.0,0.0,0.0,0.0,0.0,0.0,0.0,0.0,0.0,0.0,0.0,0.0,0.0,0.0,0.0,
PLAIN-3026,1,0.0,0.0,0.0,0.0,0.0,0.0,0.15019048322368797,0.0,0.0,0.0,0.0,0.0,0.0,1.0,0.0,0.0,0.0,0.0,0.0,0.0,0.01,0.0,0.0,0.0,0.0,0.0,0.0,0.01,0.0,0.0,0.0,0.0,0.0,0.0,0.01,100.0
PLAIN-3037,4,0.0,0.0,0.0,0.0,0.0,0.0,0.0,0.0,0.0,0.0,0.0,0.0,0.0,0.0,0.0,0.0,0.0,0.0,0.0,0.0,0.0,0.0,0.0,0.0,0.0,0.0,0.0,0.0,0.0,0.0,0.0,0.0,0.0,0.0,0.0,
PLAIN-3053,3,0.0,0.0,0.0,0.15642624200758548,0.15642624200758548,0.25302578130043796,0.3276874671690796,0.0,0.0,0.0,0.3333333333333333,0.3333333333333333,0.6666666666666666,1.0,0.0,0.0,0.0,0.1,0.05,0.04,0.03,0.0,0.0,0.0,0.14285714285714285,0.14285714285714285,0.14285714285714285,0.14285714285714285,0.0,0.0,0.0,0.047619047619047616,0.047619047619047616,0.07142857142857142,0.0844155844155844,7.0
PLAIN-3063,4,0.0,0.0,0.0,0.0,0.0,0.0,0.06848244509099102,0.0,0.0,0.0,0.0,0.0,0.0,0.25,0.0,0.0,0.0,0.0,0.0,0.0,0.01,0.0,0.0,0.0,0.0,0.0,0.0,0.0196078431372549,0.0,0.0,0.0,0.0,0.0,0.0,0.004901960784313725,51.0
PLAIN-3074,1,0.0,0.0,0.43067655807339306,0.43067655807339306,0.43067655807339306,0.43067655807339306,0.43067655807339306,0.0,0.0,1.0,1.0,1.0,1.0,1.0,0.0,0.0,0.2,0.1,0.05,0.02,0.01,0.0,0.0,0.25,0.25,0.25,0.25,0.25,0.0,0.0,0.25,0.25,0.25,0.25,0.25,4.0
PLAIN-3085,2,1.0,0.6131471927654584,0.6131471927654584,0.8065735963827293,0.8065735963827293,0.8065735963827293,0.8065735963827293,0.5,0.5,0.5,1.0,1.0,1.0,1.0,1.0,0.3333333333333333,0.2,0.2,0.1,0.04,0.02,1.0,1.0,1.0,1.0,1.0,1.0,1.0,0.5,0.5,0.5,0.625,0.625,0.625,0.625,1.0
PLAIN-3097,4,0.0,0.0,0.0,0.0,0.0,0.0,0.0,0.0,0.0,0.0,0.0,0.0,0.0,0.0,0.0,0.0,0.0,0.0,0.0,0.0,0.0,0.0,0.0,0.0,0.0,0.0,0.0,0.0,0.0,0.0,0.0,0.0,0.0,0.0,0.0,
PLAIN-3116,1,0.0,0.0,0.0,0.0,0.0,0.0,0.0,0.0,0.0,0.0,0.0,0.0,0.0,0.0,0.0,0.0,0.0,0.0,0.0,0.0,0.0,0.0,0.0,0.0,0.0,0.0,0.0,0.0,0.0,0.0,0.0,0.0,0.0,0.0,0.0,
PLAIN-3131,6,0.0,0.0,0.0,0.0,0.0,0.03433890399392394,0.03433890399392394,0.0,0.0,0.0,0.0,0.0,0.16666666666666666,0.16666666666666666,0.0,0.0,0.0,0.0,0.0,0.02,0.01,0.0,0.0,0.0,0.0,0.0,0.025,0.025,0.0,0.0,0.0,0.0,0.0,0.004166666666666667,0.004166666666666667,40.0
PLAIN-3141,34,0.0,0.0,0.0,0.04994140057099717,0.03634566917088453,0.027588631698966668,0.0546767683946342,0.0,0.0,0.0,0.029411764705882353,0.029411764705882353,0.029411764705882353,0.08823529411764706,0.0,0.0,0.0,0.1,0.05,0.02,0.03,0.0,0.0,0.0,0.14285714285714285,0.14285714285714285,0.14285714285714285,0.14285714285714285,0.0,0.0,0.0,0.004201680672268907,0.004201680672268907,0.004201680672268907,0.006283875779413933,7.0
PLAIN-3151,18,0.0,0.0,0.0,0.09508977831648076,0.07475743635273831,0.07475743635273831,0.07475743635273831,0.0,0.0,0.0,0.05555555555555555,0.05555555555555555,0.05555555555555555,0.05555555555555555,0.0,0.0,0.0,0.1,0.05,0.02,0.01,0.0,0.0,0.0,0.16666666666666666,0.16666666666666666,0.16666666666666666,0.16666666666666666,0.0,0.0,0.0,0.009259259259259259,0.009259259259259259,0.009259259259259259,0.009259259259259259,6.0
PLAIN-3161,43,0.0,0.0,0.0,0.0,0.09349545070881363,0.1212989314744797,0.13463441878156268,0.0,0.0,0.0,0.0,0.046511627906976744,0.13953488372093023,0.16279069767441862,0.0,0.0,0.0,0.0,0.1,0.12,0.07,0.0,0.0,0.0,0.0,0.07142857142857142,0.07142857142857142,0.07142857142857142,0.0,0.0,0.0,0.0,0.0043971076802814145,0.016234624168960692,0.018947802463534336,14.0
PLAIN-3171,34,0.0,0.15969697161989949,0.12663167705327652,0.09019475927038983,0.06218697887300903,0.06391910947347848,0.09273680993400567,0.0,0.029411764705882353,0.029411764705882353,0.029411764705882353,0.029411764705882353,0.058823529411764705,0.11764705882352941,0.0,0.3333333333333333,0.2,0.1,0.05,0.04,0.04,0.0,0.3333333333333333,0.3333333333333333,0.3333333333333333,0.3333333333333333,0.3333333333333333,0.3333333333333333,0.0,0.00980392156862745,0.00980392156862745,0.00980392156862745,0.00980392156862745,0.01170145477545857,0.01426300571162251,3.0
PLAIN-3181,27,0.0,0.0,0.0,0.0,0.0,0.0,0.0,0.0,0.0,0.0,0.0,0.0,0.0,0.0,0.0,0.0,0.0,0.0,0.0,0.0,0.0,0.0,0.0,0.0,0.0,0.0,0.0,0.0,0.0,0.0,0.0,0.0,0.0,0.0,0.0,
PLAIN-3191,16,0.0,0.0,0.07020838719835952,0.054446697840052224,0.044632030860894144,0.08926406172178829,0.10950322427959593,0.0,0.0,0.0625,0.0625,0.0625,0.125,0.1875,0.0,0.0,0.2,0.1,0.05,0.04,0.03,0.0,0.0,0.2,0.2,0.2,0.2,0.2,0.0,0.0,0.0125,0.0125,0.0125,0.016071428571428573,0.019747899159663868,5.0
PLAIN-3201,32,0.0,0.0,0.0,0.0,0.0,0.03787943030455842,0.052227888841173596,0.0,0.0,0.0,0.0,0.0,0.03125,0.0625,0.0,0.0,0.0,0.0,0.0,0.02,0.02,0.0,0.0,0.0,0.0,0.0,0.03225806451612903,0.03225806451612903,0.0,0.0,0.0,0.0,0.0,0.0010080645161290322,0.0016591061827956988,31.0
PLAIN-3211,18,0.0,0.0,0.0,0.0,0.0,0.0,0.02454795150522132,0.0,0.0,0.0,0.0,0.0,0.0,0.05555555555555555,0.0,0.0,0.0,0.0,0.0,0.0,0.01,0.0,0.0,0.0,0.0,0.0,0.0,0.013888888888888888,0.0,0.0,0.0,0.0,0.0,0.0,0.0007716049382716049,72.0
PLAIN-3221,24,0.0,0.0,0.0,0.0,0.0,0.06394867043590471,0.06394867043590471,0.0,0.0,0.0,0.0,0.0,0.08333333333333333,0.08333333333333333,0.0,0.0,0.0,0.0,0.0,0.04,0.02,0.0,0.0,0.0,0.0,0.0,0.027777777777777776,0.027777777777777776,0.0,0.0,0.0,0.0,0.0,0.003350389863547758,0.003350389863547758,36.0
PLAIN-3231,8,0.5,0.3987389739440937,0.3275546239420398,0.2686056763836821,0.2686056763836821,0.3811755278363571,0.4080702053914843,0.125,0.25,0.25,0.25,0.25,0.5,0.625,1.0,0.6666666666666666,0.4,0.2,0.1,0.08,0.05,1.0,1.0,1.0,1.0,1.0,1.0,1.0,0.125,0.20833333333333331,0.20833333333333331,0.20833333333333331,0.20833333333333331,0.24127492877492876,0.24752492877492877,1.0
PLAIN-3241,29,0.0,0.0,0.0,0.0,0.031834512562450235,0.025699288490858275,0.07581579764618275,0.0,0.0,0.0,0.0,0.034482758620689655,0.034482758620689655,0.10344827586206896,0.0,0.0,0.0,0.0,0.05,0.02,0.03,0.0,0.0,0.0,0.0,0.07142857142857142,0.07142857142857142,0.07142857142857142,0.0,0.0,0.0,0.0,0.0024630541871921183,0.0024630541871921183,0.004966078990579898,14.0
PLAIN-3251,21,0.0,0.0,0.0,0.0,0.0,0.0,0.0,0.0,0.0,0.0,0.0,0.0,0.0,0.0,0.0,0.0,0.0,0.0,0.0,0.0,0.0,0.0,0.0,0.0,0.0,0.0,0.0,0.0,0.0,0.0,0.0,0.0,0.0,0.0,0.0,
PLAIN-3261,13,0.0,0.0,0.0,0.0,0.0,0.050545626268186,0.050545626268186,0.0,0.0,0.0,0.0,0.0,0.07692307692307693,0.07692307692307693,0.0,0.0,0.0,0.0,0.0,0.02,0.01,0.0,0.0,0.0,0.0,0.0,0.02631578947368421,0.02631578947368421,0.0,0.0,0.0,0.0,0.0,0.0020242914979757085,0.0020242914979757085,38.0
PLAIN-3271,49,0.0,0.0,0.0,0.0,0.0,0.016531925387636256,0.016531925387636256,0.0,0.0,0.0,0.0,0.0,0.02040816326530612,0.02040816326530612,0.0,0.0,0.0,0.0,0.0,0.02,0.01,0.0,0.0,0.0,0.0,0.0,0.038461538461538464,0.038461538461538464,0.0,0.0,0.0,0.0,0.0,0.0007849293563579278,0.0007849293563579278,26.0
PLAIN-3281,26,0.0,0.0,0.0,0.0,0.027148372080555695,0.023604611438552806,0.023604611438552806,0.0,0.0,0.0,0.0,0.038461538461538464,0.038461538461538464,0.038461538461538464,0.0,0.0,0.0,0.0,0.05,0.02,0.01,0.0,0.0,0.0,0.0,0.05555555555555555,0.05555555555555555,0.05555555555555555,0.0,0.0,0.0,0.0,0.0021367521367521365,0.0021367521367521365,0.0021367521367521365,18.0
PLAIN-3292,7,0.0,0.15969697161989949,0.22460731655903235,0.2535398285896907,0.36391414713849574,0.4019243774313771,0.4019243774313771,0.0,0.14285714285714285,0.2857142857142857,0.42857142857142855,0.5714285714285714,0.7142857142857143,0.7142857142857143,0.0,0.3333333333333333,0.4,0.3,0.2,0.1,0.05,0.0,0.3333333333333333,0.3333333333333333,0.3333333333333333,0.3333333333333333,0.3333333333333333,0.3333333333333333,0.0,0.047619047619047616,0.10476190476190476,0.14761904761904762,0.18843537414965988,0.2027210884353742,0.2027210884353742,3.0
PLAIN-3302,37,0.0,0.0,0.0,0.0,0.0,0.0,0.013298064589650143,0.0,0.0,0.0,0.0,0.0,0.0,0.02702702702702703,0.0,0.0,0.0,0.0,0.0,0.0,0.01,0.0,0.0,0.0,0.0,0.0,0.0,0.01098901098901099,0.0,0.0,0.0,0.0,0.0,0.0,0.00029700029700029703,91.0
PLAIN-3312,13,0.5,0.23463936301137822,0.16958010263680806,0.1222260944107594,0.11119278081840687,0.1307951156425724,0.18437004345339722,0.07692307692307693,0.07692307692307693,0.07692307692307693,0.07692307692307693,0.07692307692307693,0.15384615384615385,0.3076923076923077,1.0,0.3333333333333333,0.2,0.1,0.05,0.04,0.04,1.0,1.0,1.0,1.0,1.0,1.0,1.0,0.07692307692307693,0.07692307692307693,0.07692307692307693,0.07692307692307693,0.07692307692307693,0.08,0.08773249738766979,1.0
PLAIN-3322,79,1.0,0.46927872602275644,0.3391602052736161,0.2200917662980802,0.25352740458642603,0.16866130498079154,0.14930180135532303,0.012658227848101266,0.012658227848101266,0.012658227848101266,0.012658227848101266,0.05063291139240506,0.0759493670886076,0.11392405063291139,1.0,0.3333333333333333,0.2,0.1,0.2,0.12,0.09,1.0,1.0,1.0,1.0,1.0,1.0,1.0,0.012658227848101266,0.012658227848101266,0.012658227848101266,0.012658227848101266,0.02104772864266535,0.02512891589713938,0.028737611033997065,1.0
PLAIN-3332,14,1.0,0.8403030283801005,0.6663180938082345,0.4745921515613674,0.46737491603171816,0.46737491603171816,0.5653833031186903,0.07142857142857142,0.14285714285714285,0.14285714285714285,0.14285714285714285,0.2857142857142857,0.2857142857142857,0.5714285714285714,1.0,0.6666666666666666,0.4,0.2,0.2,0.08,0.08,1.0,1.0,1.0,1.0,1.0,1.0,1.0,0.07142857142857142,0.14285714285714285,0.14285714285714285,0.14285714285714285,0.16842105263157897,0.16842105263157897,0.19420879230031574,1.0
PLAIN-3342,3,0.0,0.0,0.0,0.0,0.10684080426179023,0.1998705546973964,0.2764339512195332,0.0,0.0,0.0,0.0,0.3333333333333333,0.6666666666666666,1.0,0.0,0.0,0.0,0.0,0.05,0.04,0.03,0.0,0.0,0.0,0.0,0.05,0.05,0.05,0.0,0.0,0.0,0.0,0.016666666666666666,0.0375,0.05199275362318841,20.0
PLAIN-3352,39,0.0,0.0,0.0,0.04875383067250013,0.03471607855801784,0.03982907941811857,0.03982907941811857,0.0,0.0,0.0,0.02564102564102564,0.02564102564102564,0.05128205128205128,0.05128205128205128,0.0,0.0,0.0,0.1,0.05,0.04,0.02,0.0,0.0,0.0,0.1111111111111111,0.1111111111111111,0.1111111111111111,0.1111111111111111,0.0,0.0,0.0,0.0028490028490028487,0.0028490028490028487,0.004451566951566952,0.004451566951566952,9.0
PLAIN-3362,11,0.0,0.0,0.0,0.10218331334064326,0.0977665449831495,0.0977665449831495,0.0977665449831495,0.0,0.0,0.0,0.09090909090909091,0.09090909090909091,0.09090909090909091,0.09090909090909091,0.0,0.0,0.0,0.1,0.05,0.02,0.01,0.0,0.0,0.0,0.125,0.125,0.125,0.125,0.0,0.0,0.0,0.011363636363636364,0.011363636363636364,0.011363636363636364,0.011363636363636364,8.0
PLAIN-3372,14,0.0,0.31939394323979897,0.25326335410655304,0.18038951854077967,0.15125508448510383,0.1830655288786427,0.1830655288786427,0.0,0.07142857142857142,0.07142857142857142,0.07142857142857142,0.07142857142857142,0.14285714285714285,0.14285714285714285,0.0,0.3333333333333333,0.2,0.1,0.05,0.04,0.02,0.0,0.3333333333333333,0.3333333333333333,0.3333333333333333,0.3333333333333333,0.3333333333333333,0.3333333333333333,0.0,0.023809523809523808,0.023809523809523808,0.023809523809523808,0.023809523809523808,0.029304029304029304,0.029304029304029304,3.0
PLAIN-3382,14,0.5,0.26582598262939583,0.21836974929469322,0.21964686745336065,0.2235286711823313,0.2834284427584643,0.3059560542751309,0.07142857142857142,0.07142857142857142,0.07142857142857142,0.14285714285714285,0.21428571428571427,0.35714285714285715,0.42857142857142855,1.0,0.3333333333333333,0.2,0.2,0.15,0.1,0.06,1.0,1.0,1.0,1.0,1.0,1.0,1.0,0.07142857142857142,0.07142857142857142,0.07142857142857142,0.09523809523809523,0.11172161172161173,0.138994338994339,0.1452055191185626,1.0
PLAIN-3392,23,0.0,0.0,0.0,0.0,0.0,0.0,0.0,0.0,0.0,0.0,0.0,0.0,0.0,0.0,0.0,0.0,0.0,0.0,0.0,0.0,0.0,0.0,0.0,0.0,0.0,0.0,0.0,0.0,0.0,0.0,0.0,0.0,0.0,0.0,0.0,
PLAIN-3402,14,0.0,0.0,0.0,0.06943122193677728,0.056219089761923684,0.056219089761923684,0.08395064222624675,0.0,0.0,0.0,0.07142857142857142,0.07142857142857142,0.07142857142857142,0.14285714285714285,0.0,0.0,0.0,0.1,0.05,0.02,0.02,0.0,0.0,0.0,0.125,0.125,0.125,0.125,0.0,0.0,0.0,0.008928571428571428,0.008928571428571428,0.008928571428571428,0.010609243697478992,8.0
PLAIN-3412,49,0.5,0.5316519652587917,0.43673949858938643,0.37266727036121894,0.2941957911469593,0.17774275706240394,0.1882298743206769,0.02040816326530612,0.04081632653061224,0.04081632653061224,0.061224489795918366,0.08163265306122448,0.08163265306122448,0.10204081632653061,1.0,0.6666666666666666,0.4,0.3,0.2,0.08,0.05,1.0,1.0,1.0,1.0,1.0,1.0,1.0,0.02040816326530612,0.03401360544217687,0.03401360544217687,0.04081632653061224,0.04625850340136054,0.04625850340136054,0.04728921871779015,1.0
PLAIN-3422,31,0.0,0.0,0.0,0.04192140603820588,0.03240093154999721,0.05497621719283728,0.09149658560573794,0.0,0.0,0.0,0.03225806451612903,0.03225806451612903,0.06451612903225806,0.16129032258064516,0.0,0.0,0.0,0.1,0.05,0.04,0.05,0.0,0.0,0.0,0.16666666666666666,0.16666666666666666,0.16666666666666666,0.16666666666666666,0.0,0.0,0.0,0.005376344086021505,0.005376344086021505,0.007030603804797354,0.012298251225943099,6.0
PLAIN-3432,42,1.0,0.46927872602275644,0.3391602052736161,0.2837125544970319,0.2945420156264584,0.19711622825629202,0.2539622643994688,0.023809523809523808,0.023809523809523808,0.023809523809523808,0.047619047619047616,0.11904761904761904,0.14285714285714285,0.23809523809523808,1.0,0.3333333333333333,0.2,0.2,0.25,0.12,0.1,1.0,1.0,1.0,1.0,1.0,1.0,1.0,0.023809523809523808,0.023809523809523808,0.023809523809523808,0.02857142857142857,0.04961519961519961,0.05309952017269091,0.06462787669967154,1.0
PLAIN-3442,29,0.0,0.0,0.0,0.0,0.0,0.015625904082154522,0.015625904082154522,0.0,0.0,0.0,0.0,0.0,0.034482758620689655,0.034482758620689655,0.0,0.0,0.0,0.0,0.0,0.02,0.01,0.0,0.0,0.0,0.0,0.0,0.021739130434782608,0.021739130434782608,0.0,0.0,0.0,0.0,0.0,0.0007496251874062968,0.0007496251874062968,46.0
PLAIN-3452,17,0.0,0.4683480347412084,0.3847368188672701,0.3321609776962908,0.3191246841388322,0.3191246841388322,0.36013746247538986,0.0,0.11764705882352941,0.11764705882352941,0.17647058823529413,0.29411764705882354,0.29411764705882354,0.4117647058823529,0.0,0.6666666666666666,0.4,0.3,0.25,0.1,0.07,0.0,0.5,0.5,0.5,0.5,0.5,0.5,0.0,0.06862745098039215,0.06862745098039215,0.08627450980392157,0.12034313725490196,0.12034313725490196,0.13155804505424998,2.0
PLAIN-3462,64,0.0,0.0,0.27727342735504823,0.4576359845799652,0.418650244438676,0.2995546121370375,0.31141637404876077,0.0,0.0,0.03125,0.09375,0.140625,0.15625,0.234375,0.0,0.0,0.4,0.6,0.45,0.2,0.15,0.0,0.0,0.25,0.25,0.25,0.25,0.25,0.0,0.0,0.01015625,0.04383680555555556,0.06729714912280703,0.0740906273836766,0.08807304156839585,4.0
PLAIN-3472,17,0.0,0.0,0.0,0.0,0.0,0.04071333347546152,0.05759058932664755,0.0,0.0,0.0,0.0,0.0,0.058823529411764705,0.11764705882352941,0.0,0.0,0.0,0.0,0.0,0.02,0.02,0.0,0.0,0.0,0.0,0.0,0.02631578947368421,0.02631578947368421,0.0,0.0,0.0,0.0,0.0,0.001547987616099071,0.002982707845654308,38.0
