query_id,n_relevant,ndcg@1,ndcg@3,ndcg@5,ndcg@10,ndcg@20,ndcg@50,ndcg@100,recall@1,recall@3,recall@5,recall@10,recall@20,recall@50,recall@100,precision@1,precision@3,precision@5,precision@10,precision@20,precision@50,precision@100,mrr@1,mrr@3,mrr@5,mrr@10,mrr@20,mrr@50,mrr@100,map@1,map@3,map@5,map@10,map@20,map@50,map@100,first_relevant_rank
PLAIN-2,24,1.0,0.46927872602275644,0.3391602052736161,0.2444521888215188,0.18729629149793098,0.28790392908784224,0.39882543710103185,0.041666666666666664,0.041666666666666664,0.041666666666666664,0.041666666666666664,0.041666666666666664,0.25,0.5,1.0,0.3333333333333333,0.2,0.1,0.05,0.12,0.12,1.0,1.0,1.0,1.0,1.0,1.0,1.0,0.041666666666666664,0.041666666666666664,0.041666666666666664,0.041666666666666664,0.041666666666666664,0.06247245608947737,0.09287291249365737,1.0
PLAIN-12,30,0.0,0.0,0.0,0.03679372067049626,0.02819090090875096,0.02351873886830026,0.02351873886830026,0.0,0.0,0.0,0.03333333333333333,0.03333333333333333,0.03333333333333333,0.03333333333333333,0.0,0.0,0.0,0.1,0.05,0.02,0.01,0.0,0.0,0.0,0.1111111111111111,0.1111111111111111,0.1111111111111111,0.1111111111111111,0.0,0.0,0.0,0.0037037037037037034,0.0037037037037037034,0.0037037037037037034,0.0037037037037037034,9.0
PLAIN-23,90,1.0,0.46927872602275644,0.3391602052736161,0.2200917662980802,0.19532831372554954,0.15358258575418027,0.11177399604820247,0.011111111111111112,0.011111111111111112,0.011111111111111112,0.011111111111111112,0.022222222222222223,0.03333333333333333,0.03333333333333333,1.0,0.3333333333333333,0.2,0.1,0.1,0.06,0.03,1.0,1.0,1.0,1.0,1.0,1.0,1.0,0.011111111111111112,0.011111111111111112,0.011111111111111112,0.011111111111111112,0.01282051282051282,0.014055080721747389,0.014055080721747389,1.0
PLAIN-33,32,0.0,0.0,0.0,0.0,0.04426830423143784,0.10777164179559807,0.13170366340476483,0.0,0.0,0.0,0.0,0.03125,0.125,0.1875,0.0,0.0,0.0,0.0,0.05,0.08,0.06,0.0,0.0,0.0,0.0,0.06666666666666667,0.06666666666666667,0.06666666666666667,0.0,0.0,0.0,0.0,0.0020833333333333333,0.010324918186068255,0.015561868735518805,15.0
PLAIN-44,58,1.0,0.46927872602275644,0.3391602052736161,0.29319111096161155,0.27076342965579664,0.18616800346901421,0.19783656230366078,0.017241379310344827,0.017241379310344827,0.017241379310344827,0.034482758620689655,0.05172413793103448,0.06896551724137931,0.1206896551724138,1.0,0.3333333333333333,0.2,0.2,0.15,0.08,0.07,1.0,1.0,1.0,1.0,1.0,1.0,1.0,0.017241379310344827,0.017241379310344827,0.017241379310344827,0.0210727969348659,0.024521072796934867,0.02739463601532567,0.030853649826431694,1.0
PLAIN-56,50,1.0,0.5865984075284455,0.4537151203596766,0.4456851286479967,0.3297967082186355,0.21675929979195457,0.24705736742297552,0.02,0.04,0.04,0.06,0.06,0.08,0.12,1.0,0.6666666666666666,0.4,0.3,0.15,0.08,0.06,1.0,1.0,1.0,1.0,1.0,1.0,1.0,0.02,0.03333333333333333,0.03333333333333333,0.041904761904761896,0.041904761904761896,0.043809523809523805,0.046308225108225104,1.0
PLAIN-68,55,1.0,0.6387878864795979,0.6156012978458393,0.43846857403921885,0.3370061016640203,0.2076533633234738,0.21739077353482347,0.01818181818181818,0.01818181818181818,0.03636363636363636,0.03636363636363636,0.05454545454545454,0.07272727272727272,0.10909090909090909,1.0,0.3333333333333333,0.4,0.2,0.15,0.08,0.06,1.0,1.0,1.0,1.0,1.0,1.0,1.0,0.01818181818181818,0.01818181818181818,0.02727272727272727,0.02727272727272727,0.032231404958677684,0.03368595041322314,0.03648730254210692,1.0
PLAIN-78,62,0.0,0.0,0.0,0.0,0.02236632904315455,0.03675822771485986,0.06822530218330311,0.0,0.0,0.0,0.0,0.016129032258064516,0.04838709677419355,0.11290322580645161,0.0,0.0,0.0,0.0,0.05,0.06,0.07,0.0,0.0,0.0,0.0,0.05263157894736842,0.05263157894736842,0.05263157894736842,0.0,0.0,0.0,0.0,0.0008488964346349745,0.002643768229506769,0.00756739981653358,19.0
PLAIN-91,64,0.0,0.11731968150568911,0.08479005131840403,0.09807355465077719,0.1709853863499477,0.16153415870434054,0.20169419622520376,0.0,0.015625,0.015625,0.03125,0.078125,0.125,0.234375,0.0,0.3333333333333333,0.2,0.2,0.25,0.16,0.15,0.0,0.3333333333333333,0.3333333333333333,0.3333333333333333,0.3333333333333333,0.3333333333333333,0.3333333333333333,0.0,0.005208333333333333,0.005208333333333333,0.009672619047619048,0.023251488095238092,0.03486855158730159,0.05471771659499233,3.0
PLAIN-102,24,0.5,0.26582598262939583,0.21836974929469322,0.16195671984435941,0.11532431670619621,0.10471259823006288,0.12054286149145456,0.041666666666666664,0.041666666666666664,0.041666666666666664,0.041666666666666664,0.041666666666666664,0.041666666666666664,0.08333333333333333,1.0,0.3333333333333333,0.2,0.1,0.05,0.02,0.02,1.0,1.0,1.0,1.0,1.0,1.0,1.0,0.041666666666666664,0.041666666666666664,0.041666666666666664,0.041666666666666664,0.041666666666666664,0.041666666666666664,0.04252577319587628,1.0
PLAIN-112,56,1.0,0.7653606369886217,0.6621903787502408,0.613796623975581,0.47829252602405475,0.3234426758369135,0.3030481793659749,0.017857142857142856,0.03571428571428571,0.05357142857142857,0.07142857142857142,0.08928571428571429,0.125,0.125,1.0,0.6666666666666666,0.6,0.4,0.25,0.14,0.07,1.0,1.0,1.0,1.0,1.0,1.0,1.0,0.017857142857142856,0.03571428571428571,0.04642857142857143,0.058333333333333334,0.06303258145363408,0.07099476632758366,0.07099476632758366,1.0
PLAIN-123,51,0.0,0.0,0.0,0.0,0.0,0.026922468935593465,0.04642629139504497,0.0,0.0,0.0,0.0,0.0,0.0196078431372549,0.0392156862745098,0.0,0.0,0.0,0.0,0.0,0.02,0.02,0.0,0.0,0.0,0.0,0.0,0.043478260869565216,0.043478260869565216,0.0,0.0,0.0,0.0,0.0,0.0008525149190110827,0.0014048485285112209,23.0
PLAIN-133,36,0.0,0.0,0.0,0.0,0.046327865714859216,0.048102290043203697,0.07200579755572158,0.0,0.0,0.0,0.0,0.027777777777777776,0.05555555555555555,0.1111111111111111,0.0,0.0,0.0,0.0,0.05,0.04,0.04,0.0,0.0,0.0,0.0,0.05263157894736842,0.05263157894736842,0.05263157894736842,0.0,0.0,0.0,0.0,0.0014619883040935672,0.0025730994152046785,0.005037881730733263,19.0
PLAIN-143,51,1.0,0.6993694869720469,0.5745154706993483,0.4260967530293621,0.30341017613262955,0.2071889011012895,0.23677998326804955,0.0196078431372549,0.0392156862745098,0.0392156862745098,0.0392156862745098,0.0392156862745098,0.0784313725490196,0.11764705882352941,1.0,0.6666666666666666,0.4,0.2,0.1,0.08,0.06,1.0,1.0,1.0,1.0,1.0,1.0,1.0,0.0196078431372549,0.0392156862745098,0.0392156862745098,0.0392156862745098,0.0392156862745098,0.0428132037128577,0.04547341413849137,1.0
PLAIN-153,47,0.5,0.680606056760201,0.7356376957664696,0.7515752966311555,0.5528851760174465,0.3493592154381152,0.39711846903338455,0.02127659574468085,0.06382978723404255,0.0851063829787234,0.1702127659574468,0.19148936170212766,0.2127659574468085,0.2978723404255319,1.0,1.0,0.8,0.8,0.45,0.2,0.14,1.0,1.0,1.0,1.0,1.0,1.0,1.0,0.02127659574468085,0.06382978723404255,0.08085106382978723,0.14810874704491725,0.16551687083601976,0.1756485830953916,0.18956623319445265,1.0
PLAIN-165,36,0.5,0.38268031849431083,0.3210877911744764,0.394398570130971,0.31269827836046976,0.23002060428250248,0.2816313568793688,0.027777777777777776,0.05555555555555555,0.05555555555555555,0.1111111111111111,0.1388888888888889,0.1388888888888889,0.2222222222222222,1.0,0.6666666666666666,0.4,0.4,0.25,0.1,0.08,1.0,1.0,1.0,1.0,1.0,1.0,1.0,0.027777777777777776,0.05555555555555555,0.05555555555555555,0.08055555555555555,0.0882716049382716,0.0882716049382716,0.09668125084791751,1.0
PLAIN-175,37,0.0,0.2960819109658652,0.2870204396558808,0.26449492922581697,0.25249234201114285,0.2310363311992325,0.26755740294979447,0.0,0.02702702702702703,0.05405405405405406,0.08108108108108109,0.10810810810810811,0.1891891891891892,0.24324324324324326,0.0,0.3333333333333333,0.4,0.3,0.2,0.14,0.09,0.0,0.5,0.5,0.5,0.5,0.5,0.5,0.0,0.013513513513513514,0.02702702702702703,0.03513513513513514,0.044144144144144144,0.05875827981091138,0.065379901432533,2.0
PLAIN-186,24,0.0,0.0,0.13120507751234178,0.08514311764162101,0.054948588071985875,0.048851099168414396,0.048851099168414396,0.0,0.0,0.041666666666666664,0.041666666666666664,0.041666666666666664,0.041666666666666664,0.041666666666666664,0.0,0.0,0.2,0.1,0.05,0.02,0.01,0.0,0.0,0.2,0.2,0.2,0.2,0.2,0.0,0.0,0.008333333333333333,0.008333333333333333,0.008333333333333333,0.008333333333333333,0.008333333333333333,5.0
PLAIN-196,69,1.0,0.7039180890341347,0.5087403079104241,0.4085359184257956,0.3000120304136418,0.1637625201840335,0.18032951221971885,0.014492753623188406,0.028985507246376812,0.028985507246376812,0.043478260869565216,0.057971014492753624,0.057971014492753624,0.13043478260869565,1.0,0.6666666666666666,0.4,0.3,0.2,0.08,0.09,1.0,1.0,1.0,1.0,1.0,1.0,1.0,0.014492753623188406,0.024154589371980673,0.024154589371980673,0.03140096618357488,0.03554175293305728,0.03554175293305728,0.04185318815831193,1.0
PLAIN-207,55,1.0,0.7039180890341347,0.6548086577531307,0.49828993591603116,0.49763687744650403,0.350891132476841,0.3765420775245644,0.01818181818181818,0.03636363636363636,0.05454545454545454,0.07272727272727272,0.16363636363636364,0.2545454545454545,0.32727272727272727,1.0,0.6666666666666666,0.6,0.4,0.45,0.28,0.18,1.0,1.0,1.0,1.0,1.0,1.0,1.0,0.01818181818181818,0.0303030303030303,0.04393939393939394,0.05432900432900433,0.09447624958460872,0.13205419540378877,0.15006414735989324,1.0
PLAIN-217,36,0.0,0.0,0.0,0.0,0.038384638165382894,0.026143494233816223,0.07258692526254538,0.0,0.0,0.0,0.0,0.027777777777777776,0.027777777777777776,0.1111111111111111,0.0,0.0,0.0,0.0,0.05,0.02,0.04,0.0,0.0,0.0,0.0,0.08333333333333333,0.08333333333333333,0.08333333333333333,0.0,0.0,0.0,0.0,0.0023148148148148147,0.0023148148148148147,0.00558907323613206,12.0
PLAIN-227,40,0.0,0.0,0.0,0.0,0.0,0.0,0.0,0.0,0.0,0.0,0.0,0.0,0.0,0.0,0.0,0.0,0.0,0.0,0.0,0.0,0.0,0.0,0.0,0.0,0.0,0.0,0.0,0.0,0.0,0.0,0.0,0.0,0.0,0.0,0.0,
PLAIN-238,54,0.0,0.0,0.0,0.0,0.0,0.015240014410002669,0.03945533555631483,0.0,0.0,0.0,0.0,0.0,0.018518518518518517,0.05555555555555555,0.0,0.0,0.0,0.0,0.0,0.02,0.03,0.0,0.0,0.0,0.0,0.0,0.030303030303030304,0.030303030303030304,0.0,0.0,0.0,0.0,0.0,0.0005611672278338945,0.0021280348029561864,33.0
PLAIN-248,31,0.0,0.0,0.0,0.07839826897867534,0.08293397412293686,0.08413883075679612,0.10150857968540856,0.0,0.0,0.0,0.03225806451612903,0.06451612903225806,0.0967741935483871,0.12903225806451613,0.0,0.0,0.0,0.1,0.1,0.06,0.04,0.0,0.0,0.0,0.16666666666666666,0.16666666666666666,0.16666666666666666,0.16666666666666666,0.0,0.0,0.0,0.005376344086021505,0.008602150537634409,0.011939191694475342,0.013782509666825574,6.0
PLAIN-259,14,1.0,0.7039180890341347,0.5087403079104241,0.3301376494471203,0.2673154472919771,0.2673154472919771,0.2673154472919771,0.07142857142857142,0.14285714285714285,0.14285714285714285,0.14285714285714285,0.14285714285714285,0.14285714285714285,0.14285714285714285,1.0,0.6666666666666666,0.4,0.2,0.1,0.04,0.02,1.0,1.0,1.0,1.0,1.0,1.0,1.0,0.07142857142857142,0.11904761904761904,0.11904761904761904,0.11904761904761904,0.11904761904761904,0.11904761904761904,0.11904761904761904,1.0
PLAIN-270,52,1.0,0.46927872602275644,0.3391602052736161,0.29849003527675555,0.2273858953071429,0.12411931354372552,0.15699172956616805,0.019230769230769232,0.019230769230769232,0.019230769230769232,0.038461538461538464,0.057692307692307696,0.057692307692307696,0.11538461538461539,1.0,0.3333333333333333,0.2,0.2,0.15,0.06,0.06,1.0,1.0,1.0,1.0,1.0,1.0,1.0,0.019230769230769232,0.019230769230769232,0.019230769230769232,0.02564102564102564,0.029246794871794872,0.029246794871794872,0.033001268488495814,1.0
PLAIN-280,20,0.0,0.0,0.0,0.0,0.0,0.05692784432495796,0.08042731124071449,0.0,0.0,0.0,0.0,0.0,0.1,0.15,0.0,0.0,0.0,0.0,0.0,0.04,0.03,0.0,0.0,0.0,0.0,0.0,0.041666666666666664,0.041666666666666664,0.0,0.0,0.0,0.0,0.0,0.004522357723577236,0.006830050031269544,24.0
PLAIN-291,13,0.0,0.0,0.0,0.0,0.0,0.0,0.0,0.0,0.0,0.0,0.0,0.0,0.0,0.0,0.0,0.0,0.0,0.0,0.0,0.0,0.0,0.0,0.0,0.0,0.0,0.0,0.0,0.0,0.0,0.0,0.0,0.0,0.0,0.0,0.0,
PLAIN-307,3,0.0,0.0,0.18154179253735267,0.3295827480202853,0.3295827480202853,0.4271995734120539,0.4271995734120539,0.0,0.0,0.3333333333333333,0.6666666666666666,0.6666666666666666,1.0,1.0,0.0,0.0,0.2,0.2,0.1,0.06,0.03,0.0,0.0,0.2,0.2,0.2,0.2,0.2,0.0,0.0,0.06666666666666667,0.15,0.15,0.18703703703703703,0.18703703703703703,5.0
PLAIN-320,42,0.0,0.0,0.0,0.0,0.0,0.01674919842568196,0.0880650718437966,0.0,0.0,0.0,0.0,0.0,0.023809523809523808,0.14285714285714285,0.0,0.0,0.0,0.0,0.0,0.02,0.06,0.0,0.0,0.0,0.0,0.0,0.027777777777777776,0.027777777777777776,0.0,0.0,0.0,0.0,0.0,0.0006613756613756613,0.007305616454393366,36.0
PLAIN-332,2,1.0,0.6131471927654584,0.6131471927654584,0.6131471927654584,0.6131471927654584,0.6131471927654584,0.6131471927654584,0.5,0.5,0.5,0.5,0.5,0.5,0.5,1.0,0.3333333333333333,0.2,0.1,0.05,0.02,0.01,1.0,1.0,1.0,1.0,1.0,1.0,1.0,0.5,0.5,0.5,0.5,0.5,0.5,0.5,1.0
PLAIN-344,61,0.5,0.5307212739772434,0.38356636737133565,0.30190255404928124,0.2264412065461896,0.17907540112229872,0.2428939958912253,0.01639344262295082,0.03278688524590164,0.03278688524590164,0.03278688524590164,0.03278688524590164,0.06557377049180328,0.18032786885245902,1.0,0.6666666666666666,0.4,0.2,0.1,0.08,0.11,1.0,1.0,1.0,1.0,1.0,1.0,1.0,0.01639344262295082,0.03278688524590164,0.03278688524590164,0.03278688524590164,0.03278688524590164,0.03605472616577852,0.04905123604239611,1.0
PLAIN-358,3,0.0,0.0,0.0,0.0,0.0,0.0,0.0,0.0,0.0,0.0,0.0,0.0,0.0,0.0,0.0,0.0,0.0,0.0,0.0,0.0,0.0,0.0,0.0,0.0,0.0,0.0,0.0,0.0,0.0,0.0,0.0,0.0,0.0,0.0,0.0,
PLAIN-371,2,0.0,0.0,0.0,0.0,0.0,0.08086344884904767,0.08086344884904767,0.0,0.0,0.0,0.0,0.0,0.5,0.5,0.0,0.0,0.0,0.0,0.0,0.02,0.01,0.0,0.0,0.0,0.0,0.0,0.04,0.04,0.0,0.0,0.0,0.0,0.0,0.02,0.02,25.0
PLAIN-383,5,0.0,0.0,0.0,0.0,0.0,0.06175696970122604,0.06175696970122604,0.0,0.0,0.0,0.0,0.0,0.2,0.2,0.0,0.0,0.0,0.0,0.0,0.02,0.01,0.0,0.0,0.0,0.0,0.0,0.022727272727272728,0.022727272727272728,0.0,0.0,0.0,0.0,0.0,0.004545454545454545,0.004545454545454545,44.0
PLAIN-395,3,0.0,0.0,0.0,0.0,0.0,0.0,0.0,0.0,0.0,0.0,0.0,0.0,0.0,0.0,0.0,0.0,0.0,0.0,0.0,0.0,0.0,0.0,0.0,0.0,0.0,0.0,0.0,0.0,0.0,0.0,0.0,0.0,0.0,0.0,0.0,
PLAIN-407,3,1.0,0.6387878864795979,0.6387878864795979,0.6387878864795979,0.6387878864795979,0.6387878864795979,0.6387878864795979,0.3333333333333333,0.3333333333333333,0.3333333333333333,0.3333333333333333,0.3333333333333333,0.3333333333333333,0.3333333333333333,1.0,0.3333333333333333,0.2,0.1,0.05,0.02,0.01,1.0,1.0,1.0,1.0,1.0,1.0,1.0,0.3333333333333333,0.3333333333333333,0.3333333333333333,0.3333333333333333,0.3333333333333333,0.3333333333333333,0.3333333333333333,1.0
PLAIN-418,3,0.0,0.26582598262939583,0.26582598262939583,0.43354350434265104,0.43354350434265104,0.43354350434265104,0.47439082625834067,0.0,0.3333333333333333,0.3333333333333333,0.6666666666666666,0.6666666666666666,0.6666666666666666,1.0,0.0,0.3333333333333333,0.2,0.2,0.1,0.04,0.03,0.0,0.3333333333333333,0.3333333333333333,0.3333333333333333,0.3333333333333333,0.3333333333333333,0.3333333333333333,0.0,0.1111111111111111,0.1111111111111111,0.19444444444444442,0.19444444444444442,0.19444444444444442,0.20555555555555552,3.0
PLAIN-430,8,1.0,0.46927872602275644,0.48522855511632257,0.4145732794901671,0.4145732794901671,0.4145732794901671,0.4145732794901671,0.125,0.125,0.25,0.25,0.25,0.25,0.25,1.0,0.3333333333333333,0.4,0.2,0.1,0.04,0.02,1.0,1.0,1.0,1.0,1.0,1.0,1.0,0.125,0.125,0.1875,0.1875,0.1875,0.1875,0.1875,1.0
PLAIN-441,5,0.5,0.26582598262939583,0.21836974929469322,0.21836974929469322,0.3401951515134142,0.38469782485406817,0.4936434243796753,0.2,0.2,0.2,0.2,0.4,0.6,1.0,1.0,0.3333333333333333,0.2,0.1,0.1,0.06,0.05,1.0,1.0,1.0,1.0,1.0,1.0,1.0,0.2,0.2,0.2,0.2,0.2363636363636364,0.25705329153605017,0.2832437677265264,1.0
PLAIN-457,5,0.0,0.0,0.0,0.0,0.0,0.0,0.04400839356309612,0.0,0.0,0.0,0.0,0.0,0.0,0.2,0.0,0.0,0.0,0.0,0.0,0.0,0.01,0.0,0.0,0.0,0.0,0.0,0.0,0.018867924528301886,0.0,0.0,0.0,0.0,0.0,0.0,0.0037735849056603774,53.0
PLAIN-468,10,1.0,0.5316519652587917,0.43673949858938643,0.43188458625162507,0.43188458625162507,0.43188458625162507,0.4601595459213836,0.1,0.1,0.1,0.2,0.2,0.2,0.3,1.0,0.3333333333333333,0.2,0.2,0.1,0.04,0.03,1.0,1.0,1.0,1.0,1.0,1.0,1.0,0.1,0.1,0.1,0.12857142857142856,0.12857142857142856,0.12857142857142856,0.13434065934065934,1.0
PLAIN-478,1,0.0,0.0,0.0,0.0,0.0,0.0,0.0,0.0,0.0,0.0,0.0,0.0,0.0,0.0,0.0,0.0,0.0,0.0,0.0,0.0,0.0,0.0,0.0,0.0,0.0,0.0,0.0,0.0,0.0,0.0,0.0,0.0,0.0,0.0,0.0,
PLAIN-488,15,1.0,1.0,1.0,0.8643145546088339,0.7101563292975922,0.7101563292975922,0.736246721534097,0.06666666666666667,0.2,0.3333333333333333,0.5333333333333333,0.6,0.6,0.6666666666666666,1.0,1.0,1.0,0.8,0.45,0.18,0.1,1.0,1.0,1.0,1.0,1.0,1.0,1.0,0.06666666666666667,0.2,0.3333333333333333,0.52,0.5533333333333333,0.5533333333333333,0.5605797101449276,1.0
PLAIN-499,34,0.0,0.0,0.0,0.07336392209936006,0.08021165044546276,0.07788110374309914,0.09297358974924692,0.0,0.0,0.0,0.029411764705882353,0.058823529411764705,0.08823529411764706,0.11764705882352941,0.0,0.0,0.0,0.1,0.1,0.06,0.04,0.0,0.0,0.0,0.14285714285714285,0.14285714285714285,0.14285714285714285,0.14285714285714285,0.0,0.0,0.0,0.004201680672268907,0.00729765590446705,0.010691321062838089,0.011867791651073384,7.0
PLAIN-510,6,0.0,0.0,0.0,0.0,0.0,0.05766131729594942,0.05766131729594942,0.0,0.0,0.0,0.0,0.0,0.16666666666666666,0.16666666666666666,0.0,0.0,0.0,0.0,0.0,0.02,0.01,0.0,0.0,0.0,0.0,0.0,0.02702702702702703,0.02702702702702703,0.0,0.0,0.0,0.0,0.0,0.0045045045045045045,0.0045045045045045045,37.0
PLAIN-520,1,0.0,0.0,0.0,0.0,0.0,0.0,0.0,0.0,0.0,0.0,0.0,0.0,0.0,0.0,0.0,0.0,0.0,0.0,0.0,0.0,0.0,0.0,0.0,0.0,0.0,0.0,0.0,0.0,0.0,0.0,0.0,0.0,0.0,0.0,0.0,
PLAIN-531,308,1.0,0.7653606369886217,0.6843515475204855,0.5077181160122075,0.43378458961717137,0.34012697438349826,0.2868935580812587,0.003246753246753247,0.006493506493506494,0.00974025974025974,0.012987012987012988,0.022727272727272728,0.045454545454545456,0.07792207792207792,1.0,0.6666666666666666,0.6,0.4,0.35,0.28,0.24,1.0,1.0,1.0,1.0,1.0,1.0,1.0,0.003246753246753247,0.006493506493506494,0.008441558441558443,0.00974025974025974,0.013543441852265381,0.020101425101892403,0.02885421362943116,1.0
PLAIN-541,6,0.0,0.0,0.0,0.0,0.0,0.0,0.0,0.0,0.0,0.0,0.0,0.0,0.0,0.0,0.0,0.0,0.0,0.0,0.0,0.0,0.0,0.0,0.0,0.0,0.0,0.0,0.0,0.0,0.0,0.0,0.0,0.0,0.0,0.0,0.0,
PLAIN-551,2,0.0,0.0,0.0,0.0,0.0,0.0,0.1065437321815508,0.0,0.0,0.0,0.0,0.0,0.0,0.5,0.0,0.0,0.0,0.0,0.0,0.0,0.01,0.0,0.0,0.0,0.0,0.0,0.0,0.018867924528301886,0.0,0.0,0.0,0.0,0.0,0.0,0.009433962264150943,53.0
PLAIN-561,25,0.0,0.23463936301137822,0.16958010263680806,0.1100458831490401,0.10737630780536747,0.11498244134584089,0.13532766068287186,0.0,0.04,0.04,0.04,0.08,0.12,0.16,0.0,0.3333333333333333,0.2,0.1,0.1,0.06,0.04,0.0,0.3333333333333333,0.3333333333333333,0.3333333333333333,0.3333333333333333,0.3333333333333333,0.3333333333333333,0.0,0.013333333333333332,0.013333333333333332,0.013333333333333332,0.019047619047619046,0.02160081053698075,0.02406234899851921,3.0
PLAIN-571,7,0.0,0.2960819109658652,0.34519134224686937,0.2797643380184693,0.2797643380184693,0.2797643380184693,0.2797643380184693,0.0,0.14285714285714285,0.2857142857142857,0.2857142857142857,0.2857142857142857,0.2857142857142857,0.2857142857142857,0.0,0.3333333333333333,0.4,0.2,0.1,0.04,0.02,0.0,0.5,0.5,0.5,0.5,0.5,0.5,0.0,0.07142857142857142,0.1285714285714286,0.1285714285714286,0.1285714285714286,0.1285714285714286,0.1285714285714286,2.0
PLAIN-583,44,0.0,0.0,0.0,0.0,0.03475017269886857,0.02068746567769016,0.04808211181213019,0.0,0.0,0.0,0.0,0.022727272727272728,0.022727272727272728,0.06818181818181818,0.0,0.0,0.0,0.0,0.05,0.02,0.03,0.0,0.0,0.0,0.0,0.0625,0.0625,0.0625,0.0,0.0,0.0,0.0,0.0014204545454545455,0.0014204545454545455,0.0029772993400042583,16.0
PLAIN-593,3,0.0,0.0,0.0,0.0,0.12011565579805131,0.2131454062336575,0.2131454062336575,0.0,0.0,0.0,0.0,0.3333333333333333,0.6666666666666666,0.6666666666666666,0.0,0.0,0.0,0.0,0.05,0.04,0.02,0.0,0.0,0.0,0.0,0.07142857142857142,0.07142857142857142,0.07142857142857142,0.0,0.0,0.0,0.0,0.023809523809523808,0.044642857142857144,0.044642857142857144,14.0
PLAIN-603,1,0.0,0.0,0.0,0.0,0.0,0.0,0.0,0.0,0.0,0.0,0.0,0.0,0.0,0.0,0.0,0.0,0.0,0.0,0.0,0.0,0.0,0.0,0.0,0.0,0.0,0.0,0.0,0.0,0.0,0.0,0.0,0.0,0.0,0.0,0.0,
PLAIN-613,10,0.0,0.0,0.0,0.0,0.0,0.0,0.0,0.0,0.0,0.0,0.0,0.0,0.0,0.0,0.0,0.0,0.0,0.0,0.0,0.0,0.0,0.0,0.0,0.0,0.0,0.0,0.0,0.0,0.0,0.0,0.0,0.0,0.0,0.0,0.0,
PLAIN-623,41,0.0,0.0,0.0,0.06943122193677728,0.04480864360167173,0.04475378483281359,0.04475378483281359,0.0,0.0,0.0,0.024390243902439025,0.024390243902439025,0.04878048780487805,0.04878048780487805,0.0,0.0,0.0,0.1,0.05,0.04,0.02,0.0,0.0,0.0,0.125,0.125,0.125,0.125,0.0,0.0,0.0,0.003048780487804878,0.003048780487804878,0.004332477535301669,0.004332477535301669,8.0
PLAIN-634,21,1.0,0.46927872602275644,0.3391602052736161,0.2863459897524693,0.18479835214868887,0.23032801185292667,0.23032801185292667,0.047619047619047616,0.047619047619047616,0.047619047619047616,0.09523809523809523,0.09523809523809523,0.19047619047619047,0.19047619047619047,1.0,0.3333333333333333,0.2,0.2,0.1,0.08,0.04,1.0,1.0,1.0,1.0,1.0,1.0,1.0,0.047619047619047616,0.047619047619047616,0.047619047619047616,0.058201058201058205,0.058201058201058205,0.0663992092563521,0.0663992092563521,1.0
PLAIN-645,29,0.0,0.0,0.0,0.0,0.03286497056757699,0.025824233840383477,0.025824233840383477,0.0,0.0,0.0,0.0,0.034482758620689655,0.034482758620689655,0.034482758620689655,0.0,0.0,0.0,0.0,0.05,0.02,0.01,0.0,0.0,0.0,0.0,0.05263157894736842,0.05263157894736842,0.05263157894736842,0.0,0.0,0.0,0.0,0.0018148820326678765,0.0018148820326678765,0.0018148820326678765,19.0
PLAIN-660,475,1.0,1.0,1.0,0.7967610662472993,0.5870203369549949,0.3989643337939934,0.30677657619850734,0.002105263157894737,0.00631578947368421,0.010526315789473684,0.014736842105263158,0.018947368421052633,0.029473684210526315,0.04631578947368421,1.0,1.0,1.0,0.7,0.45,0.28,0.22,1.0,1.0,1.0,1.0,1.0,1.0,1.0,0.002105263157894737,0.00631578947368421,0.010526315789473684,0.014473684210526316,0.01703238866396761,0.02123690059430574,0.025297511124606795,1.0
PLAIN-671,1,0.0,0.0,0.0,0.0,0.0,0.0,0.16485085672216038,0.0,0.0,0.0,0.0,0.0,0.0,1.0,0.0,0.0,0.0,0.0,0.0,0.0,0.01,0.0,0.0,0.0,0.0,0.0,0.0,0.015151515151515152,0.0,0.0,0.0,0.0,0.0,0.0,0.015151515151515152,66.0
PLAIN-681,1,0.0,0.0,0.0,0.0,0.0,0.18003132665669264,0.18003132665669264,0.0,0.0,0.0,0.0,0.0,1.0,1.0,0.0,0.0,0.0,0.0,0.0,0.02,0.01,0.0,0.0,0.0,0.0,0.0,0.021739130434782608,0.021739130434782608,0.0,0.0,0.0,0.0,0.0,0.021739130434782608,0.021739130434782608,46.0
PLAIN-691,21,0.0,0.0,0.0,0.0,0.0,0.0,0.0,0.0,0.0,0.0,0.0,0.0,0.0,0.0,0.0,0.0,0.0,0.0,0.0,0.0,0.0,0.0,0.0,0.0,0.0,0.0,0.0,0.0,0.0,0.0,0.0,0.0,0.0,0.0,0.0,
PLAIN-701,8,0.0,0.5307212739772434,0.5147714448836774,0.4682262573997711,0.4682262573997711,0.4682262573997711,0.4682262573997711,0.0,0.25,0.375,0.5,0.5,0.5,0.5,0.0,0.6666666666666666,0.6,0.4,0.2,0.08,0.04,0.0,0.5,0.5,0.5,0.5,0.5,0.5,0.0,0.14583333333333331,0.22083333333333333,0.2922619047619047,0.2922619047619047,0.2922619047619047,0.2922619047619047,2.0
PLAIN-711,57,1.0,0.46927872602275644,0.3391602052736161,0.2200917662980802,0.1420400396336573,0.11113911290894415,0.12375554848548305,0.017543859649122806,0.017543859649122806,0.017543859649122806,0.017543859649122806,0.017543859649122806,0.05263157894736842,0.08771929824561403,1.0,0.3333333333333333,0.2,0.1,0.05,0.06,0.05,1.0,1.0,1.0,1.0,1.0,1.0,1.0,0.017543859649122806,0.017543859649122806,0.017543859649122806,0.017543859649122806,0.017543859649122806,0.021262395118230356,0.023147502016661707,1.0
PLAIN-721,25,1.0,1.0,1.0,0.9363792118010483,0.6761748669700064,0.6118955076602562,0.6689202645181213,0.04,0.12,0.2,0.36,0.44,0.48,0.6,1.0,1.0,1.0,0.9,0.55,0.24,0.15,1.0,1.0,1.0,1.0,1.0,1.0,1.0,0.04,0.12,0.2,0.36,0.41790476190476183,0.43790476190476185,0.45702164502164494,1.0
PLAIN-731,54,1.0,0.46927872602275644,0.4703652827859579,0.3836331529183765,0.2810218020649737,0.21200025932595928,0.22626141786381548,0.018518518518518517,0.018518518518518517,0.037037037037037035,0.05555555555555555,0.07407407407407407,0.14814814814814814,0.18518518518518517,1.0,0.3333333333333333,0.4,0.3,0.2,0.16,0.1,1.0,1.0,1.0,1.0,1.0,1.0,1.0,0.018518518518518517,0.018518518518518517,0.025925925925925925,0.03518518518518518,0.03930041152263374,0.051604438878843535,0.057777278385016374,1.0
PLAIN-741,19,0.0,0.0,0.0,0.0,0.0,0.0,0.02402984180833839,0.0,0.0,0.0,0.0,0.0,0.0,0.05263157894736842,0.0,0.0,0.0,0.0,0.0,0.0,0.01,0.0,0.0,0.0,0.0,0.0,0.0,0.014705882352941176,0.0,0.0,0.0,0.0,0.0,0.0,0.0007739938080495355,68.0
PLAIN-751,7,0.0,0.0,0.0,0.0,0.0,0.0,0.0,0.0,0.0,0.0,0.0,0.0,0.0,0.0,0.0,0.0,0.0,0.0,0.0,0.0,0.0,0.0,0.0,0.0,0.0,0.0,0.0,0.0,0.0,0.0,0.0,0.0,0.0,0.0,0.0,
PLAIN-761,6,0.0,0.0,0.0,0.0,0.0,0.0,0.047338452314727386,0.0,0.0,0.0,0.0,0.0,0.0,0.16666666666666666,0.0,0.0,0.0,0.0,0.0,0.0,0.01,0.0,0.0,0.0,0.0,0.0,0.0,0.012048192771084338,0.0,0.0,0.0,0.0,0.0,0.0,0.0020080321285140565,83.0
PLAIN-771,3,1.0,0.46927872602275644,0.46927872602275644,0.6257049680303419,0.6257049680303419,0.7223045073231944,0.7223045073231944,0.3333333333333333,0.3333333333333333,0.3333333333333333,0.6666666666666666,0.6666666666666666,1.0,1.0,1.0,0.3333333333333333,0.2,0.2,0.1,0.06,0.03,1.0,1.0,1.0,1.0,1.0,1.0,1.0,0.3333333333333333,0.3333333333333333,0.3333333333333333,0.42857142857142855,0.42857142857142855,0.46428571428571425,0.46428571428571425,1.0
PLAIN-782,2,0.0,0.0,0.0,0.0,0.0,0.0,0.0,0.0,0.0,0.0,0.0,0.0,0.0,0.0,0.0,0.0,0.0,0.0,0.0,0.0,0.0,0.0,0.0,0.0,0.0,0.0,0.0,0.0,0.0,0.0,0.0,0.0,0.0,0.0,0.0,
PLAIN-792,6,0.0,0.0,0.0,0.09546043308946733,0.09546043308946733,0.1527129185141154,0.2022506449552428,0.0,0.0,0.0,0.16666666666666666,0.16666666666666666,0.3333333333333333,0.5,0.0,0.0,0.0,0.1,0.05,0.04,0.03,0.0,0.0,0.0,0.125,0.125,0.125,0.125,0.0,0.0,0.0,0.020833333333333332,0.020833333333333332,0.029605263157894735,0.03695820433436533,8.0
PLAIN-806,96,1.0,1.0,0.8687949224876582,0.6936634693435664,0.5245955713560421,0.3141978437855473,0.21539432097107988,0.010416666666666666,0.03125,0.041666666666666664,0.0625,0.08333333333333333,0.10416666666666667,0.125,1.0,1.0,0.8,0.6,0.4,0.2,0.12,1.0,1.0,1.0,1.0,1.0,1.0,1.0,0.010416666666666666,0.03125,0.041666666666666664,0.0537037037037037,0.06674274799274799,0.07099622021497021,0.07455014178359766,1.0
PLAIN-817,1,0.0,0.0,0.0,0.0,0.0,0.0,0.0,0.0,0.0,0.0,0.0,0.0,0.0,0.0,0.0,0.0,0.0,0.0,0.0,0.0,0.0,0.0,0.0,0.0,0.0,0.0,0.0,0.0,0.0,0.0,0.0,0.0,0.0,0.0,0.0,
PLAIN-827,244,0.0,0.5307212739772434,0.38356636737133565,0.4701017400374073,0.3406950638407913,0.29628098847377254,0.2591412395920723,0.0,0.00819672131147541,0.00819672131147541,0.020491803278688523,0.02459016393442623,0.05327868852459016,0.0942622950819672,0.0,0.6666666666666666,0.4,0.5,0.3,0.26,0.23,0.0,0.5,0.5,0.5,0.5,0.5,0.5,0.0,0.004781420765027322,0.004781420765027322,0.011733996877439501,0.013625547949318442,0.023107226398683303,0.03312694467465445,2.0
PLAIN-838,9,1.0,0.7653606369886217,0.830419897363192,0.6462551795369942,0.6462551795369942,0.6885707416228352,0.6885707416228352,0.1111111111111111,0.2222222222222222,0.4444444444444444,0.5555555555555556,0.5555555555555556,0.6666666666666666,0.6666666666666666,1.0,0.6666666666666666,0.8,0.5,0.25,0.12,0.06,1.0,1.0,1.0,1.0,1.0,1.0,1.0,0.1111111111111111,0.2222222222222222,0.39444444444444443,0.4561728395061728,0.4561728395061728,0.4706655931293612,0.4706655931293612,1.0
PLAIN-850,57,0.0,0.2960819109658652,0.21398626473452756,0.2172607128522299,0.17365046156267397,0.12513039353417796,0.12566586775757496,0.0,0.017543859649122806,0.017543859649122806,0.03508771929824561,0.05263157894736842,0.08771929824561403,0.10526315789473684,0.0,0.3333333333333333,0.2,0.2,0.15,0.1,0.06,0.0,0.5,0.5,0.5,0.5,0.5,0.5,0.0,0.008771929824561403,0.008771929824561403,0.014619883040935672,0.017543859649122806,0.022192232718548508,0.023559286717181452,2.0
PLAIN-872,1,0.0,0.0,0.0,0.0,0.0,0.0,0.0,0.0,0.0,0.0,0.0,0.0,0.0,0.0,0.0,0.0,0.0,0.0,0.0,0.0,0.0,0.0,0.0,0.0,0.0,0.0,0.0,0.0,0.0,0.0,0.0,0.0,0.0,0.0,0.0,
PLAIN-882,15,0.0,0.0,0.0,0.0,0.0,0.06223073684015297,0.11639757050050688,0.0,0.0,0.0,0.0,0.0,0.13333333333333333,0.26666666666666666,0.0,0.0,0.0,0.0,0.0,0.04,0.04,0.0,0.0,0.0,0.0,0.0,0.025,0.025,0.0,0.0,0.0,0.0,0.0,0.0044444444444444444,0.010336917562724014,40.0
PLAIN-892,92,0.0,0.2960819109658652,0.21398626473452756,0.2719144540092836,0.2524125276141645,0.20119934158552988,0.1803734685480515,0.0,0.010869565217391304,0.010869565217391304,0.03260869565217391,0.05434782608695652,0.09782608695652174,0.16304347826086957,0.0,0.3333333333333333,0.2,0.3,0.25,0.18,0.15,0.0,0.5,0.5,0.5,0.5,0.5,0.5,0.0,0.005434782608695652,0.005434782608695652,0.01141304347826087,0.019546214654910306,0.03070422607757201,0.04156315202991072,2.0
PLAIN-902,4,1.0,0.7039180890341347,0.5855700749881525,0.5855700749881525,0.5855700749881525,0.5855700749881525,0.5855700749881525,0.25,0.5,0.5,0.5,0.5,0.5,0.5,1.0,0.6666666666666666,0.4,0.2,0.1,0.04,0.02,1.0,1.0,1.0,1.0,1.0,1.0,1.0,0.25,0.41666666666666663,0.41666666666666663,0.41666666666666663,0.41666666666666663,0.41666666666666663,0.41666666666666663,1.0
PLAIN-913,34,0.0,0.0,0.27727342735504823,0.2583297509898471,0.2030738744131736,0.18473391458963326,0.23242821914175063,0.0,0.0,0.058823529411764705,0.08823529411764706,0.11764705882352941,0.17647058823529413,0.2647058823529412,0.0,0.0,0.4,0.3,0.2,0.12,0.09,0.0,0.0,0.25,0.25,0.25,0.25,0.25,0.0,0.0,0.01911764705882353,0.033823529411764704,0.04222689075630252,0.05339022800659629,0.06225625634349113,4.0
PLAIN-924,32,1.0,0.46927872602275644,0.3391602052736161,0.2200917662980802,0.1420400396336573,0.1253412459371932,0.1590529714257132,0.03125,0.03125,0.03125,0.03125,0.03125,0.0625,0.125,1.0,0.3333333333333333,0.2,0.1,0.05,0.04,0.04,1.0,1.0,1.0,1.0,1.0,1.0,1.0,0.03125,0.03125,0.03125,0.03125,0.03125,0.033203125,0.03616180847338936,1.0
PLAIN-934,101,0.0,0.23463936301137822,0.3156484524795145,0.4228506620510154,0.4180094920682372,0.2590485437055707,0.2438964638709312,0.0,0.009900990099009901,0.019801980198019802,0.04950495049504951,0.0891089108910891,0.10891089108910891,0.21782178217821782,0.0,0.3333333333333333,0.4,0.5,0.45,0.22,0.22,0.0,0.3333333333333333,0.3333333333333333,0.3333333333333333,0.3333333333333333,0.3333333333333333,0.3333333333333333,0.0,0.0033003300330033,0.00825082508250825,0.02435957881502436,0.04499241132904499,0.0515897444494538,0.07598722158936268,3.0
PLAIN-946,31,0.0,0.0,0.14606834984270645,0.09478836436955079,0.09461080676274534,0.07115095927311982,0.08773027019041703,0.0,0.0,0.03225806451612903,0.03225806451612903,0.06451612903225806,0.06451612903225806,0.0967741935483871,0.0,0.0,0.2,0.1,0.1,0.04,0.03,0.0,0.0,0.25,0.25,0.25,0.25,0.25,0.0,0.0,0.008064516129032258,0.008064516129032258,0.011648745519713262,0.011648745519713262,0.012774026840043345,4.0
PLAIN-956,206,1.0,0.7653606369886217,0.5531464700081437,0.5036067026046992,0.4309348513347555,0.3246121603474271,0.27008184141686864,0.0048543689320388345,0.009708737864077669,0.009708737864077669,0.019417475728155338,0.03398058252427184,0.06310679611650485,0.10679611650485436,1.0,0.6666666666666666,0.4,0.4,0.35,0.26,0.22,1.0,1.0,1.0,1.0,1.0,1.0,1.0,0.0048543689320388345,0.009708737864077669,0.009708737864077669,0.01429341963322546,0.019906525655120445,0.028214525627180458,0.0394185701588575,1.0
PLAIN-966,3,0.0,0.0,0.0,0.0,0.0,0.0,0.0,0.0,0.0,0.0,0.0,0.0,0.0,0.0,0.0,0.0,0.0,0.0,0.0,0.0,0.0,0.0,0.0,0.0,0.0,0.0,0.0,0.0,0.0,0.0,0.0,0.0,0.0,0.0,0.0,
PLAIN-977,3,0.0,0.0,0.0,0.0,0.0,0.08358022748310114,0.08358022748310114,0.0,0.0,0.0,0.0,0.0,0.3333333333333333,0.3333333333333333,0.0,0.0,0.0,0.0,0.0,0.02,0.01,0.0,0.0,0.0,0.0,0.0,0.020833333333333332,0.020833333333333332,0.0,0.0,0.0,0.0,0.0,0.006944444444444444,0.006944444444444444,48.0
PLAIN-987,3,0.0,0.0,0.0,0.14126697285982898,0.14126697285982898,0.14126697285982898,0.14126697285982898,0.0,0.0,0.0,0.3333333333333333,0.3333333333333333,0.3333333333333333,0.3333333333333333,0.0,0.0,0.0,0.1,0.05,0.02,0.01,0.0,0.0,0.0,0.1111111111111111,0.1111111111111111,0.1111111111111111,0.1111111111111111,0.0,0.0,0.0,0.037037037037037035,0.037037037037037035,0.037037037037037035,0.037037037037037035,9.0
PLAIN-997,2,0.0,0.0,0.0,0.0,0.0,0.0,0.10704534003732354,0.0,0.0,0.0,0.0,0.0,0.0,0.5,0.0,0.0,0.0,0.0,0.0,0.0,0.01,0.0,0.0,0.0,0.0,0.0,0.0,0.019230769230769232,0.0,0.0,0.0,0.0,0.0,0.0,0.009615384615384616,52.0
PLAIN-1008,5,0.0,0.0,0.0,0.0,0.0,0.0,0.0,0.0,0.0,0.0,0.0,0.0,0.0,0.0,0.0,0.0,0.0,0.0,0.0,0.0,0.0,0.0,0.0,0.0,0.0,0.0,0.0,0.0,0.0,0.0,0.0,0.0,0.0,0.0,0.0,
PLAIN-1018,60,0.0,0.0,0.0,0.06625422345438904,0.04275831251503157,0.02333976076433925,0.042269714752950834,0.0,0.0,0.0,0.016666666666666666,0.016666666666666666,0.016666666666666666,0.05,0.0,0.0,0.0,0.1,0.05,0.02,0.03,0.0,0.0,0.0,0.1111111111111111,0.1111111111111111,0.1111111111111111,0.1111111111111111,0.0,0.0,0.0,0.0018518518518518517,0.0018518518518518517,0.0018518518518518517,0.0029121136716073423,9.0
PLAIN-1028,1,0.0,0.0,0.0,0.0,0.0,0.0,0.0,0.0,0.0,0.0,0.0,0.0,0.0,0.0,0.0,0.0,0.0,0.0,0.0,0.0,0.0,0.0,0.0,0.0,0.0,0.0,0.0,0.0,0.0,0.0,0.0,0.0,0.0,0.0,0.0,
PLAIN-1039,2,1.0,0.6131471927654584,0.6131471927654584,0.6131471927654584,0.6131471927654584,0.6131471927654584,0.6131471927654584,0.5,0.5,0.5,0.5,0.5,0.5,0.5,1.0,0.3333333333333333,0.2,0.1,0.05,0.02,0.01,1.0,1.0,1.0,1.0,1.0,1.0,1.0,0.5,0.5,0.5,0.5,0.5,0.5,0.5,1.0
PLAIN-1050,94,0.0,0.0,0.0,0.0,0.0,0.0,0.023958742784671208,0.0,0.0,0.0,0.0,0.0,0.0,0.031914893617021274,0.0,0.0,0.0,0.0,0.0,0.0,0.03,0.0,0.0,0.0,0.0,0.0,0.0,0.017543859649122806,0.0,0.0,0.0,0.0,0.0,0.0,0.0007926333911824522,57.0
PLAIN-1066,9,0.0,0.0,0.0,0.0,0.0,0.0,0.0,0.0,0.0,0.0,0.0,0.0,0.0,0.0,0.0,0.0,0.0,0.0,0.0,0.0,0.0,0.0,0.0,0.0,0.0,0.0,0.0,0.0,0.0,0.0,0.0,0.0,0.0,0.0,0.0,
PLAIN-1088,5,1.0,0.46927872602275644,0.3391602052736161,0.3391602052736161,0.3391602052736161,0.3391602052736161,0.39207634171356215,0.2,0.2,0.2,0.2,0.2,0.2,0.4,1.0,0.3333333333333333,0.2,0.1,0.05,0.02,0.02,1.0,1.0,1.0,1.0,1.0,1.0,1.0,0.2,0.2,0.2,0.2,0.2,0.2,0.20476190476190476,1.0
PLAIN-1098,5,0.0,0.0,0.0,0.0,0.0,0.0684591776394769,0.0684591776394769,0.0,0.0,0.0,0.0,0.0,0.2,0.2,0.0,0.0,0.0,0.0,0.0,0.02,0.01,0.0,0.0,0.0,0.0,0.0,0.03333333333333333,0.03333333333333333,0.0,0.0,0.0,0.0,0.0,0.006666666666666666,0.006666666666666666,30.0
PLAIN-1109,98,1.0,0.46927872602275644,0.6164336326286644,0.400023248309252,0.258161943083675,0.18825641897329232,0.1480885316109531,0.01020408163265306,0.01020408163265306,0.030612244897959183,0.030612244897959183,0.030612244897959183,0.061224489795918366,0.10204081632653061,1.0,0.3333333333333333,0.6,0.3,0.15,0.12,0.1,1.0,1.0,1.0,1.0,1.0,1.0,1.0,0.01020408163265306,0.01020408163265306,0.02142857142857143,0.02142857142857143,0.02142857142857143,0.026584062196307094,0.030811312937312,1.0
PLAIN-1119,11,0.0,0.0,0.0,0.0,0.0,0.0,0.0,0.0,0.0,0.0,0.0,0.0,0.0,0.0,0.0,0.0,0.0,0.0,0.0,0.0,0.0,0.0,0.0,0.0,0.0,0.0,0.0,0.0,0.0,0.0,0.0,0.0,0.0,0.0,0.0,
PLAIN-1130,1,1.0,1.0,1.0,1.0,1.0,1.0,1.0,1.0,1.0,1.0,1.0,1.0,1.0,1.0,1.0,0.3333333333333333,0.2,0.1,0.05,0.02,0.01,1.0,1.0,1.0,1.0,1.0,1.0,1.0,1.0,1.0,1.0,1.0,1.0,1.0,1.0,1.0
PLAIN-1141,16,0.0,0.0,0.14606834984270645,0.15840915256850252,0.15714937444755167,0.18631800139421975,0.21277648584703507,0.0,0.0,0.0625,0.125,0.1875,0.25,0.3125,0.0,0.0,0.2,0.2,0.15,0.08,0.05,0.0,0.0,0.25,0.25,0.25,0.25,0.25,0.0,0.0,0.015625,0.028125,0.03915441176470588,0.04436274509803922,0.048703022875816994,4.0
PLAIN-1151,153,1.0,0.7039180890341347,0.5087403079104241,0.4729327934832576,0.4488078812408434,0.3372492584628836,0.2765842286140136,0.006535947712418301,0.013071895424836602,0.013071895424836602,0.026143790849673203,0.05228758169934641,0.0915032679738562,0.1503267973856209,1.0,0.6666666666666666,0.4,0.4,0.4,0.28,0.23,1.0,1.0,1.0,1.0,1.0,1.0,1.0,0.006535947712418301,0.010893246187363833,0.010893246187363833,0.016962340491752253,0.02834580137211716,0.042159213467348924,0.056867751157926937,1.0
PLAIN-1161,1,0.0,0.0,0.0,0.0,0.0,0.0,0.0,0.0,0.0,0.0,0.0,0.0,0.0,0.0,0.0,0.0,0.0,0.0,0.0,0.0,0.0,0.0,0.0,0.0,0.0,0.0,0.0,0.0,0.0,0.0,0.0,0.0,0.0,0.0,0.0,
PLAIN-1172,19,0.0,0.0,0.0,0.0,0.0,0.0,0.02475019007317303,0.0,0.0,0.0,0.0,0.0,0.0,0.05263157894736842,0.0,0.0,0.0,0.0,0.0,0.0,0.01,0.0,0.0,0.0,0.0,0.0,0.0,0.016666666666666666,0.0,0.0,0.0,0.0,0.0,0.0,0.0008771929824561404,60.0
PLAIN-1183,25,0.0,0.0,0.0,0.0,0.0,0.05013621162902801,0.0898763319431059,0.0,0.0,0.0,0.0,0.0,0.08,0.16,0.0,0.0,0.0,0.0,0.0,0.04,0.04,0.0,0.0,0.0,0.0,0.0,0.03571428571428571,0.03571428571428571,0.0,0.0,0.0,0.0,0.0,0.004095238095238095,0.007922916326271264,28.0
PLAIN-1193,18,0.0,0.0,0.0,0.0,0.0399089436650413,0.06791117355357473,0.16710785005073941,0.0,0.0,0.0,0.0,0.05555555555555555,0.1111111111111111,0.3333333333333333,0.0,0.0,0.0,0.0,0.05,0.04,0.06,0.0,0.0,0.0,0.0,0.07692307692307693,0.07692307692307693,0.07692307692307693,0.0,0.0,0.0,0.0,0.004273504273504274,0.006919006919006919,0.020856552320185903,13.0
PLAIN-1203,12,0.0,0.2960819109658652,0.21398626473452756,0.13886244387355456,0.12388806404564569,0.12388806404564569,0.15551048299900883,0.0,0.08333333333333333,0.08333333333333333,0.08333333333333333,0.08333333333333333,0.08333333333333333,0.16666666666666666,0.0,0.3333333333333333,0.2,0.1,0.05,0.02,0.02,0.0,0.5,0.5,0.5,0.5,0.5,0.5,0.0,0.041666666666666664,0.041666666666666664,0.041666666666666664,0.041666666666666664,0.041666666666666664,0.043949771689497714,2.0
PLAIN-1214,17,0.0,0.0,0.0,0.0,0.07718674036320461,0.10525306527675185,0.10525306527675185,0.0,0.0,0.0,0.0,0.11764705882352941,0.17647058823529413,0.17647058823529413,0.0,0.0,0.0,0.0,0.1,0.06,0.03,0.0,0.0,0.0,0.0,0.06666666666666667,0.06666666666666667,0.06666666666666667,0.0,0.0,0.0,0.0,0.010841983852364475,0.01451845444059977,0.01451845444059977,15.0
PLAIN-1225,27,1.0,0.7653606369886217,0.6843515475204855,0.513528549750033,0.36692456841907267,0.34833488339857815,0.36761548222999024,0.037037037037037035,0.07407407407407407,0.1111111111111111,0.14814814814814814,0.18518518518518517,0.25925925925925924,0.2962962962962963,1.0,0.6666666666666666,0.6,0.4,0.25,0.14,0.08,1.0,1.0,1.0,1.0,1.0,1.0,1.0,0.037037037037037035,0.07407407407407407,0.0962962962962963,0.11481481481481481,0.1271604938271605,0.1419196138494384,0.14640895167210957,1.0
PLAIN-1236,5,0.0,0.0,0.0,0.09803928583135704,0.09803928583135704,0.09803928583135704,0.09803928583135704,0.0,0.0,0.0,0.2,0.2,0.2,0.2,0.0,0.0,0.0,0.1,0.05,0.02,0.01,0.0,0.0,0.0,0.1,0.1,0.1,0.1,0.0,0.0,0.0,0.02,0.02,0.02,0.02,10.0
PLAIN-1249,4,0.0,0.0,0.0,0.0,0.0,0.0,0.0,0.0,0.0,0.0,0.0,0.0,0.0,0.0,0.0,0.0,0.0,0.0,0.0,0.0,0.0,0.0,0.0,0.0,0.0,0.0,0.0,0.0,0.0,0.0,0.0,0.0,0.0,0.0,0.0,
PLAIN-1262,10,1.0,0.46927872602275644,0.3391602052736161,0.2200917662980802,0.2764260200766403,0.2764260200766403,0.3127083363083723,0.1,0.1,0.1,0.1,0.2,0.2,0.3,1.0,0.3333333333333333,0.2,0.1,0.1,0.04,0.03,1.0,1.0,1.0,1.0,1.0,1.0,1.0,0.1,0.1,0.1,0.1,0.11428571428571428,0.11428571428571428,0.11883116883116882,1.0
PLAIN-1275,55,1.0,0.7039180890341347,0.5087403079104241,0.3301376494471203,0.21306005945048592,0.13260547085221563,0.15797341032958187,0.01818181818181818,0.03636363636363636,0.03636363636363636,0.03636363636363636,0.03636363636363636,0.05454545454545454,0.10909090909090909,1.0,0.6666666666666666,0.4,0.2,0.1,0.06,0.06,1.0,1.0,1.0,1.0,1.0,1.0,1.0,0.01818181818181818,0.0303030303030303,0.0303030303030303,0.0303030303030303,0.0303030303030303,0.0324009324009324,0.03550346939881824,1.0
PLAIN-1288,196,0.0,0.2960819109658652,0.36005461457723403,0.29990503169749444,0.1935489150964069,0.1368202658839715,0.11450305966429282,0.0,0.00510204081632653,0.01020408163265306,0.015306122448979591,0.015306122448979591,0.025510204081632654,0.04591836734693878,0.0,0.3333333333333333,0.4,0.3,0.15,0.1,0.09,0.0,0.5,0.5,0.5,0.5,0.5,0.5,0.0,0.002551020408163265,0.00510204081632653,0.006802721088435374,0.006802721088435374,0.00830364473375557,0.010217304934678045,2.0
PLAIN-1299,61,0.0,0.0,0.0,0.0,0.0,0.0,0.010497940461285046,0.0,0.0,0.0,0.0,0.0,0.0,0.01639344262295082,0.0,0.0,0.0,0.0,0.0,0.0,0.01,0.0,0.0,0.0,0.0,0.0,0.0,0.011627906976744186,0.0,0.0,0.0,0.0,0.0,0.0,0.00019062142584826535,86.0
PLAIN-1309,4,0.0,0.0,0.0,0.0,0.0,0.0,0.0,0.0,0.0,0.0,0.0,0.0,0.0,0.0,0.0,0.0,0.0,0.0,0.0,0.0,0.0,0.0,0.0,0.0,0.0,0.0,0.0,0.0,0.0,0.0,0.0,0.0,0.0,0.0,0.0,
PLAIN-1320,6,0.0,0.0,0.0,0.0,0.07001560573318603,0.07001560573318603,0.07001560573318603,0.0,0.0,0.0,0.0,0.16666666666666666,0.16666666666666666,0.16666666666666666,0.0,0.0,0.0,0.0,0.05,0.02,0.01,0.0,0.0,0.0,0.0,0.05263157894736842,0.05263157894736842,0.05263157894736842,0.0,0.0,0.0,0.0,0.008771929824561403,0.008771929824561403,0.008771929824561403,19.0
PLAIN-1331,1,0.0,0.0,0.0,0.0,0.0,0.0,0.0,0.0,0.0,0.0,0.0,0.0,0.0,0.0,0.0,0.0,0.0,0.0,0.0,0.0,0.0,0.0,0.0,0.0,0.0,0.0,0.0,0.0,0.0,0.0,0.0,0.0,0.0,0.0,0.0,
PLAIN-1342,16,1.0,0.46927872602275644,0.4703652827859579,0.37859880603906126,0.2817206930630349,0.3165628326664228,0.3165628326664228,0.0625,0.0625,0.125,0.1875,0.1875,0.25,0.25,1.0,0.3333333333333333,0.4,0.3,0.15,0.08,0.04,1.0,1.0,1.0,1.0,1.0,1.0,1.0,0.0625,0.0625,0.0875,0.11428571428571428,0.11428571428571428,0.12428571428571428,0.12428571428571428,1.0
PLAIN-1353,4,0.0,0.0,0.0,0.0,0.0,0.0,0.0,0.0,0.0,0.0,0.0,0.0,0.0,0.0,0.0,0.0,0.0,0.0,0.0,0.0,0.0,0.0,0.0,0.0,0.0,0.0,0.0,0.0,0.0,0.0,0.0,0.0,0.0,0.0,0.0,
PLAIN-1363,11,0.0,0.0,0.0,0.0,0.0,0.0,0.03156252454798551,0.0,0.0,0.0,0.0,0.0,0.0,0.09090909090909091,0.0,0.0,0.0,0.0,0.0,0.0,0.01,0.0,0.0,0.0,0.0,0.0,0.0,0.010638297872340425,0.0,0.0,0.0,0.0,0.0,0.0,0.0009671179883945841,94.0
PLAIN-1374,26,0.0,0.0,0.0,0.0,0.0,0.02649996754880397,0.06343137027973203,0.0,0.0,0.0,0.0,0.0,0.038461538461538464,0.11538461538461539,0.0,0.0,0.0,0.0,0.0,0.02,0.03,0.0,0.0,0.0,0.0,0.0,0.045454545454545456,0.045454545454545456,0.0,0.0,0.0,0.0,0.0,0.0017482517482517483,0.003904428904428904,22.0
PLAIN-1387,12,0.0,0.2960819109658652,0.21398626473452756,0.13886244387355456,0.12388806404564569,0.16216981515015802,0.16216981515015802,0.0,0.08333333333333333,0.08333333333333333,0.08333333333333333,0.08333333333333333,0.16666666666666666,0.16666666666666666,0.0,0.3333333333333333,0.2,0.1,0.05,0.04,0.02,0.0,0.5,0.5,0.5,0.5,0.5,0.5,0.0,0.041666666666666664,0.041666666666666664,0.041666666666666664,0.041666666666666664,0.04656862745098039,0.04656862745098039,2.0
PLAIN-1398,103,1.0,0.7653606369886217,0.830419897363192,0.6758704024811183,0.6451949445327321,0.428936206573488,0.31165820167607705,0.009708737864077669,0.019417475728155338,0.038834951456310676,0.05825242718446602,0.11650485436893204,0.1650485436893204,0.22330097087378642,1.0,0.6666666666666666,0.8,0.6,0.6,0.34,0.23,1.0,1.0,1.0,1.0,1.0,1.0,1.0,0.009708737864077669,0.019417475728155338,0.03446601941747573,0.047226074895977806,0.08130463818980155,0.10381346499389818,0.12214053543502056,1.0
PLAIN-1409,253,0.0,0.0,0.0,0.06625422345438904,0.1800184972962416,0.18947669971146908,0.19455321164116313,0.0,0.0,0.0,0.003952569169960474,0.019762845849802372,0.043478260869565216,0.08300395256916997,0.0,0.0,0.0,0.1,0.25,0.22,0.21,0.0,0.0,0.0,0.1111111111111111,0.1111111111111111,0.1111111111111111,0.1111111111111111,0.0,0.0,0.0,0.00043917435221783044,0.0036086307539396783,0.00948858522202209,0.018663607879395444,9.0
PLAIN-1419,65,0.0,0.2960819109658652,0.21398626473452756,0.20829366581033185,0.1344259308050152,0.10355269571377276,0.13808745611864676,0.0,0.015384615384615385,0.015384615384615385,0.03076923076923077,0.03076923076923077,0.06153846153846154,0.13846153846153847,0.0,0.3333333333333333,0.2,0.2,0.1,0.08,0.09,0.0,0.5,0.5,0.5,0.5,0.5,0.5,0.0,0.007692307692307693,0.007692307692307693,0.011538461538461539,0.011538461538461539,0.014646728483740368,0.02153889226220838,2.0
PLAIN-1429,6,0.0,0.0,0.0,0.0,0.0,0.0,0.0,0.0,0.0,0.0,0.0,0.0,0.0,0.0,0.0,0.0,0.0,0.0,0.0,0.0,0.0,0.0,0.0,0.0,0.0,0.0,0.0,0.0,0.0,0.0,0.0,0.0,0.0,0.0,0.0,
PLAIN-1441,186,0.0,0.23463936301137822,0.4468535299918563,0.2899773651602119,0.26188284942076806,0.21562592431207792,0.16324954839432576,0.0,0.005376344086021506,0.016129032258064516,0.016129032258064516,0.026881720430107527,0.053763440860215055,0.07526881720430108,0.0,0.3333333333333333,0.6,0.3,0.25,0.2,0.14,0.0,0.3333333333333333,0.3333333333333333,0.3333333333333333,0.3333333333333333,0.3333333333333333,0.3333333333333333,0.0,0.0017921146953405018,0.007706093189964156,0.007706093189964156,0.01141833077316948,0.016808919295834765,0.020299699540354935,3.0
PLAIN-1453,245,0.0,0.0,0.0,0.0,0.03286497056757699,0.03197622554854818,0.08966167310782033,0.0,0.0,0.0,0.0,0.004081632653061225,0.00816326530612245,0.044897959183673466,0.0,0.0,0.0,0.0,0.05,0.04,0.11,0.0,0.0,0.0,0.0,0.05263157894736842,0.05263157894736842,0.05263157894736842,0.0,0.0,0.0,0.0,0.00021482277121374864,0.00039622866690535867,0.003919401835066097,19.0
PLAIN-1463,24,1.0,0.46927872602275644,0.3391602052736161,0.2200917662980802,0.1420400396336573,0.17216033673864617,0.17216033673864617,0.041666666666666664,0.041666666666666664,0.041666666666666664,0.041666666666666664,0.041666666666666664,0.125,0.125,1.0,0.3333333333333333,0.2,0.1,0.05,0.06,0.03,1.0,1.0,1.0,1.0,1.0,1.0,1.0,0.041666666666666664,0.041666666666666664,0.041666666666666664,0.041666666666666664,0.041666666666666664,0.04631036811887876,0.04631036811887876,1.0
PLAIN-1473,1,0.0,0.0,0.0,0.0,0.0,0.0,0.0,0.0,0.0,0.0,0.0,0.0,0.0,0.0,0.0,0.0,0.0,0.0,0.0,0.0,0.0,0.0,0.0,0.0,0.0,0.0,0.0,0.0,0.0,0.0,0.0,0.0,0.0,0.0,0.0,
PLAIN-1485,54,0.0,0.0,0.0,0.0,0.0,0.014774023995642555,0.026627948507014196,0.0,0.0,0.0,0.0,0.0,0.018518518518518517,0.037037037037037035,0.0,0.0,0.0,0.0,0.0,0.02,0.02,0.0,0.0,0.0,0.0,0.0,0.02702702702702703,0.02702702702702703,0.0,0.0,0.0,0.0,0.0,0.0005005005005005005,0.0011618761618761618,37.0
PLAIN-1496,1,0.0,0.0,0.0,0.0,0.0,0.0,0.0,0.0,0.0,0.0,0.0,0.0,0.0,0.0,0.0,0.0,0.0,0.0,0.0,0.0,0.0,0.0,0.0,0.0,0.0,0.0,0.0,0.0,0.0,0.0,0.0,0.0,0.0,0.0,0.0,
PLAIN-1506,15,0.0,0.2960819109658652,0.21398626473452756,0.13886244387355456,0.10764243204553911,0.10764243204553911,0.10764243204553911,0.0,0.06666666666666667,0.06666666666666667,0.06666666666666667,0.06666666666666667,0.06666666666666667,0.06666666666666667,0.0,0.3333333333333333,0.2,0.1,0.05,0.02,0.01,0.0,0.5,0.5,0.5,0.5,0.5,0.5,0.0,0.03333333333333333,0.03333333333333333,0.03333333333333333,0.03333333333333333,0.03333333333333333,0.03333333333333333,2.0
PLAIN-1516,2,0.0,0.0,0.0,0.0,0.0,0.0,0.10704534003732354,0.0,0.0,0.0,0.0,0.0,0.0,0.5,0.0,0.0,0.0,0.0,0.0,0.0,0.01,0.0,0.0,0.0,0.0,0.0,0.0,0.019230769230769232,0.0,0.0,0.0,0.0,0.0,0.0,0.009615384615384616,52.0
PLAIN-1527,202,1.0,0.7039180890341347,0.5087403079104241,0.47215670662474735,0.4085712734412269,0.3258759975049888,0.24716986527229667,0.0049504950495049506,0.009900990099009901,0.009900990099009901,0.019801980198019802,0.034653465346534656,0.06930693069306931,0.09900990099009901,1.0,0.6666666666666666,0.4,0.4,0.35,0.28,0.2,1.0,1.0,1.0,1.0,1.0,1.0,1.0,0.0049504950495049506,0.00825082508250825,0.00825082508250825,0.012706270627062704,0.0181467306394505,0.02800832876791638,0.03527322175111957,1.0
PLAIN-1537,45,1.0,0.7653606369886217,0.6992148198508501,0.5933607200949347,0.4505507778743955,0.2976533593182314,0.2976533593182314,0.022222222222222223,0.044444444444444446,0.06666666666666667,0.1111111111111111,0.15555555555555556,0.2,0.2,1.0,0.6666666666666666,0.6,0.5,0.35,0.18,0.09,1.0,1.0,1.0,1.0,1.0,1.0,1.0,0.022222222222222223,0.044444444444444446,0.06111111111111111,0.08615520282186948,0.10267567065812679,0.11504993966397474,0.11504993966397474,1.0
PLAIN-1547,6,0.0,0.0,0.0,0.0,0.0,0.0,0.0,0.0,0.0,0.0,0.0,0.0,0.0,0.0,0.0,0.0,0.0,0.0,0.0,0.0,0.0,0.0,0.0,0.0,0.0,0.0,0.0,0.0,0.0,0.0,0.0,0.0,0.0,0.0,0.0,
PLAIN-1557,26,0.0,0.0,0.0,0.0,0.0,0.0,0.019245101037123267,0.0,0.0,0.0,0.0,0.0,0.0,0.038461538461538464,0.0,0.0,0.0,0.0,0.0,0.0,0.01,0.0,0.0,0.0,0.0,0.0,0.0,0.013513513513513514,0.0,0.0,0.0,0.0,0.0,0.0,0.0005197505197505198,74.0
PLAIN-1568,2,0.0,0.0,0.0,0.0,0.14704034066641014,0.14704034066641014,0.23932818905619424,0.0,0.0,0.0,0.0,0.5,0.5,1.0,0.0,0.0,0.0,0.0,0.05,0.02,0.02,0.0,0.0,0.0,0.0,0.058823529411764705,0.058823529411764705,0.058823529411764705,0.0,0.0,0.0,0.0,0.029411764705882353,0.029411764705882353,0.039512774806892456,17.0
PLAIN-1579,5,0.0,0.0,0.0,0.0,0.0,0.0,0.0,0.0,0.0,0.0,0.0,0.0,0.0,0.0,0.0,0.0,0.0,0.0,0.0,0.0,0.0,0.0,0.0,0.0,0.0,0.0,0.0,0.0,0.0,0.0,0.0,0.0,0.0,0.0,0.0,
PLAIN-1590,18,0.0,0.0,0.0,0.0,0.03798687827430366,0.03798687827430366,0.03798687827430366,0.0,0.0,0.0,0.0,0.05555555555555555,0.05555555555555555,0.05555555555555555,0.0,0.0,0.0,0.0,0.05,0.02,0.01,0.0,0.0,0.0,0.0,0.06666666666666667,0.06666666666666667,0.06666666666666667,0.0,0.0,0.0,0.0,0.003703703703703704,0.003703703703703704,0.003703703703703704,15.0
PLAIN-1601,74,1.0,0.46927872602275644,0.3391602052736161,0.2200917662980802,0.17839632762219612,0.11204747514401833,0.13342784160384816,0.013513513513513514,0.013513513513513514,0.013513513513513514,0.013513513513513514,0.02702702702702703,0.04054054054054054,0.10810810810810811,1.0,0.3333333333333333,0.2,0.1,0.1,0.06,0.08,1.0,1.0,1.0,1.0,1.0,1.0,1.0,0.013513513513513514,0.013513513513513514,0.013513513513513514,0.013513513513513514,0.015444015444015443,0.016510871774029667,0.022091935847278532,1.0
PLAIN-1611,6,0.0,0.0,0.0,0.0,0.0,0.12026212110632035,0.12026212110632035,0.0,0.0,0.0,0.0,0.0,0.3333333333333333,0.3333333333333333,0.0,0.0,0.0,0.0,0.0,0.04,0.02,0.0,0.0,0.0,0.0,0.0,0.041666666666666664,0.041666666666666664,0.0,0.0,0.0,0.0,0.0,0.014520202020202022,0.014520202020202022,24.0
PLAIN-1621,4,0.0,0.0,0.0,0.0,0.0,0.0,0.0,0.0,0.0,0.0,0.0,0.0,0.0,0.0,0.0,0.0,0.0,0.0,0.0,0.0,0.0,0.0,0.0,0.0,0.0,0.0,0.0,0.0,0.0,0.0,0.0,0.0,0.0,0.0,0.0,
PLAIN-1635,431,1.0,0.7039180890341347,0.7860137352654724,0.8611375561264456,0.7689155417317958,0.6021854228980363,0.4877030368411631,0.002320185614849188,0.004640371229698376,0.009280742459396751,0.02088167053364269,0.03480278422273782,0.06264501160092807,0.09744779582366589,1.0,0.6666666666666666,0.8,0.9,0.75,0.54,0.42,1.0,1.0,1.0,1.0,1.0,1.0,1.0,0.002320185614849188,0.003866976024748646,0.007463263727764888,0.01756619894670939,0.02898222746360133,0.0465440395690085,0.06390486685634121,1.0
PLAIN-1645,6,0.0,0.0,0.0,0.0,0.0,0.0,0.04953772644112742,0.0,0.0,0.0,0.0,0.0,0.0,0.16666666666666666,0.0,0.0,0.0,0.0,0.0,0.0,0.01,0.0,0.0,0.0,0.0,0.0,0.0,0.014705882352941176,0.0,0.0,0.0,0.0,0.0,0.0,0.0024509803921568627,68.0
PLAIN-1656,28,0.0,0.0,0.13120507751234178,0.08514311764162101,0.08781355863956287,0.09165436685528747,0.1288080005592404,0.0,0.0,0.03571428571428571,0.03571428571428571,0.07142857142857142,0.10714285714285714,0.17857142857142858,0.0,0.0,0.2,0.1,0.1,0.06,0.05,0.0,0.0,0.2,0.2,0.2,0.2,0.2,0.0,0.0,0.0071428571428571435,0.0071428571428571435,0.010902255639097745,0.013453276047261011,0.01800043389345033,5.0
PLAIN-1667,159,1.0,0.46927872602275644,0.48522855511632257,0.38431135260440824,0.4246741980799992,0.29043793848504834,0.2553606573435426,0.006289308176100629,0.006289308176100629,0.012578616352201259,0.018867924528301886,0.050314465408805034,0.07547169811320754,0.13836477987421383,1.0,0.3333333333333333,0.4,0.3,0.4,0.24,0.22,1.0,1.0,1.0,1.0,1.0,1.0,1.0,0.006289308176100629,0.006289308176100629,0.009433962264150943,0.01179245283018868,0.023756232052569454,0.03061523191783976,0.0450238152854828,1.0
PLAIN-1679,1,0.0,0.0,0.0,0.0,0.0,0.0,0.0,0.0,0.0,0.0,0.0,0.0,0.0,0.0,0.0,0.0,0.0,0.0,0.0,0.0,0.0,0.0,0.0,0.0,0.0,0.0,0.0,0.0,0.0,0.0,0.0,0.0,0.0,0.0,0.0,
PLAIN-1690,4,0.0,0.0,0.0,0.0,0.0,0.0,0.0,0.0,0.0,0.0,0.0,0.0,0.0,0.0,0.0,0.0,0.0,0.0,0.0,0.0,0.0,0.0,0.0,0.0,0.0,0.0,0.0,0.0,0.0,0.0,0.0,0.0,0.0,0.0,0.0,
PLAIN-1700,5,0.0,0.0,0.0,0.0,0.0,0.0,0.0,0.0,0.0,0.0,0.0,0.0,0.0,0.0,0.0,0.0,0.0,0.0,0.0,0.0,0.0,0.0,0.0,0.0,0.0,0.0,0.0,0.0,0.0,0.0,0.0,0.0,0.0,0.0,0.0,
PLAIN-1710,16,1.0,1.0,1.0,0.9363792118010483,0.823364953754121,0.8545722020320831,0.8812920282179542,0.0625,0.1875,0.3125,0.5625,0.75,0.8125,0.875,1.0,1.0,1.0,0.9,0.6,0.26,0.14,1.0,1.0,1.0,1.0,1.0,1.0,1.0,0.0625,0.1875,0.3125,0.5625,0.7116764814133235,0.7336359408727829,0.7463171002930729,1.0
PLAIN-1721,31,0.0,0.0,0.0,0.14279514403613736,0.1276653333879718,0.09600923242579976,0.13074123470533078,0.0,0.0,0.0,0.06451612903225806,0.0967741935483871,0.0967741935483871,0.16129032258064516,0.0,0.0,0.0,0.2,0.15,0.06,0.05,0.0,0.0,0.0,0.14285714285714285,0.14285714285714285,0.14285714285714285,0.14285714285714285,0.0,0.0,0.0,0.012672811059907833,0.01912442396313364,0.01912442396313364,0.02323523250942606,7.0
PLAIN-1731,3,1.0,0.46927872602275644,0.6713860725233041,0.6713860725233041,0.6713860725233041,0.6713860725233041,0.6713860725233041,0.3333333333333333,0.3333333333333333,0.6666666666666666,0.6666666666666666,0.6666666666666666,0.6666666666666666,0.6666666666666666,1.0,0.3333333333333333,0.4,0.2,0.1,0.04,0.02,1.0,1.0,1.0,1.0,1.0,1.0,1.0,0.3333333333333333,0.3333333333333333,0.5,0.5,0.5,0.5,0.5,1.0
PLAIN-1741,420,1.0,0.46927872602275644,0.3391602052736161,0.2200917662980802,0.24309267428481632,0.14834287540706284,0.12106390530171247,0.002380952380952381,0.002380952380952381,0.002380952380952381,0.002380952380952381,0.009523809523809525,0.011904761904761904,0.02142857142857143,1.0,0.3333333333333333,0.2,0.1,0.2,0.1,0.09,1.0,1.0,1.0,1.0,1.0,1.0,1.0,0.002380952380952381,0.002380952380952381,0.002380952380952381,0.002380952380952381,0.003576649958228906,0.0039734753550543025,0.00479959672120376,1.0
PLAIN-1752,1,0.0,0.0,0.0,0.0,0.0,0.0,0.0,0.0,0.0,0.0,0.0,0.0,0.0,0.0,0.0,0.0,0.0,0.0,0.0,0.0,0.0,0.0,0.0,0.0,0.0,0.0,0.0,0.0,0.0,0.0,0.0,0.0,0.0,0.0,0.0,
PLAIN-1762,8,1.0,0.46927872602275644,0.4703652827859579,0.3507942974028176,0.41145311085393915,0.41145311085393915,0.41145311085393915,0.125,0.125,0.25,0.25,0.375,0.375,0.375,1.0,0.3333333333333333,0.4,0.2,0.15,0.06,0.03,1.0,1.0,1.0,1.0,1.0,1.0,1.0,0.125,0.125,0.175,0.175,0.19705882352941176,0.19705882352941176,0.19705882352941176,1.0
PLAIN-1772,2,1.0,0.6131471927654584,0.6131471927654584,0.8315546295836225,0.8315546295836225,0.8315546295836225,0.8315546295836225,0.5,0.5,0.5,1.0,1.0,1.0,1.0,1.0,0.3333333333333333,0.2,0.2,0.1,0.04,0.02,1.0,1.0,1.0,1.0,1.0,1.0,1.0,0.5,0.5,0.5,0.6666666666666666,0.6666666666666666,0.6666666666666666,0.6666666666666666,1.0
PLAIN-1784,2,0.0,0.0,0.0,0.0,0.0,0.0,0.0,0.0,0.0,0.0,0.0,0.0,0.0,0.0,0.0,0.0,0.0,0.0,0.0,0.0,0.0,0.0,0.0,0.0,0.0,0.0,0.0,0.0,0.0,0.0,0.0,0.0,0.0,0.0,0.0,
PLAIN-1794,2,0.0,0.38685280723454163,0.38685280723454163,0.38685280723454163,0.38685280723454163,0.5063913842130162,0.5063913842130162,0.0,0.5,0.5,0.5,0.5,1.0,1.0,0.0,0.3333333333333333,0.2,0.1,0.05,0.04,0.02,0.0,0.5,0.5,0.5,0.5,0.5,0.5,0.0,0.25,0.25,0.25,0.25,0.27941176470588236,0.27941176470588236,2.0
PLAIN-1805,116,1.0,0.7653606369886217,0.6843515475204855,0.5771493379489848,0.5115925601246968,0.35518150972205276,0.23474746170862368,0.008620689655172414,0.017241379310344827,0.02586206896551724,0.04310344827586207,0.07758620689655173,0.1206896551724138,0.13793103448275862,1.0,0.6666666666666666,0.6,0.5,0.45,0.28,0.16,1.0,1.0,1.0,1.0,1.0,1.0,1.0,0.008620689655172414,0.017241379310344827,0.022413793103448276,0.03103448275862069,0.04695115330324042,0.06221955811558295,0.06650771897596593,1.0
PLAIN-1817,27,0.0,0.2960819109658652,0.21398626473452756,0.2816575879096919,0.22139367773871654,0.23013061220239414,0.26700292971407563,0.0,0.037037037037037035,0.037037037037037035,0.1111111111111111,0.14814814814814814,0.2222222222222222,0.2962962962962963,0.0,0.3333333333333333,0.2,0.3,0.2,0.12,0.08,0.0,0.5,0.5,0.5,0.5,0.5,0.5,0.0,0.018518518518518517,0.018518518518518517,0.04298941798941799,0.056457431457431456,0.07057294557294558,0.07747504146728953,2.0
PLAIN-1827,3,0.0,0.0,0.0,0.0,0.0,0.0,0.0,0.0,0.0,0.0,0.0,0.0,0.0,0.0,0.0,0.0,0.0,0.0,0.0,0.0,0.0,0.0,0.0,0.0,0.0,0.0,0.0,0.0,0.0,0.0,0.0,0.0,0.0,0.0,0.0,
PLAIN-1837,196,1.0,0.7653606369886217,0.830419897363192,0.88995411685096,0.7537363911669375,0.612916177548816,0.5009319108605843,0.00510204081632653,0.01020408163265306,0.02040816326530612,0.04591836734693878,0.07142857142857142,0.1377551020408163,0.2193877551020408,1.0,0.6666666666666666,0.8,0.9,0.7,0.54,0.43,1.0,1.0,1.0,1.0,1.0,1.0,1.0,0.00510204081632653,0.01020408163265306,0.018112244897959182,0.04032839326206673,0.06109250018688795,0.10465528690137134,0.14421748757478445,1.0
PLAIN-1847,11,0.0,0.0,0.0,0.0,0.0,0.0,0.0,0.0,0.0,0.0,0.0,0.0,0.0,0.0,0.0,0.0,0.0,0.0,0.0,0.0,0.0,0.0,0.0,0.0,0.0,0.0,0.0,0.0,0.0,0.0,0.0,0.0,0.0,0.0,0.0,
PLAIN-1857,33,0.0,0.5307212739772434,0.38356636737133565,0.24890832702259466,0.23500854677485628,0.16958367868672566,0.18545148441746484,0.0,0.06060606060606061,0.06060606060606061,0.06060606060606061,0.12121212121212122,0.12121212121212122,0.15151515151515152,0.0,0.6666666666666666,0.4,0.2,0.2,0.08,0.05,0.0,0.5,0.5,0.5,0.5,0.5,0.5,0.0,0.03535353535353535,0.03535353535353535,0.03535353535353535,0.05119375573921028,0.05119375573921028,0.05293530920490168,2.0
PLAIN-1867,7,0.0,0.0,0.0,0.0,0.0,0.0,0.0,0.0,0.0,0.0,0.0,0.0,0.0,0.0,0.0,0.0,0.0,0.0,0.0,0.0,0.0,0.0,0.0,0.0,0.0,0.0,0.0,0.0,0.0,0.0,0.0,0.0,0.0,0.0,0.0,
PLAIN-1877,36,0.0,0.0,0.0,0.0,0.0,0.0,0.0,0.0,0.0,0.0,0.0,0.0,0.0,0.0,0.0,0.0,0.0,0.0,0.0,0.0,0.0,0.0,0.0,0.0,0.0,0.0,0.0,0.0,0.0,0.0,0.0,0.0,0.0,0.0,0.0,
PLAIN-1887,4,0.0,0.0,0.0,0.0,0.0,0.08406376813555873,0.08406376813555873,0.0,0.0,0.0,0.0,0.0,0.25,0.25,0.0,0.0,0.0,0.0,0.0,0.02,0.01,0.0,0.0,0.0,0.0,0.0,0.041666666666666664,0.041666666666666664,0.0,0.0,0.0,0.0,0.0,0.010416666666666666,0.010416666666666666,24.0
PLAIN-1897,2,0.0,0.0,0.0,0.0,0.0,0.0,0.0,0.0,0.0,0.0,0.0,0.0,0.0,0.0,0.0,0.0,0.0,0.0,0.0,0.0,0.0,0.0,0.0,0.0,0.0,0.0,0.0,0.0,0.0,0.0,0.0,0.0,0.0,0.0,0.0,
PLAIN-1909,463,0.0,0.5307212739772434,0.5147714448836774,0.40030566811860474,0.43695014055187786,0.4087950005127635,0.3416041507431262,0.0,0.004319654427645789,0.0064794816414686825,0.008639308855291577,0.019438444924406047,0.04319654427645788,0.06911447084233262,0.0,0.6666666666666666,0.6,0.4,0.45,0.4,0.32,0.0,0.5,0.5,0.5,0.5,0.5,0.5,0.0,0.0025197984161267097,0.0038156947444204464,0.004775617950563955,0.009738590654461038,0.02078502462083126,0.029023116146697656,2.0
PLAIN-1919,27,1.0,0.7039180890341347,0.6548086577531307,0.6403089930936582,0.44874452697632394,0.4334695364277131,0.5260225752781554,0.037037037037037035,0.07407407407407407,0.1111111111111111,0.2222222222222222,0.25925925925925924,0.37037037037037035,0.5555555555555556,1.0,0.6666666666666666,0.6,0.6,0.35,0.2,0.15,1.0,1.0,1.0,1.0,1.0,1.0,1.0,0.037037037037037035,0.06172839506172839,0.08950617283950617,0.1628747795414462,0.18015873015873016,0.2028805560164445,0.2331598622679733,1.0
PLAIN-1929,10,0.0,0.0,0.0,0.0,0.057807000083705436,0.057807000083705436,0.09641661218041084,0.0,0.0,0.0,0.0,0.1,0.1,0.2,0.0,0.0,0.0,0.0,0.05,0.02,0.02,0.0,0.0,0.0,0.0,0.07692307692307693,0.07692307692307693,0.07692307692307693,0.0,0.0,0.0,0.0,0.007692307692307693,0.007692307692307693,0.011613876319758673,13.0
PLAIN-1940,12,0.0,0.0,0.14606834984270645,0.09478836436955079,0.08456675994043421,0.12498641905318728,0.12498641905318728,0.0,0.0,0.08333333333333333,0.08333333333333333,0.08333333333333333,0.16666666666666666,0.16666666666666666,0.0,0.0,0.2,0.1,0.05,0.04,0.02,0.0,0.0,0.25,0.25,0.25,0.25,0.25,0.0,0.0,0.020833333333333332,0.020833333333333332,0.020833333333333332,0.026785714285714284,0.026785714285714284,4.0
PLAIN-1950,13,0.0,0.0,0.13120507751234178,0.08514311764162101,0.07223616005000245,0.10864042246026116,0.10864042246026116,0.0,0.0,0.07692307692307693,0.07692307692307693,0.07692307692307693,0.15384615384615385,0.15384615384615385,0.0,0.0,0.2,0.1,0.05,0.04,0.02,0.0,0.0,0.2,0.2,0.2,0.2,0.2,0.0,0.0,0.015384615384615385,0.015384615384615385,0.015384615384615385,0.01990950226244344,0.01990950226244344,5.0
PLAIN-1962,13,0.0,0.0,0.0,0.0,0.04904396063617703,0.04904396063617703,0.04904396063617703,0.0,0.0,0.0,0.0,0.07692307692307693,0.07692307692307693,0.07692307692307693,0.0,0.0,0.0,0.0,0.05,0.02,0.01,0.0,0.0,0.0,0.0,0.07692307692307693,0.07692307692307693,0.07692307692307693,0.0,0.0,0.0,0.0,0.00591715976331361,0.00591715976331361,0.00591715976331361,13.0
PLAIN-1972,11,0.0,0.0,0.0,0.0,0.0,0.0,0.03210208593529649,0.0,0.0,0.0,0.0,0.0,0.0,0.09090909090909091,0.0,0.0,0.0,0.0,0.0,0.0,0.01,0.0,0.0,0.0,0.0,0.0,0.0,0.011494252873563218,0.0,0.0,0.0,0.0,0.0,0.0,0.001044932079414838,87.0
PLAIN-1983,32,1.0,0.46927872602275644,0.3391602052736161,0.349966777951421,0.2606073042344465,0.19192256657635562,0.19192256657635562,0.03125,0.03125,0.03125,0.09375,0.125,0.125,0.125,1.0,0.3333333333333333,0.2,0.3,0.2,0.08,0.04,1.0,1.0,1.0,1.0,1.0,1.0,1.0,0.03125,0.03125,0.03125,0.04756944444444445,0.05538194444444445,0.05538194444444445,0.05538194444444445,1.0
PLAIN-1995,11,0.0,0.2960819109658652,0.21398626473452756,0.13886244387355456,0.1308303690594047,0.1308303690594047,0.19861268268025264,0.0,0.09090909090909091,0.09090909090909091,0.09090909090909091,0.09090909090909091,0.09090909090909091,0.2727272727272727,0.0,0.3333333333333333,0.2,0.1,0.05,0.02,0.03,0.0,0.5,0.5,0.5,0.5,0.5,0.5,0.0,0.045454545454545456,0.045454545454545456,0.045454545454545456,0.045454545454545456,0.045454545454545456,0.05206435355689087,2.0
PLAIN-2009,8,0.0,0.0,0.0,0.0,0.0,0.04505000432618385,0.04505000432618385,0.0,0.0,0.0,0.0,0.0,0.125,0.125,0.0,0.0,0.0,0.0,0.0,0.02,0.01,0.0,0.0,0.0,0.0,0.0,0.020833333333333332,0.020833333333333332,0.0,0.0,0.0,0.0,0.0,0.0026041666666666665,0.0026041666666666665,48.0
PLAIN-2019,3,0.0,0.0,0.0,0.0,0.0,0.0,0.0,0.0,0.0,0.0,0.0,0.0,0.0,0.0,0.0,0.0,0.0,0.0,0.0,0.0,0.0,0.0,0.0,0.0,0.0,0.0,0.0,0.0,0.0,0.0,0.0,0.0,0.0,0.0,0.0,
PLAIN-2030,6,0.0,0.0,0.0,0.0,0.0,0.05447791395170846,0.05447791395170846,0.0,0.0,0.0,0.0,0.0,0.16666666666666666,0.16666666666666666,0.0,0.0,0.0,0.0,0.0,0.02,0.01,0.0,0.0,0.0,0.0,0.0,0.021739130434782608,0.021739130434782608,0.0,0.0,0.0,0.0,0.0,0.0036231884057971015,0.0036231884057971015,46.0
PLAIN-2040,132,0.0,0.23463936301137822,0.16958010263680806,0.1100458831490401,0.10508299207281116,0.07316072797213526,0.08430488540788705,0.0,0.007575757575757576,0.007575757575757576,0.007575757575757576,0.015151515151515152,0.022727272727272728,0.06060606060606061,0.0,0.3333333333333333,0.2,0.1,0.1,0.06,0.08,0.0,0.3333333333333333,0.3333333333333333,0.3333333333333333,0.3333333333333333,0.3333333333333333,0.3333333333333333,0.0,0.002525252525252525,0.002525252525252525,0.002525252525252525,0.003416518122400475,0.004200217181961604,0.0074851342747689195,3.0
PLAIN-2051,355,1.0,0.7653606369886217,0.6992148198508501,0.5199967979955746,0.479143025838837,0.3050656375942495,0.23455636625291668,0.0028169014084507044,0.005633802816901409,0.008450704225352112,0.011267605633802818,0.022535211267605635,0.030985915492957747,0.04788732394366197,1.0,0.6666666666666666,0.6,0.4,0.4,0.22,0.17,1.0,1.0,1.0,1.0,1.0,1.0,1.0,0.0028169014084507044,0.005633802816901409,0.007746478873239437,0.008998435054773083,0.013937382464722979,0.016057617812147547,0.019532554092521102,1.0
PLAIN-2061,410,0.0,0.5307212739772434,0.6608397947263839,0.6320787427864673,0.6956276909664943,0.6196685949904921,0.5119400160369652,0.0,0.004878048780487805,0.00975609756097561,0.01707317073170732,0.036585365853658534,0.07560975609756097,0.11707317073170732,0.0,0.6666666666666666,0.8,0.7,0.75,0.62,0.48,0.0,0.5,0.5,0.5,0.5,0.5,0.5,0.0,0.0028455284552845526,0.006626016260162602,0.011701509872241582,0.02675637709174295,0.05207997053849613,0.07411988956201539,2.0
PLAIN-2071,45,0.0,0.0,0.14606834984270645,0.09478836436955079,0.061173315378031855,0.09896261540897644,0.13780731256864795,0.0,0.0,0.022222222222222223,0.022222222222222223,0.022222222222222223,0.1111111111111111,0.17777777777777778,0.0,0.0,0.2,0.1,0.05,0.1,0.08,0.0,0.0,0.25,0.25,0.25,0.25,0.25,0.0,0.0,0.005555555555555556,0.005555555555555556,0.005555555555555556,0.013327641668803316,0.018739911840029704,4.0
PLAIN-2081,1,0.0,0.0,0.0,0.0,0.0,0.0,0.0,0.0,0.0,0.0,0.0,0.0,0.0,0.0,0.0,0.0,0.0,0.0,0.0,0.0,0.0,0.0,0.0,0.0,0.0,0.0,0.0,0.0,0.0,0.0,0.0,0.0,0.0,0.0,0.0,
PLAIN-2092,10,1.0,0.46927872602275644,0.3391602052736161,0.2200917662980802,0.3314489616511604,0.37226476477290293,0.40728110241277476,0.1,0.1,0.1,0.1,0.3,0.4,0.5,1.0,0.3333333333333333,0.2,0.1,0.15,0.08,0.05,1.0,1.0,1.0,1.0,1.0,1.0,1.0,0.1,0.1,0.1,0.1,0.13428571428571429,0.1440418118466899,0.15053531834019637,1.0
PLAIN-2102,421,1.0,1.0,1.0,0.8669479898642711,0.6944969665605306,0.557944165353955,0.43659200087177535,0.0023752969121140144,0.007125890736342043,0.011876484560570071,0.019002375296912115,0.028503562945368172,0.057007125890736345,0.0855106888361045,1.0,1.0,1.0,0.8,0.6,0.48,0.36,1.0,1.0,1.0,1.0,1.0,1.0,1.0,0.0023752969121140144,0.007125890736342043,0.011876484560570071,0.018738453417788337,0.02438538944352171,0.03863909918313729,0.050756593407154556,1.0
PLAIN-2113,1,0.0,0.0,0.0,0.0,0.0,0.0,0.0,0.0,0.0,0.0,0.0,0.0,0.0,0.0,0.0,0.0,0.0,0.0,0.0,0.0,0.0,0.0,0.0,0.0,0.0,0.0,0.0,0.0,0.0,0.0,0.0,0.0,0.0,0.0,0.0,
PLAIN-2124,17,1.0,1.0,0.7227265726449519,0.542364015420035,0.3883291015605292,0.3883291015605292,0.41248527143240643,0.058823529411764705,0.17647058823529413,0.17647058823529413,0.23529411764705882,0.23529411764705882,0.23529411764705882,0.29411764705882354,1.0,1.0,0.6,0.4,0.2,0.08,0.05,1.0,1.0,1.0,1.0,1.0,1.0,1.0,0.058823529411764705,0.17647058823529413,0.17647058823529413,0.21008403361344535,0.21008403361344535,0.21008403361344535,0.2133160956690368,1.0
PLAIN-2134,12,0.0,0.0,0.0,0.0,0.0,0.0,0.0,0.0,0.0,0.0,0.0,0.0,0.0,0.0,0.0,0.0,0.0,0.0,0.0,0.0,0.0,0.0,0.0,0.0,0.0,0.0,0.0,0.0,0.0,0.0,0.0,0.0,0.0,0.0,0.0,
PLAIN-2145,9,0.0,0.0,0.0,0.0,0.0,0.05126444313939661,0.05126444313939661,0.0,0.0,0.0,0.0,0.0,0.1111111111111111,0.1111111111111111,0.0,0.0,0.0,0.0,0.0,0.02,0.01,0.0,0.0,0.0,0.0,0.0,0.043478260869565216,0.043478260869565216,0.0,0.0,0.0,0.0,0.0,0.004830917874396135,0.004830917874396135,23.0
PLAIN-2156,6,1.0,0.7653606369886217,0.5531464700081437,0.4935232796777481,0.5730016628843441,0.5730016628843441,0.5730016628843441,0.16666666666666666,0.3333333333333333,0.3333333333333333,0.3333333333333333,0.5,0.5,0.5,1.0,0.6666666666666666,0.4,0.2,0.15,0.06,0.03,1.0,1.0,1.0,1.0,1.0,1.0,1.0,0.16666666666666666,0.3333333333333333,0.3333333333333333,0.3333333333333333,0.3717948717948718,0.3717948717948718,0.3717948717948718,1.0
PLAIN-2167,1,0.0,0.0,0.0,0.0,0.0,0.0,0.0,0.0,0.0,0.0,0.0,0.0,0.0,0.0,0.0,0.0,0.0,0.0,0.0,0.0,0.0,0.0,0.0,0.0,0.0,0.0,0.0,0.0,0.0,0.0,0.0,0.0,0.0,0.0,0.0,
PLAIN-2177,24,1.0,0.46927872602275644,0.4703652827859579,0.3052348839397012,0.2648369287623773,0.2354487262435244,0.27557377030283753,0.041666666666666664,0.041666666666666664,0.08333333333333333,0.08333333333333333,0.16666666666666666,0.16666666666666666,0.25,1.0,0.3333333333333333,0.4,0.2,0.2,0.08,0.06,1.0,1.0,1.0,1.0,1.0,1.0,1.0,0.041666666666666664,0.041666666666666664,0.05833333333333333,0.05833333333333333,0.075,0.075,0.08090578503220075,1.0
PLAIN-2187,9,0.0,0.0,0.0,0.0,0.0,0.0,0.03569428821937016,0.0,0.0,0.0,0.0,0.0,0.0,0.1111111111111111,0.0,0.0,0.0,0.0,0.0,0.0,0.01,0.0,0.0,0.0,0.0,0.0,0.0,0.010526315789473684,0.0,0.0,0.0,0.0,0.0,0.0,0.0011695906432748538,95.0
PLAIN-2197,58,0.0,0.23463936301137822,0.16958010263680806,0.17947710508581738,0.18778802162263578,0.1331525643267708,0.16687567605631856,0.0,0.017241379310344827,0.017241379310344827,0.034482758620689655,0.06896551724137931,0.10344827586206896,0.1724137931034483,0.0,0.3333333333333333,0.2,0.2,0.2,0.12,0.1,0.0,0.3333333333333333,0.3333333333333333,0.3333333333333333,0.3333333333333333,0.3333333333333333,0.3333333333333333,0.0,0.005747126436781609,0.005747126436781609,0.010057471264367814,0.01820794148380355,0.024067256724142564,0.03316390808886268,3.0
PLAIN-2209,2,0.0,0.0,0.0,0.0,0.0,0.0,0.0,0.0,0.0,0.0,0.0,0.0,0.0,0.0,0.0,0.0,0.0,0.0,0.0,0.0,0.0,0.0,0.0,0.0,0.0,0.0,0.0,0.0,0.0,0.0,0.0,0.0,0.0,0.0,0.0,
PLAIN-2220,9,0.0,0.2960819109658652,0.21398626473452756,0.14829723057014912,0.14829723057014912,0.1941214809844848,0.1941214809844848,0.0,0.1111111111111111,0.1111111111111111,0.1111111111111111,0.1111111111111111,0.2222222222222222,0.2222222222222222,0.0,0.3333333333333333,0.2,0.1,0.05,0.04,0.02,0.0,0.5,0.5,0.5,0.5,0.5,0.5,0.0,0.05555555555555555,0.05555555555555555,0.05555555555555555,0.05555555555555555,0.06209150326797386,0.06209150326797386,2.0
PLAIN-2230,7,0.0,0.0,0.0,0.0,0.0,0.0,0.0,0.0,0.0,0.0,0.0,0.0,0.0,0.0,0.0,0.0,0.0,0.0,0.0,0.0,0.0,0.0,0.0,0.0,0.0,0.0,0.0,0.0,0.0,0.0,0.0,0.0,0.0,0.0,0.0,
PLAIN-2240,11,1.0,0.46927872602275644,0.3391602052736161,0.29345568839744024,0.27648163855288777,0.27648163855288777,0.3076926134734176,0.09090909090909091,0.09090909090909091,0.09090909090909091,0.18181818181818182,0.18181818181818182,0.18181818181818182,0.2727272727272727,1.0,0.3333333333333333,0.2,0.2,0.1,0.04,0.03,1.0,1.0,1.0,1.0,1.0,1.0,1.0,0.09090909090909091,0.09090909090909091,0.09090909090909091,0.11688311688311687,0.11688311688311687,0.11688311688311687,0.11963793781975599,1.0
PLAIN-2250,2,0.0,0.0,0.0,0.0,0.0,0.0,0.0,0.0,0.0,0.0,0.0,0.0,0.0,0.0,0.0,0.0,0.0,0.0,0.0,0.0,0.0,0.0,0.0,0.0,0.0,0.0,0.0,0.0,0.0,0.0,0.0,0.0,0.0,0.0,0.0,
PLAIN-2261,60,1.0,0.46927872602275644,0.3391602052736161,0.2200917662980802,0.17437833078197712,0.09518496599942716,0.1305053253069272,0.016666666666666666,0.016666666666666666,0.016666666666666666,0.016666666666666666,0.03333333333333333,0.03333333333333333,0.1,1.0,0.3333333333333333,0.2,0.1,0.1,0.04,0.06,1.0,1.0,1.0,1.0,1.0,1.0,1.0,0.016666666666666666,0.016666666666666666,0.016666666666666666,0.016666666666666666,0.018333333333333333,0.018333333333333333,0.023369721962859222,1.0
PLAIN-2271,10,0.0,0.0,0.0,0.0,0.0,0.0,0.0,0.0,0.0,0.0,0.0,0.0,0.0,0.0,0.0,0.0,0.0,0.0,0.0,0.0,0.0,0.0,0.0,0.0,0.0,0.0,0.0,0.0,0.0,0.0,0.0,0.0,0.0,0.0,0.0,
PLAIN-2281,1,0.0,0.0,0.0,0.0,0.0,0.0,0.0,0.0,0.0,0.0,0.0,0.0,0.0,0.0,0.0,0.0,0.0,0.0,0.0,0.0,0.0,0.0,0.0,0.0,0.0,0.0,0.0,0.0,0.0,0.0,0.0,0.0,0.0,0.0,0.0,
PLAIN-2291,5,0.0,0.0,0.0,0.0,0.0,0.0,0.0,0.0,0.0,0.0,0.0,0.0,0.0,0.0,0.0,0.0,0.0,0.0,0.0,0.0,0.0,0.0,0.0,0.0,0.0,0.0,0.0,0.0,0.0,0.0,0.0,0.0,0.0,0.0,0.0,
PLAIN-2301,13,0.0,0.0,0.0,0.07839826897867534,0.06651377189902621,0.1083863199934867,0.16792951198798758,0.0,0.0,0.0,0.07692307692307693,0.07692307692307693,0.15384615384615385,0.3076923076923077,0.0,0.0,0.0,0.1,0.05,0.04,0.04,0.0,0.0,0.0,0.16666666666666666,0.16666666666666666,0.16666666666666666,0.16666666666666666,0.0,0.0,0.0,0.01282051282051282,0.01282051282051282,0.020146520146520144,0.0270828462317824,6.0
PLAIN-2311,2,0.0,0.0,0.0,0.0,0.0,0.0,0.0,0.0,0.0,0.0,0.0,0.0,0.0,0.0,0.0,0.0,0.0,0.0,0.0,0.0,0.0,0.0,0.0,0.0,0.0,0.0,0.0,0.0,0.0,0.0,0.0,0.0,0.0,0.0,0.0,
PLAIN-2321,5,0.0,0.0,0.0,0.0,0.0,0.0,0.0,0.0,0.0,0.0,0.0,0.0,0.0,0.0,0.0,0.0,0.0,0.0,0.0,0.0,0.0,0.0,0.0,0.0,0.0,0.0,0.0,0.0,0.0,0.0,0.0,0.0,0.0,0.0,0.0,
PLAIN-2332,97,0.0,0.2960819109658652,0.21398626473452756,0.2719144540092836,0.20954768244788674,0.19193183303191858,0.17598510011778865,0.0,0.010309278350515464,0.010309278350515464,0.030927835051546393,0.041237113402061855,0.09278350515463918,0.16494845360824742,0.0,0.3333333333333333,0.2,0.3,0.2,0.18,0.16,0.0,0.5,0.5,0.5,0.5,0.5,0.5,0.0,0.005154639175257732,0.005154639175257732,0.010824742268041237,0.0132504548211037,0.02445171666481945,0.03723988591582214,2.0
PLAIN-2343,2,0.0,0.0,0.0,0.0,0.0,0.0,0.0,0.0,0.0,0.0,0.0,0.0,0.0,0.0,0.0,0.0,0.0,0.0,0.0,0.0,0.0,0.0,0.0,0.0,0.0,0.0,0.0,0.0,0.0,0.0,0.0,0.0,0.0,0.0,0.0,
PLAIN-2354,5,0.0,0.2960819109658652,0.36005461457723403,0.36005461457723403,0.36005461457723403,0.42335968468784946,0.42335968468784946,0.0,0.2,0.4,0.4,0.4,0.6,0.6,0.0,0.3333333333333333,0.4,0.2,0.1,0.06,0.03,0.0,0.5,0.5,0.5,0.5,0.5,0.5,0.0,0.1,0.2,0.2,0.2,0.215,0.215,2.0
PLAIN-2364,15,0.0,0.0,0.0,0.0,0.0,0.0,0.02822602479414646,0.0,0.0,0.0,0.0,0.0,0.0,0.06666666666666667,0.0,0.0,0.0,0.0,0.0,0.0,0.01,0.0,0.0,0.0,0.0,0.0,0.0,0.015384615384615385,0.0,0.0,0.0,0.0,0.0,0.0,0.0010256410256410256,65.0
PLAIN-2375,2,0.0,0.0,0.0,0.0,0.0,0.0,0.0,0.0,0.0,0.0,0.0,0.0,0.0,0.0,0.0,0.0,0.0,0.0,0.0,0.0,0.0,0.0,0.0,0.0,0.0,0.0,0.0,0.0,0.0,0.0,0.0,0.0,0.0,0.0,0.0,
PLAIN-2386,19,0.0,0.0,0.0,0.0,0.0,0.028617425845644365,0.05204041551116901,0.0,0.0,0.0,0.0,0.0,0.05263157894736842,0.10526315789473684,0.0,0.0,0.0,0.0,0.0,0.02,0.02,0.0,0.0,0.0,0.0,0.0,0.029411764705882353,0.029411764705882353,0.0,0.0,0.0,0.0,0.0,0.001547987616099071,0.0029330291673456085,34.0
PLAIN-2396,18,0.0,0.0,0.0,0.0,0.0,0.0,0.0,0.0,0.0,0.0,0.0,0.0,0.0,0.0,0.0,0.0,0.0,0.0,0.0,0.0,0.0,0.0,0.0,0.0,0.0,0.0,0.0,0.0,0.0,0.0,0.0,0.0,0.0,0.0,0.0,
PLAIN-2408,5,0.0,0.0,0.0,0.0,0.0,0.0,0.0,0.0,0.0,0.0,0.0,0.0,0.0,0.0,0.0,0.0,0.0,0.0,0.0,0.0,0.0,0.0,0.0,0.0,0.0,0.0,0.0,0.0,0.0,0.0,0.0,0.0,0.0,0.0,0.0,
PLAIN-2430,46,1.0,1.0,0.7227265726449519,0.5400096219094884,0.38035013412735386,0.3385246299829088,0.3913561128846677,0.021739130434782608,0.06521739130434782,0.06521739130434782,0.10869565217391304,0.10869565217391304,0.1956521739130435,0.2826086956521739,1.0,1.0,0.6,0.5,0.25,0.18,0.13,1.0,1.0,1.0,1.0,1.0,1.0,1.0,0.021739130434782608,0.06521739130434782,0.06521739130434782,0.09057971014492752,0.09057971014492752,0.11021380827063024,0.12348512427960287,1.0
PLAIN-2440,21,0.0,0.0,0.0,0.0,0.03233829114831981,0.03134006003933629,0.03134006003933629,0.0,0.0,0.0,0.0,0.047619047619047616,0.047619047619047616,0.047619047619047616,0.0,0.0,0.0,0.0,0.05,0.02,0.01,0.0,0.0,0.0,0.0,0.05,0.05,0.05,0.0,0.0,0.0,0.0,0.002380952380952381,0.002380952380952381,0.002380952380952381,20.0
PLAIN-2450,38,1.0,0.46927872602275644,0.3391602052736161,0.2200917662980802,0.2541154471322389,0.24249414641486627,0.26395759635838023,0.02631578947368421,0.02631578947368421,0.02631578947368421,0.02631578947368421,0.07894736842105263,0.15789473684210525,0.21052631578947367,1.0,0.3333333333333333,0.2,0.1,0.15,0.12,0.08,1.0,1.0,1.0,1.0,1.0,1.0,1.0,0.02631578947368421,0.02631578947368421,0.02631578947368421,0.02631578947368421,0.03717335296282665,0.047247451252027915,0.053987986801427724,1.0
PLAIN-2460,31,0.0,0.0,0.14606834984270645,0.11496943328345773,0.08623251721278306,0.10139738839879574,0.12822127580309087,0.0,0.0,0.03225806451612903,0.03225806451612903,0.03225806451612903,0.06451612903225806,0.12903225806451613,0.0,0.0,0.2,0.1,0.05,0.04,0.04,0.0,0.0,0.25,0.25,0.25,0.25,0.25,0.0,0.0,0.008064516129032258,0.008064516129032258,0.008064516129032258,0.009907834101382488,0.013288367800390328,4.0
PLAIN-2470,73,1.0,0.46927872602275644,0.404762744029787,0.3185860821011082,0.28917288759648735,0.24489882624857984,0.2304432807546551,0.0136986301369863,0.0136986301369863,0.0273972602739726,0.0273972602739726,0.0547945205479452,0.0958904109589041,0.136986301369863,1.0,0.3333333333333333,0.4,0.2,0.2,0.14,0.1,1.0,1.0,1.0,1.0,1.0,1.0,1.0,0.0136986301369863,0.0136986301369863,0.01917808219178082,0.01917808219178082,0.025486661860129774,0.033321645168521624,0.03847515960853741,1.0
PLAIN-2480,18,0.0,0.0,0.06560253875617089,0.14825752349414936,0.14461687969380413,0.18388444343252308,0.27482302287060095,0.0,0.0,0.05555555555555555,0.16666666666666666,0.2222222222222222,0.2777777777777778,0.5,0.0,0.0,0.2,0.3,0.2,0.1,0.09,0.0,0.0,0.2,0.2,0.2,0.2,0.2,0.0,0.0,0.011111111111111112,0.04351851851851852,0.06061253561253562,0.07172364672364673,0.0947388297329125,5.0
PLAIN-2490,23,0.0,0.0,0.0,0.0,0.054108624828457415,0.10425119561736691,0.10425119561736691,0.0,0.0,0.0,0.0,0.043478260869565216,0.13043478260869565,0.13043478260869565,0.0,0.0,0.0,0.0,0.05,0.06,0.03,0.0,0.0,0.0,0.0,0.08333333333333333,0.08333333333333333,0.08333333333333333,0.0,0.0,0.0,0.0,0.003623188405797101,0.009141027492898069,0.009141027492898069,12.0
PLAIN-2500,7,0.0,0.0,0.0,0.0,0.0,0.0,0.030661915428385693,0.0,0.0,0.0,0.0,0.0,0.0,0.14285714285714285,0.0,0.0,0.0,0.0,0.0,0.0,0.01,0.0,0.0,0.0,0.0,0.0,0.0,0.013888888888888888,0.0,0.0,0.0,0.0,0.0,0.0,0.001984126984126984,72.0
PLAIN-2510,46,1.0,1.0,0.8539316501572937,0.664351874040447,0.6288895348166247,0.5404661004020629,0.576046447987556,0.021739130434782608,0.06521739130434782,0.08695652173913043,0.13043478260869565,0.2391304347826087,0.3695652173913043,0.43478260869565216,1.0,1.0,0.8,0.6,0.55,0.34,0.2,1.0,1.0,1.0,1.0,1.0,1.0,1.0,0.021739130434782608,0.06521739130434782,0.08260869565217391,0.11376811594202897,0.1744144034425364,0.23837971803586142,0.2574585485839574,1.0
PLAIN-2520,73,0.0,0.0,0.0,0.0,0.03599069745079971,0.07765107066645034,0.0926968868582391,0.0,0.0,0.0,0.0,0.0136986301369863,0.0547945205479452,0.0958904109589041,0.0,0.0,0.0,0.0,0.05,0.08,0.07,0.0,0.0,0.0,0.0,0.05,0.05,0.05,0.0,0.0,0.0,0.0,0.0006849315068493151,0.004334400531849752,0.00733297094794837,20.0
PLAIN-2530,72,1.0,1.0,1.0,0.7151857987862358,0.6004899360868391,0.4738882521587082,0.44526153531537804,0.013888888888888888,0.041666666666666664,0.06944444444444445,0.08333333333333333,0.125,0.18055555555555555,0.2638888888888889,1.0,1.0,1.0,0.6,0.45,0.26,0.19,1.0,1.0,1.0,1.0,1.0,1.0,1.0,0.013888888888888888,0.041666666666666664,0.06944444444444445,0.0787037037037037,0.09964004075846183,0.11723531513668196,0.1349453156784866,1.0
PLAIN-2540,21,0.0,0.0,0.13120507751234178,0.0879405409051344,0.11789459577896846,0.16930017807190054,0.18264003367341927,0.0,0.0,0.047619047619047616,0.047619047619047616,0.09523809523809523,0.19047619047619047,0.23809523809523808,0.0,0.0,0.2,0.1,0.1,0.08,0.05,0.0,0.0,0.2,0.2,0.2,0.2,0.2,0.0,0.0,0.009523809523809525,0.009523809523809525,0.01818181818181818,0.029018204018204017,0.031663706663706666,5.0
PLAIN-2550,25,0.0,0.0,0.0,0.0,0.053928411162827754,0.04878146416916508,0.09196551800350497,0.0,0.0,0.0,0.0,0.04,0.04,0.12,0.0,0.0,0.0,0.0,0.05,0.02,0.03,0.0,0.0,0.0,0.0,0.09090909090909091,0.09090909090909091,0.09090909090909091,0.0,0.0,0.0,0.0,0.0036363636363636364,0.0036363636363636364,0.0067457975986277875,11.0
PLAIN-2560,21,1.0,1.0,1.0,0.9216017310213247,0.7968482755088249,0.8129495648735016,0.8387552943898204,0.047619047619047616,0.14285714285714285,0.23809523809523808,0.42857142857142855,0.5714285714285714,0.6190476190476191,0.7142857142857143,1.0,1.0,1.0,0.9,0.6,0.26,0.15,1.0,1.0,1.0,1.0,1.0,1.0,1.0,0.047619047619047616,0.14285714285714285,0.23809523809523808,0.40576341647770214,0.5307994915137771,0.5462756819899676,0.5626833678713377,1.0
PLAIN-2570,40,0.0,0.0,0.06560253875617089,0.08802553921036953,0.1132662359099874,0.1253314253090089,0.14690453340539625,0.0,0.0,0.025,0.05,0.075,0.125,0.175,0.0,0.0,0.2,0.2,0.15,0.1,0.07,0.0,0.0,0.2,0.2,0.2,0.2,0.2,0.0,0.0,0.005,0.012142857142857143,0.016830357142857143,0.02546130952380952,0.02965018360775356,5.0
PLAIN-2580,23,0.0,0.0,0.0,0.0,0.0,0.020336340744257855,0.05223628577716438,0.0,0.0,0.0,0.0,0.0,0.043478260869565216,0.08695652173913043,0.0,0.0,0.0,0.0,0.0,0.02,0.02,0.0,0.0,0.0,0.0,0.0,0.03225806451612903,0.03225806451612903,0.0,0.0,0.0,0.0,0.0,0.001402524544179523,0.0024629699312420893,31.0
PLAIN-2590,63,0.0,0.11731968150568911,0.08479005131840403,0.130173335259171,0.1013984998361791,0.08898989147402506,0.0946516482585247,0.0,0.015873015873015872,0.015873015873015872,0.047619047619047616,0.047619047619047616,0.06349206349206349,0.07936507936507936,0.0,0.3333333333333333,0.2,0.3,0.15,0.08,0.05,0.0,0.3333333333333333,0.3333333333333333,0.3333333333333333,0.3333333333333333,0.3333333333333333,0.3333333333333333,0.0,0.005291005291005291,0.005291005291005291,0.015343915343915342,0.015343915343915342,0.017059917059917058,0.017941751275084607,3.0
PLAIN-2600,10,1.0,0.46927872602275644,0.36297209628774124,0.38175244715341683,0.48102395357077843,0.48102395357077843,0.48102395357077843,0.1,0.1,0.1,0.2,0.4,0.4,0.4,1.0,0.3333333333333333,0.2,0.2,0.2,0.08,0.04,1.0,1.0,1.0,1.0,1.0,1.0,1.0,0.1,0.1,0.1,0.13333333333333333,0.1733333333333333,0.1733333333333333,0.1733333333333333,1.0
PLAIN-2610,61,1.0,0.7653606369886217,0.5531464700081437,0.35895421017163476,0.28158736351955826,0.18701937331651847,0.2018575967611298,0.01639344262295082,0.03278688524590164,0.03278688524590164,0.03278688524590164,0.03278688524590164,0.03278688524590164,0.08196721311475409,1.0,0.6666666666666666,0.4,0.2,0.1,0.04,0.05,1.0,1.0,1.0,1.0,1.0,1.0,1.0,0.01639344262295082,0.03278688524590164,0.03278688524590164,0.03278688524590164,0.03278688524590164,0.03278688524590164,0.035385404920924034,1.0
PLAIN-2620,55,0.0,0.0,0.06560253875617089,0.042571558820810505,0.04597263725439445,0.03231060972861159,0.03845012373547923,0.0,0.0,0.01818181818181818,0.01818181818181818,0.03636363636363636,0.03636363636363636,0.05454545454545454,0.0,0.0,0.2,0.1,0.1,0.04,0.03,0.0,0.0,0.2,0.2,0.2,0.2,0.2,0.0,0.0,0.0036363636363636364,0.0036363636363636364,0.0060606060606060615,0.0060606060606060615,0.006680440771349863,5.0
PLAIN-2630,48,1.0,0.7653606369886217,0.6992148198508501,0.5199967979955746,0.33558895473006417,0.25726840942653156,0.3010119128614718,0.020833333333333332,0.041666666666666664,0.0625,0.08333333333333333,0.08333333333333333,0.10416666666666667,0.16666666666666666,1.0,0.6666666666666666,0.6,0.4,0.2,0.1,0.08,1.0,1.0,1.0,1.0,1.0,1.0,1.0,0.020833333333333332,0.041666666666666664,0.057291666666666664,0.06655092592592593,0.06655092592592593,0.06909157633243,0.07727729784362321,1.0
PLAIN-2640,48,0.5,0.5,0.42696582507864683,0.47307697307675367,0.47829576337473906,0.37894431612796037,0.40781294901284026,0.020833333333333332,0.0625,0.08333333333333333,0.14583333333333334,0.22916666666666666,0.3125,0.3541666666666667,1.0,1.0,0.8,0.7,0.55,0.3,0.17,1.0,1.0,1.0,1.0,1.0,1.0,1.0,0.020833333333333332,0.0625,0.07916666666666666,0.12835648148148146,0.180963480963481,0.2145718518480667,0.22434457912079397,1.0
PLAIN-2650,29,1.0,0.7653606369886217,0.6992148198508501,0.59839506697425,0.45838254334404316,0.39454321371546636,0.4865509648478427,0.034482758620689655,0.06896551724137931,0.10344827586206896,0.1724137931034483,0.1724137931034483,0.1724137931034483,0.3103448275862069,1.0,0.6666666666666666,0.6,0.5,0.25,0.1,0.09,1.0,1.0,1.0,1.0,1.0,1.0,1.0,0.034482758620689655,0.06896551724137931,0.09482758620689655,0.13697318007662834,0.13697318007662834,0.13697318007662834,0.14995358148692386,1.0
PLAIN-2660,27,0.0,0.0,0.0,0.0,0.0,0.0497025419576266,0.09883258101422929,0.0,0.0,0.0,0.0,0.0,0.07407407407407407,0.18518518518518517,0.0,0.0,0.0,0.0,0.0,0.04,0.05,0.0,0.0,0.0,0.0,0.0,0.03125,0.03125,0.0,0.0,0.0,0.0,0.0,0.0031067251461988302,0.007840782511835143,32.0
PLAIN-2670,35,0.0,0.0,0.0,0.19441134780781244,0.16631051323947416,0.1242509146267474,0.1242509146267474,0.0,0.0,0.0,0.05714285714285714,0.08571428571428572,0.08571428571428572,0.08571428571428572,0.0,0.0,0.0,0.2,0.15,0.06,0.03,0.0,0.0,0.0,0.14285714285714285,0.14285714285714285,0.14285714285714285,0.14285714285714285,0.0,0.0,0.0,0.011224489795918367,0.015510204081632652,0.015510204081632652,0.015510204081632652,7.0
PLAIN-2680,14,0.0,0.0,0.0,0.0,0.0,0.0,0.053950533515091846,0.0,0.0,0.0,0.0,0.0,0.0,0.14285714285714285,0.0,0.0,0.0,0.0,0.0,0.0,0.02,0.0,0.0,0.0,0.0,0.0,0.0,0.016129032258064516,0.0,0.0,0.0,0.0,0.0,0.0,0.002894234011464539,62.0
PLAIN-2690,43,0.0,0.1480409554829326,0.10699313236726378,0.2176385636923272,0.21367120432871012,0.17952042620151576,0.22669712555060179,0.0,0.023255813953488372,0.023255813953488372,0.09302325581395349,0.13953488372093023,0.18604651162790697,0.3023255813953488,0.0,0.3333333333333333,0.2,0.4,0.3,0.16,0.13,0.0,0.5,0.5,0.5,0.5,0.5,0.5,0.0,0.011627906976744186,0.011627906976744186,0.03968253968253968,0.05634920634920634,0.06709058850325549,0.08520320263571411,2.0
PLAIN-2700,10,1.0,0.46927872602275644,0.3937481555797838,0.39953120456797736,0.39953120456797736,0.39953120456797736,0.4496343556131721,0.1,0.1,0.1,0.2,0.2,0.2,0.4,1.0,0.3333333333333333,0.2,0.2,0.1,0.04,0.04,1.0,1.0,1.0,1.0,1.0,1.0,1.0,0.1,0.1,0.1,0.12857142857142856,0.12857142857142856,0.12857142857142856,0.13971693940734187,1.0
PLAIN-2710,21,1.0,1.0,0.7883291114011227,0.6204886361503895,0.46539584887101865,0.47370275700687187,0.47370275700687187,0.047619047619047616,0.14285714285714285,0.19047619047619047,0.19047619047619047,0.19047619047619047,0.23809523809523808,0.23809523809523808,1.0,1.0,0.8,0.4,0.2,0.1,0.05,1.0,1.0,1.0,1.0,1.0,1.0,1.0,0.047619047619047616,0.14285714285714285,0.18095238095238095,0.18095238095238095,0.18095238095238095,0.18721804511278195,0.18721804511278195,1.0
PLAIN-2720,36,0.0,0.0,0.0,0.0,0.0,0.0,0.04126122361308931,0.0,0.0,0.0,0.0,0.0,0.0,0.05555555555555555,0.0,0.0,0.0,0.0,0.0,0.0,0.02,0.0,0.0,0.0,0.0,0.0,0.0,0.016129032258064516,0.0,0.0,0.0,0.0,0.0,0.0,0.0011173727166731442,62.0
PLAIN-2730,29,0.0,0.2960819109658652,0.4912596920895758,0.4151863113328333,0.32089628009449006,0.2731971126709928,0.3003670026313842,0.0,0.034482758620689655,0.10344827586206896,0.13793103448275862,0.13793103448275862,0.13793103448275862,0.1724137931034483,0.0,0.3333333333333333,0.6,0.4,0.2,0.08,0.05,0.0,0.5,0.5,0.5,0.5,0.5,0.5,0.0,0.017241379310344827,0.055172413793103454,0.07241379310344828,0.07241379310344828,0.07241379310344828,0.07579445571331982,2.0
PLAIN-2740,50,1.0,0.7039180890341347,0.5087403079104241,0.4479710249494484,0.38401609413571014,0.242066495447958,0.2729969321288154,0.02,0.04,0.04,0.06,0.08,0.08,0.14,1.0,0.6666666666666666,0.4,0.3,0.2,0.08,0.07,1.0,1.0,1.0,1.0,1.0,1.0,1.0,0.02,0.03333333333333333,0.03333333333333333,0.04333333333333333,0.048039215686274506,0.048039215686274506,0.05321980176686059,1.0
PLAIN-2750,59,1.0,0.7346393630113782,0.530943388959284,0.5631069705136195,0.45663673302303176,0.3414372514291257,0.3667693211533353,0.01694915254237288,0.05084745762711865,0.05084745762711865,0.1016949152542373,0.11864406779661017,0.1694915254237288,0.2542372881355932,1.0,1.0,0.6,0.6,0.35,0.2,0.15,1.0,1.0,1.0,1.0,1.0,1.0,1.0,0.01694915254237288,0.05084745762711865,0.05084745762711865,0.08696529459241323,0.09355663169222492,0.1047118186137299,0.12188813992452281,1.0
PLAIN-2760,8,0.0,0.0,0.0,0.0,0.0,0.1460201844666534,0.17426540333476195,0.0,0.0,0.0,0.0,0.0,0.25,0.375,0.0,0.0,0.0,0.0,0.0,0.04,0.03,0.0,0.0,0.0,0.0,0.0,0.045454545454545456,0.045454545454545456,0.0,0.0,0.0,0.0,0.0,0.011931818181818182,0.016619318181818183,22.0
PLAIN-2770,41,0.0,0.2960819109658652,0.21398626473452756,0.20913592837445752,0.22818764962186347,0.22677413424365636,0.2877112562598739,0.0,0.024390243902439025,0.024390243902439025,0.04878048780487805,0.12195121951219512,0.24390243902439024,0.36585365853658536,0.0,0.3333333333333333,0.2,0.2,0.25,0.2,0.15,0.0,0.5,0.5,0.5,0.5,0.5,0.5,0.0,0.012195121951219513,0.012195121951219513,0.017073170731707315,0.03522220184607861,0.06007986230156516,0.0789999955806106,2.0
PLAIN-2780,22,1.0,0.5865984075284455,0.6281895090257151,0.46998185098525685,0.36324759168707516,0.3491067862390788,0.37704833101572766,0.045454545454545456,0.09090909090909091,0.18181818181818182,0.22727272727272727,0.22727272727272727,0.22727272727272727,0.3181818181818182,1.0,0.6666666666666666,0.8,0.5,0.25,0.1,0.07,1.0,1.0,1.0,1.0,1.0,1.0,1.0,0.045454545454545456,0.07575757575757575,0.1462121212121212,0.16893939393939394,0.16893939393939394,0.16893939393939394,0.17676236044657098,1.0
PLAIN-2790,59,1.0,0.46927872602275644,0.4777969189511402,0.47913165344634445,0.3670243924534608,0.314958631676583,0.3148339956030482,0.01694915254237288,0.01694915254237288,0.05084745762711865,0.1016949152542373,0.1016949152542373,0.15254237288135594,0.2033898305084746,1.0,0.3333333333333333,0.6,0.6,0.3,0.18,0.12,1.0,1.0,1.0,1.0,1.0,1.0,1.0,0.01694915254237288,0.01694915254237288,0.03559322033898305,0.06647834274952918,0.06647834274952918,0.08056199615521648,0.08840010370526391,1.0
PLAIN-2800,24,0.0,0.0,0.0,0.0,0.0,0.017630319870109278,0.017630319870109278,0.0,0.0,0.0,0.0,0.0,0.041666666666666664,0.041666666666666664,0.0,0.0,0.0,0.0,0.0,0.02,0.01,0.0,0.0,0.0,0.0,0.0,0.02040816326530612,0.02040816326530612,0.0,0.0,0.0,0.0,0.0,0.0008503401360544217,0.0008503401360544217,49.0
PLAIN-2810,8,0.0,0.0,0.0,0.0,0.0,0.0644929440165363,0.0644929440165363,0.0,0.0,0.0,0.0,0.0,0.25,0.25,0.0,0.0,0.0,0.0,0.0,0.04,0.02,0.0,0.0,0.0,0.0,0.0,0.03333333333333333,0.03333333333333333,0.0,0.0,0.0,0.0,0.0,0.010923423423423423,0.010923423423423423,30.0
PLAIN-2820,8,0.0,0.0,0.0,0.05835609105061253,0.05835609105061253,0.05835609105061253,0.05835609105061253,0.0,0.0,0.0,0.125,0.125,0.125,0.125,0.0,0.0,0.0,0.1,0.05,0.02,0.01,0.0,0.0,0.0,0.1,0.1,0.1,0.1,0.0,0.0,0.0,0.0125,0.0125,0.0125,0.0125,10.0
PLAIN-2830,3,0.0,0.4030302838010049,0.4030302838010049,0.4030302838010049,0.4030302838010049,0.4030302838010049,0.4030302838010049,0.0,0.3333333333333333,0.3333333333333333,0.3333333333333333,0.3333333333333333,0.3333333333333333,0.3333333333333333,0.0,0.3333333333333333,0.2,0.1,0.05,0.02,0.01,0.0,0.5,0.5,0.5,0.5,0.5,0.5,0.0,0.16666666666666666,0.16666666666666666,0.16666666666666666,0.16666666666666666,0.16666666666666666,0.16666666666666666,2.0
PLAIN-2840,17,0.0,0.0,0.0,0.0,0.0,0.0,0.0,0.0,0.0,0.0,0.0,0.0,0.0,0.0,0.0,0.0,0.0,0.0,0.0,0.0,0.0,0.0,0.0,0.0,0.0,0.0,0.0,0.0,0.0,0.0,0.0,0.0,0.0,0.0,0.0,
PLAIN-2850,9,0.0,0.0,0.0,0.0,0.0,0.0,0.0,0.0,0.0,0.0,0.0,0.0,0.0,0.0,0.0,0.0,0.0,0.0,0.0,0.0,0.0,0.0,0.0,0.0,0.0,0.0,0.0,0.0,0.0,0.0,0.0,0.0,0.0,0.0,0.0,
PLAIN-2860,2,1.0,0.9197207891481876,0.9197207891481876,0.9197207891481876,0.9197207891481876,0.9197207891481876,0.9197207891481876,0.5,1.0,1.0,1.0,1.0,1.0,1.0,1.0,0.6666666666666666,0.4,0.2,0.1,0.04,0.02,1.0,1.0,1.0,1.0,1.0,1.0,1.0,0.5,0.8333333333333333,0.8333333333333333,0.8333333333333333,0.8333333333333333,0.8333333333333333,0.8333333333333333,1.0
PLAIN-2870,5,0.0,0.0,0.0,0.0,0.0,0.0,0.0,0.0,0.0,0.0,0.0,0.0,0.0,0.0,0.0,0.0,0.0,0.0,0.0,0.0,0.0,0.0,0.0,0.0,0.0,0.0,0.0,0.0,0.0,0.0,0.0,0.0,0.0,0.0,0.0,
PLAIN-2880,17,0.0,0.0,0.0,0.0,0.0,0.022999290341343317,0.022999290341343317,0.0,0.0,0.0,0.0,0.0,0.058823529411764705,0.058823529411764705,0.0,0.0,0.0,0.0,0.0,0.02,0.01,0.0,0.0,0.0,0.0,0.0,0.029411764705882353,0.029411764705882353,0.0,0.0,0.0,0.0,0.0,0.0017301038062283738,0.0017301038062283738,34.0
PLAIN-2890,29,0.0,0.0,0.0,0.10860531196831713,0.074880583921992,0.06044941711609737,0.06044941711609737,0.0,0.0,0.0,0.034482758620689655,0.034482758620689655,0.034482758620689655,0.034482758620689655,0.0,0.0,0.0,0.1,0.05,0.02,0.01,0.0,0.0,0.0,0.1111111111111111,0.1111111111111111,0.1111111111111111,0.1111111111111111,0.0,0.0,0.0,0.0038314176245210726,0.0038314176245210726,0.0038314176245210726,0.0038314176245210726,9.0
PLAIN-2900,12,0.0,0.0,0.0,0.10026710274415573,0.09307317756849402,0.14581421300357328,0.16862261661454647,0.0,0.0,0.0,0.08333333333333333,0.08333333333333333,0.16666666666666666,0.25,0.0,0.0,0.0,0.1,0.05,0.04,0.03,0.0,0.0,0.0,0.16666666666666666,0.16666666666666666,0.16666666666666666,0.16666666666666666,0.0,0.0,0.0,0.013888888888888888,0.013888888888888888,0.019444444444444445,0.024252136752136753,6.0
PLAIN-2910,15,1.0,0.5316519652587917,0.43673949858938643,0.32391343968871883,0.26694151849573755,0.26694151849573755,0.26694151849573755,0.06666666666666667,0.06666666666666667,0.06666666666666667,0.06666666666666667,0.06666666666666667,0.06666666666666667,0.06666666666666667,1.0,0.3333333333333333,0.2,0.1,0.05,0.02,0.01,1.0,1.0,1.0,1.0,1.0,1.0,1.0,0.06666666666666667,0.06666666666666667,0.06666666666666667,0.06666666666666667,0.06666666666666667,0.06666666666666667,0.06666666666666667,1.0
PLAIN-2920,7,0.0,0.0,0.0,0.0,0.0,0.0,0.0461651444771445,0.0,0.0,0.0,0.0,0.0,0.0,0.14285714285714285,0.0,0.0,0.0,0.0,0.0,0.0,0.01,0.0,0.0,0.0,0.0,0.0,0.0,0.01639344262295082,0.0,0.0,0.0,0.0,0.0,0.0,0.00234192037470726,61.0
PLAIN-2930,14,1.0,0.6387878864795979,0.5065267082131061,0.4150816930657179,0.34804248639691354,0.34804248639691354,0.34804248639691354,0.07142857142857142,0.07142857142857142,0.07142857142857142,0.14285714285714285,0.14285714285714285,0.14285714285714285,0.14285714285714285,1.0,0.3333333333333333,0.2,0.2,0.1,0.04,0.02,1.0,1.0,1.0,1.0,1.0,1.0,1.0,0.07142857142857142,0.07142857142857142,0.07142857142857142,0.08730158730158731,0.08730158730158731,0.08730158730158731,0.08730158730158731,1.0
PLAIN-2940,22,0.0,0.0,0.0,0.0,0.0,0.0,0.03294913026326338,0.0,0.0,0.0,0.0,0.0,0.0,0.045454545454545456,0.0,0.0,0.0,0.0,0.0,0.0,0.01,0.0,0.0,0.0,0.0,0.0,0.0,0.01,0.0,0.0,0.0,0.0,0.0,0.0,0.00045454545454545455,100.0
PLAIN-2950,2,0.5,0.38009376671593426,0.38009376671593426,0.38009376671593426,0.38009376671593426,0.38009376671593426,0.38009376671593426,0.5,0.5,0.5,0.5,0.5,0.5,0.5,1.0,0.3333333333333333,0.2,0.1,0.05,0.02,0.01,1.0,1.0,1.0,1.0,1.0,1.0,1.0,0.5,0.5,0.5,0.5,0.5,0.5,0.5,1.0
PLAIN-2960,2,0.0,0.0,0.0,0.21974347732050664,0.21974347732050664,0.21974347732050664,0.21974347732050664,0.0,0.0,0.0,0.5,0.5,0.5,0.5,0.0,0.0,0.0,0.1,0.05,0.02,0.01,0.0,0.0,0.0,0.1,0.1,0.1,0.1,0.0,0.0,0.0,0.05,0.05,0.05,0.05,10.0
PLAIN-2970,9,0.0,0.0,0.0,0.0,0.0,0.0,0.0,0.0,0.0,0.0,0.0,0.0,0.0,0.0,0.0,0.0,0.0,0.0,0.0,0.0,0.0,0.0,0.0,0.0,0.0,0.0,0.0,0.0,0.0,0.0,0.0,0.0,0.0,0.0,0.0,
PLAIN-2981,7,1.0,0.6387878864795979,0.5065267082131061,0.43122038713502525,0.43122038713502525,0.43122038713502525,0.43122038713502525,0.14285714285714285,0.14285714285714285,0.14285714285714285,0.14285714285714285,0.14285714285714285,0.14285714285714285,0.14285714285714285,1.0,0.3333333333333333,0.2,0.1,0.05,0.02,0.01,1.0,1.0,1.0,1.0,1.0,1.0,1.0,0.14285714285714285,0.14285714285714285,0.14285714285714285,0.14285714285714285,0.14285714285714285,0.14285714285714285,0.14285714285714285,1.0
PLAIN-2991,2,0.0,0.0,0.0,0.0,0.0,0.12155021559723776,0.12155021559723776,0.0,0.0,0.0,0.0,0.0,0.5,0.5,0.0,0.0,0.0,0.0,0.0,0.02,0.01,0.0,0.0,0.0,0.0,0.0,0.03125,0.03125,0.0,0.0,0.0,0.0,0.0,0.015625,0.015625,32.0
PLAIN-3001,2,0.0,0.0,0.0,0.0,0.0,0.0,0.0,0.0,0.0,0.0,0.0,0.0,0.0,0.0,0.0,0.0,0.0,0.0,0.0,0.0,0.0,0.0,0.0,0.0,0.0,0.0,0.0,0.0,0.0,0.0,0.0,0.0,0.0,0.0,0.0,
PLAIN-3014,1,0.0,0.0,0.0,0.0,0.0,0.0,0.0,0.0,0.0,0.0,0.0,0.0,0.0,0.0,0.0,0.0,0.0,0.0,0.0,0.0,0.0,0.0,0.0,0.0,0.0,0.0,0.0,0.0,0.0,0.0,0.0,0.0,0.0,0.0,0.0,
PLAIN-3026,1,0.0,0.0,0.0,0.0,0.0,0.0,0.0,0.0,0.0,0.0,0.0,0.0,0.0,0.0,0.0,0.0,0.0,0.0,0.0,0.0,0.0,0.0,0.0,0.0,0.0,0.0,0.0,0.0,0.0,0.0,0.0,0.0,0.0,0.0,0.0,
PLAIN-3037,4,0.0,0.0,0.0,0.0,0.0,0.1565798984374948,0.1565798984374948,0.0,0.0,0.0,0.0,0.0,0.5,0.5,0.0,0.0,0.0,0.0,0.0,0.04,0.02,0.0,0.0,0.0,0.0,0.0,0.045454545454545456,0.045454545454545456,0.0,0.0,0.0,0.0,0.0,0.022233201581027668,0.022233201581027668,22.0
PLAIN-3053,3,0.0,0.0,0.0,0.0,0.0,0.0,0.0,0.0,0.0,0.0,0.0,0.0,0.0,0.0,0.0,0.0,0.0,0.0,0.0,0.0,0.0,0.0,0.0,0.0,0.0,0.0,0.0,0.0,0.0,0.0,0.0,0.0,0.0,0.0,0.0,
PLAIN-3063,4,0.0,0.0,0.0,0.11284514134893527,0.11284514134893527,0.19494593759584525,0.19494593759584525,0.0,0.0,0.0,0.25,0.25,0.5,0.5,0.0,0.0,0.0,0.1,0.05,0.04,0.02,0.0,0.0,0.0,0.1,0.1,0.1,0.1,0.0,0.0,0.0,0.025,0.025,0.04423076923076923,0.04423076923076923,10.0
PLAIN-3074,1,0.0,0.0,0.0,0.3562071871080222,0.3562071871080222,0.3562071871080222,0.3562071871080222,0.0,0.0,0.0,1.0,1.0,1.0,1.0,0.0,0.0,0.0,0.1,0.05,0.02,0.01,0.0,0.0,0.0,0.16666666666666666,0.16666666666666666,0.16666666666666666,0.16666666666666666,0.0,0.0,0.0,0.16666666666666666,0.16666666666666666,0.16666666666666666,0.16666666666666666,6.0
PLAIN-3085,2,0.0,0.0,0.2640681225725909,0.46845052016107697,0.46845052016107697,0.46845052016107697,0.46845052016107697,0.0,0.0,0.5,1.0,1.0,1.0,1.0,0.0,0.0,0.2,0.2,0.1,0.04,0.02,0.0,0.0,0.25,0.25,0.25,0.25,0.25,0.0,0.0,0.125,0.26785714285714285,0.26785714285714285,0.26785714285714285,0.26785714285714285,4.0
PLAIN-3097,4,0.0,0.0,0.0,0.0,0.0,0.08846627460355592,0.08846627460355592,0.0,0.0,0.0,0.0,0.0,0.25,0.25,0.0,0.0,0.0,0.0,0.0,0.02,0.01,0.0,0.0,0.0,0.0,0.0,0.024390243902439025,0.024390243902439025,0.0,0.0,0.0,0.0,0.0,0.006097560975609756,0.006097560975609756,41.0
PLAIN-3116,1,0.0,0.0,0.0,0.0,0.0,0.0,0.0,0.0,0.0,0.0,0.0,0.0,0.0,0.0,0.0,0.0,0.0,0.0,0.0,0.0,0.0,0.0,0.0,0.0,0.0,0.0,0.0,0.0,0.0,0.0,0.0,0.0,0.0,0.0,0.0,
PLAIN-3131,6,0.0,0.0,0.0,0.10635993666584086,0.10635993666584086,0.1425218644616261,0.20361825366955172,0.0,0.0,0.0,0.16666666666666666,0.16666666666666666,0.3333333333333333,0.5,0.0,0.0,0.0,0.1,0.05,0.04,0.03,0.0,0.0,0.0,0.1,0.1,0.1,0.1,0.0,0.0,0.0,0.016666666666666666,0.016666666666666666,0.02676767676767677,0.03458017676767677,10.0
PLAIN-3141,34,0.0,0.11731968150568911,0.09843703889494596,0.07491210085649576,0.08398446343082412,0.11117940199492049,0.11117940199492049,0.0,0.029411764705882353,0.029411764705882353,0.029411764705882353,0.058823529411764705,0.11764705882352941,0.11764705882352941,0.0,0.3333333333333333,0.2,0.1,0.1,0.08,0.04,0.0,0.3333333333333333,0.3333333333333333,0.3333333333333333,0.3333333333333333,0.3333333333333333,0.3333333333333333,0.0,0.00980392156862745,0.00980392156862745,0.00980392156862745,0.014705882352941176,0.02033651298357181,0.02033651298357181,3.0
PLAIN-3151,18,0.0,0.0,0.0,0.0,0.0,0.046394999989831646,0.08052171330453645,0.0,0.0,0.0,0.0,0.0,0.05555555555555555,0.1111111111111111,0.0,0.0,0.0,0.0,0.0,0.02,0.02,0.0,0.0,0.0,0.0,0.0,0.045454545454545456,0.045454545454545456,0.0,0.0,0.0,0.0,0.0,0.0025252525252525255,0.004112554112554113,22.0
PLAIN-3161,43,1.0,0.6387878864795979,0.6045023477188619,0.4305632287247474,0.2968623301929535,0.26530463276451643,0.2786939568440096,0.023255813953488372,0.023255813953488372,0.046511627906976744,0.046511627906976744,0.046511627906976744,0.16279069767441862,0.18604651162790697,1.0,0.3333333333333333,0.4,0.2,0.1,0.14,0.08,1.0,1.0,1.0,1.0,1.0,1.0,1.0,0.023255813953488372,0.023255813953488372,0.03255813953488372,0.03255813953488372,0.03255813953488372,0.048366932007669776,0.05152026271322752,1.0
PLAIN-3171,34,0.0,0.0,0.0,0.0,0.0,0.035589330237443845,0.035589330237443845,0.0,0.0,0.0,0.0,0.0,0.058823529411764705,0.058823529411764705,0.0,0.0,0.0,0.0,0.0,0.04,0.02,0.0,0.0,0.0,0.0,0.0,0.03333333333333333,0.03333333333333333,0.0,0.0,0.0,0.0,0.0,0.00248868778280543,0.00248868778280543,30.0
PLAIN-3181,27,0.0,0.0,0.0,0.0,0.0,0.0,0.0,0.0,0.0,0.0,0.0,0.0,0.0,0.0,0.0,0.0,0.0,0.0,0.0,0.0,0.0,0.0,0.0,0.0,0.0,0.0,0.0,0.0,0.0,0.0,0.0,0.0,0.0,0.0,0.0,
PLAIN-3191,16,0.0,0.0,0.0,0.04068375609634695,0.033350023594883746,0.07992554013812354,0.0979741003825377,0.0,0.0,0.0,0.0625,0.0625,0.125,0.1875,0.0,0.0,0.0,0.1,0.05,0.04,0.03,0.0,0.0,0.0,0.1,0.1,0.1,0.1,0.0,0.0,0.0,0.00625,0.00625,0.010416666666666668,0.012675702811244981,10.0
PLAIN-3201,32,1.0,0.6387878864795979,0.5065267082131061,0.36077903708155934,0.24874791549203612,0.18939715152279207,0.2037135127832402,0.03125,0.03125,0.03125,0.03125,0.03125,0.03125,0.0625,1.0,0.3333333333333333,0.2,0.1,0.05,0.02,0.02,1.0,1.0,1.0,1.0,1.0,1.0,1.0,0.03125,0.03125,0.03125,0.03125,0.03125,0.03125,0.031894329896907214,1.0
PLAIN-3211,18,0.0,0.0,0.0,0.0,0.0,0.0,0.0,0.0,0.0,0.0,0.0,0.0,0.0,0.0,0.0,0.0,0.0,0.0,0.0,0.0,0.0,0.0,0.0,0.0,0.0,0.0,0.0,0.0,0.0,0.0,0.0,0.0,0.0,0.0,0.0,
PLAIN-3221,24,0.0,0.0,0.0,0.0,0.0,0.0,0.019482561142785876,0.0,0.0,0.0,0.0,0.0,0.0,0.041666666666666664,0.0,0.0,0.0,0.0,0.0,0.0,0.01,0.0,0.0,0.0,0.0,0.0,0.0,0.018867924528301886,0.0,0.0,0.0,0.0,0.0,0.0,0.0007861635220125786,53.0
PLAIN-3231,8,0.0,0.0,0.0,0.06378618161725273,0.11217784978700483,0.17777825049947008,0.20509811067294562,0.0,0.0,0.0,0.125,0.25,0.375,0.5,0.0,0.0,0.0,0.1,0.1,0.06,0.04,0.0,0.0,0.0,0.16666666666666666,0.16666666666666666,0.16666666666666666,0.16666666666666666,0.0,0.0,0.0,0.020833333333333332,0.041666666666666664,0.050387596899224806,0.05576394098524631,6.0
PLAIN-3241,29,0.0,0.0,0.0,0.0,0.0,0.020667908873967876,0.055401713201653276,0.0,0.0,0.0,0.0,0.0,0.034482758620689655,0.06896551724137931,0.0,0.0,0.0,0.0,0.0,0.02,0.02,0.0,0.0,0.0,0.0,0.0,0.03571428571428571,0.03571428571428571,0.0,0.0,0.0,0.0,0.0,0.0012315270935960591,0.00250866630176975,28.0
PLAIN-3251,21,0.0,0.0,0.0,0.0,0.0,0.0,0.0,0.0,0.0,0.0,0.0,0.0,0.0,0.0,0.0,0.0,0.0,0.0,0.0,0.0,0.0,0.0,0.0,0.0,0.0,0.0,0.0,0.0,0.0,0.0,0.0,0.0,0.0,0.0,0.0,
PLAIN-3261,13,0.0,0.0,0.0,0.0,0.0,0.0,0.020525691113656246,0.0,0.0,0.0,0.0,0.0,0.0,0.07692307692307693,0.0,0.0,0.0,0.0,0.0,0.0,0.01,0.0,0.0,0.0,0.0,0.0,0.0,0.011111111111111112,0.0,0.0,0.0,0.0,0.0,0.0,0.0008547008547008547,90.0
PLAIN-3271,49,0.0,0.0,0.0,0.0,0.0,0.0,0.0,0.0,0.0,0.0,0.0,0.0,0.0,0.0,0.0,0.0,0.0,0.0,0.0,0.0,0.0,0.0,0.0,0.0,0.0,0.0,0.0,0.0,0.0,0.0,0.0,0.0,0.0,0.0,0.0,
PLAIN-3281,26,0.0,0.0,0.0,0.0,0.0,0.05985269798231677,0.07566863658155029,0.0,0.0,0.0,0.0,0.0,0.07692307692307693,0.11538461538461539,0.0,0.0,0.0,0.0,0.0,0.04,0.03,0.0,0.0,0.0,0.0,0.0,0.038461538461538464,0.038461538461538464,0.0,0.0,0.0,0.0,0.0,0.003017751479289941,0.004460059171597633,26.0
PLAIN-3292,7,0.0,0.4030302838010049,0.31958277119025663,0.420741737675094,0.420741737675094,0.5046175707122526,0.5046175707122526,0.0,0.14285714285714285,0.14285714285714285,0.42857142857142855,0.42857142857142855,0.7142857142857143,0.7142857142857143,0.0,0.3333333333333333,0.2,0.3,0.15,0.1,0.05,0.0,0.5,0.5,0.5,0.5,0.5,0.5,0.0,0.07142857142857142,0.07142857142857142,0.18027210884353742,0.18027210884353742,0.21729156778990663,0.21729156778990663,2.0
PLAIN-3302,37,0.0,0.0,0.0,0.0,0.0,0.03244882420531007,0.0893574336642212,0.0,0.0,0.0,0.0,0.0,0.05405405405405406,0.16216216216216217,0.0,0.0,0.0,0.0,0.0,0.04,0.06,0.0,0.0,0.0,0.0,0.0,0.027777777777777776,0.027777777777777776,0.0,0.0,0.0,0.0,0.0,0.0019792519792519794,0.008940816653943024,36.0
PLAIN-3312,13,0.5,0.23463936301137822,0.16958010263680806,0.19934217403734153,0.1813476146190894,0.27112161031267346,0.3066037203910046,0.07692307692307693,0.07692307692307693,0.07692307692307693,0.15384615384615385,0.15384615384615385,0.38461538461538464,0.5384615384615384,1.0,0.3333333333333333,0.2,0.2,0.1,0.1,0.07,1.0,1.0,1.0,1.0,1.0,1.0,1.0,0.07692307692307693,0.07692307692307693,0.07692307692307693,0.09615384615384616,0.09615384615384616,0.12400222965440358,0.1370857273532859,1.0
PLAIN-3322,79,0.0,0.23463936301137822,0.16958010263680806,0.18340980524840014,0.1183666996947144,0.07917943266839272,0.11134353640246321,0.0,0.012658227848101266,0.012658227848101266,0.02531645569620253,0.02531645569620253,0.0379746835443038,0.11392405063291139,0.0,0.3333333333333333,0.2,0.2,0.1,0.06,0.09,0.0,0.3333333333333333,0.3333333333333333,0.3333333333333333,0.3333333333333333,0.3333333333333333,0.3333333333333333,0.0,0.004219409282700422,0.004219409282700422,0.007836045810729355,0.007836045810729355,0.008809755645198683,0.014940479435521032,3.0
PLAIN-3332,14,1.0,0.8403030283801005,0.7753926834409677,0.5522816885190269,0.6137979688529764,0.6745796863942137,0.6745796863942137,0.07142857142857142,0.14285714285714285,0.21428571428571427,0.21428571428571427,0.5,0.6428571428571429,0.6428571428571429,1.0,0.6666666666666666,0.6,0.3,0.35,0.18,0.09,1.0,1.0,1.0,1.0,1.0,1.0,1.0,0.07142857142857142,0.14285714285714285,0.19642857142857142,0.19642857142857142,0.2964222052457347,0.3362071514822938,0.3362071514822938,1.0
PLAIN-3342,3,0.0,0.0,0.0,0.0,0.0,0.0,0.1471628411387918,0.0,0.0,0.0,0.0,0.0,0.0,0.6666666666666666,0.0,0.0,0.0,0.0,0.0,0.0,0.02,0.0,0.0,0.0,0.0,0.0,0.0,0.014084507042253521,0.0,0.0,0.0,0.0,0.0,0.0,0.011639280125195618,71.0
PLAIN-3352,39,0.0,0.0,0.0,0.0,0.0,0.0,0.012655048698289503,0.0,0.0,0.0,0.0,0.0,0.0,0.02564102564102564,0.0,0.0,0.0,0.0,0.0,0.0,0.01,0.0,0.0,0.0,0.0,0.0,0.0,0.01282051282051282,0.0,0.0,0.0,0.0,0.0,0.0,0.00032873109796186715,78.0
PLAIN-3362,11,0.0,0.0,0.0,0.0,0.0,0.0,0.04750665623079913,0.0,0.0,0.0,0.0,0.0,0.0,0.09090909090909091,0.0,0.0,0.0,0.0,0.0,0.0,0.01,0.0,0.0,0.0,0.0,0.0,0.0,0.01098901098901099,0.0,0.0,0.0,0.0,0.0,0.0,0.000999000999000999,91.0
PLAIN-3372,14,0.0,0.0,0.0,0.0,0.0,0.05723503272667239,0.05723503272667239,0.0,0.0,0.0,0.0,0.0,0.07142857142857142,0.07142857142857142,0.0,0.0,0.0,0.0,0.0,0.02,0.01,0.0,0.0,0.0,0.0,0.0,0.02631578947368421,0.02631578947368421,0.0,0.0,0.0,0.0,0.0,0.0018796992481203006,0.0018796992481203006,38.0
PLAIN-3382,14,0.0,0.30063051302795313,0.24696084675730837,0.24085182087182422,0.2053410531450496,0.286330720788565,0.3085674779636393,0.0,0.14285714285714285,0.14285714285714285,0.21428571428571427,0.21428571428571427,0.35714285714285715,0.42857142857142855,0.0,0.6666666666666666,0.4,0.3,0.15,0.1,0.06,0.0,0.5,0.5,0.5,0.5,0.5,0.5,0.0,0.08333333333333333,0.08333333333333333,0.11904761904761904,0.11904761904761904,0.13790970933828076,0.14378055082556057,2.0
PLAIN-3392,23,0.0,0.0,0.0,0.0,0.0,0.023500790262685263,0.043258921760680365,0.0,0.0,0.0,0.0,0.0,0.043478260869565216,0.08695652173913043,0.0,0.0,0.0,0.0,0.0,0.02,0.02,0.0,0.0,0.0,0.0,0.0,0.022222222222222223,0.022222222222222223,0.0,0.0,0.0,0.0,0.0,0.0009661835748792271,0.0018912529550827422,45.0
PLAIN-3402,14,0.0,0.0,0.0,0.0,0.0,0.03886843091227489,0.03886843091227489,0.0,0.0,0.0,0.0,0.0,0.07142857142857142,0.07142857142857142,0.0,0.0,0.0,0.0,0.0,0.02,0.01,0.0,0.0,0.0,0.0,0.0,0.043478260869565216,0.043478260869565216,0.0,0.0,0.0,0.0,0.0,0.003105590062111801,0.003105590062111801,23.0
PLAIN-3412,49,0.0,0.0,0.0,0.0,0.0,0.0,0.04289405049239696,0.0,0.0,0.0,0.0,0.0,0.0,0.08163265306122448,0.0,0.0,0.0,0.0,0.0,0.0,0.04,0.0,0.0,0.0,0.0,0.0,0.0,0.01282051282051282,0.0,0.0,0.0,0.0,0.0,0.0,0.002215914286330845,78.0
PLAIN-3422,31,0.0,0.1480409554829326,0.10699313236726378,0.14891014833907057,0.15805494725957195,0.17518324553425904,0.22440700022679,0.0,0.03225806451612903,0.03225806451612903,0.0967741935483871,0.16129032258064516,0.22580645161290322,0.3225806451612903,0.0,0.3333333333333333,0.2,0.3,0.25,0.14,0.1,0.0,0.5,0.5,0.5,0.5,0.5,0.5,0.0,0.016129032258064516,0.016129032258064516,0.03609831029185868,0.05222734254992319,0.06511220513179257,0.07765107213540984,2.0
PLAIN-3432,42,1.0,0.46927872602275644,0.48522855511632257,0.314880130667631,0.2387233649201035,0.21182649451095362,0.24055710887773712,0.023809523809523808,0.023809523809523808,0.047619047619047616,0.047619047619047616,0.07142857142857142,0.16666666666666666,0.21428571428571427,1.0,0.3333333333333333,0.4,0.2,0.15,0.14,0.09,1.0,1.0,1.0,1.0,1.0,1.0,1.0,0.023809523809523808,0.023809523809523808,0.03571428571428571,0.03571428571428571,0.04047619047619048,0.05323486807892781,0.059319524163583895,1.0
PLAIN-3442,29,0.0,0.0,0.0,0.0,0.053119899735527575,0.04427008470540527,0.05890493829475448,0.0,0.0,0.0,0.0,0.06896551724137931,0.06896551724137931,0.10344827586206896,0.0,0.0,0.0,0.0,0.1,0.04,0.03,0.0,0.0,0.0,0.0,0.08333333333333333,0.08333333333333333,0.08333333333333333,0.0,0.0,0.0,0.0,0.006930358350236646,0.006930358350236646,0.008654496281271129,12.0
PLAIN-3452,17,1.0,0.5316519652587917,0.5212164491191416,0.38656685141100744,0.2992265737307559,0.32366751117036596,0.3452547031036581,0.058823529411764705,0.058823529411764705,0.11764705882352941,0.11764705882352941,0.11764705882352941,0.17647058823529413,0.23529411764705882,1.0,0.3333333333333333,0.4,0.2,0.1,0.06,0.04,1.0,1.0,1.0,1.0,1.0,1.0,1.0,0.058823529411764705,0.058823529411764705,0.08235294117647059,0.08235294117647059,0.08235294117647059,0.0875432525951557,0.09182132746146586,1.0
PLAIN-3462,64,0.0,0.2960819109658652,0.21398626473452756,0.347911811364081,0.30186221514941375,0.30188078959344666,0.3278983003289398,0.0,0.015625,0.015625,0.0625,0.09375,0.1875,0.296875,0.0,0.3333333333333333,0.2,0.4,0.3,0.24,0.19,0.0,0.5,0.5,0.5,0.5,0.5,0.5,0.0,0.0078125,0.0078125,0.025080605158730156,0.036525232351712615,0.06282143251782557,0.08567550074161526,2.0
PLAIN-3472,17,0.0,0.0,0.0,0.0,0.0,0.0452558221389199,0.0452558221389199,0.0,0.0,0.0,0.0,0.0,0.058823529411764705,0.058823529411764705,0.0,0.0,0.0,0.0,0.0,0.02,0.01,0.0,0.0,0.0,0.0,0.0,0.038461538461538464,0.038461538461538464,0.0,0.0,0.0,0.0,0.0,0.0022624434389140274,0.0022624434389140274,26.0
