query_id,n_relevant,ndcg@1,ndcg@3,ndcg@5,ndcg@10,ndcg@20,ndcg@50,ndcg@100,recall@1,recall@3,recall@5,recall@10,recall@20,recall@50,recall@100,precision@1,precision@3,precision@5,precision@10,precision@20,precision@50,precision@100,mrr@1,mrr@3,mrr@5,mrr@10,mrr@20,mrr@50,mrr@100,map@1,map@3,map@5,map@10,map@20,map@50,map@100,first_relevant_rank
PLAIN-2,24,0.0,0.2960819109658652,0.36005461457723403,0.44729977067529175,0.391749198822168,0.41348853027547794,0.44098843064151616,0.0,0.041666666666666664,0.08333333333333333,0.20833333333333334,0.2916666666666667,0.375,0.4583333333333333,0.0,0.3333333333333333,0.4,0.5,0.35,0.18,0.11,0.0,0.5,0.5,0.5,0.5,0.5,0.5,0.0,0.020833333333333332,0.041666666666666664,0.10185185185185186,0.14280829124579125,0.1639179287347391,0.17519976705146115,2.0
PLAIN-12,30,0.0,0.11731968150568911,0.08479005131840403,0.0611130472053797,0.046824072874482744,0.12937793131502165,0.15504627999832268,0.0,0.03333333333333333,0.03333333333333333,0.03333333333333333,0.03333333333333333,0.13333333333333333,0.16666666666666666,0.0,0.3333333333333333,0.2,0.1,0.05,0.08,0.05,0.0,0.3333333333333333,0.3333333333333333,0.3333333333333333,0.3333333333333333,0.3333333333333333,0.3333333333333333,0.0,0.01111111111111111,0.01111111111111111,0.01111111111111111,0.01111111111111111,0.019405919076971707,0.021893481266026433,3.0
PLAIN-23,90,0.0,0.11731968150568911,0.2308584011611105,0.2926064499802082,0.25163595589038523,0.19181974085427891,0.15384158929264785,0.0,0.011111111111111112,0.022222222222222223,0.044444444444444446,0.05555555555555555,0.06666666666666667,0.08888888888888889,0.0,0.3333333333333333,0.4,0.4,0.25,0.12,0.08,0.0,0.3333333333333333,0.3333333333333333,0.3333333333333333,0.3333333333333333,0.3333333333333333,0.3333333333333333,0.0,0.0037037037037037034,0.009259259259259259,0.019576719576719578,0.023544973544973546,0.026322751322751324,0.029229412562745895,3.0
PLAIN-33,32,0.0,0.23463936301137822,0.3156484524795145,0.35576956308259566,0.27712664742072485,0.25397425694457393,0.2779375427141466,0.0,0.03125,0.0625,0.125,0.125,0.15625,0.21875,0.0,0.3333333333333333,0.4,0.4,0.2,0.1,0.07,0.0,0.3333333333333333,0.3333333333333333,0.3333333333333333,0.3333333333333333,0.3333333333333333,0.3333333333333333,0.0,0.010416666666666666,0.026041666666666664,0.053323412698412696,0.053323412698412696,0.05743525480367585,0.06366458876683126,3.0
PLAIN-44,58,0.5,0.5307212739772434,0.38356636737133565,0.32839580572892163,0.2981108795090423,0.27837743240062596,0.2659911069633643,0.017241379310344827,0.034482758620689655,0.034482758620689655,0.05172413793103448,0.08620689655172414,0.15517241379310345,0.1724137931034483,1.0,0.6666666666666666,0.4,0.3,0.25,0.18,0.1,1.0,1.0,1.0,1.0,1.0,1.0,1.0,0.017241379310344827,0.034482758620689655,0.034482758620689655,0.040948275862068964,0.051528213166144206,0.06824732793182392,0.07098405480648183,1.0
PLAIN-56,50,0.5,0.5307212739772434,0.5509127178047296,0.562102630245919,0.44004016382737426,0.28471475680489783,0.3169278145295449,0.02,0.04,0.06,0.1,0.12,0.14,0.2,1.0,0.6666666666666666,0.6,0.5,0.3,0.14,0.1,1.0,1.0,1.0,1.0,1.0,1.0,1.0,0.02,0.04,0.052000000000000005,0.07644444444444444,0.08276023391812865,0.08556023391812864,0.0939232474122772,1.0
PLAIN-68,55,1.0,0.6387878864795979,0.5065267082131061,0.36077903708155934,0.24874791549203612,0.14390836569559712,0.14726293641068022,0.01818181818181818,0.01818181818181818,0.01818181818181818,0.01818181818181818,0.01818181818181818,0.01818181818181818,0.03636363636363636,1.0,0.3333333333333333,0.2,0.1,0.05,0.02,0.02,1.0,1.0,1.0,1.0,1.0,1.0,1.0,0.01818181818181818,0.01818181818181818,0.01818181818181818,0.01818181818181818,0.01818181818181818,0.01818181818181818,0.01888111888111888,1.0
PLAIN-78,62,0.0,0.0,0.0,0.038356439954197026,0.029099264978034545,0.03042689637698356,0.06314674419336717,0.0,0.0,0.0,0.016129032258064516,0.016129032258064516,0.03225806451612903,0.08064516129032258,0.0,0.0,0.0,0.1,0.05,0.04,0.05,0.0,0.0,0.0,0.1111111111111111,0.1111111111111111,0.1111111111111111,0.1111111111111111,0.0,0.0,0.0,0.0017921146953405018,0.0017921146953405018,0.0026881720430107525,0.005368142315778197,9.0
PLAIN-91,64,0.0,0.23463936301137822,0.16958010263680806,0.11768826558093264,0.09096091466613618,0.1546612394139332,0.17835752117018125,0.0,0.015625,0.015625,0.015625,0.015625,0.125,0.203125,0.0,0.3333333333333333,0.2,0.1,0.05,0.16,0.13,0.0,0.3333333333333333,0.3333333333333333,0.3333333333333333,0.3333333333333333,0.3333333333333333,0.3333333333333333,0.0,0.005208333333333333,0.005208333333333333,0.005208333333333333,0.005208333333333333,0.021896067504620136,0.03479601947782075,3.0
PLAIN-102,24,0.0,0.0,0.0,0.05769014760900126,0.0963917681482634,0.08752215299492143,0.08752215299492143,0.0,0.0,0.0,0.041666666666666664,0.08333333333333333,0.08333333333333333,0.08333333333333333,0.0,0.0,0.0,0.1,0.1,0.04,0.02,0.0,0.0,0.0,0.16666666666666666,0.16666666666666666,0.16666666666666666,0.16666666666666666,0.0,0.0,0.0,0.006944444444444444,0.01184640522875817,0.01184640522875817,0.01184640522875817,6.0
PLAIN-112,56,1.0,0.8519590445170673,0.7371248786166262,0.7188226525564556,0.5556231921527518,0.3864242337284109,0.3620584704577875,0.017857142857142856,0.05357142857142857,0.07142857142857142,0.10714285714285714,0.125,0.17857142857142858,0.17857142857142858,1.0,1.0,0.8,0.6,0.35,0.2,0.1,1.0,1.0,1.0,1.0,1.0,1.0,1.0,0.017857142857142856,0.05357142857142857,0.07142857142857142,0.10161564625850339,0.10786564625850338,0.12704931972789116,0.12704931972789116,1.0
PLAIN-123,51,0.0,0.0,0.0,0.0,0.0,0.0,0.009928566307854384,0.0,0.0,0.0,0.0,0.0,0.0,0.0196078431372549,0.0,0.0,0.0,0.0,0.0,0.0,0.01,0.0,0.0,0.0,0.0,0.0,0.0,0.014285714285714285,0.0,0.0,0.0,0.0,0.0,0.0,0.00028011204481792715,70.0
PLAIN-133,36,0.0,0.0,0.0,0.0,0.0,0.0,0.024906321430388907,0.0,0.0,0.0,0.0,0.0,0.0,0.027777777777777776,0.0,0.0,0.0,0.0,0.0,0.0,0.01,0.0,0.0,0.0,0.0,0.0,0.0,0.015384615384615385,0.0,0.0,0.0,0.0,0.0,0.0,0.00042735042735042735,65.0
PLAIN-143,51,0.5,0.5316519652587917,0.624832962616563,0.46341536500756986,0.32998359297477337,0.2368871029758543,0.25644183486132327,0.0196078431372549,0.0392156862745098,0.058823529411764705,0.058823529411764705,0.058823529411764705,0.11764705882352941,0.1568627450980392,1.0,0.6666666666666666,0.6,0.3,0.15,0.12,0.08,1.0,1.0,1.0,1.0,1.0,1.0,1.0,0.0196078431372549,0.0326797385620915,0.04738562091503268,0.04738562091503268,0.04738562091503268,0.0555898350015997,0.05999347733627652,1.0
PLAIN-153,47,0.5,0.680606056760201,0.7467366458934469,0.758577720749728,0.5859092571975665,0.4089782394409356,0.4330132918950882,0.02127659574468085,0.06382978723404255,0.10638297872340426,0.1702127659574468,0.2127659574468085,0.2978723404255319,0.3404255319148936,1.0,1.0,1.0,0.8,0.5,0.28,0.16,1.0,1.0,1.0,1.0,1.0,1.0,1.0,0.02127659574468085,0.06382978723404255,0.10638297872340426,0.15818980074299221,0.18596757852076998,0.21366862239439308,0.2226137609396677,1.0
PLAIN-165,36,0.5,0.617319681505689,0.5941231586290995,0.45213686311614615,0.35946508381472275,0.3126390863670896,0.36412015025869515,0.027777777777777776,0.08333333333333333,0.1111111111111111,0.1111111111111111,0.1388888888888889,0.2222222222222222,0.3055555555555556,1.0,1.0,0.8,0.4,0.25,0.16,0.11,1.0,1.0,1.0,1.0,1.0,1.0,1.0,0.027777777777777776,0.08333333333333333,0.10555555555555556,0.10555555555555556,0.11818181818181817,0.13690700104493206,0.14853803570228252,1.0
PLAIN-175,37,0.0,0.0,0.0,0.03858303713187618,0.054563792143082664,0.04044475211038728,0.04044475211038728,0.0,0.0,0.0,0.02702702702702703,0.05405405405405406,0.05405405405405406,0.05405405405405406,0.0,0.0,0.0,0.1,0.1,0.04,0.02,0.0,0.0,0.0,0.1,0.1,0.1,0.1,0.0,0.0,0.0,0.002702702702702703,0.006563706563706564,0.006563706563706564,0.006563706563706564,10.0
PLAIN-186,24,1.0,0.46927872602275644,0.3391602052736161,0.2200917662980802,0.1420400396336573,0.12627825946936164,0.12627825946936164,0.041666666666666664,0.041666666666666664,0.041666666666666664,0.041666666666666664,0.041666666666666664,0.041666666666666664,0.041666666666666664,1.0,0.3333333333333333,0.2,0.1,0.05,0.02,0.01,1.0,1.0,1.0,1.0,1.0,1.0,1.0,0.041666666666666664,0.041666666666666664,0.041666666666666664,0.041666666666666664,0.041666666666666664,0.041666666666666664,0.041666666666666664,1.0
PLAIN-196,69,1.0,0.46927872602275644,0.3391602052736161,0.2200917662980802,0.1420400396336573,0.07753300701100829,0.0815286490925436,0.014492753623188406,0.014492753623188406,0.014492753623188406,0.014492753623188406,0.014492753623188406,0.014492753623188406,0.043478260869565216,1.0,0.3333333333333333,0.2,0.1,0.05,0.02,0.03,1.0,1.0,1.0,1.0,1.0,1.0,1.0,0.014492753623188406,0.014492753623188406,0.014492753623188406,0.014492753623188406,0.014492753623188406,0.014492753623188406,0.015351957848451536,1.0
PLAIN-207,55,1.0,0.46927872602275644,0.48522855511632257,0.39327839964630634,0.32749307729810434,0.24313746291858793,0.26370930153431943,0.01818181818181818,0.01818181818181818,0.03636363636363636,0.05454545454545454,0.09090909090909091,0.16363636363636364,0.21818181818181817,1.0,0.3333333333333333,0.4,0.3,0.25,0.18,0.12,1.0,1.0,1.0,1.0,1.0,1.0,1.0,0.01818181818181818,0.01818181818181818,0.02727272727272727,0.03636363636363636,0.04832280019445795,0.06796501568647581,0.0770244411095376,1.0
PLAIN-217,36,0.0,0.0,0.0,0.0,0.03286497056757699,0.0223840893022371,0.0539850180458411,0.0,0.0,0.0,0.0,0.027777777777777776,0.027777777777777776,0.08333333333333333,0.0,0.0,0.0,0.0,0.05,0.02,0.03,0.0,0.0,0.0,0.0,0.05263157894736842,0.05263157894736842,0.05263157894736842,0.0,0.0,0.0,0.0,0.0014619883040935672,0.0014619883040935672,0.0034230440442190747,19.0
PLAIN-227,40,0.0,0.0,0.0,0.0,0.0,0.01632333091332468,0.01632333091332468,0.0,0.0,0.0,0.0,0.0,0.025,0.025,0.0,0.0,0.0,0.0,0.0,0.02,0.01,0.0,0.0,0.0,0.0,0.0,0.022222222222222223,0.022222222222222223,0.0,0.0,0.0,0.0,0.0,0.0005555555555555556,0.0005555555555555556,45.0
PLAIN-238,54,0.0,0.0,0.0,0.0,0.0,0.016305960335703182,0.0405887375407316,0.0,0.0,0.0,0.0,0.0,0.018518518518518517,0.05555555555555555,0.0,0.0,0.0,0.0,0.0,0.02,0.03,0.0,0.0,0.0,0.0,0.0,0.038461538461538464,0.038461538461538464,0.0,0.0,0.0,0.0,0.0,0.0007122507122507123,0.00230652268029719,26.0
PLAIN-248,31,0.0,0.0,0.14606834984270645,0.09478836436955079,0.061173315378031855,0.08717817832705288,0.1206971940723432,0.0,0.0,0.03225806451612903,0.03225806451612903,0.03225806451612903,0.0967741935483871,0.16129032258064516,0.0,0.0,0.2,0.1,0.05,0.06,0.05,0.0,0.0,0.25,0.25,0.25,0.25,0.25,0.0,0.0,0.008064516129032258,0.008064516129032258,0.008064516129032258,0.012506027765792746,0.016036880694959513,4.0
PLAIN-259,14,1.0,0.46927872602275644,0.4703652827859579,0.3052348839397012,0.24715145232935704,0.27856840142096256,0.27856840142096256,0.07142857142857142,0.07142857142857142,0.14285714285714285,0.14285714285714285,0.14285714285714285,0.21428571428571427,0.21428571428571427,1.0,0.3333333333333333,0.4,0.2,0.1,0.06,0.03,1.0,1.0,1.0,1.0,1.0,1.0,1.0,0.07142857142857142,0.07142857142857142,0.09999999999999999,0.09999999999999999,0.09999999999999999,0.10428571428571429,0.10428571428571429,1.0
PLAIN-270,52,0.0,0.23463936301137822,0.16958010263680806,0.17366667134799182,0.15046343736910062,0.09601340337259034,0.14284982859721307,0.0,0.019230769230769232,0.019230769230769232,0.038461538461538464,0.057692307692307696,0.07692307692307693,0.15384615384615385,0.0,0.3333333333333333,0.2,0.2,0.15,0.08,0.08,0.0,0.3333333333333333,0.3333333333333333,0.3333333333333333,0.3333333333333333,0.3333333333333333,0.3333333333333333,0.0,0.00641025641025641,0.00641025641025641,0.010256410256410256,0.015064102564102564,0.016700763775231862,0.023926552410188578,3.0
PLAIN-280,20,0.0,0.0,0.14606834984270645,0.16815228646891087,0.10851999525591761,0.13667799327763486,0.18346704462018457,0.0,0.0,0.05,0.1,0.1,0.15,0.25,0.0,0.0,0.2,0.2,0.1,0.06,0.05,0.0,0.0,0.25,0.25,0.25,0.25,0.25,0.0,0.0,0.0125,0.026785714285714284,0.026785714285714284,0.031473214285714285,0.038188966182189074,4.0
PLAIN-291,13,0.0,0.0,0.14606834984270645,0.09478836436955079,0.16915629721474568,0.20988242417782946,0.20988242417782946,0.0,0.0,0.07692307692307693,0.07692307692307693,0.23076923076923078,0.3076923076923077,0.3076923076923077,0.0,0.0,0.2,0.1,0.15,0.08,0.04,0.0,0.0,0.25,0.25,0.25,0.25,0.25,0.0,0.0,0.019230769230769232,0.019230769230769232,0.04110105580693816,0.05447898222834284,0.05447898222834284,4.0
PLAIN-307,3,1.0,0.46927872602275644,0.46927872602275644,0.7529716549381369,0.7529716549381368,0.7529716549381368,0.7529716549381368,0.3333333333333333,0.3333333333333333,0.3333333333333333,1.0,1.0,1.0,1.0,1.0,0.3333333333333333,0.2,0.3,0.15,0.06,0.03,1.0,1.0,1.0,1.0,1.0,1.0,1.0,0.3333333333333333,0.3333333333333333,0.3333333333333333,0.5166666666666667,0.5166666666666667,0.5166666666666667,0.5166666666666667,1.0
PLAIN-320,42,0.0,0.0,0.0,0.06625422345438904,0.04275831251503157,0.05939922416261151,0.1594305995045385,0.0,0.0,0.0,0.023809523809523808,0.023809523809523808,0.07142857142857142,0.23809523809523808,0.0,0.0,0.0,0.1,0.05,0.06,0.1,0.0,0.0,0.0,0.1111111111111111,0.1111111111111111,0.1111111111111111,0.1111111111111111,0.0,0.0,0.0,0.0026455026455026454,0.0026455026455026454,0.005749633656610401,0.022109504980675883,9.0
PLAIN-332,2,1.0,0.6131471927654584,0.6131471927654584,0.6131471927654584,0.6131471927654584,0.6131471927654584,0.6131471927654584,0.5,0.5,0.5,0.5,0.5,0.5,0.5,1.0,0.3333333333333333,0.2,0.1,0.05,0.02,0.01,1.0,1.0,1.0,1.0,1.0,1.0,1.0,0.5,0.5,0.5,0.5,0.5,0.5,0.5,1.0
PLAIN-344,61,0.0,0.0,0.0,0.16457377300675402,0.17307111803164188,0.1719275502063691,0.20886360161435893,0.0,0.0,0.0,0.03278688524590164,0.06557377049180328,0.13114754098360656,0.21311475409836064,0.0,0.0,0.0,0.2,0.2,0.16,0.13,0.0,0.0,0.0,0.125,0.125,0.125,0.125,0.0,0.0,0.0,0.005692167577413479,0.013062328756639268,0.02729174233031514,0.040190168842463125,8.0
PLAIN-358,3,0.0,0.0,0.0,0.0,0.0,0.0,0.07265015774278867,0.0,0.0,0.0,0.0,0.0,0.0,0.3333333333333333,0.0,0.0,0.0,0.0,0.0,0.0,0.01,0.0,0.0,0.0,0.0,0.0,0.0,0.011494252873563218,0.0,0.0,0.0,0.0,0.0,0.0,0.0038314176245210726,87.0
PLAIN-371,2,0.0,0.0,0.0,0.12669792223864473,0.12669792223864473,0.12669792223864473,0.2507234455062537,0.0,0.0,0.0,0.5,0.5,0.5,1.0,0.0,0.0,0.0,0.1,0.05,0.02,0.02,0.0,0.0,0.0,0.14285714285714285,0.14285714285714285,0.14285714285714285,0.14285714285714285,0.0,0.0,0.0,0.07142857142857142,0.07142857142857142,0.07142857142857142,0.08592132505175983,7.0
PLAIN-383,5,1.0,0.46927872602275644,0.3391602052736161,0.3391602052736161,0.3391602052736161,0.3391602052736161,0.3934438384533944,0.2,0.2,0.2,0.2,0.2,0.2,0.4,1.0,0.3333333333333333,0.2,0.1,0.05,0.02,0.02,1.0,1.0,1.0,1.0,1.0,1.0,1.0,0.2,0.2,0.2,0.2,0.2,0.2,0.2053333333333333,1.0
PLAIN-395,3,0.0,0.0,0.0,0.0,0.0,0.0,0.0,0.0,0.0,0.0,0.0,0.0,0.0,0.0,0.0,0.0,0.0,0.0,0.0,0.0,0.0,0.0,0.0,0.0,0.0,0.0,0.0,0.0,0.0,0.0,0.0,0.0,0.0,0.0,0.0,
PLAIN-407,3,1.0,0.6387878864795979,0.6387878864795979,0.6387878864795979,0.6387878864795979,0.6387878864795979,0.6387878864795979,0.3333333333333333,0.3333333333333333,0.3333333333333333,0.3333333333333333,0.3333333333333333,0.3333333333333333,0.3333333333333333,1.0,0.3333333333333333,0.2,0.1,0.05,0.02,0.01,1.0,1.0,1.0,1.0,1.0,1.0,1.0,0.3333333333333333,0.3333333333333333,0.3333333333333333,0.3333333333333333,0.3333333333333333,0.3333333333333333,0.3333333333333333,1.0
PLAIN-418,3,1.0,0.5316519652587917,0.5316519652587917,0.5316519652587917,0.6712901067356234,0.7219436231853897,0.7219436231853897,0.3333333333333333,0.3333333333333333,0.3333333333333333,0.3333333333333333,0.6666666666666666,1.0,1.0,1.0,0.3333333333333333,0.2,0.1,0.1,0.06,0.03,1.0,1.0,1.0,1.0,1.0,1.0,1.0,0.3333333333333333,0.3333333333333333,0.3333333333333333,0.3333333333333333,0.3846153846153846,0.4116424116424116,0.4116424116424116,1.0
PLAIN-430,8,1.0,0.7039180890341347,0.5087403079104241,0.5260750401766641,0.5260750401766641,0.5260750401766641,0.5260750401766641,0.125,0.25,0.25,0.375,0.375,0.375,0.375,1.0,0.6666666666666666,0.4,0.3,0.15,0.06,0.03,1.0,1.0,1.0,1.0,1.0,1.0,1.0,0.125,0.20833333333333331,0.20833333333333331,0.2552083333333333,0.2552083333333333,0.2552083333333333,0.2552083333333333,1.0
PLAIN-441,5,1.0,0.6993694869720469,0.6685622027129364,0.6685622027129364,0.8194009783661736,0.8194009783661735,0.8194009783661735,0.2,0.4,0.6,0.6,1.0,1.0,1.0,1.0,0.6666666666666666,0.6,0.3,0.25,0.1,0.05,1.0,1.0,1.0,1.0,1.0,1.0,1.0,0.2,0.4,0.55,0.55,0.6444444444444445,0.6444444444444445,0.6444444444444445,1.0
PLAIN-457,5,0.0,0.0,0.0,0.0,0.0,0.0,0.0,0.0,0.0,0.0,0.0,0.0,0.0,0.0,0.0,0.0,0.0,0.0,0.0,0.0,0.0,0.0,0.0,0.0,0.0,0.0,0.0,0.0,0.0,0.0,0.0,0.0,0.0,0.0,0.0,
PLAIN-468,10,0.0,0.3354350434265105,0.2755519442199235,0.20436662668128652,0.2919003968169709,0.2919003968169709,0.3186949301723751,0.0,0.1,0.1,0.1,0.2,0.2,0.3,0.0,0.3333333333333333,0.2,0.1,0.1,0.04,0.03,0.0,0.5,0.5,0.5,0.5,0.5,0.5,0.0,0.05,0.05,0.05,0.06666666666666667,0.06666666666666667,0.07128205128205127,2.0
PLAIN-478,1,0.0,0.0,0.0,0.0,0.0,0.0,0.0,0.0,0.0,0.0,0.0,0.0,0.0,0.0,0.0,0.0,0.0,0.0,0.0,0.0,0.0,0.0,0.0,0.0,0.0,0.0,0.0,0.0,0.0,0.0,0.0,0.0,0.0,0.0,0.0,
PLAIN-488,15,1.0,1.0,1.0,0.9363792118010483,0.77196110309967,0.8096767837813859,0.8096767837813859,0.06666666666666667,0.2,0.3333333333333333,0.6,0.6666666666666666,0.7333333333333333,0.7333333333333333,1.0,1.0,1.0,0.9,0.5,0.22,0.11,1.0,1.0,1.0,1.0,1.0,1.0,1.0,0.06666666666666667,0.2,0.3333333333333333,0.6,0.6555555555555556,0.6888888888888889,0.6888888888888889,1.0
PLAIN-499,34,0.0,0.2960819109658652,0.36005461457723403,0.23365080824310536,0.18630061248978963,0.1506840185760682,0.1506840185760682,0.0,0.029411764705882353,0.058823529411764705,0.058823529411764705,0.08823529411764706,0.11764705882352941,0.11764705882352941,0.0,0.3333333333333333,0.4,0.2,0.15,0.08,0.04,0.0,0.5,0.5,0.5,0.5,0.5,0.5,0.0,0.014705882352941176,0.029411764705882353,0.029411764705882353,0.03529411764705882,0.038310708898944196,0.038310708898944196,2.0
PLAIN-510,6,0.0,0.0,0.0,0.0,0.0,0.12801775799390705,0.12801775799390705,0.0,0.0,0.0,0.0,0.0,0.3333333333333333,0.3333333333333333,0.0,0.0,0.0,0.0,0.0,0.04,0.02,0.0,0.0,0.0,0.0,0.0,0.04,0.04,0.0,0.0,0.0,0.0,0.0,0.019487179487179488,0.019487179487179488,25.0
PLAIN-520,1,0.0,0.0,0.0,0.0,0.0,0.0,0.0,0.0,0.0,0.0,0.0,0.0,0.0,0.0,0.0,0.0,0.0,0.0,0.0,0.0,0.0,0.0,0.0,0.0,0.0,0.0,0.0,0.0,0.0,0.0,0.0,0.0,0.0,0.0,0.0,
PLAIN-531,308,1.0,0.7653606369886217,0.5531464700081437,0.6366587127404282,0.555972914383597,0.37770524728031274,0.26986483116334614,0.003246753246753247,0.006493506493506494,0.006493506493506494,0.01948051948051948,0.032467532467532464,0.048701298701298704,0.06493506493506493,1.0,0.6666666666666666,0.4,0.6,0.5,0.3,0.2,1.0,1.0,1.0,1.0,1.0,1.0,1.0,0.003246753246753247,0.006493506493506494,0.006493506493506494,0.013492063492063491,0.02117235668372032,0.026913968162413864,0.03036195185686367,1.0
PLAIN-541,6,0.0,0.0,0.0,0.0,0.0,0.0,0.0,0.0,0.0,0.0,0.0,0.0,0.0,0.0,0.0,0.0,0.0,0.0,0.0,0.0,0.0,0.0,0.0,0.0,0.0,0.0,0.0,0.0,0.0,0.0,0.0,0.0,0.0,0.0,0.0,
PLAIN-551,2,0.0,0.0,0.0,0.0,0.0,0.1289509357448472,0.1289509357448472,0.0,0.0,0.0,0.0,0.0,0.5,0.5,0.0,0.0,0.0,0.0,0.0,0.02,0.01,0.0,0.0,0.0,0.0,0.0,0.038461538461538464,0.038461538461538464,0.0,0.0,0.0,0.0,0.0,0.019230769230769232,0.019230769230769232,26.0
PLAIN-561,25,1.0,0.7653606369886217,0.5531464700081437,0.35895421017163476,0.23165732683700074,0.20056281031502377,0.20056281031502377,0.04,0.08,0.08,0.08,0.08,0.08,0.08,1.0,0.6666666666666666,0.4,0.2,0.1,0.04,0.02,1.0,1.0,1.0,1.0,1.0,1.0,1.0,0.04,0.08,0.08,0.08,0.08,0.08,0.08,1.0
PLAIN-571,7,0.0,0.0,0.0,0.0979129253499678,0.1701090663826351,0.22175883090657847,0.22175883090657847,0.0,0.0,0.0,0.14285714285714285,0.2857142857142857,0.42857142857142855,0.42857142857142855,0.0,0.0,0.0,0.1,0.1,0.06,0.03,0.0,0.0,0.0,0.16666666666666666,0.16666666666666666,0.16666666666666666,0.16666666666666666,0.0,0.0,0.0,0.023809523809523808,0.045787545787545784,0.056776556776556776,0.056776556776556776,6.0
PLAIN-583,44,0.0,0.0,0.0,0.0,0.0,0.0,0.0,0.0,0.0,0.0,0.0,0.0,0.0,0.0,0.0,0.0,0.0,0.0,0.0,0.0,0.0,0.0,0.0,0.0,0.0,0.0,0.0,0.0,0.0,0.0,0.0,0.0,0.0,0.0,0.0,
PLAIN-593,3,0.0,0.0,0.0,0.0,0.0,0.0,0.07557488532248983,0.0,0.0,0.0,0.0,0.0,0.0,0.3333333333333333,0.0,0.0,0.0,0.0,0.0,0.0,0.01,0.0,0.0,0.0,0.0,0.0,0.0,0.0136986301369863,0.0,0.0,0.0,0.0,0.0,0.0,0.0045662100456621,73.0
PLAIN-603,1,0.0,0.0,0.0,0.0,0.0,0.19342640361727081,0.19342640361727081,0.0,0.0,0.0,0.0,0.0,1.0,1.0,0.0,0.0,0.0,0.0,0.0,0.02,0.01,0.0,0.0,0.0,0.0,0.0,0.02857142857142857,0.02857142857142857,0.0,0.0,0.0,0.0,0.0,0.02857142857142857,0.02857142857142857,35.0
PLAIN-613,10,0.0,0.0,0.13120507751234178,0.08514311764162101,0.08514311764162101,0.08514311764162101,0.08514311764162101,0.0,0.0,0.1,0.1,0.1,0.1,0.1,0.0,0.0,0.2,0.1,0.05,0.02,0.01,0.0,0.0,0.2,0.2,0.2,0.2,0.2,0.0,0.0,0.02,0.02,0.02,0.02,0.02,5.0
PLAIN-623,41,0.0,0.0,0.13120507751234178,0.08514311764162101,0.0922553384384305,0.07624827334718723,0.07624827334718723,0.0,0.0,0.024390243902439025,0.024390243902439025,0.04878048780487805,0.07317073170731707,0.07317073170731707,0.0,0.0,0.2,0.1,0.1,0.06,0.03,0.0,0.0,0.2,0.2,0.2,0.2,0.2,0.0,0.0,0.004878048780487805,0.004878048780487805,0.008630393996247656,0.011444652908067543,0.011444652908067543,5.0
PLAIN-634,21,0.0,0.5307212739772434,0.5296347172140421,0.3436966913921455,0.22181062239820395,0.24359803646904238,0.24359803646904238,0.0,0.09523809523809523,0.14285714285714285,0.14285714285714285,0.14285714285714285,0.19047619047619047,0.19047619047619047,0.0,0.6666666666666666,0.6,0.3,0.15,0.08,0.04,0.0,0.5,0.5,0.5,0.5,0.5,0.5,0.0,0.055555555555555546,0.09126984126984126,0.09126984126984126,0.09126984126984126,0.09832451499118167,0.09832451499118167,2.0
PLAIN-645,29,0.0,0.23463936301137822,0.16958010263680806,0.1100458831490401,0.14059300198122548,0.13300192004636954,0.15032482251099719,0.0,0.034482758620689655,0.034482758620689655,0.034482758620689655,0.10344827586206896,0.13793103448275862,0.1724137931034483,0.0,0.3333333333333333,0.2,0.1,0.15,0.08,0.05,0.0,0.3333333333333333,0.3333333333333333,0.3333333333333333,0.3333333333333333,0.3333333333333333,0.3333333333333333,0.0,0.011494252873563218,0.011494252873563218,0.011494252873563218,0.02217714672075727,0.026774847870182555,0.02877965941789707,3.0
PLAIN-660,475,1.0,1.0,1.0,0.7909506325094736,0.5452038851642218,0.40686838083583216,0.3567732708699397,0.002105263157894737,0.00631578947368421,0.010526315789473684,0.014736842105263158,0.016842105263157894,0.031578947368421054,0.061052631578947365,1.0,1.0,1.0,0.7,0.4,0.3,0.29,1.0,1.0,1.0,1.0,1.0,1.0,1.0,0.002105263157894737,0.00631578947368421,0.010526315789473684,0.014105263157894737,0.015157894736842106,0.020836622504035722,0.029176569667321985,1.0
PLAIN-671,1,1.0,1.0,1.0,1.0,1.0,1.0,1.0,1.0,1.0,1.0,1.0,1.0,1.0,1.0,1.0,0.3333333333333333,0.2,0.1,0.05,0.02,0.01,1.0,1.0,1.0,1.0,1.0,1.0,1.0,1.0,1.0,1.0,1.0,1.0,1.0,1.0,1.0
PLAIN-681,1,1.0,1.0,1.0,1.0,1.0,1.0,1.0,1.0,1.0,1.0,1.0,1.0,1.0,1.0,1.0,0.3333333333333333,0.2,0.1,0.05,0.02,0.01,1.0,1.0,1.0,1.0,1.0,1.0,1.0,1.0,1.0,1.0,1.0,1.0,1.0,1.0,1.0
PLAIN-691,21,0.0,0.0,0.0,0.0,0.0,0.0,0.04730902232062716,0.0,0.0,0.0,0.0,0.0,0.0,0.09523809523809523,0.0,0.0,0.0,0.0,0.0,0.0,0.02,0.0,0.0,0.0,0.0,0.0,0.0,0.018518518518518517,0.0,0.0,0.0,0.0,0.0,0.0,0.0025526779912744824,54.0
PLAIN-701,8,0.0,0.23463936301137822,0.16958010263680806,0.12647135138382856,0.24687935133896577,0.342290305991267,0.342290305991267,0.0,0.125,0.125,0.125,0.375,0.625,0.625,0.0,0.3333333333333333,0.2,0.1,0.15,0.1,0.05,0.0,0.3333333333333333,0.3333333333333333,0.3333333333333333,0.3333333333333333,0.3333333333333333,0.3333333333333333,0.0,0.041666666666666664,0.041666666666666664,0.041666666666666664,0.07702850877192982,0.10616702228544334,0.10616702228544334,3.0
PLAIN-711,57,0.0,0.0,0.14606834984270645,0.09478836436955079,0.061173315378031855,0.04816567259222386,0.06775114280479791,0.0,0.0,0.017543859649122806,0.017543859649122806,0.017543859649122806,0.03508771929824561,0.07017543859649122,0.0,0.0,0.2,0.1,0.05,0.04,0.04,0.0,0.0,0.25,0.25,0.25,0.25,0.25,0.0,0.0,0.0043859649122807015,0.0043859649122807015,0.0043859649122807015,0.005334281650071123,0.007307965860597439,4.0
PLAIN-721,25,1.0,1.0,1.0,1.0,0.8302527862119823,0.7654530684218832,0.7654530684218832,0.04,0.12,0.2,0.4,0.6,0.68,0.68,1.0,1.0,1.0,1.0,0.75,0.34,0.17,1.0,1.0,1.0,1.0,1.0,1.0,1.0,0.04,0.12,0.2,0.4,0.5926274509803922,0.6277385620915034,0.6277385620915034,1.0
PLAIN-731,54,1.0,0.46927872602275644,0.48522855511632257,0.5328965452000555,0.5278490057533577,0.3808475130894046,0.3960454932444665,0.018518518518518517,0.018518518518518517,0.037037037037037035,0.09259259259259259,0.18518518518518517,0.2962962962962963,0.35185185185185186,1.0,0.3333333333333333,0.4,0.5,0.5,0.32,0.19,1.0,1.0,1.0,1.0,1.0,1.0,1.0,0.018518518518518517,0.018518518518518517,0.027777777777777776,0.05790711346266901,0.11139696057996709,0.15840763963989038,0.17075052298216983,1.0
PLAIN-741,19,1.0,0.46927872602275644,0.3391602052736161,0.2895229882348575,0.23066425919523484,0.2914494334928316,0.2914494334928316,0.05263157894736842,0.05263157894736842,0.05263157894736842,0.10526315789473684,0.15789473684210525,0.2631578947368421,0.2631578947368421,1.0,0.3333333333333333,0.2,0.2,0.15,0.1,0.05,1.0,1.0,1.0,1.0,1.0,1.0,1.0,0.05263157894736842,0.05263157894736842,0.05263157894736842,0.06578947368421052,0.07706766917293233,0.09423924532817456,0.09423924532817456,1.0
PLAIN-751,7,0.0,0.0,0.0,0.0,0.0,0.0,0.0,0.0,0.0,0.0,0.0,0.0,0.0,0.0,0.0,0.0,0.0,0.0,0.0,0.0,0.0,0.0,0.0,0.0,0.0,0.0,0.0,0.0,0.0,0.0,0.0,0.0,0.0,0.0,0.0,
PLAIN-761,6,0.0,0.0,0.13120507751234178,0.11706259313796354,0.11706259313796354,0.11706259313796354,0.11706259313796354,0.0,0.0,0.16666666666666666,0.16666666666666666,0.16666666666666666,0.16666666666666666,0.16666666666666666,0.0,0.0,0.2,0.1,0.05,0.02,0.01,0.0,0.0,0.2,0.2,0.2,0.2,0.2,0.0,0.0,0.03333333333333333,0.03333333333333333,0.03333333333333333,0.03333333333333333,0.03333333333333333,5.0
PLAIN-771,3,1.0,0.7653606369886217,0.9469024295259745,0.9469024295259745,0.9469024295259745,0.9469024295259745,0.9469024295259745,0.3333333333333333,0.6666666666666666,1.0,1.0,1.0,1.0,1.0,1.0,0.6666666666666666,0.6,0.3,0.15,0.06,0.03,1.0,1.0,1.0,1.0,1.0,1.0,1.0,0.3333333333333333,0.6666666666666666,0.8666666666666667,0.8666666666666667,0.8666666666666667,0.8666666666666667,0.8666666666666667,1.0
PLAIN-782,2,0.0,0.0,0.0,0.0,0.0,0.0,0.0,0.0,0.0,0.0,0.0,0.0,0.0,0.0,0.0,0.0,0.0,0.0,0.0,0.0,0.0,0.0,0.0,0.0,0.0,0.0,0.0,0.0,0.0,0.0,0.0,0.0,0.0,0.0,0.0,
PLAIN-792,6,0.0,0.23463936301137822,0.16958010263680806,0.2423936099728648,0.2423936099728648,0.2423936099728648,0.2423936099728648,0.0,0.16666666666666666,0.16666666666666666,0.3333333333333333,0.3333333333333333,0.3333333333333333,0.3333333333333333,0.0,0.3333333333333333,0.2,0.2,0.1,0.04,0.02,0.0,0.3333333333333333,0.3333333333333333,0.3333333333333333,0.3333333333333333,0.3333333333333333,0.3333333333333333,0.0,0.05555555555555555,0.05555555555555555,0.0925925925925926,0.0925925925925926,0.0925925925925926,0.0925925925925926,3.0
PLAIN-806,96,1.0,1.0,1.0,0.8006937664098821,0.6166950473711154,0.4419016791561734,0.288895125597916,0.010416666666666666,0.03125,0.052083333333333336,0.07291666666666667,0.10416666666666667,0.17708333333333334,0.1875,1.0,1.0,1.0,0.7,0.5,0.34,0.18,1.0,1.0,1.0,1.0,1.0,1.0,1.0,0.010416666666666666,0.03125,0.052083333333333336,0.07291666666666667,0.08826754385964912,0.11721398373862645,0.12089045432686174,1.0
PLAIN-817,1,0.0,0.0,0.0,0.0,0.0,0.0,0.0,0.0,0.0,0.0,0.0,0.0,0.0,0.0,0.0,0.0,0.0,0.0,0.0,0.0,0.0,0.0,0.0,0.0,0.0,0.0,0.0,0.0,0.0,0.0,0.0,0.0,0.0,0.0,0.0,
PLAIN-827,244,1.0,1.0,0.8539316501572937,0.6177639991612476,0.46508597751700664,0.388853057641017,0.3076658857154878,0.004098360655737705,0.012295081967213115,0.01639344262295082,0.020491803278688523,0.028688524590163935,0.06557377049180328,0.10245901639344263,1.0,1.0,0.8,0.5,0.35,0.32,0.25,1.0,1.0,1.0,1.0,1.0,1.0,1.0,0.004098360655737705,0.012295081967213115,0.015573770491803278,0.01762295081967213,0.020503857280617162,0.03266247798626812,0.042445858650334116,1.0
PLAIN-838,9,1.0,1.0,1.0,0.7767471075223498,0.7767471075223498,0.7767471075223498,0.7767471075223498,0.1111111111111111,0.3333333333333333,0.5555555555555556,0.6666666666666666,0.6666666666666666,0.6666666666666666,0.6666666666666666,1.0,1.0,1.0,0.6,0.3,0.12,0.06,1.0,1.0,1.0,1.0,1.0,1.0,1.0,0.1111111111111111,0.3333333333333333,0.5555555555555556,0.6666666666666666,0.6666666666666666,0.6666666666666666,0.6666666666666666,1.0
PLAIN-850,57,0.0,0.0,0.13120507751234178,0.2297956100746854,0.2147038469659368,0.16276645104240864,0.17121985684482893,0.0,0.0,0.017543859649122806,0.05263157894736842,0.08771929824561403,0.14035087719298245,0.17543859649122806,0.0,0.0,0.2,0.3,0.25,0.16,0.1,0.0,0.0,0.2,0.2,0.2,0.2,0.2,0.0,0.0,0.0035087719298245615,0.0152046783625731,0.023718610251117992,0.03463671009843744,0.038853199695044,5.0
PLAIN-872,1,0.0,0.0,0.0,0.0,0.0,0.0,0.0,0.0,0.0,0.0,0.0,0.0,0.0,0.0,0.0,0.0,0.0,0.0,0.0,0.0,0.0,0.0,0.0,0.0,0.0,0.0,0.0,0.0,0.0,0.0,0.0,0.0,0.0,0.0,0.0,
PLAIN-882,15,1.0,0.46927872602275644,0.48522855511632257,0.314880130667631,0.24408660918242647,0.2795758170825542,0.2795758170825542,0.06666666666666667,0.06666666666666667,0.13333333333333333,0.13333333333333333,0.13333333333333333,0.2,0.2,1.0,0.3333333333333333,0.4,0.2,0.1,0.06,0.03,1.0,1.0,1.0,1.0,1.0,1.0,1.0,0.06666666666666667,0.06666666666666667,0.1,0.1,0.1,0.10740740740740741,0.10740740740740741,1.0
PLAIN-892,92,1.0,0.46927872602275644,0.3391602052736161,0.29849003527675555,0.19263572260827433,0.16961081975316966,0.13594197246667258,0.010869565217391304,0.010869565217391304,0.010869565217391304,0.021739130434782608,0.021739130434782608,0.06521739130434782,0.09782608695652174,1.0,0.3333333333333333,0.2,0.2,0.1,0.12,0.09,1.0,1.0,1.0,1.0,1.0,1.0,1.0,0.010869565217391304,0.010869565217391304,0.010869565217391304,0.014492753623188404,0.014492753623188404,0.021513804817485455,0.025428431416797515,1.0
PLAIN-902,4,1.0,0.46927872602275644,0.3903800499921017,0.5294362295028773,0.5294362295028773,0.5294362295028773,0.5294362295028773,0.25,0.25,0.25,0.5,0.5,0.5,0.5,1.0,0.3333333333333333,0.2,0.2,0.1,0.04,0.02,1.0,1.0,1.0,1.0,1.0,1.0,1.0,0.25,0.25,0.25,0.3333333333333333,0.3333333333333333,0.3333333333333333,0.3333333333333333,1.0
PLAIN-913,34,1.0,0.7653606369886217,0.830419897363192,0.6906478832608419,0.47805988428784113,0.3576498978036531,0.3916730776184952,0.029411764705882353,0.058823529411764705,0.11764705882352941,0.17647058823529413,0.20588235294117646,0.23529411764705882,0.29411764705882354,1.0,0.6666666666666666,0.8,0.6,0.35,0.16,0.1,1.0,1.0,1.0,1.0,1.0,1.0,1.0,0.029411764705882353,0.058823529411764705,0.10441176470588234,0.1541316526610644,0.16442577030812322,0.17114845938375348,0.180601345397494,1.0
PLAIN-924,32,1.0,0.46927872602275644,0.3391602052736161,0.2863459897524693,0.18479835214868887,0.13609355327796527,0.18995014279652625,0.03125,0.03125,0.03125,0.0625,0.0625,0.0625,0.15625,1.0,0.3333333333333333,0.2,0.2,0.1,0.04,0.05,1.0,1.0,1.0,1.0,1.0,1.0,1.0,0.03125,0.03125,0.03125,0.03819444444444445,0.03819444444444445,0.03819444444444445,0.04480395013483249,1.0
PLAIN-934,101,1.0,0.46927872602275644,0.3391602052736161,0.4341754806679219,0.5244700214580615,0.48785290420979693,0.3475948999558324,0.009900990099009901,0.009900990099009901,0.009900990099009901,0.039603960396039604,0.10891089108910891,0.2376237623762376,0.297029702970297,1.0,0.3333333333333333,0.2,0.4,0.55,0.48,0.3,1.0,1.0,1.0,1.0,1.0,1.0,1.0,0.009900990099009901,0.009900990099009901,0.009900990099009901,0.021314631463146314,0.05515257518675352,0.1275247584860725,0.1519222277711017,1.0
PLAIN-946,31,0.0,0.0,0.0,0.0,0.0,0.0,0.0,0.0,0.0,0.0,0.0,0.0,0.0,0.0,0.0,0.0,0.0,0.0,0.0,0.0,0.0,0.0,0.0,0.0,0.0,0.0,0.0,0.0,0.0,0.0,0.0,0.0,0.0,0.0,0.0,
PLAIN-956,206,1.0,0.7039180890341347,0.6548086577531307,0.7026305163854646,0.6014890714163948,0.41952914627202154,0.383310902415163,0.0048543689320388345,0.009708737864077669,0.014563106796116505,0.03398058252427184,0.05339805825242718,0.0825242718446602,0.16019417475728157,1.0,0.6666666666666666,0.6,0.7,0.55,0.34,0.33,1.0,1.0,1.0,1.0,1.0,1.0,1.0,0.0048543689320388345,0.008090614886731391,0.011731391585760517,0.02463592233009709,0.03833187443624337,0.050835095214479195,0.07907241754851761,1.0
PLAIN-966,3,0.0,0.0,0.0,0.0,0.0,0.0,0.0,0.0,0.0,0.0,0.0,0.0,0.0,0.0,0.0,0.0,0.0,0.0,0.0,0.0,0.0,0.0,0.0,0.0,0.0,0.0,0.0,0.0,0.0,0.0,0.0,0.0,0.0,0.0,0.0,
PLAIN-977,3,0.0,0.0,0.0,0.0,0.11047239495909743,0.11047239495909743,0.11047239495909743,0.0,0.0,0.0,0.0,0.3333333333333333,0.3333333333333333,0.3333333333333333,0.0,0.0,0.0,0.0,0.05,0.02,0.01,0.0,0.0,0.0,0.0,0.05555555555555555,0.05555555555555555,0.05555555555555555,0.0,0.0,0.0,0.0,0.018518518518518517,0.018518518518518517,0.018518518518518517,18.0
PLAIN-987,3,0.0,0.0,0.0,0.0,0.0,0.0,0.0,0.0,0.0,0.0,0.0,0.0,0.0,0.0,0.0,0.0,0.0,0.0,0.0,0.0,0.0,0.0,0.0,0.0,0.0,0.0,0.0,0.0,0.0,0.0,0.0,0.0,0.0,0.0,0.0,
PLAIN-997,2,0.0,0.0,0.0,0.0,0.0,0.0,0.0,0.0,0.0,0.0,0.0,0.0,0.0,0.0,0.0,0.0,0.0,0.0,0.0,0.0,0.0,0.0,0.0,0.0,0.0,0.0,0.0,0.0,0.0,0.0,0.0,0.0,0.0,0.0,0.0,
PLAIN-1008,5,0.0,0.0,0.0,0.0,0.0,0.0,0.0,0.0,0.0,0.0,0.0,0.0,0.0,0.0,0.0,0.0,0.0,0.0,0.0,0.0,0.0,0.0,0.0,0.0,0.0,0.0,0.0,0.0,0.0,0.0,0.0,0.0,0.0,0.0,0.0,
PLAIN-1018,60,0.0,0.0,0.0,0.07839826897867534,0.08790243334106168,0.08161647705752717,0.11686285135174548,0.0,0.0,0.0,0.016666666666666666,0.03333333333333333,0.06666666666666667,0.13333333333333333,0.0,0.0,0.0,0.1,0.1,0.08,0.08,0.0,0.0,0.0,0.16666666666666666,0.16666666666666666,0.16666666666666666,0.16666666666666666,0.0,0.0,0.0,0.0027777777777777775,0.005341880341880341,0.010281274281274282,0.016529037572900633,6.0
PLAIN-1028,1,0.0,0.0,0.0,0.0,0.0,0.0,0.0,0.0,0.0,0.0,0.0,0.0,0.0,0.0,0.0,0.0,0.0,0.0,0.0,0.0,0.0,0.0,0.0,0.0,0.0,0.0,0.0,0.0,0.0,0.0,0.0,0.0,0.0,0.0,0.0,
PLAIN-1039,2,1.0,1.0,1.0,1.0,1.0,1.0,1.0,0.5,1.0,1.0,1.0,1.0,1.0,1.0,1.0,0.6666666666666666,0.4,0.2,0.1,0.04,0.02,1.0,1.0,1.0,1.0,1.0,1.0,1.0,0.5,1.0,1.0,1.0,1.0,1.0,1.0,1.0
PLAIN-1050,94,0.0,0.0,0.0,0.0,0.0,0.0,0.023816997645216824,0.0,0.0,0.0,0.0,0.0,0.0,0.031914893617021274,0.0,0.0,0.0,0.0,0.0,0.0,0.03,0.0,0.0,0.0,0.0,0.0,0.0,0.01694915254237288,0.0,0.0,0.0,0.0,0.0,0.0,0.0007701431694053196,59.0
PLAIN-1066,9,0.0,0.0,0.0,0.0,0.05750402108673014,0.05750402108673014,0.09639055706917084,0.0,0.0,0.0,0.0,0.1111111111111111,0.1111111111111111,0.2222222222222222,0.0,0.0,0.0,0.0,0.05,0.02,0.02,0.0,0.0,0.0,0.0,0.0625,0.0625,0.0625,0.0,0.0,0.0,0.0,0.006944444444444444,0.006944444444444444,0.010363247863247863,16.0
PLAIN-1088,5,1.0,0.7653606369886217,0.5531464700081437,0.5531464700081437,0.5531464700081437,0.5531464700081437,0.5531464700081437,0.2,0.4,0.4,0.4,0.4,0.4,0.4,1.0,0.6666666666666666,0.4,0.2,0.1,0.04,0.02,1.0,1.0,1.0,1.0,1.0,1.0,1.0,0.2,0.4,0.4,0.4,0.4,0.4,0.4,1.0
PLAIN-1098,5,0.0,0.0,0.0,0.0,0.0,0.0,0.0,0.0,0.0,0.0,0.0,0.0,0.0,0.0,0.0,0.0,0.0,0.0,0.0,0.0,0.0,0.0,0.0,0.0,0.0,0.0,0.0,0.0,0.0,0.0,0.0,0.0,0.0,0.0,0.0,
PLAIN-1109,98,1.0,0.7039180890341347,0.7860137352654724,0.5795003533950693,0.37399060650217536,0.21871255452474497,0.1521571072447532,0.01020408163265306,0.02040816326530612,0.04081632653061224,0.05102040816326531,0.05102040816326531,0.061224489795918366,0.08163265306122448,1.0,0.6666666666666666,0.8,0.5,0.25,0.12,0.08,1.0,1.0,1.0,1.0,1.0,1.0,1.0,0.01020408163265306,0.017006802721088433,0.03282312925170068,0.039200680272108844,0.039200680272108844,0.040770538984824696,0.042781343306553386,1.0
PLAIN-1119,11,0.0,0.0,0.0,0.0,0.0,0.0,0.0,0.0,0.0,0.0,0.0,0.0,0.0,0.0,0.0,0.0,0.0,0.0,0.0,0.0,0.0,0.0,0.0,0.0,0.0,0.0,0.0,0.0,0.0,0.0,0.0,0.0,0.0,0.0,0.0,
PLAIN-1130,1,1.0,1.0,1.0,1.0,1.0,1.0,1.0,1.0,1.0,1.0,1.0,1.0,1.0,1.0,1.0,0.3333333333333333,0.2,0.1,0.05,0.02,0.01,1.0,1.0,1.0,1.0,1.0,1.0,1.0,1.0,1.0,1.0,1.0,1.0,1.0,1.0,1.0
PLAIN-1141,16,0.0,0.2960819109658652,0.21398626473452756,0.2024832320725063,0.15067061903841403,0.15067061903841403,0.23103953489309798,0.0,0.0625,0.0625,0.125,0.125,0.125,0.3125,0.0,0.3333333333333333,0.2,0.2,0.1,0.04,0.05,0.0,0.5,0.5,0.5,0.5,0.5,0.5,0.0,0.03125,0.03125,0.04375,0.04375,0.04375,0.054652524522132796,2.0
PLAIN-1151,153,0.0,0.0,0.14606834984270645,0.22784037450527977,0.21829034709955256,0.13427023886199252,0.129187241562148,0.0,0.0,0.006535947712418301,0.0196078431372549,0.032679738562091505,0.0392156862745098,0.0784313725490196,0.0,0.0,0.2,0.3,0.25,0.12,0.12,0.0,0.0,0.25,0.25,0.25,0.25,0.25,0.0,0.0,0.0016339869281045752,0.005228758169934641,0.009127393647517485,0.010280796185003068,0.015436919811813079,4.0
PLAIN-1161,1,0.0,0.0,0.0,0.0,0.0,0.0,0.0,0.0,0.0,0.0,0.0,0.0,0.0,0.0,0.0,0.0,0.0,0.0,0.0,0.0,0.0,0.0,0.0,0.0,0.0,0.0,0.0,0.0,0.0,0.0,0.0,0.0,0.0,0.0,0.0,
PLAIN-1172,19,1.0,0.46927872602275644,0.3391602052736161,0.2200917662980802,0.14678687637874557,0.14678687637874557,0.19582186216181938,0.05263157894736842,0.05263157894736842,0.05263157894736842,0.05263157894736842,0.05263157894736842,0.05263157894736842,0.15789473684210525,1.0,0.3333333333333333,0.2,0.1,0.05,0.02,0.03,1.0,1.0,1.0,1.0,1.0,1.0,1.0,0.05263157894736842,0.05263157894736842,0.05263157894736842,0.05263157894736842,0.05263157894736842,0.05263157894736842,0.05681511470985156,1.0
PLAIN-1183,25,0.0,0.0,0.0,0.0,0.0,0.021789095962545513,0.021789095962545513,0.0,0.0,0.0,0.0,0.0,0.04,0.04,0.0,0.0,0.0,0.0,0.0,0.02,0.01,0.0,0.0,0.0,0.0,0.0,0.02040816326530612,0.02040816326530612,0.0,0.0,0.0,0.0,0.0,0.0008163265306122448,0.0008163265306122448,49.0
PLAIN-1193,18,0.0,0.0,0.0,0.06362078819895173,0.081909559757185,0.1981460460559023,0.24710724716861157,0.0,0.0,0.0,0.05555555555555555,0.1111111111111111,0.3333333333333333,0.4444444444444444,0.0,0.0,0.0,0.1,0.1,0.12,0.08,0.0,0.0,0.0,0.1,0.1,0.1,0.1,0.0,0.0,0.0,0.005555555555555556,0.012962962962962963,0.03930119329055499,0.0507534350059546,10.0
PLAIN-1203,12,0.0,0.23463936301137822,0.16958010263680806,0.1100458831490401,0.14361191622462294,0.14361191622462294,0.20453727116039488,0.0,0.08333333333333333,0.08333333333333333,0.08333333333333333,0.16666666666666666,0.16666666666666666,0.3333333333333333,0.0,0.3333333333333333,0.2,0.1,0.1,0.04,0.04,0.0,0.3333333333333333,0.3333333333333333,0.3333333333333333,0.3333333333333333,0.3333333333333333,0.3333333333333333,0.0,0.027777777777777776,0.027777777777777776,0.027777777777777776,0.03654970760233918,0.03654970760233918,0.04323288696593092,3.0
PLAIN-1214,17,0.0,0.0,0.0,0.06943122193677728,0.04971230256505406,0.07749305969802675,0.10126373305461217,0.0,0.0,0.0,0.058823529411764705,0.058823529411764705,0.11764705882352941,0.17647058823529413,0.0,0.0,0.0,0.1,0.05,0.04,0.03,0.0,0.0,0.0,0.125,0.125,0.125,0.125,0.0,0.0,0.0,0.007352941176470588,0.007352941176470588,0.009705882352941177,0.011506602641056423,8.0
PLAIN-1225,27,1.0,0.7039180890341347,0.7860137352654724,0.6399441431116328,0.4526201218582399,0.39363554475925716,0.39363554475925716,0.037037037037037035,0.07407407407407407,0.14814814814814814,0.2222222222222222,0.25925925925925924,0.2962962962962963,0.2962962962962963,1.0,0.6666666666666666,0.8,0.6,0.35,0.16,0.08,1.0,1.0,1.0,1.0,1.0,1.0,1.0,0.037037037037037035,0.06172839506172839,0.11913580246913581,0.1619341563786008,0.18550317994762439,0.19180735646456687,0.19180735646456687,1.0
PLAIN-1236,5,0.0,0.0,0.13120507751234178,0.13120507751234178,0.13120507751234178,0.13120507751234178,0.13120507751234178,0.0,0.0,0.2,0.2,0.2,0.2,0.2,0.0,0.0,0.2,0.1,0.05,0.02,0.01,0.0,0.0,0.2,0.2,0.2,0.2,0.2,0.0,0.0,0.04,0.04,0.04,0.04,0.04,5.0
PLAIN-1249,4,0.0,0.0,0.0,0.0,0.0,0.0,0.0,0.0,0.0,0.0,0.0,0.0,0.0,0.0,0.0,0.0,0.0,0.0,0.0,0.0,0.0,0.0,0.0,0.0,0.0,0.0,0.0,0.0,0.0,0.0,0.0,0.0,0.0,0.0,0.0,
PLAIN-1262,10,1.0,0.46927872602275644,0.3391602052736161,0.2200917662980802,0.2200917662980802,0.3073717163822518,0.3073717163822518,0.1,0.1,0.1,0.1,0.1,0.3,0.3,1.0,0.3333333333333333,0.2,0.1,0.05,0.06,0.03,1.0,1.0,1.0,1.0,1.0,1.0,1.0,0.1,0.1,0.1,0.1,0.1,0.11554252199413488,0.11554252199413488,1.0
PLAIN-1275,55,1.0,0.7653606369886217,0.5531464700081437,0.35895421017163476,0.37780640281537675,0.221876792220784,0.2200246952826498,0.01818181818181818,0.03636363636363636,0.03636363636363636,0.03636363636363636,0.10909090909090909,0.12727272727272726,0.14545454545454545,1.0,0.6666666666666666,0.4,0.2,0.3,0.14,0.08,1.0,1.0,1.0,1.0,1.0,1.0,1.0,0.01818181818181818,0.03636363636363636,0.03636363636363636,0.03636363636363636,0.05915185293175723,0.06339427717418147,0.06574031822989995,1.0
PLAIN-1288,196,1.0,1.0,0.8539316501572937,0.693761356516045,0.48735199417454816,0.4048219902588749,0.2940994871201598,0.00510204081632653,0.015306122448979591,0.02040816326530612,0.030612244897959183,0.03571428571428571,0.08163265306122448,0.11224489795918367,1.0,1.0,0.8,0.6,0.35,0.32,0.22,1.0,1.0,1.0,1.0,1.0,1.0,1.0,0.00510204081632653,0.015306122448979591,0.019387755102040816,0.02643343051506317,0.029680183761816418,0.046402899944855885,0.05348782754223285,1.0
PLAIN-1299,61,1.0,0.46927872602275644,0.3391602052736161,0.2200917662980802,0.1420400396336573,0.07753300701100829,0.07871030094786537,0.01639344262295082,0.01639344262295082,0.01639344262295082,0.01639344262295082,0.01639344262295082,0.01639344262295082,0.03278688524590164,1.0,0.3333333333333333,0.2,0.1,0.05,0.02,0.02,1.0,1.0,1.0,1.0,1.0,1.0,1.0,0.01639344262295082,0.01639344262295082,0.01639344262295082,0.01639344262295082,0.01639344262295082,0.01639344262295082,0.01687560270009643,1.0
PLAIN-1309,4,0.0,0.0,0.0,0.0,0.0,0.0,0.0,0.0,0.0,0.0,0.0,0.0,0.0,0.0,0.0,0.0,0.0,0.0,0.0,0.0,0.0,0.0,0.0,0.0,0.0,0.0,0.0,0.0,0.0,0.0,0.0,0.0,0.0,0.0,0.0,
PLAIN-1320,6,0.0,0.0,0.0,0.0,0.0,0.12107635814351687,0.12107635814351687,0.0,0.0,0.0,0.0,0.0,0.3333333333333333,0.3333333333333333,0.0,0.0,0.0,0.0,0.0,0.04,0.02,0.0,0.0,0.0,0.0,0.0,0.045454545454545456,0.045454545454545456,0.0,0.0,0.0,0.0,0.0,0.014667956157317858,0.014667956157317858,22.0
PLAIN-1331,1,0.0,0.0,0.0,0.0,0.0,0.0,0.0,0.0,0.0,0.0,0.0,0.0,0.0,0.0,0.0,0.0,0.0,0.0,0.0,0.0,0.0,0.0,0.0,0.0,0.0,0.0,0.0,0.0,0.0,0.0,0.0,0.0,0.0,0.0,0.0,
PLAIN-1342,16,1.0,0.7039180890341347,0.6548086577531307,0.5033242827953465,0.3745306734272435,0.3745306734272435,0.40225649197863816,0.0625,0.125,0.1875,0.25,0.25,0.25,0.3125,1.0,0.6666666666666666,0.6,0.4,0.2,0.08,0.05,1.0,1.0,1.0,1.0,1.0,1.0,1.0,0.0625,0.10416666666666666,0.15104166666666666,0.19270833333333331,0.19270833333333331,0.19270833333333331,0.19800494350282483,1.0
PLAIN-1353,4,0.0,0.0,0.0,0.0,0.0,0.0,0.0,0.0,0.0,0.0,0.0,0.0,0.0,0.0,0.0,0.0,0.0,0.0,0.0,0.0,0.0,0.0,0.0,0.0,0.0,0.0,0.0,0.0,0.0,0.0,0.0,0.0,0.0,0.0,0.0,
PLAIN-1363,11,1.0,0.46927872602275644,0.3391602052736161,0.2200917662980802,0.20736122891466585,0.20736122891466585,0.24339342395526592,0.09090909090909091,0.09090909090909091,0.09090909090909091,0.09090909090909091,0.09090909090909091,0.09090909090909091,0.18181818181818182,1.0,0.3333333333333333,0.2,0.1,0.05,0.02,0.02,1.0,1.0,1.0,1.0,1.0,1.0,1.0,0.09090909090909091,0.09090909090909091,0.09090909090909091,0.09090909090909091,0.09090909090909091,0.09090909090909091,0.09433962264150943,1.0
PLAIN-1374,26,0.0,0.0,0.0,0.0,0.0,0.04734541457145789,0.04734541457145789,0.0,0.0,0.0,0.0,0.0,0.07692307692307693,0.07692307692307693,0.0,0.0,0.0,0.0,0.0,0.04,0.02,0.0,0.0,0.0,0.0,0.0,0.03225806451612903,0.03225806451612903,0.0,0.0,0.0,0.0,0.0,0.0035031382279959128,0.0035031382279959128,31.0
PLAIN-1387,12,1.0,1.0,0.8687949224876582,0.6371523797895857,0.5684443729514437,0.6107277529216608,0.6107277529216608,0.08333333333333333,0.25,0.3333333333333333,0.4166666666666667,0.4166666666666667,0.5,0.5,1.0,1.0,0.8,0.5,0.25,0.12,0.06,1.0,1.0,1.0,1.0,1.0,1.0,1.0,0.08333333333333333,0.25,0.3333333333333333,0.39285714285714285,0.39285714285714285,0.4136904761904762,0.4136904761904762,1.0
PLAIN-1398,103,1.0,1.0,1.0,1.0,0.8639640348596838,0.5384040394609374,0.3471251509506009,0.009708737864077669,0.02912621359223301,0.04854368932038835,0.0970873786407767,0.1553398058252427,0.1941747572815534,0.21359223300970873,1.0,1.0,1.0,1.0,0.8,0.4,0.22,1.0,1.0,1.0,1.0,1.0,1.0,1.0,0.009708737864077669,0.02912621359223301,0.04854368932038835,0.0970873786407767,0.15266464276052782,0.18255583289865757,0.18853343496273747,1.0
PLAIN-1409,253,0.0,0.5307212739772434,0.38356636737133565,0.530545529753971,0.48749093084298245,0.36057445646445363,0.24491091337942927,0.0,0.007905138339920948,0.007905138339920948,0.023715415019762844,0.039525691699604744,0.06324110671936758,0.07509881422924901,0.0,0.6666666666666666,0.4,0.6,0.5,0.32,0.19,0.0,0.5,0.5,0.5,0.5,0.5,0.5,0.0,0.004611330698287219,0.004611330698287219,0.013413639500596023,0.022763561646960858,0.03350609390587778,0.036279155810820536,2.0
PLAIN-1419,65,0.0,0.0,0.0,0.07336392209936006,0.08573131804326865,0.04679671239219142,0.05883843872703129,0.0,0.0,0.0,0.015384615384615385,0.03076923076923077,0.03076923076923077,0.06153846153846154,0.0,0.0,0.0,0.1,0.1,0.04,0.04,0.0,0.0,0.0,0.14285714285714285,0.14285714285714285,0.14285714285714285,0.14285714285714285,0.0,0.0,0.0,0.002197802197802198,0.004761904761904762,0.004761904761904762,0.005925280890217777,7.0
PLAIN-1429,6,0.0,0.0,0.0,0.0,0.0,0.0,0.0,0.0,0.0,0.0,0.0,0.0,0.0,0.0,0.0,0.0,0.0,0.0,0.0,0.0,0.0,0.0,0.0,0.0,0.0,0.0,0.0,0.0,0.0,0.0,0.0,0.0,0.0,0.0,0.0,
PLAIN-1441,186,1.0,1.0,0.8687949224876582,0.7058075148678529,0.5212809069264007,0.42289203791596625,0.32208260436569625,0.005376344086021506,0.016129032258064516,0.021505376344086023,0.03225806451612903,0.043010752688172046,0.0913978494623656,0.13440860215053763,1.0,1.0,0.8,0.6,0.4,0.34,0.25,1.0,1.0,1.0,1.0,1.0,1.0,1.0,0.005376344086021506,0.016129032258064516,0.021505376344086023,0.029211469534050176,0.03345280764635603,0.05245456725099348,0.06505191020905621,1.0
PLAIN-1453,245,1.0,0.46927872602275644,0.4703652827859579,0.37859880603906126,0.35180467569607865,0.2532976073033544,0.2093946712797559,0.004081632653061225,0.004081632653061225,0.00816326530612245,0.012244897959183673,0.024489795918367346,0.04081632653061224,0.06938775510204082,1.0,0.3333333333333333,0.4,0.3,0.3,0.2,0.17,1.0,1.0,1.0,1.0,1.0,1.0,1.0,0.004081632653061225,0.004081632653061225,0.005714285714285714,0.007463556851311953,0.011532820920576023,0.01574871604468798,0.020939302791258285,1.0
PLAIN-1463,24,0.0,0.2960819109658652,0.21398626473452756,0.2808815010511816,0.18127174956484954,0.1857756238207479,0.2248268958205033,0.0,0.041666666666666664,0.041666666666666664,0.125,0.125,0.16666666666666666,0.25,0.0,0.3333333333333333,0.2,0.3,0.15,0.08,0.06,0.0,0.5,0.5,0.5,0.5,0.5,0.5,0.0,0.020833333333333332,0.020833333333333332,0.04722222222222222,0.04722222222222222,0.05212418300653595,0.05735565239073593,2.0
PLAIN-1473,1,0.0,0.6309297535714575,0.6309297535714575,0.6309297535714575,0.6309297535714575,0.6309297535714575,0.6309297535714575,0.0,1.0,1.0,1.0,1.0,1.0,1.0,0.0,0.3333333333333333,0.2,0.1,0.05,0.02,0.01,0.0,0.5,0.5,0.5,0.5,0.5,0.5,0.0,0.5,0.5,0.5,0.5,0.5,0.5,2.0
PLAIN-1485,54,0.0,0.0,0.0,0.0,0.0,0.0,0.0,0.0,0.0,0.0,0.0,0.0,0.0,0.0,0.0,0.0,0.0,0.0,0.0,0.0,0.0,0.0,0.0,0.0,0.0,0.0,0.0,0.0,0.0,0.0,0.0,0.0,0.0,0.0,0.0,
PLAIN-1496,1,0.0,0.0,0.0,0.0,0.0,0.0,0.0,0.0,0.0,0.0,0.0,0.0,0.0,0.0,0.0,0.0,0.0,0.0,0.0,0.0,0.0,0.0,0.0,0.0,0.0,0.0,0.0,0.0,0.0,0.0,0.0,0.0,0.0,0.0,0.0,
PLAIN-1506,15,1.0,0.46927872602275644,0.3391602052736161,0.2200917662980802,0.17060921827860476,0.17060921827860476,0.17060921827860476,0.06666666666666667,0.06666666666666667,0.06666666666666667,0.06666666666666667,0.06666666666666667,0.06666666666666667,0.06666666666666667,1.0,0.3333333333333333,0.2,0.1,0.05,0.02,0.01,1.0,1.0,1.0,1.0,1.0,1.0,1.0,0.06666666666666667,0.06666666666666667,0.06666666666666667,0.06666666666666667,0.06666666666666667,0.06666666666666667,0.06666666666666667,1.0
PLAIN-1516,2,0.0,0.0,0.0,0.0,0.0,0.0,0.0,0.0,0.0,0.0,0.0,0.0,0.0,0.0,0.0,0.0,0.0,0.0,0.0,0.0,0.0,0.0,0.0,0.0,0.0,0.0,0.0,0.0,0.0,0.0,0.0,0.0,0.0,0.0,0.0,
PLAIN-1527,202,1.0,0.7039180890341347,0.7860137352654724,0.6618313225363276,0.572125434514211,0.4032003106067116,0.2868945432702506,0.0049504950495049506,0.009900990099009901,0.019801980198019802,0.0297029702970297,0.04950495049504951,0.07920792079207921,0.10396039603960396,1.0,0.6666666666666666,0.8,0.6,0.5,0.32,0.21,1.0,1.0,1.0,1.0,1.0,1.0,1.0,0.0049504950495049506,0.00825082508250825,0.015924092409240923,0.02429278642149929,0.036073785950023564,0.04779833715459667,0.05427046419822643,1.0
PLAIN-1537,45,1.0,0.7653606369886217,0.830419897363192,0.5388856921828066,0.4529486632304084,0.2655835331956226,0.2655835331956226,0.022222222222222223,0.044444444444444446,0.08888888888888889,0.08888888888888889,0.15555555555555556,0.15555555555555556,0.15555555555555556,1.0,0.6666666666666666,0.8,0.4,0.35,0.14,0.07,1.0,1.0,1.0,1.0,1.0,1.0,1.0,0.022222222222222223,0.044444444444444446,0.07888888888888888,0.07888888888888888,0.10430905695611578,0.10430905695611578,0.10430905695611578,1.0
PLAIN-1547,6,0.0,0.0,0.0,0.0,0.0,0.0,0.0,0.0,0.0,0.0,0.0,0.0,0.0,0.0,0.0,0.0,0.0,0.0,0.0,0.0,0.0,0.0,0.0,0.0,0.0,0.0,0.0,0.0,0.0,0.0,0.0,0.0,0.0,0.0,0.0,
PLAIN-1557,26,0.0,0.0,0.14606834984270645,0.09478836436955079,0.061173315378031855,0.0774405408835433,0.0774405408835433,0.0,0.0,0.038461538461538464,0.038461538461538464,0.038461538461538464,0.07692307692307693,0.07692307692307693,0.0,0.0,0.2,0.1,0.05,0.04,0.02,0.0,0.0,0.25,0.25,0.25,0.25,0.25,0.0,0.0,0.009615384615384616,0.009615384615384616,0.009615384615384616,0.01282051282051282,0.01282051282051282,4.0
PLAIN-1568,2,1.0,0.6131471927654584,0.6131471927654584,0.6131471927654584,0.766433990956823,0.766433990956823,0.766433990956823,0.5,0.5,0.5,0.5,1.0,1.0,1.0,1.0,0.3333333333333333,0.2,0.1,0.1,0.04,0.02,1.0,1.0,1.0,1.0,1.0,1.0,1.0,0.5,0.5,0.5,0.5,0.5666666666666667,0.5666666666666667,0.5666666666666667,1.0
PLAIN-1579,5,0.0,0.0,0.0,0.0,0.0,0.0,0.0,0.0,0.0,0.0,0.0,0.0,0.0,0.0,0.0,0.0,0.0,0.0,0.0,0.0,0.0,0.0,0.0,0.0,0.0,0.0,0.0,0.0,0.0,0.0,0.0,0.0,0.0,0.0,0.0,
PLAIN-1590,18,0.0,0.2960819109658652,0.21398626473452756,0.13886244387355456,0.13577715065926274,0.13577715065926274,0.13577715065926274,0.0,0.05555555555555555,0.05555555555555555,0.05555555555555555,0.1111111111111111,0.1111111111111111,0.1111111111111111,0.0,0.3333333333333333,0.2,0.1,0.1,0.04,0.02,0.0,0.5,0.5,0.5,0.5,0.5,0.5,0.0,0.027777777777777776,0.027777777777777776,0.027777777777777776,0.03632478632478633,0.03632478632478633,0.03632478632478633,2.0
PLAIN-1601,74,0.0,0.5307212739772434,0.6608397947263839,0.5587148206871072,0.46238877423281527,0.31413525335170106,0.29855637445688815,0.0,0.02702702702702703,0.05405405405405406,0.08108108108108109,0.12162162162162163,0.17567567567567569,0.25675675675675674,0.0,0.6666666666666666,0.8,0.6,0.45,0.26,0.19,0.0,0.5,0.5,0.5,0.5,0.5,0.5,0.0,0.015765765765765764,0.03671171171171171,0.052327327327327325,0.07104077761972499,0.09060680517895639,0.11147674877246438,2.0
PLAIN-1611,6,0.0,0.0,0.0,0.0,0.0,0.0,0.0,0.0,0.0,0.0,0.0,0.0,0.0,0.0,0.0,0.0,0.0,0.0,0.0,0.0,0.0,0.0,0.0,0.0,0.0,0.0,0.0,0.0,0.0,0.0,0.0,0.0,0.0,0.0,0.0,
PLAIN-1621,4,0.0,0.0,0.0,0.0,0.0,0.0,0.0,0.0,0.0,0.0,0.0,0.0,0.0,0.0,0.0,0.0,0.0,0.0,0.0,0.0,0.0,0.0,0.0,0.0,0.0,0.0,0.0,0.0,0.0,0.0,0.0,0.0,0.0,0.0,0.0,
PLAIN-1635,431,1.0,0.7039180890341347,0.6548086577531307,0.6461194268314838,0.77161703282275,0.7406118186899843,0.59554648272227,0.002320185614849188,0.004640371229698376,0.0069605568445475635,0.013921113689095127,0.037122969837587005,0.08584686774941995,0.12761020881670534,1.0,0.6666666666666666,0.6,0.6,0.8,0.74,0.55,1.0,1.0,1.0,1.0,1.0,1.0,1.0,0.002320185614849188,0.003866976024748646,0.005607115235885537,0.010551320296099878,0.027546481287511224,0.06551045787673034,0.0925862733902331,1.0
PLAIN-1645,6,0.0,0.0,0.0,0.0,0.0,0.0,0.0,0.0,0.0,0.0,0.0,0.0,0.0,0.0,0.0,0.0,0.0,0.0,0.0,0.0,0.0,0.0,0.0,0.0,0.0,0.0,0.0,0.0,0.0,0.0,0.0,0.0,0.0,0.0,0.0,
PLAIN-1656,28,0.0,0.0,0.0,0.0,0.0,0.04751333360604596,0.08396418238309651,0.0,0.0,0.0,0.0,0.0,0.07142857142857142,0.14285714285714285,0.0,0.0,0.0,0.0,0.0,0.04,0.04,0.0,0.0,0.0,0.0,0.0,0.045454545454545456,0.045454545454545456,0.0,0.0,0.0,0.0,0.0,0.003724216959511077,0.006956086957085658,22.0
PLAIN-1667,159,1.0,0.7653606369886217,0.830419897363192,0.6051399156371956,0.5677884810383133,0.39947004075112047,0.3220036232824658,0.006289308176100629,0.012578616352201259,0.025157232704402517,0.031446540880503145,0.06289308176100629,0.10062893081761007,0.16352201257861634,1.0,0.6666666666666666,0.8,0.5,0.5,0.32,0.26,1.0,1.0,1.0,1.0,1.0,1.0,1.0,0.006289308176100629,0.012578616352201259,0.02232704402515723,0.025821104122990914,0.04206999921994956,0.05612838204097821,0.07340301616320152,1.0
PLAIN-1679,1,0.0,0.0,0.0,0.0,0.0,0.0,0.0,0.0,0.0,0.0,0.0,0.0,0.0,0.0,0.0,0.0,0.0,0.0,0.0,0.0,0.0,0.0,0.0,0.0,0.0,0.0,0.0,0.0,0.0,0.0,0.0,0.0,0.0,0.0,0.0,
PLAIN-1690,4,0.0,0.0,0.0,0.0,0.0,0.0,0.0,0.0,0.0,0.0,0.0,0.0,0.0,0.0,0.0,0.0,0.0,0.0,0.0,0.0,0.0,0.0,0.0,0.0,0.0,0.0,0.0,0.0,0.0,0.0,0.0,0.0,0.0,0.0,0.0,
PLAIN-1700,5,0.0,0.0,0.0,0.0,0.0,0.0,0.0,0.0,0.0,0.0,0.0,0.0,0.0,0.0,0.0,0.0,0.0,0.0,0.0,0.0,0.0,0.0,0.0,0.0,0.0,0.0,0.0,0.0,0.0,0.0,0.0,0.0,0.0,0.0,0.0,
PLAIN-1710,16,1.0,1.0,1.0,1.0,0.8770703002965652,0.9107825311638826,0.9107825311638826,0.0625,0.1875,0.3125,0.625,0.8125,0.875,0.875,1.0,1.0,1.0,1.0,0.65,0.28,0.14,1.0,1.0,1.0,1.0,1.0,1.0,1.0,0.0625,0.1875,0.3125,0.625,0.8125,0.84375,0.84375,1.0
PLAIN-1721,31,1.0,0.46927872602275644,0.4703652827859579,0.3052348839397012,0.19698862770564315,0.19043463082274303,0.19043463082274303,0.03225806451612903,0.03225806451612903,0.06451612903225806,0.06451612903225806,0.06451612903225806,0.12903225806451613,0.12903225806451613,1.0,0.3333333333333333,0.4,0.2,0.1,0.08,0.04,1.0,1.0,1.0,1.0,1.0,1.0,1.0,0.03225806451612903,0.03225806451612903,0.04516129032258064,0.04516129032258064,0.04516129032258064,0.052054039150813344,0.052054039150813344,1.0
PLAIN-1731,3,1.0,0.7653606369886217,0.7653606369886217,0.7653606369886217,0.7653606369886217,0.7653606369886217,0.7653606369886217,0.3333333333333333,0.6666666666666666,0.6666666666666666,0.6666666666666666,0.6666666666666666,0.6666666666666666,0.6666666666666666,1.0,0.6666666666666666,0.4,0.2,0.1,0.04,0.02,1.0,1.0,1.0,1.0,1.0,1.0,1.0,0.3333333333333333,0.6666666666666666,0.6666666666666666,0.6666666666666666,0.6666666666666666,0.6666666666666666,0.6666666666666666,1.0
PLAIN-1741,420,1.0,0.46927872602275644,0.48522855511632257,0.4518648409659428,0.39881659739669795,0.23173208397981324,0.20466452071855648,0.002380952380952381,0.002380952380952381,0.004761904761904762,0.009523809523809525,0.016666666666666666,0.01904761904761905,0.0380952380952381,1.0,0.3333333333333333,0.4,0.4,0.35,0.16,0.16,1.0,1.0,1.0,1.0,1.0,1.0,1.0,0.002380952380952381,0.002380952380952381,0.0035714285714285713,0.00554421768707483,0.00840953047885821,0.008832810902138633,0.012101309426875892,1.0
PLAIN-1752,1,0.0,0.0,0.0,0.0,0.0,0.0,0.0,0.0,0.0,0.0,0.0,0.0,0.0,0.0,0.0,0.0,0.0,0.0,0.0,0.0,0.0,0.0,0.0,0.0,0.0,0.0,0.0,0.0,0.0,0.0,0.0,0.0,0.0,0.0,0.0,
PLAIN-1762,8,0.0,0.2960819109658652,0.21398626473452756,0.15958907712489637,0.23014565971586484,0.23014565971586484,0.2724630191176226,0.0,0.125,0.125,0.125,0.25,0.25,0.375,0.0,0.3333333333333333,0.2,0.1,0.1,0.04,0.03,0.0,0.5,0.5,0.5,0.5,0.5,0.5,0.0,0.0625,0.0625,0.0625,0.08522727272727273,0.08522727272727273,0.09127565982404692,2.0
PLAIN-1772,2,1.0,1.0,1.0,1.0,1.0,1.0,1.0,0.5,1.0,1.0,1.0,1.0,1.0,1.0,1.0,0.6666666666666666,0.4,0.2,0.1,0.04,0.02,1.0,1.0,1.0,1.0,1.0,1.0,1.0,0.5,1.0,1.0,1.0,1.0,1.0,1.0,1.0
PLAIN-1784,2,0.0,0.0,0.0,0.0,0.0,0.0,0.0,0.0,0.0,0.0,0.0,0.0,0.0,0.0,0.0,0.0,0.0,0.0,0.0,0.0,0.0,0.0,0.0,0.0,0.0,0.0,0.0,0.0,0.0,0.0,0.0,0.0,0.0,0.0,0.0,
PLAIN-1794,2,1.0,1.0,1.0,1.0,1.0,1.0,1.0,0.5,1.0,1.0,1.0,1.0,1.0,1.0,1.0,0.6666666666666666,0.4,0.2,0.1,0.04,0.02,1.0,1.0,1.0,1.0,1.0,1.0,1.0,0.5,1.0,1.0,1.0,1.0,1.0,1.0,1.0
PLAIN-1805,116,1.0,1.0,1.0,1.0,0.8304735834208377,0.49857790575707067,0.3143816981387489,0.008620689655172414,0.02586206896551724,0.04310344827586207,0.08620689655172414,0.12931034482758622,0.15517241379310345,0.16379310344827586,1.0,1.0,1.0,1.0,0.75,0.36,0.19,1.0,1.0,1.0,1.0,1.0,1.0,1.0,0.008620689655172414,0.02586206896551724,0.04310344827586207,0.08620689655172414,0.1278735632183908,0.14073910846774415,0.142481588291662,1.0
PLAIN-1817,27,1.0,0.7653606369886217,0.6992148198508501,0.5965377185773229,0.4190489379505726,0.3661070570335003,0.3838684083159067,0.037037037037037035,0.07407407407407407,0.1111111111111111,0.18518518518518517,0.2222222222222222,0.25925925925925924,0.2962962962962963,1.0,0.6666666666666666,0.6,0.5,0.3,0.14,0.08,1.0,1.0,1.0,1.0,1.0,1.0,1.0,0.037037037037037035,0.07407407407407407,0.10185185185185185,0.14616402116402116,0.15923591658885775,0.1648719874423199,0.1679908958243862,1.0
PLAIN-1827,3,0.0,0.0,0.0,0.0,0.0,0.0,0.0,0.0,0.0,0.0,0.0,0.0,0.0,0.0,0.0,0.0,0.0,0.0,0.0,0.0,0.0,0.0,0.0,0.0,0.0,0.0,0.0,0.0,0.0,0.0,0.0,0.0,0.0,0.0,0.0,
PLAIN-1837,196,1.0,1.0,1.0,1.0,0.9671350294324229,0.8921398754619482,0.6809584215186305,0.00510204081632653,0.015306122448979591,0.025510204081632654,0.05102040816326531,0.09693877551020408,0.2193877551020408,0.30612244897959184,1.0,1.0,1.0,1.0,0.95,0.86,0.6,1.0,1.0,1.0,1.0,1.0,1.0,1.0,0.00510204081632653,0.015306122448979591,0.025510204081632654,0.05102040816326531,0.09668367346938775,0.20684515441734244,0.2695566516408977,1.0
PLAIN-1847,11,0.0,0.0,0.0,0.07839826897867534,0.0738635600669558,0.0738635600669558,0.0738635600669558,0.0,0.0,0.0,0.09090909090909091,0.09090909090909091,0.09090909090909091,0.09090909090909091,0.0,0.0,0.0,0.1,0.05,0.02,0.01,0.0,0.0,0.0,0.16666666666666666,0.16666666666666666,0.16666666666666666,0.16666666666666666,0.0,0.0,0.0,0.01515151515151515,0.01515151515151515,0.01515151515151515,0.01515151515151515,6.0
PLAIN-1857,33,1.0,0.7653606369886217,0.6843515475204855,0.5174612499126158,0.3339525947868724,0.2409823400388537,0.2409823400388537,0.030303030303030304,0.06060606060606061,0.09090909090909091,0.12121212121212122,0.12121212121212122,0.12121212121212122,0.12121212121212122,1.0,0.6666666666666666,0.6,0.4,0.2,0.08,0.04,1.0,1.0,1.0,1.0,1.0,1.0,1.0,0.030303030303030304,0.06060606060606061,0.0787878787878788,0.09610389610389611,0.09610389610389611,0.09610389610389611,0.09610389610389611,1.0
PLAIN-1867,7,0.0,0.0,0.0,0.07945707943276742,0.07945707943276742,0.07945707943276742,0.12372447572819782,0.0,0.0,0.0,0.14285714285714285,0.14285714285714285,0.14285714285714285,0.2857142857142857,0.0,0.0,0.0,0.1,0.05,0.02,0.02,0.0,0.0,0.0,0.1,0.1,0.1,0.1,0.0,0.0,0.0,0.014285714285714287,0.014285714285714287,0.014285714285714287,0.018199608610567516,10.0
PLAIN-1877,36,0.0,0.0,0.0,0.0,0.0,0.0,0.01562926760097231,0.0,0.0,0.0,0.0,0.0,0.0,0.027777777777777776,0.0,0.0,0.0,0.0,0.0,0.0,0.01,0.0,0.0,0.0,0.0,0.0,0.0,0.013888888888888888,0.0,0.0,0.0,0.0,0.0,0.0,0.00038580246913580245,72.0
PLAIN-1887,4,0.0,0.0,0.0,0.0,0.0,0.0,0.0,0.0,0.0,0.0,0.0,0.0,0.0,0.0,0.0,0.0,0.0,0.0,0.0,0.0,0.0,0.0,0.0,0.0,0.0,0.0,0.0,0.0,0.0,0.0,0.0,0.0,0.0,0.0,0.0,
PLAIN-1897,2,0.0,0.0,0.0,0.0,0.0,0.0,0.0,0.0,0.0,0.0,0.0,0.0,0.0,0.0,0.0,0.0,0.0,0.0,0.0,0.0,0.0,0.0,0.0,0.0,0.0,0.0,0.0,0.0,0.0,0.0,0.0,0.0,0.0,0.0,0.0,
PLAIN-1909,463,1.0,0.7039180890341347,0.5087403079104241,0.617585285916322,0.6879987682438528,0.465647015885679,0.41785905110762733,0.0021598272138228943,0.004319654427645789,0.004319654427645789,0.012958963282937365,0.03023758099352052,0.04319654427645788,0.07991360691144708,1.0,0.6666666666666666,0.4,0.6,0.7,0.4,0.37,1.0,1.0,1.0,1.0,1.0,1.0,1.0,0.0021598272138228943,0.0035997120230381566,0.0035997120230381566,0.008703589427131545,0.02109115034092801,0.027540711883603377,0.04193003677926931,1.0
PLAIN-1919,27,1.0,1.0,1.0,0.9363792118010483,0.6043085690730533,0.5422846275518965,0.580945868346054,0.037037037037037035,0.1111111111111111,0.18518518518518517,0.3333333333333333,0.3333333333333333,0.4074074074074074,0.48148148148148145,1.0,1.0,1.0,0.9,0.45,0.22,0.13,1.0,1.0,1.0,1.0,1.0,1.0,1.0,0.037037037037037035,0.1111111111111111,0.18518518518518517,0.3333333333333333,0.3333333333333333,0.3545400238948626,0.36870430527225867,1.0
PLAIN-1929,10,1.0,0.46927872602275644,0.3391602052736161,0.2863459897524693,0.2863459897524693,0.3259694024253274,0.3964337898905495,0.1,0.1,0.1,0.2,0.2,0.3,0.5,1.0,0.3333333333333333,0.2,0.2,0.1,0.06,0.05,1.0,1.0,1.0,1.0,1.0,1.0,1.0,0.1,0.1,0.1,0.12222222222222223,0.12222222222222223,0.12874396135265703,0.14062048733800755,1.0
PLAIN-1940,12,1.0,0.7039180890341347,0.5087403079104241,0.3301376494471203,0.294536903698934,0.294536903698934,0.294536903698934,0.08333333333333333,0.16666666666666666,0.16666666666666666,0.16666666666666666,0.16666666666666666,0.16666666666666666,0.16666666666666666,1.0,0.6666666666666666,0.4,0.2,0.1,0.04,0.02,1.0,1.0,1.0,1.0,1.0,1.0,1.0,0.08333333333333333,0.13888888888888887,0.13888888888888887,0.13888888888888887,0.13888888888888887,0.13888888888888887,0.13888888888888887,1.0
PLAIN-1950,13,0.0,0.2960819109658652,0.36005461457723403,0.30308203017988267,0.25713742515873483,0.29686302023544275,0.29686302023544275,0.0,0.07692307692307693,0.15384615384615385,0.23076923076923078,0.23076923076923078,0.3076923076923077,0.3076923076923077,0.0,0.3333333333333333,0.4,0.3,0.15,0.08,0.04,0.0,0.5,0.5,0.5,0.5,0.5,0.5,0.0,0.038461538461538464,0.07692307692307693,0.10576923076923077,0.10576923076923077,0.11807692307692307,0.11807692307692307,2.0
PLAIN-1962,13,0.0,0.0,0.0,0.0,0.0,0.0,0.0,0.0,0.0,0.0,0.0,0.0,0.0,0.0,0.0,0.0,0.0,0.0,0.0,0.0,0.0,0.0,0.0,0.0,0.0,0.0,0.0,0.0,0.0,0.0,0.0,0.0,0.0,0.0,0.0,
PLAIN-1972,11,0.0,0.0,0.0,0.0,0.0,0.0,0.03289474002956552,0.0,0.0,0.0,0.0,0.0,0.0,0.09090909090909091,0.0,0.0,0.0,0.0,0.0,0.0,0.01,0.0,0.0,0.0,0.0,0.0,0.0,0.01282051282051282,0.0,0.0,0.0,0.0,0.0,0.0,0.0011655011655011655,78.0
PLAIN-1983,32,1.0,1.0,0.8539316501572937,0.7573821447149967,0.5284107735614372,0.4083050249026911,0.4083050249026911,0.03125,0.09375,0.125,0.21875,0.25,0.28125,0.28125,1.0,1.0,0.8,0.7,0.4,0.18,0.09,1.0,1.0,1.0,1.0,1.0,1.0,1.0,0.03125,0.09375,0.11875,0.18377976190476192,0.20650703463203465,0.21304773230645327,0.21304773230645327,1.0
PLAIN-1995,11,0.0,0.0,0.0,0.0,0.0,0.04147224578293317,0.07382496556251673,0.0,0.0,0.0,0.0,0.0,0.09090909090909091,0.18181818181818182,0.0,0.0,0.0,0.0,0.0,0.02,0.02,0.0,0.0,0.0,0.0,0.0,0.03225806451612903,0.03225806451612903,0.0,0.0,0.0,0.0,0.0,0.002932551319648094,0.005097053484150258,31.0
PLAIN-2009,8,0.0,0.0,0.14606834984270645,0.1089364926177559,0.1089364926177559,0.1089364926177559,0.1089364926177559,0.0,0.0,0.125,0.125,0.125,0.125,0.125,0.0,0.0,0.2,0.1,0.05,0.02,0.01,0.0,0.0,0.25,0.25,0.25,0.25,0.25,0.0,0.0,0.03125,0.03125,0.03125,0.03125,0.03125,4.0
PLAIN-2019,3,0.0,0.0,0.0,0.0,0.0,0.0,0.0,0.0,0.0,0.0,0.0,0.0,0.0,0.0,0.0,0.0,0.0,0.0,0.0,0.0,0.0,0.0,0.0,0.0,0.0,0.0,0.0,0.0,0.0,0.0,0.0,0.0,0.0,0.0,0.0,
PLAIN-2030,6,0.0,0.0,0.0,0.0,0.0,0.0,0.0,0.0,0.0,0.0,0.0,0.0,0.0,0.0,0.0,0.0,0.0,0.0,0.0,0.0,0.0,0.0,0.0,0.0,0.0,0.0,0.0,0.0,0.0,0.0,0.0,0.0,0.0,0.0,0.0,
PLAIN-2040,132,1.0,0.46927872602275644,0.3391602052736161,0.2200917662980802,0.25735249522130044,0.17081502167217794,0.1357936441978566,0.007575757575757576,0.007575757575757576,0.007575757575757576,0.007575757575757576,0.030303030303030304,0.045454545454545456,0.07575757575757576,1.0,0.3333333333333333,0.2,0.1,0.2,0.12,0.1,1.0,1.0,1.0,1.0,1.0,1.0,1.0,0.007575757575757576,0.007575757575757576,0.007575757575757576,0.007575757575757576,0.013178109769018861,0.015639571071943578,0.019025060208469287,1.0
PLAIN-2051,355,0.0,0.5307212739772434,0.5147714448836774,0.4818809355796683,0.4471852644460014,0.3704982720937907,0.30383426104241806,0.0,0.005633802816901409,0.008450704225352112,0.014084507042253521,0.02535211267605634,0.04788732394366197,0.07605633802816901,0.0,0.6666666666666666,0.6,0.5,0.45,0.34,0.27,0.0,0.5,0.5,0.5,0.5,0.5,0.5,0.0,0.003286384976525821,0.004976525821596244,0.008615023474178403,0.013501729330229743,0.02371898345980697,0.03167075627656888,2.0
PLAIN-2061,410,1.0,1.0,0.8687949224876582,0.8364586133797037,0.8621174378050772,0.7464522849644699,0.5757432285275415,0.0024390243902439024,0.007317073170731708,0.00975609756097561,0.01951219512195122,0.041463414634146344,0.08536585365853659,0.12195121951219512,1.0,1.0,0.8,0.8,0.85,0.7,0.5,1.0,1.0,1.0,1.0,1.0,1.0,1.0,0.0024390243902439024,0.007317073170731708,0.00975609756097561,0.017175764614789004,0.03610858703832351,0.07090628224858554,0.09273145533338055,1.0
PLAIN-2071,45,1.0,0.46927872602275644,0.48522855511632257,0.38431135260440824,0.2864066367787438,0.23534843585578494,0.2881261280436936,0.022222222222222223,0.022222222222222223,0.044444444444444446,0.06666666666666667,0.08888888888888889,0.17777777777777778,0.26666666666666666,1.0,0.3333333333333333,0.4,0.3,0.2,0.16,0.12,1.0,1.0,1.0,1.0,1.0,1.0,1.0,0.022222222222222223,0.022222222222222223,0.03333333333333333,0.041666666666666664,0.049074074074074076,0.0679590017825312,0.07976346563106836,1.0
PLAIN-2081,1,0.0,0.0,0.0,0.0,0.0,0.0,0.0,0.0,0.0,0.0,0.0,0.0,0.0,0.0,0.0,0.0,0.0,0.0,0.0,0.0,0.0,0.0,0.0,0.0,0.0,0.0,0.0,0.0,0.0,0.0,0.0,0.0,0.0,0.0,0.0,
PLAIN-2092,10,1.0,1.0,0.8539316501572937,0.5541432109622959,0.5541432109622959,0.6034974303157783,0.6719689602536943,0.1,0.3,0.4,0.4,0.4,0.5,0.7,1.0,1.0,0.8,0.4,0.2,0.1,0.07,1.0,1.0,1.0,1.0,1.0,1.0,1.0,0.1,0.3,0.38,0.38,0.38,0.4038095238095238,0.4190131561705585,1.0
PLAIN-2102,421,1.0,0.7039180890341347,0.6548086577531307,0.7759944384848245,0.7850148644801492,0.6315844208292684,0.49684733648234913,0.0023752969121140144,0.004750593824228029,0.007125890736342043,0.019002375296912115,0.03800475059382423,0.0688836104513064,0.1021377672209026,1.0,0.6666666666666666,0.6,0.8,0.8,0.58,0.43,1.0,1.0,1.0,1.0,1.0,1.0,1.0,0.0023752969121140144,0.00395882818685669,0.005740300870942201,0.014549636164838065,0.029935432981126196,0.052847870942869836,0.06937890368304461,1.0
PLAIN-2113,1,0.0,0.0,0.0,0.0,0.0,0.0,0.0,0.0,0.0,0.0,0.0,0.0,0.0,0.0,0.0,0.0,0.0,0.0,0.0,0.0,0.0,0.0,0.0,0.0,0.0,0.0,0.0,0.0,0.0,0.0,0.0,0.0,0.0,0.0,0.0,
PLAIN-2124,17,1.0,1.0,0.8687949224876582,0.633219679627003,0.4927772329066989,0.5829732322378147,0.5829732322378147,0.058823529411764705,0.17647058823529413,0.23529411764705882,0.29411764705882354,0.35294117647058826,0.5294117647058824,0.5294117647058824,1.0,1.0,0.8,0.5,0.3,0.18,0.09,1.0,1.0,1.0,1.0,1.0,1.0,1.0,0.058823529411764705,0.17647058823529413,0.23529411764705882,0.27205882352941174,0.29558823529411765,0.33368333942855005,0.33368333942855005,1.0
PLAIN-2134,12,0.0,0.0,0.0,0.0,0.0,0.0,0.0,0.0,0.0,0.0,0.0,0.0,0.0,0.0,0.0,0.0,0.0,0.0,0.0,0.0,0.0,0.0,0.0,0.0,0.0,0.0,0.0,0.0,0.0,0.0,0.0,0.0,0.0,0.0,0.0,
PLAIN-2145,9,0.0,0.0,0.0,0.0,0.0,0.0506143041061501,0.0506143041061501,0.0,0.0,0.0,0.0,0.0,0.1111111111111111,0.1111111111111111,0.0,0.0,0.0,0.0,0.0,0.02,0.01,0.0,0.0,0.0,0.0,0.0,0.041666666666666664,0.041666666666666664,0.0,0.0,0.0,0.0,0.0,0.004629629629629629,0.004629629629629629,24.0
PLAIN-2156,6,1.0,0.46927872602275644,0.3391602052736161,0.39007412760022164,0.39007412760022164,0.39007412760022164,0.44013744371153624,0.16666666666666666,0.16666666666666666,0.16666666666666666,0.3333333333333333,0.3333333333333333,0.3333333333333333,0.5,1.0,0.3333333333333333,0.2,0.2,0.1,0.04,0.03,1.0,1.0,1.0,1.0,1.0,1.0,1.0,0.16666666666666666,0.16666666666666666,0.16666666666666666,0.19999999999999998,0.19999999999999998,0.19999999999999998,0.2076923076923077,1.0
PLAIN-2167,1,0.0,0.0,0.0,0.0,0.0,0.0,0.0,0.0,0.0,0.0,0.0,0.0,0.0,0.0,0.0,0.0,0.0,0.0,0.0,0.0,0.0,0.0,0.0,0.0,0.0,0.0,0.0,0.0,0.0,0.0,0.0,0.0,0.0,0.0,0.0,
PLAIN-2177,24,1.0,0.46927872602275644,0.3391602052736161,0.2200917662980802,0.1804246777990402,0.1846436763050511,0.2060218036675662,0.041666666666666664,0.041666666666666664,0.041666666666666664,0.041666666666666664,0.08333333333333333,0.125,0.16666666666666666,1.0,0.3333333333333333,0.2,0.1,0.1,0.06,0.04,1.0,1.0,1.0,1.0,1.0,1.0,1.0,0.041666666666666664,0.041666666666666664,0.041666666666666664,0.041666666666666664,0.04861111111111111,0.052083333333333336,0.054908192090395484,1.0
PLAIN-2187,9,0.0,0.0,0.0,0.0,0.0,0.0,0.0,0.0,0.0,0.0,0.0,0.0,0.0,0.0,0.0,0.0,0.0,0.0,0.0,0.0,0.0,0.0,0.0,0.0,0.0,0.0,0.0,0.0,0.0,0.0,0.0,0.0,0.0,0.0,0.0,
PLAIN-2197,58,1.0,1.0,0.8539316501572937,0.6203974344166849,0.5098753460936372,0.30802881507397645,0.3119703439115125,0.017241379310344827,0.05172413793103448,0.06896551724137931,0.08620689655172414,0.13793103448275862,0.1724137931034483,0.22413793103448276,1.0,1.0,0.8,0.5,0.4,0.2,0.13,1.0,1.0,1.0,1.0,1.0,1.0,1.0,0.017241379310344827,0.05172413793103448,0.06551724137931034,0.07509578544061302,0.10095785440613027,0.10997039359108324,0.11836500173559178,1.0
PLAIN-2209,2,0.0,0.0,0.0,0.0,0.0,0.0,0.0,0.0,0.0,0.0,0.0,0.0,0.0,0.0,0.0,0.0,0.0,0.0,0.0,0.0,0.0,0.0,0.0,0.0,0.0,0.0,0.0,0.0,0.0,0.0,0.0,0.0,0.0,0.0,0.0,
PLAIN-2220,9,0.0,0.23463936301137822,0.16958010263680806,0.1175227747072427,0.1175227747072427,0.16813707881339282,0.16813707881339282,0.0,0.1111111111111111,0.1111111111111111,0.1111111111111111,0.1111111111111111,0.2222222222222222,0.2222222222222222,0.0,0.3333333333333333,0.2,0.1,0.05,0.04,0.02,0.0,0.3333333333333333,0.3333333333333333,0.3333333333333333,0.3333333333333333,0.3333333333333333,0.3333333333333333,0.0,0.037037037037037035,0.037037037037037035,0.037037037037037035,0.037037037037037035,0.046296296296296294,0.046296296296296294,3.0
PLAIN-2230,7,0.0,0.0,0.0,0.0,0.0,0.0,0.0,0.0,0.0,0.0,0.0,0.0,0.0,0.0,0.0,0.0,0.0,0.0,0.0,0.0,0.0,0.0,0.0,0.0,0.0,0.0,0.0,0.0,0.0,0.0,0.0,0.0,0.0,0.0,0.0,
PLAIN-2240,11,1.0,0.7653606369886217,0.5531464700081437,0.35895421017163476,0.33819159797407056,0.38403185194406664,0.38403185194406664,0.09090909090909091,0.18181818181818182,0.18181818181818182,0.18181818181818182,0.18181818181818182,0.2727272727272727,0.2727272727272727,1.0,0.6666666666666666,0.4,0.2,0.1,0.06,0.03,1.0,1.0,1.0,1.0,1.0,1.0,1.0,0.09090909090909091,0.18181818181818182,0.18181818181818182,0.18181818181818182,0.18181818181818182,0.19421487603305784,0.19421487603305784,1.0
PLAIN-2250,2,0.0,0.0,0.0,0.0,0.0,0.0,0.09970283018968153,0.0,0.0,0.0,0.0,0.0,0.0,0.5,0.0,0.0,0.0,0.0,0.0,0.0,0.01,0.0,0.0,0.0,0.0,0.0,0.0,0.014285714285714285,0.0,0.0,0.0,0.0,0.0,0.0,0.007142857142857143,70.0
PLAIN-2261,60,1.0,0.46927872602275644,0.4703652827859579,0.36885567213865295,0.3441673024138279,0.21977202803004048,0.19392593236498384,0.016666666666666666,0.016666666666666666,0.03333333333333333,0.05,0.1,0.13333333333333333,0.13333333333333333,1.0,0.3333333333333333,0.4,0.3,0.3,0.16,0.08,1.0,1.0,1.0,1.0,1.0,1.0,1.0,0.016666666666666666,0.016666666666666666,0.02333333333333333,0.028333333333333332,0.044552224736048265,0.05343421231368802,0.05343421231368802,1.0
PLAIN-2271,10,0.0,0.0,0.0,0.0,0.0,0.0,0.0,0.0,0.0,0.0,0.0,0.0,0.0,0.0,0.0,0.0,0.0,0.0,0.0,0.0,0.0,0.0,0.0,0.0,0.0,0.0,0.0,0.0,0.0,0.0,0.0,0.0,0.0,0.0,0.0,
PLAIN-2281,1,0.0,0.0,0.0,0.0,0.0,0.0,0.0,0.0,0.0,0.0,0.0,0.0,0.0,0.0,0.0,0.0,0.0,0.0,0.0,0.0,0.0,0.0,0.0,0.0,0.0,0.0,0.0,0.0,0.0,0.0,0.0,0.0,0.0,0.0,0.0,
PLAIN-2291,5,0.0,0.0,0.0,0.0,0.0,0.0,0.0,0.0,0.0,0.0,0.0,0.0,0.0,0.0,0.0,0.0,0.0,0.0,0.0,0.0,0.0,0.0,0.0,0.0,0.0,0.0,0.0,0.0,0.0,0.0,0.0,0.0,0.0,0.0,0.0,
PLAIN-2301,13,0.0,0.0,0.0,0.0,0.04904396063617703,0.08284964008919495,0.08284964008919495,0.0,0.0,0.0,0.0,0.07692307692307693,0.15384615384615385,0.15384615384615385,0.0,0.0,0.0,0.0,0.05,0.04,0.02,0.0,0.0,0.0,0.0,0.07692307692307693,0.07692307692307693,0.07692307692307693,0.0,0.0,0.0,0.0,0.00591715976331361,0.009335963182117029,0.009335963182117029,13.0
PLAIN-2311,2,0.0,0.0,0.0,0.0,0.0,0.0,0.0,0.0,0.0,0.0,0.0,0.0,0.0,0.0,0.0,0.0,0.0,0.0,0.0,0.0,0.0,0.0,0.0,0.0,0.0,0.0,0.0,0.0,0.0,0.0,0.0,0.0,0.0,0.0,0.0,
PLAIN-2321,5,0.0,0.0,0.0,0.0,0.0,0.0,0.0,0.0,0.0,0.0,0.0,0.0,0.0,0.0,0.0,0.0,0.0,0.0,0.0,0.0,0.0,0.0,0.0,0.0,0.0,0.0,0.0,0.0,0.0,0.0,0.0,0.0,0.0,0.0,0.0,
PLAIN-2332,97,1.0,0.46927872602275644,0.3391602052736161,0.2837125544970319,0.18309881902054634,0.22140690359497806,0.20399930364366153,0.010309278350515464,0.010309278350515464,0.010309278350515464,0.020618556701030927,0.020618556701030927,0.10309278350515463,0.18556701030927836,1.0,0.3333333333333333,0.2,0.2,0.1,0.2,0.18,1.0,1.0,1.0,1.0,1.0,1.0,1.0,0.010309278350515464,0.010309278350515464,0.010309278350515464,0.012371134020618556,0.012371134020618556,0.027379791870036866,0.04550096666226051,1.0
PLAIN-2343,2,0.0,0.0,0.0,0.0,0.0,0.0,0.0,0.0,0.0,0.0,0.0,0.0,0.0,0.0,0.0,0.0,0.0,0.0,0.0,0.0,0.0,0.0,0.0,0.0,0.0,0.0,0.0,0.0,0.0,0.0,0.0,0.0,0.0,0.0,0.0,
PLAIN-2354,5,0.0,0.2960819109658652,0.21398626473452756,0.32703966649239957,0.32703966649239957,0.39549884413187647,0.39549884413187647,0.0,0.2,0.2,0.4,0.4,0.6,0.6,0.0,0.3333333333333333,0.2,0.2,0.1,0.06,0.03,0.0,0.5,0.5,0.5,0.5,0.5,0.5,0.0,0.1,0.1,0.15714285714285714,0.15714285714285714,0.17714285714285713,0.17714285714285713,2.0
PLAIN-2364,15,0.0,0.0,0.0,0.0,0.0,0.0,0.0,0.0,0.0,0.0,0.0,0.0,0.0,0.0,0.0,0.0,0.0,0.0,0.0,0.0,0.0,0.0,0.0,0.0,0.0,0.0,0.0,0.0,0.0,0.0,0.0,0.0,0.0,0.0,0.0,
PLAIN-2375,2,0.0,0.0,0.0,0.0,0.0,0.0,0.0,0.0,0.0,0.0,0.0,0.0,0.0,0.0,0.0,0.0,0.0,0.0,0.0,0.0,0.0,0.0,0.0,0.0,0.0,0.0,0.0,0.0,0.0,0.0,0.0,0.0,0.0,0.0,0.0,
PLAIN-2386,19,0.0,0.0,0.0,0.0,0.0,0.0,0.0,0.0,0.0,0.0,0.0,0.0,0.0,0.0,0.0,0.0,0.0,0.0,0.0,0.0,0.0,0.0,0.0,0.0,0.0,0.0,0.0,0.0,0.0,0.0,0.0,0.0,0.0,0.0,0.0,
PLAIN-2396,18,0.0,0.0,0.0,0.0,0.0,0.0,0.0,0.0,0.0,0.0,0.0,0.0,0.0,0.0,0.0,0.0,0.0,0.0,0.0,0.0,0.0,0.0,0.0,0.0,0.0,0.0,0.0,0.0,0.0,0.0,0.0,0.0,0.0,0.0,0.0,
PLAIN-2408,5,0.0,0.0,0.0,0.0,0.0,0.0,0.05921175197246692,0.0,0.0,0.0,0.0,0.0,0.0,0.2,0.0,0.0,0.0,0.0,0.0,0.0,0.01,0.0,0.0,0.0,0.0,0.0,0.0,0.019230769230769232,0.0,0.0,0.0,0.0,0.0,0.0,0.0038461538461538464,52.0
PLAIN-2430,46,1.0,1.0,0.7227265726449519,0.46900009332067494,0.3303353147106689,0.3243456499820715,0.3960196676365324,0.021739130434782608,0.06521739130434782,0.06521739130434782,0.06521739130434782,0.06521739130434782,0.21739130434782608,0.34782608695652173,1.0,1.0,0.6,0.3,0.15,0.2,0.16,1.0,1.0,1.0,1.0,1.0,1.0,1.0,0.021739130434782608,0.06521739130434782,0.06521739130434782,0.06521739130434782,0.06521739130434782,0.09533297514911053,0.12010827450582892,1.0
PLAIN-2440,21,0.0,0.0,0.0,0.0,0.0,0.0,0.0,0.0,0.0,0.0,0.0,0.0,0.0,0.0,0.0,0.0,0.0,0.0,0.0,0.0,0.0,0.0,0.0,0.0,0.0,0.0,0.0,0.0,0.0,0.0,0.0,0.0,0.0,0.0,0.0,
PLAIN-2450,38,0.0,0.23463936301137822,0.3156484524795145,0.20483424751859092,0.2382863601360473,0.19420205146081745,0.203852425184844,0.0,0.02631578947368421,0.05263157894736842,0.05263157894736842,0.10526315789473684,0.13157894736842105,0.15789473684210525,0.0,0.3333333333333333,0.4,0.2,0.2,0.1,0.06,0.0,0.3333333333333333,0.3333333333333333,0.3333333333333333,0.3333333333333333,0.3333333333333333,0.3333333333333333,0.0,0.008771929824561403,0.021929824561403508,0.021929824561403508,0.03508771929824561,0.03788727136991415,0.03958506423918409,3.0
PLAIN-2460,31,0.0,0.23463936301137822,0.16958010263680806,0.2578690589634993,0.267478736965125,0.30110391729190555,0.364333020511361,0.0,0.03225806451612903,0.03225806451612903,0.0967741935483871,0.16129032258064516,0.25806451612903225,0.41935483870967744,0.0,0.3333333333333333,0.2,0.3,0.25,0.16,0.13,0.0,0.3333333333333333,0.3333333333333333,0.3333333333333333,0.3333333333333333,0.3333333333333333,0.3333333333333333,0.0,0.01075268817204301,0.01075268817204301,0.029569892473118274,0.04765970904490828,0.07189515102228575,0.09268774535225974,3.0
PLAIN-2470,73,1.0,0.617319681505689,0.5191875125622332,0.48933889255690266,0.44362483119444357,0.3646121620051477,0.3172007947244791,0.0136986301369863,0.0273972602739726,0.0410958904109589,0.0684931506849315,0.0958904109589041,0.1643835616438356,0.2054794520547945,1.0,0.6666666666666666,0.6,0.5,0.35,0.24,0.15,1.0,1.0,1.0,1.0,1.0,1.0,1.0,0.0136986301369863,0.0273972602739726,0.03767123287671233,0.05136986301369863,0.063332920101655,0.0825317640227851,0.08960665472951447,1.0
PLAIN-2480,18,0.0,0.38268031849431083,0.34960740992542505,0.23432526634034373,0.19026030305740468,0.2410762726401884,0.25493696306060054,0.0,0.1111111111111111,0.16666666666666666,0.16666666666666666,0.16666666666666666,0.2777777777777778,0.3333333333333333,0.0,0.6666666666666666,0.6,0.3,0.15,0.1,0.06,0.0,0.5,0.5,0.5,0.5,0.5,0.5,0.0,0.06481481481481481,0.10648148148148147,0.10648148148148147,0.10648148148148147,0.11823243509290021,0.12156576842623355,2.0
PLAIN-2490,23,0.0,0.0,0.0,0.04449179286568978,0.03337095073486984,0.07224293825229991,0.1029840999665755,0.0,0.0,0.0,0.043478260869565216,0.043478260869565216,0.08695652173913043,0.17391304347826086,0.0,0.0,0.0,0.1,0.05,0.04,0.04,0.0,0.0,0.0,0.14285714285714285,0.14285714285714285,0.14285714285714285,0.14285714285714285,0.0,0.0,0.0,0.006211180124223602,0.006211180124223602,0.009991898460707534,0.014452655095377213,7.0
PLAIN-2500,7,0.0,0.0,0.0,0.0,0.0,0.19034327758428476,0.19034327758428476,0.0,0.0,0.0,0.0,0.0,0.42857142857142855,0.42857142857142855,0.0,0.0,0.0,0.0,0.0,0.06,0.03,0.0,0.0,0.0,0.0,0.0,0.043478260869565216,0.043478260869565216,0.0,0.0,0.0,0.0,0.0,0.027318001231044713,0.027318001231044713,23.0
PLAIN-2510,46,0.0,0.5307212739772434,0.6608397947263839,0.5390484721119176,0.5763105216494838,0.5125856094648795,0.5853474112153529,0.0,0.043478260869565216,0.08695652173913043,0.13043478260869565,0.2826086956521739,0.391304347826087,0.5652173913043478,0.0,0.6666666666666666,0.8,0.6,0.65,0.36,0.26,0.0,0.5,0.5,0.5,0.5,0.5,0.5,0.0,0.02536231884057971,0.059057971014492755,0.09021739130434783,0.18418479226461462,0.23923347818836813,0.3003367753945512,2.0
PLAIN-2520,73,0.0,0.0,0.0,0.03919913448933767,0.10714511502969246,0.11441091116828897,0.10249278323201207,0.0,0.0,0.0,0.0136986301369863,0.0547945205479452,0.0958904109589041,0.1095890410958904,0.0,0.0,0.0,0.1,0.2,0.14,0.08,0.0,0.0,0.0,0.16666666666666666,0.16666666666666666,0.16666666666666666,0.16666666666666666,0.0,0.0,0.0,0.00228310502283105,0.010357910287402633,0.01712938078431,0.019236862343846355,6.0
PLAIN-2530,72,1.0,1.0,1.0,0.9289904714111867,0.8113952379660522,0.6439735364256363,0.5455514761077773,0.013888888888888888,0.041666666666666664,0.06944444444444445,0.1388888888888889,0.20833333333333334,0.3194444444444444,0.3333333333333333,1.0,1.0,1.0,1.0,0.75,0.46,0.24,1.0,1.0,1.0,1.0,1.0,1.0,1.0,0.013888888888888888,0.041666666666666664,0.06944444444444445,0.1388888888888889,0.20196631284092584,0.27280870800930146,0.2784584255234257,1.0
PLAIN-2540,21,0.0,0.0,0.14606834984270645,0.1307582292739816,0.14282498747139263,0.190472704445279,0.22037032287905278,0.0,0.0,0.047619047619047616,0.09523809523809523,0.14285714285714285,0.23809523809523808,0.2857142857142857,0.0,0.0,0.2,0.2,0.15,0.1,0.06,0.0,0.0,0.25,0.25,0.25,0.25,0.25,0.0,0.0,0.011904761904761904,0.02142857142857143,0.02894736842105263,0.04015566126199853,0.045350466456803726,4.0
PLAIN-2550,25,0.0,0.0,0.07303417492135322,0.05487565949361938,0.06702082845634649,0.060624336438537034,0.11828473397156068,0.0,0.0,0.04,0.04,0.08,0.08,0.16,0.0,0.0,0.2,0.1,0.1,0.04,0.04,0.0,0.0,0.25,0.25,0.25,0.25,0.25,0.0,0.0,0.01,0.01,0.016153846153846154,0.016153846153846154,0.020388059701492538,4.0
PLAIN-2560,21,1.0,1.0,1.0,0.9363792118010483,0.7628458466780785,0.7648228073217679,0.7913645939868711,0.047619047619047616,0.14285714285714285,0.23809523809523808,0.42857142857142855,0.47619047619047616,0.5238095238095238,0.6190476190476191,1.0,1.0,1.0,0.9,0.5,0.22,0.13,1.0,1.0,1.0,1.0,1.0,1.0,1.0,0.047619047619047616,0.14285714285714285,0.23809523809523808,0.42857142857142855,0.46825396825396826,0.4836601307189543,0.49979377344158005,1.0
PLAIN-2570,40,0.0,0.1480409554829326,0.2530614822099702,0.182395906921741,0.23128412640384585,0.24591565817968233,0.2899493390197205,0.0,0.025,0.05,0.05,0.125,0.25,0.35,0.0,0.3333333333333333,0.4,0.2,0.25,0.2,0.14,0.0,0.5,0.5,0.5,0.5,0.5,0.5,0.0,0.0125,0.025,0.025,0.04362373737373737,0.06864950219445548,0.08616554919914671,2.0
PLAIN-2580,23,0.0,0.0,0.0,0.0,0.0,0.04186171326041554,0.05823702002801698,0.0,0.0,0.0,0.0,0.0,0.043478260869565216,0.08695652173913043,0.0,0.0,0.0,0.0,0.0,0.02,0.02,0.0,0.0,0.0,0.0,0.0,0.03571428571428571,0.03571428571428571,0.0,0.0,0.0,0.0,0.0,0.0015527950310559005,0.0027439802603590573,28.0
PLAIN-2590,63,0.0,0.0,0.07303417492135322,0.048951343720214306,0.08239894602772078,0.08720037044630842,0.11822287641178623,0.0,0.0,0.015873015873015872,0.015873015873015872,0.031746031746031744,0.06349206349206349,0.1111111111111111,0.0,0.0,0.2,0.1,0.1,0.08,0.07,0.0,0.0,0.25,0.25,0.25,0.25,0.25,0.0,0.0,0.003968253968253968,0.003968253968253968,0.006084656084656084,0.008965790544737912,0.012637326131167118,4.0
PLAIN-2600,10,1.0,0.7039180890341347,0.7007817175375005,0.590371379960386,0.590371379960386,0.590371379960386,0.590371379960386,0.1,0.2,0.3,0.4,0.4,0.4,0.4,1.0,0.6666666666666666,0.6,0.4,0.2,0.08,0.04,1.0,1.0,1.0,1.0,1.0,1.0,1.0,0.1,0.16666666666666666,0.24166666666666664,0.2988095238095238,0.2988095238095238,0.2988095238095238,0.2988095238095238,1.0
PLAIN-2610,61,0.0,0.5307212739772434,0.38356636737133565,0.28810746151193234,0.3562947890795017,0.2470172531453048,0.2958272588484802,0.0,0.03278688524590164,0.03278688524590164,0.04918032786885246,0.11475409836065574,0.13114754098360656,0.2459016393442623,0.0,0.6666666666666666,0.4,0.3,0.35,0.16,0.15,0.0,0.5,0.5,0.5,0.5,0.5,0.5,0.0,0.019125683060109287,0.019125683060109287,0.0273224043715847,0.05123875261925304,0.05415314241888874,0.07060488533801876,2.0
PLAIN-2620,55,0.0,0.0,0.0,0.0,0.034095527470695636,0.09124704489514196,0.11110210962605352,0.0,0.0,0.0,0.0,0.03636363636363636,0.10909090909090909,0.14545454545454545,0.0,0.0,0.0,0.0,0.1,0.12,0.08,0.0,0.0,0.0,0.0,0.0625,0.0625,0.0625,0.0,0.0,0.0,0.0,0.0029545454545454545,0.011074217356922456,0.014725404879077721,16.0
PLAIN-2630,48,1.0,0.7653606369886217,0.6843515475204855,0.5771493379489848,0.37247333789754744,0.3494987619785328,0.35731410767863986,0.020833333333333332,0.041666666666666664,0.0625,0.10416666666666667,0.10416666666666667,0.1875,0.20833333333333334,1.0,0.6666666666666666,0.6,0.5,0.25,0.18,0.1,1.0,1.0,1.0,1.0,1.0,1.0,1.0,0.020833333333333332,0.041666666666666664,0.05416666666666667,0.075,0.075,0.09843732844751868,0.10083196446284436,1.0
PLAIN-2640,48,0.5,0.38268031849431083,0.4808124874377669,0.4626794551373474,0.4264900881741736,0.3851086208288708,0.4041285174438738,0.020833333333333332,0.041666666666666664,0.08333333333333333,0.14583333333333334,0.20833333333333334,0.3333333333333333,0.375,1.0,0.6666666666666666,0.8,0.7,0.5,0.32,0.18,1.0,1.0,1.0,1.0,1.0,1.0,1.0,0.020833333333333332,0.041666666666666664,0.07395833333333333,0.11979166666666667,0.15638926024955438,0.21554420483608464,0.22524593212961017,1.0
PLAIN-2650,29,1.0,1.0,0.8687949224876582,0.5637884576902257,0.5092663187437154,0.5234291616592313,0.5476148871049744,0.034482758620689655,0.10344827586206896,0.13793103448275862,0.13793103448275862,0.20689655172413793,0.3103448275862069,0.3448275862068966,1.0,1.0,0.8,0.4,0.3,0.18,0.1,1.0,1.0,1.0,1.0,1.0,1.0,1.0,0.034482758620689655,0.10344827586206896,0.13793103448275862,0.13793103448275862,0.1573502722323049,0.18170763442466895,0.18718108817398477,1.0
PLAIN-2660,27,0.0,0.2960819109658652,0.21398626473452756,0.20511666732794362,0.13237559971837504,0.17804024405798763,0.2177562765745054,0.0,0.037037037037037035,0.037037037037037035,0.07407407407407407,0.07407407407407407,0.18518518518518517,0.25925925925925924,0.0,0.3333333333333333,0.2,0.2,0.1,0.1,0.07,0.0,0.5,0.5,0.5,0.5,0.5,0.5,0.0,0.018518518518518517,0.018518518518518517,0.026748971193415638,0.026748971193415638,0.0365386570482644,0.042045479660350174,2.0
PLAIN-2670,35,1.0,0.46927872602275644,0.3937481555797838,0.29964840342598303,0.2180740150253072,0.19612653796279916,0.19612653796279916,0.02857142857142857,0.02857142857142857,0.02857142857142857,0.02857142857142857,0.02857142857142857,0.05714285714285714,0.05714285714285714,1.0,0.3333333333333333,0.2,0.1,0.05,0.04,0.02,1.0,1.0,1.0,1.0,1.0,1.0,1.0,0.02857142857142857,0.02857142857142857,0.02857142857142857,0.02857142857142857,0.02857142857142857,0.030541871921182264,0.030541871921182264,1.0
PLAIN-2680,14,0.0,0.0,0.0,0.0,0.0,0.0,0.0,0.0,0.0,0.0,0.0,0.0,0.0,0.0,0.0,0.0,0.0,0.0,0.0,0.0,0.0,0.0,0.0,0.0,0.0,0.0,0.0,0.0,0.0,0.0,0.0,0.0,0.0,0.0,0.0,
PLAIN-2690,43,0.0,0.0,0.0,0.07336392209936006,0.09060435958370472,0.12115104443808161,0.15866639507664537,0.0,0.0,0.0,0.023255813953488372,0.046511627906976744,0.16279069767441862,0.23255813953488372,0.0,0.0,0.0,0.1,0.1,0.14,0.1,0.0,0.0,0.0,0.14285714285714285,0.14285714285714285,0.14285714285714285,0.14285714285714285,0.0,0.0,0.0,0.0033222591362126242,0.006058237248387726,0.020421095482930234,0.029178822889465408,7.0
PLAIN-2700,10,1.0,0.46927872602275644,0.3937481555797838,0.29964840342598303,0.29964840342598303,0.3619796455090473,0.38541781226514416,0.1,0.1,0.1,0.1,0.1,0.2,0.3,1.0,0.3333333333333333,0.2,0.1,0.05,0.04,0.03,1.0,1.0,1.0,1.0,1.0,1.0,1.0,0.1,0.1,0.1,0.1,0.1,0.1074074074074074,0.1110218652387327,1.0
PLAIN-2710,21,1.0,0.8826803184943108,0.849607409925425,0.7073034172671887,0.5305110442162109,0.5188627372192788,0.5356493897142196,0.047619047619047616,0.14285714285714285,0.23809523809523808,0.2857142857142857,0.2857142857142857,0.2857142857142857,0.3333333333333333,1.0,1.0,1.0,0.6,0.3,0.12,0.07,1.0,1.0,1.0,1.0,1.0,1.0,1.0,0.047619047619047616,0.14285714285714285,0.23809523809523808,0.26666666666666666,0.26666666666666666,0.26666666666666666,0.2726190476190476,1.0
PLAIN-2720,36,0.0,0.0,0.0,0.03919913448933767,0.028736447625686296,0.034303535933331825,0.034303535933331825,0.0,0.0,0.0,0.027777777777777776,0.027777777777777776,0.05555555555555555,0.05555555555555555,0.0,0.0,0.0,0.1,0.05,0.04,0.02,0.0,0.0,0.0,0.16666666666666666,0.16666666666666666,0.16666666666666666,0.16666666666666666,0.0,0.0,0.0,0.004629629629629629,0.004629629629629629,0.0058922558922558915,0.0058922558922558915,6.0
PLAIN-2730,29,1.0,0.7653606369886217,0.6261806449294969,0.43456816511034885,0.33587645792977083,0.35187511233797586,0.4022273095987635,0.034482758620689655,0.06896551724137931,0.10344827586206896,0.10344827586206896,0.10344827586206896,0.1724137931034483,0.3103448275862069,1.0,0.6666666666666666,0.6,0.3,0.15,0.1,0.09,1.0,1.0,1.0,1.0,1.0,1.0,1.0,0.034482758620689655,0.06896551724137931,0.09482758620689655,0.09482758620689655,0.09482758620689655,0.10720601237842617,0.12169833028524918,1.0
PLAIN-2740,50,1.0,0.7039180890341347,0.7860137352654724,0.6186662188886047,0.46402894965783154,0.317316467739391,0.32779517758301013,0.02,0.04,0.08,0.08,0.08,0.12,0.14,1.0,0.6666666666666666,0.8,0.4,0.2,0.12,0.07,1.0,1.0,1.0,1.0,1.0,1.0,1.0,0.02,0.03333333333333333,0.06433333333333334,0.06433333333333334,0.06433333333333334,0.07098774509803922,0.07317524509803922,1.0
PLAIN-2750,59,0.0,0.41340159247155434,0.4374130297304557,0.5012931565320611,0.5286330295407434,0.4269038574932682,0.4080685797313442,0.0,0.03389830508474576,0.06779661016949153,0.11864406779661017,0.2033898305084746,0.288135593220339,0.3220338983050847,0.0,0.6666666666666666,0.8,0.7,0.6,0.34,0.19,0.0,0.5,0.5,0.5,0.5,0.5,0.5,0.0,0.019774011299435026,0.046045197740112995,0.0878800107613667,0.14855521126707566,0.18974526415204382,0.19755764097506312,2.0
PLAIN-2760,8,0.0,0.0,0.0,0.11298087547243414,0.11298087547243414,0.18074126285918704,0.20839379871962804,0.0,0.0,0.0,0.125,0.125,0.25,0.375,0.0,0.0,0.0,0.1,0.05,0.04,0.03,0.0,0.0,0.0,0.125,0.125,0.125,0.125,0.0,0.0,0.0,0.015625,0.015625,0.022203947368421052,0.02646531100478469,8.0
PLAIN-2770,41,0.0,0.2960819109658652,0.21398626473452756,0.22439893129213384,0.2216263281106743,0.23631065556822922,0.3397542157663357,0.0,0.024390243902439025,0.024390243902439025,0.04878048780487805,0.0975609756097561,0.21951219512195122,0.43902439024390244,0.0,0.3333333333333333,0.2,0.2,0.2,0.18,0.18,0.0,0.5,0.5,0.5,0.5,0.5,0.5,0.0,0.012195121951219513,0.012195121951219513,0.02032520325203252,0.03348115299334811,0.057589332850656885,0.09835810981861307,2.0
PLAIN-2780,22,1.0,0.7346393630113782,0.5965459277154549,0.4924605719927314,0.3806213291049206,0.3848708423730701,0.48597441114879514,0.045454545454545456,0.13636363636363635,0.18181818181818182,0.22727272727272727,0.22727272727272727,0.2727272727272727,0.5,1.0,1.0,0.8,0.5,0.25,0.12,0.11,1.0,1.0,1.0,1.0,1.0,1.0,1.0,0.045454545454545456,0.13636363636363635,0.17272727272727273,0.20519480519480518,0.20519480519480518,0.21705251270468662,0.24847567598419323,1.0
PLAIN-2790,59,0.0,0.2960819109658652,0.34519134224686937,0.29343678345195284,0.22477842237156914,0.19695642679413083,0.21451131958673578,0.0,0.01694915254237288,0.03389830508474576,0.05084745762711865,0.05084745762711865,0.0847457627118644,0.13559322033898305,0.0,0.3333333333333333,0.4,0.3,0.15,0.1,0.08,0.0,0.5,0.5,0.5,0.5,0.5,0.5,0.0,0.00847457627118644,0.015254237288135594,0.021610169491525423,0.021610169491525423,0.0270434227330779,0.031733103690206516,2.0
PLAIN-2800,24,0.0,0.0,0.08478905019642409,0.06452577150984495,0.046959683098172354,0.042853605219610166,0.042853605219610166,0.0,0.0,0.041666666666666664,0.041666666666666664,0.041666666666666664,0.041666666666666664,0.041666666666666664,0.0,0.0,0.2,0.1,0.05,0.02,0.01,0.0,0.0,0.25,0.25,0.25,0.25,0.25,0.0,0.0,0.010416666666666666,0.010416666666666666,0.010416666666666666,0.010416666666666666,0.010416666666666666,4.0
PLAIN-2810,8,0.0,0.0,0.0,0.0,0.0,0.0,0.0,0.0,0.0,0.0,0.0,0.0,0.0,0.0,0.0,0.0,0.0,0.0,0.0,0.0,0.0,0.0,0.0,0.0,0.0,0.0,0.0,0.0,0.0,0.0,0.0,0.0,0.0,0.0,0.0,
PLAIN-2820,8,0.0,0.0,0.0,0.0,0.0,0.0,0.030728058355585796,0.0,0.0,0.0,0.0,0.0,0.0,0.125,0.0,0.0,0.0,0.0,0.0,0.0,0.01,0.0,0.0,0.0,0.0,0.0,0.0,0.010638297872340425,0.0,0.0,0.0,0.0,0.0,0.0,0.0013297872340425532,94.0
PLAIN-2830,3,0.0,0.4030302838010049,0.4030302838010049,0.4030302838010049,0.4030302838010049,0.4030302838010049,0.4030302838010049,0.0,0.3333333333333333,0.3333333333333333,0.3333333333333333,0.3333333333333333,0.3333333333333333,0.3333333333333333,0.0,0.3333333333333333,0.2,0.1,0.05,0.02,0.01,0.0,0.5,0.5,0.5,0.5,0.5,0.5,0.0,0.16666666666666666,0.16666666666666666,0.16666666666666666,0.16666666666666666,0.16666666666666666,0.16666666666666666,2.0
PLAIN-2840,17,0.0,0.0,0.0,0.0,0.0,0.0,0.02626404513003827,0.0,0.0,0.0,0.0,0.0,0.0,0.058823529411764705,0.0,0.0,0.0,0.0,0.0,0.0,0.01,0.0,0.0,0.0,0.0,0.0,0.0,0.015873015873015872,0.0,0.0,0.0,0.0,0.0,0.0,0.0009337068160597572,63.0
PLAIN-2850,9,0.0,0.0,0.0,0.1145800019353533,0.1145800019353533,0.15608814158550646,0.18947385798296187,0.0,0.0,0.0,0.1111111111111111,0.1111111111111111,0.2222222222222222,0.3333333333333333,0.0,0.0,0.0,0.1,0.05,0.04,0.03,0.0,0.0,0.0,0.1111111111111111,0.1111111111111111,0.1111111111111111,0.1111111111111111,0.0,0.0,0.0,0.012345679012345678,0.012345679012345678,0.02200751476113795,0.028543462473556252,9.0
PLAIN-2860,2,1.0,1.0,1.0,1.0,1.0,1.0,1.0,0.5,1.0,1.0,1.0,1.0,1.0,1.0,1.0,0.6666666666666666,0.4,0.2,0.1,0.04,0.02,1.0,1.0,1.0,1.0,1.0,1.0,1.0,0.5,1.0,1.0,1.0,1.0,1.0,1.0,1.0
PLAIN-2870,5,0.0,0.0,0.0,0.0,0.07064602601996708,0.07064602601996708,0.07064602601996708,0.0,0.0,0.0,0.0,0.2,0.2,0.2,0.0,0.0,0.0,0.0,0.05,0.02,0.01,0.0,0.0,0.0,0.0,0.09090909090909091,0.09090909090909091,0.09090909090909091,0.0,0.0,0.0,0.0,0.01818181818181818,0.01818181818181818,0.01818181818181818,11.0
PLAIN-2880,17,0.0,0.0,0.0,0.0,0.0,0.0,0.0,0.0,0.0,0.0,0.0,0.0,0.0,0.0,0.0,0.0,0.0,0.0,0.0,0.0,0.0,0.0,0.0,0.0,0.0,0.0,0.0,0.0,0.0,0.0,0.0,0.0,0.0,0.0,0.0,
PLAIN-2890,29,0.0,0.0,0.21814917926546643,0.15537907391531902,0.10712989607204136,0.08648356401720105,0.10159591829622538,0.0,0.0,0.034482758620689655,0.034482758620689655,0.034482758620689655,0.034482758620689655,0.06896551724137931,0.0,0.0,0.2,0.1,0.05,0.02,0.02,0.0,0.0,0.25,0.25,0.25,0.25,0.25,0.0,0.0,0.008620689655172414,0.008620689655172414,0.008620689655172414,0.008620689655172414,0.009317311041448973,4.0
PLAIN-2900,12,0.0,0.0,0.0,0.04068375609634695,0.03776479375264794,0.09213347653120478,0.09213347653120478,0.0,0.0,0.0,0.08333333333333333,0.08333333333333333,0.25,0.25,0.0,0.0,0.0,0.1,0.05,0.06,0.03,0.0,0.0,0.0,0.1,0.1,0.1,0.1,0.0,0.0,0.0,0.008333333333333333,0.008333333333333333,0.02367216117216117,0.02367216117216117,10.0
PLAIN-2910,15,1.0,0.5316519652587917,0.43673949858938643,0.32391343968871883,0.26694151849573755,0.26694151849573755,0.26694151849573755,0.06666666666666667,0.06666666666666667,0.06666666666666667,0.06666666666666667,0.06666666666666667,0.06666666666666667,0.06666666666666667,1.0,0.3333333333333333,0.2,0.1,0.05,0.02,0.01,1.0,1.0,1.0,1.0,1.0,1.0,1.0,0.06666666666666667,0.06666666666666667,0.06666666666666667,0.06666666666666667,0.06666666666666667,0.06666666666666667,0.06666666666666667,1.0
PLAIN-2920,7,0.0,0.0,0.0,0.0,0.0,0.0,0.0,0.0,0.0,0.0,0.0,0.0,0.0,0.0,0.0,0.0,0.0,0.0,0.0,0.0,0.0,0.0,0.0,0.0,0.0,0.0,0.0,0.0,0.0,0.0,0.0,0.0,0.0,0.0,0.0,
PLAIN-2930,14,1.0,0.6387878864795979,0.5065267082131061,0.36077903708155934,0.3433850638492104,0.3433850638492104,0.36759390496646893,0.07142857142857142,0.07142857142857142,0.07142857142857142,0.07142857142857142,0.14285714285714285,0.14285714285714285,0.21428571428571427,1.0,0.3333333333333333,0.2,0.1,0.1,0.04,0.03,1.0,1.0,1.0,1.0,1.0,1.0,1.0,0.07142857142857142,0.07142857142857142,0.07142857142857142,0.07142857142857142,0.08333333333333334,0.08333333333333334,0.08619047619047619,1.0
PLAIN-2940,22,0.0,0.0,0.0,0.0,0.0,0.0,0.0,0.0,0.0,0.0,0.0,0.0,0.0,0.0,0.0,0.0,0.0,0.0,0.0,0.0,0.0,0.0,0.0,0.0,0.0,0.0,0.0,0.0,0.0,0.0,0.0,0.0,0.0,0.0,0.0,
PLAIN-2950,2,0.0,0.0,0.0,0.0,0.0,0.0,0.0,0.0,0.0,0.0,0.0,0.0,0.0,0.0,0.0,0.0,0.0,0.0,0.0,0.0,0.0,0.0,0.0,0.0,0.0,0.0,0.0,0.0,0.0,0.0,0.0,0.0,0.0,0.0,0.0,
PLAIN-2960,2,0.0,0.0,0.2940806813328203,0.2940806813328203,0.2940806813328203,0.2940806813328203,0.35206963766814403,0.0,0.0,0.5,0.5,0.5,0.5,1.0,0.0,0.0,0.2,0.1,0.05,0.02,0.02,0.0,0.0,0.2,0.2,0.2,0.2,0.2,0.0,0.0,0.1,0.1,0.1,0.1,0.11075268817204302,5.0
PLAIN-2970,9,0.0,0.0,0.0,0.11002574107570622,0.11002574107570622,0.11002574107570622,0.16838206989619936,0.0,0.0,0.0,0.1111111111111111,0.1111111111111111,0.1111111111111111,0.3333333333333333,0.0,0.0,0.0,0.1,0.05,0.02,0.03,0.0,0.0,0.0,0.1,0.1,0.1,0.1,0.0,0.0,0.0,0.011111111111111112,0.011111111111111112,0.011111111111111112,0.017182462927143777,10.0
PLAIN-2981,7,1.0,0.6387878864795979,0.5065267082131061,0.43122038713502525,0.43122038713502525,0.43122038713502525,0.43122038713502525,0.14285714285714285,0.14285714285714285,0.14285714285714285,0.14285714285714285,0.14285714285714285,0.14285714285714285,0.14285714285714285,1.0,0.3333333333333333,0.2,0.1,0.05,0.02,0.01,1.0,1.0,1.0,1.0,1.0,1.0,1.0,0.14285714285714285,0.14285714285714285,0.14285714285714285,0.14285714285714285,0.14285714285714285,0.14285714285714285,0.14285714285714285,1.0
PLAIN-2991,2,0.0,0.0,0.0,0.17723928678404774,0.17723928678404774,0.17723928678404774,0.17723928678404774,0.0,0.0,0.0,0.5,0.5,0.5,0.5,0.0,0.0,0.0,0.1,0.05,0.02,0.01,0.0,0.0,0.0,0.1,0.1,0.1,0.1,0.0,0.0,0.0,0.05,0.05,0.05,0.05,10.0
PLAIN-3001,2,0.0,0.0,0.0,0.0,0.14704034066641014,0.14704034066641014,0.14704034066641014,0.0,0.0,0.0,0.0,0.5,0.5,0.5,0.0,0.0,0.0,0.0,0.05,0.02,0.01,0.0,0.0,0.0,0.0,0.058823529411764705,0.058823529411764705,0.058823529411764705,0.0,0.0,0.0,0.0,0.029411764705882353,0.029411764705882353,0.029411764705882353,17.0
PLAIN-3014,1,0.0,0.0,0.0,0.0,0.0,0.0,0.0,0.0,0.0,0.0,0.0,0.0,0.0,0.0,0.0,0.0,0.0,0.0,0.0,0.0,0.0,0.0,0.0,0.0,0.0,0.0,0.0,0.0,0.0,0.0,0.0,0.0,0.0,0.0,0.0,
PLAIN-3026,1,0.0,0.6309297535714575,0.6309297535714575,0.6309297535714575,0.6309297535714575,0.6309297535714575,0.6309297535714575,0.0,1.0,1.0,1.0,1.0,1.0,1.0,0.0,0.3333333333333333,0.2,0.1,0.05,0.02,0.01,0.0,0.5,0.5,0.5,0.5,0.5,0.5,0.0,0.5,0.5,0.5,0.5,0.5,0.5,2.0
PLAIN-3037,4,0.0,0.2960819109658652,0.24630238874073,0.24630238874073,0.24630238874073,0.31916776637133504,0.4503896859781777,0.0,0.25,0.25,0.25,0.25,0.5,1.0,0.0,0.3333333333333333,0.2,0.1,0.05,0.04,0.04,0.0,0.5,0.5,0.5,0.5,0.5,0.5,0.0,0.125,0.125,0.125,0.125,0.1375,0.16581196581196583,2.0
PLAIN-3053,3,1.0,0.46927872602275644,0.46927872602275644,0.46927872602275644,0.46927872602275644,0.561520918381929,0.6332853057562798,0.3333333333333333,0.3333333333333333,0.3333333333333333,0.3333333333333333,0.3333333333333333,0.6666666666666666,1.0,1.0,0.3333333333333333,0.2,0.1,0.05,0.04,0.03,1.0,1.0,1.0,1.0,1.0,1.0,1.0,0.3333333333333333,0.3333333333333333,0.3333333333333333,0.3333333333333333,0.3333333333333333,0.35353535353535354,0.3644049187527448,1.0
PLAIN-3063,4,0.0,0.0,0.0,0.0,0.20309059673313581,0.20309059673313581,0.20309059673313581,0.0,0.0,0.0,0.0,0.5,0.5,0.5,0.0,0.0,0.0,0.0,0.1,0.04,0.02,0.0,0.0,0.0,0.0,0.08333333333333333,0.08333333333333333,0.08333333333333333,0.0,0.0,0.0,0.0,0.05416666666666667,0.05416666666666667,0.05416666666666667,12.0
PLAIN-3074,1,1.0,1.0,1.0,1.0,1.0,1.0,1.0,1.0,1.0,1.0,1.0,1.0,1.0,1.0,1.0,0.3333333333333333,0.2,0.1,0.05,0.02,0.01,1.0,1.0,1.0,1.0,1.0,1.0,1.0,1.0,1.0,1.0,1.0,1.0,1.0,1.0,1.0
PLAIN-3085,2,0.0,0.3065735963827292,0.3065735963827292,0.3065735963827292,0.4776066804504473,0.4776066804504473,0.4776066804504473,0.0,0.5,0.5,0.5,1.0,1.0,1.0,0.0,0.3333333333333333,0.2,0.1,0.1,0.04,0.02,0.0,0.3333333333333333,0.3333333333333333,0.3333333333333333,0.3333333333333333,0.3333333333333333,0.3333333333333333,0.0,0.16666666666666666,0.16666666666666666,0.16666666666666666,0.25757575757575757,0.25757575757575757,0.25757575757575757,3.0
PLAIN-3097,4,0.0,0.26582598262939583,0.2385191169365424,0.2385191169365424,0.2385191169365424,0.2385191169365424,0.2385191169365424,0.0,0.25,0.25,0.25,0.25,0.25,0.25,0.0,0.3333333333333333,0.2,0.1,0.05,0.02,0.01,0.0,0.3333333333333333,0.3333333333333333,0.3333333333333333,0.3333333333333333,0.3333333333333333,0.3333333333333333,0.0,0.08333333333333333,0.08333333333333333,0.08333333333333333,0.08333333333333333,0.08333333333333333,0.08333333333333333,3.0
PLAIN-3116,1,0.0,0.0,0.0,0.0,0.0,0.0,0.0,0.0,0.0,0.0,0.0,0.0,0.0,0.0,0.0,0.0,0.0,0.0,0.0,0.0,0.0,0.0,0.0,0.0,0.0,0.0,0.0,0.0,0.0,0.0,0.0,0.0,0.0,0.0,0.0,
PLAIN-3131,6,0.0,0.2960819109658652,0.24842742676916893,0.23214740266135997,0.23214740266135997,0.23214740266135997,0.292523164513293,0.0,0.16666666666666666,0.16666666666666666,0.16666666666666666,0.16666666666666666,0.16666666666666666,0.5,0.0,0.3333333333333333,0.2,0.1,0.05,0.02,0.03,0.0,0.5,0.5,0.5,0.5,0.5,0.5,0.0,0.08333333333333333,0.08333333333333333,0.08333333333333333,0.08333333333333333,0.08333333333333333,0.09532012632787824,2.0
PLAIN-3141,34,1.0,0.46927872602275644,0.469909445244515,0.35760831645032803,0.26025528747403104,0.19755000905531536,0.19755000905531536,0.029411764705882353,0.029411764705882353,0.058823529411764705,0.058823529411764705,0.058823529411764705,0.058823529411764705,0.058823529411764705,1.0,0.3333333333333333,0.4,0.2,0.1,0.04,0.02,1.0,1.0,1.0,1.0,1.0,1.0,1.0,0.029411764705882353,0.029411764705882353,0.041176470588235294,0.041176470588235294,0.041176470588235294,0.041176470588235294,0.041176470588235294,1.0
PLAIN-3151,18,0.0,0.38268031849431083,0.4226415848467783,0.332658399606633,0.261528521530757,0.30792352152058866,0.3601056851172352,0.0,0.1111111111111111,0.16666666666666666,0.16666666666666666,0.16666666666666666,0.2222222222222222,0.3333333333333333,0.0,0.6666666666666666,0.6,0.3,0.15,0.08,0.06,0.0,0.5,0.5,0.5,0.5,0.5,0.5,0.0,0.06481481481481481,0.10648148148148147,0.10648148148148147,0.10648148148148147,0.11658249158249157,0.12565656565656566,2.0
PLAIN-3161,43,1.0,0.8403030283801005,0.6663180938082345,0.5909924593911069,0.437902336323913,0.35698355714882435,0.3943941440918299,0.023255813953488372,0.046511627906976744,0.046511627906976744,0.09302325581395349,0.11627906976744186,0.23255813953488372,0.3023255813953488,1.0,0.6666666666666666,0.4,0.4,0.25,0.2,0.13,1.0,1.0,1.0,1.0,1.0,1.0,1.0,0.023255813953488372,0.046511627906976744,0.046511627906976744,0.06744186046511627,0.07470930232558139,0.10315480275066209,0.11356129092732813,1.0
PLAIN-3171,34,0.0,0.0,0.0,0.0,0.06152164562445717,0.10136758057955383,0.10136758057955383,0.0,0.0,0.0,0.0,0.058823529411764705,0.14705882352941177,0.14705882352941177,0.0,0.0,0.0,0.0,0.1,0.1,0.05,0.0,0.0,0.0,0.0,0.06666666666666667,0.06666666666666667,0.06666666666666667,0.0,0.0,0.0,0.0,0.005637254901960784,0.01770421607378129,0.01770421607378129,15.0
PLAIN-3181,27,0.0,0.0,0.0,0.0,0.0,0.0,0.0,0.0,0.0,0.0,0.0,0.0,0.0,0.0,0.0,0.0,0.0,0.0,0.0,0.0,0.0,0.0,0.0,0.0,0.0,0.0,0.0,0.0,0.0,0.0,0.0,0.0,0.0,0.0,0.0,
PLAIN-3191,16,0.5,0.38268031849431083,0.2959909957759406,0.22954141169568654,0.1881638331997925,0.26006051819545145,0.31643590539073174,0.0625,0.125,0.125,0.125,0.125,0.25,0.375,1.0,0.6666666666666666,0.4,0.2,0.1,0.08,0.06,1.0,1.0,1.0,1.0,1.0,1.0,1.0,0.0625,0.125,0.125,0.125,0.125,0.13907828282828283,0.1483320885549954,1.0
PLAIN-3201,32,0.0,0.4030302838010049,0.42865736082298983,0.3622223231571795,0.2497430243145258,0.19015482933513447,0.19015482933513447,0.0,0.03125,0.0625,0.09375,0.09375,0.09375,0.09375,0.0,0.3333333333333333,0.4,0.3,0.15,0.06,0.03,0.0,0.5,0.5,0.5,0.5,0.5,0.5,0.0,0.015625,0.03125,0.04296875,0.04296875,0.04296875,0.04296875,2.0
PLAIN-3211,18,0.0,0.0,0.0,0.0,0.0,0.0,0.0,0.0,0.0,0.0,0.0,0.0,0.0,0.0,0.0,0.0,0.0,0.0,0.0,0.0,0.0,0.0,0.0,0.0,0.0,0.0,0.0,0.0,0.0,0.0,0.0,0.0,0.0,0.0,0.0,
PLAIN-3221,24,0.0,0.0,0.10907458963273321,0.07768953695765951,0.05356494803602068,0.06921489171024654,0.06921489171024654,0.0,0.0,0.041666666666666664,0.041666666666666664,0.041666666666666664,0.08333333333333333,0.08333333333333333,0.0,0.0,0.2,0.1,0.05,0.04,0.02,0.0,0.0,0.25,0.25,0.25,0.25,0.25,0.0,0.0,0.010416666666666666,0.010416666666666666,0.010416666666666666,0.012499999999999999,0.012499999999999999,4.0
PLAIN-3231,8,0.5,0.5316519652587917,0.43673949858938643,0.35814090184490943,0.35814090184490943,0.43436191639702076,0.43436191639702076,0.125,0.25,0.25,0.25,0.25,0.5,0.5,1.0,0.6666666666666666,0.4,0.2,0.1,0.08,0.04,1.0,1.0,1.0,1.0,1.0,1.0,1.0,0.125,0.20833333333333331,0.20833333333333331,0.20833333333333331,0.20833333333333331,0.24318910256410253,0.24318910256410253,1.0
PLAIN-3241,29,0.0,0.0,0.0,0.1285120859663631,0.08860579527640221,0.07152947262199022,0.07152947262199022,0.0,0.0,0.0,0.034482758620689655,0.034482758620689655,0.034482758620689655,0.034482758620689655,0.0,0.0,0.0,0.1,0.05,0.02,0.01,0.0,0.0,0.0,0.16666666666666666,0.16666666666666666,0.16666666666666666,0.16666666666666666,0.0,0.0,0.0,0.005747126436781609,0.005747126436781609,0.005747126436781609,0.005747126436781609,6.0
PLAIN-3251,21,0.0,0.0,0.0,0.0,0.0,0.021439114096038048,0.021439114096038048,0.0,0.0,0.0,0.0,0.0,0.047619047619047616,0.047619047619047616,0.0,0.0,0.0,0.0,0.0,0.02,0.01,0.0,0.0,0.0,0.0,0.0,0.02040816326530612,0.02040816326530612,0.0,0.0,0.0,0.0,0.0,0.0009718172983479105,0.0009718172983479105,49.0
PLAIN-3261,13,0.0,0.0,0.0,0.0,0.0,0.0,0.02202028002258006,0.0,0.0,0.0,0.0,0.0,0.0,0.07692307692307693,0.0,0.0,0.0,0.0,0.0,0.0,0.01,0.0,0.0,0.0,0.0,0.0,0.0,0.015151515151515152,0.0,0.0,0.0,0.0,0.0,0.0,0.0011655011655011655,66.0
PLAIN-3271,49,0.0,0.0,0.0,0.0,0.0,0.0450264146079821,0.08361902931760934,0.0,0.0,0.0,0.0,0.0,0.061224489795918366,0.12244897959183673,0.0,0.0,0.0,0.0,0.0,0.06,0.06,0.0,0.0,0.0,0.0,0.0,0.03571428571428571,0.03571428571428571,0.0,0.0,0.0,0.0,0.0,0.00307808416796693,0.007491907539362207,28.0
PLAIN-3281,26,0.0,0.0,0.16895390105951028,0.12530682344457728,0.11805815049694375,0.12041399825994502,0.12041399825994502,0.0,0.0,0.038461538461538464,0.038461538461538464,0.07692307692307693,0.11538461538461539,0.11538461538461539,0.0,0.0,0.2,0.1,0.1,0.06,0.03,0.0,0.0,0.2,0.2,0.2,0.2,0.2,0.0,0.0,0.007692307692307693,0.007692307692307693,0.012820512820512822,0.015175300889586605,0.015175300889586605,5.0
PLAIN-3292,7,0.5,0.47909091485969846,0.3798950311598296,0.4671554193962773,0.6352346719193197,0.6352346719193197,0.6352346719193197,0.14285714285714285,0.2857142857142857,0.2857142857142857,0.42857142857142855,0.8571428571428571,0.8571428571428571,0.8571428571428571,1.0,0.6666666666666666,0.4,0.3,0.3,0.12,0.06,1.0,1.0,1.0,1.0,1.0,1.0,1.0,0.14285714285714285,0.23809523809523808,0.23809523809523808,0.2993197278911564,0.4558596165739023,0.4558596165739023,0.4558596165739023,1.0
PLAIN-3302,37,0.0,0.0,0.0,0.054302655984158565,0.09453396595933729,0.09889855421572927,0.14012904230689643,0.0,0.0,0.0,0.02702702702702703,0.08108108108108109,0.13513513513513514,0.21621621621621623,0.0,0.0,0.0,0.1,0.15,0.1,0.08,0.0,0.0,0.0,0.1111111111111111,0.1111111111111111,0.1111111111111111,0.1111111111111111,0.0,0.0,0.0,0.003003003003003003,0.009902007270428321,0.01632092618934724,0.023487623678625374,9.0
PLAIN-3312,13,0.0,0.0,0.0,0.14996260078826407,0.1920219113324985,0.30561217438287624,0.3414262063986056,0.0,0.0,0.0,0.23076923076923078,0.3076923076923077,0.6153846153846154,0.6923076923076923,0.0,0.0,0.0,0.3,0.2,0.16,0.09,0.0,0.0,0.0,0.14285714285714285,0.14285714285714285,0.14285714285714285,0.14285714285714285,0.0,0.0,0.0,0.053296703296703295,0.0738095238095238,0.13790404170838955,0.14738770872630313,7.0
PLAIN-3322,79,0.0,0.2960819109658652,0.21398626473452756,0.2808815010511816,0.21602192226371814,0.16287386736699272,0.1360827267917322,0.0,0.012658227848101266,0.012658227848101266,0.0379746835443038,0.05063291139240506,0.08860759493670886,0.11392405063291139,0.0,0.3333333333333333,0.2,0.3,0.2,0.14,0.09,0.0,0.5,0.5,0.5,0.5,0.5,0.5,0.0,0.006329113924050633,0.006329113924050633,0.014345991561181434,0.01751054852320675,0.023937391412261106,0.02638992305783073,2.0
PLAIN-3332,14,0.5,0.8821211986607034,0.8085523919828194,0.6302026997126037,0.5692945245717423,0.6590192828808653,0.6834553687579862,0.07142857142857142,0.21428571428571427,0.2857142857142857,0.35714285714285715,0.42857142857142855,0.6428571428571429,0.7142857142857143,1.0,1.0,0.8,0.5,0.3,0.18,0.1,1.0,1.0,1.0,1.0,1.0,1.0,1.0,0.07142857142857142,0.21428571428571427,0.2857142857142857,0.3253968253968254,0.3611111111111111,0.41367521367521365,0.4235958485958486,1.0
PLAIN-3342,3,0.0,0.0,0.20210734650054757,0.33775931993299535,0.33775931993299535,0.33775931993299535,0.33775931993299535,0.0,0.0,0.3333333333333333,0.6666666666666666,0.6666666666666666,0.6666666666666666,0.6666666666666666,0.0,0.0,0.2,0.2,0.1,0.04,0.02,0.0,0.0,0.25,0.25,0.25,0.25,0.25,0.0,0.0,0.08333333333333333,0.15,0.15,0.15,0.15,4.0
PLAIN-3352,39,0.0,0.30063051302795313,0.3410075787708966,0.2529126359222485,0.1800911808545257,0.1387113782750376,0.1387113782750376,0.0,0.05128205128205128,0.07692307692307693,0.07692307692307693,0.07692307692307693,0.10256410256410256,0.10256410256410256,0.0,0.6666666666666666,0.6,0.3,0.15,0.08,0.04,0.0,0.5,0.5,0.5,0.5,0.5,0.5,0.0,0.029914529914529912,0.049145299145299144,0.049145299145299144,0.049145299145299144,0.05123844409558695,0.05123844409558695,2.0
PLAIN-3362,11,1.0,0.6645649565734895,0.545924373236733,0.4048917996108985,0.3873907690584001,0.3873907690584001,0.3873907690584001,0.09090909090909091,0.18181818181818182,0.18181818181818182,0.18181818181818182,0.18181818181818182,0.18181818181818182,0.18181818181818182,1.0,0.6666666666666666,0.4,0.2,0.1,0.04,0.02,1.0,1.0,1.0,1.0,1.0,1.0,1.0,0.09090909090909091,0.1515151515151515,0.1515151515151515,0.1515151515151515,0.1515151515151515,0.1515151515151515,0.1515151515151515,1.0
PLAIN-3372,14,0.0,0.0,0.21814917926546643,0.15537907391531902,0.1302840383542896,0.1302840383542896,0.1302840383542896,0.0,0.0,0.07142857142857142,0.07142857142857142,0.07142857142857142,0.07142857142857142,0.07142857142857142,0.0,0.0,0.2,0.1,0.05,0.02,0.01,0.0,0.0,0.25,0.25,0.25,0.25,0.25,0.0,0.0,0.017857142857142856,0.017857142857142856,0.017857142857142856,0.017857142857142856,0.017857142857142856,4.0
PLAIN-3382,14,0.5,0.566456495657349,0.46533059605200167,0.48944204554500725,0.49113768674498454,0.5498888313021773,0.5498888313021773,0.07142857142857142,0.21428571428571427,0.21428571428571427,0.35714285714285715,0.5,0.5714285714285714,0.5714285714285714,1.0,1.0,0.6,0.5,0.35,0.16,0.08,1.0,1.0,1.0,1.0,1.0,1.0,1.0,0.07142857142857142,0.21428571428571427,0.21428571428571427,0.28174603174603174,0.3564213564213564,0.37927849927849927,0.37927849927849927,1.0
PLAIN-3392,23,0.0,0.0,0.0,0.0,0.0,0.0,0.0,0.0,0.0,0.0,0.0,0.0,0.0,0.0,0.0,0.0,0.0,0.0,0.0,0.0,0.0,0.0,0.0,0.0,0.0,0.0,0.0,0.0,0.0,0.0,0.0,0.0,0.0,0.0,0.0,
PLAIN-3402,14,0.0,0.0,0.0,0.0,0.042737051177901574,0.042737051177901574,0.042737051177901574,0.0,0.0,0.0,0.0,0.07142857142857142,0.07142857142857142,0.07142857142857142,0.0,0.0,0.0,0.0,0.05,0.02,0.01,0.0,0.0,0.0,0.0,0.058823529411764705,0.058823529411764705,0.058823529411764705,0.0,0.0,0.0,0.0,0.004201680672268907,0.004201680672268907,0.004201680672268907,17.0
PLAIN-3412,49,0.0,0.16771752171325524,0.13777597210996176,0.1509371440131434,0.10747762127825494,0.12127767757825664,0.16523980800307597,0.0,0.02040816326530612,0.02040816326530612,0.04081632653061224,0.04081632653061224,0.12244897959183673,0.20408163265306123,0.0,0.3333333333333333,0.2,0.2,0.1,0.12,0.1,0.0,0.5,0.5,0.5,0.5,0.5,0.5,0.0,0.01020408163265306,0.01020408163265306,0.01473922902494331,0.01473922902494331,0.026642996873411623,0.035247595783561646,2.0
PLAIN-3422,31,0.0,0.0,0.0,0.035427698077529615,0.07380124312645975,0.15612874560784293,0.20461022296976347,0.0,0.0,0.0,0.03225806451612903,0.0967741935483871,0.25806451612903225,0.3870967741935484,0.0,0.0,0.0,0.1,0.15,0.16,0.12,0.0,0.0,0.0,0.1111111111111111,0.1111111111111111,0.1111111111111111,0.1111111111111111,0.0,0.0,0.0,0.0035842293906810036,0.014542710637787039,0.05149689146293561,0.07005873516767626,9.0
PLAIN-3432,42,0.0,0.23463936301137822,0.30078518014914984,0.2614432242450502,0.20603367077029072,0.12656499246360567,0.184527339305673,0.0,0.023809523809523808,0.047619047619047616,0.07142857142857142,0.09523809523809523,0.09523809523809523,0.19047619047619047,0.0,0.3333333333333333,0.4,0.3,0.2,0.08,0.08,0.0,0.3333333333333333,0.3333333333333333,0.3333333333333333,0.3333333333333333,0.3333333333333333,0.3333333333333333,0.0,0.007936507936507936,0.01746031746031746,0.025396825396825397,0.032722832722832725,0.032722832722832725,0.04222305461190344,3.0
PLAIN-3442,29,0.0,0.0,0.0,0.0,0.0,0.0,0.013541922076050261,0.0,0.0,0.0,0.0,0.0,0.0,0.034482758620689655,0.0,0.0,0.0,0.0,0.0,0.0,0.01,0.0,0.0,0.0,0.0,0.0,0.0,0.011904761904761904,0.0,0.0,0.0,0.0,0.0,0.0,0.00041050903119868636,84.0
PLAIN-3452,17,1.0,0.6645649565734895,0.545924373236733,0.5047372869537203,0.4595455816722992,0.4595455816722992,0.4806003939075815,0.058823529411764705,0.11764705882352941,0.11764705882352941,0.23529411764705882,0.35294117647058826,0.35294117647058826,0.4117647058823529,1.0,0.6666666666666666,0.4,0.4,0.3,0.12,0.07,1.0,1.0,1.0,1.0,1.0,1.0,1.0,0.058823529411764705,0.0980392156862745,0.0980392156862745,0.14624183006535946,0.20239156268568032,0.20239156268568032,0.2091418037657189,1.0
PLAIN-3462,64,0.0,0.5307212739772434,0.5147714448836774,0.5127524628915228,0.42423261060687484,0.35604016105529496,0.3779494774456874,0.0,0.03125,0.046875,0.09375,0.125,0.1875,0.28125,0.0,0.6666666666666666,0.6,0.6,0.4,0.24,0.18,0.0,0.5,0.5,0.5,0.5,0.5,0.5,0.0,0.018229166666666664,0.027604166666666666,0.05855654761904762,0.07742830086580087,0.09887228124083534,0.119286516933592,2.0
PLAIN-3472,17,0.0,0.0,0.0,0.0,0.0,0.17258796837363136,0.2073524986186402,0.0,0.0,0.0,0.0,0.0,0.29411764705882354,0.35294117647058826,0.0,0.0,0.0,0.0,0.0,0.1,0.06,0.0,0.0,0.0,0.0,0.0,0.04,0.04,0.0,0.0,0.0,0.0,0.0,0.0272432469491293,0.03214520773344303,25.0
