query_id,doc_id,ce_score
PLAIN-2,MED-2439,-2.7558594
PLAIN-2,MED-10,1.5332031
PLAIN-2,MED-2431,3.2128906
PLAIN-2,MED-2429,3.2441406
PLAIN-2,MED-14,0.8496094
PLAIN-2,MED-2440,-1.7753906
PLAIN-2,MED-4827,-2.7558594
PLAIN-2,MED-1193,-4.1484375
PLAIN-2,MED-1829,-4.2539062
PLAIN-2,MED-2122,-3.7734375
PLAIN-2,MED-5087,-4.7070312
PLAIN-2,MED-2435,-5.2421875
PLAIN-2,MED-5352,-5.046875
PLAIN-2,MED-851,-7.2070312
PLAIN-2,MED-4097,-5.2109375
PLAIN-2,MED-4162,-3.3554688
PLAIN-2,MED-2087,-5.5234375
PLAIN-2,MED-2426,-5.140625
PLAIN-2,MED-1611,-4.5585938
PLAIN-2,MED-2427,-2.2265625
PLAIN-12,MED-2514,-6.9101562
PLAIN-12,MED-2325,-4.2578125
PLAIN-12,MED-2505,-3.1152344
PLAIN-12,MED-2512,-5.7070312
PLAIN-12,MED-4699,-6.4414062
PLAIN-12,MED-2510,-4.3125
PLAIN-12,MED-1378,-6.5976562
PLAIN-12,MED-2498,-7.1015625
PLAIN-12,MED-4114,-5.953125
PLAIN-12,MED-4711,-2.6230469
PLAIN-12,MED-4545,-7.5195312
PLAIN-12,MED-2328,-8.828125
PLAIN-12,MED-1376,-4.5351562
PLAIN-12,MED-2519,-4.7460938
PLAIN-12,MED-1433,-6.25
PLAIN-12,MED-4255,-7.71875
PLAIN-12,MED-4613,-7.71875
PLAIN-12,MED-1070,-5.7460938
PLAIN-12,MED-4358,-6.546875
PLAIN-12,MED-4996,-6.8515625
PLAIN-23,MED-3553,-5.0507812
PLAIN-23,MED-2658,-4.3007812
PLAIN-23,MED-1961,-0.015136719
PLAIN-23,MED-2445,-4.9726562
PLAIN-23,MED-2661,-3.15625
PLAIN-23,MED-1673,-5.8789062
PLAIN-23,MED-1405,-4.859375
PLAIN-23,MED-118,-1.8886719
PLAIN-23,MED-2651,-1.8886719
PLAIN-23,MED-5149,-8.140625
PLAIN-23,MED-5146,-8.0
PLAIN-23,MED-1258,-5.703125
PLAIN-23,MED-1169,-2.6464844
PLAIN-23,MED-4266,-5.1679688
PLAIN-23,MED-1004,-4.3710938
PLAIN-23,MED-3100,-5.5
PLAIN-23,MED-1789,-4.7851562
PLAIN-23,MED-3173,-5.59375
PLAIN-23,MED-4168,-3.2636719
PLAIN-23,MED-2816,-7.4804688
PLAIN-33,MED-4100,-3.5625
PLAIN-33,MED-2723,-0.71972656
PLAIN-33,MED-2721,0.6303711
PLAIN-33,MED-5006,-1.6230469
PLAIN-33,MED-2154,-4.5585938
PLAIN-33,MED-2716,-3.4726562
PLAIN-33,MED-1718,-5.4648438
PLAIN-33,MED-1056,-2.5546875
PLAIN-33,MED-1468,-3.0351562
PLAIN-33,MED-4202,-3.2832031
PLAIN-33,MED-2717,-0.8930664
PLAIN-33,MED-2722,-2.5683594
PLAIN-33,MED-1672,-4.5390625
PLAIN-33,MED-1994,-2.2929688
PLAIN-33,MED-4101,-4.0703125
PLAIN-33,MED-1803,-4.3125
PLAIN-33,MED-2805,-7.2617188
PLAIN-33,MED-1716,-3.9316406
PLAIN-33,MED-4766,-5.203125
PLAIN-33,MED-4768,-4.703125
PLAIN-44,MED-2809,-1.8017578
PLAIN-44,MED-2810,-1.3369141
PLAIN-44,MED-2791,-2.3710938
PLAIN-44,MED-1939,-3.5078125
PLAIN-44,MED-2815,-0.9301758
PLAIN-44,MED-2826,-3.3378906
PLAIN-44,MED-2818,-1.359375
PLAIN-44,MED-2811,-2.7480469
PLAIN-44,MED-2782,-2.9648438
PLAIN-44,MED-2831,-2.9082031
PLAIN-44,MED-2788,-1.8789062
PLAIN-44,MED-2814,-1.6220703
PLAIN-44,MED-2246,-3.6328125
PLAIN-44,MED-2313,-3.953125
PLAIN-44,MED-2800,-2.6875
PLAIN-44,MED-2817,-1.3505859
PLAIN-44,MED-2813,-2.578125
PLAIN-44,MED-2245,-3.2910156
PLAIN-44,MED-2824,-1.9238281
PLAIN-44,MED-2819,-2.6972656
PLAIN-56,MED-2900,2.7519531
PLAIN-56,MED-4384,2.6992188
PLAIN-56,MED-2896,-1.7724609
PLAIN-56,MED-2894,-4.5
PLAIN-56,MED-2901,-1.0712891
PLAIN-56,MED-5032,-4.6367188
PLAIN-56,MED-2886,-4.2617188
PLAIN-56,MED-5247,-1.8671875
PLAIN-56,MED-2888,-3.1152344
PLAIN-56,MED-5185,-4.078125
PLAIN-56,MED-4455,-5.2460938
PLAIN-56,MED-2693,-4.5
PLAIN-56,MED-2895,-3.1816406
PLAIN-56,MED-957,-7.0625
PLAIN-56,MED-4232,-5.1914062
PLAIN-56,MED-2831,-8.78125
PLAIN-56,MED-1838,-6.3359375
PLAIN-56,MED-4051,-6.390625
PLAIN-56,MED-3952,-6.5039062
PLAIN-56,MED-2066,-5.5429688
PLAIN-68,MED-2991,1.8720703
PLAIN-68,MED-1956,-8.75
PLAIN-68,MED-4626,-9.2265625
PLAIN-68,MED-1801,-6.9804688
PLAIN-68,MED-4871,-7.5078125
PLAIN-68,MED-5110,-6.9140625
PLAIN-68,MED-3499,-8.3125
PLAIN-68,MED-335,-8.3828125
PLAIN-68,MED-2037,-9.71875
PLAIN-68,MED-5354,-10.5703125
PLAIN-68,MED-4746,-6.71875
PLAIN-68,MED-3086,-9.078125
PLAIN-68,MED-3089,-7.3789062
PLAIN-68,MED-4197,-11.0
PLAIN-68,MED-4295,-10.234375
PLAIN-68,MED-4286,-9.75
PLAIN-68,MED-2492,-7.3984375
PLAIN-68,MED-2818,-8.421875
PLAIN-68,MED-1381,-10.03125
PLAIN-68,MED-3500,-10.21875
PLAIN-78,MED-4834,-6.4960938
PLAIN-78,MED-4318,-5.359375
PLAIN-78,MED-3788,-10.90625
PLAIN-78,MED-1610,-9.8984375
PLAIN-78,MED-3585,-7.9921875
PLAIN-78,MED-5205,-9.7578125
PLAIN-78,MED-5326,-10.171875
PLAIN-78,MED-2219,-8.265625
PLAIN-78,MED-4474,-10.53125
PLAIN-78,MED-3653,-9.8984375
PLAIN-78,MED-335,-9.3125
PLAIN-78,MED-3545,-10.2421875
PLAIN-78,MED-4593,-9.8203125
PLAIN-78,MED-5034,-9.6640625
PLAIN-78,MED-5110,-9.109375
PLAIN-78,MED-2704,-10.8046875
PLAIN-78,MED-3469,-7.390625
PLAIN-78,MED-5235,-9.3203125
PLAIN-78,MED-1419,-10.0
PLAIN-78,MED-4429,-10.078125
PLAIN-91,MED-3288,-4.9804688
PLAIN-91,MED-3319,-5.171875
PLAIN-91,MED-3175,-2.75
PLAIN-91,MED-3169,-6.4140625
PLAIN-91,MED-3675,-7.2851562
PLAIN-91,MED-4818,-6.6796875
PLAIN-91,MED-3307,-6.1328125
PLAIN-91,MED-3316,-6.859375
PLAIN-91,MED-3515,-5.2226562
PLAIN-91,MED-4356,-6.2265625
PLAIN-91,MED-4792,-7.2539062
PLAIN-91,MED-4138,-5.40625
PLAIN-91,MED-4433,-7.53125
PLAIN-91,MED-4129,-5.4882812
PLAIN-91,MED-3177,-5.875
PLAIN-91,MED-3676,-6.3398438
PLAIN-91,MED-3171,-5.296875
PLAIN-91,MED-1220,-5.9492188
PLAIN-91,MED-2416,-6.9960938
PLAIN-91,MED-1167,-7.5507812
PLAIN-102,MED-3954,0.24658203
PLAIN-102,MED-3255,-2.2207031
PLAIN-102,MED-4613,-3.609375
PLAIN-102,MED-4255,-3.609375
PLAIN-102,MED-1790,-7.015625
PLAIN-102,MED-4560,-5.9179688
PLAIN-102,MED-1949,-3.265625
PLAIN-102,MED-2484,-6.5742188
PLAIN-102,MED-3253,-0.42358398
PLAIN-102,MED-1996,-4.234375
PLAIN-102,MED-2111,-5.3554688
PLAIN-102,MED-2590,-2.4746094
PLAIN-102,MED-4603,-2.8222656
PLAIN-102,MED-5301,-2.8222656
PLAIN-102,MED-1679,-3.4980469
PLAIN-102,MED-1003,-2.8789062
PLAIN-102,MED-1366,-4.1484375
PLAIN-102,MED-1190,-4.7539062
PLAIN-102,MED-1548,-1.7177734
PLAIN-102,MED-5018,-6.1328125
PLAIN-112,MED-3380,5.96875
PLAIN-112,MED-3382,2.078125
PLAIN-112,MED-1153,-2.3339844
PLAIN-112,MED-3381,-0.7675781
PLAIN-112,MED-5062,1.1123047
PLAIN-112,MED-5063,-0.58447266
PLAIN-112,MED-4655,-2.0039062
PLAIN-112,MED-2618,-1.9755859
PLAIN-112,MED-4604,-3.2949219
PLAIN-112,MED-5209,-4.9882812
PLAIN-112,MED-3383,-6.5742188
PLAIN-112,MED-906,-4.421875
PLAIN-112,MED-3012,-4.7070312
PLAIN-112,MED-4388,-5.0898438
PLAIN-112,MED-3060,-4.234375
PLAIN-112,MED-2677,-6.4921875
PLAIN-112,MED-3497,-4.5429688
PLAIN-112,MED-1760,-6.1679688
PLAIN-112,MED-4186,-5.7421875
PLAIN-112,MED-1165,-4.5195312
PLAIN-123,MED-2271,-10.0
PLAIN-123,MED-4392,-8.0078125
PLAIN-123,MED-3483,-7.5820312
PLAIN-123,MED-1841,-9.1640625
PLAIN-123,MED-2713,-6.7734375
PLAIN-123,MED-4419,-9.875
PLAIN-123,MED-840,-9.6484375
PLAIN-123,MED-5165,-8.578125
PLAIN-123,MED-4804,-8.265625
PLAIN-123,MED-1293,-8.5078125
PLAIN-123,MED-1568,-10.9140625
PLAIN-123,MED-4415,-7.7226562
PLAIN-123,MED-910,-9.46875
PLAIN-123,MED-2816,-9.078125
PLAIN-123,MED-5022,-11.015625
PLAIN-123,MED-2074,-10.9609375
PLAIN-123,MED-3534,-9.9609375
PLAIN-123,MED-2265,-8.4453125
PLAIN-123,MED-2450,-10.4296875
PLAIN-123,MED-2451,-7.3671875
PLAIN-133,MED-2923,-5.9414062
PLAIN-133,MED-2357,-3.9550781
PLAIN-133,MED-4116,-5.5234375
PLAIN-133,MED-851,-8.5234375
PLAIN-133,MED-4224,-6.7109375
PLAIN-133,MED-2513,-3.7460938
PLAIN-133,MED-1113,-6.3710938
PLAIN-133,MED-1712,-2.7246094
PLAIN-133,MED-5237,-9.0
PLAIN-133,MED-2808,-5.5039062
PLAIN-133,MED-3311,-5.0546875
PLAIN-133,MED-1666,-6.1054688
PLAIN-133,MED-2598,-7.5
PLAIN-133,MED-3282,-4.8476562
PLAIN-133,MED-1718,-7.9296875
PLAIN-133,MED-2129,-8.890625
PLAIN-133,MED-1748,-8.625
PLAIN-133,MED-4222,-7.1992188
PLAIN-133,MED-2599,-4.9414062
PLAIN-133,MED-5034,-5.4882812
PLAIN-143,MED-3621,0.32885742
PLAIN-143,MED-3619,-3.0839844
PLAIN-143,MED-3618,-2.8242188
PLAIN-143,MED-872,-6.9140625
PLAIN-143,MED-2093,-6.4882812
PLAIN-143,MED-4036,-8.3203125
PLAIN-143,MED-4013,-9.53125
PLAIN-143,MED-4035,-8.9609375
PLAIN-143,MED-2090,-9.5
PLAIN-143,MED-2092,-10.6484375
PLAIN-143,MED-3715,-10.4140625
PLAIN-143,MED-2095,-9.6875
PLAIN-143,MED-4028,-9.1484375
PLAIN-143,MED-1857,-8.015625
PLAIN-143,MED-1858,-9.71875
PLAIN-143,MED-3625,-8.796875
PLAIN-143,MED-2940,-8.9140625
PLAIN-143,MED-3640,-9.4140625
PLAIN-143,MED-4032,-9.6015625
PLAIN-143,MED-3624,-7.7890625
PLAIN-153,MED-3679,1.7119141
PLAIN-153,MED-3692,-2.2207031
PLAIN-153,MED-3680,-3.4902344
PLAIN-153,MED-3695,-3.4550781
PLAIN-153,MED-4762,-3.0234375
PLAIN-153,MED-3691,-3.1132812
PLAIN-153,MED-3688,-3.9140625
PLAIN-153,MED-3690,-2.9277344
PLAIN-153,MED-3683,-2.3925781
PLAIN-153,MED-3677,-2.2832031
PLAIN-153,MED-3693,-3.4707031
PLAIN-153,MED-4266,-3.7050781
PLAIN-153,MED-1791,-6.9140625
PLAIN-153,MED-3675,-3.1152344
PLAIN-153,MED-4511,-3.1523438
PLAIN-153,MED-3676,-2.2636719
PLAIN-153,MED-2482,-3.5175781
PLAIN-153,MED-3681,-4.4179688
PLAIN-153,MED-4760,-5.1992188
PLAIN-153,MED-1950,-6.2226562
PLAIN-165,MED-3696,2.7441406
PLAIN-165,MED-3766,3.1054688
PLAIN-165,MED-4445,3.5625
PLAIN-165,MED-3762,1.7412109
PLAIN-165,MED-1564,-1.2294922
PLAIN-165,MED-3767,1.3847656
PLAIN-165,MED-3768,-0.10687256
PLAIN-165,MED-2437,-2.3320312
PLAIN-165,MED-5197,-5.3320312
PLAIN-165,MED-3765,-2.7109375
PLAIN-165,MED-3699,-3.5332031
PLAIN-165,MED-1371,-2.2011719
PLAIN-165,MED-3697,-2.2539062
PLAIN-165,MED-5087,-3.671875
PLAIN-165,MED-4057,-5.890625
PLAIN-165,MED-4097,-6.4140625
PLAIN-165,MED-5351,-5.3164062
PLAIN-165,MED-4643,-4.953125
PLAIN-165,MED-4861,-3.1894531
PLAIN-165,MED-3845,-5.3515625
PLAIN-175,MED-3822,-1.8574219
PLAIN-175,MED-3818,-2.4765625
PLAIN-175,MED-4758,-5.625
PLAIN-175,MED-2529,-2.9882812
PLAIN-175,MED-1389,-4.5195312
PLAIN-175,MED-3964,-4.59375
PLAIN-175,MED-1669,-3.4414062
PLAIN-175,MED-4481,-3.8613281
PLAIN-175,MED-3794,-3.8320312
PLAIN-175,MED-2584,-4.8398438
PLAIN-175,MED-5341,-3.5371094
PLAIN-175,MED-1576,-4.1953125
PLAIN-175,MED-1672,-4.2773438
PLAIN-175,MED-4154,-1.8193359
PLAIN-175,MED-2437,-5.3945312
PLAIN-175,MED-1707,-5.2148438
PLAIN-175,MED-2212,-6.9960938
PLAIN-175,MED-3816,-2.5546875
PLAIN-175,MED-5107,-0.70996094
PLAIN-175,MED-1552,-2.3554688
PLAIN-186,MED-3904,0.98535156
PLAIN-186,MED-949,0.9741211
PLAIN-186,MED-2203,1.1679688
PLAIN-186,MED-2054,1.4160156
PLAIN-186,MED-1016,-1.5517578
PLAIN-186,MED-2053,0.112976074
PLAIN-186,MED-2057,-0.859375
PLAIN-186,MED-2055,-2.0351562
PLAIN-186,MED-2061,-1.9804688
PLAIN-186,MED-1006,-0.8198242
PLAIN-186,MED-2063,-3.6972656
PLAIN-186,MED-2060,-3.5449219
PLAIN-186,MED-1031,-4.0976562
PLAIN-186,MED-4325,-2.3183594
PLAIN-186,MED-721,-5.3046875
PLAIN-186,MED-5005,-1.3945312
PLAIN-186,MED-3510,-0.6738281
PLAIN-186,MED-2059,-2.5546875
PLAIN-186,MED-692,-4.140625
PLAIN-186,MED-2062,-1.6464844
PLAIN-196,MED-3969,0.22802734
PLAIN-196,MED-855,-5.9453125
PLAIN-196,MED-3963,-2.0390625
PLAIN-196,MED-4666,-7.3242188
PLAIN-196,MED-854,-6.453125
PLAIN-196,MED-1782,-9.5859375
PLAIN-196,MED-2249,-4.65625
PLAIN-196,MED-3970,-2.0488281
PLAIN-196,MED-853,-6.8203125
PLAIN-196,MED-5000,-10.5703125
PLAIN-196,MED-3808,-8.5859375
PLAIN-196,MED-2703,-8.125
PLAIN-196,MED-4165,-10.5859375
PLAIN-196,MED-3163,-8.3046875
PLAIN-196,MED-2702,-8.390625
PLAIN-196,MED-2400,-3.7421875
PLAIN-196,MED-2458,-8.7578125
PLAIN-196,MED-3608,-9.1875
PLAIN-196,MED-3444,-7.921875
PLAIN-196,MED-4872,-8.15625
PLAIN-207,MED-5197,1.6738281
PLAIN-207,MED-4482,0.8964844
PLAIN-207,MED-4451,0.33618164
PLAIN-207,MED-5326,-0.4736328
PLAIN-207,MED-4493,-0.765625
PLAIN-207,MED-3000,0.061035156
PLAIN-207,MED-4057,0.051483154
PLAIN-207,MED-4053,-1.2890625
PLAIN-207,MED-4060,-1.2900391
PLAIN-207,MED-4487,-1.9619141
PLAIN-207,MED-5188,-2.1152344
PLAIN-207,MED-4972,0.86376953
PLAIN-207,MED-1106,-2.3925781
PLAIN-207,MED-5034,-1.7167969
PLAIN-207,MED-4485,-0.39697266
PLAIN-207,MED-4820,-2.6933594
PLAIN-207,MED-5190,-3.7578125
PLAIN-207,MED-5035,-3.0488281
PLAIN-207,MED-5205,-2.2734375
PLAIN-207,MED-847,0.265625
PLAIN-217,MED-4831,-4.8085938
PLAIN-217,MED-2441,-2.0078125
PLAIN-217,MED-1991,-5.2617188
PLAIN-217,MED-5231,-3.7519531
PLAIN-217,MED-4613,-6.0703125
PLAIN-217,MED-4255,-6.0703125
PLAIN-217,MED-823,-5.5703125
PLAIN-217,MED-2432,-4.046875
PLAIN-217,MED-1874,-4.046875
PLAIN-217,MED-3877,-2.9804688
PLAIN-217,MED-1723,-2.90625
PLAIN-217,MED-4233,-2.7578125
PLAIN-217,MED-4349,-3.3730469
PLAIN-217,MED-3925,-6.28125
PLAIN-217,MED-1319,-5.140625
PLAIN-217,MED-4154,-6.015625
PLAIN-217,MED-3931,-4.0625
PLAIN-217,MED-4850,-4.8828125
PLAIN-217,MED-3243,-1.8447266
PLAIN-217,MED-1445,-4.6875
PLAIN-227,MED-3534,-3.46875
PLAIN-227,MED-3151,-7.1367188
PLAIN-227,MED-1520,-3.5527344
PLAIN-227,MED-3161,-4.8125
PLAIN-227,MED-3453,-6.2304688
PLAIN-227,MED-1491,-5.4960938
PLAIN-227,MED-3910,-6.3085938
PLAIN-227,MED-3460,-4.9296875
PLAIN-227,MED-3864,-6.0898438
PLAIN-227,MED-3466,-4.1015625
PLAIN-227,MED-5260,-6.0703125
PLAIN-227,MED-2669,-7.5625
PLAIN-227,MED-3465,-4.9375
PLAIN-227,MED-5273,-5.9375
PLAIN-227,MED-5160,-9.015625
PLAIN-227,MED-4150,-6.6523438
PLAIN-227,MED-1299,-7.203125
PLAIN-227,MED-4705,-7.9726562
PLAIN-227,MED-3456,-4.9765625
PLAIN-227,MED-3866,-6.7382812
PLAIN-238,MED-1774,-4.453125
PLAIN-238,MED-2493,-3.4394531
PLAIN-238,MED-2494,-2.8789062
PLAIN-238,MED-2407,-4.4101562
PLAIN-238,MED-1099,-4.984375
PLAIN-238,MED-4168,-3.6582031
PLAIN-238,MED-5104,-4.015625
PLAIN-238,MED-3022,-8.0546875
PLAIN-238,MED-2264,-6.8007812
PLAIN-238,MED-2618,-6.8984375
PLAIN-238,MED-1598,-6.6445312
PLAIN-238,MED-2405,-6.1328125
PLAIN-238,MED-2650,-6.4570312
PLAIN-238,MED-3590,-4.6132812
PLAIN-238,MED-1178,-5.3789062
PLAIN-238,MED-3027,-4.921875
PLAIN-238,MED-2994,-6.6757812
PLAIN-238,MED-872,-6.53125
PLAIN-238,MED-2258,-7.2304688
PLAIN-238,MED-956,-6.15625
PLAIN-248,MED-4234,-0.115722656
PLAIN-248,MED-3244,0.18969727
PLAIN-248,MED-4239,0.2421875
PLAIN-248,MED-4885,-1.2167969
PLAIN-248,MED-3874,-1.2167969
PLAIN-248,MED-3877,-1.6689453
PLAIN-248,MED-3434,0.1381836
PLAIN-248,MED-3243,1.4208984
PLAIN-248,MED-4233,-0.30249023
PLAIN-248,MED-3432,-0.61572266
PLAIN-248,MED-3790,0.04788208
PLAIN-248,MED-4890,-0.9736328
PLAIN-248,MED-865,-0.97216797
PLAIN-248,MED-1785,-2.8027344
PLAIN-248,MED-2753,-4.796875
PLAIN-248,MED-3782,-1.8115234
PLAIN-248,MED-5267,-4.5390625
PLAIN-248,MED-4977,-4.140625
PLAIN-248,MED-2170,-4.140625
PLAIN-248,MED-5176,-2.2890625
PLAIN-259,MED-4295,-1.125
PLAIN-259,MED-4296,-1.6289062
PLAIN-259,MED-3854,-2.0917969
PLAIN-259,MED-4393,-4.0507812
PLAIN-259,MED-3485,-4.0507812
PLAIN-259,MED-2985,-5.8085938
PLAIN-259,MED-5115,-3.5585938
PLAIN-259,MED-2438,-3.6621094
PLAIN-259,MED-3123,-3.5
PLAIN-259,MED-1428,-5.390625
PLAIN-259,MED-835,-3.5917969
PLAIN-259,MED-3989,-6.0273438
PLAIN-259,MED-4233,-5.046875
PLAIN-259,MED-3832,-5.2460938
PLAIN-259,MED-3877,-5.2304688
PLAIN-259,MED-1770,-5.6445312
PLAIN-259,MED-752,-2.5019531
PLAIN-259,MED-5338,-5.671875
PLAIN-259,MED-2430,-3.6074219
PLAIN-259,MED-5176,-5.640625
PLAIN-270,MED-5245,-2.8789062
PLAIN-270,MED-4331,2.328125
PLAIN-270,MED-1648,-7.5390625
PLAIN-270,MED-1627,-4.6757812
PLAIN-270,MED-1642,-7.2226562
PLAIN-270,MED-1647,-5.1015625
PLAIN-270,MED-1640,-7.390625
PLAIN-270,MED-3772,-6.6367188
PLAIN-270,MED-1645,-4.1875
PLAIN-270,MED-4439,-4.734375
PLAIN-270,MED-1635,-6.4101562
PLAIN-270,MED-5050,-7.0390625
PLAIN-270,MED-3775,-7.3515625
PLAIN-270,MED-4776,-5.4609375
PLAIN-270,MED-878,-6.7539062
PLAIN-270,MED-1631,-6.3554688
PLAIN-270,MED-3773,-6.40625
PLAIN-270,MED-5249,-7.0585938
PLAIN-270,MED-1638,-6.9804688
PLAIN-270,MED-4902,-6.96875
PLAIN-280,MED-3026,-1.7763672
PLAIN-280,MED-2904,-1.7763672
PLAIN-280,MED-4948,-2.9277344
PLAIN-280,MED-4376,0.8359375
PLAIN-280,MED-5097,-2.078125
PLAIN-280,MED-4949,-4.4296875
PLAIN-280,MED-4947,-5.5078125
PLAIN-280,MED-4733,-6.890625
PLAIN-280,MED-3023,-1.6054688
PLAIN-280,MED-4370,-5.5898438
PLAIN-280,MED-3031,-6.484375
PLAIN-280,MED-3595,-2.4980469
PLAIN-280,MED-2906,-4.359375
PLAIN-280,MED-3034,-2.8359375
PLAIN-280,MED-2386,-7.109375
PLAIN-280,MED-4946,-5.25
PLAIN-280,MED-3035,-2.5683594
PLAIN-280,MED-1226,-9.140625
PLAIN-280,MED-3020,-3.5039062
PLAIN-280,MED-2910,-1.3945312
PLAIN-291,MED-4153,-1.1367188
PLAIN-291,MED-1717,-1.4091797
PLAIN-291,MED-3314,-4.6601562
PLAIN-291,MED-1721,-1.9882812
PLAIN-291,MED-1718,-3.9609375
PLAIN-291,MED-4517,-0.40820312
PLAIN-291,MED-4639,-0.40820312
PLAIN-291,MED-2258,-2.2265625
PLAIN-291,MED-1508,-3.9335938
PLAIN-291,MED-5111,-3.1367188
PLAIN-291,MED-4638,-6.0
PLAIN-291,MED-2417,-3.0273438
PLAIN-291,MED-2431,-3.0097656
PLAIN-291,MED-3696,-3.4199219
PLAIN-291,MED-2429,-3.2851562
PLAIN-291,MED-2122,-2.8417969
PLAIN-291,MED-5183,-5.984375
PLAIN-291,MED-5189,-7.4335938
PLAIN-291,MED-3242,-6.7226562
PLAIN-291,MED-1531,-5.359375
PLAIN-307,MED-3990,-2.1621094
PLAIN-307,MED-716,-1.3203125
PLAIN-307,MED-714,0.41748047
PLAIN-307,MED-4575,-1.9511719
PLAIN-307,MED-919,-0.14013672
PLAIN-307,MED-4573,-3.5136719
PLAIN-307,MED-921,-1.3486328
PLAIN-307,MED-3985,-3.53125
PLAIN-307,MED-3988,-4.7304688
PLAIN-307,MED-3986,-4.4570312
PLAIN-307,MED-3987,-4.0859375
PLAIN-307,MED-4570,-2.640625
PLAIN-307,MED-961,-3.5195312
PLAIN-307,MED-962,-3.8828125
PLAIN-307,MED-4574,-2.640625
PLAIN-307,MED-4872,-2.1640625
PLAIN-307,MED-4566,-2.3632812
PLAIN-307,MED-2765,-2.734375
PLAIN-307,MED-3991,-3.7148438
PLAIN-307,MED-3452,-5.046875
PLAIN-320,MED-2437,6.0898438
PLAIN-320,MED-2417,4.3125
PLAIN-320,MED-5066,4.4179688
PLAIN-320,MED-2423,4.2109375
PLAIN-320,MED-4450,3.7519531
PLAIN-320,MED-4823,-3.3007812
PLAIN-320,MED-5111,3.9414062
PLAIN-320,MED-3862,4.0273438
PLAIN-320,MED-3830,1.5722656
PLAIN-320,MED-3834,1.5722656
PLAIN-320,MED-3241,3.5625
PLAIN-320,MED-5183,-0.87402344
PLAIN-320,MED-3557,-0.6904297
PLAIN-320,MED-4643,2.3769531
PLAIN-320,MED-2251,1.7167969
PLAIN-320,MED-3698,4.0039062
PLAIN-320,MED-2255,1.6318359
PLAIN-320,MED-5352,1.6650391
PLAIN-320,MED-5341,3.4003906
PLAIN-320,MED-2435,0.6767578
PLAIN-332,MED-760,1.6269531
PLAIN-332,MED-5265,1.4228516
PLAIN-332,MED-4689,-0.8066406
PLAIN-332,MED-2951,-0.8066406
PLAIN-332,MED-5084,-3.4726562
PLAIN-332,MED-4149,-5.3476562
PLAIN-332,MED-3451,-5.5703125
PLAIN-332,MED-2695,-5.453125
PLAIN-332,MED-2693,-5.109375
PLAIN-332,MED-5263,-1.0673828
PLAIN-332,MED-4350,-6.5546875
PLAIN-332,MED-708,-6.21875
PLAIN-332,MED-4411,-5.5507812
PLAIN-332,MED-4005,-2.3964844
PLAIN-332,MED-1397,-5.0234375
PLAIN-332,MED-2705,-3.8574219
PLAIN-332,MED-2702,-6.3046875
PLAIN-332,MED-5153,-3.1308594
PLAIN-332,MED-2696,-6.140625
PLAIN-332,MED-3452,-7.6054688
PLAIN-344,MED-2405,1.5029297
PLAIN-344,MED-2394,1.2275391
PLAIN-344,MED-4333,-1.5791016
PLAIN-344,MED-3027,-2.2480469
PLAIN-344,MED-2388,1.3701172
PLAIN-344,MED-1455,-6.1953125
PLAIN-344,MED-1961,-3.0859375
PLAIN-344,MED-1672,-4.0390625
PLAIN-344,MED-5105,-3.265625
PLAIN-344,MED-2850,-2.2949219
PLAIN-344,MED-4437,-3.8105469
PLAIN-344,MED-751,-1.4589844
PLAIN-344,MED-3028,-3.0527344
PLAIN-344,MED-1063,-0.23986816
PLAIN-344,MED-1238,-2.3359375
PLAIN-344,MED-1611,-3.9707031
PLAIN-344,MED-1062,-3.2636719
PLAIN-344,MED-1958,-3.7714844
PLAIN-344,MED-5270,-3.7304688
PLAIN-344,MED-2397,-1.1972656
PLAIN-358,MED-5265,-5.9257812
PLAIN-358,MED-1395,-6.4960938
PLAIN-358,MED-2591,-6.4179688
PLAIN-358,MED-2590,-6.0195312
PLAIN-358,MED-2939,-7.0546875
PLAIN-358,MED-2753,-5.859375
PLAIN-358,MED-5014,-5.9140625
PLAIN-358,MED-4496,-5.6054688
PLAIN-358,MED-3982,-6.625
PLAIN-358,MED-2754,-5.7148438
PLAIN-358,MED-2528,-7.515625
PLAIN-358,MED-5026,-6.09375
PLAIN-358,MED-1231,-6.59375
PLAIN-358,MED-5039,-6.53125
PLAIN-358,MED-4514,-5.5234375
PLAIN-358,MED-1489,-5.2890625
PLAIN-358,MED-1410,-5.1875
PLAIN-358,MED-4302,-6.203125
PLAIN-358,MED-5079,-6.2539062
PLAIN-358,MED-1554,-5.6835938
PLAIN-371,MED-4618,-2.6796875
PLAIN-371,MED-4619,-6.34375
PLAIN-371,MED-5010,-7.4726562
PLAIN-371,MED-4620,-7.4726562
PLAIN-371,MED-5009,-6.2070312
PLAIN-371,MED-4303,-9.015625
PLAIN-371,MED-5086,-10.515625
PLAIN-371,MED-5011,-8.6796875
PLAIN-371,MED-1697,-7.703125
PLAIN-371,MED-5268,-10.1328125
PLAIN-371,MED-4414,-9.9609375
PLAIN-371,MED-2085,-7.1835938
PLAIN-371,MED-4413,-10.8046875
PLAIN-371,MED-3449,-8.84375
PLAIN-371,MED-4410,-10.96875
PLAIN-371,MED-861,-7.6601562
PLAIN-371,MED-4915,-10.6796875
PLAIN-371,MED-2310,-9.6953125
PLAIN-371,MED-3946,-8.25
PLAIN-371,MED-5139,-9.796875
PLAIN-383,MED-4469,-3.2050781
PLAIN-383,MED-4299,-3.5019531
PLAIN-383,MED-1479,-5.046875
PLAIN-383,MED-1478,-4.6953125
PLAIN-383,MED-1655,-8.5234375
PLAIN-383,MED-1874,-7.5898438
PLAIN-383,MED-2432,-7.5898438
PLAIN-383,MED-2117,-5.984375
PLAIN-383,MED-1319,-10.8828125
PLAIN-383,MED-1419,-10.6875
PLAIN-383,MED-4156,-9.09375
PLAIN-383,MED-2105,-10.9296875
PLAIN-383,MED-2062,-10.890625
PLAIN-383,MED-5096,-10.9609375
PLAIN-383,MED-4313,-10.7109375
PLAIN-383,MED-4006,-10.8359375
PLAIN-383,MED-1378,-9.9921875
PLAIN-383,MED-4846,-10.9140625
PLAIN-383,MED-4511,-10.328125
PLAIN-383,MED-5333,-10.953125
PLAIN-395,MED-2608,-8.421875
PLAIN-395,MED-2271,-8.90625
PLAIN-395,MED-2816,-6.7265625
PLAIN-395,MED-953,-8.578125
PLAIN-395,MED-2783,-7.2695312
PLAIN-395,MED-2786,-9.375
PLAIN-395,MED-2830,-6.9023438
PLAIN-395,MED-2926,-9.359375
PLAIN-395,MED-1697,-10.953125
PLAIN-395,MED-5000,-9.1796875
PLAIN-395,MED-3471,-9.984375
PLAIN-395,MED-2669,-9.75
PLAIN-395,MED-2794,-7.9804688
PLAIN-395,MED-3945,-7.796875
PLAIN-395,MED-3534,-10.0625
PLAIN-395,MED-2098,-8.3828125
PLAIN-395,MED-1312,-10.9375
PLAIN-395,MED-1937,-9.53125
PLAIN-395,MED-4585,-8.2734375
PLAIN-395,MED-760,-9.75
PLAIN-407,MED-906,3.2226562
PLAIN-407,MED-4604,-6.3398438
PLAIN-407,MED-2618,-3.4140625
PLAIN-407,MED-4870,-7.0273438
PLAIN-407,MED-3381,-4.640625
PLAIN-407,MED-3497,-4.5664062
PLAIN-407,MED-957,-6.9453125
PLAIN-407,MED-3382,-5.5664062
PLAIN-407,MED-4869,-5.5234375
PLAIN-407,MED-2994,-6.2773438
PLAIN-407,MED-5062,-5.65625
PLAIN-407,MED-2194,-5.9726562
PLAIN-407,MED-2619,-6.9101562
PLAIN-407,MED-3380,-4.9453125
PLAIN-407,MED-5059,-5.8632812
PLAIN-407,MED-4742,-7.1484375
PLAIN-407,MED-887,-6.9570312
PLAIN-407,MED-5139,-6.3671875
PLAIN-407,MED-2616,-7.84375
PLAIN-407,MED-5079,-9.28125
PLAIN-418,MED-3714,0.46655273
PLAIN-418,MED-2453,-4.8789062
PLAIN-418,MED-917,0.3203125
PLAIN-418,MED-3738,-2.6933594
PLAIN-418,MED-4029,-6.3007812
PLAIN-418,MED-3900,-6.40625
PLAIN-418,MED-1790,-7.2421875
PLAIN-418,MED-1182,-7.8671875
PLAIN-418,MED-3208,-7.53125
PLAIN-418,MED-4859,-4.4335938
PLAIN-418,MED-1674,-10.0078125
PLAIN-418,MED-2074,-2.1445312
PLAIN-418,MED-3734,-2.765625
PLAIN-418,MED-2900,-6.2109375
PLAIN-418,MED-2285,-2.5703125
PLAIN-418,MED-1846,-6.5429688
PLAIN-418,MED-3469,-5.984375
PLAIN-418,MED-2450,-5.9257812
PLAIN-418,MED-3908,-6.7148438
PLAIN-418,MED-1795,-4.7265625
PLAIN-430,MED-928,3.265625
PLAIN-430,MED-1620,-2.0019531
PLAIN-430,MED-927,2.2578125
PLAIN-430,MED-2412,-4.5820312
PLAIN-430,MED-4731,-3.9082031
PLAIN-430,MED-1831,-3.4609375
PLAIN-430,MED-4936,-3.3496094
PLAIN-430,MED-4943,-3.7402344
PLAIN-430,MED-2750,-2.9492188
PLAIN-430,MED-4631,-3.4414062
PLAIN-430,MED-4002,-7.6601562
PLAIN-430,MED-2753,-3.109375
PLAIN-430,MED-839,-5.953125
PLAIN-430,MED-5095,-4.03125
PLAIN-430,MED-5179,-8.6171875
PLAIN-430,MED-4730,-8.59375
PLAIN-430,MED-2756,-8.3984375
PLAIN-430,MED-4004,-10.4375
PLAIN-430,MED-5100,-7.859375
PLAIN-430,MED-2754,-4.3515625
PLAIN-441,MED-942,1.7929688
PLAIN-441,MED-4701,-6.3046875
PLAIN-441,MED-1792,-7.5507812
PLAIN-441,MED-4703,-7.4023438
PLAIN-441,MED-4580,-7.078125
PLAIN-441,MED-4702,-7.4882812
PLAIN-441,MED-5082,-8.453125
PLAIN-441,MED-1841,-8.671875
PLAIN-441,MED-2451,-8.6171875
PLAIN-441,MED-4590,-8.0390625
PLAIN-441,MED-941,-1.2470703
PLAIN-441,MED-5019,-6.78125
PLAIN-441,MED-2448,-9.828125
PLAIN-441,MED-2291,-8.28125
PLAIN-441,MED-2099,-9.3515625
PLAIN-441,MED-1625,-8.9296875
PLAIN-441,MED-4029,-9.578125
PLAIN-441,MED-4089,-9.171875
PLAIN-441,MED-2098,-8.3984375
PLAIN-441,MED-692,-8.8359375
PLAIN-457,MED-2716,-6.0507812
PLAIN-457,MED-1751,-6.7421875
PLAIN-457,MED-1754,-6.3945312
PLAIN-457,MED-745,-6.875
PLAIN-457,MED-2112,-7.515625
PLAIN-457,MED-4602,-5.953125
PLAIN-457,MED-5123,-6.3085938
PLAIN-457,MED-2765,-5.8125
PLAIN-457,MED-2710,-6.9882812
PLAIN-457,MED-3757,-9.3359375
PLAIN-457,MED-3490,-5.90625
PLAIN-457,MED-1345,-8.390625
PLAIN-457,MED-3001,-9.578125
PLAIN-457,MED-1498,-6.3125
PLAIN-457,MED-3753,-9.2578125
PLAIN-457,MED-1344,-8.078125
PLAIN-457,MED-3953,-7.9179688
PLAIN-457,MED-5069,-8.546875
PLAIN-457,MED-4922,-7.8320312
PLAIN-457,MED-913,-7.4804688
PLAIN-468,MED-961,3.3496094
PLAIN-468,MED-3991,1.1689453
PLAIN-468,MED-3989,-1.5390625
PLAIN-468,MED-4573,4.9296875
PLAIN-468,MED-3987,0.52685547
PLAIN-468,MED-716,-5.4960938
PLAIN-468,MED-3988,-1.5761719
PLAIN-468,MED-962,-0.6635742
PLAIN-468,MED-4575,-5.953125
PLAIN-468,MED-3990,1.5898438
PLAIN-468,MED-3986,-3.8945312
PLAIN-468,MED-919,-4.0117188
PLAIN-468,MED-4574,-5.3515625
PLAIN-468,MED-5095,-7.8085938
PLAIN-468,MED-922,-5.484375
PLAIN-468,MED-4566,-1.1640625
PLAIN-468,MED-4373,-6.2578125
PLAIN-468,MED-862,-3.296875
PLAIN-468,MED-5361,-5.7382812
PLAIN-468,MED-759,-7.8007812
PLAIN-478,MED-3567,-3.7539062
PLAIN-478,MED-2400,-1.0283203
PLAIN-478,MED-3180,-8.1875
PLAIN-478,MED-3939,-5.6835938
PLAIN-478,MED-1273,-6.640625
PLAIN-478,MED-863,-4.5585938
PLAIN-478,MED-854,-2.5253906
PLAIN-478,MED-3937,-3.3808594
PLAIN-478,MED-1497,-3.4902344
PLAIN-478,MED-2742,-6.8203125
PLAIN-478,MED-2350,-1.3505859
PLAIN-478,MED-3379,-5.390625
PLAIN-478,MED-1268,-8.21875
PLAIN-478,MED-4960,-5.1445312
PLAIN-478,MED-4426,-6.5039062
PLAIN-478,MED-3935,-8.7109375
PLAIN-478,MED-4893,-2.984375
PLAIN-478,MED-1152,-8.5625
PLAIN-478,MED-907,-3.3105469
PLAIN-478,MED-1523,-6.2226562
PLAIN-488,MED-1808,4.4453125
PLAIN-488,MED-1800,4.5742188
PLAIN-488,MED-1804,1.3457031
PLAIN-488,MED-1798,2.1425781
PLAIN-488,MED-1799,4.2734375
PLAIN-488,MED-1796,4.2617188
PLAIN-488,MED-1806,3.6953125
PLAIN-488,MED-1810,4.2617188
PLAIN-488,MED-4767,-2.8046875
PLAIN-488,MED-4769,-3.2480469
PLAIN-488,MED-4766,0.28833008
PLAIN-488,MED-1803,-1.4863281
PLAIN-488,MED-3941,-7.3789062
PLAIN-488,MED-3559,-4.5898438
PLAIN-488,MED-3947,-7.671875
PLAIN-488,MED-2573,-7.375
PLAIN-488,MED-3292,-6.7617188
PLAIN-488,MED-3309,-6.7617188
PLAIN-488,MED-3382,-8.2421875
PLAIN-488,MED-2278,-7.390625
PLAIN-499,MED-1747,2.890625
PLAIN-499,MED-4095,0.92529297
PLAIN-499,MED-5198,2.2070312
PLAIN-499,MED-2213,2.1777344
PLAIN-499,MED-2900,0.87109375
PLAIN-499,MED-1417,1.1162109
PLAIN-499,MED-4555,0.89746094
PLAIN-499,MED-5328,0.7871094
PLAIN-499,MED-5006,-3.2285156
PLAIN-499,MED-1475,3.8710938
PLAIN-499,MED-4821,-5.984375
PLAIN-499,MED-2001,-6.71875
PLAIN-499,MED-3718,-6.5976562
PLAIN-499,MED-5325,-3.5976562
PLAIN-499,MED-4346,0.35009766
PLAIN-499,MED-5201,1.7158203
PLAIN-499,MED-4007,-2.9375
PLAIN-499,MED-2184,0.6459961
PLAIN-499,MED-4448,-6.6171875
PLAIN-499,MED-4618,-5.7070312
PLAIN-510,MED-3278,-8.09375
PLAIN-510,MED-1020,-8.8125
PLAIN-510,MED-3627,-6.9101562
PLAIN-510,MED-4142,-7.7148438
PLAIN-510,MED-4742,-9.609375
PLAIN-510,MED-2069,-8.1875
PLAIN-510,MED-723,-10.2421875
PLAIN-510,MED-4976,-6.1445312
PLAIN-510,MED-1757,-7.2890625
PLAIN-510,MED-4361,-10.625
PLAIN-510,MED-1603,-9.15625
PLAIN-510,MED-4918,-6.25
PLAIN-510,MED-3321,-10.4921875
PLAIN-510,MED-3615,-8.9140625
PLAIN-510,MED-5315,-10.6875
PLAIN-510,MED-4555,-8.125
PLAIN-510,MED-4980,-9.2421875
PLAIN-510,MED-3617,-5.7773438
PLAIN-510,MED-3302,-10.8359375
PLAIN-510,MED-3272,-9.7421875
PLAIN-520,MED-1377,-4.4335938
PLAIN-520,MED-1953,-2.9335938
PLAIN-520,MED-1841,-5.1015625
PLAIN-520,MED-3087,-3.3691406
PLAIN-520,MED-4320,2.2167969
PLAIN-520,MED-4388,-7.1171875
PLAIN-520,MED-4047,-2.4277344
PLAIN-520,MED-2217,-4.9765625
PLAIN-520,MED-4604,-3.7128906
PLAIN-520,MED-2030,-5.53125
PLAIN-520,MED-3310,-7.1953125
PLAIN-520,MED-1848,-3.4550781
PLAIN-520,MED-4909,-5.0546875
PLAIN-520,MED-1497,-6.953125
PLAIN-520,MED-4499,-0.97802734
PLAIN-520,MED-2306,-5.0390625
PLAIN-520,MED-2220,-3.4882812
PLAIN-520,MED-4580,-2.4394531
PLAIN-520,MED-1950,-1.5019531
PLAIN-520,MED-4007,-5.3085938
PLAIN-531,MED-1017,1.3203125
PLAIN-531,MED-2322,-2.5742188
PLAIN-531,MED-4156,-0.5649414
PLAIN-531,MED-3113,-3.8945312
PLAIN-531,MED-2831,-1.0146484
PLAIN-531,MED-4529,-2.8085938
PLAIN-531,MED-4374,-1.6445312
PLAIN-531,MED-557,-2.8730469
PLAIN-531,MED-3726,-2.0664062
PLAIN-531,MED-3607,-0.80908203
PLAIN-531,MED-4251,-3.9199219
PLAIN-531,MED-4536,-2.0117188
PLAIN-531,MED-743,0.9785156
PLAIN-531,MED-4840,-1.7607422
PLAIN-531,MED-4372,-3.3203125
PLAIN-531,MED-4531,-0.6845703
PLAIN-531,MED-3661,-1.53125
PLAIN-531,MED-2472,-1.3310547
PLAIN-531,MED-866,-1.5771484
PLAIN-531,MED-5056,-3.5371094
PLAIN-541,MED-872,-3.4863281
PLAIN-541,MED-3618,-2.6171875
PLAIN-541,MED-4033,-2.1640625
PLAIN-541,MED-4035,-2.484375
PLAIN-541,MED-4555,-4.8554688
PLAIN-541,MED-4034,-0.7739258
PLAIN-541,MED-3621,-2.3261719
PLAIN-541,MED-4780,-2.53125
PLAIN-541,MED-4019,-1.1376953
PLAIN-541,MED-4013,-1.1875
PLAIN-541,MED-3619,-1.9042969
PLAIN-541,MED-4107,-5.6289062
PLAIN-541,MED-4031,-1.8134766
PLAIN-541,MED-3640,-3.9257812
PLAIN-541,MED-1848,-6.71875
PLAIN-541,MED-1858,-2.5097656
PLAIN-541,MED-4876,-6.3398438
PLAIN-541,MED-4032,-3.3261719
PLAIN-541,MED-4186,-7.1132812
PLAIN-541,MED-4027,-2.5722656
PLAIN-551,MED-4381,-1.9365234
PLAIN-551,MED-3179,-3.7265625
PLAIN-551,MED-3176,-3.3222656
PLAIN-551,MED-4860,-3.1464844
PLAIN-551,MED-1937,-3.2753906
PLAIN-551,MED-991,-2.5429688
PLAIN-551,MED-4789,-1.3300781
PLAIN-551,MED-1278,-7.0585938
PLAIN-551,MED-2215,-3.3496094
PLAIN-551,MED-1848,-2.2441406
PLAIN-551,MED-1431,-3.484375
PLAIN-551,MED-987,-1.7617188
PLAIN-551,MED-4996,-4.4023438
PLAIN-551,MED-2214,-2.1914062
PLAIN-551,MED-1699,-3.2167969
PLAIN-551,MED-4876,-5.5507812
PLAIN-551,MED-4158,-4.5820312
PLAIN-551,MED-1500,-2.6757812
PLAIN-551,MED-2213,-2.0625
PLAIN-551,MED-911,-6.4960938
PLAIN-561,MED-4555,1.6640625
PLAIN-561,MED-3180,0.8901367
PLAIN-561,MED-1843,-7.6640625
PLAIN-561,MED-5086,-5.9882812
PLAIN-561,MED-2350,-6.8125
PLAIN-561,MED-959,-2.7539062
PLAIN-561,MED-4093,-4.3359375
PLAIN-561,MED-5127,-6.0234375
PLAIN-561,MED-2421,-7.078125
PLAIN-561,MED-3253,-3.6074219
PLAIN-561,MED-4560,-5.859375
PLAIN-561,MED-1512,-5.3164062
PLAIN-561,MED-3250,-5.8242188
PLAIN-561,MED-3951,-6.90625
PLAIN-561,MED-3237,-6.46875
PLAIN-561,MED-1704,-6.2773438
PLAIN-561,MED-4377,-3.9394531
PLAIN-561,MED-854,-4.3554688
PLAIN-561,MED-1497,-6.0585938
PLAIN-561,MED-1615,-6.2421875
PLAIN-571,MED-2345,3.34375
PLAIN-571,MED-4742,3.6445312
PLAIN-571,MED-2346,3.2929688
PLAIN-571,MED-2338,2.4824219
PLAIN-571,MED-2339,2.8007812
PLAIN-571,MED-4963,0.7167969
PLAIN-571,MED-3180,-9.046875
PLAIN-571,MED-2492,-6.4335938
PLAIN-571,MED-1198,-6.6679688
PLAIN-571,MED-2350,-8.7890625
PLAIN-571,MED-1431,-6.4453125
PLAIN-571,MED-3177,-6.7421875
PLAIN-571,MED-4896,-9.8125
PLAIN-571,MED-2474,-6.4101562
PLAIN-571,MED-4545,-7.9101562
PLAIN-571,MED-3941,-6.6484375
PLAIN-571,MED-2355,-7.5078125
PLAIN-571,MED-3179,-8.203125
PLAIN-571,MED-4007,-6.7109375
PLAIN-571,MED-4870,-6.7773438
PLAIN-583,MED-1788,-4.7109375
PLAIN-583,MED-4826,-5.4570312
PLAIN-583,MED-1499,-6.2890625
PLAIN-583,MED-1682,-6.5195312
PLAIN-583,MED-4149,-5.3476562
PLAIN-583,MED-1186,-4.546875
PLAIN-583,MED-4194,-6.65625
PLAIN-583,MED-5186,-4.0859375
PLAIN-583,MED-2445,-6.4804688
PLAIN-583,MED-2654,-5.4257812
PLAIN-583,MED-3887,-5.875
PLAIN-583,MED-3242,-5.6953125
PLAIN-583,MED-3485,-5.1210938
PLAIN-583,MED-4393,-5.1210938
PLAIN-583,MED-1873,-5.0703125
PLAIN-583,MED-4350,-5.53125
PLAIN-583,MED-3100,-6.2304688
PLAIN-583,MED-5265,-4.7890625
PLAIN-583,MED-756,-5.1132812
PLAIN-583,MED-1935,-5.1132812
PLAIN-593,MED-4402,-0.5493164
PLAIN-593,MED-1243,-1.9658203
PLAIN-593,MED-911,-4.2539062
PLAIN-593,MED-1246,-0.35253906
PLAIN-593,MED-1241,-1.5048828
PLAIN-593,MED-4007,-5.8671875
PLAIN-593,MED-4789,-4.5859375
PLAIN-593,MED-2456,-4.421875
PLAIN-593,MED-1278,-6.0078125
PLAIN-593,MED-4555,-3.5351562
PLAIN-593,MED-4580,-5.7851562
PLAIN-593,MED-3927,-4.8515625
PLAIN-593,MED-1198,-5.5351562
PLAIN-593,MED-4381,-4.2734375
PLAIN-593,MED-4876,-5.9648438
PLAIN-593,MED-1268,-5.9921875
PLAIN-593,MED-3708,-4.1171875
PLAIN-593,MED-3316,-5.1953125
PLAIN-593,MED-1272,-5.265625
PLAIN-593,MED-2448,-5.6796875
PLAIN-603,MED-1957,1.6894531
PLAIN-603,MED-3769,1.8730469
PLAIN-603,MED-4555,-1.0683594
PLAIN-603,MED-1273,-6.0
PLAIN-603,MED-3718,-4.7304688
PLAIN-603,MED-2722,-4.6054688
PLAIN-603,MED-1546,-0.43237305
PLAIN-603,MED-2492,-7.03125
PLAIN-603,MED-5009,-0.4897461
PLAIN-603,MED-1978,-3.1992188
PLAIN-603,MED-4821,-6.6796875
PLAIN-603,MED-3577,-5.171875
PLAIN-603,MED-4626,-4.8398438
PLAIN-603,MED-1704,-6.8671875
PLAIN-603,MED-4007,-2.875
PLAIN-603,MED-1560,-2.4375
PLAIN-603,MED-3379,-3.0878906
PLAIN-603,MED-991,-2.7617188
PLAIN-603,MED-4631,-0.40966797
PLAIN-603,MED-4406,-5.0078125
PLAIN-613,MED-909,2.9101562
PLAIN-613,MED-1198,3.3691406
PLAIN-613,MED-2983,2.0058594
PLAIN-613,MED-3476,2.5019531
PLAIN-613,MED-4468,2.1875
PLAIN-613,MED-1846,1.4970703
PLAIN-613,MED-5076,1.1269531
PLAIN-613,MED-859,1.1376953
PLAIN-613,MED-860,1.5615234
PLAIN-613,MED-4901,2.0605469
PLAIN-613,MED-1941,-5.1328125
PLAIN-613,MED-3921,1.2744141
PLAIN-613,MED-4625,-5.5273438
PLAIN-613,MED-1180,0.21643066
PLAIN-613,MED-1841,-5.8046875
PLAIN-613,MED-4634,-5.09375
PLAIN-613,MED-2482,-5.5039062
PLAIN-613,MED-2099,-5.4726562
PLAIN-613,MED-4995,-5.0039062
PLAIN-613,MED-2490,-3.9199219
PLAIN-623,MED-1674,3.7558594
PLAIN-623,MED-4515,2.9726562
PLAIN-623,MED-4880,2.8476562
PLAIN-623,MED-4104,-5.34375
PLAIN-623,MED-2212,-5.6484375
PLAIN-623,MED-2148,-4.2265625
PLAIN-623,MED-5265,-3.8417969
PLAIN-623,MED-2062,-4.9492188
PLAIN-623,MED-3820,-2.78125
PLAIN-623,MED-3925,-3.8476562
PLAIN-623,MED-2216,-5.4804688
PLAIN-623,MED-2459,-4.1835938
PLAIN-623,MED-1419,-1.7001953
PLAIN-623,MED-3815,-4.5
PLAIN-623,MED-5225,-4.5
PLAIN-623,MED-2325,-5.9375
PLAIN-623,MED-835,-5.6914062
PLAIN-623,MED-3237,-5.9648438
PLAIN-623,MED-3235,-5.109375
PLAIN-623,MED-3220,-5.109375
PLAIN-634,MED-4620,1.2109375
PLAIN-634,MED-5010,1.2109375
PLAIN-634,MED-4619,1.8486328
PLAIN-634,MED-4618,0.7480469
PLAIN-634,MED-5009,0.5546875
PLAIN-634,MED-4303,-0.7055664
PLAIN-634,MED-5011,-0.37548828
PLAIN-634,MED-2900,-4.7226562
PLAIN-634,MED-4414,-4.6796875
PLAIN-634,MED-1317,-1.703125
PLAIN-634,MED-4545,-5.7773438
PLAIN-634,MED-2966,-4.8554688
PLAIN-634,MED-4413,-5.9921875
PLAIN-634,MED-3382,-7.3085938
PLAIN-634,MED-5328,-3.8320312
PLAIN-634,MED-4384,-3.4042969
PLAIN-634,MED-1846,-2.046875
PLAIN-634,MED-3946,-6.703125
PLAIN-634,MED-3723,-6.5351562
PLAIN-634,MED-3377,-4.2578125
PLAIN-645,MED-4976,-1.4570312
PLAIN-645,MED-4746,-5.1523438
PLAIN-645,MED-3387,-6.3828125
PLAIN-645,MED-3385,-6.90625
PLAIN-645,MED-3582,-5.4140625
PLAIN-645,MED-3499,-6.625
PLAIN-645,MED-4186,-6.1679688
PLAIN-645,MED-4938,-7.40625
PLAIN-645,MED-1298,-3.4863281
PLAIN-645,MED-1676,-8.2890625
PLAIN-645,MED-4232,-5.1445312
PLAIN-645,MED-4869,-6.3398438
PLAIN-645,MED-5312,-6.9609375
PLAIN-645,MED-2098,-6.5820312
PLAIN-645,MED-4053,-5.3671875
PLAIN-645,MED-4037,-4.0507812
PLAIN-645,MED-1165,-3.1523438
PLAIN-645,MED-4991,-5.1171875
PLAIN-645,MED-5104,-6.171875
PLAIN-645,MED-5325,-6.328125
PLAIN-660,MED-4991,4.6210938
PLAIN-660,MED-2140,3.09375
PLAIN-660,MED-3138,4.1445312
PLAIN-660,MED-3136,0.06817627
PLAIN-660,MED-2144,0.87158203
PLAIN-660,MED-1880,1.2910156
PLAIN-660,MED-3584,3.0058594
PLAIN-660,MED-2570,-0.49121094
PLAIN-660,MED-4186,-0.9897461
PLAIN-660,MED-3141,3.1542969
PLAIN-660,MED-5079,0.7680664
PLAIN-660,MED-3132,-1.3955078
PLAIN-660,MED-2141,-1.7480469
PLAIN-660,MED-2150,0.39453125
PLAIN-660,MED-4501,-5.4726562
PLAIN-660,MED-891,-5.1054688
PLAIN-660,MED-1991,-2.1601562
PLAIN-660,MED-2010,-0.6230469
PLAIN-660,MED-4075,-5.640625
PLAIN-660,MED-2147,-0.055358887
PLAIN-671,MED-4857,1.7402344
PLAIN-671,MED-996,-3.2363281
PLAIN-671,MED-4184,-5.6640625
PLAIN-671,MED-4186,-3.9101562
PLAIN-671,MED-1774,-2.1953125
PLAIN-671,MED-4935,-4.5390625
PLAIN-671,MED-2652,-4.4296875
PLAIN-671,MED-4934,-2.0957031
PLAIN-671,MED-2496,-1.0849609
PLAIN-671,MED-2662,-5.7617188
PLAIN-671,MED-1299,-5.7929688
PLAIN-671,MED-4975,-1.7548828
PLAIN-671,MED-3810,-1.2675781
PLAIN-671,MED-1165,-1.8515625
PLAIN-671,MED-3955,-4.9335938
PLAIN-671,MED-1142,-2.2265625
PLAIN-671,MED-5122,-0.5131836
PLAIN-671,MED-5105,-3.9003906
PLAIN-671,MED-5104,-4.8242188
PLAIN-671,MED-4187,-2.3496094
PLAIN-681,MED-5017,4.3203125
PLAIN-681,MED-4289,-5.1640625
PLAIN-681,MED-4291,-5.8164062
PLAIN-681,MED-2597,-7.0585938
PLAIN-681,MED-1388,-4.9375
PLAIN-681,MED-3806,-7.875
PLAIN-681,MED-2596,-4.703125
PLAIN-681,MED-4290,-5.3671875
PLAIN-681,MED-3025,-8.609375
PLAIN-681,MED-2382,-4.7929688
PLAIN-681,MED-4706,-5.8789062
PLAIN-681,MED-1381,-6.6289062
PLAIN-681,MED-1623,-8.5234375
PLAIN-681,MED-3138,-6.7539062
PLAIN-681,MED-2380,-6.078125
PLAIN-681,MED-2153,-4.734375
PLAIN-681,MED-1785,-5.2226562
PLAIN-681,MED-3923,-6.5742188
PLAIN-681,MED-2384,-4.40625
PLAIN-681,MED-4501,-5.7109375
PLAIN-691,MED-885,2.7792969
PLAIN-691,MED-4909,0.8457031
PLAIN-691,MED-2265,2.4003906
PLAIN-691,MED-4454,4.2070312
PLAIN-691,MED-2791,2.1816406
PLAIN-691,MED-4658,0.7241211
PLAIN-691,MED-3922,3.2480469
PLAIN-691,MED-5131,-0.93115234
PLAIN-691,MED-2263,2.6445312
PLAIN-691,MED-4320,4.5703125
PLAIN-691,MED-3209,2.2148438
PLAIN-691,MED-2235,3.4472656
PLAIN-691,MED-835,2.3046875
PLAIN-691,MED-928,3.4492188
PLAIN-691,MED-2830,3.4140625
PLAIN-691,MED-2262,0.9511719
PLAIN-691,MED-2185,-1.3935547
PLAIN-691,MED-3986,3.2050781
PLAIN-691,MED-5095,3.1484375
PLAIN-691,MED-3479,2.2421875
PLAIN-701,MED-3720,3.0410156
PLAIN-701,MED-3721,2.2050781
PLAIN-701,MED-2922,0.23730469
PLAIN-701,MED-917,-1.9277344
PLAIN-701,MED-3716,1.6376953
PLAIN-701,MED-2280,0.3659668
PLAIN-701,MED-1671,-4.5078125
PLAIN-701,MED-5070,-4.0664062
PLAIN-701,MED-2663,-7.1679688
PLAIN-701,MED-1676,-1.8457031
PLAIN-701,MED-3719,0.6464844
PLAIN-701,MED-3748,-5.4140625
PLAIN-701,MED-3730,-6.0429688
PLAIN-701,MED-3734,-4.375
PLAIN-701,MED-2665,-4.9257812
PLAIN-701,MED-2670,-6.8945312
PLAIN-701,MED-4408,-3.1367188
PLAIN-701,MED-4859,-7.671875
PLAIN-701,MED-1259,-5.3867188
PLAIN-701,MED-4860,-7.4921875
PLAIN-711,MED-2077,-2.1484375
PLAIN-711,MED-2080,-5.6289062
PLAIN-711,MED-4560,-5.5820312
PLAIN-711,MED-1205,-4.0195312
PLAIN-711,MED-3254,-4.5273438
PLAIN-711,MED-1510,-4.2773438
PLAIN-711,MED-1207,-5.7265625
PLAIN-711,MED-1129,-5.8632812
PLAIN-711,MED-2523,-4.5117188
PLAIN-711,MED-2522,-5.0429688
PLAIN-711,MED-1105,-6.5234375
PLAIN-711,MED-1204,-2.6855469
PLAIN-711,MED-1272,-7.484375
PLAIN-711,MED-2587,-5.015625
PLAIN-711,MED-1691,-4.2695312
PLAIN-711,MED-1192,-3.0664062
PLAIN-711,MED-4099,-4.078125
PLAIN-711,MED-1683,-5.5
PLAIN-711,MED-2083,-0.76660156
PLAIN-711,MED-1701,-2.3652344
PLAIN-721,MED-4876,3.3964844
PLAIN-721,MED-1278,2.9980469
PLAIN-721,MED-1289,4.4179688
PLAIN-721,MED-1267,5.34375
PLAIN-721,MED-1274,5.0664062
PLAIN-721,MED-1287,3.9648438
PLAIN-721,MED-1271,3.671875
PLAIN-721,MED-1284,4.8398438
PLAIN-721,MED-1268,2.9667969
PLAIN-721,MED-1282,1.9677734
PLAIN-721,MED-1266,4.4257812
PLAIN-721,MED-1288,2.4902344
PLAIN-721,MED-1265,3.265625
PLAIN-721,MED-1279,3.3066406
PLAIN-721,MED-1290,1.0869141
PLAIN-721,MED-1272,3.5292969
PLAIN-721,MED-4555,-2.640625
PLAIN-721,MED-1277,3.6132812
PLAIN-721,MED-1198,-2.5410156
PLAIN-721,MED-891,-2.9082031
PLAIN-731,MED-5145,1.3027344
PLAIN-731,MED-1338,-1.4785156
PLAIN-731,MED-5253,0.6088867
PLAIN-731,MED-5243,-1.40625
PLAIN-731,MED-1337,-0.20544434
PLAIN-731,MED-4722,-0.79052734
PLAIN-731,MED-2987,-0.13586426
PLAIN-731,MED-1340,0.024398804
PLAIN-731,MED-5241,-0.9819336
PLAIN-731,MED-1341,-0.40307617
PLAIN-731,MED-4359,-5.0429688
PLAIN-731,MED-2989,-5.3203125
PLAIN-731,MED-4839,-5.2109375
PLAIN-731,MED-3215,-3.1894531
PLAIN-731,MED-3787,-1.0488281
PLAIN-731,MED-3193,-1.0488281
PLAIN-731,MED-4830,-3.7109375
PLAIN-731,MED-2982,-3.1992188
PLAIN-731,MED-3229,-3.8652344
PLAIN-731,MED-1791,-3.7753906
PLAIN-741,MED-4236,2.9433594
PLAIN-741,MED-4232,3.8847656
PLAIN-741,MED-4237,3.4023438
PLAIN-741,MED-4234,0.017852783
PLAIN-741,MED-4890,4.5585938
PLAIN-741,MED-4230,4.3984375
PLAIN-741,MED-4182,-0.37158203
PLAIN-741,MED-999,-0.10845947
PLAIN-741,MED-1002,0.8129883
PLAIN-741,MED-4186,0.028045654
PLAIN-741,MED-996,-0.2290039
PLAIN-741,MED-998,0.4399414
PLAIN-741,MED-4992,-1.1416016
PLAIN-741,MED-3955,-1.9970703
PLAIN-741,MED-891,-2.1757812
PLAIN-741,MED-1165,0.67626953
PLAIN-741,MED-4184,-2.7304688
PLAIN-741,MED-4185,-0.85595703
PLAIN-741,MED-1003,-0.87939453
PLAIN-741,MED-4231,1.9970703
PLAIN-751,MED-3129,0.9873047
PLAIN-751,MED-3130,3.4472656
PLAIN-751,MED-3135,0.31591797
PLAIN-751,MED-4142,-2.578125
PLAIN-751,MED-845,-5.4921875
PLAIN-751,MED-1101,-4.25
PLAIN-751,MED-1797,-4.5429688
PLAIN-751,MED-1442,-4.140625
PLAIN-751,MED-4451,-6.2617188
PLAIN-751,MED-3719,-7.1171875
PLAIN-751,MED-4222,-4.453125
PLAIN-751,MED-2570,-6.5585938
PLAIN-751,MED-3615,-3.9511719
PLAIN-751,MED-1282,-8.0234375
PLAIN-751,MED-2136,-6.2773438
PLAIN-751,MED-4513,-5.6328125
PLAIN-751,MED-2848,-7.3984375
PLAIN-751,MED-1788,-5.6875
PLAIN-751,MED-4876,-7.0585938
PLAIN-751,MED-1289,-7.46875
PLAIN-761,MED-3800,1.3769531
PLAIN-761,MED-3797,0.6508789
PLAIN-761,MED-666,1.0126953
PLAIN-761,MED-3795,-1.2509766
PLAIN-761,MED-14,-1.5058594
PLAIN-761,MED-3139,-3.5507812
PLAIN-761,MED-2138,-2.7167969
PLAIN-761,MED-3766,-2.7089844
PLAIN-761,MED-4226,-4.109375
PLAIN-761,MED-4117,-3.4511719
PLAIN-761,MED-10,-2.2578125
PLAIN-761,MED-3513,-2.6894531
PLAIN-761,MED-4450,-3.15625
PLAIN-761,MED-5116,-3.5097656
PLAIN-761,MED-4162,-3.8417969
PLAIN-761,MED-958,-4.5585938
PLAIN-761,MED-4787,-1.5537109
PLAIN-761,MED-3853,-1.5361328
PLAIN-761,MED-1006,-5.1210938
PLAIN-761,MED-3791,-4.6992188
PLAIN-771,MED-3386,2.9042969
PLAIN-771,MED-3387,3.4726562
PLAIN-771,MED-3385,-0.98828125
PLAIN-771,MED-4962,-6.5898438
PLAIN-771,MED-1039,-7.1015625
PLAIN-771,MED-2229,-8.5390625
PLAIN-771,MED-3657,-8.1796875
PLAIN-771,MED-4819,-7.1679688
PLAIN-771,MED-3704,-5.2382812
PLAIN-771,MED-4431,-6.609375
PLAIN-771,MED-1298,-4.9804688
PLAIN-771,MED-4729,-7.515625
PLAIN-771,MED-851,-8.0625
PLAIN-771,MED-2894,-7.5625
PLAIN-771,MED-2359,-7.140625
PLAIN-771,MED-933,-7.0585938
PLAIN-771,MED-2389,-7.3125
PLAIN-771,MED-1011,-5.8203125
PLAIN-771,MED-4504,-4.7109375
PLAIN-771,MED-1033,-5.6679688
PLAIN-782,MED-1055,2.3222656
PLAIN-782,MED-2722,-9.4453125
PLAIN-782,MED-2184,-8.1796875
PLAIN-782,MED-3379,-9.46875
PLAIN-782,MED-3939,-10.2109375
PLAIN-782,MED-3880,-6.0625
PLAIN-782,MED-3599,-8.2265625
PLAIN-782,MED-853,-10.390625
PLAIN-782,MED-1573,-9.1875
PLAIN-782,MED-1033,-9.8046875
PLAIN-782,MED-2725,-6.6953125
PLAIN-782,MED-2000,-8.3828125
PLAIN-782,MED-2382,-7.9765625
PLAIN-782,MED-3577,-8.328125
PLAIN-782,MED-2350,-7.640625
PLAIN-782,MED-2738,-8.453125
PLAIN-782,MED-3034,-9.0703125
PLAIN-782,MED-3635,-9.8984375
PLAIN-782,MED-2221,-7.578125
PLAIN-782,MED-1170,-9.890625
PLAIN-792,MED-4546,0.24182129
PLAIN-792,MED-4958,0.16931152
PLAIN-792,MED-2239,-7.53125
PLAIN-792,MED-5254,-7.6132812
PLAIN-792,MED-2250,-4.1796875
PLAIN-792,MED-4181,-6.734375
PLAIN-792,MED-4184,-8.1484375
PLAIN-792,MED-4477,-7.109375
PLAIN-792,MED-1101,-7.90625
PLAIN-792,MED-1243,-7.3789062
PLAIN-792,MED-1638,-5.7851562
PLAIN-792,MED-4815,-7.5078125
PLAIN-792,MED-1813,-6.4414062
PLAIN-792,MED-3275,-9.0234375
PLAIN-792,MED-4032,-7.828125
PLAIN-792,MED-4867,-6.8359375
PLAIN-792,MED-4939,-7.2773438
PLAIN-792,MED-1156,-7.1054688
PLAIN-792,MED-4726,-6.2734375
PLAIN-792,MED-3927,-6.6484375
PLAIN-806,MED-2138,4.6289062
PLAIN-806,MED-2519,2.4804688
PLAIN-806,MED-4996,4.8164062
PLAIN-806,MED-2506,3.8476562
PLAIN-806,MED-2513,1.9208984
PLAIN-806,MED-1715,1.1738281
PLAIN-806,MED-2325,-0.29858398
PLAIN-806,MED-1712,2.3183594
PLAIN-806,MED-3273,-0.44921875
PLAIN-806,MED-4347,-0.7475586
PLAIN-806,MED-5310,-3.3242188
PLAIN-806,MED-2498,-2.8691406
PLAIN-806,MED-4880,-3.0
PLAIN-806,MED-3283,-2.0097656
PLAIN-806,MED-1262,-2.9746094
PLAIN-806,MED-1669,-0.7597656
PLAIN-806,MED-3201,3.3144531
PLAIN-806,MED-2502,1.0166016
PLAIN-806,MED-2510,-0.24523926
PLAIN-806,MED-1609,-4.0234375
PLAIN-817,MED-4118,-5.6992188
PLAIN-817,MED-4433,-4.765625
PLAIN-817,MED-3311,-5.234375
PLAIN-817,MED-4156,-6.4726562
PLAIN-817,MED-3729,-5.9492188
PLAIN-817,MED-2605,-6.1171875
PLAIN-817,MED-3318,-8.6875
PLAIN-817,MED-2824,-5.1640625
PLAIN-817,MED-3703,-5.9804688
PLAIN-817,MED-1333,-9.6953125
PLAIN-817,MED-4116,-4.3671875
PLAIN-817,MED-2044,-5.1523438
PLAIN-817,MED-1108,-7.7226562
PLAIN-817,MED-4822,-9.125
PLAIN-817,MED-5353,-4.78125
PLAIN-817,MED-2174,-5.4414062
PLAIN-817,MED-1813,-5.375
PLAIN-817,MED-1599,-5.9179688
PLAIN-817,MED-1721,-5.0976562
PLAIN-817,MED-1718,-6.8867188
PLAIN-827,MED-4451,-2.21875
PLAIN-827,MED-1605,0.16345215
PLAIN-827,MED-2106,-1.1796875
PLAIN-827,MED-4194,-3.3554688
PLAIN-827,MED-4826,-3.2734375
PLAIN-827,MED-3765,-3.421875
PLAIN-827,MED-4475,-0.19262695
PLAIN-827,MED-4391,0.44335938
PLAIN-827,MED-1414,0.28100586
PLAIN-827,MED-3502,-1.1611328
PLAIN-827,MED-4197,-1.5302734
PLAIN-827,MED-2357,0.62060547
PLAIN-827,MED-2157,-5.8242188
PLAIN-827,MED-3242,-3.625
PLAIN-827,MED-5122,0.86572266
PLAIN-827,MED-4037,0.24353027
PLAIN-827,MED-3312,-1.3222656
PLAIN-827,MED-4060,-2.1445312
PLAIN-827,MED-4184,-4.7539062
PLAIN-827,MED-5197,1.2304688
PLAIN-838,MED-3501,4.5078125
PLAIN-838,MED-3495,2.8007812
PLAIN-838,MED-3502,3.4199219
PLAIN-838,MED-3499,4.2265625
PLAIN-838,MED-3500,2.1132812
PLAIN-838,MED-3496,0.3955078
PLAIN-838,MED-5166,-7.1757812
PLAIN-838,MED-4658,-6.578125
PLAIN-838,MED-5071,-6.2148438
PLAIN-838,MED-2065,-7.0351562
PLAIN-838,MED-3748,-8.703125
PLAIN-838,MED-2245,-6.5195312
PLAIN-838,MED-3543,-6.3164062
PLAIN-838,MED-4857,-7.1445312
PLAIN-838,MED-5105,-6.171875
PLAIN-838,MED-4197,-6.9882812
PLAIN-838,MED-2172,-4.8476562
PLAIN-838,MED-2165,-5.8007812
PLAIN-838,MED-3637,-6.921875
PLAIN-838,MED-2460,-5.4179688
PLAIN-850,MED-2064,1.8701172
PLAIN-850,MED-2070,-1.2890625
PLAIN-850,MED-2075,-2.6035156
PLAIN-850,MED-4455,-1.1865234
PLAIN-850,MED-5016,-6.5507812
PLAIN-850,MED-2066,-1.6162109
PLAIN-850,MED-713,-7.0546875
PLAIN-850,MED-5161,-5.984375
PLAIN-850,MED-2816,-7.7734375
PLAIN-850,MED-4004,-4.8242188
PLAIN-850,MED-4811,-6.9101562
PLAIN-850,MED-4805,-5.421875
PLAIN-850,MED-1293,-6.8828125
PLAIN-850,MED-2098,-5.59375
PLAIN-850,MED-4325,-6.4882812
PLAIN-850,MED-4915,-7.0234375
PLAIN-850,MED-2073,-6.1132812
PLAIN-850,MED-1686,-7.3632812
PLAIN-850,MED-2263,-6.890625
PLAIN-850,MED-3637,-7.40625
PLAIN-872,MED-3989,-0.093322754
PLAIN-872,MED-4098,-5.2109375
PLAIN-872,MED-3712,-4.3007812
PLAIN-872,MED-5171,-4.9453125
PLAIN-872,MED-1291,-6.34375
PLAIN-872,MED-3986,-5.328125
PLAIN-872,MED-1292,-6.4882812
PLAIN-872,MED-3991,-3.5292969
PLAIN-872,MED-1160,-8.1953125
PLAIN-872,MED-4916,-4.7539062
PLAIN-872,MED-1592,-6.8046875
PLAIN-872,MED-2049,-6.5429688
PLAIN-872,MED-2073,-7.2148438
PLAIN-872,MED-3707,-4.6953125
PLAIN-872,MED-3475,-7.2421875
PLAIN-872,MED-2272,-7.8632812
PLAIN-872,MED-1442,-8.796875
PLAIN-872,MED-3985,-7.1679688
PLAIN-872,MED-3526,-7.1601562
PLAIN-872,MED-5160,-7.5742188
PLAIN-882,MED-3622,-0.42919922
PLAIN-882,MED-3636,-1.1171875
PLAIN-882,MED-3635,-3.2578125
PLAIN-882,MED-3630,-4.7070312
PLAIN-882,MED-3632,0.31933594
PLAIN-882,MED-1848,-5.4335938
PLAIN-882,MED-3631,-7.9726562
PLAIN-882,MED-1774,-6.59375
PLAIN-882,MED-4876,-8.25
PLAIN-882,MED-4195,-6.8125
PLAIN-882,MED-3023,-4.890625
PLAIN-882,MED-4433,-6.2070312
PLAIN-882,MED-3609,-6.7460938
PLAIN-882,MED-3139,-9.4453125
PLAIN-882,MED-2748,-7.2460938
PLAIN-882,MED-3378,-6.8203125
PLAIN-882,MED-3025,-2.8808594
PLAIN-882,MED-3667,-9.140625
PLAIN-882,MED-3634,-6.1796875
PLAIN-882,MED-1267,-7.3085938
PLAIN-892,MED-2009,3.1875
PLAIN-892,MED-3583,0.12561035
PLAIN-892,MED-2145,-0.07476807
PLAIN-892,MED-3132,-1.2460938
PLAIN-892,MED-2010,-1.6757812
PLAIN-892,MED-2900,-5.7070312
PLAIN-892,MED-2148,0.7680664
PLAIN-892,MED-5079,-5.1015625
PLAIN-892,MED-2991,-6.4414062
PLAIN-892,MED-4347,0.20983887
PLAIN-892,MED-3535,-6.546875
PLAIN-892,MED-2816,-8.671875
PLAIN-892,MED-1284,-9.5234375
PLAIN-892,MED-4972,-7.1523438
PLAIN-892,MED-1533,-7.1484375
PLAIN-892,MED-3370,-8.1328125
PLAIN-892,MED-759,-5.4296875
PLAIN-892,MED-4384,-4.8359375
PLAIN-892,MED-1538,-7.1757812
PLAIN-892,MED-3558,-7.8359375
PLAIN-902,MED-4195,2.6171875
PLAIN-902,MED-4197,-0.18933105
PLAIN-902,MED-3637,-6.1953125
PLAIN-902,MED-930,-5.78125
PLAIN-902,MED-2544,-5.9648438
PLAIN-902,MED-5024,-5.1210938
PLAIN-902,MED-2048,-2.84375
PLAIN-902,MED-4462,-5.5507812
PLAIN-902,MED-2089,-4.7695312
PLAIN-902,MED-5070,-6.1289062
PLAIN-902,MED-903,-6.8945312
PLAIN-902,MED-4523,-4.5351562
PLAIN-902,MED-2073,-6.5351562
PLAIN-902,MED-2064,-5.15625
PLAIN-902,MED-1160,-3.9433594
PLAIN-902,MED-928,-5.3671875
PLAIN-902,MED-2816,-6.4882812
PLAIN-902,MED-2578,-8.1328125
PLAIN-902,MED-2644,-6.7929688
PLAIN-902,MED-4964,-5.5390625
PLAIN-913,MED-4417,2.4707031
PLAIN-913,MED-4415,1.5234375
PLAIN-913,MED-3812,2.1542969
PLAIN-913,MED-3811,2.6386719
PLAIN-913,MED-4416,2.6386719
PLAIN-913,MED-3813,3.9511719
PLAIN-913,MED-894,2.4472656
PLAIN-913,MED-5000,2.3808594
PLAIN-913,MED-4418,-3.0214844
PLAIN-913,MED-3810,0.026672363
PLAIN-913,MED-1442,0.21606445
PLAIN-913,MED-2780,-0.9741211
PLAIN-913,MED-5042,-9.3359375
PLAIN-913,MED-5086,-5.8203125
PLAIN-913,MED-2831,-6.265625
PLAIN-913,MED-5079,-5.6875
PLAIN-913,MED-2809,-5.796875
PLAIN-913,MED-2810,-7.2226562
PLAIN-913,MED-957,-7.7734375
PLAIN-913,MED-1244,-5.6328125
PLAIN-924,MED-3044,3.8164062
PLAIN-924,MED-2219,-3.0527344
PLAIN-924,MED-3144,-4.0898438
PLAIN-924,MED-3585,-3.4765625
PLAIN-924,MED-3932,-4.78125
PLAIN-924,MED-4439,-2.4453125
PLAIN-924,MED-5247,-2.9550781
PLAIN-924,MED-1631,-5.1054688
PLAIN-924,MED-1622,-4.1875
PLAIN-924,MED-3927,-2.9335938
PLAIN-924,MED-5254,-3.6425781
PLAIN-924,MED-2225,-4.1484375
PLAIN-924,MED-1638,-0.6816406
PLAIN-924,MED-5242,-3.828125
PLAIN-924,MED-5041,-6.8085938
PLAIN-924,MED-5040,-4.90625
PLAIN-924,MED-3055,-5.625
PLAIN-924,MED-5146,-4.1953125
PLAIN-924,MED-873,-5.46875
PLAIN-924,MED-2250,-5.2070312
PLAIN-934,MED-2155,2.3378906
PLAIN-934,MED-5244,2.3378906
PLAIN-934,MED-1622,1.5761719
PLAIN-934,MED-1621,2.3886719
PLAIN-934,MED-1628,0.06768799
PLAIN-934,MED-5259,1.7451172
PLAIN-934,MED-1640,2.8535156
PLAIN-934,MED-5250,1.9306641
PLAIN-934,MED-1636,0.11785889
PLAIN-934,MED-5249,2.1230469
PLAIN-934,MED-5258,2.1015625
PLAIN-934,MED-5251,-1.6513672
PLAIN-934,MED-5245,4.265625
PLAIN-934,MED-1648,2.3730469
PLAIN-934,MED-1641,1.9433594
PLAIN-934,MED-878,1.5253906
PLAIN-934,MED-5243,1.5810547
PLAIN-934,MED-1642,2.3652344
PLAIN-934,MED-2159,2.2734375
PLAIN-934,MED-1631,2.7304688
PLAIN-946,MED-3469,-7.2851562
PLAIN-946,MED-926,-2.9394531
PLAIN-946,MED-986,-3.0175781
PLAIN-946,MED-5130,-4.078125
PLAIN-946,MED-990,-3.3613281
PLAIN-946,MED-3546,-2.203125
PLAIN-946,MED-987,-5.2890625
PLAIN-946,MED-3179,-4.7109375
PLAIN-946,MED-3893,-5.1601562
PLAIN-946,MED-991,-4.9179688
PLAIN-946,MED-2053,-6.2890625
PLAIN-946,MED-5128,-5.296875
PLAIN-946,MED-854,-3.1894531
PLAIN-946,MED-5367,-7.1523438
PLAIN-946,MED-5211,-7.4375
PLAIN-946,MED-3176,-4.5898438
PLAIN-946,MED-4513,-4.6328125
PLAIN-946,MED-4713,-6.3125
PLAIN-946,MED-5148,-6.2734375
PLAIN-946,MED-1289,-4.578125
PLAIN-956,MED-5076,3.5175781
PLAIN-956,MED-2209,1.4277344
PLAIN-956,MED-5191,2.5820312
PLAIN-956,MED-4482,2.4179688
PLAIN-956,MED-884,2.7636719
PLAIN-956,MED-2418,0.20385742
PLAIN-956,MED-5074,-1.25
PLAIN-956,MED-1165,3.5507812
PLAIN-956,MED-2182,-0.043182373
PLAIN-956,MED-4972,-0.45654297
PLAIN-956,MED-1441,-2.4433594
PLAIN-956,MED-2183,-0.5439453
PLAIN-956,MED-2184,-1.0498047
PLAIN-956,MED-2179,-1.9296875
PLAIN-956,MED-4451,-4.15625
PLAIN-956,MED-5111,-3.1054688
PLAIN-956,MED-4053,1.5664062
PLAIN-956,MED-2098,-0.42285156
PLAIN-956,MED-5197,0.2770996
PLAIN-956,MED-2742,-2.3222656
PLAIN-966,MED-3671,1.3486328
PLAIN-966,MED-2324,-4.4648438
PLAIN-966,MED-923,-2.4277344
PLAIN-966,MED-4308,-3.4199219
PLAIN-966,MED-1198,-4.9023438
PLAIN-966,MED-4981,-2.2441406
PLAIN-966,MED-1195,-2.1738281
PLAIN-966,MED-2460,-2.8164062
PLAIN-966,MED-5276,-3.2734375
PLAIN-966,MED-2472,-4.8984375
PLAIN-966,MED-4335,-6.9023438
PLAIN-966,MED-918,-5.7929688
PLAIN-966,MED-3516,-4.9296875
PLAIN-966,MED-3802,-5.2695312
PLAIN-966,MED-3919,-0.29101562
PLAIN-966,MED-4560,-4.1484375
PLAIN-966,MED-5178,-2.3574219
PLAIN-966,MED-4007,-5.2304688
PLAIN-966,MED-4336,-4.2617188
PLAIN-966,MED-3965,-1.6806641
PLAIN-977,MED-4402,-3.84375
PLAIN-977,MED-974,-5.890625
PLAIN-977,MED-2598,-5.96875
PLAIN-977,MED-4814,-5.9570312
PLAIN-977,MED-3311,-5.6367188
PLAIN-977,MED-2588,-6.7734375
PLAIN-977,MED-2913,-5.5429688
PLAIN-977,MED-2421,-8.7421875
PLAIN-977,MED-3440,-5.7734375
PLAIN-977,MED-729,-7.3203125
PLAIN-977,MED-4983,-6.09375
PLAIN-977,MED-732,-7.7695312
PLAIN-977,MED-4962,-5.5585938
PLAIN-977,MED-4492,-6.7109375
PLAIN-977,MED-3025,-6.9023438
PLAIN-977,MED-1990,-3.3164062
PLAIN-977,MED-1215,-5.6875
PLAIN-977,MED-4431,-4.0429688
PLAIN-977,MED-2923,-6.5742188
PLAIN-977,MED-4797,-6.859375
PLAIN-987,MED-2810,0.21704102
PLAIN-987,MED-2811,-1.9111328
PLAIN-987,MED-2817,-0.64941406
PLAIN-987,MED-2818,-1.5683594
PLAIN-987,MED-2608,-1.4375
PLAIN-987,MED-2813,-2.2792969
PLAIN-987,MED-2782,-0.4855957
PLAIN-987,MED-2245,-2.5117188
PLAIN-987,MED-1942,-2.765625
PLAIN-987,MED-2791,-2.0664062
PLAIN-987,MED-2809,-1.1289062
PLAIN-987,MED-2786,-3.8964844
PLAIN-987,MED-2815,-0.079589844
PLAIN-987,MED-2819,-1.4873047
PLAIN-987,MED-2823,-2.5839844
PLAIN-987,MED-2605,-0.30615234
PLAIN-987,MED-2800,-2.2558594
PLAIN-987,MED-2801,-1.7060547
PLAIN-987,MED-4998,-3.2578125
PLAIN-987,MED-2814,-0.8876953
PLAIN-997,MED-4913,-1.5419922
PLAIN-997,MED-1114,0.9506836
PLAIN-997,MED-4195,-8.1328125
PLAIN-997,MED-1219,-7.8007812
PLAIN-997,MED-3622,-7.7304688
PLAIN-997,MED-3876,-7.0625
PLAIN-997,MED-2582,-5.75
PLAIN-997,MED-5094,-8.125
PLAIN-997,MED-1634,-6.09375
PLAIN-997,MED-2211,-10.5
PLAIN-997,MED-5369,-2.8691406
PLAIN-997,MED-2045,-8.9453125
PLAIN-997,MED-3139,-8.1171875
PLAIN-997,MED-2426,-3.6386719
PLAIN-997,MED-5268,-8.2265625
PLAIN-997,MED-987,-8.4765625
PLAIN-997,MED-1675,-6.3203125
PLAIN-997,MED-907,-5.765625
PLAIN-997,MED-3314,-5.4140625
PLAIN-997,MED-4672,-7.546875
PLAIN-1008,MED-2217,-2.0839844
PLAIN-1008,MED-4668,-3.765625
PLAIN-1008,MED-1498,-5.421875
PLAIN-1008,MED-2215,-2.7890625
PLAIN-1008,MED-5210,-3.7207031
PLAIN-1008,MED-4161,-3.6875
PLAIN-1008,MED-991,-1.5986328
PLAIN-1008,MED-2214,-1.3085938
PLAIN-1008,MED-2213,0.15820312
PLAIN-1008,MED-1019,-5.3710938
PLAIN-1008,MED-2889,-4.0703125
PLAIN-1008,MED-4580,-2.5566406
PLAIN-1008,MED-1153,-3.1992188
PLAIN-1008,MED-3176,-1.2880859
PLAIN-1008,MED-5209,-7.0625
PLAIN-1008,MED-3179,-2.5
PLAIN-1008,MED-3773,-3.8632812
PLAIN-1008,MED-1021,-5.0507812
PLAIN-1008,MED-4377,-5.609375
PLAIN-1008,MED-959,-1.3125
PLAIN-1018,MED-838,5.6757812
PLAIN-1018,MED-5095,4.9882812
PLAIN-1018,MED-5364,3.609375
PLAIN-1018,MED-839,1.6552734
PLAIN-1018,MED-5091,4.9804688
PLAIN-1018,MED-5361,3.484375
PLAIN-1018,MED-5092,5.1054688
PLAIN-1018,MED-1832,4.3632812
PLAIN-1018,MED-928,2.8457031
PLAIN-1018,MED-3012,1.2480469
PLAIN-1018,MED-2411,1.4414062
PLAIN-1018,MED-4736,1.4599609
PLAIN-1018,MED-5093,5.1640625
PLAIN-1018,MED-4936,2.5195312
PLAIN-1018,MED-5342,1.6552734
PLAIN-1018,MED-4633,1.6552734
PLAIN-1018,MED-3545,2.5996094
PLAIN-1018,MED-961,-1.7705078
PLAIN-1018,MED-4055,-1.6552734
PLAIN-1018,MED-1098,-3.328125
PLAIN-1028,MED-5327,0.52685547
PLAIN-1028,MED-1966,-5.515625
PLAIN-1028,MED-4178,0.29858398
PLAIN-1028,MED-1377,0.25024414
PLAIN-1028,MED-4353,-4.9648438
PLAIN-1028,MED-754,-4.4492188
PLAIN-1028,MED-1196,-4.2695312
PLAIN-1028,MED-1884,-3.7988281
PLAIN-1028,MED-3931,-2.7792969
PLAIN-1028,MED-835,-5.5039062
PLAIN-1028,MED-5363,-0.111816406
PLAIN-1028,MED-2528,-4.8398438
PLAIN-1028,MED-4163,0.97998047
PLAIN-1028,MED-3137,-3.9160156
PLAIN-1028,MED-1885,-4.921875
PLAIN-1028,MED-2765,-4.5234375
PLAIN-1028,MED-4313,-1.4208984
PLAIN-1028,MED-2220,-5.1445312
PLAIN-1028,MED-4019,-4.296875
PLAIN-1028,MED-1890,-4.28125
PLAIN-1039,MED-4380,6.1992188
PLAIN-1039,MED-4381,2.6699219
PLAIN-1039,MED-4006,-3.3457031
PLAIN-1039,MED-845,-4.9960938
PLAIN-1039,MED-861,-5.6679688
PLAIN-1039,MED-4995,-5.0859375
PLAIN-1039,MED-5095,-3.8496094
PLAIN-1039,MED-2544,-5.4921875
PLAIN-1039,MED-838,-1.9033203
PLAIN-1039,MED-1832,-3.9980469
PLAIN-1039,MED-1841,-7.0117188
PLAIN-1039,MED-1289,-7.3789062
PLAIN-1039,MED-4634,-6.4179688
PLAIN-1039,MED-4060,-6.5820312
PLAIN-1039,MED-2705,-6.3554688
PLAIN-1039,MED-2103,-3.4746094
PLAIN-1039,MED-4547,-5.8984375
PLAIN-1039,MED-2105,-8.75
PLAIN-1039,MED-4604,-6.7929688
PLAIN-1039,MED-5091,-3.9042969
PLAIN-1050,MED-1245,-6.4140625
PLAIN-1050,MED-2831,-7.4648438
PLAIN-1050,MED-851,-7.6796875
PLAIN-1050,MED-5006,-6.796875
PLAIN-1050,MED-4437,-6.6289062
PLAIN-1050,MED-2116,-8.4609375
PLAIN-1050,MED-2580,-6.8515625
PLAIN-1050,MED-3619,-8.8828125
PLAIN-1050,MED-2797,-5.6367188
PLAIN-1050,MED-2397,-4.9296875
PLAIN-1050,MED-4481,-5.9804688
PLAIN-1050,MED-1582,-5.8867188
PLAIN-1050,MED-4288,-6.765625
PLAIN-1050,MED-3278,-8.671875
PLAIN-1050,MED-2000,-6.1953125
PLAIN-1050,MED-2990,-7.1484375
PLAIN-1050,MED-3933,-9.1015625
PLAIN-1050,MED-1498,-6.765625
PLAIN-1050,MED-1579,-7.8203125
PLAIN-1050,MED-1153,-6.5351562
PLAIN-1066,MED-3459,-6.0820312
PLAIN-1066,MED-2379,-6.6914062
PLAIN-1066,MED-1247,-4.9492188
PLAIN-1066,MED-2032,-6.1132812
PLAIN-1066,MED-1386,-6.8085938
PLAIN-1066,MED-2036,-6.625
PLAIN-1066,MED-3479,-4.96875
PLAIN-1066,MED-1785,-6.7578125
PLAIN-1066,MED-1240,-5.9453125
PLAIN-1066,MED-3974,-5.921875
PLAIN-1066,MED-4433,-5.078125
PLAIN-1066,MED-3964,-6.7265625
PLAIN-1066,MED-5135,-6.3046875
PLAIN-1066,MED-873,-6.8867188
PLAIN-1066,MED-2580,-6.1757812
PLAIN-1066,MED-1312,-8.3828125
PLAIN-1066,MED-2033,-5.1601562
PLAIN-1066,MED-4708,-6.2148438
PLAIN-1066,MED-762,-8.3203125
PLAIN-1066,MED-3747,-6.25
PLAIN-1088,MED-2110,3.734375
PLAIN-1088,MED-2109,3.9375
PLAIN-1088,MED-3882,-4.1328125
PLAIN-1088,MED-1315,0.8300781
PLAIN-1088,MED-3732,-1.5371094
PLAIN-1088,MED-1314,-2.2675781
PLAIN-1088,MED-2174,-4.0351562
PLAIN-1088,MED-2171,-3.5058594
PLAIN-1088,MED-1311,-0.7841797
PLAIN-1088,MED-4899,0.60253906
PLAIN-1088,MED-2256,-5.0039062
PLAIN-1088,MED-1753,-7.8085938
PLAIN-1088,MED-1313,1.0556641
PLAIN-1088,MED-2166,-4.890625
PLAIN-1088,MED-3889,-4.015625
PLAIN-1088,MED-2164,-4.5351562
PLAIN-1088,MED-5171,0.45654297
PLAIN-1088,MED-2167,-2.4082031
PLAIN-1088,MED-1580,-0.20385742
PLAIN-1088,MED-4809,-2.6523438
PLAIN-1098,MED-2372,-2.6992188
PLAIN-1098,MED-2371,-2.8222656
PLAIN-1098,MED-4741,-4.7109375
PLAIN-1098,MED-2374,-5.1445312
PLAIN-1098,MED-4302,-5.9179688
PLAIN-1098,MED-1884,-2.6367188
PLAIN-1098,MED-5124,-4.3007812
PLAIN-1098,MED-1889,-2.6816406
PLAIN-1098,MED-5199,-5.5039062
PLAIN-1098,MED-2976,-4.1132812
PLAIN-1098,MED-4676,-2.921875
PLAIN-1098,MED-2973,-3.9804688
PLAIN-1098,MED-2991,-6.6523438
PLAIN-1098,MED-2475,-3.0839844
PLAIN-1098,MED-4324,-4.4453125
PLAIN-1098,MED-5319,-4.2382812
PLAIN-1098,MED-2977,-5.2539062
PLAIN-1098,MED-4892,-5.2539062
PLAIN-1098,MED-4626,-6.0664062
PLAIN-1098,MED-4278,-3.0195312
PLAIN-1109,MED-2643,4.8320312
PLAIN-1109,MED-2650,5.828125
PLAIN-1109,MED-2627,0.011108398
PLAIN-1109,MED-5323,3.5546875
PLAIN-1109,MED-4728,1.3769531
PLAIN-1109,MED-2654,2.7832031
PLAIN-1109,MED-2087,1.7158203
PLAIN-1109,MED-2658,1.9980469
PLAIN-1109,MED-3955,1.2900391
PLAIN-1109,MED-1099,-0.30200195
PLAIN-1109,MED-1594,0.13342285
PLAIN-1109,MED-1737,0.11981201
PLAIN-1109,MED-5167,2.3476562
PLAIN-1109,MED-1352,-4.9609375
PLAIN-1109,MED-3852,-3.6875
PLAIN-1109,MED-2267,-3.9003906
PLAIN-1109,MED-1739,1.2275391
PLAIN-1109,MED-965,-6.21875
PLAIN-1109,MED-2677,-6.1992188
PLAIN-1109,MED-1003,1.5664062
PLAIN-1119,MED-877,2.5117188
PLAIN-1119,MED-2271,-5.3828125
PLAIN-1119,MED-1627,-3.7011719
PLAIN-1119,MED-4587,-4.359375
PLAIN-1119,MED-1646,-4.5117188
PLAIN-1119,MED-3201,-0.61279297
PLAIN-1119,MED-1710,-2.9960938
PLAIN-1119,MED-1538,-1.2890625
PLAIN-1119,MED-3371,-6.4296875
PLAIN-1119,MED-2721,-5.0898438
PLAIN-1119,MED-2265,-4.7304688
PLAIN-1119,MED-4504,-5.875
PLAIN-1119,MED-2115,-3.1015625
PLAIN-1119,MED-4331,-2.9179688
PLAIN-1119,MED-1845,-7.6015625
PLAIN-1119,MED-3776,-5.8164062
PLAIN-1119,MED-4250,-5.7382812
PLAIN-1119,MED-4318,-0.96777344
PLAIN-1119,MED-3894,-4.1367188
PLAIN-1119,MED-3208,-3.7167969
PLAIN-1130,MED-4165,5.0273438
PLAIN-1130,MED-2619,-5.2226562
PLAIN-1130,MED-3991,-5.4570312
PLAIN-1130,MED-4329,-6.7460938
PLAIN-1130,MED-4728,-6.4648438
PLAIN-1130,MED-3920,-6.3164062
PLAIN-1130,MED-3661,-5.09375
PLAIN-1130,MED-3281,-6.5898438
PLAIN-1130,MED-5050,-7.125
PLAIN-1130,MED-1313,-5.5625
PLAIN-1130,MED-3658,-6.2695312
PLAIN-1130,MED-3840,-6.6210938
PLAIN-1130,MED-3663,-6.484375
PLAIN-1130,MED-3277,-5.5117188
PLAIN-1130,MED-4124,-6.4609375
PLAIN-1130,MED-4138,-7.7226562
PLAIN-1130,MED-4546,-6.5625
PLAIN-1130,MED-3280,-5.9453125
PLAIN-1130,MED-1314,-5.8945312
PLAIN-1130,MED-4977,-5.5820312
PLAIN-1141,MED-2112,2.4101562
PLAIN-1141,MED-1343,2.5546875
PLAIN-1141,MED-3113,-5.7734375
PLAIN-1141,MED-2347,-1.8408203
PLAIN-1141,MED-4840,-2.7695312
PLAIN-1141,MED-4613,-6.2851562
PLAIN-1141,MED-4255,-6.2851562
PLAIN-1141,MED-1504,-3.8105469
PLAIN-1141,MED-1704,1.1152344
PLAIN-1141,MED-762,-7.0976562
PLAIN-1141,MED-1498,-4.7578125
PLAIN-1141,MED-2428,-0.60253906
PLAIN-1141,MED-2296,-7.7578125
PLAIN-1141,MED-1655,-5.6640625
PLAIN-1141,MED-3001,-5.3671875
PLAIN-1141,MED-3626,-2.0234375
PLAIN-1141,MED-2082,-5.8710938
PLAIN-1141,MED-3953,-1.0185547
PLAIN-1141,MED-1051,-4.1015625
PLAIN-1141,MED-1053,-4.0195312
PLAIN-1151,MED-3306,-5.546875
PLAIN-1151,MED-4140,-7.5820312
PLAIN-1151,MED-4932,-6.1875
PLAIN-1151,MED-1144,-1.8632812
PLAIN-1151,MED-1182,-6.1796875
PLAIN-1151,MED-2742,-4.5273438
PLAIN-1151,MED-1179,-3.9980469
PLAIN-1151,MED-1978,-5.109375
PLAIN-1151,MED-1147,-6.1953125
PLAIN-1151,MED-2489,-10.046875
PLAIN-1151,MED-5126,-8.3515625
PLAIN-1151,MED-3087,-5.5898438
PLAIN-1151,MED-2221,-5.8945312
PLAIN-1151,MED-4602,-7.15625
PLAIN-1151,MED-4969,-7.8945312
PLAIN-1151,MED-3307,-5.5117188
PLAIN-1151,MED-4255,-9.2421875
PLAIN-1151,MED-4613,-9.2421875
PLAIN-1151,MED-4944,-7.4023438
PLAIN-1151,MED-5076,-6.4414062
PLAIN-1161,MED-2570,2.2128906
PLAIN-1161,MED-3138,-3.5703125
PLAIN-1161,MED-3136,-5.0898438
PLAIN-1161,MED-1131,-8.84375
PLAIN-1161,MED-4991,-4.625
PLAIN-1161,MED-1880,-4.7070312
PLAIN-1161,MED-2144,-3.2578125
PLAIN-1161,MED-2140,-5.3125
PLAIN-1161,MED-3599,-8.8125
PLAIN-1161,MED-1412,-9.6171875
PLAIN-1161,MED-4588,-7.5
PLAIN-1161,MED-3168,-5.734375
PLAIN-1161,MED-4511,-8.09375
PLAIN-1161,MED-897,-7.8164062
PLAIN-1161,MED-1846,-8.296875
PLAIN-1161,MED-4032,-7.8867188
PLAIN-1161,MED-2150,-6.7773438
PLAIN-1161,MED-4810,-9.8828125
PLAIN-1161,MED-2147,-1.6435547
PLAIN-1161,MED-4518,-8.0234375
PLAIN-1172,MED-4150,0.34423828
PLAIN-1172,MED-4585,-6.7695312
PLAIN-1172,MED-3475,-5.7695312
PLAIN-1172,MED-3712,-7.0546875
PLAIN-1172,MED-4705,-6.7539062
PLAIN-1172,MED-5351,-7.46875
PLAIN-1172,MED-744,-5.984375
PLAIN-1172,MED-3850,-6.5
PLAIN-1172,MED-5273,-4.3359375
PLAIN-1172,MED-5002,-6.4609375
PLAIN-1172,MED-4863,-5.03125
PLAIN-1172,MED-2438,-7.4296875
PLAIN-1172,MED-4047,-5.6992188
PLAIN-1172,MED-4448,-6.8007812
PLAIN-1172,MED-3952,-6.546875
PLAIN-1172,MED-2336,-6.1953125
PLAIN-1172,MED-3852,-5.9960938
PLAIN-1172,MED-691,-6.4765625
PLAIN-1172,MED-3476,-5.96875
PLAIN-1172,MED-4188,-7.03125
PLAIN-1183,MED-1276,-0.7089844
PLAIN-1183,MED-10,2.5878906
PLAIN-1183,MED-5369,2.8105469
PLAIN-1183,MED-4070,1.296875
PLAIN-1183,MED-4727,-1.3837891
PLAIN-1183,MED-5351,2.0
PLAIN-1183,MED-5331,2.2929688
PLAIN-1183,MED-1660,2.0742188
PLAIN-1183,MED-2582,0.46191406
PLAIN-1183,MED-5358,0.9375
PLAIN-1183,MED-1201,0.93115234
PLAIN-1183,MED-3981,3.46875
PLAIN-1183,MED-3976,0.9785156
PLAIN-1183,MED-2479,-1.875
PLAIN-1183,MED-3980,2.2363281
PLAIN-1183,MED-1376,-6.4648438
PLAIN-1183,MED-5353,-3.4160156
PLAIN-1183,MED-3844,-1.5585938
PLAIN-1183,MED-3182,-8.4140625
PLAIN-1183,MED-3034,-7.6015625
PLAIN-1193,MED-3868,0.9135742
PLAIN-1193,MED-4443,-0.7270508
PLAIN-1193,MED-2378,1.8173828
PLAIN-1193,MED-1825,0.6977539
PLAIN-1193,MED-5179,2.1601562
PLAIN-1193,MED-3864,3.53125
PLAIN-1193,MED-3796,-2.2714844
PLAIN-1193,MED-3867,-0.44213867
PLAIN-1193,MED-4885,-0.9692383
PLAIN-1193,MED-3874,-0.9692383
PLAIN-1193,MED-3869,-2.9101562
PLAIN-1193,MED-886,1.703125
PLAIN-1193,MED-4303,-4.4570312
PLAIN-1193,MED-1493,-1.6640625
PLAIN-1193,MED-1826,-1.1865234
PLAIN-1193,MED-1494,-0.5761719
PLAIN-1193,MED-4233,-2.03125
PLAIN-1193,MED-3836,-0.7446289
PLAIN-1193,MED-1491,-4.9492188
PLAIN-1193,MED-3877,-0.83447266
PLAIN-1203,MED-1203,2.7675781
PLAIN-1203,MED-4771,3.5722656
PLAIN-1203,MED-2544,-2.90625
PLAIN-1203,MED-2578,-5.375
PLAIN-1203,MED-993,-3.0742188
PLAIN-1203,MED-2693,-4.1914062
PLAIN-1203,MED-3867,-5.671875
PLAIN-1203,MED-4523,-3.1894531
PLAIN-1203,MED-3485,-2.9257812
PLAIN-1203,MED-4393,-2.9257812
PLAIN-1203,MED-986,2.1582031
PLAIN-1203,MED-5179,-3.6230469
PLAIN-1203,MED-1198,-1.8730469
PLAIN-1203,MED-4625,-5.8515625
PLAIN-1203,MED-2988,-2.3945312
PLAIN-1203,MED-2529,-3.5996094
PLAIN-1203,MED-4634,-5.1484375
PLAIN-1203,MED-886,-2.3964844
PLAIN-1203,MED-5076,-4.8671875
PLAIN-1203,MED-4683,-1.8857422
PLAIN-1214,MED-1471,-0.49145508
PLAIN-1214,MED-1288,-8.453125
PLAIN-1214,MED-1825,-7.0351562
PLAIN-1214,MED-4885,-6.4804688
PLAIN-1214,MED-3874,-6.4804688
PLAIN-1214,MED-3840,-3.5195312
PLAIN-1214,MED-4233,-7.5
PLAIN-1214,MED-3836,-5.953125
PLAIN-1214,MED-1285,-8.046875
PLAIN-1214,MED-4461,-0.43066406
PLAIN-1214,MED-2284,-6.9375
PLAIN-1214,MED-4742,-6.0195312
PLAIN-1214,MED-2210,-1.5166016
PLAIN-1214,MED-2152,-7.59375
PLAIN-1214,MED-3168,-6.609375
PLAIN-1214,MED-2378,-5.90625
PLAIN-1214,MED-1289,-6.1953125
PLAIN-1214,MED-1472,-3.3359375
PLAIN-1214,MED-2287,-7.0664062
PLAIN-1214,MED-3866,-5.5390625
PLAIN-1225,MED-1674,3.1660156
PLAIN-1225,MED-717,3.96875
PLAIN-1225,MED-1675,3.4140625
PLAIN-1225,MED-1261,2.9707031
PLAIN-1225,MED-1669,3.5117188
PLAIN-1225,MED-918,2.4316406
PLAIN-1225,MED-2969,4.3203125
PLAIN-1225,MED-3059,3.7988281
PLAIN-1225,MED-5057,-0.29638672
PLAIN-1225,MED-1710,1.7207031
PLAIN-1225,MED-1672,1.9257812
PLAIN-1225,MED-1791,-1.5556641
PLAIN-1225,MED-3734,0.9458008
PLAIN-1225,MED-4176,-6.203125
PLAIN-1225,MED-4585,-6.7617188
PLAIN-1225,MED-4174,-6.140625
PLAIN-1225,MED-3687,-4.8945312
PLAIN-1225,MED-2453,-6.8320312
PLAIN-1225,MED-2985,-6.4765625
PLAIN-1225,MED-3476,1.7685547
PLAIN-1236,MED-1341,2.390625
PLAIN-1236,MED-2369,-0.43139648
PLAIN-1236,MED-2348,0.84765625
PLAIN-1236,MED-2355,-2.5195312
PLAIN-1236,MED-720,-3.3847656
PLAIN-1236,MED-5189,-2.5546875
PLAIN-1236,MED-2352,-2.3515625
PLAIN-1236,MED-5228,-7.8476562
PLAIN-1236,MED-2888,-7.546875
PLAIN-1236,MED-988,-6.7382812
PLAIN-1236,MED-717,-4.59375
PLAIN-1236,MED-1455,-6.3945312
PLAIN-1236,MED-2356,-2.71875
PLAIN-1236,MED-4920,-5.859375
PLAIN-1236,MED-1068,-7.1210938
PLAIN-1236,MED-5267,-6.15625
PLAIN-1236,MED-1060,-7.3203125
PLAIN-1236,MED-4239,-7.7109375
PLAIN-1236,MED-1438,-5.3164062
PLAIN-1236,MED-5270,-6.5898438
PLAIN-1249,MED-1749,-2.6328125
PLAIN-1249,MED-1744,-6.3125
PLAIN-1249,MED-913,-1.7529297
PLAIN-1249,MED-4888,-4.9765625
PLAIN-1249,MED-3609,-5.9453125
PLAIN-1249,MED-5055,-4.78125
PLAIN-1249,MED-4607,-3.3222656
PLAIN-1249,MED-4747,-6.3359375
PLAIN-1249,MED-3130,-3.6601562
PLAIN-1249,MED-2089,-5.828125
PLAIN-1249,MED-2328,-6.9375
PLAIN-1249,MED-1750,-6.96875
PLAIN-1249,MED-1418,-5.6445312
PLAIN-1249,MED-1587,-6.28125
PLAIN-1249,MED-5062,-6.4609375
PLAIN-1249,MED-1101,-5.4804688
PLAIN-1249,MED-2812,-4.4257812
PLAIN-1249,MED-2086,-7.7578125
PLAIN-1249,MED-5063,-10.796875
PLAIN-1249,MED-845,-4.953125
PLAIN-1262,MED-2082,3.9394531
PLAIN-1262,MED-5293,4.8828125
PLAIN-1262,MED-5303,4.6484375
PLAIN-1262,MED-983,2.8320312
PLAIN-1262,MED-2723,-0.5307617
PLAIN-1262,MED-2214,-2.6523438
PLAIN-1262,MED-2740,-2.1113281
PLAIN-1262,MED-1054,0.13537598
PLAIN-1262,MED-2853,-5.734375
PLAIN-1262,MED-1328,-4.2851562
PLAIN-1262,MED-1004,-3.0625
PLAIN-1262,MED-4096,-1.7900391
PLAIN-1262,MED-1986,-5.1328125
PLAIN-1262,MED-2000,-2.25
PLAIN-1262,MED-1353,-5.234375
PLAIN-1262,MED-5006,-4.8671875
PLAIN-1262,MED-1334,-8.453125
PLAIN-1262,MED-4891,-6.3085938
PLAIN-1262,MED-1920,-5.703125
PLAIN-1262,MED-4257,-6.5546875
PLAIN-1275,MED-4712,2.546875
PLAIN-1275,MED-2886,3.1972656
PLAIN-1275,MED-1676,-5.6054688
PLAIN-1275,MED-2925,-4.2070312
PLAIN-1275,MED-2209,-9.0390625
PLAIN-1275,MED-2665,-4.6289062
PLAIN-1275,MED-1671,-6.1523438
PLAIN-1275,MED-2922,-6.1054688
PLAIN-1275,MED-2924,-7.0585938
PLAIN-1275,MED-2076,-5.7578125
PLAIN-1275,MED-4900,-7.5859375
PLAIN-1275,MED-3894,-7.9726562
PLAIN-1275,MED-2966,-5.5664062
PLAIN-1275,MED-4544,-4.6953125
PLAIN-1275,MED-4860,-8.2265625
PLAIN-1275,MED-1259,-5.140625
PLAIN-1275,MED-2066,-7.9375
PLAIN-1275,MED-3929,-5.1210938
PLAIN-1275,MED-2274,-7.3320312
PLAIN-1275,MED-3465,-6.2148438
PLAIN-1288,MED-2083,3.4238281
PLAIN-1288,MED-5065,1.6845703
PLAIN-1288,MED-1538,3.0546875
PLAIN-1288,MED-2668,-1.4716797
PLAIN-1288,MED-2669,0.56152344
PLAIN-1288,MED-398,-2.6503906
PLAIN-1288,MED-3207,-2.6503906
PLAIN-1288,MED-3952,0.13989258
PLAIN-1288,MED-3206,-1.4160156
PLAIN-1288,MED-3210,-0.53564453
PLAIN-1288,MED-1533,2.0253906
PLAIN-1288,MED-2085,1.9306641
PLAIN-1288,MED-2663,-3.5644531
PLAIN-1288,MED-3200,-1.6611328
PLAIN-1288,MED-1795,0.48950195
PLAIN-1288,MED-4585,-0.6591797
PLAIN-1288,MED-3701,1.4746094
PLAIN-1288,MED-2900,-5.6367188
PLAIN-1288,MED-3203,-0.8798828
PLAIN-1288,MED-3205,-0.8901367
PLAIN-1299,MED-4747,0.5136719
PLAIN-1299,MED-2123,-2.9941406
PLAIN-1299,MED-1229,-2.9941406
PLAIN-1299,MED-5164,-2.34375
PLAIN-1299,MED-1601,-3.0566406
PLAIN-1299,MED-4224,-2.4433594
PLAIN-1299,MED-3691,-2.9003906
PLAIN-1299,MED-4234,-7.4140625
PLAIN-1299,MED-3496,-4.9609375
PLAIN-1299,MED-4222,-1.921875
PLAIN-1299,MED-2498,-4.1679688
PLAIN-1299,MED-2774,-1.1074219
PLAIN-1299,MED-4223,-4.2851562
PLAIN-1299,MED-1587,-4.453125
PLAIN-1299,MED-4412,-5.7070312
PLAIN-1299,MED-4228,-3.8398438
PLAIN-1299,MED-1770,0.40161133
PLAIN-1299,MED-1712,-1.5595703
PLAIN-1299,MED-4216,-3.9609375
PLAIN-1299,MED-1720,-1.9541016
PLAIN-1309,MED-4815,-6.859375
PLAIN-1309,MED-1864,-6.1171875
PLAIN-1309,MED-5158,-4.203125
PLAIN-1309,MED-709,-6.0625
PLAIN-1309,MED-4817,-5.4609375
PLAIN-1309,MED-1866,-3.6132812
PLAIN-1309,MED-3491,-5.6210938
PLAIN-1309,MED-5108,-6.546875
PLAIN-1309,MED-3676,-2.8613281
PLAIN-1309,MED-3478,-3.5722656
PLAIN-1309,MED-2168,-5.1015625
PLAIN-1309,MED-3921,-6.140625
PLAIN-1309,MED-1861,-6.2578125
PLAIN-1309,MED-1738,-4.7109375
PLAIN-1309,MED-976,-8.03125
PLAIN-1309,MED-1868,-2.4140625
PLAIN-1309,MED-3922,-6.2539062
PLAIN-1309,MED-5157,-4.6054688
PLAIN-1309,MED-712,-6.453125
PLAIN-1309,MED-4812,-9.59375
PLAIN-1320,MED-2760,1.1005859
PLAIN-1320,MED-2758,0.8613281
PLAIN-1320,MED-4929,0.8623047
PLAIN-1320,MED-1488,1.6337891
PLAIN-1320,MED-1053,0.14648438
PLAIN-1320,MED-3752,-4.7578125
PLAIN-1320,MED-3759,-1.0302734
PLAIN-1320,MED-1986,-3.3085938
PLAIN-1320,MED-1545,-2.5058594
PLAIN-1320,MED-3935,-5.734375
PLAIN-1320,MED-1549,-3.4941406
PLAIN-1320,MED-2389,-5.1914062
PLAIN-1320,MED-2112,-5.4335938
PLAIN-1320,MED-1051,-2.8789062
PLAIN-1320,MED-2847,-4.71875
PLAIN-1320,MED-1795,-3.0175781
PLAIN-1320,MED-3754,-5.2226562
PLAIN-1320,MED-1920,-5.359375
PLAIN-1320,MED-1484,-4.7734375
PLAIN-1320,MED-3932,-2.3632812
PLAIN-1331,MED-990,1.3730469
PLAIN-1331,MED-3669,-2.6679688
PLAIN-1331,MED-1519,-4.8632812
PLAIN-1331,MED-1046,-2.8066406
PLAIN-1331,MED-3972,-3.8417969
PLAIN-1331,MED-4948,-7.6328125
PLAIN-1331,MED-5345,-6.0429688
PLAIN-1331,MED-4027,-5.5390625
PLAIN-1331,MED-3775,-4.5039062
PLAIN-1331,MED-1487,-4.4414062
PLAIN-1331,MED-4376,-7.6875
PLAIN-1331,MED-1510,-4.6992188
PLAIN-1331,MED-5288,0.64990234
PLAIN-1331,MED-4371,-1.0097656
PLAIN-1331,MED-3625,-7.0898438
PLAIN-1331,MED-4975,-0.6958008
PLAIN-1331,MED-2449,-2.4511719
PLAIN-1331,MED-4032,-5.3203125
PLAIN-1331,MED-1988,-5.5664062
PLAIN-1331,MED-4555,-2.109375
PLAIN-1342,MED-1403,4.7851562
PLAIN-1342,MED-2845,4.40625
PLAIN-1342,MED-2851,3.9335938
PLAIN-1342,MED-1401,3.2519531
PLAIN-1342,MED-2844,4.78125
PLAIN-1342,MED-4317,1.5019531
PLAIN-1342,MED-4316,-2.9804688
PLAIN-1342,MED-4772,-2.6074219
PLAIN-1342,MED-4318,1.1787109
PLAIN-1342,MED-4773,-4.8554688
PLAIN-1342,MED-2984,-0.45288086
PLAIN-1342,MED-4926,-5.046875
PLAIN-1342,MED-1844,-4.625
PLAIN-1342,MED-4075,-6.796875
PLAIN-1342,MED-898,-0.18591309
PLAIN-1342,MED-2979,-5.0507812
PLAIN-1342,MED-897,0.33447266
PLAIN-1342,MED-2170,-6.9648438
PLAIN-1342,MED-4977,-6.9648438
PLAIN-1342,MED-3918,-6.1601562
PLAIN-1353,MED-976,-0.57910156
PLAIN-1353,MED-1665,0.98876953
PLAIN-1353,MED-4424,-2.1757812
PLAIN-1353,MED-2157,-4.71875
PLAIN-1353,MED-3558,-1.2832031
PLAIN-1353,MED-5203,-5.765625
PLAIN-1353,MED-1137,-4.6210938
PLAIN-1353,MED-3504,-4.015625
PLAIN-1353,MED-987,-6.9492188
PLAIN-1353,MED-1521,-3.859375
PLAIN-1353,MED-4952,-8.6640625
PLAIN-1353,MED-4918,-5.2539062
PLAIN-1353,MED-1606,-3.3925781
PLAIN-1353,MED-3794,-4.8046875
PLAIN-1353,MED-988,-6.6953125
PLAIN-1353,MED-3176,-6.109375
PLAIN-1353,MED-3560,-3.8964844
PLAIN-1353,MED-4329,-2.3867188
PLAIN-1353,MED-5241,-3.2265625
PLAIN-1353,MED-1582,-5.203125
PLAIN-1363,MED-3632,0.65478516
PLAIN-1363,MED-3630,-3.859375
PLAIN-1363,MED-3620,1.2851562
PLAIN-1363,MED-5364,-0.01727295
PLAIN-1363,MED-2770,-7.9726562
PLAIN-1363,MED-3635,-1.5537109
PLAIN-1363,MED-2218,-4.1367188
PLAIN-1363,MED-3629,-2.0546875
PLAIN-1363,MED-5117,-6.84375
PLAIN-1363,MED-3033,-7.4023438
PLAIN-1363,MED-2773,-7.1835938
PLAIN-1363,MED-2385,-6.6171875
PLAIN-1363,MED-2168,-5.6835938
PLAIN-1363,MED-2649,-6.2304688
PLAIN-1363,MED-2660,-0.94628906
PLAIN-1363,MED-2657,-5.3359375
PLAIN-1363,MED-3022,-6.34375
PLAIN-1363,MED-5030,-4.2109375
PLAIN-1363,MED-4775,-4.4570312
PLAIN-1363,MED-853,-6.453125
PLAIN-1374,MED-3429,-4.3242188
PLAIN-1374,MED-557,-3.5722656
PLAIN-1374,MED-1010,-0.93408203
PLAIN-1374,MED-4322,-4.1367188
PLAIN-1374,MED-2643,-2.2617188
PLAIN-1374,MED-3794,-1.9541016
PLAIN-1374,MED-3503,-3.1835938
PLAIN-1374,MED-4425,-3.7578125
PLAIN-1374,MED-1595,-4.4140625
PLAIN-1374,MED-4185,-4.3203125
PLAIN-1374,MED-3590,-4.46875
PLAIN-1374,MED-3398,-4.328125
PLAIN-1374,MED-835,-3.4707031
PLAIN-1374,MED-4157,-5.3398438
PLAIN-1374,MED-1457,-2.265625
PLAIN-1374,MED-4321,-3.1972656
PLAIN-1374,MED-5013,-3.6855469
PLAIN-1374,MED-3439,-3.6367188
PLAIN-1374,MED-3795,-5.1015625
PLAIN-1374,MED-820,-2.7558594
PLAIN-1387,MED-5063,0.46142578
PLAIN-1387,MED-3383,0.05239868
PLAIN-1387,MED-5062,2.4589844
PLAIN-1387,MED-3380,0.29663086
PLAIN-1387,MED-3381,0.8847656
PLAIN-1387,MED-2722,-2.3828125
PLAIN-1387,MED-1153,0.4716797
PLAIN-1387,MED-2265,-2.6328125
PLAIN-1387,MED-1916,-3.9707031
PLAIN-1387,MED-4655,0.96240234
PLAIN-1387,MED-3477,-3.2324219
PLAIN-1387,MED-3052,-5.9375
PLAIN-1387,MED-5260,0.22509766
PLAIN-1387,MED-1862,-4.71875
PLAIN-1387,MED-2043,-4.7148438
PLAIN-1387,MED-854,-4.7617188
PLAIN-1387,MED-4789,-4.6289062
PLAIN-1387,MED-3382,-2.9882812
PLAIN-1387,MED-4787,-2.90625
PLAIN-1387,MED-3055,-5.5703125
PLAIN-1398,MED-1722,4.9453125
PLAIN-1398,MED-4228,3.4667969
PLAIN-1398,MED-4223,3.9492188
PLAIN-1398,MED-1720,3.0332031
PLAIN-1398,MED-1719,1.9658203
PLAIN-1398,MED-4216,3.3867188
PLAIN-1398,MED-1715,2.6289062
PLAIN-1398,MED-1724,3.5175781
PLAIN-1398,MED-1712,3.6464844
PLAIN-1398,MED-4212,5.3867188
PLAIN-1398,MED-1723,3.7832031
PLAIN-1398,MED-4897,4.0390625
PLAIN-1398,MED-4211,3.0371094
PLAIN-1398,MED-4220,2.7714844
PLAIN-1398,MED-3959,2.9375
PLAIN-1398,MED-4112,0.26708984
PLAIN-1398,MED-1716,2.3222656
PLAIN-1398,MED-1711,2.2441406
PLAIN-1398,MED-1223,1.4736328
PLAIN-1398,MED-4225,2.5097656
PLAIN-1409,MED-2173,-0.27075195
PLAIN-1409,MED-3590,0.25048828
PLAIN-1409,MED-3634,-5.2695312
PLAIN-1409,MED-4935,-5.328125
PLAIN-1409,MED-1774,-4.3125
PLAIN-1409,MED-4807,-3.7460938
PLAIN-1409,MED-2407,-5.3203125
PLAIN-1409,MED-2496,-4.8828125
PLAIN-1409,MED-4797,-4.6523438
PLAIN-1409,MED-2493,-4.1289062
PLAIN-1409,MED-1569,-6.6835938
PLAIN-1409,MED-1598,-4.7382812
PLAIN-1409,MED-4959,-5.1835938
PLAIN-1409,MED-2726,-5.7382812
PLAIN-1409,MED-1749,-4.90625
PLAIN-1409,MED-855,-2.9746094
PLAIN-1409,MED-4728,-6.3828125
PLAIN-1409,MED-4147,-5.7382812
PLAIN-1409,MED-2249,-3.1074219
PLAIN-1409,MED-1570,-5.8085938
PLAIN-1419,MED-3279,-4.0742188
PLAIN-1419,MED-4179,-2.9882812
PLAIN-1419,MED-4198,-0.25854492
PLAIN-1419,MED-4976,-4.8945312
PLAIN-1419,MED-2356,0.51953125
PLAIN-1419,MED-4548,-6.6015625
PLAIN-1419,MED-4142,-4.6640625
PLAIN-1419,MED-1726,-2.4023438
PLAIN-1419,MED-2333,-5.1054688
PLAIN-1419,MED-2450,-6.1367188
PLAIN-1419,MED-4943,-2.890625
PLAIN-1419,MED-1725,-5.3203125
PLAIN-1419,MED-1152,-3.953125
PLAIN-1419,MED-1157,-4.7773438
PLAIN-1419,MED-1757,-6.4335938
PLAIN-1419,MED-2331,-6.3046875
PLAIN-1419,MED-4075,-6.2734375
PLAIN-1419,MED-3847,-5.1875
PLAIN-1419,MED-3522,-7.3359375
PLAIN-1419,MED-3972,-5.8945312
PLAIN-1429,MED-1559,7.1992188
PLAIN-1429,MED-5125,2.7675781
PLAIN-1429,MED-3139,-4.2148438
PLAIN-1429,MED-3696,-0.8154297
PLAIN-1429,MED-5183,-3.1621094
PLAIN-1429,MED-3448,-4.6015625
PLAIN-1429,MED-4786,-2.7910156
PLAIN-1429,MED-4707,-1.2089844
PLAIN-1429,MED-1564,-2.7890625
PLAIN-1429,MED-4057,4.3828125
PLAIN-1429,MED-4440,-2.5019531
PLAIN-1429,MED-5116,-3.4003906
PLAIN-1429,MED-5066,0.082214355
PLAIN-1429,MED-5254,-2.2441406
PLAIN-1429,MED-3444,-4.0546875
PLAIN-1429,MED-4212,-1.5107422
PLAIN-1429,MED-4925,0.19519043
PLAIN-1429,MED-4785,-1.7490234
PLAIN-1429,MED-4160,-1.8925781
PLAIN-1429,MED-1034,-1.5771484
PLAIN-1441,MED-2773,0.85595703
PLAIN-1441,MED-2216,4.0390625
PLAIN-1441,MED-2770,-2.5976562
PLAIN-1441,MED-4824,-1.8847656
PLAIN-1441,MED-4963,1.8212891
PLAIN-1441,MED-3659,0.97998047
PLAIN-1441,MED-2657,0.76660156
PLAIN-1441,MED-3033,0.15258789
PLAIN-1441,MED-2385,-1.1005859
PLAIN-1441,MED-1332,2.1269531
PLAIN-1441,MED-2660,2.5253906
PLAIN-1441,MED-1425,3.3476562
PLAIN-1441,MED-5117,1.8388672
PLAIN-1441,MED-2649,1.5244141
PLAIN-1441,MED-3632,-0.59033203
PLAIN-1441,MED-4817,2.4667969
PLAIN-1441,MED-2299,1.7216797
PLAIN-1441,MED-2511,0.5209961
PLAIN-1441,MED-5364,4.1289062
PLAIN-1441,MED-3022,-3.4667969
PLAIN-1453,MED-5105,-3.1484375
PLAIN-1453,MED-1760,-4.0195312
PLAIN-1453,MED-2991,-5.1601562
PLAIN-1453,MED-1208,-5.21875
PLAIN-1453,MED-2206,-4.359375
PLAIN-1453,MED-5032,-3.3496094
PLAIN-1453,MED-4746,-3.7578125
PLAIN-1453,MED-3351,-3.6679688
PLAIN-1453,MED-2742,-6.4101562
PLAIN-1453,MED-2221,-1.7021484
PLAIN-1453,MED-3376,-4.0195312
PLAIN-1453,MED-3770,-7.6757812
PLAIN-1453,MED-4809,-6.8671875
PLAIN-1453,MED-3653,-7.0585938
PLAIN-1453,MED-4960,-5.2539062
PLAIN-1453,MED-4976,-5.015625
PLAIN-1453,MED-5101,-5.9765625
PLAIN-1453,MED-3589,-5.6640625
PLAIN-1453,MED-3592,-8.75
PLAIN-1453,MED-5034,-3.8164062
PLAIN-1463,MED-3136,0.19372559
PLAIN-1463,MED-5017,-3.2246094
PLAIN-1463,MED-2140,2.0605469
PLAIN-1463,MED-4991,-4.1679688
PLAIN-1463,MED-5079,-4.5351562
PLAIN-1463,MED-3138,-3.2480469
PLAIN-1463,MED-1137,-4.6757812
PLAIN-1463,MED-1133,-4.6953125
PLAIN-1463,MED-4502,-6.6171875
PLAIN-1463,MED-5338,-5.3945312
PLAIN-1463,MED-1138,-5.3828125
PLAIN-1463,MED-3584,-4.9570312
PLAIN-1463,MED-2147,0.95751953
PLAIN-1463,MED-3237,-6.296875
PLAIN-1463,MED-2263,-6.234375
PLAIN-1463,MED-3132,-0.54248047
PLAIN-1463,MED-2250,-5.9335938
PLAIN-1463,MED-2144,-5.8867188
PLAIN-1463,MED-2570,-4.34375
PLAIN-1463,MED-4325,-6.6835938
PLAIN-1473,MED-4455,-0.45581055
PLAIN-1473,MED-4454,-7.7460938
PLAIN-1473,MED-3501,-5.2382812
PLAIN-1473,MED-4336,-8.8203125
PLAIN-1473,MED-2886,-7.3242188
PLAIN-1473,MED-2169,-6.828125
PLAIN-1473,MED-2073,-7.9726562
PLAIN-1473,MED-3496,-8.328125
PLAIN-1473,MED-1414,-8.796875
PLAIN-1473,MED-2313,-6.0976562
PLAIN-1473,MED-4318,-6.703125
PLAIN-1473,MED-1313,-4.953125
PLAIN-1473,MED-4466,-6.96875
PLAIN-1473,MED-4325,-7.5390625
PLAIN-1473,MED-2172,-5.765625
PLAIN-1473,MED-4200,-8.796875
PLAIN-1473,MED-4428,-7.4257812
PLAIN-1473,MED-2496,-7.59375
PLAIN-1473,MED-4037,-7.8125
PLAIN-1473,MED-3000,-7.2773438
PLAIN-1485,MED-2099,-0.91015625
PLAIN-1485,MED-4437,-6.5078125
PLAIN-1485,MED-2178,-5.1054688
PLAIN-1485,MED-1834,-5.5078125
PLAIN-1485,MED-3379,-4.3007812
PLAIN-1485,MED-2260,-4.5234375
PLAIN-1485,MED-4814,-6.296875
PLAIN-1485,MED-3670,-2.9160156
PLAIN-1485,MED-2369,-2.4160156
PLAIN-1485,MED-3593,-7.5351562
PLAIN-1485,MED-2098,-4.6484375
PLAIN-1485,MED-2753,-6.6484375
PLAIN-1485,MED-2893,-4.9375
PLAIN-1485,MED-1397,-5.875
PLAIN-1485,MED-1616,-5.9179688
PLAIN-1485,MED-4529,-5.65625
PLAIN-1485,MED-4956,-6.8164062
PLAIN-1485,MED-1285,-8.703125
PLAIN-1485,MED-2889,-5.9570312
PLAIN-1485,MED-1284,-2.4238281
PLAIN-1496,MED-830,-6.3710938
PLAIN-1496,MED-1844,-5.0703125
PLAIN-1496,MED-3847,-6.2070312
PLAIN-1496,MED-1098,-5.84375
PLAIN-1496,MED-3168,-4.875
PLAIN-1496,MED-4621,-6.15625
PLAIN-1496,MED-3610,-6.4570312
PLAIN-1496,MED-3796,-5.3007812
PLAIN-1496,MED-4811,-5.4570312
PLAIN-1496,MED-818,-5.0195312
PLAIN-1496,MED-3490,-6.8789062
PLAIN-1496,MED-2091,-5.2265625
PLAIN-1496,MED-1832,-6.546875
PLAIN-1496,MED-5223,-6.28125
PLAIN-1496,MED-1744,-8.9296875
PLAIN-1496,MED-3132,-3.9179688
PLAIN-1496,MED-2126,-6.6914062
PLAIN-1496,MED-5178,-3.5644531
PLAIN-1496,MED-1916,-1.6308594
PLAIN-1496,MED-3653,-7.1796875
PLAIN-1506,MED-2126,2.1796875
PLAIN-1506,MED-5239,1.7353516
PLAIN-1506,MED-2121,1.0644531
PLAIN-1506,MED-3482,-3.8789062
PLAIN-1506,MED-3475,-5.2617188
PLAIN-1506,MED-3821,-7.0859375
PLAIN-1506,MED-4625,-6.7382812
PLAIN-1506,MED-5178,-3.7539062
PLAIN-1506,MED-957,-7.0507812
PLAIN-1506,MED-2888,-5.3554688
PLAIN-1506,MED-818,-4.8359375
PLAIN-1506,MED-4546,-5.7539062
PLAIN-1506,MED-2895,-3.4277344
PLAIN-1506,MED-3852,-4.7578125
PLAIN-1506,MED-4448,-6.1757812
PLAIN-1506,MED-1916,-3.8457031
PLAIN-1506,MED-1503,-3.6757812
PLAIN-1506,MED-4711,-4.3671875
PLAIN-1506,MED-2896,-5.3359375
PLAIN-1506,MED-3532,-6.8710938
PLAIN-1516,MED-3660,-6.6953125
PLAIN-1516,MED-4184,-7.09375
PLAIN-1516,MED-3670,-1.8896484
PLAIN-1516,MED-2178,-5.3359375
PLAIN-1516,MED-1016,-4.953125
PLAIN-1516,MED-3756,-8.0625
PLAIN-1516,MED-702,-4.4726562
PLAIN-1516,MED-930,-1.5283203
PLAIN-1516,MED-3667,-6.7929688
PLAIN-1516,MED-1397,-7.4453125
PLAIN-1516,MED-732,-7.1210938
PLAIN-1516,MED-3955,-5.6640625
PLAIN-1516,MED-4924,-5.4648438
PLAIN-1516,MED-4842,-6.0546875
PLAIN-1516,MED-3489,-5.75
PLAIN-1516,MED-3532,-9.6953125
PLAIN-1516,MED-5160,-7.0664062
PLAIN-1516,MED-4005,-7.25
PLAIN-1516,MED-1298,-1.3271484
PLAIN-1516,MED-3830,-1.1083984
PLAIN-1527,MED-1304,0.84375
PLAIN-1527,MED-1302,-0.5102539
PLAIN-1527,MED-2154,0.40527344
PLAIN-1527,MED-4814,0.2993164
PLAIN-1527,MED-1301,0.9970703
PLAIN-1527,MED-1307,0.46118164
PLAIN-1527,MED-4101,-0.32714844
PLAIN-1527,MED-4962,-1.8544922
PLAIN-1527,MED-912,-0.32104492
PLAIN-1527,MED-1868,1.4951172
PLAIN-1527,MED-2160,0.6972656
PLAIN-1527,MED-2157,-2.609375
PLAIN-1527,MED-3491,-1.2001953
PLAIN-1527,MED-4817,-0.98779297
PLAIN-1527,MED-4930,-1.7900391
PLAIN-1527,MED-2158,0.21826172
PLAIN-1527,MED-1675,-0.3166504
PLAIN-1527,MED-2292,-2.9570312
PLAIN-1527,MED-4815,-2.625
PLAIN-1527,MED-4813,-1.9013672
PLAIN-1537,MED-4515,3.4277344
PLAIN-1537,MED-4514,3.9277344
PLAIN-1537,MED-4880,4.3671875
PLAIN-1537,MED-2588,3.9179688
PLAIN-1537,MED-2586,3.8378906
PLAIN-1537,MED-1323,3.7089844
PLAIN-1537,MED-2591,3.0839844
PLAIN-1537,MED-1616,2.3378906
PLAIN-1537,MED-1609,-1.8945312
PLAIN-1537,MED-2943,-1.3984375
PLAIN-1537,MED-3801,-0.2512207
PLAIN-1537,MED-4347,-1.0664062
PLAIN-1537,MED-1258,-1.7421875
PLAIN-1537,MED-837,0.6743164
PLAIN-1537,MED-825,-2.5175781
PLAIN-1537,MED-4985,-1.7392578
PLAIN-1537,MED-1419,-3.2011719
PLAIN-1537,MED-3582,-1.2919922
PLAIN-1537,MED-1552,-1.3935547
PLAIN-1537,MED-3356,-2.6191406
PLAIN-1547,MED-2361,1.4648438
PLAIN-1547,MED-2360,2.6777344
PLAIN-1547,MED-3310,-5.2929688
PLAIN-1547,MED-1577,-5.5898438
PLAIN-1547,MED-1108,-6.0234375
PLAIN-1547,MED-5072,-5.6757812
PLAIN-1547,MED-1272,-6.6445312
PLAIN-1547,MED-4800,-6.1484375
PLAIN-1547,MED-2036,-5.0546875
PLAIN-1547,MED-1916,-8.171875
PLAIN-1547,MED-3940,-5.53125
PLAIN-1547,MED-4704,-5.0117188
PLAIN-1547,MED-4119,-6.9570312
PLAIN-1547,MED-4668,-6.3242188
PLAIN-1547,MED-1103,-4.8359375
PLAIN-1547,MED-4962,-5.671875
PLAIN-1547,MED-1268,-6.5351562
PLAIN-1547,MED-3314,-4.2148438
PLAIN-1547,MED-3027,-8.0859375
PLAIN-1547,MED-987,-7.046875
PLAIN-1557,MED-1406,2.9179688
PLAIN-1557,MED-4315,-1.375
PLAIN-1557,MED-1844,-5.234375
PLAIN-1557,MED-1836,-3.1035156
PLAIN-1557,MED-3918,0.33691406
PLAIN-1557,MED-1840,-0.7685547
PLAIN-1557,MED-4871,-5.296875
PLAIN-1557,MED-1838,-4.0039062
PLAIN-1557,MED-3022,-8.0078125
PLAIN-1557,MED-4946,-7.0703125
PLAIN-1557,MED-2248,0.41210938
PLAIN-1557,MED-1848,-1.6572266
PLAIN-1557,MED-1113,-6.1679688
PLAIN-1557,MED-5097,-8.7578125
PLAIN-1557,MED-1837,0.9160156
PLAIN-1557,MED-2261,-5.34375
PLAIN-1557,MED-1447,1.5048828
PLAIN-1557,MED-4376,-7.8984375
PLAIN-1557,MED-2249,-2.2539062
PLAIN-1557,MED-1110,-4.5859375
PLAIN-1568,MED-4150,3.2851562
PLAIN-1568,MED-2895,-5.9921875
PLAIN-1568,MED-3476,-5.828125
PLAIN-1568,MED-3945,-6.3359375
PLAIN-1568,MED-830,-7.2460938
PLAIN-1568,MED-3477,-8.0625
PLAIN-1568,MED-4090,-7.3515625
PLAIN-1568,MED-1792,-7.6210938
PLAIN-1568,MED-5366,-5.7578125
PLAIN-1568,MED-4540,-6.2851562
PLAIN-1568,MED-5056,2.3710938
PLAIN-1568,MED-2083,-6.6367188
PLAIN-1568,MED-5122,-5.9296875
PLAIN-1568,MED-3908,-8.796875
PLAIN-1568,MED-2490,-6.2695312
PLAIN-1568,MED-1246,-6.2070312
PLAIN-1568,MED-3466,-6.8867188
PLAIN-1568,MED-4578,-5.8164062
PLAIN-1568,MED-4193,-5.5507812
PLAIN-1568,MED-4188,-6.5859375
PLAIN-1579,MED-2063,-4.0195312
PLAIN-1579,MED-4871,-5.53125
PLAIN-1579,MED-5090,-5.265625
PLAIN-1579,MED-1569,-5.6132812
PLAIN-1579,MED-4844,-5.1640625
PLAIN-1579,MED-4758,-5.25
PLAIN-1579,MED-2805,-5.9335938
PLAIN-1579,MED-4825,-6.0898438
PLAIN-1579,MED-3358,-4.3632812
PLAIN-1579,MED-1069,-3.2617188
PLAIN-1579,MED-3801,-3.125
PLAIN-1579,MED-4677,-5.4921875
PLAIN-1579,MED-4852,-4.5625
PLAIN-1579,MED-2803,-6.6289062
PLAIN-1579,MED-4013,-1.015625
PLAIN-1579,MED-4033,-3.0996094
PLAIN-1579,MED-720,-2.6015625
PLAIN-1579,MED-2649,-4.9296875
PLAIN-1579,MED-4801,-3.4453125
PLAIN-1579,MED-3800,-2.9609375
PLAIN-1590,MED-748,-1.0507812
PLAIN-1590,MED-3757,-0.62109375
PLAIN-1590,MED-3604,-2.28125
PLAIN-1590,MED-3755,-6.25
PLAIN-1590,MED-1351,-4.1132812
PLAIN-1590,MED-3626,-5.0195312
PLAIN-1590,MED-2112,-5.921875
PLAIN-1590,MED-1053,-0.46948242
PLAIN-1590,MED-5343,-2.09375
PLAIN-1590,MED-5345,-6.2148438
PLAIN-1590,MED-1878,-7.3984375
PLAIN-1590,MED-1344,0.14782715
PLAIN-1590,MED-5346,-3.8808594
PLAIN-1590,MED-3754,-4.03125
PLAIN-1590,MED-1051,-4.6796875
PLAIN-1590,MED-2086,-4.546875
PLAIN-1590,MED-3625,-5.0976562
PLAIN-1590,MED-3759,-0.5283203
PLAIN-1590,MED-2238,-6.7539062
PLAIN-1590,MED-1549,-5.015625
PLAIN-1601,MED-4996,0.39648438
PLAIN-1601,MED-4860,-0.24987793
PLAIN-1601,MED-3537,1.7285156
PLAIN-1601,MED-2669,0.72558594
PLAIN-1601,MED-5002,3.0898438
PLAIN-1601,MED-3772,-2.5605469
PLAIN-1601,MED-1503,1.0673828
PLAIN-1601,MED-1700,0.67871094
PLAIN-1601,MED-3774,-3.7324219
PLAIN-1601,MED-2668,-0.71435547
PLAIN-1601,MED-1942,-2.9199219
PLAIN-1601,MED-2670,-3.2578125
PLAIN-1601,MED-3773,1.4765625
PLAIN-1601,MED-3775,-3.203125
PLAIN-1601,MED-3776,-3.7402344
PLAIN-1601,MED-1630,-1.9453125
PLAIN-1601,MED-4581,-2.6738281
PLAIN-1601,MED-4789,-1.4570312
PLAIN-1601,MED-1506,-2.2871094
PLAIN-1601,MED-1519,-2.2050781
PLAIN-1611,MED-301,-6.3671875
PLAIN-1611,MED-3022,-6.359375
PLAIN-1611,MED-5171,-6.8828125
PLAIN-1611,MED-3305,-4.7617188
PLAIN-1611,MED-1247,-3.2773438
PLAIN-1611,MED-1574,-6.8554688
PLAIN-1611,MED-4181,-6.2421875
PLAIN-1611,MED-4807,-6.3242188
PLAIN-1611,MED-5143,-6.0664062
PLAIN-1611,MED-5122,-5.7460938
PLAIN-1611,MED-4948,-6.3007812
PLAIN-1611,MED-4871,-5.9375
PLAIN-1611,MED-3653,-8.421875
PLAIN-1611,MED-4407,-6.265625
PLAIN-1611,MED-3526,-5.1835938
PLAIN-1611,MED-3648,-6.1054688
PLAIN-1611,MED-2906,-6.8476562
PLAIN-1611,MED-4964,-6.4023438
PLAIN-1611,MED-828,-6.9648438
PLAIN-1611,MED-4463,-3.9316406
PLAIN-1621,MED-3751,-1.1152344
PLAIN-1621,MED-3808,-2.4980469
PLAIN-1621,MED-2807,-4.0273438
PLAIN-1621,MED-868,-2.9121094
PLAIN-1621,MED-3019,-2.5429688
PLAIN-1621,MED-2921,-2.5429688
PLAIN-1621,MED-4540,-4.765625
PLAIN-1621,MED-3024,-5.296875
PLAIN-1621,MED-2906,-3.7636719
PLAIN-1621,MED-3802,-1.4101562
PLAIN-1621,MED-3247,-3.3613281
PLAIN-1621,MED-970,-5.0703125
PLAIN-1621,MED-923,-2.5351562
PLAIN-1621,MED-2507,-4.6328125
PLAIN-1621,MED-5143,-3.9140625
PLAIN-1621,MED-3110,-5.375
PLAIN-1621,MED-2894,-2.78125
PLAIN-1621,MED-4501,-7.1601562
PLAIN-1621,MED-3476,-1.0361328
PLAIN-1621,MED-301,-5.34375
PLAIN-1635,MED-1226,0.5942383
PLAIN-1635,MED-2123,1.5039062
PLAIN-1635,MED-1229,1.5039062
PLAIN-1635,MED-1337,2.0136719
PLAIN-1635,MED-2058,1.984375
PLAIN-1635,MED-4071,1.2382812
PLAIN-1635,MED-4396,1.2587891
PLAIN-1635,MED-3087,1.2451172
PLAIN-1635,MED-1223,1.5458984
PLAIN-1635,MED-1338,2.5625
PLAIN-1635,MED-2917,0.82958984
PLAIN-1635,MED-4677,1.6523438
PLAIN-1635,MED-5189,0.8203125
PLAIN-1635,MED-1340,2.9355469
PLAIN-1635,MED-4897,3.5703125
PLAIN-1635,MED-900,-1.5361328
PLAIN-1635,MED-4169,-2.6738281
PLAIN-1635,MED-1224,4.1210938
PLAIN-1635,MED-2653,2.3046875
PLAIN-1635,MED-118,-0.21826172
PLAIN-1645,MED-2071,-7.0507812
PLAIN-1645,MED-1271,-5.4453125
PLAIN-1645,MED-830,-6.3515625
PLAIN-1645,MED-4871,-4.3515625
PLAIN-1645,MED-4477,-6.5546875
PLAIN-1645,MED-718,-5.3476562
PLAIN-1645,MED-4403,-6.296875
PLAIN-1645,MED-1844,-6.6953125
PLAIN-1645,MED-2661,-5.4609375
PLAIN-1645,MED-1977,-6.6367188
PLAIN-1645,MED-2066,-6.265625
PLAIN-1645,MED-719,-6.7421875
PLAIN-1645,MED-724,-6.7421875
PLAIN-1645,MED-4677,-5.9375
PLAIN-1645,MED-1069,-3.9121094
PLAIN-1645,MED-1597,-6.6757812
PLAIN-1645,MED-2396,-8.1171875
PLAIN-1645,MED-3024,-6.03125
PLAIN-1645,MED-1755,-6.8945312
PLAIN-1645,MED-5056,1.9150391
PLAIN-1656,MED-3717,-1.5058594
PLAIN-1656,MED-3311,-0.72998047
PLAIN-1656,MED-4030,0.3251953
PLAIN-1656,MED-3764,-0.6269531
PLAIN-1656,MED-3767,-2.1171875
PLAIN-1656,MED-4024,0.32885742
PLAIN-1656,MED-4819,-1.0068359
PLAIN-1656,MED-3731,-4.3710938
PLAIN-1656,MED-1532,-4.828125
PLAIN-1656,MED-3715,-2.1269531
PLAIN-1656,MED-5190,-4.7539062
PLAIN-1656,MED-865,-4.078125
PLAIN-1656,MED-5033,-3.4765625
PLAIN-1656,MED-4433,-3.2871094
PLAIN-1656,MED-4484,-3.5449219
PLAIN-1656,MED-5034,-3.9648438
PLAIN-1656,MED-2092,-3.2128906
PLAIN-1656,MED-1362,-2.7265625
PLAIN-1656,MED-5035,-3.6230469
PLAIN-1656,MED-4741,-1.4492188
PLAIN-1667,MED-4722,-1.9863281
PLAIN-1667,MED-3235,-0.06921387
PLAIN-1667,MED-3220,-0.06921387
PLAIN-1667,MED-2297,-1.6425781
PLAIN-1667,MED-3163,-0.5234375
PLAIN-1667,MED-3466,-0.86035156
PLAIN-1667,MED-3460,1.3134766
PLAIN-1667,MED-3534,-0.5649414
PLAIN-1667,MED-2271,-1.8837891
PLAIN-1667,MED-3164,-5.2539062
PLAIN-1667,MED-1936,-2.9707031
PLAIN-1667,MED-3465,-0.9892578
PLAIN-1667,MED-2298,-5.2460938
PLAIN-1667,MED-4829,-0.84521484
PLAIN-1667,MED-3161,-0.3474121
PLAIN-1667,MED-1460,-1.9746094
PLAIN-1667,MED-3157,-2.9335938
PLAIN-1667,MED-1474,0.25439453
PLAIN-1667,MED-4405,-3.4355469
PLAIN-1667,MED-4830,-0.6323242
PLAIN-1679,MED-1111,-2.0546875
PLAIN-1679,MED-1105,-3.1816406
PLAIN-1679,MED-1104,-3.25
PLAIN-1679,MED-1115,0.058654785
PLAIN-1679,MED-1107,-3.0546875
PLAIN-1679,MED-1113,-1.0117188
PLAIN-1679,MED-4821,-1.8417969
PLAIN-1679,MED-1577,-3.5839844
PLAIN-1679,MED-1109,-2.3984375
PLAIN-1679,MED-3949,-2.3300781
PLAIN-1679,MED-4828,-4.3320312
PLAIN-1679,MED-2005,-5.4375
PLAIN-1679,MED-1019,-5.8242188
PLAIN-1679,MED-4312,-4.9414062
PLAIN-1679,MED-733,-4.0976562
PLAIN-1679,MED-1127,-5.734375
PLAIN-1679,MED-4428,-5.8398438
PLAIN-1679,MED-1120,-5.6484375
PLAIN-1679,MED-3801,-4.59375
PLAIN-1679,MED-4921,-6.1796875
PLAIN-1690,MED-1878,3.171875
PLAIN-1690,MED-2220,-2.1328125
PLAIN-1690,MED-1599,-1.0498047
PLAIN-1690,MED-3295,-4.984375
PLAIN-1690,MED-2257,-3.59375
PLAIN-1690,MED-3635,-4.7539062
PLAIN-1690,MED-4876,-2.734375
PLAIN-1690,MED-2693,-1.5527344
PLAIN-1690,MED-3381,-5.0195312
PLAIN-1690,MED-2382,0.73535156
PLAIN-1690,MED-4599,0.69433594
PLAIN-1690,MED-4674,0.69433594
PLAIN-1690,MED-4483,-3.8496094
PLAIN-1690,MED-5032,-3.5664062
PLAIN-1690,MED-991,-2.2324219
PLAIN-1690,MED-4617,-2.8515625
PLAIN-1690,MED-2944,-2.8515625
PLAIN-1690,MED-4823,-3.4199219
PLAIN-1690,MED-1167,-5.25
PLAIN-1690,MED-1133,-4.3242188
PLAIN-1700,MED-5198,2.4609375
PLAIN-1700,MED-3865,-5.9453125
PLAIN-1700,MED-2382,-3.6972656
PLAIN-1700,MED-5042,-2.9609375
PLAIN-1700,MED-4934,-6.5195312
PLAIN-1700,MED-3635,-7.3125
PLAIN-1700,MED-3137,-5.5351562
PLAIN-1700,MED-5294,-3.7480469
PLAIN-1700,MED-1100,1.4404297
PLAIN-1700,MED-5006,-7.1992188
PLAIN-1700,MED-4177,-6.7265625
PLAIN-1700,MED-2722,-7.046875
PLAIN-1700,MED-2213,-0.23571777
PLAIN-1700,MED-1985,-8.53125
PLAIN-1700,MED-2900,-5.3984375
PLAIN-1700,MED-3577,-6.3828125
PLAIN-1700,MED-3295,-7.5273438
PLAIN-1700,MED-1133,-3.2792969
PLAIN-1700,MED-5034,-6.6835938
PLAIN-1700,MED-5328,-2.6796875
PLAIN-1710,MED-3177,7.4960938
PLAIN-1710,MED-3178,4.6601562
PLAIN-1710,MED-3179,4.1289062
PLAIN-1710,MED-3170,4.2109375
PLAIN-1710,MED-3172,2.9628906
PLAIN-1710,MED-3169,4.2304688
PLAIN-1710,MED-3181,3.2832031
PLAIN-1710,MED-3174,4.0117188
PLAIN-1710,MED-3180,2.8144531
PLAIN-1710,MED-3176,2.4453125
PLAIN-1710,MED-3182,2.4570312
PLAIN-1710,MED-3175,2.5488281
PLAIN-1710,MED-4672,1.5546875
PLAIN-1710,MED-4483,-4.6914062
PLAIN-1710,MED-2820,-6.71875
PLAIN-1710,MED-4356,0.1003418
PLAIN-1710,MED-3724,-6.59375
PLAIN-1710,MED-822,-6.5703125
PLAIN-1710,MED-3453,-5.0390625
PLAIN-1710,MED-5032,-4.7148438
PLAIN-1721,MED-4821,3.8261719
PLAIN-1721,MED-4983,4.5820312
PLAIN-1721,MED-1602,4.2929688
PLAIN-1721,MED-1377,2.2441406
PLAIN-1721,MED-4823,3.6679688
PLAIN-1721,MED-1606,5.4609375
PLAIN-1721,MED-4058,-4.0820312
PLAIN-1721,MED-4485,3.7851562
PLAIN-1721,MED-3379,-2.7578125
PLAIN-1721,MED-4973,-4.296875
PLAIN-1721,MED-726,-4.4023438
PLAIN-1721,MED-1627,4.0742188
PLAIN-1721,MED-4555,-0.7939453
PLAIN-1721,MED-3577,-3.6972656
PLAIN-1721,MED-1153,-2.6328125
PLAIN-1721,MED-1696,-1.5
PLAIN-1721,MED-2213,1.1689453
PLAIN-1721,MED-4336,-1.8037109
PLAIN-1721,MED-1680,-3.3828125
PLAIN-1721,MED-1560,-2.9863281
PLAIN-1731,MED-2749,1.6835938
PLAIN-1731,MED-2748,1.9248047
PLAIN-1731,MED-3509,-0.67626953
PLAIN-1731,MED-4492,-4.4804688
PLAIN-1731,MED-4565,-4.5351562
PLAIN-1731,MED-4967,-2.171875
PLAIN-1731,MED-4962,-4.8671875
PLAIN-1731,MED-4476,-4.9375
PLAIN-1731,MED-5031,-1.3466797
PLAIN-1731,MED-4483,-5.4921875
PLAIN-1731,MED-3974,-3.6445312
PLAIN-1731,MED-4672,-5.90625
PLAIN-1731,MED-4968,-5.609375
PLAIN-1731,MED-5032,-5.1601562
PLAIN-1731,MED-4564,-5.1796875
PLAIN-1731,MED-4428,-5.5820312
PLAIN-1731,MED-3175,-5.7304688
PLAIN-1731,MED-3294,-3.6367188
PLAIN-1731,MED-965,-7.1601562
PLAIN-1731,MED-1800,-5.1015625
PLAIN-1741,MED-2597,1.0166016
PLAIN-1741,MED-2596,2.5390625
PLAIN-1741,MED-4706,1.46875
PLAIN-1741,MED-4289,1.8730469
PLAIN-1741,MED-3806,-4.015625
PLAIN-1741,MED-2153,3.1425781
PLAIN-1741,MED-1388,2.6171875
PLAIN-1741,MED-4314,1.4863281
PLAIN-1741,MED-1381,1.9472656
PLAIN-1741,MED-4345,3.0820312
PLAIN-1741,MED-1387,1.8310547
PLAIN-1741,MED-4291,0.7080078
PLAIN-1741,MED-4707,2.6386719
PLAIN-1741,MED-4290,1.8417969
PLAIN-1741,MED-3923,-4.296875
PLAIN-1741,MED-2383,1.0595703
PLAIN-1741,MED-2382,1.9716797
PLAIN-1741,MED-2380,2.5644531
PLAIN-1741,MED-4288,0.6508789
PLAIN-1741,MED-4492,-4.6015625
PLAIN-1752,MED-4726,-5.8125
PLAIN-1752,MED-2807,-7.546875
PLAIN-1752,MED-2797,-9.34375
PLAIN-1752,MED-2804,-9.203125
PLAIN-1752,MED-4811,-7.0273438
PLAIN-1752,MED-1977,-6.8398438
PLAIN-1752,MED-1979,-7.8007812
PLAIN-1752,MED-4930,-10.8046875
PLAIN-1752,MED-2790,-9.2734375
PLAIN-1752,MED-1983,-6.6601562
PLAIN-1752,MED-1755,-6.8867188
PLAIN-1752,MED-4794,-7.3710938
PLAIN-1752,MED-928,-6.4296875
PLAIN-1752,MED-2073,-7.484375
PLAIN-1752,MED-2800,-8.0
PLAIN-1752,MED-2802,-6.90625
PLAIN-1752,MED-2693,-6.6835938
PLAIN-1752,MED-1152,-8.0078125
PLAIN-1752,MED-852,-8.90625
PLAIN-1752,MED-4523,-7.6015625
PLAIN-1762,MED-3716,4.0351562
PLAIN-1762,MED-3721,3.1523438
PLAIN-1762,MED-759,-0.2487793
PLAIN-1762,MED-3970,-6.5234375
PLAIN-1762,MED-5260,-6.7890625
PLAIN-1762,MED-3621,-4.6835938
PLAIN-1762,MED-1475,-5.5078125
PLAIN-1762,MED-865,2.5292969
PLAIN-1762,MED-4032,-5.875
PLAIN-1762,MED-3558,-5.0664062
PLAIN-1762,MED-3730,-5.8359375
PLAIN-1762,MED-2990,-4.171875
PLAIN-1762,MED-4842,-3.5253906
PLAIN-1762,MED-851,-5.9921875
PLAIN-1762,MED-852,-4.234375
PLAIN-1762,MED-1312,-7.1601562
PLAIN-1762,MED-5246,-4.9140625
PLAIN-1762,MED-1465,-5.9375
PLAIN-1762,MED-4619,-2.3105469
PLAIN-1762,MED-4641,-6.1992188
PLAIN-1772,MED-4728,2.8613281
PLAIN-1772,MED-4727,1.5820312
PLAIN-1772,MED-1434,-7.0507812
PLAIN-1772,MED-1436,-6.6015625
PLAIN-1772,MED-4197,-6.6835938
PLAIN-1772,MED-4937,-4.1210938
PLAIN-1772,MED-2460,-6.140625
PLAIN-1772,MED-4309,-5.1523438
PLAIN-1772,MED-1156,-4.75
PLAIN-1772,MED-3522,-7.375
PLAIN-1772,MED-3532,-7.5
PLAIN-1772,MED-4730,-5.8320312
PLAIN-1772,MED-3609,-7.8359375
PLAIN-1772,MED-3528,-7.5546875
PLAIN-1772,MED-1440,-5.765625
PLAIN-1772,MED-1169,-2.9023438
PLAIN-1772,MED-3876,-4.8320312
PLAIN-1772,MED-1432,-6.953125
PLAIN-1772,MED-3158,-6.8789062
PLAIN-1772,MED-3530,-6.3671875
PLAIN-1784,MED-1593,-4.9492188
PLAIN-1784,MED-1114,-4.7929688
PLAIN-1784,MED-2704,-6.2695312
PLAIN-1784,MED-5140,-6.828125
PLAIN-1784,MED-5035,-6.2890625
PLAIN-1784,MED-1610,-7.3945312
PLAIN-1784,MED-4053,-6.8320312
PLAIN-1784,MED-3653,-6.7109375
PLAIN-1784,MED-2088,-6.7070312
PLAIN-1784,MED-1762,-6.125
PLAIN-1784,MED-3723,-5.7695312
PLAIN-1784,MED-5004,-6.6484375
PLAIN-1784,MED-1770,-4.7578125
PLAIN-1784,MED-4844,-7.2929688
PLAIN-1784,MED-4057,-6.7539062
PLAIN-1784,MED-4626,-4.6289062
PLAIN-1784,MED-4278,-5.09375
PLAIN-1784,MED-2492,-5.6445312
PLAIN-1784,MED-2168,-5.1835938
PLAIN-1784,MED-4484,-6.8828125
PLAIN-1794,MED-5041,3.6582031
PLAIN-1794,MED-5042,0.14916992
PLAIN-1794,MED-3743,-6.9726562
PLAIN-1794,MED-3556,-7.2109375
PLAIN-1794,MED-818,-3.015625
PLAIN-1794,MED-4975,-2.2890625
PLAIN-1794,MED-5296,-3.1210938
PLAIN-1794,MED-1820,-6.1289062
PLAIN-1794,MED-1267,-6.234375
PLAIN-1794,MED-1568,-3.6757812
PLAIN-1794,MED-1274,-4.3945312
PLAIN-1794,MED-3945,-4.6992188
PLAIN-1794,MED-5294,-5.6914062
PLAIN-1794,MED-1819,-6.2578125
PLAIN-1794,MED-4778,-7.9140625
PLAIN-1794,MED-1278,-4.984375
PLAIN-1794,MED-1284,0.9868164
PLAIN-1794,MED-5366,-2.7949219
PLAIN-1794,MED-2521,-7.5703125
PLAIN-1794,MED-4948,-8.671875
PLAIN-1805,MED-3935,3.2714844
PLAIN-1805,MED-5196,0.5683594
PLAIN-1805,MED-3938,2.2734375
PLAIN-1805,MED-3932,1.5429688
PLAIN-1805,MED-3931,0.8232422
PLAIN-1805,MED-3930,1.1279297
PLAIN-1805,MED-3925,2.828125
PLAIN-1805,MED-4939,1.6660156
PLAIN-1805,MED-5335,-0.8203125
PLAIN-1805,MED-3927,2.6933594
PLAIN-1805,MED-2177,-2.1230469
PLAIN-1805,MED-3936,-0.15698242
PLAIN-1805,MED-3940,0.90966797
PLAIN-1805,MED-3929,2.2695312
PLAIN-1805,MED-3933,-1.6015625
PLAIN-1805,MED-3928,-0.039978027
PLAIN-1805,MED-2165,-0.41381836
PLAIN-1805,MED-2173,-0.40234375
PLAIN-1805,MED-1408,-0.68896484
PLAIN-1805,MED-1167,-1.6152344
PLAIN-1817,MED-4284,2.3613281
PLAIN-1817,MED-2150,1.4716797
PLAIN-1817,MED-4709,-0.5883789
PLAIN-1817,MED-2382,-2.0351562
PLAIN-1817,MED-5016,-4.3515625
PLAIN-1817,MED-4287,-1.3300781
PLAIN-1817,MED-4706,1.7236328
PLAIN-1817,MED-4289,-4.71875
PLAIN-1817,MED-1785,-6.0546875
PLAIN-1817,MED-2152,-6.0859375
PLAIN-1817,MED-3385,-6.6796875
PLAIN-1817,MED-3387,-6.1679688
PLAIN-1817,MED-2381,-5.5039062
PLAIN-1817,MED-4707,-3.703125
PLAIN-1817,MED-4249,-5.21875
PLAIN-1817,MED-1008,-4.5664062
PLAIN-1817,MED-4291,-5.578125
PLAIN-1817,MED-4708,-5.1679688
PLAIN-1817,MED-3198,-2.8964844
PLAIN-1817,MED-1012,-3.7851562
PLAIN-1827,MED-4618,-4.7070312
PLAIN-1827,MED-3316,-5.9921875
PLAIN-1827,MED-1853,-7.2617188
PLAIN-1827,MED-2391,-7.1640625
PLAIN-1827,MED-1950,-5.7148438
PLAIN-1827,MED-4406,-8.84375
PLAIN-1827,MED-4621,-3.4472656
PLAIN-1827,MED-897,-4.9609375
PLAIN-1827,MED-3175,-7.2148438
PLAIN-1827,MED-4088,-6.8203125
PLAIN-1827,MED-3710,-3.953125
PLAIN-1827,MED-976,-7.8945312
PLAIN-1827,MED-3288,-5.6640625
PLAIN-1827,MED-3319,-7.03125
PLAIN-1827,MED-1008,-5.671875
PLAIN-1827,MED-3317,-6.90625
PLAIN-1827,MED-3704,-4.9414062
PLAIN-1827,MED-3935,-7.9023438
PLAIN-1827,MED-911,-7.6914062
PLAIN-1827,MED-824,-5.6484375
PLAIN-1837,MED-1161,1.6367188
PLAIN-1837,MED-4179,2.0351562
PLAIN-1837,MED-1167,1.6318359
PLAIN-1837,MED-1157,2.2167969
PLAIN-1837,MED-1725,1.9423828
PLAIN-1837,MED-1726,3.2109375
PLAIN-1837,MED-3936,-0.9536133
PLAIN-1837,MED-1139,2.4453125
PLAIN-1837,MED-1158,0.027679443
PLAIN-1837,MED-4177,1.3105469
PLAIN-1837,MED-4178,0.47045898
PLAIN-1837,MED-1152,0.13659668
PLAIN-1837,MED-1170,1.2275391
PLAIN-1837,MED-4934,0.9633789
PLAIN-1837,MED-1142,1.9316406
PLAIN-1837,MED-1160,0.20703125
PLAIN-1837,MED-4535,0.29492188
PLAIN-1837,MED-1162,-1.4414062
PLAIN-1837,MED-1177,0.90625
PLAIN-1837,MED-2391,0.33691406
PLAIN-1847,MED-3603,-1.5400391
PLAIN-1847,MED-4000,0.80908203
PLAIN-1847,MED-4978,-4.546875
PLAIN-1847,MED-3876,-6.1953125
PLAIN-1847,MED-4972,-5.6757812
PLAIN-1847,MED-4055,-6.3984375
PLAIN-1847,MED-3855,-4.9179688
PLAIN-1847,MED-4049,-5.9179688
PLAIN-1847,MED-3945,-5.0078125
PLAIN-1847,MED-852,-5.2890625
PLAIN-1847,MED-3910,-6.7070312
PLAIN-1847,MED-5041,-0.28466797
PLAIN-1847,MED-2179,-6.2929688
PLAIN-1847,MED-1532,-5.375
PLAIN-1847,MED-4237,-7.609375
PLAIN-1847,MED-5005,1.6513672
PLAIN-1847,MED-4068,-4.3515625
PLAIN-1847,MED-4073,-5.2265625
PLAIN-1847,MED-3399,-5.7148438
PLAIN-1847,MED-5269,-0.8256836
PLAIN-1857,MED-2988,3.1464844
PLAIN-1857,MED-2544,1.1318359
PLAIN-1857,MED-4319,2.0585938
PLAIN-1857,MED-2578,0.5
PLAIN-1857,MED-2986,1.546875
PLAIN-1857,MED-3485,-0.6196289
PLAIN-1857,MED-4393,-0.6196289
PLAIN-1857,MED-2979,2.4882812
PLAIN-1857,MED-844,-5.2265625
PLAIN-1857,MED-4863,-5.2734375
PLAIN-1857,MED-4058,-4.7460938
PLAIN-1857,MED-2983,-0.8828125
PLAIN-1857,MED-2985,-1.4423828
PLAIN-1857,MED-846,-4.8007812
PLAIN-1857,MED-4585,-5.625
PLAIN-1857,MED-4995,-6.1171875
PLAIN-1857,MED-3168,-6.25
PLAIN-1857,MED-4309,-3.6992188
PLAIN-1857,MED-4862,-6.2382812
PLAIN-1857,MED-3687,-5.7695312
PLAIN-1867,MED-5160,-3.2792969
PLAIN-1867,MED-5079,-5.2148438
PLAIN-1867,MED-5082,-5.7382812
PLAIN-1867,MED-3744,0.7006836
PLAIN-1867,MED-2900,-4.4101562
PLAIN-1867,MED-4972,-7.578125
PLAIN-1867,MED-3945,-5.5117188
PLAIN-1867,MED-1533,-5.109375
PLAIN-1867,MED-4580,-5.0546875
PLAIN-1867,MED-3530,-4.9765625
PLAIN-1867,MED-1792,-4.625
PLAIN-1867,MED-2083,-4.0898438
PLAIN-1867,MED-3138,-3.3613281
PLAIN-1867,MED-1670,-3.1933594
PLAIN-1867,MED-4585,-6.3398438
PLAIN-1867,MED-4267,-5.3359375
PLAIN-1867,MED-3208,-3.2246094
PLAIN-1867,MED-4862,-3.96875
PLAIN-1867,MED-3399,-3.5351562
PLAIN-1867,MED-398,-6.671875
PLAIN-1877,MED-4831,4.1210938
PLAIN-1877,MED-1991,3.015625
PLAIN-1877,MED-1723,4.1367188
PLAIN-1877,MED-4515,4.09375
PLAIN-1877,MED-1445,4.2539062
PLAIN-1877,MED-4613,1.3632812
PLAIN-1877,MED-4255,1.3632812
PLAIN-1877,MED-1489,3.640625
PLAIN-1877,MED-1450,4.5859375
PLAIN-1877,MED-1997,2.1113281
PLAIN-1877,MED-1319,0.6435547
PLAIN-1877,MED-3931,2.8789062
PLAIN-1877,MED-1874,3.2050781
PLAIN-1877,MED-2432,3.2050781
PLAIN-1877,MED-4349,1.2021484
PLAIN-1877,MED-1250,0.85302734
PLAIN-1877,MED-1375,1.9794922
PLAIN-1877,MED-2951,3.6523438
PLAIN-1877,MED-4689,3.6523438
PLAIN-1877,MED-2008,-2.4042969
PLAIN-1887,MED-1725,-3.3339844
PLAIN-1887,MED-1774,-1.9990234
PLAIN-1887,MED-4535,-1.4902344
PLAIN-1887,MED-4934,-3.5292969
PLAIN-1887,MED-1741,-2.7070312
PLAIN-1887,MED-1731,-4.703125
PLAIN-1887,MED-1167,-3.8339844
PLAIN-1887,MED-1726,-1.8681641
PLAIN-1887,MED-4187,-3.7480469
PLAIN-1887,MED-4939,-5.8632812
PLAIN-1887,MED-1285,-3.46875
PLAIN-1887,MED-2070,-4.9609375
PLAIN-1887,MED-902,-1.4951172
PLAIN-1887,MED-3022,-5.7890625
PLAIN-1887,MED-2323,-4.9804688
PLAIN-1887,MED-2391,-3.5859375
PLAIN-1887,MED-3936,-5.171875
PLAIN-1887,MED-957,-2.5742188
PLAIN-1887,MED-2748,-3.5761719
PLAIN-1887,MED-1272,-3.9375
PLAIN-1897,MED-2644,-5.3984375
PLAIN-1897,MED-4935,-4.9648438
PLAIN-1897,MED-3938,-3.7109375
PLAIN-1897,MED-4186,-4.4335938
PLAIN-1897,MED-4037,-5.4648438
PLAIN-1897,MED-2391,-5.921875
PLAIN-1897,MED-996,-4.8203125
PLAIN-1897,MED-4184,-5.7890625
PLAIN-1897,MED-4942,-3.6113281
PLAIN-1897,MED-4934,-3.8710938
PLAIN-1897,MED-4182,-4.796875
PLAIN-1897,MED-2913,-4.6835938
PLAIN-1897,MED-2496,-5.4257812
PLAIN-1897,MED-4975,-4.625
PLAIN-1897,MED-1789,-4.65625
PLAIN-1897,MED-4587,-8.1171875
PLAIN-1897,MED-1831,-5.2265625
PLAIN-1897,MED-4732,-5.25
PLAIN-1897,MED-998,-4.2109375
PLAIN-1897,MED-999,-5.2929688
PLAIN-1909,MED-4818,-0.5805664
PLAIN-1909,MED-3288,0.21228027
PLAIN-1909,MED-1610,3.6054688
PLAIN-1909,MED-1979,-0.1940918
PLAIN-1909,MED-3319,-0.44018555
PLAIN-1909,MED-1491,-0.20056152
PLAIN-1909,MED-2678,2.5898438
PLAIN-1909,MED-3307,1.7978516
PLAIN-1909,MED-2341,2.2382812
PLAIN-1909,MED-3790,-0.012168884
PLAIN-1909,MED-4593,2.375
PLAIN-1909,MED-1983,1.7470703
PLAIN-1909,MED-3171,-2.2109375
PLAIN-1909,MED-1859,-0.05731201
PLAIN-1909,MED-1977,-0.3725586
PLAIN-1909,MED-2352,3.390625
PLAIN-1909,MED-2340,-1.0644531
PLAIN-1909,MED-3000,1.2509766
PLAIN-1909,MED-1802,0.6401367
PLAIN-1909,MED-3175,-1.1113281
PLAIN-1919,MED-4433,3.3554688
PLAIN-1919,MED-4431,4.2421875
PLAIN-1919,MED-3315,3.7246094
PLAIN-1919,MED-3321,4.984375
PLAIN-1919,MED-4819,3.125
PLAIN-1919,MED-3307,0.6582031
PLAIN-1919,MED-3311,1.2441406
PLAIN-1919,MED-3320,3.8339844
PLAIN-1919,MED-3319,-0.5546875
PLAIN-1919,MED-3302,-4.0859375
PLAIN-1919,MED-1977,-0.64746094
PLAIN-1919,MED-1114,0.07067871
PLAIN-1919,MED-3316,-2.7128906
PLAIN-1919,MED-3790,-3.796875
PLAIN-1919,MED-4426,-5.3203125
PLAIN-1919,MED-3314,-4.1796875
PLAIN-1919,MED-2088,-4.4023438
PLAIN-1919,MED-3385,-5.0351562
PLAIN-1919,MED-2746,-3.5078125
PLAIN-1919,MED-4166,-3.5742188
PLAIN-1929,MED-4685,0.23913574
PLAIN-1929,MED-4369,-1.3984375
PLAIN-1929,MED-1832,-4.0585938
PLAIN-1929,MED-4724,-0.98535156
PLAIN-1929,MED-5097,-7.7070312
PLAIN-1929,MED-716,-2.7734375
PLAIN-1929,MED-5093,-3.8710938
PLAIN-1929,MED-3691,-4.8398438
PLAIN-1929,MED-4772,-5.0234375
PLAIN-1929,MED-3990,-5.0195312
PLAIN-1929,MED-2762,-3.9121094
PLAIN-1929,MED-4872,-3.7519531
PLAIN-1929,MED-2497,-5.7578125
PLAIN-1929,MED-1955,-5.6679688
PLAIN-1929,MED-922,-4.6953125
PLAIN-1929,MED-2495,-5.3398438
PLAIN-1929,MED-3453,-4.3984375
PLAIN-1929,MED-1950,-4.78125
PLAIN-1929,MED-2421,-5.5351562
PLAIN-1929,MED-962,-5.2773438
PLAIN-1940,MED-3792,1.0234375
PLAIN-1940,MED-3797,0.5620117
PLAIN-1940,MED-3876,-2.421875
PLAIN-1940,MED-3688,-4.0117188
PLAIN-1940,MED-3679,-4.6914062
PLAIN-1940,MED-3683,-4.6132812
PLAIN-1940,MED-2267,-2.2382812
PLAIN-1940,MED-3532,-6.4023438
PLAIN-1940,MED-3853,-2.2070312
PLAIN-1940,MED-3781,-4.2617188
PLAIN-1940,MED-3845,-3.7675781
PLAIN-1940,MED-1827,-3.6308594
PLAIN-1940,MED-4114,-0.060791016
PLAIN-1940,MED-4690,-5.9453125
PLAIN-1940,MED-3691,-5.3710938
PLAIN-1940,MED-1820,-5.40625
PLAIN-1940,MED-5351,-3.8769531
PLAIN-1940,MED-1765,-4.1367188
PLAIN-1940,MED-3789,-4.359375
PLAIN-1940,MED-873,-4.6289062
PLAIN-1950,MED-912,2.5957031
PLAIN-1950,MED-4250,3.0117188
PLAIN-1950,MED-3904,2.3144531
PLAIN-1950,MED-1795,0.9902344
PLAIN-1950,MED-4474,-7.1601562
PLAIN-1950,MED-887,-2.6875
PLAIN-1950,MED-4291,-7.78125
PLAIN-1950,MED-1955,-7.1875
PLAIN-1950,MED-1950,1.0625
PLAIN-1950,MED-1785,-6.5273438
PLAIN-1950,MED-3821,-7.2382812
PLAIN-1950,MED-3945,-5.5625
PLAIN-1950,MED-3552,-6.34375
PLAIN-1950,MED-4289,-5.34375
PLAIN-1950,MED-4707,-6.328125
PLAIN-1950,MED-5160,-6.3789062
PLAIN-1950,MED-2663,-9.203125
PLAIN-1950,MED-4976,-5.0585938
PLAIN-1950,MED-1375,-6.2421875
PLAIN-1950,MED-4350,-7.7617188
PLAIN-1962,MED-2438,0.1418457
PLAIN-1962,MED-3821,-6.1601562
PLAIN-1962,MED-3945,-3.6972656
PLAIN-1962,MED-4998,-5.5820312
PLAIN-1962,MED-4295,-0.92822266
PLAIN-1962,MED-3375,-3.921875
PLAIN-1962,MED-2815,-5.8359375
PLAIN-1962,MED-4426,-6.9101562
PLAIN-1962,MED-957,-7.0390625
PLAIN-1962,MED-3530,-3.7363281
PLAIN-1962,MED-2743,-5.3320312
PLAIN-1962,MED-1978,-4.5429688
PLAIN-1962,MED-2608,-5.2265625
PLAIN-1962,MED-2177,-8.109375
PLAIN-1962,MED-2239,-6.2617188
PLAIN-1962,MED-4939,-6.5117188
PLAIN-1962,MED-3477,-4.9921875
PLAIN-1962,MED-3302,-7.2070312
PLAIN-1962,MED-3653,-6.5546875
PLAIN-1962,MED-5171,-6.4648438
PLAIN-1972,MED-4051,-3.1914062
PLAIN-1972,MED-4075,-2.5683594
PLAIN-1972,MED-5165,-4.0390625
PLAIN-1972,MED-1442,1.2871094
PLAIN-1972,MED-3821,-5.1328125
PLAIN-1972,MED-5160,-5.1640625
PLAIN-1972,MED-1682,-4.6679688
PLAIN-1972,MED-5304,-3.875
PLAIN-1972,MED-4546,-4.296875
PLAIN-1972,MED-2208,-2.5878906
PLAIN-1972,MED-2677,-2.8046875
PLAIN-1972,MED-4448,-5.0117188
PLAIN-1972,MED-3543,-4.65625
PLAIN-1972,MED-2782,-4.5234375
PLAIN-1972,MED-5042,-6.3320312
PLAIN-1972,MED-984,-4.015625
PLAIN-1972,MED-2449,-4.6484375
PLAIN-1972,MED-4068,-4.6445312
PLAIN-1972,MED-4049,-5.1679688
PLAIN-1972,MED-2818,-4.8867188
PLAIN-1983,MED-2521,3.8945312
PLAIN-1983,MED-2134,0.42749023
PLAIN-1983,MED-2137,2.5625
PLAIN-1983,MED-2517,-0.98583984
PLAIN-1983,MED-5237,1.0546875
PLAIN-1983,MED-2139,1.8144531
PLAIN-1983,MED-2127,0.80859375
PLAIN-1983,MED-2132,1.3662109
PLAIN-1983,MED-4148,-4.4375
PLAIN-1983,MED-2504,-5.6054688
PLAIN-1983,MED-2514,0.75927734
PLAIN-1983,MED-4540,-5.9257812
PLAIN-1983,MED-2520,-3.7871094
PLAIN-1983,MED-2267,-3.1035156
PLAIN-1983,MED-3663,-5.5585938
PLAIN-1983,MED-2128,2.2285156
PLAIN-1983,MED-3516,-4.1796875
PLAIN-1983,MED-2210,-3.3417969
PLAIN-1983,MED-4146,-4.1445312
PLAIN-1983,MED-1765,-3.8378906
PLAIN-1995,MED-1853,-3.0097656
PLAIN-1995,MED-4713,-4.6484375
PLAIN-1995,MED-4779,-3.8789062
PLAIN-1995,MED-4050,-4.8867188
PLAIN-1995,MED-3351,-5.4609375
PLAIN-1995,MED-1645,-3.6054688
PLAIN-1995,MED-4775,-4.2734375
PLAIN-1995,MED-3700,-6.1640625
PLAIN-1995,MED-5257,-4.8203125
PLAIN-1995,MED-2617,-4.1289062
PLAIN-1995,MED-1860,-3.3203125
PLAIN-1995,MED-5253,-1.5976562
PLAIN-1995,MED-4331,-4.3554688
PLAIN-1995,MED-945,-4.375
PLAIN-1995,MED-5050,-3.3613281
PLAIN-1995,MED-5052,-4.7421875
PLAIN-1995,MED-2091,-3.5683594
PLAIN-1995,MED-3511,-5.34375
PLAIN-1995,MED-1847,-5.2421875
PLAIN-1995,MED-1635,-3.203125
PLAIN-2009,MED-5173,5.4335938
PLAIN-2009,MED-3951,3.2011719
PLAIN-2009,MED-1733,1.3046875
PLAIN-2009,MED-4961,1.8476562
PLAIN-2009,MED-4084,-6.5976562
PLAIN-2009,MED-1127,-5.9960938
PLAIN-2009,MED-5013,-6.4453125
PLAIN-2009,MED-4013,-5.6640625
PLAIN-2009,MED-1028,-6.3515625
PLAIN-2009,MED-1121,-6.3359375
PLAIN-2009,MED-3919,-7.5820312
PLAIN-2009,MED-1129,-7.1210938
PLAIN-2009,MED-3250,-6.4726562
PLAIN-2009,MED-3148,-6.1875
PLAIN-2009,MED-3681,-5.5429688
PLAIN-2009,MED-4080,-5.1640625
PLAIN-2009,MED-1131,-6.5390625
PLAIN-2009,MED-2128,-6.71875
PLAIN-2009,MED-2427,-8.0390625
PLAIN-2009,MED-1125,-6.8046875
PLAIN-2019,MED-4403,-7.0507812
PLAIN-2019,MED-2991,-7.703125
PLAIN-2019,MED-4805,-6.8515625
PLAIN-2019,MED-3923,-5.3789062
PLAIN-2019,MED-2365,-8.984375
PLAIN-2019,MED-3653,-7.890625
PLAIN-2019,MED-4026,-7.1328125
PLAIN-2019,MED-1655,-7.1367188
PLAIN-2019,MED-976,-8.140625
PLAIN-2019,MED-1844,-7.1914062
PLAIN-2019,MED-3847,-6.6953125
PLAIN-2019,MED-1434,-7.0820312
PLAIN-2019,MED-4728,-7.4570312
PLAIN-2019,MED-4809,-7.21875
PLAIN-2019,MED-2356,-4.5429688
PLAIN-2019,MED-1432,-6.5898438
PLAIN-2019,MED-1859,-7.4296875
PLAIN-2019,MED-3894,-7.0039062
PLAIN-2019,MED-2889,-7.1054688
PLAIN-2019,MED-3022,-8.1640625
PLAIN-2030,MED-3525,-3.7363281
PLAIN-2030,MED-2273,-4.7890625
PLAIN-2030,MED-3972,-1.5361328
PLAIN-2030,MED-5254,-3.8867188
PLAIN-2030,MED-2050,-1.3583984
PLAIN-2030,MED-3523,-4.3359375
PLAIN-2030,MED-2782,-4.8242188
PLAIN-2030,MED-1121,-4.7851562
PLAIN-2030,MED-2822,-5.5625
PLAIN-2030,MED-3895,-4.3632812
PLAIN-2030,MED-2047,-1.1367188
PLAIN-2030,MED-1512,-2.4980469
PLAIN-2030,MED-4693,-5.4140625
PLAIN-2030,MED-4406,-6.046875
PLAIN-2030,MED-4504,-4.375
PLAIN-2030,MED-4506,-3.3789062
PLAIN-2030,MED-1507,-2.8007812
PLAIN-2030,MED-1035,-3.2890625
PLAIN-2030,MED-1018,-3.8105469
PLAIN-2030,MED-3154,-2.2304688
PLAIN-2040,MED-4961,0.30810547
PLAIN-2040,MED-4933,2.0234375
PLAIN-2040,MED-4936,0.74121094
PLAIN-2040,MED-2396,-1.6630859
PLAIN-2040,MED-2678,2.0996094
PLAIN-2040,MED-4426,-1.9970703
PLAIN-2040,MED-3880,0.97314453
PLAIN-2040,MED-4354,0.67041016
PLAIN-2040,MED-3024,0.73535156
PLAIN-2040,MED-3882,-1.9746094
PLAIN-2040,MED-4960,-4.7382812
PLAIN-2040,MED-4943,0.41430664
PLAIN-2040,MED-3892,-0.31689453
PLAIN-2040,MED-2496,-3.109375
PLAIN-2040,MED-4964,-0.7636719
PLAIN-2040,MED-5094,-2.8476562
PLAIN-2040,MED-4596,-2.5644531
PLAIN-2040,MED-5171,-0.6303711
PLAIN-2040,MED-2742,-0.9589844
PLAIN-2040,MED-2391,0.40112305
PLAIN-2051,MED-1556,5.015625
PLAIN-2051,MED-1061,2.9492188
PLAIN-2051,MED-1781,2.9667969
PLAIN-2051,MED-1873,3.890625
PLAIN-2051,MED-3586,2.5859375
PLAIN-2051,MED-1072,1.3730469
PLAIN-2051,MED-1454,1.5566406
PLAIN-2051,MED-4033,2.0683594
PLAIN-2051,MED-1068,1.3505859
PLAIN-2051,MED-1455,0.9135742
PLAIN-2051,MED-1071,3.3300781
PLAIN-2051,MED-1069,2.7265625
PLAIN-2051,MED-1557,2.7851562
PLAIN-2051,MED-4005,2.2167969
PLAIN-2051,MED-4823,2.328125
PLAIN-2051,MED-1238,1.7626953
PLAIN-2051,MED-5261,0.90722656
PLAIN-2051,MED-4556,1.4238281
PLAIN-2051,MED-5014,2.6738281
PLAIN-2051,MED-1063,2.8671875
PLAIN-2061,MED-3031,2.4960938
PLAIN-2061,MED-5101,-0.87109375
PLAIN-2061,MED-3295,0.9746094
PLAIN-2061,MED-4736,1.5820312
PLAIN-2061,MED-4960,0.81591797
PLAIN-2061,MED-2411,1.2138672
PLAIN-2061,MED-2262,-0.16418457
PLAIN-2061,MED-4660,-1.9169922
PLAIN-2061,MED-1570,-1.3134766
PLAIN-2061,MED-4932,-2.5214844
PLAIN-2061,MED-4742,1.6074219
PLAIN-2061,MED-3441,-4.6367188
PLAIN-2061,MED-4968,-5.7226562
PLAIN-2061,MED-2344,0.54052734
PLAIN-2061,MED-4944,-4.25
PLAIN-2061,MED-5144,-2.8300781
PLAIN-2061,MED-2678,-1.5527344
PLAIN-2061,MED-3027,0.45117188
PLAIN-2061,MED-4948,-0.8574219
PLAIN-2061,MED-4376,-1.0849609
PLAIN-2071,MED-4306,-1.3154297
PLAIN-2071,MED-4309,2.2207031
PLAIN-2071,MED-3530,1.4316406
PLAIN-2071,MED-1349,-0.38891602
PLAIN-2071,MED-3532,0.96972656
PLAIN-2071,MED-1352,1.4433594
PLAIN-2071,MED-3661,0.1427002
PLAIN-2071,MED-3658,-0.7138672
PLAIN-2071,MED-1195,-3.0273438
PLAIN-2071,MED-3523,-3.7460938
PLAIN-2071,MED-1434,-3.5996094
PLAIN-2071,MED-1342,0.06524658
PLAIN-2071,MED-3526,1.1738281
PLAIN-2071,MED-3546,1.1113281
PLAIN-2071,MED-4691,-3.5859375
PLAIN-2071,MED-3543,-4.0078125
PLAIN-2071,MED-3527,-2.9179688
PLAIN-2071,MED-3520,-2.8339844
PLAIN-2071,MED-3919,-3.6503906
PLAIN-2071,MED-5361,-4.1757812
PLAIN-2081,MED-2700,0.14941406
PLAIN-2081,MED-4303,1.9609375
PLAIN-2081,MED-887,-2.3496094
PLAIN-2081,MED-4859,-4.7382812
PLAIN-2081,MED-4408,-4.4726562
PLAIN-2081,MED-2074,-1.8300781
PLAIN-2081,MED-4715,-7.2578125
PLAIN-2081,MED-4454,-6.3046875
PLAIN-2081,MED-4545,-6.7695312
PLAIN-2081,MED-859,-0.5629883
PLAIN-2081,MED-917,-3.1386719
PLAIN-2081,MED-2671,-1.0175781
PLAIN-2081,MED-5002,-7.890625
PLAIN-2081,MED-3087,-5.5429688
PLAIN-2081,MED-4909,-7.3867188
PLAIN-2081,MED-2422,-7.953125
PLAIN-2081,MED-885,-7.8125
PLAIN-2081,MED-3808,-5.6132812
PLAIN-2081,MED-2098,-5.8398438
PLAIN-2081,MED-3123,-7.5703125
PLAIN-2092,MED-1434,5.3554688
PLAIN-2092,MED-1436,4.5390625
PLAIN-2092,MED-1437,3.546875
PLAIN-2092,MED-1432,4.2773438
PLAIN-2092,MED-1440,2.5585938
PLAIN-2092,MED-3661,-4.421875
PLAIN-2092,MED-1525,-7.71875
PLAIN-2092,MED-4309,-5.5703125
PLAIN-2092,MED-3658,-5.2304688
PLAIN-2092,MED-2036,-5.9960938
PLAIN-2092,MED-3526,-5.6445312
PLAIN-2092,MED-4565,-6.9023438
PLAIN-2092,MED-1016,-7.109375
PLAIN-2092,MED-1860,-6.6054688
PLAIN-2092,MED-1522,-5.6445312
PLAIN-2092,MED-1861,-7.8515625
PLAIN-2092,MED-4138,-7.7070312
PLAIN-2092,MED-3894,-6.8789062
PLAIN-2092,MED-3532,-7.296875
PLAIN-2092,MED-4582,-9.90625
PLAIN-2102,MED-3318,1.7392578
PLAIN-2102,MED-1603,2.4921875
PLAIN-2102,MED-5159,0.67626953
PLAIN-2102,MED-1545,1.2675781
PLAIN-2102,MED-3033,2.6972656
PLAIN-2102,MED-1598,0.2854004
PLAIN-2102,MED-952,-3.3867188
PLAIN-2102,MED-2237,2.2226562
PLAIN-2102,MED-4825,-0.34106445
PLAIN-2102,MED-3046,3.140625
PLAIN-2102,MED-3634,1.7802734
PLAIN-2102,MED-759,1.5654297
PLAIN-2102,MED-2679,-1.2060547
PLAIN-2102,MED-1524,-1.3417969
PLAIN-2102,MED-1599,1.7392578
PLAIN-2102,MED-761,1.0048828
PLAIN-2102,MED-3544,2.4277344
PLAIN-2102,MED-2221,0.19799805
PLAIN-2102,MED-2306,0.28173828
PLAIN-2102,MED-1051,1.515625
PLAIN-2113,MED-1182,-2.3320312
PLAIN-2113,MED-2099,-3.4589844
PLAIN-2113,MED-1757,-3.2871094
PLAIN-2113,MED-915,-4.3632812
PLAIN-2113,MED-4320,-2.8164062
PLAIN-2113,MED-3308,-6.0078125
PLAIN-2113,MED-2098,-5.15625
PLAIN-2113,MED-2010,-5.2695312
PLAIN-2113,MED-2094,-7.4296875
PLAIN-2113,MED-3027,-7.984375
PLAIN-2113,MED-913,-6.6054688
PLAIN-2113,MED-2489,-8.2578125
PLAIN-2113,MED-1178,-6.8007812
PLAIN-2113,MED-3590,-6.0
PLAIN-2113,MED-1743,-7.5429688
PLAIN-2113,MED-2335,-7.2773438
PLAIN-2113,MED-3890,-2.0390625
PLAIN-2113,MED-859,-5.6992188
PLAIN-2113,MED-4687,-7.140625
PLAIN-2113,MED-4206,-7.140625
PLAIN-2124,MED-1525,3.2558594
PLAIN-2124,MED-1522,3.9316406
PLAIN-2124,MED-1520,-4.046875
PLAIN-2124,MED-1009,-5.84375
PLAIN-2124,MED-1012,-4.2265625
PLAIN-2124,MED-1519,-4.53125
PLAIN-2124,MED-1526,-4.4882812
PLAIN-2124,MED-1005,-4.984375
PLAIN-2124,MED-1521,-5.3203125
PLAIN-2124,MED-1241,-4.90625
PLAIN-2124,MED-1008,-5.390625
PLAIN-2124,MED-1244,-4.78125
PLAIN-2124,MED-1523,-6.5703125
PLAIN-2124,MED-1246,-5.8164062
PLAIN-2124,MED-4546,-5.5625
PLAIN-2124,MED-3310,-6.3203125
PLAIN-2124,MED-3821,-7.421875
PLAIN-2124,MED-5142,-6.7539062
PLAIN-2124,MED-4376,-1.6884766
PLAIN-2124,MED-2170,-6.5117188
PLAIN-2134,MED-3153,-8.03125
PLAIN-2134,MED-4868,-7.328125
PLAIN-2134,MED-3958,-6.9453125
PLAIN-2134,MED-760,-6.40625
PLAIN-2134,MED-1525,-6.5820312
PLAIN-2134,MED-3669,-8.59375
PLAIN-2134,MED-1299,-4.8320312
PLAIN-2134,MED-1503,-7.2226562
PLAIN-2134,MED-4385,-9.7265625
PLAIN-2134,MED-3882,-6.8007812
PLAIN-2134,MED-2669,-7.1601562
PLAIN-2134,MED-3670,-3.2089844
PLAIN-2134,MED-3476,-3.1855469
PLAIN-2134,MED-2895,-6.0351562
PLAIN-2134,MED-5070,-7.015625
PLAIN-2134,MED-3351,-9.9921875
PLAIN-2134,MED-830,-7.859375
PLAIN-2134,MED-5142,-5.9296875
PLAIN-2134,MED-2080,-8.3515625
PLAIN-2134,MED-5178,-3.7324219
PLAIN-2145,MED-743,1.6337891
PLAIN-2145,MED-2891,2.1269531
PLAIN-2145,MED-3643,-5.171875
PLAIN-2145,MED-3637,-7.3867188
PLAIN-2145,MED-3894,-5.9921875
PLAIN-2145,MED-5108,-6.015625
PLAIN-2145,MED-3519,-7.1328125
PLAIN-2145,MED-3528,-7.609375
PLAIN-2145,MED-3648,-7.5976562
PLAIN-2145,MED-2094,-7.3515625
PLAIN-2145,MED-1785,-6.4609375
PLAIN-2145,MED-1293,0.15234375
PLAIN-2145,MED-3918,0.60498047
PLAIN-2145,MED-3526,-6.2460938
PLAIN-2145,MED-4457,-4.5390625
PLAIN-2145,MED-1300,-6.0625
PLAIN-2145,MED-3639,-6.4570312
PLAIN-2145,MED-3642,-6.9492188
PLAIN-2145,MED-3641,-7.3242188
PLAIN-2145,MED-4705,-6.8554688
PLAIN-2156,MED-4868,4.3320312
PLAIN-2156,MED-5055,0.9238281
PLAIN-2156,MED-4867,2.0683594
PLAIN-2156,MED-4807,-5.1523438
PLAIN-2156,MED-2807,-5.9453125
PLAIN-2156,MED-2098,-4.8710938
PLAIN-2156,MED-1860,-4.4257812
PLAIN-2156,MED-14,-3.5019531
PLAIN-2156,MED-1525,-7.015625
PLAIN-2156,MED-3655,-6.2617188
PLAIN-2156,MED-835,-6.1367188
PLAIN-2156,MED-2827,-5.7304688
PLAIN-2156,MED-4846,-4.4765625
PLAIN-2156,MED-2079,-3.6894531
PLAIN-2156,MED-10,-4.6484375
PLAIN-2156,MED-947,-5.3046875
PLAIN-2156,MED-4032,-6.6679688
PLAIN-2156,MED-2429,-4.7226562
PLAIN-2156,MED-2219,-5.7890625
PLAIN-2156,MED-1867,-4.2382812
PLAIN-2167,MED-1230,-4.71875
PLAIN-2167,MED-4366,-7.5859375
PLAIN-2167,MED-2488,-1.5683594
PLAIN-2167,MED-3869,-7.7460938
PLAIN-2167,MED-4506,-6.6757812
PLAIN-2167,MED-3730,-7.859375
PLAIN-2167,MED-4504,-7.0
PLAIN-2167,MED-2145,-7.796875
PLAIN-2167,MED-4172,-7.8789062
PLAIN-2167,MED-4212,-3.9257812
PLAIN-2167,MED-3775,-10.4375
PLAIN-2167,MED-2726,-6.3046875
PLAIN-2167,MED-3377,-2.3769531
PLAIN-2167,MED-1167,-9.6953125
PLAIN-2167,MED-2461,-9.171875
PLAIN-2167,MED-3487,-8.6015625
PLAIN-2167,MED-2395,-7.375
PLAIN-2167,MED-4107,-6.453125
PLAIN-2167,MED-1627,-9.2734375
PLAIN-2167,MED-4188,-8.546875
PLAIN-2177,MED-1185,-1.4179688
PLAIN-2177,MED-3282,3.2441406
PLAIN-2177,MED-1421,1.5292969
PLAIN-2177,MED-1184,0.12243652
PLAIN-2177,MED-1418,-1.5273438
PLAIN-2177,MED-4499,0.56103516
PLAIN-2177,MED-3816,-2.9101562
PLAIN-2177,MED-2068,-1.5185547
PLAIN-2177,MED-895,-0.7519531
PLAIN-2177,MED-4454,-0.6191406
PLAIN-2177,MED-4460,-0.63720703
PLAIN-2177,MED-4605,-4.8203125
PLAIN-2177,MED-4167,-3.0507812
PLAIN-2177,MED-2065,-2.5039062
PLAIN-2177,MED-2071,-2.9765625
PLAIN-2177,MED-4909,-5.7460938
PLAIN-2177,MED-2313,1.0263672
PLAIN-2177,MED-4458,-2.1855469
PLAIN-2177,MED-723,-0.9477539
PLAIN-2177,MED-2235,-1.7988281
PLAIN-2187,MED-3775,-6.03125
PLAIN-2187,MED-1498,-8.3203125
PLAIN-2187,MED-1751,-7.7304688
PLAIN-2187,MED-3677,-6.8203125
PLAIN-2187,MED-1120,-6.9765625
PLAIN-2187,MED-3056,-6.390625
PLAIN-2187,MED-3487,-5.765625
PLAIN-2187,MED-4840,-7.5039062
PLAIN-2187,MED-4366,-5.5742188
PLAIN-2187,MED-1349,-5.6210938
PLAIN-2187,MED-2231,-4.9492188
PLAIN-2187,MED-2323,-5.9882812
PLAIN-2187,MED-4860,-6.0664062
PLAIN-2187,MED-1830,-1.7392578
PLAIN-2187,MED-4539,-4.078125
PLAIN-2187,MED-1352,-4.4414062
PLAIN-2187,MED-1777,-8.546875
PLAIN-2187,MED-1838,-4.7226562
PLAIN-2187,MED-1671,-3.7578125
PLAIN-2187,MED-4504,-4.6171875
PLAIN-2197,MED-5054,1.5722656
PLAIN-2197,MED-1625,2.7441406
PLAIN-2197,MED-5056,3.4316406
PLAIN-2197,MED-4120,1.40625
PLAIN-2197,MED-3733,-0.1303711
PLAIN-2197,MED-4822,1.1416016
PLAIN-2197,MED-1627,2.390625
PLAIN-2197,MED-5053,0.4182129
PLAIN-2197,MED-1710,-0.5522461
PLAIN-2197,MED-5057,0.8491211
PLAIN-2197,MED-4868,0.48754883
PLAIN-2197,MED-1108,0.83251953
PLAIN-2197,MED-2276,-2.2597656
PLAIN-2197,MED-1623,-0.9345703
PLAIN-2197,MED-2206,-5.5078125
PLAIN-2197,MED-2209,-6.6835938
PLAIN-2197,MED-3810,-3.0390625
PLAIN-2197,MED-3464,-3.1054688
PLAIN-2197,MED-4126,-1.1074219
PLAIN-2197,MED-4869,-3.6152344
PLAIN-2209,MED-4200,-7.265625
PLAIN-2209,MED-3808,-1.3457031
PLAIN-2209,MED-1853,-5.796875
PLAIN-2209,MED-2449,-4.7304688
PLAIN-2209,MED-4884,-2.3144531
PLAIN-2209,MED-3099,-5.4179688
PLAIN-2209,MED-2170,-5.4453125
PLAIN-2209,MED-4977,-5.4453125
PLAIN-2209,MED-1845,-6.8007812
PLAIN-2209,MED-3972,-6.0195312
PLAIN-2209,MED-2696,-6.7226562
PLAIN-2209,MED-5002,-5.0117188
PLAIN-2209,MED-5257,-7.3515625
PLAIN-2209,MED-4780,-6.0273438
PLAIN-2209,MED-3466,-5.21875
PLAIN-2209,MED-3533,-5.0703125
PLAIN-2209,MED-1779,-5.8671875
PLAIN-2209,MED-5276,-7.5859375
PLAIN-2209,MED-1850,-7.125
PLAIN-2209,MED-4027,-5.8632812
PLAIN-2220,MED-4976,2.1953125
PLAIN-2220,MED-5002,-0.97509766
PLAIN-2220,MED-1098,-5.4804688
PLAIN-2220,MED-1165,-4.2265625
PLAIN-2220,MED-4816,-4.3046875
PLAIN-2220,MED-2170,-4.4179688
PLAIN-2220,MED-4977,-4.4179688
PLAIN-2220,MED-4713,-6.8671875
PLAIN-2220,MED-2449,-3.9453125
PLAIN-2220,MED-3955,-4.4375
PLAIN-2220,MED-5171,-4.1796875
PLAIN-2220,MED-2091,-3.2988281
PLAIN-2220,MED-4878,-5.4179688
PLAIN-2220,MED-3599,-5.8828125
PLAIN-2220,MED-1958,-5.2617188
PLAIN-2220,MED-1160,-6.3632812
PLAIN-2220,MED-1683,-8.296875
PLAIN-2220,MED-865,-5.15625
PLAIN-2220,MED-1100,-4.671875
PLAIN-2220,MED-1963,-5.1054688
PLAIN-2230,MED-4309,0.50878906
PLAIN-2230,MED-5120,-6.0273438
PLAIN-2230,MED-4546,-1.140625
PLAIN-2230,MED-3821,-6.2617188
PLAIN-2230,MED-1888,-4.2578125
PLAIN-2230,MED-3788,-5.40625
PLAIN-2230,MED-5050,-4.6835938
PLAIN-2230,MED-2831,-6.4414062
PLAIN-2230,MED-3817,-4.9492188
PLAIN-2230,MED-3543,-6.1015625
PLAIN-2230,MED-3542,-3.4628906
PLAIN-2230,MED-5000,-5.2929688
PLAIN-2230,MED-4114,-4.9023438
PLAIN-2230,MED-4958,-4.765625
PLAIN-2230,MED-3783,-6.6054688
PLAIN-2230,MED-1002,-4.5117188
PLAIN-2230,MED-3780,-4.7539062
PLAIN-2230,MED-4977,-5.0742188
PLAIN-2230,MED-2170,-5.0742188
PLAIN-2230,MED-2166,-5.3007812
PLAIN-2240,MED-3969,5.6015625
PLAIN-2240,MED-3970,2.8222656
PLAIN-2240,MED-3963,1.2480469
PLAIN-2240,MED-1956,-2.2050781
PLAIN-2240,MED-895,-5.7304688
PLAIN-2240,MED-4666,-5.6445312
PLAIN-2240,MED-4937,-5.1484375
PLAIN-2240,MED-5000,-10.0078125
PLAIN-2240,MED-2261,-4.9023438
PLAIN-2240,MED-1774,-3.6582031
PLAIN-2240,MED-4940,-4.1171875
PLAIN-2240,MED-4418,-4.3242188
PLAIN-2240,MED-3809,-8.5859375
PLAIN-2240,MED-1839,-6.8164062
PLAIN-2240,MED-1002,-4.9023438
PLAIN-2240,MED-4059,-7.6914062
PLAIN-2240,MED-3282,-5.7695312
PLAIN-2240,MED-2254,-3.5566406
PLAIN-2240,MED-4516,-4.703125
PLAIN-2240,MED-855,-5.671875
PLAIN-2250,MED-5094,-4.1601562
PLAIN-2250,MED-2210,-3.3613281
PLAIN-2250,MED-3311,-5.71875
PLAIN-2250,MED-3175,-6.703125
PLAIN-2250,MED-2092,-5.109375
PLAIN-2250,MED-2089,-5.3359375
PLAIN-2250,MED-4032,-6.8164062
PLAIN-2250,MED-2360,-6.5703125
PLAIN-2250,MED-2346,-4.2578125
PLAIN-2250,MED-5024,-4.25
PLAIN-2250,MED-2449,-7.2851562
PLAIN-2250,MED-3890,-5.3203125
PLAIN-2250,MED-3717,-10.640625
PLAIN-2250,MED-3294,-6.8671875
PLAIN-2250,MED-4839,-8.1640625
PLAIN-2250,MED-4437,-5.8359375
PLAIN-2250,MED-2091,-5.8632812
PLAIN-2250,MED-4819,-5.6132812
PLAIN-2250,MED-4967,-5.796875
PLAIN-2250,MED-911,-6.4023438
PLAIN-2261,MED-3599,-0.010498047
PLAIN-2261,MED-1455,0.5073242
PLAIN-2261,MED-3598,1.4375
PLAIN-2261,MED-4556,1.1748047
PLAIN-2261,MED-3355,-3.3125
PLAIN-2261,MED-1238,-3.6113281
PLAIN-2261,MED-3597,2.015625
PLAIN-2261,MED-4333,-2.2011719
PLAIN-2261,MED-3358,-4.1054688
PLAIN-2261,MED-1454,-2.7070312
PLAIN-2261,MED-1700,2.4882812
PLAIN-2261,MED-1921,-3.09375
PLAIN-2261,MED-3494,-5.9921875
PLAIN-2261,MED-4823,-3.5761719
PLAIN-2261,MED-4005,-4.2617188
PLAIN-2261,MED-3586,-4.765625
PLAIN-2261,MED-2850,1.7685547
PLAIN-2261,MED-4249,-4.0117188
PLAIN-2261,MED-2697,-4.2304688
PLAIN-2261,MED-1072,-4.421875
PLAIN-2271,MED-1747,4.46875
PLAIN-2271,MED-2409,-3.4511719
PLAIN-2271,MED-1700,3.1972656
PLAIN-2271,MED-1497,-5.7695312
PLAIN-2271,MED-5317,-4.0546875
PLAIN-2271,MED-1498,-6.1601562
PLAIN-2271,MED-1170,1.3554688
PLAIN-2271,MED-1502,-5.671875
PLAIN-2271,MED-1579,-7.09375
PLAIN-2271,MED-2507,-2.8808594
PLAIN-2271,MED-2722,-2.5214844
PLAIN-2271,MED-2820,1.2246094
PLAIN-2271,MED-3598,-0.10101318
PLAIN-2271,MED-1987,-1.6416016
PLAIN-2271,MED-4628,-0.6430664
PLAIN-2271,MED-3937,-2.234375
PLAIN-2271,MED-1343,-0.5053711
PLAIN-2271,MED-5313,-2.7910156
PLAIN-2271,MED-5217,-1.6884766
PLAIN-2271,MED-1844,0.7915039
PLAIN-2281,MED-4235,-6.3710938
PLAIN-2281,MED-3156,-3.6445312
PLAIN-2281,MED-4073,-6.3125
PLAIN-2281,MED-4972,-5.1445312
PLAIN-2281,MED-5081,-6.8125
PLAIN-2281,MED-3933,-8.96875
PLAIN-2281,MED-3637,-7.4609375
PLAIN-2281,MED-2116,-7.25
PLAIN-2281,MED-5206,-8.90625
PLAIN-2281,MED-3645,-6.6015625
PLAIN-2281,MED-2173,-6.109375
PLAIN-2281,MED-3302,-7.5625
PLAIN-2281,MED-4978,-6.515625
PLAIN-2281,MED-2504,-9.4453125
PLAIN-2281,MED-5007,-5.125
PLAIN-2281,MED-4337,-5.5429688
PLAIN-2281,MED-3599,-5.6953125
PLAIN-2281,MED-3646,-6.25
PLAIN-2281,MED-3477,-7.71875
PLAIN-2281,MED-2580,-5.7929688
PLAIN-2291,MED-4493,-3.1484375
PLAIN-2291,MED-5063,-5.8515625
PLAIN-2291,MED-2391,-5.0429688
PLAIN-2291,MED-5105,-4.7539062
PLAIN-2291,MED-1165,-2.0546875
PLAIN-2291,MED-3970,-4.1835938
PLAIN-2291,MED-4976,-4.9765625
PLAIN-2291,MED-1208,-5.6601562
PLAIN-2291,MED-4554,-2.5625
PLAIN-2291,MED-4494,-1.6435547
PLAIN-2291,MED-4053,-5.4375
PLAIN-2291,MED-2704,-6.1132812
PLAIN-2291,MED-913,-3.390625
PLAIN-2291,MED-4451,-5.8007812
PLAIN-2291,MED-891,-4.703125
PLAIN-2291,MED-2418,-3.1855469
PLAIN-2291,MED-2420,-4.8359375
PLAIN-2291,MED-2654,-6.640625
PLAIN-2291,MED-3371,-4.7617188
PLAIN-2291,MED-3096,-3.8925781
PLAIN-2301,MED-5254,-1.3515625
PLAIN-2301,MED-4600,-7.53125
PLAIN-2301,MED-3644,-1.8173828
PLAIN-2301,MED-2047,-5.7617188
PLAIN-2301,MED-4691,-1.7539062
PLAIN-2301,MED-2272,-4.3320312
PLAIN-2301,MED-4665,-2.6855469
PLAIN-2301,MED-2428,-4.0898438
PLAIN-2301,MED-3778,-2.5664062
PLAIN-2301,MED-3220,-4.8828125
PLAIN-2301,MED-3235,-4.8828125
PLAIN-2301,MED-5053,-2.21875
PLAIN-2301,MED-4160,-2.2773438
PLAIN-2301,MED-2050,-6.4140625
PLAIN-2301,MED-1593,-2.4140625
PLAIN-2301,MED-557,-3.2929688
PLAIN-2301,MED-3956,-4.8710938
PLAIN-2301,MED-4370,-5.234375
PLAIN-2301,MED-3844,-2.6484375
PLAIN-2301,MED-4925,-3.7851562
PLAIN-2311,MED-1312,-4.9023438
PLAIN-2311,MED-3248,-3.5488281
PLAIN-2311,MED-874,-0.24975586
PLAIN-2311,MED-3320,-4.90625
PLAIN-2311,MED-3655,-4.2578125
PLAIN-2311,MED-4962,-4.1875
PLAIN-2311,MED-5200,-2.0117188
PLAIN-2311,MED-1027,-5.4492188
PLAIN-2311,MED-4249,-3.4140625
PLAIN-2311,MED-873,-3.0292969
PLAIN-2311,MED-4001,-6.0039062
PLAIN-2311,MED-953,-3.7109375
PLAIN-2311,MED-5061,-6.0820312
PLAIN-2311,MED-4085,-7.203125
PLAIN-2311,MED-4968,-7.859375
PLAIN-2311,MED-4778,-7.1367188
PLAIN-2311,MED-5127,-5.0664062
PLAIN-2311,MED-1026,-4.328125
PLAIN-2311,MED-3657,-5.4257812
PLAIN-2311,MED-5340,-7.2695312
PLAIN-2321,MED-5141,-4.0507812
PLAIN-2321,MED-3653,-6.2382812
PLAIN-2321,MED-4085,-5.6484375
PLAIN-2321,MED-1801,-1.6972656
PLAIN-2321,MED-4800,-5.5625
PLAIN-2321,MED-1956,-6.8398438
PLAIN-2321,MED-4626,-5.0898438
PLAIN-2321,MED-3778,-5.75
PLAIN-2321,MED-4990,-6.2617188
PLAIN-2321,MED-4988,-6.2617188
PLAIN-2321,MED-2991,-7.0234375
PLAIN-2321,MED-1797,-4.7304688
PLAIN-2321,MED-5322,-4.7617188
PLAIN-2321,MED-1430,-3.859375
PLAIN-2321,MED-1610,-4.671875
PLAIN-2321,MED-4427,-9.2109375
PLAIN-2321,MED-2745,-6.2304688
PLAIN-2321,MED-1458,-4.09375
PLAIN-2321,MED-3557,-4.9726562
PLAIN-2321,MED-1723,-4.5625
PLAIN-2332,MED-4766,1.8896484
PLAIN-2332,MED-4968,-4.5664062
PLAIN-2332,MED-3974,0.55126953
PLAIN-2332,MED-4962,-1.0654297
PLAIN-2332,MED-3649,-2.625
PLAIN-2332,MED-3154,-3.8554688
PLAIN-2332,MED-3509,-0.57910156
PLAIN-2332,MED-1216,-2.8808594
PLAIN-2332,MED-5281,0.28515625
PLAIN-2332,MED-5023,-4.4023438
PLAIN-2332,MED-3655,-2.0625
PLAIN-2332,MED-1803,-3.1171875
PLAIN-2332,MED-3972,-2.484375
PLAIN-2332,MED-4136,-1.1220703
PLAIN-2332,MED-3561,0.18286133
PLAIN-2332,MED-5339,-3.4570312
PLAIN-2332,MED-1220,-2.5605469
PLAIN-2332,MED-1484,-2.1289062
PLAIN-2332,MED-4809,-3.3984375
PLAIN-2332,MED-2476,-3.5097656
PLAIN-2343,MED-716,-5.1875
PLAIN-2343,MED-4872,1.0810547
PLAIN-2343,MED-994,-3.5703125
PLAIN-2343,MED-3985,-5.3789062
PLAIN-2343,MED-962,-4.578125
PLAIN-2343,MED-3990,-4.5898438
PLAIN-2343,MED-4566,-4.4375
PLAIN-2343,MED-4470,-4.3867188
PLAIN-2343,MED-922,-3.0390625
PLAIN-2343,MED-4575,-5.5976562
PLAIN-2343,MED-3986,-4.7734375
PLAIN-2343,MED-4570,-4.984375
PLAIN-2343,MED-3453,-2.2871094
PLAIN-2343,MED-980,-2.9316406
PLAIN-2343,MED-4574,-4.6835938
PLAIN-2343,MED-941,-6.2773438
PLAIN-2343,MED-4929,-3.9921875
PLAIN-2343,MED-3157,-5.8242188
PLAIN-2343,MED-2762,-1.5126953
PLAIN-2343,MED-4573,-5.4492188
PLAIN-2354,MED-2152,3.4863281
PLAIN-2354,MED-4303,2.1699219
PLAIN-2354,MED-4249,1.0185547
PLAIN-2354,MED-4709,3.7714844
PLAIN-2354,MED-5153,2.4550781
PLAIN-2354,MED-2378,2.6972656
PLAIN-2354,MED-4708,-1.2919922
PLAIN-2354,MED-1785,-2.421875
PLAIN-2354,MED-4001,-3.4492188
PLAIN-2354,MED-2379,-2.3671875
PLAIN-2354,MED-4302,-5.1679688
PLAIN-2354,MED-4004,-2.3828125
PLAIN-2354,MED-4002,-3.6582031
PLAIN-2354,MED-1386,-5.0
PLAIN-2354,MED-4705,-2.3378906
PLAIN-2354,MED-5016,-4.1367188
PLAIN-2354,MED-4000,-4.4257812
PLAIN-2354,MED-2384,-3.9355469
PLAIN-2354,MED-2381,-6.1171875
PLAIN-2354,MED-5274,-3.7167969
PLAIN-2364,MED-2721,4.09375
PLAIN-2364,MED-4261,2.7851562
PLAIN-2364,MED-5004,5.2148438
PLAIN-2364,MED-1807,2.9824219
PLAIN-2364,MED-4291,0.75341797
PLAIN-2364,MED-4707,1.9160156
PLAIN-2364,MED-4152,0.7338867
PLAIN-2364,MED-1365,0.9350586
PLAIN-2364,MED-2723,-0.17663574
PLAIN-2364,MED-3751,2.2050781
PLAIN-2364,MED-2722,-0.8569336
PLAIN-2364,MED-3896,3.7851562
PLAIN-2364,MED-4287,2.7070312
PLAIN-2364,MED-5230,2.0097656
PLAIN-2364,MED-1446,0.38378906
PLAIN-2364,MED-1518,1.5244141
PLAIN-2364,MED-3489,-0.74658203
PLAIN-2364,MED-4764,1.7900391
PLAIN-2364,MED-4292,-0.23937988
PLAIN-2364,MED-3201,1.8916016
PLAIN-2375,MED-3923,-5.3632812
PLAIN-2375,MED-4668,-6.7578125
PLAIN-2375,MED-2450,-0.7753906
PLAIN-2375,MED-2700,-5.1367188
PLAIN-2375,MED-2456,-1.0458984
PLAIN-2375,MED-2337,-4.4648438
PLAIN-2375,MED-3971,-7.0351562
PLAIN-2375,MED-691,-6.4140625
PLAIN-2375,MED-906,-4.6875
PLAIN-2375,MED-2476,-5.5507812
PLAIN-2375,MED-2032,-3.7226562
PLAIN-2375,MED-990,-2.5800781
PLAIN-2375,MED-2014,-2.7382812
PLAIN-2375,MED-4075,-5.2070312
PLAIN-2375,MED-3972,-4.7773438
PLAIN-2375,MED-5212,-2.4121094
PLAIN-2375,MED-2889,-5.6445312
PLAIN-2375,MED-4256,-4.8945312
PLAIN-2375,MED-2497,-1.4179688
PLAIN-2375,MED-1435,-2.8535156
PLAIN-2386,MED-2346,-0.86816406
PLAIN-2386,MED-1757,-6.2304688
PLAIN-2386,MED-1218,-4.7929688
PLAIN-2386,MED-1755,-5.6640625
PLAIN-2386,MED-1977,-5.5742188
PLAIN-2386,MED-4968,-7.4101562
PLAIN-2386,MED-4957,-4.4101562
PLAIN-2386,MED-5322,-6.484375
PLAIN-2386,MED-4198,-2.2128906
PLAIN-2386,MED-1759,-5.46875
PLAIN-2386,MED-4594,-6.28125
PLAIN-2386,MED-4593,-5.7695312
PLAIN-2386,MED-4363,-6.484375
PLAIN-2386,MED-1979,-6.703125
PLAIN-2386,MED-4801,-7.0390625
PLAIN-2386,MED-3884,-6.1757812
PLAIN-2386,MED-1978,-6.0898438
PLAIN-2386,MED-4429,-5.6445312
PLAIN-2386,MED-2759,-8.1640625
PLAIN-2386,MED-4437,-7.09375
PLAIN-2396,MED-3530,-0.30151367
PLAIN-2396,MED-1267,-0.65966797
PLAIN-2396,MED-5118,1.4443359
PLAIN-2396,MED-4137,-2.5117188
PLAIN-2396,MED-1747,3.5019531
PLAIN-2396,MED-5292,-4.1914062
PLAIN-2396,MED-4007,-0.56103516
PLAIN-2396,MED-3820,4.2539062
PLAIN-2396,MED-5049,3.6855469
PLAIN-2396,MED-4876,-1.0009766
PLAIN-2396,MED-5303,-4.3125
PLAIN-2396,MED-1266,-3.2734375
PLAIN-2396,MED-4133,-0.08404541
PLAIN-2396,MED-5296,-3.2128906
PLAIN-2396,MED-5294,-6.4453125
PLAIN-2396,MED-4668,-7.3554688
PLAIN-2396,MED-1923,-2.1621094
PLAIN-2396,MED-1282,-2.3496094
PLAIN-2396,MED-4428,-2.1679688
PLAIN-2396,MED-3396,-1.9902344
PLAIN-2408,MED-2041,-6.9921875
PLAIN-2408,MED-4595,-6.1523438
PLAIN-2408,MED-2089,-7.0546875
PLAIN-2408,MED-4705,-6.671875
PLAIN-2408,MED-2404,-7.0429688
PLAIN-2408,MED-4523,-6.3554688
PLAIN-2408,MED-2888,-4.3984375
PLAIN-2408,MED-1457,-4.7382812
PLAIN-2408,MED-2893,-5.046875
PLAIN-2408,MED-873,-3.3671875
PLAIN-2408,MED-1068,-5.9648438
PLAIN-2408,MED-2559,-7.2734375
PLAIN-2408,MED-2287,-6.6601562
PLAIN-2408,MED-4666,-4.7265625
PLAIN-2408,MED-4729,-6.6640625
PLAIN-2408,MED-5016,-7.9960938
PLAIN-2408,MED-2384,-6.5078125
PLAIN-2408,MED-1442,-6.5742188
PLAIN-2408,MED-4915,-6.6210938
PLAIN-2408,MED-3876,-3.1503906
PLAIN-2430,MED-994,1.8525391
PLAIN-2430,MED-980,-0.7216797
PLAIN-2430,MED-986,-0.17578125
PLAIN-2430,MED-5128,-2.0351562
PLAIN-2430,MED-5129,-4.5
PLAIN-2430,MED-3990,-4.640625
PLAIN-2430,MED-3452,-5.5976562
PLAIN-2430,MED-2670,-7.3867188
PLAIN-2430,MED-4860,-5.6367188
PLAIN-2430,MED-5132,-7.796875
PLAIN-2430,MED-716,-6.9765625
PLAIN-2430,MED-2667,-5.09375
PLAIN-2430,MED-5136,-3.546875
PLAIN-2430,MED-5131,-4.6796875
PLAIN-2430,MED-921,-6.796875
PLAIN-2430,MED-2946,-4.765625
PLAIN-2430,MED-4575,-7.7304688
PLAIN-2430,MED-2665,-4.7148438
PLAIN-2430,MED-4574,-6.7617188
PLAIN-2430,MED-3985,-7.3164062
PLAIN-2440,MED-1792,-0.49194336
PLAIN-2440,MED-4580,-2.3007812
PLAIN-2440,MED-5069,-2.8066406
PLAIN-2440,MED-5019,-0.5805664
PLAIN-2440,MED-2747,-4.734375
PLAIN-2440,MED-2997,-6.1875
PLAIN-2440,MED-1146,-4.796875
PLAIN-2440,MED-1650,-7.5742188
PLAIN-2440,MED-3001,-5.0625
PLAIN-2440,MED-4613,-3.8671875
PLAIN-2440,MED-4255,-3.8671875
PLAIN-2440,MED-4697,-5.3242188
PLAIN-2440,MED-2900,-4.1523438
PLAIN-2440,MED-5033,-4.4648438
PLAIN-2440,MED-3441,-6.125
PLAIN-2440,MED-4590,-4.3007812
PLAIN-2440,MED-1053,-0.8803711
PLAIN-2440,MED-2924,-3.8808594
PLAIN-2440,MED-4414,-0.83447266
PLAIN-2440,MED-2146,-6.2578125
PLAIN-2450,MED-1140,5.9023438
PLAIN-2450,MED-1178,5.2851562
PLAIN-2450,MED-1179,2.2304688
PLAIN-2450,MED-1151,1.96875
PLAIN-2450,MED-1143,0.1640625
PLAIN-2450,MED-1149,0.6928711
PLAIN-2450,MED-1174,-1.4716797
PLAIN-2450,MED-1169,1.4960938
PLAIN-2450,MED-1144,2.5546875
PLAIN-2450,MED-1150,0.26049805
PLAIN-2450,MED-1173,1.0039062
PLAIN-2450,MED-1181,1.0556641
PLAIN-2450,MED-1182,-1.5576172
PLAIN-2450,MED-2490,-1.6923828
PLAIN-2450,MED-1148,-2.1210938
PLAIN-2450,MED-1164,-1.6972656
PLAIN-2450,MED-1162,-0.38183594
PLAIN-2450,MED-4181,-7.0351562
PLAIN-2450,MED-2407,-3.6054688
PLAIN-2450,MED-913,-4.8867188
PLAIN-2460,MED-1062,-0.38720703
PLAIN-2460,MED-1716,-5.171875
PLAIN-2460,MED-1672,-4.0273438
PLAIN-2460,MED-1455,-3.5175781
PLAIN-2460,MED-5270,-4.0703125
PLAIN-2460,MED-5233,-3.1074219
PLAIN-2460,MED-1063,-0.8857422
PLAIN-2460,MED-4101,-4.5351562
PLAIN-2460,MED-4758,-4.1015625
PLAIN-2460,MED-2411,-2.5214844
PLAIN-2460,MED-1238,-3.0566406
PLAIN-2460,MED-3028,-3.4023438
PLAIN-2460,MED-4333,-0.0055389404
PLAIN-2460,MED-2154,-3.7285156
PLAIN-2460,MED-1236,-4.734375
PLAIN-2460,MED-5229,-5.875
PLAIN-2460,MED-2405,-2.4707031
PLAIN-2460,MED-1611,-5.8828125
PLAIN-2460,MED-1464,-3.4863281
PLAIN-2460,MED-2406,-2.8261719
PLAIN-2470,MED-1337,2.3984375
PLAIN-2470,MED-4722,-0.46435547
PLAIN-2470,MED-2123,-5.9726562
PLAIN-2470,MED-1229,-5.9726562
PLAIN-2470,MED-1340,0.09625244
PLAIN-2470,MED-4894,-5.3046875
PLAIN-2470,MED-4897,-1.7265625
PLAIN-2470,MED-3228,-5.6484375
PLAIN-2470,MED-3215,-5.9648438
PLAIN-2470,MED-4902,-4.7539062
PLAIN-2470,MED-1226,-6.0664062
PLAIN-2470,MED-904,-4.9414062
PLAIN-2470,MED-2771,-6.4179688
PLAIN-2470,MED-3229,-6.3046875
PLAIN-2470,MED-1338,-3.0078125
PLAIN-2470,MED-2772,-6.3984375
PLAIN-2470,MED-3216,-6.2929688
PLAIN-2470,MED-4751,-7.1875
PLAIN-2470,MED-4396,-6.8125
PLAIN-2470,MED-1223,-6.1914062
PLAIN-2480,MED-3964,2.4765625
PLAIN-2480,MED-1187,1.1972656
PLAIN-2480,MED-1582,1.1357422
PLAIN-2480,MED-4628,2.140625
PLAIN-2480,MED-1576,1.0966797
PLAIN-2480,MED-2811,-1.3935547
PLAIN-2480,MED-2782,-1.6298828
PLAIN-2480,MED-890,-0.5185547
PLAIN-2480,MED-2584,-0.9394531
PLAIN-2480,MED-1389,-4.1796875
PLAIN-2480,MED-4627,-2.7851562
PLAIN-2480,MED-4036,-5.0898438
PLAIN-2480,MED-2577,-1.8662109
PLAIN-2480,MED-2578,-2.9667969
PLAIN-2480,MED-2212,-7.90625
PLAIN-2480,MED-1039,-4.3125
PLAIN-2480,MED-1386,-4.3125
PLAIN-2480,MED-2117,-8.0390625
PLAIN-2480,MED-5201,-1.3974609
PLAIN-2480,MED-4030,-4.828125
PLAIN-2490,MED-2510,-4.5195312
PLAIN-2490,MED-3052,-5.1953125
PLAIN-2490,MED-3055,-4.6367188
PLAIN-2490,MED-2301,-3.4707031
PLAIN-2490,MED-1354,-4.3164062
PLAIN-2490,MED-2502,-6.1171875
PLAIN-2490,MED-1874,-3.4707031
PLAIN-2490,MED-2432,-3.4707031
PLAIN-2490,MED-3524,-6.5507812
PLAIN-2490,MED-1378,-4.5898438
PLAIN-2490,MED-1348,-5.3867188
PLAIN-2490,MED-2753,-4.6914062
PLAIN-2490,MED-1389,-5.0390625
PLAIN-2490,MED-4699,-5.9453125
PLAIN-2490,MED-4559,-6.359375
PLAIN-2490,MED-1319,-5.0351562
PLAIN-2490,MED-1709,-7.8164062
PLAIN-2490,MED-1433,-7.9804688
PLAIN-2490,MED-2220,-6.7460938
PLAIN-2490,MED-2498,-5.7617188
PLAIN-2500,MED-1781,-1.2158203
PLAIN-2500,MED-3352,-6.1289062
PLAIN-2500,MED-1238,-1.9423828
PLAIN-2500,MED-3358,-2.1132812
PLAIN-2500,MED-1553,-2.2519531
PLAIN-2500,MED-1557,-1.4335938
PLAIN-2500,MED-1072,-3.328125
PLAIN-2500,MED-1061,-2.8515625
PLAIN-2500,MED-2763,-6.2890625
PLAIN-2500,MED-1873,-1.2695312
PLAIN-2500,MED-1454,-2.9257812
PLAIN-2500,MED-3586,-1.5693359
PLAIN-2500,MED-5261,-3.5820312
PLAIN-2500,MED-1558,-3.046875
PLAIN-2500,MED-4823,-2.2285156
PLAIN-2500,MED-1700,-1.8125
PLAIN-2500,MED-1230,-7.296875
PLAIN-2500,MED-3355,-3.546875
PLAIN-2500,MED-1556,-0.3071289
PLAIN-2500,MED-3599,-4.515625
PLAIN-2510,MED-1642,1.7099609
PLAIN-2510,MED-1648,2.40625
PLAIN-2510,MED-1640,2.4238281
PLAIN-2510,MED-1641,0.51220703
PLAIN-2510,MED-878,2.4941406
PLAIN-2510,MED-1639,1.7001953
PLAIN-2510,MED-5249,-4.1054688
PLAIN-2510,MED-880,2.390625
PLAIN-2510,MED-2155,-4.21875
PLAIN-2510,MED-5244,-4.21875
PLAIN-2510,MED-1621,-2.1132812
PLAIN-2510,MED-1636,-5.0117188
PLAIN-2510,MED-1647,-1.4960938
PLAIN-2510,MED-5255,0.055145264
PLAIN-2510,MED-1649,0.8745117
PLAIN-2510,MED-2159,-4.1289062
PLAIN-2510,MED-1638,0.77685547
PLAIN-2510,MED-2222,-0.8276367
PLAIN-2510,MED-5259,-4.6171875
PLAIN-2510,MED-1645,-0.37817383
PLAIN-2520,MED-4515,-0.11248779
PLAIN-2520,MED-4347,-0.17529297
PLAIN-2520,MED-1991,-2.8789062
PLAIN-2520,MED-4831,-3.9355469
PLAIN-2520,MED-1445,-2.046875
PLAIN-2520,MED-1319,-3.6542969
PLAIN-2520,MED-1997,-2.5878906
PLAIN-2520,MED-4613,-3.7480469
PLAIN-2520,MED-4255,-3.7480469
PLAIN-2520,MED-1723,-1.7734375
PLAIN-2520,MED-1450,-2.6972656
PLAIN-2520,MED-1489,-2.3222656
PLAIN-2520,MED-2519,-2.7617188
PLAIN-2520,MED-2325,-2.2207031
PLAIN-2520,MED-4985,-3.5722656
PLAIN-2520,MED-2290,-3.1523438
PLAIN-2520,MED-2294,-3.2363281
PLAIN-2520,MED-3815,-0.6147461
PLAIN-2520,MED-5225,-0.6147461
PLAIN-2520,MED-2510,-0.5371094
PLAIN-2530,MED-1798,5.5625
PLAIN-2530,MED-1804,6.4609375
PLAIN-2530,MED-1796,4.1523438
PLAIN-2530,MED-1808,5.9804688
PLAIN-2530,MED-1800,5.5078125
PLAIN-2530,MED-1803,1.4365234
PLAIN-2530,MED-1806,2.6113281
PLAIN-2530,MED-4766,2.1894531
PLAIN-2530,MED-4768,-0.66259766
PLAIN-2530,MED-1799,1.9736328
PLAIN-2530,MED-1810,0.4663086
PLAIN-2530,MED-1996,-1.6230469
PLAIN-2530,MED-4769,0.58935547
PLAIN-2530,MED-2126,-4.0742188
PLAIN-2530,MED-4767,0.94970703
PLAIN-2530,MED-1790,-4.0078125
PLAIN-2530,MED-1997,-3.0996094
PLAIN-2530,MED-1227,-3.9902344
PLAIN-2530,MED-1718,-4.9570312
PLAIN-2530,MED-1994,-4.296875
PLAIN-2540,MED-1968,-4.2734375
PLAIN-2540,MED-3398,-1.5859375
PLAIN-2540,MED-3198,-3.0351562
PLAIN-2540,MED-4676,-4.5546875
PLAIN-2540,MED-1890,-5.375
PLAIN-2540,MED-4510,-6.4726562
PLAIN-2540,MED-4827,-4.0664062
PLAIN-2540,MED-2440,-3.4570312
PLAIN-2540,MED-1884,-4.7890625
PLAIN-2540,MED-1885,-4.0820312
PLAIN-2540,MED-1204,-5.0078125
PLAIN-2540,MED-1428,-4.9960938
PLAIN-2540,MED-3438,-7.5117188
PLAIN-2540,MED-4284,-5.6757812
PLAIN-2540,MED-2008,-5.7460938
PLAIN-2540,MED-751,-4.5625
PLAIN-2540,MED-2524,-5.1054688
PLAIN-2540,MED-4560,-4.9101562
PLAIN-2540,MED-1193,-6.1445312
PLAIN-2540,MED-1205,-3.609375
PLAIN-2550,MED-728,-1.7001953
PLAIN-2550,MED-1679,0.7446289
PLAIN-2550,MED-851,-6.5078125
PLAIN-2550,MED-1546,-3.6992188
PLAIN-2550,MED-4613,-2.6269531
PLAIN-2550,MED-4255,-2.6269531
PLAIN-2550,MED-1213,-2.3144531
PLAIN-2550,MED-4560,-3.9511719
PLAIN-2550,MED-2530,-3.7753906
PLAIN-2550,MED-1703,-5.90625
PLAIN-2550,MED-1487,-1.8925781
PLAIN-2550,MED-1704,-5.53125
PLAIN-2550,MED-1705,-5.2929688
PLAIN-2550,MED-2077,-3.9785156
PLAIN-2550,MED-1194,-2.9648438
PLAIN-2550,MED-1504,-4.5859375
PLAIN-2550,MED-3253,-2.6601562
PLAIN-2550,MED-2525,-2.2558594
PLAIN-2550,MED-2111,-4.1914062
PLAIN-2550,MED-1542,-3.328125
PLAIN-2560,MED-2057,5.2539062
PLAIN-2560,MED-2060,4.4921875
PLAIN-2560,MED-2053,5.4609375
PLAIN-2560,MED-2055,4.640625
PLAIN-2560,MED-2061,4.3945312
PLAIN-2560,MED-2058,5.8164062
PLAIN-2560,MED-2054,0.37597656
PLAIN-2560,MED-2063,4.0078125
PLAIN-2560,MED-2059,3.4980469
PLAIN-2560,MED-5005,0.39404297
PLAIN-2560,MED-2056,-0.75439453
PLAIN-2560,MED-4897,-1.5732422
PLAIN-2560,MED-901,0.47216797
PLAIN-2560,MED-1223,-1.09375
PLAIN-2560,MED-2126,-2.8359375
PLAIN-2560,MED-4396,-4.2734375
PLAIN-2560,MED-899,-0.13684082
PLAIN-2560,MED-1226,-2.5566406
PLAIN-2560,MED-900,0.6040039
PLAIN-2560,MED-4677,-5.78125
PLAIN-2570,MED-2148,-1.6621094
PLAIN-2570,MED-2145,-0.68896484
PLAIN-2570,MED-3583,-2.234375
PLAIN-2570,MED-2405,-6.1640625
PLAIN-2570,MED-2005,-6.4179688
PLAIN-2570,MED-2394,-6.4570312
PLAIN-2570,MED-1019,-6.859375
PLAIN-2570,MED-2388,-4.140625
PLAIN-2570,MED-1999,-6.1367188
PLAIN-2570,MED-4417,-6.09375
PLAIN-2570,MED-2146,-7.2148438
PLAIN-2570,MED-1992,-6.5039062
PLAIN-2570,MED-2395,-5.3867188
PLAIN-2570,MED-2396,-6.9882812
PLAIN-2570,MED-3027,-6.3046875
PLAIN-2570,MED-1709,-6.3476562
PLAIN-2570,MED-2397,-5.1289062
PLAIN-2570,MED-1707,-6.640625
PLAIN-2570,MED-2001,-5.9570312
PLAIN-2570,MED-1615,-6.1914062
PLAIN-2580,MED-1351,-3.9433594
PLAIN-2580,MED-2725,-0.62939453
PLAIN-2580,MED-3487,-1.8486328
PLAIN-2580,MED-2220,-0.0065193176
PLAIN-2580,MED-1230,-6.1523438
PLAIN-2580,MED-4288,-4.578125
PLAIN-2580,MED-823,-0.33691406
PLAIN-2580,MED-5236,-4.5234375
PLAIN-2580,MED-4483,-4.5507812
PLAIN-2580,MED-4758,-3.6074219
PLAIN-2580,MED-3054,-7.2070312
PLAIN-2580,MED-714,-4.96875
PLAIN-2580,MED-4826,-6.0117188
PLAIN-2580,MED-5186,-3.4121094
PLAIN-2580,MED-1378,-5.609375
PLAIN-2580,MED-4823,-5.359375
PLAIN-2580,MED-3028,-2.5546875
PLAIN-2580,MED-1103,-5.4375
PLAIN-2580,MED-857,-4.84375
PLAIN-2580,MED-4674,-5.78125
PLAIN-2590,MED-4163,3.0527344
PLAIN-2590,MED-2290,-0.39697266
PLAIN-2590,MED-4313,-1.6806641
PLAIN-2590,MED-1430,-3.2929688
PLAIN-2590,MED-5338,-1.7421875
PLAIN-2590,MED-5325,-3.6855469
PLAIN-2590,MED-5333,-4.0195312
PLAIN-2590,MED-4632,-3.5625
PLAIN-2590,MED-4633,-4.4570312
PLAIN-2590,MED-5342,-4.4570312
PLAIN-2590,MED-3148,-3.7519531
PLAIN-2590,MED-4757,-3.9453125
PLAIN-2590,MED-2294,-0.44555664
PLAIN-2590,MED-4953,-2.1992188
PLAIN-2590,MED-4644,-4.7734375
PLAIN-2590,MED-2939,-2.2460938
PLAIN-2590,MED-3778,-4.8203125
PLAIN-2590,MED-1106,-5.1914062
PLAIN-2590,MED-1540,-5.3203125
PLAIN-2590,MED-4988,-4.6171875
PLAIN-2600,MED-2372,2.9375
PLAIN-2600,MED-2371,0.671875
PLAIN-2600,MED-4324,0.5395508
PLAIN-2600,MED-5124,-2.9882812
PLAIN-2600,MED-1889,-1.4892578
PLAIN-2600,MED-2374,-3.8066406
PLAIN-2600,MED-1884,-2.6816406
PLAIN-2600,MED-2849,-3.9140625
PLAIN-2600,MED-2884,-3.1289062
PLAIN-2600,MED-2939,-0.77685547
PLAIN-2600,MED-2976,-3.4394531
PLAIN-2600,MED-4676,-1.4794922
PLAIN-2600,MED-4741,-4.6601562
PLAIN-2600,MED-4893,-1.4189453
PLAIN-2600,MED-2475,-3.2695312
PLAIN-2600,MED-963,-4.21875
PLAIN-2600,MED-2975,-3.8027344
PLAIN-2600,MED-751,-3.203125
PLAIN-2600,MED-4892,-5.5195312
PLAIN-2600,MED-2977,-5.5195312
PLAIN-2610,MED-5072,-1.9882812
PLAIN-2610,MED-3708,-4.9492188
PLAIN-2610,MED-2460,-1.4658203
PLAIN-2610,MED-2464,-0.34399414
PLAIN-2610,MED-2452,-0.26513672
PLAIN-2610,MED-2458,-1.9951172
PLAIN-2610,MED-2482,-2.0390625
PLAIN-2610,MED-2455,-4.8828125
PLAIN-2610,MED-2471,-2.8417969
PLAIN-2610,MED-2472,-2.515625
PLAIN-2610,MED-2476,-4.9023438
PLAIN-2610,MED-3682,-4.6523438
PLAIN-2610,MED-2655,-4.0039062
PLAIN-2610,MED-3150,-4.140625
PLAIN-2610,MED-2646,-5.0
PLAIN-2610,MED-5231,-6.6914062
PLAIN-2610,MED-2450,-4.0664062
PLAIN-2610,MED-4613,-6.625
PLAIN-2610,MED-4255,-6.625
PLAIN-2610,MED-2475,-4.1210938
PLAIN-2620,MED-4534,-2.1464844
PLAIN-2620,MED-3550,-3.9316406
PLAIN-2620,MED-2824,-2.3144531
PLAIN-2620,MED-2435,-0.8071289
PLAIN-2620,MED-4536,-3.46875
PLAIN-2620,MED-2513,-4.5898438
PLAIN-2620,MED-3726,-4.09375
PLAIN-2620,MED-2585,-1.8369141
PLAIN-2620,MED-4051,-3.2089844
PLAIN-2620,MED-4156,-2.2304688
PLAIN-2620,MED-4543,-3.1640625
PLAIN-2620,MED-2067,-3.7265625
PLAIN-2620,MED-2243,-3.5039062
PLAIN-2620,MED-1819,-4.1601562
PLAIN-2620,MED-4463,-2.3125
PLAIN-2620,MED-3548,-3.4316406
PLAIN-2620,MED-1820,-4.1015625
PLAIN-2620,MED-4777,-1.7929688
PLAIN-2620,MED-1825,-3.8730469
PLAIN-2620,MED-5121,-3.5566406
PLAIN-2630,MED-2658,4.2890625
PLAIN-2630,MED-2643,-0.11242676
PLAIN-2630,MED-2445,-2.7265625
PLAIN-2630,MED-5323,-3.4257812
PLAIN-2630,MED-2654,-2.078125
PLAIN-2630,MED-2644,-3.4609375
PLAIN-2630,MED-2661,-1.734375
PLAIN-2630,MED-1673,-6.4023438
PLAIN-2630,MED-3100,-6.5703125
PLAIN-2630,MED-2650,-0.38110352
PLAIN-2630,MED-3110,-4.8671875
PLAIN-2630,MED-3553,-5.9101562
PLAIN-2630,MED-3941,-6.7109375
PLAIN-2630,MED-2648,-4.5039062
PLAIN-2630,MED-2087,-3.6308594
PLAIN-2630,MED-3952,-4.7539062
PLAIN-2630,MED-4906,-3.5742188
PLAIN-2630,MED-4728,-4.3945312
PLAIN-2630,MED-2448,-3.9511719
PLAIN-2630,MED-3382,-1.3085938
PLAIN-2640,MED-3892,-3.078125
PLAIN-2640,MED-2743,-2.265625
PLAIN-2640,MED-3882,-3.1894531
PLAIN-2640,MED-3888,-3.7089844
PLAIN-2640,MED-2745,-1.5976562
PLAIN-2640,MED-4354,-3.3046875
PLAIN-2640,MED-2740,-4.9179688
PLAIN-2640,MED-4136,-4.2734375
PLAIN-2640,MED-4596,-6.7695312
PLAIN-2640,MED-3880,-2.5546875
PLAIN-2640,MED-2741,-2.4609375
PLAIN-2640,MED-2339,-6.3398438
PLAIN-2640,MED-4426,-4.875
PLAIN-2640,MED-5171,-4.46875
PLAIN-2640,MED-4429,-3.1835938
PLAIN-2640,MED-3651,-4.8710938
PLAIN-2640,MED-2742,-4.0859375
PLAIN-2640,MED-2676,-5.4882812
PLAIN-2640,MED-4800,-6.0507812
PLAIN-2640,MED-3086,-7.8945312
PLAIN-2650,MED-2800,5.2578125
PLAIN-2650,MED-2819,4.0351562
PLAIN-2650,MED-2801,-2.8828125
PLAIN-2650,MED-2807,1.6005859
PLAIN-2650,MED-2803,0.9399414
PLAIN-2650,MED-2822,0.1829834
PLAIN-2650,MED-2817,0.08911133
PLAIN-2650,MED-2786,-3.9570312
PLAIN-2650,MED-2788,1.1806641
PLAIN-2650,MED-2831,1.4433594
PLAIN-2650,MED-1507,-3.3710938
PLAIN-2650,MED-2825,-1.1513672
PLAIN-2650,MED-2813,1.5185547
PLAIN-2650,MED-2820,-1.3457031
PLAIN-2650,MED-2782,-3.4355469
PLAIN-2650,MED-2811,-3.8144531
PLAIN-2650,MED-2809,-0.76708984
PLAIN-2650,MED-2816,-2.5371094
PLAIN-2650,MED-2821,-3.5546875
PLAIN-2650,MED-2791,-1.5371094
PLAIN-2660,MED-3032,-4.7109375
PLAIN-2660,MED-2905,-4.7109375
PLAIN-2660,MED-3012,-7.71875
PLAIN-2660,MED-2756,-8.203125
PLAIN-2660,MED-5097,-5.7421875
PLAIN-2660,MED-4735,-6.6953125
PLAIN-2660,MED-2496,-6.0078125
PLAIN-2660,MED-1419,-9.734375
PLAIN-2660,MED-1620,-7.03125
PLAIN-2660,MED-3034,-5.21875
PLAIN-2660,MED-838,-9.921875
PLAIN-2660,MED-1098,-6.9570312
PLAIN-2660,MED-4376,-4.203125
PLAIN-2660,MED-2917,-5.4296875
PLAIN-2660,MED-5099,-5.4140625
PLAIN-2660,MED-5370,-9.234375
PLAIN-2660,MED-3021,-5.8867188
PLAIN-2660,MED-2406,-9.859375
PLAIN-2660,MED-1958,-6.9492188
PLAIN-2660,MED-4811,-10.7734375
PLAIN-2670,MED-2994,3.6679688
PLAIN-2670,MED-2618,-3.4824219
PLAIN-2670,MED-4418,-5.0820312
PLAIN-2670,MED-4604,-5.8632812
PLAIN-2670,MED-3502,-5.2304688
PLAIN-2670,MED-5326,-7.0234375
PLAIN-2670,MED-2258,-5.7148438
PLAIN-2670,MED-3765,-7.578125
PLAIN-2670,MED-5122,-6.0234375
PLAIN-2670,MED-2426,-6.234375
PLAIN-2670,MED-1103,-6.171875
PLAIN-2670,MED-3802,-5.6015625
PLAIN-2670,MED-3312,-9.2421875
PLAIN-2670,MED-2494,-6.171875
PLAIN-2670,MED-2992,-5.234375
PLAIN-2670,MED-5087,-5.9960938
PLAIN-2670,MED-4391,-7.25
PLAIN-2670,MED-5086,-5.640625
PLAIN-2670,MED-3098,-1.8261719
PLAIN-2670,MED-4060,-6.9648438
PLAIN-2680,MED-1961,1.4179688
PLAIN-2680,MED-2394,-3.21875
PLAIN-2680,MED-1958,-1.6611328
PLAIN-2680,MED-5105,-3.1132812
PLAIN-2680,MED-3100,-0.8017578
PLAIN-2680,MED-4740,-2.34375
PLAIN-2680,MED-1874,-5.3242188
PLAIN-2680,MED-2432,-5.3242188
PLAIN-2680,MED-1098,-0.375
PLAIN-2680,MED-3173,-5.4609375
PLAIN-2680,MED-2494,0.5756836
PLAIN-2680,MED-3237,-5.4492188
PLAIN-2680,MED-2498,-6.0429688
PLAIN-2680,MED-2459,-3.3125
PLAIN-2680,MED-3543,-6.6171875
PLAIN-2680,MED-1433,-6.78125
PLAIN-2680,MED-3109,0.37817383
PLAIN-2680,MED-2115,-4.5625
PLAIN-2680,MED-1389,-4.9140625
PLAIN-2680,MED-5265,-4.0195312
PLAIN-2690,MED-3175,-1.0351562
PLAIN-2690,MED-3288,-5.3320312
PLAIN-2690,MED-3319,-6.0273438
PLAIN-2690,MED-3169,-6.3085938
PLAIN-2690,MED-2416,-6.6289062
PLAIN-2690,MED-4792,-6.875
PLAIN-2690,MED-1027,-9.6640625
PLAIN-2690,MED-5094,-5.9648438
PLAIN-2690,MED-3515,-5.46875
PLAIN-2690,MED-4818,-7.3359375
PLAIN-2690,MED-3316,-6.6289062
PLAIN-2690,MED-1028,-8.2578125
PLAIN-2690,MED-2449,-7.7773438
PLAIN-2690,MED-3660,-6.4257812
PLAIN-2690,MED-3177,-6.0742188
PLAIN-2690,MED-557,-10.5546875
PLAIN-2690,MED-3317,-8.1875
PLAIN-2690,MED-1245,-8.359375
PLAIN-2690,MED-4824,-8.125
PLAIN-2690,MED-3302,-7.2382812
PLAIN-2700,MED-3954,1.1582031
PLAIN-2700,MED-3253,1.6640625
PLAIN-2700,MED-1949,-2.515625
PLAIN-2700,MED-1366,-5.09375
PLAIN-2700,MED-1996,-3.5
PLAIN-2700,MED-2484,-6.1289062
PLAIN-2700,MED-1994,-3.4121094
PLAIN-2700,MED-3254,-1.3652344
PLAIN-2700,MED-3956,-5.4765625
PLAIN-2700,MED-4255,-5.5703125
PLAIN-2700,MED-4613,-5.5703125
PLAIN-2700,MED-4560,-6.9726562
PLAIN-2700,MED-5344,-0.7841797
PLAIN-2700,MED-899,-4.2382812
PLAIN-2700,MED-3255,-2.6230469
PLAIN-2700,MED-4891,-6.6992188
PLAIN-2700,MED-1190,-4.8359375
PLAIN-2700,MED-4680,-1.6923828
PLAIN-2700,MED-5194,-4.3320312
PLAIN-2700,MED-1790,-7.578125
PLAIN-2710,MED-3380,5.6054688
PLAIN-2710,MED-3382,3.71875
PLAIN-2710,MED-3381,1.3164062
PLAIN-2710,MED-5062,3.3710938
PLAIN-2710,MED-5063,-0.7885742
PLAIN-2710,MED-1153,-2.2890625
PLAIN-2710,MED-4655,-1.4355469
PLAIN-2710,MED-4604,-4.2890625
PLAIN-2710,MED-5209,-6.203125
PLAIN-2710,MED-2618,-4.96875
PLAIN-2710,MED-3497,-4.1171875
PLAIN-2710,MED-4869,-5.671875
PLAIN-2710,MED-3383,-5.453125
PLAIN-2710,MED-1630,-2.6660156
PLAIN-2710,MED-2994,-8.21875
PLAIN-2710,MED-1623,-3.5644531
PLAIN-2710,MED-4186,-5.59375
PLAIN-2710,MED-4388,-3.7519531
PLAIN-2710,MED-3060,-5.6679688
PLAIN-2710,MED-3351,-4.9609375
PLAIN-2720,MED-2271,-9.5546875
PLAIN-2720,MED-840,-7.6992188
PLAIN-2720,MED-4392,-7.1445312
PLAIN-2720,MED-4804,-6.3710938
PLAIN-2720,MED-1841,-8.0234375
PLAIN-2720,MED-4419,-8.546875
PLAIN-2720,MED-2713,-4.9960938
PLAIN-2720,MED-3483,-7.1054688
PLAIN-2720,MED-5165,-7.625
PLAIN-2720,MED-5022,-10.609375
PLAIN-2720,MED-1982,-10.0703125
PLAIN-2720,MED-2450,-9.15625
PLAIN-2720,MED-2451,-6.015625
PLAIN-2720,MED-3534,-8.59375
PLAIN-2720,MED-2243,-8.71875
PLAIN-2720,MED-2265,-6.875
PLAIN-2720,MED-4029,-8.546875
PLAIN-2720,MED-4798,-7.5078125
PLAIN-2720,MED-1293,-7.0664062
PLAIN-2720,MED-1598,-7.6796875
PLAIN-2730,MED-3550,-0.69628906
PLAIN-2730,MED-3554,-1.2929688
PLAIN-2730,MED-3551,-2.3105469
PLAIN-2730,MED-2923,-6.796875
PLAIN-2730,MED-3553,-1.6054688
PLAIN-2730,MED-2573,-0.55810547
PLAIN-2730,MED-2604,-6.703125
PLAIN-2730,MED-4116,-3.8515625
PLAIN-2730,MED-3281,-7.9609375
PLAIN-2730,MED-3280,-4.7890625
PLAIN-2730,MED-4619,-4.265625
PLAIN-2730,MED-4089,-0.78759766
PLAIN-2730,MED-2820,-1.6064453
PLAIN-2730,MED-3729,-6.21875
PLAIN-2730,MED-4196,-6.3710938
PLAIN-2730,MED-2134,-5.3984375
PLAIN-2730,MED-851,-7.4609375
PLAIN-2730,MED-3840,-1.3691406
PLAIN-2730,MED-2137,-6.1015625
PLAIN-2730,MED-4475,-5.9882812
PLAIN-2740,MED-3627,5.703125
PLAIN-2740,MED-3624,4.7148438
PLAIN-2740,MED-2940,4.7734375
PLAIN-2740,MED-3623,-3.5742188
PLAIN-2740,MED-2947,2.6074219
PLAIN-2740,MED-2513,-4.5859375
PLAIN-2740,MED-3621,-4.03125
PLAIN-2740,MED-3318,-6.0
PLAIN-2740,MED-2440,-3.4140625
PLAIN-2740,MED-1817,-6.203125
PLAIN-2740,MED-3625,-2.2128906
PLAIN-2740,MED-4487,-5.6289062
PLAIN-2740,MED-1718,-6.6601562
PLAIN-2740,MED-5190,-6.1054688
PLAIN-2740,MED-1721,-3.9042969
PLAIN-2740,MED-1531,-4.5039062
PLAIN-2740,MED-5326,-7.4023438
PLAIN-2740,MED-2255,-5.1796875
PLAIN-2740,MED-4483,-4.625
PLAIN-2740,MED-4638,-4.78125
PLAIN-2750,MED-3683,3.5683594
PLAIN-2750,MED-4762,1.3242188
PLAIN-2750,MED-3680,-2.0527344
PLAIN-2750,MED-3695,-3.7988281
PLAIN-2750,MED-3690,-3.6289062
PLAIN-2750,MED-3688,-2.7109375
PLAIN-2750,MED-3692,-3.6777344
PLAIN-2750,MED-3691,-3.8222656
PLAIN-2750,MED-3693,-4.2148438
PLAIN-2750,MED-3675,-4.1601562
PLAIN-2750,MED-2482,-2.0566406
PLAIN-2750,MED-1300,-2.4628906
PLAIN-2750,MED-3676,-3.296875
PLAIN-2750,MED-3679,-3.7109375
PLAIN-2750,MED-1950,-6.28125
PLAIN-2750,MED-3686,-4.3164062
PLAIN-2750,MED-3677,-5.0234375
PLAIN-2750,MED-3681,-3.8300781
PLAIN-2750,MED-1981,-7.0507812
PLAIN-2750,MED-3673,-3.1386719
PLAIN-2760,MED-4600,-3.3535156
PLAIN-2760,MED-3769,-3.2226562
PLAIN-2760,MED-3371,-1.9863281
PLAIN-2760,MED-2201,-1.671875
PLAIN-2760,MED-3770,-4.71875
PLAIN-2760,MED-1961,-6.0351562
PLAIN-2760,MED-3369,-2.1386719
PLAIN-2760,MED-3376,-3.3007812
PLAIN-2760,MED-2718,-5.7148438
PLAIN-2760,MED-1650,-6.8125
PLAIN-2760,MED-2308,-2.4140625
PLAIN-2760,MED-3778,-5.6601562
PLAIN-2760,MED-2716,-7.015625
PLAIN-2760,MED-2294,-4.3242188
PLAIN-2760,MED-2220,-3.2109375
PLAIN-2760,MED-4313,-4.8671875
PLAIN-2760,MED-1790,-7.0039062
PLAIN-2760,MED-2148,-4.5703125
PLAIN-2760,MED-1997,-5.9609375
PLAIN-2760,MED-2296,-4.6835938
PLAIN-2770,MED-3836,3.0175781
PLAIN-2770,MED-1826,4.9726562
PLAIN-2770,MED-1825,4.0546875
PLAIN-2770,MED-4885,-2.8242188
PLAIN-2770,MED-3874,-2.8242188
PLAIN-2770,MED-3840,2.1855469
PLAIN-2770,MED-4233,-1.8945312
PLAIN-2770,MED-4443,-2.0019531
PLAIN-2770,MED-1493,-0.6567383
PLAIN-2770,MED-5116,0.89941406
PLAIN-2770,MED-3877,-2.8300781
PLAIN-2770,MED-3866,-1.8701172
PLAIN-2770,MED-4785,-2.203125
PLAIN-2770,MED-3127,-0.84521484
PLAIN-2770,MED-3139,-0.7109375
PLAIN-2770,MED-1829,1.7431641
PLAIN-2770,MED-3484,-1.2792969
PLAIN-2770,MED-2435,-3.0332031
PLAIN-2770,MED-5177,-1.8095703
PLAIN-2770,MED-3867,-2.8710938
PLAIN-2780,MED-3896,7.796875
PLAIN-2780,MED-4291,0.75634766
PLAIN-2780,MED-4286,1.0351562
PLAIN-2780,MED-4292,1.9648438
PLAIN-2780,MED-2595,0.94140625
PLAIN-2780,MED-4289,-3.6738281
PLAIN-2780,MED-4287,-1.6689453
PLAIN-2780,MED-4707,0.9946289
PLAIN-2780,MED-3208,-3.9355469
PLAIN-2780,MED-4646,-5.5351562
PLAIN-2780,MED-1710,-5.1171875
PLAIN-2780,MED-1669,-5.0390625
PLAIN-2780,MED-2594,-1.2763672
PLAIN-2780,MED-1790,-5.21875
PLAIN-2780,MED-4414,-7.6679688
PLAIN-2780,MED-3348,-8.1796875
PLAIN-2780,MED-4290,-3.4121094
PLAIN-2780,MED-967,-8.1640625
PLAIN-2780,MED-1262,-5.9492188
PLAIN-2780,MED-2596,-6.8398438
PLAIN-2790,MED-3969,-1.8085938
PLAIN-2790,MED-3970,3.3125
PLAIN-2790,MED-4516,-2.6816406
PLAIN-2790,MED-2811,-1.328125
PLAIN-2790,MED-1888,-5.46875
PLAIN-2790,MED-4666,-6.8164062
PLAIN-2790,MED-1016,-4.46875
PLAIN-2790,MED-3788,-6.2578125
PLAIN-2790,MED-3964,2.5097656
PLAIN-2790,MED-4325,-3.2382812
PLAIN-2790,MED-4518,-4.3398438
PLAIN-2790,MED-3963,1.3945312
PLAIN-2790,MED-5000,-7.8203125
PLAIN-2790,MED-721,-5.0390625
PLAIN-2790,MED-1008,-3.8847656
PLAIN-2790,MED-1576,-2.796875
PLAIN-2790,MED-1006,-3.1425781
PLAIN-2790,MED-5263,-4.1523438
PLAIN-2790,MED-2270,-4.46875
PLAIN-2790,MED-2107,-6.5898438
PLAIN-2800,MED-2231,-3.7558594
PLAIN-2800,MED-2229,-3.5097656
PLAIN-2800,MED-2235,-2.5800781
PLAIN-2800,MED-4454,-2.2519531
PLAIN-2800,MED-2234,-3.1835938
PLAIN-2800,MED-2070,-4.6796875
PLAIN-2800,MED-2071,-3.2011719
PLAIN-2800,MED-2068,-2.7773438
PLAIN-2800,MED-5075,-3.125
PLAIN-2800,MED-5162,-4.8320312
PLAIN-2800,MED-2064,-3.125
PLAIN-2800,MED-2233,-5.328125
PLAIN-2800,MED-3377,-3.125
PLAIN-2800,MED-2074,-4.8476562
PLAIN-2800,MED-2232,-4.3007812
PLAIN-2800,MED-4456,-0.5209961
PLAIN-2800,MED-5074,-4.390625
PLAIN-2800,MED-1302,-6.4335938
PLAIN-2800,MED-3686,-5.8828125
PLAIN-2800,MED-1301,-4.9765625
PLAIN-2810,MED-2491,-3.4589844
PLAIN-2810,MED-4590,-5.015625
PLAIN-2810,MED-1792,-4.1171875
PLAIN-2810,MED-1710,-6.28125
PLAIN-2810,MED-4580,-3.6816406
PLAIN-2810,MED-1790,-7.9335938
PLAIN-2810,MED-1707,-7.4101562
PLAIN-2810,MED-1846,-4.4453125
PLAIN-2810,MED-4029,-4.734375
PLAIN-2810,MED-1672,-8.75
PLAIN-2810,MED-4909,-8.8359375
PLAIN-2810,MED-3945,-5.0820312
PLAIN-2810,MED-3643,-8.03125
PLAIN-2810,MED-2099,-8.0390625
PLAIN-2810,MED-3469,-7.984375
PLAIN-2810,MED-1674,-8.2265625
PLAIN-2810,MED-1419,-5.4570312
PLAIN-2810,MED-2265,-8.515625
PLAIN-2810,MED-942,-8.3828125
PLAIN-2810,MED-3490,-8.1484375
PLAIN-2820,MED-1677,2.5898438
PLAIN-2820,MED-1408,2.4628906
PLAIN-2820,MED-1232,1.90625
PLAIN-2820,MED-1691,0.30371094
PLAIN-2820,MED-2698,1.9414062
PLAIN-2820,MED-5027,-2.453125
PLAIN-2820,MED-1233,0.99121094
PLAIN-2820,MED-2753,-2.8222656
PLAIN-2820,MED-1329,-1.4697266
PLAIN-2820,MED-4560,-3.7597656
PLAIN-2820,MED-1137,-3.5234375
PLAIN-2820,MED-1319,-3.921875
PLAIN-2820,MED-2212,-6.78125
PLAIN-2820,MED-4613,-4.0664062
PLAIN-2820,MED-4255,-4.0664062
PLAIN-2820,MED-5299,-1.1748047
PLAIN-2820,MED-4582,-4.8242188
PLAIN-2820,MED-1678,-1.8701172
PLAIN-2820,MED-3474,-1.2314453
PLAIN-2820,MED-1377,-2.9453125
PLAIN-2830,MED-1623,1.4111328
PLAIN-2830,MED-1630,1.2158203
PLAIN-2830,MED-4120,0.29101562
PLAIN-2830,MED-5054,-0.53466797
PLAIN-2830,MED-1624,0.9194336
PLAIN-2830,MED-5053,-1.9472656
PLAIN-2830,MED-3382,-5.6484375
PLAIN-2830,MED-1625,-2.0683594
PLAIN-2830,MED-3521,-5.4140625
PLAIN-2830,MED-1627,-1.8242188
PLAIN-2830,MED-1431,-5.5625
PLAIN-2830,MED-1534,-6.234375
PLAIN-2830,MED-1626,-1.4941406
PLAIN-2830,MED-1108,-1.2695312
PLAIN-2830,MED-4860,-7.7929688
PLAIN-2830,MED-3380,-3.7832031
PLAIN-2830,MED-4126,-1.8417969
PLAIN-2830,MED-1433,-7.6875
PLAIN-2830,MED-2276,-4.9296875
PLAIN-2830,MED-5062,-3.203125
PLAIN-2840,MED-4150,-6.5625
PLAIN-2840,MED-4705,-7.609375
PLAIN-2840,MED-4443,-5.7539062
PLAIN-2840,MED-3136,-7.0742188
PLAIN-2840,MED-1493,-5.1601562
PLAIN-2840,MED-1494,-6.1992188
PLAIN-2840,MED-5160,-8.8671875
PLAIN-2840,MED-3867,-7.0195312
PLAIN-2840,MED-2438,-8.125
PLAIN-2840,MED-4295,-8.2890625
PLAIN-2840,MED-3842,-7.6601562
PLAIN-2840,MED-1874,-7.9609375
PLAIN-2840,MED-2432,-7.9609375
PLAIN-2840,MED-2010,-6.1132812
PLAIN-2840,MED-2794,-7.3476562
PLAIN-2840,MED-3869,-6.390625
PLAIN-2840,MED-3535,-7.7539062
PLAIN-2840,MED-2022,-6.8359375
PLAIN-2840,MED-2529,-8.5625
PLAIN-2840,MED-2788,-6.8203125
PLAIN-2850,MED-335,-6.5703125
PLAIN-2850,MED-4166,-6.0
PLAIN-2850,MED-3788,-7.1992188
PLAIN-2850,MED-5188,-6.9570312
PLAIN-2850,MED-3891,-5.1601562
PLAIN-2850,MED-1417,-8.1953125
PLAIN-2850,MED-2917,-7.2382812
PLAIN-2850,MED-3197,-5.0273438
PLAIN-2850,MED-2062,-8.5546875
PLAIN-2850,MED-5207,-7.1054688
PLAIN-2850,MED-3887,-5.9726562
PLAIN-2850,MED-5326,-7.890625
PLAIN-2850,MED-5198,-7.8789062
PLAIN-2850,MED-4436,-7.0507812
PLAIN-2850,MED-3695,-7.7851562
PLAIN-2850,MED-3679,-8.1796875
PLAIN-2850,MED-1421,-7.5625
PLAIN-2850,MED-1257,-8.515625
PLAIN-2850,MED-3707,-9.0234375
PLAIN-2850,MED-4482,-5.4765625
PLAIN-2860,MED-4185,4.2421875
PLAIN-2860,MED-4186,3.1308594
PLAIN-2860,MED-3590,-3.0957031
PLAIN-2860,MED-4951,-1.3203125
PLAIN-2860,MED-4230,-4.0546875
PLAIN-2860,MED-1766,-5.7617188
PLAIN-2860,MED-4236,-3.7988281
PLAIN-2860,MED-3666,-6.3046875
PLAIN-2860,MED-2645,-7.4335938
PLAIN-2860,MED-3958,-4.5234375
PLAIN-2860,MED-4656,-5.2460938
PLAIN-2860,MED-891,-4.1679688
PLAIN-2860,MED-3591,-5.3828125
PLAIN-2860,MED-4992,-5.3632812
PLAIN-2860,MED-1010,-3.6953125
PLAIN-2860,MED-3421,-2.3339844
PLAIN-2860,MED-1101,-5.4179688
PLAIN-2860,MED-865,-9.9765625
PLAIN-2860,MED-4890,-5.0351562
PLAIN-2860,MED-4234,-7.2382812
PLAIN-2870,MED-4533,-0.49804688
PLAIN-2870,MED-2178,-1.5419922
PLAIN-2870,MED-3595,-2.5527344
PLAIN-2870,MED-3379,-0.11254883
PLAIN-2870,MED-3593,-3.8691406
PLAIN-2870,MED-2491,-1.7197266
PLAIN-2870,MED-4529,-0.8251953
PLAIN-2870,MED-1774,-1.3876953
PLAIN-2870,MED-2253,-0.7397461
PLAIN-2870,MED-4908,-3.7890625
PLAIN-2870,MED-3378,-2.0878906
PLAIN-2870,MED-4531,-0.9970703
PLAIN-2870,MED-2256,-4.3203125
PLAIN-2870,MED-915,-3.3496094
PLAIN-2870,MED-1068,-6.6289062
PLAIN-2870,MED-2260,-1.1464844
PLAIN-2870,MED-3371,-6.203125
PLAIN-2870,MED-3603,-6.609375
PLAIN-2870,MED-1844,-5.0273438
PLAIN-2870,MED-1956,-5.8398438
PLAIN-2880,MED-2514,-8.1015625
PLAIN-2880,MED-1429,-10.203125
PLAIN-2880,MED-1342,-9.1328125
PLAIN-2880,MED-1674,-10.859375
PLAIN-2880,MED-2889,-10.171875
PLAIN-2880,MED-1431,-10.2421875
PLAIN-2880,MED-1349,-8.8671875
PLAIN-2880,MED-4051,-8.859375
PLAIN-2880,MED-3530,-10.171875
PLAIN-2880,MED-5063,-11.0390625
PLAIN-2880,MED-3821,-10.9609375
PLAIN-2880,MED-2116,-6.9414062
PLAIN-2880,MED-3055,-10.84375
PLAIN-2880,MED-873,-10.8046875
PLAIN-2880,MED-4266,-10.34375
PLAIN-2880,MED-4825,-10.9453125
PLAIN-2880,MED-3046,-10.953125
PLAIN-2880,MED-4587,-10.8203125
PLAIN-2880,MED-4668,-10.4140625
PLAIN-2880,MED-1939,-10.1015625
PLAIN-2890,MED-4287,-1.1132812
PLAIN-2890,MED-4250,-2.5683594
PLAIN-2890,MED-1534,-4.3203125
PLAIN-2890,MED-939,-1.828125
PLAIN-2890,MED-1535,-1.7529297
PLAIN-2890,MED-3896,-2.9472656
PLAIN-2890,MED-3351,-2.9082031
PLAIN-2890,MED-1533,-2.7519531
PLAIN-2890,MED-3376,-4.8007812
PLAIN-2890,MED-1538,-1.7216797
PLAIN-2890,MED-2597,-7.0664062
PLAIN-2890,MED-3370,-4.4726562
PLAIN-2890,MED-3143,-3.7949219
PLAIN-2890,MED-3469,-7.7617188
PLAIN-2890,MED-1709,-7.0039062
PLAIN-2890,MED-1760,-5.6132812
PLAIN-2890,MED-5287,-4.703125
PLAIN-2890,MED-2383,-8.8359375
PLAIN-2890,MED-4822,-4.4296875
PLAIN-2890,MED-4172,-2.8632812
PLAIN-2900,MED-4266,-5.4023438
PLAIN-2900,MED-3691,-4.3632812
PLAIN-2900,MED-1426,-3.28125
PLAIN-2900,MED-4125,-5.2304688
PLAIN-2900,MED-972,-6.3945312
PLAIN-2900,MED-5207,-5.8320312
PLAIN-2900,MED-4271,-5.7460938
PLAIN-2900,MED-1420,-2.9570312
PLAIN-2900,MED-3679,-2.3730469
PLAIN-2900,MED-1417,-2.6875
PLAIN-2900,MED-977,-4.1757812
PLAIN-2900,MED-5201,-2.8320312
PLAIN-2900,MED-3680,-5.8867188
PLAIN-2900,MED-3687,-3.3515625
PLAIN-2900,MED-1414,-6.0390625
PLAIN-2900,MED-2098,-6.3203125
PLAIN-2900,MED-3683,-3.8007812
PLAIN-2900,MED-3690,-4.2539062
PLAIN-2900,MED-3692,-4.3398438
PLAIN-2900,MED-1415,-2.4335938
PLAIN-2910,MED-4296,-2.1796875
PLAIN-2910,MED-4295,-3.0664062
PLAIN-2910,MED-3854,-3.6523438
PLAIN-2910,MED-1428,-5.2070312
PLAIN-2910,MED-4233,-6.03125
PLAIN-2910,MED-835,-4.0390625
PLAIN-2910,MED-5176,-5.765625
PLAIN-2910,MED-752,-2.1660156
PLAIN-2910,MED-4327,-6.8984375
PLAIN-2910,MED-824,-5.4453125
PLAIN-2910,MED-3123,-3.5253906
PLAIN-2910,MED-3877,-4.9257812
PLAIN-2910,MED-4393,-5.5078125
PLAIN-2910,MED-3485,-5.5078125
PLAIN-2910,MED-834,-5.7304688
PLAIN-2910,MED-2985,-6.3398438
PLAIN-2910,MED-1770,-5.6367188
PLAIN-2910,MED-1100,-5.5351562
PLAIN-2910,MED-5115,-3.3027344
PLAIN-2910,MED-836,-6.8320312
PLAIN-2920,MED-4309,0.5024414
PLAIN-2920,MED-5231,-7.2460938
PLAIN-2920,MED-3532,0.019180298
PLAIN-2920,MED-2331,-7.9804688
PLAIN-2920,MED-1499,-5.8710938
PLAIN-2920,MED-2664,-3.0195312
PLAIN-2920,MED-2327,-5.2890625
PLAIN-2920,MED-4197,-5.6601562
PLAIN-2920,MED-3947,-6.3984375
PLAIN-2920,MED-2332,-7.4570312
PLAIN-2920,MED-2748,-2.9960938
PLAIN-2920,MED-3522,-5.5859375
PLAIN-2920,MED-3480,-5.0429688
PLAIN-2920,MED-4489,-6.0117188
PLAIN-2920,MED-1176,-6.0820312
PLAIN-2920,MED-3518,-5.3085938
PLAIN-2920,MED-2333,-4.8242188
PLAIN-2920,MED-3100,-5.4882812
PLAIN-2920,MED-2323,-6.5664062
PLAIN-2920,MED-903,-6.4648438
PLAIN-2930,MED-4325,6.6679688
PLAIN-2930,MED-3539,-4.796875
PLAIN-2930,MED-1014,-3.4121094
PLAIN-2930,MED-4832,-2.4882812
PLAIN-2930,MED-1016,-4.9140625
PLAIN-2930,MED-1686,-5.5546875
PLAIN-2930,MED-1008,-3.3359375
PLAIN-2930,MED-1682,-3.1367188
PLAIN-2930,MED-1007,-5.3203125
PLAIN-2930,MED-1005,-3.1171875
PLAIN-2930,MED-1009,-3.3320312
PLAIN-2930,MED-1695,-4.8320312
PLAIN-2930,MED-1017,-3.9707031
PLAIN-2930,MED-1012,-2.5
PLAIN-2930,MED-1006,-4.6054688
PLAIN-2930,MED-3512,-3.6210938
PLAIN-2930,MED-1011,-4.296875
PLAIN-2930,MED-1013,-5.3828125
PLAIN-2930,MED-3508,-5.6289062
PLAIN-2930,MED-4875,-5.453125
PLAIN-2940,MED-1578,2.5722656
PLAIN-2940,MED-1579,-0.9399414
PLAIN-2940,MED-1581,-2.5859375
PLAIN-2940,MED-3961,3.3671875
PLAIN-2940,MED-1582,0.28515625
PLAIN-2940,MED-1425,1.7109375
PLAIN-2940,MED-3966,0.90234375
PLAIN-2940,MED-1574,-0.91845703
PLAIN-2940,MED-3965,2.2011719
PLAIN-2940,MED-3967,0.79296875
PLAIN-2940,MED-3963,0.9223633
PLAIN-2940,MED-1576,-0.5786133
PLAIN-2940,MED-1389,-3.6835938
PLAIN-2940,MED-3271,-5.8242188
PLAIN-2940,MED-4525,-7.5546875
PLAIN-2940,MED-4613,-5.2070312
PLAIN-2940,MED-4255,-5.2070312
PLAIN-2940,MED-3024,-7.140625
PLAIN-2940,MED-823,-5.0
PLAIN-2940,MED-2062,-5.1367188
PLAIN-2950,MED-2742,-1.6445312
PLAIN-2950,MED-913,-4.2382812
PLAIN-2950,MED-2654,-3.9179688
PLAIN-2950,MED-4972,-4.6796875
PLAIN-2950,MED-4893,-3.1933594
PLAIN-2950,MED-2270,-4.3867188
PLAIN-2950,MED-2618,-4.5039062
PLAIN-2950,MED-4377,-4.6601562
PLAIN-2950,MED-4437,-5.078125
PLAIN-2950,MED-2653,-4.046875
PLAIN-2950,MED-4959,-5.625
PLAIN-2950,MED-1957,-4.484375
PLAIN-2950,MED-2738,-3.2636719
PLAIN-2950,MED-3382,-5.40625
PLAIN-2950,MED-1790,-8.3203125
PLAIN-2950,MED-2170,-4.7460938
PLAIN-2950,MED-4977,-4.7460938
PLAIN-2950,MED-3653,-6.6484375
PLAIN-2950,MED-4494,-3.9980469
PLAIN-2950,MED-5139,-5.4335938
PLAIN-2960,MED-4372,0.24060059
PLAIN-2960,MED-4371,1.2519531
PLAIN-2960,MED-4374,-0.12023926
PLAIN-2960,MED-4673,-5.7695312
PLAIN-2960,MED-4598,-5.7695312
PLAIN-2960,MED-2180,-9.1484375
PLAIN-2960,MED-4370,-1.9306641
PLAIN-2960,MED-728,-7.375
PLAIN-2960,MED-1053,-7.7148438
PLAIN-2960,MED-2221,-8.5234375
PLAIN-2960,MED-1543,-8.3125
PLAIN-2960,MED-2112,-9.5703125
PLAIN-2960,MED-3091,-9.234375
PLAIN-2960,MED-5123,-6.2773438
PLAIN-2960,MED-1549,-6.1523438
PLAIN-2960,MED-1344,-8.875
PLAIN-2960,MED-2891,-6.2695312
PLAIN-2960,MED-2761,-8.9140625
PLAIN-2960,MED-4969,-7.3046875
PLAIN-2960,MED-1050,-8.328125
PLAIN-2970,MED-4382,3.7753906
PLAIN-2970,MED-2753,-0.5756836
PLAIN-2970,MED-1691,-5.4375
PLAIN-2970,MED-2212,-7.46875
PLAIN-2970,MED-2255,-3.078125
PLAIN-2970,MED-1319,-4.4804688
PLAIN-2970,MED-4030,-2.0234375
PLAIN-2970,MED-3550,-3.0
PLAIN-2970,MED-2889,-4.7304688
PLAIN-2970,MED-1812,-3.9453125
PLAIN-2970,MED-1386,-2.6210938
PLAIN-2970,MED-751,-5.1601562
PLAIN-2970,MED-2437,-4.1523438
PLAIN-2970,MED-890,-2.3691406
PLAIN-2970,MED-4823,-4.4570312
PLAIN-2970,MED-4036,-1.8085938
PLAIN-2970,MED-2117,-3.859375
PLAIN-2970,MED-2498,-4.5625
PLAIN-2970,MED-2577,-3.2714844
PLAIN-2970,MED-5183,-4.2226562
PLAIN-2981,MED-4403,0.6801758
PLAIN-2981,MED-3198,-5.3164062
PLAIN-2981,MED-5171,-5.8125
PLAIN-2981,MED-4481,-6.40625
PLAIN-2981,MED-4976,-5.734375
PLAIN-2981,MED-2356,-5.796875
PLAIN-2981,MED-4807,-5.6289062
PLAIN-2981,MED-1217,-7.1679688
PLAIN-2981,MED-1220,-6.3359375
PLAIN-2981,MED-4026,-6.9140625
PLAIN-2981,MED-851,-9.2890625
PLAIN-2981,MED-1221,-6.4414062
PLAIN-2981,MED-2063,-5.1210938
PLAIN-2981,MED-3653,-7.7382812
PLAIN-2981,MED-5109,-4.8632812
PLAIN-2981,MED-4809,-7.2929688
PLAIN-2981,MED-2671,-8.6015625
PLAIN-2981,MED-5322,-5.84375
PLAIN-2981,MED-4808,-5.6523438
PLAIN-2981,MED-1216,-6.5117188
PLAIN-2991,MED-4827,-4.1757812
PLAIN-2991,MED-3198,-1.9521484
PLAIN-2991,MED-1193,-4.7851562
PLAIN-2991,MED-4510,-4.1757812
PLAIN-2991,MED-1258,-2.3671875
PLAIN-2991,MED-1663,3.2207031
PLAIN-2991,MED-1882,-3.7539062
PLAIN-2991,MED-1656,-1.8027344
PLAIN-2991,MED-1968,-3.3398438
PLAIN-2991,MED-4249,-1.3378906
PLAIN-2991,MED-5146,-5.1132812
PLAIN-2991,MED-3250,-5.0546875
PLAIN-2991,MED-3398,-4.8203125
PLAIN-2991,MED-4298,-5.9257812
PLAIN-2991,MED-1429,-5.0703125
PLAIN-2991,MED-3784,-4.359375
PLAIN-2991,MED-4424,1.0791016
PLAIN-2991,MED-2008,-3.3984375
PLAIN-2991,MED-2528,-3.4824219
PLAIN-2991,MED-5266,-2.5273438
PLAIN-3001,MED-4543,-6.4101562
PLAIN-3001,MED-4278,-1.9208984
PLAIN-3001,MED-3875,-6.6132812
PLAIN-3001,MED-3314,3.203125
PLAIN-3001,MED-2583,-5.7890625
PLAIN-3001,MED-4536,-4.8554688
PLAIN-3001,MED-5273,-6.1640625
PLAIN-3001,MED-3941,-6.3671875
PLAIN-3001,MED-903,-5.9179688
PLAIN-3001,MED-1817,-3.4277344
PLAIN-3001,MED-2243,-6.46875
PLAIN-3001,MED-1380,-4.2265625
PLAIN-3001,MED-4089,-6.2460938
PLAIN-3001,MED-3781,-6.8984375
PLAIN-3001,MED-3281,-5.8203125
PLAIN-3001,MED-3857,-6.6445312
PLAIN-3001,MED-4861,-2.8964844
PLAIN-3001,MED-1820,-6.8398438
PLAIN-3001,MED-2366,-6.21875
PLAIN-3001,MED-2546,-6.0039062
PLAIN-3014,MED-1378,-7.625
PLAIN-3014,MED-4489,-8.3046875
PLAIN-3014,MED-2716,-7.1015625
PLAIN-3014,MED-1349,-5.4023438
PLAIN-3014,MED-4156,-6.1914062
PLAIN-3014,MED-1407,-9.84375
PLAIN-3014,MED-4203,-8.0
PLAIN-3014,MED-4699,-8.8125
PLAIN-3014,MED-398,-7.2539062
PLAIN-3014,MED-3207,-7.2539062
PLAIN-3014,MED-3518,-9.515625
PLAIN-3014,MED-3857,-9.3359375
PLAIN-3014,MED-4366,-8.421875
PLAIN-3014,MED-3524,-8.4453125
PLAIN-3014,MED-3237,-7.7929688
PLAIN-3014,MED-3452,-7.4804688
PLAIN-3014,MED-1655,-9.3046875
PLAIN-3014,MED-1419,-4.8007812
PLAIN-3014,MED-3677,-8.671875
PLAIN-3014,MED-2432,-6.4726562
PLAIN-3026,MED-3453,-2.2011719
PLAIN-3026,MED-4976,-3.0722656
PLAIN-3026,MED-4057,-3.9277344
PLAIN-3026,MED-4053,-4.7421875
PLAIN-3026,MED-3151,-5.8632812
PLAIN-3026,MED-3157,-5.1835938
PLAIN-3026,MED-2064,-4.3164062
PLAIN-3026,MED-4144,-5.8203125
PLAIN-3026,MED-5034,-2.7578125
PLAIN-3026,MED-4492,-6.21875
PLAIN-3026,MED-4928,-4.5976562
PLAIN-3026,MED-1299,-6.265625
PLAIN-3026,MED-4957,-8.671875
PLAIN-3026,MED-3197,-4.4140625
PLAIN-3026,MED-3617,-3.5390625
PLAIN-3026,MED-5312,-7.140625
PLAIN-3026,MED-891,-6.828125
PLAIN-3026,MED-1601,-2.4414062
PLAIN-3026,MED-3531,-6.0976562
PLAIN-3026,MED-2672,-8.3515625
PLAIN-3037,MED-5063,-8.4765625
PLAIN-3037,MED-4789,-5.5390625
PLAIN-3037,MED-3893,-1.9033203
PLAIN-3037,MED-3895,-3.8457031
PLAIN-3037,MED-1518,-5.2539062
PLAIN-3037,MED-2050,-2.8554688
PLAIN-3037,MED-3894,-1.7841797
PLAIN-3037,MED-4506,-2.5175781
PLAIN-3037,MED-762,-5.2148438
PLAIN-3037,MED-3154,-5.7929688
PLAIN-3037,MED-3302,-6.1289062
PLAIN-3037,MED-3060,-3.2460938
PLAIN-3037,MED-1053,-0.84472656
PLAIN-3037,MED-1514,-4.7851562
PLAIN-3037,MED-5345,-3.8085938
PLAIN-3037,MED-1806,-1.3945312
PLAIN-3037,MED-1936,-2.3730469
PLAIN-3037,MED-1920,-5.9726562
PLAIN-3037,MED-3151,-4.3085938
PLAIN-3037,MED-3319,-6.2929688
PLAIN-3053,MED-4525,4.640625
PLAIN-3053,MED-4526,3.7070312
PLAIN-3053,MED-2700,-6.0625
PLAIN-3053,MED-1810,-6.8085938
PLAIN-3053,MED-4536,-6.7695312
PLAIN-3053,MED-3482,-7.15625
PLAIN-3053,MED-3809,-6.7929688
PLAIN-3053,MED-3808,-4.796875
PLAIN-3053,MED-1442,-6.9570312
PLAIN-3053,MED-4956,-7.2851562
PLAIN-3053,MED-3610,-9.2578125
PLAIN-3053,MED-853,-7.28125
PLAIN-3053,MED-1430,-5.4765625
PLAIN-3053,MED-3021,-7.8125
PLAIN-3053,MED-3353,-8.890625
PLAIN-3053,MED-3937,-4.8203125
PLAIN-3053,MED-1476,-7.0234375
PLAIN-3053,MED-2830,-5.5273438
PLAIN-3053,MED-4815,-7.6523438
PLAIN-3053,MED-2166,-7.3554688
PLAIN-3063,MED-2886,-1.4140625
PLAIN-3063,MED-4712,-1.2724609
PLAIN-3063,MED-2665,-5.4414062
PLAIN-3063,MED-1676,-5.5859375
PLAIN-3063,MED-4860,-8.6640625
PLAIN-3063,MED-1182,-6.1796875
PLAIN-3063,MED-3748,-8.0625
PLAIN-3063,MED-4544,-7.109375
PLAIN-3063,MED-2925,-5.828125
PLAIN-3063,MED-4583,-9.0859375
PLAIN-3063,MED-3894,-6.8828125
PLAIN-3063,MED-2924,-7.0234375
PLAIN-3063,MED-2076,-6.703125
PLAIN-3063,MED-2670,-8.203125
PLAIN-3063,MED-4580,-9.0859375
PLAIN-3063,MED-1671,-7.5507812
PLAIN-3063,MED-1600,-10.734375
PLAIN-3063,MED-2209,-9.2890625
PLAIN-3063,MED-2966,-6.5585938
PLAIN-3063,MED-4833,-7.359375
PLAIN-3074,MED-4555,0.2602539
PLAIN-3074,MED-4560,-7.2070312
PLAIN-3074,MED-1512,-4.4570312
PLAIN-3074,MED-4421,-5.9414062
PLAIN-3074,MED-4424,-5.3359375
PLAIN-3074,MED-3695,-5.1640625
PLAIN-3074,MED-1705,-7.1210938
PLAIN-3074,MED-3680,-3.5859375
PLAIN-3074,MED-3550,-9.1953125
PLAIN-3074,MED-2203,-4.2929688
PLAIN-3074,MED-4502,-5.8007812
PLAIN-3074,MED-1663,-4.65625
PLAIN-3074,MED-3254,-5.453125
PLAIN-3074,MED-851,-7.515625
PLAIN-3074,MED-3476,-7.4375
PLAIN-3074,MED-3253,-2.3105469
PLAIN-3074,MED-2249,-7.3554688
PLAIN-3074,MED-876,-5.9296875
PLAIN-3074,MED-1507,-9.640625
PLAIN-3074,MED-4998,-8.59375
PLAIN-3085,MED-716,-3.4765625
PLAIN-3085,MED-4575,-2.53125
PLAIN-3085,MED-4573,-2.0839844
PLAIN-3085,MED-3990,-2.9589844
PLAIN-3085,MED-4574,-3.2148438
PLAIN-3085,MED-919,-0.8232422
PLAIN-3085,MED-3985,-3.9589844
PLAIN-3085,MED-714,-1.0488281
PLAIN-3085,MED-962,-3.3320312
PLAIN-3085,MED-3986,-4.3242188
PLAIN-3085,MED-961,-4.2539062
PLAIN-3085,MED-4570,-3.0410156
PLAIN-3085,MED-921,-3.3476562
PLAIN-3085,MED-4566,-0.82714844
PLAIN-3085,MED-3988,-4.5898438
PLAIN-3085,MED-3987,-4.4648438
PLAIN-3085,MED-862,-0.5957031
PLAIN-3085,MED-4872,-3.9492188
PLAIN-3085,MED-3989,-3.7265625
PLAIN-3085,MED-4866,-5.6953125
PLAIN-3097,MED-4590,2.7578125
PLAIN-3097,MED-4580,-1.5488281
PLAIN-3097,MED-1792,-2.6523438
PLAIN-3097,MED-5019,-3.0546875
PLAIN-3097,MED-3945,-5.1601562
PLAIN-3097,MED-2265,-7.078125
PLAIN-3097,MED-4862,-6.0703125
PLAIN-3097,MED-5082,-6.4296875
PLAIN-3097,MED-4587,-4.8945312
PLAIN-3097,MED-3944,-6.2695312
PLAIN-3097,MED-4821,-6.8242188
PLAIN-3097,MED-3482,-6.9726562
PLAIN-3097,MED-1670,-3.5957031
PLAIN-3097,MED-3476,-5.859375
PLAIN-3097,MED-2491,-3.1035156
PLAIN-3097,MED-5165,-7.0820312
PLAIN-3097,MED-4901,-5.59375
PLAIN-3097,MED-3943,-7.4492188
PLAIN-3097,MED-4090,-5.9765625
PLAIN-3097,MED-4267,-3.3027344
PLAIN-3116,MED-4600,-3.7109375
PLAIN-3116,MED-2665,-1.4150391
PLAIN-3116,MED-2150,-5.6640625
PLAIN-3116,MED-1991,-4.1328125
PLAIN-3116,MED-1363,-2.96875
PLAIN-3116,MED-1874,-5.0859375
PLAIN-3116,MED-2432,-5.0859375
PLAIN-3116,MED-5111,-4.2773438
PLAIN-3116,MED-1676,-3.1542969
PLAIN-3116,MED-2924,-3.4101562
PLAIN-3116,MED-4028,-4.1523438
PLAIN-3116,MED-1553,-2.8105469
PLAIN-3116,MED-2917,-6.59375
PLAIN-3116,MED-5063,-6.8945312
PLAIN-3116,MED-1558,-3.7578125
PLAIN-3116,MED-2290,-3.6328125
PLAIN-3116,MED-2076,-4.8125
PLAIN-3116,MED-4299,-5.65625
PLAIN-3116,MED-4988,-5.4257812
PLAIN-3116,MED-4990,-5.4257812
PLAIN-3131,MED-4303,-4.4882812
PLAIN-3131,MED-4619,-4.515625
PLAIN-3131,MED-3348,-9.46875
PLAIN-3131,MED-4580,-8.3828125
PLAIN-3131,MED-5010,-1.5048828
PLAIN-3131,MED-4620,-1.5048828
PLAIN-3131,MED-4350,-9.3203125
PLAIN-3131,MED-3545,-10.6640625
PLAIN-3131,MED-4633,-8.171875
PLAIN-3131,MED-5342,-8.171875
PLAIN-3131,MED-1693,-6.2304688
PLAIN-3131,MED-3451,-10.28125
PLAIN-3131,MED-1303,-8.6015625
PLAIN-3131,MED-4850,-8.8359375
PLAIN-3131,MED-4249,-7.2617188
PLAIN-3131,MED-3382,-9.984375
PLAIN-3131,MED-5263,-9.4765625
PLAIN-3131,MED-2597,-8.296875
PLAIN-3131,MED-3476,-8.4140625
PLAIN-3131,MED-4618,-4.4179688
PLAIN-3141,MED-4644,-3.2246094
PLAIN-3141,MED-1594,-3.7304688
PLAIN-3141,MED-5226,-4.6640625
PLAIN-3141,MED-835,-3.5410156
PLAIN-3141,MED-2648,-3.8261719
PLAIN-3141,MED-1593,-2.4453125
PLAIN-3141,MED-4698,-5.7070312
PLAIN-3141,MED-3446,-3.6015625
PLAIN-3141,MED-1597,-3.0703125
PLAIN-3141,MED-2086,-5.203125
PLAIN-3141,MED-4160,-5.5664062
PLAIN-3141,MED-5003,-5.8046875
PLAIN-3141,MED-753,-3.8769531
PLAIN-3141,MED-4159,-5.796875
PLAIN-3141,MED-4323,-6.6054688
PLAIN-3141,MED-3854,-6.234375
PLAIN-3141,MED-3794,-2.96875
PLAIN-3141,MED-3852,-4.5117188
PLAIN-3141,MED-1592,-3.7988281
PLAIN-3141,MED-1522,-4.0898438
PLAIN-3151,MED-4662,-2.2890625
PLAIN-3151,MED-4665,-1.8896484
PLAIN-3151,MED-4664,-3.8183594
PLAIN-3151,MED-4668,-6.2304688
PLAIN-3151,MED-3971,-3.9511719
PLAIN-3151,MED-4660,-3.1464844
PLAIN-3151,MED-4666,-2.4960938
PLAIN-3151,MED-3444,-2.5117188
PLAIN-3151,MED-3448,-4.5820312
PLAIN-3151,MED-3445,-2.1425781
PLAIN-3151,MED-4595,-2.9394531
PLAIN-3151,MED-2270,-7.0195312
PLAIN-3151,MED-2249,-6.5742188
PLAIN-3151,MED-3237,-7.1875
PLAIN-3151,MED-1419,-4.2070312
PLAIN-3151,MED-3215,-7.921875
PLAIN-3151,MED-1138,-8.21875
PLAIN-3151,MED-4940,-5.515625
PLAIN-3151,MED-925,-7.1992188
PLAIN-3151,MED-4772,-8.3125
PLAIN-3161,MED-4677,0.16369629
PLAIN-3161,MED-4897,-6.8359375
PLAIN-3161,MED-4396,-6.2773438
PLAIN-3161,MED-2123,-7.1953125
PLAIN-3161,MED-1229,-7.1953125
PLAIN-3161,MED-1226,-7.3476562
PLAIN-3161,MED-1337,-7.328125
PLAIN-3161,MED-2056,-6.3242188
PLAIN-3161,MED-2772,-7.796875
PLAIN-3161,MED-1223,-7.3046875
PLAIN-3161,MED-2716,-6.5273438
PLAIN-3161,MED-2126,-10.53125
PLAIN-3161,MED-1116,-11.03125
PLAIN-3161,MED-4394,-6.4648438
PLAIN-3161,MED-4841,-8.6953125
PLAIN-3161,MED-5106,-6.9921875
PLAIN-3161,MED-5189,-7.515625
PLAIN-3161,MED-2771,-6.9960938
PLAIN-3161,MED-2063,-4.28125
PLAIN-3161,MED-899,-7.1992188
PLAIN-3171,MED-1754,-6.0859375
PLAIN-3171,MED-1362,-3.9804688
PLAIN-3171,MED-3587,-3.9023438
PLAIN-3171,MED-1777,-4.3632812
PLAIN-3171,MED-3699,-1.0361328
PLAIN-3171,MED-1509,-2.1699219
PLAIN-3171,MED-1400,-3.78125
PLAIN-3171,MED-4184,-6.3945312
PLAIN-3171,MED-1230,-5.6054688
PLAIN-3171,MED-1498,-6.7460938
PLAIN-3171,MED-1504,-2.2753906
PLAIN-3171,MED-1501,-3.9707031
PLAIN-3171,MED-4180,-5.9648438
PLAIN-3171,MED-3892,-5.8125
PLAIN-3171,MED-1343,-4.21875
PLAIN-3171,MED-3433,-3.3886719
PLAIN-3171,MED-2214,-4.25
PLAIN-3171,MED-1429,-3.9375
PLAIN-3171,MED-2257,-4.25
PLAIN-3171,MED-2374,-3.8828125
PLAIN-3181,MED-1150,-9.3828125
PLAIN-3181,MED-1846,-9.1171875
PLAIN-3181,MED-2663,-10.265625
PLAIN-3181,MED-3906,-7.6171875
PLAIN-3181,MED-4545,-8.4609375
PLAIN-3181,MED-1795,-7.0859375
PLAIN-3181,MED-4525,-8.3671875
PLAIN-3181,MED-3207,-8.4140625
PLAIN-3181,MED-398,-8.4140625
PLAIN-3181,MED-1262,-8.125
PLAIN-3181,MED-3348,-9.703125
PLAIN-3181,MED-1792,-8.2578125
PLAIN-3181,MED-3359,-8.609375
PLAIN-3181,MED-3900,-6.9921875
PLAIN-3181,MED-3208,-8.9375
PLAIN-3181,MED-5026,-8.5
PLAIN-3181,MED-4582,-9.34375
PLAIN-3181,MED-4414,-9.078125
PLAIN-3181,MED-5022,-9.8203125
PLAIN-3181,MED-3206,-9.1796875
PLAIN-3191,MED-2756,-6.6992188
PLAIN-3191,MED-2412,-5.3164062
PLAIN-3191,MED-4735,-6.4453125
PLAIN-3191,MED-4934,-7.3984375
PLAIN-3191,MED-1098,-4.890625
PLAIN-3191,MED-1831,-2.0800781
PLAIN-3191,MED-4943,-4.453125
PLAIN-3191,MED-2406,-6.59375
PLAIN-3191,MED-5102,-5.6992188
PLAIN-3191,MED-4731,-5.1484375
PLAIN-3191,MED-4379,-7.0820312
PLAIN-3191,MED-1958,-6.03125
PLAIN-3191,MED-4730,0.5214844
PLAIN-3191,MED-5100,-5.2421875
PLAIN-3191,MED-838,-2.6953125
PLAIN-3191,MED-1956,-8.3046875
PLAIN-3191,MED-2678,-7.3359375
PLAIN-3191,MED-4811,-8.7890625
PLAIN-3191,MED-5104,-7.8867188
PLAIN-3191,MED-839,-5.234375
PLAIN-3201,MED-4752,1.0195312
PLAIN-3201,MED-2120,2.3007812
PLAIN-3201,MED-4396,-3.6640625
PLAIN-3201,MED-3703,-2.1191406
PLAIN-3201,MED-5107,-4.9257812
PLAIN-3201,MED-2124,-2.7402344
PLAIN-3201,MED-4398,-4.1289062
PLAIN-3201,MED-3699,-4.8867188
PLAIN-3201,MED-5033,-5.3046875
PLAIN-3201,MED-2117,-1.8173828
PLAIN-3201,MED-1717,-4.6289062
PLAIN-3201,MED-4823,-5.6601562
PLAIN-3201,MED-4394,-1.7626953
PLAIN-3201,MED-2116,-4.21875
PLAIN-3201,MED-4227,-4.875
PLAIN-3201,MED-5087,-3.7675781
PLAIN-3201,MED-5106,-3.5605469
PLAIN-3201,MED-2513,-4.8867188
PLAIN-3201,MED-1718,-5.6914062
PLAIN-3201,MED-1721,-3.9804688
PLAIN-3211,MED-4365,-5.4882812
PLAIN-3211,MED-5023,-6.796875
PLAIN-3211,MED-4775,-5.09375
PLAIN-3211,MED-4595,-6.3242188
PLAIN-3211,MED-2094,-7.4375
PLAIN-3211,MED-4050,-5.9921875
PLAIN-3211,MED-1645,-5.59375
PLAIN-3211,MED-5063,-7.6796875
PLAIN-3211,MED-3371,-4.9570312
PLAIN-3211,MED-4098,-5.7929688
PLAIN-3211,MED-4663,-4.703125
PLAIN-3211,MED-945,-6.6445312
PLAIN-3211,MED-5052,-6.5546875
PLAIN-3211,MED-4468,-6.53125
PLAIN-3211,MED-5047,-7.171875
PLAIN-3211,MED-4780,-6.171875
PLAIN-3211,MED-4489,-5.9804688
PLAIN-3211,MED-1146,-6.6015625
PLAIN-3211,MED-4287,-5.2226562
PLAIN-3211,MED-5062,-6.8125
PLAIN-3221,MED-2212,1.4238281
PLAIN-3221,MED-1506,-0.4104004
PLAIN-3221,MED-1702,-0.34692383
PLAIN-3221,MED-4582,-2.3183594
PLAIN-3221,MED-1699,-1.4384766
PLAIN-3221,MED-2216,0.043121338
PLAIN-3221,MED-1504,-1.4501953
PLAIN-3221,MED-726,-4.3632812
PLAIN-3221,MED-1849,-5.3554688
PLAIN-3221,MED-1319,-2.9921875
PLAIN-3221,MED-1851,-2.2324219
PLAIN-3221,MED-1433,-2.2285156
PLAIN-3221,MED-1939,-4.7460938
PLAIN-3221,MED-4580,-3.6972656
PLAIN-3221,MED-1705,-2.9082031
PLAIN-3221,MED-1937,-5.3632812
PLAIN-3221,MED-1700,-3.1816406
PLAIN-3221,MED-2786,-5.0585938
PLAIN-3221,MED-4790,-4.7539062
PLAIN-3221,MED-4007,-3.03125
PLAIN-3231,MED-1109,1.0556641
PLAIN-3231,MED-1105,-0.40234375
PLAIN-3231,MED-4436,-1.9345703
PLAIN-3231,MED-4821,-2.4160156
PLAIN-3231,MED-1114,2.7128906
PLAIN-3231,MED-5235,-5.4023438
PLAIN-3231,MED-1104,-1.4619141
PLAIN-3231,MED-4485,-3.8925781
PLAIN-3231,MED-3787,1.0068359
PLAIN-3231,MED-3193,1.0068359
PLAIN-3231,MED-5034,-2.3417969
PLAIN-3231,MED-5205,-3.3613281
PLAIN-3231,MED-4482,-3.6953125
PLAIN-3231,MED-5035,-3.4804688
PLAIN-3231,MED-4487,-4.671875
PLAIN-3231,MED-1817,-5.1835938
PLAIN-3231,MED-3782,-3.4375
PLAIN-3231,MED-4486,-3.21875
PLAIN-3231,MED-847,-2.1054688
PLAIN-3231,MED-4758,-7.0976562
PLAIN-3241,MED-4841,-2.4882812
PLAIN-3241,MED-735,-4.9414062
PLAIN-3241,MED-2348,-3.3554688
PLAIN-3241,MED-1127,-9.3203125
PLAIN-3241,MED-1655,-9.2890625
PLAIN-3241,MED-957,-7.8320312
PLAIN-3241,MED-1429,-8.8046875
PLAIN-3241,MED-4628,-5.8789062
PLAIN-3241,MED-3177,-8.140625
PLAIN-3241,MED-3648,-7.5820312
PLAIN-3241,MED-5256,-6.1171875
PLAIN-3241,MED-5045,-8.6640625
PLAIN-3241,MED-2821,-6.296875
PLAIN-3241,MED-1125,-9.703125
PLAIN-3241,MED-2062,-8.0
PLAIN-3241,MED-3822,-9.3203125
PLAIN-3241,MED-4544,-6.8984375
PLAIN-3241,MED-5024,-9.1328125
PLAIN-3241,MED-1122,-6.5078125
PLAIN-3241,MED-2116,-9.8359375
PLAIN-3251,MED-4278,4.6679688
PLAIN-3251,MED-1380,3.3242188
PLAIN-3251,MED-5236,3.84375
PLAIN-3251,MED-4261,3.9335938
PLAIN-3251,MED-970,5.09375
PLAIN-3251,MED-5145,4.8789062
PLAIN-3251,MED-4861,4.6015625
PLAIN-3251,MED-4929,-3.1660156
PLAIN-3251,MED-1817,2.8496094
PLAIN-3251,MED-2474,-3.3378906
PLAIN-3251,MED-3699,4.1914062
PLAIN-3251,MED-5268,3.8105469
PLAIN-3251,MED-4480,-1.7333984
PLAIN-3251,MED-762,-4.1796875
PLAIN-3251,MED-3314,4.3007812
PLAIN-3251,MED-4158,-0.5126953
PLAIN-3251,MED-1529,4.5976562
PLAIN-3251,MED-2696,3.6796875
PLAIN-3251,MED-4159,-4.1054688
PLAIN-3251,MED-1638,3.3867188
PLAIN-3261,MED-5158,-1.8808594
PLAIN-3261,MED-5157,-1.5009766
PLAIN-3261,MED-4371,-8.359375
PLAIN-3261,MED-1868,-5.3515625
PLAIN-3261,MED-4873,-3.7539062
PLAIN-3261,MED-4104,-9.2421875
PLAIN-3261,MED-1867,-10.21875
PLAIN-3261,MED-711,-7.96875
PLAIN-3261,MED-3921,-8.15625
PLAIN-3261,MED-4251,-6.0117188
PLAIN-3261,MED-3816,-8.296875
PLAIN-3261,MED-3241,-7.1953125
PLAIN-3261,MED-1866,-7.3789062
PLAIN-3261,MED-945,-7.2148438
PLAIN-3261,MED-3197,-8.6171875
PLAIN-3261,MED-4715,-8.8515625
PLAIN-3261,MED-2170,-10.5703125
PLAIN-3261,MED-4977,-10.5703125
PLAIN-3261,MED-4144,-10.0859375
PLAIN-3261,MED-4893,-7.734375
PLAIN-3271,MED-4823,1.3789062
PLAIN-3271,MED-1068,-0.02357483
PLAIN-3271,MED-1455,0.120910645
PLAIN-3271,MED-4033,-0.44604492
PLAIN-3271,MED-1817,-5.109375
PLAIN-3271,MED-4487,-4.3398438
PLAIN-3271,MED-1781,-0.095947266
PLAIN-3271,MED-1716,-2.2011719
PLAIN-3271,MED-1924,0.20800781
PLAIN-3271,MED-4826,-2.4980469
PLAIN-3271,MED-1061,-3.3164062
PLAIN-3271,MED-1333,-6.3164062
PLAIN-3271,MED-3790,-0.77734375
PLAIN-3271,MED-851,-4.6914062
PLAIN-3271,MED-1238,-4.4492188
PLAIN-3271,MED-5205,-4.5859375
PLAIN-3271,MED-1718,-4.09375
PLAIN-3271,MED-4481,-0.7421875
PLAIN-3271,MED-2417,-3.1367188
PLAIN-3271,MED-1712,-0.37524414
PLAIN-3281,MED-4909,-1.6816406
PLAIN-3281,MED-3087,-4.0234375
PLAIN-3281,MED-1851,-5.1328125
PLAIN-3281,MED-1843,-5.5507812
PLAIN-3281,MED-4186,-6.7617188
PLAIN-3281,MED-1841,-4.4882812
PLAIN-3281,MED-1849,-4.515625
PLAIN-3281,MED-2420,-7.921875
PLAIN-3281,MED-1838,-3.5703125
PLAIN-3281,MED-2494,-5.3867188
PLAIN-3281,MED-5032,-6.4648438
PLAIN-3281,MED-4029,-7.2148438
PLAIN-3281,MED-2421,-8.5390625
PLAIN-3281,MED-4523,-7.0273438
PLAIN-3281,MED-1839,-4.515625
PLAIN-3281,MED-3617,-5.5625
PLAIN-3281,MED-2264,-5.34375
PLAIN-3281,MED-2906,-5.9023438
PLAIN-3281,MED-1850,-4.8554688
PLAIN-3281,MED-1845,-4.5078125
PLAIN-3292,MED-2758,-0.7036133
PLAIN-3292,MED-4647,-1.3349609
PLAIN-3292,MED-2757,-1.8232422
PLAIN-3292,MED-2759,-2.1035156
PLAIN-3292,MED-2761,0.20532227
PLAIN-3292,MED-2760,-1.3964844
PLAIN-3292,MED-950,-2.1777344
PLAIN-3292,MED-2762,-0.6191406
PLAIN-3292,MED-4925,-0.57958984
PLAIN-3292,MED-4645,-2.2539062
PLAIN-3292,MED-4872,-3.0664062
PLAIN-3292,MED-951,-2.1015625
PLAIN-3292,MED-716,-5.5273438
PLAIN-3292,MED-3452,-5.9375
PLAIN-3292,MED-4930,-6.9804688
PLAIN-3292,MED-4600,-3.1601562
PLAIN-3292,MED-4873,-4.2304688
PLAIN-3292,MED-3990,-6.875
PLAIN-3292,MED-2663,-10.6015625
PLAIN-3292,MED-1528,-7.7890625
PLAIN-3302,MED-4359,-4.9296875
PLAIN-3302,MED-4944,-5.9453125
PLAIN-3302,MED-4839,-4.8710938
PLAIN-3302,MED-1831,-4.5546875
PLAIN-3302,MED-4934,-3.5039062
PLAIN-3302,MED-3910,-5.7304688
PLAIN-3302,MED-2756,-3.5488281
PLAIN-3302,MED-4964,-4.8085938
PLAIN-3302,MED-2406,-5.4101562
PLAIN-3302,MED-4943,-3.9980469
PLAIN-3302,MED-5035,-6.2539062
PLAIN-3302,MED-4731,-3.1445312
PLAIN-3302,MED-4379,-4.59375
PLAIN-3302,MED-3031,-5.1953125
PLAIN-3302,MED-2391,-5.3007812
PLAIN-3302,MED-1956,-5.65625
PLAIN-3302,MED-2344,-4.4296875
PLAIN-3302,MED-5100,-5.2109375
PLAIN-3302,MED-2412,-4.640625
PLAIN-3302,MED-4966,-5.1015625
PLAIN-3312,MED-4360,1.7587891
PLAIN-3312,MED-4934,-4.421875
PLAIN-3312,MED-4959,-4.6171875
PLAIN-3312,MED-1274,-5.8398438
PLAIN-3312,MED-4735,-2.7167969
PLAIN-3312,MED-2756,-3.7636719
PLAIN-3312,MED-1098,-3.1699219
PLAIN-3312,MED-1958,-4.015625
PLAIN-3312,MED-1956,-2.21875
PLAIN-3312,MED-5102,-3.1328125
PLAIN-3312,MED-1598,-6.53125
PLAIN-3312,MED-3783,-7.421875
PLAIN-3312,MED-2496,-1.9228516
PLAIN-3312,MED-4943,-5.484375
PLAIN-3312,MED-4379,-5.7109375
PLAIN-3312,MED-4147,-8.0
PLAIN-3312,MED-4966,0.22692871
PLAIN-3312,MED-4937,-3.6914062
PLAIN-3312,MED-4381,-3.1621094
PLAIN-3312,MED-1573,-3.4375
PLAIN-3322,MED-3557,3.5644531
PLAIN-3322,MED-1106,2.5507812
PLAIN-3322,MED-4861,2.8027344
PLAIN-3322,MED-4714,2.2167969
PLAIN-3322,MED-4820,2.5488281
PLAIN-3322,MED-1146,1.90625
PLAIN-3322,MED-3245,1.0732422
PLAIN-3322,MED-3726,-2.3535156
PLAIN-3322,MED-5066,1.7646484
PLAIN-3322,MED-4612,-0.4338379
PLAIN-3322,MED-5033,-1.6855469
PLAIN-3322,MED-1530,1.8486328
PLAIN-3322,MED-3550,-5.7421875
PLAIN-3322,MED-3620,2.1699219
PLAIN-3322,MED-3698,0.7363281
PLAIN-3322,MED-5333,-6.1640625
PLAIN-3322,MED-2824,-4.4921875
PLAIN-3322,MED-4984,-6.8476562
PLAIN-3322,MED-1386,-4.8359375
PLAIN-3322,MED-2693,-2.3867188
PLAIN-3332,MED-3768,2.3339844
PLAIN-3332,MED-3696,-0.4663086
PLAIN-3332,MED-4994,1.0439453
PLAIN-3332,MED-3766,-2.4648438
PLAIN-3332,MED-3765,-6.4296875
PLAIN-3332,MED-3762,-1.5371094
PLAIN-3332,MED-4445,-1.5175781
PLAIN-3332,MED-4647,-6.4414062
PLAIN-3332,MED-5249,-4.2734375
PLAIN-3332,MED-5098,-3.5371094
PLAIN-3332,MED-3312,-2.1269531
PLAIN-3332,MED-4622,-4.8945312
PLAIN-3332,MED-5100,-4.4375
PLAIN-3332,MED-3700,-2.5117188
PLAIN-3332,MED-5283,-6.3164062
PLAIN-3332,MED-4645,-7.8476562
PLAIN-3332,MED-1646,-1.6484375
PLAIN-3332,MED-3767,-1.5351562
PLAIN-3332,MED-1627,-3.8652344
PLAIN-3332,MED-3394,-3.3046875
PLAIN-3342,MED-5012,-5.7929688
PLAIN-3342,MED-4000,-6.8515625
PLAIN-3342,MED-4001,-6.5195312
PLAIN-3342,MED-5016,-7.3320312
PLAIN-3342,MED-5014,-3.5039062
PLAIN-3342,MED-4004,-8.0546875
PLAIN-3342,MED-4002,-5.6679688
PLAIN-3342,MED-5285,-6.8242188
PLAIN-3342,MED-4284,-8.9453125
PLAIN-3342,MED-4335,-7.015625
PLAIN-3342,MED-2227,-6.796875
PLAIN-3342,MED-4897,-7.984375
PLAIN-3342,MED-5283,-6.984375
PLAIN-3342,MED-4588,-8.3828125
PLAIN-3342,MED-2774,-7.8515625
PLAIN-3342,MED-4302,-9.6015625
PLAIN-3342,MED-2384,-8.296875
PLAIN-3342,MED-2226,-6.8320312
PLAIN-3342,MED-2057,-8.921875
PLAIN-3342,MED-5149,-7.1210938
PLAIN-3352,MED-2384,-4.15625
PLAIN-3352,MED-2224,-4.1953125
PLAIN-3352,MED-2380,-5.0976562
PLAIN-3352,MED-4243,-4.390625
PLAIN-3352,MED-1198,-3.8984375
PLAIN-3352,MED-1872,-4.4804688
PLAIN-3352,MED-3668,-4.140625
PLAIN-3352,MED-4559,-4.5078125
PLAIN-3352,MED-5179,-4.3710938
PLAIN-3352,MED-2145,-5.4804688
PLAIN-3352,MED-1241,-5.6601562
PLAIN-3352,MED-4421,-5.3984375
PLAIN-3352,MED-4504,-5.8671875
PLAIN-3352,MED-1918,-5.2070312
PLAIN-3352,MED-3476,-3.6035156
PLAIN-3352,MED-1512,-4.4140625
PLAIN-3352,MED-2528,-6.5585938
PLAIN-3352,MED-1862,-3.7363281
PLAIN-3352,MED-5329,-4.84375
PLAIN-3352,MED-2170,-3.9101562
PLAIN-3362,MED-5042,-0.47631836
PLAIN-3362,MED-2208,-7.2148438
PLAIN-3362,MED-4713,-7.2851562
PLAIN-3362,MED-4544,-7.6054688
PLAIN-3362,MED-2227,-2.4199219
PLAIN-3362,MED-2048,-7.9882812
PLAIN-3362,MED-2811,-7.7578125
PLAIN-3362,MED-4534,-8.375
PLAIN-3362,MED-4529,-6.5585938
PLAIN-3362,MED-3516,-7.7851562
PLAIN-3362,MED-3986,-9.859375
PLAIN-3362,MED-1923,-9.1875
PLAIN-3362,MED-4536,-7.875
PLAIN-3362,MED-4390,-9.0078125
PLAIN-3362,MED-4704,-9.2890625
PLAIN-3362,MED-3707,-7.0546875
PLAIN-3362,MED-2790,-9.0234375
PLAIN-3362,MED-818,-7.3554688
PLAIN-3362,MED-4512,-7.5585938
PLAIN-3362,MED-5294,-7.2851562
PLAIN-3372,MED-1625,-2.8359375
PLAIN-3372,MED-4868,-1.1689453
PLAIN-3372,MED-5054,-2.4941406
PLAIN-3372,MED-1627,-2.6777344
PLAIN-3372,MED-1710,-4.0859375
PLAIN-3372,MED-4822,-3.9375
PLAIN-3372,MED-5056,-2.3886719
PLAIN-3372,MED-1108,-3.0488281
PLAIN-3372,MED-3535,-5.4335938
PLAIN-3372,MED-2202,-5.6953125
PLAIN-3372,MED-1630,-4.0585938
PLAIN-3372,MED-4120,-3.7128906
PLAIN-3372,MED-5057,-2.7167969
PLAIN-3372,MED-1707,-4.46875
PLAIN-3372,MED-1299,-5.4765625
PLAIN-3372,MED-2206,-6.4257812
PLAIN-3372,MED-5287,-3.1816406
PLAIN-3372,MED-2209,-6.6210938
PLAIN-3372,MED-3733,-3.7441406
PLAIN-3372,MED-2276,-3.8710938
PLAIN-3382,MED-3381,-2.8457031
PLAIN-3382,MED-2618,-4.8476562
PLAIN-3382,MED-4604,-4.8398438
PLAIN-3382,MED-3380,-1.8037109
PLAIN-3382,MED-3382,-2.0507812
PLAIN-3382,MED-5062,-1.1142578
PLAIN-3382,MED-5054,-5.2226562
PLAIN-3382,MED-2994,-7.546875
PLAIN-3382,MED-1625,-5.7851562
PLAIN-3382,MED-2616,-8.875
PLAIN-3382,MED-4659,-5.6875
PLAIN-3382,MED-4908,-9.8828125
PLAIN-3382,MED-1624,-7.1914062
PLAIN-3382,MED-1630,-6.7460938
PLAIN-3382,MED-906,-7.2890625
PLAIN-3382,MED-1851,-9.8125
PLAIN-3382,MED-4115,-11.0234375
PLAIN-3382,MED-2405,-7.9335938
PLAIN-3382,MED-1623,-7.1328125
PLAIN-3382,MED-4186,-7.203125
PLAIN-3392,MED-1646,-5.4453125
PLAIN-3392,MED-1627,-7.4921875
PLAIN-3392,MED-2460,-7.8046875
PLAIN-3392,MED-1299,-8.203125
PLAIN-3392,MED-1710,-8.109375
PLAIN-3392,MED-2461,-6.6289062
PLAIN-3392,MED-3533,-8.640625
PLAIN-3392,MED-5244,-6.15625
PLAIN-3392,MED-2155,-6.15625
PLAIN-3392,MED-2271,-8.390625
PLAIN-3392,MED-5050,-7.7695312
PLAIN-3392,MED-897,-5.9335938
PLAIN-3392,MED-5249,-5.9375
PLAIN-3392,MED-5046,-7.9726562
PLAIN-3392,MED-1150,-10.921875
PLAIN-3392,MED-3469,-7.859375
PLAIN-3392,MED-5122,-6.8398438
PLAIN-3392,MED-3473,-5.0195312
PLAIN-3392,MED-4587,-8.2734375
PLAIN-3392,MED-4774,-7.5703125
PLAIN-3402,MED-4689,1.4521484
PLAIN-3402,MED-2951,1.4521484
PLAIN-3402,MED-4149,-0.29125977
PLAIN-3402,MED-4413,-0.4621582
PLAIN-3402,MED-2693,-1.9960938
PLAIN-3402,MED-4523,-3.7695312
PLAIN-3402,MED-4411,-3.8632812
PLAIN-3402,MED-3744,-1.9140625
PLAIN-3402,MED-5084,-2.5117188
PLAIN-3402,MED-4518,-4.671875
PLAIN-3402,MED-3946,-4.9765625
PLAIN-3402,MED-5360,-3.3476562
PLAIN-3402,MED-5083,-3.1230469
PLAIN-3402,MED-2696,-4.6054688
PLAIN-3402,MED-3531,-6.484375
PLAIN-3402,MED-5073,-6.3320312
PLAIN-3402,MED-3467,-6.09375
PLAIN-3402,MED-4350,-3.7539062
PLAIN-3402,MED-2459,-4.7070312
PLAIN-3402,MED-2664,-5.6875
PLAIN-3412,MED-4682,-1.5341797
PLAIN-3412,MED-2264,-4.8554688
PLAIN-3412,MED-2263,-4.6328125
PLAIN-3412,MED-4258,-3.7128906
PLAIN-3412,MED-4898,-4.3515625
PLAIN-3412,MED-1489,-4.7460938
PLAIN-3412,MED-1250,-2.2519531
PLAIN-3412,MED-1134,-4.296875
PLAIN-3412,MED-2248,-5.9492188
PLAIN-3412,MED-2260,-5.3203125
PLAIN-3412,MED-1147,-3.9453125
PLAIN-3412,MED-5338,-4.8398438
PLAIN-3412,MED-1991,-7.296875
PLAIN-3412,MED-1319,-4.6054688
PLAIN-3412,MED-1138,-3.5703125
PLAIN-3412,MED-2294,-3.4726562
PLAIN-3412,MED-1249,-5.0117188
PLAIN-3412,MED-4515,-4.40625
PLAIN-3412,MED-1253,-7.2851562
PLAIN-3412,MED-1339,-5.4921875
PLAIN-3422,MED-3452,-1.4902344
PLAIN-3422,MED-4872,-0.6748047
PLAIN-3422,MED-2762,-0.35180664
PLAIN-3422,MED-716,-2.0546875
PLAIN-3422,MED-4575,-3.5078125
PLAIN-3422,MED-3157,-2.6914062
PLAIN-3422,MED-3453,-1.3427734
PLAIN-3422,MED-4366,-2.5527344
PLAIN-3422,MED-3990,-2.96875
PLAIN-3422,MED-4930,-2.8203125
PLAIN-3422,MED-4373,-0.55029297
PLAIN-3422,MED-2946,-2.3417969
PLAIN-3422,MED-2261,-6.546875
PLAIN-3422,MED-951,-2.2539062
PLAIN-3422,MED-4645,-3.25
PLAIN-3422,MED-4570,-2.1660156
PLAIN-3422,MED-1293,-6.1171875
PLAIN-3422,MED-5131,-2.4453125
PLAIN-3422,MED-2079,-2.1523438
PLAIN-3422,MED-4860,-5.9296875
PLAIN-3432,MED-5283,-5.3984375
PLAIN-3432,MED-5284,-5.6328125
PLAIN-3432,MED-2227,-5.4726562
PLAIN-3432,MED-2224,-6.7265625
PLAIN-3432,MED-1226,-9.0625
PLAIN-3432,MED-2228,-5.8945312
PLAIN-3432,MED-2223,-5.9882812
PLAIN-3432,MED-5040,-6.2617188
PLAIN-3432,MED-5038,-6.9101562
PLAIN-3432,MED-5287,-4.8945312
PLAIN-3432,MED-5286,-6.8320312
PLAIN-3432,MED-5248,-8.1015625
PLAIN-3432,MED-3166,-6.8242188
PLAIN-3432,MED-4336,-5.53125
PLAIN-3432,MED-4335,-6.9570312
PLAIN-3432,MED-5151,-5.7890625
PLAIN-3432,MED-5148,-7.0820312
PLAIN-3432,MED-1651,-4.1484375
PLAIN-3432,MED-5289,-6.703125
PLAIN-3432,MED-1337,-8.40625
PLAIN-3442,MED-1528,-4.7734375
PLAIN-3442,MED-4583,-0.77734375
PLAIN-3442,MED-4714,-3.4589844
PLAIN-3442,MED-5026,-1.5263672
PLAIN-3442,MED-4600,-2.4140625
PLAIN-3442,MED-2201,1.7382812
PLAIN-3442,MED-3480,-2.5507812
PLAIN-3442,MED-2150,-1.5566406
PLAIN-3442,MED-1540,-5.3046875
PLAIN-3442,MED-2294,-4.2578125
PLAIN-3442,MED-4988,-5.234375
PLAIN-3442,MED-4990,-5.234375
PLAIN-3442,MED-1693,-1.3935547
PLAIN-3442,MED-2529,-2.3710938
PLAIN-3442,MED-1375,-3.0019531
PLAIN-3442,MED-3245,-2.2109375
PLAIN-3442,MED-4632,-7.8164062
PLAIN-3442,MED-4633,-4.6757812
PLAIN-3442,MED-5342,-4.6757812
PLAIN-3442,MED-2010,-1.0966797
PLAIN-3452,MED-5175,5.3789062
PLAIN-3452,MED-4810,-0.9892578
PLAIN-3452,MED-4638,4.8085938
PLAIN-3452,MED-1040,1.6582031
PLAIN-3452,MED-1048,-0.5678711
PLAIN-3452,MED-4639,-4.1640625
PLAIN-3452,MED-4517,-4.1640625
PLAIN-3452,MED-1034,-0.49389648
PLAIN-3452,MED-1035,-0.03491211
PLAIN-3452,MED-4641,-0.17236328
PLAIN-3452,MED-2100,-0.17236328
PLAIN-3452,MED-4637,-1.6357422
PLAIN-3452,MED-949,2.1054688
PLAIN-3452,MED-1049,-1.7148438
PLAIN-3452,MED-1007,-2.4257812
PLAIN-3452,MED-1028,-4.1054688
PLAIN-3452,MED-718,-2.4746094
PLAIN-3452,MED-4325,-2.5917969
PLAIN-3452,MED-1033,-4.6953125
PLAIN-3452,MED-1029,0.20117188
PLAIN-3462,MED-5274,1.0341797
PLAIN-3462,MED-5263,-2.7773438
PLAIN-3462,MED-1373,2.0214844
PLAIN-3462,MED-1390,-1.7353516
PLAIN-3462,MED-5268,-2.0742188
PLAIN-3462,MED-5260,-0.4716797
PLAIN-3462,MED-2939,-1.6494141
PLAIN-3462,MED-5153,1.9882812
PLAIN-3462,MED-4249,-3.609375
PLAIN-3462,MED-5266,-3.9082031
PLAIN-3462,MED-5269,0.12426758
PLAIN-3462,MED-4709,-3.15625
PLAIN-3462,MED-5179,-4.484375
PLAIN-3462,MED-2378,-3.1777344
PLAIN-3462,MED-5271,1.5185547
PLAIN-3462,MED-5276,-4.4414062
PLAIN-3462,MED-2372,-3.296875
PLAIN-3462,MED-5273,-1.9072266
PLAIN-3462,MED-3427,-4.6875
PLAIN-3462,MED-1312,-6.1210938
PLAIN-3472,MED-2525,-3.4726562
PLAIN-3472,MED-3636,-7.0859375
PLAIN-3472,MED-5343,-6.4257812
PLAIN-3472,MED-3749,-7.015625
PLAIN-3472,MED-3752,-7.8242188
PLAIN-3472,MED-3603,-7.1953125
PLAIN-3472,MED-1350,-5.0195312
PLAIN-3472,MED-1345,-8.5703125
PLAIN-3472,MED-3760,-6.5039062
PLAIN-3472,MED-1549,-8.1171875
PLAIN-3472,MED-2944,-9.2265625
PLAIN-3472,MED-4617,-9.2265625
PLAIN-3472,MED-1248,-9.8984375
PLAIN-3472,MED-1990,-10.3671875
PLAIN-3472,MED-1051,-7.8789062
PLAIN-3472,MED-3759,-6.640625
PLAIN-3472,MED-4598,-6.9375
PLAIN-3472,MED-4673,-6.9375
PLAIN-3472,MED-2315,-8.2890625
PLAIN-3472,MED-1097,-6.9921875
