dataset,split,query_id,hyb_top1,hyb_margin12,hyb_gap1_10,hyb_std10,dense_top1,dense_margin12,dense_gap1_10,lex_top1,lex_margin12,lex_gap1_10,dense_lex_jaccard10,dense_top1_in_lex10,lex_top1_in_dense10,hyb_top1_is_dense_top1,q_tokens,q_lex_terms,ndcg_first,ndcg_base,ndcg_escalate,gain,y
scifact,test,1,0.54983395,0.0054572225,0.033065557,0.010411833,0.5332279,0.0055246353,0.028983176,0.11599869,0.014538206,0.033602588,0.0,0.0,0.0,0.0,14,11,0.0,0.0,0.0,0.0,0
scifact,test,3,0.7104748,0.031633675,0.07910174,0.023237085,0.64466965,0.019162655,0.061947346,0.24997658,0.011176497,0.062439263,0.25,1.0,0.0,1.0,33,27,0.6309297535714575,0.38685280723454163,0.5,0.11314719276545837,1
scifact,test,5,0.6138574,0.062289357,0.096857965,0.02796854,0.5577924,0.027678788,0.05702573,0.18688321,0.08701588,0.10428631,0.1111111111111111,1.0,1.0,1.0,15,12,1.0,1.0,1.0,0.0,0
scifact,test,13,0.6592569,0.007480502,0.075677454,0.025440987,0.61679226,0.0009859204,0.05411309,0.16391765,0.019082472,0.0444462,0.17647058823529413,0.0,1.0,0.0,17,14,0.3333333333333333,0.2890648263178879,0.2890648263178879,0.0,0
scifact,test,36,0.7241402,0.0017199516,0.07664907,0.024731316,0.673268,0.015769303,0.06549144,0.26491517,0.019295603,0.09436685,0.5384615384615384,0.0,1.0,0.0,22,17,0.21840743681816419,0.2640681225725909,0.18457569677956817,-0.07949242579302271,0
scifact,test,42,0.8174047,0.15533108,0.21839303,0.06258895,0.73726875,0.1223225,0.1690352,0.26711982,0.04949361,0.15211806,0.25,1.0,1.0,1.0,36,27,1.0,1.0,1.0,0.0,0
scifact,test,48,0.66823936,0.07435161,0.15925932,0.04769775,0.62944376,0.07597941,0.13788417,0.21325144,0.037290007,0.12882668,0.17647058823529413,1.0,1.0,1.0,25,21,0.38685280723454163,0.5,1.0,0.5,1
scifact,test,49,0.8196419,0.101741254,0.26487088,0.08172592,0.723675,0.07307857,0.19736111,0.31988963,0.0955423,0.1804143,0.3333333333333333,1.0,1.0,1.0,19,13,1.0,1.0,1.0,0.0,0
scifact,test,50,0.75058,0.029001951,0.14448315,0.049637184,0.70693904,0.04701388,0.12659186,0.2077936,0.05251077,0.075763494,0.3333333333333333,1.0,1.0,1.0,14,12,1.0,1.0,1.0,0.0,0
scifact,test,51,0.84766454,0.10818249,0.22170448,0.06825466,0.74743474,0.099503815,0.16744685,0.33409923,0.028928727,0.15875366,0.1111111111111111,1.0,1.0,1.0,16,13,1.0,1.0,1.0,0.0,0
scifact,test,53,0.848512,0.09889507,0.21776772,0.068470605,0.745957,0.08169103,0.16180342,0.3418499,0.05734673,0.16232686,0.25,1.0,1.0,1.0,18,15,1.0,1.0,1.0,0.0,0
scifact,test,54,0.80139184,0.024274528,0.10080212,0.03399431,0.69823307,0.009769857,0.088412285,0.3439845,0.0001218915,0.0649156,0.5384615384615384,1.0,1.0,1.0,30,17,0.3333333333333333,0.3333333333333333,1.0,0.6666666666666667,1
scifact,test,56,0.8035647,0.11625975,0.19662517,0.05818933,0.67367584,0.04726553,0.10462695,0.43296295,0.21098919,0.2641366,0.25,1.0,1.0,1.0,39,31,1.0,1.0,1.0,0.0,0
scifact,test,57,0.79512507,0.13707304,0.18525451,0.054115236,0.6662265,0.06363338,0.102835536,0.4296619,0.22864082,0.25141665,0.25,1.0,1.0,1.0,41,32,1.0,1.0,1.0,0.0,0
scifact,test,70,0.68176585,0.008725703,0.035661638,0.00991951,0.62767506,2.4497509e-05,0.021648526,0.19946651,0.010969102,0.045396134,0.3333333333333333,0.0,0.0,0.0,17,14,0.38162168437253385,0.8772153153380493,1.0,0.1227846846619507,1
scifact,test,72,0.5868486,0.009712279,0.05215442,0.01761364,0.56219363,0.00647974,0.04089898,0.11167468,0.009209074,0.031767532,0.1111111111111111,1.0,0.0,1.0,22,19,1.0,0.38685280723454163,1.0,0.6131471927654584,1
scifact,test,75,0.748617,0.06231457,0.15033829,0.046239514,0.66111296,0.07600063,0.11561644,0.33730018,0.045620114,0.16945252,0.3333333333333333,1.0,1.0,1.0,32,25,1.0,1.0,0.6309297535714575,-0.36907024642854247,0
scifact,test,94,0.58683866,0.025686204,0.056194365,0.015753094,0.57414216,0.018133998,0.04885924,0.13624221,0.017797694,0.058056325,0.0,0.0,0.0,1.0,17,15,0.0,0.0,0.0,0.0,0
scifact,test,99,0.5869218,0.007265091,0.035240054,0.010671356,0.5527651,0.013951361,0.029962301,0.16175768,0.006449491,0.03278196,0.1111111111111111,0.0,0.0,1.0,25,18,0.38685280723454163,0.43067655807339306,1.0,0.5693234419266069,1
scifact,test,100,0.7099297,0.017322838,0.07858342,0.028015854,0.63750136,0.0022745132,0.050686,0.24142775,0.017987058,0.057363376,0.3333333333333333,1.0,1.0,1.0,21,19,1.0,1.0,1.0,0.0,0
scifact,test,113,0.8251236,0.06403011,0.1851883,0.05832781,0.73765206,0.03194624,0.13176763,0.2915718,0.09197289,0.16742942,0.42857142857142855,1.0,1.0,1.0,26,17,1.0,1.0,1.0,0.0,0
scifact,test,115,0.56382906,0.034498572,0.10076484,0.03206486,0.5349975,0.034109533,0.0796988,0.098939955,0.0028347299,0.02872824,0.1111111111111111,1.0,1.0,1.0,21,18,1.0,1.0,1.0,0.0,0
scifact,test,118,0.8818694,0.120390594,0.2660659,0.077502504,0.7792086,0.088814914,0.19232857,0.34220257,0.105252326,0.21474183,0.6666666666666666,1.0,1.0,1.0,24,19,1.0,1.0,1.0,0.0,0
scifact,test,124,0.86721224,0.07260114,0.24658829,0.07765404,0.7803063,0.08482033,0.19423693,0.33041713,0.040730566,0.16694331,0.3333333333333333,1.0,1.0,1.0,25,20,1.0,1.0,1.0,0.0,0
scifact,test,127,0.61968756,0.033236146,0.04798913,0.013257682,0.57695574,0.005838454,0.027891636,0.18981707,0.04737763,0.094986014,0.1111111111111111,1.0,0.0,1.0,19,15,1.0,1.0,1.0,0.0,0
scifact,test,128,0.54326683,0.0030608177,0.0314793,0.010250788,0.53257996,0.005854547,0.028699577,0.08242209,0.010545269,0.03487321,0.1111111111111111,0.0,0.0,0.0,16,12,0.0,0.0,0.0,0.0,0
scifact,test,129,0.75766647,0.20839769,0.26515815,0.07624198,0.6973154,0.1605078,0.21775919,0.20117024,0.0844508,0.12874502,0.1111111111111111,1.0,1.0,1.0,22,18,1.0,1.0,1.0,0.0,0
scifact,test,130,0.7794812,0.23515022,0.26615822,0.07678306,0.71188754,0.18618435,0.21606678,0.225312,0.088072896,0.14316578,0.1111111111111111,1.0,1.0,1.0,22,18,1.0,1.0,1.0,0.0,0
scifact,test,132,0.66092855,0.010464489,0.066419184,0.02164475,0.62453294,0.025733829,0.04769206,0.17221655,0.021767363,0.05089794,0.3333333333333333,1.0,1.0,1.0,14,13,0.0,0.0,0.0,0.0,0
scifact,test,133,0.71997523,0.027894735,0.14115614,0.04463946,0.6556286,0.017281413,0.094810605,0.21448871,0.025228709,0.0743669,0.25,1.0,1.0,1.0,48,31,0.7198329954996533,0.6963212427055517,0.6904118169110937,-0.005909425794458079,0
scifact,test,137,0.86025417,0.31459588,0.36621094,0.10658143,0.75664085,0.26081753,0.28282076,0.3453777,0.13910821,0.23529345,0.17647058823529413,1.0,1.0,1.0,26,22,1.0,1.0,1.0,0.0,0
scifact,test,141,0.8011154,0.100446045,0.21151751,0.06360869,0.7010654,0.07486045,0.132931,0.33349994,0.085285276,0.2304649,0.3333333333333333,1.0,1.0,1.0,24,20,1.0,1.0,0.9197207891481876,-0.08027921085181244,0
scifact,test,142,0.74994874,0.07513273,0.13305748,0.03708212,0.64992344,0.002372384,0.06901789,0.34132564,0.1314069,0.17000908,0.05263157894736842,0.0,1.0,0.0,43,32,1.0,1.0,1.0,0.0,0
scifact,test,143,0.78537935,0.14200783,0.18082279,0.05088896,0.68503654,0.093726695,0.12167013,0.33447593,0.13522464,0.16112795,0.17647058823529413,1.0,1.0,1.0,41,32,1.0,1.0,1.0,0.0,0
scifact,test,146,0.81424046,0.14223927,0.20463192,0.05790991,0.7150521,0.09144974,0.14502203,0.3306278,0.14231926,0.16551027,0.25,1.0,1.0,1.0,41,31,1.0,1.0,1.0,0.0,0
scifact,test,148,0.71967155,0.0010362864,0.05953151,0.020010762,0.6750024,0.008819997,0.047263026,0.1748429,0.012843549,0.05096093,0.5384615384615384,1.0,1.0,1.0,14,10,0.6309297535714575,1.0,1.0,0.0,0
scifact,test,163,0.79838514,0.022110224,0.23004562,0.076028965,0.721019,0.02262491,0.1772561,0.2596026,0.0017156601,0.12254202,0.42857142857142855,1.0,1.0,1.0,15,13,0.6309297535714575,1.0,1.0,0.0,0
scifact,test,171,0.8060346,0.048903108,0.22474647,0.07611213,0.6899364,0.031393826,0.14684016,0.3869941,0.058364213,0.21761917,0.25,1.0,1.0,1.0,27,24,1.0,1.0,1.0,0.0,0
scifact,test,179,0.8474342,0.044471443,0.14833146,0.046897154,0.7825539,0.046824336,0.12393963,0.22411078,0.0072434545,0.06741442,0.42857142857142855,1.0,1.0,1.0,15,12,0.9709286432396583,0.9279611693743142,0.9828920819566879,0.0549309125823737,1
scifact,test,180,0.7805557,0.098475635,0.19754928,0.06239253,0.6656935,0.055936396,0.11163765,0.38287395,0.14179745,0.25313327,0.17647058823529413,1.0,1.0,1.0,39,26,1.0,1.0,1.0,0.0,0
scifact,test,183,0.7153379,0.021031022,0.054853022,0.015748814,0.65691715,0.012372255,0.042055905,0.21149695,0.0010666996,0.03852862,0.25,1.0,0.0,1.0,18,15,0.2890648263178879,0.6309297535714575,1.0,0.36907024642854247,1
scifact,test,185,0.69063383,0.00019061565,0.05794716,0.023247262,0.6503706,0.0028910637,0.05560398,0.16724828,0.00011005998,0.024353266,0.1111111111111111,0.0,0.0,0.0,15,12,0.38685280723454163,0.2890648263178879,1.0,0.7109351736821121,1
scifact,test,198,0.520384,0.015561342,0.045252085,0.01426275,0.50280535,0.012725204,0.041153163,0.10040304,0.00092647225,0.02380845,0.05263157894736842,0.0,0.0,1.0,13,10,0.3333333333333333,1.0,1.0,0.0,0
scifact,test,208,0.70449656,0.12993246,0.16189593,0.04422883,0.6264625,0.07991558,0.11783552,0.26011348,0.072793856,0.118144676,0.1111111111111111,1.0,1.0,1.0,13,10,1.0,1.0,1.0,0.0,0
scifact,test,212,0.6750265,0.006788075,0.04395044,0.014529315,0.630677,0.0031653047,0.03469801,0.15838261,0.0012903214,0.032753497,0.17647058823529413,0.0,1.0,0.0,13,11,0.6309297535714575,0.6309297535714575,0.6309297535714575,0.0,0
scifact,test,213,0.7308767,0.03025359,0.16578406,0.05410502,0.6536802,0.038430512,0.12887281,0.284578,0.02725634,0.15453799,0.42857142857142855,1.0,1.0,1.0,30,23,0.31546487678572877,0.3333333333333333,0.31546487678572877,-0.01786845654760455,0
scifact,test,216,0.7321043,0.09248996,0.12363851,0.035389613,0.6640541,0.06749672,0.09947306,0.24637537,0.019541308,0.095589444,0.1111111111111111,1.0,0.0,1.0,20,15,1.0,1.0,1.0,0.0,0
scifact,test,217,0.77466357,0.10048509,0.15268761,0.044621777,0.6976488,0.06698996,0.11446625,0.2567159,0.04779379,0.10134643,0.1111111111111111,1.0,1.0,1.0,19,13,1.0,1.0,1.0,0.0,0
scifact,test,218,0.8110195,0.11900872,0.18550032,0.053241294,0.72262865,0.087233126,0.1371935,0.29463613,0.1019021,0.12986559,0.25,1.0,1.0,1.0,21,14,1.0,1.0,1.0,0.0,0
scifact,test,219,0.8165294,0.12908888,0.2007094,0.059308708,0.7316956,0.103483915,0.14897215,0.28277928,0.076546654,0.0967883,0.25,1.0,1.0,1.0,22,17,1.0,1.0,1.0,0.0,0
scifact,test,230,0.6060139,0.025075436,0.06820345,0.019335378,0.5540862,0.006111622,0.039782107,0.17309225,0.032429457,0.07303124,0.3333333333333333,1.0,1.0,1.0,29,18,1.0,1.0,1.0,0.0,0
scifact,test,232,0.7931559,0.011166275,0.29718405,0.114185184,0.7258917,0.03864366,0.25072175,0.31580535,0.09159145,0.23806125,0.42857142857142855,1.0,1.0,1.0,21,18,1.0,1.0,0.5,-0.5,0
scifact,test,233,0.69005245,0.13477618,0.18114907,0.05037946,0.62860644,0.090817094,0.13604042,0.20481999,0.06326398,0.096910596,0.05263157894736842,1.0,1.0,1.0,22,14,1.0,1.0,1.0,0.0,0
scifact,test,236,0.75911534,0.14770389,0.17635888,0.049332686,0.68701017,0.09961361,0.13715392,0.24035066,0.076948225,0.11610551,0.05263157894736842,1.0,1.0,1.0,22,15,1.0,1.0,1.0,0.0,0
scifact,test,237,0.6793202,0.061950922,0.15434748,0.047750138,0.6211485,0.054294705,0.11257124,0.20312132,0.009215787,0.072613135,0.25,1.0,1.0,1.0,24,18,0.6309297535714575,0.38685280723454163,0.6309297535714575,0.2440769463369159,1
scifact,test,238,0.6779477,0.0036265254,0.04362476,0.016169373,0.6373976,0.005604923,0.03845966,0.18610157,0.01810883,0.04091291,0.05263157894736842,0.0,1.0,0.0,20,16,1.0,0.3562071871080222,0.43067655807339306,0.07446937096537087,1
scifact,test,239,0.70412743,0.0051810145,0.046485007,0.014484126,0.66590536,0.0026275516,0.032404304,0.13616535,0.010444969,0.03569497,0.25,1.0,1.0,0.0,15,12,0.0,0.0,0.38685280723454163,0.38685280723454163,1
scifact,test,248,0.7037146,0.086009204,0.15235418,0.044277895,0.6350056,0.056523383,0.09799284,0.22903013,0.0982862,0.13177718,0.25,1.0,1.0,1.0,22,18,1.0,1.0,1.0,0.0,0
scifact,test,249,0.6748876,0.09769654,0.12672085,0.03642083,0.60236645,0.04597777,0.078760564,0.24173719,0.10602218,0.12971988,0.1111111111111111,1.0,1.0,1.0,22,18,1.0,1.0,1.0,0.0,0
scifact,test,261,0.8346725,0.062336504,0.17821151,0.056963038,0.7585676,0.045627654,0.13289845,0.25368315,0.04999627,0.11495036,0.42857142857142855,1.0,1.0,1.0,27,21,0.20438239758848611,0.21840743681816419,0.23719771276929622,0.01879027595113203,1
scifact,test,268,0.6014122,0.0026830435,0.095222235,0.033617917,0.5763872,0.028838098,0.09115076,0.17954339,0.033475935,0.081619784,0.1111111111111111,0.0,1.0,0.0,11,9,1.0,1.0,1.0,0.0,0
scifact,test,269,0.5790268,0.011633694,0.091430426,0.029134706,0.5469691,0.030700207,0.074894845,0.17041406,0.035807103,0.07612932,0.17647058823529413,1.0,1.0,1.0,11,9,0.6309297535714575,1.0,1.0,0.0,0
scifact,test,274,0.9654271,0.09704584,0.34680164,0.10833371,0.8112557,0.060530663,0.21370983,0.5139047,0.12171736,0.38306367,0.5384615384615384,1.0,1.0,1.0,43,32,1.0,1.0,1.0,0.0,0
scifact,test,275,0.818269,0.034565985,0.14744818,0.049554884,0.71296513,0.01586771,0.10029936,0.35101283,0.062327415,0.16412759,0.3333333333333333,1.0,1.0,1.0,33,30,0.6713860725233041,0.5307212739772434,0.6364391809889587,0.10571790701171524,1
scifact,test,279,0.8725149,0.22718608,0.35774195,0.105936944,0.73542184,0.1459288,0.24085298,0.4569769,0.1838516,0.30764937,0.17647058823529413,1.0,1.0,1.0,27,21,1.0,1.0,1.0,0.0,0
scifact,test,294,0.582788,0.008089483,0.0517779,0.016899977,0.5356886,0.0027493238,0.054946154,0.25537726,0.055104032,0.08859788,0.25,0.0,0.0,0.0,25,21,0.3333333333333333,0.6309297535714575,0.6309297535714575,0.0,0
scifact,test,295,0.7810093,0.011074543,0.11145002,0.03427785,0.6804255,0.007722795,0.07704967,0.3900178,0.05473855,0.15702985,0.5384615384615384,1.0,1.0,1.0,39,27,0.3562071871080222,1.0,1.0,0.0,0
scifact,test,298,0.72623307,0.047993183,0.16620386,0.05307411,0.653534,0.03271675,0.1120891,0.2423303,0.050921515,0.121053495,0.17647058823529413,1.0,1.0,1.0,31,24,1.0,1.0,0.6309297535714575,-0.36907024642854247,0
scifact,test,300,0.62463397,0.0035954118,0.028187096,0.00978848,0.59088975,0.004562795,0.030493915,0.21513702,0.021298304,0.053106725,0.17647058823529413,0.0,0.0,0.0,58,26,0.38685280723454163,0.5,0.5,0.0,0
scifact,test,303,0.6203958,0.008477151,0.04729271,0.015189985,0.57346314,0.00862807,0.030322552,0.182169,0.0038336813,0.02063033,0.05263157894736842,0.0,0.0,1.0,28,22,0.0,0.0,0.0,0.0,0
scifact,test,312,0.6625913,0.0027182102,0.12893814,0.04533976,0.58636045,0.0004762411,0.074543536,0.25569022,0.0106482655,0.13830067,0.25,1.0,1.0,0.0,28,21,0.0,0.0,0.0,0.0,0
scifact,test,314,0.68347174,0.07033014,0.13138896,0.03778828,0.6121612,0.052160323,0.08311045,0.23770165,0.011177719,0.09980592,0.1111111111111111,1.0,1.0,1.0,39,28,0.31546487678572877,0.43067655807339306,0.5,0.06932344192660694,1
scifact,test,324,0.56060165,0.0075859427,0.038025856,0.012180713,0.53026307,0.002390802,0.01860851,0.11272204,0.003958553,0.024689838,0.05263157894736842,1.0,0.0,1.0,16,13,0.0,0.0,0.0,0.0,0
scifact,test,327,0.60495114,0.08213472,0.12521133,0.035984706,0.5388745,0.041929632,0.075327754,0.22025535,0.046118572,0.10904267,0.1111111111111111,1.0,1.0,1.0,25,21,1.0,1.0,1.0,0.0,0
scifact,test,338,0.8083023,0.039857864,0.23872232,0.0806759,0.7065673,0.0048318505,0.15706646,0.3391167,0.11675352,0.2162486,0.25,1.0,1.0,1.0,19,17,1.0,1.0,1.0,0.0,0
scifact,test,343,0.7520537,0.044627726,0.09034002,0.026242053,0.6910084,0.026264727,0.06771314,0.22252193,0.01903759,0.060904473,0.17647058823529413,1.0,0.0,1.0,29,23,0.9197207891481876,0.9197207891481876,0.5437713091520254,-0.37594947999616213,0
scifact,test,350,0.803377,0.120339096,0.20715225,0.058455586,0.7291055,0.10923272,0.16149539,0.2475717,0.03702134,0.09542744,0.3333333333333333,1.0,1.0,1.0,28,19,1.0,1.0,1.0,0.0,0
scifact,test,354,0.93130946,0.19097948,0.32613075,0.09659983,0.7922517,0.1382966,0.21213621,0.46352592,0.17560956,0.31364644,0.1111111111111111,1.0,1.0,1.0,26,21,1.0,1.0,1.0,0.0,0
scifact,test,362,0.68676853,0.034720898,0.08233267,0.025807058,0.6079293,0.0009033084,0.041821063,0.2627975,0.06054987,0.09239766,0.3333333333333333,1.0,1.0,1.0,44,34,1.0,0.6309297535714575,1.0,0.36907024642854247,1
scifact,test,380,0.70469713,0.09205818,0.11306411,0.031488836,0.62648183,0.031308353,0.0656448,0.2607177,0.07365152,0.1322148,0.05263157894736842,1.0,1.0,1.0,23,20,1.0,1.0,1.0,0.0,0
scifact,test,384,0.6506474,0.018793344,0.087644696,0.027877187,0.59287995,0.0034166574,0.05165726,0.1925582,0.0348887,0.08273919,0.25,1.0,1.0,1.0,24,19,0.0,0.0,0.38685280723454163,0.38685280723454163,1
scifact,test,385,0.875235,0.17885017,0.21547306,0.06028029,0.7720955,0.13125092,0.15831745,0.3437983,0.025492191,0.1324364,0.1111111111111111,1.0,1.0,1.0,27,23,0.5,0.5437713091520254,0.6934264036172708,0.1496550944652454,1
scifact,test,386,0.73503643,0.08453292,0.17132467,0.04817248,0.6759813,0.08800578,0.14256823,0.22697215,0.030121744,0.10734524,0.17647058823529413,1.0,1.0,1.0,28,22,1.0,1.0,1.0,0.0,0
scifact,test,388,0.59700006,0.011351109,0.03947383,0.011841957,0.5738207,0.023155272,0.043831587,0.15444875,0.001825422,0.033558942,0.05263157894736842,0.0,1.0,0.0,17,11,0.5,1.0,0.43067655807339306,-0.5693234419266069,0
scifact,test,399,0.92380995,0.19808525,0.3737005,0.11131208,0.8115908,0.13881695,0.27107096,0.37406385,0.18235736,0.29114217,0.3333333333333333,1.0,1.0,1.0,20,16,1.0,1.0,1.0,0.0,0
scifact,test,410,0.82367676,0.17105454,0.26828206,0.079261385,0.75056523,0.1544168,0.21219397,0.24370517,0.055459216,0.15129653,0.25,1.0,1.0,1.0,20,15,1.0,1.0,1.0,0.0,0
scifact,test,411,0.7494333,0.12565589,0.21488506,0.062203977,0.68183637,0.104855895,0.16609699,0.22532305,0.0693333,0.13303943,0.25,1.0,1.0,1.0,20,16,1.0,1.0,1.0,0.0,0
scifact,test,415,0.85963815,0.029580295,0.18083209,0.0552693,0.70553327,0.012292802,0.087848246,0.51368296,0.03349632,0.29562986,0.8181818181818182,1.0,1.0,1.0,29,24,0.2890648263178879,0.2890648263178879,0.0,-0.2890648263178879,0
scifact,test,421,0.6691982,0.012014627,0.09395957,0.030273074,0.641861,0.01764369,0.07870942,0.11302985,0.0013514161,0.025693625,0.17647058823529413,1.0,1.0,1.0,26,20,0.2890648263178879,0.2890648263178879,0.2890648263178879,0.0,0
scifact,test,431,0.68277293,0.017917812,0.06386173,0.019578516,0.6150536,0.00621289,0.052869618,0.24644074,0.0047937036,0.040554196,0.3333333333333333,0.0,1.0,0.0,24,22,0.0,0.0,0.0,0.0,0
scifact,test,436,0.77103156,0.122069836,0.1594451,0.04523637,0.6783211,0.078314126,0.112074256,0.30903473,0.08635837,0.14084947,0.05263157894736842,1.0,1.0,1.0,25,19,1.0,1.0,1.0,0.0,0
scifact,test,437,0.7528587,0.024760962,0.12372726,0.04090741,0.6588991,0.004323125,0.080295384,0.31319863,0.06812611,0.16551745,0.5384615384615384,1.0,1.0,1.0,37,27,0.0,0.0,0.0,0.0,0
scifact,test,439,0.6935762,0.098064065,0.13326007,0.036850374,0.6381159,0.07049829,0.112137735,0.18486772,0.010553658,0.05762866,0.42857142857142855,1.0,1.0,1.0,32,22,1.0,1.0,1.0,0.0,0
scifact,test,440,0.708249,0.10218495,0.15354812,0.04263233,0.64887196,0.0790934,0.11704838,0.19792327,0.019753307,0.066882566,0.3333333333333333,1.0,1.0,1.0,32,23,1.0,1.0,1.0,0.0,0
scifact,test,443,0.9179369,0.22692806,0.293207,0.082078956,0.80487543,0.17101473,0.23594803,0.3768717,0.13055491,0.17747086,0.25,1.0,1.0,1.0,21,17,1.0,1.0,1.0,0.0,0
scifact,test,452,0.6441232,0.040106177,0.07069731,0.020718714,0.60143006,0.03073299,0.06291437,0.17178382,0.008960307,0.037124828,0.1111111111111111,1.0,1.0,1.0,20,15,0.38685280723454163,0.19342640361727081,0.23719771276929622,0.0437713091520254,1
scifact,test,475,0.6994517,0.019022644,0.075307965,0.0249506,0.65288746,0.012528241,0.059684813,0.21895799,0.014324069,0.078146696,0.17647058823529413,1.0,0.0,1.0,23,20,0.38685280723454163,0.38685280723454163,0.2890648263178879,-0.09778798091665375,0
scifact,test,478,0.6920187,0.004734814,0.046705544,0.015001368,0.63342416,0.0046967864,0.030703604,0.25673246,0.034642637,0.061417356,0.17647058823529413,1.0,1.0,1.0,47,35,0.5,0.3333333333333333,0.6309297535714575,0.2975964202381242,1
scifact,test,491,0.69249696,0.097067654,0.13331825,0.03756722,0.62785655,0.0638051,0.0946489,0.21546806,0.05348392,0.080715224,0.05263157894736842,1.0,1.0,1.0,24,20,1.0,1.0,1.0,0.0,0
scifact,test,501,0.6557489,0.010138869,0.10369265,0.035049632,0.618142,0.02048105,0.07918,0.19362643,0.07030444,0.102439724,0.17647058823529413,1.0,1.0,0.0,16,13,1.0,1.0,1.0,0.0,0
scifact,test,502,0.62685573,0.014267564,0.06801945,0.021902148,0.59169465,0.020674586,0.049377263,0.18611895,0.066265434,0.099573076,0.05263157894736842,0.0,1.0,0.0,30,21,0.0,0.0,0.0,0.0,0
scifact,test,507,0.8295932,0.088567615,0.18091446,0.051821306,0.71770775,0.0680477,0.13001019,0.3729515,0.06839976,0.15776825,0.42857142857142855,1.0,1.0,1.0,32,25,0.6309297535714575,0.6309297535714575,0.6309297535714575,0.0,0
scifact,test,508,0.6350461,0.034675956,0.06302464,0.017600283,0.62285656,0.04846877,0.08238846,0.13322943,0.0003773123,0.021193236,0.1111111111111111,0.0,0.0,1.0,23,19,0.0,0.0,0.2890648263178879,0.2890648263178879,1
scifact,test,513,0.7217279,0.05259925,0.10486668,0.03064022,0.6640319,0.040319383,0.06959069,0.1923199,0.016762376,0.074274406,0.1111111111111111,1.0,1.0,1.0,15,13,0.6309297535714575,0.6309297535714575,0.5,-0.13092975357145753,0
scifact,test,514,0.7939759,0.033177793,0.1376251,0.04041326,0.73718125,0.025025487,0.12977111,0.2257295,0.016776353,0.06637347,0.5384615384615384,1.0,1.0,1.0,44,34,1.0,1.0,1.0,0.0,0
scifact,test,516,0.8029219,0.06781089,0.112947226,0.031624403,0.6938486,0.03266883,0.06908697,0.36357763,0.07936314,0.14261514,0.42857142857142855,1.0,1.0,1.0,29,25,1.0,1.0,1.0,0.0,0
scifact,test,517,0.6541005,0.005740285,0.028361917,0.00797636,0.6295943,0.0051671267,0.036719143,0.2131958,0.01224038,0.060324684,0.05263157894736842,0.0,0.0,1.0,14,11,0.0,0.0,0.38685280723454163,0.38685280723454163,1
scifact,test,521,0.6859835,0.0038147569,0.10496384,0.039325006,0.6323794,0.014244378,0.081617594,0.21344554,0.01033254,0.07862994,0.25,1.0,1.0,1.0,46,38,0.38685280723454163,0.5,1.0,0.5,1
scifact,test,525,0.894245,0.17244768,0.22852755,0.063878596,0.79376155,0.14399797,0.19105333,0.33494487,0.07466677,0.10496901,0.25,1.0,1.0,1.0,39,30,1.0,1.0,1.0,0.0,0
scifact,test,527,0.637019,0.004938543,0.03309834,0.01033006,0.5972412,0.017063618,0.054264426,0.2595389,0.005625725,0.067235366,0.1111111111111111,0.0,0.0,0.0,45,35,1.0,1.0,1.0,0.0,0
scifact,test,528,0.7156222,0.09345943,0.12611449,0.03515446,0.6122686,0.02160865,0.06172985,0.34451184,0.1175316,0.17954166,0.1111111111111111,1.0,1.0,1.0,67,51,1.0,1.0,1.0,0.0,0
scifact,test,532,0.63197887,0.029531479,0.059325993,0.016687453,0.5859457,0.0037164688,0.02062285,0.15344381,0.05102189,0.06207204,0.1111111111111111,1.0,1.0,1.0,24,21,1.0,1.0,1.0,0.0,0
scifact,test,533,0.63426894,0.022387803,0.047337115,0.013813953,0.597394,0.006607473,0.024479449,0.14494134,0.048612222,0.060886823,0.1111111111111111,0.0,1.0,0.0,24,19,1.0,1.0,1.0,0.0,0
scifact,test,535,0.71208215,0.0070016384,0.05319619,0.016886242,0.66841364,0.0067774653,0.04060328,0.18154398,0.018751457,0.03680414,0.05263157894736842,0.0,1.0,0.0,15,13,0.0,0.0,0.0,0.0,0
scifact,test,536,0.76769483,0.12411463,0.20167339,0.058088563,0.6840454,0.08089256,0.14359683,0.27883148,0.115597725,0.15339808,0.25,1.0,1.0,1.0,19,17,1.0,1.0,1.0,0.0,0
scifact,test,539,0.8497512,0.1441139,0.21131647,0.05958469,0.763424,0.106553555,0.15632409,0.2877573,0.091997415,0.15160933,0.5384615384615384,1.0,1.0,1.0,15,12,1.0,1.0,1.0,0.0,0
scifact,test,540,0.72658277,0.007924497,0.09323025,0.030666232,0.6766384,0.0033103228,0.0726946,0.19702922,0.021338984,0.054652765,0.5384615384615384,1.0,0.0,1.0,18,15,0.6131471927654584,0.38685280723454163,0.23719771276929622,-0.14965509446524541,0
scifact,test,544,0.67204154,0.0095101595,0.061998904,0.019992342,0.63173074,0.027996004,0.057205796,0.2098689,0.004632488,0.03618233,0.25,0.0,1.0,1.0,23,18,0.31546487678572877,0.3562071871080222,0.0,-0.3562071871080222,0
scifact,test,549,0.6266662,0.0024520159,0.06319386,0.022831144,0.5876264,0.0016863346,0.042445064,0.1455372,0.007745534,0.03635171,0.25,0.0,0.0,0.0,18,16,0.6309297535714575,1.0,1.0,0.0,0
scifact,test,551,0.75617254,0.025719225,0.12148869,0.03875205,0.6560152,0.0036348104,0.07104498,0.3338578,0.073614836,0.116132945,0.3333333333333333,1.0,1.0,1.0,48,27,0.5,0.5,0.5,0.0,0
scifact,test,552,0.8626914,0.166785,0.2506057,0.072778694,0.7442958,0.10427618,0.16883773,0.39465204,0.17636089,0.24970227,0.3333333333333333,1.0,1.0,1.0,37,31,1.0,1.0,1.0,0.0,0
scifact,test,554,0.6623136,0.005606711,0.04972309,0.015411616,0.6061183,0.013221383,0.030972362,0.22196722,0.03464961,0.049293444,0.1111111111111111,1.0,1.0,1.0,26,19,0.5,0.38685280723454163,0.3333333333333333,-0.053519473901208314,0
scifact,test,560,0.7721745,0.030578136,0.069248736,0.02029928,0.6920908,0.0017656088,0.03412062,0.26694557,0.015407413,0.064986184,0.1111111111111111,1.0,1.0,1.0,30,25,0.0,0.0,0.0,0.0,0
scifact,test,569,0.79465806,0.0015045404,0.104117095,0.037475005,0.7144721,0.010094583,0.0846715,0.29592,0.028633446,0.09896833,0.6666666666666666,1.0,1.0,1.0,18,13,1.0,1.0,1.0,0.0,0
scifact,test,575,0.648095,0.0064988136,0.07901651,0.027311949,0.57354254,0.00015848875,0.05005926,0.24850833,0.021134406,0.06902932,0.17647058823529413,1.0,1.0,1.0,34,28,1.0,1.0,0.38685280723454163,-0.6131471927654584,0
scifact,test,577,0.67562604,0.026357591,0.13120031,0.041077342,0.6117306,0.019992352,0.09192622,0.21298477,0.021217406,0.09533347,0.1111111111111111,1.0,1.0,1.0,41,28,0.3562071871080222,0.5,0.38685280723454163,-0.11314719276545837,0
scifact,test,578,0.71355987,0.09673661,0.12830997,0.035762746,0.6503939,0.052717388,0.07973766,0.21055315,0.08124538,0.1030144,0.05263157894736842,1.0,1.0,1.0,30,23,1.0,1.0,1.0,0.0,0
scifact,test,587,0.67064273,0.020591438,0.08160907,0.024283467,0.6009824,0.0050104856,0.04874164,0.255058,0.006155327,0.04869479,0.17647058823529413,0.0,1.0,0.0,48,30,1.0,0.6309297535714575,0.5,-0.13092975357145753,0
scifact,test,589,0.9343945,0.27200747,0.30897945,0.08917766,0.7682439,0.14691508,0.18174028,0.55383533,0.3280545,0.39637786,0.05263157894736842,1.0,1.0,1.0,31,25,1.0,1.0,1.0,0.0,0
scifact,test,593,0.7493323,0.116537094,0.1574763,0.043413024,0.68246603,0.08173424,0.11434418,0.22288764,0.036994427,0.109093696,0.25,1.0,1.0,1.0,18,15,1.0,1.0,1.0,0.0,0
scifact,test,597,0.73806787,0.034428477,0.14426517,0.048039608,0.68923396,0.02885151,0.121328115,0.19321547,0.014371023,0.052533537,0.3333333333333333,1.0,1.0,1.0,16,14,0.9060254355346823,0.9060254355346823,1.0,0.09397456446531771,1
scifact,test,598,0.7391709,0.008264899,0.050036788,0.015848948,0.66226053,0.0022848248,0.03236586,0.27238896,0.016021013,0.057293266,0.5384615384615384,1.0,1.0,1.0,36,27,0.43067655807339306,1.0,0.3562071871080222,-0.6437928128919779,0
scifact,test,613,0.89772636,0.27586323,0.34686762,0.100945905,0.7548271,0.17631656,0.22824371,0.47633094,0.31806496,0.3505994,0.1111111111111111,1.0,1.0,1.0,30,25,1.0,1.0,1.0,0.0,0
scifact,test,619,0.6376449,0.0008742213,0.03089422,0.010485045,0.603435,0.005708635,0.023675263,0.17781858,0.012321621,0.04028578,0.1111111111111111,0.0,0.0,0.0,32,23,0.0,0.0,0.38685280723454163,0.38685280723454163,1
scifact,test,623,0.8079736,0.036320925,0.14433485,0.043256428,0.7375805,0.04127586,0.12282401,0.27425113,0.023025304,0.078822374,0.5384615384615384,1.0,1.0,1.0,22,18,0.0,0.0,0.0,0.0,0
scifact,test,628,0.727093,0.059261024,0.12486696,0.037564788,0.67844236,0.066782236,0.10564464,0.18723944,0.0016421676,0.052874595,0.17647058823529413,1.0,1.0,1.0,26,21,1.0,1.0,1.0,0.0,0
scifact,test,636,0.7623789,0.11972827,0.20904171,0.05807102,0.676327,0.07349521,0.14683741,0.28683954,0.0728153,0.14944781,0.3333333333333333,1.0,1.0,1.0,37,28,1.0,1.0,0.6309297535714575,-0.36907024642854247,0
scifact,test,637,0.6782733,0.023377597,0.09476954,0.029344978,0.6255325,0.014161646,0.07607818,0.1758028,0.013670176,0.04512459,0.25,1.0,1.0,1.0,23,20,0.5,0.3333333333333333,0.6309297535714575,0.2975964202381242,1
scifact,test,641,0.7952021,0.11759859,0.19642818,0.05537145,0.7122246,0.08151132,0.141788,0.27659154,0.08304915,0.17077717,0.17647058823529413,1.0,1.0,1.0,17,14,0.8772153153380493,0.8772153153380493,0.8175295903539445,-0.05968572498410485,0
scifact,test,644,0.66789985,0.009909153,0.049615562,0.015458475,0.6252371,0.00015228987,0.034534037,0.15452844,0.008669555,0.02877605,0.17647058823529413,0.0,0.0,0.0,16,12,0.3562071871080222,1.0,1.0,0.0,0
scifact,test,649,0.53641176,0.013505161,0.063831985,0.022009164,0.5231023,0.003516376,0.05716902,0.08824291,0.0008696839,0.013285838,0.1111111111111111,0.0,0.0,1.0,25,14,1.0,0.5,0.6309297535714575,0.13092975357145753,1
scifact,test,659,0.57272047,0.0025321841,0.031431735,0.010279777,0.55670786,0.00010228157,0.024425328,0.15682587,0.02223301,0.06301913,0.0,0.0,0.0,0.0,19,17,0.0,0.0,0.0,0.0,0
scifact,test,660,0.5919554,0.023679018,0.04875046,0.012902384,0.5758082,0.010808051,0.04427445,0.14989722,0.01958242,0.05658962,0.0,0.0,0.0,1.0,18,16,0.0,0.0,0.0,0.0,0
scifact,test,674,0.6580837,0.013499975,0.12781817,0.046227887,0.6013319,0.01140362,0.09001577,0.23107414,0.0419015,0.11297779,0.25,1.0,1.0,1.0,17,12,0.5,0.6309297535714575,1.0,0.36907024642854247,1
scifact,test,684,0.66047156,0.06151128,0.16781807,0.054696977,0.59967834,0.04272622,0.12773362,0.20264399,0.034586698,0.08595899,0.25,1.0,1.0,1.0,24,18,0.5,0.5,0.6309297535714575,0.13092975357145753,1
scifact,test,690,0.5882514,0.011673212,0.044900477,0.013600935,0.5693205,0.015574038,0.04100859,0.12791306,0.011998251,0.027196892,0.0,0.0,0.0,1.0,44,33,1.0,1.0,1.0,0.0,0
scifact,test,691,0.6777126,0.037110627,0.108955204,0.03279505,0.608065,0.012423456,0.059045732,0.23215863,0.07298191,0.10597825,0.17647058823529413,1.0,1.0,1.0,28,20,1.0,1.0,1.0,0.0,0
scifact,test,692,0.60443455,0.0017520189,0.025233865,0.008189606,0.5676814,0.00038844347,0.012139201,0.15489928,0.022201583,0.03069283,0.17647058823529413,0.0,1.0,0.0,24,20,0.3010299956639812,1.0,1.0,0.0,0
scifact,test,693,0.6549509,0.035680234,0.095244646,0.029421538,0.60498255,0.02508527,0.07134026,0.16656122,0.021037966,0.041259006,0.25,1.0,1.0,1.0,24,20,1.0,1.0,1.0,0.0,0
scifact,test,700,0.61882454,0.042960227,0.13000602,0.03884425,0.55868584,0.031166017,0.09092718,0.20046236,0.019804671,0.09897136,0.5384615384615384,1.0,1.0,1.0,23,17,0.6309297535714575,0.6309297535714575,0.6309297535714575,0.0,0
scifact,test,702,0.63424486,0.048145533,0.13670045,0.039670043,0.56154406,0.046793997,0.10415894,0.24233598,0.0025399923,0.122360736,0.6666666666666666,1.0,1.0,1.0,23,17,0.5,0.38685280723454163,0.6309297535714575,0.2440769463369159,1
scifact,test,715,0.71407795,0.022610247,0.079844,0.024752874,0.6517975,0.024424791,0.073785365,0.22212958,0.0084795505,0.034376383,0.3333333333333333,1.0,1.0,1.0,28,24,0.0,0.0,0.6309297535714575,0.6309297535714575,1
scifact,test,716,0.6437098,0.049031496,0.068440974,0.018047059,0.5949868,0.03383845,0.05298376,0.16240987,0.0068939626,0.0224953,0.1111111111111111,1.0,1.0,1.0,21,17,0.0,0.0,0.0,0.0,0
scifact,test,718,0.67610085,0.058989227,0.0936445,0.02585456,0.6282435,0.045281947,0.06631577,0.18254721,0.0230228,0.07195408,0.1111111111111111,1.0,0.0,1.0,20,16,1.0,1.0,1.0,0.0,0
scifact,test,721,0.7541314,0.14442396,0.19232786,0.05395656,0.65091866,0.07790297,0.112653375,0.3440423,0.17520994,0.21605545,0.25,1.0,1.0,1.0,30,23,1.0,1.0,1.0,0.0,0
scifact,test,723,0.9289251,0.26286483,0.35006523,0.1023507,0.78877765,0.17916328,0.24773377,0.46715808,0.2537563,0.3085436,0.17647058823529413,1.0,1.0,1.0,28,22,1.0,1.0,1.0,0.0,0
scifact,test,727,0.67718947,0.08075619,0.15688348,0.04471775,0.6216386,0.063192666,0.11679351,0.18516965,0.048130825,0.072677545,0.3333333333333333,1.0,1.0,1.0,28,19,0.0,0.0,0.38685280723454163,0.38685280723454163,1
scifact,test,728,0.6898209,0.08971602,0.15947753,0.044740323,0.6294804,0.07190126,0.12267721,0.20113477,0.050709426,0.084601186,0.3333333333333333,1.0,1.0,1.0,26,17,0.6131471927654584,0.6131471927654584,0.8503449055347546,0.23719771276929624,1
scifact,test,729,0.6271153,0.019429326,0.06615293,0.021251794,0.5896544,0.016302109,0.055440366,0.21350673,0.03429663,0.08289105,0.05263157894736842,0.0,0.0,0.0,26,22,1.0,1.0,1.0,0.0,0
scifact,test,742,0.5873381,0.049423218,0.07889736,0.023076281,0.54735327,0.034599245,0.055541873,0.13328278,0.0054059327,0.043557376,0.1111111111111111,1.0,1.0,1.0,20,17,1.0,1.0,1.0,0.0,0
scifact,test,743,0.6329242,0.021378279,0.044487417,0.0117205465,0.5913332,0.0014026165,0.02072388,0.1386367,0.0071320683,0.03969852,0.17647058823529413,1.0,1.0,1.0,16,14,1.0,1.0,1.0,0.0,0
scifact,test,744,0.8784796,0.08903456,0.27331626,0.08652085,0.75619626,0.03403926,0.18075126,0.4076112,0.15040067,0.24812332,0.25,1.0,1.0,1.0,31,22,0.5,0.5,0.5,0.0,0
scifact,test,756,0.85352445,0.084203005,0.21953166,0.0710826,0.7615114,0.075012684,0.16773039,0.3067103,0.030634433,0.14453559,0.25,1.0,1.0,1.0,29,21,0.6309297535714575,0.5,0.5,0.0,0
scifact,test,759,0.8930969,0.038406134,0.26399684,0.08417295,0.7810092,0.026751578,0.19799376,0.37362584,0.032763064,0.18024278,0.6666666666666666,1.0,1.0,1.0,38,25,1.0,1.0,1.0,0.0,0
scifact,test,768,0.58309984,0.03394437,0.06761742,0.019619266,0.5361232,0.0026331544,0.029057026,0.18173769,0.045137182,0.09261727,0.1111111111111111,0.0,1.0,0.0,37,24,0.0,0.0,0.0,0.0,0
scifact,test,770,0.8397393,0.11379838,0.24684644,0.073802955,0.70459163,0.055924237,0.14793521,0.45049235,0.19291386,0.2885893,0.3333333333333333,1.0,1.0,1.0,51,39,1.0,1.0,1.0,0.0,0
scifact,test,775,0.74912494,0.00875479,0.15699482,0.058319334,0.698092,0.04452485,0.13985509,0.303056,0.013712615,0.14267395,0.25,1.0,1.0,1.0,40,30,0.0,0.0,0.0,0.0,0
scifact,test,781,0.7405804,0.018508732,0.15649194,0.052361183,0.6587972,0.037225485,0.098991215,0.3349998,0.062389195,0.19765699,0.25,1.0,1.0,1.0,31,24,1.0,1.0,0.6309297535714575,-0.36907024642854247,0
scifact,test,783,0.6894765,0.026798606,0.10795766,0.03718855,0.6132856,0.0052711964,0.063957274,0.27154025,0.07518524,0.13848098,0.25,1.0,1.0,0.0,30,22,0.0,0.0,0.31546487678572877,0.31546487678572877,1
scifact,test,784,0.7623531,0.035517275,0.09429079,0.029203705,0.67101806,0.01913315,0.061184585,0.30445015,0.03551346,0.07885915,0.25,1.0,1.0,1.0,30,21,0.6309297535714575,1.0,1.0,0.0,0
scifact,test,785,0.5900614,0.035758853,0.09105316,0.0264267,0.5493303,0.020997882,0.057187945,0.13577044,0.036302343,0.044694953,0.05263157894736842,1.0,1.0,1.0,36,21,0.0,0.0,0.0,0.0,0
scifact,test,793,0.61966693,0.011692166,0.09018922,0.030678816,0.57431656,0.0010303259,0.06578779,0.15460242,0.011896625,0.05868251,0.25,0.0,1.0,0.0,18,15,1.0,1.0,1.0,0.0,0
scifact,test,800,0.81038344,0.0030531287,0.11252624,0.035845775,0.7412479,0.010180056,0.088965535,0.2661667,0.0030481815,0.07720031,0.42857142857142855,1.0,0.0,1.0,32,24,0.6309297535714575,1.0,0.43067655807339306,-0.5693234419266069,0
scifact,test,805,0.88401395,0.2626475,0.3054906,0.08509351,0.76718944,0.18512827,0.21970427,0.38941494,0.23072484,0.25996813,0.42857142857142855,1.0,1.0,1.0,21,16,1.0,1.0,1.0,0.0,0
scifact,test,808,0.62793106,0.12517262,0.14258617,0.04082811,0.56229144,0.064612776,0.08886331,0.21879868,0.070664436,0.13250668,0.05263157894736842,1.0,1.0,1.0,19,16,1.0,1.0,1.0,0.0,0
scifact,test,811,0.662319,0.035845578,0.08826804,0.027792582,0.6002383,0.009116471,0.054959834,0.20693561,0.052860677,0.09235251,0.17647058823529413,1.0,1.0,1.0,29,26,1.0,1.0,1.0,0.0,0
scifact,test,814,0.8717565,0.18197662,0.2213406,0.06276588,0.7643729,0.11887175,0.14627951,0.3579454,0.16851985,0.18478085,0.05263157894736842,1.0,1.0,1.0,48,29,1.0,1.0,1.0,0.0,0
scifact,test,820,0.62886983,0.0076283813,0.050157607,0.016603824,0.5952887,0.0059931874,0.040274918,0.17484269,0.011690214,0.046343535,0.05263157894736842,0.0,0.0,0.0,20,17,0.0,0.0,0.0,0.0,0
scifact,test,821,0.59575,0.0031160712,0.027498126,0.009532771,0.57139915,0.00797528,0.03041023,0.16318373,0.01011467,0.041426346,0.05263157894736842,0.0,0.0,0.0,20,16,0.0,0.0,0.0,0.0,0
scifact,test,823,0.7859745,0.051048636,0.24838316,0.08100609,0.6865132,0.026535988,0.17395091,0.33153766,0.081708685,0.22213934,0.3333333333333333,1.0,1.0,1.0,19,16,1.0,1.0,1.0,0.0,0
scifact,test,830,0.6442501,0.011312783,0.046097517,0.013870146,0.595204,0.014511168,0.032223403,0.2193296,0.0045701563,0.042742684,0.05263157894736842,0.0,0.0,0.0,40,33,0.0,0.0,0.0,0.0,0
scifact,test,831,0.6230207,0.01385057,0.033338487,0.009172425,0.56874716,0.001542747,0.015702903,0.22313744,0.029675707,0.065672144,0.1111111111111111,0.0,0.0,0.0,33,28,0.0,0.0,0.0,0.0,0
scifact,test,832,0.7785855,0.16861838,0.1992979,0.056942705,0.6824807,0.1185776,0.1394918,0.32034937,0.092160895,0.1588301,0.25,1.0,1.0,1.0,21,17,1.0,1.0,1.0,0.0,0
scifact,test,834,0.63648206,0.08559829,0.12892967,0.03664397,0.5775805,0.06386101,0.08414236,0.19633847,0.020118505,0.101751626,0.1111111111111111,1.0,1.0,1.0,25,22,0.0,0.0,0.0,0.0,0
scifact,test,837,0.6266561,0.0059962273,0.04605937,0.01545058,0.5887445,0.016733587,0.03325981,0.16923332,0.040065467,0.060992613,0.17647058823529413,1.0,1.0,1.0,18,15,1.0,1.0,1.0,0.0,0
scifact,test,839,0.756996,0.046335995,0.15371901,0.047769453,0.67026484,0.028124213,0.1020726,0.28910378,0.040325984,0.13629279,0.3333333333333333,1.0,1.0,1.0,25,20,0.6309297535714575,0.6309297535714575,1.0,0.36907024642854247,1
scifact,test,845,0.8812985,0.033735096,0.18172419,0.04804111,0.7662583,0.045303226,0.12356585,0.42202777,9.179115e-06,0.154113,0.8181818181818182,1.0,1.0,1.0,27,19,0.38685280723454163,0.43067655807339306,1.0,0.5693234419266069,1
scifact,test,847,0.6845722,0.02387017,0.13229257,0.044291075,0.63109744,0.04419738,0.105231464,0.24600661,0.06775728,0.12010847,0.25,1.0,1.0,1.0,29,18,0.6309297535714575,0.6309297535714575,1.0,0.36907024642854247,1
scifact,test,852,0.7256329,0.015265644,0.123996496,0.040072225,0.671196,0.0014353395,0.10527593,0.18145646,0.014476657,0.06891824,0.42857142857142855,1.0,1.0,1.0,26,18,0.5,0.43067655807339306,1.0,0.5693234419266069,1
scifact,test,859,0.6890319,0.0016250014,0.07168919,0.024622412,0.6290013,0.0055166483,0.03730297,0.21307398,0.012972146,0.06807001,0.25,1.0,1.0,1.0,16,14,0.6309297535714575,0.6309297535714575,0.6309297535714575,0.0,0
scifact,test,870,0.7405524,0.10470635,0.12762886,0.035693202,0.67861664,0.086230755,0.098579526,0.20645264,0.016342878,0.05822572,0.1111111111111111,1.0,1.0,1.0,11,8,0.0,0.0,0.0,0.0,0
scifact,test,873,0.719265,0.047170103,0.10746443,0.03311928,0.6585013,0.014434874,0.09180522,0.20254546,0.00704512,0.040390983,0.17647058823529413,1.0,1.0,1.0,15,13,0.46704774694449785,0.6295516106099184,0.6601396023754075,0.030587991765489098,1
scifact,test,879,0.67557967,0.10852277,0.14579415,0.04049777,0.62023425,0.085464954,0.11618048,0.19642718,0.011942476,0.05438836,0.17647058823529413,1.0,1.0,1.0,23,18,1.0,1.0,1.0,0.0,0
scifact,test,880,0.6752493,0.07510078,0.13452506,0.03815432,0.62764925,0.08189738,0.118751466,0.18169175,0.0003696978,0.040452957,0.25,1.0,1.0,1.0,22,15,1.0,1.0,1.0,0.0,0
scifact,test,882,0.6520336,0.08303398,0.1479724,0.042498272,0.581555,0.047085583,0.091392905,0.23492877,0.0969723,0.152683,0.3333333333333333,1.0,1.0,1.0,28,22,1.0,1.0,1.0,0.0,0
scifact,test,887,0.57986665,0.0018407702,0.024658322,0.0084221065,0.5529628,0.009790719,0.025287092,0.18459211,0.015070453,0.042228192,0.0,0.0,0.0,0.0,24,18,0.0,0.0,0.0,0.0,0
scifact,test,903,0.82268214,0.12558746,0.20245355,0.05774355,0.7445482,0.09562147,0.15914911,0.26044643,0.06699732,0.13640186,0.6666666666666666,1.0,1.0,1.0,21,14,1.0,1.0,1.0,0.0,0
scifact,test,904,0.9492343,0.28760666,0.3302927,0.09517457,0.7790603,0.16475242,0.200571,0.5672467,0.34640783,0.38552752,0.1111111111111111,1.0,1.0,1.0,43,34,1.0,1.0,1.0,0.0,0
scifact,test,907,0.9196221,0.17611188,0.26297724,0.07430262,0.82180554,0.1321786,0.2047646,0.32605523,0.13065824,0.14751773,0.25,1.0,1.0,1.0,27,22,1.0,1.0,1.0,0.0,0
scifact,test,911,0.7197859,0.08162844,0.16448307,0.046520013,0.63861823,0.041091025,0.11150277,0.27055895,0.0744715,0.13512462,0.25,1.0,1.0,1.0,29,19,1.0,1.0,1.0,0.0,0
scifact,test,913,0.6387589,0.0079965,0.08113295,0.026257819,0.59734714,0.01151526,0.0600999,0.14976841,0.0117293,0.035016447,0.25,1.0,1.0,1.0,20,14,0.0,0.0,0.0,0.0,0
scifact,test,914,0.6452107,0.020148814,0.08600706,0.029477203,0.6095217,0.021234572,0.07799131,0.14971553,0.0025903285,0.019566193,0.1111111111111111,0.0,1.0,1.0,21,15,0.0,0.0,0.0,0.0,0
scifact,test,921,0.79461706,0.12439835,0.17069691,0.04720094,0.6960702,0.062045574,0.10611802,0.32848954,0.14049499,0.18737917,0.1111111111111111,1.0,1.0,1.0,17,15,1.0,1.0,1.0,0.0,0
scifact,test,922,0.8545678,0.20903695,0.24462861,0.070254244,0.7366037,0.12654555,0.16373497,0.3932139,0.2147966,0.24818191,0.17647058823529413,1.0,1.0,1.0,19,15,1.0,1.0,1.0,0.0,0
scifact,test,936,0.6323547,0.06186706,0.0925895,0.025420964,0.571943,0.036467433,0.058666706,0.20137222,0.047352538,0.09313816,0.3333333333333333,1.0,1.0,1.0,19,16,1.0,1.0,1.0,0.0,0
scifact,test,956,0.67054945,0.013761699,0.075544834,0.027213385,0.62554353,0.005377412,0.052333534,0.17063871,0.0026942044,0.042672604,0.17647058823529413,0.0,1.0,0.0,31,23,1.0,1.0,0.43067655807339306,-0.5693234419266069,0
scifact,test,957,0.701552,0.06545663,0.11524904,0.032369863,0.6232436,0.03782946,0.064934075,0.26102805,0.09209055,0.129739,0.25,1.0,1.0,1.0,19,17,1.0,1.0,1.0,0.0,0
scifact,test,960,0.86094576,0.23153901,0.28688842,0.08088681,0.77563775,0.16787118,0.22334099,0.28436,0.13008554,0.16344208,0.25,1.0,1.0,1.0,13,10,1.0,1.0,1.0,0.0,0
scifact,test,967,0.8012349,0.15209371,0.26704663,0.07958646,0.725046,0.1335355,0.20675331,0.2539631,0.061860785,0.16037808,0.25,1.0,1.0,1.0,28,22,1.0,1.0,1.0,0.0,0
scifact,test,971,0.91490173,0.013585746,0.107004285,0.033989195,0.778811,0.019504547,0.06508142,0.4733652,0.008938551,0.14029115,0.42857142857142855,1.0,1.0,1.0,43,34,0.7486761295186739,0.9558295932317544,0.7606395682357036,-0.19519002499605087,0
scifact,test,975,0.7049029,0.027141988,0.060317516,0.018547384,0.64917535,0.009908795,0.03742379,0.20977908,0.0050815493,0.07022381,0.17647058823529413,1.0,1.0,1.0,30,18,0.0,0.0,0.0,0.0,0
scifact,test,982,0.67896473,0.005654931,0.075065196,0.025154375,0.6155759,0.0075466037,0.050699353,0.21760175,0.006305784,0.040519834,0.17647058823529413,1.0,1.0,1.0,30,23,1.0,1.0,1.0,0.0,0
scifact,test,985,0.7936103,0.06078297,0.15183842,0.045203388,0.6860344,0.029550254,0.10401392,0.3585863,0.07244164,0.119615644,0.3333333333333333,1.0,1.0,1.0,29,21,1.0,1.0,1.0,0.0,0
scifact,test,993,0.74488884,0.1163044,0.24011016,0.07097441,0.6790864,0.086124,0.17791492,0.2193415,0.045139626,0.12551796,0.25,1.0,1.0,1.0,22,19,1.0,1.0,1.0,0.0,0
scifact,test,1012,0.9542879,0.18488866,0.41931295,0.12954286,0.82018405,0.11723828,0.29820985,0.44701278,0.20156457,0.34481186,0.3333333333333333,1.0,1.0,1.0,23,17,1.0,1.0,1.0,0.0,0
scifact,test,1014,0.61558384,0.035660625,0.09976864,0.03245917,0.56546795,0.032893956,0.063206136,0.16705295,0.009222209,0.07390826,0.17647058823529413,1.0,1.0,1.0,22,16,1.0,1.0,1.0,0.0,0
scifact,test,1019,0.6692496,0.04839194,0.1431576,0.041369434,0.61800337,0.044113874,0.09809631,0.17082067,0.014260218,0.07536271,0.25,1.0,1.0,1.0,16,13,0.6309297535714575,0.6309297535714575,0.6309297535714575,0.0,0
scifact,test,1020,0.7677494,0.059419572,0.1668607,0.04935328,0.6848684,0.041159093,0.11539674,0.27627015,0.036754996,0.08875173,0.17647058823529413,1.0,1.0,1.0,40,28,0.6309297535714575,0.6309297535714575,0.6309297535714575,0.0,0
scifact,test,1021,0.77718484,0.074530244,0.17493284,0.05209442,0.6948538,0.05549252,0.1261524,0.2744369,0.038281426,0.09142257,0.17647058823529413,1.0,1.0,1.0,40,27,0.6309297535714575,0.6309297535714575,0.6309297535714575,0.0,0
scifact,test,1024,0.6713804,0.006919205,0.06410766,0.02282728,0.6170225,0.016939342,0.03971219,0.21459332,0.022789001,0.056217983,0.17647058823529413,1.0,1.0,1.0,23,18,0.6309297535714575,1.0,1.0,0.0,0
scifact,test,1029,0.8261453,0.023436308,0.12809587,0.039944533,0.73298913,0.014563382,0.07103175,0.31052047,0.025680423,0.10769059,0.3333333333333333,1.0,1.0,1.0,39,30,0.7653606369886217,0.7039180890341347,1.0,0.29608191096586534,1
scifact,test,1041,0.8663404,0.043025374,0.13673699,0.043701485,0.74097836,0.018252611,0.092293024,0.4178735,0.075021,0.15718013,0.8181818181818182,1.0,1.0,1.0,35,25,0.23719771276929622,0.21840743681816419,0.44130740935663865,0.22289997253847446,1
scifact,test,1049,0.62544763,0.01698333,0.072372556,0.022923011,0.5896933,0.021825433,0.058921754,0.19193241,0.039841592,0.09115146,0.25,0.0,1.0,0.0,21,18,0.43067655807339306,0.43067655807339306,0.5,0.06932344192660694,1
scifact,test,1062,0.71833533,0.051472187,0.19197893,0.063159354,0.64287144,0.036372602,0.14122558,0.25154626,0.050331876,0.13322401,0.25,1.0,1.0,1.0,28,22,1.0,1.0,1.0,0.0,0
scifact,test,1086,0.9475113,0.30303895,0.39796597,0.1159558,0.80089754,0.21458226,0.2711146,0.48871255,0.28864402,0.38172063,0.17647058823529413,1.0,1.0,1.0,34,26,1.0,1.0,1.0,0.0,0
scifact,test,1088,0.71344477,0.015697777,0.074323475,0.023722436,0.67578846,0.020931542,0.07251769,0.16878375,0.0037982613,0.025223851,0.17647058823529413,0.0,1.0,1.0,21,16,1.0,1.0,0.6309297535714575,-0.36907024642854247,0
scifact,test,1089,0.87412405,0.18119323,0.31845987,0.09591082,0.76146334,0.13062823,0.22490299,0.37553558,0.16854995,0.2639161,0.17647058823529413,1.0,1.0,1.0,33,25,1.0,1.0,1.0,0.0,0
scifact,test,1099,0.77419347,0.05378908,0.13087803,0.0376949,0.7159683,0.050510347,0.09519142,0.1947873,0.0007035434,0.07779318,0.42857142857142855,1.0,1.0,1.0,9,7,0.43067655807339306,0.38685280723454163,0.3333333333333333,-0.053519473901208314,0
scifact,test,1100,0.72768897,0.02594626,0.10158384,0.035636317,0.671988,0.014029026,0.07928908,0.18566981,0.023524463,0.08732095,0.3333333333333333,1.0,1.0,1.0,9,7,0.5,0.5,1.0,0.5,1
scifact,test,1104,0.85810083,0.1424309,0.22303736,0.06566256,0.71162295,0.08258635,0.13791573,0.4882596,0.1994819,0.28378046,0.25,1.0,1.0,1.0,37,26,1.0,1.0,1.0,0.0,0
scifact,test,1107,0.7504664,0.03639227,0.17546362,0.062060658,0.6639669,0.024978936,0.12520206,0.28833175,0.038044512,0.17793334,0.3333333333333333,1.0,1.0,1.0,24,19,0.5,1.0,1.0,0.0,0
scifact,test,1110,0.55829257,0.007739365,0.03718239,0.012071729,0.5394586,0.0049725175,0.0329085,0.16972959,0.05486559,0.066066295,0.0,0.0,0.0,0.0,13,11,0.0,0.0,0.0,0.0,0
scifact,test,1121,0.68634415,0.006328702,0.062390625,0.022701647,0.6340283,0.019820571,0.051689982,0.24947974,0.028696239,0.07932435,0.3333333333333333,1.0,1.0,1.0,27,23,0.5,0.5,1.0,0.5,1
scifact,test,1130,0.8708073,0.12930673,0.17902935,0.050724372,0.760179,0.09470636,0.13286275,0.36876094,0.06458858,0.13448992,0.3333333333333333,1.0,1.0,1.0,39,28,1.0,1.0,1.0,0.0,0
scifact,test,1132,0.7826211,0.007957935,0.09232664,0.03579332,0.70275426,0.013489723,0.08269024,0.32419732,0.02736637,0.09278034,0.3333333333333333,1.0,1.0,1.0,29,23,0.6131471927654584,0.6131471927654584,0.38685280723454163,-0.22629438553091674,0
scifact,test,1137,0.68981946,0.012082756,0.08423382,0.027279213,0.6243082,0.0057997704,0.059379637,0.23770325,0.013132408,0.04516433,0.1111111111111111,0.0,1.0,0.0,19,16,1.0,1.0,1.0,0.0,0
scifact,test,1140,0.66755927,0.015230358,0.07559526,0.024832753,0.623312,0.005736172,0.053339183,0.18960954,0.022238627,0.0704726,0.1111111111111111,0.0,0.0,0.0,23,20,1.0,1.0,1.0,0.0,0
scifact,test,1144,0.81477314,0.17301244,0.31206578,0.09252955,0.70386624,0.13510859,0.22928807,0.36968973,0.12634617,0.2706287,0.3333333333333333,1.0,1.0,1.0,30,24,1.0,1.0,1.0,0.0,0
scifact,test,1146,0.7195159,0.17656314,0.22322258,0.061337177,0.65327364,0.14370102,0.17231402,0.22080752,0.08827102,0.13994542,0.25,1.0,1.0,1.0,21,14,1.0,1.0,1.0,0.0,0
scifact,test,1150,0.8410249,0.18475622,0.2699381,0.076786555,0.76456743,0.1613422,0.21527624,0.25485817,0.07804681,0.15377915,0.25,1.0,1.0,1.0,24,17,1.0,1.0,1.0,0.0,0
scifact,test,1163,0.78060275,0.13033444,0.22304046,0.06286804,0.68243885,0.10781789,0.15301788,0.32721302,0.07505527,0.17655048,0.42857142857142855,1.0,1.0,1.0,22,18,1.0,1.0,1.0,0.0,0
scifact,test,1175,0.59555787,0.01346457,0.07103574,0.022364073,0.55451435,0.01853609,0.06667149,0.18873717,0.0019966215,0.05192545,0.42857142857142855,1.0,0.0,1.0,20,17,0.0,0.0,0.0,0.0,0
scifact,test,1179,0.6439158,0.0070884824,0.07795876,0.025213743,0.5858391,0.009494841,0.039433002,0.2474302,0.044959903,0.10166873,0.17647058823529413,1.0,1.0,0.0,23,19,0.0,0.0,0.0,0.0,0
scifact,test,1180,0.7332182,0.041627884,0.12174815,0.035350416,0.64987123,0.035037935,0.08074516,0.27782318,0.021966547,0.0955064,0.5384615384615384,1.0,1.0,1.0,18,14,1.0,1.0,0.6309297535714575,-0.36907024642854247,0
scifact,test,1185,0.8855521,0.11138815,0.33040643,0.10381118,0.74318063,0.0669117,0.22333121,0.4745716,0.14825481,0.33609498,0.5384615384615384,1.0,1.0,1.0,41,34,1.0,1.0,1.0,0.0,0
scifact,test,1187,0.7959248,0.03444898,0.14296526,0.048558373,0.69178617,0.02055639,0.104608774,0.34712878,0.046308696,0.10138962,0.25,1.0,1.0,1.0,41,33,0.6309297535714575,0.6309297535714575,1.0,0.36907024642854247,1
scifact,test,1191,0.6068597,0.040825963,0.05349362,0.015538675,0.5708153,0.027627766,0.042537987,0.13968773,0.0057623237,0.015410714,0.0,0.0,0.0,1.0,17,15,0.0,0.0,0.2890648263178879,0.2890648263178879,1
scifact,test,1194,0.6367128,0.032672465,0.095182955,0.028760403,0.59373784,0.04551345,0.07145268,0.19039325,0.0026398897,0.083144516,0.17647058823529413,1.0,1.0,1.0,38,23,1.0,1.0,1.0,0.0,0
scifact,test,1196,0.64902824,0.039861202,0.10674882,0.033891186,0.61403316,0.040043116,0.085210025,0.1516081,0.012962356,0.03751713,0.17647058823529413,1.0,0.0,1.0,23,21,0.5,0.3562071871080222,0.6309297535714575,0.27472256646343535,1
scifact,test,1197,0.6167503,0.0069746375,0.10845232,0.04023138,0.58972037,0.018543065,0.08703524,0.12866126,0.0023103803,0.037554264,0.17647058823529413,0.0,1.0,1.0,24,21,0.5,0.43067655807339306,0.5,0.06932344192660694,1
scifact,test,1199,0.7737711,0.09604269,0.17770612,0.050017532,0.7042359,0.07742739,0.13812953,0.23178402,0.06034988,0.11645119,0.42857142857142855,1.0,1.0,1.0,34,27,0.0,0.0,0.0,0.0,0
scifact,test,1200,0.5850765,0.005667031,0.035848916,0.011997473,0.552668,0.0019224286,0.026864886,0.18361928,0.034943536,0.059502825,0.05263157894736842,0.0,0.0,1.0,47,19,0.2890648263178879,0.3333333333333333,0.6309297535714575,0.2975964202381242,1
scifact,test,1202,0.77062684,0.021159112,0.12689888,0.041633755,0.68353796,0.012923598,0.08903164,0.2902963,0.027451634,0.09674698,0.17647058823529413,1.0,1.0,1.0,27,20,1.0,1.0,1.0,0.0,0
scifact,test,1204,0.675849,0.04617983,0.09885877,0.03016354,0.588578,0.017644107,0.054902077,0.2909035,0.058241695,0.10871515,0.1111111111111111,1.0,1.0,1.0,32,24,1.0,1.0,1.0,0.0,0
scifact,test,1207,0.751956,0.16349477,0.19357729,0.05354158,0.6405362,0.070526004,0.10209942,0.37139937,0.15461195,0.20666465,0.05263157894736842,1.0,1.0,1.0,40,31,1.0,1.0,1.0,0.0,0
scifact,test,1213,0.65407515,0.011459827,0.039041698,0.012335967,0.60638314,0.006534457,0.027848601,0.20864856,0.0180448,0.050090164,0.1111111111111111,0.0,1.0,0.0,27,23,0.0,0.0,0.0,0.0,0
scifact,test,1216,0.78445816,0.19148558,0.2179206,0.06351976,0.7056708,0.14608169,0.1656217,0.26262468,0.113520354,0.14328937,0.05263157894736842,1.0,1.0,1.0,22,17,1.0,1.0,1.0,0.0,0
scifact,test,1221,0.68345386,0.0253973,0.07313663,0.022221494,0.65370387,0.03775388,0.06930703,0.18721253,0.023153394,0.06918586,0.1111111111111111,0.0,1.0,1.0,25,19,1.0,1.0,1.0,0.0,0
scifact,test,1225,0.63791513,0.04534954,0.09037,0.027236845,0.60158604,0.04419297,0.077243984,0.12109694,0.0038552582,0.03217818,0.3333333333333333,1.0,1.0,1.0,19,16,1.0,1.0,1.0,0.0,0
scifact,test,1226,0.6780426,0.07272357,0.10292095,0.029924095,0.6056135,0.027484596,0.051142156,0.24143016,0.05099885,0.11459005,0.05263157894736842,1.0,1.0,1.0,27,20,0.0,0.0,0.0,0.0,0
scifact,test,1232,0.76917577,0.12481552,0.23544794,0.06958243,0.6841406,0.07210028,0.1695779,0.28345037,0.15222585,0.17571732,0.25,1.0,1.0,1.0,26,20,1.0,1.0,1.0,0.0,0
scifact,test,1241,0.78024125,0.09543657,0.13070858,0.035889458,0.71133685,0.072395384,0.100014985,0.2296813,0.027616099,0.06939416,0.1111111111111111,1.0,1.0,1.0,23,21,1.0,1.0,1.0,0.0,0
scifact,test,1245,0.56324255,0.0035450459,0.040583074,0.0142676355,0.5513121,0.0125953555,0.044491827,0.1364719,0.01076667,0.024936795,0.0,0.0,0.0,0.0,18,16,0.43067655807339306,0.38685280723454163,0.6309297535714575,0.2440769463369159,1
scifact,test,1259,0.7632938,0.022678435,0.11236048,0.037691124,0.67491597,0.01889962,0.07024205,0.29459283,0.012596101,0.1415157,0.42857142857142855,1.0,1.0,1.0,34,21,1.0,1.0,1.0,0.0,0
scifact,test,1262,0.8488934,0.15922964,0.2063824,0.05843816,0.71749413,0.09299475,0.1328566,0.4379976,0.18858263,0.22034879,0.17647058823529413,1.0,1.0,1.0,24,19,1.0,1.0,1.0,0.0,0
scifact,test,1266,0.8481714,0.055108786,0.12161195,0.030806627,0.7693907,0.053179026,0.11096406,0.35594425,0.05287522,0.10502279,0.5384615384615384,1.0,1.0,1.0,38,27,0.5,0.43067655807339306,1.0,0.5693234419266069,1
scifact,test,1270,0.7181852,0.11115885,0.17426282,0.049544696,0.6682348,0.09573656,0.152349,0.16650118,0.03992565,0.06984758,0.25,1.0,1.0,1.0,21,15,1.0,1.0,1.0,0.0,0
scifact,test,1271,0.78228784,0.14852601,0.22345424,0.06527498,0.69143414,0.08566916,0.14941323,0.30284554,0.16347842,0.2147944,0.17647058823529413,1.0,1.0,1.0,38,24,1.0,1.0,1.0,0.0,0
scifact,test,1272,0.5598813,0.0070595145,0.026684523,0.008319471,0.53739387,0.00240618,0.020088017,0.17203425,0.043676987,0.064373665,0.0,0.0,0.0,0.0,29,24,0.3562071871080222,0.43067655807339306,1.0,0.5693234419266069,1
scifact,test,1273,0.91224736,0.24321079,0.31097317,0.08908166,0.8029681,0.18714845,0.24644893,0.36426416,0.16234244,0.20044579,0.25,1.0,1.0,1.0,26,19,1.0,1.0,1.0,0.0,0
scifact,test,1274,0.8132628,0.04722619,0.22161365,0.07468516,0.70179665,0.044541597,0.15278184,0.39391494,0.006330937,0.18870255,0.5384615384615384,1.0,1.0,1.0,51,28,0.8072467605676945,0.8072467605676945,0.9060254355346823,0.09877867496698778,1
scifact,test,1278,0.6188942,0.014538527,0.06843251,0.022251947,0.5707405,0.0012818575,0.048612297,0.16051239,0.0018624365,0.031458527,0.17647058823529413,1.0,1.0,1.0,26,21,0.2890648263178879,0.6309297535714575,0.2890648263178879,-0.34186492725356965,0
scifact,test,1279,0.67855775,0.00048053265,0.06930089,0.021695143,0.6521907,0.02076435,0.062847555,0.15550292,0.0049002618,0.031122357,0.17647058823529413,0.0,1.0,1.0,24,18,0.5,1.0,0.3562071871080222,-0.6437928128919779,0
scifact,test,1280,0.7063006,0.0130416155,0.14311296,0.053498607,0.60264057,0.016917348,0.07983947,0.3584525,0.012918919,0.20116648,0.17647058823529413,1.0,1.0,1.0,41,27,0.0,0.0,0.0,0.0,0
scifact,test,1281,0.6558186,0.04290384,0.11760378,0.036513988,0.59169084,0.020658374,0.069275916,0.21375915,0.06542659,0.103113085,0.17647058823529413,1.0,1.0,1.0,21,17,0.0,0.0,0.0,0.0,0
scifact,test,1282,0.62415886,0.07149714,0.106398106,0.029776871,0.59731704,0.0634107,0.090055645,0.10600117,0.006188303,0.03359604,0.1111111111111111,1.0,1.0,1.0,31,27,1.0,1.0,1.0,0.0,0
scifact,test,1290,0.79258406,0.19413656,0.23961633,0.06775039,0.7112655,0.14255929,0.1893825,0.27106196,0.12506467,0.16599345,0.3333333333333333,1.0,1.0,1.0,19,16,1.0,1.0,1.0,0.0,0
scifact,test,1292,0.6227877,0.06546754,0.08928549,0.024197299,0.5641215,0.042076528,0.057144165,0.19555408,0.046237662,0.06853086,0.17647058823529413,1.0,1.0,1.0,19,15,1.0,1.0,1.0,0.0,0
scifact,test,1298,0.970114,0.36764944,0.4329129,0.12635472,0.7875778,0.22224033,0.28273565,0.60845405,0.39284405,0.47648773,0.1111111111111111,1.0,1.0,1.0,44,32,1.0,1.0,1.0,0.0,0
scifact,test,1303,0.4866108,0.011494428,0.053285092,0.017436253,0.46399683,0.008025259,0.04152298,0.08696644,0.0029536486,0.026044086,0.1111111111111111,1.0,0.0,1.0,16,11,1.0,0.6309297535714575,0.38685280723454163,-0.2440769463369159,0
scifact,test,1316,0.69197375,0.021166563,0.07217598,0.022642804,0.6379903,0.021393776,0.063732624,0.18070222,0.0007574856,0.02245523,0.25,1.0,1.0,1.0,22,17,0.0,0.0,0.0,0.0,0
scifact,test,1319,0.703983,0.054133534,0.09619957,0.026704287,0.6422411,0.03483641,0.06864387,0.2068186,0.001012221,0.05441852,0.1111111111111111,1.0,0.0,1.0,19,16,1.0,1.0,0.6309297535714575,-0.36907024642854247,0
scifact,test,1320,0.677695,0.07032311,0.10899353,0.030348944,0.61606276,0.05549425,0.09110755,0.21695216,0.01151146,0.060940906,0.42857142857142855,1.0,0.0,1.0,32,25,1.0,1.0,1.0,0.0,0
scifact,test,1332,0.794217,0.042336464,0.08483142,0.02385088,0.6695575,0.005798459,0.032743514,0.43485972,0.007981867,0.11713898,0.1111111111111111,0.0,1.0,0.0,45,36,0.0,0.0,0.0,0.0,0
scifact,test,1335,0.7335108,0.05792278,0.15616679,0.050812308,0.6622862,0.05529648,0.12063384,0.23741516,0.007596761,0.085258394,0.25,1.0,1.0,1.0,18,14,0.6309297535714575,0.5,1.0,0.5,1
scifact,test,1336,0.7464881,0.05810523,0.15841526,0.049423892,0.6779439,0.058498144,0.13043326,0.22979039,0.0013097972,0.0701074,0.3333333333333333,1.0,1.0,1.0,17,13,0.6309297535714575,0.5,1.0,0.5,1
scifact,test,1337,0.6228378,0.0053932667,0.122184336,0.043985903,0.5733937,0.030328512,0.099984705,0.3086506,0.14383696,0.21177232,0.42857142857142855,1.0,1.0,1.0,31,22,0.6309297535714575,1.0,1.0,0.0,0
scifact,test,1339,0.75320846,0.21398538,0.22794235,0.06662748,0.6709028,0.13740963,0.153099,0.2743522,0.15469106,0.20537838,0.05263157894736842,1.0,1.0,1.0,24,19,1.0,1.0,1.0,0.0,0
scifact,test,1344,0.85189104,0.011036754,0.14753711,0.054084007,0.76409286,0.008898795,0.10797781,0.29266068,0.0071267188,0.088504136,0.17647058823529413,1.0,1.0,1.0,46,35,0.6309297535714575,0.6309297535714575,0.6309297535714575,0.0,0
scifact,test,1352,0.76672983,0.102555335,0.20983207,0.062351286,0.6729679,0.067267895,0.14522958,0.31253973,0.0855262,0.16204381,0.3333333333333333,1.0,1.0,1.0,22,19,1.0,1.0,1.0,0.0,0
scifact,test,1359,0.8918548,0.057100832,0.27969325,0.0934683,0.7405851,0.02969271,0.17609608,0.50423247,0.09136048,0.30924267,0.3333333333333333,1.0,1.0,1.0,37,30,1.0,1.0,1.0,0.0,0
scifact,test,1362,0.5603469,0.004701197,0.036126018,0.012241512,0.5523746,0.0059342384,0.03257805,0.0941003,0.015388168,0.03005369,0.1111111111111111,0.0,0.0,0.0,16,14,0.0,0.0,0.0,0.0,0
scifact,test,1363,0.5548087,0.0055466294,0.026146412,0.008741095,0.5451625,0.0030112267,0.024184585,0.12315837,0.03134142,0.054900415,0.0,0.0,0.0,0.0,19,16,0.0,0.0,0.0,0.0,0
scifact,test,1368,0.69597524,0.024145365,0.09239882,0.027279023,0.62364304,0.0046372414,0.05214095,0.2411073,0.040749088,0.10003708,0.5384615384615384,1.0,1.0,1.0,15,13,0.5,0.6309297535714575,1.0,0.36907024642854247,1
scifact,test,1370,0.67882496,0.0044904947,0.110476255,0.03598595,0.62991214,0.017045856,0.094355226,0.20489393,0.011871293,0.08196112,0.5384615384615384,1.0,1.0,1.0,16,13,0.43067655807339306,0.6309297535714575,1.0,0.36907024642854247,1
scifact,test,1379,0.79887086,0.010954797,0.11011493,0.036030926,0.74711657,0.021894574,0.103759766,0.24549626,0.023287252,0.090115234,0.5384615384615384,0.0,1.0,0.0,20,17,0.9279611693743142,0.9058653015743079,0.8667163765466582,-0.03914892502764966,0
scifact,test,1382,0.7607285,0.00060522556,0.14773732,0.055189095,0.7187653,0.021656513,0.122781456,0.21206555,0.059761226,0.09865743,0.3333333333333333,1.0,1.0,0.0,19,16,0.6309297535714575,1.0,1.0,0.0,0
scifact,test,1385,0.63218194,0.008372605,0.06600195,0.022387432,0.58145255,0.0009685159,0.03133154,0.16909803,0.017304122,0.057029642,0.1111111111111111,1.0,1.0,1.0,16,13,1.0,1.0,1.0,0.0,0
scifact,test,1389,0.80353045,0.06982559,0.1909765,0.057882115,0.70493615,0.03714627,0.12909865,0.32864773,0.108931184,0.17863943,0.42857142857142855,1.0,1.0,1.0,22,19,1.0,1.0,1.0,0.0,0
scifact,test,1395,0.63313794,0.028800547,0.08468777,0.027820354,0.57512313,0.023542047,0.04323101,0.19974354,0.006360799,0.061035305,0.25,1.0,1.0,1.0,42,31,1.0,1.0,0.6309297535714575,-0.36907024642854247,0
scifact,train,0,0.4873032,0.013458341,0.04778716,0.014371382,0.47388798,0.0005468726,0.039055914,0.12395899,0.031735376,0.05439435,0.0,0.0,0.0,1.0,14,11,0.0,0.0,0.0,0.0,0
scifact,train,2,0.66003704,0.10136014,0.12741113,0.035136897,0.58966714,0.043373525,0.07954925,0.23456633,0.095950454,0.13830173,0.25,1.0,1.0,1.0,17,13,1.0,1.0,1.0,0.0,0
scifact,train,4,0.73498917,0.024678826,0.10947651,0.035323646,0.6591071,0.0034478307,0.07505405,0.25294036,0.036717445,0.08767916,0.42857142857142855,1.0,1.0,1.0,22,19,0.0,0.0,0.3333333333333333,0.3333333333333333,1
scifact,train,6,0.877409,0.025195539,0.30975223,0.10991394,0.7918188,0.038690686,0.24846768,0.33028436,0.044983804,0.21063545,0.25,1.0,1.0,1.0,28,22,1.0,1.0,1.0,0.0,0
scifact,train,9,0.8141778,0.19054252,0.2683099,0.076092616,0.724005,0.13771111,0.20379394,0.300576,0.14158696,0.19198933,0.25,1.0,1.0,1.0,23,20,1.0,1.0,1.0,0.0,0
scifact,train,10,0.65812266,0.050399244,0.09655857,0.027551316,0.60159284,0.019092321,0.053442597,0.18843281,0.039315313,0.07927318,0.05263157894736842,1.0,1.0,1.0,30,19,0.3333333333333333,0.43067655807339306,0.6309297535714575,0.20025319549806447,1
scifact,train,11,0.68893796,0.080956936,0.11376029,0.031041687,0.6314313,0.042620957,0.07999247,0.19168898,0.04185106,0.08702119,0.17647058823529413,1.0,1.0,1.0,30,17,0.5,0.43067655807339306,0.6309297535714575,0.20025319549806447,1
scifact,train,12,0.752608,0.102293134,0.15669084,0.04293775,0.67142475,0.059903562,0.106279075,0.27061087,0.068520546,0.115644306,0.25,1.0,1.0,1.0,38,28,1.0,1.0,1.0,0.0,0
scifact,train,14,0.7054896,0.11891866,0.1785084,0.051041327,0.65160877,0.09581834,0.13614136,0.1796027,0.077001035,0.09860007,0.1111111111111111,1.0,1.0,1.0,17,12,0.31546487678572877,0.43067655807339306,0.38685280723454163,-0.04382375083885143,0
scifact,train,15,0.67516303,0.022039294,0.06692022,0.02075504,0.6203413,0.035018563,0.056128383,0.24322745,0.051297307,0.07369144,0.17647058823529413,1.0,1.0,1.0,25,20,0.0,0.0,0.0,0.0,0
scifact,train,17,0.64952946,0.0033051372,0.06544465,0.024842408,0.61625713,0.00042265654,0.06267774,0.16172358,0.015988484,0.041248277,0.17647058823529413,0.0,1.0,0.0,18,15,0.3333333333333333,0.31546487678572877,0.0,-0.31546487678572877,0
scifact,train,18,0.7234409,0.01913023,0.09818947,0.03445153,0.64969045,0.0025817752,0.0694446,0.2544406,0.024836555,0.08618191,0.5384615384615384,1.0,1.0,0.0,22,19,0.31546487678572877,0.3562071871080222,0.31546487678572877,-0.04074231032229342,0
scifact,train,19,0.663025,0.018577456,0.09987497,0.031945575,0.60157686,0.008416235,0.07558161,0.20791751,0.0030903816,0.04679656,0.25,1.0,0.0,1.0,31,25,0.6309297535714575,0.31546487678572877,0.6309297535714575,0.31546487678572877,1
scifact,train,20,0.66062045,0.022441566,0.103817225,0.03173283,0.5988986,0.011720955,0.0843817,0.20941475,0.0036751777,0.046848282,0.42857142857142855,1.0,1.0,1.0,31,25,0.6309297535714575,0.31546487678572877,0.6309297535714575,0.31546487678572877,1
scifact,train,21,0.7480821,0.13473433,0.18697327,0.053171407,0.68297905,0.1300137,0.150356,0.21701011,0.015735462,0.07611182,0.1111111111111111,1.0,1.0,1.0,31,26,1.0,1.0,0.6309297535714575,-0.36907024642854247,0
scifact,train,22,0.72144496,0.078273654,0.13793468,0.039593395,0.6668423,0.045911968,0.111101866,0.18200901,0.042168245,0.06982921,0.17647058823529413,1.0,1.0,1.0,22,19,1.0,0.5,1.0,0.5,1
scifact,train,24,0.7714233,0.032026768,0.14884812,0.053192973,0.6933157,0.026653826,0.09755212,0.26035863,0.011740208,0.11202237,0.3333333333333333,1.0,1.0,1.0,27,20,0.6309297535714575,0.6309297535714575,1.0,0.36907024642854247,1
scifact,train,25,0.87847674,0.018290937,0.30990642,0.11030938,0.7893764,0.032799125,0.24872732,0.34536177,0.048360586,0.22236063,0.25,1.0,1.0,1.0,28,22,1.0,1.0,1.0,0.0,0
scifact,train,26,0.6061956,0.012866795,0.041638076,0.012703014,0.57852614,0.008551002,0.03320092,0.15067856,0.0027347654,0.05012119,0.05263157894736842,0.0,1.0,1.0,36,29,0.0,0.0,0.0,0.0,0
scifact,train,27,0.61634964,0.0038844943,0.03979057,0.015108737,0.58870035,0.003677547,0.03776604,0.17515501,0.0053681135,0.06322108,0.05263157894736842,0.0,1.0,0.0,36,31,0.0,0.0,0.0,0.0,0
scifact,train,28,0.77278596,0.077967644,0.13947892,0.041879207,0.66288453,0.014672756,0.0814473,0.366338,0.054152727,0.15347458,0.25,1.0,1.0,1.0,33,27,1.0,1.0,1.0,0.0,0
scifact,train,30,0.7910111,0.032860994,0.14758337,0.05064329,0.6997395,0.029752731,0.08922058,0.30423862,0.010360837,0.14633197,0.3333333333333333,1.0,1.0,1.0,21,16,1.0,1.0,1.0,0.0,0
scifact,train,32,0.7237549,0.16093129,0.2468617,0.0700064,0.6144815,0.09011638,0.15306816,0.36424458,0.21661755,0.2736665,0.3333333333333333,1.0,1.0,1.0,33,25,1.0,1.0,1.0,0.0,0
scifact,train,34,0.8018111,0.020816863,0.08868396,0.029256934,0.7269279,0.022097528,0.07121599,0.25872296,0.009112179,0.07589805,0.5384615384615384,1.0,1.0,1.0,21,16,1.0,1.0,0.6309297535714575,-0.36907024642854247,0
scifact,train,35,0.7444056,0.035918176,0.11445445,0.03190981,0.66413105,0.018949568,0.07219201,0.267582,0.002854675,0.105363786,0.3333333333333333,1.0,1.0,1.0,22,16,0.2640681225725909,0.3065735963827292,0.3706656904013186,0.0640920940185894,1
scifact,train,37,0.7498137,0.029742897,0.116030574,0.034998592,0.6709622,0.01290226,0.078523636,0.26283824,0.041187406,0.10476941,0.42857142857142855,1.0,1.0,1.0,22,17,0.2640681225725909,0.23719771276929622,0.2640681225725909,0.026870409803294665,1
scifact,train,39,0.647422,0.094338536,0.13632035,0.038440134,0.59494936,0.07243627,0.09930268,0.17490885,0.05242669,0.08320419,0.17647058823529413,1.0,1.0,1.0,29,17,1.0,1.0,0.6309297535714575,-0.36907024642854247,0
scifact,train,40,0.72082216,0.083045304,0.15104216,0.044704184,0.66433907,0.07019186,0.11173326,0.18827698,0.042442754,0.08450759,0.17647058823529413,1.0,1.0,1.0,32,23,1.0,1.0,0.6309297535714575,-0.36907024642854247,0
scifact,train,41,0.81757456,0.15930128,0.23673803,0.068491295,0.7303783,0.11932665,0.1746043,0.29065412,0.07437147,0.16961671,0.25,1.0,1.0,1.0,34,27,1.0,1.0,1.0,0.0,0
scifact,train,43,0.8142879,0.08550465,0.17645586,0.05024517,0.7094981,0.061377585,0.12536156,0.34929937,0.0627712,0.1221479,0.25,1.0,1.0,1.0,25,22,1.0,1.0,1.0,0.0,0
scifact,train,44,0.7487583,0.11409104,0.14777112,0.040858716,0.6767065,0.08866048,0.106687605,0.24017283,0.072017044,0.08683734,0.1111111111111111,1.0,1.0,1.0,26,23,1.0,1.0,1.0,0.0,0
scifact,train,45,0.744886,0.11346865,0.141348,0.039619587,0.67173916,0.08547723,0.10294217,0.2438228,0.06317809,0.084406435,0.1111111111111111,1.0,1.0,1.0,25,22,1.0,1.0,1.0,0.0,0
scifact,train,46,0.9425725,0.30020237,0.35469973,0.10259068,0.8012364,0.22155428,0.25393635,0.47112036,0.24493398,0.2847278,0.25,1.0,1.0,1.0,27,18,1.0,1.0,1.0,0.0,0
scifact,train,47,0.93490064,0.121735334,0.34282494,0.10196646,0.7846601,0.081751525,0.22539234,0.5008018,0.13327944,0.34443253,0.5384615384615384,1.0,1.0,1.0,43,25,1.0,1.0,1.0,0.0,0
scifact,train,52,0.83909774,0.09634125,0.21294862,0.066248015,0.73281235,0.08107555,0.15852123,0.35428464,0.050885707,0.15724806,0.42857142857142855,1.0,1.0,1.0,21,17,1.0,1.0,1.0,0.0,0
scifact,train,55,0.8221933,0.03417188,0.12544096,0.03985497,0.7123747,0.022353232,0.10335523,0.3668275,0.00076544285,0.05214429,0.5384615384615384,1.0,1.0,1.0,30,20,0.3333333333333333,0.3333333333333333,1.0,0.6666666666666667,1
scifact,train,58,0.78093094,0.12658423,0.19876426,0.05720416,0.6832573,0.074970186,0.1353131,0.3255788,0.15819049,0.18110389,0.25,1.0,1.0,1.0,29,21,1.0,1.0,1.0,0.0,0
scifact,train,60,0.6355684,0.018110156,0.08693302,0.027886614,0.57084554,0.0021114945,0.05855483,0.22278103,0.05827707,0.09059298,0.5384615384615384,1.0,1.0,0.0,19,13,0.6240505200038379,0.8503449055347546,0.7903864795495061,-0.059958425985248476,0
scifact,train,61,0.7499501,0.008179009,0.08772361,0.02923195,0.6733759,0.006503701,0.05856484,0.27692643,0.048942402,0.08814192,0.3333333333333333,1.0,1.0,0.0,18,16,0.6052602440527057,0.8065735963827293,0.5912352048230277,-0.21533839155970158,0
scifact,train,62,0.6494384,0.010144234,0.08203399,0.028330458,0.60100114,0.01243192,0.05130285,0.22239336,0.017194003,0.0974067,0.1111111111111111,1.0,0.0,1.0,18,15,1.0,0.6309297535714575,0.6309297535714575,0.0,0
scifact,train,63,0.75080657,0.012451589,0.09749025,0.028301368,0.65415776,0.0009660125,0.05212772,0.3253827,0.04472536,0.12696333,0.6666666666666666,1.0,1.0,0.0,17,14,0.0,0.0,0.0,0.0,0
scifact,train,64,0.63742924,0.0038751364,0.0841831,0.029744912,0.5708655,0.0108168125,0.05994165,0.27898747,0.016689926,0.11603513,0.6666666666666666,1.0,1.0,0.0,18,14,0.0,0.0,0.0,0.0,0
scifact,train,66,0.58432543,0.009502113,0.059040964,0.019469315,0.5726725,0.021813035,0.055682123,0.11155334,0.008750826,0.02858255,0.17647058823529413,0.0,1.0,0.0,15,12,0.0,0.0,0.0,0.0,0
scifact,train,67,0.9460418,0.18994302,0.30604076,0.088842176,0.8321246,0.15897036,0.2507853,0.37972414,0.10324222,0.1940254,0.42857142857142855,1.0,1.0,1.0,22,17,1.0,1.0,1.0,0.0,0
scifact,train,68,0.8190543,0.11137152,0.19198632,0.05473391,0.71647525,0.06924844,0.12324011,0.3419301,0.09236124,0.19134548,0.3333333333333333,1.0,1.0,1.0,19,16,1.0,1.0,1.0,0.0,0
scifact,train,69,0.7206381,0.020236373,0.06134945,0.018428778,0.6659265,0.025327504,0.057320654,0.24673265,0.033974543,0.084076345,0.25,1.0,0.0,1.0,16,14,0.6052602440527057,0.8772153153380493,1.0,0.1227846846619507,1
scifact,train,71,0.8036664,0.1996448,0.23511201,0.06648587,0.6941867,0.14062846,0.17444336,0.3649324,0.15486687,0.1812028,0.17647058823529413,1.0,1.0,1.0,35,25,1.0,1.0,1.0,0.0,0
scifact,train,73,0.57714903,0.009119689,0.051291347,0.018054402,0.56214625,0.010798335,0.049963057,0.11493268,0.0033238977,0.034188114,0.17647058823529413,0.0,0.0,0.0,24,20,0.0,0.0,1.0,1.0,1
scifact,train,74,0.72740173,0.09041512,0.16109908,0.04450784,0.6531982,0.08940828,0.12352681,0.27340937,0.026064247,0.12398121,0.25,1.0,1.0,1.0,25,21,1.0,1.0,1.0,0.0,0
scifact,train,76,0.83203703,0.24937826,0.2957325,0.08512613,0.7343924,0.17898238,0.2121945,0.32548213,0.13815778,0.20672075,0.1111111111111111,1.0,1.0,1.0,15,12,1.0,1.0,1.0,0.0,0
scifact,train,77,0.82099843,0.25349838,0.29131943,0.08448779,0.7125699,0.17101294,0.1975773,0.36142838,0.20770559,0.240391,0.05263157894736842,1.0,1.0,1.0,15,13,1.0,1.0,1.0,0.0,0
scifact,train,78,0.84257895,0.2193045,0.29346997,0.08245367,0.7679521,0.19454807,0.24833912,0.24875619,0.08252147,0.13893948,0.3333333333333333,1.0,1.0,1.0,22,15,1.0,1.0,1.0,0.0,0
scifact,train,79,0.7251858,0.014162362,0.16191119,0.05568408,0.66332424,0.0059981346,0.12029314,0.20620531,0.027214214,0.095129654,0.3333333333333333,1.0,1.0,1.0,16,13,0.6309297535714575,0.6309297535714575,0.6309297535714575,0.0,0
scifact,train,80,0.62787426,0.030920386,0.07904875,0.024220817,0.5911555,0.027500093,0.07415986,0.15205449,0.00036522746,0.03628102,0.25,1.0,1.0,1.0,17,15,0.6309297535714575,0.43067655807339306,0.38685280723454163,-0.04382375083885143,0
scifact,train,81,0.7117411,0.122464836,0.1632284,0.044933345,0.6641565,0.100795805,0.13018173,0.1586152,0.045752592,0.07222994,0.42857142857142855,1.0,1.0,1.0,37,25,0.5,0.2890648263178879,0.38685280723454163,0.09778798091665375,1
scifact,train,82,0.8330713,0.060818255,0.14730948,0.04425187,0.71116215,0.026726305,0.10892773,0.4063638,0.051691025,0.14021769,0.42857142857142855,1.0,1.0,1.0,50,36,1.0,1.0,0.6309297535714575,-0.36907024642854247,0
scifact,train,85,0.7231747,0.018198133,0.116078675,0.042836983,0.6567553,0.010090053,0.07721454,0.22139777,0.0024539381,0.07857615,0.3333333333333333,1.0,1.0,1.0,18,14,0.6509209298071326,0.6934264036172708,0.8772153153380493,0.1837889117207785,1
scifact,train,86,0.7231747,0.018198133,0.116078675,0.042836983,0.6567553,0.010090053,0.07721454,0.22139777,0.0024539381,0.07857615,0.3333333333333333,1.0,1.0,1.0,18,14,0.6509209298071326,0.6934264036172708,0.8772153153380493,0.1837889117207785,1
scifact,train,88,0.82334304,0.120515704,0.17342311,0.04869468,0.73768836,0.08509332,0.12658393,0.2855156,0.088391244,0.13952366,0.42857142857142855,1.0,1.0,1.0,20,16,0.6509209298071326,0.6934264036172708,0.5437713091520254,-0.1496550944652454,0
scifact,train,89,0.8095298,0.030383468,0.18328536,0.066182785,0.71738714,0.012955725,0.1348105,0.32197118,0.01482895,0.13988368,0.3333333333333333,1.0,1.0,1.0,27,22,0.6240505200038379,0.8503449055347546,0.5437713091520254,-0.3065735963827292,0
scifact,train,90,0.8095298,0.030383468,0.18328536,0.066182785,0.71738714,0.012955725,0.1348105,0.32197118,0.01482895,0.13988368,0.3333333333333333,1.0,1.0,1.0,27,22,0.6309297535714575,1.0,0.5,-0.5,0
scifact,train,91,0.65560794,0.022486866,0.05885619,0.018030059,0.61517566,0.014987469,0.037755847,0.17946228,0.031332567,0.06125266,0.1111111111111111,1.0,0.0,1.0,19,17,0.0,0.0,0.0,0.0,0
scifact,train,92,0.69240874,0.036965966,0.07996982,0.024398964,0.6508734,0.019738257,0.06268889,0.18928123,0.029158473,0.06487304,0.1111111111111111,1.0,0.0,1.0,19,17,0.0,0.0,0.0,0.0,0
scifact,train,93,0.77495027,0.045119762,0.12560993,0.036689375,0.7027459,0.052304745,0.0982641,0.2646312,0.019197494,0.103728265,0.42857142857142855,1.0,1.0,1.0,21,16,0.0,0.0,0.3333333333333333,0.3333333333333333,1
scifact,train,95,0.5565686,0.031098366,0.048948944,0.013360957,0.54423827,0.027615786,0.04049939,0.12122573,0.00041997433,0.04624918,0.0,0.0,0.0,1.0,21,19,0.0,0.0,0.38685280723454163,0.38685280723454163,1
scifact,train,96,0.71459913,0.14884007,0.23966134,0.07258232,0.637572,0.108201504,0.18216553,0.2567572,0.084608465,0.16522898,0.1111111111111111,1.0,1.0,1.0,29,20,1.0,1.0,1.0,0.0,0
scifact,train,98,0.7673949,0.14908814,0.20895445,0.0605065,0.6745498,0.08783859,0.1390974,0.30948365,0.1525785,0.19731826,0.17647058823529413,1.0,1.0,1.0,21,16,1.0,1.0,1.0,0.0,0
scifact,train,104,0.6082335,0.038535237,0.057704747,0.016104706,0.5686712,0.018002987,0.038880408,0.13341212,0.0015378296,0.024964236,0.1111111111111111,1.0,0.0,1.0,38,29,1.0,1.0,1.0,0.0,0
scifact,train,105,0.6406412,0.1150229,0.16049713,0.04586116,0.55601877,0.034976065,0.08561355,0.2820748,0.13661812,0.19542015,0.05263157894736842,1.0,1.0,1.0,22,18,1.0,1.0,1.0,0.0,0
scifact,train,106,0.8135796,0.032080233,0.22536975,0.0798789,0.7354345,0.041278243,0.17583841,0.29114392,0.030660063,0.13149261,0.1111111111111111,1.0,1.0,1.0,21,17,1.0,1.0,1.0,0.0,0
scifact,train,108,0.9677263,0.07487494,0.3169644,0.10983626,0.8414342,0.06625235,0.25087214,0.42097372,0.028741956,0.24240367,0.6666666666666666,1.0,1.0,1.0,20,17,0.9674679834891693,0.9674679834891693,0.9674679834891693,0.0,0
scifact,train,109,0.7372583,0.031779706,0.13549548,0.046471722,0.6495427,0.010930896,0.08518869,0.29238534,0.049132705,0.12884301,0.5384615384615384,1.0,1.0,1.0,27,23,0.6309297535714575,0.5,0.6309297535714575,0.13092975357145753,1
scifact,train,111,0.87409484,0.06751841,0.17403567,0.053061176,0.7722629,0.059051096,0.12484872,0.33943996,0.02015394,0.09624401,0.3333333333333333,1.0,1.0,1.0,36,30,1.0,1.0,1.0,0.0,0
scifact,train,112,0.8343241,0.08843607,0.19523281,0.05715771,0.7398923,0.05144584,0.1269911,0.31477275,0.1138826,0.1866924,0.5384615384615384,1.0,1.0,1.0,27,18,1.0,1.0,1.0,0.0,0
scifact,train,114,0.5602899,0.061109573,0.09090248,0.026282499,0.53284985,0.041635394,0.070549816,0.0914669,0.012815163,0.024496086,0.05263157894736842,1.0,1.0,1.0,20,16,1.0,1.0,1.0,0.0,0
scifact,train,116,0.55409086,0.03855741,0.0775342,0.022778273,0.5273993,0.024201691,0.05723673,0.1057872,0.015095666,0.026959568,0.05263157894736842,1.0,0.0,1.0,20,16,1.0,1.0,1.0,0.0,0
scifact,train,119,0.684327,0.01757741,0.08021283,0.025537372,0.63488334,0.018539906,0.052591383,0.17475997,0.009947866,0.07555555,0.25,1.0,1.0,1.0,15,11,1.0,1.0,1.0,0.0,0
scifact,train,120,0.7281553,0.013277531,0.13266456,0.05029965,0.65942717,0.00798583,0.08609533,0.2290938,0.017638966,0.120291345,0.17647058823529413,1.0,1.0,1.0,15,13,1.0,0.6309297535714575,1.0,0.36907024642854247,1
scifact,train,121,0.6821778,0.050588667,0.1162554,0.03506088,0.66339284,0.06383312,0.120081365,0.11642748,0.008702762,0.04051973,0.05263157894736842,0.0,1.0,1.0,22,14,1.0,1.0,1.0,0.0,0
scifact,train,122,0.68018764,0.0117819905,0.10371244,0.035198137,0.6572517,0.03046596,0.10160786,0.13873291,0.021461122,0.05668558,0.17647058823529413,0.0,1.0,1.0,22,16,1.0,1.0,0.5,-0.5,0
scifact,train,123,0.8653836,0.06728703,0.23704183,0.07658884,0.78427094,0.072380066,0.19346023,0.28735238,0.016976714,0.13407966,0.42857142857142855,1.0,1.0,1.0,25,18,1.0,1.0,1.0,0.0,0
scifact,train,126,0.7422807,0.060788214,0.1712662,0.053287514,0.67386585,0.058787167,0.1277644,0.22804944,0.0066699684,0.07168086,0.25,1.0,1.0,1.0,30,24,1.0,1.0,1.0,0.0,0
scifact,train,134,0.6805552,0.011615634,0.06533164,0.022885,0.65817064,0.010072112,0.06291968,0.15480027,0.0035350472,0.020012408,0.05263157894736842,0.0,0.0,0.0,26,23,1.0,0.5,1.0,0.5,1
scifact,train,138,0.8792125,0.2642609,0.33480525,0.097079486,0.77009606,0.21195018,0.24029034,0.36372134,0.13160081,0.23938316,0.17647058823529413,1.0,1.0,1.0,25,21,1.0,1.0,1.0,0.0,0
scifact,train,139,0.6356324,0.00046789646,0.05300367,0.0201795,0.5938474,0.00497663,0.03955877,0.24383399,0.074946865,0.11530608,0.17647058823529413,0.0,1.0,0.0,26,22,0.0,0.0,0.0,0.0,0
scifact,train,144,0.79770875,0.13472068,0.19046056,0.054078642,0.69684887,0.089639604,0.13582736,0.33619955,0.117911845,0.15759097,0.17647058823529413,1.0,1.0,1.0,39,31,1.0,1.0,1.0,0.0,0
scifact,train,149,0.7726147,0.053359628,0.13398886,0.04101214,0.6957645,0.029672623,0.09002614,0.25616735,0.057669893,0.10898945,0.25,1.0,1.0,1.0,23,15,1.0,1.0,1.0,0.0,0
scifact,train,152,0.7878548,0.11411303,0.17730856,0.049550027,0.7045036,0.094361246,0.12822282,0.2778373,0.060872555,0.1033705,0.25,1.0,1.0,1.0,25,22,1.0,1.0,1.0,0.0,0
scifact,train,153,0.75513184,0.06038475,0.14178115,0.04238128,0.67352617,0.0426479,0.09427285,0.2720189,0.02017665,0.086748004,0.25,1.0,1.0,1.0,46,36,1.0,1.0,1.0,0.0,0
scifact,train,154,0.7761145,0.06400925,0.15604115,0.046578024,0.6967032,0.046987355,0.11629391,0.26470447,0.028804302,0.09524734,0.3333333333333333,1.0,1.0,1.0,46,33,1.0,1.0,1.0,0.0,0
scifact,train,155,0.7204169,0.0017360449,0.12654746,0.039770596,0.6671666,0.015775323,0.0861783,0.22429866,0.046797708,0.106316224,0.3333333333333333,1.0,1.0,1.0,23,18,1.0,1.0,1.0,0.0,0
scifact,train,156,0.7200099,0.002967596,0.12612271,0.04259756,0.6617961,0.015145659,0.10666227,0.23463967,0.04059352,0.10653713,0.42857142857142855,1.0,1.0,1.0,19,14,1.0,1.0,1.0,0.0,0
scifact,train,157,0.86570144,0.09594715,0.19904333,0.05491327,0.7280965,0.07237899,0.122558475,0.4586831,0.078115374,0.20544884,0.8181818181818182,1.0,1.0,1.0,17,15,1.0,1.0,1.0,0.0,0
scifact,train,159,0.888706,0.07172704,0.25806284,0.07874858,0.7754832,0.06656557,0.19522464,0.37740946,0.01720494,0.15925835,0.5384615384615384,1.0,1.0,1.0,27,21,1.0,1.0,1.0,0.0,0
scifact,train,160,0.78243786,0.033163667,0.21766675,0.073912,0.69650733,0.01545769,0.15863192,0.286435,0.05901991,0.16951627,0.17647058823529413,1.0,1.0,1.0,28,22,1.0,1.0,1.0,0.0,0
scifact,train,161,0.5171159,0.00065904856,0.030229568,0.010909287,0.49911657,0.006018847,0.025060087,0.12153326,0.007698305,0.027730301,0.05263157894736842,0.0,0.0,0.0,22,19,0.5,0.3010299956639812,1.0,0.6989700043360187,1
scifact,train,164,0.6611449,0.03989941,0.07252401,0.020156108,0.6103918,0.033044636,0.061243534,0.16917698,0.013115197,0.038798288,0.6666666666666666,1.0,1.0,1.0,16,13,1.0,0.6309297535714575,0.6309297535714575,0.0,0
scifact,train,165,0.68809366,0.0046203136,0.047208786,0.016683742,0.6452541,0.013164699,0.041006744,0.19703077,0.010811135,0.05128272,0.25,0.0,0.0,1.0,18,14,0.6309297535714575,0.3333333333333333,0.3333333333333333,0.0,0
scifact,train,166,0.75743157,0.009280026,0.21815151,0.074802965,0.68248355,0.0036313534,0.1605367,0.24982667,0.01882878,0.13346687,0.5384615384615384,1.0,1.0,1.0,17,13,1.0,1.0,1.0,0.0,0
scifact,train,167,0.79675364,0.012339413,0.2234816,0.07701602,0.719751,0.01916778,0.1650368,0.2794367,0.022761166,0.13534908,0.5384615384615384,1.0,1.0,1.0,17,13,0.6309297535714575,1.0,1.0,0.0,0
scifact,train,168,0.65533704,0.021520734,0.072891295,0.02467799,0.59942675,0.010352075,0.05948633,0.18636765,0.010938898,0.03765917,0.3333333333333333,1.0,1.0,1.0,14,12,1.0,1.0,1.0,0.0,0
scifact,train,169,0.68776345,0.016456723,0.085119486,0.026268594,0.6317254,0.001016438,0.07651502,0.22524792,0.016698807,0.06928627,0.17647058823529413,1.0,0.0,1.0,16,13,1.0,1.0,0.38685280723454163,-0.6131471927654584,0
scifact,train,172,0.83574444,0.050709248,0.24528557,0.08377143,0.7247128,0.03474176,0.17376173,0.37010556,0.05322507,0.20010087,0.3333333333333333,1.0,1.0,1.0,26,23,1.0,1.0,1.0,0.0,0
scifact,train,173,0.5293887,0.0064539313,0.0461632,0.015525623,0.49962002,0.014782637,0.03521669,0.12699138,0.00520844,0.027762271,0.17647058823529413,1.0,1.0,1.0,16,13,0.0,0.0,0.0,0.0,0
scifact,train,174,0.6607294,0.059390306,0.122439444,0.034459114,0.62869763,0.048742414,0.102096796,0.10677256,0.009106398,0.0390625,0.25,1.0,1.0,1.0,23,17,0.38685280723454163,0.43067655807339306,0.6309297535714575,0.20025319549806447,1
scifact,train,175,0.6977764,0.068018794,0.13159591,0.033263683,0.6546593,0.045146942,0.09149587,0.1437236,0.019276567,0.05220133,0.25,1.0,1.0,1.0,22,17,0.3333333333333333,0.5,0.3562071871080222,-0.14379281289197782,0
scifact,train,176,0.67587304,0.04498893,0.119012356,0.035408538,0.6047392,0.024205148,0.06402886,0.23711285,0.050104395,0.11256881,0.25,1.0,1.0,1.0,17,14,0.6309297535714575,0.6309297535714575,0.6309297535714575,0.0,0
scifact,train,177,1.0636158,0.27175534,0.38291883,0.10920397,0.87615854,0.17732584,0.2563811,0.62485754,0.3018263,0.3617406,0.3333333333333333,1.0,1.0,1.0,44,28,1.0,1.0,1.0,0.0,0
scifact,train,178,0.7892168,0.03457743,0.13315427,0.044400647,0.7342798,0.034814537,0.11675209,0.19419345,0.011070073,0.04776132,0.25,1.0,1.0,1.0,15,12,0.9709286432396583,0.9550236580992476,0.9709286432396583,0.01590498514041072,1
scifact,train,181,0.7477514,0.040599406,0.16083252,0.053171623,0.6291889,0.005491495,0.06927562,0.41351342,0.15363637,0.26808995,0.17647058823529413,1.0,1.0,0.0,37,25,1.0,1.0,1.0,0.0,0
scifact,train,182,0.67948824,0.005383849,0.067411125,0.024370167,0.618748,0.005028546,0.059996843,0.26000923,0.017097488,0.07962981,0.42857142857142855,1.0,1.0,1.0,26,22,0.0,0.0,0.0,0.0,0
scifact,train,184,0.6523443,0.015973747,0.09079313,0.032167338,0.61396295,0.031901598,0.09422457,0.18320546,0.0021748245,0.031241313,0.17647058823529413,0.0,0.0,1.0,21,16,1.0,1.0,1.0,0.0,0
scifact,train,186,0.60855144,0.094877124,0.1437535,0.039481428,0.6036966,0.105582744,0.15623152,0.110607535,0.015426308,0.034741446,0.1111111111111111,0.0,1.0,1.0,15,10,1.0,1.0,1.0,0.0,0
scifact,train,187,0.610903,0.084578454,0.15675095,0.04268816,0.6061321,0.10821399,0.15962374,0.106704935,0.0114702135,0.03126292,0.05263157894736842,0.0,0.0,1.0,15,10,1.0,1.0,1.0,0.0,0
scifact,train,189,0.6629244,0.032984674,0.0979678,0.028462486,0.5981835,0.027421713,0.07336444,0.21580291,0.0059444755,0.07165913,0.5384615384615384,1.0,1.0,1.0,32,26,1.0,1.0,1.0,0.0,0
scifact,train,196,0.74045384,0.108712554,0.1811533,0.051612377,0.6733122,0.08370608,0.13997889,0.22380559,0.05944626,0.09417896,0.25,1.0,1.0,1.0,27,24,1.0,1.0,1.0,0.0,0
scifact,train,197,0.6205797,0.00013899803,0.10253364,0.035517868,0.577174,0.016603708,0.079827964,0.20003137,0.00816083,0.07896191,0.5384615384615384,1.0,1.0,0.0,15,12,1.0,1.0,1.0,0.0,0
scifact,train,199,0.5724484,0.014681399,0.03549975,0.00965278,0.55674523,0.010729551,0.033050656,0.122203566,0.017682232,0.039423846,0.05263157894736842,0.0,0.0,1.0,16,14,0.38685280723454163,1.0,1.0,0.0,0
scifact,train,200,0.7735159,0.024837613,0.13563812,0.04596615,0.68303096,0.019543469,0.09048349,0.30161637,0.0072596967,0.11571115,0.3333333333333333,1.0,1.0,1.0,30,26,1.0,0.6309297535714575,1.0,0.36907024642854247,1
scifact,train,201,0.8610748,0.073230505,0.21063066,0.068131775,0.73436546,0.025243938,0.14162076,0.42236444,0.14648482,0.2075948,0.3333333333333333,1.0,1.0,1.0,26,20,1.0,1.0,1.0,0.0,0
scifact,train,203,0.8255025,0.25391263,0.27591544,0.07972899,0.685406,0.14178175,0.1692602,0.46698815,0.2725566,0.3152371,0.05263157894736842,1.0,1.0,1.0,27,21,1.0,1.0,1.0,0.0,0
scifact,train,204,0.6678646,0.033266902,0.12728155,0.042460565,0.618739,0.046067715,0.10151154,0.20642138,0.032453105,0.07018253,0.17647058823529413,1.0,1.0,1.0,28,21,0.6309297535714575,0.6309297535714575,0.6309297535714575,0.0,0
scifact,train,205,0.6365755,0.021232188,0.106898665,0.03485938,0.58737046,0.023794591,0.07557976,0.17255813,0.008541197,0.04900171,0.1111111111111111,1.0,1.0,1.0,27,21,1.0,1.0,1.0,0.0,0
scifact,train,209,0.6355823,0.027566671,0.082042575,0.02460325,0.5595472,0.005236566,0.029610455,0.25345045,0.053644016,0.115811825,0.17647058823529413,1.0,1.0,1.0,17,15,0.6309297535714575,0.6309297535714575,0.6309297535714575,0.0,0
scifact,train,210,0.83529747,0.21240205,0.257338,0.07502515,0.75735563,0.16983932,0.19802648,0.25980607,0.12468147,0.1637403,0.1111111111111111,1.0,1.0,1.0,16,13,1.0,1.0,1.0,0.0,0
scifact,train,211,0.6508559,0.038470805,0.08550501,0.024237107,0.60834455,0.01978892,0.06914544,0.17058416,0.02578704,0.052427307,0.25,1.0,0.0,1.0,15,12,1.0,1.0,1.0,0.0,0
scifact,train,214,0.78719556,0.038149536,0.20358175,0.06729283,0.71227396,0.045653403,0.15249848,0.27475154,0.025012821,0.14544156,0.3333333333333333,1.0,1.0,1.0,31,25,0.31546487678572877,0.31546487678572877,0.3562071871080222,0.04074231032229342,1
scifact,train,220,0.8475112,0.20784742,0.24427396,0.06974328,0.73932904,0.14814907,0.16730243,0.3606071,0.1839618,0.21226673,0.25,1.0,1.0,1.0,22,18,1.0,1.0,1.0,0.0,0
scifact,train,221,0.862939,0.16009116,0.25064683,0.07426845,0.7538502,0.11381984,0.18872797,0.36362928,0.15423779,0.19630508,0.3333333333333333,1.0,1.0,1.0,19,15,1.0,1.0,1.0,0.0,0
scifact,train,222,0.85714585,0.17875582,0.26595724,0.077919744,0.75238305,0.13245606,0.20586848,0.34920922,0.14888851,0.18632136,0.3333333333333333,1.0,1.0,1.0,20,16,1.0,1.0,1.0,0.0,0
scifact,train,223,0.763636,0.05197704,0.09175748,0.027465463,0.7023763,0.018579185,0.072428584,0.21926877,0.00657402,0.039888754,0.1111111111111111,1.0,1.0,1.0,44,28,1.0,1.0,1.0,0.0,0
scifact,train,224,0.99113905,0.07815391,0.27538216,0.0855086,0.8681668,0.07405007,0.238522,0.41252458,0.002617091,0.13916832,1.0,1.0,1.0,1.0,23,21,0.0,0.0,0.0,0.0,0
scifact,train,225,0.8303368,0.02938199,0.1944325,0.05883598,0.7154617,0.009057045,0.14028955,0.38291717,0.040257543,0.1547884,0.6666666666666666,1.0,1.0,1.0,34,21,0.0,0.0,0.0,0.0,0
scifact,train,226,0.93080795,0.0073290467,0.18569201,0.06576911,0.81789505,0.0065814853,0.15016162,0.40291288,0.0045983493,0.13996509,0.8181818181818182,1.0,1.0,0.0,32,25,0.0,0.0,0.0,0.0,0
scifact,train,227,0.74839675,0.06646985,0.102051795,0.02816581,0.6955965,0.047518194,0.08329326,0.21164362,0.013338342,0.054747894,0.1111111111111111,1.0,0.0,1.0,31,25,1.0,1.0,1.0,0.0,0
scifact,train,228,0.83054155,0.13214648,0.2207089,0.06302517,0.76553214,0.12268841,0.18119156,0.21778575,0.0010876954,0.08822103,0.42857142857142855,1.0,1.0,1.0,20,17,1.0,1.0,1.0,0.0,0
scifact,train,229,0.69688624,0.10336143,0.12075156,0.03413721,0.6290207,0.06793195,0.08445501,0.22621852,0.06213145,0.08688843,0.05263157894736842,1.0,1.0,1.0,21,17,1.0,1.0,1.0,0.0,0
scifact,train,235,0.75698173,0.14519316,0.1776495,0.049385887,0.6847495,0.09332353,0.13270777,0.24077412,0.07666832,0.11798994,0.05263157894736842,1.0,1.0,1.0,21,14,1.0,1.0,1.0,0.0,0
scifact,train,241,0.6940661,0.057011902,0.08729488,0.025003606,0.6609467,0.05261451,0.086158335,0.1691182,0.017353565,0.04381153,0.0,0.0,0.0,1.0,23,18,0.8772153153380493,0.8772153153380493,0.7977228895450266,-0.07949242579302274,0
scifact,train,242,0.6185293,0.02423191,0.06664753,0.021225771,0.58698595,0.026910841,0.062200546,0.1590175,0.026332632,0.045387015,0.05263157894736842,0.0,1.0,1.0,25,19,0.8315546295836225,0.8175295903539445,0.8315546295836225,0.014025039229678016,1
scifact,train,243,0.80364674,0.042097926,0.11005753,0.03564861,0.70813113,0.0040313005,0.06251854,0.3183854,0.101563305,0.12688886,0.17647058823529413,1.0,1.0,1.0,35,28,1.0,0.6309297535714575,1.0,0.36907024642854247,1
scifact,train,244,0.7578938,0.043967366,0.13324237,0.04238646,0.67573863,0.049263895,0.09475213,0.30368263,0.029832125,0.11402756,0.3333333333333333,1.0,1.0,1.0,53,40,1.0,1.0,1.0,0.0,0
scifact,train,245,0.7453182,0.0018399954,0.07164186,0.028083812,0.6772899,0.009257734,0.08986497,0.31938165,0.0068035126,0.14484148,1.0,1.0,1.0,0.0,19,16,0.21840743681816419,0.38685280723454163,0.6131471927654584,0.22629438553091674,1
scifact,train,246,0.68648255,0.058794856,0.122265816,0.035212975,0.62087214,0.04398775,0.11268622,0.22342086,0.0047194064,0.08274777,0.8181818181818182,1.0,1.0,1.0,18,15,0.6131471927654584,0.6131471927654584,0.6131471927654584,0.0,0
scifact,train,247,0.69597054,0.03908509,0.12897289,0.04534745,0.6475577,0.034400105,0.10172421,0.16367525,0.002298966,0.07426849,0.3333333333333333,1.0,1.0,1.0,15,12,0.5,0.6309297535714575,0.5,-0.13092975357145753,0
scifact,train,250,0.8256953,0.18547273,0.2708788,0.07662613,0.7141304,0.119283855,0.17896515,0.37188286,0.20308518,0.2337301,0.25,1.0,1.0,1.0,20,17,1.0,1.0,1.0,0.0,0
scifact,train,251,0.8607454,0.16434056,0.288136,0.08432398,0.75219923,0.11215401,0.20249653,0.36182037,0.17395513,0.2313514,0.3333333333333333,1.0,1.0,1.0,20,17,1.0,1.0,1.0,0.0,0
scifact,train,253,0.8346039,0.08042604,0.26344264,0.08206348,0.7296872,0.076691985,0.18054134,0.34972236,0.012446851,0.2269833,0.3333333333333333,1.0,1.0,1.0,33,27,0.5,0.5,0.5,0.0,0
scifact,train,254,0.84247166,0.08079523,0.26612747,0.083185084,0.73866177,0.07581794,0.18555725,0.3460329,0.016590804,0.22058362,0.3333333333333333,1.0,1.0,1.0,33,27,0.5,0.5,0.5,0.0,0
scifact,train,255,0.6712507,0.023412764,0.11078566,0.03813332,0.61789274,0.02359283,0.07607144,0.17846003,0.00060014427,0.057381667,0.1111111111111111,1.0,1.0,1.0,28,21,1.0,1.0,1.0,0.0,0
scifact,train,256,0.748194,0.058000445,0.21702796,0.06968362,0.67135316,0.04912734,0.14910054,0.25613612,0.02957718,0.13518198,0.1111111111111111,1.0,1.0,1.0,31,27,1.0,1.0,1.0,0.0,0
scifact,train,258,0.70774233,0.03425646,0.09215659,0.028168375,0.6520844,0.030582488,0.06928229,0.20381047,0.011088893,0.05171193,0.25,1.0,0.0,1.0,34,23,0.6309297535714575,0.5,0.5,0.0,0
scifact,train,259,0.7775999,0.016683519,0.14173388,0.050636545,0.7119409,0.0044627786,0.113283455,0.23373929,0.051355466,0.08848503,0.3333333333333333,1.0,1.0,0.0,25,16,0.0,0.0,0.0,0.0,0
scifact,train,262,0.7468004,0.0023659468,0.093299925,0.034639943,0.6802121,0.0050923824,0.09004176,0.28513288,0.025599122,0.06936003,0.1111111111111111,0.0,1.0,0.0,32,23,0.0,0.0,0.0,0.0,0
scifact,train,263,0.7203278,0.0151465535,0.06194049,0.016989637,0.6549692,0.0057276487,0.04707879,0.26239204,0.028716758,0.08342241,0.5384615384615384,1.0,1.0,1.0,30,23,0.5249161118977292,0.5642221110316635,0.8451850618939637,0.28096295086230016,1
scifact,train,264,0.73546,0.0022557974,0.070972264,0.027213708,0.6676763,0.0028908253,0.057133734,0.29435825,0.0039539337,0.11156562,0.3333333333333333,1.0,1.0,0.0,39,30,0.6309297535714575,0.43067655807339306,1.0,0.5693234419266069,1
scifact,train,265,0.90709645,0.25774533,0.3242792,0.092104636,0.7939809,0.17651713,0.2255559,0.37705183,0.20376489,0.26691374,0.25,1.0,1.0,1.0,18,14,1.0,1.0,1.0,0.0,0
scifact,train,266,0.6735551,0.023026288,0.06726843,0.019131476,0.61240613,0.006630242,0.03153348,0.22593056,0.060818925,0.08893582,0.05263157894736842,0.0,1.0,0.0,16,13,1.0,1.0,1.0,0.0,0
scifact,train,267,0.74283254,0.13610119,0.22305435,0.06450826,0.6661958,0.08935708,0.16052449,0.2554558,0.10655913,0.15138793,0.17647058823529413,1.0,1.0,1.0,20,16,0.8772153153380493,0.8315546295836225,0.8175295903539445,-0.014025039229678016,0
scifact,train,272,0.890042,0.042101443,0.28666598,0.09688592,0.75089675,0.017199636,0.18640977,0.46381754,0.083006054,0.2964657,0.3333333333333333,1.0,1.0,1.0,40,32,1.0,1.0,1.0,0.0,0
scifact,train,277,0.8862251,0.19848543,0.33332396,0.09849581,0.74230844,0.13600266,0.23609596,0.4797221,0.16595334,0.28849298,0.17647058823529413,1.0,1.0,1.0,39,28,1.0,1.0,1.0,0.0,0
scifact,train,278,0.8637549,0.21526873,0.3432358,0.10330069,0.73884743,0.14520544,0.24592978,0.41635823,0.14647949,0.2675501,0.17647058823529413,1.0,1.0,1.0,27,20,1.0,1.0,1.0,0.0,0
scifact,train,280,0.7386392,0.08912605,0.15548158,0.044854887,0.64669657,0.04919511,0.09270108,0.30647537,0.10493335,0.15734687,0.17647058823529413,1.0,1.0,1.0,28,22,1.0,1.0,1.0,0.0,0
scifact,train,281,0.7223464,0.014421761,0.058235526,0.018098436,0.63479894,0.0069880486,0.033710897,0.291825,0.013763905,0.048409894,0.25,1.0,1.0,1.0,42,26,1.0,0.6309297535714575,1.0,0.36907024642854247,1
scifact,train,283,0.82742625,0.12696314,0.22177702,0.061759423,0.7521686,0.0953781,0.178801,0.25085887,0.06201029,0.1001233,0.3333333333333333,1.0,1.0,1.0,18,14,1.0,1.0,1.0,0.0,0
scifact,train,285,0.6554764,0.052797556,0.1406849,0.04301544,0.6097331,0.053317487,0.10172135,0.15421067,0.00173302,0.077965826,0.17647058823529413,1.0,1.0,1.0,24,20,1.0,1.0,1.0,0.0,0
scifact,train,286,0.84688455,0.1525014,0.23012841,0.06829995,0.7395834,0.12247163,0.17134106,0.35767058,0.100099295,0.19075872,0.1111111111111111,1.0,1.0,1.0,38,28,1.0,1.0,1.0,0.0,0
scifact,train,287,0.8414147,0.1632883,0.2529704,0.07512498,0.739522,0.13108665,0.18805856,0.3396423,0.1073387,0.19763196,0.17647058823529413,1.0,1.0,1.0,38,28,1.0,1.0,1.0,0.0,0
scifact,train,290,0.67322177,0.050776064,0.11188674,0.033506908,0.60884017,0.0062201023,0.068968,0.2146053,0.05838771,0.09518843,0.1111111111111111,1.0,1.0,1.0,26,22,1.0,1.0,1.0,0.0,0
scifact,train,292,0.5783072,0.073958695,0.10405421,0.029063955,0.5302615,0.041965574,0.06781602,0.16015235,0.062142566,0.078136,0.05263157894736842,1.0,1.0,1.0,19,15,1.0,1.0,1.0,0.0,0
scifact,train,293,0.68300325,0.009569049,0.07252896,0.022139022,0.6308483,0.0057606697,0.06371188,0.28218645,0.053641066,0.091508135,0.3333333333333333,0.0,0.0,0.0,24,21,0.5,0.6309297535714575,0.6309297535714575,0.0,0
scifact,train,296,0.744919,0.024224222,0.14508927,0.054712392,0.6527297,0.007188618,0.08511305,0.30729777,0.056785524,0.17102116,0.3333333333333333,1.0,1.0,1.0,29,23,1.0,1.0,1.0,0.0,0
scifact,train,299,0.6922102,0.012506127,0.1406824,0.049201455,0.6200697,0.0030862093,0.09188682,0.25075573,0.05197437,0.12449339,0.1111111111111111,1.0,1.0,0.0,32,25,1.0,1.0,1.0,0.0,0
scifact,train,301,0.6295572,0.0049419403,0.052609503,0.017783197,0.59062815,0.017141879,0.042689502,0.1996098,0.0023059547,0.041164547,0.1111111111111111,0.0,0.0,1.0,29,22,0.5,0.6309297535714575,0.6309297535714575,0.0,0
scifact,train,304,0.6815202,0.083636224,0.12094647,0.033607643,0.6190118,0.049921572,0.075356126,0.20836127,0.04029253,0.056986287,0.05263157894736842,1.0,1.0,1.0,16,13,1.0,1.0,1.0,0.0,0
scifact,train,305,0.730754,0.09831363,0.14042509,0.040421966,0.65241075,0.050634027,0.09527272,0.2611443,0.09389943,0.124972284,0.05263157894736842,1.0,1.0,1.0,17,14,1.0,1.0,1.0,0.0,0
scifact,train,306,0.635031,0.021008313,0.06352335,0.018813778,0.5902074,0.013244152,0.044301093,0.20371266,0.028489143,0.07077347,0.1111111111111111,0.0,1.0,0.0,12,10,1.0,1.0,1.0,0.0,0
scifact,train,308,0.68230593,0.07816124,0.15084803,0.043082595,0.5932348,0.024316609,0.089681625,0.29690394,0.119029865,0.153267,0.17647058823529413,1.0,1.0,1.0,19,16,1.0,1.0,1.0,0.0,0
scifact,train,309,0.63064885,0.027529955,0.07051778,0.019812375,0.5745463,0.0025988817,0.032964468,0.19567154,0.0037147403,0.07603814,0.1111111111111111,0.0,1.0,0.0,12,10,1.0,1.0,1.0,0.0,0
scifact,train,310,0.6725258,0.022479832,0.1536879,0.052754704,0.59512967,0.010731101,0.09348309,0.2579872,0.039162457,0.1476176,0.17647058823529413,1.0,1.0,1.0,29,22,0.0,0.0,0.0,0.0,0
scifact,train,313,0.6780265,0.020855725,0.14604127,0.048990462,0.6021849,0.00911355,0.09096396,0.25280535,0.039140686,0.1405822,0.25,1.0,1.0,1.0,28,21,0.0,0.0,0.0,0.0,0
scifact,train,315,0.7687628,0.11204052,0.18942618,0.05647195,0.695665,0.07027906,0.14302796,0.24365936,0.05678542,0.11397083,0.17647058823529413,1.0,1.0,1.0,23,17,0.0,0.0,0.0,0.0,0
scifact,train,316,0.6446315,0.04843682,0.11783397,0.034637563,0.60630274,0.03551495,0.09278202,0.12776265,0.014305338,0.039549276,0.17647058823529413,1.0,1.0,1.0,30,20,0.3562071871080222,0.5,1.0,0.5,1
scifact,train,317,0.6687762,0.0047932863,0.06910235,0.022439217,0.6272077,0.0137425065,0.062604904,0.22100338,0.010314956,0.06723052,0.17647058823529413,0.0,0.0,1.0,27,24,0.6309297535714575,1.0,1.0,0.0,0
scifact,train,323,0.57292575,0.03171718,0.050417304,0.013901602,0.54161054,0.009988487,0.031328738,0.116785005,0.011039123,0.025729835,0.05263157894736842,1.0,0.0,1.0,16,13,0.0,0.0,0.0,0.0,0
scifact,train,325,0.61807775,0.05127251,0.08138484,0.022751795,0.57636315,0.041625917,0.062947035,0.15497991,0.015931219,0.04080171,0.17647058823529413,1.0,0.0,1.0,24,18,1.0,1.0,1.0,0.0,0
scifact,train,326,0.7079199,0.07398063,0.12831753,0.037220497,0.6565993,0.057382345,0.100183666,0.17106879,0.008118719,0.048035234,0.3333333333333333,1.0,1.0,1.0,22,17,1.0,1.0,1.0,0.0,0
scifact,train,330,0.55237806,0.08154115,0.12793124,0.037084494,0.5026003,0.046130687,0.09001875,0.1659258,0.080880806,0.092600286,0.1111111111111111,1.0,1.0,1.0,16,13,1.0,1.0,1.0,0.0,0
scifact,train,331,0.5585797,0.013565958,0.09143686,0.030476518,0.5127494,0.006129861,0.06606501,0.15276779,0.018666819,0.040560007,0.17647058823529413,1.0,1.0,1.0,24,16,1.0,1.0,1.0,0.0,0
scifact,train,332,0.9717498,0.26908994,0.33255005,0.09343577,0.8027438,0.18298501,0.22597492,0.5633532,0.26794428,0.32836747,0.3333333333333333,1.0,1.0,1.0,48,33,1.0,1.0,1.0,0.0,0
scifact,train,333,1.0021226,0.2799859,0.35615063,0.10065103,0.83254117,0.19201452,0.24661154,0.5652716,0.28943187,0.3217467,0.3333333333333333,1.0,1.0,1.0,48,33,1.0,1.0,1.0,0.0,0
scifact,train,334,0.6744215,0.029661238,0.076328635,0.022005236,0.6224927,0.019429147,0.055669665,0.19654025,0.021548197,0.071861036,0.25,1.0,1.0,1.0,19,16,0.6309297535714575,1.0,1.0,0.0,0
scifact,train,335,0.75833505,0.14367944,0.18671924,0.05335414,0.6788512,0.10958481,0.13423055,0.26494628,0.08859669,0.120736256,0.17647058823529413,1.0,1.0,1.0,26,21,1.0,1.0,1.0,0.0,0
scifact,train,336,0.7137615,0.080515385,0.20027381,0.06301382,0.6264606,0.052606046,0.1313614,0.29100302,0.014843464,0.17047031,0.3333333333333333,1.0,1.0,1.0,33,26,0.6309297535714575,0.6309297535714575,0.38685280723454163,-0.2440769463369159,0
scifact,train,337,0.7226513,0.07792896,0.20177585,0.064367,0.6352477,0.05324477,0.13059556,0.29134524,0.0023633242,0.16584899,0.3333333333333333,1.0,1.0,1.0,33,26,0.5,0.6309297535714575,0.38685280723454163,-0.2440769463369159,0
scifact,train,339,0.74752426,0.09040475,0.19527203,0.059164904,0.66624504,0.055992544,0.13432872,0.27093074,0.11470735,0.161217,0.3333333333333333,1.0,1.0,1.0,19,16,1.0,1.0,1.0,0.0,0
scifact,train,340,0.8839174,0.20788413,0.2714119,0.07768615,0.80173177,0.14089113,0.20407873,0.2739521,0.13088542,0.16413309,0.17647058823529413,1.0,1.0,1.0,34,25,1.0,1.0,1.0,0.0,0
scifact,train,341,0.8823822,0.20607603,0.26082194,0.07473415,0.8037113,0.14362776,0.19778866,0.26223636,0.1183745,0.15503266,0.1111111111111111,1.0,1.0,1.0,34,25,1.0,1.0,1.0,0.0,0
scifact,train,342,0.7326306,0.0013622642,0.07145381,0.024912525,0.6830243,0.010151684,0.06425196,0.21239042,0.000876531,0.055360913,0.25,1.0,1.0,0.0,30,24,1.0,0.8772153153380493,0.6240505200038379,-0.25316479533421143,0
scifact,train,345,0.5899214,0.0043283105,0.06149292,0.024812674,0.56046736,0.016073048,0.05666125,0.15073866,0.007396817,0.022690266,0.17647058823529413,0.0,0.0,1.0,32,25,0.5,1.0,1.0,0.0,0
scifact,train,346,0.69791657,0.022173285,0.059512973,0.01792622,0.63180846,0.019325435,0.03300631,0.22036043,0.009492874,0.05651623,0.17647058823529413,1.0,1.0,1.0,29,22,1.0,1.0,1.0,0.0,0
scifact,train,347,0.67146605,0.005316794,0.052943468,0.020134892,0.6140808,0.0026047826,0.029898226,0.20677894,0.014429256,0.05078265,0.17647058823529413,1.0,1.0,0.0,30,21,1.0,1.0,1.0,0.0,0
scifact,train,349,0.71958584,0.0881232,0.14954507,0.043109182,0.6620976,0.07457,0.10808098,0.19162759,0.038341254,0.08237,0.25,1.0,1.0,1.0,26,19,1.0,1.0,0.6309297535714575,-0.36907024642854247,0
scifact,train,351,0.6297871,0.0063296556,0.028959394,0.00912423,0.59421057,0.0034688711,0.027368307,0.1971436,0.05681464,0.06861994,0.1111111111111111,0.0,0.0,1.0,16,13,0.0,0.0,0.0,0.0,0
scifact,train,352,0.55011123,0.012694657,0.040831387,0.012236785,0.53384644,0.005378425,0.030670881,0.08807385,0.0015803277,0.020951733,0.0,0.0,0.0,1.0,14,11,0.0,0.0,0.0,0.0,0
scifact,train,355,0.7017057,0.007143855,0.11894667,0.041807692,0.6446232,0.011718392,0.09599376,0.20552345,0.014361471,0.07068299,0.42857142857142855,1.0,1.0,1.0,30,23,0.8772153153380493,0.6240505200038379,0.5706417189553201,-0.05340880104851775,0
scifact,train,356,0.7573917,0.0069018006,0.16690701,0.0717677,0.6724857,0.0062974095,0.116999626,0.37274852,0.09174326,0.23700057,0.3333333333333333,1.0,1.0,0.0,26,21,1.0,1.0,1.0,0.0,0
scifact,train,357,0.7605808,0.021237075,0.20196396,0.072675854,0.66370416,0.0014577508,0.15000391,0.32778132,0.0756495,0.16358137,0.42857142857142855,1.0,1.0,0.0,49,23,0.6309297535714575,0.6309297535714575,0.5,-0.13092975357145753,0
scifact,train,358,0.766877,0.026876628,0.20945424,0.07459947,0.6657034,0.0030462146,0.15264195,0.33724517,0.07943457,0.16981089,0.42857142857142855,1.0,1.0,1.0,49,24,0.6309297535714575,0.6309297535714575,0.5,-0.13092975357145753,0
scifact,train,361,0.72046155,0.05447024,0.100370586,0.02818708,0.6333208,0.008900762,0.051154256,0.29046917,0.074941576,0.108389765,0.3333333333333333,1.0,1.0,1.0,44,33,1.0,1.0,1.0,0.0,0
scifact,train,363,0.6584422,0.016402483,0.046981394,0.0139076235,0.5968652,0.0040948987,0.03152144,0.21890648,0.0032307506,0.030434579,0.17647058823529413,0.0,1.0,0.0,38,29,0.3562071871080222,0.3333333333333333,0.38685280723454163,0.053519473901208314,1
scifact,train,364,0.6434857,0.010475159,0.06350565,0.022412412,0.6134691,0.028787911,0.055737317,0.16109776,0.018219367,0.04870809,0.1111111111111111,0.0,1.0,1.0,22,18,0.0,0.0,0.0,0.0,0
scifact,train,365,0.6767622,0.07361746,0.101753056,0.029605636,0.5945502,0.030148447,0.0541234,0.27403998,0.08854288,0.12515335,0.1111111111111111,1.0,1.0,1.0,38,27,1.0,1.0,1.0,0.0,0
scifact,train,366,0.8367253,0.2233699,0.2852326,0.080237865,0.73393565,0.16565913,0.19580835,0.34263209,0.16081466,0.23294073,0.42857142857142855,1.0,1.0,1.0,28,21,1.0,1.0,1.0,0.0,0
scifact,train,367,0.855671,0.114441395,0.28725928,0.09103677,0.73561496,0.047158897,0.1902678,0.4001867,0.15990344,0.25929967,0.42857142857142855,1.0,1.0,1.0,26,22,1.0,1.0,1.0,0.0,0
scifact,train,368,0.84848833,0.112140775,0.27050036,0.07984523,0.7379171,0.049735367,0.19232011,0.36857072,0.11559382,0.23379764,0.5384615384615384,1.0,1.0,1.0,26,20,1.0,1.0,1.0,0.0,0
scifact,train,369,0.9134844,0.060108602,0.18077886,0.05790004,0.7107431,0.002932489,0.09115416,0.67580426,0.19058704,0.28430998,0.42857142857142855,1.0,1.0,1.0,48,33,1.0,1.0,1.0,0.0,0
scifact,train,370,0.7971522,0.10852289,0.15934908,0.046138566,0.7013445,0.07557261,0.10525715,0.31935915,0.10468301,0.12999325,0.1111111111111111,1.0,1.0,1.0,19,17,1.0,1.0,1.0,0.0,0
scifact,train,371,0.7974088,0.08113617,0.1727258,0.05068579,0.70851105,0.064498484,0.12364966,0.29632592,0.055459008,0.12946004,0.3333333333333333,1.0,1.0,1.0,19,15,1.0,1.0,1.0,0.0,0
scifact,train,372,0.8000473,0.19546628,0.25448465,0.07296137,0.6435396,0.07773095,0.13712186,0.5216923,0.3001336,0.3599766,0.1111111111111111,1.0,1.0,1.0,34,29,1.0,1.0,1.0,0.0,0
scifact,train,375,0.79829884,0.1344893,0.17734224,0.050286748,0.71914333,0.09432137,0.13204741,0.26385176,0.09361783,0.1347045,0.25,1.0,1.0,1.0,20,15,1.0,1.0,1.0,0.0,0
scifact,train,376,0.69062567,0.013282716,0.08007836,0.02539573,0.65840715,0.028259397,0.09297109,0.18721946,0.006256208,0.05860229,0.25,0.0,0.0,1.0,18,15,1.0,1.0,1.0,0.0,0
scifact,train,377,0.59340245,0.0096568465,0.044200182,0.014687259,0.5518827,0.0005248189,0.02240777,0.1568655,0.00083619356,0.049971253,0.1111111111111111,1.0,0.0,1.0,24,17,1.0,1.0,1.0,0.0,0
scifact,train,378,0.7257401,0.021744788,0.084076464,0.024392858,0.6710149,0.0070531964,0.055075884,0.1824173,0.004071772,0.05063148,0.42857142857142855,1.0,1.0,1.0,16,14,0.48522855511632257,0.5531464700081437,0.39032682911292027,-0.16281964089522338,0
scifact,train,379,0.6536605,0.053729117,0.06973165,0.0191217,0.58239627,0.012616634,0.027311325,0.2375473,0.08951579,0.122755155,0.05263157894736842,1.0,1.0,1.0,23,18,1.0,1.0,1.0,0.0,0
scifact,train,381,0.74537766,0.011703074,0.060514927,0.017760443,0.69422716,0.0030983686,0.057070673,0.2027856,0.030125618,0.048379213,0.17647058823529413,1.0,0.0,1.0,13,10,0.0,0.0,0.6309297535714575,0.6309297535714575,1
scifact,train,382,0.7040017,0.036554813,0.06837821,0.018417923,0.670833,0.02728343,0.05592531,0.17043948,0.0038179755,0.041779965,0.1111111111111111,0.0,1.0,1.0,28,23,1.0,1.0,0.5,-0.5,0
scifact,train,383,0.6324161,0.0094996095,0.06474131,0.021821931,0.6064907,0.03256482,0.06698251,0.19496763,0.031821907,0.07434613,0.3333333333333333,0.0,1.0,0.0,24,19,0.0,0.0,0.0,0.0,0
scifact,train,389,0.6085504,0.0048107505,0.034325182,0.01039964,0.575981,0.002204001,0.03395182,0.15431371,0.011866212,0.03477244,0.1111111111111111,0.0,1.0,0.0,17,11,0.0,0.0,0.38685280723454163,0.38685280723454163,1
scifact,train,390,0.6103679,0.020863593,0.050598204,0.014320029,0.5668003,0.0025587082,0.02276671,0.14522535,0.013894647,0.0361602,0.05263157894736842,1.0,1.0,1.0,16,11,0.3010299956639812,0.6309297535714575,0.38685280723454163,-0.2440769463369159,0
scifact,train,391,0.6248477,0.00634706,0.069940984,0.023263436,0.58885056,0.0067380667,0.05187756,0.14245075,0.016970545,0.03752953,0.1111111111111111,0.0,1.0,0.0,16,10,0.43067655807339306,0.6309297535714575,0.43067655807339306,-0.20025319549806447,0
scifact,train,392,0.59958446,0.011333704,0.05114591,0.016067576,0.5660694,0.0104135275,0.034399927,0.14642844,0.009845272,0.042328313,0.05263157894736842,0.0,1.0,0.0,16,12,0.5,0.6309297535714575,0.43067655807339306,-0.20025319549806447,0
scifact,train,393,0.6423738,0.022880554,0.09035623,0.028442837,0.6129233,0.037036955,0.08735132,0.1453562,0.0017209351,0.021591313,0.17647058823529413,0.0,1.0,1.0,16,11,0.5,0.6309297535714575,0.5,-0.13092975357145753,0
scifact,train,394,0.7913676,0.039177895,0.13064188,0.0403653,0.7220359,0.03422445,0.10341257,0.2311056,0.016511321,0.064579904,0.3333333333333333,1.0,1.0,1.0,22,17,0.6309297535714575,0.6309297535714575,1.0,0.36907024642854247,1
scifact,train,396,0.65168154,0.017523706,0.07614255,0.023681285,0.61149216,0.023559034,0.06364566,0.16755804,0.0335934,0.05310101,0.25,1.0,1.0,1.0,16,12,1.0,1.0,1.0,0.0,0
scifact,train,397,0.65715873,0.038331747,0.07340604,0.018880066,0.6150649,0.03156954,0.055007577,0.14728703,0.004064366,0.028004304,0.25,1.0,1.0,1.0,16,12,1.0,1.0,1.0,0.0,0
scifact,train,398,0.7619162,0.058163464,0.1191656,0.03574906,0.7121242,0.06301099,0.11491823,0.19908503,0.0014154464,0.032284856,0.25,0.0,0.0,1.0,23,16,0.0,0.0,0.0,0.0,0
scifact,train,400,0.8274322,0.19117606,0.33037812,0.09756141,0.721373,0.1362549,0.23254949,0.35353056,0.16548602,0.2721994,0.3333333333333333,1.0,1.0,1.0,20,16,1.0,1.0,1.0,0.0,0
scifact,train,401,0.7017281,0.13248771,0.15309662,0.044497903,0.6168127,0.08925319,0.103037715,0.28305143,0.11332941,0.13546513,0.1111111111111111,1.0,1.0,1.0,31,23,1.0,1.0,1.0,0.0,0
scifact,train,403,0.6449922,0.02895552,0.06716484,0.020815795,0.6124722,0.024089634,0.050311804,0.14742903,0.002898559,0.041351497,0.1111111111111111,1.0,0.0,1.0,23,19,1.0,0.3010299956639812,0.0,-0.3010299956639812,0
scifact,train,404,0.6473873,0.011277974,0.061335385,0.019508824,0.60578865,0.0001719594,0.038025558,0.15700936,0.0008329302,0.04228794,0.17647058823529413,0.0,0.0,0.0,25,22,0.5,0.2890648263178879,0.38685280723454163,0.09778798091665375,1
scifact,train,406,0.64274216,0.0077795386,0.039960027,0.0143649345,0.6052855,0.008939505,0.034841537,0.18013984,0.011220068,0.03493607,0.17647058823529413,0.0,1.0,0.0,18,15,0.0,0.0,0.0,0.0,0
scifact,train,407,0.7286171,0.004755974,0.1285919,0.046755396,0.64303184,0.013239026,0.09447408,0.36175045,0.056423426,0.1712848,0.3333333333333333,1.0,1.0,0.0,49,32,1.0,0.6309297535714575,0.6309297535714575,0.0,0
scifact,train,413,0.84534156,0.031655133,0.17578983,0.057909034,0.6837601,0.008667767,0.09063786,0.5386049,0.034868777,0.2909822,0.8181818181818182,1.0,1.0,1.0,30,26,0.2890648263178879,0.2890648263178879,0.0,-0.2890648263178879,0
scifact,train,414,0.91520464,0.024022281,0.23405081,0.06872202,0.7405323,0.006971121,0.12211895,0.58224124,0.05573988,0.30504602,0.8181818181818182,1.0,1.0,1.0,31,26,0.0,0.0,0.0,0.0,0
scifact,train,416,0.8131232,0.05182016,0.12563163,0.035892807,0.67000765,0.009218395,0.08964604,0.47705194,0.018774658,0.15958455,0.6666666666666666,1.0,1.0,1.0,37,30,0.2890648263178879,0.2890648263178879,0.6309297535714575,0.34186492725356965,1
scifact,train,417,0.7896635,0.04141903,0.13339174,0.036302328,0.64912874,0.019608796,0.07039857,0.46844923,0.021888644,0.21113229,0.8181818181818182,1.0,1.0,1.0,39,31,0.0,0.0,0.5,0.5,1
scifact,train,418,0.6615396,0.020352006,0.043110847,0.012573764,0.59490865,0.0037600398,0.0135113,0.23806337,0.035487816,0.071862295,0.1111111111111111,0.0,1.0,0.0,24,20,0.0,0.0,0.0,0.0,0
scifact,train,420,0.9233633,0.1787647,0.30881578,0.088911824,0.815287,0.13375318,0.22729951,0.3602544,0.15003833,0.2340909,0.3333333333333333,1.0,1.0,1.0,32,27,1.0,1.0,1.0,0.0,0
scifact,train,422,0.65372753,0.0142477155,0.08534908,0.02883851,0.6266353,0.020054698,0.07645798,0.1101602,0.00049614906,0.023403585,0.17647058823529413,1.0,1.0,1.0,26,20,0.31546487678572877,0.31546487678572877,0.0,-0.31546487678572877,0
scifact,train,423,0.77453846,0.03082323,0.101935565,0.031661168,0.6914977,0.014111638,0.06403476,0.27680254,0.036452487,0.10707158,0.42857142857142855,1.0,1.0,1.0,24,19,0.0,0.0,0.0,0.0,0
scifact,train,425,0.78884804,0.04691583,0.20360541,0.06867344,0.70868635,0.039340615,0.16743231,0.2672057,0.025250763,0.13883637,0.42857142857142855,1.0,1.0,1.0,26,23,1.0,1.0,1.0,0.0,0
scifact,train,426,0.75556576,0.053290486,0.14356416,0.04149302,0.68740505,0.0328182,0.10316044,0.22720239,0.06810789,0.084323555,0.42857142857142855,1.0,1.0,1.0,20,17,1.0,1.0,1.0,0.0,0
scifact,train,428,0.77099854,0.08010727,0.13601875,0.03880207,0.7087516,0.066797376,0.11807823,0.2074897,0.03088358,0.050134093,0.25,1.0,1.0,1.0,21,18,1.0,1.0,1.0,0.0,0
scifact,train,429,0.6179196,0.06635058,0.10233492,0.029138489,0.5784008,0.054917812,0.08761951,0.13172951,0.0010777265,0.030461818,0.17647058823529413,1.0,1.0,1.0,40,28,1.0,1.0,1.0,0.0,0
scifact,train,430,0.6667553,0.0020540953,0.052738667,0.019709824,0.607354,0.005828738,0.042315006,0.24495079,0.0062324554,0.04054703,0.25,0.0,1.0,0.0,24,21,0.0,0.0,0.0,0.0,0
scifact,train,432,0.8137012,0.10966849,0.18769354,0.05299875,0.7021195,0.0852347,0.12288785,0.371939,0.06924391,0.18113089,0.42857142857142855,1.0,1.0,1.0,24,18,1.0,1.0,1.0,0.0,0
scifact,train,434,0.7687488,0.021529675,0.09322184,0.031424005,0.6858081,0.008525789,0.07216883,0.276469,0.017807245,0.06449191,0.5384615384615384,1.0,1.0,1.0,24,18,0.31546487678572877,0.38685280723454163,0.3010299956639812,-0.08582281157056043,0
scifact,train,435,0.7585232,0.04107493,0.09530401,0.025651388,0.68288153,0.03026563,0.07601982,0.2521389,0.013052821,0.052807257,0.42857142857142855,1.0,1.0,1.0,24,15,0.0,0.0,0.0,0.0,0
scifact,train,441,0.7115146,0.022672176,0.09385252,0.03025309,0.655862,0.02525866,0.067626,0.19413024,0.008621484,0.06524454,0.17647058823529413,1.0,1.0,1.0,24,16,1.0,1.0,0.6309297535714575,-0.36907024642854247,0
scifact,train,444,0.8174797,0.13978595,0.21096426,0.059619278,0.7082523,0.10242641,0.1403209,0.36409134,0.115001634,0.17999841,0.3333333333333333,1.0,1.0,1.0,23,16,1.0,1.0,1.0,0.0,0
scifact,train,445,0.7520169,0.09076977,0.12583941,0.035710298,0.6478611,0.054005384,0.07534808,0.3471859,0.08103168,0.13373093,0.25,1.0,1.0,1.0,25,18,1.0,1.0,1.0,0.0,0
scifact,train,447,0.8758219,0.10093039,0.22194064,0.061789453,0.750348,0.09056747,0.17025244,0.42204368,0.003797263,0.1404911,0.6666666666666666,1.0,1.0,1.0,22,19,1.0,1.0,1.0,0.0,0
scifact,train,448,0.90656894,0.06975323,0.24017143,0.07208155,0.78584325,0.06762457,0.19731301,0.40241894,0.0070955753,0.13241503,0.6666666666666666,1.0,1.0,1.0,22,19,1.0,1.0,1.0,0.0,0
scifact,train,449,0.7882437,0.063911796,0.15862614,0.044864144,0.6815718,0.022507668,0.1100781,0.35557306,0.05640745,0.21208459,0.6666666666666666,1.0,1.0,1.0,20,17,0.0,0.0,0.17723928678404774,0.17723928678404774,1
scifact,train,453,0.7445817,0.039707184,0.16537881,0.052727196,0.6607512,0.01246798,0.098121345,0.27943483,0.07119176,0.16898403,0.5384615384615384,1.0,1.0,1.0,29,22,1.0,1.0,1.0,0.0,0
scifact,train,454,0.7286292,0.0863691,0.17166907,0.050524205,0.66627204,0.06075889,0.13468945,0.20785703,0.04241474,0.10619082,0.17647058823529413,1.0,1.0,1.0,30,23,1.0,1.0,1.0,0.0,0
scifact,train,455,0.70329314,0.004870832,0.05954045,0.021046424,0.6530555,0.009478867,0.047617972,0.1922207,0.022348851,0.040360972,0.25,1.0,1.0,1.0,24,21,0.6309297535714575,0.5,1.0,0.5,1
scifact,train,456,0.6392967,0.0098667145,0.033605456,0.008802887,0.60881907,0.0064643025,0.033455312,0.17963992,0.026936665,0.0497929,0.05263157894736842,0.0,0.0,0.0,22,19,0.0,0.0,1.0,1.0,1
scifact,train,458,0.88218254,0.15035433,0.21876597,0.06114353,0.7630439,0.08520937,0.1503259,0.39712876,0.035354376,0.21457452,0.1111111111111111,1.0,1.0,1.0,33,25,1.0,1.0,1.0,0.0,0
scifact,train,461,0.67301726,0.07348889,0.10588747,0.029580891,0.6262952,0.05624175,0.08037621,0.15574026,0.022635281,0.051436007,0.17647058823529413,1.0,1.0,1.0,19,15,1.0,1.0,1.0,0.0,0
scifact,train,463,0.67808044,0.0076555014,0.037245035,0.011574661,0.6413145,0.0015385151,0.041776597,0.1616421,0.005742207,0.02970156,0.1111111111111111,0.0,0.0,0.0,20,17,0.6309297535714575,0.5,1.0,0.5,1
scifact,train,466,0.83037966,0.0045010448,0.26039273,0.103186935,0.7211981,0.0062027574,0.1771115,0.38461447,0.018972933,0.23072621,0.3333333333333333,1.0,1.0,0.0,52,37,1.0,1.0,0.6309297535714575,-0.36907024642854247,0
scifact,train,469,0.6424656,0.015465081,0.08651465,0.028761026,0.60722864,0.008232057,0.06866777,0.14200601,0.019248016,0.045281857,0.17647058823529413,1.0,0.0,1.0,14,11,0.3333333333333333,0.3333333333333333,0.6309297535714575,0.2975964202381242,1
scifact,train,470,0.825764,0.07955074,0.16165727,0.045853805,0.7134218,0.070059,0.11503214,0.39473253,0.020258665,0.112722516,0.5384615384615384,1.0,1.0,1.0,36,30,0.5,0.5,1.0,0.5,1
scifact,train,472,0.7252753,0.05412841,0.12568748,0.037280314,0.6578197,0.04253733,0.10082471,0.224852,0.027596593,0.074680045,0.5384615384615384,1.0,1.0,1.0,31,25,0.9674679834891693,0.9217868789962071,0.49818925746641285,-0.4235976215297943,0
scifact,train,473,0.5908364,0.013376057,0.034128964,0.010659983,0.57655454,0.008685946,0.036691308,0.11180786,0.014101319,0.022896148,0.05263157894736842,0.0,0.0,1.0,17,13,0.0,0.0,0.0,0.0,0
scifact,train,474,0.60169923,0.041292906,0.07145184,0.019159654,0.57891417,0.04095608,0.06320143,0.14065787,0.0017220378,0.0544416,0.05263157894736842,0.0,0.0,1.0,21,16,0.0,0.0,0.0,0.0,0
scifact,train,479,0.7696217,0.1780951,0.22586119,0.065325774,0.67490906,0.11636728,0.14579171,0.31570864,0.18085513,0.20465723,0.1111111111111111,1.0,1.0,1.0,21,16,1.0,1.0,1.0,0.0,0
scifact,train,480,0.7960116,0.19061416,0.25232565,0.071324095,0.69904906,0.11847216,0.16660804,0.32320848,0.17440222,0.20854351,0.17647058823529413,1.0,1.0,1.0,22,19,1.0,1.0,1.0,0.0,0
scifact,train,481,0.61810005,0.06283009,0.095473945,0.026716651,0.57480425,0.05099529,0.07277393,0.14431924,0.0032625496,0.043696687,0.25,1.0,1.0,1.0,30,23,1.0,1.0,0.6309297535714575,-0.36907024642854247,0
scifact,train,482,0.877964,0.20734489,0.29631656,0.08796471,0.73320687,0.109945,0.18769163,0.48252392,0.20833129,0.323259,0.1111111111111111,1.0,1.0,1.0,36,27,1.0,1.0,1.0,0.0,0
scifact,train,483,0.7916541,0.0833416,0.180659,0.053491436,0.7177943,0.082927406,0.14832264,0.24619927,0.001380533,0.09925495,0.25,1.0,1.0,1.0,33,22,1.0,1.0,0.6309297535714575,-0.36907024642854247,0
scifact,train,484,0.64797866,0.006842077,0.064630985,0.021095535,0.59684837,0.006822884,0.06359595,0.21920264,0.001633808,0.022223786,0.17647058823529413,0.0,0.0,1.0,27,21,0.0,0.0,0.3562071871080222,0.3562071871080222,1
scifact,train,485,0.65555215,0.05988294,0.11660147,0.035099853,0.58140796,0.03939742,0.08059722,0.24714737,0.02700968,0.08322623,0.1111111111111111,1.0,1.0,1.0,27,18,1.0,1.0,1.0,0.0,0
scifact,train,486,0.6238223,5.888939e-05,0.045677006,0.016472261,0.5766413,0.0050323606,0.04755032,0.22844961,0.022692785,0.044005007,0.05263157894736842,0.0,0.0,1.0,27,21,0.2890648263178879,0.6309297535714575,0.6309297535714575,0.0,0
scifact,train,487,0.6711575,0.029527783,0.11583412,0.03902516,0.5959143,0.030565321,0.08519906,0.254269,0.0034584105,0.08096564,0.1111111111111111,1.0,1.0,1.0,27,18,1.0,1.0,1.0,0.0,0
scifact,train,488,0.8620738,0.24372411,0.2803843,0.080565825,0.7611476,0.18289089,0.20825505,0.33642042,0.14762442,0.1865516,0.17647058823529413,1.0,1.0,1.0,23,19,1.0,1.0,1.0,0.0,0
scifact,train,489,0.7274041,0.030980587,0.09346777,0.030558359,0.6616152,0.022742212,0.07649106,0.27822164,0.033567354,0.09138006,0.17647058823529413,1.0,0.0,1.0,33,27,0.0,0.0,0.43067655807339306,0.43067655807339306,1
scifact,train,490,0.8204619,0.18972725,0.22984141,0.06424849,0.7273399,0.13039142,0.15808469,0.31040674,0.1599816,0.18365517,0.1111111111111111,1.0,1.0,1.0,20,16,1.0,1.0,1.0,0.0,0
scifact,train,492,0.6158393,0.036878705,0.08019328,0.023821764,0.5880339,0.028420568,0.06915176,0.14078116,0.005216971,0.031513177,0.05263157894736842,0.0,0.0,1.0,24,17,1.0,1.0,1.0,0.0,0
scifact,train,493,0.6401274,0.045485377,0.09037578,0.025101764,0.6062079,0.052873313,0.0930022,0.20587054,0.026286244,0.047205955,0.1111111111111111,0.0,0.0,1.0,27,21,0.43067655807339306,0.6309297535714575,0.3562071871080222,-0.27472256646343535,0
scifact,train,494,0.57512844,0.007787347,0.0373227,0.011769274,0.56981015,0.01076591,0.046873987,0.11885204,5.9127808e-05,0.026060507,0.1111111111111111,0.0,0.0,1.0,29,24,0.0,0.0,0.0,0.0,0
scifact,train,495,0.742498,0.081982315,0.11304742,0.03130426,0.6909781,0.06535739,0.09305924,0.20107391,0.029340982,0.05447893,0.1111111111111111,1.0,0.0,1.0,13,9,1.0,1.0,1.0,0.0,0
scifact,train,498,0.6865882,0.027547061,0.08306402,0.023560027,0.64007103,0.010606825,0.06554353,0.15505725,0.010409504,0.021248177,0.05263157894736842,1.0,1.0,1.0,13,10,1.0,1.0,1.0,0.0,0
scifact,train,499,0.7774208,0.1203475,0.18535656,0.053376887,0.692509,0.092255056,0.12937796,0.28303933,0.093641415,0.13282998,0.1111111111111111,1.0,1.0,1.0,29,25,1.0,1.0,1.0,0.0,0
scifact,train,500,0.7047008,0.003425002,0.09801167,0.036609896,0.6979226,0.04714805,0.106796324,0.21656533,0.0740052,0.11523782,0.25,0.0,1.0,0.0,15,12,1.0,1.0,1.0,0.0,0
scifact,train,504,0.7034098,0.05763966,0.13917321,0.041425433,0.64438045,0.059566557,0.08865589,0.20318745,0.0064229965,0.0871726,0.25,1.0,1.0,1.0,30,27,1.0,1.0,1.0,0.0,0
scifact,train,505,0.85078067,0.18731755,0.24961662,0.06944547,0.70918256,0.11380136,0.15003318,0.4719937,0.1653623,0.2809102,0.3333333333333333,1.0,1.0,1.0,44,30,1.0,1.0,1.0,0.0,0
scifact,train,506,0.6610537,0.058582008,0.079952,0.022137532,0.604072,0.031085134,0.04594487,0.1899392,0.04542479,0.06908946,0.1111111111111111,1.0,1.0,1.0,25,20,1.0,0.6309297535714575,1.0,0.36907024642854247,1
scifact,train,509,0.6062897,0.016509235,0.04721248,0.01447407,0.59399635,0.031758964,0.06175095,0.13080268,0.0010714531,0.020422474,0.05263157894736842,0.0,0.0,1.0,21,17,0.0,0.0,0.2890648263178879,0.2890648263178879,1
scifact,train,515,0.8313359,0.06372851,0.1373316,0.040128704,0.7246333,0.029697001,0.09751177,0.35567537,0.0660536,0.1442379,0.42857142857142855,1.0,1.0,1.0,30,26,1.0,1.0,1.0,0.0,0
scifact,train,523,0.7591417,0.04923141,0.13768458,0.04135812,0.6760636,0.042951167,0.07975304,0.27965385,0.002726853,0.14559811,0.17647058823529413,1.0,1.0,1.0,37,26,0.6309297535714575,0.6309297535714575,0.6309297535714575,0.0,0
scifact,train,524,0.7655812,0.043876946,0.13755989,0.0422701,0.67676944,0.044110656,0.07481402,0.29681826,0.0007790029,0.1542332,0.17647058823529413,1.0,1.0,1.0,37,26,0.6309297535714575,0.6309297535714575,0.6309297535714575,0.0,0
scifact,train,526,0.69903004,0.017677546,0.09397793,0.029398805,0.6513408,0.024985969,0.08511096,0.26990253,0.0031755567,0.056865126,0.25,0.0,1.0,0.0,45,34,1.0,1.0,1.0,0.0,0
scifact,train,529,0.79521155,0.04503578,0.111185014,0.034246087,0.7143772,0.03483212,0.09045303,0.26944786,0.0038037896,0.059501573,0.3333333333333333,1.0,1.0,1.0,28,18,0.38364913903790027,0.38364913903790027,0.6447841584694202,0.2611350194315199,1
scifact,train,530,0.7856195,0.047558367,0.11113083,0.03309854,0.70995283,0.037896454,0.0846805,0.2522223,0.0065659285,0.049391314,0.3333333333333333,1.0,1.0,1.0,36,22,0.34620964322385606,0.3191471544989227,0.3191471544989227,0.0,0
scifact,train,531,0.82208455,0.010643542,0.09501499,0.03305007,0.7310989,0.020193636,0.07289791,0.33511916,0.007872194,0.049728423,0.3333333333333333,1.0,1.0,1.0,37,26,0.36926780146674987,0.38364913903790027,0.8710785440003369,0.48742940496243664,1
scifact,train,537,0.7328204,0.13117617,0.17810565,0.048773766,0.6542887,0.07070249,0.12150931,0.26177216,0.12950252,0.14857689,0.17647058823529413,1.0,1.0,1.0,19,17,1.0,1.0,1.0,0.0,0
scifact,train,541,0.640191,0.012114704,0.04958725,0.014565605,0.6118972,0.0238837,0.05096984,0.15462998,0.002686143,0.04786911,0.42857142857142855,0.0,0.0,1.0,19,15,0.4525081529734507,0.3295827480202853,0.3501483019834802,0.02056555396319487,1
scifact,train,542,0.6899127,0.08522695,0.13342863,0.038579445,0.6125824,0.036807477,0.073921144,0.25776768,0.13841465,0.17032549,0.1111111111111111,1.0,1.0,1.0,30,20,1.0,1.0,1.0,0.0,0
scifact,train,545,0.6576442,0.012022495,0.056852996,0.018475326,0.6338834,0.017190814,0.067628205,0.21113457,0.0044899285,0.0434743,0.1111111111111111,0.0,0.0,1.0,28,20,0.0,0.0,0.0,0.0,0
scifact,train,547,0.8105621,0.038488925,0.15744787,0.052687082,0.72390014,0.035742342,0.12220079,0.28887305,0.009155124,0.104874894,0.3333333333333333,1.0,1.0,1.0,19,16,1.0,1.0,1.0,0.0,0
scifact,train,548,0.73140883,0.046753168,0.12388104,0.040533487,0.6723469,0.03258258,0.09970051,0.19687304,0.0029000044,0.04422064,0.25,1.0,1.0,1.0,22,19,0.43067655807339306,0.5,1.0,0.5,1
scifact,train,550,0.7700842,0.040704906,0.12791419,0.03918051,0.6627421,0.01786846,0.07211846,0.35780698,0.07612151,0.13201281,0.5384615384615384,1.0,1.0,1.0,48,30,0.5,0.5,0.6309297535714575,0.13092975357145753,1
scifact,train,553,0.9177429,0.19258374,0.32600236,0.091810845,0.7735641,0.1368916,0.21010274,0.48059598,0.1856403,0.31342918,0.42857142857142855,1.0,1.0,1.0,38,30,1.0,1.0,1.0,0.0,0
scifact,train,555,0.7113267,0.041844606,0.09015447,0.02514021,0.649523,0.026581049,0.06645471,0.20601238,0.011750415,0.039827645,0.17647058823529413,1.0,1.0,1.0,21,17,0.43067655807339306,0.43067655807339306,0.43067655807339306,0.0,0
scifact,train,557,0.67872953,0.02284348,0.045438766,0.013560579,0.63878816,0.033060074,0.046611786,0.21413668,0.02495192,0.051302657,0.17647058823529413,0.0,0.0,1.0,24,20,1.0,1.0,1.0,0.0,0
scifact,train,559,0.69791895,0.028458655,0.04812473,0.01347238,0.65853286,0.01592499,0.059141397,0.21757111,0.0018125623,0.040312827,0.0,0.0,0.0,1.0,19,14,0.0,0.0,0.0,0.0,0
scifact,train,562,0.71665597,0.13616514,0.19093305,0.055017147,0.65883315,0.1098609,0.1426323,0.19274278,0.07256635,0.11539057,0.1111111111111111,1.0,1.0,1.0,20,17,1.0,1.0,1.0,0.0,0
scifact,train,563,0.75800705,0.10562861,0.14778143,0.04003209,0.6570149,0.042244434,0.08538127,0.33664054,0.1548391,0.17424423,0.17647058823529413,1.0,1.0,1.0,18,16,1.0,1.0,1.0,0.0,0
scifact,train,564,0.78853863,0.1458084,0.17777652,0.050406493,0.6876607,0.08247161,0.11372346,0.33625978,0.16548063,0.18633541,0.1111111111111111,1.0,1.0,1.0,20,17,1.0,1.0,1.0,0.0,0
scifact,train,565,0.8121122,0.22207683,0.26033247,0.07436191,0.71477246,0.17298275,0.19072086,0.32446575,0.16364679,0.19280064,0.42857142857142855,1.0,1.0,1.0,32,23,1.0,1.0,1.0,0.0,0
scifact,train,566,0.7863987,0.20303506,0.24363834,0.070196494,0.6913421,0.15451682,0.17786497,0.31685525,0.15657681,0.18882123,0.25,1.0,1.0,1.0,33,24,1.0,1.0,1.0,0.0,0
scifact,train,568,0.7203809,0.0024728775,0.093869686,0.03844478,0.65092903,0.0015105009,0.05919671,0.260412,0.023870751,0.09782064,0.17647058823529413,1.0,1.0,0.0,46,23,0.5,1.0,1.0,0.0,0
scifact,train,570,0.9387411,0.20920742,0.26767904,0.07557397,0.8072523,0.11985034,0.18411422,0.4382959,0.15419534,0.22474082,0.1111111111111111,1.0,1.0,1.0,37,26,1.0,1.0,1.0,0.0,0
scifact,train,571,0.91535175,0.20259053,0.2653401,0.075546004,0.7906038,0.121608555,0.18530399,0.4158265,0.14721936,0.21041895,0.1111111111111111,1.0,1.0,1.0,37,28,1.0,1.0,1.0,0.0,0
scifact,train,572,0.6413576,0.0012937784,0.035357952,0.012507291,0.6039715,0.005406022,0.020599604,0.1704075,0.022028029,0.04013838,0.05263157894736842,0.0,0.0,0.0,38,29,0.31546487678572877,0.5,0.0,-0.5,0
scifact,train,573,0.67649215,0.06495488,0.12391001,0.036546744,0.60591084,0.050819993,0.10127562,0.2352711,0.02139096,0.062370837,0.25,1.0,1.0,1.0,29,23,1.0,1.0,1.0,0.0,0
scifact,train,574,0.65283555,0.060753644,0.116689384,0.03192521,0.5843879,0.055628538,0.08833894,0.22852546,0.00036664307,0.05376488,0.3333333333333333,1.0,0.0,1.0,33,27,1.0,1.0,0.6309297535714575,-0.36907024642854247,0
scifact,train,576,0.7902188,0.014502227,0.15922213,0.055497203,0.7085114,0.005348146,0.11961305,0.29018497,0.06616798,0.12180163,0.42857142857142855,1.0,1.0,0.0,32,28,1.0,0.6309297535714575,1.0,0.36907024642854247,1
scifact,train,579,0.725688,0.051175952,0.12959254,0.038847413,0.64485997,0.01493001,0.0855999,0.26942673,0.019975305,0.11834568,0.05263157894736842,1.0,1.0,1.0,26,21,1.0,1.0,1.0,0.0,0
scifact,train,580,0.8015446,0.12907875,0.18781835,0.052013837,0.7176987,0.112718344,0.1501174,0.27948642,0.040171057,0.10108502,0.3333333333333333,1.0,1.0,1.0,25,18,1.0,1.0,1.0,0.0,0
scifact,train,582,0.7157278,0.062241018,0.17894238,0.057186168,0.63922274,0.043952227,0.13319606,0.2550168,0.019296274,0.14052354,0.25,1.0,1.0,1.0,45,30,1.0,0.6309297535714575,1.0,0.36907024642854247,1
scifact,train,584,0.79796296,0.031454146,0.24789202,0.09308173,0.7132357,0.021184385,0.18933326,0.2965932,0.0141688585,0.14516893,0.25,1.0,1.0,1.0,40,28,1.0,1.0,1.0,0.0,0
scifact,train,585,0.7264926,0.15334374,0.20369363,0.057145838,0.69343907,0.1360637,0.1885745,0.110178456,0.012444325,0.035432316,0.05263157894736842,1.0,1.0,1.0,18,15,1.0,1.0,1.0,0.0,0
scifact,train,588,0.7049931,0.03987795,0.106233895,0.030097315,0.62897974,0.025530338,0.07176852,0.26017115,0.006793171,0.05604191,0.17647058823529413,1.0,1.0,1.0,48,30,1.0,1.0,0.6309297535714575,-0.36907024642854247,0
scifact,train,590,0.9712523,0.27312922,0.33052367,0.09555309,0.7996618,0.15484452,0.19632655,0.5719684,0.33140194,0.40953246,0.17647058823529413,1.0,1.0,1.0,29,22,1.0,1.0,1.0,0.0,0
scifact,train,591,0.8359043,0.18954295,0.2301293,0.06509636,0.7266111,0.12416232,0.15211451,0.3643108,0.2022792,0.24210216,0.25,1.0,1.0,1.0,26,19,1.0,1.0,1.0,0.0,0
scifact,train,592,0.8315681,0.18364036,0.2362122,0.06538732,0.72019655,0.11539489,0.15365094,0.37123847,0.19072829,0.24938065,0.17647058823529413,1.0,1.0,1.0,26,19,1.0,1.0,1.0,0.0,0
scifact,train,594,0.76378095,0.088258386,0.16306329,0.04606002,0.687931,0.0558818,0.11638045,0.25283325,0.07331096,0.1265316,0.3333333333333333,1.0,1.0,1.0,17,14,1.0,1.0,1.0,0.0,0
scifact,train,595,0.7072587,0.083212435,0.16544473,0.04863273,0.6421726,0.059866726,0.11421788,0.21695364,0.077818945,0.1114052,0.25,1.0,1.0,1.0,17,16,1.0,1.0,1.0,0.0,0
scifact,train,600,0.7490429,0.040769637,0.20533037,0.0707773,0.65494955,0.043572187,0.14116192,0.3229864,0.009341806,0.20171306,0.42857142857142855,1.0,1.0,1.0,29,25,1.0,1.0,1.0,0.0,0
scifact,train,601,0.8341849,0.037763536,0.23991287,0.08319734,0.7186112,0.034254372,0.1519593,0.3852457,0.0116972625,0.2295821,0.42857142857142855,1.0,1.0,1.0,28,25,1.0,1.0,1.0,0.0,0
scifact,train,602,0.7588785,0.105642796,0.1784051,0.05417673,0.68362314,0.06317222,0.13406795,0.25085136,0.05792491,0.1161021,0.1111111111111111,1.0,1.0,1.0,23,18,0.0,0.0,0.0,0.0,0
scifact,train,603,0.74364805,0.001226306,0.1033479,0.040338136,0.6845299,0.0043996572,0.07423782,0.2231468,0.026086241,0.08386198,0.3333333333333333,1.0,1.0,1.0,25,21,1.0,1.0,1.0,0.0,0
scifact,train,606,0.63891256,0.034594536,0.101810575,0.030836677,0.60010546,0.021554112,0.08211577,0.12935704,0.013583571,0.03908632,0.1111111111111111,1.0,1.0,1.0,30,20,0.3333333333333333,0.5,1.0,0.5,1
scifact,train,607,0.68235314,0.038493037,0.07002783,0.020216415,0.6282785,0.029986978,0.053825557,0.23360012,0.0122811645,0.0711917,0.17647058823529413,1.0,0.0,1.0,27,24,1.0,1.0,1.0,0.0,0
scifact,train,609,0.66504323,0.009744585,0.036115825,0.0106448885,0.62435097,0.014666319,0.026794195,0.19247296,0.035866097,0.06041202,0.1111111111111111,1.0,1.0,1.0,19,16,0.0,0.0,0.0,0.0,0
scifact,train,610,0.63518417,0.0055139065,0.028644323,0.00973285,0.61830276,0.007700205,0.04096657,0.16662541,0.005634606,0.03612201,0.0,0.0,0.0,1.0,20,17,0.0,0.0,0.3333333333333333,0.3333333333333333,1
scifact,train,611,0.6594973,0.0020782351,0.03246337,0.011444364,0.6249589,0.00010895729,0.026180923,0.16523491,0.024321586,0.04278242,0.05263157894736842,0.0,1.0,1.0,26,21,0.5,1.0,1.0,0.0,0
scifact,train,612,0.91281855,0.31175715,0.357161,0.1033242,0.77556974,0.19680095,0.2445299,0.4574961,0.31083038,0.34149954,0.05263157894736842,1.0,1.0,1.0,33,28,1.0,1.0,1.0,0.0,0
scifact,train,614,0.9153674,0.20431632,0.34102565,0.09878587,0.77702284,0.12305874,0.23696953,0.46114856,0.24609233,0.3108655,0.25,1.0,1.0,1.0,34,27,1.0,1.0,1.0,0.0,0
scifact,train,615,0.9091924,0.23178416,0.34581566,0.09871928,0.7804371,0.15051174,0.2446903,0.4291842,0.23359971,0.30191332,0.25,1.0,1.0,1.0,34,27,1.0,1.0,1.0,0.0,0
scifact,train,616,0.6016936,0.03962505,0.06640631,0.01946033,0.55337876,0.008079648,0.03697002,0.16104943,0.047734678,0.054988205,0.05263157894736842,1.0,1.0,1.0,26,23,0.0,0.0,0.0,0.0,0
scifact,train,617,0.70394605,0.023377836,0.07725066,0.024969993,0.6531685,0.008334339,0.057612717,0.16925845,0.03854564,0.046518467,0.05263157894736842,1.0,1.0,1.0,27,24,0.0,0.0,0.0,0.0,0
scifact,train,618,0.56176984,0.00041413307,0.028728783,0.011125758,0.558524,0.023997068,0.04060787,0.15299983,0.013148308,0.046358794,0.05263157894736842,0.0,0.0,0.0,43,31,0.43067655807339306,0.43067655807339306,0.0,-0.43067655807339306,0
scifact,train,620,0.6624576,0.019393861,0.039740264,0.011703922,0.6158607,0.009360731,0.028732061,0.20902464,0.020058021,0.03543833,0.1111111111111111,0.0,0.0,0.0,32,24,0.0,0.0,0.0,0.0,0
scifact,train,621,0.8783957,0.2032069,0.27262414,0.07886794,0.7527989,0.11557114,0.18189752,0.41865575,0.19914049,0.26128975,0.1111111111111111,1.0,1.0,1.0,26,21,1.0,1.0,1.0,0.0,0
scifact,train,622,0.7693687,0.029713333,0.11376214,0.03392099,0.6929928,0.026829183,0.09852493,0.25694826,0.0012291372,0.066395015,0.6666666666666666,1.0,1.0,1.0,23,19,0.31546487678572877,0.31546487678572877,0.2890648263178879,-0.026400050467840885,0
scifact,train,624,0.7573711,0.064127386,0.109051466,0.030197607,0.68266857,0.04581994,0.078214586,0.24900848,0.012562454,0.05872962,0.17647058823529413,1.0,1.0,1.0,27,22,1.0,1.0,1.0,0.0,0
scifact,train,625,0.76764727,0.037869036,0.09326321,0.026095252,0.681688,0.018112302,0.05194497,0.2865309,0.035701305,0.068599746,0.17647058823529413,1.0,1.0,1.0,26,20,1.0,1.0,1.0,0.0,0
scifact,train,626,0.9056419,0.29536164,0.34073937,0.096003495,0.7793679,0.2020238,0.24023795,0.4209133,0.21070154,0.27764812,0.17647058823529413,1.0,1.0,1.0,27,20,1.0,1.0,1.0,0.0,0
scifact,train,631,0.87264764,0.21231776,0.26087284,0.07418521,0.7723571,0.15758026,0.1948142,0.33430174,0.14045341,0.19271703,0.17647058823529413,1.0,1.0,1.0,26,21,1.0,1.0,1.0,0.0,0
scifact,train,632,0.72616297,0.07755768,0.12981951,0.03527927,0.63839185,0.027765214,0.07380265,0.29257035,0.03837943,0.13815185,0.17647058823529413,1.0,1.0,1.0,26,23,1.0,1.0,1.0,0.0,0
scifact,train,633,0.77530015,0.08015931,0.15076816,0.043905713,0.6653124,0.043629825,0.07984847,0.36662573,0.12176493,0.18899564,0.1111111111111111,1.0,1.0,1.0,31,23,1.0,1.0,1.0,0.0,0
scifact,train,635,0.7751089,0.07782161,0.14232469,0.041559488,0.70961463,0.04968834,0.10505247,0.21831411,0.04594168,0.09377764,0.17647058823529413,1.0,1.0,1.0,34,28,1.0,1.0,1.0,0.0,0
scifact,train,638,0.6060792,0.0026266575,0.07756305,0.029557442,0.5708513,0.004089296,0.074067235,0.13177828,0.0007210374,0.019109875,0.3333333333333333,0.0,0.0,0.0,24,21,0.6309297535714575,0.6309297535714575,1.0,0.36907024642854247,1
scifact,train,640,0.6347635,0.02643913,0.11519092,0.04035016,0.55972046,0.0065544844,0.06414175,0.25014347,0.0662822,0.12632301,0.17647058823529413,1.0,1.0,1.0,17,14,1.0,1.0,0.38685280723454163,-0.6131471927654584,0
scifact,train,642,0.6527174,0.0032218099,0.04131043,0.01405283,0.61902165,0.007842898,0.032880664,0.17264366,0.0078448355,0.041187212,0.1111111111111111,0.0,1.0,0.0,16,13,1.0,1.0,1.0,0.0,0
scifact,train,643,0.67969066,0.017589927,0.04841292,0.014117626,0.6490868,0.012955725,0.04367262,0.17640659,0.03090711,0.063694656,0.05263157894736842,0.0,0.0,1.0,18,15,0.43067655807339306,1.0,1.0,0.0,0
scifact,train,645,0.79799914,0.019099653,0.13425052,0.037432566,0.699618,0.0074377656,0.08173841,0.36409736,0.07503307,0.1599028,0.8181818181818182,1.0,1.0,0.0,28,23,0.38685280723454163,0.5,0.38685280723454163,-0.11314719276545837,0
scifact,train,646,0.8347193,0.027965605,0.16877317,0.04702154,0.71749574,0.0025042295,0.10305238,0.39074522,0.077203184,0.19220956,0.8181818181818182,1.0,1.0,1.0,28,23,0.3562071871080222,0.3562071871080222,0.38685280723454163,0.030645620126519446,1
scifact,train,647,0.6167932,0.03408861,0.09810859,0.03187941,0.5845209,0.012371123,0.072879374,0.10757446,0.0015129521,0.03889074,0.1111111111111111,1.0,1.0,1.0,19,16,1.0,0.6309297535714575,0.6309297535714575,0.0,0
scifact,train,648,0.72494626,0.11100054,0.15854418,0.045919783,0.6731872,0.08495718,0.117151976,0.17253028,0.038816646,0.085243404,0.1111111111111111,1.0,1.0,1.0,17,15,1.0,1.0,1.0,0.0,0
scifact,train,650,0.6081305,0.051406205,0.11754486,0.03574887,0.5931127,0.05006033,0.11305836,0.10189989,0.0025147796,0.029730022,0.05263157894736842,0.0,0.0,1.0,24,16,1.0,1.0,0.5,-0.5,0
scifact,train,651,0.81797296,0.10222113,0.19914341,0.060556713,0.70014155,0.07428652,0.12107235,0.3927713,0.09311527,0.21453261,0.1111111111111111,1.0,1.0,1.0,44,34,1.0,1.0,1.0,0.0,0
scifact,train,652,0.8073469,0.08521587,0.18521577,0.05573516,0.6872317,0.05564183,0.11007756,0.4003839,0.09858024,0.20334344,0.1111111111111111,1.0,1.0,1.0,45,35,1.0,1.0,1.0,0.0,0
scifact,train,653,0.8093349,0.060251772,0.18432438,0.05711611,0.72667515,0.05223453,0.137721,0.2755323,0.02672401,0.122495234,0.25,1.0,1.0,1.0,26,23,0.6309297535714575,0.6309297535714575,0.6309297535714575,0.0,0
scifact,train,654,0.6221294,0.005227089,0.04396695,0.015674604,0.5690491,0.0025312304,0.02182889,0.21275383,0.008458361,0.040380627,0.05263157894736842,1.0,0.0,1.0,47,31,0.6309297535714575,0.6309297535714575,1.0,0.36907024642854247,1
scifact,train,655,0.62268925,0.010619342,0.04801768,0.016310731,0.57193965,0.0017377734,0.024662614,0.20723993,0.009844869,0.023432612,0.05263157894736842,0.0,0.0,0.0,47,32,1.0,0.6309297535714575,1.0,0.36907024642854247,1
scifact,train,657,0.68456364,0.035620987,0.08172798,0.023995187,0.63698006,0.042986155,0.06503427,0.20282513,0.019662738,0.049042434,0.1111111111111111,1.0,0.0,1.0,35,25,0.6309297535714575,0.6309297535714575,1.0,0.36907024642854247,1
scifact,train,658,0.6915206,0.046512067,0.10262662,0.031140722,0.6098475,0.021373212,0.06767458,0.27224368,0.08023928,0.10690659,0.3333333333333333,1.0,1.0,1.0,31,25,1.0,1.0,1.0,0.0,0
scifact,train,661,0.7496728,0.15933132,0.21676445,0.061535265,0.67038745,0.096411586,0.15010828,0.26428437,0.1363613,0.16997133,0.1111111111111111,1.0,1.0,1.0,30,22,1.0,1.0,1.0,0.0,0
scifact,train,662,0.70877194,0.12763542,0.20515078,0.06050278,0.64556605,0.09467423,0.15589368,0.2106863,0.109870635,0.13628513,0.1111111111111111,1.0,1.0,1.0,20,12,1.0,1.0,1.0,0.0,0
scifact,train,663,0.80965006,0.1193375,0.21355748,0.064761564,0.7148721,0.083925664,0.14865434,0.3159264,0.09222415,0.17104606,0.17647058823529413,1.0,1.0,1.0,32,27,1.0,1.0,1.0,0.0,0
scifact,train,665,0.8048989,0.10592884,0.21055716,0.062277284,0.7311354,0.10630858,0.16973716,0.24714412,0.0012657642,0.0830868,0.25,1.0,1.0,1.0,25,19,1.0,1.0,1.0,0.0,0
scifact,train,666,0.8303919,0.110595465,0.23710144,0.072689116,0.7125703,0.057888627,0.14711517,0.39273864,0.16091418,0.24723367,0.3333333333333333,1.0,1.0,1.0,43,31,1.0,1.0,1.0,0.0,0
scifact,train,667,0.78968734,0.012789786,0.14353162,0.047049977,0.7309708,0.0052764416,0.1099391,0.25145155,0.055729866,0.084308326,0.42857142857142855,1.0,1.0,1.0,16,14,1.0,0.6309297535714575,1.0,0.36907024642854247,1
scifact,train,668,0.74660444,0.04966569,0.1022321,0.029877584,0.6862693,0.043064892,0.08860201,0.22931749,0.026259989,0.055986047,0.25,1.0,1.0,1.0,17,15,0.8772153153380493,1.0,0.8503449055347546,-0.1496550944652454,0
scifact,train,669,0.66136646,0.025665998,0.09517372,0.030780414,0.60878456,0.022241175,0.081927836,0.24569361,0.041019484,0.08375652,0.3333333333333333,1.0,1.0,1.0,18,15,0.8315546295836225,0.8772153153380493,0.8503449055347546,-0.026870409803294693,0
scifact,train,670,0.6790644,0.08127344,0.12660033,0.03634739,0.60341036,0.03694445,0.07381797,0.25218007,0.07087591,0.12338838,0.17647058823529413,1.0,1.0,1.0,29,23,1.0,1.0,1.0,0.0,0
scifact,train,671,0.72530115,0.10001433,0.16171753,0.045637142,0.6408619,0.058828592,0.095487475,0.28146398,0.103236794,0.12981734,0.17647058823529413,1.0,1.0,1.0,26,20,1.0,1.0,1.0,0.0,0
scifact,train,672,0.7164509,0.10436392,0.14412963,0.040376574,0.6501914,0.08794159,0.11978018,0.22086489,0.043186605,0.075984105,0.42857142857142855,1.0,1.0,1.0,29,22,1.0,1.0,1.0,0.0,0
scifact,train,673,0.8190081,0.052222013,0.20422411,0.06734648,0.74535304,0.07141185,0.14749831,0.30948305,0.063966066,0.1658871,0.17647058823529413,1.0,1.0,1.0,18,16,0.6309297535714575,1.0,1.0,0.0,0
scifact,train,676,0.6442008,0.053170323,0.10816103,0.032207094,0.61765593,0.038959503,0.08909005,0.08848293,0.0013761222,0.015729345,0.05263157894736842,1.0,1.0,1.0,14,11,0.5,0.43067655807339306,1.0,0.5693234419266069,1
scifact,train,677,0.6020726,0.050705135,0.09572327,0.02858318,0.5734474,0.034005046,0.08101228,0.09541732,0.004164137,0.022760443,0.1111111111111111,1.0,1.0,1.0,14,11,0.43067655807339306,0.43067655807339306,0.6309297535714575,0.20025319549806447,1
scifact,train,679,0.6499124,0.001516521,0.07489437,0.023912761,0.5997068,0.005332291,0.04981047,0.18512626,0.022829458,0.06139992,0.42857142857142855,1.0,1.0,0.0,19,16,0.0,0.0,0.0,0.0,0
scifact,train,680,0.71425736,0.013668776,0.08279067,0.028295133,0.6663556,0.0052317977,0.060292423,0.16663599,0.006963566,0.034662604,0.42857142857142855,1.0,1.0,1.0,19,16,1.0,1.0,1.0,0.0,0
scifact,train,681,0.7543345,0.057188213,0.12858576,0.036459308,0.6938425,0.039423823,0.09624177,0.20164007,0.040405214,0.07009789,0.3333333333333333,1.0,1.0,1.0,24,21,1.0,1.0,1.0,0.0,0
scifact,train,682,0.706071,0.006575644,0.07918495,0.02839351,0.65703136,0.00045746565,0.062000573,0.17282075,0.006493479,0.043512225,0.3333333333333333,1.0,1.0,1.0,20,17,1.0,1.0,1.0,0.0,0
scifact,train,683,0.7723236,0.08545458,0.15451044,0.042144723,0.71419936,0.063088715,0.12766469,0.19374755,0.042687863,0.07263475,0.3333333333333333,1.0,1.0,1.0,26,20,1.0,1.0,1.0,0.0,0
scifact,train,685,0.7017064,0.015018046,0.1122725,0.04215506,0.63574433,0.002653718,0.071859,0.21987355,0.027720049,0.096086204,0.17647058823529413,1.0,1.0,1.0,15,12,1.0,1.0,0.6309297535714575,-0.36907024642854247,0
scifact,train,686,0.6098466,0.009205401,0.036292553,0.012179631,0.57314694,0.013703287,0.03249693,0.17511588,0.01398021,0.037264526,0.05263157894736842,0.0,0.0,1.0,25,19,0.3333333333333333,0.3010299956639812,0.6309297535714575,0.32989975790747633,1
scifact,train,687,0.6652218,0.030112147,0.09986931,0.033344883,0.6111271,0.040656805,0.08075333,0.21546465,0.0101311505,0.075115785,0.17647058823529413,1.0,1.0,1.0,22,14,0.6309297535714575,0.5,1.0,0.5,1
scifact,train,688,0.55753523,0.0051684976,0.09519777,0.033387713,0.51236814,0.009828031,0.06611186,0.16608882,0.015531808,0.06297317,0.25,1.0,1.0,1.0,16,12,0.6309297535714575,0.6309297535714575,0.5,-0.13092975357145753,0
scifact,train,689,0.61403745,0.01118499,0.041828454,0.013846445,0.5599657,0.004455209,0.030616641,0.23745698,0.04794337,0.07071723,0.05263157894736842,1.0,0.0,1.0,28,21,0.0,0.0,0.0,0.0,0
scifact,train,694,0.8640015,0.18673402,0.2510494,0.07012106,0.7684376,0.14145696,0.19786817,0.31854624,0.116345376,0.13070661,0.17647058823529413,1.0,1.0,1.0,31,22,1.0,1.0,1.0,0.0,0
scifact,train,696,0.6130814,0.0015724897,0.06004566,0.020173298,0.5740472,0.005228102,0.03816974,0.1475409,0.0052015185,0.035856977,0.25,1.0,1.0,0.0,22,18,1.0,1.0,1.0,0.0,0
scifact,train,698,0.77258396,0.0056024194,0.22032005,0.08262703,0.67964065,0.0055502057,0.1451388,0.32957298,0.01976198,0.20036228,0.42857142857142855,1.0,1.0,1.0,34,26,1.0,1.0,0.6309297535714575,-0.36907024642854247,0
scifact,train,703,0.65266436,0.032604754,0.11684811,0.036407817,0.57973313,0.027667105,0.08323565,0.24310404,0.016458794,0.12247603,0.5384615384615384,1.0,1.0,1.0,21,14,0.5,0.38685280723454163,0.6309297535714575,0.2440769463369159,1
scifact,train,704,0.82259744,0.0732646,0.1542126,0.047536477,0.7325662,0.043672323,0.109686315,0.3001043,0.057468936,0.09864095,0.17647058823529413,1.0,1.0,1.0,16,14,0.0,0.0,0.0,0.0,0
scifact,train,705,0.73113847,0.07842511,0.17150253,0.051143065,0.67949855,0.07046533,0.14715838,0.17213294,0.0064926296,0.05664601,0.25,1.0,1.0,1.0,34,30,1.0,1.0,1.0,0.0,0
scifact,train,709,0.80311304,0.090370655,0.21625584,0.066053614,0.69873667,0.05412978,0.13824582,0.3479212,0.120802835,0.2236222,0.3333333333333333,1.0,1.0,1.0,31,26,1.0,1.0,1.0,0.0,0
scifact,train,710,0.7274889,0.05419004,0.107025325,0.03205798,0.65788954,0.030332386,0.070411086,0.23199783,0.027589336,0.10767628,0.3333333333333333,1.0,1.0,1.0,26,21,1.0,1.0,1.0,0.0,0
scifact,train,713,0.6306275,0.0152513385,0.0755319,0.025233626,0.5806958,0.019961894,0.06512123,0.18817778,0.006036833,0.021738693,0.17647058823529413,1.0,0.0,1.0,28,22,0.0,0.0,1.0,1.0,1
scifact,train,714,0.6127768,0.004373312,0.07851225,0.025790265,0.54823834,0.0007292032,0.052927673,0.21755889,0.007518947,0.04183571,0.25,1.0,1.0,0.0,28,21,0.0,0.0,1.0,1.0,1
scifact,train,717,0.6967305,0.049384177,0.10011119,0.02853707,0.64412427,0.039960504,0.07640654,0.1922116,0.008338004,0.076887265,0.17647058823529413,1.0,0.0,1.0,20,16,1.0,1.0,1.0,0.0,0
scifact,train,724,0.9123154,0.34618938,0.36146373,0.106292546,0.78258896,0.24217266,0.26098943,0.43242154,0.22093669,0.29323435,0.05263157894736842,1.0,1.0,1.0,26,20,1.0,1.0,1.0,0.0,0
scifact,train,726,0.70963335,0.100930095,0.14665902,0.04126623,0.6458604,0.08280021,0.11225921,0.21257667,0.04981795,0.088777736,0.25,1.0,1.0,1.0,26,17,0.6131471927654584,0.6131471927654584,0.8503449055347546,0.23719771276929624,1
scifact,train,730,0.6580534,0.005629897,0.15024358,0.057380356,0.59933186,0.016863942,0.11987975,0.2519517,0.074979454,0.1274873,0.3333333333333333,1.0,1.0,0.0,25,21,1.0,0.6309297535714575,1.0,0.36907024642854247,1
scifact,train,732,0.52217495,0.03174144,0.07071674,0.020990307,0.503529,0.018333554,0.057738483,0.0898173,0.010736853,0.019192874,0.0,0.0,0.0,1.0,25,18,0.0,0.0,0.0,0.0,0
scifact,train,733,0.5426488,0.0022339225,0.021153808,0.006354855,0.5342637,0.0069140196,0.027512252,0.09891574,0.0049971715,0.017234474,0.0,0.0,0.0,0.0,23,17,0.0,0.0,0.0,0.0,0
scifact,train,734,0.7531999,0.0046773553,0.13306838,0.04616682,0.6556373,0.0011775494,0.081228495,0.32913357,0.01951617,0.13785532,0.17647058823529413,1.0,1.0,0.0,22,17,1.0,1.0,1.0,0.0,0
scifact,train,736,0.8475799,0.22787726,0.28315228,0.081322595,0.7746177,0.17996532,0.2336753,0.24320742,0.06217943,0.10334402,0.05263157894736842,1.0,1.0,1.0,31,23,1.0,1.0,1.0,0.0,0
scifact,train,737,0.7580287,0.038139224,0.14514059,0.045887362,0.6906567,0.040332317,0.11290866,0.23188359,0.0073103905,0.066153824,0.3333333333333333,1.0,1.0,1.0,20,17,0.8175295903539445,0.8175295903539445,0.6052602440527057,-0.21226934630123873,0
scifact,train,738,0.7518997,0.017507792,0.16259873,0.053674787,0.68663955,0.019664168,0.12221056,0.22472191,0.0071881115,0.07614711,0.25,1.0,1.0,1.0,16,13,0.6257049680303419,0.4525081529734507,0.5307212739772434,0.07821312100379274,1
scifact,train,739,0.5975041,0.0013836622,0.039402485,0.014579672,0.55852914,0.003455758,0.020251393,0.17530024,0.018677294,0.04674588,0.1111111111111111,0.0,1.0,0.0,16,13,0.0,0.0,0.0,0.0,0
scifact,train,740,0.817984,0.17952543,0.25645202,0.074909076,0.7115408,0.13629514,0.18830419,0.3548105,0.1328987,0.19507518,0.17647058823529413,1.0,1.0,1.0,33,22,1.0,1.0,1.0,0.0,0
scifact,train,745,0.67403805,0.09667313,0.11585522,0.03247476,0.6093003,0.056313634,0.08249146,0.21579239,0.07987814,0.103086606,0.25,1.0,1.0,1.0,19,15,1.0,1.0,1.0,0.0,0
scifact,train,746,0.7317528,0.13092685,0.17174047,0.048654158,0.6525806,0.10517335,0.119449735,0.26390725,0.08290839,0.13334027,0.17647058823529413,1.0,1.0,1.0,19,15,1.0,1.0,1.0,0.0,0
scifact,train,747,0.6364538,0.08203721,0.11684579,0.03348866,0.58121306,0.056075633,0.083093554,0.18413575,0.056481153,0.090592936,0.17647058823529413,1.0,1.0,1.0,28,18,1.0,1.0,1.0,0.0,0
scifact,train,748,0.6972645,0.08668107,0.15759492,0.045777876,0.62764037,0.058674753,0.11057985,0.23208037,0.0933543,0.12777396,0.17647058823529413,1.0,1.0,1.0,28,21,1.0,1.0,1.0,0.0,0
scifact,train,749,0.8319882,0.07882631,0.11975819,0.032845058,0.7824371,0.10421574,0.13842171,0.29222962,0.0148849785,0.055404067,0.1111111111111111,0.0,1.0,1.0,35,22,0.43067655807339306,0.31546487678572877,0.0,-0.31546487678572877,0
scifact,train,751,0.87910324,0.16975081,0.23749042,0.06952286,0.7600153,0.11483896,0.168437,0.3969597,0.15551415,0.18500434,0.17647058823529413,1.0,1.0,1.0,45,34,1.0,1.0,1.0,0.0,0
scifact,train,752,0.7937205,0.18846601,0.21026075,0.06097234,0.7052733,0.14261073,0.16119808,0.29482397,0.06557208,0.11497693,0.05263157894736842,1.0,1.0,1.0,25,20,1.0,1.0,1.0,0.0,0
scifact,train,753,0.7037367,0.040209174,0.07108384,0.019760737,0.64931035,0.02051258,0.055472016,0.18142115,0.018012837,0.04526244,0.17647058823529413,1.0,1.0,1.0,12,9,0.0,0.0,0.0,0.0,0
scifact,train,755,0.71414596,0.024758399,0.046533346,0.013341717,0.6700821,0.023367405,0.043350637,0.26347622,0.062448382,0.07938042,0.0,0.0,0.0,1.0,22,19,0.0,0.0,0.0,0.0,0
scifact,train,757,0.74579316,0.045645654,0.10539037,0.029484712,0.6805328,0.027642906,0.07737601,0.26119995,0.008680999,0.07657161,0.17647058823529413,1.0,0.0,1.0,36,26,1.0,1.0,1.0,0.0,0
scifact,train,758,0.66428673,0.041924417,0.14651513,0.04521318,0.6050983,0.020859897,0.100604236,0.19729485,0.07021518,0.11438024,0.1111111111111111,1.0,1.0,1.0,20,16,0.43067655807339306,0.43067655807339306,0.5,0.06932344192660694,1
scifact,train,760,0.84662163,0.023654103,0.2245416,0.07835293,0.7403465,0.012462199,0.16974068,0.3542504,0.03137827,0.1732,0.6666666666666666,1.0,1.0,1.0,39,25,1.0,1.0,1.0,0.0,0
scifact,train,761,0.8062807,0.04562682,0.19149321,0.0591221,0.72524285,0.029796064,0.13476408,0.270126,0.052769154,0.13330531,0.42857142857142855,1.0,1.0,1.0,17,14,0.0,0.0,0.0,0.0,0
scifact,train,762,0.6887466,0.019626558,0.07675576,0.026556708,0.65119755,0.004174769,0.06198901,0.17467836,0.0051173866,0.035465747,0.05263157894736842,0.0,1.0,1.0,25,22,1.0,0.6309297535714575,1.0,0.36907024642854247,1
scifact,train,764,0.70837414,0.0113553405,0.077263534,0.026603477,0.6793615,0.005152166,0.07849628,0.18762168,0.030116677,0.052182272,0.1111111111111111,0.0,1.0,0.0,13,11,1.0,1.0,1.0,0.0,0
scifact,train,765,0.6453619,0.024659812,0.082288384,0.022948885,0.6087978,0.010316014,0.06731218,0.16293031,0.0027935803,0.03161916,0.05263157894736842,0.0,0.0,1.0,15,12,1.0,1.0,0.6309297535714575,-0.36907024642854247,0
scifact,train,766,0.6739371,0.00010174513,0.038596272,0.014544488,0.65149397,0.00024670362,0.042277396,0.16083121,0.004670799,0.030833006,0.1111111111111111,0.0,0.0,0.0,16,13,0.6309297535714575,1.0,1.0,0.0,0
scifact,train,767,0.6806505,0.09404224,0.13392782,0.038147632,0.6364097,0.059195638,0.11212528,0.14746922,0.019491732,0.0495591,0.1111111111111111,1.0,1.0,1.0,18,13,1.0,1.0,1.0,0.0,0
scifact,train,771,0.8363171,0.10354102,0.23980236,0.073132485,0.7077016,0.056763172,0.14812654,0.42871833,0.15592617,0.2637286,0.3333333333333333,1.0,1.0,1.0,50,36,1.0,1.0,1.0,0.0,0
scifact,train,772,0.6849714,0.10972351,0.14597201,0.040129,0.5894634,0.031505823,0.076247334,0.31836,0.15395707,0.19915855,0.05263157894736842,1.0,1.0,1.0,37,29,1.0,1.0,1.0,0.0,0
scifact,train,774,0.7136147,0.009060442,0.13097697,0.04712075,0.65868276,0.025042057,0.10372609,0.28041518,0.0138352215,0.12807915,0.17647058823529413,1.0,0.0,0.0,42,30,0.0,0.0,0.0,0.0,0
scifact,train,776,0.7143544,0.024781048,0.12664074,0.044817634,0.65014,0.00845027,0.09494412,0.24221553,0.012530148,0.104399666,0.17647058823529413,0.0,1.0,0.0,42,30,0.0,0.0,0.0,0.0,0
scifact,train,777,0.73939145,0.005141318,0.1521886,0.058005687,0.6900891,0.0293746,0.12803227,0.26225644,0.014752209,0.11505312,0.3333333333333333,1.0,1.0,0.0,40,28,0.0,0.0,0.0,0.0,0
scifact,train,778,0.86719507,0.1022346,0.2283085,0.068519495,0.78772306,0.095538855,0.19052052,0.26490664,0.022319138,0.10318899,0.25,1.0,1.0,1.0,33,23,1.0,1.0,1.0,0.0,0
scifact,train,779,0.92579705,0.094005525,0.26048678,0.08091672,0.8327,0.08574295,0.21492124,0.31032342,0.027541876,0.12681149,0.25,1.0,1.0,1.0,36,26,1.0,1.0,1.0,0.0,0
scifact,train,780,0.78227395,0.04294175,0.18478614,0.059511233,0.6940581,0.055026054,0.12246102,0.33433372,0.04028094,0.19258268,0.3333333333333333,1.0,1.0,1.0,29,23,1.0,1.0,1.0,0.0,0
scifact,train,782,0.7029789,0.0016738772,0.10933733,0.040639196,0.64677256,0.01345098,0.08300763,0.25580287,0.041746482,0.117220804,0.3333333333333333,1.0,1.0,0.0,30,23,1.0,0.6309297535714575,1.0,0.36907024642854247,1
scifact,train,787,0.769503,0.17838061,0.21750051,0.06132902,0.69607174,0.14020717,0.16182435,0.2447708,0.09524061,0.121773586,0.05263157894736842,1.0,1.0,1.0,22,16,1.0,1.0,1.0,0.0,0
scifact,train,788,0.833532,0.22875786,0.2838773,0.08141744,0.74046326,0.17558157,0.21345443,0.310229,0.15134259,0.17725414,0.1111111111111111,1.0,1.0,1.0,22,16,1.0,1.0,1.0,0.0,0
scifact,train,789,0.7718781,0.021095812,0.13083369,0.042946383,0.6880266,0.028891504,0.08996093,0.3086745,0.02916941,0.1314475,0.3333333333333333,1.0,1.0,1.0,20,17,0.5,0.5,0.43067655807339306,-0.06932344192660694,0
scifact,train,790,0.7717267,0.030984342,0.14297932,0.046100803,0.69208616,0.03761822,0.10218668,0.30289268,0.037424058,0.123368725,0.42857142857142855,1.0,1.0,1.0,23,19,0.5,0.43067655807339306,0.43067655807339306,0.0,0
scifact,train,791,0.84945405,0.032844722,0.21971244,0.080532685,0.7554254,0.022242904,0.16326964,0.32862878,0.015200049,0.19343075,0.42857142857142855,1.0,1.0,1.0,15,10,1.0,1.0,1.0,0.0,0
scifact,train,792,0.7921773,0.15445554,0.18362999,0.05237995,0.70367235,0.08476031,0.120854795,0.29501665,0.17094445,0.18506709,0.1111111111111111,1.0,1.0,1.0,21,17,1.0,1.0,1.0,0.0,0
scifact,train,795,0.7539703,0.031443834,0.12730193,0.04150366,0.6966764,0.041063786,0.107286274,0.22326839,0.032288596,0.08198485,0.25,1.0,1.0,1.0,17,15,1.0,1.0,1.0,0.0,0
scifact,train,797,0.816346,0.16016626,0.20995599,0.05944086,0.7553446,0.13711458,0.17744309,0.2090835,0.0057456195,0.081725314,0.25,1.0,1.0,1.0,16,14,1.0,1.0,0.6309297535714575,-0.36907024642854247,0
scifact,train,798,0.71261424,0.012712181,0.12058848,0.041253656,0.6562713,0.0103084445,0.09847975,0.18780993,0.008012608,0.057369843,0.3333333333333333,1.0,1.0,1.0,21,18,1.0,1.0,0.6309297535714575,-0.36907024642854247,0
scifact,train,799,0.73024774,0.061688483,0.10639793,0.030400973,0.647582,0.040582,0.06661588,0.27555248,0.054709107,0.09531954,0.25,1.0,1.0,1.0,24,21,1.0,1.0,1.0,0.0,0
scifact,train,801,0.8779397,0.25221658,0.3106351,0.08856047,0.7703924,0.18144464,0.22796512,0.35849094,0.22221078,0.24553299,0.17647058823529413,1.0,1.0,1.0,22,16,1.0,1.0,1.0,0.0,0
scifact,train,802,0.8566216,0.17530835,0.25880218,0.07540529,0.75360787,0.11473924,0.18849868,0.34337926,0.19352672,0.23117357,0.17647058823529413,1.0,1.0,1.0,21,16,1.0,1.0,1.0,0.0,0
scifact,train,803,0.89507776,0.28230762,0.330993,0.09369052,0.77016693,0.19816524,0.23234415,0.4163695,0.26019907,0.28044733,0.1111111111111111,1.0,1.0,1.0,22,17,1.0,1.0,1.0,0.0,0
scifact,train,804,0.85446185,0.22507584,0.2793274,0.07919698,0.74927986,0.16580778,0.21032566,0.35060656,0.19504336,0.20207639,0.25,1.0,1.0,1.0,19,14,1.0,1.0,1.0,0.0,0
scifact,train,807,0.6686997,0.14430392,0.17368963,0.049920894,0.59768134,0.08336413,0.11634022,0.2367278,0.10694237,0.15405597,0.05263157894736842,1.0,1.0,1.0,22,16,1.0,1.0,1.0,0.0,0
scifact,train,810,0.65659034,0.04963261,0.08671415,0.025361609,0.65401006,0.06223786,0.09451443,0.12838288,0.018925078,0.039260253,0.05263157894736842,0.0,0.0,1.0,18,16,1.0,1.0,0.38685280723454163,-0.6131471927654584,0
scifact,train,812,0.6609847,0.05054021,0.10748738,0.0322195,0.5962193,0.034051597,0.0678131,0.21588457,0.054019034,0.09976353,0.1111111111111111,1.0,1.0,1.0,30,27,1.0,1.0,1.0,0.0,0
scifact,train,813,0.8793529,0.196711,0.2225861,0.06422531,0.77550036,0.12554395,0.15331149,0.3461752,0.12652594,0.17402944,0.05263157894736842,1.0,1.0,1.0,48,30,1.0,1.0,1.0,0.0,0
scifact,train,815,0.7443688,0.113520384,0.17030025,0.048141636,0.68796587,0.09109312,0.13849515,0.18800983,0.034077868,0.06015542,0.1111111111111111,1.0,1.0,1.0,18,11,1.0,1.0,1.0,0.0,0
scifact,train,816,0.75229895,0.07232791,0.16895825,0.05195205,0.6946815,0.06365311,0.12850326,0.19205803,0.028915882,0.07381119,0.1111111111111111,1.0,1.0,1.0,18,12,1.0,1.0,1.0,0.0,0
scifact,train,817,0.611436,0.00060772896,0.03179264,0.013101736,0.5932831,0.00045609474,0.031101346,0.13947439,0.013653681,0.032292508,0.1111111111111111,0.0,1.0,0.0,17,14,0.0,0.0,0.0,0.0,0
scifact,train,818,0.6291698,0.038220763,0.056187987,0.015605247,0.5906856,0.010198534,0.025984406,0.13721204,0.001534909,0.02443327,0.05263157894736842,1.0,0.0,1.0,17,14,0.0,0.0,0.0,0.0,0
scifact,train,822,0.8329684,0.017789304,0.2785753,0.1029615,0.7332666,0.019996464,0.20502049,0.3396966,0.0073571503,0.23609173,0.42857142857142855,1.0,1.0,1.0,16,13,0.6309297535714575,0.6309297535714575,0.6309297535714575,0.0,0
scifact,train,825,0.81900173,0.030509591,0.29100096,0.10332893,0.7201545,0.033269346,0.20105875,0.3386899,0.009199232,0.23556048,0.42857142857142855,1.0,1.0,1.0,16,13,0.6309297535714575,0.6309297535714575,0.6309297535714575,0.0,0
scifact,train,826,0.724763,0.0021101832,0.14315975,0.053579006,0.65005845,0.00044202805,0.0904426,0.25048852,0.008507431,0.14522146,0.25,1.0,1.0,0.0,20,15,0.5,0.5,0.5,0.0,0
scifact,train,828,0.6707597,0.026394486,0.083777726,0.027453147,0.6221024,0.010608196,0.057025433,0.1877905,0.013841167,0.07020455,0.17647058823529413,1.0,1.0,1.0,21,13,0.0,0.0,0.0,0.0,0
scifact,train,835,0.52820754,0.0010156035,0.03249517,0.011372024,0.5040941,0.013955474,0.026579767,0.15430298,0.037575282,0.06121473,0.1111111111111111,0.0,1.0,1.0,21,15,0.0,0.0,1.0,1.0,1
scifact,train,838,0.6707507,0.034948885,0.09121543,0.0287232,0.6325991,0.029105902,0.07514167,0.18466735,0.03197001,0.061797902,0.17647058823529413,1.0,0.0,1.0,17,14,0.0,0.0,0.0,0.0,0
scifact,train,840,0.76634467,0.14043504,0.15289539,0.04459864,0.6957801,0.089858234,0.11417115,0.23521532,0.08040504,0.11345911,0.05263157894736842,1.0,1.0,1.0,18,16,1.0,1.0,1.0,0.0,0
scifact,train,841,0.7470053,0.12482661,0.1529262,0.043098737,0.67387027,0.07552838,0.10729146,0.24378346,0.06450091,0.11713496,0.1111111111111111,1.0,1.0,1.0,14,12,1.0,1.0,1.0,0.0,0
scifact,train,844,0.7617158,0.0008391142,0.11749244,0.037885144,0.65931535,0.00012993813,0.074044585,0.34133494,0.0023639798,0.1140732,0.8181818181818182,1.0,1.0,1.0,29,22,0.6309297535714575,1.0,1.0,0.0,0
scifact,train,846,0.66074795,0.002151966,0.036926627,0.011590448,0.615422,0.008643568,0.035595298,0.21032867,0.0039204955,0.050543755,0.42857142857142855,0.0,0.0,1.0,18,15,0.3562071871080222,0.43067655807339306,1.0,0.5693234419266069,1
scifact,train,848,0.76574254,0.15407526,0.29816228,0.09126278,0.6698952,0.12877828,0.21684071,0.3194913,0.08432326,0.22174448,0.1111111111111111,1.0,1.0,1.0,28,21,1.0,1.0,1.0,0.0,0
scifact,train,853,0.72342664,0.1563493,0.19084573,0.05393306,0.60901564,0.07577717,0.109470695,0.38136995,0.19387414,0.24719405,0.17647058823529413,1.0,1.0,1.0,37,27,1.0,1.0,1.0,0.0,0
scifact,train,854,0.8247835,0.122449934,0.22438872,0.061763793,0.72245115,0.084323645,0.14392585,0.34110785,0.12708753,0.16153425,0.17647058823529413,1.0,1.0,1.0,27,24,1.0,1.0,1.0,0.0,0
scifact,train,855,0.7963593,0.09920037,0.25717592,0.07633593,0.7001515,0.07579845,0.18422115,0.32069272,0.07800637,0.20567231,0.3333333333333333,1.0,1.0,1.0,26,20,1.0,1.0,1.0,0.0,0
scifact,train,856,0.6124381,0.0053418875,0.048254788,0.01637221,0.5869634,0.017236412,0.048485994,0.14209127,0.00066682696,0.029450722,0.1111111111111111,0.0,1.0,1.0,21,17,0.2890648263178879,0.5,0.6309297535714575,0.13092975357145753,1
scifact,train,857,0.6643246,0.012136102,0.06556952,0.021199359,0.6339163,0.0068610907,0.05116856,0.13111882,0.017506912,0.033498988,0.17647058823529413,1.0,1.0,1.0,19,15,0.6309297535714575,0.6309297535714575,0.6309297535714575,0.0,0
scifact,train,858,0.73391086,0.044528186,0.118505836,0.038081795,0.6611285,0.039116204,0.079740226,0.24260783,0.018039897,0.0953929,0.17647058823529413,1.0,1.0,1.0,16,14,1.0,0.6309297535714575,1.0,0.36907024642854247,1
scifact,train,860,0.68310803,0.10190302,0.16841078,0.046210084,0.6139846,0.06085682,0.11834082,0.23041156,0.10263148,0.13682076,0.3333333333333333,1.0,1.0,1.0,20,14,1.0,1.0,1.0,0.0,0
scifact,train,861,0.721546,0.10143328,0.16418785,0.045880903,0.6528869,0.06229174,0.120505035,0.22886354,0.09869285,0.13047174,0.42857142857142855,1.0,1.0,1.0,19,14,1.0,1.0,1.0,0.0,0
scifact,train,863,0.82657987,0.008966863,0.1431548,0.049946677,0.7326043,0.0044409037,0.11253172,0.33324897,0.030233294,0.104996875,0.8181818181818182,1.0,1.0,0.0,19,13,0.8315546295836225,0.8503449055347546,1.0,0.1496550944652454,1
scifact,train,866,0.7932732,0.041462123,0.10931277,0.03544329,0.69169617,0.027926028,0.08405721,0.33859023,0.036087304,0.07315341,0.3333333333333333,1.0,1.0,1.0,36,28,0.6309297535714575,0.5,0.5,0.0,0
scifact,train,867,0.7787115,0.11995244,0.22316062,0.06615892,0.70074844,0.10249579,0.16847545,0.25987688,0.058188826,0.13013367,0.25,1.0,1.0,1.0,28,24,1.0,1.0,1.0,0.0,0
scifact,train,871,0.7405524,0.10470635,0.12762886,0.035693202,0.67861664,0.086230755,0.098579526,0.20645264,0.016342878,0.05822572,0.1111111111111111,1.0,1.0,1.0,11,8,0.0,0.0,0.0,0.0,0
scifact,train,876,0.71667737,0.07105231,0.1021567,0.029094607,0.65864116,0.06033933,0.08001453,0.20509359,0.011639565,0.04607521,0.25,1.0,1.0,1.0,11,9,0.0,0.0,0.0,0.0,0
scifact,train,877,0.7281527,0.081659496,0.15923917,0.046311386,0.6795855,0.058148265,0.1276542,0.1618905,0.024795383,0.04687897,0.17647058823529413,1.0,1.0,1.0,29,23,1.0,1.0,1.0,0.0,0
scifact,train,881,0.6393751,0.08050722,0.15857908,0.044270724,0.5670883,0.03797716,0.090813994,0.24095598,0.103720516,0.17151734,0.17647058823529413,1.0,1.0,1.0,28,21,1.0,1.0,1.0,0.0,0
scifact,train,883,0.6873065,0.11950928,0.19352478,0.056836512,0.60403985,0.06749177,0.11304128,0.2775556,0.11470252,0.20490173,0.17647058823529413,1.0,1.0,1.0,28,22,1.0,1.0,1.0,0.0,0
scifact,train,884,0.6998826,0.13253784,0.19516546,0.05357176,0.61877185,0.09501332,0.11922461,0.27036935,0.10685757,0.18585296,0.3333333333333333,1.0,1.0,1.0,28,22,1.0,1.0,1.0,0.0,0
scifact,train,885,0.75785786,0.16502076,0.21806067,0.063020445,0.69012356,0.13343817,0.1636743,0.22578096,0.09314349,0.113936484,0.1111111111111111,1.0,1.0,1.0,21,17,1.0,1.0,1.0,0.0,0
scifact,train,886,0.7618414,0.14897174,0.21771151,0.062802695,0.68979216,0.11834097,0.15660721,0.24016415,0.08826716,0.12595485,0.1111111111111111,1.0,1.0,1.0,21,18,1.0,1.0,1.0,0.0,0
scifact,train,890,0.68333256,0.023394167,0.1830355,0.0636633,0.58789146,0.022547543,0.10190645,0.3306231,0.01248607,0.18811622,0.42857142857142855,1.0,1.0,1.0,30,25,0.5,0.6309297535714575,0.3333333333333333,-0.2975964202381242,0
scifact,train,891,0.6926167,0.031184673,0.1765964,0.06018067,0.59500813,0.029065192,0.095054924,0.32536194,0.00084516406,0.17805712,0.3333333333333333,1.0,1.0,1.0,30,25,0.5,0.6309297535714575,0.3333333333333333,-0.2975964202381242,0
scifact,train,893,0.79727733,0.19981152,0.23033452,0.066229075,0.7173568,0.14690572,0.16734213,0.26640186,0.12745787,0.15009376,0.05263157894736842,1.0,1.0,1.0,22,18,1.0,1.0,1.0,0.0,0
scifact,train,894,0.64446336,0.015910268,0.043579042,0.012584794,0.5964582,0.02353406,0.048952997,0.26789618,0.008606911,0.085351005,0.17647058823529413,0.0,0.0,1.0,36,33,0.0,0.0,0.0,0.0,0
scifact,train,895,0.5915843,0.014917135,0.047631204,0.015406744,0.5722613,0.009696007,0.043928385,0.13056636,0.011328526,0.02712281,0.0,0.0,0.0,1.0,42,32,1.0,1.0,1.0,0.0,0
scifact,train,896,0.5411489,0.00768888,0.025653481,0.008082924,0.5160015,0.008607745,0.018945873,0.18363109,0.03443119,0.059805408,0.05263157894736842,0.0,0.0,0.0,32,21,0.0,0.0,0.0,0.0,0
scifact,train,897,0.5408974,0.0050088167,0.024287164,0.0073096356,0.5125447,0.0015866756,0.017121255,0.18725747,0.03195919,0.05650583,0.05263157894736842,0.0,0.0,0.0,30,19,0.0,0.0,0.0,0.0,0
scifact,train,898,0.76156545,0.063676834,0.119045675,0.034102544,0.6786725,0.044461906,0.08424181,0.27630985,0.044060722,0.11190601,0.42857142857142855,1.0,1.0,1.0,16,14,0.6131471927654584,0.6131471927654584,0.6131471927654584,0.0,0
scifact,train,899,0.7228379,0.04987341,0.11370379,0.034444004,0.6440105,0.027822077,0.0751127,0.26275814,0.049013972,0.101625726,0.25,1.0,1.0,1.0,16,13,0.6131471927654584,0.6131471927654584,0.6131471927654584,0.0,0
scifact,train,900,0.7286076,0.04324323,0.11893344,0.03694346,0.656511,0.020706773,0.080244124,0.27196333,0.031641394,0.122154996,0.1111111111111111,1.0,1.0,1.0,28,25,0.0,0.0,0.0,0.0,0
scifact,train,901,0.8193572,0.14666224,0.25658095,0.07689638,0.731429,0.109939754,0.19189322,0.29309404,0.12240827,0.16431671,0.1111111111111111,1.0,1.0,1.0,17,15,1.0,1.0,1.0,0.0,0
scifact,train,902,0.82898384,0.1285078,0.20895195,0.058432758,0.7475497,0.08979243,0.1659531,0.27144706,0.07288714,0.12905109,0.5384615384615384,1.0,1.0,1.0,21,15,1.0,1.0,1.0,0.0,0
scifact,train,908,0.8877443,0.14129567,0.23414129,0.06726404,0.80669254,0.12171948,0.20051485,0.27017254,0.038469955,0.08694093,0.25,1.0,1.0,1.0,28,21,1.0,1.0,1.0,0.0,0
scifact,train,909,0.5970038,0.061652422,0.1276828,0.03854908,0.53207815,0.020801365,0.08517742,0.21641889,0.080720186,0.1107969,0.1111111111111111,1.0,1.0,1.0,30,20,1.0,1.0,1.0,0.0,0
scifact,train,910,0.59251183,0.058017135,0.12974766,0.038427692,0.5361171,0.034081936,0.093664825,0.1879826,0.02894999,0.099192694,0.17647058823529413,1.0,1.0,1.0,32,20,1.0,1.0,1.0,0.0,0
scifact,train,912,0.70302963,0.04294753,0.16022158,0.04858594,0.63166267,0.030836046,0.10842413,0.23788984,0.04037167,0.11611529,0.17647058823529413,1.0,1.0,1.0,31,19,1.0,1.0,1.0,0.0,0
scifact,train,916,0.5471122,0.00026404858,0.035853684,0.012761036,0.5347348,0.011394143,0.0379723,0.10441092,0.003074497,0.02546332,0.17647058823529413,0.0,1.0,0.0,29,20,0.5,0.43067655807339306,0.3333333333333333,-0.09734322474005974,0
scifact,train,917,0.8740585,0.16932738,0.27233708,0.07862912,0.7675697,0.104873955,0.19557339,0.35496247,0.1427035,0.19398618,0.25,1.0,1.0,1.0,17,14,1.0,1.0,1.0,0.0,0
scifact,train,919,0.84532946,0.058359265,0.26141888,0.08017286,0.74161464,0.031106472,0.19341117,0.34571612,0.073015034,0.1816625,0.42857142857142855,1.0,1.0,1.0,17,14,1.0,1.0,1.0,0.0,0
scifact,train,923,0.8463297,0.23434395,0.26956195,0.07557374,0.7157389,0.13745737,0.16931164,0.43530262,0.2649939,0.29882097,0.25,1.0,1.0,1.0,19,15,1.0,1.0,1.0,0.0,0
scifact,train,925,0.8515341,0.18998188,0.24327254,0.06831723,0.74259746,0.12264156,0.16758192,0.36312222,0.15869328,0.21193312,0.1111111111111111,1.0,1.0,1.0,25,16,1.0,1.0,1.0,0.0,0
scifact,train,926,0.7323636,0.06439775,0.1593805,0.047954265,0.65066874,0.03311175,0.1007154,0.2723161,0.09726307,0.15855232,0.25,1.0,1.0,1.0,38,30,1.0,1.0,1.0,0.0,0
scifact,train,927,0.7341635,0.05580437,0.17375612,0.054363035,0.65093976,0.027328968,0.11161095,0.27741247,0.09491789,0.16217433,0.17647058823529413,1.0,1.0,1.0,38,29,1.0,1.0,1.0,0.0,0
scifact,train,928,0.7558417,0.016887605,0.051722407,0.014971009,0.67692,0.0017604828,0.03841436,0.26307228,0.002262354,0.05042371,0.5384615384615384,1.0,1.0,1.0,38,31,1.0,1.0,1.0,0.0,0
scifact,train,929,0.73201954,0.0067704916,0.06475651,0.018212423,0.65262705,0.001707077,0.038582563,0.27033186,0.0006721616,0.05744371,0.25,1.0,1.0,0.0,39,32,0.6309297535714575,0.6309297535714575,1.0,0.36907024642854247,1
scifact,train,930,0.6626186,0.067456126,0.09252298,0.024439773,0.59164566,0.0033835769,0.039964437,0.23657647,0.1194683,0.13877884,0.25,1.0,1.0,1.0,20,16,1.0,1.0,1.0,0.0,0
scifact,train,933,0.7800611,0.18209189,0.216147,0.061475504,0.72703403,0.15563881,0.18181366,0.17675701,0.054111183,0.079195864,0.17647058823529413,1.0,1.0,1.0,33,27,1.0,1.0,1.0,0.0,0
scifact,train,934,0.6477827,0.03400588,0.074652314,0.020666942,0.6078499,0.046726525,0.06748444,0.1755115,0.029313818,0.056244083,0.25,1.0,1.0,1.0,17,13,0.6309297535714575,1.0,1.0,0.0,0
scifact,train,935,0.6855613,0.035721123,0.07804233,0.024175389,0.63547707,0.007400751,0.06227386,0.19161654,0.03457004,0.049272746,0.17647058823529413,0.0,1.0,0.0,18,15,0.43067655807339306,0.6309297535714575,1.0,0.36907024642854247,1
scifact,train,938,0.71621346,0.020016134,0.05904132,0.018940222,0.6574226,0.0044611692,0.03966242,0.21084017,0.012833133,0.046859607,0.1111111111111111,0.0,1.0,0.0,16,13,0.3333333333333333,0.6309297535714575,0.0,-0.6309297535714575,0
scifact,train,939,0.76155174,0.07439375,0.11732715,0.03334035,0.6871625,0.06642586,0.08494651,0.24803075,6.67274e-05,0.0634972,0.3333333333333333,1.0,1.0,1.0,33,25,0.3562071871080222,0.38685280723454163,0.3333333333333333,-0.053519473901208314,0
scifact,train,940,0.77239263,0.12730402,0.23055327,0.06755098,0.6964852,0.092930675,0.1727494,0.25302464,0.10772328,0.15495908,0.3333333333333333,1.0,1.0,1.0,23,15,1.0,1.0,1.0,0.0,0
scifact,train,941,0.8064195,0.17808825,0.26140487,0.07480157,0.7125705,0.123945355,0.19001621,0.31283003,0.1160194,0.20284155,0.3333333333333333,1.0,1.0,1.0,23,16,1.0,1.0,1.0,0.0,0
scifact,train,942,0.6402982,0.0003556013,0.05872929,0.021340052,0.61722326,0.024159968,0.050000727,0.20626529,0.03463368,0.0954815,0.17647058823529413,0.0,1.0,0.0,22,20,0.43067655807339306,1.0,0.43067655807339306,-0.5693234419266069,0
scifact,train,944,0.76521367,0.13833815,0.20216954,0.056382295,0.6838406,0.10711992,0.14749289,0.27124363,0.08714993,0.14528227,0.17647058823529413,1.0,1.0,1.0,17,14,1.0,1.0,1.0,0.0,0
scifact,train,945,0.7098533,0.09052098,0.15870929,0.04402806,0.6397813,0.0604921,0.1042065,0.23357332,0.080292955,0.13218704,0.3333333333333333,1.0,1.0,1.0,25,19,0.5101671483174705,0.5028746730079328,0.31834121936641585,-0.1845334536415169,0
scifact,train,946,0.82970357,0.12081057,0.195611,0.052842807,0.74424857,0.08462179,0.13821238,0.28484997,0.10326038,0.15885301,0.3333333333333333,1.0,1.0,1.0,24,19,0.3973220069685352,0.3191471544989227,0.33424620450682646,0.015099050007903736,1
scifact,train,949,0.6590231,0.03595531,0.08939701,0.025659425,0.61211,0.030747056,0.06349456,0.15637703,0.01736091,0.057501256,0.3333333333333333,1.0,1.0,1.0,14,11,0.3333333333333333,0.3562071871080222,0.43067655807339306,0.07446937096537087,1
scifact,train,951,0.7191835,0.025093496,0.1250462,0.045810528,0.64936537,0.022358537,0.09009999,0.23730254,0.0045754313,0.0743258,0.25,1.0,1.0,1.0,22,16,0.5,0.38685280723454163,1.0,0.6131471927654584,1
scifact,train,952,0.78644586,0.110458076,0.22990215,0.06994563,0.6863678,0.065615416,0.16627914,0.33359343,0.14947554,0.21045445,0.25,1.0,1.0,1.0,20,15,1.0,1.0,1.0,0.0,0
scifact,train,953,0.8599337,0.11630547,0.25153244,0.0781357,0.754695,0.07312387,0.18214506,0.3507956,0.14393876,0.21017711,0.25,1.0,1.0,1.0,21,17,1.0,1.0,1.0,0.0,0
scifact,train,954,0.8544508,0.12515855,0.2594787,0.07954214,0.74562943,0.078697324,0.18679231,0.36273795,0.15487069,0.22408547,0.17647058823529413,1.0,1.0,1.0,20,16,1.0,1.0,1.0,0.0,0
scifact,train,955,0.7118126,0.012792468,0.08713126,0.026319109,0.644313,0.001693666,0.05950004,0.26740122,0.032256693,0.09944394,0.42857142857142855,0.0,1.0,0.0,20,17,0.2640681225725909,0.38685280723454163,0.6934264036172708,0.3065735963827292,1
scifact,train,959,0.7738797,0.17305213,0.2189371,0.06323499,0.69872063,0.11140907,0.16528249,0.25053018,0.109176084,0.13804173,0.1111111111111111,1.0,1.0,1.0,13,9,1.0,1.0,1.0,0.0,0
scifact,train,962,0.77674514,0.0147022605,0.16113758,0.057552893,0.70855695,0.02358985,0.1290015,0.25691915,0.029625207,0.085784584,0.3333333333333333,1.0,1.0,1.0,29,20,0.7039180890341347,0.5307212739772434,0.6546154994739983,0.12389422549675488,1
scifact,train,963,0.7268359,0.005594611,0.1320312,0.045559827,0.66027635,0.001273036,0.097310424,0.22186518,0.014405325,0.07508591,0.5384615384615384,1.0,1.0,1.0,30,22,0.45560514958746035,0.46845052016107697,0.45560514958746035,-0.012845370573616621,0
scifact,train,964,0.7459761,0.022670567,0.1575234,0.048125025,0.676516,0.018099546,0.12313104,0.23153356,0.015236646,0.079877704,0.5384615384615384,1.0,1.0,1.0,30,23,0.48247555939075504,0.48247555939075504,0.45560514958746035,-0.026870409803294693,0
scifact,train,965,0.76133966,0.03155142,0.105742574,0.032373022,0.68262595,0.0033020973,0.06592125,0.262379,0.061900377,0.10497673,0.3333333333333333,1.0,1.0,1.0,14,12,0.6309297535714575,0.43067655807339306,0.5,0.06932344192660694,1
scifact,train,969,0.79200286,0.009289801,0.18040574,0.07199702,0.7076052,0.010180533,0.13949496,0.28429478,0.0029692054,0.12014744,0.25,1.0,1.0,1.0,23,16,0.8772153153380493,0.5706417189553201,0.6509209298071326,0.08027921085181244,1
scifact,train,970,0.7947545,0.024713337,0.18255258,0.067168824,0.716087,0.032544076,0.1498518,0.28832752,0.026102483,0.12526642,0.3333333333333333,1.0,1.0,1.0,22,15,0.8772153153380493,0.5706417189553201,0.6934264036172708,0.1227846846619507,1
scifact,train,972,0.88580453,0.0072705746,0.10334575,0.033704814,0.7562443,0.012578845,0.07210803,0.44956166,0.008668333,0.115362495,0.42857142857142855,1.0,1.0,1.0,43,34,0.7315682114753617,0.9047172294870751,0.9047172294870751,0.0,0
scifact,train,973,0.91949034,0.03742379,0.12641162,0.036678772,0.7858226,0.038122118,0.088354945,0.44788694,0.0023277104,0.13392192,0.42857142857142855,1.0,1.0,1.0,45,32,0.7606395682357036,0.9047172294870751,0.9349366583346498,0.03021942884757467,1
scifact,train,976,0.68242973,0.010532975,0.06470817,0.021322131,0.6373468,0.009674907,0.043831646,0.19928057,0.0103407055,0.048811004,0.25,0.0,1.0,0.0,30,18,0.0,0.0,0.0,0.0,0
scifact,train,977,0.7279661,0.009845316,0.05303645,0.017094327,0.6987084,0.02854973,0.05288738,0.22150168,0.012416095,0.051706895,0.1111111111111111,0.0,1.0,1.0,20,16,0.0,0.0,0.0,0.0,0
scifact,train,978,0.71573704,0.0010296106,0.054145813,0.02095263,0.6877182,0.00978452,0.04904121,0.19062616,0.0043076873,0.046189904,0.05263157894736842,0.0,0.0,1.0,20,16,0.0,0.0,0.0,0.0,0
scifact,train,979,0.72619605,0.0421018,0.11375773,0.03411123,0.6742317,0.026930332,0.09318048,0.17321451,0.007359475,0.03690517,0.1111111111111111,1.0,1.0,1.0,17,13,1.0,1.0,1.0,0.0,0
scifact,train,980,0.70616037,0.020909369,0.11362761,0.037060484,0.6488201,0.02213031,0.09136391,0.2580552,0.06692098,0.13171293,0.6666666666666666,1.0,1.0,1.0,34,23,0.6309297535714575,0.38685280723454163,1.0,0.6131471927654584,1
scifact,train,984,0.7329303,0.029746413,0.12498802,0.042012386,0.6552907,0.012666166,0.09070492,0.2587985,0.024890289,0.066833496,0.17647058823529413,1.0,1.0,1.0,24,19,1.0,1.0,1.0,0.0,0
scifact,train,988,0.60066146,0.08438641,0.11243662,0.031592954,0.5384948,0.036514938,0.065084696,0.20722201,0.1056864,0.12659112,0.17647058823529413,1.0,1.0,1.0,24,19,0.0,0.0,0.0,0.0,0
scifact,train,989,0.6918367,0.021653712,0.0673604,0.02117076,0.62039274,0.015512168,0.04796976,0.2551703,0.00067156553,0.04973188,0.3333333333333333,1.0,0.0,1.0,44,29,0.6309297535714575,0.3562071871080222,1.0,0.6437928128919779,1
scifact,train,990,0.79557496,0.16729194,0.2317397,0.06593727,0.6693519,0.077833176,0.12380266,0.42074358,0.2075811,0.2658975,0.1111111111111111,1.0,1.0,1.0,22,19,1.0,1.0,1.0,0.0,0
scifact,train,992,0.6317242,0.034665287,0.095003426,0.029320784,0.587683,0.012009561,0.06111157,0.1468038,0.016743109,0.04296331,0.1111111111111111,1.0,1.0,1.0,15,13,1.0,1.0,1.0,0.0,0
scifact,train,994,0.6757953,0.071561635,0.11719966,0.034858532,0.5987798,0.04729104,0.06150472,0.2567184,0.05494219,0.12205483,0.1111111111111111,1.0,1.0,1.0,24,18,1.0,1.0,1.0,0.0,0
scifact,train,996,0.61313105,0.020106435,0.05259341,0.014016749,0.5789194,0.013062656,0.03496784,0.19107693,0.01197347,0.061074853,0.05263157894736842,0.0,0.0,0.0,14,12,1.0,1.0,1.0,0.0,0
scifact,train,997,0.6391601,0.06390643,0.10677624,0.03101308,0.583418,0.04634106,0.07861489,0.21861035,0.016126692,0.061704338,0.1111111111111111,1.0,0.0,1.0,17,15,1.0,1.0,1.0,0.0,0
scifact,train,998,0.6614558,0.09239942,0.13629442,0.037694525,0.60754186,0.063005924,0.09594649,0.21589008,0.014156178,0.059919775,0.05263157894736842,1.0,0.0,1.0,17,14,1.0,1.0,1.0,0.0,0
scifact,train,999,0.7226621,0.10968602,0.1638155,0.0482253,0.6330346,0.072335124,0.10480726,0.29875845,0.09116782,0.1458893,0.17647058823529413,1.0,1.0,1.0,24,19,1.0,1.0,1.0,0.0,0
scifact,train,1000,0.7636259,0.10562801,0.23665375,0.07107095,0.69272083,0.08665234,0.17099726,0.2363503,0.04802966,0.12684366,0.17647058823529413,1.0,1.0,1.0,22,19,1.0,1.0,1.0,0.0,0
scifact,train,1001,0.6539557,0.0116916895,0.061966002,0.020099143,0.6163291,0.019033074,0.06365484,0.17266104,0.0041249096,0.023026407,0.17647058823529413,0.0,0.0,1.0,28,19,1.0,1.0,1.0,0.0,0
scifact,train,1002,0.67201656,0.009952128,0.03165281,0.009779273,0.6179562,0.0075574517,0.033727705,0.25907344,0.009366274,0.0465568,0.05263157894736842,0.0,0.0,1.0,27,23,0.0,0.0,0.0,0.0,0
scifact,train,1003,0.8404266,0.00033164024,0.21184278,0.0780707,0.74019015,0.007425964,0.1593259,0.35776937,0.023647726,0.17107631,0.3333333333333333,1.0,1.0,1.0,19,16,0.43734888382569426,0.6257049680303419,0.8854598815714874,0.25975491354114544,1
scifact,train,1004,0.75506043,0.078798115,0.18487632,0.056368712,0.64580494,0.031225264,0.1198104,0.36418504,0.09935787,0.22943449,0.5384615384615384,1.0,1.0,1.0,36,26,0.9674679834891693,1.0,1.0,0.0,0
scifact,train,1005,0.855458,0.085986495,0.23119336,0.068853185,0.72925866,0.03751254,0.1408903,0.42066455,0.12676054,0.2651106,0.5384615384615384,1.0,1.0,1.0,35,26,0.9674679834891693,1.0,1.0,0.0,0
scifact,train,1006,0.74622536,0.15130895,0.18397039,0.052005637,0.66744435,0.096874,0.1260894,0.26260334,0.12049681,0.15052089,0.1111111111111111,1.0,1.0,1.0,19,15,1.0,1.0,1.0,0.0,0
scifact,train,1008,0.53697693,0.0065221786,0.026005864,0.0080958465,0.51713634,0.004366815,0.01934874,0.13670057,0.00039935112,0.04509493,0.05263157894736842,0.0,0.0,0.0,14,12,0.0,0.0,0.0,0.0,0
scifact,train,1009,0.803,0.1995771,0.26268554,0.07590619,0.70487374,0.12515181,0.19141948,0.32708746,0.11997114,0.19867301,0.17647058823529413,1.0,1.0,1.0,21,17,1.0,1.0,1.0,0.0,0
scifact,train,1011,0.9310819,0.1646195,0.4022889,0.12780927,0.80080014,0.10462922,0.28539187,0.43427235,0.17439687,0.32612976,0.42857142857142855,1.0,1.0,1.0,23,17,1.0,1.0,1.0,0.0,0
scifact,train,1015,0.69874966,0.066283464,0.14883304,0.04522981,0.64365655,0.06299859,0.11134082,0.18364368,0.010949656,0.05959563,0.3333333333333333,1.0,1.0,1.0,16,13,1.0,1.0,1.0,0.0,0
scifact,train,1016,0.6649875,0.0990119,0.15044737,0.04390434,0.60511875,0.07916123,0.10355365,0.19956252,0.04738286,0.09002704,0.17647058823529413,1.0,1.0,1.0,22,16,1.0,1.0,1.0,0.0,0
scifact,train,1018,0.6914838,0.025012195,0.12045568,0.03887458,0.6264356,0.0358603,0.06640154,0.2539395,0.037112147,0.12639205,0.1111111111111111,1.0,1.0,1.0,22,18,0.6309297535714575,1.0,1.0,0.0,0
scifact,train,1023,0.77245545,0.08558893,0.20120525,0.060959097,0.7123206,0.08006209,0.16633618,0.20044944,0.018422872,0.09166446,0.42857142857142855,1.0,1.0,1.0,21,17,1.0,1.0,1.0,0.0,0
scifact,train,1025,0.65344495,0.0056034923,0.043861926,0.012694428,0.613556,0.0021725893,0.03300804,0.15875085,0.013593495,0.040471256,0.1111111111111111,0.0,1.0,0.0,28,22,1.0,1.0,1.0,0.0,0
scifact,train,1026,0.6772024,0.0010460019,0.10937101,0.041481,0.60433674,0.009728551,0.06336331,0.27182737,0.02894178,0.12097207,0.17647058823529413,1.0,1.0,1.0,38,24,0.6309297535714575,0.6309297535714575,1.0,0.36907024642854247,1
scifact,train,1027,0.7166595,0.045612633,0.14616036,0.047447797,0.6485167,0.04525,0.10918981,0.22714262,0.0012088567,0.10813372,0.25,1.0,1.0,1.0,27,18,0.6309297535714575,0.6309297535714575,1.0,0.36907024642854247,1
scifact,train,1028,0.8379443,0.024750352,0.13325793,0.04403864,0.75149924,0.02510631,0.08829963,0.28942183,8.5026026e-05,0.08409749,0.3333333333333333,1.0,0.0,1.0,35,28,1.0,0.9197207891481876,1.0,0.08027921085181244,1
scifact,train,1030,0.86368245,0.07924777,0.18105942,0.05422429,0.73313946,0.06397468,0.11755037,0.4351433,0.050910294,0.17714167,0.3333333333333333,1.0,1.0,1.0,33,27,1.0,1.0,1.0,0.0,0
scifact,train,1031,0.76518613,0.15752202,0.20389897,0.05863728,0.6612535,0.09597844,0.1482119,0.34644204,0.13186368,0.16404685,0.17647058823529413,1.0,1.0,1.0,34,26,1.0,1.0,1.0,0.0,0
scifact,train,1032,0.5893477,0.031112075,0.051179647,0.014323638,0.5606745,0.015588701,0.033704937,0.13292684,0.006778285,0.027294904,0.0,0.0,0.0,1.0,43,30,0.0,0.0,0.2890648263178879,0.2890648263178879,1
scifact,train,1033,0.57748926,0.019889355,0.045699894,0.013803087,0.55599606,0.007372439,0.037068963,0.13364567,0.008105829,0.026021667,0.0,0.0,0.0,0.0,43,29,0.3562071871080222,0.31546487678572877,0.2890648263178879,-0.026400050467840885,0
scifact,train,1034,0.7710086,0.08131504,0.21011788,0.0651177,0.68202007,0.066850066,0.15322518,0.29662848,0.04821667,0.15642454,0.25,1.0,1.0,1.0,38,23,0.6309297535714575,0.6309297535714575,0.6309297535714575,0.0,0
scifact,train,1035,0.80309993,0.103392124,0.235717,0.06897747,0.70077175,0.08326602,0.1638928,0.34109384,0.067086935,0.17161377,0.3333333333333333,1.0,1.0,1.0,38,26,0.6309297535714575,0.6309297535714575,0.6309297535714575,0.0,0
scifact,train,1036,0.80896354,0.083349586,0.17744607,0.050490387,0.71557045,0.06489849,0.13977844,0.31131023,0.024816602,0.12065394,0.3333333333333333,1.0,1.0,1.0,28,22,0.43067655807339306,0.3562071871080222,0.6309297535714575,0.27472256646343535,1
scifact,train,1037,0.806174,0.11246407,0.16974735,0.04472768,0.6991589,0.08537352,0.11141163,0.35671684,0.017294407,0.12182319,0.3333333333333333,1.0,1.0,1.0,30,26,1.0,1.0,1.0,0.0,0
scifact,train,1038,0.7533139,0.12231392,0.18562782,0.05073593,0.64567405,0.08432907,0.12872207,0.35879955,0.10493407,0.14847712,0.25,1.0,1.0,1.0,31,26,1.0,1.0,1.0,0.0,0
scifact,train,1040,0.8310453,0.011227727,0.10658741,0.030806262,0.7217158,0.019517422,0.081332624,0.42948973,0.07934937,0.16118497,0.8181818181818182,1.0,1.0,0.0,35,27,0.3065735963827292,0.23719771276929622,0.4227898344066503,0.18559212163735408,1
scifact,train,1042,0.70865196,0.07779294,0.15149707,0.04625769,0.65238655,0.06427157,0.11981678,0.2005315,0.012980118,0.08284783,0.25,1.0,1.0,1.0,24,21,1.0,1.0,0.6309297535714575,-0.36907024642854247,0
scifact,train,1043,0.9154975,0.16012222,0.29851705,0.08794948,0.77506155,0.11757743,0.19907331,0.46811974,0.14181587,0.28421783,0.25,1.0,1.0,1.0,39,27,1.0,1.0,1.0,0.0,0
scifact,train,1044,0.85201395,0.14095032,0.23019195,0.06678398,0.7424434,0.089615226,0.16013396,0.3652351,0.17111684,0.20815215,0.17647058823529413,1.0,1.0,1.0,32,25,1.0,1.0,1.0,0.0,0
scifact,train,1045,0.8613516,0.15935963,0.23173183,0.06551337,0.73833865,0.09655583,0.15543324,0.41004312,0.1839483,0.22859988,0.17647058823529413,1.0,1.0,1.0,33,25,1.0,1.0,1.0,0.0,0
scifact,train,1046,0.7199619,0.024521947,0.06469756,0.019221203,0.64671713,0.004775822,0.04146558,0.26006866,0.008256912,0.064994246,0.1111111111111111,0.0,1.0,0.0,24,18,0.0,0.0,0.0,0.0,0
scifact,train,1047,0.65771157,0.030400157,0.12224519,0.037691515,0.5957499,0.024709284,0.08389145,0.20653883,0.007727623,0.067566514,0.25,1.0,1.0,1.0,26,20,1.0,1.0,1.0,0.0,0
scifact,train,1048,0.66795456,0.010380387,0.08662963,0.028453257,0.6282315,0.01811713,0.07316226,0.20460549,0.040357396,0.09009099,0.25,1.0,1.0,1.0,21,18,0.5,0.43067655807339306,0.5,0.06932344192660694,1
scifact,train,1050,0.8109667,0.045457542,0.24802667,0.0861153,0.7271948,0.032484174,0.18678588,0.27923957,0.043244615,0.17773245,0.17647058823529413,1.0,1.0,1.0,22,18,1.0,1.0,1.0,0.0,0
scifact,train,1052,0.6803951,0.025773585,0.15800714,0.046414547,0.6047806,0.011928678,0.09343892,0.25204825,0.046149552,0.14181712,0.5384615384615384,1.0,1.0,1.0,22,17,0.6309297535714575,0.5,0.6309297535714575,0.13092975357145753,1
scifact,train,1053,0.62442726,0.010633588,0.115954936,0.039306473,0.5524664,0.0003915429,0.057610273,0.2398695,0.03414005,0.12554897,0.42857142857142855,1.0,1.0,1.0,23,17,0.6309297535714575,0.38685280723454163,0.6309297535714575,0.2440769463369159,1
scifact,train,1054,0.8591066,0.0908398,0.20202082,0.061272077,0.7789816,0.05334103,0.14831275,0.26708323,0.023446634,0.12798241,0.25,1.0,1.0,1.0,30,26,1.0,1.0,1.0,0.0,0
scifact,train,1055,0.79656494,0.15662807,0.20726591,0.05795258,0.73548275,0.123903155,0.17735535,0.20360735,0.05702713,0.08812924,0.25,1.0,1.0,1.0,24,18,1.0,1.0,1.0,0.0,0
scifact,train,1056,0.76076496,0.046138406,0.17526191,0.056272075,0.6787901,0.021764874,0.10711825,0.27324945,0.052960336,0.16398287,0.5384615384615384,1.0,1.0,1.0,29,21,1.0,1.0,1.0,0.0,0
scifact,train,1058,0.6513315,0.06635457,0.10629302,0.03050161,0.59236485,0.041612804,0.068000615,0.19655538,0.06482516,0.0996149,0.17647058823529413,1.0,1.0,1.0,22,16,1.0,1.0,1.0,0.0,0
scifact,train,1065,0.7522587,0.11491835,0.16601712,0.04701814,0.7011229,0.09520465,0.14197063,0.17045279,0.018295854,0.044065848,0.1111111111111111,1.0,1.0,1.0,18,15,1.0,1.0,1.0,0.0,0
scifact,train,1067,0.6242132,0.043314695,0.0803265,0.023647932,0.5881009,0.037391007,0.07213628,0.16441701,0.0042604506,0.04557182,0.05263157894736842,1.0,0.0,1.0,32,20,0.2890648263178879,0.3333333333333333,0.0,-0.3333333333333333,0
scifact,train,1068,0.56817615,0.018256724,0.041829944,0.012917751,0.53627014,0.0021461248,0.03798002,0.14724228,0.0060996264,0.036754027,0.05263157894736842,0.0,0.0,0.0,33,21,0.2890648263178879,0.31546487678572877,0.0,-0.31546487678572877,0
scifact,train,1069,0.7346933,0.082739055,0.1841017,0.0524613,0.67085004,0.055904746,0.12601042,0.21281092,0.054347932,0.11109544,0.17647058823529413,1.0,1.0,1.0,30,22,1.0,1.0,1.0,0.0,0
scifact,train,1070,0.58061916,0.0033380985,0.052521706,0.019650895,0.55478907,0.008580744,0.039722204,0.11797593,0.0019708723,0.026218317,0.05263157894736842,0.0,0.0,0.0,21,18,0.31546487678572877,0.2890648263178879,0.43067655807339306,0.14161173175550518,1
scifact,train,1072,0.71490407,0.098796606,0.17945284,0.052506816,0.6368639,0.06591308,0.12652516,0.26013398,0.109611824,0.14542723,0.42857142857142855,1.0,1.0,1.0,16,13,1.0,1.0,1.0,0.0,0
scifact,train,1073,0.7007798,0.06644118,0.1544339,0.04630005,0.6363922,0.047180533,0.11416346,0.2146253,0.046927854,0.09486821,0.42857142857142855,1.0,1.0,1.0,15,14,1.0,1.0,1.0,0.0,0
scifact,train,1074,0.64994645,0.020901084,0.043399334,0.01142668,0.6135682,0.013460159,0.0413298,0.26154643,0.04884121,0.09917849,0.0,0.0,0.0,1.0,31,26,0.3333333333333333,0.5,0.43067655807339306,-0.06932344192660694,0
scifact,train,1075,0.6097411,6.747246e-05,0.024896502,0.009244717,0.5807355,0.0012440681,0.033125103,0.20980355,0.027882323,0.060823888,0.05263157894736842,0.0,0.0,0.0,27,20,0.2890648263178879,0.5,0.5,0.0,0
scifact,train,1081,0.6750341,0.020044744,0.09336352,0.028849743,0.62845653,0.008196592,0.07855493,0.18258059,0.003216222,0.04570651,0.3333333333333333,0.0,1.0,0.0,25,21,1.0,1.0,1.0,0.0,0
scifact,train,1084,0.7283188,0.0403437,0.09557557,0.0297829,0.66885847,0.016529739,0.07130778,0.1982011,0.010171086,0.06887101,0.17647058823529413,1.0,1.0,1.0,17,14,1.0,1.0,1.0,0.0,0
scifact,train,1085,0.687741,0.0051341653,0.0703361,0.022814984,0.6256059,0.008547366,0.03143102,0.21849422,0.0113772005,0.07085639,0.17647058823529413,1.0,1.0,1.0,22,19,0.6309297535714575,1.0,1.0,0.0,0
scifact,train,1087,0.89049363,0.26219594,0.36067128,0.101511665,0.7687164,0.1934678,0.2492969,0.40592414,0.22909383,0.3093052,0.25,1.0,1.0,1.0,34,26,1.0,1.0,1.0,0.0,0
scifact,train,1090,0.8622502,0.1603669,0.31868517,0.09850642,0.7507759,0.110907674,0.2273255,0.3715811,0.164864,0.26572064,0.17647058823529413,1.0,1.0,1.0,33,25,1.0,1.0,1.0,0.0,0
scifact,train,1091,0.59715664,0.011190176,0.032327235,0.00887851,0.5628563,0.0016083121,0.015068531,0.14044458,0.00561285,0.025514305,0.0,0.0,0.0,1.0,17,14,0.0,0.0,0.0,0.0,0
scifact,train,1096,0.7665781,0.021773577,0.04708594,0.012699884,0.691276,0.006307006,0.03968835,0.27583578,0.0073409975,0.05569963,0.25,0.0,1.0,0.0,20,16,0.5,0.3562071871080222,0.0,-0.3562071871080222,0
scifact,train,1097,0.6034047,0.014758825,0.06984413,0.023221869,0.55176526,0.0040138364,0.04240781,0.2038842,0.031752825,0.084599465,0.1111111111111111,1.0,1.0,1.0,26,22,1.0,1.0,1.0,0.0,0
scifact,train,1098,0.5220203,0.001676619,0.02799201,0.010098114,0.5094387,0.015381694,0.021702856,0.12499535,0.00049874187,0.031733528,0.0,0.0,0.0,1.0,24,18,0.0,0.0,0.0,0.0,0
scifact,train,1101,0.7079652,0.060402274,0.09997982,0.028994069,0.6532754,0.030353427,0.08625072,0.18229936,0.007252589,0.059979573,0.25,1.0,1.0,1.0,29,21,1.0,1.0,1.0,0.0,0
scifact,train,1102,0.68124527,0.04486519,0.0835017,0.022983829,0.62031865,0.032104254,0.063774824,0.21169807,0.00860928,0.06128852,0.1111111111111111,1.0,0.0,1.0,30,22,1.0,1.0,1.0,0.0,0
scifact,train,1103,0.8741764,0.18779564,0.24739075,0.07025063,0.7261038,0.114637256,0.15608871,0.49357533,0.22933778,0.28955242,0.3333333333333333,1.0,1.0,1.0,37,26,1.0,1.0,1.0,0.0,0
scifact,train,1105,0.799216,0.18644196,0.24395579,0.06892017,0.72080266,0.14194942,0.19036853,0.2613776,0.110893965,0.14038298,0.1111111111111111,1.0,1.0,1.0,31,25,1.0,1.0,1.0,0.0,0
scifact,train,1106,0.76782787,0.15486002,0.21628302,0.062370256,0.6951453,0.12842578,0.16326803,0.24227516,0.08811404,0.14229208,0.3333333333333333,1.0,1.0,1.0,32,26,1.0,1.0,1.0,0.0,0
scifact,train,1109,0.6339131,0.0030123591,0.04996723,0.018386707,0.60788614,0.002197206,0.050884128,0.16346277,0.018456206,0.035771504,0.05263157894736842,0.0,0.0,1.0,14,12,0.0,0.0,0.38685280723454163,0.38685280723454163,1
scifact,train,1111,0.6559679,0.050037086,0.06785244,0.018586397,0.6311624,0.049357295,0.06602019,0.13181874,0.0027296543,0.02679959,0.05263157894736842,0.0,0.0,1.0,19,16,0.0,0.0,0.0,0.0,0
scifact,train,1112,0.63011616,0.013851702,0.035583556,0.009264465,0.5894022,0.00489974,0.025361061,0.15204561,0.005315438,0.012530848,0.1111111111111111,0.0,1.0,0.0,24,21,0.0,0.0,0.0,0.0,0
scifact,train,1114,0.75916237,0.17911524,0.2065987,0.059355397,0.6619688,0.10743958,0.14522344,0.32397848,0.1462923,0.18656154,0.1111111111111111,1.0,1.0,1.0,40,31,1.0,1.0,1.0,0.0,0
scifact,train,1115,0.8871949,0.107777536,0.35510695,0.11692362,0.77710927,0.07285994,0.26785052,0.3669521,0.11639199,0.25452578,0.25,1.0,1.0,1.0,35,27,1.0,1.0,1.0,0.0,0
scifact,train,1118,0.7133282,0.0054528117,0.1465857,0.052223224,0.6752655,0.040147066,0.12748963,0.24252316,0.07720521,0.115647584,0.25,1.0,1.0,1.0,25,21,1.0,0.6309297535714575,0.6309297535714575,0.0,0
scifact,train,1119,0.86030763,0.059516132,0.28707004,0.10370901,0.78608537,0.051026464,0.23772687,0.24740753,0.020338759,0.15144512,0.3333333333333333,1.0,1.0,1.0,19,16,0.7328286204777911,0.7328286204777911,0.9060254355346823,0.17319681505689122,1
scifact,train,1120,0.7814254,0.027928054,0.23048615,0.091868594,0.71381855,0.015902102,0.19028223,0.22535616,0.029657647,0.12818511,0.42857142857142855,1.0,1.0,1.0,19,16,0.7328286204777911,0.7328286204777911,1.0,0.26717137952220893,1
scifact,train,1125,0.7572434,0.14375752,0.18627942,0.051517718,0.6938207,0.110630035,0.16260844,0.21140897,0.009435043,0.05001484,0.25,1.0,1.0,1.0,36,26,1.0,1.0,1.0,0.0,0
scifact,train,1126,0.8115567,0.11557627,0.20445424,0.057640325,0.7332741,0.10865873,0.16178542,0.26094198,0.01745002,0.10148081,0.3333333333333333,1.0,1.0,1.0,35,24,1.0,1.0,1.0,0.0,0
scifact,train,1127,0.7111372,0.05405593,0.0995298,0.026828771,0.638895,0.029334366,0.0711475,0.24080722,0.023527667,0.08321868,0.5384615384615384,1.0,1.0,1.0,20,16,0.0,0.0,0.0,0.0,0
scifact,train,1128,0.7846132,0.0059654713,0.107409,0.034682576,0.70779765,0.0063587427,0.07513118,0.2950536,0.017805994,0.07973619,0.25,1.0,1.0,0.0,23,19,0.38685280723454163,0.6131471927654584,0.21840743681816419,-0.39473975594729416,0
scifact,train,1133,0.7485742,0.14312202,0.16000658,0.046825796,0.6844262,0.110067904,0.12716144,0.21382666,0.016374588,0.07873665,0.1111111111111111,1.0,1.0,1.0,14,12,1.0,1.0,1.0,0.0,0
scifact,train,1134,0.6877114,0.00703007,0.08231187,0.029674854,0.62711215,0.010184467,0.06104493,0.23594578,0.0250642,0.08291264,0.17647058823529413,1.0,1.0,0.0,17,14,1.0,1.0,1.0,0.0,0
scifact,train,1135,0.6929102,0.013510823,0.08030766,0.028013784,0.62566715,0.0036164522,0.05971253,0.23619838,0.016645715,0.047285914,0.05263157894736842,0.0,1.0,0.0,18,16,1.0,1.0,1.0,0.0,0
scifact,train,1136,0.690132,0.0055962205,0.086375,0.02972732,0.62996393,0.012887359,0.060309052,0.24351814,0.02484554,0.085155815,0.1111111111111111,1.0,1.0,0.0,18,15,1.0,1.0,1.0,0.0,0
scifact,train,1138,0.70302355,0.06495762,0.10075611,0.026921796,0.64746004,0.055349827,0.080452085,0.21434166,0.029129967,0.052796006,0.25,1.0,1.0,1.0,18,15,0.0,0.0,0.0,0.0,0
scifact,train,1139,0.61161035,0.039414823,0.062439322,0.016696727,0.5721357,0.027690232,0.04505205,0.16656174,0.034979567,0.06595594,0.25,1.0,0.0,1.0,23,19,1.0,1.0,1.0,0.0,0
scifact,train,1141,0.79126936,0.10025084,0.14878863,0.041609023,0.70583963,0.05880028,0.10130036,0.28476572,0.05831313,0.13362278,0.1111111111111111,1.0,1.0,1.0,30,25,1.0,1.0,1.0,0.0,0
scifact,train,1142,0.7266978,0.08505678,0.14603043,0.03852242,0.6620213,0.056027174,0.10290438,0.21558851,0.054569915,0.100299165,0.17647058823529413,1.0,1.0,1.0,27,17,1.0,1.0,1.0,0.0,0
scifact,train,1145,0.92122835,0.20425195,0.36882007,0.105651796,0.7798682,0.15274644,0.25354564,0.4712006,0.17168513,0.3462374,0.3333333333333333,1.0,1.0,1.0,28,24,1.0,1.0,1.0,0.0,0
scifact,train,1148,0.6395691,0.02341032,0.062418222,0.019928303,0.5961979,0.0014568567,0.048003733,0.14942694,0.0030872822,0.024923638,0.05263157894736842,0.0,1.0,0.0,23,20,1.0,1.0,1.0,0.0,0
scifact,train,1153,0.9768044,0.2738183,0.32569075,0.094385214,0.79951364,0.14701194,0.19381583,0.5909691,0.33208573,0.39003283,0.1111111111111111,1.0,1.0,1.0,43,36,1.0,1.0,1.0,0.0,0
scifact,train,1156,0.6982964,0.09299493,0.14100248,0.039717626,0.6335267,0.059722662,0.097251,0.21589911,0.08198784,0.09664617,0.1111111111111111,1.0,1.0,1.0,16,14,1.0,1.0,1.0,0.0,0
scifact,train,1157,0.64050484,0.14429891,0.19098997,0.05459766,0.5759003,0.1076462,0.13736576,0.21534848,0.096629344,0.11968557,0.05263157894736842,1.0,1.0,1.0,20,16,1.0,1.0,1.0,0.0,0
scifact,train,1158,0.66820747,0.15449476,0.18322128,0.053076696,0.5944785,0.11385995,0.1345559,0.24576323,0.08997586,0.14427508,0.17647058823529413,1.0,1.0,1.0,19,15,1.0,1.0,1.0,0.0,0
scifact,train,1159,0.6130195,0.06936091,0.13102394,0.03709409,0.55780566,0.03133011,0.09481704,0.18404616,0.058939338,0.088803306,0.05263157894736842,1.0,1.0,1.0,17,14,1.0,1.0,1.0,0.0,0
scifact,train,1161,0.6479163,0.0076078176,0.0412125,0.014577039,0.59122133,0.0017766953,0.022306383,0.19490567,0.013354972,0.0381196,0.25,0.0,1.0,0.0,33,26,0.0,0.0,0.0,0.0,0
scifact,train,1162,0.7555135,0.16035885,0.20135117,0.05707547,0.661278,0.09666681,0.1210832,0.31411818,0.17048092,0.17746714,0.05263157894736842,1.0,1.0,1.0,24,19,1.0,1.0,1.0,0.0,0
scifact,train,1164,0.6453297,0.006549835,0.07497269,0.027980212,0.5754109,0.002981007,0.04661733,0.2455379,0.012475222,0.06997576,0.25,1.0,1.0,1.0,29,24,1.0,0.5,0.2890648263178879,-0.21093517368211212,0
scifact,train,1165,0.58534026,0.017303348,0.08325583,0.028348032,0.5170627,0.0104346275,0.046176046,0.22759187,0.022895887,0.07141888,0.17647058823529413,1.0,1.0,1.0,30,25,0.6309297535714575,0.5,0.0,-0.5,0
scifact,train,1166,0.6764028,0.0005373955,0.07481921,0.026174199,0.6123201,0.024037242,0.064453006,0.293733,0.061297014,0.10090281,0.3333333333333333,1.0,1.0,0.0,29,27,1.0,0.6309297535714575,1.0,0.36907024642854247,1
scifact,train,1168,0.63633764,0.020830154,0.101279676,0.036075603,0.5783853,0.013891876,0.05721271,0.19317457,0.0066682994,0.08094833,0.17647058823529413,1.0,1.0,1.0,15,13,1.0,1.0,0.5,-0.5,0
scifact,train,1169,0.72269267,0.012260556,0.10188633,0.035553545,0.66275364,0.007359922,0.08668584,0.19979684,0.016335562,0.041284278,0.42857142857142855,1.0,1.0,1.0,30,22,0.6309297535714575,0.6309297535714575,0.6309297535714575,0.0,0
scifact,train,1170,0.88359016,0.15021878,0.22551912,0.0657645,0.72928596,0.0779016,0.13067663,0.5143473,0.23554048,0.28622192,0.1111111111111111,1.0,1.0,1.0,46,32,1.0,1.0,1.0,0.0,0
scifact,train,1171,0.94965595,0.23668164,0.29201597,0.08502318,0.7630741,0.13285393,0.16297662,0.6219395,0.3425118,0.36932218,0.1111111111111111,1.0,1.0,1.0,46,32,1.0,1.0,1.0,0.0,0
scifact,train,1173,0.79715306,0.18189913,0.21678054,0.062064085,0.694551,0.09931058,0.1287933,0.34200686,0.1335964,0.2003964,0.05263157894736842,1.0,1.0,1.0,22,19,1.0,1.0,1.0,0.0,0
scifact,train,1174,0.57248324,0.01218611,0.06167239,0.020815598,0.5255336,0.0066458583,0.043264985,0.18480426,0.007643327,0.052601144,0.25,1.0,0.0,1.0,20,17,0.0,0.0,0.0,0.0,0
scifact,train,1176,0.7733035,0.14877516,0.2093066,0.059169624,0.68826926,0.081917286,0.1463973,0.2834475,0.11044286,0.1489695,0.1111111111111111,1.0,1.0,1.0,19,16,1.0,1.0,1.0,0.0,0
scifact,train,1177,0.7404305,0.12398225,0.17258888,0.04820684,0.6585788,0.0570696,0.11521804,0.27283886,0.10786824,0.14545801,0.17647058823529413,1.0,1.0,1.0,31,17,1.0,1.0,1.0,0.0,0
scifact,train,1178,0.55829036,0.0005031824,0.03573227,0.012459943,0.528069,0.003909886,0.0349133,0.18962982,0.024923056,0.066726856,0.17647058823529413,0.0,1.0,0.0,17,14,0.0,0.0,0.0,0.0,0
scifact,train,1181,0.89895695,0.059756577,0.2715187,0.09439454,0.7509546,0.031510293,0.16430974,0.49334112,0.09415427,0.31382385,0.42857142857142855,1.0,1.0,1.0,46,33,1.0,1.0,1.0,0.0,0
scifact,train,1182,0.8277217,0.027925193,0.17046332,0.060407575,0.7156181,0.02053374,0.13553923,0.3736789,0.017751515,0.14233077,0.42857142857142855,1.0,1.0,1.0,33,27,0.6309297535714575,0.5,1.0,0.5,1
scifact,train,1183,0.65312797,0.037236035,0.06718385,0.019243378,0.61227053,0.039076567,0.06261587,0.23298271,0.0073942393,0.05010958,0.05263157894736842,0.0,0.0,1.0,28,24,1.0,1.0,1.0,0.0,0
scifact,train,1184,0.88428044,0.09939355,0.3165561,0.10053458,0.7502949,0.0672043,0.22051525,0.44661847,0.10729751,0.30397683,0.5384615384615384,1.0,1.0,1.0,40,34,1.0,1.0,1.0,0.0,0
scifact,train,1186,0.61098003,0.014379799,0.060441375,0.018271217,0.5548758,0.0015070438,0.029841423,0.22729883,0.04563506,0.10559191,0.25,0.0,1.0,0.0,30,26,0.3010299956639812,0.3010299956639812,1.0,0.6989700043360187,1
scifact,train,1188,0.70956653,0.077476144,0.12926161,0.036456008,0.64665085,0.06423652,0.10437852,0.21510307,0.005384177,0.048665464,0.17647058823529413,1.0,1.0,1.0,27,22,1.0,1.0,1.0,0.0,0
scifact,train,1190,0.59890133,0.026250124,0.04363388,0.013222363,0.57242954,0.01999563,0.04316151,0.13591588,0.0013976693,0.01378803,0.0,0.0,0.0,1.0,17,15,0.0,0.0,0.0,0.0,0
scifact,train,1193,0.6576819,0.014475167,0.0696165,0.022151168,0.605894,0.0067679286,0.050237536,0.205111,0.032484815,0.073285,0.25,1.0,1.0,1.0,31,23,0.3010299956639812,0.31546487678572877,0.6309297535714575,0.31546487678572877,1
scifact,train,1195,0.57199734,0.0072345734,0.045740306,0.015061329,0.5405687,0.01153481,0.03125888,0.15173125,0.00028157234,0.031100802,0.05263157894736842,0.0,0.0,0.0,43,29,1.0,1.0,1.0,0.0,0
scifact,train,1205,0.76460844,0.17622852,0.24398488,0.06942818,0.65600294,0.111290336,0.15118796,0.3620184,0.13964523,0.23731077,0.3333333333333333,1.0,1.0,1.0,33,28,1.0,1.0,1.0,0.0,0
scifact,train,1206,0.71765375,0.14528275,0.1679312,0.047793895,0.60850894,0.048330605,0.08021462,0.36381605,0.16844432,0.20265533,0.05263157894736842,1.0,1.0,1.0,33,25,1.0,1.0,1.0,0.0,0
scifact,train,1208,0.66361874,0.03109008,0.05567783,0.015015996,0.6136998,0.0048763156,0.041949034,0.17952499,0.00709942,0.023122743,0.05263157894736842,1.0,0.0,1.0,37,28,1.0,1.0,1.0,0.0,0
scifact,train,1209,0.71826446,0.048519075,0.14774263,0.049133077,0.6348567,0.030377924,0.10019934,0.27802595,0.06047055,0.12328282,0.1111111111111111,1.0,1.0,1.0,40,31,0.5,0.5,0.6309297535714575,0.13092975357145753,1
scifact,train,1210,0.7555532,0.079747856,0.14378834,0.04495133,0.6754944,0.05671954,0.09962356,0.26686263,0.07676107,0.1140444,0.17647058823529413,1.0,1.0,1.0,27,18,1.0,1.0,1.0,0.0,0
scifact,train,1211,0.6564429,0.08342558,0.14291131,0.04143052,0.5829072,0.06253189,0.097204626,0.2451189,0.06964557,0.094356105,0.17647058823529413,1.0,1.0,1.0,29,21,1.0,1.0,1.0,0.0,0
scifact,train,1212,0.65494734,0.01967454,0.059650064,0.018638417,0.62677115,0.03019762,0.05791831,0.18063986,0.017034382,0.053016514,0.05263157894736842,0.0,0.0,1.0,27,24,0.0,0.0,0.0,0.0,0
scifact,train,1214,0.6826033,0.022788525,0.05555314,0.017189473,0.61449784,0.0075209737,0.026472032,0.22701827,0.011846453,0.050138235,0.1111111111111111,1.0,1.0,1.0,25,21,0.0,0.0,0.0,0.0,0
scifact,train,1215,0.6236788,0.012901723,0.07870036,0.025246326,0.58774865,0.018490434,0.060608506,0.13839625,0.002330348,0.03077557,0.1111111111111111,1.0,1.0,1.0,25,17,0.6309297535714575,1.0,1.0,0.0,0
scifact,train,1218,0.6488224,0.02005297,0.07151896,0.021884147,0.5847135,0.009465039,0.044695437,0.24524644,0.057470307,0.08030003,0.05263157894736842,0.0,1.0,0.0,79,49,0.0,0.0,0.0,0.0,0
scifact,train,1219,0.79162693,0.00045359135,0.14822352,0.05502133,0.67996424,0.0061436296,0.10562056,0.43694955,0.033988953,0.23356457,0.3333333333333333,1.0,0.0,1.0,50,38,0.8315546295836225,0.5912352048230277,0.8772153153380493,0.2859801105150216,1
scifact,train,1220,0.70739925,0.004832864,0.06484163,0.021820448,0.6315347,0.0042061806,0.03105414,0.2669024,0.030130088,0.08350125,0.25,1.0,1.0,0.0,34,24,1.0,1.0,1.0,0.0,0
scifact,train,1223,0.67209274,0.008928239,0.06595498,0.021553133,0.63170123,0.012523234,0.06012416,0.20523229,0.019235432,0.041587442,0.05263157894736842,0.0,0.0,1.0,18,16,0.0,0.0,0.6309297535714575,0.6309297535714575,1
scifact,train,1224,0.76908004,0.016068041,0.12130904,0.041642394,0.69132113,0.029260755,0.099043965,0.32939997,0.014166504,0.09061046,0.42857142857142855,1.0,1.0,1.0,30,22,0.3065735963827292,0.38685280723454163,0.2640681225725909,-0.12278468466195075,0
scifact,train,1227,0.75225115,0.10020208,0.20121461,0.057606764,0.67804104,0.06317246,0.15294302,0.24736704,0.068675,0.13758028,0.42857142857142855,1.0,1.0,1.0,20,15,1.0,1.0,1.0,0.0,0
scifact,train,1228,0.7399747,0.08135331,0.17885876,0.053337358,0.66291285,0.039114416,0.13243186,0.25687283,0.09588601,0.15078248,0.17647058823529413,1.0,1.0,1.0,20,15,1.0,1.0,1.0,0.0,0
scifact,train,1229,0.687463,0.044893205,0.0876289,0.025525268,0.59743494,0.0024339557,0.03965223,0.30820665,0.08012718,0.14473963,0.3333333333333333,0.0,1.0,0.0,41,32,1.0,1.0,1.0,0.0,0
scifact,train,1230,0.77224344,0.14257085,0.20002621,0.056591175,0.68497485,0.078240156,0.14219731,0.29089522,0.11772022,0.16395174,0.05263157894736842,1.0,1.0,1.0,25,19,1.0,1.0,1.0,0.0,0
scifact,train,1231,0.77422655,0.16327721,0.25033432,0.073213935,0.68948424,0.11017603,0.19330049,0.2824744,0.14689222,0.17700405,0.25,1.0,1.0,1.0,26,19,1.0,1.0,1.0,0.0,0
scifact,train,1234,0.73451185,0.11866331,0.15829271,0.04577151,0.64742285,0.07243657,0.11571926,0.29029667,0.11557287,0.15408903,0.3333333333333333,1.0,1.0,1.0,19,13,1.0,1.0,1.0,0.0,0
scifact,train,1235,0.8118151,0.05671835,0.16423094,0.04889665,0.71080893,0.04201144,0.122296035,0.33668724,0.04902318,0.100378156,0.5384615384615384,1.0,1.0,1.0,40,30,0.3333333333333333,0.3010299956639812,0.0,-0.3010299956639812,0
scifact,train,1236,0.8170652,0.028468609,0.17206001,0.05300955,0.71338165,0.022391558,0.12123746,0.3456118,0.020256877,0.110675156,0.5384615384615384,1.0,1.0,1.0,39,29,0.3333333333333333,0.31546487678572877,0.0,-0.31546487678572877,0
scifact,train,1237,0.6868831,0.08834094,0.13492817,0.03917153,0.61639225,0.06273478,0.08268285,0.23496935,0.010310546,0.124587275,0.25,1.0,1.0,1.0,18,16,1.0,1.0,1.0,0.0,0
scifact,train,1238,0.67345846,0.0821479,0.13991928,0.03897399,0.60666794,0.03141594,0.100111425,0.22263515,0.04960102,0.12674198,0.25,1.0,1.0,1.0,21,19,1.0,0.6309297535714575,0.6309297535714575,0.0,0
scifact,train,1239,0.76120937,0.06898922,0.09584063,0.027201423,0.6918921,0.044801652,0.077213705,0.23862435,0.0044035763,0.045423195,0.1111111111111111,1.0,0.0,1.0,28,24,0.6131471927654584,0.6131471927654584,0.6131471927654584,0.0,0
scifact,train,1244,0.6379486,0.014849544,0.08260524,0.027768156,0.6094437,0.015582085,0.06901729,0.097457945,0.0024416968,0.02061139,0.1111111111111111,1.0,1.0,1.0,26,19,0.2890648263178879,0.5,0.5,0.0,0
scifact,train,1246,0.6076104,0.022664785,0.07163054,0.022309963,0.5869679,0.017445803,0.062577486,0.091701955,6.495416e-05,0.014839537,0.0,0.0,0.0,1.0,20,17,0.38685280723454163,0.43067655807339306,1.0,0.5693234419266069,1
scifact,train,1247,0.5228248,0.004110396,0.025056481,0.008177161,0.4996097,0.0021640956,0.028550863,0.14755991,0.012390867,0.027374938,0.05263157894736842,0.0,0.0,1.0,22,18,0.43067655807339306,0.3333333333333333,0.5,0.16666666666666669,1
scifact,train,1248,0.816854,0.1628012,0.26912218,0.08018226,0.69822776,0.11009359,0.17829758,0.39542073,0.175692,0.2770952,0.25,1.0,1.0,1.0,23,20,1.0,1.0,1.0,0.0,0
scifact,train,1249,0.76157874,0.19030344,0.22095746,0.0608242,0.6862273,0.13092202,0.16575408,0.2511714,0.10071528,0.13317804,0.1111111111111111,1.0,1.0,1.0,20,16,1.0,1.0,1.0,0.0,0
scifact,train,1253,0.57759005,0.02484274,0.05470836,0.015590068,0.5447321,0.0119690895,0.039726317,0.14368197,0.010751486,0.043998428,0.1111111111111111,1.0,0.0,1.0,25,22,0.0,0.0,0.0,0.0,0
scifact,train,1254,0.7626679,0.05454701,0.13581955,0.040697906,0.71427166,0.045231164,0.11770588,0.18849641,0.008840531,0.060846716,0.17647058823529413,1.0,0.0,1.0,18,15,1.0,1.0,1.0,0.0,0
scifact,train,1255,0.72941107,0.027489603,0.069435,0.020741174,0.6690622,0.014760017,0.04824859,0.2137938,0.012078226,0.05134268,0.05263157894736842,1.0,0.0,1.0,20,16,1.0,1.0,1.0,0.0,0
scifact,train,1257,0.66373265,0.040609717,0.07626653,0.022563927,0.6024539,0.02062118,0.050052702,0.21115763,0.0068950504,0.07488115,0.3333333333333333,1.0,1.0,1.0,29,21,0.0,0.0,0.0,0.0,0
scifact,train,1258,0.579513,0.024757028,0.060521603,0.017513381,0.548729,0.026748657,0.052894264,0.1446054,0.008719221,0.036940098,0.1111111111111111,0.0,0.0,1.0,21,15,0.0,0.0,0.0,0.0,0
scifact,train,1260,0.7596687,0.02430582,0.11227363,0.03730164,0.6717182,0.02032417,0.07342452,0.2931685,0.013272345,0.13694584,0.3333333333333333,1.0,1.0,1.0,34,21,1.0,1.0,1.0,0.0,0
scifact,train,1261,0.69945824,0.011989117,0.058368087,0.018624866,0.6256473,0.00073707104,0.020784616,0.2484933,0.032364205,0.078078255,0.17647058823529413,0.0,1.0,0.0,35,26,1.0,1.0,1.0,0.0,0
scifact,train,1263,0.85376674,0.060997963,0.29054052,0.0985848,0.7296819,0.0434801,0.19925618,0.413616,0.058392853,0.26829615,0.25,1.0,1.0,1.0,48,34,1.0,1.0,1.0,0.0,0
scifact,train,1265,0.73884237,0.019991398,0.08014685,0.02311123,0.6638798,0.011871457,0.0656026,0.2599853,0.0032486618,0.05156672,0.42857142857142855,1.0,1.0,1.0,24,20,1.0,1.0,1.0,0.0,0
scifact,train,1268,0.761201,0.070304036,0.1262886,0.037942544,0.69607234,0.06583238,0.10460085,0.21709563,0.014905453,0.067850515,0.17647058823529413,1.0,1.0,1.0,17,13,0.38685280723454163,0.38685280723454163,0.5,0.11314719276545837,1
scifact,train,1269,0.73454094,0.13905388,0.19403255,0.05313264,0.68394893,0.109220445,0.15922701,0.16863994,0.042285755,0.07247275,0.17647058823529413,1.0,1.0,1.0,21,15,1.0,1.0,1.0,0.0,0
scifact,train,1275,0.88584006,0.0782001,0.3036968,0.09194868,0.7318288,0.035488725,0.1807667,0.5133709,0.1262474,0.32455778,0.6666666666666666,1.0,1.0,1.0,55,33,0.6309297535714575,0.6309297535714575,0.6309297535714575,0.0,0
scifact,train,1276,0.79560775,0.025908947,0.13770646,0.045856595,0.7033456,0.016284883,0.091003776,0.30754054,0.032080323,0.11764133,0.25,1.0,1.0,1.0,28,20,0.6309297535714575,1.0,1.0,0.0,0
scifact,train,1284,0.7536456,0.18378335,0.21661556,0.061749045,0.67983603,0.12290245,0.15963912,0.24603191,0.12426669,0.16567585,0.17647058823529413,1.0,1.0,1.0,24,18,1.0,1.0,1.0,0.0,0
scifact,train,1288,0.8276101,0.2035315,0.26187974,0.071396805,0.7470421,0.15866625,0.20459217,0.2685598,0.13016084,0.16651514,0.5384615384615384,1.0,1.0,1.0,19,16,1.0,1.0,1.0,0.0,0
scifact,train,1289,0.5958725,0.0056537986,0.05797285,0.019369263,0.5810292,0.032697618,0.056880593,0.174467,0.055810034,0.09101593,0.1111111111111111,0.0,1.0,0.0,24,21,1.0,0.6309297535714575,1.0,0.36907024642854247,1
scifact,train,1291,0.6227877,0.06546754,0.08928549,0.024197299,0.5641215,0.042076528,0.057144165,0.19555408,0.046237662,0.06853086,0.17647058823529413,1.0,1.0,1.0,19,15,1.0,1.0,1.0,0.0,0
scifact,train,1293,0.7120599,0.15315193,0.18475688,0.053554185,0.64048344,0.113646686,0.1454804,0.23858818,0.05255246,0.12251816,0.05263157894736842,1.0,1.0,1.0,19,16,1.0,1.0,1.0,0.0,0
scifact,train,1294,0.5909431,0.017779589,0.065885246,0.019836895,0.51866573,0.0035552979,0.036890358,0.24092454,0.0344657,0.08751272,0.3333333333333333,1.0,1.0,1.0,24,20,0.18457569677956817,0.21840743681816419,0.5109559939712153,0.29254855715305106,1
scifact,train,1295,0.5388985,0.051282436,0.08407375,0.02280502,0.49396378,0.014706373,0.048416913,0.14978255,0.046072148,0.07901153,0.05263157894736842,1.0,1.0,1.0,24,20,1.0,1.0,1.0,0.0,0
scifact,train,1297,0.687818,0.091373146,0.16992801,0.047625594,0.6106978,0.047935486,0.120417684,0.2570672,0.084389955,0.13972282,0.25,1.0,1.0,1.0,20,17,1.0,1.0,1.0,0.0,0
scifact,train,1300,0.5635373,0.0026608706,0.035369337,0.01204467,0.5415126,0.0037201643,0.030411065,0.14638267,0.010108829,0.059078217,0.0,0.0,0.0,0.0,30,25,0.0,0.0,0.0,0.0,0
scifact,train,1302,0.51723,0.031855017,0.045977265,0.012381659,0.5033773,0.02332294,0.042805046,0.09655388,0.012849808,0.031507567,0.0,0.0,0.0,1.0,13,10,0.0,0.0,0.0,0.0,0
scifact,train,1304,0.5828705,0.006153047,0.035125792,0.012038989,0.5813944,0.021122813,0.042053223,0.115299106,0.012876928,0.0324108,0.0,0.0,0.0,1.0,11,9,0.6309297535714575,0.3562071871080222,0.0,-0.3562071871080222,0
scifact,train,1305,0.6222876,0.07706219,0.09800261,0.027292348,0.5951225,0.050190747,0.0751608,0.119813465,0.012633666,0.038975716,0.05263157894736842,1.0,0.0,1.0,14,12,1.0,1.0,0.6309297535714575,-0.36907024642854247,0
scifact,train,1306,0.77025104,0.021724105,0.12091339,0.03610909,0.6663492,0.0013309717,0.07067335,0.35077602,0.026417315,0.0959163,0.42857142857142855,1.0,1.0,0.0,26,21,0.0,0.0,0.19342640361727081,0.19342640361727081,1
scifact,train,1307,0.61582005,0.04321891,0.0640586,0.016513692,0.5786252,0.034362733,0.050863147,0.1386297,0.003691405,0.01903674,0.1111111111111111,1.0,0.0,1.0,19,16,1.0,1.0,0.6309297535714575,-0.36907024642854247,0
scifact,train,1308,0.60574144,0.008021295,0.07410091,0.023484271,0.5692063,0.030229986,0.05764997,0.2346647,0.061144173,0.119225144,0.17647058823529413,0.0,1.0,0.0,24,21,0.6309297535714575,1.0,0.3333333333333333,-0.6666666666666667,0
scifact,train,1309,0.5870465,0.040146768,0.055438578,0.01522386,0.5597434,0.027301311,0.04717964,0.13835715,0.0065041035,0.029957004,0.0,0.0,0.0,1.0,19,16,1.0,1.0,0.43067655807339306,-0.5693234419266069,0
scifact,train,1310,0.6324489,0.0796811,0.12559175,0.036529314,0.5980421,0.06153983,0.09766328,0.11468956,0.034019858,0.050984368,0.1111111111111111,1.0,1.0,1.0,14,12,1.0,1.0,0.6309297535714575,-0.36907024642854247,0
scifact,train,1311,0.6735955,0.0028811693,0.035375595,0.012024742,0.63190323,0.0055394173,0.033243477,0.17982677,0.009436399,0.032417238,0.1111111111111111,0.0,0.0,1.0,21,14,0.5,1.0,1.0,0.0,0
scifact,train,1312,0.77882326,0.08912122,0.12505388,0.035737988,0.65832657,0.042142928,0.069126666,0.4016557,0.13229614,0.17245936,0.25,1.0,1.0,1.0,37,31,1.0,1.0,1.0,0.0,0
scifact,train,1314,0.6182431,0.008374214,0.062024117,0.020310197,0.57695866,0.017044783,0.047100782,0.1990494,0.021824867,0.05961226,0.1111111111111111,0.0,0.0,1.0,22,18,0.6131471927654584,0.23719771276929622,0.6131471927654584,0.37594947999616213,1
scifact,train,1315,0.61509675,0.0018022656,0.061993122,0.020762501,0.5726209,0.007928848,0.044488072,0.20511028,0.017003268,0.06023197,0.1111111111111111,0.0,0.0,1.0,21,18,0.6131471927654584,0.2640681225725909,0.6131471927654584,0.3490790701928675,1
scifact,train,1322,0.7434278,0.08040655,0.13536507,0.03844689,0.6760238,0.059401274,0.099900305,0.22468016,0.0057713687,0.07205087,0.1111111111111111,1.0,1.0,1.0,21,18,1.0,1.0,1.0,0.0,0
scifact,train,1323,0.75550604,0.11725026,0.16087824,0.04664126,0.6824084,0.07729286,0.11747402,0.24365884,0.09896162,0.1261161,0.17647058823529413,1.0,1.0,1.0,23,18,1.0,1.0,1.0,0.0,0
scifact,train,1324,0.7233195,0.09981507,0.14554471,0.03984484,0.65085787,0.055758357,0.09422177,0.24153875,0.08869426,0.12398165,0.1111111111111111,1.0,1.0,1.0,22,18,1.0,1.0,1.0,0.0,0
scifact,train,1325,0.6143877,0.000282228,0.031486273,0.012240008,0.6083167,0.0064120293,0.038378775,0.17519502,0.010047182,0.029219165,0.0,0.0,0.0,1.0,29,23,0.0,0.0,1.0,1.0,1
scifact,train,1327,0.7069951,0.003798604,0.100516975,0.035498846,0.6527349,0.008680761,0.08000225,0.19714144,0.015641794,0.053063154,0.25,1.0,1.0,1.0,26,21,0.8503449055347546,0.6240505200038379,1.0,0.37594947999616213,1
scifact,train,1328,0.8458353,0.12433463,0.25357264,0.07413314,0.7428569,0.07434809,0.1675821,0.34326145,0.13526069,0.21189469,0.25,1.0,1.0,1.0,27,20,1.0,1.0,1.0,0.0,0
scifact,train,1330,0.74290985,0.01249969,0.07460809,0.023222543,0.7190612,0.007007003,0.06585401,0.165887,0.0037101805,0.04195889,0.05263157894736842,0.0,0.0,0.0,26,23,0.3562071871080222,0.3333333333333333,0.0,-0.3333333333333333,0
scifact,train,1331,0.74545646,0.015369117,0.06803459,0.021143768,0.71780354,0.0010384917,0.06713891,0.22077474,0.046853572,0.09154688,0.0,0.0,0.0,0.0,27,24,0.38685280723454163,0.43067655807339306,0.0,-0.43067655807339306,0
scifact,train,1333,0.97306275,0.34242308,0.37620956,0.10966085,0.8525493,0.26493138,0.2892983,0.4017115,0.18071447,0.27262837,0.17647058823529413,1.0,1.0,1.0,38,28,1.0,1.0,1.0,0.0,0
scifact,train,1334,0.7216432,0.012481809,0.057783723,0.018367156,0.6938186,0.014065504,0.052582145,0.20499997,0.060931176,0.09511235,0.05263157894736842,0.0,0.0,0.0,18,15,0.46927872602275644,0.2960819109658652,0.6508205185601091,0.3547386075942439,1
scifact,train,1340,0.77183324,0.22322255,0.24852514,0.07142776,0.6811196,0.1414631,0.17101586,0.30237874,0.1774768,0.22164455,0.05263157894736842,1.0,1.0,1.0,24,19,1.0,1.0,1.0,0.0,0
scifact,train,1341,0.82007,0.2608351,0.28255743,0.082505934,0.72182566,0.1771605,0.19585305,0.32748127,0.20159362,0.24829012,0.05263157894736842,1.0,1.0,1.0,24,20,1.0,1.0,1.0,0.0,0
scifact,train,1342,0.66737896,0.0020181537,0.03650409,0.012819155,0.6237035,0.00030320883,0.036323786,0.24144147,0.0055864006,0.061233938,0.05263157894736842,0.0,0.0,0.0,29,23,0.3562071871080222,0.5,1.0,0.5,1
scifact,train,1345,0.78356326,0.03845662,0.09048569,0.025839886,0.71645755,0.036290407,0.059467316,0.22586095,0.0021752715,0.045491204,0.25,1.0,0.0,1.0,22,17,0.0,0.0,0.0,0.0,0
scifact,train,1346,0.71457464,0.0070536137,0.078615546,0.026118632,0.6390231,0.012008309,0.046465218,0.27442488,0.0060708523,0.0865414,0.17647058823529413,1.0,0.0,1.0,34,23,0.2890648263178879,0.3562071871080222,1.0,0.6437928128919779,1
scifact,train,1347,0.9074464,0.039590895,0.21735871,0.070370376,0.76445997,0.017436922,0.14790225,0.47662142,0.0738467,0.24372429,0.5384615384615384,1.0,1.0,1.0,37,25,1.0,1.0,1.0,0.0,0
scifact,train,1348,0.94124323,0.06407207,0.24807519,0.075616844,0.7870514,0.03397602,0.1630587,0.5139729,0.10032034,0.28620133,0.5384615384615384,1.0,1.0,1.0,35,24,1.0,1.0,1.0,0.0,0
scifact,train,1349,0.7283286,0.11734325,0.15008491,0.043075107,0.66580516,0.080010355,0.1017161,0.2084113,0.068593994,0.10520269,0.1111111111111111,1.0,1.0,1.0,19,12,1.0,1.0,1.0,0.0,0
scifact,train,1350,0.72134817,0.09163916,0.1434502,0.041984517,0.6552483,0.056343317,0.09742355,0.22033298,0.08906859,0.11834139,0.17647058823529413,1.0,1.0,1.0,19,13,1.0,1.0,1.0,0.0,0
scifact,train,1351,0.69942683,0.014361441,0.07924229,0.025271248,0.61633813,0.013941288,0.036954045,0.3513564,0.086057305,0.15909293,0.25,1.0,1.0,0.0,37,27,1.0,1.0,1.0,0.0,0
scifact,train,1353,0.7180645,0.05192828,0.17445058,0.055960502,0.6496902,0.04198104,0.12856603,0.2279143,0.033157453,0.120263025,0.3333333333333333,1.0,1.0,1.0,20,14,0.6309297535714575,0.6309297535714575,0.6309297535714575,0.0,0
scifact,train,1355,0.82057863,0.14841598,0.20333725,0.058956258,0.6928128,0.048491716,0.11306071,0.42588603,0.24175082,0.25587136,0.05263157894736842,1.0,1.0,1.0,26,24,1.0,1.0,1.0,0.0,0
scifact,train,1356,0.8502016,0.23714918,0.29917485,0.08634252,0.7399608,0.1326654,0.20317996,0.36746937,0.20021135,0.25784785,0.1111111111111111,1.0,1.0,1.0,23,21,1.0,1.0,1.0,0.0,0
scifact,train,1360,0.88188076,0.055019975,0.27509147,0.09149172,0.73421794,0.027196288,0.16827935,0.4922094,0.09274569,0.29365557,0.3333333333333333,1.0,1.0,1.0,37,30,1.0,1.0,1.0,0.0,0
scifact,train,1361,0.7285347,0.029230416,0.11172557,0.0357425,0.6520735,0.014120519,0.06482375,0.25487062,0.013978496,0.09114449,0.3333333333333333,1.0,1.0,1.0,22,17,0.8772153153380493,1.0,0.8772153153380493,-0.1227846846619507,0
scifact,train,1364,0.49745306,0.0020577013,0.020585239,0.0077422103,0.49745306,0.0025800467,0.026145011,0.08832615,0.026478566,0.039058506,0.05263157894736842,0.0,0.0,1.0,17,14,0.0,0.0,0.0,0.0,0
scifact,train,1366,0.66056913,0.03087169,0.121169806,0.041286625,0.6024918,0.012038827,0.08434683,0.1935911,0.041331783,0.07251606,0.25,1.0,1.0,1.0,31,20,1.0,1.0,1.0,0.0,0
scifact,train,1367,0.7307149,0.014634848,0.10478026,0.033172812,0.6820061,0.029078424,0.08482033,0.21050791,0.025738537,0.06780253,0.25,1.0,1.0,1.0,13,11,0.5,0.6309297535714575,1.0,0.36907024642854247,1
scifact,train,1371,0.81177306,0.089054644,0.19319272,0.05509219,0.7226973,0.06850284,0.12997997,0.29691917,0.05699359,0.1480137,0.6666666666666666,1.0,1.0,1.0,21,16,1.0,1.0,1.0,0.0,0
scifact,train,1372,0.68629825,0.15887207,0.17537946,0.04991687,0.6381774,0.1198706,0.15159395,0.16040276,0.038474992,0.06766396,0.05263157894736842,1.0,1.0,1.0,20,15,1.0,1.0,1.0,0.0,0
scifact,train,1373,0.7338074,0.13907522,0.1978032,0.056631424,0.67766094,0.10126543,0.15840644,0.18715484,0.05087103,0.07961653,0.05263157894736842,1.0,1.0,1.0,19,14,1.0,1.0,1.0,0.0,0
scifact,train,1374,0.573221,0.019594848,0.05244565,0.015024774,0.53277165,0.010462403,0.032536805,0.2005902,0.046482682,0.091403194,0.1111111111111111,1.0,0.0,1.0,31,26,1.0,1.0,1.0,0.0,0
scifact,train,1375,0.58547044,0.03891009,0.0626573,0.017670212,0.5477246,0.025220156,0.044059098,0.14615881,0.0094130635,0.049839318,0.05263157894736842,1.0,0.0,1.0,32,26,1.0,0.6309297535714575,1.0,0.36907024642854247,1
scifact,train,1376,0.73267627,0.003071785,0.15925747,0.062252264,0.6832526,0.0013442636,0.12632352,0.17286931,0.008123651,0.06537832,0.42857142857142855,1.0,1.0,1.0,21,14,1.0,1.0,1.0,0.0,0
scifact,train,1378,0.7016785,0.09118724,0.14706069,0.04160235,0.66476077,0.054472446,0.12788421,0.13082518,0.004064992,0.031742238,0.17647058823529413,1.0,0.0,1.0,18,13,1.0,1.0,1.0,0.0,0
scifact,train,1380,0.74807537,0.00053852797,0.08869785,0.030847402,0.7099846,0.025048733,0.08496863,0.21046498,0.012133002,0.06408638,0.42857142857142855,0.0,1.0,0.0,20,17,0.7039180890341347,0.4632423659320675,0.6546154994739983,0.1913731335419308,1
scifact,train,1381,0.7699544,0.11617005,0.17532724,0.04745521,0.6759873,0.07603276,0.119874,0.3132236,0.12196167,0.17602465,0.3333333333333333,1.0,1.0,1.0,23,19,1.0,1.0,1.0,0.0,0
scifact,train,1383,0.76111424,0.027653456,0.12959278,0.043033235,0.72647065,0.05966127,0.12278867,0.22217128,0.061867177,0.10003944,0.25,0.0,1.0,1.0,19,15,1.0,1.0,1.0,0.0,0
scifact,train,1386,0.6398489,0.03046161,0.08128363,0.02377867,0.597134,0.033720076,0.052339315,0.16481024,0.02242726,0.061005943,0.17647058823529413,1.0,1.0,1.0,16,13,0.6309297535714575,1.0,1.0,0.0,0
scifact,train,1387,0.73229206,0.026608527,0.062300205,0.01705762,0.66648674,0.001416266,0.036208034,0.23423463,0.010162741,0.054184347,0.05263157894736842,0.0,0.0,0.0,24,20,0.0,0.0,0.0,0.0,0
scifact,train,1390,0.7629282,0.12476748,0.19851846,0.057962026,0.6900658,0.094934046,0.15220195,0.24287462,0.09944476,0.1325646,0.25,1.0,1.0,1.0,26,24,1.0,1.0,1.0,0.0,0
scifact,train,1391,0.7244005,0.115038514,0.18543577,0.05521902,0.65907836,0.089538395,0.1510418,0.21774048,0.05463618,0.07849194,0.05263157894736842,1.0,1.0,1.0,18,15,1.0,1.0,1.0,0.0,0
scifact,train,1392,0.74368435,0.14428955,0.16864622,0.048696887,0.64314103,0.09788358,0.12896836,0.3351444,0.080299616,0.13712573,0.17647058823529413,1.0,1.0,1.0,21,16,1.0,1.0,1.0,0.0,0
scifact,train,1393,0.7011067,0.0029948354,0.0764125,0.02887528,0.6395046,0.0066141486,0.0678857,0.24186656,0.012738064,0.044592902,0.25,0.0,1.0,0.0,25,19,0.6934264036172708,0.6934264036172708,0.8065735963827293,0.11314719276545848,1
scifact,train,1394,0.76268613,0.0025683045,0.07801336,0.027044332,0.6837482,0.0065392256,0.060179174,0.2870989,0.0024763644,0.042146266,0.42857142857142855,1.0,1.0,1.0,24,17,0.3333333333333333,0.5,0.0,-0.5,0
scifact,train,1397,0.6215548,0.0047052503,0.06926191,0.02359796,0.57749873,0.0059530735,0.03965503,0.19906937,0.018376648,0.069211215,0.3333333333333333,0.0,1.0,0.0,42,32,1.0,0.38685280723454163,0.38685280723454163,0.0,0
scifact,train,1398,0.66171473,0.00060874224,0.1170817,0.045444485,0.6008115,0.0046135187,0.07820022,0.21838915,0.017407387,0.09161031,0.42857142857142855,1.0,1.0,0.0,20,16,0.38685280723454163,0.43067655807339306,0.31546487678572877,-0.11521168128766429,0
scifact,train,1400,0.6423853,0.032469034,0.10029888,0.031470962,0.5920644,0.025101602,0.06911421,0.1677364,0.024558052,0.07238199,0.17647058823529413,1.0,1.0,1.0,27,16,0.6309297535714575,0.6309297535714575,0.6309297535714575,0.0,0
scifact,train,1401,0.75312614,0.02300924,0.16838557,0.06458091,0.67977685,0.013571262,0.12022787,0.24449754,0.022728562,0.11516875,0.3333333333333333,1.0,1.0,1.0,19,16,1.0,1.0,1.0,0.0,0
scifact,train,1402,0.65029687,0.057707906,0.093204916,0.026156804,0.5942467,0.033242524,0.061845183,0.18683395,0.00921531,0.060393304,0.05263157894736842,1.0,1.0,1.0,25,17,0.0,0.0,0.0,0.0,0
scifact,train,1403,0.6858044,0.043899953,0.1005097,0.029600775,0.61342335,0.041207016,0.07194638,0.24127023,0.008237928,0.06293586,0.17647058823529413,1.0,1.0,1.0,25,18,1.0,1.0,1.0,0.0,0
scifact,train,1404,0.69308823,0.037035584,0.099039435,0.029941559,0.6110918,0.027474463,0.068424165,0.27332148,0.031870365,0.093557626,0.17647058823529413,1.0,1.0,1.0,25,19,1.0,1.0,1.0,0.0,0
scifact,train,1405,0.60584223,0.020775795,0.07633126,0.023913028,0.5578255,0.020934045,0.07144436,0.1689154,0.0040473193,0.042708665,0.42857142857142855,1.0,1.0,1.0,30,21,0.2890648263178879,0.43067655807339306,0.5,0.06932344192660694,1
scifact,train,1406,0.70144844,0.15190488,0.1929642,0.055414785,0.638325,0.09534472,0.14106247,0.21041161,0.102874026,0.14951664,0.17647058823529413,1.0,1.0,1.0,20,17,1.0,1.0,1.0,0.0,0
scifact,train,1407,0.6324155,0.0074427724,0.06968415,0.021195108,0.60299337,0.0046437383,0.04901892,0.1286607,0.010890618,0.04945416,0.1111111111111111,0.0,1.0,0.0,15,12,0.0,0.0,0.0,0.0,0
nfcorpus,test,PLAIN-2,0.64587,0.008471191,0.0705508,0.02411891,0.6166496,0.0015072823,0.053804874,0.1409481,0.013743877,0.056869537,0.3333333333333333,0.0,1.0,0.0,13,11,0.642069004131331,0.6900990987969842,0.8012914355534833,0.11119233675649909,1
nfcorpus,test,PLAIN-12,0.57427716,0.008191645,0.04613942,0.014843673,0.5742713,0.015962541,0.0492087,0.10757731,0.016453594,0.0437755,0.0,0.0,0.0,1.0,11,10,0.1222260944107594,0.047283507740116394,0.08707562656251232,0.039792118822395924,1
nfcorpus,test,PLAIN-23,0.6476236,0.0001026392,0.042624414,0.015974222,0.62306553,0.021036863,0.04948151,0.17924738,0.0037467182,0.036353216,0.25,0.0,1.0,0.0,16,14,0.2902597849695646,0.37682380311934,0.37073340571389574,-0.006090397405444259,0
nfcorpus,test,PLAIN-33,0.6419245,0.00055480003,0.026216745,0.0087637575,0.63083726,0.0007279515,0.043028176,0.1470441,0.00027684867,0.015923068,0.17647058823529413,0.0,1.0,1.0,15,12,0.3380604315585875,0.30975857401252443,0.5880075959293031,0.27824902191677864,1
nfcorpus,test,PLAIN-44,0.65132266,0.002145648,0.032509565,0.011600546,0.59402376,0.0050426126,0.030498922,0.20796666,0.004801959,0.022980586,0.3333333333333333,1.0,1.0,1.0,11,10,0.2244914439320251,0.3185433387592681,0.28408410647017335,-0.034459232289094754,0
nfcorpus,test,PLAIN-56,0.69389546,0.02202779,0.15217638,0.05125926,0.64596677,0.018748581,0.12479144,0.15976238,0.010930717,0.08180325,0.17647058823529413,1.0,1.0,1.0,7,6,0.7698167114959014,0.7759845832949912,0.8123551929233639,0.036370609628372685,1
nfcorpus,test,PLAIN-68,0.703635,0.19860762,0.22115007,0.064601324,0.6528896,0.14944142,0.18192214,0.16915117,0.09001002,0.09619476,0.1111111111111111,1.0,1.0,1.0,10,9,0.42503508006474094,0.4150816930657179,0.6345711024749452,0.2194894094092273,1
nfcorpus,test,PLAIN-78,0.49837625,0.0063783526,0.0269683,0.008581282,0.4919979,0.013232529,0.028942496,0.0948212,0.0044127926,0.021170266,0.05263157894736842,0.0,1.0,0.0,13,9,0.12286383325798815,0.1296831420200403,0.21236222583951206,0.08267908381947175,1
nfcorpus,test,PLAIN-91,0.5529515,0.007930279,0.054903537,0.019143619,0.5397505,0.003956914,0.050201923,0.060601898,0.0027391799,0.013515998,0.1111111111111111,0.0,1.0,1.0,10,9,0.4471231595646438,0.5099614748268871,0.4263036477320642,-0.08365782709482295,0
nfcorpus,test,PLAIN-102,0.5665747,0.0050110817,0.028965771,0.009565086,0.5547722,0.0010606647,0.028870106,0.0912546,0.0036344454,0.021240778,0.0,0.0,0.0,1.0,8,7,0.1996909746856435,0.27411758934071206,0.27411758934071206,0.0,0
nfcorpus,test,PLAIN-112,0.8188565,0.060228348,0.22131181,0.06546932,0.782503,0.04933065,0.19119662,0.12117822,0.022758007,0.05485952,0.3333333333333333,1.0,1.0,1.0,6,5,0.6787243400826974,0.6838971772692509,0.7148867630751979,0.030989585805947018,1
nfcorpus,test,PLAIN-123,0.5178434,0.011574149,0.04440561,0.01480641,0.5174532,0.032354712,0.048867166,0.10482681,0.016827881,0.046092883,0.1111111111111111,0.0,1.0,1.0,13,12,0.06370866775185362,0.04538697066857469,0.06370866775185362,0.01832169708327893,1
nfcorpus,test,PLAIN-133,0.51247865,0.006534755,0.03856978,0.01302098,0.5114096,0.008072257,0.038830727,0.05922401,0.0,0.013128392,0.0,0.0,0.0,1.0,11,10,0.0,0.0,0.0,0.0,0
nfcorpus,test,PLAIN-143,0.62228334,0.008846581,0.12236515,0.047196206,0.60345006,0.0010258555,0.10467398,0.06277755,0.005274635,0.027396828,0.3333333333333333,1.0,1.0,1.0,10,9,0.5880534728737216,0.5443937249297496,0.7157024045736865,0.17130867964393692,1
nfcorpus,test,PLAIN-153,0.66348183,0.004365802,0.05568725,0.016989017,0.6357051,0.018062651,0.064267576,0.13824512,0.014338195,0.045656145,0.8181818181818182,1.0,1.0,1.0,9,8,0.930215808356812,0.9357439570168183,0.8877258956398488,-0.04801806137696951,0
nfcorpus,test,PLAIN-165,0.7798032,0.02275312,0.16445756,0.05860409,0.75213236,0.02288866,0.14339948,0.10929644,0.0054111853,0.020026065,0.17647058823529413,1.0,0.0,1.0,13,12,0.5200230562687684,0.5298342406677554,0.4549221398112597,-0.07491210085649574,0
nfcorpus,test,PLAIN-175,0.653168,0.03692758,0.0500471,0.014304191,0.61036724,0.0039006472,0.02448845,0.14266932,0.034931764,0.06316686,0.05263157894736842,1.0,1.0,1.0,6,5,0.2176889663231753,0.2176889663231753,0.253642885162309,0.03595391883913368,1
nfcorpus,test,PLAIN-186,0.6117786,0.0070016384,0.052081347,0.015883084,0.5864258,0.0036190152,0.046046555,0.09657277,0.012905076,0.028535023,0.3333333333333333,0.0,1.0,0.0,7,6,0.2200917662980802,0.2200917662980802,0.1100458831490401,-0.1100458831490401,0
nfcorpus,test,PLAIN-196,0.6308266,0.11065447,0.1544444,0.044707052,0.568063,0.0736672,0.102264225,0.20921186,0.109714046,0.13706659,0.1111111111111111,1.0,1.0,1.0,11,10,0.39956887138389763,0.4249260138166711,0.46900009332067494,0.04407407950400383,1
nfcorpus,test,PLAIN-207,0.6859051,0.007522464,0.078197,0.027575888,0.64376664,0.007906079,0.050206423,0.14174029,0.0012788028,0.062366866,0.17647058823529413,1.0,1.0,1.0,10,9,0.5239294981581574,0.5446757407423164,0.46975579500086934,-0.07491994574144706,0
nfcorpus,test,PLAIN-217,0.6150719,0.0032025576,0.026168048,0.009825319,0.6148311,0.0040943623,0.039051116,0.074711524,0.0016105175,0.019154884,0.05263157894736842,0.0,1.0,1.0,11,9,0.0,0.0,0.0,0.0,0
nfcorpus,test,PLAIN-227,0.54926443,0.015570641,0.03545034,0.010836392,0.5401146,0.008360267,0.029461265,0.112367444,0.056723963,0.06657444,0.0,0.0,0.0,1.0,14,13,0.0,0.0,0.0,0.0,0
nfcorpus,test,PLAIN-238,0.55265474,0.002552271,0.030207098,0.010450152,0.55265474,0.002552271,0.031417847,0.08540075,0.014490709,0.038200945,0.0,0.0,0.0,1.0,11,10,0.0,0.0,0.0,0.0,0
nfcorpus,test,PLAIN-248,0.6602417,0.026474953,0.050421476,0.012567147,0.6468695,0.025850415,0.051124096,0.12421906,0.01569838,0.039555334,0.17647058823529413,0.0,1.0,1.0,11,10,0.39639187290150935,0.38431135260440824,0.29062463495159,-0.09368671765281822,0
nfcorpus,test,PLAIN-259,0.6431717,0.004829049,0.10462743,0.04007545,0.6091491,0.010331869,0.079402685,0.14927286,0.017521381,0.08469154,0.3333333333333333,1.0,1.0,0.0,12,11,0.35895421017163476,0.3301376494471203,0.35895421017163476,0.02881656072451444,1
nfcorpus,test,PLAIN-270,0.6941259,0.057444453,0.10699493,0.029824257,0.66343325,0.041300893,0.092000365,0.122185774,0.0038995147,0.028208114,0.1111111111111111,1.0,0.0,1.0,13,12,0.2024832320725063,0.29345568839744024,0.3052348839397012,0.011779195542260978,1
nfcorpus,test,PLAIN-280,0.60398775,0.0,0.039058506,0.01344257,0.57653147,0.0053868294,0.032065332,0.12206602,0.004586965,0.0249528,0.42857142857142855,0.0,1.0,0.0,10,9,0.17993148201117182,0.35895421017163476,0.29849003527675555,-0.06046417489487921,0
nfcorpus,test,PLAIN-291,0.6273407,0.025178969,0.043000877,0.011899434,0.6251835,0.024791956,0.053048432,0.13327506,0.021129519,0.0313745,0.0,0.0,0.0,1.0,8,7,0.1517621910780354,0.20483424751859092,0.35895421017163476,0.15411996265304384,1
nfcorpus,test,PLAIN-307,0.688861,0.0070602894,0.054361224,0.018569354,0.6551809,0.008140802,0.04498911,0.14251474,0.013199821,0.042976707,0.25,1.0,0.0,1.0,12,11,0.7122630665145961,0.9674679834891693,1.0,0.03253201651083071,1
nfcorpus,test,PLAIN-320,0.7431466,0.029479802,0.072417974,0.022497136,0.70689625,0.03804344,0.06434327,0.15453124,0.0051511973,0.042934746,0.17647058823529413,1.0,1.0,1.0,5,4,0.0,0.0,0.0,0.0,0
nfcorpus,test,PLAIN-332,0.77355886,0.0886848,0.1606729,0.047700804,0.70112646,0.07306337,0.11596495,0.24144131,0.052071452,0.1112968,0.25,1.0,1.0,1.0,18,12,0.6131471927654584,0.6131471927654584,0.6131471927654584,0.0,0
nfcorpus,test,PLAIN-344,0.6905234,0.01120019,0.072113395,0.022970857,0.66473,0.022893667,0.063610554,0.15034865,0.019021913,0.03697577,0.05263157894736842,0.0,0.0,1.0,17,16,0.22006250035918146,0.23516486475074658,0.3209596161371144,0.0857947513863678,1
nfcorpus,test,PLAIN-358,0.5640275,0.006399393,0.031427205,0.010869778,0.5524254,0.00501132,0.026836038,0.06455392,0.0023873113,0.00964956,0.05263157894736842,0.0,0.0,1.0,17,9,0.0,0.0,0.0,0.0,0
nfcorpus,test,PLAIN-371,0.57182163,0.024485707,0.08683276,0.02697566,0.5253571,0.011275828,0.04622072,0.15488164,0.033379547,0.08314236,0.42857142857142855,1.0,1.0,1.0,13,9,0.38009376671593426,0.38009376671593426,0.6334896111932237,0.2533958444772894,1
nfcorpus,test,PLAIN-383,0.6250047,0.031964004,0.12841016,0.0467588,0.58784723,0.027781844,0.10645357,0.12385831,0.013940528,0.059613533,0.42857142857142855,1.0,1.0,1.0,19,17,0.21398626473452756,0.14606834984270645,0.21398626473452756,0.06791791489182111,1
nfcorpus,test,PLAIN-395,0.5063245,0.0016388297,0.033812374,0.01194139,0.48378175,0.0064694583,0.03248191,0.13372296,0.021747664,0.036584057,0.17647058823529413,0.0,1.0,1.0,13,12,0.0,0.0,0.0,0.0,0
nfcorpus,test,PLAIN-407,0.7700088,0.1371823,0.21308821,0.059761178,0.7013858,0.08845669,0.17153788,0.22874324,0.11691311,0.13192597,0.3333333333333333,1.0,1.0,1.0,9,8,0.6387878864795979,0.6387878864795979,0.6387878864795979,0.0,0
nfcorpus,test,PLAIN-418,0.6662297,0.048593402,0.12540674,0.040424597,0.6467951,0.065316856,0.12392163,0.120526865,0.009935573,0.052301005,0.17647058823529413,0.0,1.0,1.0,12,6,0.7974779478881874,0.7974779478881874,0.8670870086853021,0.06960906079711471,1
nfcorpus,test,PLAIN-430,0.7033421,0.021321177,0.1518662,0.04807708,0.6392091,0.0059781075,0.12141818,0.21377662,0.051143557,0.094534695,0.6666666666666666,1.0,1.0,1.0,14,9,0.5312528594318726,0.5312528594318726,0.5758211900829147,0.04456833065104204,1
nfcorpus,test,PLAIN-441,0.70236206,0.033929527,0.1503762,0.04826717,0.651631,0.01622206,0.11475092,0.16910344,0.05902484,0.112090945,0.25,1.0,1.0,1.0,11,10,0.7463470768586832,0.777747077360283,0.9720511080339677,0.19430403067368462,1
nfcorpus,test,PLAIN-457,0.5372747,0.0005624294,0.047202736,0.016791763,0.5295333,0.019895911,0.04835561,0.090852514,0.0006028637,0.02691529,0.05263157894736842,0.0,0.0,1.0,10,9,0.0,0.0,0.0,0.0,0
nfcorpus,test,PLAIN-468,0.73646235,0.06038034,0.1772247,0.054006822,0.67112297,0.05319661,0.14516908,0.2177979,0.023945808,0.11825584,0.6666666666666666,1.0,1.0,1.0,27,17,0.4260967530293621,0.2641400331850027,0.31974692189928905,0.05560688871428637,1
nfcorpus,test,PLAIN-478,0.5144172,0.018091738,0.0468722,0.01429897,0.51380146,0.024013132,0.049604982,0.08810206,0.0071876496,0.04277505,0.05263157894736842,0.0,1.0,1.0,3,2,0.0,0.0,0.0,0.0,0
nfcorpus,test,PLAIN-488,0.62580925,0.016032457,0.1537284,0.04979711,0.60302514,0.01707244,0.15406704,0.13837993,0.004247725,0.065806985,1.0,1.0,1.0,1.0,5,4,1.0,1.0,0.9337457765456111,-0.06625422345438892,0
nfcorpus,test,PLAIN-499,0.36970752,0.0084195435,0.038239032,0.013635171,0.34556422,0.0032163858,0.023306757,0.089974195,0.00903818,0.0366698,0.25,1.0,1.0,1.0,4,3,0.3187939258847264,0.33405144466421566,0.23440650992329992,-0.09964493474091574,0
nfcorpus,test,PLAIN-510,0.49365258,0.031368256,0.04798472,0.012677243,0.48852172,0.02752477,0.043931782,0.05305139,0.012373306,0.022551693,0.0,0.0,0.0,1.0,4,3,0.0,0.0,0.30260241349881345,0.30260241349881345,1
nfcorpus,test,PLAIN-520,0.3506556,0.003039509,0.0200046,0.0069835247,0.34720373,0.0023272038,0.020243436,0.08384949,0.031844854,0.04244125,0.0,0.0,0.0,0.0,3,2,0.0,0.0,0.0,0.0,0
nfcorpus,test,PLAIN-531,0.6065198,0.03281772,0.08352411,0.026371967,0.5735283,0.019746125,0.066426754,0.10997182,0.022478253,0.048805386,0.25,1.0,1.0,1.0,3,2,0.485813635742251,0.44903378752009254,0.41628452663299526,-0.03274926088709729,0
nfcorpus,test,PLAIN-541,0.49924824,0.013794988,0.057777703,0.017520618,0.4759924,0.00076699257,0.041594476,0.07751943,0.022654958,0.036977723,0.1111111111111111,1.0,1.0,1.0,5,4,0.29178833734520576,0.21252302622743086,0.21793006430423467,0.005407038076803816,1
nfcorpus,test,PLAIN-551,0.5343874,0.008104801,0.02472967,0.007915692,0.5262826,0.0018933415,0.02163434,0.07377139,0.0071565807,0.021067992,0.0,0.0,0.0,0.0,4,3,0.6131471927654584,0.6131471927654584,0.3065735963827292,-0.3065735963827292,0
nfcorpus,test,PLAIN-561,0.61383575,0.010475516,0.13612872,0.050265703,0.58545333,0.010380566,0.1077463,0.09460803,0.00031652302,0.06687685,0.1111111111111111,1.0,1.0,1.0,5,4,0.35895421017163476,0.35895421017163476,0.35895421017163476,0.0,0
nfcorpus,test,PLAIN-571,0.5884906,0.035834074,0.20246536,0.07443286,0.55194193,0.043126762,0.16717711,0.14613788,0.0075193793,0.100965366,0.42857142857142855,1.0,1.0,1.0,4,3,0.2918104499436024,0.2797643380184693,0.38121301394452073,0.10144867592605145,1
nfcorpus,test,PLAIN-583,0.5786356,0.019694507,0.038787544,0.010603867,0.55238235,0.0020837188,0.021863043,0.09768641,0.0,0.021696925,0.1111111111111111,1.0,0.0,1.0,4,3,0.0,0.0,0.0,0.0,0
nfcorpus,test,PLAIN-593,0.54132485,0.009314299,0.04006183,0.014158313,0.5281342,0.0064450502,0.027410805,0.099500075,0.052361503,0.059975177,0.05263157894736842,0.0,1.0,0.0,3,2,0.46927872602275644,0.46927872602275644,0.2960819109658652,-0.17319681505689122,0
nfcorpus,test,PLAIN-603,0.40929523,0.02693069,0.06772888,0.020449834,0.39073816,0.011447132,0.0493519,0.061856866,0.016059756,0.042877853,0.1111111111111111,1.0,1.0,1.0,4,3,0.0,0.0,0.0,0.0,0
nfcorpus,test,PLAIN-613,0.6315316,0.0061063766,0.08767027,0.032014202,0.59348005,0.008584619,0.07070571,0.13509926,0.008260846,0.04474008,0.3333333333333333,1.0,1.0,1.0,5,4,0.13886244387355456,0.13886244387355456,0.2200917662980802,0.08122932242452563,1
nfcorpus,test,PLAIN-623,0.6146351,0.0476591,0.09171271,0.02777512,0.57789236,0.022252202,0.066817105,0.12247582,0.037887424,0.07214677,0.05263157894736842,1.0,1.0,1.0,6,5,0.24890832702259466,0.24890832702259466,0.24890832702259466,0.0,0
nfcorpus,test,PLAIN-634,0.6439233,0.0,0.11783993,0.04244376,0.6044102,0.0,0.07875043,0.1317103,0.0,0.050175756,0.5384615384615384,1.0,1.0,1.0,3,2,0.4249260138166711,0.45374257454118555,0.45374257454118555,0.0,0
nfcorpus,test,PLAIN-645,0.52769184,0.031361878,0.059814572,0.01750268,0.52769184,0.031361878,0.059814572,0.018055484,0.018055484,0.018055484,0.0,0.0,0.0,1.0,3,2,0.0,0.0,0.0,0.0,0
nfcorpus,test,PLAIN-660,0.6349665,0.026442885,0.101095915,0.032100957,0.5986088,0.023286104,0.09233451,0.12119226,0.004031852,0.016697288,0.6666666666666666,1.0,1.0,1.0,3,2,0.9337457765456111,0.9337457765456111,1.0,0.06625422345438892,1
nfcorpus,test,PLAIN-671,0.5867844,0.09209722,0.10821608,0.030593596,0.54944474,0.054757535,0.07087639,0.124465674,0.0628548,0.07580048,0.05263157894736842,1.0,1.0,1.0,3,2,1.0,1.0,1.0,0.0,0
nfcorpus,test,PLAIN-681,0.57107353,0.06438035,0.09481102,0.025921676,0.542547,0.05626604,0.08143103,0.10927692,0.0030640364,0.013034657,0.05263157894736842,0.0,0.0,1.0,5,4,1.0,1.0,1.0,0.0,0
nfcorpus,test,PLAIN-691,0.60894525,0.0055786967,0.037980795,0.012986592,0.5734289,0.0039305687,0.03604853,0.15581262,0.026238188,0.04864323,0.42857142857142855,1.0,1.0,1.0,5,4,0.0,0.0,0.0,0.0,0
nfcorpus,test,PLAIN-701,0.6568375,0.031685293,0.106367886,0.031450827,0.59855574,0.025672019,0.0864349,0.19427252,0.020044163,0.08926642,0.5384615384615384,1.0,1.0,1.0,5,4,0.510383374527714,0.5390031312763821,0.647939623894138,0.10893649261775584,1
nfcorpus,test,PLAIN-711,0.5932396,0.06580192,0.081223845,0.02335788,0.5711206,0.046860993,0.0657264,0.0759058,0.0013269782,0.019479156,0.05263157894736842,1.0,0.0,1.0,4,3,0.35895421017163476,0.3052348839397012,0.5384313152574522,0.23319643131775103,1
nfcorpus,test,PLAIN-721,0.6288241,0.018502772,0.103496134,0.02817002,0.58696836,0.01947844,0.09794986,0.14277138,0.003252253,0.022412002,0.8181818181818182,1.0,1.0,1.0,3,2,1.0,1.0,1.0,0.0,0
nfcorpus,test,PLAIN-731,0.64650583,0.056910872,0.10528898,0.027515208,0.6028341,0.044719577,0.092185974,0.14557251,0.022689164,0.058755286,0.8181818181818182,1.0,1.0,1.0,5,4,0.72891152902702,0.6816604510406282,0.6618313225363276,-0.01982912850430063,0
nfcorpus,test,PLAIN-741,0.5820731,0.04261011,0.1039426,0.032258138,0.5496422,0.037015975,0.08016747,0.10810304,0.004631698,0.04529357,0.42857142857142855,1.0,1.0,1.0,3,2,0.6421867266689011,0.6421867266689011,0.5072380780124418,-0.13494864865645928,0
nfcorpus,test,PLAIN-751,0.58027697,0.026188612,0.08502975,0.027378177,0.55389535,0.028931975,0.064237505,0.09708333,0.009144701,0.04245531,0.17647058823529413,1.0,1.0,1.0,5,4,0.0,0.0,0.0,0.0,0
nfcorpus,test,PLAIN-761,0.64964306,0.0023741722,0.104441464,0.03906575,0.61590415,0.0024980307,0.089322925,0.12078971,0.016240656,0.05315298,0.17647058823529413,1.0,1.0,0.0,3,2,0.15130120674940672,0.15130120674940672,0.19092086617893467,0.03961965942952794,1
nfcorpus,test,PLAIN-771,0.61780137,0.010502994,0.17516163,0.06886019,0.5927396,0.012308061,0.15222672,0.092016235,0.0024600774,0.07213383,0.17647058823529413,1.0,1.0,1.0,8,7,1.0,1.0,1.0,0.0,0
nfcorpus,test,PLAIN-782,0.44191945,0.06583315,0.09899843,0.028317906,0.41280675,0.036720455,0.06988573,0.09704232,0.044127703,0.05050063,0.05263157894736842,1.0,1.0,1.0,3,2,0.0,0.0,0.0,0.0,0
nfcorpus,test,PLAIN-792,0.5931874,0.09871557,0.18696848,0.05783996,0.56415254,0.09398487,0.1659821,0.10005538,0.0032725185,0.036150858,0.1111111111111111,1.0,0.0,1.0,4,3,0.4935232796777481,0.4935232796777481,0.4935232796777481,0.0,0
nfcorpus,test,PLAIN-806,0.6997863,0.00920105,0.11169726,0.036132693,0.65289396,0.004516959,0.069607675,0.16905673,0.012748957,0.06763032,0.3333333333333333,1.0,1.0,1.0,4,3,0.9363792118010483,0.9363792118010483,0.9052116356304495,-0.031167576170598843,0
nfcorpus,test,PLAIN-817,0.5014569,0.0035963356,0.040252656,0.014596133,0.5014569,0.004712045,0.04085338,0.06286506,0.010995261,0.016375005,0.0,0.0,0.0,1.0,5,4,0.0,0.0,0.0,0.0,0
nfcorpus,test,PLAIN-827,0.5428323,0.0078104734,0.045321614,0.0148417605,0.5137541,0.0010585785,0.031083345,0.10830425,0.011376992,0.036461323,0.25,1.0,1.0,1.0,4,3,0.6371523797895857,0.6122496142821666,0.6437684113853991,0.031518797103232465,1
nfcorpus,test,PLAIN-838,0.6575183,0.0043020844,0.1854218,0.07868159,0.615771,0.0010451674,0.14810473,0.14891839,0.0097605735,0.09964107,0.42857142857142855,1.0,1.0,1.0,5,4,0.7767471075223498,0.7767471075223498,0.7767471075223498,0.0,0
nfcorpus,test,PLAIN-850,0.5704606,0.05327189,0.12644446,0.03832526,0.5303379,0.04379022,0.0940994,0.13374223,0.02533818,0.056171015,0.25,1.0,1.0,1.0,4,3,0.6421867266689011,0.6489315753318466,0.7819835854675756,0.13305201013572898,1
nfcorpus,test,PLAIN-872,0.59476256,0.048031867,0.12408528,0.031033201,0.5448085,0.032338858,0.08865771,0.16651341,0.041607104,0.08285,0.6666666666666666,1.0,1.0,1.0,7,6,0.0,0.0,0.0,0.0,0
nfcorpus,test,PLAIN-882,0.34101853,0.0063053668,0.049922764,0.017052695,0.33471316,0.004678726,0.043617398,0.07199518,0.015309427,0.049573056,0.1111111111111111,0.0,1.0,0.0,4,3,0.7222954974312067,0.7034066032439749,0.6987957033953602,-0.004610899848614625,0
nfcorpus,test,PLAIN-892,0.63506395,0.043587685,0.1252706,0.0386917,0.5972882,0.03402829,0.094008386,0.12591913,0.02108612,0.07715838,0.42857142857142855,1.0,1.0,1.0,5,4,0.7859162856301584,0.8006937664098821,0.8006937664098821,0.0,0
nfcorpus,test,PLAIN-902,0.63879144,0.09584504,0.13177931,0.038184363,0.59581697,0.078240156,0.093714714,0.14324829,0.05557725,0.08102053,0.1111111111111111,1.0,1.0,1.0,5,4,0.6366824387328317,0.6366824387328317,0.6366824387328317,0.0,0
nfcorpus,test,PLAIN-913,0.6361606,0.0032000542,0.12114918,0.041445512,0.59864557,0.0027905703,0.10212582,0.13127227,0.0062220544,0.048498236,0.6666666666666666,1.0,1.0,1.0,3,2,0.8630152897016883,0.8263333286520084,0.7849818707050383,-0.04135145794697004,0
nfcorpus,test,PLAIN-924,0.5939621,0.07255983,0.09931648,0.0277626,0.565198,0.044081748,0.07995838,0.09588027,0.04514265,0.052876487,0.1111111111111111,1.0,1.0,1.0,3,2,0.2200917662980802,0.2200917662980802,0.2200917662980802,0.0,0
nfcorpus,test,PLAIN-934,0.61289376,0.0,0.016411304,0.0063817813,0.58417875,0.0011669993,0.017352164,0.104303956,0.0,0.006183386,0.5384615384615384,0.0,1.0,0.0,2,1,0.6496872770120412,0.7084409501232901,0.6468562235661909,-0.061584726557099234,0
nfcorpus,test,PLAIN-946,0.48424962,0.005623132,0.03358519,0.0112156365,0.48424962,0.005623132,0.03358519,0.044175953,0.006030783,0.044175953,0.0,0.0,0.0,1.0,2,1,0.0,0.0,0.0,0.0,0
nfcorpus,test,PLAIN-956,0.6266666,0.05626756,0.09234172,0.026688928,0.59020823,0.049348712,0.07215178,0.12152785,0.020622611,0.046300024,0.42857142857142855,1.0,1.0,1.0,3,2,0.6464018466408364,0.6316243658611128,0.7100226348397881,0.0783982689786753,1
nfcorpus,test,PLAIN-966,0.54972655,0.027213931,0.043738306,0.012293183,0.5222987,0.00047373772,0.018180072,0.09142622,0.027240753,0.05112979,0.05263157894736842,1.0,1.0,1.0,3,2,0.0,0.0,0.0,0.0,0
nfcorpus,test,PLAIN-977,0.4590626,0.0065986514,0.040139347,0.013572497,0.4437666,0.0034054518,0.029723972,0.095154196,0.021448523,0.026194721,0.0,0.0,0.0,1.0,4,3,0.46927872602275644,0.2960819109658652,0.2960819109658652,0.0,0
nfcorpus,test,PLAIN-987,0.5536997,0.009521544,0.029916108,0.008980076,0.52764946,0.0061001778,0.027323127,0.099555105,0.0033795238,0.01799032,0.25,1.0,0.0,1.0,3,2,0.0,0.0,0.0,0.0,0
nfcorpus,test,PLAIN-997,0.34015864,0.006222874,0.028927356,0.009006065,0.33221847,0.0042004585,0.022432446,0.02646726,0.0042938553,0.020912038,0.1111111111111111,1.0,1.0,1.0,5,4,0.0,0.0,0.0,0.0,0
nfcorpus,test,PLAIN-1008,0.5400926,0.014380753,0.05755496,0.015639406,0.52941555,0.022659898,0.04962203,0.07385984,0.0055994093,0.026695669,0.05263157894736842,0.0,1.0,1.0,4,3,0.0,0.0,0.0,0.0,0
nfcorpus,test,PLAIN-1018,0.4564231,0.0038260818,0.040807426,0.013722209,0.4284834,0.0023604631,0.036487788,0.09313232,0.0044976473,0.01442349,0.6666666666666666,1.0,1.0,1.0,2,1,0.2915590498767101,0.3503127229879589,0.412449713642891,0.06213699065493211,1
nfcorpus,test,PLAIN-1028,0.6428751,0.0025323033,0.031575203,0.01081332,0.6213662,0.0012347698,0.025835931,0.096496135,0.016808622,0.026724726,0.17647058823529413,1.0,1.0,1.0,5,4,0.0,0.0,0.0,0.0,0
nfcorpus,test,PLAIN-1039,0.73773307,0.14419532,0.21283913,0.061799344,0.67378694,0.12589443,0.16963887,0.21315369,0.06100285,0.11860046,0.25,1.0,1.0,1.0,4,3,1.0,1.0,1.0,0.0,0
nfcorpus,test,PLAIN-1050,0.4209605,0.00070920587,0.012832701,0.0041516377,0.4209605,0.0012086332,0.015491843,0.054383896,0.0021492168,0.011645667,0.0,0.0,0.0,1.0,7,6,0.0,0.0,0.09478836436955079,0.09478836436955079,1
nfcorpus,test,PLAIN-1066,0.44299278,0.0016311109,0.035156935,0.011405394,0.4429433,0.0016086698,0.03525418,0.04523635,0.0012831688,0.04000926,0.0,0.0,0.0,1.0,6,5,0.0,0.0,0.0,0.0,0
nfcorpus,test,PLAIN-1088,0.56599057,0.021018207,0.17309323,0.060578406,0.527248,0.017167509,0.13435069,0.12914178,0.012835681,0.106808275,0.1111111111111111,1.0,1.0,1.0,3,2,0.5531464700081437,0.5531464700081437,0.5531464700081437,0.0,0
nfcorpus,test,PLAIN-1098,0.5241169,0.0066871643,0.02994603,0.009929353,0.50856584,0.0076661706,0.026671499,0.058883876,0.00080403686,0.005817443,0.17647058823529413,0.0,0.0,1.0,3,2,0.0,0.0,0.0,0.0,0
nfcorpus,test,PLAIN-1109,0.78119004,0.0836913,0.20541108,0.058089677,0.73584276,0.08001828,0.1835813,0.15115754,0.01224342,0.06214588,0.5384615384615384,1.0,1.0,1.0,6,5,0.7467045958894682,0.7630946912803437,0.5957616317188127,-0.167333059561531,0
nfcorpus,test,PLAIN-1119,0.6835735,0.059577405,0.103334606,0.028950345,0.64834076,0.04139173,0.0756399,0.11744249,0.013489455,0.044764906,0.05263157894736842,1.0,1.0,1.0,4,3,0.0,0.0,0.0,0.0,0
nfcorpus,test,PLAIN-1130,0.7043036,0.20052838,0.25950316,0.07588918,0.64946985,0.14569461,0.2105796,0.18277928,0.110927686,0.1369592,0.1111111111111111,1.0,1.0,1.0,5,4,1.0,1.0,1.0,0.0,0
nfcorpus,test,PLAIN-1141,0.61075026,0.049037457,0.09970975,0.02979608,0.58543664,0.05561042,0.08057761,0.10628866,0.008357093,0.03783661,0.25,1.0,1.0,1.0,7,6,0.36288691033421755,0.36885567213865295,0.20511666732794362,-0.16373900481070933,0
nfcorpus,test,PLAIN-1151,0.58600646,0.06274891,0.08459735,0.023279976,0.5621109,0.053361356,0.07225329,0.104488745,0.0037140101,0.025083736,0.1111111111111111,1.0,0.0,1.0,7,6,0.46035860613699897,0.4451989745299882,0.26845503571754264,-0.17674393881244554,0
nfcorpus,test,PLAIN-1161,0.60734606,0.07060951,0.14719391,0.042850666,0.5648757,0.05467856,0.11599097,0.14156775,0.046839952,0.056393534,0.25,1.0,1.0,1.0,5,4,0.0,0.0,0.0,0.0,0
nfcorpus,test,PLAIN-1172,0.53124654,0.08091533,0.09722185,0.02832133,0.49450037,0.04950568,0.06319311,0.12248725,0.086064935,0.09460908,0.05263157894736842,1.0,1.0,1.0,5,4,0.2200917662980802,0.2200917662980802,0.2200917662980802,0.0,0
nfcorpus,test,PLAIN-1183,0.42719144,0.034536093,0.080494314,0.02131307,0.40390062,0.032475114,0.06705052,0.07803619,0.00040018559,0.019642442,0.6666666666666666,1.0,1.0,1.0,2,1,0.314880130667631,0.17993148201117182,0.06943122193677728,-0.11050026007439454,0
nfcorpus,test,PLAIN-1193,0.6581363,0.022618175,0.06933689,0.021574527,0.6134519,0.018256247,0.055541694,0.14894798,0.0069172382,0.032125175,0.42857142857142855,1.0,1.0,1.0,4,3,0.08514311764162101,0.09478836436955079,0.13886244387355456,0.04407407950400377,1
nfcorpus,test,PLAIN-1203,0.64933556,0.031752467,0.09674007,0.030972945,0.609331,0.023322344,0.06584859,0.13334857,0.0058482885,0.07470153,0.1111111111111111,1.0,1.0,1.0,4,3,0.35895421017163476,0.35895421017163476,0.45374257454118555,0.09478836436955079,1
nfcorpus,test,PLAIN-1214,0.4461517,0.004036814,0.03392124,0.011504022,0.4421149,0.006398499,0.035145074,0.050352037,4.3183565e-05,0.015783593,0.1111111111111111,0.0,0.0,0.0,4,3,0.0,0.0,0.0,0.0,0
nfcorpus,test,PLAIN-1225,0.6330597,0.002430141,0.08076477,0.028027855,0.5921798,0.00049346685,0.07110399,0.13626641,0.0031663477,0.0305807,0.8181818181818182,1.0,1.0,1.0,3,2,0.6399441431116328,0.6366587127404282,0.39794789654359625,-0.23871081619683193,0
nfcorpus,test,PLAIN-1236,0.6127034,0.018718898,0.10939574,0.03879989,0.5757589,0.005291879,0.07831001,0.1445269,0.061782658,0.08560878,0.3333333333333333,1.0,1.0,0.0,4,3,0.3391602052736161,0.3391602052736161,0.3391602052736161,0.0,0
nfcorpus,test,PLAIN-1249,0.568563,0.004037738,0.06014818,0.022180423,0.5553059,0.0060772896,0.047661304,0.06906149,0.0032210797,0.013200395,0.0,0.0,0.0,1.0,4,3,0.0,0.0,0.0,0.0,0
nfcorpus,test,PLAIN-1262,0.71156543,0.10237682,0.19140196,0.05675898,0.65328735,0.0850817,0.1405294,0.19426033,0.023171544,0.1368759,0.17647058823529413,1.0,1.0,1.0,7,6,0.46900009332067494,0.46900009332067494,0.46900009332067494,0.0,0
nfcorpus,test,PLAIN-1275,0.6410122,0.05093175,0.17363623,0.05693799,0.6000072,0.043186367,0.15847668,0.13668339,0.02581796,0.072707936,0.3333333333333333,1.0,1.0,1.0,5,4,0.5894280199323519,0.5887498202463202,0.5541432109622959,-0.03460660928402426,0
nfcorpus,test,PLAIN-1288,0.57853895,0.03794688,0.06585395,0.019115815,0.54815614,0.032032907,0.05164978,0.109095395,0.0078193545,0.05275163,0.3333333333333333,1.0,1.0,1.0,3,2,0.42883980903376645,0.510069131458292,0.5552448576790283,0.04517572622073629,1
nfcorpus,test,PLAIN-1299,0.5959748,0.056449056,0.086515546,0.024148675,0.5538196,0.03291887,0.05439779,0.14051744,0.048026785,0.086152494,0.3333333333333333,1.0,1.0,1.0,4,3,0.2200917662980802,0.2200917662980802,0.3301376494471203,0.11004588314904012,1
nfcorpus,test,PLAIN-1309,0.42757198,0.009648681,0.025470555,0.0067676194,0.42757198,0.009648681,0.025470555,0.052449018,0.0018588603,0.032165572,0.0,0.0,0.0,1.0,3,2,0.0,0.0,0.0,0.0,0
nfcorpus,test,PLAIN-1320,0.5787824,0.03151512,0.063081026,0.018864758,0.54301995,0.0035777688,0.035855174,0.119208105,0.00613638,0.065570235,0.25,1.0,1.0,1.0,7,6,0.4935232796777481,0.4935232796777481,0.3212446320893053,-0.1722786475884428,0
nfcorpus,test,PLAIN-1331,0.48593396,0.0014379919,0.015154868,0.005152387,0.48593396,0.0014379919,0.015154868,0.07026628,0.010140538,0.07026628,0.0,0.0,0.0,1.0,2,1,0.0,0.0,0.0,0.0,0
nfcorpus,test,PLAIN-1342,0.6368857,0.025712192,0.14894593,0.047054183,0.5673236,0.017755032,0.11161813,0.23187353,0.025529921,0.105624095,0.8181818181818182,1.0,1.0,1.0,5,4,0.5328965452000555,0.5580759111248786,0.45699707501773656,-0.10107883610714208,0
nfcorpus,test,PLAIN-1353,0.5108425,0.010777652,0.06768629,0.022621276,0.48490688,0.0007996857,0.04474625,0.08645208,0.030858338,0.0392275,0.17647058823529413,1.0,1.0,1.0,3,2,0.0,0.0,0.0,0.0,0
nfcorpus,test,PLAIN-1363,0.42241153,0.020225942,0.070869714,0.021775393,0.42241153,0.020225942,0.071628034,0.047468163,0.0036530271,0.021172382,0.05263157894736842,0.0,1.0,1.0,4,3,0.1100458831490401,0.2200917662980802,0.2200917662980802,0.0,0
nfcorpus,test,PLAIN-1374,0.6238472,0.0021806955,0.052208424,0.018263794,0.6040121,0.0018149614,0.039507568,0.09311491,0.01635468,0.022640169,0.05263157894736842,0.0,0.0,1.0,4,3,0.0,0.0,0.0,0.0,0
nfcorpus,test,PLAIN-1387,0.6900939,0.060266793,0.14396149,0.04268963,0.6527904,0.050814807,0.12123901,0.12434478,0.0029311106,0.04093866,0.3333333333333333,1.0,1.0,1.0,4,3,0.6489315753318466,0.6421867266689011,0.5631102580041939,-0.07907646866470719,0
nfcorpus,test,PLAIN-1398,0.65105,0.0016750693,0.058681965,0.019863272,0.604156,0.00199759,0.0476892,0.18957713,0.023002774,0.067101374,0.3333333333333333,1.0,1.0,0.0,4,3,1.0,1.0,1.0,0.0,0
nfcorpus,test,PLAIN-1409,0.5532902,0.0072618723,0.03516513,0.0115633495,0.54523027,0.007722676,0.03127116,0.11807926,0.013378046,0.04258079,0.05263157894736842,0.0,1.0,0.0,4,3,0.5252098581198154,0.5113553108118987,0.4354747455750673,-0.07588056523683134,0
nfcorpus,test,PLAIN-1419,0.5424209,0.006306052,0.04109621,0.015185668,0.5234504,0.0038571954,0.025607407,0.08536352,0.01999785,0.04017839,0.17647058823529413,1.0,1.0,1.0,3,2,0.4152807670887413,0.3187939258847264,0.5107164012496702,0.19192247536494383,1
nfcorpus,test,PLAIN-1429,0.6178134,0.038933754,0.08417016,0.02565608,0.5816219,0.026307523,0.06347847,0.120638445,0.00088098645,0.054385513,0.17647058823529413,1.0,1.0,1.0,8,6,0.0,0.0,0.0,0.0,0
nfcorpus,test,PLAIN-1441,0.44436783,0.0020899773,0.032870173,0.01254978,0.42116064,0.0039898753,0.034480035,0.09065688,7.212162e-05,0.022321641,0.5384615384615384,1.0,1.0,0.0,2,1,0.4671223597454321,0.4946396555628011,0.34685330469621795,-0.14778635086658315,0
nfcorpus,test,PLAIN-1453,0.5487187,0.002294004,0.029370487,0.0091980565,0.5324928,0.0040990114,0.029065132,0.1224052,0.042537823,0.048366718,0.0,0.0,0.0,0.0,4,3,0.34527837610864365,0.45953262310069537,0.5428183923453894,0.08328576924469405,1
nfcorpus,test,PLAIN-1463,0.5737283,0.0074899793,0.064876795,0.01994428,0.53942204,0.003396213,0.04656133,0.12549318,0.011138834,0.037394375,0.42857142857142855,1.0,1.0,1.0,6,5,0.4085359184257956,0.42520843362602384,0.4085359184257956,-0.016672515200228222,0
nfcorpus,test,PLAIN-1473,0.47603542,0.039429605,0.06753418,0.019364811,0.45079067,0.018941015,0.042289436,0.08414914,0.025199547,0.040325835,0.05263157894736842,1.0,1.0,1.0,5,4,1.0,1.0,1.0,0.0,0
nfcorpus,test,PLAIN-1485,0.4907227,0.024044186,0.04523018,0.012807137,0.46736062,0.0053239167,0.02694878,0.07787353,0.02039975,0.041901886,0.1111111111111111,1.0,1.0,1.0,3,2,0.0,0.0,0.0,0.0,0
nfcorpus,test,PLAIN-1496,0.45516777,0.0043657124,0.0330213,0.010855051,0.45516777,0.01668194,0.03466901,0.041054115,0.00517264,0.0109398365,0.05263157894736842,0.0,1.0,1.0,3,2,0.0,0.0,0.0,0.0,0
nfcorpus,test,PLAIN-1506,0.5988508,0.00522238,0.1314581,0.044808574,0.56313854,0.0053648353,0.09574586,0.1195157,0.0004748106,0.07843171,0.25,1.0,1.0,1.0,4,3,0.13886244387355456,0.13886244387355456,0.13886244387355456,0.0,0
nfcorpus,test,PLAIN-1516,0.3688232,0.011142671,0.028723717,0.008477598,0.3688232,0.011142671,0.03160137,0.07283497,0.006433964,0.015710115,0.0,0.0,0.0,1.0,3,2,0.0,0.0,0.0,0.0,0
nfcorpus,test,PLAIN-1527,0.6774975,0.061220944,0.095638156,0.026482748,0.6358559,0.04649484,0.079149604,0.13880521,0.018476188,0.034627564,0.3333333333333333,1.0,1.0,1.0,4,3,0.8006937664098821,0.7818048722226502,0.7162874455029682,-0.06551742671968197,0
nfcorpus,test,PLAIN-1537,0.7170861,0.0085606575,0.08140069,0.023186298,0.68837625,0.010995269,0.06949735,0.103814766,0.0015155673,0.031019941,0.6666666666666666,1.0,1.0,1.0,7,6,0.747935059673333,0.7027284035579431,0.5648901044069582,-0.1378382991509849,0
nfcorpus,test,PLAIN-1547,0.6499134,0.0024496317,0.16867688,0.061963882,0.62157726,0.0074813366,0.14533478,0.11122599,0.01677233,0.023981765,0.1111111111111111,1.0,1.0,1.0,4,3,0.0,0.0,0.0,0.0,0
nfcorpus,test,PLAIN-1557,0.6388291,0.07810271,0.1320253,0.036362424,0.6010934,0.051240146,0.09477615,0.12578559,0.037467062,0.052194536,0.17647058823529413,1.0,1.0,1.0,2,1,0.22400556151517556,0.24890832702259466,0.15850703974098107,-0.09040128728161359,0
nfcorpus,test,PLAIN-1568,0.64317197,0.13047636,0.16019562,0.045845352,0.59900856,0.092637956,0.11603221,0.14721143,0.047175907,0.092274316,0.05263157894736842,1.0,1.0,1.0,5,4,0.6131471927654584,0.6131471927654584,1.0,0.38685280723454163,1
nfcorpus,test,PLAIN-1579,0.5348279,0.023034394,0.048185796,0.014734157,0.5348279,0.023034394,0.0544976,0.06281555,0.0058248043,0.019827724,0.0,0.0,0.0,1.0,3,2,0.0,0.0,0.0,0.0,0
nfcorpus,test,PLAIN-1590,0.65972555,0.08748001,0.14911127,0.044922512,0.6234622,0.06447476,0.11998272,0.12087789,0.014855757,0.0755863,0.1111111111111111,1.0,1.0,1.0,5,4,0.1100458831490401,0.13886244387355456,0.07336392209936006,-0.0654985217741945,0
nfcorpus,test,PLAIN-1601,0.59143525,0.00885272,0.0510512,0.015875751,0.56291026,0.0061395764,0.035245836,0.09508324,0.006720543,0.027006626,0.42857142857142855,1.0,1.0,1.0,2,1,0.7788065869851875,0.791726719367984,0.7167674835027339,-0.0749592358652501,0
nfcorpus,test,PLAIN-1611,0.45164207,0.0067585707,0.023900867,0.00744781,0.45164207,0.00948149,0.024129242,0.070383295,0.0026188046,0.01795137,0.0,0.0,0.0,1.0,4,3,0.0,0.0,0.0,0.0,0
nfcorpus,test,PLAIN-1621,0.45748186,0.012436897,0.035704404,0.009908738,0.45748186,0.012436897,0.03786233,0.09628406,0.010019571,0.040219456,0.0,0.0,0.0,1.0,4,3,0.0,0.0,0.0,0.0,0
nfcorpus,test,PLAIN-1635,0.6358582,0.005561173,0.049273193,0.019621866,0.6083138,0.00838238,0.05075568,0.1012187,0.0,0.008249283,0.25,0.0,1.0,1.0,2,1,0.8521705090845474,0.8603818544462509,1.0,0.13961814555374907,1
nfcorpus,test,PLAIN-1645,0.5141025,0.006113589,0.030488938,0.009282864,0.51370317,0.0061528683,0.036744088,0.08190559,0.032305673,0.044716462,0.0,0.0,0.0,1.0,4,3,0.0,0.0,0.30260241349881345,0.30260241349881345,1
nfcorpus,test,PLAIN-1656,0.58968395,0.017891347,0.044817924,0.013265082,0.57338196,0.018436551,0.046576142,0.09637274,0.001037851,0.030641332,0.1111111111111111,0.0,1.0,1.0,3,2,0.07336392209936006,0.1100458831490401,0.16354138662029635,0.053495503471256256,1
nfcorpus,test,PLAIN-1667,0.5990668,0.0031950474,0.028611124,0.009459428,0.58324486,0.006288588,0.022975802,0.09664367,0.009683818,0.024760693,0.0,0.0,0.0,1.0,3,2,0.7000949683025057,0.7000949683025057,0.88995411685096,0.18985914854845432,1
nfcorpus,test,PLAIN-1679,0.5951146,0.016539276,0.06355095,0.018206976,0.5728594,0.0058622956,0.05751562,0.074183896,0.0071738064,0.022523955,0.42857142857142855,1.0,1.0,1.0,4,3,0.0,0.0,0.0,0.0,0
nfcorpus,test,PLAIN-1690,0.4369535,0.035512865,0.051643103,0.014864077,0.40406513,0.008230329,0.02498892,0.10962794,0.036769047,0.06866588,0.1111111111111111,1.0,1.0,1.0,6,5,0.0,0.0,0.0,0.0,0
nfcorpus,test,PLAIN-1700,0.38980725,0.024781764,0.052579015,0.015070071,0.36330625,0.010276675,0.029149085,0.088336706,0.007298574,0.051748518,0.1111111111111111,1.0,1.0,1.0,5,4,0.0,0.0,0.0,0.0,0
nfcorpus,test,PLAIN-1710,0.7165422,0.021520019,0.09066999,0.025955543,0.67193645,0.023318052,0.082506955,0.15467927,0.0004656911,0.024639621,0.8181818181818182,1.0,1.0,1.0,7,6,1.0,1.0,1.0,0.0,0
nfcorpus,test,PLAIN-1721,0.6015228,0.017875552,0.08125448,0.026973255,0.558328,0.023884356,0.048506796,0.16751087,0.023528054,0.08117283,0.25,1.0,1.0,1.0,7,6,0.6325414799409712,0.627507133061656,0.7222954974312067,0.09478836436955074,1
nfcorpus,test,PLAIN-1731,0.58107364,0.059522986,0.17045972,0.053258862,0.53973466,0.053190768,0.1302965,0.1377965,0.021107212,0.0764219,0.17647058823529413,1.0,1.0,1.0,4,3,0.7653606369886217,0.7653606369886217,0.7653606369886217,0.0,0
nfcorpus,test,PLAIN-1741,0.5218229,0.014921546,0.049772352,0.016058872,0.48447803,0.0008738935,0.03557074,0.13413513,0.0039395094,0.016156971,0.1111111111111111,1.0,0.0,1.0,3,2,0.9148568823583791,0.92663607790064,1.0,0.07336392209936005,1
nfcorpus,test,PLAIN-1752,0.43785042,0.0023775995,0.035642207,0.013904498,0.43785042,0.0025276244,0.0356434,0.0049327705,0.00045086257,0.0019453885,0.0,0.0,0.0,1.0,3,2,0.0,0.0,0.0,0.0,0
nfcorpus,test,PLAIN-1762,0.6224886,0.0037512183,0.113349855,0.042399462,0.5880358,0.0007866621,0.089373976,0.11746482,0.015126213,0.064089455,0.17647058823529413,1.0,1.0,0.0,10,7,0.4125317798925535,0.4125317798925535,0.4125317798925535,0.0,0
nfcorpus,test,PLAIN-1772,0.63421834,0.032866597,0.15772247,0.052583892,0.5932224,0.037499547,0.121380985,0.15209629,0.015443161,0.09716782,0.1111111111111111,1.0,1.0,1.0,4,3,1.0,1.0,1.0,0.0,0
nfcorpus,test,PLAIN-1784,0.5757121,0.013119698,0.05053574,0.015664566,0.5451422,0.0067127943,0.036944866,0.12358792,0.021688148,0.03771068,0.1111111111111111,1.0,1.0,1.0,5,4,0.0,0.0,0.0,0.0,0
nfcorpus,test,PLAIN-1794,0.41529512,0.0069995522,0.11151785,0.040155664,0.39298204,0.0065808,0.08920476,0.074377,0.001395911,0.074377,0.1111111111111111,1.0,1.0,1.0,2,1,1.0,1.0,0.9197207891481876,-0.08027921085181244,0
nfcorpus,test,PLAIN-1805,0.5393561,0.007879615,0.025401652,0.0084188795,0.5049186,0.0054700673,0.025824279,0.11958331,0.0047915354,0.011989385,0.5384615384615384,1.0,1.0,1.0,5,4,0.9337457765456111,0.9337457765456111,1.0,0.06625422345438892,1
nfcorpus,test,PLAIN-1817,0.646478,0.04402244,0.1006732,0.029075298,0.59208304,0.027283072,0.06847173,0.18131655,0.03643568,0.098544955,0.5384615384615384,1.0,1.0,1.0,4,3,0.6059848036189868,0.6020521034564039,0.633219679627003,0.031167576170599065,1
nfcorpus,test,PLAIN-1827,0.390776,0.00018271804,0.03824696,0.013370407,0.390776,0.00018271804,0.03824696,0.057337135,0.024359077,0.030701011,0.0,0.0,0.0,1.0,3,2,0.0,0.0,0.0,0.0,0
nfcorpus,test,PLAIN-1837,0.679516,0.00782609,0.05336684,0.017857445,0.64488876,0.012061477,0.055107236,0.14086094,0.0077245533,0.015426308,0.42857142857142855,0.0,1.0,1.0,4,3,1.0,1.0,1.0,0.0,0
nfcorpus,test,PLAIN-1847,0.44543508,0.035268277,0.061299473,0.017436553,0.44543508,0.035268277,0.061299473,0.021956444,0.00017356873,0.004495062,0.0,0.0,0.0,1.0,5,4,0.13886244387355456,0.13886244387355456,0.13886244387355456,0.0,0
nfcorpus,test,PLAIN-1857,0.66577804,0.0028184652,0.11365175,0.040784277,0.6267124,0.003851831,0.09337461,0.15155965,0.008501306,0.06757535,0.6666666666666666,1.0,1.0,0.0,5,4,0.5637884576902257,0.5637884576902257,0.4936790360674166,-0.07010942162280909,0
nfcorpus,test,PLAIN-1867,0.5639695,0.03952664,0.05543554,0.015561409,0.53403187,0.011667371,0.029450715,0.09979205,0.0148006305,0.06653785,0.1111111111111111,1.0,1.0,1.0,5,4,0.11838279295536291,0.27487633291429087,0.27487633291429087,0.0,0
nfcorpus,test,PLAIN-1877,0.7354701,0.02060777,0.05682677,0.016552767,0.694715,0.015711188,0.048032463,0.13585031,0.007905513,0.018317148,0.5384615384615384,1.0,1.0,1.0,6,5,0.0,0.0,0.0,0.0,0
nfcorpus,test,PLAIN-1887,0.56342137,0.0072155,0.029712558,0.009190985,0.56342137,0.017698348,0.034520924,0.08885713,0.0039066225,0.010443538,0.0,0.0,0.0,1.0,6,5,0.0,0.0,0.0,0.0,0
nfcorpus,test,PLAIN-1897,0.56402963,0.018239915,0.059044838,0.017129174,0.54148287,0.0014535189,0.039646983,0.077688396,0.0025325865,0.038259923,0.1111111111111111,1.0,0.0,1.0,5,4,0.0,0.0,0.0,0.0,0
nfcorpus,test,PLAIN-1909,0.59705853,0.017273962,0.055013478,0.016140152,0.5640096,0.01045543,0.04615158,0.11016303,0.014336199,0.02997002,0.5384615384615384,1.0,1.0,1.0,3,2,0.49118023727106014,0.46270962158308365,0.6122496142821666,0.14953999269908297,1
nfcorpus,test,PLAIN-1919,0.6438047,0.00031006336,0.1365087,0.044542328,0.60524356,0.001216948,0.1120787,0.1320928,0.0005327165,0.06732518,0.5384615384615384,1.0,1.0,1.0,5,4,1.0,1.0,0.9337457765456111,-0.06625422345438892,0
nfcorpus,test,PLAIN-1929,0.60991514,0.049845636,0.060226023,0.017050732,0.58674955,0.032057405,0.05592704,0.097845495,0.0020760596,0.017221242,0.0,0.0,0.0,1.0,6,5,0.2863459897524693,0.2895229882348575,0.2200917662980802,-0.06943122193677731,0
nfcorpus,test,PLAIN-1940,0.63014346,0.06968808,0.114530444,0.032983,0.6016598,0.068473876,0.09362191,0.094945684,0.003659904,0.05111751,0.1111111111111111,1.0,1.0,1.0,4,3,0.35895421017163476,0.35895421017163476,0.35895421017163476,0.0,0
nfcorpus,test,PLAIN-1950,0.6333923,0.013407588,0.15853062,0.056936387,0.59580547,0.013554752,0.12138331,0.12577996,0.00049066544,0.08969566,0.25,1.0,1.0,1.0,3,2,0.24890832702259466,0.3301376494471203,0.39956887138389763,0.06943122193677731,1
nfcorpus,test,PLAIN-1962,0.44577405,0.0018758178,0.012235522,0.004182002,0.44389823,0.0016598403,0.011654466,0.08281076,0.0063764453,0.04188031,0.0,0.0,0.0,0.0,3,2,0.0,0.0,0.0,0.0,0
nfcorpus,test,PLAIN-1972,0.5020725,0.00034111738,0.044663012,0.018026374,0.5020725,0.016581625,0.04839757,0.088765845,0.011915788,0.040683553,0.17647058823529413,0.0,1.0,1.0,3,2,0.0,0.0,0.0,0.0,0
nfcorpus,test,PLAIN-1983,0.59649265,0.016466856,0.111720115,0.035360493,0.5503059,0.003727436,0.08054036,0.15395573,0.022894636,0.06103868,0.6666666666666666,1.0,1.0,1.0,4,3,0.9337457765456111,0.9363792118010483,1.0,0.06362078819895167,1
nfcorpus,test,PLAIN-1995,0.53735447,0.00142771,0.034853578,0.012675103,0.5152329,0.0014693737,0.036096156,0.08847225,0.00069499016,0.0073668957,0.05263157894736842,0.0,0.0,1.0,3,2,0.0,0.0,0.0,0.0,0
nfcorpus,test,PLAIN-2009,0.65415543,0.019231021,0.18661189,0.0671671,0.6152986,0.013912082,0.14775509,0.12952264,0.017729655,0.105079666,0.25,1.0,1.0,1.0,6,5,0.1089364926177559,0.1089364926177559,0.12647135138382856,0.017534858766072664,1
nfcorpus,test,PLAIN-2019,0.43385988,0.014600366,0.029379398,0.008266361,0.4296686,0.01604575,0.028434813,0.046147406,0.008247793,0.012230873,0.0,0.0,0.0,1.0,4,3,0.0,0.0,0.0,0.0,0
nfcorpus,test,PLAIN-2030,0.5136023,0.017808378,0.034477174,0.0102272825,0.5136023,0.017808378,0.042030394,0.07817024,0.0030606985,0.011202157,0.0,0.0,0.0,1.0,3,2,0.0,0.0,0.0,0.0,0
nfcorpus,test,PLAIN-2040,0.58809483,0.04027438,0.08208501,0.024657102,0.5597106,0.0390324,0.06914011,0.09461397,0.0026736856,0.02363193,0.42857142857142855,1.0,1.0,1.0,2,1,0.7151857987862358,0.6911279212606076,0.6745711375739729,-0.016556783686634713,0
nfcorpus,test,PLAIN-2051,0.695562,0.018200338,0.0662663,0.021484347,0.65193,0.013736486,0.044681966,0.14544001,0.005012125,0.029260255,0.25,1.0,1.0,1.0,4,3,0.6216966993238303,0.6235540477207573,0.5181190644203318,-0.10543498330042544,0
nfcorpus,test,PLAIN-2061,0.5776274,0.001205802,0.042792797,0.015622611,0.54817015,0.00023108721,0.03102386,0.11068712,0.007877439,0.024465479,0.3333333333333333,1.0,1.0,0.0,3,2,0.8205228949141828,0.7162874455029682,0.9148568823583791,0.19856943685541095,1
nfcorpus,test,PLAIN-2071,0.6599249,0.047115386,0.15321112,0.044936627,0.62922066,0.04515606,0.12250686,0.10234749,0.003968239,0.046461463,0.6666666666666666,1.0,1.0,1.0,2,1,0.47890155528769296,0.5173633627401373,0.36837563413888724,-0.14898772860125004,0
nfcorpus,test,PLAIN-2081,0.5625718,0.0024927258,0.052016914,0.019181931,0.55310225,0.009635329,0.046015978,0.08422756,0.013355523,0.043208003,0.17647058823529413,0.0,1.0,0.0,4,3,0.6309297535714575,0.5,1.0,0.5,1
nfcorpus,test,PLAIN-2092,0.6448672,0.036637664,0.23378512,0.08759998,0.59246194,0.039803028,0.18268058,0.18523541,0.010551289,0.15389708,0.3333333333333333,1.0,1.0,1.0,4,3,0.6489315753318466,0.6489315753318466,0.6489315753318466,0.0,0
nfcorpus,test,PLAIN-2102,0.60640275,0.004960239,0.04433334,0.012964958,0.5794666,0.0020318627,0.025029182,0.093658805,0.0011532307,0.0083197355,0.17647058823529413,1.0,0.0,1.0,2,1,0.6651928536555898,0.706583601726363,0.7312625444731049,0.024678942746741872,1
nfcorpus,test,PLAIN-2113,0.5945819,0.06941402,0.09425557,0.02614424,0.56723946,0.047132134,0.07105973,0.09114137,0.012756914,0.028415233,0.05263157894736842,1.0,1.0,1.0,4,3,0.0,0.0,0.0,0.0,0
nfcorpus,test,PLAIN-2124,0.63283724,0.020805418,0.11707133,0.04239841,0.58433425,0.019431889,0.09548095,0.16167669,0.004578486,0.06999825,0.5384615384615384,1.0,1.0,1.0,4,3,0.7506372960520511,0.7909506325094736,0.7411902110103873,-0.04976042149908633,0
nfcorpus,test,PLAIN-2134,0.40169546,0.0037948787,0.021315932,0.0071010534,0.40169546,0.0037948787,0.021315932,0.05659899,0.0,0.011676908,0.0,0.0,0.0,1.0,4,3,0.0,0.0,0.0,0.0,0
nfcorpus,test,PLAIN-2145,0.501315,0.010410011,0.079194576,0.027066756,0.46934143,0.014903814,0.050450772,0.121557936,0.0149793625,0.08951451,0.1111111111111111,1.0,1.0,1.0,8,7,0.0,0.0,0.1175227747072427,0.1175227747072427,1
nfcorpus,test,PLAIN-2156,0.62375635,0.052868903,0.2156296,0.07487895,0.59241813,0.06594539,0.18497598,0.14804906,0.030846387,0.105805546,0.17647058823529413,1.0,1.0,1.0,3,2,0.644824486427155,0.644824486427155,0.644824486427155,0.0,0
nfcorpus,test,PLAIN-2167,0.49982402,0.01568824,0.057516485,0.01746585,0.49982402,0.01568824,0.058072656,0.05290255,0.011406094,0.016773552,0.05263157894736842,0.0,1.0,1.0,3,2,0.0,0.0,0.0,0.0,0
nfcorpus,test,PLAIN-2177,0.59140354,0.03377849,0.10116857,0.03101079,0.56027,0.030055046,0.074392945,0.10377839,0.0018067658,0.047859848,0.25,1.0,1.0,1.0,3,2,0.510069131458292,0.3850481493391154,0.35388057316851634,-0.031167576170599065,0
nfcorpus,test,PLAIN-2187,0.4730978,0.0013608336,0.025752425,0.008180064,0.4730978,0.0013608336,0.025752425,0.06651667,0.02727428,0.03450951,0.05263157894736842,0.0,0.0,1.0,4,3,0.0,0.0,0.0,0.0,0
nfcorpus,test,PLAIN-2197,0.6789919,0.04851842,0.08786905,0.022773707,0.63097256,0.03377807,0.07458007,0.16126002,0.0011955202,0.057163924,0.8181818181818182,1.0,1.0,1.0,4,3,0.7702043899253147,0.8006937664098821,0.8521705090845474,0.05147674267466529,1
nfcorpus,test,PLAIN-2209,0.4575502,0.012942433,0.047617942,0.015245866,0.44404763,0.0161089,0.03553179,0.07810593,0.0046212673,0.022542477,0.05263157894736842,0.0,0.0,1.0,3,2,0.0,0.0,0.0,0.0,0
nfcorpus,test,PLAIN-2220,0.5071249,0.04511091,0.08008355,0.023209574,0.4817416,0.019727618,0.054700255,0.08461094,0.06979805,0.08461094,0.05263157894736842,1.0,1.0,1.0,3,2,0.3833427799846345,0.3833427799846345,0.3833427799846345,0.0,0
nfcorpus,test,PLAIN-2230,0.5676219,0.0078879,0.061395228,0.022144627,0.544512,0.0031518936,0.056872785,0.08704555,0.0018581152,0.016973168,0.1111111111111111,1.0,0.0,1.0,3,2,0.0,0.0,0.0,0.0,0
nfcorpus,test,PLAIN-2240,0.6831785,0.11233127,0.22158065,0.06633722,0.6263828,0.09537053,0.1658439,0.18931876,0.05653563,0.14383659,0.25,1.0,1.0,1.0,6,5,0.46900009332067494,0.46900009332067494,0.46900009332067494,0.0,0
nfcorpus,test,PLAIN-2250,0.49450988,0.012034386,0.03865695,0.0098716505,0.49450988,0.022139788,0.041141808,0.09702474,0.017644376,0.07026826,0.05263157894736842,0.0,1.0,1.0,4,3,0.0,0.0,0.0,0.0,0
nfcorpus,test,PLAIN-2261,0.678164,0.069904745,0.09306234,0.025552312,0.63634175,0.0298267,0.07127148,0.13940759,0.032382727,0.06103448,0.17647058823529413,1.0,1.0,1.0,4,3,0.7007731679885375,0.7151857987862358,0.5368103404171508,-0.17837545836908497,0
nfcorpus,test,PLAIN-2271,0.47011387,0.044591337,0.07374784,0.021049345,0.46038532,0.036882132,0.065484464,0.05536835,0.013214588,0.02293988,0.05263157894736842,1.0,0.0,1.0,4,3,0.0,0.0,0.0,0.0,0
nfcorpus,test,PLAIN-2281,0.41316018,0.008290499,0.023471832,0.0074551664,0.41316018,0.008290499,0.023471832,0.026349872,0.00851617,0.024938151,0.0,0.0,0.0,1.0,3,2,0.0,0.0,0.0,0.0,0
nfcorpus,test,PLAIN-2291,0.5858763,0.0023667216,0.03095299,0.009509501,0.58350956,0.0013362765,0.042710364,0.08629027,0.0037618503,0.019071393,0.0,0.0,0.0,0.0,7,6,0.0,0.0,0.0,0.0,0
nfcorpus,test,PLAIN-2301,0.58245265,0.022929072,0.041772902,0.011322035,0.58245265,0.027849019,0.041772902,0.07139987,0.0045492947,0.016195,0.0,0.0,0.0,1.0,4,3,0.0,0.0,0.06362078819895173,0.06362078819895173,1
nfcorpus,test,PLAIN-2311,0.44833237,0.0035516024,0.023219138,0.008211581,0.44379672,0.0055387914,0.022063166,0.07045436,0.0034201145,0.018089443,0.0,0.0,0.0,0.0,3,2,0.0,0.0,0.0,0.0,0
nfcorpus,test,PLAIN-2321,0.5120823,0.00034844875,0.024339348,0.009218471,0.50903565,0.015108496,0.029215664,0.08652592,0.0037937164,0.009557247,0.05263157894736842,0.0,0.0,0.0,4,3,0.0,0.0,0.0,0.0,0
nfcorpus,test,PLAIN-2332,0.61982983,0.023209512,0.07435924,0.02411164,0.58163637,0.004000008,0.056331992,0.12731156,0.021367349,0.043671213,0.1111111111111111,1.0,1.0,1.0,4,3,0.2895229882348575,0.2895229882348575,0.2200917662980802,-0.06943122193677731,0
nfcorpus,test,PLAIN-2343,0.5823356,0.027134895,0.060065627,0.017814433,0.55988646,0.036612034,0.05617398,0.106420904,0.022488177,0.041432053,0.1111111111111111,1.0,1.0,1.0,3,2,0.0,0.0,0.0,0.0,0
nfcorpus,test,PLAIN-2354,0.66002387,0.010454118,0.05122298,0.016921539,0.61626464,0.0057905316,0.04361403,0.16516584,0.020902634,0.050707787,0.5384615384615384,0.0,1.0,0.0,4,3,0.5531464700081437,0.3347975674340217,0.34519134224686937,0.010393774812847645,1
nfcorpus,test,PLAIN-2364,0.68749917,0.024464369,0.075048864,0.02172568,0.64950633,0.02365154,0.062376678,0.12664276,0.0027094781,0.014630333,0.42857142857142855,1.0,1.0,1.0,3,2,0.0,0.0,0.0,0.0,0
nfcorpus,test,PLAIN-2375,0.49049416,0.0049809813,0.024541587,0.007690376,0.49049416,0.0049809813,0.027621865,0.053785533,0.0022824928,0.012756556,0.05263157894736842,0.0,0.0,1.0,4,3,0.0,0.0,0.0,0.0,0
nfcorpus,test,PLAIN-2386,0.5581116,0.02608192,0.05232656,0.015330725,0.53395766,0.008830607,0.03168875,0.08051316,0.011003934,0.04427234,0.05263157894736842,1.0,1.0,1.0,3,2,0.0,0.0,0.0,0.0,0
nfcorpus,test,PLAIN-2396,0.37227502,0.0033629537,0.010518342,0.0033955602,0.37227502,0.0033629537,0.012702018,0.058643818,0.006954834,0.012338564,0.0,0.0,0.0,1.0,3,2,0.0,0.0,0.0,0.0,0
nfcorpus,test,PLAIN-2408,0.43442157,0.004824251,0.027688712,0.0089818165,0.43442157,0.004824251,0.027688712,0.0036135726,0.0036135726,0.0036135726,0.0,0.0,0.0,1.0,3,2,0.0,0.0,0.0,0.0,0
nfcorpus,test,PLAIN-2430,0.75014406,0.02320677,0.16521394,0.057628844,0.7243668,0.03641963,0.15700132,0.12996721,0.025314927,0.050781503,0.25,1.0,1.0,1.0,13,11,0.536842816016258,0.5339375991473453,0.5339375991473453,0.0,0
nfcorpus,test,PLAIN-2440,0.6122706,0.023189366,0.05360061,0.015365027,0.5864256,0.0076141953,0.03299868,0.11311358,0.019458234,0.053803425,0.25,1.0,1.0,1.0,13,12,0.0,0.0,0.0,0.0,0
nfcorpus,test,PLAIN-2450,0.75345105,0.012205958,0.13019848,0.046929408,0.73108673,0.0112249255,0.12369454,0.15860878,0.04624705,0.08045356,0.25,0.0,0.0,0.0,8,7,0.2816575879096919,0.35314377643380923,0.28669193478900723,-0.066451841644802,0
nfcorpus,test,PLAIN-2460,0.6402483,0.0056242943,0.034596026,0.013109522,0.6272912,0.0002452731,0.029866159,0.122927606,0.00032743812,0.032807916,0.0,0.0,0.0,0.0,10,9,0.20701021258408808,0.12756662286325574,0.2858286090786423,0.1582619862153866,1
nfcorpus,test,PLAIN-2470,0.68880713,0.06978136,0.11534059,0.031933986,0.64898753,0.029961765,0.087268114,0.13273206,0.033695087,0.04521109,0.3333333333333333,1.0,1.0,1.0,9,8,0.49654178859723674,0.5421244401590428,0.6455663643991484,0.10344192424010556,1
nfcorpus,test,PLAIN-2480,0.7045617,0.004000187,0.10768187,0.042183813,0.672806,0.010040939,0.08942431,0.14161761,0.015629455,0.06461994,0.3333333333333333,1.0,1.0,1.0,11,10,0.32812402111870137,0.3202446147056888,0.3202446147056888,0.0,0
nfcorpus,test,PLAIN-2490,0.61612546,0.013854086,0.02961737,0.008769365,0.5994615,0.0036354065,0.031771064,0.1256797,0.016860038,0.038082525,0.05263157894736842,0.0,0.0,0.0,12,11,0.0,0.0,0.0,0.0,0
nfcorpus,test,PLAIN-2500,0.55882794,0.00097584724,0.029939592,0.01137342,0.5431405,0.002627492,0.027800143,0.09318644,0.0038241,0.03428266,0.05263157894736842,0.0,0.0,0.0,13,12,0.13521046138463966,0.12652791809394925,0.16347782479468276,0.036949906700733504,1
nfcorpus,test,PLAIN-2510,0.7072123,0.0003336072,0.04964471,0.017869528,0.688014,0.00438112,0.044590294,0.09935003,0.0036190972,0.015528202,0.1111111111111111,0.0,0.0,0.0,7,6,0.6753138383960956,0.6656685916681657,0.6214990811334173,-0.04416951053474838,0
nfcorpus,test,PLAIN-2520,0.6399075,0.0060961246,0.034032404,0.01095318,0.6362935,0.010445535,0.04287058,0.08546464,0.0,0.022692904,0.05263157894736842,0.0,0.0,1.0,15,13,0.06362078819895173,0.07839826897867534,0.1334212105531954,0.05502294157452005,1
nfcorpus,test,PLAIN-2530,0.77900606,0.0049110055,0.13884085,0.04762936,0.74920297,0.008821785,0.13168472,0.2106672,0.052072316,0.10937512,0.3333333333333333,0.0,1.0,0.0,16,14,0.932157277304417,0.9301909272231256,0.9633180389503201,0.033127111727194514,1
nfcorpus,test,PLAIN-2540,0.6044065,0.012653708,0.044600666,0.013950494,0.59175277,0.008624494,0.046144903,0.118864305,0.0028720424,0.035154708,0.0,0.0,0.0,0.0,8,7,0.2789134165702115,0.29563396073691994,0.2183975926055641,-0.07723636813135584,0
nfcorpus,test,PLAIN-2550,0.578434,0.02842784,0.047157288,0.012978822,0.553325,0.0154646635,0.030649781,0.0849234,0.0012266934,0.019415751,0.1111111111111111,1.0,0.0,1.0,8,7,0.11690857395343693,0.15448260908900296,0.10975131898723876,-0.0447312901017642,0
nfcorpus,test,PLAIN-2560,0.7501972,0.0074548125,0.107608914,0.034723032,0.716569,0.004205346,0.09713596,0.14811704,0.033496052,0.067156896,0.25,1.0,1.0,0.0,12,11,0.9363792118010483,0.9363792118010483,0.8701249883466594,-0.06625422345438892,0
nfcorpus,test,PLAIN-2570,0.6324342,0.02541691,0.07785612,0.025287982,0.59516007,0.007390678,0.049699605,0.12587643,0.001629293,0.06959905,0.25,1.0,1.0,1.0,10,9,0.2504098861819999,0.3742081820956804,0.37060477459525126,-0.0036034075004291455,0
nfcorpus,test,PLAIN-2580,0.5888161,0.009600639,0.09272501,0.0337864,0.5579646,0.0018915534,0.06587517,0.103171416,0.00033305585,0.0414948,0.17647058823529413,1.0,1.0,1.0,14,11,0.22358008968550797,0.2443527483788096,0.37456050428247883,0.13020775590366923,1
nfcorpus,test,PLAIN-2590,0.7034328,0.05181992,0.07421833,0.020938246,0.67830247,0.028989315,0.075386584,0.14901114,0.05823046,0.060754,0.05263157894736842,0.0,0.0,1.0,10,8,0.20025559484057834,0.18537392262012942,0.30603768869401954,0.12066376607389012,1
nfcorpus,test,PLAIN-2600,0.67689514,0.038857937,0.096616745,0.028875105,0.6524451,0.038876176,0.08924955,0.096710995,2.7611852e-05,0.015149951,0.17647058823529413,0.0,1.0,1.0,8,7,0.5998254955960036,0.5998254955960036,0.6499590469680815,0.05013355137207787,1
nfcorpus,test,PLAIN-2610,0.6363304,0.0027256608,0.054934323,0.017410925,0.6146135,0.014142334,0.05157447,0.12919314,0.037945017,0.047131523,0.1111111111111111,0.0,1.0,1.0,14,11,0.22716217481924805,0.39327839964630634,0.4753467059652075,0.08206830631890116,1
nfcorpus,test,PLAIN-2620,0.5331269,0.008130074,0.02970171,0.008699498,0.5135593,0.00053203106,0.02072823,0.07645694,0.0017480329,0.010074511,0.05263157894736842,0.0,0.0,1.0,9,7,0.1061131829864573,0.10255833366397181,0.14476149411742875,0.04220316045345694,1
nfcorpus,test,PLAIN-2630,0.8151737,0.09911525,0.25154775,0.08036166,0.7560415,0.07748175,0.21249264,0.19710723,0.06810112,0.12375888,0.42857142857142855,1.0,1.0,1.0,14,10,0.6594803070902427,0.6901935063354876,0.6987957033953602,0.00860219705987264,1
nfcorpus,test,PLAIN-2640,0.58579326,4.3213367e-05,0.076268375,0.027829403,0.55155766,0.0066399574,0.072761536,0.15948558,0.012087911,0.05598864,0.5384615384615384,1.0,1.0,1.0,12,11,0.5982852081248282,0.5927710253860055,0.71977556315001,0.12700453776400455,1
nfcorpus,test,PLAIN-2650,0.8102472,0.06236118,0.16248828,0.047569703,0.72807235,0.0654158,0.14541543,0.29014814,0.00469023,0.051178187,0.25,1.0,0.0,1.0,12,11,0.6489315753318466,0.5933607200949347,0.6059848036189868,0.012624083524052088,1
nfcorpus,test,PLAIN-2660,0.5644978,0.0,0.04239756,0.015106148,0.54682404,0.0,0.027530074,0.08041757,0.008803166,0.012651861,0.05263157894736842,0.0,0.0,1.0,11,10,0.31252911522154636,0.33405144466421566,0.3526637384340435,0.01861229376982787,1
nfcorpus,test,PLAIN-2670,0.65678567,0.06144744,0.14944255,0.046368167,0.64111686,0.06267375,0.14198059,0.07857539,0.0022271648,0.017535467,0.0,0.0,0.0,1.0,10,9,0.29964840342598303,0.29964840342598303,0.4063853183317623,0.10673691490577925,1
nfcorpus,test,PLAIN-2680,0.7505526,0.09164703,0.14138931,0.03902512,0.70883095,0.08736324,0.11882967,0.1625094,0.008969277,0.050931536,0.17647058823529413,1.0,1.0,1.0,13,11,0.14397047852848383,0.20097847022521437,0.26847328853151875,0.06749481830630438,1
nfcorpus,test,PLAIN-2690,0.562037,0.048296094,0.08710429,0.026169928,0.5391905,0.035884976,0.0742943,0.080032766,0.0038776472,0.03274416,0.1111111111111111,1.0,0.0,1.0,13,11,0.3843113526044083,0.3699030722421511,0.47309557341236874,0.10319250117021767,1
nfcorpus,test,PLAIN-2700,0.59610134,0.0038650632,0.07017666,0.024460508,0.5833119,0.007237196,0.06590152,0.10857256,0.005090229,0.025235392,0.0,0.0,0.0,1.0,8,7,0.2835856399974543,0.42869994644567294,0.5285827475876673,0.09988280114199438,1
nfcorpus,test,PLAIN-2710,0.81757784,0.017355263,0.2295016,0.080634095,0.7716728,0.015105307,0.19480479,0.1530169,0.007499978,0.082164615,0.42857142857142855,1.0,1.0,1.0,7,6,0.6779733527921183,0.6779733527921183,0.6687203801353125,-0.009252972656805802,0
nfcorpus,test,PLAIN-2720,0.5139337,0.00692755,0.036126286,0.010473222,0.5135108,0.008458257,0.039221287,0.10115135,0.017210841,0.04302923,0.1111111111111111,0.0,1.0,1.0,11,10,0.12445416351129733,0.12075810428413546,0.11508023002835538,-0.005677874255780077,0
nfcorpus,test,PLAIN-2730,0.64164805,0.053968012,0.097586095,0.026415579,0.602101,0.030018508,0.06410724,0.13182342,0.045156784,0.06973723,0.3333333333333333,1.0,1.0,1.0,17,15,0.5926269253823543,0.5454920228719409,0.4668171843626152,-0.07867483850932566,0
nfcorpus,test,PLAIN-2740,0.7198217,0.045963705,0.14206457,0.045683213,0.68181795,0.025357246,0.1193198,0.12885,0.002170816,0.021890879,0.17647058823529413,1.0,1.0,1.0,8,7,0.5948391587954981,0.5481885784708368,0.6328604639768506,0.08467188550601379,1
nfcorpus,test,PLAIN-2750,0.75160205,0.047079742,0.15932417,0.04768033,0.72801083,0.05941522,0.15407062,0.1445094,0.017667428,0.0499115,0.42857142857142855,0.0,1.0,1.0,12,10,0.6384111480615605,0.6449048560222367,0.5015599531089542,-0.1433449029132825,0
nfcorpus,test,PLAIN-2760,0.6445591,0.058828056,0.0990268,0.02744943,0.6084232,0.022776663,0.06289089,0.12045307,0.030118316,0.05478599,0.05263157894736842,1.0,1.0,1.0,8,7,0.3645095642090819,0.23236117608740398,0.12757236323450546,-0.10478881285289851,0
nfcorpus,test,PLAIN-2770,0.71100885,0.0064094067,0.07941908,0.027333492,0.6625844,0.0026704073,0.060176432,0.18765607,0.008268803,0.045189828,0.42857142857142855,1.0,1.0,1.0,18,14,0.39015452432574144,0.38900691937036413,0.2115641877068823,-0.17744273166348185,0
nfcorpus,test,PLAIN-2780,0.77502173,0.11103457,0.15491736,0.044700287,0.7408845,0.09466332,0.1362105,0.113790825,0.024405994,0.041165076,0.05263157894736842,1.0,1.0,1.0,14,13,0.5422315034363078,0.5295870861933465,0.5509883867695238,0.021401300576177285,1
nfcorpus,test,PLAIN-2790,0.5991662,0.010608256,0.06977332,0.023491977,0.57055724,0.022521794,0.053789914,0.19789962,0.10655238,0.13225085,0.1111111111111111,0.0,1.0,0.0,14,11,0.42520843362602384,0.46900009332067494,0.5541432109622959,0.08514311764162097,1
nfcorpus,test,PLAIN-2800,0.59003824,0.0066362023,0.02213043,0.006876894,0.5580749,0.004735887,0.022400677,0.13237312,0.004518822,0.026147678,0.42857142857142855,1.0,0.0,1.0,16,13,0.06452577150984495,0.05795991302434499,0.09452854666581809,0.03656863364147309,1
nfcorpus,test,PLAIN-2810,0.5750615,0.007103443,0.06351656,0.02222329,0.56498563,0.016078532,0.058190227,0.08598897,0.0009499192,0.018878907,0.25,0.0,0.0,1.0,11,10,0.0,0.0,0.0,0.0,0
nfcorpus,test,PLAIN-2820,0.67784023,0.009187579,0.044879258,0.01346572,0.6676879,0.0019687414,0.046031475,0.10433866,0.0068538785,0.02670078,0.05263157894736842,0.0,0.0,0.0,8,7,0.0,0.0,0.0,0.0,0
nfcorpus,test,PLAIN-2830,0.66993785,0.0058410764,0.08888757,0.03164501,0.66902053,0.017274141,0.0930894,0.10743284,0.003974721,0.052673638,0.1111111111111111,0.0,1.0,1.0,9,8,0.31939394323979897,0.27511096828801057,0.27511096828801057,0.0,0
nfcorpus,test,PLAIN-2840,0.51289636,0.0086705685,0.037370145,0.013586295,0.5030503,0.001501441,0.029176533,0.11138265,0.04356025,0.076636255,0.05263157894736842,0.0,1.0,0.0,11,10,0.0,0.0,0.0,0.0,0
nfcorpus,test,PLAIN-2850,0.56061286,0.009640038,0.04488504,0.014141775,0.5427884,0.01570481,0.034001827,0.10081205,0.01223737,0.024957195,0.05263157894736842,0.0,0.0,1.0,14,9,0.24014860122439105,0.1268755091804328,0.20728359099338467,0.08040808181295186,1
nfcorpus,test,PLAIN-2860,0.73755753,0.077938676,0.2143513,0.06595116,0.68345124,0.06670004,0.1667909,0.18035421,0.037462085,0.10082958,0.1111111111111111,1.0,1.0,1.0,10,9,1.0,1.0,1.0,0.0,0
nfcorpus,test,PLAIN-2870,0.42805248,0.0005148351,0.021678656,0.007944307,0.42200798,0.00037032366,0.022079378,0.093496546,0.0067776814,0.049610525,0.1111111111111111,0.0,0.0,0.0,6,5,0.0,0.0,0.09797563950575583,0.09797563950575583,1
nfcorpus,test,PLAIN-2880,0.44875708,0.006586224,0.04210058,0.014003953,0.44869316,0.013504654,0.045754075,0.0856839,0.01508069,0.0397297,0.0,0.0,0.0,1.0,9,8,0.0,0.0,0.0,0.0,0
nfcorpus,test,PLAIN-2890,0.59330535,0.011570156,0.04535532,0.013256857,0.592344,0.013488829,0.051225126,0.096875004,0.008738108,0.06312431,0.1111111111111111,0.0,1.0,1.0,8,6,0.22762622895961598,0.15537907391531902,0.13956838328637602,-0.015810690628942997,0
nfcorpus,test,PLAIN-2900,0.56301004,0.0037395358,0.04524553,0.014497422,0.55371743,0.010921061,0.041259468,0.08600342,0.0072433203,0.019012205,0.1111111111111111,0.0,0.0,0.0,13,11,0.09382844813642036,0.10889339568010445,0.0,-0.10889339568010445,0
nfcorpus,test,PLAIN-2910,0.6199079,0.008152187,0.0841133,0.032076575,0.58417034,0.004124224,0.056569576,0.12314231,0.0040171295,0.063321956,0.17647058823529413,1.0,1.0,1.0,10,9,0.20436662668128652,0.32391343968871883,0.16195671984435941,-0.16195671984435941,0
nfcorpus,test,PLAIN-2920,0.6138843,0.008884609,0.080166936,0.025532283,0.6080255,0.024787962,0.07518011,0.09001008,0.0066211224,0.018370852,0.1111111111111111,0.0,0.0,1.0,9,8,0.0,0.0,0.0,0.0,0
nfcorpus,test,PLAIN-2930,0.8785246,0.22050554,0.29748595,0.08542487,0.7884836,0.18075413,0.23788011,0.30013663,0.13250463,0.19557558,0.3333333333333333,1.0,1.0,1.0,13,12,0.43846857403921885,0.41768559432146335,0.4745921515613674,0.056906557239904065,1
nfcorpus,test,PLAIN-2940,0.6426125,0.023931563,0.073816955,0.02472937,0.6059516,0.011421144,0.06634623,0.12220298,0.0137491375,0.045582242,0.6666666666666666,1.0,1.0,1.0,11,9,0.0,0.0,0.0,0.0,0
nfcorpus,test,PLAIN-2950,0.54244417,0.026659787,0.04662648,0.012371774,0.51559484,0.0042698383,0.020878077,0.089497685,0.026026845,0.05720693,0.1111111111111111,1.0,1.0,1.0,6,5,0.0,0.0,0.0,0.0,0
nfcorpus,test,PLAIN-2960,0.6281329,0.019610465,0.14097044,0.04989894,0.6144724,0.006005168,0.13018918,0.09520954,0.0009481013,0.024209969,0.05263157894736842,0.0,0.0,1.0,21,20,0.25339584447728947,0.3273949503887395,0.3273949503887395,0.0,0
nfcorpus,test,PLAIN-2970,0.65039694,0.016222596,0.03307396,0.009131236,0.63285536,0.017464817,0.030391574,0.09951727,0.004535742,0.020525426,0.0,0.0,0.0,1.0,9,8,0.3806265275412985,0.24014860122439105,0.3806265275412985,0.14047792631690745,1
nfcorpus,test,PLAIN-2981,0.56975394,0.06901795,0.11252114,0.031225182,0.56719875,0.08352488,0.11624125,0.10464241,0.04436856,0.06977682,0.05263157894736842,0.0,1.0,1.0,9,8,0.43122038713502525,0.43122038713502525,0.43122038713502525,0.0,0
nfcorpus,test,PLAIN-2991,0.6312859,0.035838246,0.07283825,0.021980599,0.5844204,4.4941902e-05,0.038115263,0.15621844,0.019781798,0.06458452,0.1111111111111111,1.0,1.0,1.0,8,7,0.0,0.0,0.38685280723454163,0.38685280723454163,1
nfcorpus,test,PLAIN-3001,0.56341803,0.014645159,0.050055385,0.01669388,0.5604448,0.024054468,0.05283159,0.07946774,0.012837023,0.024129406,0.05263157894736842,0.0,1.0,1.0,10,9,0.0,0.0,0.0,0.0,0
nfcorpus,test,PLAIN-3014,0.51838034,0.00998956,0.028399259,0.00913022,0.508378,0.005872071,0.019311965,0.055892833,0.0029782131,0.0176749,0.05263157894736842,0.0,0.0,0.0,9,8,0.0,0.0,0.0,0.0,0
nfcorpus,test,PLAIN-3026,0.5143643,0.0032650828,0.039549857,0.0139103,0.50428236,0.002732098,0.03193012,0.07884654,0.009679608,0.027601108,0.05263157894736842,0.0,0.0,1.0,9,8,0.0,0.0,0.0,0.0,0
nfcorpus,test,PLAIN-3037,0.48683634,0.015449703,0.04627219,0.012745717,0.48683634,0.022865444,0.04627219,0.07428533,0.015097253,0.02518493,0.0,0.0,0.0,1.0,9,7,0.123151194370365,0.16812753627111746,0.13905617951077562,-0.029071356760341838,0
nfcorpus,test,PLAIN-3053,0.4696038,0.078826845,0.13888264,0.040621158,0.44613323,0.07764837,0.117423266,0.07823525,0.003928229,0.023413546,0.17647058823529413,1.0,1.0,1.0,5,4,0.7653606369886217,0.7653606369886217,0.7653606369886217,0.0,0
nfcorpus,test,PLAIN-3063,0.5311097,0.0024520755,0.07226226,0.026094593,0.5098686,0.0033035278,0.06220272,0.07364166,0.0002399832,0.035566926,0.25,1.0,1.0,1.0,7,6,0.123151194370365,0.11751610475642714,0.11751610475642714,0.0,0
nfcorpus,test,PLAIN-3074,0.66148704,0.09449679,0.13373029,0.038252555,0.6368748,0.071048915,0.11171365,0.082040906,0.012226582,0.048431877,0.1111111111111111,1.0,1.0,1.0,16,15,1.0,1.0,1.0,0.0,0
nfcorpus,test,PLAIN-3085,0.7035488,0.0022117496,0.08083284,0.02926593,0.6610568,0.00023454428,0.05899644,0.14164001,0.006590873,0.03265041,0.42857142857142855,1.0,1.0,1.0,16,15,0.3065735963827292,0.23719771276929622,0.430624116386567,0.1934264036172708,1
nfcorpus,test,PLAIN-3097,0.63174295,0.036062837,0.12008089,0.040036153,0.59562343,0.021599233,0.09400129,0.12039834,0.011408448,0.04821199,0.25,1.0,1.0,1.0,8,7,0.4770382338730848,0.4770382338730848,0.4770382338730848,0.0,0
nfcorpus,test,PLAIN-3116,0.59602994,0.013091743,0.031987906,0.009759401,0.58510536,0.013422191,0.031651676,0.1205771,0.03468533,0.051100507,0.05263157894736842,0.0,0.0,1.0,12,11,0.0,0.0,0.0,0.0,0
nfcorpus,test,PLAIN-3131,0.57360023,0.007176399,0.02048546,0.0065010786,0.57360023,0.010486066,0.021993518,0.13016725,0.08751489,0.09900332,0.0,0.0,0.0,1.0,9,8,0.3632120304243473,0.5519173917871053,0.46647416287548293,-0.08544322891162237,0
nfcorpus,test,PLAIN-3141,0.60747683,0.02127266,0.06748438,0.020777555,0.5834112,0.004516959,0.066060126,0.12091516,0.010644928,0.039309055,0.1111111111111111,0.0,0.0,0.0,11,10,0.29964840342598303,0.29964840342598303,0.1290515430196899,-0.17059686040629313,0
nfcorpus,test,PLAIN-3151,0.61373013,0.0024172664,0.09208822,0.029070875,0.57479024,0.0056851506,0.081673324,0.15047376,0.009781107,0.08998877,0.6666666666666666,1.0,1.0,1.0,12,9,0.7570047483812911,0.685504353647621,0.597670990611412,-0.08783336303620892,0
nfcorpus,test,PLAIN-3161,0.6065226,0.09168291,0.12897184,0.03655443,0.5844734,0.09761089,0.12418157,0.0932574,0.000469774,0.016332537,0.17647058823529413,0.0,1.0,1.0,9,8,0.6972881353384699,0.6660780950930207,0.4509737963519492,-0.21510429874107156,0
nfcorpus,test,PLAIN-3171,0.45544305,0.006050378,0.019484311,0.0062999004,0.4519653,0.0059012473,0.01611644,0.07564129,0.0030640587,0.026427928,0.0,0.0,0.0,1.0,8,7,0.052144264846557896,0.06425604298318155,0.1444974152545484,0.08024137227136685,1
nfcorpus,test,PLAIN-3181,0.5675599,0.023174942,0.048716784,0.0146206925,0.5493862,0.0073428154,0.044563353,0.099576116,0.00063539296,0.013749003,0.0,0.0,0.0,1.0,8,7,0.07839826897867534,0.06625422345438904,0.22400556151517556,0.1577513380607865,1
nfcorpus,test,PLAIN-3191,0.5959353,0.020778358,0.047046363,0.0141135305,0.5692667,0.011793137,0.03467506,0.11188226,0.022986867,0.049211696,0.05263157894736842,1.0,0.0,1.0,12,10,0.2722437357694023,0.22044849556626028,0.4705511866444728,0.25010269107821254,1
nfcorpus,test,PLAIN-3201,0.6548828,0.013280392,0.0811106,0.025418345,0.62960386,0.0020663738,0.07490647,0.10320985,0.010299414,0.020379111,0.17647058823529413,1.0,1.0,1.0,7,6,0.42090887659515264,0.42503508006474094,0.2877560684732092,-0.13727901159153172,0
nfcorpus,test,PLAIN-3211,0.56470525,0.034087658,0.06761515,0.018934447,0.5637474,0.057337224,0.0754793,0.09016167,0.0038671196,0.025029995,0.1111111111111111,0.0,1.0,1.0,7,6,0.0,0.0,0.0,0.0,0
nfcorpus,test,PLAIN-3221,0.748519,0.08118123,0.14152807,0.040367786,0.71437925,0.07570952,0.1262458,0.113799125,0.018238991,0.037767462,0.1111111111111111,1.0,1.0,1.0,9,6,0.056906557239903996,0.054302655984158565,0.0,-0.054302655984158565,0
nfcorpus,test,PLAIN-3231,0.594102,0.0070489645,0.05233985,0.021700436,0.57934934,0.0011154413,0.055763423,0.088739455,0.0032392442,0.024237782,0.1111111111111111,0.0,1.0,1.0,9,7,0.24377811637309388,0.4352623473008427,0.21712166496134908,-0.2181406823394936,0
nfcorpus,test,PLAIN-3241,0.49574322,0.030954361,0.06490272,0.018811062,0.47185954,0.026084602,0.043671787,0.08147815,0.0018658713,0.034631476,0.1111111111111111,1.0,0.0,1.0,11,10,0.36077903708155934,0.36077903708155934,0.36077903708155934,0.0,0
nfcorpus,test,PLAIN-3251,0.6033998,0.035212874,0.10929534,0.034261003,0.5714062,0.02834946,0.08907887,0.10664548,0.0028063208,0.033441715,0.42857142857142855,1.0,1.0,1.0,4,3,0.12025967902718644,0.11381311447980799,0.21550891342891226,0.10169579894910427,1
nfcorpus,test,PLAIN-3261,0.6603913,0.022956371,0.16624099,0.058699273,0.6119417,0.023833692,0.11919609,0.16442293,0.0029242635,0.11362292,0.1111111111111111,1.0,1.0,1.0,6,5,0.11591982604868999,0.14982420171299152,0.14982420171299152,0.0,0
nfcorpus,test,PLAIN-3271,0.6582455,0.0041642785,0.06747687,0.023833089,0.6200298,0.009108186,0.045114815,0.14386538,0.01647973,0.05051499,0.1111111111111111,1.0,1.0,1.0,9,8,0.0,0.0,0.06625422345438904,0.06625422345438904,1
nfcorpus,test,PLAIN-3281,0.63376,0.0041425824,0.091949165,0.031806972,0.6075762,0.012214124,0.06912583,0.14549224,0.017499164,0.070820995,0.17647058823529413,0.0,1.0,0.0,10,9,0.32391343968871883,0.32391343968871883,0.37072943078154336,0.04681599109282453,1
nfcorpus,test,PLAIN-3292,0.685964,0.0061774254,0.05910319,0.018100705,0.64073414,0.0014949441,0.038824618,0.15250988,0.001743719,0.06563935,0.8181818181818182,1.0,1.0,1.0,9,8,0.5812400459841505,0.6042613303606107,0.7127964110048162,0.10853508064420547,1
nfcorpus,test,PLAIN-3302,0.46736422,0.005004227,0.04337734,0.013692667,0.46736422,0.015976459,0.052923203,0.07238358,0.00052404404,0.003995836,0.0,0.0,0.0,1.0,3,2,0.0,0.0,0.0,0.0,0
nfcorpus,test,PLAIN-3312,0.52615875,0.016076148,0.04371628,0.012885119,0.5096858,0.016302347,0.047978997,0.12775934,0.030223288,0.049194135,0.1111111111111111,0.0,1.0,1.0,9,8,0.0,0.0,0.19102587992366055,0.19102587992366055,1
nfcorpus,test,PLAIN-3322,0.64807564,0.023586273,0.066982746,0.02057537,0.63066995,0.01950401,0.060304105,0.08228274,2.4743378e-05,0.012184694,0.05263157894736842,0.0,0.0,1.0,6,5,0.2200917662980802,0.2200917662980802,0.2895229882348575,0.06943122193677731,1
nfcorpus,test,PLAIN-3332,0.7082097,0.059967935,0.12184912,0.03453911,0.7082097,0.08898002,0.13204503,0.12296282,0.013726346,0.033988744,0.1111111111111111,0.0,0.0,1.0,11,9,0.6863219231453964,0.6865533973813137,0.7386976622278715,0.052144264846557764,1
nfcorpus,test,PLAIN-3342,0.6254662,0.0045080185,0.050816715,0.016841792,0.60025716,0.007488489,0.03887713,0.0939652,0.002501011,0.027995527,0.17647058823529413,1.0,1.0,1.0,9,8,0.6508205185601091,0.7653606369886217,0.7039180890341347,-0.061442547954487,0
nfcorpus,test,PLAIN-3352,0.58939993,0.007779479,0.02517265,0.0074113323,0.5877212,0.006100774,0.027832806,0.07262182,0.0029600412,0.020549238,0.0,0.0,0.0,1.0,7,6,0.0,0.0,0.0,0.0,0
nfcorpus,test,PLAIN-3362,0.4932718,0.10399389,0.13153031,0.03617801,0.44870847,0.05943057,0.09172371,0.14854437,0.056911632,0.10020882,0.1111111111111111,1.0,1.0,1.0,4,3,0.38656685141100744,0.4260967530293621,0.4260967530293621,0.0,0
nfcorpus,test,PLAIN-3372,0.6035605,0.0079987645,0.07616836,0.026025657,0.5783964,0.003834784,0.059731424,0.14297646,0.034791663,0.07006403,0.25,0.0,1.0,0.0,7,6,0.12025967902718644,0.13956838328637602,0.22762622895961598,0.08805784567323996,1
nfcorpus,test,PLAIN-3382,0.62816554,0.004424691,0.0795694,0.025386645,0.62166727,0.0057486296,0.07307112,0.07024505,0.0004534945,0.01523459,0.3333333333333333,0.0,1.0,0.0,9,8,0.6098323505478656,0.6428435519136467,0.6345162232199686,-0.008327328693678138,0
nfcorpus,test,PLAIN-3392,0.5656425,0.0073699355,0.060957253,0.02029576,0.5336506,0.0049163103,0.041217446,0.111323625,0.0046839565,0.05433268,0.17647058823529413,1.0,0.0,1.0,10,9,0.0,0.0,0.0,0.0,0
nfcorpus,test,PLAIN-3402,0.7015719,0.0,0.10241771,0.038804512,0.66665864,0.0,0.0853436,0.13484931,0.018471777,0.043969028,0.17647058823529413,1.0,1.0,1.0,9,8,0.06943122193677728,0.07336392209936006,0.08514311764162101,0.01177919554226095,1
nfcorpus,test,PLAIN-3412,0.60078865,0.029766202,0.0709182,0.022561768,0.56750196,0.0009326935,0.03921753,0.13400413,0.017349884,0.061458237,0.1111111111111111,0.0,1.0,0.0,8,7,0.16195671984435941,0.16195671984435941,0.16195671984435941,0.0,0
nfcorpus,test,PLAIN-3422,0.63407844,0.020995498,0.059974015,0.018308159,0.6075781,0.016177177,0.05011928,0.11028926,0.0219547,0.04026542,0.25,1.0,0.0,1.0,8,7,0.0809557339960777,0.09286367084027207,0.03401953804980575,-0.05884413279046632,0
nfcorpus,test,PLAIN-3432,0.6026252,0.0010406971,0.032848954,0.011825346,0.57918274,0.0010637641,0.029232502,0.105414644,0.023727365,0.043240227,0.42857142857142855,1.0,0.0,0.0,7,6,0.3565964385966263,0.49828993591603116,0.23047380976071713,-0.267816126155314,0
nfcorpus,test,PLAIN-3442,0.5704524,0.0048922896,0.02215147,0.0073069856,0.5704524,0.01181668,0.030227542,0.10040204,0.0,0.020299949,0.05263157894736842,0.0,0.0,1.0,7,6,0.0,0.0,0.0,0.0,0
nfcorpus,test,PLAIN-3452,0.72549033,0.023998618,0.105567396,0.02990352,0.6984988,0.021442473,0.0906806,0.08997178,0.008520521,0.028137382,0.42857142857142855,1.0,1.0,1.0,7,6,0.5093979383127244,0.5288361569833154,0.5311739829811368,0.0023378259978213967,1
nfcorpus,test,PLAIN-3462,0.66698664,0.028823674,0.079416215,0.02522437,0.6427258,0.006650746,0.06089008,0.08859356,0.005712658,0.039713927,0.17647058823529413,1.0,1.0,1.0,8,7,0.6192434967180773,0.5662023701721755,0.49825064579222805,-0.0679517243799474,0
nfcorpus,test,PLAIN-3472,0.49124297,0.019504577,0.067753136,0.021483487,0.4892887,0.019237787,0.067159206,0.07428633,0.008959748,0.020325474,0.0,0.0,0.0,1.0,16,13,0.13347537859706934,0.10327064981393906,0.13347537859706934,0.030204728783130283,1
arguana,test,test-environment-aeghhgwpe-pro02a,1.2202506,0.28819877,0.42499542,0.116213106,0.8515099,0.1040324,0.1634441,1.2291358,0.586286,0.7943586,0.42857142857142855,1.0,1.0,1.0,511,258,1.0,1.0,1.0,0.0,0
arguana,test,test-environment-aeghhgwpe-pro01a,0.9830394,0.024609685,0.09062916,0.026479393,0.8032897,0.02655077,0.050626874,0.68572456,0.04911661,0.16914564,0.5384615384615384,1.0,1.0,1.0,511,182,1.0,1.0,0.6309297535714575,-0.36907024642854247,0
arguana,test,test-environment-aeghhgwpe-pro03a,1.0116088,0.12798935,0.24383336,0.070510074,0.810362,0.058519125,0.13376081,0.67082304,0.19125342,0.3373506,0.42857142857142855,1.0,1.0,1.0,347,151,1.0,1.0,0.5,-0.5,0
arguana,test,test-environment-aeghhgwpe-pro04a,1.0397701,0.19186491,0.32885563,0.09146159,0.8243091,0.116821826,0.18814588,0.7182033,0.2141344,0.43197644,0.42857142857142855,1.0,1.0,1.0,218,120,1.0,1.0,1.0,0.0,0
arguana,test,test-environment-aeghhgwpe-con02a,0.97943425,0.14054185,0.3034923,0.08790309,0.8585385,0.11555517,0.22732413,0.40298575,0.06630099,0.22470683,0.5384615384615384,1.0,1.0,1.0,180,94,1.0,1.0,1.0,0.0,0
arguana,test,test-environment-aeghhgwpe-con03a,0.99697626,0.010698676,0.20035088,0.06549201,0.7872917,0.013845861,0.07454151,0.7451014,0.081815064,0.38291812,0.42857142857142855,1.0,1.0,0.0,174,87,0.3562071871080222,0.5,1.0,0.5,1
arguana,test,test-environment-aeghhgwpe-con01a,0.96145344,0.057456553,0.15157491,0.049133096,0.79802567,0.019586384,0.104044914,0.5447592,0.0034421682,0.14928272,0.42857142857142855,1.0,1.0,1.0,260,128,0.5,0.6309297535714575,1.0,0.36907024642854247,1
arguana,test,test-environment-assgbatj-pro02a,1.1295562,0.100296855,0.24652576,0.076832324,0.8654066,0.034216642,0.0905177,0.8804986,0.22026747,0.43636698,0.3333333333333333,1.0,1.0,1.0,132,68,0.3562071871080222,0.3562071871080222,0.5,0.14379281289197782,1
arguana,test,test-environment-assgbatj-pro05a,0.98625076,0.10351157,0.17013592,0.048932865,0.8538184,0.082568824,0.11699802,0.44144115,0.06980926,0.13702965,0.42857142857142855,1.0,1.0,1.0,81,51,0.0,0.0,0.0,0.0,0
arguana,test,test-environment-assgbatj-pro01a,1.362017,0.34534645,0.46034265,0.13314898,0.9209089,0.08741456,0.15791416,1.4703603,0.85977304,1.0065587,0.42857142857142855,1.0,1.0,1.0,192,103,0.2890648263178879,0.2890648263178879,1.0,0.7109351736821121,1
arguana,test,test-environment-assgbatj-pro03a,0.9986422,0.09197891,0.19743633,0.057882357,0.8357424,0.041484237,0.12512976,0.5429993,0.10260624,0.21913886,0.42857142857142855,1.0,1.0,1.0,128,71,0.43067655807339306,0.5,0.3562071871080222,-0.14379281289197782,0
arguana,test,test-environment-assgbatj-pro04a,0.9934603,0.14014351,0.20561588,0.056997027,0.86430717,0.090020776,0.13156843,0.43051034,0.1536468,0.20337693,0.3333333333333333,1.0,1.0,1.0,98,56,0.3562071871080222,0.3333333333333333,0.38685280723454163,0.053519473901208314,1
arguana,test,test-environment-assgbatj-con02a,1.1212759,0.23211628,0.31830496,0.0881112,0.89514446,0.115603626,0.16572714,0.7537714,0.38563037,0.42692006,0.42857142857142855,1.0,1.0,1.0,86,58,0.38685280723454163,0.3010299956639812,0.5,0.1989700043360188,1
arguana,test,test-environment-assgbatj-con05a,1.1316955,0.20554912,0.28876352,0.08135875,0.8789018,0.08647269,0.13564551,0.84264594,0.32038718,0.4695984,0.3333333333333333,1.0,1.0,1.0,110,62,0.3333333333333333,0.3333333333333333,0.5,0.16666666666666669,1
arguana,test,test-environment-assgbatj-con04a,1.0431916,0.1334408,0.1931684,0.05290366,0.88801146,0.09079927,0.13147408,0.5172671,0.12220514,0.18833533,0.8181818181818182,1.0,1.0,1.0,89,43,0.38685280723454163,0.38685280723454163,0.6309297535714575,0.2440769463369159,1
arguana,test,test-environment-assgbatj-con03a,1.0011901,0.07652736,0.1555202,0.04701662,0.84579074,0.025081038,0.08379108,0.51799756,0.16744465,0.22421542,0.25,1.0,1.0,1.0,121,60,0.38685280723454163,0.3562071871080222,0.5,0.14379281289197782,1
arguana,test,test-environment-assgbatj-con01a,1.0859971,0.15985036,0.23105335,0.06572673,0.8727581,0.06934923,0.11201519,0.7107966,0.30167022,0.39697656,0.42857142857142855,1.0,1.0,1.0,91,55,0.0,0.0,0.0,0.0,0
arguana,test,test-environment-aiahwagit-pro02a,0.89777625,0.010019064,0.12942863,0.044378784,0.7392048,0.001393497,0.067620695,0.5707636,0.06719601,0.24752909,0.6666666666666666,1.0,1.0,0.0,178,103,0.5,0.5,0.43067655807339306,-0.06932344192660694,0
arguana,test,test-environment-aiahwagit-pro05a,0.9616262,0.020860374,0.2184053,0.07304991,0.79689753,0.017740369,0.110247076,0.5490955,0.010400057,0.28757668,0.42857142857142855,1.0,1.0,1.0,211,110,0.31546487678572877,0.31546487678572877,0.43067655807339306,0.11521168128766429,1
arguana,test,test-environment-aiahwagit-pro01a,0.8900002,0.01483053,0.06922245,0.020150919,0.7615313,0.0053601265,0.041820288,0.45711353,0.013741225,0.122519284,0.3333333333333333,1.0,0.0,1.0,172,101,0.31546487678572877,0.3010299956639812,0.3333333333333333,0.03230333766935212,1
arguana,test,test-environment-aiahwagit-pro03a,0.8796981,0.010567844,0.099939585,0.036619775,0.7859194,0.0053077936,0.09390038,0.41671294,0.04785484,0.10411745,0.25,1.0,1.0,1.0,161,80,1.0,1.0,0.6309297535714575,-0.36907024642854247,0
arguana,test,test-environment-aiahwagit-pro04a,0.9834881,0.07356906,0.17970514,0.055477835,0.76293844,0.016221106,0.06747025,0.7351654,0.1911599,0.37742564,0.17647058823529413,1.0,1.0,1.0,201,107,0.38685280723454163,0.5,1.0,0.5,1
arguana,test,test-environment-aiahwagit-con02a,0.84797794,0.023009121,0.11121762,0.037700802,0.736369,0.009842336,0.07784438,0.42438996,0.06026423,0.12905726,0.3333333333333333,1.0,1.0,0.0,168,89,0.6309297535714575,1.0,0.6309297535714575,-0.36907024642854247,0
arguana,test,test-environment-aiahwagit-con04a,0.9902823,0.022110999,0.13809603,0.04241181,0.7904661,0.013435304,0.042675436,0.74116576,0.14881527,0.34171924,0.6666666666666666,1.0,1.0,0.0,280,130,0.5,0.5,1.0,0.5,1
arguana,test,test-environment-aiahwagit-con03a,0.9743291,0.06203741,0.15969515,0.049384847,0.7963486,0.026933074,0.103193045,0.5932684,0.04633844,0.21099246,0.42857142857142855,1.0,1.0,1.0,262,132,0.6309297535714575,0.43067655807339306,1.0,0.5693234419266069,1
arguana,test,test-environment-aiahwagit-con01a,0.9114144,0.014123917,0.08769822,0.030087512,0.8015891,0.016008794,0.0824216,0.4594522,0.03647369,0.09263545,0.1111111111111111,0.0,0.0,0.0,155,95,0.3562071871080222,0.3562071871080222,0.5,0.14379281289197782,1
arguana,test,test-environment-ehwsnwu-pro02a,1.4387461,0.37057972,0.4626515,0.12975119,0.9700586,0.12764591,0.17894787,1.5622915,0.80024505,0.95318955,0.8181818181818182,1.0,1.0,1.0,511,237,0.3010299956639812,0.38685280723454163,0.3562071871080222,-0.030645620126519446,0
arguana,test,test-environment-ehwsnwu-pro01a,1.3608274,0.39545113,0.45535773,0.12883797,0.9842099,0.15350342,0.21420139,1.2553916,0.6165299,0.7879484,0.3333333333333333,1.0,1.0,1.0,310,147,0.5,0.43067655807339306,0.38685280723454163,-0.04382375083885143,0
arguana,test,test-environment-ehwsnwu-con02a,1.4488586,0.414935,0.507608,0.14348942,0.9614531,0.13449836,0.19963771,1.6246849,0.85026294,1.0186281,0.5384615384615384,1.0,1.0,1.0,284,156,0.2890648263178879,0.3333333333333333,0.38685280723454163,0.053519473901208314,1
arguana,test,test-environment-ehwsnwu-con03a,1.3247046,0.36518663,0.47625703,0.13443124,0.981615,0.1914739,0.25613493,1.1436322,0.55362374,0.7285013,0.3333333333333333,1.0,1.0,1.0,281,155,0.6309297535714575,0.38685280723454163,0.6309297535714575,0.2440769463369159,1
arguana,test,test-environment-ehwsnwu-con01a,1.4431897,0.4080552,0.5189755,0.14442986,0.9916142,0.1473276,0.2055732,1.5052515,0.7842192,1.0276681,0.5384615384615384,1.0,1.0,1.0,209,114,0.2890648263178879,0.31546487678572877,0.6309297535714575,0.31546487678572877,1
arguana,test,test-environment-chbwtlgcc-pro02a,1.0360677,0.08980328,0.25653487,0.079474516,0.8371248,0.06737715,0.13985908,0.69434416,0.031201243,0.304319,0.5384615384615384,1.0,1.0,1.0,187,99,1.0,1.0,1.0,0.0,0
arguana,test,test-environment-chbwtlgcc-pro01a,0.8812032,0.054021895,0.1835199,0.05467981,0.7348421,0.018211126,0.10533738,0.5485738,0.08459857,0.26814854,0.5384615384615384,0.0,1.0,0.0,258,104,0.3010299956639812,0.3010299956639812,0.38685280723454163,0.08582281157056043,1
arguana,test,test-environment-chbwtlgcc-pro03a,0.90475094,0.025050104,0.13983238,0.049043965,0.74899834,0.0036298037,0.06006497,0.5746121,0.043337345,0.266201,0.3333333333333333,1.0,0.0,0.0,258,97,0.6309297535714575,0.6309297535714575,1.0,0.36907024642854247,1
arguana,test,test-environment-chbwtlgcc-pro04a,0.8512609,0.0014294982,0.106079996,0.03673018,0.73844945,0.012762904,0.07776481,0.4538754,0.03472975,0.11823344,0.3333333333333333,1.0,1.0,1.0,328,146,0.0,0.0,1.0,1.0,1
arguana,test,test-environment-chbwtlgcc-con02a,0.89057297,0.0023711324,0.117457986,0.040209655,0.7966709,0.026607573,0.10840517,0.40887892,0.015083939,0.1142506,0.17647058823529413,1.0,0.0,1.0,188,111,1.0,0.43067655807339306,1.0,0.5693234419266069,1
arguana,test,test-environment-chbwtlgcc-con03a,0.84242284,0.026630163,0.081457496,0.023116767,0.722506,0.0051879287,0.048071325,0.46776217,0.003479004,0.09114039,0.17647058823529413,1.0,1.0,1.0,230,148,0.3333333333333333,0.38685280723454163,0.3562071871080222,-0.030645620126519446,0
arguana,test,test-environment-chbwtlgcc-con01a,0.82386005,0.016468883,0.112369716,0.039566305,0.7050188,0.0029623508,0.07007253,0.41989815,0.023760676,0.12785953,0.3333333333333333,1.0,1.0,1.0,201,95,0.0,0.0,1.0,1.0,1
arguana,test,test-environment-opecewiahw-pro02a,0.95081,0.030940592,0.19200855,0.06352938,0.81165427,0.028301656,0.1329456,0.52940315,0.06047803,0.19453025,0.5384615384615384,1.0,1.0,1.0,151,90,0.38685280723454163,0.38685280723454163,1.0,0.6131471927654584,1
arguana,test,test-environment-opecewiahw-pro01a,1.0181584,0.034156144,0.13849676,0.042851023,0.79448074,0.0041320324,0.057030022,0.7455922,0.09700245,0.2519305,0.6666666666666666,1.0,1.0,1.0,266,165,0.3562071871080222,0.3562071871080222,1.0,0.6437928128919779,1
arguana,test,test-environment-opecewiahw-pro03a,1.0027573,0.050394237,0.17437911,0.055244956,0.84412557,0.0587191,0.12634897,0.6577208,0.075277925,0.17824489,0.3333333333333333,1.0,1.0,1.0,255,168,0.3333333333333333,0.3562071871080222,1.0,0.6437928128919779,1
arguana,test,test-environment-opecewiahw-pro04a,0.7786374,0.02278167,0.07041216,0.020403834,0.69916916,0.0019841194,0.053681076,0.317836,0.016305685,0.06671417,0.05263157894736842,1.0,0.0,1.0,92,54,0.0,0.0,0.43067655807339306,0.43067655807339306,1
arguana,test,test-environment-opecewiahw-con02a,0.92455053,0.027285695,0.105905175,0.03150212,0.8004658,0.023176372,0.0857867,0.47090775,0.057292044,0.13072604,0.42857142857142855,1.0,1.0,1.0,159,97,0.0,0.0,1.0,1.0,1
arguana,test,test-environment-opecewiahw-con04a,0.92319477,0.0111323595,0.17102003,0.0637737,0.7881725,0.0013411045,0.113606095,0.50048476,0.083048016,0.16167802,0.3333333333333333,1.0,1.0,0.0,193,112,0.0,0.0,0.0,0.0,0
arguana,test,test-environment-opecewiahw-con03a,0.89601886,0.028221488,0.15264016,0.044656716,0.78530186,0.020861506,0.09575266,0.3690567,0.024533302,0.123886615,0.6666666666666666,1.0,1.0,1.0,150,79,0.0,0.0,0.0,0.0,0
arguana,test,test-environment-opecewiahw-con01a,0.9570446,0.032023787,0.13043398,0.038892545,0.81033075,0.023254335,0.07947564,0.5044265,0.015380442,0.14670715,0.6666666666666666,1.0,1.0,1.0,225,136,0.31546487678572877,0.3333333333333333,1.0,0.6666666666666667,1
arguana,test,test-health-hdond-pro02a,0.90127873,0.026599407,0.10563916,0.03219335,0.7705179,0.0013891459,0.041939914,0.44702917,0.060077578,0.17877436,0.5384615384615384,1.0,1.0,0.0,241,110,0.38685280723454163,1.0,0.43067655807339306,-0.5693234419266069,0
arguana,test,test-health-hdond-pro01a,0.88185525,0.024422467,0.12713039,0.04113277,0.7746104,0.0040863752,0.089767456,0.37110403,0.06730315,0.13117523,0.3333333333333333,1.0,1.0,0.0,337,95,0.6309297535714575,1.0,0.5,-0.5,0
arguana,test,test-health-hdond-pro03a,1.0491414,0.24698293,0.28420115,0.08111119,0.87033933,0.14173383,0.17802489,0.59600675,0.2805641,0.3560698,0.17647058823529413,1.0,1.0,1.0,255,85,1.0,1.0,1.0,0.0,0
arguana,test,test-health-hdond-pro04a,0.92149556,0.04595411,0.10875702,0.032384835,0.8029928,0.02684766,0.0737012,0.41205117,0.017041981,0.11587089,0.3333333333333333,1.0,1.0,1.0,195,86,1.0,1.0,1.0,0.0,0
arguana,test,test-health-hdond-con02a,0.90600026,0.06973636,0.1225701,0.033053994,0.812408,0.0564425,0.08538151,0.31916517,0.0071907938,0.098189756,0.42857142857142855,1.0,0.0,1.0,160,76,0.3333333333333333,0.3562071871080222,0.3562071871080222,0.0,0
arguana,test,test-health-hdond-con04a,0.8924321,0.01244086,0.14089882,0.048406143,0.7824018,0.025221646,0.09814918,0.40937033,0.018831402,0.12634692,0.25,1.0,1.0,1.0,183,90,1.0,1.0,1.0,0.0,0
arguana,test,test-health-hdond-con03a,0.9453707,0.051041424,0.11145991,0.03382741,0.83211315,0.034873128,0.06561172,0.4080116,0.030486614,0.14278355,0.25,1.0,1.0,1.0,181,88,0.43067655807339306,0.5,1.0,0.5,1
arguana,test,test-health-hdond-con01a,0.9101887,0.036628127,0.10654783,0.03222308,0.77783096,0.0056016445,0.055580437,0.45741883,0.01622656,0.11078873,0.1111111111111111,1.0,1.0,1.0,213,100,0.3562071871080222,0.43067655807339306,0.6309297535714575,0.20025319549806447,1
arguana,test,test-health-ppelfhwbpba-pro02a,0.8677197,0.033843458,0.106666446,0.03371792,0.7704351,0.02156359,0.06353217,0.33362433,0.009342343,0.12845808,0.5384615384615384,1.0,1.0,1.0,104,58,1.0,1.0,1.0,0.0,0
arguana,test,test-health-ppelfhwbpba-pro01a,0.91902167,0.0082909465,0.13602531,0.04836106,0.81764454,0.028847635,0.10888356,0.4064461,0.044282943,0.12670791,0.5384615384615384,1.0,1.0,1.0,201,113,0.5,0.43067655807339306,0.3333333333333333,-0.09734322474005974,0
arguana,test,test-health-ppelfhwbpba-pro03a,0.9800341,0.03961909,0.14336103,0.048322085,0.85747194,0.017553627,0.09576166,0.45559627,0.03680393,0.14205098,0.25,1.0,1.0,1.0,196,109,1.0,0.6309297535714575,0.3562071871080222,-0.27472256646343535,0
arguana,test,test-health-ppelfhwbpba-pro04a,0.9680065,0.0965395,0.19882673,0.057604443,0.82369787,0.10102022,0.14493483,0.5017828,0.02075404,0.18801412,0.3333333333333333,1.0,1.0,1.0,193,102,1.0,1.0,1.0,0.0,0
arguana,test,test-health-ppelfhwbpba-con02a,0.8900657,0.0012716651,0.0873428,0.032301523,0.8068809,0.0048884153,0.07115579,0.33443618,0.040177733,0.104168504,0.5384615384615384,1.0,0.0,0.0,164,75,0.6309297535714575,1.0,1.0,0.0,0
arguana,test,test-health-ppelfhwbpba-con03a,0.90224844,0.010411322,0.11243892,0.035166178,0.77744603,0.011285484,0.063236654,0.45785424,0.038565904,0.20605445,0.17647058823529413,1.0,1.0,0.0,176,107,0.3562071871080222,0.3010299956639812,1.0,0.6989700043360187,1
arguana,test,test-health-ppelfhwbpba-con01a,0.8077193,0.015121877,0.049593627,0.014238958,0.7608013,0.015741408,0.048296034,0.2666489,0.02845706,0.05778435,0.17647058823529413,0.0,0.0,0.0,152,76,0.3333333333333333,0.43067655807339306,0.38685280723454163,-0.04382375083885143,0
arguana,test,test-health-dhgsshbesbc-pro02a,0.9841823,0.0703994,0.16717267,0.046141338,0.84231776,0.03138876,0.087623596,0.4728818,0.10971075,0.2266048,0.5384615384615384,1.0,1.0,1.0,159,75,0.0,0.0,0.43067655807339306,0.43067655807339306,1
arguana,test,test-health-dhgsshbesbc-pro01a,0.9856832,0.013466477,0.14412874,0.050634377,0.8540426,0.009624839,0.10281217,0.5343091,0.06047383,0.14438978,0.3333333333333333,1.0,1.0,1.0,262,144,1.0,1.0,1.0,0.0,0
arguana,test,test-health-dhgsshbesbc-pro03a,0.9553729,0.02466917,0.123529434,0.038535446,0.806889,0.0017469525,0.059514046,0.55897224,0.06402573,0.20860726,0.42857142857142855,1.0,1.0,1.0,193,101,0.38685280723454163,0.6309297535714575,0.43067655807339306,-0.20025319549806447,0
arguana,test,test-health-dhgsshbesbc-pro04a,0.89519,0.004152119,0.117522836,0.03984319,0.79596335,0.0022233725,0.07663065,0.41600877,0.067687005,0.18356352,0.42857142857142855,1.0,1.0,0.0,154,89,0.3562071871080222,0.5,1.0,0.5,1
arguana,test,test-health-dhgsshbesbc-con02a,0.95937973,0.024035692,0.14218968,0.04117283,0.82749945,0.0019997358,0.070210814,0.4659673,0.026366323,0.1804449,0.25,1.0,1.0,1.0,231,139,0.2890648263178879,0.2890648263178879,0.38685280723454163,0.09778798091665375,1
arguana,test,test-health-dhgsshbesbc-con03a,0.8714422,0.0076254606,0.14040124,0.05203105,0.78429246,0.0024248362,0.091295004,0.31046927,0.01997009,0.11949217,0.3333333333333333,1.0,1.0,1.0,128,69,0.0,0.0,0.5,0.5,1
arguana,test,test-health-dhgsshbesbc-con01a,0.9567944,0.011681795,0.15737331,0.050233096,0.79108304,0.006532967,0.093853176,0.61538106,0.04119861,0.25330672,0.5384615384615384,1.0,1.0,0.0,401,146,1.0,0.43067655807339306,1.0,0.5693234419266069,1
arguana,test,test-health-dhiacihwph-pro02a,0.86760265,0.000369668,0.0707894,0.026611358,0.76773906,0.0032618046,0.06150812,0.42607307,0.03811562,0.13522995,0.17647058823529413,1.0,1.0,1.0,154,78,0.43067655807339306,1.0,0.6309297535714575,-0.36907024642854247,0
arguana,test,test-health-dhiacihwph-pro01a,0.9885217,0.010125041,0.06838602,0.023689711,0.81878316,0.017424166,0.06384438,0.68368965,0.030699074,0.12911737,0.5384615384615384,1.0,1.0,1.0,209,138,0.0,0.0,0.3562071871080222,0.3562071871080222,1
arguana,test,test-health-dhiacihwph-pro03a,0.9962168,0.06570774,0.11870676,0.034325063,0.80700976,0.0053774714,0.05237651,0.6306901,0.09479272,0.2147026,0.5384615384615384,1.0,1.0,1.0,177,112,1.0,1.0,1.0,0.0,0
arguana,test,test-health-dhiacihwph-pro04a,0.9461379,0.03382337,0.09649569,0.031493384,0.8153952,0.023652136,0.081005394,0.5390634,0.020668328,0.13715845,0.3333333333333333,1.0,1.0,1.0,169,97,0.31546487678572877,0.31546487678572877,0.31546487678572877,0.0,0
arguana,test,test-health-dhiacihwph-con02a,0.987517,0.020130992,0.11424792,0.038612258,0.8447148,0.034019172,0.09490633,0.626337,0.14860895,0.22182879,0.5384615384615384,1.0,1.0,1.0,162,100,1.0,1.0,1.0,0.0,0
arguana,test,test-health-dhiacihwph-con03a,1.010447,0.08573246,0.17882901,0.042265527,0.80498207,0.043225348,0.08448702,0.6848831,0.07271147,0.24434173,0.8181818181818182,1.0,1.0,1.0,167,94,0.3333333333333333,0.3562071871080222,0.6309297535714575,0.27472256646343535,1
arguana,test,test-health-dhiacihwph-con01a,0.98978996,0.041229904,0.082556605,0.024200752,0.7990817,0.0024130344,0.037447453,0.64373773,0.0036410093,0.15640876,0.3333333333333333,0.0,1.0,0.0,181,108,1.0,1.0,0.6309297535714575,-0.36907024642854247,0
arguana,test,test-health-ahiahbgbsp-pro02a,1.0475504,0.050002158,0.17201924,0.05724399,0.8719236,0.027815878,0.091243565,0.5854229,0.04581529,0.24326456,0.25,1.0,1.0,1.0,176,84,0.0,0.0,0.0,0.0,0
arguana,test,test-health-ahiahbgbsp-pro05a,0.981566,0.09611601,0.16417831,0.04590144,0.81030285,0.04765451,0.09228903,0.5708772,0.15496564,0.2192243,0.5384615384615384,1.0,1.0,1.0,195,104,0.0,0.0,0.0,0.0,0
arguana,test,test-health-ahiahbgbsp-pro01a,0.9881295,0.014093459,0.15327978,0.058232754,0.8334291,0.008439064,0.098971665,0.6590817,0.069476664,0.25646377,0.25,1.0,1.0,0.0,307,156,0.5,0.6309297535714575,0.5,-0.13092975357145753,0
arguana,test,test-health-ahiahbgbsp-pro03a,0.91135645,0.032408595,0.1271038,0.03720621,0.82940984,0.041921496,0.11294973,0.3540653,0.03436488,0.09124172,0.42857142857142855,1.0,1.0,1.0,118,65,0.38685280723454163,0.3562071871080222,0.3562071871080222,0.0,0
arguana,test,test-health-ahiahbgbsp-pro04a,0.8479094,0.007253468,0.06957656,0.022157488,0.7353459,0.009462178,0.03486353,0.40675214,0.017741531,0.13672093,0.3333333333333333,0.0,1.0,0.0,152,81,0.0,0.0,1.0,1.0,1
arguana,test,test-health-ahiahbgbsp-con02a,0.9646677,0.11974853,0.19115567,0.05230787,0.8136582,0.045276284,0.12023276,0.50336486,0.16529724,0.22874802,0.17647058823529413,1.0,1.0,1.0,206,97,0.5,0.6309297535714575,1.0,0.36907024642854247,1
arguana,test,test-health-ahiahbgbsp-con04a,0.76244724,0.015927553,0.07134384,0.02244725,0.6913811,0.0142226815,0.044547915,0.23688714,0.0056828707,0.035252288,0.1111111111111111,1.0,1.0,1.0,123,61,0.6309297535714575,0.6309297535714575,0.6309297535714575,0.0,0
arguana,test,test-health-ahiahbgbsp-con03a,0.98587894,0.011972427,0.16615695,0.05894208,0.8651667,0.020940542,0.12612641,0.43226784,0.029893756,0.13710976,0.3333333333333333,1.0,1.0,1.0,152,70,0.43067655807339306,0.38685280723454163,1.0,0.6131471927654584,1
arguana,test,test-health-ahiahbgbsp-con01a,0.83977896,0.001657486,0.07563686,0.028807636,0.77067083,0.008143723,0.059372485,0.3340864,0.028206348,0.08609906,0.1111111111111111,0.0,1.0,0.0,101,48,0.3010299956639812,0.2890648263178879,0.0,-0.2890648263178879,0
arguana,test,test-health-hgwhwbjfs-pro02a,0.8704678,0.018855453,0.07224941,0.022429824,0.75194347,0.013863623,0.034460127,0.5170652,0.10765737,0.2143135,0.17647058823529413,0.0,0.0,0.0,208,101,0.3010299956639812,0.3010299956639812,0.6309297535714575,0.32989975790747633,1
arguana,test,test-health-hgwhwbjfs-pro01a,0.98787314,0.0067661405,0.12188727,0.042854853,0.8007027,0.019292235,0.063186646,0.7281658,0.053703427,0.25290605,0.42857142857142855,1.0,1.0,1.0,511,271,0.38685280723454163,0.5,0.38685280723454163,-0.11314719276545837,0
arguana,test,test-health-hgwhwbjfs-pro03a,1.0281883,0.066037774,0.13988721,0.040919587,0.80639553,0.009976327,0.051228464,0.7725638,0.190929,0.32577834,0.3333333333333333,1.0,1.0,0.0,295,166,0.31546487678572877,0.3010299956639812,1.0,0.6989700043360187,1
arguana,test,test-health-hgwhwbjfs-con02a,1.0187441,0.039392352,0.17028719,0.052381672,0.81897175,0.014733911,0.082687795,0.6659079,0.057977796,0.2649316,0.6666666666666666,1.0,1.0,1.0,417,195,0.5,0.3333333333333333,1.0,0.6666666666666667,1
arguana,test,test-health-hgwhwbjfs-con04a,0.9180968,0.00959146,0.08174914,0.026221378,0.78029126,0.0027409792,0.03142792,0.5088935,0.023790985,0.1579462,0.42857142857142855,1.0,0.0,0.0,404,162,0.6309297535714575,1.0,0.3333333333333333,-0.6666666666666667,0
arguana,test,test-health-hgwhwbjfs-con03a,0.8498708,0.0003105998,0.095531344,0.03657469,0.75627995,0.007831037,0.06848711,0.45685422,0.04210624,0.1719051,0.42857142857142855,1.0,1.0,0.0,312,144,0.38685280723454163,0.38685280723454163,1.0,0.6131471927654584,1
arguana,test,test-health-hgwhwbjfs-con01a,0.98967516,0.03141564,0.10768241,0.033840675,0.8130379,0.004624605,0.056171417,0.73430884,0.20648736,0.3110872,0.3333333333333333,1.0,1.0,0.0,362,134,0.5,0.5,0.38685280723454163,-0.11314719276545837,0
arguana,test,test-health-hpehwadvoee-pro02a,0.8718492,0.08172464,0.10783774,0.029134536,0.74195397,0.013633966,0.039333284,0.43298396,0.101426035,0.19392258,0.1111111111111111,1.0,1.0,1.0,125,69,1.0,1.0,0.6309297535714575,-0.36907024642854247,0
arguana,test,test-health-hpehwadvoee-pro05a,0.9383452,0.08461249,0.14977556,0.042573873,0.7885692,0.046208918,0.09295249,0.4992532,0.08998591,0.18115455,0.42857142857142855,1.0,1.0,1.0,232,131,0.31546487678572877,0.3333333333333333,1.0,0.6666666666666667,1
arguana,test,test-health-hpehwadvoee-pro01a,0.93513346,0.08917534,0.12797749,0.03379314,0.75583273,0.00245291,0.0359748,0.5976691,0.16468462,0.2723538,0.3333333333333333,1.0,1.0,1.0,217,117,0.3333333333333333,0.5,1.0,0.5,1
arguana,test,test-health-hpehwadvoee-pro03a,0.86338836,0.03049606,0.057804525,0.016188722,0.765621,0.02662754,0.04060793,0.41464967,0.0035716891,0.09940931,0.1111111111111111,0.0,1.0,0.0,207,89,0.38685280723454163,0.5,0.5,0.0,0
arguana,test,test-health-hpehwadvoee-pro04a,1.0150988,0.056269586,0.10860723,0.030740367,0.8462654,0.018146157,0.04280138,0.6370918,0.17892957,0.26681244,0.42857142857142855,1.0,1.0,0.0,304,153,0.6309297535714575,0.6309297535714575,0.6309297535714575,0.0,0
arguana,test,test-health-hpehwadvoee-con02a,0.9783708,0.009807825,0.19519496,0.066510506,0.830063,0.0032020807,0.10651696,0.505033,0.04336655,0.22682893,0.25,1.0,1.0,0.0,172,79,1.0,0.6309297535714575,0.6309297535714575,0.0,0
arguana,test,test-health-hpehwadvoee-con05a,1.0205969,0.06621474,0.16252816,0.04829131,0.83662057,0.008172035,0.054633558,0.6404942,0.21296132,0.3373403,0.42857142857142855,1.0,1.0,0.0,165,79,0.0,0.0,0.0,0.0,0
arguana,test,test-health-hpehwadvoee-con04a,0.9632692,0.05022067,0.13016367,0.040938426,0.7888585,0.02819705,0.057305574,0.58136904,0.07001877,0.2366023,0.3333333333333333,1.0,1.0,1.0,145,83,0.43067655807339306,0.6309297535714575,1.0,0.36907024642854247,1
arguana,test,test-health-hpehwadvoee-con03a,0.9479412,0.034524143,0.09896922,0.029448975,0.8348246,0.024177074,0.06516355,0.40360305,0.02654776,0.11577049,0.3333333333333333,1.0,1.0,1.0,199,85,1.0,1.0,1.0,0.0,0
arguana,test,test-health-hpehwadvoee-con01a,0.8756433,0.019279182,0.06597662,0.019661786,0.78578585,0.008180678,0.061880827,0.41238073,0.047016233,0.118971884,0.17647058823529413,1.0,0.0,1.0,187,75,0.0,0.0,0.0,0.0,0
arguana,test,test-health-dhghwapgd-pro02a,1.0135483,0.015433371,0.1064263,0.03366815,0.81369317,0.03051722,0.06476313,0.7474736,0.031010509,0.17314434,0.42857142857142855,1.0,0.0,1.0,511,254,0.31546487678572877,0.2890648263178879,1.0,0.7109351736821121,1
arguana,test,test-health-dhghwapgd-pro05a,1.4597203,0.18392456,0.57023454,0.18024287,0.93112713,0.06280309,0.18254954,1.7619771,0.32968807,1.2792255,0.6666666666666666,1.0,1.0,1.0,305,145,0.0,0.0,0.43067655807339306,0.43067655807339306,1
arguana,test,test-health-dhghwapgd-pro01a,1.0586686,0.05347979,0.1928693,0.059603438,0.79570484,0.017331779,0.06888366,1.0695608,0.37128073,0.56279445,0.25,1.0,1.0,0.0,380,200,0.2890648263178879,0.3333333333333333,1.0,0.6666666666666667,1
arguana,test,test-health-dhghwapgd-pro03a,1.0620698,0.08247757,0.16803336,0.04574554,0.8290982,0.0069646835,0.06820953,1.0253057,0.42542326,0.5404216,0.25,1.0,0.0,0.0,461,231,0.3333333333333333,0.3562071871080222,1.0,0.6437928128919779,1
arguana,test,test-health-dhghwapgd-pro04a,1.2797015,0.07327604,0.38620013,0.12628084,0.86403716,0.018348634,0.10102129,1.3855479,0.18309164,0.90268815,0.5384615384615384,1.0,1.0,1.0,511,245,0.0,0.0,0.0,0.0,0
arguana,test,test-health-dhghwapgd-con02a,1.2345282,0.18433356,0.30694032,0.08674039,0.86923623,0.037035465,0.08722836,1.2176398,0.47198147,0.68933153,0.42857142857142855,1.0,1.0,1.0,300,157,0.5,0.43067655807339306,1.0,0.5693234419266069,1
arguana,test,test-health-dhghwapgd-con04a,1.3648283,0.35279477,0.42002773,0.1212043,0.86863196,0.06214863,0.1049521,1.6539878,0.94659495,1.036773,0.25,1.0,1.0,1.0,511,227,0.0,0.0,0.0,0.0,0
arguana,test,test-health-dhghwapgd-con03a,1.552529,0.41877162,0.5838439,0.16185968,0.9046241,0.06793499,0.1348592,2.1596828,0.96700275,1.477227,0.6666666666666666,1.0,1.0,1.0,494,221,0.0,0.0,0.0,0.0,0
arguana,test,test-health-dhghwapgd-con01a,0.96196383,0.07971305,0.18942279,0.05652371,0.7632733,0.020804346,0.08127749,0.6623017,0.19636223,0.2809198,0.3333333333333333,1.0,1.0,1.0,356,171,0.5,0.5,1.0,0.5,1
arguana,test,test-health-dhghhbampt-pro02a,0.87676805,0.022468686,0.17059332,0.05706155,0.7283102,0.0069037676,0.09514171,0.49485946,0.036446184,0.21714273,0.5384615384615384,1.0,1.0,1.0,204,122,0.43067655807339306,0.43067655807339306,0.6309297535714575,0.20025319549806447,1
arguana,test,test-health-dhghhbampt-pro01a,0.8709241,0.028470993,0.09569746,0.031298693,0.75343865,0.0058823824,0.040656924,0.44742852,0.025049627,0.21318936,0.25,1.0,1.0,0.0,278,120,0.6309297535714575,1.0,0.3562071871080222,-0.6437928128919779,0
arguana,test,test-health-dhghhbampt-pro03a,0.886456,0.005596876,0.12777507,0.0497257,0.74918216,0.00078839064,0.066695094,0.4770388,0.019459248,0.21877813,0.3333333333333333,1.0,1.0,1.0,343,130,0.3562071871080222,0.3333333333333333,1.0,0.6666666666666667,1
arguana,test,test-health-dhghhbampt-con02a,0.87134904,0.0031410456,0.04485327,0.017445773,0.7691049,0.00963372,0.038610637,0.41139904,0.023036122,0.088843465,0.25,0.0,0.0,0.0,225,105,0.31546487678572877,0.5,1.0,0.5,1
arguana,test,test-health-dhghhbampt-con03a,0.7794934,0.018027127,0.08109164,0.027199335,0.72081196,0.01994735,0.07349217,0.2473738,0.031162143,0.074933425,0.3333333333333333,1.0,1.0,1.0,123,52,1.0,1.0,1.0,0.0,0
arguana,test,test-health-dhghhbampt-con01a,0.77680254,0.010016859,0.055634737,0.017973375,0.72603357,0.0031337142,0.055803835,0.25911295,0.0051012635,0.059591547,0.17647058823529413,0.0,0.0,1.0,162,76,0.5,0.38685280723454163,0.6309297535714575,0.2440769463369159,1
arguana,test,test-health-dhpelhbass-pro02a,0.88800466,0.018431485,0.11620289,0.036469083,0.74836487,0.015546262,0.0647127,0.4723834,0.0069175065,0.13588372,0.3333333333333333,1.0,1.0,1.0,288,149,0.38685280723454163,0.3333333333333333,1.0,0.6666666666666667,1
arguana,test,test-health-dhpelhbass-pro01a,1.0270245,0.047109008,0.14674336,0.04610219,0.82073486,0.035515487,0.07832652,0.6876323,0.038645208,0.21705294,0.25,1.0,1.0,1.0,373,185,0.6309297535714575,0.6309297535714575,1.0,0.36907024642854247,1
arguana,test,test-health-dhpelhbass-pro03a,0.8831378,0.015347362,0.068740666,0.022764849,0.7339343,0.006736517,0.04589492,0.5652915,0.063053966,0.12779287,0.17647058823529413,1.0,0.0,1.0,246,137,0.3010299956639812,0.43067655807339306,0.6309297535714575,0.20025319549806447,1
arguana,test,test-health-dhpelhbass-con02a,0.96149737,0.008130193,0.11655772,0.04100498,0.7834044,0.001971364,0.043608308,0.64105564,0.06794196,0.22087407,0.25,1.0,1.0,0.0,511,138,0.0,0.0,0.5,0.5,1
arguana,test,test-health-dhpelhbass-con04a,0.96518743,0.12420511,0.1582973,0.04357822,0.81064534,0.02238363,0.057216346,0.5151403,0.21795675,0.29276127,0.1111111111111111,1.0,1.0,1.0,223,94,1.0,1.0,1.0,0.0,0
arguana,test,test-health-dhpelhbass-con03a,0.9561349,0.0353328,0.12243807,0.03916559,0.7960586,0.052856624,0.087391555,0.63025284,0.046379805,0.2057589,0.5384615384615384,1.0,1.0,1.0,323,144,1.0,1.0,0.6309297535714575,-0.36907024642854247,0
arguana,test,test-health-dhpelhbass-con01a,1.0275066,0.05556369,0.16988099,0.055214643,0.84103686,0.0127123,0.08010167,0.6215656,0.04752195,0.23195228,0.3333333333333333,1.0,1.0,1.0,260,123,1.0,1.0,0.43067655807339306,-0.5693234419266069,0
arguana,test,test-sport-aastshsrqsar-pro02a,0.9730185,0.06722486,0.14393228,0.041229043,0.83898216,0.028085649,0.093206346,0.4467878,0.023914367,0.15378144,0.3333333333333333,1.0,1.0,1.0,189,91,0.3562071871080222,0.43067655807339306,1.0,0.5693234419266069,1
arguana,test,test-sport-aastshsrqsar-pro01a,1.0027447,0.008379102,0.1721499,0.063744694,0.84308827,0.0034780502,0.08370793,0.57853013,0.034273326,0.2982675,0.5384615384615384,1.0,1.0,0.0,173,90,0.38685280723454163,0.3562071871080222,1.0,0.6437928128919779,1
arguana,test,test-sport-aastshsrqsar-pro03a,0.95811176,0.002724409,0.122110546,0.045423675,0.8544487,0.023022711,0.12160951,0.4554741,0.014515907,0.16472015,0.42857142857142855,1.0,1.0,1.0,167,90,1.0,1.0,1.0,0.0,0
arguana,test,test-sport-aastshsrqsar-con02a,0.8505803,0.0033581257,0.075255394,0.022254871,0.77217007,0.009067297,0.06772351,0.3692636,0.03855467,0.15092224,0.6666666666666666,1.0,1.0,0.0,159,77,0.38685280723454163,0.43067655807339306,0.6309297535714575,0.20025319549806447,1
arguana,test,test-sport-aastshsrqsar-con04a,1.058809,0.13286364,0.34117693,0.103988424,0.8495641,0.06398535,0.19157237,0.6974833,0.22959435,0.4874227,0.5384615384615384,1.0,1.0,1.0,179,83,0.3010299956639812,0.3010299956639812,1.0,0.6989700043360187,1
arguana,test,test-sport-aastshsrqsar-con03a,0.8805289,0.011395276,0.16831994,0.06107809,0.75637144,0.0017113686,0.09313059,0.43764046,0.018077642,0.18930516,0.42857142857142855,1.0,1.0,0.0,168,87,0.43067655807339306,0.43067655807339306,1.0,0.5693234419266069,1
arguana,test,test-sport-aastshsrqsar-con01a,1.0232934,0.11345726,0.25695825,0.07307325,0.80046576,0.030430973,0.11037874,0.7427588,0.27675435,0.45957452,0.6666666666666666,1.0,1.0,1.0,180,98,0.5,0.5,1.0,0.5,1
arguana,test,test-sport-otshwbe2uuyt-pro02a,0.918536,0.005165279,0.107952714,0.036742445,0.802728,0.002594471,0.06003064,0.46021584,0.0529764,0.1402896,0.3333333333333333,0.0,1.0,0.0,312,161,0.5,1.0,1.0,0.0,0
arguana,test,test-sport-otshwbe2uuyt-pro01a,0.90384716,0.007084906,0.10780734,0.03421859,0.7556608,0.013051629,0.060150146,0.55920225,0.028387904,0.10267797,0.25,1.0,1.0,1.0,409,209,0.0,0.0,0.0,0.0,0
arguana,test,test-sport-otshwbe2uuyt-pro03a,0.90734863,0.0011487007,0.04125583,0.01555696,0.81397414,0.03167969,0.061427236,0.45704657,0.006693214,0.14280114,0.6666666666666666,0.0,1.0,0.0,242,89,0.43067655807339306,0.3562071871080222,1.0,0.6437928128919779,1
arguana,test,test-sport-otshwbe2uuyt-con02a,1.030348,0.017257214,0.11084324,0.033322595,0.8429216,0.015128553,0.06696862,0.70043117,0.07497877,0.2967543,0.6666666666666666,1.0,1.0,0.0,295,157,0.5,0.6309297535714575,1.0,0.36907024642854247,1
arguana,test,test-sport-otshwbe2uuyt-con05a,1.0311295,0.095308065,0.16269422,0.04445962,0.80129933,0.014301777,0.07326043,0.76610047,0.15810812,0.27166218,0.5384615384615384,1.0,1.0,1.0,248,130,0.5,0.5,1.0,0.5,1
arguana,test,test-sport-otshwbe2uuyt-con04a,0.99103385,0.03279692,0.14189386,0.043125693,0.8239085,0.0069203973,0.07676172,0.5570845,0.04269451,0.20828706,0.3333333333333333,1.0,1.0,1.0,209,111,0.5,0.5,1.0,0.5,1
arguana,test,test-sport-otshwbe2uuyt-con03a,1.0254102,0.033460855,0.13267606,0.041790757,0.8369932,0.013421774,0.057638705,0.687543,0.05906105,0.2736661,0.6666666666666666,1.0,1.0,0.0,362,174,0.38685280723454163,0.2890648263178879,1.0,0.7109351736821121,1
arguana,test,test-sport-otshwbe2uuyt-con01a,0.9538882,0.006885648,0.08297616,0.02514876,0.81321806,0.006959021,0.042358875,0.49209702,0.028381914,0.12642339,0.3333333333333333,1.0,1.0,0.0,212,124,0.6309297535714575,0.5,1.0,0.5,1
arguana,test,test-sport-ybfgsohbhog-pro02a,0.9514452,0.041980565,0.17387664,0.04844105,0.76441354,0.017452955,0.07098478,0.62343884,0.030078948,0.2746941,0.6666666666666666,1.0,1.0,1.0,320,154,1.0,1.0,1.0,0.0,0
arguana,test,test-sport-ybfgsohbhog-pro01a,0.97884095,0.012915373,0.18024439,0.06338572,0.81086856,0.022081494,0.12828779,0.59046173,0.030553699,0.18735111,0.42857142857142855,1.0,1.0,1.0,198,100,1.0,1.0,1.0,0.0,0
arguana,test,test-sport-ybfgsohbhog-pro03a,1.0523964,0.06396949,0.16742814,0.047989573,0.8055822,0.008779526,0.07010555,0.822714,0.18396652,0.37311032,1.0,1.0,1.0,1.0,221,132,0.0,0.0,0.38685280723454163,0.38685280723454163,1
arguana,test,test-sport-ybfgsohbhog-pro04a,0.9631281,0.025674224,0.1115607,0.03800349,0.8201768,0.007459104,0.08827686,0.48186815,0.005363822,0.14068359,0.6666666666666666,1.0,1.0,1.0,147,77,0.43067655807339306,0.6309297535714575,1.0,0.36907024642854247,1
arguana,test,test-sport-ybfgsohbhog-con02a,0.89290386,0.012261808,0.17370832,0.061282218,0.75293297,0.0046206713,0.10262841,0.48197192,0.05627492,0.20995766,0.3333333333333333,1.0,1.0,0.0,208,108,1.0,1.0,1.0,0.0,0
arguana,test,test-sport-ybfgsohbhog-con03a,0.99781746,0.074338794,0.1452812,0.03994777,0.7965386,0.008010089,0.07227141,0.6709295,0.104335845,0.26411486,0.5384615384615384,1.0,1.0,1.0,225,125,0.0,0.0,0.3010299956639812,0.3010299956639812,1
arguana,test,test-sport-ybfgsohbhog-con01a,1.0765655,0.08334565,0.16000426,0.044036966,0.86343306,0.041090906,0.109176636,0.7104416,0.040339172,0.1938923,0.5384615384615384,1.0,1.0,1.0,278,144,0.3010299956639812,0.2890648263178879,0.3010299956639812,0.011965169346093318,1
arguana,test,test-sport-tshbmlbscac-pro02a,1.0381308,0.016585827,0.14239508,0.047398422,0.8393237,0.04347539,0.086372554,0.82978797,0.1378113,0.32336628,0.6666666666666666,1.0,1.0,1.0,511,170,0.5,0.38685280723454163,1.0,0.6131471927654584,1
arguana,test,test-sport-tshbmlbscac-pro01a,1.0262341,0.020319343,0.09444851,0.02932797,0.8226387,0.0128849745,0.064833164,0.7986075,0.07700616,0.22256482,0.6666666666666666,1.0,0.0,0.0,295,155,0.43067655807339306,0.3333333333333333,1.0,0.6666666666666667,1
arguana,test,test-sport-tshbmlbscac-pro03a,1.0273966,0.003971696,0.087503195,0.028781313,0.83225083,0.0024686456,0.03927654,0.7807042,0.097572565,0.32572478,0.5384615384615384,1.0,0.0,1.0,316,134,0.38685280723454163,0.43067655807339306,1.0,0.5693234419266069,1
arguana,test,test-sport-tshbmlbscac-pro04a,1.0030708,0.005851865,0.13139093,0.0465367,0.8437454,0.012575865,0.09877938,0.60217345,0.012664676,0.1872096,0.8181818181818182,1.0,0.0,1.0,315,113,1.0,0.6309297535714575,1.0,0.36907024642854247,1
arguana,test,test-sport-tshbmlbscac-con02a,1.0583013,0.027521253,0.19647557,0.06555874,0.89221954,0.055167556,0.14338845,0.64576006,0.09215397,0.26911113,0.6666666666666666,1.0,1.0,1.0,194,87,1.0,1.0,1.0,0.0,0
arguana,test,test-sport-tshbmlbscac-con04a,0.9806411,0.0018804073,0.1334014,0.046590764,0.7955798,0.00883162,0.083753824,0.69079405,0.03716731,0.24800387,0.8181818181818182,1.0,1.0,0.0,310,124,0.5,1.0,1.0,0.0,0
arguana,test,test-sport-tshbmlbscac-con03a,1.049929,0.03442633,0.15475345,0.04897351,0.82609767,0.014480054,0.06487179,0.79437125,0.11431116,0.3603198,0.5384615384615384,1.0,1.0,0.0,169,87,0.31546487678572877,0.38685280723454163,0.6309297535714575,0.2440769463369159,1
arguana,test,test-sport-tshbmlbscac-con01a,1.0363321,0.009588242,0.13404274,0.04520662,0.79132056,0.015225768,0.0797748,1.0145103,0.18263686,0.40230072,1.0,1.0,1.0,0.0,511,208,1.0,0.38685280723454163,1.0,0.6131471927654584,1
arguana,test,test-free-speech-debate-magghbcrg-pro02a,0.87737584,0.031433165,0.15072626,0.046016805,0.7898307,0.031565905,0.1078701,0.3970369,0.047341764,0.16078305,0.25,0.0,1.0,0.0,294,136,0.6309297535714575,0.6309297535714575,0.3562071871080222,-0.27472256646343535,0
arguana,test,test-free-speech-debate-magghbcrg-pro01a,0.94464505,0.06082928,0.1618712,0.049184345,0.8128406,0.051451206,0.10956168,0.43934816,0.030158043,0.14018571,0.42857142857142855,1.0,1.0,1.0,277,116,0.43067655807339306,0.5,1.0,0.5,1
arguana,test,test-free-speech-debate-magghbcrg-pro03a,0.95930517,0.08029145,0.17071146,0.048752293,0.827879,0.032194078,0.12012589,0.43808714,0.08799076,0.2190745,0.6666666666666666,1.0,1.0,1.0,334,109,0.2890648263178879,0.2890648263178879,0.5,0.21093517368211212,1
arguana,test,test-free-speech-debate-magghbcrg-con02a,0.86629164,0.052994132,0.10569596,0.029429542,0.7370073,0.025361598,0.046880245,0.43094784,0.030944437,0.12632543,0.25,1.0,1.0,1.0,295,162,0.0,0.0,0.0,0.0,0
arguana,test,test-free-speech-debate-magghbcrg-con03a,0.8983121,0.009140313,0.11741978,0.041297626,0.776279,0.008649886,0.07854205,0.43561,0.05930069,0.19806956,0.5384615384615384,1.0,1.0,0.0,241,96,0.3562071871080222,0.3562071871080222,1.0,0.6437928128919779,1
arguana,test,test-free-speech-debate-magghbcrg-con01a,0.8683803,0.023881733,0.11319059,0.034857593,0.73808426,0.007134378,0.04859084,0.4581014,0.057923317,0.1756224,0.5384615384615384,1.0,1.0,0.0,511,164,0.31546487678572877,0.3562071871080222,0.3562071871080222,0.0,0
arguana,test,test-free-speech-debate-nshbbsbfb-pro02a,0.88972497,0.025580287,0.09831548,0.029741852,0.78530365,0.0069003105,0.060723722,0.34807107,0.058235317,0.10289016,0.17647058823529413,1.0,1.0,1.0,300,118,0.3562071871080222,0.3333333333333333,0.3010299956639812,-0.03230333766935212,0
arguana,test,test-free-speech-debate-nshbbsbfb-pro01a,0.9153525,0.08685541,0.14312989,0.03838712,0.77414995,0.031552136,0.09985316,0.47067523,0.09006566,0.19341737,0.5384615384615384,1.0,1.0,1.0,473,165,0.5,0.6309297535714575,0.38685280723454163,-0.2440769463369159,0
arguana,test,test-free-speech-debate-nshbbsbfb-pro03a,0.9715986,0.00153476,0.19918162,0.075579755,0.83725876,0.025593758,0.13619721,0.53311217,0.09042844,0.2921508,0.42857142857142855,1.0,1.0,0.0,253,118,1.0,0.5,1.0,0.5,1
arguana,test,test-free-speech-debate-nshbbsbfb-pro04a,0.87539786,0.005599022,0.10829157,0.035216566,0.76432276,0.009725094,0.06360936,0.38400385,0.013753474,0.08321431,0.25,1.0,1.0,1.0,216,117,0.0,0.0,0.0,0.0,0
arguana,test,test-free-speech-debate-nshbbsbfb-con02a,0.9437626,0.027070284,0.17315543,0.05426006,0.8133262,0.004495442,0.1079905,0.4347881,0.07524952,0.17166859,0.5384615384615384,1.0,1.0,1.0,325,172,0.0,0.0,0.43067655807339306,0.43067655807339306,1
arguana,test,test-free-speech-debate-nshbbsbfb-con03a,0.9358926,0.012190342,0.13337773,0.046023466,0.7967174,0.00044447184,0.07492864,0.46391717,0.03915277,0.15768942,0.42857142857142855,1.0,1.0,1.0,275,130,0.43067655807339306,0.43067655807339306,0.3333333333333333,-0.09734322474005974,0
arguana,test,test-free-speech-debate-nshbbsbfb-con01a,0.83308554,0.0028500557,0.082693815,0.026018146,0.74455905,0.009877682,0.060018778,0.33306736,0.0028627515,0.06370115,0.25,1.0,1.0,0.0,249,112,0.3010299956639812,0.3010299956639812,1.0,0.6989700043360187,1
arguana,test,test-free-speech-debate-fsaphgiap-pro02a,0.89949894,0.05526167,0.17657,0.0537745,0.7976794,0.03750837,0.12434602,0.33939844,0.039127946,0.105489865,0.3333333333333333,1.0,1.0,1.0,214,93,0.5,0.5,0.6309297535714575,0.13092975357145753,1
arguana,test,test-free-speech-debate-fsaphgiap-pro01a,0.9040376,0.084925115,0.16657937,0.048200734,0.7957168,0.04613453,0.098614514,0.3610692,0.115228474,0.15115109,0.1111111111111111,1.0,1.0,1.0,155,86,0.0,0.0,0.0,0.0,0
arguana,test,test-free-speech-debate-fsaphgiap-pro03a,0.8541807,0.007618189,0.06644964,0.023576075,0.78202736,0.010223389,0.04862678,0.32667166,0.01631695,0.068033636,0.05263157894736842,0.0,0.0,1.0,196,87,0.0,0.0,0.0,0.0,0
arguana,test,test-free-speech-debate-fsaphgiap-pro04a,0.7833183,0.0010499358,0.072286606,0.02570588,0.7250002,0.01171571,0.061063826,0.2953236,0.016877174,0.051913008,0.1111111111111111,0.0,1.0,1.0,209,105,0.0,0.0,0.0,0.0,0
arguana,test,test-free-speech-debate-fsaphgiap-con02a,0.8246473,0.01676476,0.106054544,0.03295958,0.7229135,0.016271949,0.055449605,0.33911264,0.0016427636,0.1112604,0.25,1.0,1.0,1.0,214,99,1.0,0.5,0.6309297535714575,0.13092975357145753,1
arguana,test,test-free-speech-debate-fsaphgiap-con04a,0.82374454,0.015553355,0.120316684,0.039756544,0.7326842,0.014724374,0.08254129,0.330248,0.02671355,0.107475966,0.25,1.0,1.0,1.0,215,101,1.0,1.0,0.6309297535714575,-0.36907024642854247,0
arguana,test,test-free-speech-debate-fsaphgiap-con03a,0.81527734,0.014501035,0.04736489,0.012800888,0.74962294,0.015607595,0.05791664,0.43638185,0.05426851,0.14832798,0.17647058823529413,0.0,0.0,0.0,266,107,0.2890648263178879,0.3010299956639812,1.0,0.6989700043360187,1
arguana,test,test-free-speech-debate-fsaphgiap-con01a,0.85537773,0.0027599335,0.039820492,0.012859273,0.7570601,9.793043e-05,0.029075623,0.416334,0.070230365,0.14886448,0.3333333333333333,0.0,0.0,0.0,222,100,1.0,1.0,0.6309297535714575,-0.36907024642854247,0
arguana,test,test-free-speech-debate-yfsdfkhbwu-pro02a,0.8420737,0.0030926466,0.07230699,0.026472535,0.7340189,0.003356576,0.06691688,0.40632898,0.0037748218,0.049654037,0.5384615384615384,1.0,1.0,1.0,312,126,1.0,0.43067655807339306,1.0,0.5693234419266069,1
arguana,test,test-free-speech-debate-yfsdfkhbwu-pro01a,0.9367111,0.057749927,0.15345252,0.043711986,0.7728337,0.028983533,0.0792079,0.5462578,0.07606575,0.15837821,0.25,1.0,1.0,1.0,383,182,0.0,0.0,0.6309297535714575,0.6309297535714575,1
arguana,test,test-free-speech-debate-yfsdfkhbwu-pro03a,0.88204527,0.019074976,0.088868976,0.029163804,0.7663045,0.0033636093,0.047403812,0.4685428,0.08274025,0.17521775,0.42857142857142855,1.0,1.0,1.0,280,123,0.6309297535714575,0.43067655807339306,1.0,0.5693234419266069,1
arguana,test,test-free-speech-debate-yfsdfkhbwu-con02a,0.86782736,0.010598958,0.054986417,0.01771064,0.7598065,0.017501771,0.042561293,0.49456438,0.06047687,0.14201793,0.1111111111111111,0.0,0.0,0.0,369,185,0.0,0.0,0.0,0.0,0
arguana,test,test-free-speech-debate-yfsdfkhbwu-con03a,0.884351,0.03253281,0.098531544,0.030199926,0.75600743,0.015566111,0.045476675,0.4451715,0.015516102,0.09159908,0.17647058823529413,1.0,0.0,1.0,270,132,0.0,0.0,0.0,0.0,0
arguana,test,test-free-speech-debate-yfsdfkhbwu-con01a,0.85427916,0.019839525,0.06719226,0.02021576,0.72182375,0.0016918182,0.024110079,0.44715738,0.051840574,0.08163452,0.1111111111111111,0.0,1.0,0.0,412,153,0.0,0.0,0.0,0.0,0
arguana,test,test-free-speech-debate-ldhwbmclg-pro02a,0.87625116,0.011152208,0.04923421,0.015690688,0.75820374,0.0042553544,0.029625118,0.51577985,0.048721313,0.12842113,0.05263157894736842,0.0,0.0,0.0,511,253,0.0,0.0,0.0,0.0,0
arguana,test,test-free-speech-debate-ldhwbmclg-pro01a,1.0306059,0.0129647255,0.19416839,0.07238162,0.78747606,0.010427535,0.1010713,0.84519136,0.062934935,0.34870592,0.6666666666666666,1.0,1.0,0.0,511,247,1.0,1.0,1.0,0.0,0
arguana,test,test-free-speech-debate-ldhwbmclg-pro03a,1.016991,0.017670274,0.2660107,0.08476777,0.78862536,0.021080256,0.1193015,0.83148646,0.12916845,0.49845576,0.6666666666666666,1.0,1.0,0.0,511,168,0.3333333333333333,0.31546487678572877,1.0,0.6845351232142712,1
arguana,test,test-free-speech-debate-ldhwbmclg-con02a,0.92303216,0.07119244,0.13073224,0.036231726,0.7513932,0.03858155,0.076913655,0.5721299,0.0019401312,0.17159855,0.17647058823529413,1.0,1.0,1.0,511,161,1.0,1.0,1.0,0.0,0
arguana,test,test-free-speech-debate-ldhwbmclg-con03a,1.0127016,0.008828759,0.19108385,0.067999914,0.79784524,0.007572472,0.07741207,0.75140524,0.06464654,0.42142615,0.8181818181818182,1.0,1.0,0.0,511,169,0.5,0.5,1.0,0.5,1
arguana,test,test-free-speech-debate-ldhwbmclg-con01a,0.9460569,0.045468748,0.13798517,0.04254731,0.7799738,0.023148179,0.08731973,0.6307709,0.06719279,0.25898933,0.3333333333333333,1.0,1.0,0.0,511,176,0.3333333333333333,0.2890648263178879,0.43067655807339306,0.14161173175550518,1
arguana,test,test-free-speech-debate-ldhwprhs-pro02a,0.9106215,0.061918497,0.085122466,0.02227856,0.76183164,0.010798335,0.029926658,0.49596632,0.08505699,0.13450307,0.3333333333333333,1.0,1.0,1.0,307,145,0.0,0.0,0.0,0.0,0
arguana,test,test-free-speech-debate-ldhwprhs-pro01a,0.92588294,0.0047932267,0.13188279,0.04585523,0.78738904,0.018404007,0.06596559,0.52460325,0.0016102195,0.22567189,0.5384615384615384,1.0,1.0,0.0,328,138,0.5,1.0,1.0,0.0,0
arguana,test,test-free-speech-debate-ldhwprhs-pro03a,0.9127145,0.05582857,0.106506765,0.029751532,0.7710624,0.016188502,0.05877322,0.4721736,0.048800528,0.13473228,0.25,1.0,1.0,1.0,350,181,0.43067655807339306,0.3562071871080222,1.0,0.6437928128919779,1
arguana,test,test-free-speech-debate-ldhwprhs-con02a,0.8706332,0.0112531185,0.06005138,0.019010581,0.77488244,0.008652449,0.038012624,0.3499505,0.006136298,0.061838895,0.17647058823529413,0.0,1.0,0.0,299,118,0.0,0.0,0.0,0.0,0
arguana,test,test-free-speech-debate-ldhwprhs-con03a,0.84670144,0.007105291,0.045390785,0.015295711,0.7660778,0.0017908812,0.042532086,0.3510417,0.0019413233,0.05635348,0.05263157894736842,0.0,0.0,1.0,203,110,1.0,0.5,0.0,-0.5,0
arguana,test,test-free-speech-debate-ldhwprhs-con01a,0.95139706,0.077859044,0.14335436,0.042334937,0.81478304,0.041319072,0.07895392,0.45538002,0.04885167,0.15733337,0.17647058823529413,1.0,1.0,1.0,275,104,0.0,0.0,0.0,0.0,0
arguana,test,test-free-speech-debate-radhbsshr-pro02a,0.9782029,0.012981832,0.1719001,0.05603805,0.8059695,0.020628095,0.106787264,0.6881941,0.11408281,0.33993024,0.8181818181818182,1.0,1.0,1.0,428,121,0.5,0.6309297535714575,1.0,0.36907024642854247,1
arguana,test,test-free-speech-debate-radhbsshr-pro01a,1.0094138,0.046367824,0.14352208,0.047504697,0.7853127,0.013996184,0.07367951,0.7470036,0.030453086,0.27558905,0.5384615384615384,1.0,1.0,1.0,375,169,0.38685280723454163,1.0,0.6309297535714575,-0.36907024642854247,0
arguana,test,test-free-speech-debate-radhbsshr-pro03a,1.0034105,0.020682633,0.14076358,0.044072997,0.81107825,0.002581954,0.07063937,0.6629487,0.021841407,0.26334047,0.6666666666666666,1.0,1.0,1.0,511,164,1.0,1.0,1.0,0.0,0
arguana,test,test-free-speech-debate-radhbsshr-con02a,0.9362369,0.049408257,0.12496328,0.037826076,0.8097718,0.02951914,0.07304847,0.4215505,0.06382963,0.21472374,0.8181818181818182,1.0,1.0,1.0,292,105,0.3562071871080222,0.3333333333333333,1.0,0.6666666666666667,1
arguana,test,test-free-speech-debate-radhbsshr-con04a,0.84844804,0.015570939,0.12743169,0.0458936,0.7491689,0.012815714,0.0960837,0.3341989,0.0032683015,0.08811849,0.3333333333333333,1.0,1.0,1.0,160,91,0.5,1.0,1.0,0.0,0
arguana,test,test-free-speech-debate-radhbsshr-con03a,1.017025,0.0059428215,0.13541019,0.049147237,0.8505667,0.0046384335,0.08602464,0.70221424,0.13183618,0.34759805,0.6666666666666666,1.0,1.0,0.0,272,97,0.43067655807339306,0.5,1.0,0.5,1
arguana,test,test-free-speech-debate-radhbsshr-con01a,1.0313672,0.014108539,0.13751411,0.046308134,0.860483,0.01478368,0.095439196,0.6188927,0.060304582,0.25529945,0.8181818181818182,1.0,1.0,0.0,218,87,0.38685280723454163,0.38685280723454163,0.6309297535714575,0.2440769463369159,1
arguana,test,test-free-speech-debate-fchbjaj-pro02a,1.1493262,0.11087179,0.2462411,0.07019479,0.85317034,0.05415398,0.117082894,0.98718613,0.18905926,0.4944984,0.8181818181818182,1.0,1.0,1.0,339,188,0.0,0.0,0.0,0.0,0
arguana,test,test-free-speech-debate-fchbjaj-pro01a,1.1649542,0.075831175,0.2580762,0.08466443,0.86709905,0.031814516,0.13095754,0.99285066,0.14272499,0.5103227,1.0,1.0,1.0,1.0,360,177,0.2890648263178879,0.3333333333333333,0.43067655807339306,0.09734322474005974,1
arguana,test,test-free-speech-debate-fchbjaj-pro03a,1.0421208,0.00147295,0.18020844,0.056641314,0.81013674,0.004989922,0.085434735,0.78500336,0.011723101,0.2882533,0.6666666666666666,1.0,1.0,1.0,495,246,0.3562071871080222,0.31546487678572877,0.6309297535714575,0.31546487678572877,1
arguana,test,test-free-speech-debate-fchbjaj-con02a,1.0202721,0.014968276,0.12401676,0.046045702,0.8050228,0.00027942657,0.075565755,0.7728676,0.055369675,0.2745878,0.5384615384615384,1.0,1.0,1.0,511,259,0.5,0.43067655807339306,0.38685280723454163,-0.04382375083885143,0
arguana,test,test-free-speech-debate-fchbjaj-con03a,0.90476596,0.014329135,0.10140252,0.035644703,0.7450313,0.007870376,0.043972492,0.5324489,0.021529198,0.16891205,0.17647058823529413,1.0,1.0,1.0,404,159,0.5,0.5,0.43067655807339306,-0.06932344192660694,0
arguana,test,test-free-speech-debate-fchbjaj-con01a,0.9665028,0.027127862,0.15843445,0.04485349,0.7768274,0.0017023087,0.11651248,0.6379256,0.053669572,0.20037043,0.8181818181818182,1.0,1.0,0.0,300,161,0.2890648263178879,0.2890648263178879,0.6309297535714575,0.34186492725356965,1
arguana,test,test-free-speech-debate-nshbcsbawc-pro02a,0.9273913,0.073928416,0.13227028,0.038861874,0.8021836,0.045990527,0.08138269,0.41735885,0.04848376,0.16155896,0.25,1.0,1.0,1.0,359,122,0.3333333333333333,0.3010299956639812,0.6309297535714575,0.32989975790747633,1
arguana,test,test-free-speech-debate-nshbcsbawc-pro01a,0.9371126,0.029343486,0.14259642,0.047510717,0.79544985,0.0014001131,0.06511563,0.5432638,0.16419911,0.2566017,0.3333333333333333,1.0,1.0,0.0,308,109,0.0,0.0,0.0,0.0,0
arguana,test,test-free-speech-debate-nshbcsbawc-pro03a,0.9369208,0.00054103136,0.21350682,0.07839488,0.77195555,0.0021589398,0.116250694,0.5570807,0.009000003,0.2811532,0.25,1.0,1.0,0.0,368,163,0.0,0.0,0.3010299956639812,0.3010299956639812,1
arguana,test,test-free-speech-debate-nshbcsbawc-pro04a,0.81998634,0.0018025041,0.018193483,0.0054784915,0.7545418,0.0038947463,0.023852468,0.3864051,0.011941373,0.10376024,0.0,0.0,0.0,0.0,419,126,0.0,0.0,0.0,0.0,0
arguana,test,test-free-speech-debate-nshbcsbawc-con02a,0.90216804,0.026708603,0.15590864,0.049938906,0.7756949,0.022490203,0.1119231,0.49654454,0.11404303,0.24645925,0.17647058823529413,1.0,1.0,0.0,322,129,0.5,0.3333333333333333,1.0,0.6666666666666667,1
arguana,test,test-free-speech-debate-nshbcsbawc-con03a,0.7175176,0.0035958886,0.02300626,0.0077838097,0.6758338,0.008747816,0.017375112,0.23371582,0.004928544,0.036584496,0.0,0.0,0.0,0.0,270,109,0.0,0.0,0.0,0.0,0
arguana,test,test-free-speech-debate-nshbcsbawc-con01a,0.89506114,0.00014293194,0.13637298,0.041944094,0.80514216,0.021988511,0.102422774,0.3725484,0.036068857,0.09344739,0.42857142857142855,1.0,1.0,1.0,233,125,0.5,0.3010299956639812,0.5,0.1989700043360188,1
arguana,test,test-economy-egecegphw-pro02a,1.0577737,0.020467758,0.20194167,0.073069245,0.827279,0.001267314,0.106469154,0.7725403,0.00097358227,0.30169377,0.5384615384615384,1.0,1.0,0.0,319,176,0.43067655807339306,0.38685280723454163,1.0,0.6131471927654584,1
arguana,test,test-economy-egecegphw-pro01a,1.0355622,0.01531899,0.17272782,0.062115885,0.838156,0.017386973,0.110378325,0.7199265,0.061799645,0.31039846,0.8181818181818182,1.0,1.0,1.0,342,168,1.0,1.0,1.0,0.0,0
arguana,test,test-economy-egecegphw-pro03a,1.0252355,0.005240202,0.23688406,0.07608455,0.8207211,0.00015592575,0.11960673,0.68223447,0.017987072,0.32575977,0.8181818181818182,1.0,1.0,0.0,227,133,0.3562071871080222,0.3562071871080222,1.0,0.6437928128919779,1
arguana,test,test-economy-egecegphw-con02a,1.0265375,0.010959864,0.16579956,0.051115815,0.85287446,0.027237535,0.1060015,0.6331359,0.011583388,0.25358588,1.0,1.0,1.0,1.0,256,142,1.0,1.0,1.0,0.0,0
arguana,test,test-economy-egecegphw-con03a,1.0674263,0.04238701,0.20813423,0.06998572,0.85638225,0.018356442,0.11095309,0.7394261,0.035945714,0.2928537,0.6666666666666666,1.0,1.0,1.0,412,205,0.5,0.6309297535714575,0.6309297535714575,0.0,0
arguana,test,test-economy-egecegphw-con01a,0.9675113,0.011678755,0.103746116,0.034559432,0.8132521,0.02958858,0.09300482,0.590651,0.076453626,0.22306636,1.0,1.0,1.0,1.0,295,126,1.0,1.0,1.0,0.0,0
arguana,test,test-economy-beplcpdffe-pro02a,0.9673382,0.0049040318,0.13789141,0.04762095,0.82073903,0.010699928,0.08077568,0.52433044,0.052013338,0.18968484,0.3333333333333333,1.0,1.0,0.0,112,79,0.3562071871080222,0.43067655807339306,0.5,0.06932344192660694,1
arguana,test,test-economy-beplcpdffe-pro01a,1.0942794,0.16825199,0.22896522,0.060883872,0.8651474,0.05421734,0.09561032,0.7637733,0.30889583,0.4042223,0.6666666666666666,1.0,1.0,1.0,119,76,0.0,0.0,0.0,0.0,0
arguana,test,test-economy-beplcpdffe-pro03a,0.96299314,0.008615792,0.09346211,0.031764966,0.8389997,0.0035509467,0.059672058,0.4974064,0.07405612,0.15364835,0.5384615384615384,1.0,1.0,0.0,147,87,0.5,1.0,0.6309297535714575,-0.36907024642854247,0
arguana,test,test-economy-beplcpdffe-pro04a,0.8795863,0.0031831264,0.043360412,0.0146799125,0.78164244,0.003947437,0.032910824,0.41089603,0.022708714,0.07018319,0.17647058823529413,0.0,0.0,0.0,175,116,0.2890648263178879,0.3333333333333333,0.38685280723454163,0.053519473901208314,1
arguana,test,test-economy-beplcpdffe-con02a,1.0136008,0.062934935,0.16129714,0.043950994,0.84452164,0.0152955055,0.091333985,0.56359726,0.1257509,0.18318462,0.5384615384615384,1.0,1.0,1.0,136,79,1.0,1.0,0.6309297535714575,-0.36907024642854247,0
arguana,test,test-economy-beplcpdffe-con05a,1.0032713,0.070468724,0.14728141,0.04608949,0.857474,0.052900136,0.09058231,0.48599082,0.013743103,0.13839203,0.3333333333333333,1.0,1.0,1.0,114,74,1.0,1.0,1.0,0.0,0
arguana,test,test-economy-beplcpdffe-con04a,1.2064397,0.2557515,0.4433887,0.13239999,0.97680664,0.1374231,0.2783724,0.7654436,0.3944279,0.5189549,0.3333333333333333,1.0,1.0,1.0,110,61,0.6309297535714575,0.6309297535714575,1.0,0.36907024642854247,1
arguana,test,test-economy-beplcpdffe-con03a,0.9266147,0.0012951493,0.11459631,0.040117238,0.80599374,0.017473578,0.068148315,0.54378253,0.13550067,0.25607878,0.25,1.0,1.0,0.0,160,79,0.6309297535714575,0.6309297535714575,0.38685280723454163,-0.2440769463369159,0
arguana,test,test-economy-beplcpdffe-con01a,1.02398,0.061496258,0.119181514,0.031575955,0.8503218,0.019315064,0.060854375,0.57886046,0.08390689,0.19372314,0.3333333333333333,1.0,1.0,1.0,127,75,0.3333333333333333,0.31546487678572877,1.0,0.6845351232142712,1
arguana,test,test-economy-thsptr-pro02a,1.0042794,0.045856297,0.13677454,0.04071739,0.7918703,0.034887254,0.062030673,0.70803034,0.032452047,0.18530774,0.25,1.0,1.0,1.0,412,189,0.0,0.0,0.0,0.0,0
arguana,test,test-economy-thsptr-pro05a,1.143227,0.059270978,0.17519075,0.05145071,0.8555491,0.033264637,0.08249235,0.9589262,0.0846684,0.27282608,0.42857142857142855,1.0,1.0,1.0,412,207,0.5,0.5,1.0,0.5,1
arguana,test,test-economy-thsptr-pro01a,1.1802077,0.024066925,0.1743697,0.061010484,0.8758883,0.013999581,0.067976296,1.0610633,0.12688851,0.39361334,0.42857142857142855,1.0,1.0,0.0,296,135,0.0,0.0,1.0,1.0,1
arguana,test,test-economy-thsptr-pro03a,1.0629156,0.03005147,0.13299412,0.041088182,0.8122934,0.0044416785,0.048666775,0.8354072,0.0167647,0.2774558,0.42857142857142855,1.0,1.0,1.0,345,178,0.5,0.3010299956639812,1.0,0.6989700043360187,1
arguana,test,test-economy-thsptr-pro04a,1.1980441,0.008078456,0.18176866,0.061215412,0.8731899,0.00022500753,0.06849104,1.1234783,0.06755948,0.39715523,0.5384615384615384,1.0,1.0,0.0,391,170,0.38685280723454163,0.3333333333333333,1.0,0.6666666666666667,1
arguana,test,test-economy-thsptr-con02a,1.1010753,0.032835364,0.1618821,0.047624387,0.8602305,0.032604992,0.07511324,0.82625496,0.023439169,0.23816895,0.42857142857142855,1.0,1.0,1.0,314,153,0.38685280723454163,0.31546487678572877,1.0,0.6845351232142712,1
arguana,test,test-economy-thsptr-con05a,1.1687204,0.088943005,0.1977675,0.056147818,0.8544439,0.0183959,0.055096745,1.0475882,0.23351991,0.4251154,0.5384615384615384,1.0,1.0,1.0,301,141,0.3562071871080222,0.43067655807339306,1.0,0.5693234419266069,1
arguana,test,test-economy-thsptr-con04a,1.0132288,0.0062345266,0.094896376,0.0314605,0.8001656,0.005935669,0.06775254,0.81302637,0.04773724,0.22816586,0.5384615384615384,0.0,1.0,0.0,390,221,0.31546487678572877,0.3010299956639812,1.0,0.6989700043360187,1
arguana,test,test-economy-thsptr-con03a,1.0208628,0.015301466,0.067766845,0.020512175,0.81298846,0.010546148,0.043253303,0.7920957,0.07891506,0.25848168,0.5384615384615384,0.0,1.0,0.0,243,108,0.38685280723454163,0.3333333333333333,1.0,0.6666666666666667,1
arguana,test,test-economy-thsptr-con01a,1.0811512,0.0027691126,0.13166207,0.0487117,0.8369738,0.0013040304,0.049717367,0.8605965,0.0521847,0.26215845,0.5384615384615384,1.0,1.0,0.0,302,143,0.0,0.0,1.0,1.0,1
arguana,test,test-economy-epiasghbf-pro02a,0.76047254,0.0011143684,0.037196636,0.013277399,0.70005494,0.00494349,0.034704924,0.32309896,0.0056562126,0.065883696,0.0,0.0,0.0,0.0,208,85,0.3562071871080222,0.3562071871080222,0.6309297535714575,0.27472256646343535,1
arguana,test,test-economy-epiasghbf-pro01a,0.908898,0.0,0.06798947,0.020531626,0.75630903,0.0,0.02833563,0.52858967,0.00012737513,0.046978086,0.3333333333333333,1.0,0.0,0.0,216,133,0.6309297535714575,0.6309297535714575,0.6309297535714575,0.0,0
arguana,test,test-economy-epiasghbf-pro03a,0.85605425,0.006323993,0.06244582,0.020082835,0.7639703,0.002582848,0.047504365,0.3890641,0.015437663,0.10989079,0.3333333333333333,1.0,1.0,1.0,168,74,0.0,0.0,0.3562071871080222,0.3562071871080222,1
arguana,test,test-economy-epiasghbf-con02a,0.9133789,0.028662026,0.08238816,0.022256333,0.77945614,0.0045207143,0.0292719,0.5150993,0.09564793,0.17241627,0.1111111111111111,0.0,1.0,0.0,190,97,0.43067655807339306,0.5,0.6309297535714575,0.13092975357145753,1
arguana,test,test-economy-epiasghbf-con04a,0.8330683,0.0,0.1003297,0.035475776,0.737824,0.0,0.07302904,0.317481,0.0,0.06852704,0.42857142857142855,1.0,1.0,1.0,143,66,0.0,0.0,0.0,0.0,0
arguana,test,test-economy-epiasghbf-con03a,0.89214236,0.0,0.093999386,0.032604378,0.7877557,0.0,0.062389433,0.41545722,0.0022050142,0.09858987,0.3333333333333333,1.0,0.0,0.0,148,74,0.6309297535714575,0.6309297535714575,0.6309297535714575,0.0,0
arguana,test,test-economy-epiasghbf-con01a,0.8330463,0.0054828525,0.074095964,0.02782846,0.7460783,0.0,0.05801207,0.30891606,0.01780054,0.07392582,0.5384615384615384,1.0,1.0,0.0,172,71,0.5,0.6309297535714575,0.43067655807339306,-0.20025319549806447,0
arguana,test,test-economy-epegiahsc-pro02a,0.90799904,0.031945884,0.09900981,0.03006577,0.7647354,0.03278351,0.0636403,0.4809659,0.00062841177,0.10126293,0.25,1.0,0.0,1.0,210,101,0.31546487678572877,0.3010299956639812,1.0,0.6989700043360187,1
arguana,test,test-economy-epegiahsc-pro01a,1.07362,0.09053868,0.18777245,0.056562956,0.84752697,0.033087194,0.09081137,0.75364345,0.13756877,0.3103885,0.17647058823529413,1.0,1.0,1.0,194,97,0.0,0.0,0.43067655807339306,0.43067655807339306,1
arguana,test,test-economy-epegiahsc-pro03a,0.8362071,0.008041978,0.07326168,0.024372024,0.73187065,0.028954685,0.05791843,0.48734066,0.044825047,0.12644774,0.1111111111111111,0.0,1.0,0.0,218,119,0.6309297535714575,1.0,0.43067655807339306,-0.5693234419266069,0
arguana,test,test-economy-epegiahsc-con02a,0.96235144,0.087785184,0.19476163,0.060394496,0.8071083,0.05604458,0.10793972,0.51747715,0.045532376,0.23000696,0.25,1.0,1.0,1.0,183,95,0.0,0.0,0.0,0.0,0
arguana,test,test-economy-epegiahsc-con04a,1.0255897,0.056778073,0.14613211,0.04591947,0.8346194,0.041439295,0.08924842,0.7921928,0.16054112,0.28474474,0.25,0.0,1.0,0.0,273,153,0.0,0.0,0.0,0.0,0
arguana,test,test-economy-epegiahsc-con03a,0.940618,0.011534393,0.11874694,0.042896356,0.79251933,0.024384141,0.075737774,0.6142209,0.077726305,0.24304846,0.3333333333333333,1.0,1.0,0.0,106,73,0.0,0.0,1.0,1.0,1
arguana,test,test-economy-epegiahsc-con01a,1.0023179,0.04887849,0.18686306,0.06115767,0.7944577,0.024517298,0.08536667,0.7745917,0.24465257,0.36371705,0.3333333333333333,1.0,1.0,0.0,226,119,0.0,0.0,0.0,0.0,0
arguana,test,test-economy-egiahbwaka-pro02a,1.0235392,0.020275354,0.14369678,0.04793128,0.84029555,0.035287976,0.10335553,0.7575811,0.120107174,0.21435362,0.25,1.0,1.0,0.0,430,233,0.6309297535714575,1.0,1.0,0.0,0
arguana,test,test-economy-egiahbwaka-pro01a,1.0537543,0.04129052,0.15565068,0.049176846,0.8495269,0.02033776,0.0695194,0.6807583,0.06984258,0.2236819,0.3333333333333333,1.0,1.0,1.0,406,203,1.0,1.0,1.0,0.0,0
arguana,test,test-economy-egiahbwaka-pro03a,0.9593548,0.07135278,0.14069724,0.038408656,0.77874607,0.0077928305,0.06674594,0.6020291,0.058335543,0.21614909,0.3333333333333333,1.0,1.0,1.0,293,136,0.5,0.6309297535714575,1.0,0.36907024642854247,1
arguana,test,test-economy-egiahbwaka-con02a,1.011761,0.024649918,0.101796746,0.03219271,0.83267516,0.007207155,0.06575179,0.69203746,0.03992164,0.23169911,0.3333333333333333,1.0,1.0,0.0,275,131,0.0,0.0,1.0,1.0,1
arguana,test,test-economy-egiahbwaka-con03a,1.0086428,0.00848341,0.09565389,0.029488718,0.8170225,0.0016284585,0.07026118,0.8015361,0.096885085,0.22135943,0.5384615384615384,1.0,1.0,0.0,511,248,0.6309297535714575,0.6309297535714575,1.0,0.36907024642854247,1
arguana,test,test-economy-egiahbwaka-con01a,0.97780585,0.029193342,0.12996924,0.04066214,0.8014286,0.057944357,0.09564561,0.77228093,0.0023325682,0.22288978,0.5384615384615384,1.0,1.0,1.0,428,223,0.3333333333333333,0.2890648263178879,1.0,0.7109351736821121,1
arguana,test,test-economy-egppphbcb-pro02a,0.8816117,0.017715096,0.107741416,0.03588281,0.74296206,0.008752942,0.06264949,0.4621655,0.012180656,0.12435642,0.1111111111111111,1.0,1.0,1.0,452,186,0.6309297535714575,1.0,0.3562071871080222,-0.6437928128919779,0
arguana,test,test-economy-egppphbcb-pro01a,0.9409187,0.048295617,0.13886774,0.04389258,0.77465934,0.034798026,0.07175392,0.5541979,0.04499209,0.18680999,0.3333333333333333,1.0,1.0,1.0,336,152,1.0,1.0,0.5,-0.5,0
arguana,test,test-economy-egppphbcb-pro03a,0.9812698,0.12206739,0.18836182,0.052136566,0.7431367,0.053459764,0.083597064,0.79377687,0.19576973,0.27343822,0.25,1.0,1.0,1.0,318,182,1.0,1.0,0.6309297535714575,-0.36907024642854247,0
arguana,test,test-economy-egppphbcb-pro04a,0.82290125,0.00078201294,0.027825117,0.008196033,0.7566798,0.008979678,0.02839452,0.44156688,0.020283878,0.121296704,0.0,0.0,0.0,0.0,330,127,1.0,0.5,1.0,0.5,1
arguana,test,test-economy-egppphbcb-con02a,0.875502,0.017258108,0.094022036,0.029788174,0.76066405,0.026643753,0.05242026,0.49039724,0.005687475,0.14352769,0.3333333333333333,0.0,1.0,0.0,189,116,0.5,1.0,0.6309297535714575,-0.36907024642854247,0
arguana,test,test-economy-egppphbcb-con03a,0.92178214,0.032059073,0.12357062,0.042147066,0.7490162,0.0047843456,0.064005494,0.61924183,0.043355584,0.16801605,0.42857142857142855,1.0,1.0,1.0,391,191,0.6309297535714575,1.0,0.6309297535714575,-0.36907024642854247,0
arguana,test,test-economy-egppphbcb-con01a,0.88009584,0.0034314394,0.04835236,0.016222904,0.70881164,0.0050182343,0.027631402,0.76111794,0.097126424,0.22566426,0.17647058823529413,0.0,0.0,0.0,511,243,0.0,0.0,1.0,1.0,1
arguana,test,test-economy-bhahwbsps-pro02a,0.98753256,0.05046779,0.12586898,0.035030495,0.8172136,0.023310602,0.07638502,0.6680447,0.16591483,0.25711,0.42857142857142855,0.0,1.0,0.0,241,123,0.5,0.5,0.6309297535714575,0.13092975357145753,1
arguana,test,test-economy-bhahwbsps-pro01a,1.0033746,0.044214487,0.21882021,0.06810256,0.8264556,0.06654155,0.13553095,0.6641535,0.07442349,0.27431428,0.42857142857142855,1.0,1.0,1.0,232,89,0.6309297535714575,0.6309297535714575,0.5,-0.13092975357145753,0
arguana,test,test-economy-bhahwbsps-pro03a,1.0188602,0.016143084,0.118403554,0.04152336,0.8560147,5.1259995e-06,0.08307153,0.61810565,0.05380696,0.19306087,0.25,0.0,1.0,0.0,314,150,0.6309297535714575,0.6309297535714575,1.0,0.36907024642854247,1
arguana,test,test-economy-bhahwbsps-pro04a,0.89823425,0.008526742,0.12151748,0.040459823,0.81427485,0.0045801997,0.09747416,0.32164657,0.016199857,0.07241136,0.6666666666666666,1.0,1.0,1.0,108,58,1.0,1.0,0.6309297535714575,-0.36907024642854247,0
arguana,test,test-economy-bhahwbsps-con02a,1.0032463,0.108930886,0.22531664,0.06512855,0.82942563,0.06943977,0.13454318,0.5794024,0.09344292,0.2119335,0.25,1.0,1.0,1.0,239,98,0.6309297535714575,0.43067655807339306,1.0,0.5693234419266069,1
arguana,test,test-economy-bhahwbsps-con03a,1.0158304,0.050574303,0.21634114,0.06662247,0.8641388,0.0129695535,0.13414252,0.5056386,0.11748317,0.23363245,0.5384615384615384,1.0,1.0,1.0,190,69,1.0,1.0,1.0,0.0,0
arguana,test,test-economy-bhahwbsps-con01a,0.94929194,0.12651473,0.22603434,0.06303163,0.7813055,0.05726117,0.11972171,0.5599548,0.15975615,0.2720436,0.3333333333333333,1.0,1.0,1.0,253,90,0.6309297535714575,0.6309297535714575,1.0,0.36907024642854247,1
arguana,test,test-economy-bepiehbesa-pro02a,0.88806593,0.05445981,0.10316026,0.02920094,0.75195897,0.012882471,0.07686794,0.45368978,0.015121192,0.08222279,0.25,1.0,1.0,1.0,175,106,1.0,1.0,1.0,0.0,0
arguana,test,test-economy-bepiehbesa-pro01a,0.9473296,0.01643306,0.10097736,0.036735557,0.8308587,0.031565905,0.081700265,0.528689,0.09097591,0.17150632,0.3333333333333333,1.0,1.0,1.0,225,121,1.0,1.0,1.0,0.0,0
arguana,test,test-economy-bepiehbesa-pro03a,0.92696244,0.015841663,0.12030536,0.04335922,0.7938184,0.01961857,0.09485906,0.5270155,0.10192996,0.14961803,0.25,1.0,1.0,0.0,214,139,0.38685280723454163,0.38685280723454163,0.6309297535714575,0.2440769463369159,1
arguana,test,test-economy-bepiehbesa-pro04a,0.922145,0.023166955,0.09650636,0.029943604,0.75275505,0.009555936,0.058735788,0.5646332,0.018930256,0.15936628,0.8181818181818182,1.0,1.0,1.0,254,153,0.0,0.0,1.0,1.0,1
arguana,test,test-economy-bepiehbesa-con02a,0.9418489,0.015071988,0.102795124,0.029244073,0.8181198,0.017595053,0.07540941,0.49460718,0.0102956,0.15915969,0.6666666666666666,1.0,1.0,1.0,185,97,0.3562071871080222,1.0,1.0,0.0,0
arguana,test,test-economy-bepiehbesa-con03a,1.0070769,0.043214142,0.14856541,0.048343517,0.83858174,0.014472723,0.10378003,0.56165034,0.015410006,0.17829841,0.5384615384615384,1.0,1.0,1.0,178,98,0.43067655807339306,0.43067655807339306,1.0,0.5693234419266069,1
arguana,test,test-economy-bepiehbesa-con01a,1.0149196,0.059961557,0.16968465,0.052643392,0.833899,0.0070726275,0.07421327,0.60340196,0.15969473,0.27674937,0.25,1.0,1.0,1.0,215,111,0.6309297535714575,0.5,1.0,0.5,1
arguana,test,test-economy-thhghwhwift-pro02a,1.0756552,0.15927261,0.2673316,0.07511539,0.7894397,0.040381968,0.0898357,0.95405185,0.39630216,0.5362325,0.5384615384615384,1.0,1.0,1.0,409,200,0.31546487678572877,0.38685280723454163,1.0,0.6131471927654584,1
arguana,test,test-economy-thhghwhwift-pro01a,1.1246428,0.10125923,0.26307636,0.083815925,0.8840041,0.06537533,0.15403569,0.8021289,0.11144191,0.35885164,0.3333333333333333,1.0,1.0,1.0,461,241,0.43067655807339306,0.6309297535714575,0.6309297535714575,0.0,0
arguana,test,test-economy-thhghwhwift-pro03a,1.052313,0.012952805,0.14753681,0.053297527,0.86740667,0.021138847,0.10216457,0.68681705,0.1136387,0.23998341,0.3333333333333333,1.0,1.0,0.0,286,128,0.5,0.5,1.0,0.5,1
arguana,test,test-economy-thhghwhwift-con02a,1.1709336,0.12639666,0.24915081,0.07278758,0.9157371,0.065193176,0.12622768,0.85065514,0.2040118,0.37873697,0.42857142857142855,1.0,1.0,1.0,511,260,0.3333333333333333,0.31546487678572877,0.38685280723454163,0.07138793044881286,1
arguana,test,test-economy-thhghwhwift-con03a,1.0539134,0.059963763,0.19359088,0.060418703,0.87158364,0.044039607,0.10776609,0.60776556,0.0022491813,0.2202856,0.25,1.0,1.0,1.0,244,137,0.0,0.0,0.3010299956639812,0.3010299956639812,1
arguana,test,test-economy-thhghwhwift-con01a,0.9223403,0.021993756,0.09862977,0.0322378,0.8186562,0.032948256,0.07918948,0.4351118,0.03716871,0.08949831,0.25,1.0,0.0,1.0,293,113,0.6309297535714575,0.6309297535714575,1.0,0.36907024642854247,1
arguana,test,test-economy-fiahwpamu-pro02a,1.0301821,0.019201517,0.18771362,0.071558855,0.8190215,0.0022124648,0.10838848,0.82286036,0.047914267,0.37687248,0.5384615384615384,1.0,1.0,1.0,308,148,1.0,1.0,0.6309297535714575,-0.36907024642854247,0
arguana,test,test-economy-fiahwpamu-pro05a,0.9596785,0.0016086102,0.07250202,0.026204795,0.8246068,0.0054489374,0.06744611,0.5795541,0.06613809,0.13260663,0.42857142857142855,1.0,1.0,1.0,185,90,1.0,1.0,0.3562071871080222,-0.6437928128919779,0
arguana,test,test-economy-fiahwpamu-pro01a,0.9721817,0.01134783,0.09988916,0.033915937,0.7752544,0.009620011,0.044704974,0.7158161,0.05648744,0.23460722,0.6666666666666666,1.0,1.0,0.0,158,100,0.5,0.43067655807339306,0.6309297535714575,0.20025319549806447,1
arguana,test,test-economy-fiahwpamu-pro03a,0.9701785,0.01973319,0.1271795,0.045467965,0.7740221,0.0037940145,0.063636005,0.76193154,0.16830623,0.32413122,0.5384615384615384,1.0,1.0,0.0,173,97,0.0,0.0,0.6309297535714575,0.6309297535714575,1
arguana,test,test-economy-fiahwpamu-pro04a,1.0063974,0.008164227,0.16875345,0.06225699,0.806858,0.0090767145,0.0784443,0.66817284,0.0030415058,0.2798121,0.42857142857142855,1.0,1.0,1.0,166,102,1.0,1.0,0.6309297535714575,-0.36907024642854247,0
arguana,test,test-economy-fiahwpamu-con02a,0.9794972,0.007942498,0.10347617,0.03655419,0.82006973,0.008908331,0.055713594,0.53464437,0.0032194257,0.11514974,0.42857142857142855,1.0,1.0,1.0,185,110,1.0,1.0,0.6309297535714575,-0.36907024642854247,0
arguana,test,test-economy-fiahwpamu-con03a,0.8546165,0.028567195,0.06501365,0.017303664,0.7273002,0.016755402,0.04971695,0.47497672,0.007190138,0.10817471,0.25,1.0,1.0,1.0,183,96,0.43067655807339306,0.31546487678572877,0.6309297535714575,0.31546487678572877,1
arguana,test,test-economy-fiahwpamu-con01a,0.9529023,0.002834916,0.109442055,0.04067646,0.8010497,0.00011318922,0.06175232,0.5131947,0.006641984,0.13534197,0.6666666666666666,1.0,1.0,0.0,248,117,1.0,0.6309297535714575,0.6309297535714575,0.0,0
arguana,test,test-economy-eptpghdtre-pro02a,0.8279046,0.012115777,0.10080296,0.032966327,0.73401946,0.0066278577,0.080149114,0.37985682,0.0021767318,0.087126315,0.05263157894736842,0.0,0.0,0.0,179,97,0.6309297535714575,0.6309297535714575,0.3562071871080222,-0.27472256646343535,0
arguana,test,test-economy-eptpghdtre-pro01a,0.9230374,0.08694899,0.19645691,0.057192717,0.76492083,0.06377828,0.10676968,0.52705514,0.05396685,0.20210564,0.25,1.0,1.0,1.0,155,92,0.5,0.43067655807339306,0.43067655807339306,0.0,0
arguana,test,test-economy-eptpghdtre-pro03a,0.8682379,0.06259513,0.09960657,0.027277457,0.79524124,0.064294815,0.10431838,0.40178645,0.009807348,0.08675465,0.0,0.0,0.0,1.0,137,84,0.43067655807339306,0.6309297535714575,0.6309297535714575,0.0,0
arguana,test,test-economy-eptpghdtre-pro04a,0.8514192,0.056409836,0.13161284,0.039660916,0.7336308,0.0038443208,0.08206427,0.3926282,0.057813585,0.13166603,0.1111111111111111,1.0,1.0,1.0,190,95,1.0,1.0,1.0,0.0,0
arguana,test,test-economy-eptpghdtre-con02a,0.8663009,0.039618373,0.063343346,0.01755829,0.80223393,0.044029295,0.077733934,0.3422489,0.002815485,0.02545005,0.0,0.0,0.0,1.0,163,91,1.0,1.0,0.6309297535714575,-0.36907024642854247,0
arguana,test,test-economy-eptpghdtre-con03a,0.9182436,0.008199215,0.09328014,0.031880096,0.78663546,0.0037539601,0.09106326,0.64165896,0.16124785,0.2148352,0.25,0.0,0.0,0.0,241,115,0.5,0.43067655807339306,0.3333333333333333,-0.09734322474005974,0
arguana,test,test-economy-eptpghdtre-con01a,0.87651765,0.07392347,0.124758184,0.03481449,0.749729,0.03656876,0.08383417,0.42262897,0.02649936,0.120835096,0.17647058823529413,1.0,1.0,1.0,142,96,0.2890648263178879,0.38685280723454163,0.31546487678572877,-0.07138793044881286,0
arguana,test,test-economy-epehwmrbals-pro02a,1.018916,0.014295578,0.12589121,0.04104089,0.82658064,0.010519505,0.08614111,0.6559653,0.014847636,0.1595062,0.42857142857142855,1.0,1.0,1.0,415,212,0.43067655807339306,0.38685280723454163,0.38685280723454163,0.0,0
arguana,test,test-economy-epehwmrbals-pro05a,1.0202854,0.06347823,0.16452336,0.049955007,0.8651375,0.03646046,0.103749335,0.5442375,0.027077913,0.13824755,0.1111111111111111,1.0,0.0,1.0,178,90,0.3562071871080222,0.5,0.43067655807339306,-0.06932344192660694,0
arguana,test,test-economy-epehwmrbals-pro01a,1.0098772,0.11636293,0.18942928,0.05081147,0.82193774,0.082918525,0.13405597,0.6264647,0.05469954,0.17091149,0.6666666666666666,1.0,1.0,1.0,355,180,0.6309297535714575,0.38685280723454163,0.5,0.11314719276545837,1
arguana,test,test-economy-epehwmrbals-pro03a,1.0102504,0.12172735,0.18851668,0.051358353,0.8255937,0.068338096,0.1151191,0.61552244,0.12438029,0.26402813,0.3333333333333333,1.0,1.0,1.0,191,107,0.3333333333333333,0.38685280723454163,0.6309297535714575,0.2440769463369159,1
arguana,test,test-economy-epehwmrbals-pro04a,0.89235914,0.010368705,0.096618414,0.03249299,0.7267563,0.0076649785,0.041831195,0.60048884,0.02292931,0.17079055,0.42857142857142855,1.0,1.0,0.0,291,156,0.43067655807339306,0.6309297535714575,1.0,0.36907024642854247,1
arguana,test,test-economy-epehwmrbals-con02a,0.93718064,0.04750979,0.14559984,0.044399355,0.77743435,0.006522596,0.07433081,0.5324875,0.09390381,0.16325659,0.5384615384615384,1.0,1.0,1.0,243,122,0.0,0.0,0.38685280723454163,0.38685280723454163,1
arguana,test,test-economy-epehwmrbals-con04a,0.93353593,0.059883177,0.102617204,0.028888825,0.7896809,0.015744567,0.07212967,0.4795168,0.052066356,0.10931292,0.25,1.0,1.0,1.0,276,138,1.0,1.0,1.0,0.0,0
arguana,test,test-economy-epehwmrbals-con03a,0.9181014,0.0016753674,0.077457845,0.027041255,0.7800796,0.029574335,0.04851514,0.58627504,0.09206736,0.17216995,0.3333333333333333,1.0,1.0,1.0,342,181,0.0,0.0,0.0,0.0,0
arguana,test,test-economy-epehwmrbals-con01a,1.0164586,0.039553404,0.16499811,0.05471433,0.83845454,0.003255248,0.08848244,0.59334683,0.113714516,0.21038586,0.42857142857142855,1.0,1.0,1.0,370,170,0.0,0.0,1.0,1.0,1
arguana,test,test-economy-beghwbh-pro02a,1.0399675,0.046636343,0.25714272,0.07717619,0.78535134,0.014943123,0.14040422,0.84872043,0.10564387,0.43382365,0.6666666666666666,1.0,1.0,1.0,220,118,0.43067655807339306,0.5,0.6309297535714575,0.13092975357145753,1
arguana,test,test-economy-beghwbh-pro01a,0.88122237,0.0018901229,0.1371581,0.045542162,0.7127809,0.0020771623,0.07073647,0.58018327,0.013345599,0.20715451,0.6666666666666666,1.0,1.0,1.0,239,122,0.0,0.0,1.0,1.0,1
arguana,test,test-economy-beghwbh-pro03a,1.0625556,0.08872861,0.25795448,0.07965302,0.80793357,0.023067117,0.14523321,0.8487399,0.21887171,0.4834327,0.6666666666666666,1.0,1.0,1.0,181,109,0.38685280723454163,0.43067655807339306,1.0,0.5693234419266069,1
arguana,test,test-economy-beghwbh-con02a,0.95768815,0.041757762,0.19587368,0.06362704,0.77101713,0.020468175,0.13956738,0.62223667,0.07096523,0.23634169,0.5384615384615384,1.0,1.0,1.0,302,177,1.0,0.6309297535714575,1.0,0.36907024642854247,1
arguana,test,test-economy-beghwbh-con04a,0.9961082,0.11647642,0.2850083,0.07741247,0.8154348,0.06804758,0.18280417,0.60224444,0.06261343,0.3377368,0.6666666666666666,1.0,1.0,1.0,195,103,1.0,1.0,1.0,0.0,0
arguana,test,test-economy-beghwbh-con03a,0.8802284,0.022463262,0.1588273,0.05370963,0.70721567,0.014448762,0.087109745,0.5767091,0.02671498,0.21805516,0.42857142857142855,1.0,1.0,1.0,305,134,0.6309297535714575,0.5,1.0,0.5,1
arguana,test,test-economy-beghwbh-con01a,0.92801553,0.0072710514,0.09877342,0.03641738,0.799746,0.0012173653,0.090521455,0.5874969,0.057593346,0.16365165,0.3333333333333333,0.0,1.0,0.0,283,153,1.0,0.5,1.0,0.5,1
arguana,test,test-economy-bepahbtsnrt-pro02a,0.9153198,0.0151562095,0.090988636,0.029968372,0.7629124,0.0059601665,0.07209611,0.52913046,0.021105766,0.15579039,0.8181818181818182,1.0,1.0,1.0,179,94,0.0,0.0,0.5,0.5,1
arguana,test,test-economy-bepahbtsnrt-pro01a,1.0023029,0.07956886,0.21417582,0.06383251,0.84518015,0.08193648,0.16162747,0.53163445,0.007891893,0.1881547,0.5384615384615384,1.0,1.0,1.0,277,125,1.0,1.0,1.0,0.0,0
arguana,test,test-economy-bepahbtsnrt-pro03a,0.9867301,0.022680521,0.14510065,0.045826823,0.80753744,0.007456839,0.0726521,0.59730875,0.011571407,0.19887811,0.6666666666666666,1.0,1.0,1.0,235,138,0.6309297535714575,0.43067655807339306,1.0,0.5693234419266069,1
arguana,test,test-economy-bepahbtsnrt-pro04a,0.90234315,0.0012397766,0.12249267,0.04381133,0.765882,0.03297031,0.08942306,0.5606389,0.059577823,0.16875076,0.5384615384615384,1.0,1.0,1.0,270,164,1.0,1.0,1.0,0.0,0
arguana,test,test-economy-bepahbtsnrt-con02a,0.93270636,0.022681057,0.1360271,0.03999968,0.8039036,0.02813077,0.085507035,0.50137496,0.06370169,0.20981947,0.6666666666666666,1.0,1.0,1.0,178,92,0.43067655807339306,0.5,1.0,0.5,1
arguana,test,test-economy-bepahbtsnrt-con03a,0.9121001,0.033419788,0.11742109,0.034987174,0.7742544,0.014584839,0.061258435,0.45948553,0.0049432516,0.17029896,0.6666666666666666,1.0,1.0,1.0,202,106,1.0,1.0,1.0,0.0,0
arguana,test,test-economy-bepahbtsnrt-con01a,0.92727405,0.024991691,0.13474137,0.037796605,0.7920241,0.015658021,0.08972907,0.51435065,0.055757582,0.13334349,0.6666666666666666,1.0,1.0,1.0,181,120,0.3562071871080222,0.5,1.0,0.5,1
arguana,test,test-economy-epsihbdns-pro02a,1.0545268,0.07117331,0.18342155,0.051390357,0.815884,0.0076475143,0.049290538,0.82096756,0.1059832,0.36624926,0.25,1.0,1.0,0.0,298,171,0.3333333333333333,0.38685280723454163,0.31546487678572877,-0.07138793044881286,0
arguana,test,test-economy-epsihbdns-pro01a,0.8804558,0.0043191314,0.02288574,0.0075336015,0.78298193,0.014084637,0.038857877,0.49946415,0.014499873,0.10117784,0.05263157894736842,0.0,0.0,0.0,251,104,0.5,1.0,1.0,0.0,0
arguana,test,test-economy-epsihbdns-pro03a,1.0473763,0.09512335,0.21169943,0.0627376,0.81344354,0.0063370466,0.07583672,0.77977574,0.26468754,0.41667455,0.3333333333333333,1.0,1.0,1.0,340,166,0.0,0.0,0.0,0.0,0
arguana,test,test-economy-epsihbdns-pro04a,0.9395735,0.011565208,0.08813071,0.02667996,0.8000773,0.0016239882,0.041318,0.48971346,0.019312888,0.12047306,0.6666666666666666,1.0,0.0,0.0,324,199,0.0,0.0,0.0,0.0,0
arguana,test,test-economy-epsihbdns-con02a,0.91807413,0.06382966,0.1393817,0.040333927,0.76574075,0.018646717,0.06640142,0.5077778,0.07422751,0.19219327,0.1111111111111111,1.0,1.0,1.0,278,132,0.5,0.3333333333333333,1.0,0.6666666666666667,1
arguana,test,test-economy-epsihbdns-con04a,0.9139558,0.02892518,0.09560263,0.031131024,0.78828895,0.008806407,0.043857872,0.4188894,0.029797345,0.117792815,0.17647058823529413,1.0,1.0,1.0,191,116,0.3562071871080222,0.3010299956639812,0.5,0.1989700043360188,1
arguana,test,test-economy-epsihbdns-con03a,0.9341626,0.0013822317,0.152367,0.058666095,0.765992,0.025692403,0.08605307,0.6990931,0.14313185,0.30430847,0.42857142857142855,1.0,1.0,0.0,255,151,0.0,0.0,0.0,0.0,0
arguana,test,test-economy-epsihbdns-con01a,0.9348685,0.032480776,0.08698183,0.024787856,0.7582381,0.0,0.032705665,0.59033763,0.04486245,0.14218321,0.3333333333333333,0.0,1.0,0.0,205,117,0.3562071871080222,0.6309297535714575,0.6309297535714575,0.0,0
arguana,test,test-economy-bepighbdb-pro02a,1.1075112,0.019811034,0.2392959,0.08917871,0.82655525,0.05648309,0.08523959,1.1462656,0.1955669,0.5886853,0.5384615384615384,1.0,1.0,0.0,411,220,0.6309297535714575,1.0,1.0,0.0,0
arguana,test,test-economy-bepighbdb-pro01a,1.0729911,0.027950764,0.22072536,0.066004075,0.7868457,0.008365691,0.06668681,1.0046797,0.116145134,0.4708132,0.5384615384615384,0.0,1.0,0.0,364,209,0.3562071871080222,0.6309297535714575,0.5,-0.13092975357145753,0
arguana,test,test-economy-bepighbdb-pro03a,1.1078203,0.031821728,0.21264851,0.08353428,0.8116099,0.0008061528,0.08363098,1.1252651,0.1626333,0.5360577,0.42857142857142855,1.0,1.0,0.0,384,198,0.6309297535714575,0.6309297535714575,0.38685280723454163,-0.2440769463369159,0
arguana,test,test-economy-bepighbdb-con02a,0.9346348,0.018374145,0.12647426,0.042401657,0.7660818,0.0057745576,0.059224248,0.5618433,0.011501193,0.17880455,0.3333333333333333,1.0,1.0,1.0,427,215,0.38685280723454163,0.3333333333333333,1.0,0.6666666666666667,1
arguana,test,test-economy-bepighbdb-con04a,1.095215,0.016988158,0.17705655,0.056702174,0.8318283,0.016886652,0.07543701,0.87795544,0.00033843517,0.22770411,0.42857142857142855,1.0,1.0,1.0,376,176,0.3562071871080222,0.38685280723454163,0.5,0.11314719276545837,1
arguana,test,test-economy-bepighbdb-con03a,1.6146182,0.6370361,0.7062951,0.2057516,0.95101047,0.16652906,0.22478008,2.2120256,1.5380903,1.6986977,0.6666666666666666,1.0,1.0,1.0,258,142,0.5,0.5,0.5,0.0,0
arguana,test,test-economy-bepighbdb-con01a,1.6309278,0.6453465,0.71423197,0.20227467,0.95997113,0.16575503,0.2086184,2.2365224,1.5345896,1.6882212,0.6666666666666666,1.0,1.0,1.0,266,147,0.5,0.38685280723454163,0.6309297535714575,0.2440769463369159,1
arguana,test,test-international-gmehbisrip1b-pro02a,1.2974861,0.08933604,0.34415525,0.115476355,0.86907876,0.037637413,0.104914784,1.4280243,0.1638248,0.79108256,0.3333333333333333,1.0,1.0,1.0,511,238,0.3010299956639812,0.3333333333333333,1.0,0.6666666666666667,1
arguana,test,test-international-gmehbisrip1b-pro01a,1.0985135,0.061573505,0.19340551,0.056456055,0.8301903,0.008801341,0.082029104,0.92374843,0.19346946,0.44727698,0.25,1.0,1.0,0.0,511,226,0.6309297535714575,0.6309297535714575,1.0,0.36907024642854247,1
arguana,test,test-international-gmehbisrip1b-pro03a,1.146765,0.11837828,0.275851,0.081559256,0.8489588,0.043829203,0.10727084,0.99268734,0.24849701,0.5077868,0.5384615384615384,1.0,1.0,1.0,511,220,0.6309297535714575,0.5,0.5,0.0,0
arguana,test,test-international-gmehbisrip1b-con02a,1.0816903,0.008916378,0.18540001,0.058238838,0.8145917,0.010174274,0.07477856,0.8945218,0.0041932464,0.27289438,0.3333333333333333,1.0,1.0,1.0,511,257,0.31546487678572877,0.3562071871080222,1.0,0.6437928128919779,1
arguana,test,test-international-gmehbisrip1b-con03a,1.3021468,0.29930985,0.40599394,0.115395695,0.8696344,0.061798453,0.12782991,1.4417081,0.70999116,0.8859899,0.3333333333333333,1.0,1.0,1.0,442,225,0.0,0.0,0.0,0.0,0
arguana,test,test-international-gmehbisrip1b-con01a,1.1268231,0.053745866,0.20994908,0.06607523,0.83983165,0.007573366,0.08398521,0.98188245,0.17048728,0.42849725,0.42857142857142855,1.0,1.0,0.0,511,235,0.31546487678572877,0.2890648263178879,0.38685280723454163,0.09778798091665375,1
arguana,test,test-international-miasimyhw-pro02a,1.0706267,0.09268224,0.22128588,0.065383695,0.84367436,0.030837774,0.11473352,0.756508,0.20614827,0.35372275,0.42857142857142855,1.0,1.0,1.0,302,157,1.0,1.0,1.0,0.0,0
arguana,test,test-international-miasimyhw-pro05a,0.8123731,0.00399518,0.056503415,0.019890284,0.7512707,0.019370973,0.059479117,0.30511537,0.0025886,0.038678795,0.0,0.0,0.0,1.0,202,94,1.0,0.5,0.43067655807339306,-0.06932344192660694,0
arguana,test,test-international-miasimyhw-pro01a,0.9194413,0.023291051,0.08501059,0.02721182,0.78288627,0.01075238,0.07371253,0.54336846,0.004599035,0.070432395,0.17647058823529413,0.0,0.0,0.0,276,148,0.38685280723454163,0.3562071871080222,1.0,0.6437928128919779,1
arguana,test,test-international-miasimyhw-pro03a,0.9240867,0.027314961,0.11880791,0.037478827,0.78214514,0.021382153,0.07181609,0.4731385,0.019776016,0.13541958,0.42857142857142855,1.0,1.0,1.0,174,99,1.0,1.0,1.0,0.0,0
arguana,test,test-international-miasimyhw-pro04a,0.9492688,0.013683081,0.13357043,0.049476072,0.8138948,0.0012698174,0.07841921,0.45547938,0.024502456,0.13416049,0.3333333333333333,1.0,1.0,0.0,329,152,0.43067655807339306,0.5,0.3562071871080222,-0.14379281289197782,0
arguana,test,test-international-miasimyhw-con02a,0.91323745,0.0,0.098000765,0.041737713,0.78640527,0.0,0.05042094,0.485916,0.06314203,0.1928336,0.17647058823529413,1.0,1.0,0.0,189,107,0.0,0.0,0.0,0.0,0
arguana,test,test-international-miasimyhw-con03a,0.88370264,0.022176862,0.08162725,0.023910806,0.7403751,0.013847113,0.038184404,0.52391547,0.07131472,0.13803682,0.25,1.0,1.0,0.0,275,161,0.0,0.0,0.6309297535714575,0.6309297535714575,1
arguana,test,test-international-miasimyhw-con01a,0.92814887,0.021313787,0.13902396,0.045236137,0.79798764,0.004604757,0.09133732,0.50739837,0.04571113,0.17211774,0.5384615384615384,1.0,1.0,1.0,287,118,0.3010299956639812,0.2890648263178879,1.0,0.7109351736821121,1
arguana,test,test-international-ghwcitca-pro02a,1.0035439,0.012220383,0.12350565,0.044429243,0.813468,0.008404911,0.06256372,0.69935894,0.031623602,0.16960794,0.5384615384615384,1.0,1.0,0.0,302,163,0.2890648263178879,0.3010299956639812,0.6309297535714575,0.32989975790747633,1
arguana,test,test-international-ghwcitca-pro01a,1.0500429,0.06841338,0.17976326,0.05561254,0.794066,0.034485936,0.07742697,0.85325617,0.11309147,0.32886404,0.42857142857142855,1.0,1.0,1.0,344,178,1.0,1.0,1.0,0.0,0
arguana,test,test-international-ghwcitca-pro03a,0.9936132,0.016780198,0.105350316,0.038109463,0.76915586,0.0073893666,0.040731966,0.7501005,0.0019094944,0.17034793,0.42857142857142855,1.0,1.0,1.0,311,180,0.31546487678572877,0.3333333333333333,1.0,0.6666666666666667,1
arguana,test,test-international-ghwcitca-pro04a,1.0701178,0.011836052,0.13066983,0.04566763,0.84632593,0.023762345,0.070301294,0.81393826,0.06796521,0.28648973,0.3333333333333333,1.0,1.0,1.0,359,181,0.3010299956639812,0.3010299956639812,1.0,0.6989700043360187,1
arguana,test,test-international-ghwcitca-con02a,1.0594238,0.0206846,0.0965637,0.033959433,0.8340788,0.018276691,0.06750554,0.84322345,0.025131226,0.18145317,0.25,1.0,1.0,1.0,361,209,0.3562071871080222,0.43067655807339306,1.0,0.5693234419266069,1
arguana,test,test-international-ghwcitca-con03a,0.9541466,0.02520734,0.11731374,0.033389386,0.76294523,0.017077386,0.06997204,0.6758134,0.034446657,0.17922509,0.42857142857142855,1.0,1.0,1.0,332,179,0.43067655807339306,0.38685280723454163,1.0,0.6131471927654584,1
arguana,test,test-international-ghwcitca-con01a,1.1061416,0.052687407,0.18479252,0.06068908,0.8082331,0.0018600225,0.06458974,1.0099385,0.18633497,0.39828885,0.42857142857142855,1.0,1.0,0.0,455,247,1.0,0.5,1.0,0.5,1
arguana,test,test-international-gmehwasr-pro02a,0.9343826,0.04232776,0.096111,0.026547953,0.8342199,0.030433238,0.07376033,0.41293588,0.02285561,0.09642315,0.17647058823529413,1.0,1.0,1.0,278,116,1.0,1.0,1.0,0.0,0
arguana,test,test-international-gmehwasr-pro05a,0.9923932,0.04399687,0.1397649,0.04543238,0.7883699,0.002694726,0.050677896,0.6890601,0.014131367,0.23439732,0.17647058823529413,1.0,1.0,0.0,318,145,0.3333333333333333,0.43067655807339306,1.0,0.5693234419266069,1
arguana,test,test-international-gmehwasr-pro01a,1.0224386,0.00834465,0.08610934,0.025830528,0.814818,0.002975881,0.05354315,0.81959355,0.09622437,0.23174858,0.42857142857142855,0.0,1.0,0.0,272,154,0.0,0.0,0.0,0.0,0
arguana,test,test-international-gmehwasr-pro03a,0.935521,0.0018376112,0.10756415,0.03637097,0.811713,0.0422318,0.092960715,0.54734075,0.08117807,0.16184843,0.5384615384615384,1.0,1.0,1.0,266,121,0.3333333333333333,0.43067655807339306,1.0,0.5693234419266069,1
arguana,test,test-international-gmehwasr-pro04a,0.9327845,0.07573283,0.12515813,0.034995995,0.7795491,0.008370221,0.062366128,0.5107845,0.09498465,0.17602924,0.17647058823529413,1.0,1.0,1.0,187,99,0.0,0.0,0.0,0.0,0
arguana,test,test-international-gmehwasr-con02a,0.902521,0.031383872,0.083391726,0.026680423,0.7898153,0.022305906,0.06517053,0.4523285,0.044033796,0.11259273,0.42857142857142855,1.0,0.0,1.0,162,77,0.0,0.0,1.0,1.0,1
arguana,test,test-international-gmehwasr-con05a,0.9438251,0.025080323,0.1123386,0.035572283,0.8054577,0.035096288,0.06357473,0.49461123,0.033386618,0.1847586,0.3333333333333333,1.0,1.0,1.0,233,110,0.31546487678572877,0.3562071871080222,0.6309297535714575,0.27472256646343535,1
arguana,test,test-international-gmehwasr-con04a,0.9394195,0.028493583,0.08407533,0.02664856,0.82917744,0.010101259,0.07006663,0.49391663,0.06486502,0.14839959,0.3333333333333333,0.0,1.0,0.0,223,87,0.0,0.0,0.3562071871080222,0.3562071871080222,1
arguana,test,test-international-gmehwasr-con03a,0.8941581,0.0136502385,0.06657159,0.021603199,0.7595444,0.008367062,0.059046745,0.49470633,0.041941285,0.08575091,0.3333333333333333,1.0,0.0,1.0,429,188,0.0,0.0,1.0,1.0,1
arguana,test,test-international-gmehwasr-con01a,1.0938709,0.0790627,0.23688579,0.074749984,0.7789779,0.004974246,0.0488317,1.1026406,0.28743112,0.5990696,0.25,0.0,1.0,0.0,276,131,0.2890648263178879,0.2890648263178879,0.43067655807339306,0.14161173175550518,1
arguana,test,test-international-aghbfcpspr-pro02a,1.1748879,0.10651934,0.2090959,0.058981724,0.840386,0.014839828,0.04638362,1.1150066,0.23749375,0.4729532,0.42857142857142855,1.0,1.0,1.0,381,186,0.0,0.0,1.0,1.0,1
arguana,test,test-international-aghbfcpspr-pro05a,1.0761485,0.015707493,0.15799594,0.05180503,0.8175583,0.0017226934,0.03491491,0.86196744,0.016815245,0.36613077,0.3333333333333333,1.0,1.0,1.0,209,118,0.0,0.0,0.5,0.5,1
arguana,test,test-international-aghbfcpspr-pro01a,0.9075033,0.040887415,0.15097845,0.045935016,0.7031725,0.020896733,0.06547284,0.6811027,0.023444831,0.20266753,0.17647058823529413,1.0,1.0,1.0,415,202,1.0,1.0,0.6309297535714575,-0.36907024642854247,0
arguana,test,test-international-aghbfcpspr-pro03a,1.0803534,0.058329582,0.1965403,0.059708837,0.8023769,0.04269284,0.089048445,0.926588,0.019616425,0.3156165,0.5384615384615384,1.0,1.0,1.0,351,172,0.5,0.43067655807339306,1.0,0.5693234419266069,1
arguana,test,test-international-aghbfcpspr-pro04a,1.0458962,0.059470654,0.14584243,0.035220996,0.7956135,0.032341123,0.06178218,0.84968835,0.015412867,0.21669066,0.5384615384615384,1.0,0.0,1.0,256,133,0.0,0.0,0.6309297535714575,0.6309297535714575,1
arguana,test,test-international-aghbfcpspr-con02a,1.1529527,0.08969736,0.22658968,0.06482728,0.8131085,0.0071605444,0.056164026,1.1328137,0.27512258,0.5416573,0.6666666666666666,1.0,1.0,1.0,363,182,0.3562071871080222,0.5,1.0,0.5,1
arguana,test,test-international-aghbfcpspr-con04a,0.93050957,0.019883633,0.102234304,0.027953796,0.80234647,0.007598281,0.06306404,0.49716306,0.0071287453,0.13941073,0.6666666666666666,1.0,1.0,1.0,137,76,0.5,0.5,1.0,0.5,1
arguana,test,test-international-aghbfcpspr-con03a,0.926993,0.011762619,0.08528018,0.031144321,0.7536367,0.00029987097,0.03728956,0.6100147,0.0044354796,0.19308367,0.3333333333333333,1.0,1.0,1.0,215,101,0.0,0.0,0.6309297535714575,0.6309297535714575,1
arguana,test,test-international-aghbfcpspr-con01a,0.9654374,0.017579615,0.08770007,0.026428496,0.7698159,0.021212935,0.051689565,0.8098175,0.047189593,0.30400604,0.5384615384615384,1.0,0.0,0.0,294,159,0.3010299956639812,0.3333333333333333,0.6309297535714575,0.2975964202381242,1
arguana,test,test-international-gpsmhbsosb-pro02a,1.0088896,0.052553475,0.18863165,0.061296158,0.80280495,0.047067046,0.11462301,0.7147701,0.027821302,0.2785149,0.8181818181818182,1.0,1.0,1.0,511,217,0.43067655807339306,0.43067655807339306,1.0,0.5693234419266069,1
arguana,test,test-international-gpsmhbsosb-pro01a,1.0622003,0.05462098,0.16136003,0.0446996,0.82501495,0.0412575,0.09921664,1.1425494,0.011485815,0.56828314,0.42857142857142855,1.0,0.0,0.0,410,178,0.6309297535714575,1.0,1.0,0.0,0
arguana,test,test-international-gpsmhbsosb-pro03a,1.0467523,0.034239292,0.14470655,0.04481967,0.8243393,0.0020161867,0.07668263,0.74898225,0.05681318,0.2804315,0.8181818181818182,1.0,1.0,0.0,395,140,0.38685280723454163,0.43067655807339306,1.0,0.5693234419266069,1
arguana,test,test-international-gpsmhbsosb-con02a,1.023941,0.036592603,0.19481975,0.06440436,0.7846159,0.028033972,0.10865569,0.79775053,0.008883417,0.24472898,0.42857142857142855,1.0,1.0,1.0,511,243,1.0,1.0,1.0,0.0,0
arguana,test,test-international-gpsmhbsosb-con03a,0.9895278,0.0016139746,0.11317468,0.04186206,0.80880857,0.00016868114,0.075124025,0.7249625,0.040929735,0.2532856,0.42857142857142855,1.0,1.0,0.0,422,178,0.3333333333333333,0.3562071871080222,0.31546487678572877,-0.04074231032229342,0
arguana,test,test-international-gpsmhbsosb-con01a,0.95545226,0.017626226,0.12720925,0.039881974,0.77735364,0.00029587746,0.082632065,0.6252499,0.071689665,0.19033176,0.6666666666666666,1.0,1.0,0.0,324,118,1.0,1.0,1.0,0.0,0
arguana,test,test-international-apwhbaucmip-pro02a,0.9268825,0.02383703,0.11369121,0.0397222,0.7945502,0.0038805604,0.090912044,0.5189468,0.016089737,0.10761103,0.3333333333333333,0.0,1.0,0.0,193,111,0.0,0.0,0.0,0.0,0
arguana,test,test-international-apwhbaucmip-pro01a,0.8993952,0.011565745,0.09200543,0.031958785,0.728216,0.0011150241,0.045595944,0.6810993,0.030065417,0.27829018,0.3333333333333333,0.0,1.0,0.0,274,113,0.0,0.0,0.6309297535714575,0.6309297535714575,1
arguana,test,test-international-apwhbaucmip-pro03a,1.0856694,0.053726077,0.13375705,0.041595183,0.81036866,0.00759691,0.0498991,0.94299203,0.16349298,0.33076727,0.3333333333333333,0.0,1.0,0.0,272,156,0.0,0.0,1.0,1.0,1
arguana,test,test-international-apwhbaucmip-pro04a,0.8787135,0.0069335103,0.07791793,0.02484468,0.75153023,0.026088655,0.06652254,0.5261762,0.0028795004,0.10736552,0.25,0.0,0.0,0.0,187,85,0.31546487678572877,0.3562071871080222,0.6309297535714575,0.27472256646343535,1
arguana,test,test-international-apwhbaucmip-con02a,1.001428,0.045548677,0.20886868,0.06773114,0.8413042,0.031957805,0.14352435,0.53374594,0.026478827,0.15455079,0.3333333333333333,1.0,1.0,1.0,158,82,1.0,1.0,1.0,0.0,0
arguana,test,test-international-apwhbaucmip-con04a,0.94692516,0.06373733,0.09440261,0.024810396,0.75829566,0.007961571,0.029574156,0.6586497,0.02542764,0.16517085,0.1111111111111111,0.0,1.0,0.0,225,104,1.0,1.0,1.0,0.0,0
arguana,test,test-international-apwhbaucmip-con03a,0.8438668,0.013718128,0.04333222,0.011368901,0.7356733,0.0062019825,0.037721515,0.5202426,0.015396774,0.15594512,0.05263157894736842,0.0,0.0,0.0,266,129,0.3010299956639812,0.2890648263178879,1.0,0.7109351736821121,1
arguana,test,test-international-apwhbaucmip-con01a,0.8397938,0.04253,0.10967398,0.032658894,0.7395904,0.034350157,0.09003371,0.45733625,0.008787721,0.11367208,0.0,0.0,0.0,1.0,188,120,1.0,1.0,1.0,0.0,0
arguana,test,test-international-iighbopcc-pro02a,0.9535353,0.064558744,0.22538286,0.07224563,0.81022847,0.035370946,0.14660877,0.47768947,0.07832131,0.19219425,0.25,1.0,1.0,1.0,205,106,0.5,0.5,1.0,0.5,1
arguana,test,test-international-iighbopcc-pro01a,0.96353257,0.08888054,0.2007094,0.05874605,0.82015425,0.036349773,0.13811636,0.47792763,0.17510241,0.20646489,0.3333333333333333,1.0,1.0,1.0,203,83,0.5,0.5,0.43067655807339306,-0.06932344192660694,0
arguana,test,test-international-iighbopcc-pro03a,0.8509401,0.033003926,0.1182816,0.037634686,0.7589452,0.016736269,0.07756317,0.3433264,0.036676854,0.10148507,0.25,1.0,1.0,1.0,205,127,0.6309297535714575,0.6309297535714575,1.0,0.36907024642854247,1
arguana,test,test-international-iighbopcc-con02a,0.9106008,0.033287406,0.17862153,0.059271324,0.7850378,0.0043649673,0.12004602,0.4185432,0.08652866,0.14902574,0.17647058823529413,1.0,1.0,1.0,165,78,0.31546487678572877,0.2890648263178879,0.5,0.21093517368211212,1
arguana,test,test-international-iighbopcc-con03a,0.79436404,0.004773557,0.046364963,0.0143917035,0.7210702,0.025544047,0.06668341,0.38929224,0.016743124,0.06941849,0.05263157894736842,0.0,0.0,1.0,216,103,1.0,0.5,1.0,0.5,1
arguana,test,test-international-iighbopcc-con01a,0.89770305,0.020289838,0.12833804,0.04236495,0.8035737,0.06333339,0.1075623,0.4572429,0.042197734,0.12631652,0.1111111111111111,0.0,1.0,1.0,102,64,1.0,1.0,1.0,0.0,0
arguana,test,test-international-bldimehbn-pro02a,0.91368574,0.028585434,0.08436906,0.023995556,0.8057524,0.010945737,0.060220957,0.4167952,0.0153436065,0.09748235,0.25,0.0,0.0,0.0,241,131,0.5,0.6309297535714575,1.0,0.36907024642854247,1
arguana,test,test-international-bldimehbn-pro01a,0.91117746,0.06598753,0.113088906,0.03306953,0.7467982,0.014484167,0.05589342,0.5962113,0.08419138,0.22288984,0.05263157894736842,0.0,1.0,0.0,511,259,1.0,1.0,0.43067655807339306,-0.5693234419266069,0
arguana,test,test-international-bldimehbn-pro03a,0.9660989,0.039233506,0.22476721,0.079323515,0.79917353,0.0008007288,0.11453569,0.556418,0.12810934,0.31767452,0.17647058823529413,1.0,1.0,1.0,352,130,0.6309297535714575,0.6309297535714575,1.0,0.36907024642854247,1
arguana,test,test-international-bldimehbn-con02a,0.8392532,0.0025478005,0.056938708,0.021545347,0.7353416,0.010006666,0.0352301,0.42516404,0.0068825483,0.08468506,0.17647058823529413,0.0,1.0,0.0,386,171,0.0,0.0,0.0,0.0,0
arguana,test,test-international-bldimehbn-con03a,0.8138528,0.0103702545,0.05839759,0.016098758,0.725555,0.0051080585,0.039586246,0.45021605,0.075564355,0.1531313,0.17647058823529413,0.0,0.0,0.0,244,123,0.0,0.0,0.6309297535714575,0.6309297535714575,1
arguana,test,test-international-bldimehbn-con01a,0.98029643,0.015910804,0.16288626,0.05435333,0.784957,0.009236693,0.046676457,0.68192047,0.08382493,0.32174438,0.42857142857142855,1.0,1.0,0.0,320,140,0.0,0.0,0.0,0.0,0
arguana,test,test-international-amehbuaisji-pro02a,1.3047572,0.32180768,0.41207844,0.116455026,0.92351836,0.09417391,0.14690828,1.2707962,0.73974085,0.85353637,0.25,1.0,1.0,1.0,347,136,0.6309297535714575,0.5,0.5,0.0,0
arguana,test,test-international-amehbuaisji-pro01a,1.0372765,0.049063206,0.11785591,0.032668646,0.8705039,0.009523749,0.077352524,0.6144509,0.011179745,0.1237967,0.17647058823529413,1.0,1.0,1.0,195,116,0.0,0.0,0.0,0.0,0
arguana,test,test-international-amehbuaisji-pro03a,0.8170104,0.0007736087,0.037483692,0.013931806,0.7505336,0.012804806,0.041186035,0.37826315,0.04050842,0.09452686,0.1111111111111111,0.0,0.0,0.0,103,60,0.0,0.0,0.0,0.0,0
arguana,test,test-international-amehbuaisji-con02a,0.8220346,0.011516571,0.06291771,0.018989783,0.7420639,0.017952263,0.039317966,0.3019018,0.020310491,0.049844056,0.17647058823529413,1.0,1.0,1.0,189,87,0.6309297535714575,1.0,1.0,0.0,0
arguana,test,test-international-amehbuaisji-con04a,0.95253664,0.07676947,0.123266876,0.033255525,0.8013175,0.021226823,0.059856117,0.5040638,0.056377888,0.18572044,0.25,1.0,1.0,1.0,249,97,1.0,1.0,0.3562071871080222,-0.6437928128919779,0
arguana,test,test-international-amehbuaisji-con03a,0.9611601,0.084774315,0.121519804,0.035225987,0.8163755,0.043290496,0.092582285,0.6329567,0.07453543,0.21498197,0.05263157894736842,1.0,0.0,1.0,268,103,0.6309297535714575,0.5,0.31546487678572877,-0.18453512321427123,0
arguana,test,test-international-amehbuaisji-con01a,1.0004548,0.0076143146,0.111991644,0.039660264,0.8229352,0.003547728,0.05663079,0.60024136,0.00066167116,0.10689992,0.3333333333333333,1.0,1.0,1.0,205,89,0.38685280723454163,0.5,0.43067655807339306,-0.06932344192660694,0
arguana,test,test-international-gpdwhwcusa-pro02a,1.0891285,0.07188499,0.13455683,0.039762206,0.86373144,0.011162996,0.055921078,0.7513235,0.14538127,0.26876742,0.42857142857142855,1.0,1.0,1.0,505,263,1.0,1.0,1.0,0.0,0
arguana,test,test-international-gpdwhwcusa-pro01a,1.0028751,0.009916902,0.07871699,0.027068315,0.8405105,0.008534372,0.035262167,0.58605385,0.020092964,0.12222597,0.17647058823529413,1.0,1.0,1.0,217,100,1.0,1.0,1.0,0.0,0
arguana,test,test-international-gpdwhwcusa-pro03a,1.031779,0.017910004,0.12817645,0.042767875,0.8457312,0.0059711933,0.06115085,0.6400636,0.06654471,0.20050645,0.5384615384615384,1.0,1.0,0.0,278,142,1.0,1.0,1.0,0.0,0
arguana,test,test-international-gpdwhwcusa-con02a,0.99346256,0.035339355,0.107400894,0.031541523,0.8216137,0.024731934,0.06644434,0.5809244,0.008094966,0.105591774,0.25,1.0,0.0,1.0,396,169,1.0,0.6309297535714575,1.0,0.36907024642854247,1
arguana,test,test-international-gpdwhwcusa-con05a,0.9685582,0.05416596,0.1085577,0.032373,0.81660146,0.029050648,0.07118559,0.50652254,0.030333787,0.119800925,0.42857142857142855,1.0,1.0,1.0,183,84,0.43067655807339306,0.6309297535714575,1.0,0.36907024642854247,1
arguana,test,test-international-gpdwhwcusa-con04a,1.052135,0.10348719,0.15653342,0.044576272,0.8595695,0.03933406,0.06281471,0.64188486,0.16303006,0.28534588,0.25,1.0,1.0,1.0,171,88,1.0,1.0,1.0,0.0,0
arguana,test,test-international-gpdwhwcusa-con03a,0.9484864,0.015176177,0.11570066,0.043028317,0.80608046,0.028066814,0.0823617,0.526888,0.0092327595,0.08290568,0.25,1.0,1.0,1.0,215,132,1.0,1.0,1.0,0.0,0
arguana,test,test-international-gpdwhwcusa-con01a,1.014191,0.03861022,0.12299615,0.04095133,0.8413092,0.012461364,0.055178225,0.5762727,0.061044157,0.19122875,0.3333333333333333,1.0,1.0,1.0,176,100,0.43067655807339306,0.6309297535714575,0.43067655807339306,-0.20025319549806447,0
arguana,test,test-international-ghbunhf-pro02a,0.9178697,0.012271047,0.11750466,0.04065518,0.74738824,0.0014292598,0.041243076,0.56827146,0.027219653,0.18495059,0.17647058823529413,1.0,1.0,1.0,242,130,0.6309297535714575,0.5,1.0,0.5,1
arguana,test,test-international-ghbunhf-pro05a,0.8148799,0.0085093975,0.041446924,0.011410648,0.75265396,0.004356146,0.048647344,0.31188595,0.006510496,0.062445685,0.05263157894736842,0.0,0.0,0.0,162,93,0.3562071871080222,0.38685280723454163,0.5,0.11314719276545837,1
arguana,test,test-international-ghbunhf-pro01a,0.95416653,0.024898052,0.13524264,0.048092287,0.79168326,0.0040639043,0.06125623,0.5551571,0.09653965,0.16865715,0.17647058823529413,1.0,1.0,0.0,180,109,1.0,0.6309297535714575,0.6309297535714575,0.0,0
arguana,test,test-international-ghbunhf-pro03a,1.007878,0.058198035,0.13540143,0.039410863,0.85090977,0.048918366,0.07974684,0.5333145,0.010087311,0.14972591,0.25,1.0,1.0,1.0,148,89,1.0,1.0,1.0,0.0,0
arguana,test,test-international-ghbunhf-pro04a,0.857694,0.008316338,0.09939796,0.03364955,0.75162065,0.012218773,0.06890923,0.394307,0.054207504,0.11143842,0.25,1.0,1.0,0.0,204,119,0.6309297535714575,0.43067655807339306,1.0,0.5693234419266069,1
arguana,test,test-international-ghbunhf-con02a,0.8626032,0.0077346563,0.10120857,0.03608898,0.7346471,0.00608176,0.065428495,0.45395976,0.022799432,0.105052054,0.3333333333333333,1.0,1.0,1.0,152,91,1.0,0.43067655807339306,0.6309297535714575,0.20025319549806447,1
arguana,test,test-international-ghbunhf-con05a,1.0107,0.14167202,0.2080059,0.058676008,0.82860047,0.05175978,0.111629486,0.60699826,0.17598921,0.27282438,0.25,1.0,1.0,1.0,195,111,1.0,1.0,1.0,0.0,0
arguana,test,test-international-ghbunhf-con04a,0.93907064,0.06112337,0.11829072,0.032749347,0.790032,0.02965498,0.05621046,0.59748095,0.100685626,0.23832619,0.1111111111111111,1.0,0.0,1.0,143,86,0.0,0.0,0.43067655807339306,0.43067655807339306,1
arguana,test,test-international-ghbunhf-con03a,0.94276047,0.002597332,0.09063727,0.03178181,0.8189932,0.013839662,0.063013315,0.4656202,0.0069305003,0.12155399,0.42857142857142855,1.0,0.0,0.0,172,113,0.6309297535714575,0.6309297535714575,1.0,0.36907024642854247,1
arguana,test,test-international-ghbunhf-con01a,0.9611087,0.009010553,0.12417966,0.04604542,0.81067866,0.011484206,0.07424092,0.5673194,0.057640374,0.15917668,0.25,1.0,1.0,1.0,130,76,1.0,0.6309297535714575,1.0,0.36907024642854247,1
arguana,test,test-international-aghwrem-pro02a,0.92457294,0.0060043335,0.11065853,0.03581819,0.76944923,0.015999615,0.055551708,0.5768699,0.07822573,0.16281256,0.5384615384615384,1.0,1.0,0.0,194,111,0.5,1.0,1.0,0.0,0
arguana,test,test-international-aghwrem-pro05a,1.0012192,0.01188916,0.11045545,0.03640513,0.8464493,0.014615297,0.060552835,0.57150495,0.095236,0.21263096,0.5384615384615384,1.0,1.0,0.0,174,87,0.5,0.3562071871080222,1.0,0.6437928128919779,1
arguana,test,test-international-aghwrem-pro01a,0.8768331,0.009367406,0.07964373,0.02655944,0.7771456,0.0010454655,0.05247253,0.40872335,0.041377395,0.08810517,0.1111111111111111,1.0,0.0,1.0,185,87,1.0,0.6309297535714575,1.0,0.36907024642854247,1
arguana,test,test-international-aghwrem-pro03a,0.98394865,0.03417933,0.10505229,0.027907832,0.81403387,0.0041393638,0.05910915,0.5667856,0.000402987,0.1170086,0.42857142857142855,1.0,1.0,1.0,243,148,0.38685280723454163,0.6309297535714575,0.43067655807339306,-0.20025319549806447,0
arguana,test,test-international-aghwrem-pro04a,0.94204384,0.07034725,0.12513572,0.03292004,0.76839405,0.038603127,0.06873828,0.5788326,0.008226216,0.14560714,0.42857142857142855,1.0,1.0,1.0,229,90,1.0,1.0,0.5,-0.5,0
arguana,test,test-international-aghwrem-con02a,0.92390394,0.00086450577,0.0554415,0.01919714,0.7844948,0.00040709972,0.03750944,0.5109447,0.044890583,0.13428926,0.5384615384615384,1.0,1.0,0.0,200,99,0.43067655807339306,1.0,1.0,0.0,0
arguana,test,test-international-aghwrem-con04a,0.9833554,0.026987791,0.100878894,0.031797066,0.8071535,0.0094307065,0.03920257,0.58733964,0.058523655,0.12486753,0.25,1.0,1.0,1.0,268,128,1.0,1.0,1.0,0.0,0
arguana,test,test-international-aghwrem-con03a,0.9572431,0.010538518,0.09207535,0.029521503,0.80352825,0.00041151047,0.053238213,0.5758053,0.06342244,0.16284564,0.5384615384615384,1.0,1.0,1.0,202,106,1.0,0.5,0.3562071871080222,-0.14379281289197782,0
arguana,test,test-international-aghwrem-con01a,0.9428874,0.015112817,0.13648611,0.037861805,0.7847018,0.019283652,0.08650184,0.7182229,0.1612857,0.27456963,0.6666666666666666,1.0,0.0,1.0,323,125,0.6309297535714575,0.38685280723454163,1.0,0.6131471927654584,1
arguana,test,test-international-bmaggiahbl-pro02a,0.94801867,0.051603913,0.1750074,0.056119904,0.79151267,0.03965491,0.10711068,0.52168655,0.03983,0.2018533,0.5384615384615384,1.0,1.0,1.0,279,126,1.0,1.0,1.0,0.0,0
arguana,test,test-international-bmaggiahbl-pro01a,1.0301423,0.04890406,0.19090652,0.06233885,0.8171154,0.035118103,0.09743291,0.71008974,0.016459286,0.25575072,0.42857142857142855,1.0,1.0,1.0,392,222,1.0,1.0,1.0,0.0,0
arguana,test,test-international-bmaggiahbl-pro03a,0.95885575,0.03537202,0.11679351,0.03315693,0.8280519,0.031430602,0.09525961,0.48306856,0.0031219423,0.10530844,0.42857142857142855,1.0,1.0,1.0,251,132,0.5,0.38685280723454163,1.0,0.6131471927654584,1
arguana,test,test-international-bmaggiahbl-con02a,1.0360185,0.040510952,0.20116264,0.06764927,0.8475999,0.012898624,0.113428295,0.70954,0.02092278,0.2809033,0.42857142857142855,1.0,1.0,0.0,274,157,0.6309297535714575,1.0,1.0,0.0,0
arguana,test,test-international-bmaggiahbl-con03a,0.9864424,0.0020350814,0.17233646,0.0656156,0.8358116,0.026156068,0.13426179,0.6241198,0.041614056,0.2275778,0.3333333333333333,1.0,1.0,0.0,339,192,0.3333333333333333,0.3333333333333333,1.0,0.6666666666666667,1
arguana,test,test-international-bmaggiahbl-con01a,1.0378911,0.03387046,0.23690408,0.07630317,0.8130549,0.00672251,0.11973292,0.7494542,0.06419885,0.28309268,0.42857142857142855,1.0,1.0,1.0,260,145,1.0,1.0,1.0,0.0,0
arguana,test,test-international-appghblsba-pro02a,0.8725516,0.016404867,0.12817276,0.038000476,0.7435161,0.021172285,0.08397627,0.46447226,0.01846239,0.15771657,0.6666666666666666,1.0,1.0,1.0,275,127,1.0,1.0,1.0,0.0,0
arguana,test,test-international-appghblsba-pro01a,1.0763357,0.06531763,0.17945153,0.050642703,0.81055915,0.0015553832,0.055847645,0.89110607,0.17413908,0.42491597,1.0,1.0,1.0,0.0,456,224,0.5,1.0,1.0,0.0,0
arguana,test,test-international-appghblsba-pro03a,1.0825994,0.03072095,0.21601975,0.057849433,0.8442887,0.021099389,0.12192696,0.93857324,0.18866432,0.3408205,0.8181818181818182,1.0,1.0,0.0,313,160,0.0,0.0,0.5,0.5,1
arguana,test,test-international-appghblsba-pro04a,1.0262403,0.0007033348,0.13775396,0.051682312,0.8224837,0.016949594,0.071721435,0.7571379,0.07794911,0.3004685,0.6666666666666666,1.0,1.0,1.0,233,119,0.3010299956639812,0.3333333333333333,0.43067655807339306,0.09734322474005974,1
arguana,test,test-international-appghblsba-con02a,0.97335345,0.026015103,0.10355824,0.034695987,0.81110466,0.0077964664,0.045914948,0.56681746,0.04654503,0.21301246,0.6666666666666666,1.0,1.0,0.0,309,134,0.3562071871080222,0.6309297535714575,1.0,0.36907024642854247,1
arguana,test,test-international-appghblsba-con03a,1.0558741,0.033549547,0.18357825,0.050791185,0.84409744,0.0022283196,0.09560466,0.71902114,0.013098896,0.18946797,0.8181818181818182,1.0,1.0,1.0,341,171,0.6309297535714575,0.6309297535714575,1.0,0.36907024642854247,1
arguana,test,test-international-appghblsba-con01a,1.0122974,0.013243556,0.1459263,0.04864578,0.8144612,0.018470407,0.057984173,0.74520904,0.08575505,0.29785457,0.42857142857142855,1.0,1.0,1.0,280,146,0.43067655807339306,0.3562071871080222,1.0,0.6437928128919779,1
arguana,test,test-international-ehbfe-pro02a,1.1940385,0.17739785,0.26657695,0.07265616,0.8539307,0.02580452,0.068283856,1.1336927,0.47917747,0.6118562,0.5384615384615384,1.0,1.0,1.0,350,187,0.5,0.6309297535714575,0.6309297535714575,0.0,0
arguana,test,test-international-ehbfe-pro05a,0.91972756,0.007955968,0.097827375,0.030643374,0.8042529,0.006935239,0.050032318,0.3877146,0.0027992427,0.076884,0.3333333333333333,1.0,1.0,1.0,183,100,1.0,1.0,1.0,0.0,0
arguana,test,test-international-ehbfe-pro01a,0.9927234,0.04757899,0.104775965,0.030987572,0.7997944,0.004439652,0.03217995,0.6430967,0.038734436,0.18321991,0.17647058823529413,1.0,1.0,1.0,237,137,0.0,0.0,0.6309297535714575,0.6309297535714575,1
arguana,test,test-international-ehbfe-pro03a,0.9976783,0.057213664,0.1624806,0.047927093,0.81832916,0.006705284,0.06589639,0.5978305,0.111659944,0.17638329,0.17647058823529413,1.0,1.0,1.0,242,131,1.0,1.0,1.0,0.0,0
arguana,test,test-international-ehbfe-pro04a,0.93136984,0.038528323,0.13105601,0.04327041,0.7500334,0.0019872785,0.049850404,0.6110791,0.059713304,0.18037772,0.25,1.0,1.0,0.0,242,103,0.6309297535714575,0.38685280723454163,1.0,0.6131471927654584,1
arguana,test,test-international-ehbfe-con02a,0.9501773,0.014562905,0.08916831,0.02968014,0.79999214,0.021989584,0.04732263,0.57391584,0.004463196,0.12868023,0.17647058823529413,1.0,1.0,0.0,313,172,0.6309297535714575,1.0,0.6309297535714575,-0.36907024642854247,0
arguana,test,test-international-ehbfe-con04a,1.1051115,0.23153454,0.3460791,0.098110564,0.80878484,0.059067607,0.12058818,0.9877554,0.5748898,0.68892896,0.25,1.0,1.0,1.0,122,78,0.43067655807339306,0.43067655807339306,0.5,0.06932344192660694,1
arguana,test,test-international-ehbfe-con03a,0.84303945,0.005212128,0.045653105,0.015082609,0.74897724,0.0011690855,0.018491447,0.35663092,0.018902808,0.054009587,0.17647058823529413,1.0,0.0,1.0,142,83,0.0,0.0,1.0,1.0,1
arguana,test,test-international-ehbfe-con01a,0.92384887,0.024031162,0.0894928,0.030793505,0.79080683,0.013339698,0.04124254,0.49625587,0.084117174,0.13914192,0.17647058823529413,0.0,1.0,0.0,221,110,0.6309297535714575,1.0,1.0,0.0,0
arguana,test,test-international-iiahwagit-pro02a,1.4711816,0.5734054,0.6962639,0.19230784,0.97471446,0.23550963,0.29847795,1.6548903,1.0841267,1.3054929,0.8181818181818182,1.0,1.0,1.0,178,103,0.3562071871080222,0.3562071871080222,0.5,0.14379281289197782,1
arguana,test,test-international-iiahwagit-pro05a,1.4204288,0.45880258,0.6663309,0.19161195,0.9765736,0.17967606,0.28546077,1.479517,0.9304215,1.2163901,0.42857142857142855,1.0,1.0,1.0,211,110,0.0,0.0,0.43067655807339306,0.43067655807339306,1
arguana,test,test-international-iiahwagit-pro01a,1.3807564,0.49075615,0.55080587,0.16053294,0.9757407,0.21420938,0.25502962,1.3500524,0.89293885,0.9968294,0.25,1.0,1.0,1.0,172,101,0.0,0.0,0.3562071871080222,0.3562071871080222,1
arguana,test,test-international-iiahwagit-pro03a,1.3996893,0.5199912,0.6180406,0.17605238,0.9826953,0.19677585,0.28866035,1.38998,0.973267,1.0623599,0.25,1.0,1.0,1.0,161,80,0.5,0.5,1.0,0.5,1
arguana,test,test-international-iiahwagit-pro04a,1.5545516,0.5710635,0.7494623,0.21878743,0.97768736,0.21474892,0.27914524,1.9228806,1.1877153,1.5630393,0.25,1.0,1.0,1.0,201,107,0.2890648263178879,0.3562071871080222,0.6309297535714575,0.27472256646343535,1
arguana,test,test-international-iiahwagit-con02a,1.3725148,0.5245369,0.63225687,0.18054175,0.9528334,0.2164644,0.29193467,1.3989382,0.9745482,1.101108,0.3333333333333333,1.0,1.0,1.0,168,89,0.43067655807339306,0.5,1.0,0.5,1
arguana,test,test-international-iiahwagit-con04a,1.6068685,0.6165862,0.7501751,0.21245232,0.975483,0.18501687,0.22142124,2.104618,1.3634523,1.7040854,0.5384615384615384,1.0,1.0,1.0,280,130,0.31546487678572877,0.3562071871080222,0.5,0.14379281289197782,1
arguana,test,test-international-iiahwagit-con03a,1.522385,0.5480559,0.69766796,0.19779412,0.9704531,0.17410451,0.27177864,1.8397729,1.2465045,1.4418987,0.5384615384615384,1.0,1.0,1.0,262,132,0.38685280723454163,0.31546487678572877,0.6309297535714575,0.31546487678572877,1
arguana,test,test-international-iiahwagit-con01a,1.3652363,0.4538219,0.54052144,0.15703525,0.94481784,0.14322877,0.22478986,1.4013947,0.9419425,1.0211244,0.17647058823529413,1.0,1.0,1.0,155,95,0.0,0.0,0.0,0.0,0
arguana,test,test-international-epvhwhranet-pro02a,1.0336924,0.007782936,0.11941016,0.041419126,0.8317445,0.008228242,0.082410336,0.7048545,0.030210733,0.19433737,0.6666666666666666,1.0,1.0,0.0,258,143,0.6309297535714575,0.6309297535714575,0.5,-0.13092975357145753,0
arguana,test,test-international-epvhwhranet-pro01a,1.1037015,0.11111081,0.31241632,0.095551886,0.8775224,0.047466874,0.1720553,0.7539301,0.21214646,0.40663603,0.42857142857142855,1.0,1.0,1.0,236,109,1.0,1.0,1.0,0.0,0
arguana,test,test-international-epvhwhranet-pro03a,0.9827541,0.123031616,0.23817909,0.066465735,0.81345445,0.04940003,0.13130528,0.56433225,0.14090991,0.26596567,0.3333333333333333,1.0,1.0,1.0,136,81,0.0,0.0,0.31546487678572877,0.31546487678572877,1
arguana,test,test-international-epvhwhranet-con02a,0.90742147,0.040757895,0.08212781,0.02113116,0.82330245,0.03310722,0.07166028,0.40767497,0.007894665,0.105718315,0.05263157894736842,0.0,0.0,1.0,168,74,1.0,1.0,1.0,0.0,0
arguana,test,test-international-epvhwhranet-con04a,0.93308306,0.033593237,0.0943045,0.025566328,0.8185049,0.018407226,0.06432468,0.40267375,0.0026860237,0.08122295,0.25,1.0,1.0,1.0,200,98,1.0,1.0,0.6309297535714575,-0.36907024642854247,0
arguana,test,test-international-epvhwhranet-con03a,0.9963496,0.06995964,0.120368004,0.03338724,0.817119,0.018878281,0.040032268,0.5974352,0.09722698,0.20173308,0.1111111111111111,1.0,1.0,1.0,287,146,0.3562071871080222,0.38685280723454163,1.0,0.6131471927654584,1
arguana,test,test-international-epvhwhranet-con01a,0.898255,0.009492695,0.09434205,0.030290658,0.78204477,0.029682219,0.058061004,0.5315014,0.15458298,0.23047411,0.3333333333333333,1.0,1.0,0.0,126,75,0.38685280723454163,1.0,1.0,0.0,0
arguana,test,test-international-aglhrilhb-pro02a,0.9505755,0.06440604,0.1268816,0.037063774,0.7993924,0.014388919,0.065324664,0.5519066,0.07357037,0.19282511,0.17647058823529413,0.0,1.0,0.0,220,124,0.2890648263178879,0.2890648263178879,0.5,0.21093517368211212,1
arguana,test,test-international-aglhrilhb-pro01a,0.94702077,0.0064361095,0.092220366,0.029964313,0.80648065,0.05181241,0.08245665,0.7353587,0.061050892,0.26158938,0.3333333333333333,0.0,0.0,1.0,226,133,0.0,0.0,0.0,0.0,0
arguana,test,test-international-aglhrilhb-pro03a,0.91584563,0.017298877,0.0826745,0.02897944,0.7895119,0.008524895,0.050249517,0.48056167,0.03103304,0.14172658,0.25,1.0,1.0,0.0,133,88,0.0,0.0,1.0,1.0,1
arguana,test,test-international-aglhrilhb-pro04a,0.99251276,0.0012387633,0.1097123,0.04047889,0.8243809,0.008692682,0.07711208,0.73068005,0.1412648,0.2530062,0.3333333333333333,1.0,1.0,0.0,270,156,0.3562071871080222,0.43067655807339306,0.38685280723454163,-0.04382375083885143,0
arguana,test,test-international-aglhrilhb-con02a,0.926282,0.037254155,0.099351406,0.030063413,0.76868963,0.0186041,0.057964444,0.5452757,0.019967794,0.12044382,0.25,1.0,0.0,1.0,297,143,0.0,0.0,1.0,1.0,1
arguana,test,test-international-aglhrilhb-con03a,0.8643717,0.007944226,0.099319875,0.03402677,0.7460753,0.0003581643,0.057842433,0.51912844,0.12361306,0.22708485,0.25,1.0,1.0,0.0,176,99,0.31546487678572877,0.2890648263178879,1.0,0.7109351736821121,1
arguana,test,test-international-aglhrilhb-con01a,0.95217836,0.046955526,0.110670626,0.03092373,0.80887604,0.008877158,0.056084037,0.47767434,0.005200118,0.14594015,0.42857142857142855,1.0,1.0,1.0,197,106,0.0,0.0,0.0,0.0,0
arguana,test,test-international-siacphbnt-pro02a,0.8911321,0.0018227696,0.07605982,0.024961988,0.7317046,0.010169208,0.051703632,0.6538699,0.088151515,0.19309452,0.3333333333333333,1.0,1.0,1.0,309,172,0.0,0.0,1.0,1.0,1
arguana,test,test-international-siacphbnt-pro05a,0.98406935,0.05967343,0.20338237,0.06206872,0.84981394,0.04763484,0.16099185,0.596156,0.09574765,0.24900076,0.1111111111111111,1.0,0.0,1.0,277,133,0.31546487678572877,0.43067655807339306,1.0,0.5693234419266069,1
arguana,test,test-international-siacphbnt-pro01a,0.98781216,0.02947855,0.11296427,0.03945728,0.81844115,0.027547896,0.09414679,0.62129724,0.03010875,0.08444166,0.42857142857142855,1.0,0.0,1.0,381,179,1.0,1.0,0.6309297535714575,-0.36907024642854247,0
arguana,test,test-international-siacphbnt-pro03a,0.75475824,0.035650194,0.06676537,0.018147718,0.6495029,0.0065633655,0.026464462,0.38783342,0.06762588,0.16526112,0.42857142857142855,1.0,1.0,0.0,175,105,0.38685280723454163,0.38685280723454163,0.6309297535714575,0.2440769463369159,1
arguana,test,test-international-siacphbnt-pro04a,0.9395204,0.13894707,0.16859996,0.046971023,0.7540937,0.033349037,0.06782514,0.618089,0.14353693,0.27738887,0.1111111111111111,1.0,1.0,1.0,215,131,0.3562071871080222,0.43067655807339306,1.0,0.5693234419266069,1
arguana,test,test-international-siacphbnt-con02a,0.9647903,0.08402079,0.18567318,0.05233887,0.74622554,0.013693452,0.07073897,0.774194,0.25759143,0.4194589,0.6666666666666666,1.0,1.0,0.0,225,138,1.0,0.6309297535714575,1.0,0.36907024642854247,1
arguana,test,test-international-siacphbnt-con04a,0.86228263,0.05876285,0.11833197,0.03438935,0.7690272,0.07199365,0.10522854,0.44399735,0.06879392,0.13841328,0.3333333333333333,1.0,1.0,1.0,171,103,0.43067655807339306,0.6309297535714575,0.43067655807339306,-0.20025319549806447,0
arguana,test,test-international-siacphbnt-con03a,0.8154774,0.00022804737,0.056635857,0.017840208,0.7210497,0.0014097095,0.033425152,0.3905273,0.037136167,0.08487061,0.1111111111111111,0.0,0.0,0.0,133,79,1.0,1.0,1.0,0.0,0
arguana,test,test-international-siacphbnt-con01a,0.8370746,0.031801224,0.088154376,0.02627558,0.7507697,0.021421611,0.08381921,0.40083006,0.046007663,0.1261374,0.25,1.0,0.0,1.0,193,96,0.0,0.0,0.0,0.0,0
arguana,test,test-international-aegmeppghw-pro02a,0.90884805,0.011270642,0.10060692,0.034420744,0.7676554,0.0072007775,0.0448218,0.47064215,0.013566017,0.17430174,0.3333333333333333,1.0,1.0,1.0,222,97,0.0,0.0,1.0,1.0,1
arguana,test,test-international-aegmeppghw-pro01a,1.0927297,0.015561223,0.18513572,0.065102816,0.8670112,0.012484074,0.1353221,0.9330539,0.07917321,0.30822092,0.3333333333333333,1.0,1.0,0.0,329,183,1.0,0.6309297535714575,0.6309297535714575,0.0,0
arguana,test,test-international-aegmeppghw-pro03a,1.1184636,0.15428793,0.27408195,0.08056514,0.82604134,0.036602736,0.112701416,0.97474086,0.3922838,0.47290015,0.25,1.0,1.0,1.0,220,119,0.3333333333333333,0.3562071871080222,1.0,0.6437928128919779,1
arguana,test,test-international-aegmeppghw-pro04a,0.9398898,0.022455692,0.06922728,0.02021483,0.7905652,0.011994958,0.047722578,0.6050737,0.007623017,0.11850053,0.1111111111111111,0.0,0.0,0.0,296,158,0.38685280723454163,0.3333333333333333,0.5,0.16666666666666669,1
arguana,test,test-international-aegmeppghw-con02a,1.2162523,0.084411144,0.26909834,0.09033473,0.868917,0.021417558,0.0889374,1.1577842,0.2099784,0.51739866,0.25,1.0,1.0,1.0,449,233,1.0,1.0,1.0,0.0,0
arguana,test,test-international-aegmeppghw-con05a,1.0865023,0.11569327,0.21318728,0.058955893,0.89473665,0.07297182,0.1409449,0.639219,0.06454688,0.16898617,0.3333333333333333,1.0,1.0,1.0,203,122,1.0,1.0,1.0,0.0,0
arguana,test,test-international-aegmeppghw-con04a,0.992424,0.025862873,0.16067713,0.052670162,0.82642734,0.0238145,0.08703774,0.62081134,0.06748915,0.20346218,0.5384615384615384,1.0,1.0,1.0,342,123,1.0,1.0,1.0,0.0,0
arguana,test,test-international-aegmeppghw-con03a,1.0240691,0.0661934,0.21932703,0.07276895,0.78358024,0.0019666553,0.098291814,0.8173988,0.18945307,0.37799445,0.42857142857142855,1.0,1.0,0.0,463,222,1.0,0.5,1.0,0.5,1
arguana,test,test-international-aegmeppghw-con01a,0.9608371,0.0063868165,0.15437323,0.05588851,0.76556975,0.0057588816,0.071119845,0.6743536,0.004266143,0.25074384,0.3333333333333333,0.0,1.0,0.0,287,122,1.0,1.0,1.0,0.0,0
arguana,test,test-international-epglghbni-pro02a,0.8302322,0.0041148067,0.05584401,0.020162815,0.7266201,0.00025463104,0.05105406,0.42143792,0.038868308,0.12491304,0.6666666666666666,0.0,1.0,0.0,185,98,1.0,0.5,1.0,0.5,1
arguana,test,test-international-epglghbni-pro05a,0.8447937,0.050345063,0.13278008,0.038965203,0.7538944,0.039723456,0.086165965,0.30299753,0.032601207,0.08713466,0.17647058823529413,1.0,1.0,1.0,133,75,0.38685280723454163,0.3010299956639812,1.0,0.6989700043360187,1
arguana,test,test-international-epglghbni-pro01a,0.7949272,0.008221149,0.066241264,0.020149717,0.6905843,0.0052478313,0.05417353,0.47083628,0.045144767,0.13820753,0.25,0.0,1.0,0.0,204,98,0.3010299956639812,0.2890648263178879,0.43067655807339306,0.14161173175550518,1
arguana,test,test-international-epglghbni-pro03a,0.8773377,0.054250598,0.19549572,0.05981325,0.7663553,0.041468322,0.12410629,0.36994135,0.021335125,0.1398744,0.42857142857142855,1.0,1.0,1.0,234,94,1.0,1.0,1.0,0.0,0
arguana,test,test-international-epglghbni-pro04a,0.90601015,0.096524656,0.15439707,0.039086297,0.7833452,0.04911959,0.08797735,0.40888315,0.0670529,0.16524795,0.3333333333333333,1.0,1.0,1.0,154,70,0.3333333333333333,0.43067655807339306,0.6309297535714575,0.20025319549806447,1
arguana,test,test-international-epglghbni-con02a,0.83288914,0.004965365,0.08091867,0.02675996,0.738907,0.004602194,0.05261761,0.34755334,0.013347387,0.0920383,0.3333333333333333,1.0,0.0,1.0,274,97,0.0,0.0,0.0,0.0,0
arguana,test,test-international-epglghbni-con03a,0.8992484,0.03387201,0.16453099,0.04602545,0.7746326,0.0290761,0.10564339,0.4153862,0.015986443,0.17667659,0.42857142857142855,1.0,1.0,1.0,154,74,0.31546487678572877,0.38685280723454163,1.0,0.6131471927654584,1
arguana,test,test-international-epglghbni-con01a,0.90037286,0.052779138,0.1109643,0.033756267,0.77551764,0.004502058,0.079092264,0.46732405,0.05113998,0.14009038,0.05263157894736842,1.0,0.0,1.0,260,135,0.5,0.3562071871080222,1.0,0.6437928128919779,1
arguana,test,test-international-glilpdwhsn-pro02a,1.1773052,0.05716288,0.19652176,0.06448075,0.8237234,0.021339417,0.035812616,1.1786063,0.07116771,0.5282117,0.42857142857142855,1.0,1.0,1.0,511,261,0.0,0.0,0.6309297535714575,0.6309297535714575,1
arguana,test,test-international-glilpdwhsn-pro01a,1.1439741,0.006034851,0.1230526,0.041316207,0.8232355,0.00091022253,0.027022898,1.0951048,0.043058515,0.3118471,0.8181818181818182,1.0,1.0,0.0,511,260,0.0,0.0,0.31546487678572877,0.31546487678572877,1
arguana,test,test-international-glilpdwhsn-pro03a,1.1615132,0.05475235,0.12943351,0.039566625,0.839331,0.01552546,0.06523532,1.0739408,0.021690011,0.2352131,0.6666666666666666,1.0,1.0,1.0,511,270,0.3562071871080222,0.3333333333333333,0.6309297535714575,0.2975964202381242,1
arguana,test,test-international-glilpdwhsn-con02a,1.2066317,0.00921762,0.2644974,0.08848482,0.8909419,0.00737375,0.11963713,1.0522989,0.0061460733,0.41975296,0.5384615384615384,1.0,1.0,1.0,511,220,1.0,0.6309297535714575,1.0,0.36907024642854247,1
arguana,test,test-international-glilpdwhsn-con04a,1.0771488,0.0040043592,0.22234452,0.07985465,0.82064265,0.0027775764,0.08983165,0.85502034,0.0040891767,0.4049462,0.6666666666666666,1.0,1.0,1.0,315,121,1.0,1.0,0.6309297535714575,-0.36907024642854247,0
arguana,test,test-international-glilpdwhsn-con03a,1.2012079,0.0037398338,0.18837976,0.060916886,0.88061416,0.00095790625,0.078495145,1.1276004,0.055761814,0.32460022,0.6666666666666666,1.0,1.0,0.0,511,247,0.3562071871080222,0.38685280723454163,0.5,0.11314719276545837,1
arguana,test,test-international-glilpdwhsn-con01a,1.1862551,0.013456702,0.14589155,0.046086445,0.86298555,0.005486071,0.06314856,1.0958519,0.028285503,0.2859919,0.6666666666666666,1.0,1.0,0.0,511,256,0.3333333333333333,0.3562071871080222,0.3333333333333333,-0.022873853774688868,0
arguana,test,test-international-sepiahbaaw-pro02a,0.9631916,0.022300959,0.18712413,0.0643587,0.7578374,0.029580474,0.073396206,0.708779,0.02426505,0.33626795,0.25,1.0,1.0,1.0,227,139,0.6309297535714575,0.6309297535714575,1.0,0.36907024642854247,1
arguana,test,test-international-sepiahbaaw-pro01a,1.0609219,0.017015934,0.1533426,0.054488175,0.80536556,0.010797083,0.066693485,1.037584,0.24244922,0.47455996,0.6666666666666666,1.0,1.0,0.0,423,235,0.38685280723454163,0.43067655807339306,1.0,0.5693234419266069,1
arguana,test,test-international-sepiahbaaw-pro03a,1.0432122,0.08511925,0.2342174,0.071882404,0.7621473,0.032990873,0.09346318,1.0468522,0.31983268,0.55475914,0.3333333333333333,1.0,1.0,0.0,364,193,0.6309297535714575,0.6309297535714575,1.0,0.36907024642854247,1
arguana,test,test-international-sepiahbaaw-pro04a,0.9217072,0.05631596,0.1430797,0.043736648,0.72432643,0.008317649,0.062247694,0.6856614,0.16770637,0.27608764,0.3333333333333333,1.0,1.0,0.0,178,113,0.0,0.0,0.0,0.0,0
arguana,test,test-international-sepiahbaaw-con02a,1.0016474,0.047135472,0.13488847,0.04209978,0.7870724,0.034605265,0.06091678,0.71524984,0.006903708,0.1895904,0.42857142857142855,1.0,1.0,1.0,225,130,1.0,1.0,1.0,0.0,0
arguana,test,test-international-sepiahbaaw-con03a,0.93221474,0.05612576,0.13055271,0.038105417,0.7499203,0.00040197372,0.06396234,0.607648,0.004050374,0.18904832,0.3333333333333333,1.0,1.0,1.0,152,103,1.0,0.5,1.0,0.5,1
arguana,test,test-international-sepiahbaaw-con01a,0.9848997,0.093844175,0.1581232,0.043334644,0.81363165,0.055054784,0.088160634,0.5708935,0.10432327,0.19431049,0.5384615384615384,1.0,1.0,1.0,156,95,0.31546487678572877,0.3333333333333333,0.6309297535714575,0.2975964202381242,1
arguana,test,test-international-atiahblit-pro02a,0.8412874,0.00015163422,0.09249306,0.03474708,0.72275543,0.003378749,0.060331106,0.42274004,0.0031288266,0.04601693,0.25,1.0,1.0,0.0,292,157,0.6309297535714575,1.0,1.0,0.0,0
arguana,test,test-international-atiahblit-pro01a,0.89634377,0.07266474,0.14044523,0.040085267,0.74783474,0.03038615,0.07645059,0.49503002,0.071259886,0.14454493,0.42857142857142855,1.0,1.0,1.0,139,83,0.43067655807339306,0.43067655807339306,0.6309297535714575,0.20025319549806447,1
arguana,test,test-international-atiahblit-pro03a,0.8150971,0.006237209,0.08520913,0.031883862,0.7251197,0.007217407,0.061839998,0.34613588,0.042943925,0.104963064,0.3333333333333333,1.0,1.0,1.0,159,79,0.6309297535714575,1.0,1.0,0.0,0
arguana,test,test-international-atiahblit-pro04a,0.87806976,0.05282569,0.13818455,0.043058652,0.7209845,0.045067966,0.07025564,0.5236175,0.019437551,0.15751803,0.25,1.0,1.0,1.0,221,127,0.6309297535714575,1.0,1.0,0.0,0
arguana,test,test-international-atiahblit-con02a,0.7826255,0.037626565,0.08414692,0.026512938,0.6941391,0.02754581,0.051458955,0.30572957,0.003641516,0.049281776,0.1111111111111111,1.0,0.0,1.0,155,87,1.0,0.6309297535714575,0.6309297535714575,0.0,0
arguana,test,test-international-atiahblit-con04a,0.8407958,0.030457377,0.11750305,0.041155808,0.7780152,0.031966567,0.110664666,0.2839196,0.04930179,0.089764446,0.3333333333333333,1.0,1.0,1.0,86,45,0.6309297535714575,0.6309297535714575,1.0,0.36907024642854247,1
arguana,test,test-international-atiahblit-con03a,0.87550026,0.012994468,0.06612855,0.02149402,0.77532864,0.027022839,0.046306252,0.45250976,0.023904055,0.08608127,0.05263157894736842,0.0,0.0,0.0,239,120,0.5,0.3010299956639812,1.0,0.6989700043360187,1
arguana,test,test-international-atiahblit-con01a,0.8439154,0.00080293417,0.04382193,0.017166933,0.7557626,0.0024095178,0.023138106,0.3532745,0.0070378482,0.05489406,0.1111111111111111,0.0,1.0,1.0,165,79,0.0,0.0,0.0,0.0,0
arguana,test,test-international-iwiaghbss-pro02a,0.79254633,0.027785838,0.09527373,0.029801019,0.6886085,0.00044322014,0.075885296,0.4215833,0.06026256,0.123083055,0.25,0.0,1.0,0.0,126,77,0.6309297535714575,1.0,1.0,0.0,0
arguana,test,test-international-iwiaghbss-pro01a,0.8539294,0.031570315,0.0825994,0.022938635,0.7529471,0.023314178,0.055654883,0.3747138,0.029016167,0.09307894,0.6666666666666666,1.0,1.0,1.0,172,93,1.0,0.6309297535714575,0.6309297535714575,0.0,0
arguana,test,test-international-iwiaghbss-pro03a,0.85802186,0.02557671,0.07672942,0.024189584,0.72344834,0.014640212,0.03418374,0.5067155,0.04001963,0.14052358,0.17647058823529413,0.0,1.0,0.0,300,134,0.6309297535714575,0.3333333333333333,1.0,0.6666666666666667,1
arguana,test,test-international-iwiaghbss-pro04a,0.8623225,2.759695e-05,0.07867503,0.028996475,0.72023404,0.02937442,0.045211375,0.5977758,0.11472687,0.18082958,0.17647058823529413,1.0,1.0,1.0,334,177,0.0,0.0,1.0,1.0,1
arguana,test,test-international-iwiaghbss-con02a,0.79994553,0.002213776,0.029990256,0.009630785,0.71647954,0.012805104,0.02829647,0.39836484,0.054927766,0.09653354,0.05263157894736842,0.0,0.0,1.0,187,115,0.43067655807339306,0.2890648263178879,1.0,0.7109351736821121,1
arguana,test,test-international-iwiaghbss-con03a,0.8471787,0.060961008,0.11716527,0.03438063,0.7172725,0.045994222,0.069728255,0.5110339,0.0780133,0.16282564,0.25,1.0,0.0,1.0,262,108,0.5,0.5,0.43067655807339306,-0.06932344192660694,0
arguana,test,test-international-iwiaghbss-con01a,0.79560316,0.0013554692,0.07797855,0.026849719,0.706349,0.0061306357,0.057210505,0.33836412,0.0009608567,0.0425919,0.17647058823529413,1.0,0.0,1.0,139,86,0.5,0.2890648263178879,0.31546487678572877,0.026400050467840885,1
arguana,test,test-international-segiahbarr-pro02a,0.91604733,0.024568677,0.092853785,0.030251395,0.74369496,0.013500154,0.0704962,0.7341059,0.11495447,0.26295283,0.3333333333333333,0.0,1.0,0.0,326,181,0.5,0.6309297535714575,1.0,0.36907024642854247,1
arguana,test,test-international-segiahbarr-pro01a,1.0595754,0.06289899,0.14577603,0.038760107,0.79746735,0.0418635,0.080222905,0.9353784,0.061684906,0.25186425,0.42857142857142855,1.0,0.0,1.0,266,156,0.31546487678572877,0.6309297535714575,1.0,0.36907024642854247,1
arguana,test,test-international-segiahbarr-pro03a,0.95645666,0.03055191,0.15522176,0.052999135,0.7692235,0.018915176,0.07844812,0.63876283,0.006940186,0.18177742,0.42857142857142855,1.0,1.0,1.0,299,158,1.0,1.0,1.0,0.0,0
arguana,test,test-international-segiahbarr-pro04a,0.9871481,0.07294506,0.1381349,0.039152995,0.7662356,0.011050463,0.061226547,0.736375,0.11394012,0.21595442,0.25,1.0,1.0,1.0,254,159,0.43067655807339306,0.5,0.43067655807339306,-0.06932344192660694,0
arguana,test,test-international-segiahbarr-con02a,0.8956467,0.034755528,0.07616818,0.021926804,0.76006424,0.015039563,0.06351066,0.51822484,0.011885166,0.10260227,0.1111111111111111,0.0,0.0,0.0,167,105,0.0,0.0,0.0,0.0,0
arguana,test,test-international-segiahbarr-con04a,0.95750874,0.05503285,0.11516112,0.033798594,0.7621069,0.0066441894,0.06177479,0.72237784,0.03875184,0.19903368,0.17647058823529413,0.0,1.0,0.0,285,157,0.38685280723454163,0.38685280723454163,1.0,0.6131471927654584,1
arguana,test,test-international-segiahbarr-con03a,0.9394253,0.01530683,0.10884273,0.03585856,0.75330406,0.0020516515,0.04791659,0.6372718,0.016867816,0.1816802,0.17647058823529413,1.0,1.0,1.0,293,183,0.0,0.0,1.0,1.0,1
arguana,test,test-international-segiahbarr-con01a,0.8738283,0.056584537,0.114105344,0.031094432,0.7455649,0.008462548,0.064516306,0.42754477,0.042524815,0.09949857,0.25,1.0,1.0,1.0,182,113,1.0,1.0,1.0,0.0,0
arguana,test,test-international-aahwstdrtfm-pro02a,0.80197805,0.005602181,0.06156683,0.021941133,0.6834714,0.0047934055,0.026762843,0.43914896,0.026591718,0.092375726,0.25,1.0,0.0,1.0,286,147,1.0,1.0,1.0,0.0,0
arguana,test,test-international-aahwstdrtfm-pro01a,0.8584229,0.048512697,0.10236329,0.028852483,0.7155609,0.036421776,0.06718868,0.5384598,0.062253326,0.15430781,0.3333333333333333,1.0,1.0,1.0,209,108,0.2890648263178879,0.31546487678572877,1.0,0.6845351232142712,1
arguana,test,test-international-aahwstdrtfm-pro03a,0.9194517,0.0468266,0.14412743,0.039267465,0.76364625,0.016925812,0.06159687,0.57577085,0.15836307,0.269045,0.5384615384615384,1.0,1.0,0.0,141,79,0.6309297535714575,0.6309297535714575,1.0,0.36907024642854247,1
arguana,test,test-international-aahwstdrtfm-pro04a,0.8900884,0.05243987,0.10561496,0.028534971,0.7743073,0.022123873,0.088487685,0.5760058,0.117868185,0.17134628,0.0,0.0,0.0,1.0,242,99,0.3010299956639812,0.3333333333333333,1.0,0.6666666666666667,1
arguana,test,test-international-aahwstdrtfm-con02a,0.91803396,0.09469122,0.19018883,0.04984738,0.80022883,0.06755304,0.12389469,0.39467567,0.0019919276,0.13446525,0.6666666666666666,1.0,1.0,1.0,222,92,1.0,1.0,1.0,0.0,0
arguana,test,test-international-aahwstdrtfm-con03a,0.94729644,0.020567715,0.14666778,0.05212753,0.79435694,0.023589313,0.08990842,0.6153867,0.13788182,0.2752707,0.3333333333333333,1.0,1.0,0.0,262,155,0.0,0.0,0.43067655807339306,0.43067655807339306,1
arguana,test,test-international-aahwstdrtfm-con01a,0.88396144,0.044227898,0.15852034,0.043406576,0.7565037,0.030612886,0.07146591,0.44294578,0.018086642,0.19218367,0.3333333333333333,1.0,1.0,1.0,180,89,0.3333333333333333,0.6309297535714575,1.0,0.36907024642854247,1
arguana,test,test-international-ipecfiepg-pro02a,1.1865139,0.02365017,0.15269446,0.0455679,0.8691957,0.00398916,0.0524593,1.0710244,0.053528428,0.32695735,0.6666666666666666,1.0,1.0,0.0,417,213,0.43067655807339306,0.38685280723454163,0.6309297535714575,0.2440769463369159,1
arguana,test,test-international-ipecfiepg-pro01a,1.1556714,0.0021511316,0.26007432,0.107412465,0.8680734,0.013716161,0.12592447,1.0105071,0.03959906,0.43901938,0.3333333333333333,1.0,1.0,0.0,376,212,0.5,0.6309297535714575,1.0,0.36907024642854247,1
arguana,test,test-international-ipecfiepg-pro03a,1.1319078,0.009037852,0.11174619,0.036508683,0.88881564,0.02847433,0.05803293,0.93756366,0.12725627,0.33795345,0.6666666666666666,1.0,1.0,1.0,193,100,0.43067655807339306,0.3562071871080222,0.6309297535714575,0.27472256646343535,1
arguana,test,test-international-ipecfiepg-con02a,1.1414543,0.03635609,0.15448165,0.044081584,0.8763965,6.490946e-05,0.047804356,0.8837424,0.11053592,0.2879929,0.5384615384615384,1.0,1.0,0.0,285,166,0.0,0.0,0.3562071871080222,0.3562071871080222,1
arguana,test,test-international-ipecfiepg-con04a,1.1135632,0.0056614876,0.09088218,0.0345016,0.88123226,0.015963614,0.04375869,0.83985597,0.017004311,0.22534817,0.42857142857142855,1.0,1.0,1.0,286,150,0.0,0.0,0.3562071871080222,0.3562071871080222,1
arguana,test,test-international-ipecfiepg-con03a,1.0477073,0.0006365776,0.0706653,0.025301222,0.87424225,0.005602956,0.08141506,0.72712755,0.032629132,0.14891076,0.42857142857142855,1.0,0.0,1.0,276,139,0.38685280723454163,0.3562071871080222,0.6309297535714575,0.27472256646343535,1
arguana,test,test-international-ipecfiepg-con01a,1.1558398,0.01988852,0.14976001,0.04656,0.8517278,0.0007914901,0.05731678,1.016345,0.01481688,0.35201603,1.0,1.0,1.0,0.0,396,213,0.43067655807339306,0.2890648263178879,0.6309297535714575,0.34186492725356965,1
arguana,test,test-international-eghrhbeusli-pro02a,0.92130303,0.061400056,0.13571703,0.039588396,0.7914525,0.04506284,0.10798168,0.56253546,0.0855653,0.1473023,0.1111111111111111,1.0,0.0,1.0,265,141,1.0,1.0,1.0,0.0,0
arguana,test,test-international-eghrhbeusli-pro05a,1.0306175,0.027770996,0.1668194,0.05746213,0.80765927,0.0005413294,0.06723732,0.74319416,0.090765834,0.2776985,0.5384615384615384,1.0,1.0,1.0,254,129,0.0,0.0,0.43067655807339306,0.43067655807339306,1
arguana,test,test-international-eghrhbeusli-pro01a,1.0350387,0.0737192,0.15308648,0.042609695,0.8316666,0.029151857,0.091121376,0.67790705,0.016622484,0.22598588,0.3333333333333333,1.0,1.0,1.0,245,134,1.0,1.0,1.0,0.0,0
arguana,test,test-international-eghrhbeusli-pro03a,0.98540497,0.0039626956,0.12782419,0.044057623,0.84430254,0.023836374,0.115731835,0.5583796,0.02179259,0.1144011,0.42857142857142855,1.0,1.0,1.0,205,114,1.0,1.0,1.0,0.0,0
arguana,test,test-international-eghrhbeusli-pro04a,0.9004965,0.013591468,0.054715157,0.018388048,0.7600706,0.023000836,0.043718398,0.57982373,0.035068214,0.090693176,0.17647058823529413,0.0,0.0,0.0,329,181,1.0,0.5,1.0,0.5,1
arguana,test,test-international-eghrhbeusli-con02a,1.0283374,0.09586424,0.19688964,0.056068562,0.82523435,0.036511004,0.09805995,0.6770101,0.15068424,0.33273375,0.42857142857142855,1.0,1.0,1.0,254,109,0.3333333333333333,0.3562071871080222,1.0,0.6437928128919779,1
arguana,test,test-international-eghrhbeusli-con05a,1.0054853,0.054062426,0.118778884,0.030048823,0.83356905,0.028693438,0.07662457,0.59195125,0.018897176,0.18628621,0.6666666666666666,1.0,1.0,1.0,264,110,0.0,0.0,1.0,1.0,1
arguana,test,test-international-eghrhbeusli-con04a,1.0204372,0.042930365,0.16404426,0.053331777,0.8444672,0.02395302,0.09553307,0.5865667,0.021519065,0.1823222,0.5384615384615384,1.0,1.0,1.0,216,103,1.0,1.0,1.0,0.0,0
arguana,test,test-international-eghrhbeusli-con03a,0.9275402,0.015372455,0.082837164,0.02680986,0.7580638,0.021090925,0.043207586,0.58698493,0.020981431,0.07837266,0.17647058823529413,1.0,1.0,1.0,379,172,1.0,0.5,1.0,0.5,1
arguana,test,test-international-eghrhbeusli-con01a,0.98737884,0.012480319,0.09601802,0.032940518,0.80123067,0.0001269579,0.05390525,0.62091714,0.042024374,0.15032691,0.5384615384615384,1.0,1.0,0.0,301,166,0.6309297535714575,1.0,0.38685280723454163,-0.6131471927654584,0
arguana,test,test-international-gsciidffe-pro02a,0.9156807,0.0036917329,0.05692953,0.019073503,0.76301676,0.0038990974,0.028105915,0.6390029,0.015464544,0.13018382,0.25,0.0,0.0,0.0,354,133,0.0,0.0,0.43067655807339306,0.43067655807339306,1
arguana,test,test-international-gsciidffe-pro01a,0.9069513,0.020178676,0.061771274,0.018869603,0.76511353,0.030937433,0.045412183,0.5427847,0.009055018,0.069992095,0.1111111111111111,1.0,1.0,1.0,383,173,0.3333333333333333,0.2890648263178879,0.6309297535714575,0.34186492725356965,1
arguana,test,test-international-gsciidffe-pro03a,0.88284326,0.027249575,0.08058143,0.023305453,0.77870125,0.025342464,0.04709369,0.4418745,0.009089172,0.10343897,0.05263157894736842,0.0,1.0,0.0,136,66,0.31546487678572877,0.31546487678572877,0.5,0.18453512321427123,1
arguana,test,test-international-gsciidffe-pro04a,0.8889295,0.0011119843,0.064345956,0.023667287,0.7610198,0.011518061,0.038663268,0.5023584,0.0058998764,0.12158203,0.1111111111111111,1.0,0.0,1.0,232,104,0.3333333333333333,0.2890648263178879,1.0,0.7109351736821121,1
arguana,test,test-international-gsciidffe-con02a,0.94326997,0.010684729,0.08365309,0.027913794,0.7987999,0.016318142,0.04481411,0.5359607,0.02785027,0.1321648,0.3333333333333333,1.0,1.0,0.0,261,102,0.0,0.0,0.0,0.0,0
arguana,test,test-international-gsciidffe-con04a,0.9010885,0.01691109,0.0753032,0.025138514,0.7308749,0.0013539791,0.03918612,0.583965,0.012073278,0.11311105,0.3333333333333333,0.0,1.0,0.0,322,142,0.6309297535714575,0.31546487678572877,0.6309297535714575,0.31546487678572877,1
arguana,test,test-international-gsciidffe-con03a,0.88086283,0.004264772,0.04850924,0.016284313,0.7648205,0.0008342862,0.032408535,0.45118856,0.009883344,0.07917604,0.17647058823529413,1.0,1.0,0.0,244,102,0.0,0.0,0.6309297535714575,0.6309297535714575,1
arguana,test,test-international-gsciidffe-con01a,1.1604204,0.0653429,0.2969892,0.09404909,0.80772537,0.0060541034,0.08056021,1.1958303,0.23798972,0.6633272,0.3333333333333333,1.0,1.0,0.0,326,145,0.3562071871080222,0.3333333333333333,1.0,0.6666666666666667,1
arguana,test,test-international-eiahwpamu-pro02a,1.7283409,0.69815874,0.87827194,0.24324368,0.9873931,0.16837156,0.25990295,2.469826,1.6469656,1.9940081,0.6666666666666666,1.0,1.0,1.0,308,148,0.5,0.5,0.6309297535714575,0.13092975357145753,1
arguana,test,test-international-eiahwpamu-pro05a,1.3986461,0.43896765,0.50993,0.14366104,0.9799001,0.15529335,0.21419948,1.3958201,0.81626606,0.9455811,0.42857142857142855,1.0,1.0,1.0,185,90,0.43067655807339306,0.5,0.43067655807339306,-0.06932344192660694,0
arguana,test,test-international-eiahwpamu-pro01a,1.6003587,0.62817705,0.7254466,0.20455256,0.9539565,0.17870206,0.21770728,2.154674,1.438858,1.6516736,0.6666666666666666,1.0,1.0,1.0,158,100,0.3562071871080222,0.3562071871080222,0.6309297535714575,0.27472256646343535,1
arguana,test,test-international-eiahwpamu-pro03a,1.5686429,0.59846437,0.7203496,0.20615137,0.9692379,0.19521582,0.25624263,1.9980162,1.2360847,1.5422058,0.42857142857142855,1.0,1.0,1.0,173,97,0.0,0.0,0.6309297535714575,0.6309297535714575,1
arguana,test,test-international-eiahwpamu-pro04a,1.6429698,0.6365725,0.7997377,0.22933911,0.9775141,0.17065609,0.24651188,2.2181857,1.5500128,1.8247422,0.42857142857142855,1.0,1.0,1.0,166,102,0.5,0.5,1.0,0.5,1
arguana,test,test-international-eiahwpamu-con02a,1.4183006,0.43880343,0.53907377,0.15286444,0.9403494,0.12027967,0.17594391,1.5931709,1.0585265,1.1654601,0.42857142857142855,1.0,1.0,1.0,185,110,0.5,0.43067655807339306,1.0,0.5693234419266069,1
arguana,test,test-international-eiahwpamu-con03a,1.609898,0.75528145,0.8111553,0.23863405,0.9717889,0.24448866,0.28742105,2.1270301,1.6520534,1.756665,0.17647058823529413,1.0,1.0,1.0,183,96,0.31546487678572877,0.2890648263178879,0.6309297535714575,0.34186492725356965,1
arguana,test,test-international-eiahwpamu-con01a,1.4568211,0.50391877,0.6041679,0.1732236,0.94383436,0.14278466,0.20437425,1.7099557,1.196761,1.3140367,0.6666666666666666,1.0,1.0,1.0,248,117,0.5,0.43067655807339306,1.0,0.5693234419266069,1
arguana,test,test-international-emephsate-pro02a,1.021517,0.055504918,0.14053619,0.039538242,0.81827396,0.03247744,0.07954764,0.71479607,0.037319303,0.16887039,0.42857142857142855,1.0,0.0,1.0,359,190,1.0,0.6309297535714575,1.0,0.36907024642854247,1
arguana,test,test-international-emephsate-pro01a,1.2135581,0.07286465,0.2861727,0.09075848,0.87299216,0.00799036,0.13618428,1.1352196,0.21624768,0.4509006,0.42857142857142855,1.0,1.0,1.0,384,200,0.3562071871080222,0.3333333333333333,1.0,0.6666666666666667,1
arguana,test,test-international-emephsate-pro03a,1.0948031,0.10281891,0.244398,0.068677485,0.81744885,0.029924214,0.09147453,0.9245143,0.20533496,0.4211666,0.3333333333333333,1.0,1.0,1.0,373,180,0.0,0.0,0.0,0.0,0
arguana,test,test-international-emephsate-con02a,1.6680008,0.6559912,0.8145918,0.23144366,0.9761454,0.13377887,0.2398814,2.3061848,1.7110813,1.8190958,0.42857142857142855,1.0,1.0,1.0,345,146,1.0,1.0,0.5,-0.5,0
arguana,test,test-international-emephsate-con03a,0.9571583,0.09627676,0.15106142,0.04384519,0.79723686,0.048603773,0.09359187,0.53307164,0.05688864,0.16358337,0.17647058823529413,1.0,1.0,1.0,291,114,1.0,1.0,1.0,0.0,0
arguana,test,test-international-emephsate-con01a,1.1280334,0.023982406,0.2201106,0.08310324,0.89438576,0.012172043,0.13391113,0.81258476,0.012307167,0.22822171,0.42857142857142855,1.0,1.0,1.0,297,162,0.38685280723454163,0.43067655807339306,0.6309297535714575,0.20025319549806447,1
arguana,test,test-international-epdlhfcefp-pro02a,0.90423393,0.016044974,0.060071826,0.016288448,0.78661716,0.0016381145,0.051281095,0.4163608,0.0068098605,0.0795427,0.25,0.0,1.0,0.0,288,104,0.0,0.0,1.0,1.0,1
arguana,test,test-international-epdlhfcefp-pro01a,0.8847709,0.0046052933,0.07577342,0.02812346,0.7826267,0.004736483,0.050351918,0.4291138,0.03741172,0.107014984,0.25,0.0,1.0,0.0,243,125,1.0,0.6309297535714575,0.5,-0.13092975357145753,0
arguana,test,test-international-epdlhfcefp-pro03a,0.884761,0.013908148,0.085528314,0.025793333,0.7680205,0.016896963,0.060661852,0.39943576,0.00033825636,0.08038497,0.8181818181818182,1.0,1.0,1.0,246,98,0.3562071871080222,0.5,0.3562071871080222,-0.14379281289197782,0
arguana,test,test-international-epdlhfcefp-pro04a,0.9333308,0.01327616,0.10133737,0.025846198,0.79961634,0.0004402399,0.06547147,0.5338522,0.046806097,0.18174502,0.5384615384615384,1.0,1.0,1.0,267,104,0.3333333333333333,0.38685280723454163,0.3333333333333333,-0.053519473901208314,0
arguana,test,test-international-epdlhfcefp-con02a,0.924986,0.023563862,0.08846587,0.029564288,0.81522554,0.0040282607,0.068391204,0.42479336,0.0672757,0.16213453,0.5384615384615384,1.0,1.0,0.0,221,100,0.43067655807339306,0.43067655807339306,0.3010299956639812,-0.12964656240941186,0
arguana,test,test-international-epdlhfcefp-con03a,0.8895719,0.0035354495,0.07527423,0.023910241,0.8037623,0.0006105304,0.069499135,0.38708764,0.006159842,0.11103666,0.17647058823529413,0.0,0.0,0.0,202,81,0.5,0.3333333333333333,0.3333333333333333,0.0,0
arguana,test,test-international-epdlhfcefp-con01a,0.8539953,0.011161804,0.057682812,0.021025617,0.7699774,7.635355e-05,0.04001522,0.3309834,0.0063904524,0.06746358,0.1111111111111111,0.0,1.0,0.0,164,78,0.0,0.0,0.0,0.0,0
arguana,test,test-international-ssiarcmhb-pro02a,1.0646976,0.10215396,0.20954835,0.062434234,0.88724583,0.05363208,0.13629663,0.5915058,0.058485925,0.2614166,0.6666666666666666,1.0,1.0,1.0,189,76,0.6309297535714575,0.6309297535714575,0.6309297535714575,0.0,0
arguana,test,test-international-ssiarcmhb-pro05a,0.9459167,0.0036053061,0.12479442,0.04235275,0.7967794,0.0005481839,0.070972264,0.49895167,0.013844997,0.18001583,0.6666666666666666,1.0,1.0,0.0,136,62,0.38685280723454163,0.43067655807339306,1.0,0.5693234419266069,1
arguana,test,test-international-ssiarcmhb-pro01a,0.9467139,0.008237362,0.17756975,0.07182741,0.81721234,0.0044947267,0.11450845,0.43167195,0.012475431,0.18169814,0.3333333333333333,1.0,1.0,1.0,260,93,1.0,1.0,1.0,0.0,0
arguana,test,test-international-ssiarcmhb-pro03a,1.0585122,0.06925458,0.19067377,0.05542363,0.88561577,0.054620683,0.115333855,0.5763215,0.030531585,0.23812789,0.6666666666666666,1.0,1.0,1.0,235,74,0.43067655807339306,0.3333333333333333,1.0,0.6666666666666667,1
arguana,test,test-international-ssiarcmhb-pro04a,0.963665,0.10116887,0.19508082,0.057055537,0.8075113,0.058051944,0.1127063,0.5205122,0.10189894,0.24534735,0.5384615384615384,1.0,1.0,1.0,149,63,1.0,1.0,1.0,0.0,0
arguana,test,test-international-ssiarcmhb-con02a,1.0312676,0.006778121,0.17083627,0.056962464,0.86849713,0.023951769,0.10449028,0.62240744,0.09317237,0.29085037,0.6666666666666666,1.0,1.0,0.0,223,80,0.2890648263178879,0.2890648263178879,0.43067655807339306,0.14161173175550518,1
arguana,test,test-international-ssiarcmhb-con05a,0.8812929,0.023481905,0.080443084,0.025966609,0.7432648,0.0051695704,0.037109196,0.4773255,0.017674983,0.113683164,0.3333333333333333,1.0,1.0,0.0,196,93,0.0,0.0,0.43067655807339306,0.43067655807339306,1
arguana,test,test-international-ssiarcmhb-con04a,0.96010244,0.025624514,0.18207836,0.059351187,0.82877076,0.015286028,0.113566816,0.43777233,0.034461707,0.17863402,0.42857142857142855,1.0,1.0,1.0,216,85,0.5,0.5,0.6309297535714575,0.13092975357145753,1
arguana,test,test-international-ssiarcmhb-con03a,1.014441,0.008238316,0.1696189,0.064665176,0.8340045,0.00123173,0.08491784,0.60145473,0.013168156,0.2860158,0.5384615384615384,1.0,1.0,1.0,152,69,0.43067655807339306,0.43067655807339306,0.6309297535714575,0.20025319549806447,1
arguana,test,test-international-ssiarcmhb-con01a,0.8650922,0.010670245,0.06302923,0.02196553,0.77460974,0.00052541494,0.04520595,0.30335957,0.014542997,0.04902202,0.42857142857142855,1.0,1.0,0.0,169,72,0.5,0.6309297535714575,1.0,0.36907024642854247,1
arguana,test,test-philosophy-pppgshbsd-pro02a,0.9346471,0.03697008,0.10486829,0.02921045,0.792841,0.009769499,0.063506365,0.4755599,0.0028729737,0.12760013,0.42857142857142855,1.0,0.0,1.0,289,145,0.43067655807339306,0.31546487678572877,1.0,0.6845351232142712,1
arguana,test,test-philosophy-pppgshbsd-pro01a,0.8116103,0.0039183497,0.09762299,0.04020545,0.7302461,0.01427567,0.07272822,0.4073589,0.10369179,0.14920613,0.17647058823529413,1.0,1.0,0.0,182,88,0.0,0.0,0.0,0.0,0
arguana,test,test-philosophy-pppgshbsd-pro03a,0.82653254,0.013919592,0.06329769,0.020149505,0.7444142,0.00562346,0.037091136,0.3578985,0.028162837,0.057905167,0.0,0.0,0.0,1.0,150,88,0.3010299956639812,0.6309297535714575,0.5,-0.13092975357145753,0
arguana,test,test-philosophy-pppgshbsd-con02a,0.8240885,0.061632037,0.09600192,0.027321579,0.70653087,0.007552266,0.043251038,0.43693912,0.100842535,0.14702368,0.05263157894736842,0.0,1.0,0.0,239,121,0.0,0.0,0.0,0.0,0
arguana,test,test-philosophy-pppgshbsd-con05a,0.76955295,0.036020994,0.062391818,0.017118676,0.6725478,0.0017086267,0.019343555,0.36611465,0.071228534,0.102152854,0.05263157894736842,0.0,1.0,0.0,197,119,0.3562071871080222,1.0,1.0,0.0,0
arguana,test,test-philosophy-pppgshbsd-con04a,0.8389635,0.008693337,0.043928444,0.013696436,0.74205923,0.002098322,0.029237986,0.44432718,0.009439468,0.09475541,0.0,0.0,0.0,1.0,230,141,1.0,1.0,1.0,0.0,0
arguana,test,test-philosophy-pppgshbsd-con03a,0.7997133,0.017191708,0.062817216,0.019440657,0.7128851,0.0015839338,0.044438004,0.32216159,0.01929447,0.077218026,0.25,0.0,1.0,0.0,244,108,0.3333333333333333,0.38685280723454163,0.6309297535714575,0.2440769463369159,1
arguana,test,test-philosophy-pppgshbsd-con01a,0.88314164,0.08308965,0.14990711,0.043025505,0.7567483,0.028461933,0.078770876,0.42131093,0.09757328,0.18158495,0.17647058823529413,1.0,1.0,1.0,204,113,0.43067655807339306,0.6309297535714575,0.5,-0.13092975357145753,0
arguana,test,test-philosophy-elhbrd-pro02a,0.87896055,0.01671213,0.068847954,0.022297852,0.75546175,0.0097696185,0.036922693,0.48178527,0.034403592,0.1180101,0.25,0.0,1.0,0.0,355,170,0.0,0.0,0.0,0.0,0
arguana,test,test-philosophy-elhbrd-pro01a,1.0174338,0.054732203,0.13178295,0.039188653,0.8237233,0.020518243,0.05161655,0.6457014,0.022010922,0.21605879,0.25,1.0,1.0,1.0,380,182,0.0,0.0,0.3010299956639812,0.3010299956639812,1
arguana,test,test-philosophy-elhbrd-pro03a,0.87718165,0.023014307,0.052693665,0.014597451,0.7532093,0.0004875064,0.023057282,0.43847212,0.015018433,0.095014185,0.3333333333333333,0.0,1.0,0.0,313,111,0.43067655807339306,1.0,0.2890648263178879,-0.7109351736821121,0
arguana,test,test-philosophy-elhbrd-con02a,0.85550845,0.027812064,0.06614363,0.01771735,0.7453988,0.0075809956,0.033540487,0.392302,0.015266836,0.11256215,0.25,0.0,1.0,0.0,380,140,0.0,0.0,0.43067655807339306,0.43067655807339306,1
arguana,test,test-philosophy-elhbrd-con04a,0.9570508,0.046118975,0.109541535,0.031964853,0.8241564,0.031449318,0.07683152,0.51654565,0.061145365,0.1405003,0.3333333333333333,1.0,1.0,1.0,470,156,0.0,0.0,1.0,1.0,1
arguana,test,test-philosophy-elhbrd-con03a,0.89329964,0.0023563504,0.10235232,0.035926178,0.8129198,0.028072715,0.081623614,0.37877217,0.025118262,0.11083934,0.42857142857142855,1.0,1.0,1.0,363,113,0.6309297535714575,0.6309297535714575,1.0,0.36907024642854247,1
arguana,test,test-philosophy-elhbrd-con01a,0.91238207,0.076236665,0.12891215,0.03628858,0.7838047,0.035565138,0.058768153,0.4285911,0.104020655,0.15902159,0.25,1.0,1.0,1.0,404,128,0.0,0.0,0.3333333333333333,0.3333333333333333,1
arguana,test,test-philosophy-apessghwba-pro02a,1.1505553,0.092392325,0.26848197,0.08218355,0.8790362,0.029083848,0.118137956,0.9050635,0.21102828,0.43979993,0.3333333333333333,1.0,1.0,1.0,236,130,0.31546487678572877,0.3333333333333333,0.3562071871080222,0.022873853774688868,1
arguana,test,test-philosophy-apessghwba-pro05a,0.95201415,0.0646444,0.15188533,0.04275,0.82193136,0.044631362,0.101290405,0.43360925,0.066709995,0.13614535,0.5384615384615384,1.0,1.0,1.0,184,86,0.5,0.5,1.0,0.5,1
arguana,test,test-philosophy-apessghwba-pro01a,1.326672,0.2849635,0.41225582,0.11828481,0.8666285,0.026497424,0.0982731,1.533478,0.86155343,1.0597079,0.3333333333333333,1.0,1.0,1.0,375,135,0.31546487678572877,0.31546487678572877,1.0,0.6845351232142712,1
arguana,test,test-philosophy-apessghwba-pro03a,1.0375293,0.05807954,0.16409189,0.050556,0.87197644,0.041708827,0.08887273,0.5588577,0.007014811,0.22330213,0.42857142857142855,1.0,0.0,1.0,300,120,0.6309297535714575,0.6309297535714575,0.3562071871080222,-0.27472256646343535,0
arguana,test,test-philosophy-apessghwba-pro04a,1.0052738,0.008815169,0.20305258,0.071535066,0.8646527,0.022876978,0.12540442,0.5449936,0.09704715,0.25357994,0.42857142857142855,1.0,1.0,0.0,263,102,1.0,1.0,0.43067655807339306,-0.5693234419266069,0
arguana,test,test-philosophy-apessghwba-con02a,1.0696744,0.115742326,0.23219287,0.06792414,0.8596309,0.07751709,0.1294986,0.7001449,0.12518251,0.28371987,0.42857142857142855,1.0,1.0,1.0,242,140,0.5,0.6309297535714575,0.6309297535714575,0.0,0
arguana,test,test-philosophy-apessghwba-con05a,1.1687009,0.107935786,0.24324113,0.07509968,0.90829057,0.053357184,0.117664516,0.8680345,0.18192875,0.37449828,0.3333333333333333,1.0,1.0,1.0,285,145,0.0,0.0,0.43067655807339306,0.43067655807339306,1
arguana,test,test-philosophy-apessghwba-con04a,1.0787988,0.05273056,0.24752474,0.08694517,0.85466015,0.014092028,0.13839,0.794102,0.18209231,0.40468764,0.5384615384615384,1.0,1.0,0.0,410,198,0.5,0.6309297535714575,0.3333333333333333,-0.2975964202381242,0
arguana,test,test-philosophy-apessghwba-con03a,0.95919013,0.010523081,0.10994625,0.038524322,0.810668,0.047398925,0.08549166,0.62476575,0.08874726,0.18898606,0.42857142857142855,1.0,1.0,1.0,423,203,0.0,0.0,0.43067655807339306,0.43067655807339306,1
arguana,test,test-philosophy-apessghwba-con01a,1.0841925,0.05736041,0.1495462,0.04456744,0.8643931,0.0075386167,0.0688898,0.7326646,0.053629518,0.2614608,0.42857142857142855,1.0,1.0,1.0,291,126,0.3010299956639812,0.38685280723454163,0.43067655807339306,0.04382375083885143,1
arguana,test,test-philosophy-elkosmj-pro02a,0.9192837,0.0045493245,0.16105354,0.05529472,0.81849444,0.016557992,0.1122399,0.37599304,0.04002887,0.14932588,0.17647058823529413,1.0,1.0,1.0,150,66,1.0,1.0,1.0,0.0,0
arguana,test,test-philosophy-elkosmj-pro01a,1.0333273,0.09415597,0.21866351,0.06429591,0.851123,0.030958593,0.11029726,0.6073481,0.1325103,0.31516713,0.42857142857142855,1.0,1.0,1.0,140,71,0.6309297535714575,0.6309297535714575,0.5,-0.13092975357145753,0
arguana,test,test-philosophy-elkosmj-pro03a,0.9749494,0.1638003,0.23892641,0.067444324,0.7958038,0.09370148,0.1358608,0.59715205,0.19962049,0.27969506,0.1111111111111111,1.0,1.0,1.0,230,109,0.5,0.43067655807339306,1.0,0.5693234419266069,1
arguana,test,test-philosophy-elkosmj-con02a,0.92878425,0.11974734,0.18586802,0.052334502,0.8240218,0.061126232,0.11950368,0.34920812,0.06759402,0.14090994,0.17647058823529413,1.0,1.0,1.0,116,75,0.5,0.6309297535714575,0.5,-0.13092975357145753,0
arguana,test,test-philosophy-elkosmj-con05a,0.946721,0.06237197,0.23401922,0.073579475,0.82234216,0.05387199,0.16085273,0.41459614,0.028333157,0.15397626,0.17647058823529413,1.0,1.0,1.0,148,81,0.6309297535714575,0.6309297535714575,1.0,0.36907024642854247,1
arguana,test,test-philosophy-elkosmj-con04a,0.95518076,0.14015359,0.18209803,0.05156262,0.85773546,0.09048128,0.13200438,0.32481778,0.10338317,0.14289017,0.1111111111111111,1.0,1.0,1.0,110,58,0.0,0.0,0.0,0.0,0
arguana,test,test-philosophy-elkosmj-con06a,0.934324,0.10891342,0.18071854,0.050706115,0.7816947,0.023616254,0.071762145,0.5087644,0.26657772,0.28877476,0.3333333333333333,1.0,1.0,1.0,94,49,0.5,0.5,0.43067655807339306,-0.06932344192660694,0
arguana,test,test-philosophy-elkosmj-con03a,0.96226555,0.11947787,0.1979329,0.0566925,0.8651836,0.08336055,0.14782703,0.32360655,0.05555308,0.11319029,0.17647058823529413,1.0,1.0,1.0,96,52,0.38685280723454163,0.5,0.5,0.0,0
arguana,test,test-philosophy-elkosmj-con01a,0.9705122,0.02584809,0.20048195,0.06980395,0.83230007,0.015536666,0.12126678,0.4607071,0.034371436,0.23832487,0.25,1.0,1.0,1.0,116,55,0.5,0.5,0.6309297535714575,0.13092975357145753,1
arguana,test,test-philosophy-pphbclsbs-pro02a,0.9093814,0.023366868,0.08311623,0.027104313,0.7859333,0.0050833225,0.036854863,0.44032198,0.08960226,0.13461,0.3333333333333333,1.0,1.0,0.0,296,126,0.3562071871080222,0.43067655807339306,0.43067655807339306,0.0,0
arguana,test,test-philosophy-pphbclsbs-pro05a,0.9517013,0.08373982,0.13453358,0.03813453,0.8308425,0.05374199,0.084929585,0.41228756,0.009425014,0.08284724,0.05263157894736842,1.0,0.0,1.0,157,81,0.0,0.0,0.0,0.0,0
arguana,test,test-philosophy-pphbclsbs-pro01a,0.92037696,0.04219383,0.08003873,0.02359508,0.7651073,0.012388468,0.053569853,0.61661845,0.0485608,0.13158572,0.05263157894736842,1.0,0.0,1.0,253,149,0.0,0.0,0.0,0.0,0
arguana,test,test-philosophy-pphbclsbs-pro03a,0.8603212,0.013162434,0.07290673,0.022182873,0.75128067,0.009279847,0.026944518,0.3993383,0.009645402,0.064557254,0.25,1.0,1.0,1.0,206,107,1.0,0.6309297535714575,1.0,0.36907024642854247,1
arguana,test,test-philosophy-pphbclsbs-pro04a,0.91885537,0.028419137,0.087971926,0.027527055,0.77773994,0.0032541752,0.04917866,0.47038472,0.0054535866,0.13221931,0.42857142857142855,1.0,1.0,1.0,281,146,0.5,0.2890648263178879,1.0,0.7109351736821121,1
arguana,test,test-philosophy-pphbclsbs-con02a,0.8704652,0.025136948,0.082398355,0.025336098,0.7685151,0.019803286,0.05245745,0.4185272,0.053643018,0.08010477,0.1111111111111111,1.0,0.0,1.0,295,138,1.0,0.5,1.0,0.5,1
arguana,test,test-philosophy-pphbclsbs-con05a,0.84589773,0.002435565,0.03798729,0.011181953,0.75933987,0.0031129122,0.041828156,0.5568398,0.12921372,0.18476248,0.1111111111111111,0.0,0.0,0.0,187,109,0.0,0.0,0.0,0.0,0
arguana,test,test-philosophy-pphbclsbs-con04a,0.86240333,0.031858742,0.08092898,0.023803823,0.73468095,0.003921032,0.03015387,0.44502681,0.006215453,0.089481175,0.05263157894736842,0.0,0.0,0.0,248,157,1.0,0.5,1.0,0.5,1
arguana,test,test-philosophy-pphbclsbs-con03a,0.8512671,0.0010875463,0.03883964,0.01414633,0.7596458,0.016769052,0.040231586,0.43955857,0.0272246,0.08423585,0.1111111111111111,0.0,0.0,0.0,177,88,0.0,0.0,0.0,0.0,0
arguana,test,test-philosophy-pphbclsbs-con01a,0.9019663,0.018975854,0.045585394,0.012497958,0.76889026,0.013743103,0.036239207,0.5451735,0.0012323856,0.066952944,0.05263157894736842,0.0,0.0,0.0,331,178,0.0,0.0,0.0,0.0,0
arguana,test,test-philosophy-npppmhwup-pro02a,1.0088453,0.030323863,0.114432454,0.036545508,0.798569,0.0005028844,0.028660476,0.7411041,0.13958633,0.29573187,0.5384615384615384,1.0,1.0,0.0,306,169,0.5,1.0,0.6309297535714575,-0.36907024642854247,0
arguana,test,test-philosophy-npppmhwup-pro01a,1.0027623,0.0020644665,0.07235026,0.028118106,0.8111182,0.013354719,0.03826481,0.75948155,0.047023118,0.2552817,0.42857142857142855,1.0,1.0,0.0,384,225,1.0,0.3333333333333333,0.38685280723454163,0.053519473901208314,1
arguana,test,test-philosophy-npppmhwup-pro03a,1.023636,0.03606844,0.12806201,0.039941113,0.8342274,0.027839005,0.052163184,0.7247783,0.1205045,0.3377988,0.6666666666666666,1.0,1.0,0.0,234,124,0.5,1.0,1.0,0.0,0
arguana,test,test-philosophy-npppmhwup-pro04a,1.0327536,0.086892545,0.24228609,0.07277967,0.82803553,0.054560423,0.12114322,0.6823933,0.10777354,0.3641466,0.25,1.0,1.0,1.0,184,99,1.0,1.0,0.6309297535714575,-0.36907024642854247,0
arguana,test,test-philosophy-npppmhwup-con02a,0.89946747,0.011593163,0.06642389,0.02269535,0.7925394,0.015639484,0.05941713,0.45109603,0.0053804815,0.12074658,0.3333333333333333,0.0,0.0,0.0,202,98,1.0,0.6309297535714575,0.5,-0.13092975357145753,0
arguana,test,test-philosophy-npppmhwup-con03a,0.91292834,0.00783819,0.058708727,0.020364705,0.7782171,0.0024528503,0.028919637,0.46792734,0.019222558,0.1035541,0.3333333333333333,1.0,1.0,0.0,230,110,0.3562071871080222,0.31546487678572877,1.0,0.6845351232142712,1
arguana,test,test-philosophy-npppmhwup-con01a,0.83116704,0.0357998,0.07846475,0.02246225,0.7262484,0.0038446188,0.03336382,0.36254418,0.023130506,0.10371226,0.1111111111111111,0.0,1.0,0.0,182,81,0.0,0.0,0.0,0.0,0
arguana,test,test-philosophy-npegiepp-pro02a,1.0795249,0.008775473,0.19745356,0.061565172,0.84870327,0.0038259625,0.10793394,0.7821587,0.0071472526,0.26628834,0.6666666666666666,1.0,1.0,0.0,458,221,0.3562071871080222,0.3562071871080222,0.5,0.14379281289197782,1
arguana,test,test-philosophy-npegiepp-pro05a,0.87291217,0.14369744,0.20258373,0.057322603,0.6884899,0.09144157,0.11234486,0.61474085,0.16587198,0.262601,0.3333333333333333,1.0,1.0,1.0,199,93,1.0,1.0,1.0,0.0,0
arguana,test,test-philosophy-npegiepp-pro01a,1.0476451,0.017196894,0.28572935,0.096524276,0.807635,0.0013210177,0.14540792,0.8034592,0.003425479,0.38164237,0.6666666666666666,1.0,1.0,1.0,285,111,0.3562071871080222,0.38685280723454163,0.6309297535714575,0.2440769463369159,1
arguana,test,test-philosophy-npegiepp-pro03a,1.0288054,0.044320107,0.16144067,0.04132745,0.82314384,0.001742065,0.112951815,0.68553835,0.028368652,0.24743453,1.0,1.0,1.0,1.0,173,97,0.0,0.0,0.43067655807339306,0.43067655807339306,1
arguana,test,test-philosophy-npegiepp-pro04a,1.0410476,0.008497357,0.21154308,0.07405533,0.8218959,0.037935972,0.08285415,0.8380683,0.1075629,0.5388966,0.6666666666666666,1.0,1.0,1.0,217,102,0.3333333333333333,0.3562071871080222,1.0,0.6437928128919779,1
arguana,test,test-philosophy-npegiepp-con02a,1.0862546,0.044082522,0.31364584,0.09461987,0.8049147,0.04152584,0.1545108,0.93779975,0.00852257,0.53045034,1.0,1.0,1.0,1.0,302,163,0.0,0.0,0.3333333333333333,0.3333333333333333,1
arguana,test,test-philosophy-npegiepp-con04a,0.84201443,0.0764727,0.12102103,0.033197723,0.68282765,0.005213976,0.034233153,0.5480025,0.199916,0.2648741,0.25,0.0,1.0,0.0,163,84,1.0,1.0,1.0,0.0,0
arguana,test,test-philosophy-npegiepp-con03a,0.9120105,0.10833651,0.192662,0.05525432,0.7369947,0.063248456,0.11640036,0.58338594,0.065680385,0.22833341,0.5384615384615384,1.0,1.0,1.0,310,152,1.0,1.0,1.0,0.0,0
arguana,test,test-philosophy-npegiepp-con01a,1.009582,0.009634554,0.17324692,0.06122722,0.81289154,0.009263337,0.10296333,0.6556351,0.0012375116,0.2515024,0.5384615384615384,1.0,1.0,1.0,320,156,0.38685280723454163,0.31546487678572877,0.6309297535714575,0.31546487678572877,1
arguana,test,test-philosophy-eppphwlrtjs-pro02a,0.9116359,0.029306412,0.10991812,0.034369275,0.79657245,0.027936816,0.08647537,0.38354483,0.0045653284,0.090623766,0.42857142857142855,1.0,1.0,1.0,293,117,1.0,1.0,1.0,0.0,0
arguana,test,test-philosophy-eppphwlrtjs-pro05a,0.90338063,0.0033528805,0.105581045,0.03603963,0.74368757,0.008674681,0.04664111,0.5500495,0.017739296,0.17479026,0.17647058823529413,1.0,1.0,1.0,368,124,0.6309297535714575,1.0,0.31546487678572877,-0.6845351232142712,0
arguana,test,test-philosophy-eppphwlrtjs-pro01a,0.91817933,0.008368671,0.108724296,0.03718949,0.8009066,0.03909719,0.075609446,0.5051178,0.079826504,0.1507099,0.25,1.0,1.0,1.0,214,90,1.0,1.0,0.3562071871080222,-0.6437928128919779,0
arguana,test,test-philosophy-eppphwlrtjs-pro03a,0.8602849,0.027358294,0.08332437,0.026340382,0.73983884,0.0007099509,0.037382364,0.4149964,0.013509542,0.15752816,0.3333333333333333,1.0,1.0,1.0,283,118,0.31546487678572877,0.3010299956639812,0.3333333333333333,0.03230333766935212,1
arguana,test,test-philosophy-eppphwlrtjs-pro04a,0.888849,0.008250296,0.09196389,0.030440554,0.74492913,0.0040984154,0.04627806,0.52813214,0.034737766,0.13718325,0.25,1.0,1.0,0.0,401,167,0.6309297535714575,0.5,1.0,0.5,1
arguana,test,test-philosophy-eppphwlrtjs-con02a,1.053757,0.023178339,0.22074282,0.08050528,0.8575537,0.015512109,0.1160292,0.7033913,0.04938072,0.3594743,0.3333333333333333,1.0,1.0,1.0,333,142,0.5,0.6309297535714575,1.0,0.36907024642854247,1
arguana,test,test-philosophy-eppphwlrtjs-con04a,0.93078315,0.024104655,0.1034078,0.032534983,0.82499325,0.009386659,0.070190966,0.352633,0.0026513636,0.081893384,0.42857142857142855,1.0,1.0,1.0,232,91,1.0,1.0,1.0,0.0,0
arguana,test,test-philosophy-eppphwlrtjs-con03a,0.9688561,0.03328246,0.0930779,0.030509412,0.8150828,0.009086907,0.07367039,0.6246635,0.098401666,0.19920924,0.42857142857142855,1.0,1.0,1.0,391,156,0.6309297535714575,0.6309297535714575,1.0,0.36907024642854247,1
arguana,test,test-philosophy-eppphwlrtjs-con01a,0.80865467,0.0055630803,0.04237908,0.012856966,0.7372514,0.0009009838,0.026803255,0.2998154,0.031846076,0.05743085,0.1111111111111111,0.0,0.0,1.0,178,78,1.0,1.0,1.0,0.0,0
arguana,test,test-philosophy-pppthbtcb-pro02a,0.9703762,0.031589687,0.11893612,0.03450438,0.80334157,0.0036851764,0.061056256,0.5567821,0.07817963,0.11139229,0.3333333333333333,1.0,1.0,1.0,175,80,1.0,0.6309297535714575,0.43067655807339306,-0.20025319549806447,0
arguana,test,test-philosophy-pppthbtcb-pro05a,0.8764672,0.0020406246,0.06559718,0.02314826,0.74393743,0.000666976,0.028617084,0.5001971,0.06523314,0.14878115,0.25,1.0,1.0,0.0,285,126,0.3562071871080222,0.3562071871080222,1.0,0.6437928128919779,1
arguana,test,test-philosophy-pppthbtcb-pro01a,0.85788506,0.01569128,0.05851549,0.017376294,0.7229929,0.0052645802,0.028419375,0.49500173,0.028617322,0.096894264,0.1111111111111111,1.0,0.0,1.0,380,136,0.6309297535714575,0.3333333333333333,1.0,0.6666666666666667,1
arguana,test,test-philosophy-pppthbtcb-pro03a,0.83973944,0.009501696,0.08942872,0.030587297,0.7134836,0.02150464,0.03988415,0.5038705,0.068865985,0.16909236,0.3333333333333333,1.0,1.0,0.0,145,70,0.38685280723454163,0.3562071871080222,1.0,0.6437928128919779,1
arguana,test,test-philosophy-pppthbtcb-pro04a,0.9821409,0.095513344,0.15393817,0.0439101,0.8135154,0.039999187,0.092188835,0.5620848,0.05313289,0.16742855,0.1111111111111111,1.0,1.0,1.0,412,130,1.0,1.0,1.0,0.0,0
arguana,test,test-philosophy-pppthbtcb-con02a,0.91876686,0.0053942204,0.0580827,0.019665191,0.7757809,0.02586627,0.049769282,0.6364195,0.022830069,0.15490243,0.17647058823529413,0.0,0.0,1.0,297,141,0.38685280723454163,0.5,0.5,0.0,0
arguana,test,test-philosophy-pppthbtcb-con04a,0.86068594,0.0015118718,0.048511684,0.019086042,0.76488024,0.025706053,0.048701644,0.45227295,0.04044515,0.07848385,0.1111111111111111,0.0,1.0,0.0,286,152,0.43067655807339306,0.3562071871080222,0.6309297535714575,0.27472256646343535,1
arguana,test,test-philosophy-pppthbtcb-con03a,0.8642117,0.015707314,0.09086454,0.030026872,0.76050645,0.037407577,0.06600344,0.47613293,0.0871689,0.18968111,0.25,1.0,1.0,0.0,238,94,0.6309297535714575,1.0,0.6309297535714575,-0.36907024642854247,0
arguana,test,test-philosophy-pppthbtcb-con01a,0.8868285,0.0629611,0.10853052,0.030365463,0.7084343,0.00011307001,0.017536223,0.59676003,0.1564112,0.24316299,0.17647058823529413,0.0,1.0,0.0,334,113,1.0,1.0,0.6309297535714575,-0.36907024642854247,0
arguana,test,test-philosophy-ippelhbcp-pro02a,0.8774395,0.018248737,0.099133015,0.035863534,0.7460821,0.0064840913,0.035157382,0.43979272,0.0019348562,0.10864976,0.17647058823529413,1.0,0.0,1.0,186,95,0.6309297535714575,0.5,0.38685280723454163,-0.11314719276545837,0
arguana,test,test-philosophy-ippelhbcp-pro01a,0.88286394,0.035514772,0.10251194,0.030623842,0.7695863,0.02143985,0.08033091,0.41679037,0.015653431,0.073823154,0.1111111111111111,1.0,0.0,1.0,167,83,0.0,0.0,0.0,0.0,0
arguana,test,test-philosophy-ippelhbcp-pro03a,0.8677976,0.01596719,0.10629904,0.036361653,0.7497113,0.016259372,0.06709564,0.49702284,0.010892838,0.090079874,0.05263157894736842,0.0,0.0,1.0,198,119,0.5,0.6309297535714575,1.0,0.36907024642854247,1
arguana,test,test-philosophy-ippelhbcp-con02a,0.8962425,0.0043664575,0.091002226,0.0327493,0.77371883,0.0077894926,0.06607789,0.43437713,0.007826865,0.09369829,0.42857142857142855,1.0,1.0,0.0,180,86,0.43067655807339306,0.5,1.0,0.5,1
arguana,test,test-philosophy-ippelhbcp-con04a,0.8338049,0.011167288,0.074023664,0.025672516,0.74511206,0.015904248,0.060256064,0.36037105,0.014893413,0.056041688,0.25,0.0,1.0,1.0,122,77,0.6309297535714575,0.3333333333333333,1.0,0.6666666666666667,1
arguana,test,test-philosophy-ippelhbcp-con03a,0.90995127,0.016758978,0.09442192,0.03221852,0.80540496,0.025396347,0.06476164,0.428523,0.01127395,0.14107099,0.25,1.0,0.0,1.0,162,95,0.0,0.0,0.5,0.5,1
arguana,test,test-philosophy-ippelhbcp-con01a,0.911315,0.0063715577,0.07939184,0.02763041,0.8201747,0.034724593,0.081623316,0.5384217,0.08682677,0.18183845,0.17647058823529413,0.0,0.0,1.0,158,90,0.43067655807339306,0.38685280723454163,1.0,0.6131471927654584,1
arguana,test,test-law-ilppppghb-pro02a,0.8585913,0.016575634,0.07047349,0.021333056,0.74374217,0.006904602,0.03227073,0.42899305,0.042381257,0.112998694,0.42857142857142855,1.0,0.0,1.0,168,67,0.3562071871080222,0.3010299956639812,1.0,0.6989700043360187,1
arguana,test,test-law-ilppppghb-pro01a,0.8947791,0.024554193,0.09492558,0.030343503,0.7697391,0.022571862,0.07562667,0.41970593,0.0029059649,0.04346025,0.17647058823529413,1.0,1.0,1.0,287,112,1.0,1.0,0.43067655807339306,-0.5693234419266069,0
arguana,test,test-law-ilppppghb-pro03a,0.9276591,0.0036005378,0.06353414,0.021637637,0.79210085,0.0005584359,0.04765314,0.5335034,0.0059182644,0.10795054,0.25,1.0,0.0,0.0,243,115,0.0,0.0,0.38685280723454163,0.38685280723454163,1
arguana,test,test-law-ilppppghb-pro04a,0.96191156,0.023737788,0.14197892,0.043994743,0.78795856,0.031159222,0.086979926,0.6045815,0.024738193,0.18265644,0.42857142857142855,1.0,1.0,1.0,405,167,1.0,1.0,1.0,0.0,0
arguana,test,test-law-ilppppghb-con02a,0.8257513,0.0074447393,0.047492564,0.01348078,0.7330551,0.0028572083,0.029996336,0.37995154,0.0028565228,0.07132912,0.25,0.0,0.0,0.0,208,102,0.5,0.3333333333333333,0.5,0.16666666666666669,1
arguana,test,test-law-ilppppghb-con03a,0.9067621,0.04936993,0.13575864,0.041972145,0.805858,0.07072991,0.10763687,0.407547,0.05886382,0.13743442,0.17647058823529413,1.0,1.0,1.0,169,84,0.31546487678572877,0.38685280723454163,1.0,0.6131471927654584,1
arguana,test,test-law-ilppppghb-con01a,0.86085135,0.022981644,0.05294895,0.015691368,0.7524016,0.014738917,0.036608398,0.42652494,0.045217425,0.07572806,0.17647058823529413,1.0,0.0,1.0,213,87,0.3333333333333333,0.3562071871080222,0.6309297535714575,0.27472256646343535,1
arguana,test,test-law-lgplhbssbco-pro02a,0.83779716,0.009567857,0.06889498,0.02109725,0.75341076,0.010908127,0.026051462,0.32037657,0.004995227,0.102409065,0.42857142857142855,1.0,1.0,0.0,119,56,0.6309297535714575,0.5,1.0,0.5,1
arguana,test,test-law-lgplhbssbco-pro01a,0.90947974,0.017863393,0.0712648,0.020456811,0.8051662,0.0180642,0.043098688,0.4152609,0.0073351264,0.091496974,0.3333333333333333,0.0,1.0,0.0,237,110,0.5,0.6309297535714575,1.0,0.36907024642854247,1
arguana,test,test-law-lgplhbssbco-pro03a,0.8984364,0.038965285,0.088858664,0.024946323,0.7671653,0.0036703944,0.031980395,0.43757033,0.08314821,0.15000394,0.17647058823529413,1.0,1.0,1.0,242,104,0.6309297535714575,0.3562071871080222,1.0,0.6437928128919779,1
arguana,test,test-law-lgplhbssbco-pro04a,0.9251268,0.018740296,0.17385644,0.056298178,0.78622437,0.015959501,0.09805685,0.463008,0.009269267,0.18247807,0.25,1.0,1.0,1.0,90,52,1.0,1.0,1.0,0.0,0
arguana,test,test-law-lgplhbssbco-con02a,0.91145766,0.019466579,0.08701998,0.028392918,0.7855768,0.013243973,0.04224384,0.51768744,0.117099345,0.2079311,0.25,1.0,1.0,0.0,156,74,0.38685280723454163,0.6309297535714575,1.0,0.36907024642854247,1
arguana,test,test-law-lgplhbssbco-con03a,0.9432997,0.08972424,0.21057314,0.06444092,0.7743686,0.055684626,0.10792929,0.5631038,0.1134654,0.31379274,0.17647058823529413,1.0,1.0,1.0,106,53,0.0,0.0,0.5,0.5,1
arguana,test,test-law-lgplhbssbco-con01a,0.83897376,0.013276219,0.044774354,0.013669662,0.76071155,0.0070558786,0.03385389,0.3322986,0.034810156,0.07780549,0.17647058823529413,1.0,0.0,1.0,93,57,1.0,0.6309297535714575,0.38685280723454163,-0.2440769463369159,0
arguana,test,test-law-ralhrilglv-pro02a,0.8583013,0.030996919,0.10377926,0.032025967,0.7659288,0.039224684,0.06808573,0.466781,0.13203132,0.20207113,0.05263157894736842,0.0,1.0,0.0,137,64,0.5,0.38685280723454163,0.6309297535714575,0.2440769463369159,1
arguana,test,test-law-ralhrilglv-pro01a,0.9340656,0.05061549,0.11998922,0.034934923,0.7488196,0.016861796,0.06865615,0.61748654,0.045407593,0.11488265,0.3333333333333333,1.0,1.0,1.0,209,133,0.3333333333333333,0.3010299956639812,0.5,0.1989700043360188,1
arguana,test,test-law-ralhrilglv-pro03a,1.0560832,0.13541979,0.19579357,0.054929636,0.865873,0.070557654,0.1243093,0.6340339,0.03703481,0.26489487,0.3333333333333333,1.0,1.0,1.0,115,80,0.43067655807339306,0.6309297535714575,1.0,0.36907024642854247,1
arguana,test,test-law-ralhrilglv-con02a,0.9854434,0.020447373,0.14629066,0.048759717,0.84074444,0.01877886,0.07805282,0.48232985,0.0055616796,0.15468606,0.42857142857142855,1.0,1.0,1.0,154,83,0.3562071871080222,0.3333333333333333,1.0,0.6666666666666667,1
arguana,test,test-law-ralhrilglv-con04a,0.95818317,0.07584429,0.21692371,0.06288122,0.820371,0.0825001,0.13801259,0.48155993,0.02218604,0.21921462,0.42857142857142855,1.0,1.0,1.0,136,68,1.0,1.0,1.0,0.0,0
arguana,test,test-law-ralhrilglv-con03a,1.4629871,0.6189985,0.68631405,0.19954053,0.9649999,0.24144554,0.283347,1.6599572,1.1907516,1.337275,0.3333333333333333,1.0,1.0,1.0,167,99,1.0,1.0,1.0,0.0,0
arguana,test,test-law-ralhrilglv-con01a,0.7853655,0.012387931,0.07088661,0.019558448,0.68368965,0.00789386,0.03822869,0.41114405,0.07222459,0.14958134,0.6666666666666666,1.0,1.0,1.0,144,71,0.0,0.0,0.0,0.0,0
arguana,test,test-law-thgglcplgphw-pro02a,1.1030767,0.030876637,0.4011516,0.1369759,0.79212934,0.014493346,0.1990183,1.0364912,0.054610908,0.6758989,0.3333333333333333,1.0,1.0,1.0,410,206,0.38685280723454163,0.38685280723454163,1.0,0.6131471927654584,1
arguana,test,test-law-thgglcplgphw-pro01a,1.1136212,0.018952012,0.32543004,0.13499127,0.8355516,0.0028410554,0.1431008,1.0565093,0.12757808,0.6863954,0.42857142857142855,1.0,1.0,1.0,324,161,0.31546487678572877,0.2890648263178879,1.0,0.7109351736821121,1
arguana,test,test-law-thgglcplgphw-pro03a,1.1150942,0.06503534,0.34212017,0.11082244,0.8015952,0.03066969,0.14633608,1.0449967,0.11455214,0.5341199,0.5384615384615384,1.0,1.0,1.0,503,231,0.43067655807339306,0.3562071871080222,1.0,0.6437928128919779,1
arguana,test,test-law-thgglcplgphw-con02a,0.9946612,0.007258177,0.18957436,0.068833336,0.7947114,0.001293242,0.101549804,0.6708102,0.015916467,0.2695786,0.5384615384615384,1.0,1.0,0.0,332,161,0.0,0.0,0.0,0.0,0
arguana,test,test-law-thgglcplgphw-con03a,1.1093057,0.11865568,0.33922464,0.1058214,0.84459305,0.0769127,0.15670455,0.88237554,0.12641293,0.6053122,0.6666666666666666,1.0,1.0,1.0,200,110,0.31546487678572877,0.2890648263178879,1.0,0.7109351736821121,1
arguana,test,test-law-thgglcplgphw-con01a,1.0747325,0.056897998,0.3383699,0.10997356,0.82169855,0.029319942,0.15797889,0.8693142,0.025867522,0.5845245,0.6666666666666666,1.0,1.0,1.0,400,198,0.3562071871080222,0.3333333333333333,1.0,0.6666666666666667,1
arguana,test,test-law-cplgpshwdp-pro02a,0.9098297,0.0005797744,0.062175453,0.023200912,0.78703195,0.010886133,0.04024291,0.5093574,0.044029236,0.113253355,0.42857142857142855,1.0,0.0,0.0,343,152,0.5,0.6309297535714575,0.43067655807339306,-0.20025319549806447,0
arguana,test,test-law-cplgpshwdp-pro05a,0.92426485,0.0025015473,0.11758119,0.039808284,0.8216063,0.0011606216,0.07525897,0.4277995,0.021347046,0.18114889,0.5384615384615384,1.0,1.0,0.0,155,81,0.3333333333333333,0.3010299956639812,1.0,0.6989700043360187,1
arguana,test,test-law-cplgpshwdp-pro01a,0.9158581,0.008155882,0.06969035,0.02270212,0.7572384,0.010134399,0.032363534,0.5724055,0.043673217,0.12908623,0.42857142857142855,1.0,1.0,1.0,511,237,1.0,0.6309297535714575,0.5,-0.13092975357145753,0
arguana,test,test-law-cplgpshwdp-pro03a,0.91044724,0.045982003,0.12884492,0.039346106,0.77526885,0.006603837,0.06950742,0.4505946,0.03452623,0.16822225,0.3333333333333333,1.0,1.0,1.0,237,130,0.3010299956639812,0.3562071871080222,1.0,0.6437928128919779,1
arguana,test,test-law-cplgpshwdp-pro04a,0.83211046,0.0012969375,0.04436475,0.015865218,0.7548475,0.009908378,0.038916647,0.38294208,0.07293022,0.12667203,0.3333333333333333,0.0,1.0,0.0,232,92,0.2890648263178879,0.3333333333333333,0.3562071871080222,0.022873853774688868,1
arguana,test,test-law-cplgpshwdp-con02a,0.92221135,0.028886437,0.09529084,0.030420767,0.7734813,0.014169216,0.05210775,0.5752958,0.100943744,0.18606779,0.3333333333333333,1.0,1.0,0.0,349,143,0.0,0.0,0.0,0.0,0
arguana,test,test-law-cplgpshwdp-con04a,0.83389455,0.0016409755,0.040975273,0.014707522,0.7454794,0.0038202405,0.018946767,0.33772013,4.529953e-06,0.052964717,0.17647058823529413,1.0,0.0,1.0,270,125,0.5,0.3333333333333333,1.0,0.6666666666666667,1
arguana,test,test-law-cplgpshwdp-con03a,0.94246346,0.033991396,0.097445905,0.02641693,0.82798505,0.03237462,0.070601165,0.46270394,0.053467065,0.13791993,0.5384615384615384,1.0,0.0,1.0,237,93,0.0,0.0,0.6309297535714575,0.6309297535714575,1
arguana,test,test-law-cplgpshwdp-con01a,0.9092464,0.023311734,0.09307051,0.029211963,0.79984176,0.018870533,0.05875659,0.45849764,0.093815535,0.17006335,0.25,1.0,1.0,1.0,246,113,0.3333333333333333,0.3562071871080222,0.43067655807339306,0.07446937096537087,1
arguana,test,test-law-umtlilhotac-pro02a,0.85653687,0.0015844703,0.03544295,0.01291559,0.74835986,0.010783851,0.04575157,0.46905208,0.01184845,0.10555899,0.5384615384615384,0.0,1.0,0.0,271,132,0.6309297535714575,0.38685280723454163,0.6309297535714575,0.2440769463369159,1
arguana,test,test-law-umtlilhotac-pro01a,0.9340298,0.04017067,0.13873821,0.043681514,0.7598939,0.009582937,0.07290423,0.5804531,0.071762204,0.21954322,0.5384615384615384,1.0,1.0,1.0,212,112,0.43067655807339306,0.43067655807339306,1.0,0.5693234419266069,1
arguana,test,test-law-umtlilhotac-pro03a,0.87406564,0.04085201,0.090396225,0.02693785,0.7475952,0.00041806698,0.061757684,0.45301843,0.016946703,0.1326142,0.25,1.0,1.0,1.0,261,123,1.0,1.0,1.0,0.0,0
arguana,test,test-law-umtlilhotac-con02a,0.9468045,0.079369664,0.11807072,0.031860773,0.78403574,0.037786245,0.07005882,0.5425625,0.041896403,0.12174824,0.17647058823529413,1.0,1.0,1.0,204,116,0.0,0.0,0.0,0.0,0
arguana,test,test-law-umtlilhotac-con03a,0.8460292,0.03292191,0.10741222,0.032216884,0.7498692,0.010535181,0.06541395,0.34674436,0.026017189,0.10083343,0.25,1.0,0.0,1.0,161,80,0.6309297535714575,1.0,1.0,0.0,0
arguana,test,test-law-umtlilhotac-con01a,0.8823667,0.010685623,0.08886778,0.027822439,0.7738288,0.0038093328,0.065767944,0.47796044,0.039808124,0.15390217,0.5384615384615384,1.0,0.0,1.0,114,59,0.6309297535714575,0.6309297535714575,1.0,0.36907024642854247,1
arguana,test,test-law-cplglghwbhwd-pro02a,0.9178517,0.026620924,0.12098986,0.03958723,0.78862166,0.0055345893,0.08153045,0.43403357,0.0032669306,0.13043457,0.3333333333333333,1.0,1.0,1.0,290,148,1.0,1.0,0.6309297535714575,-0.36907024642854247,0
arguana,test,test-law-cplglghwbhwd-pro01a,1.0076743,0.023890018,0.21529311,0.07343091,0.82381856,0.005348861,0.10178542,0.61285263,0.061803937,0.27574244,0.3333333333333333,1.0,1.0,1.0,332,85,1.0,0.6309297535714575,0.6309297535714575,0.0,0
arguana,test,test-law-cplglghwbhwd-pro03a,0.9937695,0.008934915,0.13957006,0.047115073,0.81133044,0.0061665177,0.077739716,0.6656672,0.03698182,0.21899924,0.6666666666666666,1.0,1.0,0.0,308,140,0.5,0.43067655807339306,0.5,0.06932344192660694,1
arguana,test,test-law-cplglghwbhwd-con02a,1.0304762,0.012713909,0.16851002,0.06262475,0.84320694,0.012338936,0.1034382,0.67146665,0.047235847,0.2215234,0.3333333333333333,1.0,1.0,1.0,421,145,1.0,1.0,1.0,0.0,0
arguana,test,test-law-cplglghwbhwd-con03a,1.0404739,0.10738993,0.2074219,0.057400152,0.86035436,0.07282835,0.13312483,0.60039854,0.11520517,0.24018538,0.6666666666666666,1.0,1.0,1.0,340,120,1.0,1.0,1.0,0.0,0
arguana,test,test-law-cplglghwbhwd-con01a,1.0075794,0.014109015,0.15448105,0.056595024,0.83088946,0.0054317713,0.07350111,0.6883157,0.12827337,0.30462453,0.3333333333333333,1.0,1.0,0.0,425,200,0.6309297535714575,0.6309297535714575,1.0,0.36907024642854247,1
arguana,test,test-law-sdiflhrdffe-pro02a,1.1355481,0.04627943,0.18718517,0.057374638,0.83669335,0.019350708,0.066571474,0.99618244,0.049545646,0.3308249,0.25,1.0,1.0,1.0,424,236,0.3010299956639812,0.2890648263178879,0.3562071871080222,0.0671423607901343,1
arguana,test,test-law-sdiflhrdffe-pro01a,1.2950044,0.20394504,0.39765358,0.12023264,0.90281504,0.07300085,0.1544187,1.3072976,0.41110992,0.7828197,0.5384615384615384,1.0,1.0,1.0,338,181,0.0,0.0,0.5,0.5,1
arguana,test,test-law-sdiflhrdffe-pro03a,1.2084233,0.07813132,0.26857388,0.08205853,0.85965353,0.027988434,0.07556212,1.1625657,0.137411,0.57769847,0.42857142857142855,1.0,1.0,1.0,419,211,0.0,0.0,0.0,0.0,0
arguana,test,test-law-sdiflhrdffe-con02a,1.0964804,0.100557685,0.24067521,0.069699556,0.8122494,0.0016458035,0.08401579,0.9529227,0.17285573,0.442227,0.25,1.0,1.0,0.0,479,232,0.6309297535714575,0.6309297535714575,0.6309297535714575,0.0,0
arguana,test,test-law-sdiflhrdffe-con04a,0.9265534,0.029886842,0.09003687,0.028412854,0.79766095,0.010425866,0.0649336,0.5501795,0.13829064,0.25242487,0.25,1.0,1.0,0.0,310,132,0.38685280723454163,0.38685280723454163,1.0,0.6131471927654584,1
arguana,test,test-law-sdiflhrdffe-con03a,0.997071,0.02884537,0.13693357,0.044421576,0.8268503,0.0066040754,0.078035116,0.58941597,0.08729386,0.20784533,0.42857142857142855,1.0,1.0,0.0,371,142,0.6309297535714575,0.38685280723454163,1.0,0.6131471927654584,1
arguana,test,test-law-sdiflhrdffe-con01a,1.1329751,0.040631413,0.27136505,0.08961238,0.84301215,0.015542567,0.10491043,1.0183517,0.18724668,0.57448626,0.3333333333333333,1.0,1.0,0.0,340,134,0.0,0.0,0.3562071871080222,0.3562071871080222,1
arguana,test,test-law-rmelhrilhbiw-pro02a,0.9858786,0.0066821575,0.13278085,0.047459584,0.8087909,0.00897491,0.081667304,0.5979346,0.0076425076,0.16032213,0.25,1.0,1.0,1.0,431,228,1.0,1.0,1.0,0.0,0
arguana,test,test-law-rmelhrilhbiw-pro01a,0.97448236,0.019119918,0.11736071,0.0376893,0.84179294,0.013892293,0.08364332,0.44229808,0.00044551492,0.06380424,0.5384615384615384,1.0,1.0,1.0,321,122,0.6309297535714575,0.5,0.3562071871080222,-0.14379281289197782,0
arguana,test,test-law-rmelhrilhbiw-pro03a,0.9272186,0.050015092,0.12494725,0.033115968,0.80521035,0.03568405,0.08555406,0.40669414,0.024435788,0.08379316,0.5384615384615384,1.0,1.0,1.0,275,102,0.6309297535714575,0.6309297535714575,1.0,0.36907024642854247,1
arguana,test,test-law-rmelhrilhbiw-pro04a,0.9456589,0.01400125,0.08858061,0.029245758,0.8034268,0.036559284,0.07388735,0.5980258,0.07579291,0.15578696,0.3333333333333333,1.0,1.0,1.0,353,190,0.2890648263178879,0.3010299956639812,1.0,0.6989700043360187,1
arguana,test,test-law-rmelhrilhbiw-con02a,0.8720667,0.0016816854,0.05075425,0.018099386,0.7432382,0.011077881,0.039527535,0.5235745,0.04703182,0.13609809,0.42857142857142855,0.0,0.0,0.0,253,134,0.2890648263178879,0.6309297535714575,1.0,0.36907024642854247,1
arguana,test,test-law-rmelhrilhbiw-con04a,1.0661527,0.010474682,0.22572261,0.080929644,0.81918275,0.008022666,0.10872376,0.8499752,0.061657906,0.3951788,0.3333333333333333,1.0,1.0,0.0,255,127,1.0,0.6309297535714575,1.0,0.36907024642854247,1
arguana,test,test-law-rmelhrilhbiw-con03a,0.93207145,0.013396919,0.051332474,0.01529622,0.7757543,0.009073615,0.031531036,0.5750793,0.0007672906,0.13931641,0.42857142857142855,1.0,0.0,0.0,345,131,0.0,0.0,0.0,0.0,0
arguana,test,test-law-rmelhrilhbiw-con01a,0.9578241,0.034668922,0.078181505,0.021265907,0.82385916,0.026136935,0.060819387,0.47555014,0.016831845,0.059628576,0.5384615384615384,1.0,1.0,1.0,345,174,0.3010299956639812,0.3562071871080222,1.0,0.6437928128919779,1
arguana,test,test-law-cpilhbishioe-pro02a,0.9797637,0.0038096309,0.08410674,0.033223998,0.8372871,0.0232808,0.061203897,0.5598326,0.020006895,0.120580316,0.3333333333333333,1.0,1.0,1.0,303,131,1.0,1.0,1.0,0.0,0
arguana,test,test-law-cpilhbishioe-pro01a,1.0501634,0.01528132,0.09739143,0.029987985,0.8606989,0.013052821,0.054121494,0.67796475,0.03595084,0.119874775,0.3333333333333333,1.0,1.0,1.0,274,144,1.0,1.0,1.0,0.0,0
arguana,test,test-law-cpilhbishioe-pro03a,0.981266,0.018167078,0.09441972,0.033387322,0.807849,0.0014611483,0.052169323,0.5912528,0.054471254,0.1632475,0.3333333333333333,0.0,1.0,0.0,252,114,0.5,0.43067655807339306,1.0,0.5693234419266069,1
arguana,test,test-law-cpilhbishioe-pro04a,0.9997399,0.03568381,0.11250144,0.031751867,0.8186651,0.010579109,0.054123938,0.60358256,0.010445297,0.1640364,0.42857142857142855,1.0,1.0,1.0,327,151,0.6309297535714575,0.43067655807339306,1.0,0.5693234419266069,1
arguana,test,test-law-cpilhbishioe-con02a,0.9001496,0.03054756,0.098092616,0.031099498,0.7882869,0.0103776455,0.06699276,0.40746766,0.055799246,0.122156024,0.3333333333333333,0.0,1.0,0.0,144,92,1.0,0.6309297535714575,1.0,0.36907024642854247,1
arguana,test,test-law-cpilhbishioe-con04a,0.9204783,0.0020282865,0.095972,0.03192941,0.781638,0.030830204,0.06852567,0.5897324,0.12693161,0.21225122,0.6666666666666666,1.0,1.0,1.0,286,118,1.0,0.6309297535714575,1.0,0.36907024642854247,1
arguana,test,test-law-cpilhbishioe-con03a,0.98181343,0.00090777874,0.07521033,0.026862944,0.84567523,0.017307699,0.0724538,0.55365384,0.015338957,0.12402296,0.3333333333333333,0.0,1.0,0.0,250,103,0.43067655807339306,0.5,0.0,-0.5,0
arguana,test,test-law-cpilhbishioe-con01a,0.8731987,0.0045980215,0.042122364,0.014168445,0.7825126,0.01856327,0.045750976,0.3988498,0.0016310215,0.079613656,0.1111111111111111,0.0,0.0,0.0,113,70,0.5,1.0,0.43067655807339306,-0.5693234419266069,0
arguana,test,test-law-tlcplghwfne-pro02a,1.0121052,0.0245018,0.12556016,0.039299,0.835177,0.0015006065,0.038892567,0.58976084,0.03641939,0.2832387,0.8181818181818182,1.0,1.0,1.0,198,104,0.3562071871080222,0.3562071871080222,0.6309297535714575,0.27472256646343535,1
arguana,test,test-law-tlcplghwfne-pro01a,1.0338814,0.050924063,0.16747212,0.05095098,0.82969666,0.01662469,0.08907139,0.6806161,0.114331424,0.26780793,0.6666666666666666,1.0,1.0,1.0,468,197,1.0,1.0,1.0,0.0,0
arguana,test,test-law-tlcplghwfne-pro03a,0.99257493,0.00929445,0.14731288,0.049455505,0.8383767,0.009198666,0.092424095,0.5836934,0.06969935,0.28168654,1.0,1.0,1.0,1.0,311,133,1.0,1.0,1.0,0.0,0
arguana,test,test-law-tlcplghwfne-con02a,1.0309198,0.031835616,0.12939072,0.03478564,0.86587006,0.016722918,0.06270027,0.5530429,0.0028771162,0.16669458,0.8181818181818182,1.0,1.0,1.0,249,92,0.0,0.0,1.0,1.0,1
arguana,test,test-law-tlcplghwfne-con03a,1.0245048,0.01025641,0.12591082,0.041578006,0.8775644,0.0133443475,0.10553908,0.5037481,0.003653586,0.13461876,1.0,1.0,1.0,1.0,229,95,0.5,0.5,1.0,0.5,1
arguana,test,test-law-tlcplghwfne-con01a,1.0685185,0.09348494,0.17374223,0.050463557,0.8927361,0.059613883,0.10945344,0.58594155,0.07047808,0.24461132,0.6666666666666666,1.0,1.0,1.0,211,90,0.5,0.6309297535714575,0.6309297535714575,0.0,0
arguana,test,test-law-phwmfri-pro02a,0.9264363,0.017643988,0.10811043,0.037747834,0.81472844,0.017167628,0.062317908,0.47554767,0.10318822,0.22495383,0.6666666666666666,1.0,1.0,1.0,206,84,0.3010299956639812,0.3010299956639812,0.31546487678572877,0.014434881121747567,1
arguana,test,test-law-phwmfri-pro01a,0.9220232,0.013180673,0.1135571,0.035300862,0.81140757,0.00794059,0.07399893,0.4863576,0.1050317,0.1990548,0.8181818181818182,1.0,1.0,1.0,155,63,0.5,1.0,1.0,0.0,0
arguana,test,test-law-phwmfri-pro03a,0.95063925,0.0024667382,0.10782617,0.03156709,0.8057576,0.010132313,0.06362426,0.51671314,0.041996717,0.14627582,0.42857142857142855,1.0,1.0,0.0,484,212,0.31546487678572877,0.3333333333333333,0.6309297535714575,0.2975964202381242,1
arguana,test,test-law-phwmfri-con02a,0.8973532,0.040216446,0.10504985,0.031546947,0.79519314,0.021032691,0.07898277,0.38473585,0.0028853118,0.06748769,0.1111111111111111,1.0,0.0,1.0,273,101,0.38685280723454163,0.3562071871080222,0.6309297535714575,0.27472256646343535,1
arguana,test,test-law-phwmfri-con03a,0.87046456,0.025847077,0.10530293,0.037274037,0.76396054,0.0035734773,0.064890146,0.36692503,0.05922398,0.14242762,0.3333333333333333,1.0,1.0,0.0,210,94,0.31546487678572877,0.2890648263178879,0.6309297535714575,0.34186492725356965,1
arguana,test,test-law-phwmfri-con01a,0.95854765,0.011068881,0.13036227,0.046972346,0.82239944,0.008677721,0.07708305,0.48275307,0.065821916,0.17192745,0.3333333333333333,1.0,1.0,0.0,193,84,0.6309297535714575,1.0,1.0,0.0,0
arguana,test,test-law-hrpepthwuto-pro02a,0.863099,0.0007891655,0.044082582,0.01552586,0.7675177,0.010008037,0.029762566,0.4081166,0.030021697,0.08495328,0.05263157894736842,0.0,1.0,0.0,162,80,0.6309297535714575,0.5,0.31546487678572877,-0.18453512321427123,0
arguana,test,test-law-hrpepthwuto-pro01a,0.834515,0.00043189526,0.098621786,0.03760189,0.74735427,0.012894809,0.07006526,0.33498263,0.0029038787,0.0944697,0.1111111111111111,0.0,1.0,0.0,129,74,0.5,0.5,0.3562071871080222,-0.14379281289197782,0
arguana,test,test-law-hrpepthwuto-pro03a,0.8523213,0.030166388,0.12608671,0.043036304,0.75279653,0.031052887,0.0875116,0.39673775,0.044065267,0.14478692,0.25,1.0,1.0,1.0,166,83,0.43067655807339306,0.6309297535714575,0.3562071871080222,-0.27472256646343535,0
arguana,test,test-law-hrpepthwuto-con02a,0.92446816,0.010077417,0.11089504,0.037382107,0.7937182,0.0107795,0.06709325,0.47176486,0.046191394,0.08879709,0.25,1.0,1.0,0.0,245,115,0.3333333333333333,0.31546487678572877,0.31546487678572877,0.0,0
arguana,test,test-law-hrpepthwuto-con03a,0.82748747,0.016212821,0.05079037,0.01535986,0.75756377,0.009726286,0.03395289,0.33776754,0.005261898,0.0820936,0.0,0.0,0.0,1.0,166,84,0.5,0.3562071871080222,0.6309297535714575,0.27472256646343535,1
arguana,test,test-law-hrpepthwuto-con01a,0.87636507,0.029379368,0.17033017,0.057511628,0.78217536,0.034994423,0.10599327,0.33268246,0.018716782,0.107732564,0.17647058823529413,1.0,1.0,1.0,176,72,0.0,0.0,0.3562071871080222,0.3562071871080222,1
arguana,test,test-law-lghwpcctcc-pro02a,0.88432336,0.048278034,0.099363804,0.027993167,0.7752382,0.0382663,0.06960523,0.36361715,0.009208351,0.05539033,0.3333333333333333,1.0,1.0,1.0,263,113,1.0,1.0,1.0,0.0,0
arguana,test,test-law-lghwpcctcc-pro01a,0.89337075,0.055084527,0.08936453,0.025179612,0.7639686,0.008844197,0.049568176,0.46173728,0.01188764,0.10744119,0.25,1.0,0.0,1.0,249,136,0.0,0.0,0.0,0.0,0
arguana,test,test-law-lghwpcctcc-pro03a,0.8715772,0.00028848648,0.09530026,0.03692498,0.7670892,0.005619228,0.071041286,0.47384548,0.085632354,0.21833318,0.5384615384615384,1.0,1.0,0.0,127,62,1.0,0.6309297535714575,1.0,0.36907024642854247,1
arguana,test,test-law-lghwpcctcc-con02a,1.0416673,0.17089206,0.2735716,0.07583709,0.8472595,0.092425585,0.146321,0.6480259,0.24800912,0.36342868,0.25,1.0,1.0,1.0,321,128,0.2890648263178879,0.3010299956639812,0.5,0.1989700043360188,1
arguana,test,test-law-lghwpcctcc-con04a,0.9400817,0.072226584,0.115433514,0.032164156,0.80176896,0.059012055,0.07366872,0.46131533,0.00027281046,0.08943832,0.25,1.0,0.0,1.0,320,161,0.5,0.5,1.0,0.5,1
arguana,test,test-law-lghwpcctcc-con03a,1.0563018,0.13103843,0.2469194,0.07163926,0.85724294,0.09334409,0.16093534,0.6635298,0.07895559,0.29481056,0.6666666666666666,1.0,1.0,1.0,406,189,0.5,0.6309297535714575,1.0,0.36907024642854247,1
arguana,test,test-law-lghwpcctcc-con01a,1.049108,0.08855158,0.19098109,0.058898523,0.85026664,0.065614104,0.11974347,0.6628046,0.021059215,0.2812136,0.5384615384615384,1.0,1.0,1.0,306,167,1.0,1.0,1.0,0.0,0
arguana,test,test-law-sdfclhrppph-pro02a,0.8287998,0.06976092,0.09869677,0.028313488,0.76738393,0.05064076,0.07863021,0.2714309,0.004735559,0.0520954,0.0,0.0,0.0,1.0,71,49,1.0,1.0,0.3333333333333333,-0.6666666666666667,0
arguana,test,test-law-sdfclhrppph-pro01a,0.8229793,0.028670311,0.086973846,0.026348926,0.699261,0.0015221238,0.023488998,0.48528647,0.068054706,0.23808803,0.05263157894736842,0.0,1.0,0.0,241,103,0.0,0.0,0.43067655807339306,0.43067655807339306,1
arguana,test,test-law-sdfclhrppph-pro03a,0.85517234,0.004504204,0.058279157,0.018270766,0.7557388,0.0009046197,0.041238844,0.44463342,0.039077967,0.10677022,0.05263157894736842,0.0,0.0,0.0,144,82,0.0,0.0,0.0,0.0,0
arguana,test,test-law-sdfclhrppph-pro04a,0.9296055,0.07258183,0.18387496,0.054500878,0.7717575,0.03614819,0.10392147,0.52615994,0.12144542,0.27769935,0.42857142857142855,1.0,1.0,1.0,172,97,1.0,1.0,1.0,0.0,0
arguana,test,test-law-sdfclhrppph-con02a,0.8308868,0.020284891,0.045240343,0.013635733,0.7795592,0.00824368,0.04231149,0.3219689,0.003583014,0.11710441,0.05263157894736842,0.0,0.0,0.0,130,59,1.0,0.5,0.43067655807339306,-0.06932344192660694,0
arguana,test,test-law-sdfclhrppph-con01a,0.87082225,0.027734458,0.09802252,0.03403286,0.77746624,0.027484238,0.06570202,0.36935294,0.052728385,0.10489589,0.17647058823529413,1.0,1.0,1.0,193,93,1.0,0.6309297535714575,1.0,0.36907024642854247,1
arguana,test,test-law-tahglcphsld-pro02a,0.9701573,0.015401065,0.11384404,0.039603688,0.8308825,0.009743571,0.06469232,0.46424943,0.018858254,0.14153716,0.25,1.0,1.0,1.0,177,102,1.0,1.0,1.0,0.0,0
arguana,test,test-law-tahglcphsld-pro06a,0.97001386,0.03531778,0.12774348,0.04066587,0.8340165,0.041089594,0.08244729,0.531238,0.07791358,0.1868037,0.3333333333333333,1.0,1.0,1.0,128,77,0.43067655807339306,0.38685280723454163,0.6309297535714575,0.2440769463369159,1
arguana,test,test-law-tahglcphsld-pro05a,1.0133746,0.05949229,0.18937778,0.058695905,0.78119016,0.027830541,0.08470374,0.7739479,0.06200415,0.27012527,0.3333333333333333,1.0,1.0,1.0,207,134,0.0,0.0,0.6309297535714575,0.6309297535714575,1
arguana,test,test-law-tahglcphsld-pro01a,1.1458254,0.2918508,0.33289516,0.09709846,0.91472995,0.13574123,0.1665672,0.77031827,0.396061,0.503237,0.05263157894736842,1.0,1.0,1.0,119,72,0.5,0.3333333333333333,0.38685280723454163,0.053519473901208314,1
arguana,test,test-law-tahglcphsld-pro07a,0.98038036,0.09558684,0.18715417,0.055816967,0.81519973,0.046148896,0.09865093,0.5506021,0.1363174,0.26332402,0.17647058823529413,1.0,1.0,1.0,109,70,1.0,1.0,1.0,0.0,0
arguana,test,test-law-tahglcphsld-pro03a,0.8279156,0.0045648217,0.06396073,0.02087225,0.7187127,0.0014384389,0.03740698,0.40768325,0.009045213,0.092445105,0.25,0.0,1.0,0.0,124,84,0.3010299956639812,0.3010299956639812,1.0,0.6989700043360187,1
arguana,test,test-law-tahglcphsld-pro04a,0.9099533,0.0138626695,0.05430633,0.017407253,0.798624,0.008797109,0.046798468,0.4693306,0.028221995,0.08804992,0.17647058823529413,0.0,1.0,1.0,167,98,0.43067655807339306,0.31546487678572877,0.6309297535714575,0.31546487678572877,1
arguana,test,test-law-tahglcphsld-con02a,1.0456165,0.05604911,0.13268435,0.039119318,0.8285849,0.0071894526,0.034906924,0.7234387,0.15913254,0.29320842,0.5384615384615384,1.0,1.0,1.0,208,119,0.5,1.0,1.0,0.0,0
arguana,test,test-law-tahglcphsld-con03a,0.81719023,0.008435547,0.042801082,0.014177245,0.7389149,0.006978512,0.048220634,0.43665522,0.0494411,0.13145429,0.05263157894736842,0.0,0.0,1.0,62,47,0.3010299956639812,0.3333333333333333,1.0,0.6666666666666667,1
arguana,test,test-law-tahglcphsld-con01a,0.992271,0.044477165,0.072105944,0.020192908,0.8463502,0.012597322,0.062057495,0.5352446,0.0014340281,0.082336605,0.17647058823529413,1.0,0.0,1.0,210,109,0.6309297535714575,0.6309297535714575,0.43067655807339306,-0.20025319549806447,0
arguana,test,test-law-cppshbcjsfm-pro02a,1.0290709,0.010181069,0.11170876,0.03465,0.83829886,0.019172668,0.055777073,0.7230722,0.08942646,0.21927613,0.5384615384615384,1.0,1.0,0.0,363,148,0.0,0.0,0.0,0.0,0
arguana,test,test-law-cppshbcjsfm-pro01a,1.0309799,0.04557389,0.11606467,0.031867325,0.7821236,0.0030994415,0.036124468,0.8398521,0.07684815,0.2349931,0.6666666666666666,1.0,1.0,0.0,398,163,0.5,0.6309297535714575,0.5,-0.13092975357145753,0
arguana,test,test-law-cppshbcjsfm-con02a,0.97813714,0.0012189746,0.08172208,0.026843118,0.8182277,0.009762645,0.053406775,0.6099104,0.03508091,0.16432604,0.6666666666666666,1.0,1.0,0.0,243,139,0.3333333333333333,0.3333333333333333,1.0,0.6666666666666667,1
arguana,test,test-law-cppshbcjsfm-con04a,1.0169461,0.03783679,0.119642735,0.034109592,0.8233749,0.009445071,0.059553504,0.6452371,0.074603915,0.18394938,0.42857142857142855,1.0,1.0,1.0,293,164,0.6309297535714575,0.5,1.0,0.5,1
arguana,test,test-law-cppshbcjsfm-con03a,0.9825253,0.030641854,0.09477061,0.030667696,0.803269,0.019065082,0.06649274,0.5975209,0.0076500177,0.13400519,0.6666666666666666,1.0,1.0,1.0,402,202,0.3333333333333333,0.38685280723454163,1.0,0.6131471927654584,1
arguana,test,test-law-cppshbcjsfm-con01a,1.0248392,0.019426823,0.07693648,0.023370905,0.81364095,0.008220792,0.034034967,0.7331512,0.06454909,0.18595177,0.42857142857142855,1.0,1.0,0.0,349,169,0.43067655807339306,0.3562071871080222,1.0,0.6437928128919779,1
arguana,test,test-law-lghbacpsba-pro02a,0.81478703,0.015719414,0.05561948,0.016502768,0.74582493,0.017406404,0.04189676,0.3231346,0.01680702,0.074655816,0.05263157894736842,0.0,0.0,0.0,147,72,0.43067655807339306,0.3010299956639812,0.6309297535714575,0.32989975790747633,1
arguana,test,test-law-lghbacpsba-pro05a,1.0044904,0.08880651,0.18236154,0.05563482,0.85407215,0.064180315,0.14363992,0.50139415,0.06395739,0.12907225,0.5384615384615384,1.0,1.0,1.0,253,91,1.0,1.0,0.5,-0.5,0
arguana,test,test-law-lghbacpsba-pro01a,0.9596335,0.024474263,0.13187224,0.044935286,0.84401995,0.022636294,0.10946959,0.440618,0.019390851,0.13018075,0.8181818181818182,1.0,1.0,1.0,189,72,0.3562071871080222,0.43067655807339306,0.5,0.06932344192660694,1
arguana,test,test-law-lghbacpsba-pro03a,0.91744393,0.06834614,0.15851611,0.04820712,0.79689735,0.05214393,0.11477202,0.4018219,0.050291836,0.14263406,0.5384615384615384,1.0,1.0,1.0,109,44,1.0,1.0,1.0,0.0,0
arguana,test,test-law-lghbacpsba-pro04a,0.9127601,0.020478606,0.043984175,0.011498621,0.7952557,0.010667741,0.040200472,0.43983355,0.0044446588,0.06642112,0.6666666666666666,1.0,0.0,1.0,165,78,0.3010299956639812,0.31546487678572877,1.0,0.6845351232142712,1
arguana,test,test-law-lghbacpsba-con02a,0.9708431,0.02931559,0.16042256,0.052389536,0.77459925,0.007948518,0.06281531,0.6541461,0.032863498,0.3006603,0.6666666666666666,1.0,1.0,1.0,162,93,1.0,1.0,1.0,0.0,0
arguana,test,test-law-lghbacpsba-con03a,0.96224093,0.040258646,0.15833557,0.054749757,0.79240537,0.038531363,0.08472067,0.5661185,0.0057575703,0.25154597,0.8181818181818182,1.0,1.0,1.0,201,99,0.3333333333333333,0.31546487678572877,0.38685280723454163,0.07138793044881286,1
arguana,test,test-law-lghbacpsba-con01a,0.8796072,0.02258575,0.08744347,0.025842257,0.7805857,0.038570404,0.063954175,0.38817498,0.058103412,0.11723161,0.3333333333333333,1.0,1.0,1.0,111,66,1.0,1.0,0.5,-0.5,0
arguana,test,test-law-hrilpgwhwr-pro02a,1.0269876,0.038593948,0.12345159,0.04034516,0.87746125,0.054984033,0.10142511,0.5530546,0.054633707,0.13668174,0.42857142857142855,1.0,1.0,1.0,216,112,0.5,0.6309297535714575,1.0,0.36907024642854247,1
arguana,test,test-law-hrilpgwhwr-pro01a,0.9839506,0.05551839,0.079886794,0.021521054,0.8270756,0.028596103,0.048501074,0.5613159,0.022801876,0.09678888,0.17647058823529413,1.0,0.0,1.0,329,136,0.0,0.0,0.0,0.0,0
arguana,test,test-law-hrilpgwhwr-pro03a,0.934342,0.0075575113,0.07515478,0.025205089,0.7574087,0.011621118,0.034093797,0.62026966,0.006148219,0.15148705,0.17647058823529413,1.0,0.0,1.0,300,138,0.0,0.0,0.0,0.0,0
arguana,test,test-law-hrilpgwhwr-con02a,0.92684424,0.0008571148,0.06962335,0.024577852,0.8039283,0.0060869455,0.03596115,0.5544423,0.12009153,0.18180764,0.17647058823529413,0.0,0.0,0.0,200,104,0.38685280723454163,0.5,0.38685280723454163,-0.11314719276545837,0
arguana,test,test-law-hrilpgwhwr-con05a,0.88756824,0.0024895668,0.049566984,0.01720117,0.7667121,0.00906533,0.039545715,0.4589588,0.023643583,0.08659059,0.25,1.0,0.0,1.0,171,103,1.0,0.5,1.0,0.5,1
arguana,test,test-law-hrilpgwhwr-con04a,0.9343669,0.047079384,0.09489697,0.028241422,0.79371864,0.029500723,0.071400106,0.50604576,0.037218332,0.105534345,0.3333333333333333,1.0,1.0,1.0,205,91,1.0,1.0,1.0,0.0,0
arguana,test,test-law-hrilpgwhwr-con03a,0.96494347,0.059922934,0.1290316,0.038161524,0.8156187,0.028232217,0.08027339,0.5647294,0.05193466,0.19055316,0.17647058823529413,1.0,1.0,1.0,249,108,0.0,0.0,1.0,1.0,1
arguana,test,test-law-hrilpgwhwr-con01a,1.050697,0.15151739,0.21940345,0.06295123,0.858346,0.06263882,0.13461238,0.64117,0.045336246,0.22909454,0.05263157894736842,1.0,1.0,1.0,331,183,1.0,1.0,1.0,0.0,0
arguana,test,test-education-ufsdfkhbwu-pro02a,1.5437033,0.70162964,0.7704737,0.21900365,0.98015267,0.24613374,0.2982598,1.8785019,1.472173,1.5183195,0.6666666666666666,1.0,1.0,1.0,312,126,0.43067655807339306,0.3562071871080222,0.5,0.14379281289197782,1
arguana,test,test-education-ufsdfkhbwu-pro01a,1.7367831,0.8000721,0.951426,0.27180886,0.97711766,0.20428395,0.28004706,2.5322182,1.9859605,2.1385925,0.25,1.0,1.0,1.0,383,182,0.0,0.0,0.5,0.5,1
arguana,test,test-education-ufsdfkhbwu-pro03a,1.4589546,0.5769093,0.6620551,0.18920211,0.9552158,0.18891132,0.23568344,1.6791289,1.2105861,1.3631594,0.42857142857142855,1.0,1.0,1.0,280,123,0.6309297535714575,0.6309297535714575,0.43067655807339306,-0.20025319549806447,0
arguana,test,test-education-ufsdfkhbwu-con02a,1.5598809,0.6920535,0.7459392,0.21755867,0.94412875,0.18432224,0.22277504,2.052507,1.5579425,1.6952692,0.17647058823529413,1.0,1.0,1.0,369,185,0.0,0.0,0.0,0.0,0
arguana,test,test-education-ufsdfkhbwu-con03a,1.5172017,0.63285065,0.72876996,0.21040879,0.9566326,0.20062518,0.24576765,1.8685634,1.4233919,1.4865024,0.25,1.0,1.0,1.0,270,132,0.0,0.0,0.0,0.0,0
arguana,test,test-education-ufsdfkhbwu-con01a,1.6764998,0.8222207,0.8834624,0.26068914,0.9525505,0.23072672,0.25407654,2.4131644,1.966007,2.0351388,0.17647058823529413,1.0,1.0,1.0,412,153,0.0,0.0,0.0,0.0,0
arguana,test,test-education-egtuscpih-pro02a,1.0447872,0.040483594,0.1267947,0.037805185,0.80328465,0.004654765,0.038591683,0.80500835,0.11942941,0.28873998,0.25,1.0,1.0,1.0,224,136,0.6309297535714575,0.5,1.0,0.5,1
arguana,test,test-education-egtuscpih-pro05a,0.9513642,0.0020995736,0.09850025,0.032161087,0.7997239,0.00057399273,0.05794877,0.5183288,0.010947883,0.08327022,0.3333333333333333,1.0,1.0,0.0,173,94,0.6309297535714575,0.5,1.0,0.5,1
arguana,test,test-education-egtuscpih-pro01a,0.9880055,0.07704139,0.17313534,0.0532048,0.8333477,0.042381108,0.10698539,0.5295457,0.014019668,0.21074563,0.42857142857142855,1.0,1.0,1.0,172,76,1.0,1.0,1.0,0.0,0
arguana,test,test-education-egtuscpih-pro03a,1.0568758,0.1639821,0.22565466,0.06291695,0.8019012,0.04297912,0.08540726,0.8499152,0.31034476,0.43875188,0.1111111111111111,1.0,1.0,1.0,168,101,0.43067655807339306,0.5,0.5,0.0,0
arguana,test,test-education-egtuscpih-pro04a,0.9962698,0.047175705,0.16759592,0.053671654,0.82054347,0.07252473,0.1050576,0.67208767,0.086333156,0.263588,0.25,1.0,1.0,1.0,205,112,1.0,1.0,1.0,0.0,0
arguana,test,test-education-egtuscpih-con02a,0.9057893,0.091427445,0.15628004,0.04211711,0.81585145,0.094608426,0.132411,0.37300318,0.02011311,0.13416833,0.5384615384615384,1.0,1.0,1.0,177,62,1.0,1.0,1.0,0.0,0
arguana,test,test-education-egtuscpih-con05a,0.92747676,0.063443065,0.1162315,0.0356414,0.8281356,0.07478821,0.10876846,0.46020213,0.10620445,0.15832794,0.3333333333333333,1.0,1.0,1.0,134,68,1.0,1.0,1.0,0.0,0
arguana,test,test-education-egtuscpih-con04a,0.8481742,0.0022010803,0.05752778,0.018348325,0.76453567,0.0057294965,0.05397421,0.42716476,0.042172015,0.13660815,0.05263157894736842,0.0,0.0,1.0,177,80,0.5,0.6309297535714575,1.0,0.36907024642854247,1
arguana,test,test-education-egtuscpih-con03a,0.88366616,0.09806615,0.15380758,0.039568383,0.7456466,0.047194302,0.06893146,0.4600652,0.12452632,0.17361122,0.17647058823529413,1.0,1.0,1.0,189,91,1.0,1.0,1.0,0.0,0
arguana,test,test-education-egtuscpih-con01a,0.8802226,0.01442343,0.13666946,0.04494621,0.7361851,0.0010635853,0.06145352,0.4801252,0.044532925,0.19172174,0.3333333333333333,1.0,1.0,1.0,248,104,1.0,0.6309297535714575,1.0,0.36907024642854247,1
arguana,test,test-education-ughbuesbf-pro02a,0.9428669,0.032334924,0.09018558,0.026429232,0.81512904,0.022498548,0.061356843,0.47419715,0.0012052059,0.06657076,0.1111111111111111,1.0,1.0,1.0,149,92,1.0,1.0,1.0,0.0,0
arguana,test,test-education-ughbuesbf-pro01a,1.0035735,0.058728635,0.11750293,0.033532023,0.83973324,0.030186474,0.06618482,0.54613423,0.029708028,0.130097,0.25,1.0,1.0,1.0,233,126,1.0,1.0,1.0,0.0,0
arguana,test,test-education-ughbuesbf-pro03a,0.9361204,0.04205376,0.098814905,0.027986106,0.80101365,0.011388779,0.0362671,0.45035577,0.08617574,0.16385677,0.25,1.0,1.0,1.0,144,85,0.5,1.0,1.0,0.0,0
arguana,test,test-education-ughbuesbf-pro04a,0.97436076,0.014657795,0.09778315,0.03170939,0.810609,0.0052280426,0.04915589,0.56655127,0.0032852292,0.13916418,0.25,0.0,1.0,0.0,239,137,0.5,1.0,1.0,0.0,0
arguana,test,test-education-ughbuesbf-con02a,0.97963,0.004491389,0.08750719,0.03132181,0.8506099,0.0042566657,0.05777383,0.44922125,0.009337664,0.084658414,0.25,1.0,0.0,1.0,231,128,0.0,0.0,1.0,1.0,1
arguana,test,test-education-ughbuesbf-con05a,0.928118,0.048951864,0.12873542,0.03795473,0.78713363,0.027736545,0.06903428,0.46994784,0.034537673,0.13620365,0.25,1.0,1.0,1.0,151,76,0.3333333333333333,0.2890648263178879,1.0,0.7109351736821121,1
arguana,test,test-education-ughbuesbf-con04a,1.0038046,0.039384604,0.09545851,0.027365962,0.83712363,0.0030283928,0.04045701,0.57769984,0.040824533,0.17813703,0.25,0.0,1.0,0.0,191,130,0.31546487678572877,0.3562071871080222,0.38685280723454163,0.030645620126519446,1
arguana,test,test-education-ughbuesbf-con03a,0.9810883,0.010143757,0.053003073,0.019517824,0.83444,0.01163429,0.051935673,0.5867154,0.008333206,0.12237421,0.3333333333333333,0.0,1.0,0.0,238,128,0.5,1.0,0.6309297535714575,-0.36907024642854247,0
arguana,test,test-education-ughbuesbf-con01a,0.9756924,0.017712593,0.05662203,0.014235482,0.841754,0.006735623,0.050432086,0.5486226,0.0005134344,0.09811148,0.17647058823529413,0.0,1.0,0.0,273,148,0.3010299956639812,0.3562071871080222,1.0,0.6437928128919779,1
arguana,test,test-education-usuprmhbu-pro02a,1.0885655,0.068413615,0.2148596,0.06872801,0.8173221,0.027697504,0.07350242,0.9964696,0.16893196,0.5414296,0.3333333333333333,0.0,1.0,0.0,299,150,0.38685280723454163,0.38685280723454163,1.0,0.6131471927654584,1
arguana,test,test-education-usuprmhbu-pro01a,1.1163316,0.15039396,0.28421628,0.0826427,0.80358887,0.0059859753,0.061112106,1.0424756,0.42525607,0.65247446,0.42857142857142855,1.0,1.0,1.0,305,118,0.0,0.0,1.0,1.0,1
arguana,test,test-education-usuprmhbu-pro03a,0.9473893,0.0012053847,0.08295977,0.027173627,0.8320084,0.020728827,0.07631868,0.453699,0.010233402,0.07700059,0.6666666666666666,1.0,1.0,0.0,178,75,0.5,0.38685280723454163,1.0,0.6131471927654584,1
arguana,test,test-education-usuprmhbu-con02a,1.0858622,0.08271694,0.2306996,0.0683787,0.85754037,0.032833874,0.10252398,0.76107246,0.16627687,0.41651067,0.5384615384615384,1.0,1.0,1.0,265,85,0.6309297535714575,0.6309297535714575,1.0,0.36907024642854247,1
arguana,test,test-education-usuprmhbu-con03a,1.1315305,0.13279635,0.20668113,0.053460646,0.88111395,0.0426777,0.09141427,0.83472186,0.20293868,0.3694203,0.6666666666666666,1.0,1.0,1.0,264,104,0.5,0.31546487678572877,1.0,0.6845351232142712,1
arguana,test,test-education-usuprmhbu-con01a,1.0039241,0.13266355,0.23709399,0.06782973,0.82155573,0.071698725,0.13300389,0.60789484,0.20321625,0.31083956,0.42857142857142855,1.0,1.0,1.0,271,92,1.0,1.0,1.0,0.0,0
arguana,test,test-education-pteuhwfphe-pro02a,0.9538965,0.015324771,0.09403235,0.031202167,0.8328855,0.017543077,0.07831776,0.41450298,0.0037386417,0.058976978,0.42857142857142855,1.0,1.0,1.0,231,111,0.6309297535714575,0.6309297535714575,1.0,0.36907024642854247,1
arguana,test,test-education-pteuhwfphe-pro01a,0.99761325,0.05195433,0.1190359,0.03230567,0.8488362,0.031682193,0.08967501,0.5516918,0.03430158,0.14486915,0.42857142857142855,1.0,0.0,1.0,190,108,1.0,1.0,1.0,0.0,0
arguana,test,test-education-pteuhwfphe-pro03a,0.9821706,0.012870908,0.089344025,0.028634477,0.8435776,0.023035467,0.07072413,0.52883184,0.022377372,0.09487766,0.3333333333333333,1.0,0.0,1.0,201,100,0.5,0.3562071871080222,0.3333333333333333,-0.022873853774688868,0
arguana,test,test-education-pteuhwfphe-con02a,1.0485317,0.104944825,0.15762532,0.044997342,0.83651316,0.037869334,0.07227355,0.70672834,0.09324664,0.25863105,0.1111111111111111,1.0,1.0,1.0,250,145,1.0,1.0,0.6309297535714575,-0.36907024642854247,0
arguana,test,test-education-pteuhwfphe-con04a,1.2133965,0.37161297,0.41703832,0.12022723,0.90146685,0.13797194,0.1700151,1.0397658,0.6193481,0.7660896,0.1111111111111111,1.0,1.0,1.0,115,69,1.0,1.0,1.0,0.0,0
arguana,test,test-education-pteuhwfphe-con03a,0.9179395,0.0032307506,0.054839015,0.019594405,0.8141932,0.01123023,0.04507196,0.3853312,0.0040703714,0.0933007,0.5384615384615384,1.0,1.0,1.0,197,89,1.0,1.0,1.0,0.0,0
arguana,test,test-education-pteuhwfphe-con01a,0.9037592,0.015715957,0.0696165,0.023247221,0.8031393,0.017439842,0.061439574,0.4585533,0.012340784,0.116530776,0.25,0.0,1.0,1.0,227,108,0.2890648263178879,0.3333333333333333,0.43067655807339306,0.09734322474005974,1
arguana,test,test-education-pstrgsehwt-pro02a,1.1200147,0.06017828,0.23120475,0.079154894,0.8497254,0.016607344,0.10689908,0.90096426,0.119987726,0.35765517,0.5384615384615384,1.0,1.0,1.0,369,185,1.0,1.0,1.0,0.0,0
arguana,test,test-education-pstrgsehwt-pro05a,1.1080596,0.022851229,0.136293,0.04550818,0.8586884,0.0113992095,0.06721902,0.8312376,0.024668038,0.23574716,0.6666666666666666,1.0,1.0,1.0,354,180,1.0,0.6309297535714575,0.6309297535714575,0.0,0
arguana,test,test-education-pstrgsehwt-pro01a,0.9557166,0.019945025,0.1470077,0.045277525,0.7914038,0.022851288,0.07171595,0.6372378,0.013296425,0.2515558,0.5384615384615384,1.0,1.0,0.0,205,112,0.38685280723454163,0.6309297535714575,1.0,0.36907024642854247,1
arguana,test,test-education-pstrgsehwt-pro03a,1.2677212,0.23476303,0.44739813,0.12936714,0.8544082,0.007783234,0.14318973,1.3777097,0.6933397,0.96431136,0.5384615384615384,1.0,1.0,1.0,282,135,0.6309297535714575,0.6309297535714575,1.0,0.36907024642854247,1
arguana,test,test-education-pstrgsehwt-pro04a,1.1274779,0.09247005,0.21775544,0.06531544,0.8762563,0.051901042,0.11113703,0.8374053,0.13522995,0.33658183,0.3333333333333333,1.0,1.0,1.0,374,176,0.38685280723454163,0.43067655807339306,1.0,0.5693234419266069,1
arguana,test,test-education-pstrgsehwt-con02a,1.1059871,0.12308681,0.2094701,0.058121588,0.8537557,0.0642789,0.092868686,0.8407711,0.13698614,0.31921417,0.42857142857142855,1.0,1.0,1.0,377,189,0.38685280723454163,0.3562071871080222,1.0,0.6437928128919779,1
arguana,test,test-education-pstrgsehwt-con04a,1.0587107,0.0088198185,0.07922351,0.025374755,0.8810498,0.037988126,0.106086135,0.81736887,0.028365731,0.21701181,0.5384615384615384,0.0,1.0,1.0,319,112,0.3333333333333333,0.3333333333333333,1.0,0.6666666666666667,1
arguana,test,test-education-pstrgsehwt-con03a,1.1425943,0.09868026,0.21259052,0.05637498,0.86491174,0.03404838,0.087594986,0.9256087,0.19951302,0.37208396,0.6666666666666666,1.0,1.0,1.0,511,198,0.31546487678572877,0.2890648263178879,1.0,0.7109351736821121,1
arguana,test,test-education-pstrgsehwt-con01a,1.0935738,0.02510488,0.10241592,0.027609948,0.8423794,0.005422771,0.038814723,0.8510845,0.013769984,0.1407708,0.5384615384615384,1.0,1.0,1.0,477,234,0.3333333333333333,0.3010299956639812,0.6309297535714575,0.32989975790747633,1
arguana,test,test-education-xeegshwfeu-pro02a,0.7919122,0.0068642497,0.032869697,0.009954785,0.7125048,0.0013344288,0.023456931,0.30429333,0.003801167,0.034879506,0.1111111111111111,0.0,0.0,0.0,69,48,0.0,0.0,0.0,0.0,0
arguana,test,test-education-xeegshwfeu-pro01a,0.9118858,0.0040006638,0.10148269,0.03252673,0.8211431,0.0063027143,0.07668352,0.3396148,0.01613012,0.07596436,0.42857142857142855,1.0,1.0,0.0,123,69,0.6309297535714575,0.43067655807339306,1.0,0.5693234419266069,1
arguana,test,test-education-xeegshwfeu-pro03a,0.8624368,0.0022990108,0.034624815,0.010774144,0.7780642,0.013340652,0.037913144,0.40106758,0.023014009,0.077047676,0.17647058823529413,0.0,0.0,1.0,138,76,0.0,0.0,0.0,0.0,0
arguana,test,test-education-xeegshwfeu-con02a,0.8775733,0.006647289,0.09268731,0.032028288,0.7848622,0.00780797,0.07328725,0.36845616,0.0009861588,0.06438184,0.17647058823529413,0.0,0.0,0.0,192,103,1.0,0.5,0.43067655807339306,-0.06932344192660694,0
arguana,test,test-education-xeegshwfeu-con03a,0.90305054,0.022089958,0.062190413,0.0170426,0.8157675,0.029663742,0.060584843,0.42493916,0.044198483,0.10186589,0.05263157894736842,0.0,0.0,1.0,178,87,0.3562071871080222,0.3333333333333333,0.6309297535714575,0.2975964202381242,1
arguana,test,test-education-xeegshwfeu-con01a,0.8703338,0.0061725974,0.14677739,0.055877488,0.78189343,0.0010331869,0.097525835,0.32107052,0.02282527,0.08955106,0.17647058823529413,1.0,1.0,0.0,122,61,0.3333333333333333,0.3562071871080222,1.0,0.6437928128919779,1
arguana,test,test-education-udfakusma-pro02a,1.0276275,0.000692606,0.060190022,0.021064786,0.8322122,0.010051131,0.033486128,0.8081262,0.086244226,0.23683465,0.25,0.0,0.0,0.0,270,146,0.0,0.0,0.0,0.0,0
arguana,test,test-education-udfakusma-pro01a,1.0737027,0.0690459,0.18190604,0.055355527,0.8350137,0.024214447,0.06341958,0.79562986,0.14943826,0.3581188,0.25,1.0,1.0,1.0,208,111,0.0,0.0,0.3562071871080222,0.3562071871080222,1
arguana,test,test-education-udfakusma-pro03a,0.9386721,0.048893094,0.15692437,0.05158483,0.7821648,0.018188119,0.10164493,0.52169096,0.051495492,0.1221551,0.25,1.0,1.0,1.0,202,119,1.0,1.0,1.0,0.0,0
arguana,test,test-education-udfakusma-pro04a,0.98374075,0.0054992437,0.1382106,0.048435275,0.813992,0.005381763,0.07520366,0.5843839,0.0006155968,0.15951008,0.42857142857142855,1.0,1.0,0.0,261,144,1.0,1.0,1.0,0.0,0
arguana,test,test-education-udfakusma-con02a,1.0185499,0.049733162,0.12131393,0.032755017,0.8433203,0.013121128,0.041505992,0.5840985,0.10163465,0.20844802,0.42857142857142855,1.0,1.0,1.0,220,134,0.5,0.6309297535714575,0.43067655807339306,-0.20025319549806447,0
arguana,test,test-education-udfakusma-con04a,0.92707026,0.060673058,0.19316626,0.057223357,0.7856276,0.056030452,0.12671947,0.4714755,0.015475363,0.1830701,0.42857142857142855,1.0,1.0,1.0,271,135,0.6309297535714575,0.6309297535714575,1.0,0.36907024642854247,1
arguana,test,test-education-udfakusma-con03a,0.998963,0.031273544,0.10309416,0.032917727,0.8146492,0.00069975853,0.0321061,0.61671174,0.04053855,0.20323104,0.42857142857142855,0.0,1.0,0.0,177,81,1.0,1.0,0.3562071871080222,-0.6437928128919779,0
arguana,test,test-education-udfakusma-con01a,0.9784764,0.013629317,0.075960815,0.024892703,0.8537045,0.01736343,0.06776291,0.53715146,0.046065003,0.121245265,0.25,1.0,1.0,1.0,209,100,1.0,1.0,0.3562071871080222,-0.6437928128919779,0
arguana,test,test-education-tuhwastua-pro02a,1.001117,0.10545039,0.19604963,0.051375106,0.8360912,0.06814355,0.112204134,0.55008584,0.0352844,0.2766159,0.6666666666666666,1.0,1.0,1.0,154,75,1.0,1.0,1.0,0.0,0
arguana,test,test-education-tuhwastua-pro05a,0.85434085,0.012693882,0.06108725,0.020091414,0.7652894,0.0038775802,0.03843373,0.36122832,0.014836013,0.1296354,0.6666666666666666,1.0,1.0,0.0,117,66,0.31546487678572877,0.31546487678572877,1.0,0.6845351232142712,1
arguana,test,test-education-tuhwastua-pro01a,1.042716,0.1054135,0.15950489,0.044057243,0.85644037,0.05376476,0.12398046,0.6209187,0.077145755,0.25189316,0.8181818181818182,1.0,1.0,1.0,210,118,0.43067655807339306,0.38685280723454163,0.5,0.11314719276545837,1
arguana,test,test-education-tuhwastua-pro03a,0.8592757,0.004085541,0.106112,0.03844736,0.755254,0.0062770844,0.072116256,0.38856643,0.034522235,0.09831661,0.42857142857142855,1.0,1.0,1.0,165,86,0.5,0.6309297535714575,0.5,-0.13092975357145753,0
arguana,test,test-education-tuhwastua-pro04a,1.0208879,0.08542198,0.19580537,0.05905109,0.8338854,0.041856825,0.11954039,0.6233415,0.13714442,0.32758003,0.8181818181818182,1.0,1.0,1.0,184,119,0.3333333333333333,0.3010299956639812,0.5,0.1989700043360188,1
arguana,test,test-education-tuhwastua-con02a,0.93340534,0.068395555,0.16746294,0.047799822,0.8115508,0.04082191,0.10747105,0.4061818,0.09191215,0.13367742,0.42857142857142855,1.0,1.0,1.0,197,105,1.0,1.0,1.0,0.0,0
arguana,test,test-education-tuhwastua-con01a,0.9857382,0.019299924,0.18431687,0.063353844,0.81942606,0.0028722286,0.118799925,0.55437386,0.054758906,0.26021028,0.8181818181818182,1.0,1.0,1.0,132,81,0.31546487678572877,0.3010299956639812,0.5,0.1989700043360188,1
arguana,test,test-education-egscphsrdt-pro02a,1.0328426,0.03612864,0.190799,0.059746627,0.81399405,0.014725924,0.08382642,0.7785817,0.16951525,0.3587584,0.5384615384615384,1.0,1.0,0.0,360,123,0.6309297535714575,0.6309297535714575,0.5,-0.13092975357145753,0
arguana,test,test-education-egscphsrdt-pro01a,1.0641884,0.020755887,0.18479592,0.06471949,0.83554304,0.0173437,0.098545074,0.8773419,0.18437707,0.3966325,0.42857142857142855,1.0,1.0,0.0,344,174,0.5,0.6309297535714575,0.3010299956639812,-0.32989975790747633,0
arguana,test,test-education-egscphsrdt-pro03a,0.99059856,0.029625297,0.098891616,0.029606126,0.83954495,0.029304743,0.074879706,0.65436,0.065098286,0.28943515,0.8181818181818182,1.0,1.0,1.0,185,74,0.43067655807339306,0.6309297535714575,1.0,0.36907024642854247,1
arguana,test,test-education-egscphsrdt-con02a,1.0579064,0.030255437,0.18767917,0.052739426,0.86954045,0.013470113,0.09334183,0.67278683,0.046690464,0.32229787,0.8181818181818182,1.0,1.0,0.0,337,113,0.3562071871080222,0.3333333333333333,1.0,0.6666666666666667,1
arguana,test,test-education-egscphsrdt-con03a,0.9491068,0.03195125,0.09784567,0.030193945,0.8471082,0.039361656,0.09839952,0.47160518,0.03646934,0.14102003,0.42857142857142855,1.0,1.0,1.0,180,76,1.0,1.0,1.0,0.0,0
arguana,test,test-education-egscphsrdt-con01a,0.9714214,0.009392679,0.103719294,0.03184652,0.84132046,0.010846972,0.07070702,0.5125784,0.060055077,0.15697229,0.6666666666666666,1.0,1.0,1.0,373,108,0.43067655807339306,0.5,1.0,0.5,1
arguana,test,test-education-pshhghwpba0-pro02a,0.8617949,0.025394857,0.05618304,0.017581705,0.75699246,0.01277256,0.040553987,0.4539971,0.04141119,0.106960416,0.1111111111111111,1.0,0.0,1.0,105,67,0.0,0.0,0.6309297535714575,0.6309297535714575,1
arguana,test,test-education-pshhghwpba0-pro01a,0.8833148,0.015830994,0.07998568,0.025234593,0.81247956,0.04413104,0.08237052,0.38368872,0.04015562,0.12694427,0.25,0.0,1.0,1.0,86,53,0.38685280723454163,0.3333333333333333,1.0,0.6666666666666667,1
arguana,test,test-education-pshhghwpba0-pro03a,0.9383816,0.023484886,0.13575423,0.043374244,0.7934346,0.015640676,0.081181824,0.48315656,0.026147246,0.14424485,0.42857142857142855,1.0,1.0,1.0,174,103,0.0,0.0,0.0,0.0,0
arguana,test,test-education-pshhghwpba0-pro04a,0.8938613,0.0107114315,0.08930856,0.03002454,0.8084383,0.033870697,0.08350551,0.39805382,0.016525626,0.13088647,0.42857142857142855,0.0,1.0,0.0,65,54,0.3562071871080222,0.3333333333333333,1.0,0.6666666666666667,1
arguana,test,test-education-pshhghwpba0-con02a,0.84642375,0.0058799386,0.087156296,0.03271352,0.75577116,0.019622684,0.06754112,0.39745617,0.043530077,0.11121687,0.25,0.0,1.0,0.0,110,61,0.38685280723454163,0.38685280723454163,1.0,0.6131471927654584,1
arguana,test,test-education-pshhghwpba0-con04a,1.0181681,0.10541028,0.18303585,0.050376955,0.8408937,0.06323761,0.10275692,0.5909148,0.14057568,0.26671863,0.5384615384615384,1.0,1.0,1.0,193,103,1.0,1.0,1.0,0.0,0
arguana,test,test-education-pshhghwpba0-con03a,0.9695884,0.075803876,0.16470027,0.046487805,0.8104771,0.029943585,0.10562301,0.5303711,0.11274737,0.20479879,0.42857142857142855,1.0,1.0,1.0,132,82,0.0,0.0,0.3333333333333333,0.3333333333333333,1
arguana,test,test-education-pshhghwpba0-con01a,0.83937895,0.003915727,0.06361818,0.022046195,0.74682873,0.019111037,0.04888636,0.4402071,0.026432097,0.099472195,0.05263157894736842,0.0,0.0,0.0,79,49,0.6309297535714575,1.0,1.0,0.0,0
arguana,test,test-politics-nlpdwhbusbuc-pro02a,0.9836123,0.05521542,0.14119649,0.041661292,0.8262684,0.03968948,0.113098025,0.53376514,0.0028514266,0.1788339,0.6666666666666666,1.0,1.0,1.0,266,101,1.0,1.0,1.0,0.0,0
arguana,test,test-politics-nlpdwhbusbuc-pro01a,0.9771579,0.015899777,0.232598,0.0783518,0.80372214,0.013448715,0.13638288,0.6404002,0.062281013,0.23167801,0.5384615384615384,1.0,1.0,1.0,292,152,1.0,1.0,0.5,-0.5,0
arguana,test,test-politics-nlpdwhbusbuc-pro03a,0.9292201,0.017378092,0.1701678,0.059313837,0.7812034,0.005624056,0.11262596,0.5315723,0.019436598,0.21215764,0.42857142857142855,1.0,1.0,0.0,248,95,0.6309297535714575,1.0,1.0,0.0,0
arguana,test,test-politics-nlpdwhbusbuc-con02a,0.9746097,0.034597814,0.12012589,0.036539305,0.84529847,0.027114809,0.089746535,0.43103737,0.02028659,0.088496864,0.5384615384615384,1.0,1.0,1.0,275,115,1.0,1.0,1.0,0.0,0
arguana,test,test-politics-nlpdwhbusbuc-con03a,0.94882554,0.015003502,0.08270401,0.026470395,0.81912273,0.019494474,0.08543664,0.649772,0.101581156,0.3204472,0.8181818181818182,1.0,1.0,0.0,250,122,0.2890648263178879,0.2890648263178879,1.0,0.7109351736821121,1
arguana,test,test-politics-nlpdwhbusbuc-con01a,1.000998,0.03879285,0.21194965,0.07213871,0.83981866,0.021658301,0.13897711,0.5776077,0.040343046,0.27040297,0.42857142857142855,1.0,1.0,1.0,156,77,0.6309297535714575,0.6309297535714575,0.5,-0.13092975357145753,0
arguana,test,test-politics-oepghbrnsl-pro02a,0.92235744,0.018828273,0.12357885,0.03889281,0.81344426,0.019797564,0.08534104,0.36627486,0.0032309592,0.08573124,0.42857142857142855,1.0,1.0,1.0,128,76,0.31546487678572877,0.38685280723454163,0.3333333333333333,-0.053519473901208314,0
arguana,test,test-politics-oepghbrnsl-pro01a,0.9955325,0.15974736,0.21099424,0.060101356,0.8106753,0.086548924,0.115496576,0.6161907,0.22284198,0.265495,0.17647058823529413,1.0,1.0,1.0,211,118,1.0,1.0,1.0,0.0,0
arguana,test,test-politics-oepghbrnsl-pro03a,0.91324073,0.02311784,0.11907667,0.0337946,0.7912396,0.026897013,0.07427442,0.41926757,0.012597293,0.09425011,0.25,1.0,1.0,1.0,138,78,0.6309297535714575,0.3333333333333333,0.6309297535714575,0.2975964202381242,1
arguana,test,test-politics-oepghbrnsl-pro04a,0.8970123,0.023630142,0.08953571,0.027852342,0.7709064,0.01641345,0.05434698,0.42478356,0.0044305027,0.079512894,0.25,1.0,1.0,1.0,183,108,1.0,0.6309297535714575,1.0,0.36907024642854247,1
arguana,test,test-politics-oepghbrnsl-con02a,0.89074045,0.007160127,0.088707566,0.025388736,0.7740108,0.014026225,0.05504507,0.43858358,0.0145017505,0.10299423,0.5384615384615384,1.0,1.0,1.0,399,150,1.0,1.0,1.0,0.0,0
arguana,test,test-politics-oepghbrnsl-con04a,1.000845,0.06820232,0.24465603,0.07456471,0.7941916,0.011974871,0.1255877,0.6888443,0.15062243,0.33208892,0.42857142857142855,1.0,1.0,1.0,167,105,1.0,1.0,1.0,0.0,0
arguana,test,test-politics-oepghbrnsl-con03a,0.910519,0.007043898,0.12358451,0.044539675,0.7459328,0.005127609,0.045503438,0.5486207,0.0063877106,0.15279421,0.17647058823529413,1.0,1.0,1.0,343,151,0.5,1.0,0.5,-0.5,0
arguana,test,test-politics-oepghbrnsl-con01a,0.8675604,0.034781814,0.07580608,0.022047738,0.7474861,0.023758829,0.05154133,0.47424272,0.0425559,0.08458635,0.1111111111111111,1.0,0.0,1.0,194,114,1.0,1.0,0.6309297535714575,-0.36907024642854247,0
arguana,test,test-politics-oeplhbuwhmi-pro02a,0.9518557,0.006901145,0.11950803,0.04666775,0.829346,0.01704979,0.089925945,0.44219452,0.023867875,0.052048385,0.25,1.0,1.0,1.0,95,64,0.31546487678572877,0.38685280723454163,1.0,0.6131471927654584,1
arguana,test,test-politics-oeplhbuwhmi-pro01a,1.0124031,0.07269752,0.14294022,0.03543215,0.8763367,0.047015965,0.1034742,0.51776147,0.00831902,0.12417072,0.5384615384615384,1.0,1.0,1.0,144,74,1.0,1.0,1.0,0.0,0
arguana,test,test-politics-oeplhbuwhmi-pro03a,0.9339961,0.013413429,0.10102713,0.033232953,0.7888691,0.03915435,0.07489443,0.6148984,0.09709948,0.16033253,0.1111111111111111,0.0,1.0,0.0,271,155,0.2890648263178879,0.6309297535714575,0.6309297535714575,0.0,0
arguana,test,test-politics-oeplhbuwhmi-pro04a,0.9234104,0.012493551,0.1016711,0.038188085,0.7829385,0.0036745071,0.059054792,0.46823972,0.0069670677,0.077326655,0.25,1.0,1.0,1.0,113,67,0.0,0.0,0.0,0.0,0
arguana,test,test-politics-oeplhbuwhmi-con02a,0.8994445,0.014385581,0.112588584,0.039623935,0.7895389,0.05033809,0.10592514,0.49084815,0.0046544373,0.10703963,0.1111111111111111,0.0,0.0,1.0,202,97,0.5,0.6309297535714575,1.0,0.36907024642854247,1
arguana,test,test-politics-oeplhbuwhmi-con04a,1.0035703,0.02649194,0.096788466,0.02935671,0.8520862,0.017852783,0.0768109,0.57981104,0.038523197,0.13519293,0.17647058823529413,1.0,0.0,1.0,219,110,0.38685280723454163,0.2890648263178879,0.6309297535714575,0.34186492725356965,1
arguana,test,test-politics-oeplhbuwhmi-con03a,0.9562881,0.00904268,0.07453191,0.027314138,0.78613174,0.025968611,0.047316074,0.66274583,0.037039638,0.14342433,0.25,1.0,1.0,1.0,310,155,1.0,1.0,1.0,0.0,0
arguana,test,test-politics-oeplhbuwhmi-con01a,0.8574251,0.008677661,0.06963575,0.022537615,0.7634079,0.01643151,0.061277807,0.42572385,0.03567183,0.106758446,0.1111111111111111,0.0,0.0,1.0,132,79,0.3562071871080222,0.3562071871080222,0.5,0.14379281289197782,1
arguana,test,test-politics-oapghwliva-pro01a,0.9164628,0.014086366,0.14110124,0.049074266,0.7909197,0.020100474,0.09266734,0.5443655,0.10055423,0.24190056,0.42857142857142855,1.0,1.0,0.0,250,128,0.0,0.0,0.31546487678572877,0.31546487678572877,1
arguana,test,test-politics-oapghwliva-con02a,1.7360463,0.7992495,1.0258875,0.28682733,0.94499063,0.19682443,0.3102367,2.636852,2.0080833,2.2641203,0.3333333333333333,1.0,1.0,1.0,511,230,1.0,1.0,1.0,0.0,0
arguana,test,test-politics-oapghwliva-con03a,0.93388075,0.0012530088,0.20474267,0.07869845,0.7922588,0.03258866,0.13926315,0.61058056,0.029878616,0.34402433,0.42857142857142855,1.0,1.0,0.0,220,113,0.5,1.0,0.3562071871080222,-0.6437928128919779,0
arguana,test,test-politics-oapghwliva-con01a,0.9765452,0.048963666,0.25001228,0.086929075,0.8033812,0.03200513,0.13404399,0.5772132,0.010736287,0.27542964,0.5384615384615384,1.0,1.0,1.0,239,104,1.0,1.0,1.0,0.0,0
arguana,test,test-politics-dhbanhrnw-pro02a,1.0689689,0.057577133,0.11705738,0.03374395,0.8263102,0.0,0.038176537,0.837469,0.09327531,0.26869023,0.42857142857142855,0.0,1.0,0.0,384,192,0.31546487678572877,0.43067655807339306,0.6309297535714575,0.20025319549806447,1
arguana,test,test-politics-dhbanhrnw-pro05a,1.0059128,0.02151668,0.10804832,0.032705817,0.8216767,0.019337952,0.058330476,0.6254753,0.00087344646,0.15283877,0.42857142857142855,1.0,1.0,1.0,224,117,0.0,0.0,1.0,1.0,1
arguana,test,test-politics-dhbanhrnw-pro01a,1.4001389,0.3012588,0.3612888,0.10134149,0.92346543,0.08727622,0.1109367,1.5889115,0.5933936,0.7723315,0.25,1.0,1.0,1.0,475,230,0.6309297535714575,0.6309297535714575,0.6309297535714575,0.0,0
arguana,test,test-politics-dhbanhrnw-pro03a,1.7354606,0.66649175,0.781008,0.22691093,0.97592944,0.14961922,0.18600392,2.5317705,1.6943015,1.9563615,0.42857142857142855,1.0,1.0,1.0,384,192,0.3010299956639812,0.38685280723454163,0.6309297535714575,0.2440769463369159,1
arguana,test,test-politics-dhbanhrnw-pro04a,1.3611139,0.108190894,0.4053362,0.13500616,0.8686579,0.027514637,0.10369563,1.6415201,0.19433749,0.94496125,0.25,1.0,1.0,1.0,330,179,0.43067655807339306,0.43067655807339306,0.5,0.06932344192660694,1
arguana,test,test-politics-dhbanhrnw-con02a,1.0559001,0.01091814,0.081689,0.025574133,0.84543246,0.021241665,0.049179792,0.8291752,0.04081446,0.24689358,0.3333333333333333,0.0,0.0,0.0,355,195,0.0,0.0,0.0,0.0,0
arguana,test,test-politics-dhbanhrnw-con05a,1.660316,0.63253224,0.74511373,0.21417046,0.95616364,0.13587731,0.20031995,2.3471742,1.5703917,1.7753981,0.3333333333333333,1.0,1.0,1.0,419,206,1.0,1.0,1.0,0.0,0
arguana,test,test-politics-dhbanhrnw-con04a,1.044082,0.014957428,0.07850224,0.026687857,0.84576654,0.0,0.0462296,0.7891559,0.12930828,0.22648442,0.25,0.0,1.0,0.0,300,164,0.43067655807339306,0.3562071871080222,1.0,0.6437928128919779,1
arguana,test,test-politics-dhbanhrnw-con03a,0.94057435,0.05140263,0.089800656,0.02457212,0.7738218,0.0070177913,0.028600454,0.5558419,0.0006364584,0.13430256,0.1111111111111111,1.0,1.0,1.0,242,131,1.0,1.0,0.6309297535714575,-0.36907024642854247,0
arguana,test,test-politics-dhbanhrnw-con01a,0.9966289,0.006859958,0.10163903,0.033635635,0.77391756,0.015465677,0.06234914,0.81984246,0.018951893,0.1929149,0.3333333333333333,1.0,0.0,0.0,511,271,0.0,0.0,0.43067655807339306,0.43067655807339306,1
arguana,test,test-politics-cdfsaphgiap-pro02a,1.3498372,0.45033824,0.60755,0.17292792,0.95964116,0.16196173,0.27188408,1.3006533,0.9612549,1.0646298,0.42857142857142855,1.0,1.0,1.0,214,93,0.38685280723454163,0.3333333333333333,0.6309297535714575,0.2975964202381242,1
arguana,test,test-politics-cdfsaphgiap-pro01a,1.2456809,0.34164333,0.5056576,0.14444117,0.9393302,0.1436134,0.24045277,1.0211691,0.66009986,0.8103085,0.17647058823529413,1.0,1.0,1.0,155,86,0.0,0.0,0.0,0.0,0
arguana,test,test-politics-cdfsaphgiap-pro03a,1.3044758,0.4502951,0.5124049,0.14742285,0.968217,0.18618965,0.2335257,1.1208627,0.79419106,0.8586402,0.1111111111111111,1.0,1.0,1.0,196,87,0.0,0.0,0.0,0.0,0
arguana,test,test-politics-cdfsaphgiap-pro04a,1.3878496,0.6045313,0.66661,0.18993802,0.96079093,0.23579073,0.29329962,1.4235289,1.1282053,1.1708596,0.17647058823529413,1.0,1.0,1.0,209,105,0.0,0.0,0.0,0.0,0
arguana,test,test-politics-cdfsaphgiap-con02a,1.3328711,0.5082238,0.61066794,0.17470203,0.9569508,0.23403728,0.28791803,1.2530677,0.9139551,1.0245581,0.25,1.0,1.0,1.0,214,99,0.5,0.38685280723454163,0.6309297535714575,0.2440769463369159,1
arguana,test,test-politics-cdfsaphgiap-con04a,1.4164525,0.592708,0.7029605,0.20492557,0.9716387,0.23895448,0.32054102,1.4827126,1.1524646,1.2492114,0.3333333333333333,1.0,1.0,1.0,215,101,0.5,0.5,0.6309297535714575,0.13092975357145753,1
arguana,test,test-politics-cdfsaphgiap-con03a,1.4860206,0.6707432,0.70781624,0.20923714,0.95008445,0.2004615,0.25737554,1.7864536,1.3500718,1.4892889,0.17647058823529413,1.0,1.0,1.0,266,107,0.0,0.0,0.5,0.5,1
arguana,test,test-politics-cdfsaphgiap-con01a,1.3866532,0.53127545,0.5709016,0.16636966,0.97932875,0.22226864,0.25103855,1.3577482,0.9414141,1.0860264,0.3333333333333333,1.0,1.0,1.0,222,100,0.3562071871080222,0.43067655807339306,1.0,0.5693234419266069,1
arguana,test,test-politics-ghbgussbsbt-pro02a,1.1376554,0.084237814,0.23164725,0.06587662,0.8201279,0.03255987,0.09531802,1.0584248,0.041451454,0.49834806,0.8181818181818182,1.0,1.0,1.0,287,138,0.5,0.3333333333333333,1.0,0.6666666666666667,1
arguana,test,test-politics-ghbgussbsbt-pro01a,1.0987254,0.055763483,0.18760043,0.06333233,0.8417956,0.02081412,0.080486834,0.9474434,0.21248841,0.48150262,0.6666666666666666,1.0,1.0,0.0,217,92,0.43067655807339306,1.0,1.0,0.0,0
arguana,test,test-politics-ghbgussbsbt-pro03a,0.91156375,0.00057315826,0.11434841,0.042532716,0.7500031,0.004761219,0.059422255,0.6043856,0.04633242,0.20781553,0.42857142857142855,1.0,1.0,1.0,253,130,0.6309297535714575,0.5,1.0,0.5,1
arguana,test,test-politics-ghbgussbsbt-pro04a,1.125154,0.00046658516,0.18085706,0.0675483,0.8549352,0.037083626,0.09610474,1.0654393,0.12142539,0.45433062,0.5384615384615384,1.0,1.0,1.0,269,148,1.0,1.0,1.0,0.0,0
arguana,test,test-politics-ghbgussbsbt-con02a,1.0331715,0.064864695,0.22399813,0.07417472,0.8202847,0.04219711,0.121005416,0.71441025,0.004787743,0.34360534,0.3333333333333333,1.0,1.0,1.0,230,103,0.43067655807339306,0.5,0.5,0.0,0
arguana,test,test-politics-ghbgussbsbt-con04a,0.97018135,0.041574717,0.14799392,0.048309367,0.79768777,0.029012084,0.074380755,0.5969988,0.02202034,0.1578519,0.25,1.0,1.0,1.0,266,133,1.0,1.0,1.0,0.0,0
arguana,test,test-politics-ghbgussbsbt-con03a,1.0891888,0.1237821,0.2464155,0.07245312,0.8143325,0.027795494,0.08829999,1.0088394,0.34667516,0.52660304,0.3333333333333333,1.0,1.0,0.0,339,198,0.5,1.0,1.0,0.0,0
arguana,test,test-politics-ghbgussbsbt-con01a,1.0137477,0.07295936,0.15810692,0.04335176,0.81599003,0.01833129,0.0669198,0.72029626,0.17428565,0.3348931,0.3333333333333333,1.0,1.0,0.0,213,88,0.5,1.0,0.6309297535714575,-0.36907024642854247,0
arguana,test,test-politics-oapdhwinkp-pro02a,0.92921716,0.06483328,0.11891961,0.036525577,0.7858731,0.046875894,0.07007319,0.47781345,0.050610125,0.16830042,0.42857142857142855,1.0,1.0,1.0,238,113,0.0,0.0,1.0,1.0,1
arguana,test,test-politics-oapdhwinkp-pro01a,0.86726236,0.00451988,0.046303153,0.015333009,0.76269794,0.012745082,0.049540758,0.5220794,0.02174002,0.1265895,0.17647058823529413,0.0,0.0,0.0,286,151,0.0,0.0,0.0,0.0,0
arguana,test,test-politics-oapdhwinkp-pro03a,0.9136356,0.067982614,0.10578418,0.029495154,0.80402225,0.049518466,0.08055264,0.3978786,0.0005505383,0.07383534,0.17647058823529413,1.0,0.0,1.0,334,114,1.0,1.0,0.6309297535714575,-0.36907024642854247,0
arguana,test,test-politics-oapdhwinkp-con02a,0.9137498,0.02257067,0.06496251,0.019455563,0.7595388,0.001311481,0.034100235,0.51403666,0.033757985,0.079647124,0.17647058823529413,1.0,1.0,1.0,361,196,0.31546487678572877,0.2890648263178879,1.0,0.7109351736821121,1
arguana,test,test-politics-oapdhwinkp-con03a,0.8982041,0.007011771,0.08304161,0.027142562,0.78174484,0.012458086,0.05397111,0.4231729,0.020674765,0.111866415,0.6666666666666666,1.0,1.0,1.0,259,110,0.6309297535714575,0.38685280723454163,1.0,0.6131471927654584,1
arguana,test,test-politics-oapdhwinkp-con01a,0.97367644,0.033591032,0.20656776,0.07161514,0.81416124,0.014609516,0.12591165,0.5317174,0.009854078,0.20103365,0.3333333333333333,1.0,1.0,1.0,266,130,0.6309297535714575,1.0,1.0,0.0,0
arguana,test,test-politics-epvhbfsmsaop-pro02a,0.9495549,0.007146001,0.13928658,0.047619022,0.78570104,0.00622797,0.07254863,0.5953561,0.028416634,0.22306809,0.3333333333333333,1.0,1.0,0.0,308,159,0.5,0.5,1.0,0.5,1
arguana,test,test-politics-epvhbfsmsaop-pro01a,1.0258822,0.049046278,0.21230221,0.07055946,0.76861644,0.0011252761,0.0839808,0.86130345,0.08220518,0.38480353,0.5384615384615384,1.0,1.0,0.0,475,235,1.0,0.6309297535714575,0.43067655807339306,-0.20025319549806447,0
arguana,test,test-politics-epvhbfsmsaop-pro03a,0.9780764,0.014452219,0.13630468,0.04776985,0.8072937,0.00078994036,0.0534364,0.70621693,0.09875697,0.38560766,0.42857142857142855,1.0,0.0,0.0,352,127,0.31546487678572877,0.2890648263178879,0.6309297535714575,0.34186492725356965,1
arguana,test,test-politics-epvhbfsmsaop-con02a,0.9077824,0.050020814,0.12095028,0.035711415,0.7470487,0.0012738705,0.035690844,0.54002523,0.0230124,0.22351947,0.1111111111111111,0.0,1.0,0.0,294,148,0.3010299956639812,0.3010299956639812,1.0,0.6989700043360187,1
arguana,test,test-politics-epvhbfsmsaop-con03a,0.8243343,0.010304451,0.044067502,0.01350513,0.7308573,0.0043023825,0.031825542,0.46548545,0.0045904517,0.13671547,0.0,0.0,0.0,1.0,320,169,0.43067655807339306,1.0,1.0,0.0,0
arguana,test,test-politics-epvhbfsmsaop-con01a,0.9968109,0.0027086735,0.15427023,0.056172848,0.7975802,0.00439167,0.09427196,0.8014624,0.122721195,0.28695995,0.42857142857142855,1.0,1.0,0.0,367,205,0.38685280723454163,0.38685280723454163,0.43067655807339306,0.04382375083885143,1
arguana,test,test-politics-cpegiepgh-pro02a,1.0510049,0.029450774,0.19517022,0.06132548,0.85380393,0.009542048,0.09344602,0.6573363,0.06636232,0.28293276,0.6666666666666666,1.0,1.0,1.0,295,149,0.6309297535714575,0.6309297535714575,1.0,0.36907024642854247,1
arguana,test,test-politics-cpegiepgh-pro01a,1.033358,1.1205673e-05,0.14852118,0.04378978,0.8582418,0.030294895,0.0870533,0.6847037,0.101020575,0.24178159,0.8181818181818182,1.0,1.0,0.0,226,126,0.3333333333333333,0.5,1.0,0.5,1
arguana,test,test-politics-cpegiepgh-pro03a,0.97554874,0.01789385,0.100565016,0.029260976,0.84628195,0.027666926,0.082455754,0.46716553,0.03627628,0.10111308,0.6666666666666666,1.0,1.0,1.0,162,83,1.0,1.0,1.0,0.0,0
arguana,test,test-politics-cpegiepgh-pro04a,0.89397883,0.03926152,0.08517158,0.02347403,0.7532699,0.0030346513,0.047416627,0.46902966,0.036450952,0.1254142,0.42857142857142855,1.0,1.0,1.0,197,84,0.43067655807339306,1.0,0.5,-0.5,0
arguana,test,test-politics-cpegiepgh-con02a,1.0074371,0.024167538,0.12067604,0.03529754,0.8366646,0.008642316,0.06272352,0.6122558,0.043014348,0.1762552,0.3333333333333333,1.0,1.0,1.0,252,104,1.0,1.0,1.0,0.0,0
arguana,test,test-politics-cpegiepgh-con03a,1.0070969,0.08621043,0.22639191,0.06576614,0.8365371,0.054661453,0.15068543,0.5685324,0.06968257,0.21718088,0.5384615384615384,1.0,1.0,1.0,314,162,1.0,1.0,1.0,0.0,0
arguana,test,test-politics-cpegiepgh-con01a,1.0696542,0.0312469,0.17293131,0.05748234,0.859172,0.03459847,0.09567082,0.7127794,0.011172056,0.24651012,0.42857142857142855,1.0,1.0,1.0,244,153,1.0,1.0,1.0,0.0,0
arguana,test,test-politics-cpecfiepg-pro02a,1.9115388,0.72502494,0.85474515,0.24103937,0.9799948,0.110799074,0.15700746,3.1051466,2.0341222,2.3559241,0.6666666666666666,1.0,1.0,1.0,417,213,0.43067655807339306,0.43067655807339306,1.0,0.5693234419266069,1
arguana,test,test-politics-cpecfiepg-pro01a,1.8998282,0.74415684,0.99931616,0.28105706,0.9733312,0.10525781,0.22565806,3.0883234,2.0778162,2.5149202,0.42857142857142855,1.0,1.0,1.0,376,212,0.5,0.6309297535714575,0.6309297535714575,0.0,0
arguana,test,test-politics-cpecfiepg-pro03a,1.5036676,0.37175977,0.47653747,0.13576907,0.9757385,0.086922884,0.13936776,1.7597632,0.8221996,1.1185746,0.6666666666666666,1.0,1.0,1.0,193,100,0.43067655807339306,0.43067655807339306,1.0,0.5693234419266069,1
arguana,test,test-politics-cpecfiepg-con02a,1.6160746,0.47462022,0.6018342,0.1712358,0.9776385,0.101242006,0.14068544,2.1281204,1.2443781,1.5280719,0.5384615384615384,1.0,1.0,1.0,285,166,0.0,0.0,0.38685280723454163,0.38685280723454163,1
arguana,test,test-politics-cpecfiepg-con04a,1.5388725,0.4253093,0.51555884,0.14682321,0.9750763,0.093844056,0.13267457,1.8793205,1.0394645,1.2555444,0.42857142857142855,1.0,1.0,1.0,286,150,0.0,0.0,0.43067655807339306,0.43067655807339306,1
arguana,test,test-politics-cpecfiepg-con03a,1.537472,0.4897647,0.5585441,0.15832205,0.9770085,0.102766275,0.1661818,1.8682116,1.1410841,1.2898021,0.3333333333333333,1.0,1.0,1.0,276,139,0.38685280723454163,0.43067655807339306,1.0,0.5693234419266069,1
arguana,test,test-politics-cpecfiepg-con01a,1.8176773,0.66183746,0.80446684,0.22925086,0.9811208,0.12939304,0.18614775,2.788521,1.772176,2.121589,0.8181818181818182,1.0,1.0,1.0,396,213,0.3333333333333333,0.3010299956639812,0.6309297535714575,0.32989975790747633,1
arguana,test,test-politics-ypppgvhwmv-pro02a,0.98291826,0.057834864,0.09177387,0.026905384,0.836236,0.03126961,0.06797153,0.5670177,0.04231906,0.13777134,0.05263157894736842,1.0,0.0,1.0,244,122,1.0,1.0,0.6309297535714575,-0.36907024642854247,0
arguana,test,test-politics-ypppgvhwmv-pro05a,0.93478143,0.0362674,0.07664472,0.021540089,0.79590464,0.008895636,0.048412204,0.46292257,0.013400167,0.06895441,0.3333333333333333,1.0,1.0,1.0,275,90,1.0,0.43067655807339306,0.6309297535714575,0.20025319549806447,1
arguana,test,test-politics-ypppgvhwmv-pro01a,1.1438727,0.18495214,0.33769995,0.099373184,0.88066393,0.079423785,0.1565013,0.87736267,0.35176122,0.533126,0.1111111111111111,1.0,1.0,1.0,180,102,0.6309297535714575,0.6309297535714575,0.3562071871080222,-0.27472256646343535,0
arguana,test,test-politics-ypppgvhwmv-pro03a,1.0072337,0.041112423,0.10797113,0.031287786,0.8471188,0.0268265,0.08353245,0.5337165,0.0063015223,0.079056114,0.42857142857142855,1.0,1.0,1.0,222,97,0.5,0.6309297535714575,0.3333333333333333,-0.2975964202381242,0
arguana,test,test-politics-ypppgvhwmv-pro04a,0.96533287,0.029357255,0.18737292,0.06413296,0.812498,0.019664526,0.1263507,0.5772284,0.06777871,0.24389562,0.3333333333333333,1.0,1.0,1.0,235,85,1.0,1.0,1.0,0.0,0
arguana,test,test-politics-ypppgvhwmv-con02a,0.9068077,0.014108896,0.10385841,0.034808237,0.78962886,0.010546207,0.08209169,0.4871295,0.028413534,0.13644347,0.17647058823529413,0.0,0.0,0.0,257,127,0.5,1.0,0.6309297535714575,-0.36907024642854247,0
arguana,test,test-politics-ypppgvhwmv-con03a,0.96422637,0.02043581,0.114144325,0.037174065,0.80925816,0.00095534325,0.06497264,0.5165606,0.06493476,0.14116254,0.3333333333333333,1.0,1.0,1.0,172,96,0.0,0.0,0.2890648263178879,0.2890648263178879,1
arguana,test,test-politics-ypppgvhwmv-con01a,1.0145233,0.007537365,0.120919585,0.042647872,0.8293686,0.0053058863,0.06236428,0.61718214,0.0074380636,0.12605023,0.3333333333333333,1.0,1.0,1.0,313,139,1.0,1.0,0.43067655807339306,-0.5693234419266069,0
arguana,test,test-politics-pgsimhwoia-pro02a,0.8970391,0.018597186,0.060899556,0.019102998,0.7660001,0.02297002,0.05027175,0.5234241,0.010415673,0.11307576,0.25,1.0,1.0,1.0,244,143,0.6309297535714575,0.5,0.6309297535714575,0.13092975357145753,1
arguana,test,test-politics-pgsimhwoia-pro01a,0.94371545,0.017867208,0.07792032,0.026216058,0.81470317,0.016475677,0.06218481,0.5501018,0.061195195,0.13457632,0.3333333333333333,1.0,1.0,1.0,188,117,1.0,0.6309297535714575,1.0,0.36907024642854247,1
arguana,test,test-politics-pgsimhwoia-pro03a,1.0348345,0.025483489,0.12994003,0.04189554,0.8328609,0.0029218793,0.063605666,0.7131125,0.06833053,0.23961353,0.5384615384615384,1.0,1.0,0.0,227,120,0.38685280723454163,0.3562071871080222,0.38685280723454163,0.030645620126519446,1
arguana,test,test-politics-pgsimhwoia-con02a,0.9120246,0.017087221,0.104028106,0.033741117,0.76526576,0.003968239,0.052143514,0.5285715,0.03556958,0.12728372,0.25,1.0,1.0,0.0,266,154,0.5,0.43067655807339306,1.0,0.5693234419266069,1
arguana,test,test-politics-pgsimhwoia-con03a,0.9363483,0.029017806,0.08096278,0.02475468,0.7912754,0.023975909,0.046408415,0.6393132,0.10123372,0.20734921,0.17647058823529413,1.0,0.0,1.0,206,123,0.0,0.0,0.0,0.0,0
arguana,test,test-politics-pgsimhwoia-con01a,0.9471253,0.0053967237,0.10236019,0.035441026,0.81860816,0.022718608,0.072526574,0.50411916,0.049084783,0.10883647,0.17647058823529413,1.0,1.0,0.0,212,103,1.0,0.6309297535714575,1.0,0.36907024642854247,1
arguana,test,test-politics-mtpghwaacb-pro02a,1.5907696,0.5444528,0.62692684,0.1781234,0.9851131,0.12620676,0.18158144,2.018855,1.3384356,1.4685898,0.6666666666666666,1.0,1.0,1.0,335,126,0.3562071871080222,0.31546487678572877,0.3562071871080222,0.04074231032229342,1
arguana,test,test-politics-mtpghwaacb-pro01a,1.497874,0.46911335,0.5770017,0.16269313,0.9948127,0.124942124,0.20390522,1.6768711,1.1120658,1.2327832,0.6666666666666666,1.0,1.0,1.0,449,130,0.43067655807339306,0.3333333333333333,0.5,0.16666666666666669,1
arguana,test,test-politics-mtpghwaacb-pro03a,1.4395905,0.015019298,0.48896462,0.18075553,0.9890151,0.016241312,0.16702485,1.5059912,0.0040735006,1.0581021,0.6666666666666666,1.0,1.0,1.0,266,94,0.31546487678572877,0.3333333333333333,0.5,0.16666666666666669,1
arguana,test,test-politics-mtpghwaacb-con02a,1.3844044,0.44311273,0.56608576,0.16333964,0.98546094,0.16299152,0.2525463,1.3298116,0.9187808,1.0282793,0.5384615384615384,1.0,1.0,1.0,266,98,0.5,0.6309297535714575,0.5,-0.13092975357145753,0
arguana,test,test-politics-mtpghwaacb-con03a,1.3900589,0.278978,0.49743623,0.14216822,0.97969705,0.08295661,0.18915176,1.3678728,0.6534049,1.0335836,0.5384615384615384,1.0,1.0,1.0,261,81,0.0,0.0,0.43067655807339306,0.43067655807339306,1
arguana,test,test-politics-mtpghwaacb-con01a,1.5296621,0.5604378,0.60781,0.1770389,0.97462934,0.15556347,0.18973053,1.8501093,1.2610576,1.4169631,0.6666666666666666,1.0,1.0,1.0,346,115,0.0,0.0,0.43067655807339306,0.43067655807339306,1
arguana,test,test-politics-oglilpdwhsn-pro02a,1.9012064,0.72390115,0.9160423,0.26373258,0.98190093,0.15817755,0.19250298,3.0643513,1.885745,2.407806,0.42857142857142855,1.0,1.0,1.0,511,261,0.0,0.0,0.43067655807339306,0.43067655807339306,1
arguana,test,test-politics-oglilpdwhsn-pro01a,2.0802011,0.9362271,1.0276033,0.29649252,0.9823044,0.15906888,0.17861289,3.6596553,2.5645504,2.873445,1.0,1.0,1.0,1.0,511,260,0.0,0.0,0.0,0.0,0
arguana,test,test-politics-oglilpdwhsn-pro03a,2.0212183,0.8597051,0.98885834,0.2874322,0.9661146,0.12678361,0.19190729,3.5170121,2.4430714,2.6622655,0.5384615384615384,1.0,1.0,1.0,511,270,0.31546487678572877,0.3010299956639812,0.6309297535714575,0.32989975790747633,1
arguana,test,test-politics-oglilpdwhsn-con02a,1.6757758,0.4691441,0.72251624,0.19981368,0.9854718,0.09452987,0.2133587,2.3010135,1.2487146,1.6659732,0.5384615384615384,1.0,1.0,1.0,511,220,0.5,0.6309297535714575,0.6309297535714575,0.0,0
arguana,test,test-politics-oglilpdwhsn-con04a,1.4982523,0.42110348,0.6216365,0.18267414,0.9616201,0.14097744,0.23073828,1.7887739,0.93375355,1.3101835,0.8181818181818182,1.0,1.0,1.0,315,121,0.5,0.5,0.6309297535714575,0.13092975357145753,1
arguana,test,test-politics-oglilpdwhsn-con03a,1.8907034,0.68949556,0.8403516,0.2372537,0.9710764,0.09046227,0.16392964,3.0654233,1.9378228,2.2414982,0.6666666666666666,1.0,1.0,1.0,511,247,0.31546487678572877,0.38685280723454163,0.43067655807339306,0.04382375083885143,1
arguana,test,test-politics-oglilpdwhsn-con01a,1.8464775,0.6602224,0.7995118,0.21965879,0.9776833,0.114697754,0.17005056,2.8959804,1.8001285,2.0681987,0.6666666666666666,1.0,1.0,1.0,511,256,0.3562071871080222,0.43067655807339306,0.38685280723454163,-0.04382375083885143,0
arguana,test,test-politics-grcrgshwbr-pro02a,0.92741376,0.028993666,0.12909901,0.03659186,0.77914864,0.0054611564,0.052193046,0.4942171,0.028957248,0.19316569,0.5384615384615384,1.0,1.0,1.0,204,87,0.38685280723454163,0.5,0.3333333333333333,-0.16666666666666669,0
arguana,test,test-politics-grcrgshwbr-pro05a,0.91080475,0.0,0.088581264,0.030015968,0.7805407,0.0,0.057025075,0.43421337,0.0,0.11764395,0.42857142857142855,1.0,1.0,1.0,219,87,1.0,1.0,0.43067655807339306,-0.5693234419266069,0
arguana,test,test-politics-grcrgshwbr-pro01a,1.0601574,0.083087444,0.23956293,0.07420926,0.86021954,0.039346755,0.11411387,0.6664597,0.14580238,0.3867569,0.6666666666666666,1.0,1.0,1.0,212,84,0.43067655807339306,0.43067655807339306,0.5,0.06932344192660694,1
arguana,test,test-politics-grcrgshwbr-pro03a,1.0737728,0.08224207,0.20980752,0.06265278,0.8828958,0.053400695,0.108216405,0.63625634,0.09613776,0.33564958,0.42857142857142855,1.0,1.0,1.0,253,96,0.5,0.5,0.5,0.0,0
arguana,test,test-politics-grcrgshwbr-pro04a,0.93253064,0.09746647,0.12294859,0.034863107,0.79669386,0.04082936,0.06444347,0.45278925,0.1027731,0.21104246,0.25,1.0,1.0,1.0,187,70,0.0,0.0,0.0,0.0,0
arguana,test,test-politics-grcrgshwbr-con02a,1.0519005,0.0,0.15001357,0.047380876,0.87570804,0.0,0.09358966,0.5873082,0.0,0.17883697,0.5384615384615384,1.0,1.0,0.0,139,66,0.38685280723454163,0.43067655807339306,0.5,0.06932344192660694,1
arguana,test,test-politics-grcrgshwbr-con04a,0.8962538,0.008799553,0.062004983,0.0193694,0.7814504,0.00064742565,0.037647724,0.3848361,0.03148994,0.09853938,0.5384615384615384,1.0,1.0,0.0,182,85,0.0,0.0,0.31546487678572877,0.31546487678572877,1
arguana,test,test-politics-grcrgshwbr-con03a,0.9512002,0.0,0.10139632,0.04443645,0.8478794,0.0,0.08620292,0.3724509,0.0,0.08140147,0.3333333333333333,1.0,1.0,0.0,230,76,0.43067655807339306,0.43067655807339306,0.6309297535714575,0.20025319549806447,1
arguana,test,test-politics-grcrgshwbr-con01a,0.93821007,0.0,0.0791772,0.02715165,0.81459355,0.0,0.04838258,0.43175036,0.019695371,0.09691167,0.6666666666666666,1.0,1.0,1.0,180,85,1.0,0.5,1.0,0.5,1
arguana,test,test-politics-dhwem-pro02a,0.88729966,0.030126035,0.09711635,0.030559529,0.7799577,0.003058195,0.0659979,0.36565816,0.00785166,0.104837835,0.17647058823529413,1.0,1.0,1.0,163,89,0.0,0.0,1.0,1.0,1
arguana,test,test-politics-dhwem-pro06a,0.86234593,0.014647543,0.07391274,0.022057338,0.77602875,0.009765208,0.0664835,0.3502869,0.0151185095,0.05601856,0.42857142857142855,0.0,0.0,0.0,194,98,0.0,0.0,0.0,0.0,0
arguana,test,test-politics-dhwem-pro05a,0.97494745,0.028365135,0.13860416,0.043292813,0.81434745,0.016639173,0.07860845,0.5353332,0.0390864,0.1602835,0.3333333333333333,1.0,1.0,1.0,224,112,0.43067655807339306,0.38685280723454163,1.0,0.6131471927654584,1
arguana,test,test-politics-dhwem-pro01a,0.862557,0.021032631,0.07709432,0.023464415,0.7811077,0.021662772,0.068077624,0.36587438,0.079683036,0.13849369,0.42857142857142855,0.0,1.0,0.0,146,79,0.0,0.0,0.0,0.0,0
arguana,test,test-politics-dhwem-pro03a,0.892196,0.021238565,0.06615901,0.019381883,0.7846033,0.0032606125,0.049656868,0.36375782,0.0051154494,0.0642423,0.25,1.0,1.0,1.0,247,110,0.2890648263178879,0.2890648263178879,1.0,0.7109351736821121,1
arguana,test,test-politics-dhwem-pro04a,0.9251866,0.033546925,0.08972573,0.028751269,0.7809337,0.00018161535,0.04424125,0.4814484,0.019055635,0.16916013,0.25,1.0,1.0,0.0,161,95,0.38685280723454163,0.43067655807339306,1.0,0.5693234419266069,1
arguana,test,test-politics-dhwem-con02a,0.86879,0.030987978,0.08744675,0.02561755,0.7710122,0.02320695,0.066355646,0.3259259,0.0077489614,0.04431343,0.25,1.0,1.0,1.0,190,97,1.0,1.0,1.0,0.0,0
arguana,test,test-politics-dhwem-con04a,0.8206543,0.0050524473,0.059591115,0.019975424,0.7576595,0.001085639,0.049032986,0.308253,0.010667384,0.05128926,0.1111111111111111,0.0,0.0,1.0,166,83,0.3010299956639812,0.31546487678572877,1.0,0.6845351232142712,1
arguana,test,test-politics-dhwem-con03a,0.81547135,0.005926311,0.0685485,0.023647975,0.7281891,0.0008124113,0.051065445,0.3355098,0.020146996,0.06306878,0.25,1.0,0.0,1.0,135,86,0.2890648263178879,0.3010299956639812,1.0,0.6989700043360187,1
arguana,test,test-politics-dhwem-con01a,0.9679803,0.06666213,0.107613325,0.029762238,0.80640626,0.011872411,0.046337664,0.5385802,0.15050203,0.19639653,0.25,1.0,1.0,1.0,217,111,0.6309297535714575,0.3562071871080222,1.0,0.6437928128919779,1
arguana,test,test-politics-eppghwlrba-pro02a,0.9183187,0.019845843,0.102758884,0.033747338,0.7470247,0.005031526,0.032550693,0.5877516,0.079413295,0.22447625,0.25,1.0,1.0,0.0,166,89,1.0,0.6309297535714575,1.0,0.36907024642854247,1
arguana,test,test-politics-eppghwlrba-pro01a,0.8410881,0.027934551,0.091295004,0.027171686,0.7403407,0.016716719,0.051353395,0.3377834,0.0019587278,0.053212643,0.1111111111111111,1.0,0.0,1.0,130,74,0.5,0.5,0.31546487678572877,-0.18453512321427123,0
arguana,test,test-politics-eppghwlrba-pro03a,0.9205638,0.02939725,0.17024022,0.06480073,0.78567,0.013144195,0.08774871,0.49345997,0.119004935,0.26888323,0.17647058823529413,1.0,1.0,0.0,120,63,0.5,0.6309297535714575,0.31546487678572877,-0.31546487678572877,0
arguana,test,test-politics-eppghwlrba-pro04a,0.8497211,0.0546422,0.097393334,0.026976004,0.7437938,0.025329173,0.05310768,0.353091,0.0051151514,0.11592202,0.3333333333333333,1.0,1.0,1.0,95,59,1.0,0.6309297535714575,1.0,0.36907024642854247,1
arguana,test,test-politics-eppghwlrba-con02a,1.0354626,0.06899667,0.12779266,0.037486196,0.79883164,0.0066479445,0.03624803,0.7887698,0.11907357,0.27673823,0.3333333333333333,1.0,1.0,1.0,222,130,0.5,0.38685280723454163,1.0,0.6131471927654584,1
arguana,test,test-politics-eppghwlrba-con04a,0.8975024,0.0251863,0.075650215,0.021572832,0.78382295,0.0063328743,0.03985411,0.40673518,0.06459862,0.11759803,0.25,0.0,1.0,0.0,202,102,0.43067655807339306,0.31546487678572877,1.0,0.6845351232142712,1
arguana,test,test-politics-eppghwlrba-con03a,1.0469854,0.20848429,0.34399545,0.097687095,0.79715884,0.06931871,0.13438481,0.83275515,0.4494526,0.6265435,0.17647058823529413,1.0,1.0,1.0,82,55,0.3333333333333333,0.3562071871080222,0.38685280723454163,0.030645620126519446,1
arguana,test,test-politics-eppghwlrba-con01a,0.8930389,0.0111044645,0.07902843,0.026340533,0.77004147,0.0020591617,0.047345757,0.41570312,0.0057115555,0.092101485,0.17647058823529413,1.0,1.0,1.0,120,69,0.5,0.6309297535714575,1.0,0.36907024642854247,1
arguana,test,test-politics-eppghwgpi-pro02a,0.89689314,0.02951163,0.062030196,0.017188024,0.777416,0.01881522,0.044741094,0.53811884,0.0484401,0.12713683,0.0,0.0,0.0,1.0,473,220,1.0,1.0,1.0,0.0,0
arguana,test,test-politics-eppghwgpi-pro05a,0.85244256,0.005708635,0.07754797,0.025282271,0.7971883,0.027433991,0.075535476,0.3477881,0.07544467,0.12440202,0.05263157894736842,0.0,0.0,1.0,155,58,1.0,1.0,1.0,0.0,0
arguana,test,test-politics-eppghwgpi-pro01a,0.86584234,0.023764372,0.07584965,0.022081122,0.76017666,0.026065707,0.05715072,0.42956337,0.030718535,0.12345427,0.3333333333333333,1.0,1.0,1.0,414,220,0.38685280723454163,0.3562071871080222,1.0,0.6437928128919779,1
arguana,test,test-politics-eppghwgpi-pro03a,0.9346623,0.00320822,0.046033144,0.016966218,0.8103358,0.0023046136,0.03140962,0.49262777,0.007813007,0.1167458,0.17647058823529413,0.0,0.0,0.0,366,130,0.0,0.0,0.31546487678572877,0.31546487678572877,1
arguana,test,test-politics-eppghwgpi-pro04a,0.9385197,0.03663391,0.14653075,0.045345716,0.8175061,0.010195851,0.08639842,0.40337873,0.020115793,0.15083516,0.17647058823529413,1.0,1.0,1.0,178,85,0.3333333333333333,0.3562071871080222,0.6309297535714575,0.27472256646343535,1
arguana,test,test-politics-eppghwgpi-con02a,0.8324836,0.025726795,0.073081315,0.02198338,0.77705383,0.013001561,0.052245677,0.2389398,0.026201561,0.047565803,0.0,0.0,0.0,1.0,114,72,0.0,0.0,0.38685280723454163,0.38685280723454163,1
arguana,test,test-politics-eppghwgpi-con05a,0.8988153,0.0010421872,0.06271827,0.02534026,0.79142827,0.0036577582,0.032515943,0.39522824,0.03727159,0.11678231,0.3333333333333333,1.0,1.0,1.0,199,105,0.38685280723454163,0.38685280723454163,1.0,0.6131471927654584,1
arguana,test,test-politics-eppghwgpi-con04a,1.0003963,0.06878632,0.16770256,0.045387115,0.8599696,0.028672934,0.09565014,0.46808884,0.028354049,0.1989514,0.3333333333333333,1.0,1.0,1.0,130,54,0.6309297535714575,0.6309297535714575,0.5,-0.13092975357145753,0
arguana,test,test-politics-eppghwgpi-con03a,0.8467058,0.0057810545,0.06524277,0.02327405,0.76212525,0.002265811,0.043750167,0.319202,0.009719253,0.046557784,0.1111111111111111,0.0,0.0,0.0,155,82,1.0,1.0,1.0,0.0,0
arguana,test,test-politics-eppghwgpi-con01a,0.8972162,0.05111891,0.11949098,0.03478707,0.79662204,0.026949823,0.07054222,0.34610748,0.010793626,0.09928362,0.17647058823529413,1.0,0.0,1.0,148,70,0.31546487678572877,0.3010299956639812,0.43067655807339306,0.12964656240941186,1
arguana,test,test-politics-glgvhbqssc-pro02a,1.0912405,0.10366213,0.2593692,0.07918677,0.854288,0.050372303,0.16231292,0.78984165,0.15861225,0.32558918,0.3333333333333333,1.0,1.0,1.0,330,133,0.6309297535714575,0.6309297535714575,0.6309297535714575,0.0,0
arguana,test,test-politics-glgvhbqssc-pro01a,1.1351187,0.13702089,0.38052386,0.10800875,0.8542308,0.061528802,0.1854003,0.936293,0.25164038,0.5625297,0.42857142857142855,1.0,1.0,1.0,389,147,1.0,1.0,1.0,0.0,0
arguana,test,test-politics-glgvhbqssc-pro03a,1.0783696,0.012604594,0.2262215,0.08063765,0.8587247,0.031231284,0.14016283,0.79423857,0.028096437,0.31631646,0.5384615384615384,1.0,1.0,1.0,298,129,1.0,1.0,1.0,0.0,0
arguana,test,test-politics-glgvhbqssc-con02a,0.98741037,0.032369375,0.17306465,0.04987384,0.8282226,0.02979666,0.10729432,0.5461057,0.015479684,0.2114757,0.3333333333333333,1.0,1.0,1.0,270,127,0.3010299956639812,0.31546487678572877,0.3333333333333333,0.01786845654760455,1
arguana,test,test-politics-glgvhbqssc-con01a,1.0238092,0.09162855,0.2525015,0.07540812,0.86504656,0.10280931,0.19496417,0.6625478,0.09606981,0.27309668,0.5384615384615384,1.0,1.0,1.0,347,143,1.0,1.0,1.0,0.0,0
arguana,test,test-politics-gvhwhnerse-pro02a,0.8756234,0.019757032,0.096058786,0.032099906,0.7692256,0.030844033,0.078094065,0.486084,0.024748504,0.11915615,0.17647058823529413,0.0,1.0,0.0,308,160,0.3333333333333333,0.31546487678572877,0.31546487678572877,0.0,0
arguana,test,test-politics-gvhwhnerse-pro01a,0.9574911,0.037069857,0.09085572,0.026936537,0.8317871,0.021036923,0.05965185,0.4255387,0.0065253377,0.09934211,0.42857142857142855,1.0,1.0,1.0,272,129,1.0,0.43067655807339306,1.0,0.5693234419266069,1
arguana,test,test-politics-gvhwhnerse-pro03a,0.8892019,0.01782453,0.06599343,0.021486834,0.801236,0.007056594,0.06377745,0.38331598,0.005500585,0.040578455,0.05263157894736842,0.0,0.0,0.0,178,94,1.0,0.43067655807339306,1.0,0.5693234419266069,1
arguana,test,test-politics-gvhwhnerse-pro04a,0.87193054,0.00067830086,0.04245293,0.01479968,0.8196844,0.034647286,0.07412022,0.4296801,0.012629092,0.101958096,0.1111111111111111,0.0,0.0,0.0,245,114,0.5,0.6309297535714575,0.31546487678572877,-0.31546487678572877,0
arguana,test,test-politics-gvhwhnerse-con02a,0.9904349,0.02848947,0.1442033,0.04881393,0.81489754,0.006452441,0.0716877,0.58512455,0.027248025,0.16806898,0.17647058823529413,1.0,1.0,1.0,314,161,0.0,0.0,0.0,0.0,0
arguana,test,test-politics-gvhwhnerse-con04a,0.905339,0.0357337,0.10176659,0.030988285,0.77319413,0.00123775,0.047526717,0.44460866,0.046387374,0.12366563,0.1111111111111111,0.0,1.0,0.0,281,134,0.0,0.0,0.0,0.0,0
arguana,test,test-politics-gvhwhnerse-con03a,0.92510736,0.009641707,0.08537668,0.029164923,0.83027256,0.001083374,0.054335713,0.40212923,0.0053693354,0.09730199,0.17647058823529413,0.0,1.0,0.0,198,88,0.6309297535714575,1.0,1.0,0.0,0
arguana,test,test-politics-gvhwhnerse-con01a,1.0200945,0.020709395,0.1493156,0.051193584,0.818355,0.0027924776,0.066338,0.67246485,0.05972308,0.2494506,0.25,1.0,1.0,1.0,330,147,0.6309297535714575,1.0,1.0,0.0,0
arguana,test,test-politics-lghwdecm-pro02a,1.0513031,0.0075358152,0.1707812,0.04806594,0.8570665,0.0050181746,0.079159975,0.6474553,0.008391976,0.23091727,0.8181818181818182,1.0,1.0,1.0,341,164,0.6309297535714575,0.6309297535714575,1.0,0.36907024642854247,1
arguana,test,test-politics-lghwdecm-pro01a,1.0264217,0.08731794,0.17159587,0.04976462,0.8573938,0.043105245,0.10180712,0.5634263,0.09531045,0.2083365,0.3333333333333333,1.0,1.0,1.0,217,112,0.6309297535714575,0.5,1.0,0.5,1
arguana,test,test-politics-lghwdecm-pro03a,0.95951504,0.0063359737,0.09764898,0.03227368,0.8107452,0.016630828,0.046576798,0.5513356,0.0016803741,0.16295454,0.6666666666666666,1.0,1.0,0.0,246,148,0.3562071871080222,0.31546487678572877,1.0,0.6845351232142712,1
arguana,test,test-politics-lghwdecm-pro04a,0.9552319,0.018728137,0.14704019,0.050694384,0.7848274,0.011543095,0.06693381,0.60649204,0.10090423,0.28842658,0.5384615384615384,1.0,1.0,0.0,230,116,0.0,0.0,1.0,1.0,1
arguana,test,test-politics-lghwdecm-con02a,0.9355793,0.0048301816,0.15749425,0.057122685,0.77959526,0.0017398,0.07366055,0.5377685,0.033922315,0.24031544,0.3333333333333333,1.0,1.0,0.0,325,177,0.43067655807339306,0.3010299956639812,1.0,0.6989700043360187,1
arguana,test,test-politics-lghwdecm-con04a,0.82362753,0.011315763,0.0839501,0.028573291,0.7460954,0.014112711,0.06263018,0.31472927,0.07405749,0.10821587,0.25,1.0,1.0,0.0,143,78,0.38685280723454163,0.3333333333333333,1.0,0.6666666666666667,1
arguana,test,test-politics-lghwdecm-con03a,0.949578,0.05747515,0.21237582,0.06288936,0.84656465,0.06612885,0.17397141,0.37222335,0.028845578,0.09466365,0.3333333333333333,1.0,1.0,1.0,164,93,1.0,1.0,1.0,0.0,0
arguana,test,test-politics-lghwdecm-con01a,0.88566935,0.016842306,0.092828274,0.030021202,0.8184182,0.031412303,0.08481622,0.2727372,0.018366575,0.08925119,0.8181818181818182,1.0,1.0,1.0,179,73,0.5,0.5,0.6309297535714575,0.13092975357145753,1
arguana,test,test-politics-ypppdghwid-pro02a,0.89542115,0.0066933036,0.07200503,0.021265546,0.81172806,0.0048919916,0.051062822,0.4087365,0.016666085,0.09830165,0.0,0.0,0.0,0.0,197,96,1.0,0.6309297535714575,1.0,0.36907024642854247,1
arguana,test,test-politics-ypppdghwid-pro01a,0.8906402,0.023177624,0.07157713,0.021293106,0.79578394,0.014616847,0.05000502,0.32423985,0.00094902515,0.041437656,0.25,1.0,1.0,1.0,195,92,0.6309297535714575,0.31546487678572877,1.0,0.6845351232142712,1
arguana,test,test-politics-ypppdghwid-pro03a,0.9566471,0.09283996,0.13598722,0.038414985,0.77627903,0.017534018,0.051552176,0.6012269,0.15108132,0.20912623,0.05263157894736842,1.0,1.0,1.0,190,104,1.0,1.0,1.0,0.0,0
arguana,test,test-politics-ypppdghwid-pro04a,0.9917493,0.04955387,0.13574332,0.041131936,0.8346834,0.026629388,0.07991493,0.6631013,0.13954836,0.27512157,0.17647058823529413,1.0,0.0,1.0,222,83,1.0,1.0,1.0,0.0,0
arguana,test,test-politics-ypppdghwid-con02a,0.87285256,0.0237934,0.06497222,0.020351863,0.7826166,0.00023472309,0.039830565,0.32183003,0.017196,0.04193726,0.17647058823529413,0.0,0.0,0.0,189,86,1.0,0.5,1.0,0.5,1
arguana,test,test-politics-ypppdghwid-con05a,0.9251106,0.015120208,0.10028362,0.031836037,0.8044945,0.0007417202,0.06596762,0.51933044,0.07927975,0.16509122,0.17647058823529413,1.0,0.0,1.0,284,107,1.0,0.6309297535714575,1.0,0.36907024642854247,1
arguana,test,test-politics-ypppdghwid-con04a,0.91371197,0.008140743,0.056837022,0.019312343,0.8097834,0.0031152368,0.059084773,0.52017826,0.03358069,0.178047,0.1111111111111111,0.0,0.0,0.0,168,91,0.6309297535714575,0.5,0.3562071871080222,-0.14379281289197782,0
arguana,test,test-politics-ypppdghwid-con03a,1.0007865,0.058462024,0.13304597,0.03571881,0.8406047,0.025045037,0.07337016,0.53393954,0.020694554,0.118415296,0.25,1.0,1.0,1.0,300,129,0.3333333333333333,0.43067655807339306,0.6309297535714575,0.20025319549806447,1
arguana,test,test-politics-ypppdghwid-con01a,1.0092897,0.078614,0.14695305,0.042004436,0.84327406,0.016396463,0.07337201,0.5533854,0.086794496,0.20813441,0.42857142857142855,1.0,1.0,1.0,175,83,0.6309297535714575,0.43067655807339306,1.0,0.5693234419266069,1
arguana,test,test-politics-gvhbhlsbr-pro02a,0.9356612,0.005935788,0.08863437,0.030311989,0.7941685,0.0023391843,0.05606383,0.50234604,0.004567206,0.09322026,0.5384615384615384,0.0,1.0,0.0,203,105,0.5,0.43067655807339306,1.0,0.5693234419266069,1
arguana,test,test-politics-gvhbhlsbr-pro01a,0.95539474,0.024121165,0.15747857,0.050717168,0.8090468,0.019546628,0.08953059,0.4993424,0.011516064,0.16442952,0.5384615384615384,1.0,1.0,1.0,112,70,0.38685280723454163,0.31546487678572877,0.6309297535714575,0.31546487678572877,1
arguana,test,test-politics-gvhbhlsbr-pro03a,0.99736357,0.03418863,0.20621449,0.06529795,0.8360913,0.02237922,0.11740589,0.5375743,0.039364755,0.22635552,0.5384615384615384,1.0,1.0,1.0,189,79,0.43067655807339306,0.43067655807339306,1.0,0.5693234419266069,1
arguana,test,test-politics-gvhbhlsbr-pro04a,0.9444851,0.013507783,0.11396378,0.039329603,0.80487555,0.00035458803,0.0625214,0.49455243,0.028005183,0.19137242,0.5384615384615384,1.0,1.0,0.0,142,68,0.5,1.0,1.0,0.0,0
arguana,test,test-politics-gvhbhlsbr-con02a,1.0039461,0.028280258,0.2152434,0.07282036,0.87507737,0.03969407,0.14855307,0.46760845,0.03804624,0.20706314,0.5384615384615384,1.0,1.0,1.0,181,72,1.0,1.0,1.0,0.0,0
arguana,test,test-politics-gvhbhlsbr-con04a,0.9472044,0.023407996,0.10717827,0.035766535,0.8075723,0.0030955076,0.06703675,0.47575873,0.04132858,0.12710884,0.3333333333333333,1.0,1.0,0.0,193,106,0.5,0.5,1.0,0.5,1
arguana,test,test-politics-gvhbhlsbr-con03a,0.91827464,0.018968046,0.07224971,0.024105389,0.7917066,0.014860868,0.05112648,0.5081718,0.026538849,0.11744258,0.1111111111111111,0.0,0.0,0.0,337,159,0.5,1.0,1.0,0.0,0
arguana,test,test-politics-gvhbhlsbr-con01a,0.98953205,0.040584862,0.140948,0.039296184,0.85298365,0.03973192,0.113446176,0.53096604,0.0758048,0.17946076,0.6666666666666666,1.0,1.0,1.0,113,72,0.5,0.43067655807339306,1.0,0.5693234419266069,1
arguana,test,test-politics-cdmaggpdgdf-pro02a,0.94758207,0.06950015,0.11681056,0.03128055,0.8183521,0.04631591,0.07884401,0.44520378,0.005301416,0.037759185,0.1111111111111111,1.0,0.0,1.0,243,121,0.3562071871080222,0.3010299956639812,1.0,0.6989700043360187,1
arguana,test,test-politics-cdmaggpdgdf-pro05a,1.0247762,0.045236766,0.2320872,0.070793666,0.7862495,0.0044981837,0.10496521,0.81008285,0.16578305,0.3949742,0.5384615384615384,1.0,1.0,0.0,332,146,1.0,1.0,1.0,0.0,0
arguana,test,test-politics-cdmaggpdgdf-pro01a,0.9312145,0.0038411021,0.09664488,0.033352483,0.78019214,0.005932629,0.057412863,0.6092557,0.060935974,0.18309718,0.17647058823529413,1.0,0.0,1.0,334,165,0.5,1.0,1.0,0.0,0
arguana,test,test-politics-cdmaggpdgdf-pro03a,0.9175719,0.0046177506,0.10986632,0.04219571,0.76124907,0.0039213896,0.059996307,0.52107614,0.0023212433,0.11162728,0.17647058823529413,1.0,1.0,1.0,277,130,0.3333333333333333,0.3333333333333333,1.0,0.6666666666666667,1
arguana,test,test-politics-cdmaggpdgdf-pro04a,0.9080756,0.047365725,0.12194097,0.033035323,0.770244,0.0034388304,0.077626765,0.46710473,0.0076661706,0.09820944,0.1111111111111111,1.0,0.0,1.0,231,123,0.6309297535714575,0.43067655807339306,1.0,0.5693234419266069,1
arguana,test,test-politics-cdmaggpdgdf-con02a,0.876475,0.019991398,0.07670933,0.023405958,0.77062565,0.012090147,0.05364847,0.42497972,0.00088074803,0.0922485,0.1111111111111111,1.0,0.0,1.0,228,117,0.31546487678572877,0.3010299956639812,0.6309297535714575,0.32989975790747633,1
arguana,test,test-politics-cdmaggpdgdf-con05a,0.95660913,0.09696114,0.14615554,0.041519403,0.7857032,0.03790182,0.077833354,0.56968635,0.09789872,0.20259082,0.17647058823529413,1.0,1.0,1.0,351,149,1.0,1.0,1.0,0.0,0
arguana,test,test-politics-cdmaggpdgdf-con04a,0.969182,0.035560012,0.11939609,0.03959849,0.7912842,0.006960511,0.06860918,0.6317173,0.03872454,0.18307933,0.17647058823529413,1.0,1.0,1.0,511,188,0.6309297535714575,0.6309297535714575,1.0,0.36907024642854247,1
arguana,test,test-politics-cdmaggpdgdf-con03a,0.84196836,0.0018072724,0.06660086,0.02337223,0.7143479,0.0015889406,0.030462086,0.4775958,0.021689653,0.08805582,0.1111111111111111,0.0,0.0,0.0,451,198,0.6309297535714575,0.6309297535714575,1.0,0.36907024642854247,1
arguana,test,test-politics-cdmaggpdgdf-con01a,0.8598113,0.0090943575,0.047715783,0.014508052,0.7831865,0.005342424,0.06765485,0.4669621,0.057035506,0.1588406,0.17647058823529413,0.0,0.0,1.0,262,126,1.0,0.3562071871080222,1.0,0.6437928128919779,1
arguana,test,test-politics-oepdlhfcefp-pro02a,1.399364,0.49513006,0.54491913,0.15772873,0.96763796,0.1810208,0.22865546,1.4390866,1.0227258,1.1006047,0.3333333333333333,1.0,1.0,1.0,288,104,0.0,0.0,0.6309297535714575,0.6309297535714575,1
arguana,test,test-politics-oepdlhfcefp-pro01a,1.393176,0.5084051,0.5765407,0.16468912,0.965636,0.18300933,0.21901476,1.4251332,0.9960194,1.0905225,0.3333333333333333,1.0,1.0,1.0,243,125,0.5,0.6309297535714575,1.0,0.36907024642854247,1
arguana,test,test-politics-oepdlhfcefp-pro03a,1.3987513,0.5139903,0.5866542,0.16794288,0.97085136,0.20283085,0.2628485,1.426333,1.0268972,1.1003536,0.6666666666666666,1.0,1.0,1.0,246,98,0.2890648263178879,0.3562071871080222,0.6309297535714575,0.27472256646343535,1
arguana,test,test-politics-oepdlhfcefp-pro04a,1.3411465,0.4078157,0.44156826,0.12933537,0.9576543,0.15803796,0.20358211,1.2783073,0.7444551,0.91297126,0.6666666666666666,1.0,1.0,1.0,267,104,0.2890648263178879,0.3333333333333333,0.38685280723454163,0.053519473901208314,1
arguana,test,test-politics-oepdlhfcefp-con02a,1.262008,0.33702195,0.42189223,0.119119994,0.957228,0.14200246,0.20577604,1.0159333,0.5911399,0.75319076,0.5384615384615384,1.0,1.0,1.0,221,100,0.3562071871080222,0.3562071871080222,0.0,-0.3562071871080222,0
arguana,test,test-politics-oepdlhfcefp-con03a,1.1768001,0.28722823,0.3616159,0.100687854,0.95028085,0.14651853,0.21427679,0.75506413,0.3679765,0.47409374,0.17647058823529413,1.0,1.0,1.0,202,81,0.38685280723454163,0.3010299956639812,0.3333333333333333,0.03230333766935212,1
arguana,test,test-politics-oepdlhfcefp-con01a,1.2287055,0.3747102,0.42935735,0.12343981,0.9596119,0.1896345,0.22845083,0.89697874,0.56599534,0.63317555,0.17647058823529413,1.0,1.0,1.0,164,78,0.0,0.0,0.0,0.0,0
arguana,test,test-politics-glghssi-pro02a,0.8833345,0.04811895,0.1245805,0.038805366,0.74725914,8.72612e-05,0.0744881,0.4535845,0.0045948923,0.1121231,0.1111111111111111,1.0,1.0,1.0,221,93,0.5,0.6309297535714575,1.0,0.36907024642854247,1
arguana,test,test-politics-glghssi-pro01a,0.8805656,0.037632525,0.14733016,0.046667904,0.761547,0.03854102,0.089644015,0.40416855,0.00744009,0.15561092,0.3333333333333333,1.0,1.0,1.0,174,81,0.43067655807339306,0.43067655807339306,0.6309297535714575,0.20025319549806447,1
arguana,test,test-politics-glghssi-pro03a,0.85537237,0.02067709,0.094070315,0.031211182,0.7616556,0.0075561404,0.07492584,0.46575612,0.0801903,0.15775076,0.05263157894736842,0.0,0.0,0.0,221,140,0.6309297535714575,1.0,0.6309297535714575,-0.36907024642854247,0
arguana,test,test-politics-glghssi-con02a,0.8413317,0.058045328,0.1086148,0.032446425,0.7268413,0.037709713,0.06748682,0.41435888,0.03266391,0.10624084,0.1111111111111111,1.0,0.0,1.0,163,94,0.6309297535714575,0.6309297535714575,1.0,0.36907024642854247,1
arguana,test,test-politics-glghssi-con03a,0.8876456,0.09076744,0.12771428,0.03345288,0.7858308,0.06209469,0.108145595,0.3740844,0.0045948625,0.07353395,0.25,1.0,0.0,1.0,193,110,1.0,1.0,1.0,0.0,0
arguana,test,test-politics-glghssi-con01a,0.87328506,0.040681362,0.07275444,0.021421837,0.7649197,0.014652967,0.033795416,0.39818597,0.03696823,0.14266455,0.17647058823529413,1.0,0.0,1.0,186,87,1.0,1.0,1.0,0.0,0
arguana,test,test-culture-mmciahbans-pro02a,0.9095595,0.057849705,0.1649515,0.041938495,0.76584977,0.011373401,0.103708506,0.4790324,0.06712404,0.13963562,0.17647058823529413,1.0,1.0,1.0,284,158,0.6309297535714575,0.6309297535714575,0.6309297535714575,0.0,0
arguana,test,test-culture-mmciahbans-pro01a,1.2863643,0.48612046,0.6066214,0.17662913,0.9457929,0.2361806,0.33401918,1.1352379,0.8030543,0.87755436,0.25,1.0,1.0,1.0,132,68,1.0,1.0,1.0,0.0,0
arguana,test,test-culture-mmciahbans-pro03a,0.8902605,0.080590665,0.18250531,0.05338959,0.7902636,0.09299749,0.1485945,0.3895573,0.05623418,0.1868451,0.17647058823529413,1.0,1.0,1.0,172,83,1.0,1.0,1.0,0.0,0
arguana,test,test-culture-mmciahbans-con02a,0.85238254,0.0028142333,0.07604408,0.025651036,0.78002024,0.014079332,0.08361614,0.4218356,0.008947313,0.099206865,0.1111111111111111,0.0,0.0,1.0,233,121,1.0,0.5,0.6309297535714575,0.13092975357145753,1
arguana,test,test-culture-mmciahbans-con04a,0.81215024,0.04804921,0.11765581,0.03543693,0.7012665,0.0154441595,0.06077689,0.36961228,0.0012367368,0.12025854,0.17647058823529413,1.0,1.0,1.0,188,114,0.0,0.0,0.0,0.0,0
arguana,test,test-culture-mmciahbans-con03a,0.8836274,0.044382274,0.17164135,0.052713234,0.766175,0.015292168,0.096595645,0.4424819,0.17912629,0.21158941,0.3333333333333333,1.0,1.0,0.0,151,74,0.5,0.43067655807339306,0.5,0.06932344192660694,1
arguana,test,test-culture-mmciahbans-con01a,0.84898233,0.01131165,0.11061531,0.038949035,0.78655493,0.019777358,0.0884226,0.23631036,0.008846015,0.056675017,0.3333333333333333,1.0,1.0,1.0,94,59,0.3333333333333333,0.3333333333333333,1.0,0.6666666666666667,1
arguana,test,test-culture-mthbah-pro02a,0.98082566,0.13641477,0.2131095,0.059376758,0.83167213,0.099487305,0.13218099,0.49717847,0.08525932,0.19691077,0.17647058823529413,1.0,1.0,1.0,226,123,1.0,1.0,1.0,0.0,0
arguana,test,test-culture-mthbah-pro05a,0.8674927,0.004108906,0.06287873,0.019675296,0.77666897,0.0009892583,0.041396618,0.41946688,0.043496728,0.14530075,0.3333333333333333,1.0,0.0,1.0,103,63,0.38685280723454163,0.43067655807339306,1.0,0.5693234419266069,1
arguana,test,test-culture-mthbah-pro01a,1.0406041,0.008029342,0.2448774,0.085649066,0.84227484,0.043601096,0.14832205,0.7796699,0.118572354,0.37639132,0.42857142857142855,1.0,1.0,1.0,176,110,1.0,1.0,1.0,0.0,0
arguana,test,test-culture-mthbah-pro03a,1.009307,0.052162826,0.1511535,0.048309967,0.8101341,0.018449068,0.08921248,0.72540665,0.15605915,0.31377378,0.42857142857142855,0.0,1.0,0.0,171,98,0.5,1.0,1.0,0.0,0
arguana,test,test-culture-mthbah-pro04a,0.93690825,0.0026917458,0.11428368,0.034644973,0.8109476,0.0031827688,0.06573081,0.54883385,0.08191344,0.21346366,0.5384615384615384,1.0,1.0,0.0,206,91,0.5,0.6309297535714575,1.0,0.36907024642854247,1
arguana,test,test-culture-mthbah-con02a,0.89690626,0.029046297,0.06741345,0.019651279,0.7717401,0.0066405535,0.045384705,0.56501776,0.056002617,0.18690762,0.17647058823529413,0.0,1.0,0.0,146,94,0.43067655807339306,0.3333333333333333,1.0,0.6666666666666667,1
arguana,test,test-culture-mthbah-con04a,0.89887404,0.08454752,0.13663638,0.039284807,0.7895843,0.04828626,0.1064378,0.3903414,0.0039148033,0.107301,0.17647058823529413,1.0,0.0,1.0,150,82,1.0,1.0,1.0,0.0,0
arguana,test,test-culture-mthbah-con03a,0.9374528,0.011969209,0.09644616,0.03400054,0.7732646,0.008575022,0.043937564,0.6751531,0.12304646,0.25326282,0.17647058823529413,1.0,0.0,1.0,180,86,1.0,1.0,0.6309297535714575,-0.36907024642854247,0
arguana,test,test-culture-mthbah-con01a,0.9276078,0.06262553,0.11683452,0.031273767,0.79546684,0.040461063,0.09726751,0.45439702,0.008181691,0.08008295,0.5384615384615384,1.0,1.0,1.0,102,63,1.0,1.0,1.0,0.0,0
arguana,test,test-culture-ahrtsdlgra-pro02a,0.9364817,0.04414189,0.14022505,0.041919757,0.79577434,0.009424925,0.06430954,0.46902445,0.11572316,0.15626219,0.17647058823529413,1.0,1.0,1.0,304,116,0.6309297535714575,0.6309297535714575,0.6309297535714575,0.0,0
arguana,test,test-culture-ahrtsdlgra-pro01a,0.7847286,0.039425015,0.058295667,0.015701309,0.7338633,0.029260099,0.04735422,0.21416365,0.018830463,0.04806365,0.05263157894736842,1.0,0.0,1.0,186,74,1.0,1.0,1.0,0.0,0
arguana,test,test-culture-ahrtsdlgra-pro03a,0.83028275,0.027515829,0.058514416,0.01728074,0.7666698,0.027819037,0.057327747,0.33373833,0.028965145,0.11369008,0.17647058823529413,0.0,0.0,0.0,245,85,1.0,1.0,0.6309297535714575,-0.36907024642854247,0
arguana,test,test-culture-ahrtsdlgra-con02a,0.8673508,0.007046044,0.06281257,0.020276347,0.78104377,0.008304417,0.03140086,0.36657822,0.008959711,0.090500295,0.1111111111111111,1.0,1.0,1.0,180,79,0.2890648263178879,0.3562071871080222,0.43067655807339306,0.07446937096537087,1
arguana,test,test-culture-ahrtsdlgra-con03a,0.94270986,0.07932037,0.1491502,0.0404864,0.8023651,0.0234012,0.083643615,0.46781585,0.10163468,0.26161635,0.5384615384615384,1.0,1.0,1.0,258,91,0.6309297535714575,0.6309297535714575,0.6309297535714575,0.0,0
arguana,test,test-culture-ahrtsdlgra-con01a,0.91551733,0.034091532,0.18489063,0.05033951,0.7961836,0.012381732,0.11627692,0.39777905,0.06721079,0.20521784,0.5384615384615384,1.0,1.0,1.0,302,102,0.5,0.38685280723454163,1.0,0.6131471927654584,1
arguana,test,test-culture-ascidfakhba-pro02a,1.6132332,0.44871688,0.65200555,0.185711,0.9402362,0.10207933,0.18042535,2.2433233,1.1554585,1.5324554,0.25,1.0,1.0,1.0,447,237,0.0,0.0,0.43067655807339306,0.43067655807339306,1
arguana,test,test-culture-ascidfakhba-pro01a,1.3678313,0.12355554,0.28805363,0.08381473,0.8907118,0.01924032,0.08167368,1.5903986,0.29039812,0.72326046,0.8181818181818182,1.0,1.0,1.0,511,258,0.31546487678572877,0.3562071871080222,0.6309297535714575,0.27472256646343535,1
arguana,test,test-culture-ascidfakhba-pro03a,1.0593249,0.031570792,0.17362142,0.05314393,0.7832391,0.001892209,0.053072155,0.92028564,0.042972267,0.40695053,0.3333333333333333,1.0,1.0,1.0,350,175,0.38685280723454163,0.3562071871080222,0.43067655807339306,0.07446937096537087,1
arguana,test,test-culture-ascidfakhba-pro04a,1.2550547,0.3214612,0.38473898,0.110514194,0.852487,0.055349767,0.11085951,1.341892,0.7229228,0.8669365,0.17647058823529413,1.0,1.0,1.0,482,257,0.2890648263178879,0.38685280723454163,0.6309297535714575,0.2440769463369159,1
arguana,test,test-culture-ascidfakhba-con02a,1.1289012,0.06779289,0.21208066,0.067810036,0.83387554,0.009724081,0.07611245,0.98341894,0.17996722,0.44395143,0.25,1.0,1.0,1.0,425,190,0.0,0.0,0.3333333333333333,0.3333333333333333,1
arguana,test,test-culture-ascidfakhba-con04a,1.0740237,0.14826912,0.20314491,0.054299764,0.87191576,0.048122764,0.08641404,0.6736931,0.20825475,0.31059223,0.3333333333333333,1.0,1.0,1.0,194,86,0.0,0.0,0.5,0.5,1
arguana,test,test-culture-ascidfakhba-con03a,1.320287,0.1351856,0.38927478,0.122666165,0.89365506,0.03750235,0.113250315,1.4221063,0.32561076,0.82691187,0.3333333333333333,1.0,1.0,1.0,302,129,0.0,0.0,0.6309297535714575,0.6309297535714575,1
arguana,test,test-culture-ascidfakhba-con01a,1.2389646,0.08465028,0.26537782,0.085066564,0.8935926,0.045430124,0.10700965,1.15124,0.1307342,0.4637609,0.3333333333333333,1.0,1.0,1.0,437,209,0.0,0.0,0.0,0.0,0
arguana,test,test-culture-mmctghwbsa-pro02a,0.9062904,0.06884837,0.12904793,0.038998846,0.7600883,0.0052327514,0.04722953,0.4873404,0.10424906,0.19716117,0.17647058823529413,1.0,1.0,1.0,141,72,0.38685280723454163,0.43067655807339306,0.43067655807339306,0.0,0
arguana,test,test-culture-mmctghwbsa-pro01a,1.0181464,0.057404876,0.18203467,0.056255743,0.806,0.04197222,0.084237516,0.70715475,0.051442266,0.30395955,0.42857142857142855,1.0,1.0,1.0,257,109,1.0,1.0,1.0,0.0,0
arguana,test,test-culture-mmctghwbsa-pro03a,0.8563545,0.011795044,0.057776928,0.01713159,0.7408855,0.026242495,0.052072644,0.48144406,0.014470309,0.096547425,0.6666666666666666,1.0,1.0,1.0,145,79,0.5,0.3333333333333333,0.6309297535714575,0.2975964202381242,1
arguana,test,test-culture-mmctghwbsa-pro04a,0.90988743,0.02243805,0.15346587,0.05349181,0.8028569,0.053528905,0.13369489,0.5177397,0.05315891,0.19245675,0.5384615384615384,1.0,1.0,1.0,237,102,0.5,0.6309297535714575,0.6309297535714575,0.0,0
arguana,test,test-culture-mmctghwbsa-con02a,1.0022137,0.024637163,0.16320282,0.055104747,0.8109242,0.008181691,0.07795447,0.6376317,0.054851472,0.28244528,0.42857142857142855,1.0,1.0,1.0,196,84,0.2890648263178879,0.3010299956639812,1.0,0.6989700043360187,1
arguana,test,test-culture-mmctghwbsa-con04a,0.9021995,0.008897066,0.0958119,0.03215121,0.77479553,0.010144174,0.05766511,0.42883682,0.004156947,0.090495706,0.25,1.0,1.0,1.0,215,89,1.0,0.6309297535714575,1.0,0.36907024642854247,1
arguana,test,test-culture-mmctghwbsa-con03a,0.8926878,0.051035047,0.12913954,0.039421014,0.76760083,0.025117397,0.08035827,0.41695645,0.054220438,0.1170899,0.3333333333333333,1.0,1.0,1.0,210,92,1.0,1.0,1.0,0.0,0
arguana,test,test-culture-mmctghwbsa-con01a,0.85866183,0.041325033,0.09937155,0.028581513,0.7654044,0.008936882,0.06503892,0.3345112,0.02365306,0.098406196,0.17647058823529413,1.0,1.0,1.0,125,61,1.0,1.0,1.0,0.0,0
arguana,test,test-culture-tlhrilsfhwr-pro02a,0.94319904,0.0,0.115418255,0.040278167,0.730781,0.0,0.047313154,0.70806015,0.0,0.20351124,0.5384615384615384,1.0,1.0,1.0,511,236,0.6309297535714575,0.5,0.6309297535714575,0.13092975357145753,1
arguana,test,test-culture-tlhrilsfhwr-pro01a,1.002263,0.008843541,0.060327172,0.019725753,0.81237334,0.0,0.04006493,0.6919582,0.0,0.1283139,0.6666666666666666,0.0,1.0,0.0,465,173,0.2890648263178879,0.2890648263178879,0.43067655807339306,0.14161173175550518,1
arguana,test,test-culture-tlhrilsfhwr-pro03a,0.984478,0.07017851,0.15123165,0.045163617,0.7746572,0.038755298,0.072748065,0.69940263,0.1047439,0.24240741,0.5384615384615384,1.0,1.0,1.0,511,266,0.43067655807339306,0.5,0.5,0.0,0
arguana,test,test-culture-tlhrilsfhwr-pro04a,0.99170595,0.022667527,0.06556183,0.020573545,0.81514394,0.0,0.051413238,0.6472522,0.0,0.15081614,0.42857142857142855,1.0,0.0,0.0,511,171,0.3562071871080222,0.43067655807339306,0.0,-0.43067655807339306,0
arguana,test,test-culture-tlhrilsfhwr-con02a,1.017046,0.0,0.093511105,0.03389796,0.79811704,0.0,0.061733425,0.8282505,0.0,0.23899096,1.0,1.0,1.0,0.0,511,257,0.5,1.0,0.5,-0.5,0
arguana,test,test-culture-tlhrilsfhwr-con03a,0.92326367,0.0129134655,0.1402461,0.05367004,0.79363364,0.04093218,0.13135272,0.66867274,0.0,0.19442451,0.3333333333333333,0.0,1.0,1.0,455,140,0.3333333333333333,0.3333333333333333,0.3333333333333333,0.0,0
arguana,test,test-culture-tlhrilsfhwr-con01a,0.9548161,0.0,0.11514133,0.041251652,0.78510886,0.0,0.068309605,0.56569076,0.0,0.15610576,0.42857142857142855,1.0,1.0,0.0,329,114,0.6309297535714575,0.38685280723454163,0.6309297535714575,0.2440769463369159,1
arguana,test,test-culture-mmctyshwbcp-pro02a,0.9453343,0.09083736,0.14692605,0.041183677,0.8050714,0.078324795,0.123533964,0.50780094,0.04025793,0.12393972,0.5384615384615384,1.0,1.0,1.0,188,112,1.0,1.0,1.0,0.0,0
arguana,test,test-culture-mmctyshwbcp-pro06a,0.84893215,0.017683983,0.0872798,0.024631992,0.7784241,0.035530925,0.0959931,0.3190187,0.0155234635,0.07082629,0.3333333333333333,0.0,0.0,1.0,118,58,1.0,1.0,1.0,0.0,0
arguana,test,test-culture-mmctyshwbcp-pro05a,0.9922931,0.12197447,0.2139507,0.059005346,0.82103646,0.07892698,0.13322437,0.57085556,0.1214807,0.2044102,0.42857142857142855,1.0,1.0,1.0,187,118,1.0,1.0,1.0,0.0,0
arguana,test,test-culture-mmctyshwbcp-pro01a,0.8075273,0.013025939,0.07042849,0.020898376,0.73941547,0.018631458,0.057576,0.306199,0.03457105,0.07301217,0.17647058823529413,0.0,1.0,0.0,132,71,1.0,1.0,1.0,0.0,0
arguana,test,test-culture-mmctyshwbcp-pro03a,0.94539195,0.09544361,0.18275046,0.052685898,0.83684546,0.086107194,0.14580315,0.3618216,0.007580936,0.075775534,0.25,1.0,1.0,1.0,205,98,1.0,1.0,1.0,0.0,0
arguana,test,test-culture-mmctyshwbcp-pro04a,0.9147828,0.04879123,0.15523344,0.04464118,0.7373384,0.007816613,0.0694263,0.5914813,0.13573357,0.26719958,0.5384615384615384,1.0,1.0,1.0,288,158,1.0,1.0,1.0,0.0,0
arguana,test,test-culture-mmctyshwbcp-con02a,0.9791828,0.09693211,0.15890533,0.0455362,0.8023497,0.052025914,0.088344455,0.5894437,0.097522676,0.20913443,0.42857142857142855,1.0,1.0,1.0,322,168,1.0,1.0,1.0,0.0,0
arguana,test,test-culture-mmctyshwbcp-con03a,0.86423,0.038994253,0.059170663,0.016502803,0.75317645,0.008312345,0.061280966,0.38587332,0.0049544275,0.04223126,0.17647058823529413,1.0,0.0,1.0,221,119,1.0,0.6309297535714575,1.0,0.36907024642854247,1
arguana,test,test-culture-mmctyshwbcp-con01a,0.9120478,0.062079668,0.13005507,0.036144827,0.7472612,0.009644568,0.052514374,0.5492886,0.08959022,0.20369965,0.5384615384615384,1.0,1.0,1.0,169,98,1.0,1.0,1.0,0.0,0
arguana,test,test-culture-cgeeghwmeo-pro02a,0.98953,0.02472794,0.17983538,0.06363791,0.7864131,0.0012097359,0.07236642,0.681089,0.06624389,0.3233153,0.42857142857142855,1.0,1.0,0.0,281,144,1.0,1.0,0.5,-0.5,0
arguana,test,test-culture-cgeeghwmeo-pro01a,0.95288706,2.2947788e-05,0.09338319,0.03260037,0.7884138,0.02122289,0.072834074,0.6469093,0.064608455,0.17744985,0.5384615384615384,1.0,1.0,1.0,213,129,0.38685280723454163,0.6309297535714575,0.5,-0.13092975357145753,0
arguana,test,test-culture-cgeeghwmeo-pro03a,0.86884344,0.0460158,0.09440458,0.026477057,0.7326926,0.0017029643,0.050399065,0.48978955,0.059688658,0.15823078,0.05263157894736842,0.0,1.0,0.0,274,138,0.0,0.0,0.0,0.0,0
arguana,test,test-culture-cgeeghwmeo-pro04a,0.96802485,0.025588214,0.13911611,0.048962284,0.7944058,0.008369386,0.07129377,0.57873017,0.015993059,0.21186519,0.3333333333333333,1.0,1.0,1.0,255,110,0.5,0.6309297535714575,1.0,0.36907024642854247,1
arguana,test,test-culture-cgeeghwmeo-con02a,0.98447543,0.06468934,0.12478632,0.035505876,0.8293087,0.04342401,0.07324135,0.5359594,0.018736899,0.13795024,0.25,1.0,1.0,1.0,236,103,0.3010299956639812,0.5,1.0,0.5,1
arguana,test,test-culture-cgeeghwmeo-con04a,0.90915227,0.0018942356,0.14491373,0.05097373,0.71139014,0.012052,0.06736839,0.70007265,0.04717976,0.26028797,0.42857142857142855,1.0,1.0,0.0,236,128,0.43067655807339306,0.3333333333333333,0.5,0.16666666666666669,1
arguana,test,test-culture-cgeeghwmeo-con03a,0.90812975,0.040286064,0.113655746,0.03628674,0.7476804,0.0062107444,0.049468398,0.5348311,0.047140837,0.18472973,0.3333333333333333,1.0,1.0,1.0,145,75,0.6309297535714575,0.5,1.0,0.5,1
arguana,test,test-culture-cgeeghwmeo-con01a,1.0087757,0.017967105,0.15995681,0.055256665,0.81627923,0.01644051,0.12260538,0.6964566,0.09132701,0.20551771,0.42857142857142855,1.0,1.0,0.0,314,175,0.6309297535714575,0.6309297535714575,1.0,0.36907024642854247,1
arguana,test,test-culture-thbcsbptwhht-pro02a,1.1208624,0.047654986,0.33613485,0.109024614,0.7993506,0.012732327,0.15086651,1.0717057,0.116408765,0.58791244,0.3333333333333333,1.0,1.0,1.0,511,244,0.6309297535714575,0.6309297535714575,1.0,0.36907024642854247,1
arguana,test,test-culture-thbcsbptwhht-pro01a,1.0093087,0.07168555,0.15104955,0.041562706,0.76888627,0.0010814071,0.045305192,0.80140805,0.15219808,0.3654519,0.42857142857142855,1.0,1.0,1.0,265,144,0.6309297535714575,0.6309297535714575,1.0,0.36907024642854247,1
arguana,test,test-culture-thbcsbptwhht-pro03a,0.9051596,0.032773793,0.13001144,0.04139996,0.74348056,0.009294033,0.05496818,0.53893006,0.078265816,0.18263751,0.1111111111111111,1.0,1.0,1.0,338,184,0.43067655807339306,0.31546487678572877,1.0,0.6845351232142712,1
arguana,test,test-culture-thbcsbptwhht-pro04a,1.1099335,0.12797475,0.30880183,0.08943811,0.81260866,0.044063628,0.11360538,0.99108267,0.27970368,0.5948636,0.42857142857142855,1.0,1.0,1.0,264,141,0.0,0.0,1.0,1.0,1
arguana,test,test-culture-thbcsbptwhht-con02a,0.87714326,0.0005078912,0.1321739,0.050619412,0.73780453,0.019528389,0.075063944,0.6401144,0.11055744,0.37170255,0.42857142857142855,1.0,0.0,0.0,208,116,0.38685280723454163,0.5,1.0,0.5,1
arguana,test,test-culture-thbcsbptwhht-con03a,0.85321665,0.03178394,0.09230983,0.029787272,0.7261032,0.008476794,0.06440407,0.56039786,0.10801762,0.2022857,0.3333333333333333,1.0,0.0,1.0,388,185,0.3333333333333333,0.31546487678572877,0.6309297535714575,0.31546487678572877,1
arguana,test,test-culture-thbcsbptwhht-con01a,0.86645424,0.020837784,0.073415756,0.020214088,0.7181325,0.042023897,0.069043815,0.7315427,0.07645023,0.21291822,0.3333333333333333,0.0,0.0,1.0,474,241,1.0,1.0,1.0,0.0,0
arguana,test,test-digital-freedoms-phwnaccpdt-pro02a,1.1404856,0.1790477,0.27717048,0.07612657,0.80841243,0.02884698,0.0785501,1.1069106,0.38132942,0.6480639,0.5384615384615384,1.0,1.0,1.0,341,187,0.43067655807339306,0.6309297535714575,0.3333333333333333,-0.2975964202381242,0
arguana,test,test-digital-freedoms-phwnaccpdt-pro01a,1.3990757,0.19455957,0.49009734,0.14515781,0.84112465,0.0014694333,0.08252585,1.8598368,0.63861895,1.2858648,0.3333333333333333,1.0,1.0,1.0,458,249,0.0,0.0,0.43067655807339306,0.43067655807339306,1
arguana,test,test-digital-freedoms-phwnaccpdt-pro03a,1.2158575,0.26524734,0.33546543,0.095793925,0.82742804,0.068995476,0.117697775,1.294765,0.6063779,0.7283167,0.42857142857142855,1.0,1.0,1.0,415,247,0.0,0.0,1.0,1.0,1
arguana,test,test-digital-freedoms-phwnaccpdt-con02a,1.1198928,0.090615034,0.23762679,0.06553804,0.8077481,0.0011689663,0.051754415,1.0443791,0.3059469,0.5970416,0.5384615384615384,1.0,1.0,0.0,425,222,0.3010299956639812,0.31546487678572877,0.43067655807339306,0.11521168128766429,1
arguana,test,test-digital-freedoms-phwnaccpdt-con03a,1.2901397,0.04707706,0.36609578,0.13961254,0.87531674,0.028197825,0.14001566,1.476736,0.12320387,0.867097,0.6666666666666666,1.0,1.0,0.0,448,216,0.0,0.0,0.3333333333333333,0.3333333333333333,1
arguana,test,test-digital-freedoms-phwnaccpdt-con01a,1.3369927,0.09264672,0.4247008,0.14168543,0.8776212,0.005760789,0.13132495,1.5312383,0.28961945,0.9786959,0.5384615384615384,1.0,1.0,1.0,336,176,0.0,0.0,1.0,1.0,1
arguana,test,test-digital-freedoms-dfiphbgs-pro02a,1.0908525,0.119992375,0.2330457,0.06355252,0.79747623,0.019163072,0.07635516,0.977921,0.3360979,0.5378182,0.8181818181818182,1.0,1.0,1.0,238,141,1.0,1.0,1.0,0.0,0
arguana,test,test-digital-freedoms-dfiphbgs-pro01a,0.99149436,0.0473969,0.15591109,0.04335346,0.81316555,0.036760807,0.10683042,0.68085015,0.086420834,0.24895501,0.8181818181818182,1.0,1.0,1.0,427,211,0.38685280723454163,0.3562071871080222,0.6309297535714575,0.27472256646343535,1
arguana,test,test-digital-freedoms-dfiphbgs-pro03a,0.9641356,0.039717257,0.15919143,0.04993488,0.8069196,0.044028223,0.11331791,0.5675027,0.0424847,0.20892626,1.0,1.0,1.0,1.0,328,146,1.0,1.0,1.0,0.0,0
arguana,test,test-digital-freedoms-dfiphbgs-con02a,1.051905,0.073746145,0.19415003,0.058519136,0.8256074,0.0023434758,0.11096251,0.7543254,0.17376119,0.33922133,0.6666666666666666,1.0,1.0,1.0,318,164,1.0,1.0,0.31546487678572877,-0.6845351232142712,0
arguana,test,test-digital-freedoms-dfiphbgs-con03a,0.9943498,0.025288582,0.0909788,0.028357208,0.80651116,0.00836724,0.06497103,0.67222893,0.032405436,0.1870696,1.0,1.0,1.0,1.0,388,149,0.5,0.3562071871080222,0.5,0.14379281289197782,1
arguana,test,test-digital-freedoms-dfiphbgs-con01a,0.98128533,0.007749498,0.14973354,0.046314802,0.8374349,0.022606254,0.11161077,0.5357021,0.013333619,0.15691411,0.8181818181818182,1.0,1.0,1.0,222,113,0.5,0.6309297535714575,1.0,0.36907024642854247,1
arguana,test,test-digital-freedoms-aihwbasmn-pro02a,0.9800006,0.026363313,0.08407903,0.026282698,0.793957,0.008452475,0.035904884,0.62897265,0.008827269,0.15130359,0.5384615384615384,1.0,0.0,1.0,348,151,0.0,0.0,0.38685280723454163,0.38685280723454163,1
arguana,test,test-digital-freedoms-aihwbasmn-pro01a,1.0151207,0.044737518,0.15242672,0.052895267,0.8424518,0.031876147,0.08301473,0.5755631,0.023447216,0.21842867,0.42857142857142855,1.0,1.0,1.0,291,115,0.5,0.6309297535714575,1.0,0.36907024642854247,1
arguana,test,test-digital-freedoms-aihwbasmn-pro03a,0.877328,0.0084555745,0.0952605,0.029837573,0.74443156,0.0010317564,0.05242163,0.50548565,0.07145339,0.1904839,0.3333333333333333,1.0,1.0,0.0,187,95,0.6309297535714575,1.0,1.0,0.0,0
arguana,test,test-digital-freedoms-aihwbasmn-pro04a,0.919425,0.014097095,0.082043886,0.024330175,0.7985997,0.016363442,0.04096371,0.4654696,0.003428042,0.13048297,0.42857142857142855,1.0,1.0,0.0,220,109,0.0,0.0,0.5,0.5,1
arguana,test,test-digital-freedoms-aihwbasmn-con02a,1.0611877,0.052462816,0.13738263,0.041476194,0.8598256,0.031022072,0.074134886,0.67120725,0.07146925,0.19658554,0.3333333333333333,1.0,1.0,1.0,342,166,0.38685280723454163,0.43067655807339306,1.0,0.5693234419266069,1
arguana,test,test-digital-freedoms-aihwbasmn-con05a,0.9924357,0.044649005,0.12724811,0.037045114,0.8238635,0.014206827,0.05226338,0.6092633,0.19618613,0.26791883,0.25,1.0,1.0,0.0,285,112,0.0,0.0,0.6309297535714575,0.6309297535714575,1
arguana,test,test-digital-freedoms-aihwbasmn-con04a,0.94672674,0.0035472512,0.048057377,0.017825495,0.81155527,0.016046703,0.045138597,0.6610619,0.076042175,0.20066997,0.25,0.0,0.0,0.0,316,140,0.6309297535714575,0.38685280723454163,1.0,0.6131471927654584,1
arguana,test,test-digital-freedoms-aihwbasmn-con03a,1.0958298,0.004716754,0.12646568,0.045131065,0.8823601,0.0125314,0.06556207,0.75333726,0.01165539,0.21320689,0.5384615384615384,1.0,1.0,0.0,318,128,0.0,0.0,1.0,1.0,1
arguana,test,test-digital-freedoms-aihwbasmn-con01a,0.9848678,0.036787033,0.1360349,0.04252177,0.81289744,0.02464664,0.06048143,0.5732346,0.03773725,0.20448825,0.3333333333333333,1.0,1.0,1.0,229,97,0.2890648263178879,0.31546487678572877,0.3562071871080222,0.04074231032229342,1
arguana,test,test-digital-freedoms-eifpgdff-pro02a,1.0379272,0.03029263,0.09118974,0.027908903,0.8198307,0.0026777983,0.04077649,0.726988,0.033911765,0.15606785,0.3333333333333333,1.0,1.0,1.0,219,124,0.0,0.0,0.0,0.0,0
arguana,test,test-digital-freedoms-eifpgdff-pro01a,0.9265082,0.0061202645,0.04299718,0.013503566,0.76217306,0.0019801855,0.010060668,0.5771174,0.022732913,0.11623645,0.17647058823529413,1.0,0.0,0.0,324,172,0.2890648263178879,0.5,0.3333333333333333,-0.16666666666666669,0
arguana,test,test-digital-freedoms-eifpgdff-pro03a,1.0052421,0.10197872,0.19532585,0.056404434,0.8171286,0.05876255,0.09987646,0.62704486,0.14405367,0.2700171,0.25,1.0,1.0,1.0,249,132,1.0,1.0,1.0,0.0,0
arguana,test,test-digital-freedoms-eifpgdff-con02a,1.0206251,0.09104204,0.16533309,0.049102508,0.7968855,0.023771405,0.06688076,0.7457989,0.14994872,0.26372048,0.25,1.0,1.0,1.0,271,160,1.0,1.0,1.0,0.0,0
arguana,test,test-digital-freedoms-eifpgdff-con03a,1.0715187,0.120391846,0.18245494,0.049425565,0.8335455,0.028497577,0.097456336,0.79324365,0.13383561,0.24679285,0.25,1.0,1.0,1.0,329,193,1.0,1.0,1.0,0.0,0
arguana,test,test-digital-freedoms-eifpgdff-con01a,1.0359125,0.11857736,0.19019955,0.051774558,0.7737474,0.048281312,0.07477212,0.8738836,0.17386413,0.2928927,0.17647058823529413,1.0,1.0,1.0,369,205,1.0,1.0,0.6309297535714575,-0.36907024642854247,0
arguana,test,test-digital-freedoms-piidfaihbg-pro02a,0.927311,0.021618307,0.12148404,0.0398347,0.7991106,0.048693,0.09762257,0.5175837,0.079660416,0.18349886,0.6666666666666666,1.0,1.0,1.0,167,74,0.6309297535714575,0.6309297535714575,1.0,0.36907024642854247,1
arguana,test,test-digital-freedoms-piidfaihbg-pro01a,1.0296192,0.07277882,0.15990466,0.04164645,0.8597187,0.044327796,0.09982854,0.56633526,0.011782348,0.16224152,0.6666666666666666,1.0,1.0,1.0,158,79,1.0,1.0,1.0,0.0,0
arguana,test,test-digital-freedoms-piidfaihbg-pro03a,0.99698746,0.041593075,0.11105436,0.033313897,0.8229466,0.020899236,0.051432252,0.6498003,0.17445853,0.265828,0.5384615384615384,1.0,1.0,0.0,177,90,0.3562071871080222,0.3562071871080222,0.6309297535714575,0.27472256646343535,1
arguana,test,test-digital-freedoms-piidfaihbg-con02a,1.0322576,0.031634808,0.18081146,0.05291365,0.82697475,0.004815936,0.10604507,0.70032907,0.1215024,0.23978373,0.8181818181818182,1.0,1.0,0.0,216,115,0.6309297535714575,0.6309297535714575,1.0,0.36907024642854247,1
arguana,test,test-digital-freedoms-piidfaihbg-con03a,0.81190133,0.010974944,0.0621019,0.019449003,0.7330686,0.0075709224,0.04700935,0.38648805,0.071324736,0.12479052,0.1111111111111111,0.0,0.0,0.0,157,80,0.31546487678572877,0.2890648263178879,0.5,0.21093517368211212,1
arguana,test,test-digital-freedoms-piidfaihbg-con01a,0.84088445,0.0019428134,0.11690903,0.03877119,0.7235688,0.017168283,0.07593149,0.46211517,0.056471437,0.15406525,0.42857142857142855,1.0,1.0,1.0,218,123,0.6309297535714575,0.3333333333333333,1.0,0.6666666666666667,1
arguana,test,test-digital-freedoms-piidfiphwu-pro02a,0.97672325,0.011318922,0.15350026,0.055367555,0.8257162,0.052122653,0.11675215,0.725623,0.24108729,0.3747779,0.42857142857142855,1.0,1.0,0.0,256,144,0.31546487678572877,0.3010299956639812,0.38685280723454163,0.08582281157056043,1
arguana,test,test-digital-freedoms-piidfiphwu-pro01a,0.96574295,0.06933266,0.12917721,0.03628468,0.7928344,0.023676932,0.044900358,0.57636184,0.097051054,0.19786274,0.17647058823529413,1.0,1.0,1.0,189,119,1.0,1.0,1.0,0.0,0
arguana,test,test-digital-freedoms-piidfiphwu-pro03a,0.9777808,0.019698143,0.17795682,0.06677858,0.81356716,0.019617379,0.10208148,0.61277,0.13105178,0.28986973,0.42857142857142855,1.0,1.0,0.0,187,95,0.31546487678572877,0.3333333333333333,0.5,0.16666666666666669,1
arguana,test,test-digital-freedoms-piidfiphwu-con02a,0.9057468,0.06096852,0.21369445,0.067692466,0.7807254,0.03711617,0.13694614,0.41673794,0.06210804,0.16371825,0.3333333333333333,1.0,1.0,1.0,170,76,1.0,1.0,1.0,0.0,0
arguana,test,test-digital-freedoms-piidfiphwu-con03a,0.9902724,0.004711926,0.20856225,0.07171202,0.8134305,0.0016777515,0.123425305,0.67213285,0.06987089,0.34233594,0.5384615384615384,1.0,1.0,0.0,269,155,1.0,0.5,1.0,0.5,1
arguana,test,test-digital-freedoms-piidfiphwu-con01a,1.0722424,0.06945157,0.22245419,0.07117166,0.83072555,0.013005078,0.110471725,0.84840626,0.2303775,0.4621219,0.42857142857142855,1.0,1.0,0.0,253,138,1.0,0.6309297535714575,1.0,0.36907024642854247,1
arguana,test,test-digital-freedoms-aihbiahr-pro02a,1.0607167,0.031553507,0.14590758,0.04651996,0.8192801,0.04125768,0.07384628,0.8617168,0.0569278,0.2724374,0.5384615384615384,1.0,1.0,1.0,460,222,0.0,0.0,1.0,1.0,1
arguana,test,test-digital-freedoms-aihbiahr-pro01a,1.0673686,0.0014904737,0.09204328,0.031138599,0.8470053,0.009139836,0.05072719,0.78805584,0.005172193,0.21398538,0.5384615384615384,1.0,0.0,0.0,365,177,0.3010299956639812,0.3333333333333333,0.3562071871080222,0.022873853774688868,1
arguana,test,test-digital-freedoms-aihbiahr-pro03a,1.1031202,0.04818046,0.16399282,0.045406297,0.8506843,0.009236336,0.050611198,0.88252366,0.04107064,0.27680558,0.5384615384615384,1.0,0.0,1.0,269,108,0.3562071871080222,0.6309297535714575,1.0,0.36907024642854247,1
arguana,test,test-digital-freedoms-aihbiahr-con02a,0.9690997,0.017907798,0.064704,0.020352295,0.8400526,0.0023650527,0.04746121,0.4504083,0.0059134066,0.09503862,0.42857142857142855,1.0,1.0,0.0,187,95,0.43067655807339306,0.6309297535714575,1.0,0.36907024642854247,1
arguana,test,test-digital-freedoms-aihbiahr-con04a,0.95387596,0.009715259,0.07605457,0.026860304,0.8198206,0.0058057904,0.048167467,0.48009983,0.0022016466,0.08697587,0.3333333333333333,1.0,0.0,1.0,142,62,0.3333333333333333,0.3562071871080222,0.5,0.14379281289197782,1
arguana,test,test-digital-freedoms-aihbiahr-con03a,1.0443454,0.03746426,0.08507311,0.025485009,0.85342526,0.0016021729,0.037282944,0.6714694,0.012643874,0.18778363,0.3333333333333333,1.0,1.0,0.0,307,118,0.43067655807339306,0.38685280723454163,0.38685280723454163,0.0,0
arguana,test,test-digital-freedoms-aihbiahr-con01a,1.0540078,0.10284293,0.17072326,0.047766197,0.8954128,0.06693292,0.12460357,0.52864975,0.08756143,0.18157089,0.3333333333333333,1.0,1.0,1.0,229,112,1.0,1.0,1.0,0.0,0
arguana,test,test-digital-freedoms-efsappgdfp-pro02a,0.9340131,0.062194884,0.10818374,0.03014193,0.80239546,0.03170544,0.058889627,0.5239979,0.009537458,0.16572371,0.1111111111111111,1.0,0.0,1.0,198,113,0.0,0.0,0.0,0.0,0
arguana,test,test-digital-freedoms-efsappgdfp-pro01a,0.8005394,0.0029945374,0.119121075,0.044030674,0.7230504,0.0012135506,0.091201186,0.32074052,0.058398724,0.09257504,0.1111111111111111,1.0,0.0,0.0,138,75,0.6309297535714575,1.0,1.0,0.0,0
arguana,test,test-digital-freedoms-efsappgdfp-pro03a,0.93114805,0.10111034,0.18099153,0.052269854,0.7970555,0.05314219,0.095492125,0.44697532,0.15661147,0.2005493,0.1111111111111111,1.0,1.0,1.0,163,85,0.6309297535714575,0.6309297535714575,0.3562071871080222,-0.27472256646343535,0
arguana,test,test-digital-freedoms-efsappgdfp-pro04a,0.97668695,0.065077186,0.19047028,0.058166664,0.7965163,0.0067986846,0.078161,0.6005687,0.1505835,0.30257732,0.1111111111111111,1.0,1.0,1.0,135,88,0.5,0.6309297535714575,1.0,0.36907024642854247,1
arguana,test,test-digital-freedoms-efsappgdfp-con02a,0.83364564,0.02072364,0.04943037,0.013592454,0.76740855,0.031502426,0.051372826,0.3577317,0.001350373,0.08396262,0.0,0.0,0.0,1.0,194,104,0.0,0.0,0.0,0.0,0
arguana,test,test-digital-freedoms-efsappgdfp-con05a,0.8732986,0.022611678,0.07882309,0.024727775,0.7560235,0.014935374,0.04938239,0.39091688,0.01667878,0.083229065,0.3333333333333333,1.0,1.0,1.0,189,81,0.31546487678572877,0.3562071871080222,1.0,0.6437928128919779,1
arguana,test,test-digital-freedoms-efsappgdfp-con04a,0.83535516,0.011672199,0.06647104,0.02037837,0.7112859,0.0031719804,0.030462682,0.43234062,0.030764967,0.11205053,0.17647058823529413,1.0,1.0,0.0,352,177,0.3010299956639812,0.3562071871080222,1.0,0.6437928128919779,1
arguana,test,test-digital-freedoms-efsappgdfp-con03a,0.8631764,0.013777256,0.08908498,0.031300917,0.75287515,0.0417825,0.06009555,0.4815429,0.020521194,0.12590832,0.17647058823529413,1.0,0.0,1.0,279,126,0.6309297535714575,0.3333333333333333,0.6309297535714575,0.2975964202381242,1
arguana,test,test-digital-freedoms-efsappgdfp-con01a,0.9601587,0.07772344,0.13735813,0.040847003,0.7956337,0.038365602,0.06864107,0.54841673,0.009609044,0.15982711,0.1111111111111111,1.0,1.0,1.0,321,188,0.38685280723454163,0.31546487678572877,1.0,0.6845351232142712,1
arguana,test,test-digital-freedoms-eifdfaihs-pro02a,0.8129444,0.006002784,0.03442973,0.01117486,0.73230654,0.009676218,0.016955674,0.32259643,0.013803184,0.05482638,0.17647058823529413,0.0,0.0,0.0,207,98,0.0,0.0,0.6309297535714575,0.6309297535714575,1
arguana,test,test-digital-freedoms-eifdfaihs-pro01a,0.80673474,0.023619115,0.08882284,0.027882604,0.7291159,0.020456195,0.0532369,0.2688383,0.00020998716,0.06870939,0.17647058823529413,1.0,0.0,1.0,252,127,0.3333333333333333,0.3010299956639812,1.0,0.6989700043360187,1
arguana,test,test-digital-freedoms-eifdfaihs-pro03a,0.83454853,0.022961497,0.072912574,0.023941694,0.73332095,0.0015810728,0.040638506,0.4082955,0.06255767,0.106321156,0.17647058823529413,1.0,0.0,1.0,315,133,1.0,1.0,0.6309297535714575,-0.36907024642854247,0
arguana,test,test-digital-freedoms-eifdfaihs-con02a,0.87454057,0.017405748,0.09540367,0.03271244,0.7906871,0.018100202,0.062374413,0.3398456,0.032794148,0.1356009,0.25,1.0,1.0,0.0,232,100,0.0,0.0,0.38685280723454163,0.38685280723454163,1
arguana,test,test-digital-freedoms-eifdfaihs-con03a,0.78542155,0.05924076,0.09203267,0.02680543,0.70203227,0.023364007,0.054789186,0.34711182,0.06914753,0.12575744,0.05263157894736842,1.0,0.0,1.0,280,128,0.0,0.0,0.0,0.0,0
arguana,test,test-digital-freedoms-eifdfaihs-con01a,0.8457915,0.024362206,0.11091626,0.036720663,0.75439537,0.01824969,0.07611555,0.30465376,0.0023811758,0.056518853,0.25,1.0,1.0,1.0,302,127,0.0,0.0,0.0,0.0,0
arguana,test,test-religion-frghbbgi-pro02a,0.83375657,0.06961173,0.12784106,0.036294032,0.7498457,0.045055807,0.08306962,0.27970296,0.047742665,0.092730924,0.17647058823529413,1.0,1.0,1.0,57,38,0.6309297535714575,0.6309297535714575,0.6309297535714575,0.0,0
arguana,test,test-religion-frghbbgi-pro05a,0.8114728,0.024853528,0.09518552,0.030701008,0.74626327,0.003019929,0.077450454,0.29923674,0.033985823,0.11820251,0.1111111111111111,0.0,1.0,0.0,83,51,0.6309297535714575,1.0,0.3562071871080222,-0.6437928128919779,0
arguana,test,test-religion-frghbbgi-pro01a,0.91222596,0.03662485,0.12067044,0.03737265,0.7780877,0.015340149,0.05608684,0.4471277,0.044807345,0.20477091,0.3333333333333333,1.0,1.0,1.0,103,70,1.0,1.0,1.0,0.0,0
arguana,test,test-religion-frghbbgi-pro03a,0.9780193,0.03741187,0.15515977,0.052616965,0.79966754,0.00816381,0.06759763,0.5945058,0.09419751,0.22615317,0.42857142857142855,1.0,1.0,1.0,191,106,0.3562071871080222,0.5,0.38685280723454163,-0.11314719276545837,0
arguana,test,test-religion-frghbbgi-pro04a,0.93999445,0.07208514,0.15418565,0.044631295,0.78071445,0.028993249,0.07623792,0.5309332,0.015467167,0.22405809,0.17647058823529413,1.0,1.0,1.0,180,93,1.0,1.0,1.0,0.0,0
arguana,test,test-religion-frghbbgi-con02a,0.84138334,0.12214124,0.211303,0.060702696,0.70899284,0.076197684,0.11062741,0.4413016,0.119609,0.25344175,0.17647058823529413,1.0,1.0,1.0,115,71,0.0,0.0,0.6309297535714575,0.6309297535714575,1
arguana,test,test-religion-frghbbgi-con03a,0.8166244,0.047349155,0.11067182,0.034538563,0.7253958,0.018926978,0.071870446,0.35554937,0.051453948,0.12967014,0.17647058823529413,1.0,1.0,1.0,126,77,1.0,0.6309297535714575,0.5,-0.13092975357145753,0
arguana,test,test-religion-frghbbgi-con01a,0.79543036,0.021414578,0.08492476,0.027767895,0.7321841,0.0117150545,0.0736292,0.24987096,0.0134343505,0.045455396,0.25,0.0,1.0,0.0,72,46,0.6309297535714575,1.0,0.5,-0.5,0
arguana,test,test-religion-yercfrggms-pro02a,0.86389697,0.0036181808,0.0901981,0.031654105,0.74788725,0.00816375,0.065151095,0.4482792,0.046428323,0.16129911,0.8181818181818182,1.0,1.0,1.0,240,113,1.0,0.5,0.5,0.0,0
arguana,test,test-religion-yercfrggms-pro06a,1.0916203,0.100019515,0.23364007,0.07240233,0.8242693,0.024214566,0.08928925,0.8911702,0.25268322,0.44718844,0.17647058823529413,1.0,1.0,1.0,319,168,0.0,0.0,1.0,1.0,1
arguana,test,test-religion-yercfrggms-pro05a,0.9986001,0.08458477,0.17087847,0.049148895,0.8100357,0.017211258,0.08874607,0.62854797,0.11966008,0.3149699,0.8181818181818182,1.0,1.0,1.0,336,116,0.43067655807339306,0.3333333333333333,0.6309297535714575,0.2975964202381242,1
arguana,test,test-religion-yercfrggms-pro01a,1.0829717,0.061739564,0.16341388,0.046542864,0.820507,0.012662649,0.06109506,0.87488216,0.101751864,0.32727283,0.6666666666666666,1.0,1.0,1.0,415,148,0.0,0.0,0.0,0.0,0
arguana,test,test-religion-yercfrggms-pro07a,0.9580162,0.035057843,0.12249428,0.03865963,0.81554824,0.013382435,0.058641136,0.5195013,0.124004126,0.23028308,0.5384615384615384,1.0,1.0,0.0,207,105,0.31546487678572877,0.31546487678572877,1.0,0.6845351232142712,1
arguana,test,test-religion-yercfrggms-pro03a,0.9314077,0.024511099,0.08252007,0.026910465,0.7842164,0.009218633,0.048709214,0.5298072,0.084923506,0.13544467,0.42857142857142855,1.0,1.0,0.0,356,150,0.43067655807339306,0.38685280723454163,0.6309297535714575,0.2440769463369159,1
arguana,test,test-religion-yercfrggms-pro04a,0.9953871,0.031210124,0.14105004,0.046925385,0.80656147,0.010102332,0.06916511,0.62941855,0.0655455,0.25096932,0.6666666666666666,1.0,1.0,1.0,237,108,0.3333333333333333,0.31546487678572877,0.6309297535714575,0.31546487678572877,1
arguana,test,test-religion-yercfrggms-con02a,1.3177958,0.29495537,0.4313568,0.12200369,0.87300885,0.03880775,0.11340445,1.4826229,0.8246806,1.039639,0.5384615384615384,1.0,1.0,1.0,318,142,0.6309297535714575,0.5,0.6309297535714575,0.13092975357145753,1
arguana,test,test-religion-yercfrggms-con03a,0.89282155,0.0034955144,0.16195852,0.064474,0.76810557,0.011477411,0.084299386,0.4955982,0.05327189,0.23088074,0.42857142857142855,1.0,1.0,1.0,198,97,0.6309297535714575,1.0,1.0,0.0,0
arguana,test,test-religion-yercfrggms-con01a,1.0936706,0.07075918,0.19495285,0.06207962,0.87448394,0.031791747,0.10478008,0.7306222,0.01478827,0.32434422,0.8181818181818182,1.0,1.0,1.0,259,90,1.0,1.0,1.0,0.0,0
arguana,test,test-religion-wcprrgrhbmi-pro02a,0.8978051,0.028375566,0.13233441,0.046757534,0.8027171,0.021345377,0.11315185,0.33795282,0.020992815,0.121123835,0.5384615384615384,1.0,1.0,1.0,177,81,0.2890648263178879,0.2890648263178879,0.38685280723454163,0.09778798091665375,1
arguana,test,test-religion-wcprrgrhbmi-pro01a,0.8309928,0.009430468,0.08027387,0.02906422,0.75672925,0.016804576,0.065975785,0.31234068,0.058261514,0.080187574,0.05263157894736842,0.0,1.0,0.0,511,168,0.6309297535714575,0.6309297535714575,1.0,0.36907024642854247,1
arguana,test,test-religion-wcprrgrhbmi-pro03a,0.9110467,0.004402399,0.1603086,0.055090107,0.8023465,0.0073162913,0.10148871,0.37204683,0.009713024,0.1758201,0.5384615384615384,1.0,1.0,1.0,223,96,0.5,0.3562071871080222,1.0,0.6437928128919779,1
arguana,test,test-religion-wcprrgrhbmi-con02a,0.8143816,0.052085817,0.13898683,0.03743922,0.7300755,0.011037171,0.0862633,0.28102028,0.003908694,0.10078877,0.17647058823529413,1.0,1.0,1.0,163,89,0.0,0.0,0.0,0.0,0
arguana,test,test-religion-wcprrgrhbmi-con03a,0.8987061,0.018508673,0.13473028,0.04958788,0.78909576,0.036949158,0.09458238,0.49360335,0.08513409,0.22664195,0.42857142857142855,1.0,1.0,1.0,163,75,0.3010299956639812,0.3010299956639812,0.0,-0.3010299956639812,0
arguana,test,test-religion-wcprrgrhbmi-con01a,0.9728044,0.005613804,0.15609646,0.04903855,0.8047579,0.020618081,0.08464372,0.61016923,0.050014257,0.23014906,0.5384615384615384,1.0,1.0,1.0,388,204,1.0,1.0,1.0,0.0,0
arguana,test,test-religion-cmrsgfhbr-pro02a,0.76383466,0.0027095675,0.033227086,0.010195263,0.7038533,0.0030001402,0.034505963,0.40113497,0.08581826,0.10839197,0.0,0.0,0.0,0.0,237,116,0.0,0.0,0.0,0.0,0
arguana,test,test-religion-cmrsgfhbr-pro01a,0.9263545,0.048070192,0.113372624,0.033506382,0.7712127,0.013941944,0.053982437,0.5171395,0.041308224,0.1557467,0.17647058823529413,1.0,1.0,1.0,396,170,0.43067655807339306,0.2890648263178879,1.0,0.7109351736821121,1
arguana,test,test-religion-cmrsgfhbr-pro03a,0.96529233,0.030723631,0.23931277,0.08269844,0.79903,0.019133747,0.15966398,0.5542077,0.03863293,0.26431438,0.25,1.0,1.0,1.0,449,152,0.43067655807339306,0.5,1.0,0.5,1
arguana,test,test-religion-cmrsgfhbr-con02a,0.8649198,0.0030037165,0.08436775,0.028321506,0.7546204,0.00019925833,0.06194061,0.38401932,0.015293479,0.07494643,0.42857142857142855,1.0,1.0,1.0,367,125,0.0,0.0,0.0,0.0,0
arguana,test,test-religion-cmrsgfhbr-con03a,0.8441004,0.0014403462,0.030443609,0.0107608745,0.75933313,0.0004028082,0.02388364,0.40061027,0.012720168,0.09045836,0.0,0.0,0.0,1.0,429,157,0.38685280723454163,0.43067655807339306,0.43067655807339306,0.0,0
arguana,test,test-religion-cmrsgfhbr-con01a,1.4696012,0.5042172,0.74742585,0.20614019,0.93890446,0.13699567,0.280715,1.7689886,1.2240715,1.4849653,0.5384615384615384,1.0,1.0,1.0,277,149,1.0,1.0,0.5,-0.5,0
arguana,test,test-religion-grcrgshwbr-pro02a,1.3217175,0.39430374,0.5067063,0.13830163,0.95682824,0.1776796,0.22987264,1.2162975,0.7220804,0.91479725,0.6666666666666666,1.0,1.0,1.0,204,87,0.38685280723454163,0.5,0.3333333333333333,-0.16666666666666669,0
arguana,test,test-religion-grcrgshwbr-pro05a,1.3277792,0.41697443,0.49858415,0.14449552,0.9623807,0.18184,0.23687285,1.2179949,0.7837815,0.8994594,0.42857142857142855,1.0,1.0,1.0,219,87,0.6309297535714575,0.6309297535714575,0.38685280723454163,-0.2440769463369159,0
arguana,test,test-religion-grcrgshwbr-pro01a,1.2905728,0.23041534,0.46055627,0.1362157,0.95454764,0.094328105,0.20844197,1.1200837,0.453624,0.8403809,0.5384615384615384,1.0,1.0,1.0,212,84,0.43067655807339306,0.43067655807339306,0.6309297535714575,0.20025319549806447,1
arguana,test,test-religion-grcrgshwbr-pro03a,1.404877,0.33110416,0.5338362,0.15671405,0.9746592,0.09176338,0.19767666,1.434059,0.7978027,1.1109259,0.5384615384615384,1.0,1.0,1.0,253,96,0.43067655807339306,0.43067655807339306,0.5,0.06932344192660694,1
arguana,test,test-religion-grcrgshwbr-pro04a,1.2163233,0.28379261,0.40312195,0.11981067,0.9499968,0.15330297,0.21574378,0.8877547,0.43496543,0.64163977,0.25,1.0,1.0,1.0,187,70,0.0,0.0,0.0,0.0,0
arguana,test,test-religion-grcrgshwbr-con02a,1.2163409,0.1644404,0.29688263,0.084911175,0.9429298,0.06722176,0.14484292,0.9113704,0.32406217,0.50289917,0.5384615384615384,1.0,1.0,1.0,139,66,0.38685280723454163,0.43067655807339306,0.6309297535714575,0.20025319549806447,1
arguana,test,test-religion-grcrgshwbr-con04a,1.234701,0.3384472,0.39564937,0.1133149,0.9557914,0.17434102,0.18796772,0.9296988,0.54486275,0.64288914,0.6666666666666666,1.0,1.0,1.0,182,85,0.0,0.0,0.3010299956639812,0.3010299956639812,1
arguana,test,test-religion-grcrgshwbr-con03a,1.1744567,0.22325653,0.32465285,0.08953166,0.9493723,0.10149288,0.18029189,0.7502815,0.37783062,0.45156032,0.42857142857142855,1.0,1.0,1.0,230,76,0.43067655807339306,0.43067655807339306,1.0,0.5693234419266069,1
arguana,test,test-religion-grcrgshwbr-con01a,1.2567822,0.3185721,0.3977493,0.108559884,0.9569403,0.14234674,0.18552625,0.99947286,0.5677225,0.66463417,0.6666666666666666,1.0,1.0,1.0,180,85,0.5,0.38685280723454163,0.6309297535714575,0.2440769463369159,1
arguana,test,test-religion-msgfhwbamec-pro02a,0.96924776,0.049995303,0.15705621,0.039342273,0.8359725,0.01829034,0.08826882,0.44425094,0.036412567,0.10782558,0.3333333333333333,1.0,1.0,1.0,286,127,1.0,1.0,1.0,0.0,0
arguana,test,test-religion-msgfhwbamec-pro01a,0.86827385,0.010603249,0.066952586,0.020909287,0.7599496,0.0020150542,0.05010742,0.42747152,0.010518193,0.14391723,0.6666666666666666,0.0,1.0,0.0,242,114,0.5,0.5,0.5,0.0,0
arguana,test,test-religion-msgfhwbamec-pro03a,0.9918837,0.00014442205,0.11822182,0.037254605,0.84215206,0.015701473,0.07991636,0.5509622,0.026707113,0.17923003,0.8181818181818182,1.0,1.0,1.0,322,152,0.6309297535714575,0.6309297535714575,1.0,0.36907024642854247,1
arguana,test,test-religion-msgfhwbamec-con02a,0.92779124,0.0004464984,0.04245603,0.01228995,0.8100249,0.012734294,0.02715069,0.48037016,0.008288026,0.13891742,0.5384615384615384,1.0,0.0,0.0,236,110,0.43067655807339306,1.0,0.6309297535714575,-0.36907024642854247,0
arguana,test,test-religion-msgfhwbamec-con03a,0.95224065,0.015323818,0.0940721,0.030116795,0.8348004,0.0070546865,0.061255038,0.4164418,0.0014587343,0.064179,0.05263157894736842,0.0,0.0,0.0,245,116,1.0,0.6309297535714575,0.6309297535714575,0.0,0
arguana,test,test-religion-msgfhwbamec-con01a,0.8860739,0.0022735596,0.04988891,0.016389195,0.7813534,0.0113713145,0.0475052,0.41776872,0.0039908886,0.096226275,0.6666666666666666,1.0,1.0,0.0,311,135,0.3010299956639812,0.31546487678572877,0.3333333333333333,0.01786845654760455,1
arguana,test,test-science-ciidfaihwc-pro02a,0.90083915,0.0018716455,0.047632217,0.017795958,0.80317706,0.0065107346,0.028298438,0.43685225,0.045244277,0.0970484,0.17647058823529413,0.0,0.0,0.0,255,107,0.0,0.0,0.0,0.0,0
arguana,test,test-science-ciidfaihwc-pro01a,1.0885868,0.12289649,0.19577873,0.054894347,0.79864323,0.012965798,0.058730423,1.020589,0.34865946,0.48657817,0.25,0.0,1.0,0.0,443,211,0.6309297535714575,1.0,0.38685280723454163,-0.6131471927654584,0
arguana,test,test-science-ciidfaihwc-pro03a,1.0985,0.004325986,0.23197132,0.08786602,0.81221783,0.025060534,0.079377055,1.0715368,0.11726302,0.5910131,0.3333333333333333,1.0,1.0,1.0,482,244,1.0,1.0,1.0,0.0,0
arguana,test,test-science-ciidfaihwc-pro04a,0.916929,0.01564014,0.077284396,0.024884993,0.78346694,0.019689262,0.047341883,0.4884919,0.030121267,0.080219716,0.3333333333333333,1.0,0.0,1.0,283,125,1.0,0.2890648263178879,1.0,0.7109351736821121,1
arguana,test,test-science-ciidfaihwc-con02a,0.9569416,0.018945992,0.06652969,0.018138466,0.82234406,0.011655152,0.057602227,0.5459287,0.02661699,0.09443742,0.1111111111111111,0.0,0.0,1.0,286,120,0.5,0.5,0.38685280723454163,-0.11314719276545837,0
arguana,test,test-science-ciidfaihwc-con03a,0.9236401,0.00688529,0.039468884,0.011940491,0.8186485,0.015849411,0.034058213,0.49260578,0.008662581,0.12424156,0.17647058823529413,0.0,0.0,0.0,222,101,0.2890648263178879,0.2890648263178879,0.6309297535714575,0.34186492725356965,1
arguana,test,test-science-ciidfaihwc-con01a,0.9772061,0.055942297,0.1282633,0.035800543,0.85579294,0.036489904,0.08863163,0.41258475,0.00787425,0.09154278,0.42857142857142855,1.0,1.0,1.0,215,82,0.6309297535714575,0.6309297535714575,0.6309297535714575,0.0,0
arguana,test,test-science-eassgbatj-pro02a,1.3854854,0.25592923,0.49975848,0.14875707,0.97501916,0.109612584,0.19039953,1.3682208,0.48772222,0.8916156,0.42857142857142855,1.0,1.0,1.0,132,68,0.31546487678572877,0.31546487678572877,0.5,0.18453512321427123,1
arguana,test,test-science-eassgbatj-pro05a,1.1965415,0.21029079,0.378518,0.11203012,0.96362925,0.10981083,0.22366762,0.7763741,0.33493295,0.46784985,0.5384615384615384,1.0,1.0,1.0,81,51,0.0,0.0,0.0,0.0,0
arguana,test,test-science-eassgbatj-pro01a,1.5625286,0.20051157,0.66074187,0.2171346,0.95214224,0.03123331,0.1884976,2.0346212,0.56426096,1.5677999,0.42857142857142855,1.0,1.0,1.0,192,103,0.0,0.0,0.5,0.5,1
arguana,test,test-science-eassgbatj-pro03a,1.3032074,0.3045652,0.49406457,0.14290924,0.96315217,0.12740976,0.25116748,1.1335175,0.5905182,0.8025929,0.42857142857142855,1.0,1.0,1.0,128,71,0.3562071871080222,0.38685280723454163,0.31546487678572877,-0.07138793044881286,0
arguana,test,test-science-eassgbatj-pro04a,1.1732056,0.17974532,0.3784889,0.11504293,0.94671756,0.082410395,0.21260941,0.75496024,0.3244499,0.52509296,0.42857142857142855,1.0,1.0,1.0,98,56,0.31546487678572877,0.3010299956639812,0.38685280723454163,0.08582281157056043,1
arguana,test,test-science-eassgbatj-con02a,1.2411988,0.11992288,0.42124516,0.13847212,0.96984965,0.07470518,0.23904723,0.9044972,0.15072578,0.57657045,0.3333333333333333,1.0,1.0,1.0,86,58,0.31546487678572877,0.2890648263178879,0.6309297535714575,0.34186492725356965,1
arguana,test,test-science-eassgbatj-con05a,1.2923312,0.16063571,0.4487704,0.13966307,0.9663011,0.087399304,0.21071267,1.0867668,0.2441209,0.7110474,0.42857142857142855,1.0,1.0,1.0,110,62,0.3010299956639812,0.3010299956639812,0.5,0.1989700043360188,1
arguana,test,test-science-eassgbatj-con04a,1.161824,0.118632436,0.30037862,0.09455263,0.9445564,0.05654496,0.18503827,0.7242254,0.2069583,0.39460254,0.8181818181818182,1.0,1.0,1.0,89,43,0.31546487678572877,0.3333333333333333,0.6309297535714575,0.2975964202381242,1
arguana,test,test-science-eassgbatj-con03a,1.2442198,0.24302971,0.39646173,0.117318496,0.9614392,0.11564845,0.19710869,0.9426019,0.42460436,0.64008486,0.25,1.0,1.0,1.0,121,60,0.31546487678572877,0.3010299956639812,0.5,0.1989700043360188,1
arguana,test,test-science-eassgbatj-con01a,1.2019999,0.1160028,0.3465941,0.11005921,0.9377211,0.06496298,0.17308903,0.8809295,0.17013294,0.56701624,0.3333333333333333,1.0,1.0,1.0,91,55,0.0,0.0,0.0,0.0,0
arguana,test,test-science-cpisydfphwj-pro02a,0.9163716,0.0,0.1263715,0.04753128,0.7565636,0.0,0.07999301,0.55904996,0.0,0.16585696,0.42857142857142855,1.0,1.0,0.0,388,199,0.6309297535714575,0.6309297535714575,0.6309297535714575,0.0,0
arguana,test,test-science-cpisydfphwj-pro01a,0.9876877,0.0,0.16641057,0.05250765,0.8078652,0.0,0.07376188,0.5994083,0.0,0.21143183,0.42857142857142855,1.0,1.0,0.0,387,178,1.0,1.0,1.0,0.0,0
arguana,test,test-science-cpisydfphwj-pro03a,1.1143036,0.0,0.24742234,0.09096251,0.82692564,0.0,0.09300631,0.9579265,0.0,0.43405682,0.3333333333333333,1.0,1.0,0.0,494,235,1.0,1.0,1.0,0.0,0
arguana,test,test-science-cpisydfphwj-con02a,1.0796448,0.0,0.22786534,0.08713281,0.84774315,0.0,0.11873877,0.7730056,0.0,0.35856456,0.25,1.0,1.0,1.0,451,223,0.6309297535714575,0.6309297535714575,0.6309297535714575,0.0,0
arguana,test,test-science-cpisydfphwj-con03a,1.0141934,0.0,0.22028476,0.085437864,0.8348723,0.0,0.11493695,0.59773695,0.0,0.31934854,0.17647058823529413,1.0,1.0,1.0,232,123,1.0,1.0,1.0,0.0,0
arguana,test,test-science-cpisydfphwj-con01a,0.9746053,0.0,0.16368324,0.044242296,0.7990314,0.0,0.10342598,0.5852464,0.0,0.11438319,0.6666666666666666,1.0,1.0,0.0,369,196,0.6309297535714575,0.6309297535714575,0.6309297535714575,0.0,0
arguana,test,test-science-wsihwclscaaw-pro02a,1.0529708,0.010258555,0.1771586,0.060041342,0.79315096,0.020008445,0.061207354,0.9348429,0.10297197,0.39988923,0.42857142857142855,1.0,1.0,0.0,268,134,0.5,0.43067655807339306,1.0,0.5693234419266069,1
arguana,test,test-science-wsihwclscaaw-pro01a,1.0393517,0.08975452,0.14321291,0.039428677,0.7805963,0.0064205527,0.04398942,0.88391995,0.2039007,0.34078622,0.5384615384615384,0.0,1.0,0.0,239,142,0.38685280723454163,0.3562071871080222,1.0,0.6437928128919779,1
arguana,test,test-science-wsihwclscaaw-pro03a,0.8902105,0.01185447,0.06301427,0.02003854,0.7860875,0.006403208,0.06480044,0.6145615,0.11664829,0.23035842,0.05263157894736842,0.0,0.0,0.0,240,103,0.6309297535714575,0.6309297535714575,0.6309297535714575,0.0,0
arguana,test,test-science-wsihwclscaaw-con02a,0.94089746,0.019830465,0.07316446,0.022695955,0.7720918,0.0018233657,0.037032604,0.62457156,0.04867536,0.15053153,0.25,1.0,0.0,0.0,209,115,0.6309297535714575,0.6309297535714575,1.0,0.36907024642854247,1
arguana,test,test-science-wsihwclscaaw-con03a,1.0655968,0.052917123,0.21389139,0.06390682,0.8502129,0.025788486,0.09507465,0.8039079,0.21271831,0.44679487,0.42857142857142855,1.0,1.0,0.0,265,115,0.6309297535714575,1.0,1.0,0.0,0
arguana,test,test-science-wsihwclscaaw-con01a,0.90162206,0.0116871,0.10785496,0.034212332,0.72462034,0.0013965964,0.039756656,0.6849853,0.094979584,0.2585178,0.25,1.0,0.0,1.0,235,126,0.3010299956639812,0.2890648263178879,1.0,0.7109351736821121,1
arguana,test,test-science-nsihwbtiss-pro02a,1.0006312,0.012277603,0.15299189,0.057575915,0.8213526,0.01718247,0.090324104,0.6978534,0.10985321,0.3116761,0.42857142857142855,1.0,1.0,0.0,181,92,0.6309297535714575,0.5,0.6309297535714575,0.13092975357145753,1
arguana,test,test-science-nsihwbtiss-pro01a,0.96583414,0.045000017,0.14042193,0.043810017,0.80018175,0.02167201,0.07450646,0.55217457,0.07775992,0.1842666,0.42857142857142855,1.0,1.0,1.0,227,104,0.43067655807339306,0.31546487678572877,0.5,0.18453512321427123,1
arguana,test,test-science-nsihwbtiss-pro03a,0.9301131,0.08713055,0.17478472,0.049680322,0.77342474,0.031486988,0.07218236,0.5222944,0.18547845,0.2656173,0.3333333333333333,1.0,1.0,1.0,130,60,0.6309297535714575,0.5,1.0,0.5,1
arguana,test,test-science-nsihwbtiss-pro04a,0.88964355,0.005477965,0.11489296,0.045128215,0.7859019,0.015835702,0.08421463,0.41256204,0.042165786,0.085116625,0.5384615384615384,1.0,1.0,0.0,272,127,0.5,0.3562071871080222,1.0,0.6437928128919779,1
arguana,test,test-science-nsihwbtiss-con02a,0.87992316,0.027650058,0.10166305,0.027170703,0.77023464,0.0051582456,0.04606855,0.36562842,0.03819698,0.08874583,0.17647058823529413,1.0,1.0,1.0,158,78,0.0,0.0,0.38685280723454163,0.38685280723454163,1
arguana,test,test-science-nsihwbtiss-con04a,0.93518674,0.013778925,0.12413871,0.036348127,0.7970368,0.022684872,0.08018303,0.5463134,0.11656198,0.20939305,0.6666666666666666,1.0,1.0,0.0,126,67,0.6309297535714575,1.0,1.0,0.0,0
arguana,test,test-science-nsihwbtiss-con03a,0.9965496,0.01661253,0.15887982,0.051586878,0.8146384,0.019100904,0.061944485,0.6700404,0.11904472,0.3148332,0.42857142857142855,1.0,1.0,0.0,185,102,0.6309297535714575,0.6309297535714575,1.0,0.36907024642854247,1
arguana,test,test-science-nsihwbtiss-con01a,0.85120595,0.0073857903,0.08207536,0.025718223,0.7285643,0.0033105612,0.025309503,0.49227315,0.10633695,0.18658465,0.25,1.0,1.0,0.0,246,122,1.0,0.3333333333333333,1.0,0.6666666666666667,1
arguana,test,test-science-dssghsdmd-pro02a,0.9530236,0.033241093,0.14631581,0.04771238,0.8106521,0.015642703,0.10711181,0.51631975,0.041747957,0.15783268,0.5384615384615384,1.0,1.0,1.0,363,120,0.3562071871080222,0.31546487678572877,1.0,0.6845351232142712,1
arguana,test,test-science-dssghsdmd-pro01a,0.9902034,0.08245587,0.14920187,0.04154859,0.77857494,0.0014205575,0.052460432,0.7560216,0.27156895,0.3439604,0.42857142857142855,1.0,1.0,0.0,265,106,0.3333333333333333,0.38685280723454163,1.0,0.6131471927654584,1
arguana,test,test-science-dssghsdmd-pro03a,0.9660596,0.024321139,0.10927975,0.03484569,0.8084154,0.008236289,0.071917,0.52548075,0.010479808,0.09631333,0.3333333333333333,1.0,1.0,1.0,351,129,0.5,0.5,1.0,0.5,1
arguana,test,test-science-dssghsdmd-pro04a,0.925147,0.015463233,0.08649862,0.027962433,0.7856778,0.0058541894,0.047857404,0.5309906,0.07463196,0.13455456,0.3333333333333333,0.0,1.0,0.0,251,108,0.0,0.0,1.0,1.0,1
arguana,test,test-science-dssghsdmd-con02a,0.94684803,0.04684192,0.099122584,0.026001567,0.7775797,0.008533061,0.048796177,0.56422776,0.022339761,0.12887523,0.42857142857142855,1.0,1.0,1.0,358,142,0.6309297535714575,0.6309297535714575,0.2890648263178879,-0.34186492725356965,0
arguana,test,test-science-dssghsdmd-con03a,1.0120075,0.14631063,0.22993696,0.062354255,0.8342376,0.08246988,0.1602785,0.5925665,0.13828224,0.2551203,0.8181818181818182,1.0,1.0,1.0,207,107,0.3010299956639812,0.38685280723454163,0.6309297535714575,0.2440769463369159,1
arguana,test,test-science-dssghsdmd-con01a,1.379856,0.101355314,0.44228226,0.15023689,0.896241,0.03764999,0.13097513,1.6120499,0.16629434,1.0514529,0.42857142857142855,1.0,1.0,1.0,454,153,0.3562071871080222,0.3562071871080222,0.6309297535714575,0.27472256646343535,1
arguana,test,test-science-ascidfakhba-pro02a,1.8985397,0.28530645,0.91188765,0.30272993,0.9749604,0.034724176,0.21514952,3.0785975,0.8352742,2.30724,0.3333333333333333,1.0,1.0,1.0,447,237,0.0,0.0,0.38685280723454163,0.38685280723454163,1
arguana,test,test-science-ascidfakhba-pro01a,1.9538879,0.5860566,0.871667,0.24547687,0.97232085,0.08160907,0.15151203,3.2718904,1.6814919,2.4047523,0.6666666666666666,1.0,1.0,1.0,511,258,0.31546487678572877,0.3562071871080222,1.0,0.6437928128919779,1
arguana,test,test-science-ascidfakhba-pro03a,1.6519206,0.5925957,0.73560196,0.21325696,0.9729662,0.18972707,0.23589975,2.2631812,1.3428955,1.7442219,0.3333333333333333,1.0,1.0,1.0,350,175,0.3562071871080222,0.3333333333333333,0.43067655807339306,0.09734322474005974,1
arguana,test,test-science-ascidfakhba-pro04a,1.9223733,0.6673186,1.0514477,0.31527,0.9783393,0.12585229,0.23481512,3.1467795,1.8048875,2.6610272,0.17647058823529413,1.0,1.0,1.0,482,257,0.0,0.0,0.6309297535714575,0.6309297535714575,1
arguana,test,test-science-ascidfakhba-con02a,1.6530318,0.5241306,0.73621124,0.21074867,0.9583316,0.12445605,0.18959641,2.3156674,1.3322484,1.76821,0.25,1.0,1.0,1.0,425,190,0.0,0.0,0.31546487678572877,0.31546487678572877,1
arguana,test,test-science-ascidfakhba-con04a,1.2810199,0.2069962,0.40553427,0.1186999,0.9301964,0.058280647,0.14469469,1.1694119,0.49571878,0.7774733,0.3333333333333333,1.0,1.0,1.0,194,86,0.0,0.0,0.43067655807339306,0.43067655807339306,1
arguana,test,test-science-ascidfakhba-con03a,1.5570774,0.23679042,0.6248136,0.19595088,0.95178,0.05812496,0.1636638,2.0176578,0.5955515,1.4138384,0.42857142857142855,1.0,1.0,1.0,302,129,0.0,0.0,0.6309297535714575,0.6309297535714575,1
arguana,test,test-science-ascidfakhba-con01a,1.746961,0.50799644,0.77337426,0.22217523,0.9601789,0.066586316,0.17237389,2.6226068,1.4713668,1.930445,0.42857142857142855,1.0,1.0,1.0,437,209,0.0,0.0,0.0,0.0,0
arguana,test,test-science-sghwbdgmo-pro02a,1.0290718,0.011847854,0.14166737,0.050274104,0.79061556,0.0008981824,0.06514776,0.7948543,0.03139651,0.29196346,0.6666666666666666,1.0,1.0,1.0,477,226,0.38685280723454163,0.5,1.0,0.5,1
arguana,test,test-science-sghwbdgmo-pro01a,1.066302,0.019653916,0.15544331,0.047334716,0.8291543,0.017383397,0.093566954,0.8541287,0.0056919456,0.3488592,0.8181818181818182,1.0,1.0,0.0,474,246,0.6309297535714575,1.0,1.0,0.0,0
arguana,test,test-science-sghwbdgmo-pro03a,1.0017619,0.061329544,0.19790316,0.063786365,0.7939406,0.042584777,0.097295225,0.69273746,0.055446863,0.27567503,0.42857142857142855,1.0,1.0,1.0,511,266,1.0,1.0,1.0,0.0,0
arguana,test,test-science-sghwbdgmo-con02a,1.0274733,0.042102218,0.17879784,0.05563252,0.78220075,0.013863802,0.097056866,0.8175754,0.018575132,0.29783267,0.6666666666666666,1.0,1.0,1.0,293,172,1.0,1.0,1.0,0.0,0
arguana,test,test-science-sghwbdgmo-con03a,0.9730083,0.026941001,0.17095691,0.052603193,0.76487386,0.040832102,0.094056964,0.81518173,0.1214003,0.37367597,0.8181818181818182,1.0,1.0,1.0,438,213,0.0,0.0,0.0,0.0,0
arguana,test,test-science-sghwbdgmo-con01a,0.96637356,0.056742072,0.15694398,0.040934693,0.78801554,0.025675476,0.089006186,0.59452665,0.054862022,0.23245022,0.8181818181818182,1.0,1.0,1.0,214,109,1.0,1.0,1.0,0.0,0
arguana,test,test-society-tsmihwurpp-pro02a,1.0072938,0.020374656,0.1436035,0.051583253,0.81436694,0.01260972,0.060714006,0.74099725,0.094806015,0.3888617,0.25,1.0,0.0,1.0,249,138,0.0,0.0,0.3010299956639812,0.3010299956639812,1
arguana,test,test-society-tsmihwurpp-pro01a,0.97738004,0.027974427,0.10325855,0.030436853,0.82959765,0.01955223,0.064453244,0.5801861,0.0879665,0.15917957,0.42857142857142855,0.0,1.0,0.0,204,106,0.6309297535714575,1.0,1.0,0.0,0
arguana,test,test-society-tsmihwurpp-pro03a,0.92048746,0.049198806,0.11435664,0.031278208,0.77962035,0.044969738,0.070857406,0.54175246,0.07219541,0.18869808,0.42857142857142855,1.0,1.0,1.0,182,89,0.38685280723454163,0.6309297535714575,0.3010299956639812,-0.32989975790747633,0
arguana,test,test-society-tsmihwurpp-con02a,0.98169124,0.055943727,0.14147955,0.04181617,0.8101923,0.010085881,0.06758416,0.6345105,0.06284726,0.24834359,0.25,1.0,0.0,1.0,283,136,0.0,0.0,0.38685280723454163,0.38685280723454163,1
arguana,test,test-society-tsmihwurpp-con03a,0.98077065,0.057374418,0.11682731,0.03145299,0.79768676,0.00020045042,0.05608934,0.6109477,0.02851957,0.24705678,0.3333333333333333,0.0,1.0,0.0,171,93,0.0,0.0,0.0,0.0,0
arguana,test,test-society-tsmihwurpp-con01a,0.95308024,0.085200846,0.14278418,0.03932848,0.8162249,0.022044301,0.06908178,0.45618448,0.067858666,0.23300835,0.25,1.0,1.0,1.0,150,76,0.6309297535714575,0.6309297535714575,0.3333333333333333,-0.2975964202381242,0
arguana,test,test-society-cpisydfphwj-pro02a,1.7919874,0.87561584,1.0011408,0.28603554,0.97002244,0.21345884,0.28785372,2.7398834,2.1808333,2.3370981,0.5384615384615384,1.0,1.0,1.0,388,199,0.6309297535714575,0.6309297535714575,0.6309297535714575,0.0,0
arguana,test,test-society-cpisydfphwj-pro01a,1.7076826,0.7199949,0.8599228,0.24247223,0.9856083,0.17774308,0.24424005,2.4069142,1.8075058,2.0189378,0.3333333333333333,1.0,1.0,1.0,387,178,0.6309297535714575,0.6309297535714575,1.0,0.36907024642854247,1
arguana,test,test-society-cpisydfphwj-pro03a,1.7934401,0.6791365,0.91893053,0.2677416,0.9818541,0.15492845,0.24687475,2.7052865,1.74736,2.1660404,0.3333333333333333,1.0,1.0,1.0,494,235,0.5,0.5,0.5,0.0,0
arguana,test,test-society-cpisydfphwj-con02a,1.7276437,0.6479989,0.8753389,0.2552419,0.9837193,0.13597614,0.24715102,2.479748,1.7067424,2.0607154,0.3333333333333333,1.0,1.0,1.0,451,223,0.6309297535714575,0.6309297535714575,0.6309297535714575,0.0,0
arguana,test,test-society-cpisydfphwj-con03a,1.474191,0.45999753,0.6780815,0.19933634,0.97225183,0.13737953,0.25132883,1.6731305,1.0753936,1.3940889,0.25,1.0,1.0,1.0,232,123,0.6309297535714575,0.6309297535714575,1.0,0.36907024642854247,1
arguana,test,test-society-cpisydfphwj-con01a,1.8793099,0.9047046,0.9728392,0.2844186,0.9839587,0.18492734,0.24426478,2.9845035,2.3992572,2.5107663,0.6666666666666666,1.0,1.0,1.0,369,196,0.6309297535714575,0.6309297535714575,1.0,0.36907024642854247,1
arguana,test,test-society-ghbgqeaaems-pro02a,1.2556219,0.16540945,0.3117621,0.08091097,0.8810937,0.0189839,0.07529205,1.2484276,0.43141395,0.7488591,0.8181818181818182,1.0,1.0,1.0,463,219,0.3333333333333333,0.31546487678572877,0.31546487678572877,0.0,0
arguana,test,test-society-ghbgqeaaems-pro01a,0.93894887,0.012579918,0.08136755,0.021111552,0.82887435,0.028522372,0.07560313,0.49735206,0.051175326,0.11592138,0.42857142857142855,0.0,0.0,1.0,191,83,1.0,0.6309297535714575,1.0,0.36907024642854247,1
arguana,test,test-society-ghbgqeaaems-pro03a,1.073044,0.033560276,0.18912059,0.063607655,0.8235738,0.0051187277,0.055981755,0.92396724,0.086839736,0.5506325,0.42857142857142855,1.0,1.0,0.0,304,159,0.3010299956639812,0.3010299956639812,1.0,0.6989700043360187,1
arguana,test,test-society-ghbgqeaaems-pro04a,1.1015481,0.019177198,0.17985481,0.06333577,0.8221257,0.015158474,0.07516807,1.0362902,0.03469205,0.47796935,1.0,1.0,1.0,0.0,502,236,0.5,0.6309297535714575,0.6309297535714575,0.0,0
arguana,test,test-society-ghbgqeaaems-con02a,1.0667423,0.031558752,0.14116716,0.04711692,0.8445944,0.012702107,0.07896513,0.74049306,0.025511444,0.3026427,0.6666666666666666,1.0,1.0,1.0,275,161,0.3333333333333333,0.6309297535714575,0.6309297535714575,0.0,0
arguana,test,test-society-ghbgqeaaems-con03a,1.0652925,0.004570484,0.116363406,0.035768297,0.83143973,0.011773765,0.052702427,0.86967254,0.030130088,0.30236673,0.8181818181818182,1.0,1.0,0.0,441,228,1.0,0.3333333333333333,0.5,0.16666666666666669,1
arguana,test,test-society-ghbgqeaaems-con01a,1.0398515,0.017619014,0.07302159,0.021507042,0.8479218,0.010265827,0.039718032,0.71342903,0.0063968897,0.20053822,0.8181818181818182,1.0,1.0,0.0,302,157,1.0,0.6309297535714575,1.0,0.36907024642854247,1
arguana,test,test-society-mmcpsgfhbf-pro02a,0.9596578,0.05796069,0.20055711,0.06296182,0.8212597,0.033619106,0.13567436,0.46132714,0.06944823,0.19987115,0.5384615384615384,1.0,1.0,1.0,144,74,1.0,1.0,1.0,0.0,0
arguana,test,test-society-mmcpsgfhbf-pro01a,1.0493617,0.0933094,0.17299867,0.050533697,0.86870533,0.07377535,0.11665106,0.60218805,0.064549744,0.19914386,0.42857142857142855,1.0,1.0,1.0,261,127,0.2890648263178879,0.3333333333333333,0.2890648263178879,-0.044268507015445435,0
arguana,test,test-society-mmcpsgfhbf-pro03a,0.93962663,0.008327305,0.11916691,0.037117854,0.79517597,0.0009223819,0.06763077,0.48150223,0.0063886046,0.15592816,0.6666666666666666,1.0,1.0,1.0,216,94,0.2890648263178879,0.2890648263178879,0.6309297535714575,0.34186492725356965,1
arguana,test,test-society-mmcpsgfhbf-pro04a,0.925185,0.0041342378,0.07153249,0.02391958,0.80278766,0.0220868,0.05528432,0.4692132,0.008276671,0.1205447,0.6666666666666666,1.0,1.0,1.0,338,139,0.2890648263178879,0.2890648263178879,1.0,0.7109351736821121,1
arguana,test,test-society-mmcpsgfhbf-con02a,1.0388415,0.109134436,0.19345713,0.05514011,0.82066613,0.04711312,0.096909285,0.7272512,0.15780789,0.36837894,0.6666666666666666,1.0,1.0,1.0,336,135,1.0,1.0,1.0,0.0,0
arguana,test,test-society-mmcpsgfhbf-con04a,0.8992852,4.7683716e-06,0.031189859,0.010436534,0.7875716,0.0005913377,0.03267753,0.4395778,0.022726715,0.067214996,0.5384615384615384,1.0,0.0,0.0,218,109,0.38685280723454163,0.3562071871080222,0.6309297535714575,0.27472256646343535,1
arguana,test,test-society-mmcpsgfhbf-con03a,0.9800507,0.020515501,0.10364115,0.033018213,0.8412981,0.046996653,0.09470904,0.55489737,0.0041182637,0.14130592,0.6666666666666666,1.0,0.0,1.0,303,118,1.0,1.0,0.3333333333333333,-0.6666666666666667,0
arguana,test,test-society-mmcpsgfhbf-con01a,0.8943091,0.0010928512,0.06409335,0.021307629,0.80012923,0.0136787295,0.055458724,0.37904987,0.008526802,0.06875989,0.42857142857142855,1.0,1.0,0.0,201,74,1.0,1.0,0.6309297535714575,-0.36907024642854247,0
arguana,test,test-society-epiasghbf-pro02a,1.3529236,0.5924511,0.62667406,0.182864,0.96924263,0.2691877,0.29609817,1.2789364,0.9558374,1.0108411,0.05263157894736842,1.0,1.0,1.0,208,85,0.3562071871080222,0.3562071871080222,0.6309297535714575,0.27472256646343535,1
arguana,test,test-society-epiasghbf-pro01a,1.6528318,0.7439338,0.78158927,0.22960614,0.9743037,0.21799469,0.24539083,2.26176,1.7331703,1.7770101,0.3333333333333333,1.0,1.0,1.0,216,133,0.6309297535714575,0.6309297535714575,0.6309297535714575,0.0,0
arguana,test,test-society-epiasghbf-pro03a,1.321881,0.4658268,0.52614504,0.14923596,0.9441606,0.18019027,0.22455436,1.2590681,0.87000406,0.9748236,0.42857142857142855,1.0,1.0,1.0,168,74,0.0,0.0,0.3562071871080222,0.3562071871080222,1
arguana,test,test-society-epiasghbf-con02a,1.3290777,0.41569883,0.48364145,0.14079554,0.95300996,0.17355382,0.19681782,1.253559,0.7384597,0.8958513,0.17647058823529413,1.0,1.0,1.0,190,97,0.38685280723454163,0.43067655807339306,0.5,0.06932344192660694,1
arguana,test,test-society-epiasghbf-con04a,1.2023588,0.36929053,0.46213257,0.1342979,0.9589068,0.2210828,0.29090464,0.8115066,0.49402562,0.56006896,0.42857142857142855,1.0,1.0,1.0,143,66,0.0,0.0,0.0,0.0,0
arguana,test,test-society-epiasghbf-con03a,1.2549055,0.3627631,0.45400953,0.12716143,0.93226826,0.14451253,0.20690197,1.0754571,0.65999985,0.7573912,0.3333333333333333,1.0,1.0,1.0,148,74,0.6309297535714575,0.6309297535714575,0.6309297535714575,0.0,0
arguana,test,test-society-epiasghbf-con01a,1.1803476,0.34730124,0.42066622,0.11841554,0.9479135,0.20183522,0.25984728,0.7747799,0.46586385,0.5305989,0.6666666666666666,1.0,1.0,1.0,172,71,0.43067655807339306,0.5,0.38685280723454163,-0.11314719276545837,0
arguana,test,test-society-asfhwapg-pro02a,0.9685642,0.04902774,0.13684255,0.039860494,0.76991206,0.0027976036,0.04879868,0.6714992,0.14522803,0.25014085,0.42857142857142855,0.0,1.0,0.0,348,185,0.6309297535714575,0.43067655807339306,1.0,0.5693234419266069,1
arguana,test,test-society-asfhwapg-pro01a,0.9362688,0.011128902,0.106836975,0.040211055,0.83293754,0.026620984,0.107813716,0.44719926,0.001998663,0.102761686,0.3333333333333333,1.0,0.0,1.0,237,126,1.0,1.0,1.0,0.0,0
arguana,test,test-society-asfhwapg-con02a,1.0201014,0.036867917,0.14095765,0.041917853,0.81787586,0.0011484027,0.072617054,0.67408526,0.027176082,0.23066819,0.42857142857142855,1.0,1.0,1.0,304,165,0.38685280723454163,0.3562071871080222,0.3562071871080222,0.0,0
arguana,test,test-society-asfhwapg-con04a,0.8657268,0.0066199303,0.08910602,0.029096784,0.7363533,0.0057629943,0.052758813,0.47287512,0.044486344,0.138075,0.42857142857142855,1.0,1.0,0.0,469,203,0.0,0.0,0.0,0.0,0
arguana,test,test-society-asfhwapg-con03a,0.9772738,0.12407249,0.22605264,0.06719867,0.8158823,0.07018554,0.1418333,0.53797156,0.17962304,0.26177976,0.17647058823529413,1.0,1.0,1.0,332,164,1.0,1.0,1.0,0.0,0
arguana,test,test-society-asfhwapg-con01a,0.9963746,0.12633634,0.2106368,0.05889354,0.7998262,0.05909419,0.10903424,0.6551613,0.22414058,0.29733515,0.5384615384615384,1.0,1.0,1.0,271,147,0.38685280723454163,0.38685280723454163,0.6309297535714575,0.2440769463369159,1
arguana,test,test-society-simhbrasnba-pro02a,0.834052,0.0017423034,0.021083951,0.0070757153,0.75323725,0.005262077,0.023009062,0.35265064,0.0022945106,0.027003169,0.0,0.0,0.0,0.0,205,105,0.6309297535714575,1.0,1.0,0.0,0
arguana,test,test-society-simhbrasnba-pro01a,1.0154347,0.11752874,0.16843301,0.048552107,0.8227278,0.040121138,0.077863514,0.64235663,0.07483423,0.27214575,0.1111111111111111,1.0,1.0,1.0,229,148,1.0,1.0,0.6309297535714575,-0.36907024642854247,0
arguana,test,test-society-simhbrasnba-pro03a,0.8875655,0.02276653,0.13302541,0.048640516,0.7827019,0.007530749,0.080201566,0.41140544,0.036757708,0.17594433,0.3333333333333333,1.0,0.0,0.0,147,74,0.43067655807339306,0.38685280723454163,0.43067655807339306,0.04382375083885143,1
arguana,test,test-society-simhbrasnba-con02a,0.8632401,0.044249415,0.06322634,0.017898537,0.7589585,0.026224732,0.05037123,0.44865018,0.04251957,0.096542686,0.0,0.0,0.0,1.0,182,86,0.43067655807339306,0.3562071871080222,0.31546487678572877,-0.04074231032229342,0
arguana,test,test-society-simhbrasnba-con03a,0.9118332,0.021042764,0.08340037,0.027326422,0.7654745,0.004933417,0.021996498,0.63355863,0.09366381,0.2889629,0.0,0.0,0.0,0.0,180,97,0.0,0.0,0.0,0.0,0
arguana,test,test-society-simhbrasnba-con01a,0.9115635,0.036163986,0.08431834,0.024458723,0.76764107,0.012044787,0.040086627,0.60668725,0.1265893,0.2474924,0.17647058823529413,1.0,1.0,0.0,224,129,0.3333333333333333,0.3562071871080222,1.0,0.6437928128919779,1
arguana,test,test-society-tlhrilsfhwr-pro02a,1.8072512,0.8640522,0.96931595,0.28165686,0.9709519,0.2401709,0.28286904,2.7876642,2.0796041,2.2831154,0.5384615384615384,1.0,1.0,1.0,511,236,0.6309297535714575,0.5,0.6309297535714575,0.13092975357145753,1
arguana,test,test-society-tlhrilsfhwr-pro01a,1.6776319,0.6753689,0.7356961,0.21052693,0.9798199,0.16744655,0.20751148,2.3260398,1.6340816,1.7623955,0.6666666666666666,1.0,1.0,1.0,465,173,0.0,0.0,0.38685280723454163,0.38685280723454163,1
arguana,test,test-society-tlhrilsfhwr-pro03a,1.7321416,0.7476636,0.89889526,0.25984377,0.9736378,0.19898063,0.2717287,2.5283458,1.8289433,2.0449293,0.5384615384615384,1.0,1.0,1.0,511,266,0.43067655807339306,0.5,0.5,0.0,0
arguana,test,test-society-tlhrilsfhwr-pro04a,1.5661867,0.5744807,0.64004254,0.18499945,0.97812146,0.16297752,0.21439075,1.9602174,1.3129652,1.4472358,0.5384615384615384,1.0,1.0,1.0,511,171,0.3333333333333333,0.38685280723454163,0.0,-0.38685280723454163,0
arguana,test,test-society-tlhrilsfhwr-con02a,1.6888099,0.6717639,0.765275,0.21981804,0.9282814,0.13016438,0.19189781,2.5350945,1.706844,1.9458349,0.8181818181818182,1.0,1.0,1.0,511,257,0.38685280723454163,0.5,0.38685280723454163,-0.11314719276545837,0
arguana,test,test-society-tlhrilsfhwr-con03a,1.5296417,0.6063781,0.7463728,0.20636113,0.9769545,0.18332088,0.31045896,1.8422906,1.1736178,1.3500113,0.3333333333333333,1.0,1.0,1.0,455,140,0.3010299956639812,0.3010299956639812,0.3010299956639812,0.0,0
arguana,test,test-society-tlhrilsfhwr-con01a,1.3905333,0.43571723,0.55085856,0.15754937,0.9783342,0.19322532,0.26153493,1.3739971,0.80830634,0.9490574,0.42857142857142855,1.0,1.0,1.0,329,114,0.6309297535714575,0.38685280723454163,0.6309297535714575,0.2440769463369159,1
arguana,test,test-society-epsihbdns-pro02a,1.6682508,0.613724,0.7749928,0.22439058,0.97155476,0.15567076,0.20474088,2.3223202,1.5013527,1.866559,0.25,1.0,1.0,1.0,298,171,0.31546487678572877,0.3562071871080222,0.3010299956639812,-0.055177191444040985,0
arguana,test,test-society-epsihbdns-pro01a,1.4532684,0.5728126,0.5947143,0.17521136,0.95354813,0.1705662,0.20049953,1.6657342,1.16627,1.2653753,0.05263157894736842,1.0,1.0,1.0,251,104,0.43067655807339306,0.6309297535714575,1.0,0.36907024642854247,1
arguana,test,test-society-epsihbdns-pro03a,1.5310333,0.483657,0.6761496,0.19737956,0.97921485,0.1657713,0.23265034,1.8393946,1.0596188,1.4752648,0.42857142857142855,1.0,1.0,1.0,340,166,0.0,0.0,0.0,0.0,0
arguana,test,test-society-epsihbdns-pro04a,1.8018589,0.8622854,0.93921924,0.27255788,0.9826181,0.18254077,0.2237795,2.7308025,2.241089,2.3615623,0.5384615384615384,1.0,1.0,1.0,324,199,0.0,0.0,0.0,0.0,0
arguana,test,test-society-epsihbdns-con02a,1.5448045,0.6267303,0.75942606,0.22199453,0.95029324,0.18455249,0.25024962,1.981704,1.4739262,1.6622331,0.17647058823529413,1.0,1.0,1.0,278,132,0.43067655807339306,0.31546487678572877,0.6309297535714575,0.31546487678572877,1
arguana,test,test-society-epsihbdns-con04a,1.5012622,0.5873064,0.682909,0.19865493,0.9661633,0.17787433,0.21891367,1.7836629,1.3647735,1.4802004,0.25,1.0,1.0,1.0,191,116,0.31546487678572877,0.2890648263178879,0.38685280723454163,0.09778798091665375,1
arguana,test,test-society-epsihbdns-con03a,1.6163166,0.68215394,0.8220364,0.23776549,0.9536995,0.18770754,0.27353454,2.208723,1.50963,1.8139384,0.42857142857142855,1.0,1.0,1.0,255,151,0.0,0.0,0.0,0.0,0
arguana,test,test-society-epsihbdns-con01a,1.4266255,0.49175698,0.57087624,0.16468719,0.96878654,0.21054846,0.24217516,1.5261297,0.9357921,1.07457,0.3333333333333333,1.0,1.0,1.0,205,117,0.3333333333333333,0.5,0.6309297535714575,0.13092975357145753,1
