dataset,split,query_id,A_q_ambiguous,A_q_needs_reasoning,A_q_specific_terms,B_q_ambiguous,B_q_needs_reasoning,B_q_specific_terms,B_c_top1_direct,B_c_other_better,B_c_any_direct,A_latency_ms,B_latency_ms,A_tokens,B_tokens
scifact,test,1,0.7,0.81,0.92,0.77,0.84,0.8,0.08,0.39,0.1,195.47029200475663,156.07616596389562,521,1290
scifact,test,3,0.43,0.85,0.96,0.44,0.86,0.94,0.11,0.81,0.34,203.06333398912102,162.4855839763768,537,1216
scifact,test,5,0.61,0.8,0.93,0.3,0.82,0.93,0.88,0.04,0.89,196.45641598617658,176.21295800199732,524,1262
scifact,test,13,0.41,0.81,0.91,0.45,0.86,0.85,0.08,0.47,0.15,163.53929199976847,127.54554097773507,524,1336
scifact,test,36,0.19,0.88,0.96,0.25,0.85,0.95,0.15,0.44,0.31,119.39449998317286,121.36762501904741,525,1351
scifact,test,42,0.23,0.84,0.96,0.27,0.91,0.96,0.38,0.09,0.53,167.04383300384507,154.44579196628183,538,1446
scifact,test,48,0.32,0.82,0.93,0.32,0.85,0.94,0.05,0.59,0.16,198.40474997181445,144.66437499504536,534,1291
scifact,test,49,0.24,0.86,0.96,0.2,0.9,0.97,0.91,0.05,0.93,120.59933401178569,155.47770803095773,523,1378
scifact,test,50,0.75,0.83,0.93,0.62,0.84,0.95,0.95,0.09,0.95,190.36529201548547,133.3075410220772,518,1334
scifact,test,51,0.41,0.87,0.95,0.23,0.92,0.95,0.91,0.08,0.87,146.46366698434576,138.81033402867615,521,1286
scifact,test,53,0.37,0.86,0.96,0.22,0.89,0.96,0.96,0.04,0.97,120.85254199337214,129.22050000634044,522,1299
scifact,test,54,0.23,0.87,0.97,0.21,0.92,0.97,0.07,0.63,0.14,117.0940839801915,109.42312504630536,530,1414
scifact,test,56,0.22,0.85,0.96,0.17,0.88,0.97,0.95,0.04,0.96,138.84079200215638,134.06887504970655,538,1416
scifact,test,57,0.22,0.85,0.96,0.24,0.9,0.97,0.65,0.05,0.74,136.32454100297764,129.2787919519469,539,1417
scifact,test,70,0.25,0.87,0.97,0.25,0.87,0.91,0.06,0.52,0.1,130.99670800147578,124.89270803052932,522,1274
scifact,test,72,0.29,0.83,0.96,0.21,0.87,0.97,0.91,0.03,0.94,114.75391598651186,127.94524995842949,527,1364
scifact,test,75,0.21,0.83,0.97,0.25,0.85,0.95,0.07,0.72,0.31,162.78670902829617,116.34758301079273,536,1445
scifact,test,94,0.22,0.82,0.96,0.2,0.79,0.93,0.01,0.16,0.02,121.35841598501429,150.9802920045331,523,1330
scifact,test,99,0.24,0.86,0.96,0.24,0.83,0.94,0.01,0.37,0.03,128.72695800615475,149.63891700608656,525,1326
scifact,test,100,0.36,0.84,0.91,0.27,0.92,0.94,0.88,0.05,0.89,161.9535419740714,119.77625003783032,524,1304
scifact,test,113,0.34,0.83,0.96,0.37,0.87,0.96,0.87,0.2,0.91,209.74899997236207,131.23362499754876,529,1299
scifact,test,115,0.4,0.83,0.94,0.38,0.85,0.91,0.1,0.06,0.16,145.78262501163408,126.46020803367719,523,1317
scifact,test,118,0.34,0.84,0.96,0.23,0.86,0.96,0.96,0.14,0.98,253.08495800709352,120.98775000777096,528,1255
scifact,test,124,0.53,0.86,0.94,0.42,0.89,0.93,0.77,0.09,0.81,217.46933297254145,154.8922079964541,529,1330
scifact,test,127,0.2,0.85,0.97,0.24,0.87,0.95,0.61,0.04,0.65,124.68791694846004,131.80141698103398,529,1342
scifact,test,128,0.17,0.86,0.94,0.23,0.86,0.85,0.03,0.62,0.07,182.17829201603308,182.03458294738084,522,1385
scifact,test,129,0.48,0.83,0.67,0.25,0.91,0.59,0.95,0.03,0.96,360.4516660561785,166.58637498039752,525,1243
scifact,test,130,0.54,0.84,0.66,0.25,0.85,0.66,0.97,0.02,0.98,114.53320801956579,170.20958301145583,525,1253
scifact,test,132,0.23,0.85,0.96,0.41,0.85,0.94,0.08,0.63,0.3,118.3690830366686,123.552999983076,522,1393
scifact,test,133,0.18,0.85,0.97,0.19,0.89,0.97,0.92,0.07,0.93,386.85516599798575,134.12762503139675,551,1439
scifact,test,137,0.45,0.83,0.82,0.26,0.89,0.8,0.91,0.05,0.93,126.1909999884665,119.24624996026978,526,1266
scifact,test,141,0.37,0.85,0.92,0.43,0.9,0.92,0.85,0.3,0.85,115.73408299591392,118.51841595489532,526,1242
scifact,test,142,0.29,0.87,0.96,0.23,0.89,0.95,0.65,0.1,0.62,140.42841602349654,113.47195797134191,544,1299
scifact,test,143,0.39,0.87,0.95,0.27,0.9,0.95,0.73,0.07,0.72,136.9532080134377,142.71562499925494,541,1350
scifact,test,146,0.46,0.86,0.96,0.36,0.89,0.95,0.73,0.07,0.73,117.8348750108853,117.53558303462341,539,1372
scifact,test,148,0.49,0.83,0.93,0.63,0.87,0.9,0.07,0.94,0.92,152.26016601081938,149.37958301743492,517,1280
scifact,test,163,0.7,0.85,0.9,0.68,0.89,0.91,0.88,0.35,0.89,132.7512919669971,119.48404199210927,520,1244
scifact,test,171,0.34,0.87,0.97,0.27,0.93,0.96,0.84,0.06,0.85,150.4640419734642,139.39483399735764,532,1400
scifact,test,179,0.46,0.86,0.89,0.28,0.87,0.9,0.96,0.39,0.97,132.03641696600243,133.44704097835347,518,1275
scifact,test,180,0.14,0.86,0.97,0.15,0.92,0.97,0.72,0.04,0.71,137.76625000173226,121.46929098526016,540,1408
scifact,test,183,0.55,0.84,0.93,0.49,0.88,0.88,0.17,0.26,0.34,113.789374998305,115.08550000144169,520,1291
scifact,test,185,0.19,0.88,0.8,0.23,0.91,0.68,0.23,0.52,0.34,121.32520804880187,120.89729198487476,519,1233
scifact,test,198,0.24,0.87,0.96,0.33,0.87,0.91,0.01,0.29,0.03,191.16733397822827,122.41441698279232,520,1345
scifact,test,208,0.16,0.85,0.96,0.16,0.92,0.96,0.92,0.04,0.93,128.78433300647885,120.61629100935534,519,1295
scifact,test,212,0.7,0.85,0.91,0.57,0.91,0.85,0.07,0.83,0.62,127.18887499067932,116.17674998706207,519,1316
scifact,test,213,0.19,0.88,0.97,0.3,0.93,0.96,0.58,0.22,0.71,179.84050000086427,250.31958398176357,536,1361
scifact,test,216,0.34,0.85,0.96,0.29,0.92,0.96,0.64,0.1,0.74,119.98129199491814,126.7582910368219,523,1387
scifact,test,217,0.29,0.86,0.97,0.2,0.89,0.97,0.95,0.04,0.96,114.1376249724999,119.43770799553022,522,1345
scifact,test,218,0.32,0.84,0.97,0.19,0.89,0.97,0.96,0.03,0.97,148.67441600654274,144.36445804312825,523,1363
scifact,test,219,0.29,0.84,0.97,0.22,0.92,0.96,0.79,0.09,0.82,127.3457920178771,134.30674996925518,524,1387
scifact,test,230,0.37,0.84,0.93,0.27,0.89,0.92,0.82,0.04,0.84,138.0390420090407,158.20479101967067,531,1305
scifact,test,232,0.25,0.83,0.96,0.34,0.87,0.96,0.8,0.21,0.85,107.17229201691225,136.13645895384252,526,1195
scifact,test,233,0.19,0.86,0.95,0.16,0.92,0.91,0.89,0.03,0.92,144.75025003775954,131.0593329835683,526,1283
scifact,test,236,0.23,0.83,0.96,0.2,0.87,0.93,0.66,0.04,0.73,170.4236250370741,138.58404202619568,525,1249
scifact,test,237,0.22,0.85,0.97,0.25,0.88,0.96,0.09,0.53,0.22,124.6593749965541,137.49408401781693,530,1348
scifact,test,238,0.71,0.83,0.94,0.65,0.85,0.88,0.21,0.09,0.18,124.81750000733882,155.88208299595863,520,1188
scifact,test,239,0.82,0.76,0.29,0.77,0.79,0.21,0.16,0.51,0.25,100.01024999655783,119.14600001182407,518,1270
scifact,test,248,0.27,0.85,0.96,0.17,0.91,0.97,0.98,0.04,0.98,136.35287497891113,144.54612496774644,522,1241
scifact,test,249,0.25,0.87,0.96,0.18,0.92,0.96,0.89,0.05,0.88,127.28250003419816,137.84620800288394,522,1334
scifact,test,261,0.44,0.81,0.94,0.42,0.85,0.93,0.72,0.34,0.83,176.33212503278628,116.13604199374095,528,1263
scifact,test,268,0.42,0.82,0.93,0.5,0.87,0.91,0.13,0.42,0.3,125.8192079840228,145.09754203027114,515,1358
scifact,test,269,0.39,0.82,0.93,0.4,0.89,0.91,0.08,0.32,0.17,120.16379099804908,141.91349997418,515,1347
scifact,test,274,0.17,0.87,0.97,0.22,0.92,0.97,0.31,0.24,0.58,162.11579198716208,132.97641702229157,545,1371
scifact,test,275,0.34,0.87,0.97,0.34,0.9,0.97,0.27,0.82,0.89,120.4745420254767,119.83350000809878,540,1398
scifact,test,279,0.14,0.84,0.96,0.13,0.87,0.97,0.95,0.04,0.95,134.31429100455716,114.80479198507965,534,1310
scifact,test,294,0.2,0.85,0.96,0.25,0.9,0.91,0.05,0.42,0.08,150.36641602637246,148.27050000894815,529,1256
scifact,test,295,0.59,0.73,0.97,0.57,0.77,0.97,0.12,0.25,0.18,115.62962498283014,118.9597500488162,542,1323
scifact,test,298,0.22,0.82,0.97,0.23,0.83,0.97,0.95,0.05,0.97,139.74741694983095,120.76183297904208,530,1276
scifact,test,300,0.4,0.8,0.96,0.29,0.75,0.93,0.22,0.04,0.43,125.23358303587884,146.69879199936986,547,1269
scifact,test,303,0.24,0.83,0.97,0.23,0.85,0.95,0.09,0.15,0.16,126.79929204750806,142.81458302866668,533,1327
scifact,test,312,0.58,0.8,0.93,0.68,0.84,0.89,0.09,0.47,0.16,129.57512499997392,112.69512498984113,528,1245
scifact,test,314,0.22,0.83,0.96,0.19,0.85,0.95,0.63,0.75,0.95,135.2962499950081,117.48704203637317,537,1374
scifact,test,324,0.61,0.86,0.93,0.62,0.89,0.92,0.03,0.5,0.08,132.6095000258647,140.78437496209517,520,1340
scifact,test,327,0.27,0.85,0.96,0.21,0.9,0.97,0.97,0.03,0.97,118.14958398463205,122.38604202866554,526,1403
scifact,test,338,0.45,0.85,0.95,0.42,0.91,0.95,0.51,0.12,0.66,135.14287496218458,121.7699580010958,522,1404
scifact,test,343,0.36,0.83,0.95,0.38,0.88,0.92,0.12,0.37,0.21,137.14020798215643,134.16879199212417,529,1352
scifact,test,350,0.27,0.84,0.96,0.21,0.86,0.96,0.7,0.04,0.79,129.3731250334531,123.6204169690609,532,1397
scifact,test,354,0.2,0.83,0.96,0.24,0.92,0.96,0.46,0.08,0.44,155.74958303477615,123.79270797828212,534,1409
scifact,test,362,0.24,0.81,0.95,0.24,0.89,0.95,0.26,0.8,0.86,111.84379103360698,139.56345798214898,541,1319
scifact,test,380,0.54,0.83,0.91,0.26,0.9,0.92,0.94,0.04,0.96,181.5461670048535,138.65137501852587,524,1297
scifact,test,384,0.61,0.83,0.88,0.7,0.87,0.73,0.39,0.19,0.6,121.74262496409938,150.70987498620525,530,1266
scifact,test,385,0.83,0.78,0.93,0.74,0.76,0.94,0.86,0.32,0.96,121.56158301513642,113.27666701981798,533,1316
scifact,test,386,0.4,0.85,0.91,0.35,0.89,0.86,0.72,0.08,0.7,163.8965830206871,127.78612499823794,528,1295
scifact,test,388,0.4,0.86,0.93,0.48,0.89,0.89,0.11,0.29,0.18,120.63270801445469,116.11337499925867,521,1311
scifact,test,399,0.68,0.75,0.89,0.51,0.8,0.88,0.96,0.03,0.97,118.59029100742191,136.88008300960064,523,1290
scifact,test,410,0.3,0.85,0.93,0.28,0.91,0.91,0.54,0.08,0.61,115.33016699831933,116.95512500591576,521,1249
scifact,test,411,0.32,0.82,0.94,0.27,0.89,0.91,0.62,0.1,0.74,116.8040829943493,122.3023749771528,521,1249
scifact,test,415,0.33,0.84,0.97,0.35,0.88,0.97,0.71,0.15,0.76,158.48387498408556,116.06162501266226,532,1397
scifact,test,421,0.52,0.87,0.9,0.52,0.89,0.75,0.05,0.43,0.08,113.02499996963888,139.08629200886935,529,1304
scifact,test,431,0.28,0.84,0.97,0.34,0.87,0.96,0.09,0.18,0.1,132.20149994594976,123.68154100840911,526,1350
scifact,test,436,0.22,0.87,0.96,0.16,0.84,0.97,0.85,0.03,0.88,155.27533297427,135.6163749587722,527,1350
scifact,test,437,0.61,0.8,0.96,0.62,0.88,0.95,0.52,0.19,0.59,137.6006249920465,154.51454202411696,538,1398
scifact,test,439,0.16,0.84,0.96,0.16,0.82,0.96,0.32,0.13,0.39,166.97666700929403,147.19779195729643,537,1295
scifact,test,440,0.15,0.83,0.97,0.17,0.84,0.95,0.22,0.16,0.25,129.01041703298688,158.1874580006115,537,1308
scifact,test,443,0.45,0.79,0.97,0.32,0.86,0.97,0.95,0.03,0.96,135.18941699294373,118.36408299859613,529,1462
scifact,test,452,0.45,0.86,0.82,0.38,0.92,0.63,0.75,0.73,0.93,150.3466249560006,157.83570799976587,522,1234
scifact,test,475,0.55,0.73,0.96,0.8,0.61,0.91,0.2,0.28,0.39,152.75583398761228,119.7156659909524,526,1305
scifact,test,478,0.18,0.86,0.95,0.19,0.89,0.97,0.03,0.94,0.44,137.09279097383842,229.26170798018575,546,1284
scifact,test,491,0.32,0.84,0.96,0.28,0.87,0.96,0.19,0.05,0.32,125.03979197936133,131.0625410405919,528,1358
scifact,test,501,0.6,0.87,0.53,0.36,0.92,0.51,0.92,0.05,0.91,130.7141669676639,130.6736670085229,519,1315
scifact,test,502,0.74,0.82,0.28,0.72,0.86,0.28,0.13,0.19,0.15,124.51104097999632,130.34183398121968,528,1192
scifact,test,507,0.32,0.82,0.96,0.26,0.89,0.95,0.62,0.66,0.92,117.63720802264288,157.32141601620242,535,1359
scifact,test,508,0.63,0.81,0.92,0.53,0.88,0.9,0.2,0.08,0.19,145.63908299896866,198.91883298987523,527,1183
scifact,test,513,0.27,0.87,0.83,0.27,0.9,0.82,0.71,0.19,0.78,116.14125000778586,114.86533400602639,521,1305
scifact,test,514,0.25,0.86,0.96,0.2,0.9,0.96,0.79,0.18,0.81,146.04445797158405,125.22866600193083,546,1387
scifact,test,516,0.14,0.86,0.97,0.18,0.92,0.96,0.91,0.07,0.91,143.4085420332849,125.18337497022003,534,1383
scifact,test,517,0.28,0.87,0.95,0.35,0.9,0.9,0.02,0.74,0.05,117.13650001911446,115.67354103317484,520,1334
scifact,test,521,0.27,0.85,0.96,0.37,0.86,0.94,0.09,0.28,0.11,143.77195801353082,129.70562500413507,549,1321
scifact,test,525,0.32,0.85,0.96,0.25,0.89,0.94,0.34,0.08,0.44,119.25279098795727,145.2211249852553,539,1313
scifact,test,527,0.18,0.86,0.97,0.21,0.88,0.95,0.23,0.11,0.34,179.2959169833921,172.75745799997821,545,1337
scifact,test,528,0.23,0.86,0.97,0.2,0.84,0.97,0.49,0.04,0.61,128.20408400148153,150.45295795425773,566,1412
scifact,test,532,0.17,0.85,0.96,0.17,0.91,0.95,0.75,0.04,0.8,127.44170799851418,172.49374999664724,529,1380
scifact,test,533,0.2,0.87,0.96,0.17,0.88,0.95,0.86,0.04,0.87,123.48100001690909,158.9951670030132,529,1445
scifact,test,535,0.48,0.8,0.94,0.58,0.84,0.9,0.08,0.6,0.21,137.28037499822676,119.33341698022559,523,1294
scifact,test,536,0.28,0.83,0.95,0.17,0.88,0.95,0.88,0.03,0.91,152.64845901401713,122.84233403624967,524,1395
scifact,test,539,0.43,0.85,0.92,0.37,0.89,0.91,0.96,0.04,0.96,154.04249995481223,171.32875003153458,519,1292
scifact,test,540,0.63,0.74,0.95,0.77,0.79,0.9,0.85,0.14,0.88,139.56879102624953,120.15529203927144,526,1308
scifact,test,544,0.2,0.85,0.96,0.22,0.85,0.93,0.03,0.61,0.07,127.74070899467915,122.08412500331178,528,1360
scifact,test,549,0.45,0.85,0.94,0.34,0.87,0.94,0.07,0.54,0.16,117.88949999026954,268.4189169667661,524,1266
scifact,test,551,0.2,0.87,0.97,0.25,0.9,0.96,0.21,0.12,0.22,167.42987500037998,123.52666701190174,549,1366
scifact,test,552,0.18,0.82,0.96,0.18,0.9,0.96,0.43,0.05,0.57,133.93633399391547,127.90349998977035,540,1367
scifact,test,554,0.29,0.86,0.96,0.31,0.88,0.94,0.1,0.64,0.16,130.01483300467953,116.62483302643523,531,1314
scifact,test,560,0.68,0.77,0.96,0.73,0.79,0.95,0.23,0.21,0.38,112.88479098584503,116.89500004285946,529,1327
scifact,test,569,0.33,0.83,0.93,0.41,0.86,0.89,0.11,0.81,0.22,140.5749159748666,115.32350000925362,521,1188
scifact,test,575,0.36,0.81,0.95,0.31,0.86,0.94,0.13,0.09,0.12,148.38799997232854,124.53745905077085,534,1237
scifact,test,577,0.2,0.87,0.96,0.19,0.85,0.95,0.06,0.79,0.54,201.7131249886006,134.65083303162828,544,1294
scifact,test,578,0.2,0.83,0.97,0.15,0.89,0.97,0.72,0.03,0.74,112.26925003575161,125.34983304794878,532,1371
scifact,test,587,0.32,0.85,0.95,0.27,0.88,0.95,0.55,0.07,0.64,173.22166595840827,128.80387500626966,551,1316
scifact,test,589,0.3,0.86,0.9,0.13,0.87,0.94,0.93,0.03,0.95,131.36574998497963,131.02791603887454,533,1309
scifact,test,593,0.46,0.85,0.85,0.28,0.89,0.87,0.86,0.04,0.85,148.39420904172584,160.53074999945238,530,1274
scifact,test,597,0.75,0.86,0.88,0.72,0.88,0.84,0.13,0.91,0.95,157.75312500772998,127.64316698303446,519,1256
scifact,test,598,0.38,0.82,0.9,0.56,0.89,0.83,0.1,0.59,0.26,118.47624997608364,116.4886659826152,535,1286
scifact,test,613,0.15,0.81,0.97,0.1,0.83,0.98,0.98,0.03,0.98,112.33054200420156,133.91708402195945,533,1394
scifact,test,619,0.43,0.85,0.87,0.54,0.88,0.82,0.38,0.07,0.48,119.31791697861627,119.42699999781325,527,1331
scifact,test,623,0.3,0.83,0.94,0.23,0.85,0.94,0.72,0.05,0.89,190.86312496801838,114.97354099992663,523,1237
scifact,test,628,0.24,0.83,0.96,0.27,0.89,0.95,0.66,0.05,0.74,124.5513329631649,121.46629195194691,534,1347
scifact,test,636,0.17,0.84,0.97,0.15,0.9,0.97,0.96,0.03,0.97,119.16441697394475,173.56500000460073,547,1531
scifact,test,637,0.72,0.85,0.29,0.67,0.9,0.38,0.07,0.7,0.2,121.28045898862183,152.5199169991538,523,1187
scifact,test,641,0.39,0.84,0.91,0.38,0.9,0.91,0.9,0.06,0.93,117.70174995763227,137.87062501069158,521,1363
scifact,test,644,0.59,0.86,0.86,0.5,0.9,0.79,0.04,0.5,0.08,154.01749999728054,116.60025001037866,518,1212
scifact,test,649,0.46,0.83,0.61,0.5,0.85,0.54,0.09,0.12,0.13,111.40687501756474,133.06204200489447,527,1248
scifact,test,659,0.24,0.83,0.97,0.22,0.81,0.92,0.01,0.19,0.03,111.39033298240975,114.92824996821582,524,1335
scifact,test,660,0.19,0.81,0.97,0.19,0.77,0.94,0.01,0.15,0.02,125.11241697939113,217.95645798556507,523,1327
scifact,test,674,0.13,0.86,0.95,0.13,0.92,0.95,0.89,0.51,0.95,119.86149998847395,123.42104100389406,521,1305
scifact,test,684,0.21,0.87,0.96,0.25,0.9,0.95,0.07,0.5,0.16,116.24629201833159,126.21208297787234,530,1348
scifact,test,690,0.18,0.86,0.97,0.17,0.75,0.96,0.02,0.18,0.03,112.22549999365583,125.83254097262397,553,1354
scifact,test,691,0.19,0.85,0.96,0.25,0.88,0.92,0.07,0.39,0.09,148.53512501576915,135.08387497859076,537,1353
scifact,test,692,0.47,0.81,0.92,0.54,0.86,0.83,0.03,0.6,0.08,128.42650001402944,124.44666697410867,526,1297
scifact,test,693,0.4,0.82,0.94,0.33,0.87,0.92,0.85,0.06,0.9,183.04104200797155,146.86137501848862,525,1276
scifact,test,700,0.16,0.86,0.97,0.18,0.87,0.95,0.07,0.66,0.15,139.58058302523568,137.77233398286626,527,1296
scifact,test,702,0.15,0.87,0.97,0.2,0.88,0.95,0.07,0.54,0.14,140.8890419988893,155.68545804126188,528,1264
scifact,test,715,0.4,0.85,0.95,0.47,0.88,0.94,0.14,0.2,0.16,119.46974997408688,124.0174169652164,533,1305
scifact,test,716,0.63,0.83,0.96,0.54,0.85,0.95,0.14,0.18,0.16,132.31524999719113,115.75091700069606,525,1334
scifact,test,718,0.54,0.86,0.92,0.5,0.91,0.89,0.42,0.2,0.53,166.84945800807327,207.69166701938957,527,1366
scifact,test,721,0.33,0.79,0.91,0.17,0.87,0.96,0.97,0.03,0.98,119.67300000833347,137.43812503525987,533,1372
scifact,test,723,0.2,0.82,0.96,0.15,0.82,0.97,0.97,0.04,0.97,161.08691599220037,144.40375001868233,530,1295
scifact,test,727,0.17,0.84,0.96,0.31,0.9,0.95,0.27,0.19,0.33,157.5001660385169,118.95891599124297,530,1437
scifact,test,728,0.19,0.86,0.96,0.3,0.89,0.96,0.26,0.19,0.31,148.35066598607227,121.66075001005083,530,1437
scifact,test,729,0.41,0.82,0.95,0.28,0.84,0.94,0.94,0.03,0.95,146.42979198833928,116.35779199423268,530,1415
scifact,test,742,0.28,0.86,0.95,0.27,0.91,0.9,0.61,0.04,0.69,130.0932919839397,114.69625000609085,525,1355
scifact,test,743,0.44,0.84,0.93,0.32,0.9,0.92,0.69,0.06,0.87,119.80420898180455,139.91349999560043,522,1341
scifact,test,744,0.24,0.84,0.95,0.23,0.85,0.97,0.95,0.2,0.97,116.18404200999066,111.56704201130196,533,1343
scifact,test,756,0.67,0.8,0.94,0.71,0.71,0.94,0.81,0.37,0.91,157.6810409897007,120.12387503637001,532,1367
scifact,test,759,0.5,0.82,0.97,0.43,0.88,0.96,0.8,0.26,0.92,121.15104199619964,122.11441597901285,537,1404
scifact,test,768,0.16,0.82,0.97,0.21,0.82,0.94,0.13,0.05,0.22,115.88329100050032,125.93033298617229,543,1381
scifact,test,770,0.21,0.85,0.95,0.24,0.91,0.92,0.85,0.05,0.88,141.12399995792657,146.0645839688368,548,1368
scifact,test,775,0.33,0.81,0.96,0.44,0.85,0.94,0.14,0.35,0.19,117.4876670120284,113.48612501751631,542,1320
scifact,test,781,0.2,0.83,0.96,0.2,0.92,0.97,0.79,0.42,0.79,121.879166981671,111.86195799382403,532,1459
scifact,test,783,0.22,0.85,0.97,0.25,0.92,0.97,0.5,0.49,0.64,126.42924999818206,149.3840420152992,533,1460
scifact,test,784,0.69,0.71,0.96,0.62,0.73,0.95,0.06,0.97,0.96,144.6463749743998,135.9947919845581,532,1337
scifact,test,785,0.47,0.82,0.92,0.36,0.84,0.88,0.21,0.07,0.38,128.20229202043265,121.87987501965836,539,1367
scifact,test,793,0.16,0.87,0.95,0.16,0.92,0.93,0.86,0.49,0.94,122.43170797592029,124.97429200448096,521,1274
scifact,test,800,0.67,0.82,0.89,0.54,0.84,0.86,0.18,0.57,0.39,151.72112500295043,218.43479201197624,535,1236
scifact,test,805,0.43,0.82,0.96,0.42,0.86,0.96,0.96,0.06,0.97,137.77291600126773,133.95099999615923,528,1378
scifact,test,808,0.42,0.81,0.96,0.23,0.91,0.95,0.9,0.03,0.92,123.14908398548141,140.47045895131305,521,1237
scifact,test,811,0.2,0.84,0.96,0.22,0.9,0.95,0.29,0.06,0.4,162.9418340162374,166.8041249504313,532,1388
scifact,test,814,0.23,0.81,0.96,0.22,0.88,0.96,0.77,0.04,0.83,132.65833299374208,114.74162497324869,545,1309
scifact,test,820,0.6,0.86,0.92,0.59,0.87,0.83,0.05,0.74,0.25,143.94425001228228,136.41562504926696,521,1219
scifact,test,821,0.68,0.82,0.91,0.66,0.84,0.8,0.06,0.26,0.08,139.01300000725314,116.3670839741826,521,1219
scifact,test,823,0.18,0.83,0.97,0.16,0.9,0.98,0.94,0.06,0.94,160.02904198830947,108.77895797602832,526,1380
scifact,test,830,0.17,0.85,0.97,0.2,0.86,0.95,0.02,0.86,0.16,129.5877080410719,177.4570420384407,549,1403
scifact,test,831,0.17,0.85,0.97,0.16,0.86,0.96,0.03,0.89,0.34,119.46079198969528,121.0207500262186,540,1364
scifact,test,832,0.26,0.85,0.97,0.22,0.9,0.97,0.92,0.05,0.92,121.46429199492559,118.72870899969712,526,1378
scifact,test,834,0.54,0.86,0.95,0.55,0.89,0.93,0.73,0.15,0.73,111.143791989889,114.89920795429498,529,1418
scifact,test,837,0.49,0.8,0.96,0.54,0.85,0.95,0.19,0.16,0.25,220.40045796893537,157.55420899949968,523,1332
scifact,test,839,0.41,0.84,0.94,0.4,0.84,0.92,0.06,0.97,0.97,136.72099995892495,111.11966700991616,529,1335
scifact,test,845,0.3,0.83,0.97,0.34,0.86,0.96,0.14,0.29,0.15,123.32600000081584,135.73300000280142,534,1285
scifact,test,847,0.55,0.82,0.88,0.42,0.87,0.9,0.08,0.95,0.89,114.04899996705353,207.7208340051584,530,1349
scifact,test,852,0.65,0.84,0.91,0.65,0.89,0.85,0.14,0.22,0.14,118.99687501136214,117.78033297741786,527,1319
scifact,test,859,0.4,0.85,0.96,0.41,0.93,0.96,0.6,0.42,0.72,142.85720803309232,215.79154196660966,521,1323
scifact,test,870,0.77,0.82,0.33,0.8,0.88,0.38,0.23,0.17,0.28,127.39275000058115,121.82674999348819,516,1273
scifact,test,873,0.26,0.84,0.54,0.21,0.92,0.61,0.78,0.79,0.93,136.2444160040468,131.41149998409674,519,1243
scifact,test,879,0.52,0.83,0.94,0.26,0.88,0.92,0.91,0.03,0.93,120.91791699640453,141.75316598266363,525,1270
scifact,test,880,0.56,0.8,0.95,0.3,0.85,0.95,0.94,0.03,0.95,191.32379203801975,156.768791959621,527,1413
scifact,test,882,0.23,0.86,0.95,0.13,0.92,0.96,0.82,0.03,0.92,318.25270800618455,120.40558399166912,534,1333
scifact,test,887,0.71,0.83,0.8,0.54,0.84,0.79,0.66,0.09,0.71,128.8120829849504,133.30266601406038,524,1224
scifact,test,903,0.21,0.87,0.96,0.21,0.92,0.96,0.42,0.06,0.57,189.11670800298452,151.23412501998246,528,1370
scifact,test,904,0.19,0.83,0.96,0.14,0.87,0.97,0.94,0.03,0.96,255.3347499924712,124.11420798161998,543,1384
scifact,test,907,0.3,0.83,0.94,0.25,0.88,0.97,0.95,0.05,0.96,120.42591598583385,150.68537497427315,531,1298
scifact,test,911,0.26,0.82,0.96,0.2,0.86,0.95,0.87,0.03,0.9,118.96674998570234,160.41020798729733,532,1340
scifact,test,913,0.24,0.85,0.96,0.33,0.9,0.94,0.04,0.73,0.16,123.65245795808733,115.82604196155444,522,1399
scifact,test,914,0.38,0.84,0.96,0.47,0.84,0.95,0.18,0.31,0.31,128.24849999742582,121.08408298809081,523,1429
scifact,test,921,0.64,0.84,0.2,0.66,0.89,0.26,0.76,0.08,0.83,170.25645799003541,132.08783400477841,522,1235
scifact,test,922,0.42,0.84,0.86,0.21,0.89,0.87,0.91,0.03,0.93,149.46000004420057,114.85066602472216,522,1249
scifact,test,936,0.24,0.83,0.96,0.17,0.88,0.97,0.95,0.03,0.96,300.68820796441287,114.07170898746699,525,1379
scifact,test,956,0.69,0.77,0.95,0.65,0.81,0.95,0.73,0.14,0.79,110.83979200338945,123.83887497708201,535,1380
scifact,test,957,0.29,0.82,0.95,0.18,0.88,0.96,0.96,0.03,0.97,120.0647089863196,125.95470796804875,523,1399
scifact,test,960,0.47,0.84,0.91,0.26,0.87,0.95,0.91,0.08,0.9,169.86766702029854,196.21479097986594,517,1164
scifact,test,967,0.45,0.8,0.96,0.41,0.8,0.97,0.96,0.07,0.96,140.90924995252863,116.2790420348756,532,1373
scifact,test,971,0.19,0.86,0.96,0.18,0.89,0.96,0.63,0.75,0.92,147.4222920369357,127.96916702063754,540,1316
scifact,test,975,0.7,0.81,0.91,0.67,0.83,0.87,0.12,0.45,0.2,126.63358298595995,127.27270903997123,525,1305
scifact,test,982,0.29,0.87,0.93,0.24,0.9,0.94,0.76,0.05,0.79,136.87904097605497,145.23820800241083,532,1221
scifact,test,985,0.19,0.83,0.97,0.12,0.85,0.98,0.97,0.03,0.97,166.3555830018595,161.26445803092793,532,1380
scifact,test,993,0.22,0.87,0.96,0.21,0.92,0.96,0.41,0.12,0.56,121.63508299272507,135.608707962092,529,1386
scifact,test,1012,0.27,0.85,0.95,0.24,0.88,0.95,0.94,0.07,0.95,118.7682090094313,147.66524999868125,527,1409
scifact,test,1014,0.25,0.88,0.95,0.22,0.9,0.95,0.15,0.07,0.23,156.01737500401214,162.400791014079,526,1307
scifact,test,1019,0.31,0.72,0.95,0.25,0.79,0.94,0.21,0.43,0.45,143.72341602575034,189.5068340236321,522,1316
scifact,test,1020,0.17,0.84,0.97,0.19,0.91,0.97,0.16,0.86,0.78,109.80845801532269,135.43008302804083,539,1316
scifact,test,1021,0.16,0.86,0.97,0.2,0.91,0.96,0.13,0.87,0.74,108.99012500885874,136.8540420080535,539,1316
scifact,test,1024,0.39,0.8,0.95,0.33,0.87,0.95,0.08,0.88,0.74,136.12554100109264,129.03333298163489,527,1315
scifact,test,1029,0.25,0.86,0.96,0.23,0.92,0.96,0.36,0.31,0.55,180.05645798984915,114.53420796897262,536,1350
scifact,test,1041,0.18,0.86,0.96,0.25,0.9,0.96,0.14,0.37,0.21,119.75708400132135,118.51708398899063,538,1455
scifact,test,1049,0.45,0.85,0.94,0.38,0.87,0.94,0.35,0.24,0.34,164.54799997154623,134.66991699533537,526,1343
scifact,test,1062,0.2,0.85,0.97,0.2,0.89,0.97,0.59,0.17,0.74,164.4761249772273,156.4317499869503,534,1371
scifact,test,1086,0.22,0.85,0.96,0.14,0.88,0.97,0.97,0.03,0.98,122.41712503600866,127.09020799957216,536,1325
scifact,test,1088,0.45,0.8,0.95,0.38,0.91,0.96,0.73,0.08,0.77,124.29654196603224,159.38683302374557,526,1346
scifact,test,1089,0.16,0.79,0.97,0.15,0.86,0.97,0.66,0.07,0.66,143.79108301363885,130.85866603069007,537,1424
scifact,test,1099,0.47,0.81,0.86,0.56,0.82,0.9,0.73,0.14,0.89,115.40974996751174,153.126124991104,515,1277
scifact,test,1100,0.21,0.84,0.86,0.2,0.91,0.9,0.42,0.18,0.68,123.86237503960729,153.85395800694823,515,1264
scifact,test,1104,0.23,0.86,0.95,0.25,0.9,0.93,0.48,0.04,0.7,229.6210409840569,211.09520801110193,542,1331
scifact,test,1107,0.41,0.82,0.92,0.37,0.84,0.92,0.23,0.85,0.93,130.5788749596104,124.92541701067239,525,1253
scifact,test,1110,0.53,0.86,0.64,0.61,0.91,0.43,0.11,0.57,0.22,123.22429101914167,142.53999997163191,519,1166
scifact,test,1121,0.27,0.85,0.96,0.3,0.88,0.96,0.05,0.94,0.74,189.046666957438,155.25712497765198,532,1352
scifact,test,1130,0.19,0.86,0.97,0.13,0.93,0.98,0.93,0.03,0.93,168.50270796567202,128.89537500450388,539,1319
scifact,test,1132,0.29,0.83,0.96,0.41,0.88,0.96,0.26,0.49,0.4,131.08541700057685,119.56879199715331,534,1319
scifact,test,1137,0.21,0.84,0.97,0.21,0.92,0.97,0.68,0.05,0.78,181.3627919764258,131.1738329823129,525,1367
scifact,test,1140,0.22,0.83,0.94,0.18,0.89,0.93,0.92,0.03,0.93,135.44174999697134,117.22387501504272,529,1257
scifact,test,1144,0.36,0.85,0.92,0.28,0.9,0.93,0.79,0.08,0.81,117.20537499058992,136.9996250141412,532,1329
scifact,test,1146,0.66,0.85,0.71,0.37,0.88,0.75,0.93,0.04,0.94,158.4506249637343,122.92645900743082,523,1215
scifact,test,1150,0.17,0.83,0.97,0.14,0.89,0.98,0.97,0.03,0.97,153.5408339696005,131.22062501497567,531,1317
scifact,test,1163,0.23,0.81,0.97,0.21,0.81,0.97,0.71,0.12,0.75,138.27274995855987,114.33154199039564,530,1382
scifact,test,1175,0.21,0.85,0.96,0.22,0.8,0.85,0.02,0.23,0.03,130.07212500087917,151.30554098868743,522,1365
scifact,test,1179,0.21,0.85,0.96,0.22,0.83,0.95,0.26,0.07,0.37,131.6238750005141,125.38612500065938,527,1414
scifact,test,1180,0.28,0.81,0.97,0.27,0.8,0.97,0.92,0.14,0.96,119.53412502771243,124.06066700350493,523,1359
scifact,test,1185,0.27,0.84,0.92,0.27,0.87,0.89,0.23,0.24,0.24,185.02483400516212,132.246709021274,544,1241
scifact,test,1187,0.4,0.81,0.96,0.35,0.8,0.97,0.44,0.51,0.84,121.70974997570738,176.11216701334342,540,1350
scifact,test,1191,0.59,0.83,0.59,0.49,0.84,0.51,0.03,0.24,0.05,114.29891700390726,109.32329198112711,523,1252
scifact,test,1194,0.25,0.82,0.95,0.35,0.88,0.96,0.44,0.16,0.56,140.31424996210262,141.41304203076288,537,1328
scifact,test,1196,0.66,0.84,0.2,0.61,0.88,0.2,0.08,0.17,0.09,134.38645895803347,116.9765840168111,522,1152
scifact,test,1197,0.56,0.84,0.23,0.58,0.88,0.23,0.06,0.34,0.07,113.84412500774488,350.89695802889764,523,1205
scifact,test,1199,0.51,0.85,0.94,0.48,0.87,0.94,0.14,0.33,0.21,112.28875000961125,127.510332968086,533,1275
scifact,test,1200,0.18,0.84,0.96,0.14,0.81,0.93,0.01,0.15,0.02,121.98020797222853,160.3111659642309,547,1408
scifact,test,1202,0.57,0.82,0.94,0.36,0.9,0.94,0.93,0.04,0.93,130.26933302171528,158.31504098605365,527,1279
scifact,test,1204,0.2,0.86,0.97,0.21,0.88,0.94,0.28,0.07,0.29,212.77850004844368,147.13695796672255,539,1414
scifact,test,1207,0.27,0.85,0.95,0.19,0.91,0.96,0.93,0.03,0.94,133.17412498872727,194.37004200881347,544,1277
scifact,test,1213,0.69,0.77,0.92,0.76,0.83,0.81,0.1,0.75,0.4,147.1496670274064,115.23875000420958,528,1327
scifact,test,1216,0.16,0.87,0.96,0.1,0.87,0.97,0.73,0.02,0.84,125.64195797313005,121.05974997393787,528,1327
scifact,test,1221,0.63,0.82,0.85,0.51,0.89,0.78,0.86,0.05,0.91,119.12329198094085,166.89404199132696,530,1361
scifact,test,1225,0.22,0.85,0.97,0.15,0.87,0.97,0.97,0.03,0.98,116.86029197880998,137.76795798912644,525,1340
scifact,test,1226,0.55,0.77,0.96,0.36,0.82,0.96,0.93,0.1,0.95,153.61491596559063,119.11412503104657,530,1440
scifact,test,1232,0.18,0.89,0.96,0.12,0.94,0.97,0.93,0.03,0.94,130.97929197829217,140.9616669989191,529,1297
scifact,test,1241,0.32,0.85,0.94,0.29,0.83,0.89,0.85,0.04,0.89,124.16912498883903,120.16074999701232,527,1331
scifact,test,1245,0.63,0.8,0.93,0.55,0.79,0.8,0.02,0.56,0.05,138.2351249922067,120.45954196946695,521,1207
scifact,test,1259,0.45,0.83,0.94,0.27,0.84,0.93,0.93,0.22,0.96,114.17874996550381,166.84891702607274,538,1379
scifact,test,1262,0.46,0.84,0.96,0.29,0.88,0.97,0.97,0.08,0.97,127.61370895896107,156.4124579890631,526,1321
scifact,test,1266,0.23,0.86,0.92,0.18,0.87,0.94,0.03,0.97,0.94,298.53387497132644,160.14054196421057,541,1271
scifact,test,1270,0.42,0.82,0.38,0.37,0.9,0.51,0.35,0.16,0.34,303.79391700262204,177.43170802714303,524,1252
scifact,test,1271,0.36,0.81,0.96,0.24,0.85,0.96,0.75,0.03,0.81,182.15095897903666,175.2752090105787,538,1366
scifact,test,1272,0.18,0.85,0.96,0.14,0.73,0.78,0.01,0.22,0.02,151.96162497159094,142.18058297410607,530,1315
scifact,test,1273,0.21,0.85,0.96,0.14,0.88,0.97,0.96,0.03,0.96,125.42875000508502,140.90324996504933,526,1359
scifact,test,1274,0.26,0.85,0.96,0.31,0.87,0.96,0.24,0.2,0.27,113.05558303138241,115.36637501558289,550,1377
scifact,test,1278,0.38,0.87,0.9,0.36,0.9,0.88,0.06,0.76,0.15,158.60616700956598,135.178291995544,527,1322
scifact,test,1279,0.51,0.79,0.92,0.5,0.83,0.89,0.12,0.8,0.51,160.13779101194814,137.94783304911107,526,1300
scifact,test,1280,0.18,0.82,0.97,0.26,0.84,0.96,0.74,0.34,0.82,116.59045802662149,154.95266602374613,546,1464
scifact,test,1281,0.22,0.86,0.96,0.31,0.87,0.94,0.12,0.18,0.15,137.99470895901322,120.76337495818734,526,1444
scifact,test,1282,0.24,0.85,0.96,0.23,0.85,0.9,0.1,0.1,0.15,344.969208992552,134.3778750160709,536,1331
scifact,test,1290,0.45,0.82,0.92,0.19,0.86,0.92,0.97,0.03,0.98,131.22216699412093,177.32420895481482,522,1301
scifact,test,1292,0.2,0.87,0.95,0.24,0.91,0.95,0.38,0.06,0.5,147.91083399904892,137.23345805192366,523,1336
scifact,test,1298,0.18,0.84,0.95,0.11,0.88,0.96,0.97,0.03,0.98,148.8410840393044,131.5677500097081,541,1391
scifact,test,1303,0.27,0.84,0.95,0.26,0.87,0.9,0.17,0.07,0.18,117.85195802804083,123.98391700116917,523,1308
scifact,test,1316,0.42,0.83,0.95,0.32,0.83,0.93,0.22,0.21,0.34,118.72816603863612,124.40516700735316,525,1224
scifact,test,1319,0.51,0.8,0.91,0.51,0.86,0.88,0.87,0.17,0.92,125.26029202854261,245.433125004638,524,1299
scifact,test,1320,0.29,0.86,0.91,0.3,0.9,0.92,0.6,0.22,0.6,127.12683400604874,143.12412502476946,533,1326
scifact,test,1332,0.22,0.85,0.97,0.37,0.89,0.96,0.05,0.48,0.09,119.11629204405472,121.29083299078047,550,1470
scifact,test,1335,0.42,0.84,0.96,0.3,0.9,0.95,0.18,0.94,0.95,117.54645803011954,103.14683400793001,521,1308
scifact,test,1336,0.4,0.85,0.94,0.37,0.9,0.95,0.16,0.91,0.88,129.53404197469354,123.85304202325642,520,1307
scifact,test,1337,0.14,0.86,0.97,0.15,0.85,0.97,0.04,0.96,0.77,118.62566700438038,117.22812498919666,539,1381
scifact,test,1339,0.53,0.83,0.84,0.3,0.9,0.84,0.88,0.03,0.89,183.72845801059157,118.16816602367908,525,1263
scifact,test,1344,0.43,0.83,0.94,0.4,0.88,0.96,0.6,0.59,0.81,126.92179100122303,143.31195899285376,548,1337
scifact,test,1352,0.19,0.86,0.97,0.15,0.9,0.98,0.97,0.03,0.98,131.53600000077859,119.32658299338073,528,1339
scifact,test,1359,0.24,0.87,0.96,0.27,0.92,0.96,0.48,0.2,0.7,174.04991696821526,159.37137498985976,542,1355
scifact,test,1362,0.19,0.85,0.95,0.22,0.81,0.83,0.02,0.56,0.07,115.50920800073072,140.4177499935031,522,1260
scifact,test,1363,0.24,0.85,0.95,0.33,0.82,0.84,0.11,0.18,0.15,113.673166022636,122.0866660005413,524,1287
scifact,test,1368,0.57,0.75,0.87,0.41,0.84,0.85,0.06,0.9,0.55,116.3198750000447,159.8100420087576,518,1346
scifact,test,1370,0.28,0.84,0.89,0.31,0.89,0.85,0.05,0.24,0.06,116.35991698130965,118.9071669941768,518,1317
scifact,test,1379,0.3,0.84,0.71,0.22,0.85,0.75,0.81,0.7,0.97,107.74462501285598,174.65783300576732,526,1284
scifact,test,1382,0.33,0.85,0.95,0.32,0.89,0.96,0.09,0.89,0.73,207.96825003344566,255.2601249772124,524,1316
scifact,test,1385,0.35,0.83,0.96,0.23,0.92,0.97,0.74,0.2,0.83,116.91516597056761,136.5337499883026,519,1283
scifact,test,1389,0.18,0.85,0.97,0.17,0.86,0.98,0.96,0.03,0.97,172.0772500266321,115.33400003099814,527,1433
scifact,test,1395,0.22,0.85,0.97,0.3,0.87,0.95,0.05,0.18,0.06,124.50958305271342,118.06729098316282,549,1450
scifact,train,0,0.52,0.82,0.92,0.49,0.78,0.72,0.02,0.35,0.03,136.43479195889086,127.7654169825837,521,1307
scifact,train,2,0.54,0.77,0.94,0.21,0.73,0.94,0.85,0.02,0.87,175.15387502498925,115.13083300087601,523,1268
scifact,train,4,0.35,0.83,0.92,0.43,0.89,0.86,0.58,0.07,0.66,205.76016599079594,119.12516702432185,529,1304
scifact,train,6,0.17,0.84,0.95,0.21,0.89,0.96,0.06,0.16,0.08,179.61166700115427,156.8207920063287,535,1235
scifact,train,9,0.22,0.83,0.92,0.15,0.87,0.93,0.86,0.03,0.9,120.63729198416695,133.75691598048434,534,1290
scifact,train,10,0.44,0.88,0.96,0.41,0.89,0.93,0.22,0.06,0.26,121.26975000137463,152.34716702252626,537,1310
scifact,train,11,0.38,0.87,0.96,0.46,0.9,0.93,0.1,0.15,0.12,124.08949999371544,112.44287498993799,537,1342
scifact,train,12,0.23,0.88,0.95,0.26,0.91,0.94,0.26,0.1,0.43,136.39004196738824,127.70104198716581,542,1240
scifact,train,14,0.35,0.82,0.96,0.39,0.87,0.96,0.14,0.87,0.85,137.1469169971533,143.0696250172332,525,1425
scifact,train,15,0.65,0.84,0.89,0.63,0.88,0.86,0.07,0.37,0.09,131.51929201558232,116.17120797745883,529,1348
scifact,train,17,0.45,0.81,0.91,0.43,0.87,0.84,0.1,0.54,0.17,133.87437496567145,116.02637503528967,525,1319
scifact,train,18,0.34,0.84,0.92,0.43,0.89,0.84,0.33,0.1,0.43,119.46445901412517,122.79262498486787,528,1303
scifact,train,19,0.23,0.85,0.95,0.21,0.86,0.96,0.11,0.8,0.55,139.56216699443758,135.50829200539738,539,1304
scifact,train,20,0.26,0.84,0.96,0.23,0.86,0.95,0.1,0.8,0.49,137.84499996108934,159.55529198981822,540,1305
scifact,train,21,0.45,0.85,0.61,0.39,0.85,0.63,0.08,0.27,0.12,159.14483403321356,128.12033400405198,536,1266
scifact,train,22,0.4,0.84,0.83,0.34,0.87,0.79,0.74,0.08,0.73,178.83445898769423,123.23733296943828,532,1269
scifact,train,24,0.2,0.83,0.95,0.22,0.9,0.93,0.06,0.67,0.19,108.03245799615979,116.91041698213667,538,1346
scifact,train,25,0.18,0.84,0.96,0.2,0.89,0.96,0.1,0.15,0.13,130.02304098336026,127.45541601907462,535,1235
scifact,train,26,0.31,0.84,0.96,0.32,0.84,0.94,0.02,0.87,0.24,126.86545797623694,165.9325419459492,540,1402
scifact,train,27,0.32,0.85,0.95,0.25,0.83,0.95,0.02,0.93,0.26,248.16716701025143,110.67404103232548,542,1410
scifact,train,28,0.22,0.86,0.97,0.2,0.93,0.96,0.88,0.06,0.87,135.57254197075963,252.02566594816744,539,1360
scifact,train,30,0.74,0.71,0.95,0.62,0.82,0.92,0.96,0.04,0.96,137.3627500142902,132.7938330359757,526,1403
scifact,train,32,0.62,0.83,0.94,0.46,0.86,0.91,0.66,0.04,0.76,141.91345899598673,130.55283296853304,532,1275
scifact,train,34,0.17,0.86,0.95,0.24,0.87,0.93,0.73,0.33,0.86,161.19879198959097,165.14045797521248,523,1323
scifact,train,35,0.11,0.87,0.95,0.19,0.91,0.92,0.13,0.37,0.13,134.00004198774695,119.016999960877,525,1329
scifact,train,37,0.13,0.87,0.95,0.21,0.91,0.93,0.24,0.72,0.55,151.39804204227403,123.89091699151322,524,1315
scifact,train,39,0.53,0.86,0.93,0.42,0.89,0.9,0.88,0.06,0.9,132.92145897867158,108.2385839545168,528,1306
scifact,train,40,0.36,0.81,0.95,0.36,0.9,0.91,0.83,0.05,0.85,129.31466702139005,147.70262502133846,532,1314
scifact,train,41,0.19,0.84,0.96,0.2,0.9,0.97,0.86,0.04,0.91,126.83724996168166,154.47516599670053,537,1445
scifact,train,43,0.47,0.81,0.96,0.31,0.88,0.95,0.68,0.07,0.79,124.40220802091062,119.69562503509223,532,1294
scifact,train,44,0.26,0.87,0.96,0.27,0.86,0.96,0.13,0.04,0.21,130.59487502323464,122.8824169957079,533,1326
scifact,train,45,0.27,0.85,0.96,0.28,0.86,0.96,0.14,0.05,0.2,140.43700002366677,118.28491697087884,532,1325
scifact,train,46,0.27,0.85,0.96,0.13,0.74,0.97,0.97,0.02,0.98,110.44791695894673,145.62391600338742,532,1317
scifact,train,47,0.51,0.75,0.94,0.46,0.85,0.93,0.4,0.61,0.78,117.02587502077222,117.09874996449798,542,1349
scifact,train,52,0.29,0.87,0.96,0.2,0.9,0.96,0.96,0.04,0.97,171.04549997020513,126.48358300793916,524,1301
scifact,train,55,0.35,0.88,0.97,0.36,0.88,0.97,0.09,0.62,0.16,127.17379198875278,119.71995898056775,530,1343
scifact,train,58,0.18,0.86,0.97,0.17,0.92,0.96,0.88,0.08,0.86,122.64220899669454,318.8705000211485,528,1401
scifact,train,60,0.22,0.87,0.94,0.29,0.91,0.91,0.43,0.35,0.52,124.93408395675942,239.63224998442456,524,1255
scifact,train,61,0.4,0.86,0.94,0.5,0.89,0.93,0.33,0.32,0.53,120.1820420101285,120.36995904054493,521,1258
scifact,train,62,0.33,0.83,0.96,0.44,0.85,0.93,0.07,0.47,0.15,134.31033300003037,134.8611250286922,525,1337
scifact,train,63,0.52,0.77,0.96,0.62,0.76,0.97,0.53,0.72,0.92,128.14950000029057,105.23112496593967,522,1278
scifact,train,64,0.16,0.86,0.96,0.19,0.93,0.97,0.58,0.44,0.82,153.31491600954905,121.0318339872174,523,1328
scifact,train,66,0.3,0.84,0.96,0.25,0.86,0.95,0.06,0.07,0.06,152.5507090264,156.21991700027138,519,1365
scifact,train,67,0.19,0.86,0.97,0.16,0.9,0.98,0.97,0.03,0.98,124.75633295252919,137.16924999607727,528,1333
scifact,train,68,0.32,0.78,0.96,0.29,0.84,0.96,0.95,0.05,0.96,132.2052080067806,124.75866597378626,522,1459
scifact,train,69,0.21,0.86,0.97,0.25,0.92,0.96,0.04,0.92,0.77,120.38779200520366,180.7865829905495,521,1340
scifact,train,71,0.13,0.82,0.97,0.12,0.87,0.97,0.75,0.03,0.77,189.95266704587266,119.01225004112348,538,1389
scifact,train,73,0.27,0.84,0.96,0.28,0.77,0.92,0.02,0.49,0.05,162.1223749825731,134.23854199936613,528,1365
scifact,train,74,0.18,0.84,0.96,0.2,0.88,0.95,0.06,0.37,0.13,115.3985420241952,122.84466699929908,529,1348
scifact,train,76,0.31,0.85,0.96,0.2,0.88,0.97,0.96,0.04,0.95,156.24666603980586,125.55399996927008,520,1377
scifact,train,77,0.26,0.86,0.96,0.21,0.93,0.97,0.62,0.04,0.72,149.81741696828976,130.92391699319705,520,1352
scifact,train,78,0.26,0.86,0.96,0.26,0.88,0.95,0.83,0.15,0.77,126.46425003185868,161.69270797399804,528,1414
scifact,train,79,0.25,0.85,0.96,0.23,0.88,0.97,0.9,0.08,0.92,123.25804203283042,172.3241249565035,523,1515
scifact,train,80,0.41,0.82,0.96,0.55,0.88,0.93,0.06,0.88,0.49,116.16987502202392,118.68562496965751,521,1337
scifact,train,81,0.33,0.81,0.96,0.23,0.86,0.96,0.91,0.04,0.92,119.29041601251811,149.499166989699,536,1342
scifact,train,82,0.22,0.82,0.97,0.15,0.84,0.96,0.74,0.04,0.8,115.17416703281924,115.24487502174452,555,1402
scifact,train,85,0.34,0.83,0.94,0.28,0.88,0.93,0.24,0.85,0.94,143.46687501529232,149.711667036172,521,1331
scifact,train,86,0.33,0.84,0.94,0.33,0.88,0.93,0.25,0.88,0.94,118.59558400465176,156.38716600369662,521,1331
scifact,train,88,0.32,0.84,0.94,0.32,0.89,0.93,0.95,0.1,0.96,134.19775001239032,167.97175002284348,524,1335
scifact,train,89,0.27,0.82,0.95,0.27,0.87,0.95,0.32,0.84,0.86,117.07537499023601,121.30183301633224,529,1339
scifact,train,90,0.27,0.82,0.95,0.26,0.88,0.93,0.36,0.85,0.86,110.15366698848084,154.18783301720396,529,1339
scifact,train,91,0.51,0.83,0.94,0.55,0.89,0.89,0.08,0.1,0.09,111.31837504217401,137.64170795911923,525,1310
scifact,train,92,0.66,0.83,0.94,0.7,0.84,0.9,0.1,0.12,0.13,119.04949997551739,124.98758395668119,525,1296
scifact,train,93,0.56,0.82,0.97,0.71,0.86,0.97,0.3,0.31,0.51,148.36241700686514,130.35470800241455,526,1435
scifact,train,95,0.31,0.82,0.96,0.27,0.78,0.91,0.01,0.62,0.07,153.8159580086358,138.67041701450944,525,1285
scifact,train,96,0.34,0.83,0.9,0.26,0.89,0.89,0.52,0.06,0.52,130.05591701949015,130.21633302560076,530,1303
scifact,train,98,0.2,0.87,0.97,0.16,0.9,0.97,0.57,0.07,0.64,150.46841703588143,147.18337502563372,521,1352
scifact,train,104,0.41,0.84,0.94,0.59,0.89,0.84,0.08,0.16,0.12,149.15474998997524,123.03195800632238,541,1298
scifact,train,105,0.42,0.79,0.96,0.22,0.86,0.96,0.9,0.02,0.93,143.9189999946393,113.50941698765382,526,1242
scifact,train,106,0.4,0.82,0.94,0.25,0.9,0.94,0.65,0.33,0.9,144.19633301440626,144.2071670317091,524,1278
scifact,train,108,0.19,0.85,0.96,0.19,0.89,0.97,0.96,0.52,0.98,118.74145799083635,143.76970805460587,524,1382
scifact,train,109,0.24,0.86,0.95,0.26,0.88,0.94,0.07,0.81,0.43,229.72000000299886,121.86712498078123,529,1319
scifact,train,111,0.36,0.8,0.96,0.28,0.82,0.97,0.9,0.05,0.92,133.19920800859109,113.89462498482317,534,1361
scifact,train,112,0.38,0.85,0.96,0.43,0.89,0.96,0.6,0.12,0.62,167.90000000037253,141.11804199637845,529,1299
scifact,train,114,0.6,0.78,0.94,0.56,0.79,0.93,0.23,0.05,0.23,153.51887501310557,120.66187500022352,523,1311
scifact,train,116,0.54,0.78,0.92,0.43,0.81,0.93,0.39,0.04,0.56,118.48787497729063,150.84295900305733,524,1312
scifact,train,119,0.38,0.85,0.78,0.36,0.9,0.75,0.79,0.06,0.77,120.69329101359472,115.75474997516721,520,1309
scifact,train,120,0.52,0.83,0.74,0.48,0.89,0.7,0.85,0.1,0.92,151.3258750201203,162.10987500380725,520,1325
scifact,train,121,0.72,0.81,0.79,0.64,0.84,0.75,0.82,0.13,0.89,110.28320901095867,118.62216703593731,530,1270
scifact,train,122,0.75,0.83,0.79,0.68,0.89,0.71,0.37,0.12,0.44,126.24975002836436,149.3005839874968,530,1270
scifact,train,123,0.41,0.85,0.94,0.4,0.91,0.92,0.72,0.1,0.69,130.12458302546293,120.1094170100987,529,1330
scifact,train,126,0.22,0.83,0.96,0.27,0.87,0.94,0.13,0.09,0.16,122.97191604739055,118.63520898623392,539,1369
scifact,train,134,0.71,0.84,0.65,0.69,0.86,0.6,0.11,0.22,0.12,152.2780829691328,123.36045899428427,525,1178
scifact,train,138,0.55,0.82,0.77,0.31,0.87,0.74,0.92,0.05,0.92,118.4852080186829,167.68312500789762,524,1264
scifact,train,139,0.49,0.88,0.93,0.45,0.88,0.89,0.06,0.37,0.09,166.86550003942102,133.7464170064777,531,1323
scifact,train,144,0.45,0.88,0.97,0.3,0.9,0.95,0.87,0.04,0.87,215.09612502995878,129.88712498918176,538,1366
scifact,train,149,0.36,0.83,0.95,0.35,0.91,0.93,0.09,0.45,0.18,176.436957961414,132.5877089984715,522,1307
scifact,train,152,0.24,0.83,0.96,0.24,0.88,0.97,0.77,0.06,0.82,152.76558400364593,116.96679197484627,528,1325
scifact,train,153,0.14,0.86,0.96,0.23,0.9,0.94,0.21,0.14,0.2,131.9681250024587,133.14537500264123,544,1396
scifact,train,154,0.14,0.87,0.97,0.2,0.89,0.93,0.25,0.11,0.27,173.7145830411464,119.28512499434873,544,1373
scifact,train,155,0.32,0.85,0.97,0.37,0.89,0.96,0.43,0.39,0.52,111.96895898319781,119.52129198471084,528,1398
scifact,train,156,0.19,0.88,0.97,0.23,0.93,0.96,0.3,0.35,0.43,112.82733303960413,128.75108397565782,525,1395
scifact,train,157,0.21,0.82,0.97,0.24,0.83,0.98,0.95,0.42,0.98,112.07808298058808,111.48800002411008,522,1316
scifact,train,159,0.5,0.8,0.96,0.25,0.86,0.96,0.94,0.04,0.95,128.6229999968782,144.44154198281467,530,1290
scifact,train,160,0.28,0.84,0.96,0.35,0.84,0.95,0.57,0.05,0.71,163.04316697642207,125.19908300600946,534,1344
scifact,train,161,0.24,0.79,0.97,0.29,0.74,0.96,0.02,0.95,0.49,115.38858304265887,168.02775004180148,529,1359
scifact,train,164,0.25,0.82,0.93,0.21,0.9,0.91,0.19,0.21,0.26,134.2410419601947,137.0045410003513,519,1273
scifact,train,165,0.25,0.85,0.94,0.2,0.91,0.93,0.09,0.68,0.27,124.67512500006706,147.2293749684468,523,1293
scifact,train,166,0.59,0.86,0.89,0.5,0.9,0.89,0.68,0.51,0.84,183.02212498383597,141.80787501391023,520,1244
scifact,train,167,0.74,0.85,0.91,0.7,0.89,0.9,0.86,0.42,0.88,146.50362497195601,108.90325001673773,520,1244
scifact,train,168,0.49,0.83,0.93,0.4,0.91,0.92,0.17,0.1,0.18,143.3186250505969,163.95324998302385,517,1240
scifact,train,169,0.41,0.83,0.94,0.28,0.89,0.92,0.2,0.1,0.16,121.7788330395706,130.43174997437745,521,1276
scifact,train,172,0.26,0.85,0.97,0.25,0.91,0.97,0.96,0.04,0.97,132.20504199853167,135.20041696028784,530,1398
scifact,train,173,0.22,0.84,0.96,0.29,0.86,0.93,0.06,0.13,0.07,113.74941695248708,116.65679200086743,523,1379
scifact,train,174,0.35,0.87,0.94,0.35,0.89,0.91,0.08,0.13,0.08,143.54395802365616,117.1164580155164,521,1239
scifact,train,175,0.4,0.85,0.93,0.33,0.89,0.92,0.08,0.26,0.09,169.99620804563165,122.45754199102521,521,1248
scifact,train,176,0.42,0.8,0.96,0.43,0.81,0.94,0.26,0.11,0.41,107.63333295471966,156.0559580102563,524,1311
scifact,train,177,0.3,0.79,0.97,0.18,0.85,0.97,0.96,0.03,0.97,113.9910839847289,140.331041009631,548,1348
scifact,train,178,0.37,0.86,0.88,0.22,0.92,0.9,0.93,0.29,0.95,136.6265420219861,121.89516599755734,518,1275
scifact,train,181,0.14,0.85,0.97,0.11,0.9,0.98,0.77,0.03,0.81,239.5179580198601,165.9440419753082,538,1406
scifact,train,182,0.46,0.81,0.97,0.5,0.85,0.94,0.08,0.26,0.17,114.49683300452307,122.8044590097852,528,1282
scifact,train,184,0.29,0.87,0.92,0.35,0.92,0.9,0.88,0.17,0.92,132.83233297988772,115.96941703464836,522,1289
scifact,train,186,0.55,0.86,0.34,0.47,0.88,0.39,0.07,0.08,0.1,160.57595802703872,132.5999170076102,520,1255
scifact,train,187,0.54,0.86,0.38,0.42,0.88,0.46,0.07,0.09,0.11,119.52849995577708,148.54779100278392,520,1255
scifact,train,189,0.18,0.86,0.96,0.19,0.89,0.96,0.68,0.05,0.76,150.36262501962483,116.78325000684708,539,1379
scifact,train,196,0.27,0.88,0.96,0.12,0.89,0.98,0.95,0.03,0.96,125.65829197410494,119.24983299104497,536,1376
scifact,train,197,0.18,0.85,0.97,0.15,0.83,0.97,0.91,0.04,0.96,125.99879200570285,166.64429201046005,521,1393
scifact,train,199,0.33,0.83,0.96,0.37,0.86,0.92,0.03,0.36,0.07,134.8076660069637,156.54204098973423,521,1377
scifact,train,200,0.34,0.82,0.96,0.45,0.88,0.94,0.43,0.14,0.54,158.72029203455895,152.8110840008594,530,1346
scifact,train,201,0.29,0.74,0.96,0.24,0.79,0.96,0.95,0.05,0.97,133.4915830520913,125.56612497428432,528,1361
scifact,train,203,0.24,0.86,0.96,0.21,0.92,0.97,0.93,0.04,0.91,138.9382919878699,141.6596250492148,535,1361
scifact,train,204,0.26,0.86,0.97,0.23,0.88,0.95,0.06,0.17,0.08,120.46054098755121,138.99108301848173,529,1489
scifact,train,205,0.27,0.86,0.97,0.29,0.89,0.96,0.06,0.18,0.06,143.54891696712002,120.20699999993667,529,1470
scifact,train,209,0.35,0.84,0.96,0.44,0.85,0.92,0.11,0.17,0.14,113.14791702898219,194.7759169852361,524,1338
scifact,train,210,0.46,0.81,0.95,0.36,0.84,0.96,0.94,0.06,0.96,124.67083299998194,142.2656659851782,522,1320
scifact,train,211,0.49,0.8,0.94,0.48,0.86,0.94,0.06,0.48,0.12,126.49337499169633,123.53733298368752,520,1359
scifact,train,214,0.2,0.9,0.97,0.39,0.9,0.96,0.5,0.32,0.67,166.85170802520588,142.09649997064844,536,1335
scifact,train,220,0.25,0.79,0.95,0.24,0.81,0.95,0.95,0.05,0.96,135.2433339925483,136.13454200094566,524,1237
scifact,train,221,0.23,0.86,0.96,0.22,0.92,0.96,0.87,0.07,0.91,154.75520899053663,131.17129099555314,524,1393
scifact,train,222,0.4,0.87,0.96,0.25,0.87,0.97,0.97,0.04,0.98,131.81370799429715,130.18633297178894,524,1407
scifact,train,223,0.2,0.85,0.97,0.17,0.87,0.97,0.96,0.05,0.97,130.97787502920255,170.52204196806997,540,1294
scifact,train,224,0.54,0.77,0.97,0.61,0.62,0.98,0.93,0.2,0.97,131.23120804084465,171.5509580099024,528,1254
scifact,train,225,0.22,0.88,0.96,0.25,0.91,0.97,0.12,0.84,0.7,119.2749579786323,160.49666597973555,535,1261
scifact,train,226,0.65,0.83,0.97,0.62,0.82,0.97,0.2,0.73,0.6,139.10324999596924,118.63316700328141,533,1259
scifact,train,227,0.72,0.72,0.94,0.51,0.78,0.96,0.95,0.03,0.96,133.03170795552433,119.03362500015646,532,1209
scifact,train,228,0.3,0.86,0.93,0.15,0.91,0.92,0.97,0.03,0.98,111.55637499177828,179.02404203778133,523,1381
scifact,train,229,0.25,0.87,0.96,0.23,0.9,0.95,0.16,0.07,0.24,143.52208300260827,129.20224998379126,524,1288
scifact,train,235,0.25,0.85,0.96,0.15,0.86,0.95,0.95,0.02,0.97,156.00579202873632,124.54241700470448,524,1249
scifact,train,241,0.43,0.81,0.95,0.54,0.83,0.94,0.89,0.08,0.92,138.51170899579301,156.1542499694042,525,1248
scifact,train,242,0.32,0.87,0.95,0.26,0.92,0.94,0.85,0.09,0.87,144.50466696871445,160.69804196013138,526,1303
scifact,train,243,0.65,0.73,0.93,0.57,0.74,0.92,0.74,0.13,0.83,117.33125004684553,118.16920799901709,530,1236
scifact,train,244,0.43,0.82,0.96,0.46,0.85,0.93,0.09,0.24,0.1,137.26695795776322,147.26462500402704,550,1401
scifact,train,245,0.15,0.83,0.95,0.19,0.88,0.95,0.13,0.32,0.19,132.10591702954844,152.46933395974338,521,1293
scifact,train,246,0.23,0.86,0.95,0.3,0.92,0.95,0.54,0.12,0.45,109.78104203240946,134.61354200262576,520,1302
scifact,train,247,0.57,0.87,0.95,0.51,0.91,0.94,0.14,0.17,0.18,139.71912499982864,206.2677500071004,523,1331
scifact,train,250,0.24,0.87,0.96,0.16,0.93,0.96,0.92,0.04,0.89,117.44262499269098,233.42925001634285,523,1242
scifact,train,251,0.25,0.86,0.96,0.15,0.9,0.97,0.98,0.03,0.98,161.32812504656613,188.5941670043394,523,1242
scifact,train,253,0.2,0.86,0.95,0.24,0.91,0.95,0.62,0.12,0.63,165.37083400180563,128.95887496415526,537,1316
scifact,train,254,0.2,0.82,0.96,0.24,0.87,0.95,0.65,0.14,0.66,136.16658298997208,123.84700000984594,537,1316
scifact,train,255,0.16,0.85,0.95,0.19,0.88,0.95,0.65,0.11,0.67,107.8705420368351,173.00900002010167,536,1300
scifact,train,256,0.23,0.83,0.95,0.23,0.88,0.96,0.66,0.12,0.76,135.84229099797085,115.22129201330245,538,1302
scifact,train,258,0.25,0.84,0.96,0.28,0.87,0.95,0.06,0.78,0.22,113.9396249782294,121.22999998973683,534,1351
scifact,train,259,0.29,0.84,0.94,0.29,0.88,0.94,0.89,0.07,0.91,132.5305830105208,271.9704589690082,524,1266
scifact,train,262,0.46,0.82,0.94,0.38,0.85,0.93,0.16,0.9,0.92,114.88979199202731,234.23695901874453,531,1251
scifact,train,263,0.41,0.82,0.95,0.34,0.86,0.95,0.18,0.21,0.19,138.3255830151029,143.75925000058487,534,1270
scifact,train,264,0.24,0.84,0.96,0.23,0.86,0.97,0.12,0.91,0.8,110.61845894437283,118.79716697148979,543,1311
scifact,train,265,0.15,0.84,0.93,0.12,0.89,0.96,0.97,0.04,0.97,121.19904102291912,151.36449999408796,523,1314
scifact,train,266,0.59,0.82,0.93,0.37,0.82,0.94,0.71,0.05,0.78,128.59470897819847,113.05124999489635,519,1306
scifact,train,267,0.21,0.85,0.95,0.25,0.91,0.93,0.9,0.06,0.91,173.02224994637072,168.27191697666422,518,1351
scifact,train,272,0.23,0.87,0.97,0.24,0.91,0.96,0.31,0.18,0.56,124.36300003901124,142.33883301494643,543,1369
scifact,train,277,0.18,0.83,0.97,0.2,0.86,0.96,0.5,0.18,0.55,314.5714999991469,196.20329199824482,550,1326
scifact,train,278,0.15,0.82,0.97,0.16,0.91,0.95,0.67,0.07,0.64,123.45066701527685,155.8035829802975,534,1310
scifact,train,280,0.64,0.71,0.79,0.41,0.72,0.82,0.96,0.03,0.97,119.56075002672151,141.74054196337238,531,1330
scifact,train,281,0.5,0.82,0.96,0.42,0.87,0.94,0.23,0.13,0.33,206.20258298004046,118.71654103742912,540,1350
scifact,train,283,0.26,0.84,0.82,0.23,0.91,0.8,0.93,0.06,0.94,182.2315829922445,149.30329198250547,522,1343
scifact,train,285,0.31,0.81,0.95,0.34,0.86,0.94,0.26,0.11,0.28,213.31104199634865,124.92212501820177,529,1392
scifact,train,286,0.26,0.87,0.97,0.19,0.89,0.97,0.82,0.04,0.86,118.04220802150667,188.94916598219424,538,1381
scifact,train,287,0.19,0.86,0.97,0.17,0.92,0.97,0.77,0.04,0.77,145.18566604238003,136.6653330042027,539,1359
scifact,train,290,0.5,0.81,0.9,0.39,0.87,0.85,0.71,0.1,0.76,126.3387089711614,178.0375840025954,527,1280
scifact,train,292,0.63,0.82,0.93,0.47,0.85,0.87,0.76,0.08,0.78,153.75733299879357,137.0605419506319,521,1308
scifact,train,293,0.3,0.84,0.96,0.33,0.87,0.94,0.04,0.83,0.28,128.160291002132,169.19020900968462,528,1319
scifact,train,296,0.21,0.85,0.96,0.16,0.9,0.97,0.74,0.05,0.78,165.17137497430667,196.11299998359755,531,1354
scifact,train,299,0.17,0.84,0.96,0.19,0.89,0.95,0.46,0.06,0.5,171.4650000212714,131.23420800548047,530,1278
scifact,train,301,0.26,0.83,0.96,0.28,0.85,0.94,0.04,0.84,0.31,169.3289169925265,182.39895801525563,527,1320
scifact,train,304,0.27,0.83,0.96,0.22,0.86,0.94,0.14,0.05,0.23,184.80283301323652,135.3175420081243,520,1342
scifact,train,305,0.22,0.86,0.95,0.17,0.89,0.97,0.93,0.03,0.95,115.93816603999585,161.0189590137452,520,1351
scifact,train,306,0.47,0.87,0.96,0.43,0.91,0.95,0.14,0.08,0.17,176.9864580128342,125.81170798512176,515,1341
scifact,train,308,0.26,0.86,0.97,0.28,0.88,0.96,0.43,0.18,0.57,139.7948749945499,169.6191249648109,527,1327
scifact,train,309,0.49,0.85,0.95,0.52,0.91,0.95,0.17,0.12,0.2,148.8842079997994,124.56566601758823,515,1305
scifact,train,310,0.57,0.82,0.92,0.66,0.87,0.89,0.1,0.41,0.15,229.8256250214763,133.57358297798783,528,1245
scifact,train,313,0.56,0.82,0.93,0.65,0.86,0.89,0.13,0.27,0.15,137.98329199198633,125.05987496115267,527,1231
scifact,train,315,0.23,0.85,0.96,0.26,0.89,0.95,0.17,0.23,0.22,139.41720803268254,112.45087499264628,528,1373
scifact,train,316,0.28,0.83,0.97,0.26,0.86,0.95,0.65,0.06,0.72,158.63954200176522,141.87679102178663,539,1432
scifact,train,317,0.29,0.87,0.96,0.37,0.87,0.9,0.05,0.65,0.16,164.31458300212398,107.37550002522767,532,1316
scifact,train,323,0.66,0.87,0.92,0.59,0.87,0.92,0.04,0.27,0.05,112.37862502457574,155.06687498418614,520,1415
scifact,train,325,0.45,0.85,0.96,0.3,0.93,0.95,0.74,0.09,0.66,118.55216702679172,136.05562498560175,527,1307
scifact,train,326,0.45,0.8,0.96,0.55,0.89,0.97,0.82,0.09,0.87,115.92075001681224,134.40083398018032,525,1281
scifact,train,330,0.26,0.85,0.95,0.23,0.89,0.95,0.15,0.08,0.15,157.7341670054011,169.72570802317932,521,1411
scifact,train,331,0.31,0.85,0.95,0.28,0.9,0.95,0.37,0.07,0.41,113.63787500886247,130.01579098636284,529,1419
scifact,train,332,0.16,0.87,0.97,0.14,0.92,0.98,0.74,0.05,0.85,126.46641599712893,114.0128750121221,553,1359
scifact,train,333,0.15,0.86,0.97,0.12,0.89,0.98,0.98,0.03,0.98,121.54324998846278,119.11479203263298,553,1391
scifact,train,334,0.45,0.83,0.95,0.51,0.87,0.92,0.32,0.91,0.94,116.03545799152926,143.64399999612942,523,1345
scifact,train,335,0.22,0.79,0.96,0.22,0.81,0.95,0.66,0.03,0.8,136.0219590133056,112.6656659762375,530,1357
scifact,train,336,0.36,0.9,0.95,0.39,0.88,0.9,0.03,0.41,0.05,156.81337501155213,121.89562496496364,535,1263
scifact,train,337,0.32,0.88,0.96,0.38,0.88,0.9,0.03,0.48,0.06,111.46329098846763,117.08583304425701,535,1263
scifact,train,339,0.38,0.84,0.95,0.38,0.9,0.95,0.73,0.13,0.85,148.23262498248369,111.6936249891296,522,1432
scifact,train,340,0.25,0.88,0.94,0.19,0.92,0.94,0.89,0.07,0.91,127.96337500913069,146.2814590195194,536,1320
scifact,train,341,0.24,0.87,0.94,0.19,0.92,0.93,0.87,0.08,0.87,122.65862501226366,121.07175000710413,536,1320
scifact,train,342,0.21,0.85,0.93,0.3,0.92,0.91,0.1,0.83,0.57,146.11462503671646,127.61137500638142,529,1372
scifact,train,345,0.33,0.84,0.96,0.23,0.89,0.96,0.05,0.9,0.6,132.41995900170878,132.30599998496473,535,1382
scifact,train,346,0.54,0.81,0.93,0.54,0.85,0.89,0.53,0.1,0.55,117.42675001733005,137.55829201545566,532,1257
scifact,train,347,0.46,0.83,0.94,0.52,0.87,0.9,0.46,0.1,0.51,196.20483298785985,110.24183401605114,532,1257
scifact,train,349,0.29,0.82,0.95,0.24,0.89,0.93,0.9,0.04,0.92,118.03854198660702,115.8351669437252,529,1286
scifact,train,351,0.82,0.79,0.92,0.77,0.78,0.88,0.68,0.13,0.77,134.0316659770906,112.0226249913685,522,1265
scifact,train,352,0.63,0.83,0.92,0.57,0.82,0.78,0.03,0.27,0.04,126.5246249968186,118.73120802920312,521,1281
scifact,train,355,0.33,0.78,0.96,0.29,0.81,0.96,0.91,0.09,0.93,136.27062499290332,117.330499982927,531,1302
scifact,train,356,0.25,0.81,0.96,0.31,0.84,0.97,0.79,0.39,0.92,155.6126249488443,150.20016703056172,531,1352
scifact,train,357,0.22,0.84,0.96,0.28,0.91,0.95,0.77,0.14,0.81,124.6537080151029,118.27504204120487,552,1329
scifact,train,358,0.24,0.85,0.96,0.29,0.89,0.95,0.73,0.16,0.74,115.96299998927861,140.01520804595202,552,1329
scifact,train,361,0.24,0.82,0.95,0.2,0.84,0.93,0.28,0.06,0.45,121.47129199001938,134.60537500213832,540,1323
scifact,train,363,0.2,0.86,0.96,0.23,0.87,0.92,0.05,0.57,0.09,143.22795800399035,118.36962500819936,538,1353
scifact,train,364,0.32,0.83,0.96,0.28,0.8,0.92,0.02,0.25,0.03,120.73020898969844,121.46749999374151,524,1323
scifact,train,365,0.19,0.84,0.96,0.2,0.83,0.95,0.38,0.04,0.49,137.5313749886118,115.64520903630182,543,1408
scifact,train,366,0.27,0.85,0.97,0.18,0.87,0.97,0.91,0.04,0.93,134.65770904440433,128.4617500496097,533,1408
scifact,train,367,0.39,0.84,0.96,0.28,0.9,0.97,0.94,0.06,0.95,116.42512504477054,128.55987501097843,529,1301
scifact,train,368,0.33,0.85,0.96,0.28,0.9,0.96,0.94,0.07,0.94,196.10991602530703,148.64704199135303,529,1266
scifact,train,369,0.17,0.85,0.97,0.13,0.88,0.98,0.96,0.04,0.96,144.7243329603225,147.6832909975201,552,1434
scifact,train,370,0.47,0.8,0.96,0.27,0.73,0.97,0.9,0.03,0.93,121.35545798810199,123.50108299870044,523,1310
scifact,train,371,0.47,0.79,0.96,0.4,0.82,0.96,0.89,0.06,0.92,126.5410830383189,138.21283401921391,523,1316
scifact,train,372,0.19,0.84,0.96,0.2,0.84,0.97,0.62,0.05,0.68,133.29562498256564,149.17166699888185,538,1308
scifact,train,375,0.58,0.81,0.94,0.42,0.87,0.95,0.97,0.04,0.97,123.80499998107553,116.26008397433907,520,1332
scifact,train,376,0.76,0.79,0.71,0.69,0.78,0.56,0.74,0.11,0.8,116.56200001016259,139.1143329674378,523,1211
scifact,train,377,0.22,0.87,0.96,0.21,0.88,0.95,0.06,0.09,0.11,132.06837500911206,120.03433395875618,524,1356
scifact,train,378,0.37,0.83,0.94,0.6,0.87,0.91,0.4,0.34,0.57,138.34220898570493,127.91770801413804,524,1316
scifact,train,379,0.53,0.83,0.88,0.37,0.92,0.87,0.34,0.08,0.53,122.74750001961365,121.1492499569431,524,1345
scifact,train,381,0.89,0.77,0.67,0.9,0.8,0.56,0.82,0.32,0.89,131.4277920173481,146.8895830330439,519,1289
scifact,train,382,0.73,0.77,0.88,0.67,0.84,0.84,0.47,0.2,0.54,148.62500003073364,130.85524999769405,533,1290
scifact,train,383,0.59,0.84,0.88,0.67,0.89,0.74,0.09,0.5,0.17,153.10558397322893,118.45825001364574,530,1278
scifact,train,389,0.4,0.85,0.93,0.42,0.89,0.89,0.17,0.12,0.2,112.82254103571177,125.21862500580028,521,1297
scifact,train,390,0.47,0.85,0.93,0.51,0.88,0.88,0.18,0.08,0.23,193.33537499187514,151.68387501034886,520,1350
scifact,train,391,0.43,0.86,0.93,0.49,0.88,0.87,0.19,0.05,0.24,132.43483303813264,144.9348750174977,521,1350
scifact,train,392,0.46,0.85,0.93,0.57,0.89,0.87,0.14,0.33,0.23,122.83933296566829,120.68087497027591,520,1270
scifact,train,393,0.44,0.86,0.93,0.51,0.89,0.9,0.02,0.89,0.22,118.00941696856171,128.17241600714624,521,1271
scifact,train,394,0.53,0.77,0.89,0.51,0.78,0.84,0.62,0.27,0.81,115.46158301644027,118.97491698618978,524,1244
scifact,train,396,0.3,0.87,0.76,0.32,0.9,0.7,0.24,0.23,0.21,112.96541604679078,113.6277909972705,518,1308
scifact,train,397,0.55,0.85,0.73,0.57,0.89,0.67,0.42,0.06,0.46,229.59441697457805,127.43491696892306,518,1236
scifact,train,398,0.32,0.84,0.95,0.26,0.87,0.93,0.9,0.04,0.92,178.44958300702274,169.87754200818017,528,1290
scifact,train,400,0.22,0.85,0.88,0.24,0.9,0.86,0.96,0.04,0.96,169.51429197797552,132.4252499616705,523,1257
scifact,train,401,0.24,0.87,0.96,0.23,0.89,0.95,0.16,0.06,0.19,115.12133397627622,163.20399998221546,536,1429
scifact,train,403,0.49,0.83,0.9,0.55,0.88,0.81,0.08,0.38,0.11,120.87149999570101,125.5210840026848,525,1242
scifact,train,404,0.49,0.83,0.9,0.5,0.86,0.86,0.17,0.23,0.22,121.6864159796387,133.2442500279285,526,1196
scifact,train,406,0.28,0.82,0.96,0.33,0.86,0.93,0.03,0.73,0.11,153.18837499944493,190.49858301877975,525,1307
scifact,train,407,0.28,0.88,0.97,0.33,0.89,0.97,0.28,0.14,0.25,170.49245804082602,149.4868330191821,551,1313
scifact,train,413,0.17,0.85,0.97,0.2,0.92,0.96,0.65,0.1,0.65,131.2362090102397,111.01016699103639,532,1382
scifact,train,414,0.22,0.84,0.97,0.25,0.89,0.97,0.77,0.13,0.81,130.31437498284504,183.16537502687424,534,1399
scifact,train,416,0.3,0.85,0.95,0.35,0.88,0.95,0.06,0.46,0.12,157.59262500796467,130.96504198620096,539,1404
scifact,train,417,0.22,0.86,0.95,0.28,0.88,0.95,0.06,0.35,0.09,118.46562498249114,124.50391601305455,539,1406
scifact,train,418,0.34,0.82,0.97,0.35,0.84,0.95,0.11,0.47,0.31,128.02433304022998,117.84249998163432,528,1299
scifact,train,420,0.18,0.83,0.97,0.16,0.88,0.97,0.96,0.05,0.97,125.81833294825628,135.13179204892367,539,1383
scifact,train,422,0.64,0.86,0.9,0.64,0.88,0.73,0.05,0.45,0.08,121.38187501113862,124.67158300569281,529,1245
scifact,train,423,0.42,0.82,0.96,0.42,0.82,0.94,0.1,0.17,0.12,114.03674999019131,124.33316698297858,532,1313
scifact,train,425,0.33,0.87,0.92,0.46,0.87,0.86,0.13,0.36,0.25,121.98091699974611,127.4744170368649,540,1329
scifact,train,426,0.54,0.82,0.97,0.49,0.83,0.97,0.94,0.24,0.96,137.4480410013348,155.21112503483891,524,1355
scifact,train,428,0.67,0.78,0.97,0.7,0.79,0.96,0.88,0.16,0.93,162.76154096703976,134.14500001817942,525,1302
scifact,train,429,0.19,0.84,0.96,0.16,0.84,0.96,0.38,0.05,0.4,210.09958401555195,152.85308402962983,543,1408
scifact,train,430,0.22,0.87,0.97,0.3,0.9,0.94,0.03,0.64,0.08,119.52770897187293,144.1879590274766,526,1236
scifact,train,432,0.35,0.83,0.96,0.21,0.84,0.97,0.96,0.03,0.96,115.2645000256598,155.2441249950789,526,1380
scifact,train,434,0.36,0.85,0.96,0.37,0.87,0.95,0.2,0.12,0.2,132.89637496927753,111.91695899469778,528,1331
scifact,train,435,0.29,0.86,0.96,0.27,0.89,0.95,0.18,0.12,0.19,126.27195799723268,125.40449999505654,530,1388
scifact,train,441,0.25,0.87,0.96,0.28,0.89,0.96,0.68,0.12,0.73,182.74004198610783,114.9548749672249,524,1372
scifact,train,444,0.26,0.79,0.96,0.26,0.86,0.96,0.8,0.05,0.77,149.1299170302227,201.11654105130583,527,1422
scifact,train,445,0.27,0.79,0.96,0.22,0.86,0.96,0.86,0.1,0.89,122.73387494497001,114.74808299681172,529,1400
scifact,train,447,0.13,0.85,0.96,0.16,0.93,0.96,0.84,0.57,0.91,120.04904198693112,221.77808301057667,527,1362
scifact,train,448,0.24,0.83,0.97,0.36,0.86,0.97,0.94,0.27,0.97,160.1950000040233,137.5141249736771,527,1362
scifact,train,449,0.15,0.84,0.96,0.18,0.88,0.97,0.53,0.12,0.7,123.70379100320861,123.16870799986646,523,1300
scifact,train,453,0.47,0.89,0.91,0.38,0.92,0.85,0.85,0.04,0.89,139.85179201699793,117.60662496089935,530,1279
scifact,train,454,0.45,0.88,0.92,0.28,0.91,0.89,0.85,0.03,0.9,124.23929199576378,124.3372909957543,533,1292
scifact,train,455,0.68,0.8,0.92,0.56,0.86,0.91,0.11,0.92,0.89,138.6557089863345,154.4635830214247,526,1275
scifact,train,456,0.33,0.85,0.97,0.38,0.86,0.95,0.05,0.21,0.07,108.05479204282165,150.76329204021022,525,1358
scifact,train,458,0.2,0.86,0.93,0.17,0.86,0.94,0.96,0.03,0.95,142.5260420073755,176.99337500380352,528,1298
scifact,train,461,0.24,0.86,0.96,0.17,0.88,0.97,0.96,0.03,0.97,122.47937498614192,214.0313339768909,520,1367
scifact,train,463,0.8,0.74,0.86,0.79,0.82,0.72,0.12,0.64,0.42,115.61379104387015,142.86283304682001,524,1330
scifact,train,466,0.23,0.81,0.97,0.32,0.86,0.96,0.22,0.32,0.29,148.77029100898653,188.1844580057077,554,1318
scifact,train,469,0.63,0.72,0.93,0.65,0.8,0.89,0.18,0.33,0.57,127.54437502007931,109.86966599011794,516,1258
scifact,train,470,0.28,0.8,0.97,0.39,0.84,0.98,0.09,0.93,0.96,170.41750001953915,112.76366701349616,538,1309
scifact,train,472,0.18,0.83,0.97,0.21,0.89,0.95,0.16,0.15,0.19,127.19654099782929,189.48620901210234,545,1285
scifact,train,473,0.71,0.82,0.87,0.62,0.8,0.82,0.07,0.13,0.1,129.71970898797736,129.49670798843727,519,1306
scifact,train,474,0.49,0.81,0.92,0.47,0.84,0.88,0.33,0.12,0.51,135.16733300639316,219.76724994601682,521,1289
scifact,train,479,0.19,0.85,0.96,0.14,0.93,0.97,0.79,0.04,0.84,121.87158304732293,125.95908401999623,526,1360
scifact,train,480,0.18,0.82,0.97,0.13,0.89,0.97,0.97,0.04,0.97,135.78466698527336,132.0310829905793,527,1395
scifact,train,481,0.21,0.84,0.97,0.2,0.83,0.95,0.06,0.07,0.09,151.27000003121793,161.95724997669458,536,1374
scifact,train,482,0.23,0.83,0.97,0.17,0.86,0.97,0.95,0.03,0.97,119.59170800400898,119.1586249624379,544,1380
scifact,train,483,0.28,0.84,0.96,0.32,0.88,0.96,0.92,0.19,0.93,175.57679198216647,117.67970799701288,531,1350
scifact,train,484,0.4,0.85,0.94,0.51,0.87,0.89,0.19,0.48,0.23,173.43037499813363,140.2689169626683,528,1244
scifact,train,485,0.19,0.86,0.97,0.22,0.84,0.96,0.37,0.04,0.49,157.80783299123868,126.2772079790011,529,1389
scifact,train,486,0.37,0.84,0.95,0.51,0.88,0.87,0.18,0.11,0.18,151.06666600331664,113.16162499133497,528,1293
scifact,train,487,0.19,0.86,0.97,0.21,0.87,0.96,0.28,0.04,0.35,149.44350003497675,124.81820798711851,529,1389
scifact,train,488,0.3,0.81,0.96,0.19,0.81,0.96,0.93,0.04,0.93,128.0929580098018,113.59887500293553,528,1244
scifact,train,489,0.37,0.84,0.96,0.55,0.86,0.94,0.05,0.56,0.16,209.74262501113117,170.10700004175305,534,1324
scifact,train,490,0.27,0.84,0.97,0.16,0.86,0.97,0.97,0.02,0.98,120.36487500881776,121.23670900473371,523,1388
scifact,train,492,0.39,0.84,0.97,0.33,0.86,0.94,0.11,0.1,0.19,127.07349995616823,166.0627499804832,526,1292
scifact,train,493,0.31,0.85,0.96,0.36,0.85,0.93,0.03,0.62,0.09,128.98516695713624,129.58858400816098,528,1312
scifact,train,494,0.31,0.79,0.94,0.43,0.72,0.89,0.05,0.16,0.06,133.93045897828415,127.26025003939867,532,1325
scifact,train,495,0.79,0.84,0.8,0.54,0.9,0.51,0.94,0.03,0.96,113.71220898581669,116.51104199700058,517,1251
scifact,train,498,0.73,0.84,0.77,0.4,0.91,0.64,0.91,0.04,0.93,158.93445897381753,126.12020899541676,518,1296
scifact,train,499,0.28,0.86,0.96,0.21,0.89,0.97,0.9,0.03,0.91,137.61987502221018,149.63566703954712,534,1349
scifact,train,500,0.83,0.83,0.4,0.76,0.85,0.38,0.91,0.08,0.92,147.61191699653864,121.54512497363612,518,1272
scifact,train,504,0.24,0.84,0.92,0.27,0.9,0.89,0.32,0.21,0.49,165.9221249865368,120.95662497449666,531,1394
scifact,train,505,0.14,0.79,0.98,0.12,0.83,0.98,0.97,0.04,0.98,116.93345900857821,127.03850003890693,542,1382
scifact,train,506,0.47,0.77,0.9,0.65,0.85,0.8,0.88,0.07,0.89,116.60287500126287,131.04750000638887,529,1353
scifact,train,509,0.64,0.85,0.92,0.53,0.89,0.9,0.18,0.08,0.2,117.89041699375957,116.20370799209923,525,1181
scifact,train,515,0.19,0.87,0.97,0.19,0.91,0.97,0.95,0.06,0.96,131.12195796566084,145.05770802497864,536,1385
scifact,train,523,0.23,0.87,0.96,0.22,0.92,0.96,0.1,0.63,0.37,117.51687503419816,151.85041597578675,540,1335
scifact,train,524,0.2,0.85,0.96,0.2,0.89,0.97,0.15,0.83,0.71,125.4142090328969,125.8796249749139,540,1335
scifact,train,526,0.15,0.84,0.97,0.17,0.85,0.94,0.54,0.08,0.62,127.08062498131767,121.79754202952608,545,1365
scifact,train,529,0.37,0.84,0.94,0.23,0.87,0.94,0.96,0.17,0.98,131.23091700254008,117.46187502285466,529,1248
scifact,train,530,0.24,0.87,0.93,0.18,0.93,0.87,0.88,0.15,0.9,110.3245000122115,108.78412501187995,536,1319
scifact,train,531,0.35,0.84,0.95,0.25,0.86,0.95,0.96,0.18,0.98,129.8653749981895,116.59791698912159,536,1255
scifact,train,537,0.23,0.83,0.95,0.18,0.89,0.95,0.84,0.03,0.88,108.22345898486674,128.4425420453772,524,1363
scifact,train,541,0.19,0.84,0.94,0.26,0.91,0.93,0.07,0.95,0.91,127.98737501725554,227.11245802929625,526,1337
scifact,train,542,0.2,0.87,0.97,0.19,0.92,0.97,0.4,0.03,0.47,115.44637498445809,168.4529579943046,535,1436
scifact,train,545,0.17,0.86,0.95,0.22,0.88,0.9,0.02,0.24,0.03,114.8662919877097,160.42899998137727,528,1318
scifact,train,547,0.31,0.82,0.97,0.37,0.88,0.96,0.88,0.17,0.87,147.86220801761374,112.90379200363532,528,1370
scifact,train,548,0.63,0.77,0.96,0.54,0.83,0.96,0.23,0.24,0.31,160.67204100545496,131.5292080398649,526,1346
scifact,train,550,0.21,0.85,0.96,0.28,0.87,0.96,0.37,0.13,0.43,117.31129098916426,132.1810000226833,550,1367
scifact,train,553,0.16,0.85,0.96,0.17,0.92,0.96,0.95,0.05,0.94,173.22245799005032,130.2242919919081,544,1422
scifact,train,555,0.52,0.84,0.93,0.49,0.88,0.88,0.18,0.57,0.26,154.4378329999745,124.96420799288899,526,1324
scifact,train,557,0.41,0.84,0.93,0.27,0.86,0.94,0.91,0.07,0.92,146.61029097624123,123.5662919934839,528,1367
scifact,train,559,0.85,0.79,0.57,0.84,0.84,0.56,0.45,0.59,0.8,201.53233298333362,285.2901670266874,525,1198
scifact,train,562,0.75,0.81,0.91,0.25,0.78,0.93,0.97,0.02,0.97,122.04595800722018,145.83375002257526,525,1311
scifact,train,563,0.34,0.86,0.94,0.18,0.92,0.94,0.86,0.04,0.85,151.67637501144782,199.03183402493596,523,1339
scifact,train,564,0.33,0.83,0.94,0.15,0.89,0.95,0.83,0.04,0.81,136.74033398274332,165.22141703171656,527,1304
scifact,train,565,0.22,0.85,0.96,0.13,0.9,0.97,0.97,0.02,0.98,145.11558401864022,152.77079096995294,529,1283
scifact,train,566,0.21,0.87,0.96,0.14,0.93,0.97,0.81,0.03,0.89,173.94637502729893,134.84800001606345,529,1313
scifact,train,568,0.2,0.86,0.96,0.16,0.91,0.97,0.04,0.96,0.94,166.19820898631588,123.09533299412578,545,1401
scifact,train,570,0.16,0.87,0.96,0.13,0.9,0.97,0.97,0.04,0.97,342.60454203467816,156.5276249893941,537,1264
scifact,train,571,0.16,0.86,0.96,0.13,0.93,0.97,0.93,0.04,0.93,125.74429099913687,134.53566702082753,537,1247
scifact,train,572,0.34,0.86,0.95,0.28,0.86,0.92,0.06,0.67,0.13,199.0261249593459,127.40733299870044,535,1297
scifact,train,573,0.4,0.83,0.97,0.31,0.87,0.95,0.23,0.07,0.25,200.69170801434666,147.1340829739347,535,1237
scifact,train,574,0.41,0.81,0.96,0.34,0.86,0.93,0.16,0.08,0.17,172.42837499361485,231.60962498513982,537,1239
scifact,train,576,0.2,0.84,0.97,0.21,0.88,0.95,0.27,0.08,0.35,144.61408299393952,117.13154101744294,538,1357
scifact,train,579,0.39,0.84,0.94,0.4,0.9,0.88,0.43,0.09,0.48,148.17862497875467,141.50066702859476,529,1341
scifact,train,580,0.33,0.83,0.93,0.37,0.87,0.88,0.49,0.18,0.54,232.40058298688382,119.48095803381875,528,1244
scifact,train,582,0.15,0.83,0.96,0.15,0.88,0.97,0.88,0.08,0.88,125.95829198835418,161.24408302130178,547,1400
scifact,train,584,0.15,0.85,0.97,0.17,0.86,0.97,0.91,0.08,0.93,159.8608329659328,116.85308296000585,542,1355
scifact,train,585,0.34,0.83,0.57,0.24,0.86,0.68,0.26,0.05,0.33,154.01945903431624,141.0067499964498,520,1248
scifact,train,588,0.27,0.87,0.96,0.27,0.88,0.96,0.54,0.07,0.61,153.8780839764513,122.26662499597296,553,1309
scifact,train,590,0.39,0.82,0.9,0.14,0.85,0.94,0.88,0.02,0.95,146.57970902044326,115.92137505067512,531,1354
scifact,train,591,0.4,0.87,0.97,0.26,0.89,0.97,0.84,0.04,0.85,111.10112495953217,121.01100001018494,530,1274
scifact,train,592,0.44,0.87,0.96,0.24,0.89,0.97,0.87,0.05,0.87,230.24108301615342,279.081667016726,530,1302
scifact,train,594,0.57,0.82,0.83,0.34,0.89,0.77,0.87,0.05,0.88,148.5638750018552,230.12954200385138,530,1334
scifact,train,595,0.61,0.84,0.89,0.47,0.93,0.86,0.9,0.09,0.91,151.93762496346608,231.1645409790799,531,1324
scifact,train,600,0.31,0.87,0.91,0.29,0.91,0.89,0.92,0.05,0.91,136.51662500342354,221.09904105309397,530,1261
scifact,train,601,0.35,0.86,0.92,0.32,0.9,0.9,0.94,0.04,0.95,150.93337500002235,205.0734999938868,528,1259
scifact,train,602,0.23,0.84,0.96,0.28,0.9,0.95,0.14,0.29,0.19,136.46354095544666,200.3212079871446,526,1371
scifact,train,603,0.36,0.84,0.95,0.28,0.88,0.96,0.83,0.06,0.88,216.41574997920543,189.67191700357944,524,1365
scifact,train,606,0.25,0.83,0.96,0.32,0.89,0.95,0.46,0.12,0.45,204.63024999480695,161.62495902972296,537,1425
scifact,train,607,0.29,0.86,0.96,0.31,0.89,0.9,0.47,0.26,0.45,159.73025001585484,128.74095799634233,530,1329
scifact,train,609,0.84,0.82,0.75,0.81,0.84,0.49,0.15,0.82,0.5,342.8150829859078,154.43733398569748,519,1226
scifact,train,610,0.74,0.85,0.78,0.7,0.9,0.63,0.04,0.9,0.54,137.4878750066273,152.39670797018334,519,1274
scifact,train,611,0.31,0.88,0.96,0.37,0.9,0.91,0.05,0.8,0.26,122.18983401544392,173.71329199522734,529,1337
scifact,train,612,0.14,0.84,0.97,0.13,0.92,0.97,0.69,0.04,0.77,129.21616696985438,117.93879099423066,536,1377
scifact,train,614,0.14,0.86,0.97,0.11,0.87,0.98,0.97,0.03,0.98,296.7577079543844,182.94629198499024,535,1318
scifact,train,615,0.13,0.87,0.97,0.13,0.93,0.97,0.89,0.04,0.89,161.07241698773578,117.31670901644975,536,1319
scifact,train,616,0.32,0.86,0.95,0.3,0.92,0.9,0.75,0.06,0.78,115.77704199589789,151.45641699200496,530,1358
scifact,train,617,0.51,0.84,0.94,0.29,0.85,0.93,0.87,0.04,0.92,206.2348750187084,123.37295798351988,531,1257
scifact,train,618,0.28,0.86,0.96,0.32,0.79,0.88,0.02,0.4,0.05,134.0960420202464,125.91841700486839,541,1338
scifact,train,620,0.49,0.85,0.84,0.64,0.89,0.78,0.27,0.09,0.39,135.44275000458583,117.56495904410258,527,1327
scifact,train,621,0.32,0.84,0.89,0.38,0.89,0.83,0.17,0.39,0.31,166.66516597615555,119.12387504708022,534,1302
scifact,train,622,0.16,0.84,0.94,0.21,0.92,0.94,0.54,0.08,0.59,130.84608403733,128.90079204225913,523,1271
scifact,train,624,0.41,0.84,0.94,0.2,0.9,0.96,0.97,0.03,0.98,112.87212499883026,110.40391703136265,527,1336
scifact,train,625,0.47,0.83,0.92,0.26,0.88,0.94,0.97,0.03,0.97,141.87441702233627,127.25174997467548,527,1336
scifact,train,626,0.21,0.8,0.96,0.13,0.81,0.98,0.98,0.03,0.98,118.21637500543147,132.0361249963753,533,1341
scifact,train,631,0.22,0.87,0.96,0.15,0.9,0.98,0.98,0.04,0.98,121.14895798731595,141.11524994950742,527,1344
scifact,train,632,0.41,0.86,0.93,0.39,0.92,0.92,0.38,0.17,0.42,127.93854204937816,106.02350003318861,529,1303
scifact,train,633,0.34,0.88,0.94,0.28,0.93,0.93,0.74,0.09,0.72,143.41441600117832,161.86641599051654,533,1292
scifact,train,635,0.17,0.88,0.97,0.21,0.91,0.96,0.29,0.09,0.38,143.34204100305215,128.47845803480595,540,1416
scifact,train,638,0.6,0.84,0.29,0.57,0.91,0.43,0.07,0.39,0.09,157.88691700436175,121.04270805139095,524,1194
scifact,train,640,0.34,0.84,0.95,0.36,0.8,0.95,0.3,0.56,0.85,123.05283400928602,188.45537496963516,523,1274
scifact,train,642,0.61,0.85,0.88,0.42,0.91,0.87,0.89,0.05,0.89,108.41466597048566,121.20304198469967,518,1366
scifact,train,643,0.3,0.81,0.94,0.34,0.86,0.9,0.06,0.34,0.08,157.9590829787776,190.87074999697506,521,1331
scifact,train,645,0.21,0.87,0.96,0.22,0.92,0.94,0.58,0.63,0.77,120.67462498089299,111.82387499138713,534,1335
scifact,train,646,0.38,0.87,0.96,0.39,0.88,0.94,0.67,0.67,0.82,117.49224999221042,160.69841699209064,534,1335
scifact,train,647,0.61,0.86,0.8,0.49,0.9,0.76,0.9,0.09,0.89,140.86254104040563,118.98683296749368,521,1255
scifact,train,648,0.83,0.85,0.76,0.81,0.87,0.62,0.9,0.08,0.9,116.60245800158009,114.53612498007715,521,1285
scifact,train,650,0.65,0.83,0.69,0.54,0.87,0.56,0.1,0.11,0.13,190.71724999230355,123.08675004169345,527,1213
scifact,train,651,0.13,0.85,0.97,0.18,0.91,0.95,0.42,0.15,0.46,127.93095799861476,121.5464579872787,545,1322
scifact,train,652,0.14,0.85,0.98,0.17,0.89,0.94,0.43,0.15,0.51,196.21449999976903,118.56433300999925,545,1326
scifact,train,653,0.48,0.78,0.97,0.5,0.83,0.97,0.91,0.25,0.94,155.99504200508818,142.79558294219896,532,1418
scifact,train,654,0.1,0.85,0.97,0.12,0.9,0.96,0.02,0.9,0.49,120.40641700150445,147.199958038982,548,1416
scifact,train,655,0.1,0.86,0.97,0.11,0.86,0.97,0.85,0.03,0.84,126.57683301949874,174.7199579840526,548,1396
scifact,train,657,0.37,0.82,0.95,0.4,0.86,0.93,0.07,0.89,0.29,120.33591599902138,126.21320801554248,535,1348
scifact,train,658,0.32,0.87,0.86,0.32,0.87,0.85,0.4,0.12,0.52,143.0367500288412,153.60125002916902,532,1288
scifact,train,661,0.29,0.86,0.96,0.27,0.87,0.97,0.74,0.05,0.79,127.8363749734126,140.80891699995846,534,1401
scifact,train,662,0.3,0.87,0.95,0.29,0.92,0.96,0.47,0.05,0.54,131.32570800371468,152.52295800019056,523,1390
scifact,train,663,0.28,0.86,0.97,0.17,0.91,0.97,0.96,0.03,0.97,111.32579203695059,122.44116695364937,534,1399
scifact,train,665,0.23,0.83,0.97,0.16,0.85,0.97,0.96,0.03,0.97,124.12212503841147,133.2028749748133,534,1333
scifact,train,666,0.2,0.82,0.97,0.19,0.86,0.97,0.71,0.06,0.74,146.46633400116116,155.77087498968467,551,1433
scifact,train,667,0.68,0.78,0.95,0.79,0.79,0.96,0.9,0.29,0.92,115.5784169677645,159.43312499439344,522,1415
scifact,train,668,0.55,0.77,0.96,0.51,0.87,0.96,0.91,0.05,0.92,115.26900000171736,150.89391701621935,522,1386
scifact,train,669,0.27,0.87,0.96,0.31,0.93,0.96,0.86,0.08,0.88,114.57020801026374,147.71920797647908,523,1387
scifact,train,670,0.2,0.83,0.96,0.15,0.89,0.97,0.94,0.05,0.95,181.87679100083187,126.84683297993615,531,1329
scifact,train,671,0.18,0.83,0.96,0.14,0.86,0.97,0.96,0.03,0.97,132.59595801355317,127.5888750096783,529,1380
scifact,train,672,0.21,0.86,0.97,0.24,0.89,0.97,0.67,0.1,0.65,148.50545895751566,145.27029200689867,535,1436
scifact,train,673,0.33,0.85,0.95,0.35,0.86,0.97,0.93,0.68,0.98,220.42804100783542,147.14691700646654,522,1306
scifact,train,676,0.27,0.84,0.96,0.33,0.88,0.95,0.06,0.34,0.09,119.10524999257177,138.59970902558416,519,1348
scifact,train,677,0.26,0.85,0.96,0.26,0.86,0.94,0.05,0.25,0.07,132.31829198775813,123.35112498840317,519,1365
scifact,train,679,0.51,0.83,0.96,0.54,0.84,0.91,0.13,0.16,0.16,115.73795799631625,152.58358302526176,521,1317
scifact,train,680,0.2,0.88,0.96,0.25,0.92,0.94,0.18,0.1,0.27,227.6776249636896,121.40462500974536,521,1385
scifact,train,681,0.23,0.85,0.96,0.16,0.9,0.97,0.97,0.04,0.97,132.48229201417416,160.61454097507522,527,1478
scifact,train,682,0.25,0.86,0.96,0.27,0.9,0.95,0.17,0.31,0.29,127.1566660143435,140.5699999886565,522,1352
scifact,train,683,0.19,0.86,0.96,0.16,0.93,0.97,0.92,0.05,0.92,129.95587498880923,123.29175003105775,529,1436
scifact,train,685,0.49,0.79,0.94,0.59,0.79,0.93,0.13,0.73,0.59,114.69074996421114,127.86366697400808,519,1267
scifact,train,686,0.18,0.83,0.92,0.29,0.87,0.89,0.03,0.32,0.05,132.72316701477394,130.4388340213336,525,1407
scifact,train,687,0.25,0.84,0.95,0.43,0.87,0.92,0.09,0.26,0.15,132.29479099391028,118.76479198690504,525,1273
scifact,train,688,0.17,0.85,0.94,0.3,0.92,0.89,0.17,0.27,0.26,132.1764579624869,148.20208301534876,520,1268
scifact,train,689,0.62,0.84,0.9,0.54,0.88,0.85,0.08,0.34,0.11,109.47924997890368,142.77691597817466,531,1378
scifact,train,694,0.28,0.84,0.95,0.18,0.87,0.96,0.89,0.04,0.93,113.13633300596848,134.2353749787435,529,1320
scifact,train,696,0.45,0.86,0.95,0.44,0.89,0.93,0.66,0.11,0.64,117.23008303670213,123.69608302833512,525,1374
scifact,train,698,0.32,0.81,0.97,0.33,0.87,0.96,0.13,0.17,0.13,118.33324999315664,124.54695795895532,537,1351
scifact,train,703,0.15,0.83,0.97,0.16,0.86,0.95,0.09,0.61,0.19,111.53066699625924,149.30399996228516,526,1262
scifact,train,704,0.81,0.71,0.92,0.76,0.69,0.87,0.94,0.19,0.96,165.1579579920508,154.13383301347494,519,1263
scifact,train,705,0.35,0.84,0.93,0.32,0.87,0.93,0.1,0.37,0.22,111.63612501695752,119.03791700024158,536,1331
scifact,train,709,0.38,0.83,0.94,0.31,0.88,0.95,0.93,0.15,0.95,189.4047079840675,113.62683301558718,534,1329
scifact,train,710,0.5,0.81,0.93,0.54,0.88,0.93,0.16,0.69,0.5,148.12833402538672,128.75124998390675,525,1320
scifact,train,713,0.29,0.86,0.95,0.41,0.89,0.93,0.09,0.38,0.13,150.20220802398399,120.32749998616055,532,1321
scifact,train,714,0.28,0.85,0.95,0.39,0.89,0.93,0.1,0.34,0.13,158.8241249555722,127.90837499778718,531,1320
scifact,train,717,0.53,0.84,0.93,0.4,0.91,0.9,0.91,0.06,0.93,126.8109169905074,132.93225003872067,527,1361
scifact,train,724,0.21,0.85,0.96,0.14,0.84,0.97,0.97,0.02,0.97,118.99641703348607,209.50687502045184,527,1313
scifact,train,726,0.25,0.84,0.97,0.29,0.88,0.97,0.39,0.19,0.55,125.43970800470561,138.81595799466595,530,1437
scifact,train,730,0.16,0.83,0.97,0.21,0.89,0.96,0.25,0.15,0.23,170.87099998025224,113.6846249573864,531,1416
scifact,train,732,0.14,0.86,0.96,0.15,0.86,0.94,0.06,0.1,0.08,219.02187500381842,116.34754098486155,530,1412
scifact,train,733,0.15,0.85,0.97,0.15,0.83,0.96,0.09,0.1,0.12,122.29116703383625,132.31287500821054,528,1392
scifact,train,734,0.48,0.84,0.95,0.54,0.89,0.93,0.28,0.54,0.62,123.23399999877438,125.86187495617196,524,1363
scifact,train,736,0.17,0.82,0.97,0.13,0.83,0.97,0.95,0.03,0.97,167.05429198918864,138.63804197171703,531,1362
scifact,train,737,0.56,0.75,0.96,0.54,0.76,0.97,0.92,0.15,0.94,129.7977920039557,129.68741601798683,523,1307
scifact,train,738,0.44,0.78,0.96,0.5,0.74,0.96,0.92,0.29,0.96,124.68083295971155,112.13658400811255,519,1322
scifact,train,739,0.67,0.8,0.92,0.69,0.8,0.84,0.04,0.66,0.13,120.66770798992366,147.14558399282396,518,1304
scifact,train,740,0.15,0.88,0.97,0.14,0.89,0.98,0.96,0.04,0.97,131.2946669640951,352.62099996907637,534,1393
scifact,train,745,0.28,0.88,0.96,0.18,0.93,0.96,0.68,0.05,0.66,123.88904194813222,119.71025000093505,523,1451
scifact,train,746,0.27,0.88,0.96,0.15,0.89,0.97,0.97,0.04,0.97,144.59799998439848,182.3772499919869,523,1439
scifact,train,747,0.19,0.87,0.97,0.15,0.92,0.97,0.73,0.03,0.79,119.1388750448823,206.04637498036027,531,1438
scifact,train,748,0.2,0.86,0.97,0.13,0.88,0.97,0.91,0.03,0.93,135.44099999126047,123.61558299744502,531,1317
scifact,train,749,0.39,0.8,0.95,0.27,0.77,0.95,0.71,0.14,0.8,111.1046249861829,194.05912497313693,533,1246
scifact,train,751,0.15,0.84,0.97,0.15,0.88,0.98,0.96,0.03,0.97,296.0086250095628,123.34683397784829,548,1387
scifact,train,752,0.21,0.79,0.97,0.15,0.79,0.98,0.97,0.02,0.97,153.22387497872114,179.02945802779868,530,1399
scifact,train,753,0.61,0.8,0.94,0.72,0.81,0.87,0.16,0.12,0.27,141.19699998991564,166.88537498703226,519,1216
scifact,train,755,0.75,0.79,0.84,0.69,0.81,0.76,0.04,0.64,0.16,122.36375000793487,139.8777500144206,527,1172
scifact,train,757,0.54,0.83,0.93,0.52,0.81,0.88,0.65,0.15,0.74,121.4739169809036,106.89533303957433,536,1195
scifact,train,758,0.33,0.8,0.95,0.37,0.84,0.95,0.17,0.64,0.42,109.39029196742922,134.87100001657382,525,1272
scifact,train,760,0.39,0.83,0.96,0.35,0.9,0.95,0.7,0.34,0.87,128.38870799168944,156.77158400649205,538,1405
scifact,train,761,0.51,0.82,0.96,0.52,0.81,0.97,0.32,0.75,0.87,169.96883298270404,147.71462499629706,523,1340
scifact,train,762,0.61,0.85,0.76,0.63,0.86,0.71,0.33,0.09,0.49,115.41058297734708,154.58829200360924,525,1232
scifact,train,764,0.74,0.82,0.24,0.6,0.89,0.34,0.87,0.2,0.88,117.29579098755494,158.54254201985896,519,1289
scifact,train,765,0.35,0.85,0.25,0.33,0.91,0.34,0.16,0.83,0.78,117.44874995201826,157.2907500085421,521,1277
scifact,train,766,0.82,0.79,0.16,0.79,0.83,0.21,0.81,0.17,0.89,112.20487498212606,133.55179101927206,520,1341
scifact,train,767,0.42,0.86,0.7,0.37,0.9,0.68,0.62,0.15,0.65,113.88600000645965,141.33087499067187,523,1313
scifact,train,771,0.24,0.87,0.96,0.21,0.9,0.93,0.88,0.04,0.9,259.57841699710116,116.25845800153911,548,1342
scifact,train,772,0.18,0.86,0.96,0.29,0.88,0.94,0.16,0.07,0.23,149.24845896894112,111.07658396940678,539,1411
scifact,train,774,0.25,0.85,0.96,0.35,0.88,0.94,0.05,0.77,0.11,113.80054103210568,107.65370802255347,544,1322
scifact,train,776,0.22,0.84,0.97,0.29,0.89,0.96,0.05,0.87,0.37,145.61395900091156,141.52900001499802,544,1322
scifact,train,777,0.31,0.79,0.97,0.32,0.85,0.97,0.05,0.91,0.53,146.05129201663658,189.46525000501424,542,1320
scifact,train,778,0.17,0.82,0.97,0.19,0.92,0.97,0.7,0.54,0.8,125.3137500025332,112.77408298337832,532,1322
scifact,train,779,0.17,0.82,0.96,0.18,0.9,0.98,0.97,0.06,0.97,146.5851659886539,126.68179202592,533,1323
scifact,train,780,0.25,0.82,0.96,0.22,0.84,0.97,0.93,0.26,0.97,155.07783298380673,148.7821249756962,532,1423
scifact,train,782,0.25,0.82,0.97,0.22,0.85,0.97,0.56,0.88,0.97,123.75825003255159,129.62133303517476,534,1461
scifact,train,787,0.25,0.85,0.96,0.21,0.91,0.97,0.66,0.06,0.69,140.35562495701015,131.76604197360575,530,1432
scifact,train,788,0.25,0.86,0.96,0.16,0.88,0.97,0.94,0.04,0.96,210.50149999791756,173.21945901494473,532,1451
scifact,train,789,0.27,0.78,0.96,0.42,0.77,0.96,0.36,0.69,0.83,156.75787499640137,119.93262497708201,525,1272
scifact,train,790,0.14,0.84,0.95,0.17,0.89,0.96,0.26,0.46,0.51,153.01545901456848,153.75375002622604,525,1272
scifact,train,791,0.37,0.84,0.95,0.31,0.83,0.95,0.56,0.79,0.97,141.9624580303207,158.5915419855155,521,1245
scifact,train,792,0.75,0.76,0.44,0.71,0.84,0.51,0.82,0.06,0.86,171.96370800957084,132.13133299723268,525,1267
scifact,train,795,0.69,0.78,0.94,0.67,0.73,0.89,0.64,0.87,0.97,115.1064169825986,123.76837496412918,521,1284
scifact,train,797,0.77,0.71,0.9,0.78,0.71,0.89,0.91,0.16,0.96,182.34937504166737,136.47425000090152,522,1202
scifact,train,798,0.26,0.86,0.94,0.18,0.91,0.93,0.32,0.92,0.95,237.10341600235552,130.2978330058977,524,1191
scifact,train,799,0.51,0.86,0.83,0.41,0.91,0.84,0.42,0.1,0.62,142.60229200590402,133.97520896978676,525,1281
scifact,train,801,0.33,0.82,0.96,0.18,0.92,0.97,0.9,0.04,0.93,122.29029199806973,150.11808299459517,527,1372
scifact,train,802,0.33,0.84,0.95,0.29,0.93,0.95,0.87,0.14,0.88,123.37970803491771,115.24745798669755,526,1393
scifact,train,803,0.41,0.83,0.96,0.2,0.88,0.97,0.97,0.03,0.98,116.46783299511299,147.3125420161523,529,1374
scifact,train,804,0.64,0.82,0.95,0.58,0.87,0.96,0.97,0.04,0.97,121.27395899733528,156.045040988829,526,1371
scifact,train,807,0.43,0.8,0.96,0.21,0.89,0.95,0.83,0.03,0.88,168.41054195538163,117.36870900494978,523,1239
scifact,train,810,0.4,0.81,0.92,0.38,0.86,0.88,0.5,0.09,0.46,147.78387499973178,114.34174998430535,523,1302
scifact,train,812,0.19,0.83,0.95,0.21,0.83,0.96,0.64,0.05,0.67,132.164541981183,162.27062500547618,532,1399
scifact,train,813,0.28,0.81,0.96,0.23,0.87,0.96,0.79,0.04,0.85,127.99837498459965,122.15891695814207,545,1309
scifact,train,815,0.27,0.87,0.96,0.14,0.9,0.97,0.94,0.04,0.92,121.87412503408268,116.90612498205155,523,1320
scifact,train,816,0.32,0.87,0.96,0.19,0.93,0.97,0.82,0.06,0.83,153.13849999802187,137.57254200754687,523,1394
scifact,train,817,0.48,0.77,0.94,0.47,0.72,0.85,0.02,0.71,0.07,146.89216599799693,126.85425003292039,519,1340
scifact,train,818,0.69,0.77,0.96,0.61,0.7,0.91,0.09,0.04,0.22,118.18295804550871,129.60791704244912,521,1398
scifact,train,822,0.19,0.85,0.97,0.21,0.85,0.97,0.91,0.58,0.97,160.53420800017193,146.89500001259148,523,1377
scifact,train,825,0.23,0.87,0.97,0.2,0.92,0.97,0.31,0.39,0.48,124.52304200269282,142.18650001566857,523,1377
scifact,train,826,0.3,0.84,0.95,0.27,0.9,0.96,0.16,0.75,0.55,249.05099999159575,165.8217089716345,525,1412
scifact,train,828,0.29,0.84,0.95,0.33,0.88,0.94,0.03,0.65,0.1,198.50645895348862,110.87204102659598,525,1421
scifact,train,835,0.2,0.87,0.96,0.33,0.88,0.91,0.06,0.2,0.09,119.41895895870402,118.38491598609835,526,1348
scifact,train,838,0.35,0.82,0.96,0.38,0.85,0.94,0.13,0.12,0.14,169.00054196594283,255.2909170044586,522,1279
scifact,train,840,0.41,0.83,0.93,0.32,0.92,0.93,0.81,0.04,0.85,141.13670802908018,172.33908304478973,519,1314
scifact,train,841,0.57,0.81,0.94,0.43,0.9,0.93,0.91,0.05,0.91,134.71345795551315,121.8937499797903,518,1357
scifact,train,844,0.38,0.82,0.97,0.22,0.85,0.98,0.08,0.97,0.98,166.3930420181714,138.2894170237705,535,1327
scifact,train,846,0.32,0.87,0.95,0.34,0.87,0.94,0.06,0.83,0.25,168.45141700468957,135.3221249883063,524,1368
scifact,train,848,0.28,0.82,0.92,0.22,0.9,0.92,0.82,0.08,0.82,108.65529195871204,157.08262502448633,528,1301
scifact,train,853,0.15,0.86,0.96,0.21,0.89,0.95,0.13,0.12,0.2,137.21600000280887,126.49195903213695,540,1321
scifact,train,854,0.3,0.82,0.78,0.21,0.89,0.72,0.91,0.04,0.92,145.40895901154727,146.98387501994148,536,1275
scifact,train,855,0.41,0.85,0.96,0.35,0.89,0.95,0.4,0.08,0.53,131.7505000042729,139.99383297050372,528,1332
scifact,train,856,0.4,0.85,0.89,0.4,0.91,0.9,0.04,0.94,0.84,118.28445800347254,162.6973749953322,524,1346
scifact,train,857,0.83,0.78,0.89,0.84,0.78,0.87,0.91,0.31,0.95,110.77170801581815,251.84391700895503,525,1330
scifact,train,858,0.32,0.86,0.96,0.4,0.92,0.96,0.9,0.38,0.94,111.1569160129875,118.60450002131984,523,1325
scifact,train,860,0.24,0.84,0.96,0.21,0.91,0.95,0.67,0.05,0.67,160.80916702048853,113.4603749960661,525,1428
scifact,train,861,0.35,0.84,0.95,0.29,0.89,0.95,0.71,0.07,0.78,118.46679099835455,159.57591601181775,525,1333
scifact,train,863,0.72,0.81,0.94,0.66,0.87,0.92,0.88,0.16,0.92,131.30854105111212,118.37491701589897,521,1215
scifact,train,866,0.29,0.85,0.96,0.24,0.86,0.95,0.79,0.36,0.9,131.43758301157504,115.05283298902214,540,1295
scifact,train,867,0.34,0.82,0.95,0.26,0.86,0.94,0.83,0.05,0.86,144.8507079621777,115.00033299671486,528,1250
scifact,train,871,0.77,0.82,0.33,0.8,0.88,0.38,0.23,0.17,0.28,127.39275000058115,121.82674999348819,516,1273
scifact,train,876,0.45,0.84,0.33,0.42,0.91,0.52,0.19,0.18,0.16,115.48829200910404,164.27554201800376,516,1236
scifact,train,877,0.48,0.83,0.92,0.42,0.86,0.89,0.44,0.06,0.59,164.0202910057269,187.3062920058146,529,1242
scifact,train,881,0.23,0.85,0.95,0.14,0.93,0.97,0.87,0.04,0.92,184.2666250304319,153.84004195220768,533,1355
scifact,train,883,0.2,0.86,0.96,0.12,0.9,0.97,0.98,0.03,0.98,170.81229202449322,118.16820903914049,533,1355
scifact,train,884,0.21,0.87,0.95,0.13,0.9,0.97,0.97,0.03,0.98,170.71904201293364,124.6212080004625,534,1330
scifact,train,885,0.53,0.83,0.84,0.26,0.84,0.86,0.94,0.03,0.94,124.01945801684633,159.89383304258808,520,1314
scifact,train,886,0.56,0.83,0.81,0.29,0.86,0.82,0.93,0.03,0.93,123.65604098886251,109.02525001438335,520,1300
scifact,train,890,0.31,0.89,0.96,0.34,0.9,0.94,0.08,0.18,0.07,120.30991702340543,110.09950004518032,535,1263
scifact,train,891,0.33,0.87,0.96,0.34,0.9,0.94,0.09,0.17,0.08,146.06587501475587,133.27966700308025,535,1263
scifact,train,893,0.25,0.82,0.96,0.16,0.88,0.98,0.97,0.04,0.98,123.99570900015533,129.84458298888057,530,1362
scifact,train,894,0.3,0.78,0.95,0.43,0.76,0.93,0.04,0.94,0.36,131.60875003086403,146.92437497433275,545,1465
scifact,train,895,0.2,0.84,0.97,0.16,0.77,0.94,0.02,0.18,0.03,124.8623330029659,120.33024994889274,549,1419
scifact,train,896,0.19,0.84,0.97,0.23,0.8,0.9,0.02,0.31,0.03,193.29633400775492,131.97529199533165,538,1342
scifact,train,897,0.18,0.84,0.97,0.19,0.8,0.88,0.02,0.27,0.03,159.34208396356553,156.38937504263595,536,1369
scifact,train,898,0.38,0.85,0.96,0.26,0.88,0.96,0.92,0.04,0.95,113.69583301711828,132.59958400158212,519,1292
scifact,train,899,0.3,0.86,0.95,0.25,0.93,0.95,0.51,0.08,0.65,120.32320798607543,125.87920902296901,521,1298
scifact,train,900,0.35,0.77,0.96,0.48,0.82,0.96,0.49,0.5,0.62,148.21733301505446,126.45658402470872,531,1313
scifact,train,901,0.23,0.86,0.97,0.17,0.9,0.97,0.97,0.06,0.98,117.10291699273512,118.0322909494862,521,1385
scifact,train,902,0.19,0.87,0.96,0.2,0.91,0.97,0.89,0.04,0.92,180.27370900381356,157.82787499483675,528,1370
scifact,train,908,0.31,0.83,0.95,0.27,0.93,0.96,0.66,0.09,0.68,163.0912910331972,112.94362496118993,533,1300
scifact,train,909,0.3,0.86,0.95,0.26,0.88,0.93,0.45,0.06,0.54,162.51087497221306,117.13374999817461,534,1338
scifact,train,910,0.35,0.84,0.95,0.27,0.88,0.93,0.63,0.07,0.69,116.39208398992196,187.67695903079584,534,1338
scifact,train,912,0.25,0.79,0.96,0.19,0.86,0.95,0.86,0.06,0.87,115.37845799466595,116.37858301401138,532,1336
scifact,train,916,0.47,0.82,0.94,0.49,0.83,0.94,0.04,0.67,0.15,141.9342920416966,136.1233330098912,532,1279
scifact,train,917,0.29,0.85,0.97,0.18,0.88,0.98,0.97,0.03,0.98,124.34795900480822,151.0911249788478,524,1386
scifact,train,919,0.41,0.85,0.79,0.39,0.88,0.75,0.13,0.41,0.33,126.59166700905189,124.48979198234156,523,1278
scifact,train,923,0.51,0.87,0.87,0.25,0.88,0.86,0.93,0.03,0.94,128.9234579890035,162.63649996835738,522,1241
scifact,train,925,0.41,0.84,0.82,0.24,0.9,0.84,0.93,0.04,0.95,123.57883399818093,141.45016600377858,528,1312
scifact,train,926,0.41,0.87,0.72,0.29,0.89,0.67,0.9,0.1,0.92,127.37050000578165,111.40087503008544,540,1265
scifact,train,927,0.39,0.86,0.73,0.31,0.9,0.68,0.87,0.1,0.86,158.61070796381682,116.65237502893433,540,1265
scifact,train,928,0.24,0.86,0.97,0.2,0.92,0.96,0.77,0.04,0.88,121.6035420075059,133.28204199206084,544,1342
scifact,train,929,0.24,0.86,0.97,0.17,0.88,0.97,0.1,0.96,0.97,179.90462499437854,126.91295798867941,544,1410
scifact,train,930,0.2,0.84,0.95,0.16,0.88,0.95,0.48,0.04,0.62,148.6878750147298,148.50495796417817,524,1360
scifact,train,933,0.21,0.84,0.96,0.13,0.88,0.96,0.76,0.02,0.84,127.15229199966416,117.9238329641521,539,1363
scifact,train,934,0.39,0.83,0.91,0.45,0.87,0.79,0.03,0.77,0.23,171.4505419950001,119.45795803330839,522,1319
scifact,train,935,0.23,0.84,0.97,0.24,0.88,0.93,0.06,0.15,0.07,116.61025002831593,119.93004201212898,523,1263
scifact,train,938,0.5,0.79,0.94,0.42,0.85,0.89,0.16,0.32,0.21,140.32233302714303,120.08174997754395,520,1167
scifact,train,939,0.38,0.83,0.96,0.46,0.86,0.92,0.09,0.45,0.12,106.67374997865409,110.83220801083371,533,1317
scifact,train,940,0.38,0.85,0.81,0.38,0.91,0.81,0.79,0.06,0.86,155.62133298953995,123.03449999308214,523,1234
scifact,train,941,0.44,0.86,0.82,0.49,0.88,0.78,0.85,0.05,0.92,123.82883299142122,136.44637499237433,523,1234
scifact,train,942,0.71,0.8,0.88,0.64,0.82,0.8,0.14,0.24,0.31,392.1992920222692,138.17295903572813,524,1236
scifact,train,944,0.29,0.84,0.92,0.31,0.92,0.85,0.37,0.06,0.52,147.91991701349616,172.03366704052314,524,1250
scifact,train,945,0.25,0.88,0.91,0.24,0.89,0.92,0.86,0.2,0.87,181.78404198260978,122.20687500666827,528,1332
scifact,train,946,0.43,0.82,0.91,0.29,0.85,0.93,0.9,0.12,0.92,131.1719169607386,163.61062502255663,527,1297
scifact,train,949,0.52,0.87,0.91,0.58,0.91,0.91,0.22,0.13,0.29,150.65349999349564,120.13412499800324,521,1322
scifact,train,951,0.31,0.82,0.96,0.44,0.88,0.96,0.08,0.9,0.83,123.29654098721221,122.32249998487532,525,1340
scifact,train,952,0.19,0.85,0.96,0.19,0.9,0.96,0.72,0.1,0.62,141.49054198060185,118.1054160115309,526,1391
scifact,train,953,0.24,0.81,0.96,0.21,0.88,0.95,0.57,0.14,0.6,138.67516699247062,127.52524996176362,526,1327
scifact,train,954,0.24,0.82,0.96,0.21,0.87,0.95,0.62,0.14,0.56,115.43608299689367,122.70483403699473,526,1367
scifact,train,955,0.51,0.79,0.96,0.52,0.82,0.93,0.25,0.22,0.27,205.1866669789888,120.3172910027206,524,1310
scifact,train,959,0.41,0.82,0.91,0.24,0.91,0.93,0.64,0.09,0.6,148.37879204424098,118.485959013924,517,1164
scifact,train,962,0.36,0.81,0.96,0.32,0.8,0.95,0.91,0.6,0.96,140.19979198928922,117.51866602571681,526,1349
scifact,train,963,0.34,0.86,0.95,0.34,0.9,0.93,0.08,0.16,0.08,110.22658296860754,138.77283403417096,534,1281
scifact,train,964,0.38,0.85,0.95,0.34,0.89,0.94,0.1,0.16,0.1,179.66087494278327,161.88179200980812,534,1281
scifact,train,965,0.81,0.84,0.5,0.87,0.89,0.22,0.85,0.58,0.93,131.1539169983007,158.04808301618323,519,1305
scifact,train,969,0.2,0.86,0.95,0.21,0.91,0.96,0.07,0.45,0.12,120.03441696288064,119.35866600833833,527,1317
scifact,train,970,0.25,0.87,0.96,0.27,0.88,0.97,0.14,0.66,0.4,127.996583993081,134.46058297995478,526,1316
scifact,train,972,0.19,0.85,0.96,0.22,0.91,0.94,0.38,0.79,0.82,112.07695899065584,153.85604201583192,540,1302
scifact,train,973,0.21,0.87,0.96,0.23,0.89,0.95,0.67,0.65,0.92,171.89575004158542,173.74858300900087,539,1301
scifact,train,976,0.54,0.82,0.9,0.59,0.88,0.86,0.1,0.44,0.13,149.8473749961704,167.96862496994436,525,1305
scifact,train,977,0.62,0.84,0.94,0.59,0.87,0.91,0.38,0.29,0.69,124.46995900245383,136.30933297099546,521,1247
scifact,train,978,0.51,0.83,0.94,0.6,0.9,0.88,0.23,0.4,0.32,116.2664580042474,128.98537499131635,522,1271
scifact,train,979,0.38,0.82,0.95,0.41,0.87,0.95,0.89,0.13,0.94,159.31666700635105,114.28562499349937,519,1296
scifact,train,980,0.44,0.8,0.96,0.4,0.81,0.94,0.06,0.93,0.84,124.36333298683167,123.16737498622388,541,1226
scifact,train,984,0.28,0.81,0.97,0.2,0.85,0.97,0.97,0.03,0.98,149.7832080349326,141.16483298130333,527,1389
scifact,train,988,0.48,0.86,0.94,0.34,0.87,0.93,0.11,0.07,0.15,110.50766601692885,120.60374999418855,532,1300
scifact,train,989,0.33,0.87,0.93,0.36,0.91,0.92,0.63,0.35,0.69,120.205957966391,122.96524998964742,541,1385
scifact,train,990,0.15,0.87,0.97,0.11,0.93,0.97,0.8,0.04,0.88,119.66866703005508,187.72175000049174,528,1433
scifact,train,992,0.37,0.82,0.96,0.21,0.82,0.97,0.97,0.02,0.98,136.04008400579914,121.18216702947393,520,1402
scifact,train,994,0.33,0.85,0.95,0.21,0.93,0.96,0.87,0.06,0.88,151.3464170275256,225.00466700876132,527,1425
scifact,train,996,0.44,0.86,0.96,0.22,0.87,0.97,0.97,0.03,0.98,171.06295900885016,117.490541015286,517,1365
scifact,train,997,0.29,0.86,0.96,0.23,0.89,0.97,0.97,0.04,0.97,118.78033401444554,132.49754201387987,520,1347
scifact,train,998,0.34,0.87,0.95,0.19,0.93,0.97,0.51,0.06,0.66,144.50920798117295,121.1560420342721,520,1371
scifact,train,999,0.27,0.86,0.96,0.17,0.89,0.97,0.98,0.04,0.98,153.51962501881644,120.59349997434765,527,1425
scifact,train,1000,0.25,0.84,0.97,0.25,0.85,0.97,0.89,0.1,0.93,154.73300003213808,122.8537080460228,529,1386
scifact,train,1001,0.18,0.85,0.96,0.16,0.9,0.97,0.93,0.04,0.94,119.14845899445936,165.31404200941324,532,1423
scifact,train,1002,0.32,0.83,0.96,0.41,0.83,0.95,0.04,0.86,0.35,172.39712498849258,118.89237497234717,529,1356
scifact,train,1003,0.24,0.84,0.97,0.23,0.87,0.98,0.2,0.87,0.95,138.74258298892528,209.81104200473055,523,1274
scifact,train,1004,0.15,0.85,0.96,0.14,0.93,0.97,0.93,0.27,0.95,115.72058399906382,141.68133301427588,538,1375
scifact,train,1005,0.22,0.81,0.97,0.25,0.75,0.98,0.94,0.34,0.96,127.44025001302361,123.50320798577741,536,1373
scifact,train,1006,0.15,0.85,0.96,0.1,0.86,0.98,0.97,0.02,0.98,123.36791696725413,160.47058399999514,524,1399
scifact,train,1008,0.29,0.87,0.92,0.38,0.9,0.91,0.06,0.43,0.11,128.2334589632228,214.9007500265725,518,1355
scifact,train,1009,0.25,0.88,0.97,0.14,0.9,0.97,0.87,0.03,0.93,113.75150003004819,127.49845895450562,527,1335
scifact,train,1011,0.17,0.84,0.95,0.18,0.89,0.95,0.91,0.06,0.91,143.72416702099144,127.21808301284909,527,1409
scifact,train,1015,0.35,0.8,0.94,0.26,0.86,0.96,0.97,0.03,0.98,174.83966698637232,108.74733299715444,518,1264
scifact,train,1016,0.21,0.87,0.95,0.22,0.91,0.96,0.13,0.08,0.21,203.38741701561958,138.0956660141237,526,1307
scifact,train,1018,0.48,0.81,0.95,0.32,0.8,0.94,0.28,0.29,0.49,256.96133298333734,162.9029160249047,525,1395
scifact,train,1023,0.26,0.84,0.96,0.28,0.88,0.96,0.82,0.04,0.86,129.31066699093208,121.76358298165724,523,1342
scifact,train,1025,0.27,0.88,0.95,0.37,0.9,0.93,0.19,0.13,0.27,273.4284580219537,119.81808301061392,531,1328
scifact,train,1026,0.17,0.88,0.97,0.23,0.89,0.96,0.06,0.6,0.11,130.27595804305747,166.26650001853704,539,1409
scifact,train,1027,0.23,0.87,0.97,0.28,0.9,0.95,0.07,0.49,0.1,142.26554200286046,125.5684579955414,531,1401
scifact,train,1028,0.31,0.83,0.96,0.24,0.88,0.97,0.64,0.71,0.95,128.4347089822404,114.14745805086568,533,1347
scifact,train,1030,0.19,0.84,0.97,0.16,0.89,0.97,0.95,0.03,0.96,124.23325004056096,152.63179200701416,535,1407
scifact,train,1031,0.19,0.84,0.96,0.12,0.73,0.98,0.97,0.03,0.98,113.37087501306087,219.7462500189431,534,1351
scifact,train,1032,0.22,0.85,0.96,0.27,0.81,0.92,0.02,0.3,0.04,118.05854202248156,118.68316598702222,542,1358
scifact,train,1033,0.23,0.84,0.96,0.27,0.78,0.92,0.02,0.26,0.03,130.21604099776596,141.92224998259917,542,1339
scifact,train,1034,0.2,0.86,0.96,0.21,0.93,0.96,0.64,0.12,0.7,141.6085830423981,128.97770898416638,542,1470
scifact,train,1035,0.28,0.85,0.96,0.24,0.9,0.97,0.95,0.16,0.97,128.1167910201475,125.2162919845432,542,1470
scifact,train,1036,0.2,0.83,0.96,0.21,0.9,0.97,0.96,0.07,0.97,129.85808303346857,114.20212499797344,532,1360
scifact,train,1037,0.3,0.82,0.97,0.23,0.89,0.97,0.76,0.04,0.81,113.94033400574699,138.80941702518612,532,1318
scifact,train,1038,0.21,0.84,0.97,0.21,0.9,0.96,0.73,0.06,0.77,110.96187500515953,118.84391598869115,533,1433
scifact,train,1040,0.16,0.85,0.97,0.21,0.89,0.96,0.16,0.56,0.28,259.5914999837987,122.11233301786706,540,1440
scifact,train,1042,0.41,0.85,0.95,0.38,0.91,0.95,0.22,0.55,0.67,135.69470797665417,125.73608302045614,530,1443
scifact,train,1043,0.36,0.8,0.97,0.21,0.83,0.98,0.97,0.03,0.98,153.81095797056332,127.17070803046227,537,1377
scifact,train,1044,0.22,0.82,0.96,0.17,0.88,0.96,0.92,0.05,0.94,137.6145000103861,130.13191695790738,533,1339
scifact,train,1045,0.21,0.82,0.95,0.17,0.88,0.97,0.92,0.05,0.94,121.79162504617125,130.08183403871953,533,1339
scifact,train,1046,0.72,0.83,0.92,0.67,0.85,0.88,0.08,0.73,0.36,160.0460410118103,120.39275001734495,529,1382
scifact,train,1047,0.17,0.85,0.97,0.21,0.85,0.95,0.06,0.23,0.11,134.16083302581683,129.49295801809058,536,1481
scifact,train,1048,0.59,0.83,0.95,0.51,0.86,0.94,0.2,0.83,0.8,192.85441696411,137.8617089940235,526,1343
scifact,train,1050,0.19,0.83,0.95,0.24,0.92,0.96,0.81,0.12,0.83,108.40795800322667,135.15787495998666,525,1332
scifact,train,1052,0.45,0.81,0.9,0.63,0.88,0.77,0.06,0.42,0.11,168.2791250059381,118.21233300724998,523,1263
scifact,train,1053,0.19,0.87,0.91,0.3,0.89,0.81,0.04,0.43,0.07,157.30495797470212,117.90458299219608,524,1264
scifact,train,1054,0.32,0.87,0.92,0.23,0.91,0.89,0.94,0.17,0.95,156.57683298923075,111.7987500037998,536,1304
scifact,train,1055,0.57,0.84,0.87,0.33,0.88,0.88,0.88,0.04,0.9,164.01062498334795,125.24283403763548,526,1288
scifact,train,1056,0.37,0.87,0.91,0.36,0.92,0.91,0.94,0.04,0.95,171.34812497533858,142.33120897551998,530,1279
scifact,train,1058,0.4,0.83,0.87,0.37,0.85,0.8,0.21,0.06,0.25,278.4564589965157,122.43229104205966,527,1298
scifact,train,1065,0.45,0.78,0.95,0.39,0.88,0.94,0.82,0.05,0.87,196.48308301111683,127.57675000466406,523,1295
scifact,train,1067,0.2,0.87,0.97,0.15,0.88,0.95,0.09,0.05,0.11,139.6316250320524,134.47170797735453,531,1419
scifact,train,1068,0.21,0.87,0.96,0.19,0.88,0.95,0.07,0.06,0.1,109.93674997007474,123.39258298743516,531,1406
scifact,train,1069,0.43,0.87,0.92,0.29,0.89,0.92,0.93,0.03,0.95,122.14258301537484,122.0063750515692,533,1292
scifact,train,1070,0.5,0.83,0.73,0.44,0.88,0.72,0.02,0.78,0.08,122.62700003338978,138.19037500070408,521,1163
scifact,train,1072,0.53,0.85,0.9,0.5,0.93,0.88,0.8,0.14,0.84,116.27595801837742,114.7216249955818,528,1321
scifact,train,1073,0.64,0.86,0.9,0.46,0.93,0.85,0.85,0.15,0.87,144.61129199480638,116.19995901128277,528,1329
scifact,train,1074,0.54,0.81,0.88,0.56,0.84,0.7,0.11,0.59,0.34,200.14245802303776,126.71387498266995,530,1262
scifact,train,1075,0.59,0.85,0.88,0.53,0.83,0.69,0.15,0.26,0.19,126.6887920210138,117.94983403524384,527,1163
scifact,train,1081,0.48,0.87,0.81,0.48,0.89,0.77,0.4,0.13,0.52,107.79479198390618,157.05004200572148,531,1309
scifact,train,1084,0.74,0.82,0.68,0.58,0.86,0.71,0.62,0.07,0.77,155.00675002112985,123.36633302038535,522,1236
scifact,train,1085,0.75,0.83,0.88,0.63,0.89,0.86,0.04,0.86,0.41,107.24400001345202,123.74537496361881,528,1317
scifact,train,1087,0.16,0.86,0.96,0.14,0.92,0.96,0.89,0.03,0.9,118.14554204465821,132.755333033856,537,1381
scifact,train,1090,0.21,0.83,0.97,0.18,0.87,0.97,0.62,0.07,0.56,110.31204101163894,119.92916703457013,538,1425
scifact,train,1091,0.44,0.87,0.94,0.55,0.86,0.89,0.08,0.16,0.12,130.94837497919798,145.3212079941295,521,1307
scifact,train,1096,0.82,0.8,0.91,0.79,0.83,0.88,0.18,0.46,0.45,123.44695895444602,121.05987500399351,527,1258
scifact,train,1097,0.34,0.83,0.96,0.31,0.85,0.95,0.92,0.05,0.92,153.88720796909183,118.00016596680507,531,1433
scifact,train,1098,0.28,0.86,0.94,0.34,0.78,0.84,0.02,0.28,0.04,135.23774995701388,116.83166696457192,533,1286
scifact,train,1101,0.17,0.86,0.95,0.2,0.92,0.94,0.69,0.08,0.7,166.29299998749048,129.15287498617545,535,1376
scifact,train,1102,0.17,0.84,0.95,0.17,0.91,0.94,0.73,0.07,0.76,131.85458298539743,118.4467080165632,535,1437
scifact,train,1103,0.24,0.86,0.94,0.24,0.91,0.93,0.66,0.03,0.79,142.8687499719672,125.90612500207499,542,1331
scifact,train,1105,0.5,0.81,0.51,0.26,0.87,0.68,0.87,0.04,0.91,172.75145900202915,119.05554099939764,532,1352
scifact,train,1106,0.43,0.83,0.41,0.27,0.9,0.52,0.85,0.05,0.87,156.90245799487457,117.96670797048137,532,1358
scifact,train,1109,0.73,0.82,0.53,0.81,0.83,0.4,0.11,0.31,0.18,186.9347909814678,175.83354201633483,520,1120
scifact,train,1111,0.67,0.82,0.92,0.73,0.82,0.76,0.08,0.39,0.1,111.76708398852497,116.53662502067164,526,1334
scifact,train,1112,0.47,0.86,0.91,0.56,0.85,0.86,0.08,0.4,0.09,120.20737497368827,122.29320895858109,528,1271
scifact,train,1114,0.23,0.82,0.96,0.1,0.8,0.97,0.89,0.02,0.93,132.86491599865258,129.70375001896173,537,1296
scifact,train,1115,0.31,0.89,0.93,0.15,0.9,0.93,0.95,0.17,0.96,142.7412920165807,125.75420894427225,532,1333
scifact,train,1118,0.24,0.85,0.9,0.37,0.88,0.76,0.07,0.22,0.08,136.48445799481124,138.60033301170915,532,1328
scifact,train,1119,0.32,0.84,0.93,0.35,0.89,0.93,0.66,0.56,0.84,117.08075000206009,154.7012499650009,520,1339
scifact,train,1120,0.28,0.84,0.92,0.29,0.91,0.92,0.65,0.65,0.86,123.18904104176909,121.61650002235547,520,1331
scifact,train,1125,0.37,0.87,0.93,0.22,0.91,0.93,0.95,0.06,0.95,115.86700001498684,131.4572500414215,539,1282
scifact,train,1126,0.42,0.85,0.94,0.22,0.86,0.93,0.95,0.07,0.96,114.00208302075043,123.44825000036508,537,1257
scifact,train,1127,0.3,0.85,0.97,0.41,0.88,0.93,0.04,0.19,0.05,115.05791696254164,139.2673339578323,527,1413
scifact,train,1128,0.27,0.84,0.96,0.34,0.86,0.97,0.41,0.32,0.46,131.23175001237541,128.94566700560972,531,1320
scifact,train,1133,0.3,0.84,0.97,0.14,0.82,0.97,0.93,0.02,0.96,115.78958301106468,153.55675003957003,520,1360
scifact,train,1134,0.21,0.83,0.97,0.19,0.9,0.97,0.9,0.04,0.93,286.40529204858467,129.54216700745746,523,1365
scifact,train,1135,0.21,0.83,0.97,0.2,0.92,0.97,0.72,0.04,0.81,123.50766698364168,120.84429198876023,524,1366
scifact,train,1136,0.2,0.85,0.97,0.23,0.89,0.97,0.85,0.04,0.89,113.11212502187118,124.8886669636704,524,1366
scifact,train,1138,0.4,0.82,0.96,0.36,0.86,0.93,0.11,0.18,0.11,108.27320901444182,145.75083297677338,523,1291
scifact,train,1139,0.26,0.86,0.94,0.18,0.89,0.93,0.86,0.04,0.89,136.74149999860674,127.46341701131314,529,1267
scifact,train,1141,0.23,0.84,0.95,0.2,0.89,0.95,0.86,0.05,0.91,125.00224995892495,159.65341700939462,535,1306
scifact,train,1142,0.45,0.85,0.93,0.31,0.91,0.9,0.97,0.03,0.98,134.44087497191504,130.8918329887092,531,1375
scifact,train,1145,0.42,0.86,0.92,0.32,0.9,0.93,0.85,0.06,0.89,116.2231249618344,148.45104102278128,529,1326
scifact,train,1148,0.22,0.82,0.87,0.2,0.88,0.84,0.51,0.07,0.46,163.29820797545835,116.56445800326765,527,1258
scifact,train,1153,0.15,0.84,0.97,0.15,0.86,0.98,0.83,0.05,0.9,111.208375019487,153.01758400164545,545,1322
scifact,train,1156,0.48,0.86,0.94,0.25,0.9,0.96,0.68,0.16,0.73,153.98924995679408,192.20033299643546,522,1275
scifact,train,1157,0.5,0.88,0.95,0.25,0.89,0.96,0.89,0.06,0.86,166.42066702479497,137.2351250029169,522,1345
scifact,train,1158,0.42,0.86,0.94,0.21,0.89,0.96,0.86,0.05,0.87,127.39008298376575,130.2614170126617,522,1275
scifact,train,1159,0.37,0.87,0.94,0.28,0.89,0.96,0.51,0.1,0.62,133.15783301368356,121.11270899185911,522,1297
scifact,train,1161,0.34,0.86,0.95,0.32,0.84,0.91,0.03,0.54,0.07,130.85608300752938,121.98333302512765,536,1214
scifact,train,1162,0.15,0.84,0.96,0.09,0.86,0.98,0.98,0.02,0.98,114.94404094992206,156.20162500999868,530,1376
scifact,train,1164,0.21,0.86,0.97,0.22,0.88,0.97,0.11,0.78,0.46,125.46604196541011,163.28545799478889,534,1430
scifact,train,1165,0.19,0.87,0.97,0.21,0.9,0.97,0.15,0.41,0.34,118.95508400630206,145.28408297337592,536,1432
scifact,train,1166,0.57,0.86,0.95,0.56,0.89,0.95,0.27,0.17,0.28,177.17316700145602,124.74829202983528,530,1335
scifact,train,1168,0.36,0.81,0.95,0.51,0.86,0.93,0.06,0.25,0.1,118.73874999582767,163.67554099997506,521,1344
scifact,train,1169,0.2,0.85,0.96,0.21,0.89,0.96,0.07,0.89,0.66,112.38583398517221,131.73570798244327,533,1302
scifact,train,1170,0.15,0.84,0.97,0.15,0.88,0.97,0.9,0.03,0.91,142.9561250261031,114.25558303017169,547,1364
scifact,train,1171,0.15,0.84,0.97,0.15,0.89,0.98,0.96,0.03,0.97,105.72795796906576,142.16574997408316,549,1366
scifact,train,1173,0.18,0.85,0.97,0.15,0.92,0.97,0.74,0.04,0.74,171.5480829589069,122.70633404841647,529,1406
scifact,train,1174,0.19,0.84,0.96,0.22,0.83,0.85,0.02,0.19,0.02,123.30545799341053,118.93770901951939,522,1361
scifact,train,1176,0.31,0.8,0.96,0.25,0.76,0.97,0.95,0.03,0.97,125.68679195828736,111.03520798496902,523,1399
scifact,train,1177,0.25,0.84,0.97,0.19,0.85,0.97,0.96,0.03,0.97,175.3593750181608,129.41937503637746,535,1411
scifact,train,1178,0.6,0.84,0.96,0.47,0.77,0.93,0.02,0.55,0.06,159.0517500299029,119.56679198192433,521,1374
scifact,train,1181,0.17,0.86,0.97,0.18,0.81,0.98,0.95,0.43,0.97,127.85083299968392,116.50179099524394,548,1385
scifact,train,1182,0.44,0.79,0.97,0.55,0.65,0.98,0.8,0.52,0.93,173.5030830022879,168.3816250297241,532,1300
scifact,train,1183,0.21,0.84,0.97,0.2,0.85,0.96,0.21,0.08,0.43,170.5756249721162,124.36929199611768,536,1382
scifact,train,1184,0.26,0.84,0.92,0.28,0.87,0.89,0.23,0.3,0.26,191.14041700959206,118.17966698436067,542,1253
scifact,train,1186,0.55,0.84,0.93,0.58,0.86,0.88,0.03,0.36,0.06,140.85904200328514,140.52958303363994,530,1224
scifact,train,1188,0.28,0.84,0.95,0.37,0.91,0.93,0.31,0.19,0.31,137.73175003007054,123.70662501780316,531,1361
scifact,train,1190,0.56,0.82,0.57,0.45,0.82,0.45,0.02,0.25,0.05,168.09766698861495,129.90829104091972,523,1260
scifact,train,1193,0.36,0.87,0.9,0.33,0.9,0.9,0.13,0.66,0.31,116.55587499262765,161.8792919907719,530,1266
scifact,train,1195,0.14,0.85,0.96,0.14,0.85,0.97,0.48,0.09,0.68,140.05737501429394,125.5660830065608,547,1313
scifact,train,1205,0.28,0.88,0.94,0.23,0.91,0.91,0.93,0.03,0.93,113.93154197139665,121.6171249980107,535,1316
scifact,train,1206,0.24,0.85,0.95,0.19,0.91,0.95,0.71,0.04,0.78,155.46754200477153,125.01000001793727,536,1370
scifact,train,1208,0.45,0.82,0.9,0.52,0.86,0.79,0.13,0.15,0.18,128.31762502901256,120.62999996123835,542,1280
scifact,train,1209,0.22,0.84,0.95,0.21,0.86,0.94,0.63,0.8,0.93,169.25112501485273,123.27541701961309,540,1378
scifact,train,1210,0.54,0.79,0.93,0.27,0.87,0.91,0.94,0.03,0.95,124.53525001183152,114.73783303517848,528,1266
scifact,train,1211,0.27,0.82,0.93,0.23,0.92,0.9,0.9,0.03,0.92,133.18375003291294,150.32470802543685,531,1269
scifact,train,1212,0.67,0.79,0.91,0.74,0.83,0.87,0.3,0.21,0.48,216.18037502048537,174.44608401274309,529,1300
scifact,train,1214,0.41,0.85,0.91,0.59,0.9,0.8,0.07,0.45,0.11,172.3392500425689,140.71141701424494,524,1310
scifact,train,1215,0.58,0.83,0.95,0.58,0.84,0.95,0.16,0.65,0.45,156.74349997425452,219.11691699642688,528,1338
scifact,train,1218,0.12,0.87,0.97,0.12,0.84,0.96,0.18,0.04,0.25,137.77745800325647,153.98458298295736,578,1372
scifact,train,1219,0.25,0.86,0.97,0.3,0.88,0.96,0.15,0.47,0.32,145.45037498464808,201.1965419515036,549,1396
scifact,train,1220,0.38,0.81,0.95,0.43,0.86,0.92,0.93,0.17,0.95,127.11991701507941,136.48250000551343,532,1349
scifact,train,1223,0.7,0.81,0.72,0.68,0.85,0.6,0.09,0.54,0.18,144.45879199774936,128.22095799492672,521,1152
scifact,train,1224,0.76,0.64,0.96,0.83,0.66,0.96,0.69,0.3,0.81,159.67141598230228,139.4227920100093,533,1330
scifact,train,1227,0.34,0.85,0.84,0.23,0.91,0.78,0.91,0.04,0.94,187.88504204712808,153.5490420064889,526,1263
scifact,train,1228,0.32,0.85,0.83,0.2,0.9,0.8,0.84,0.05,0.89,146.4004159788601,163.8942089630291,526,1293
scifact,train,1229,0.31,0.86,0.97,0.32,0.87,0.95,0.9,0.09,0.9,109.21754199080169,118.14562499057502,544,1380
scifact,train,1230,0.28,0.86,0.95,0.23,0.91,0.96,0.84,0.04,0.86,132.0723329554312,161.05116700055078,527,1328
scifact,train,1231,0.19,0.88,0.96,0.11,0.91,0.97,0.98,0.02,0.98,113.05970803368837,128.31100000767037,529,1297
scifact,train,1234,0.22,0.87,0.96,0.22,0.91,0.97,0.41,0.07,0.51,190.95654203556478,161.31191601743922,525,1332
scifact,train,1235,0.19,0.85,0.94,0.2,0.91,0.91,0.37,0.59,0.61,162.22133400151506,160.4146669851616,538,1246
scifact,train,1236,0.25,0.85,0.95,0.25,0.87,0.92,0.5,0.43,0.67,115.5361250275746,146.36141702067107,538,1246
scifact,train,1237,0.31,0.81,0.95,0.32,0.88,0.95,0.07,0.39,0.11,221.94095799932256,120.19749998580664,522,1364
scifact,train,1238,0.3,0.84,0.96,0.29,0.87,0.95,0.14,0.1,0.25,150.51745797973126,154.65462498832494,522,1335
scifact,train,1239,0.16,0.86,0.92,0.17,0.92,0.88,0.72,0.04,0.81,133.38508299784735,142.7470839698799,530,1367
scifact,train,1244,0.48,0.84,0.89,0.38,0.87,0.86,0.21,0.18,0.24,250.136292015668,219.31858302559704,531,1299
scifact,train,1246,0.54,0.84,0.92,0.52,0.85,0.83,0.02,0.3,0.03,110.11258402140811,152.46141701936722,524,1267
scifact,train,1247,0.29,0.86,0.94,0.45,0.82,0.86,0.03,0.33,0.05,123.76358301844448,125.10304199531674,537,1248
scifact,train,1248,0.48,0.82,0.85,0.36,0.9,0.86,0.91,0.04,0.95,112.47904202900827,120.97808299586177,526,1266
scifact,train,1249,0.6,0.82,0.65,0.52,0.9,0.51,0.39,0.05,0.55,144.20320797944441,117.05304199131206,518,1283
scifact,train,1253,0.19,0.85,0.96,0.23,0.88,0.92,0.04,0.24,0.06,172.57745802635327,125.24004199076444,531,1362
scifact,train,1254,0.8,0.75,0.85,0.77,0.81,0.83,0.94,0.05,0.96,114.5457910024561,115.69712503114715,523,1288
scifact,train,1255,0.73,0.85,0.87,0.68,0.87,0.82,0.17,0.48,0.25,159.28187494864687,118.36929101264104,526,1242
scifact,train,1257,0.46,0.87,0.37,0.47,0.86,0.39,0.25,0.11,0.37,136.6908749914728,136.44333300180733,530,1300
scifact,train,1258,0.22,0.87,0.96,0.19,0.89,0.96,0.12,0.06,0.14,109.11262495210394,120.17583299893886,524,1418
scifact,train,1260,0.21,0.87,0.94,0.2,0.92,0.91,0.81,0.29,0.85,135.47191704856232,113.87941596331075,538,1379
scifact,train,1261,0.34,0.83,0.95,0.4,0.88,0.92,0.59,0.15,0.69,215.76629200717434,120.05316704744473,532,1349
scifact,train,1263,0.21,0.81,0.97,0.19,0.82,0.98,0.93,0.25,0.96,104.20645796693861,115.0745420018211,554,1343
scifact,train,1265,0.31,0.85,0.91,0.19,0.89,0.92,0.92,0.03,0.92,146.61454199813306,165.92966602183878,527,1244
scifact,train,1268,0.61,0.86,0.34,0.52,0.89,0.39,0.34,0.24,0.57,156.6353749949485,139.6811250015162,520,1285
scifact,train,1269,0.43,0.82,0.43,0.33,0.88,0.58,0.42,0.1,0.39,133.92712501809,120.08654198143631,524,1236
scifact,train,1275,0.19,0.85,0.97,0.2,0.87,0.97,0.74,0.08,0.74,133.73558298917487,163.146750011947,555,1356
scifact,train,1276,0.6,0.83,0.92,0.28,0.92,0.9,0.09,0.96,0.96,177.90262500056997,122.07799998577684,527,1258
scifact,train,1284,0.47,0.82,0.89,0.3,0.88,0.87,0.68,0.05,0.71,116.48575001163408,181.65495799621567,527,1258
scifact,train,1288,0.49,0.85,0.93,0.24,0.91,0.92,0.85,0.04,0.9,116.28575000213459,147.13787497021258,522,1288
scifact,train,1289,0.55,0.77,0.97,0.21,0.67,0.97,0.95,0.02,0.97,123.1033339863643,112.03479202231392,530,1383
scifact,train,1291,0.2,0.87,0.95,0.24,0.91,0.95,0.38,0.06,0.5,147.91083399904892,137.23345805192366,523,1336
scifact,train,1293,0.23,0.85,0.95,0.12,0.9,0.96,0.85,0.02,0.94,133.2711250288412,123.56679100776091,525,1370
scifact,train,1294,0.2,0.85,0.95,0.28,0.89,0.93,0.08,0.21,0.08,142.80037500429899,128.66200000280514,529,1336
scifact,train,1295,0.2,0.84,0.95,0.12,0.88,0.95,0.95,0.02,0.96,117.51304101198912,144.2575830151327,530,1383
scifact,train,1297,0.29,0.81,0.87,0.3,0.85,0.82,0.25,0.07,0.35,114.269542042166,218.71920803096145,531,1312
scifact,train,1300,0.27,0.85,0.96,0.2,0.8,0.88,0.02,0.19,0.03,129.74050000775605,122.89299996336922,539,1335
scifact,train,1302,0.26,0.83,0.94,0.3,0.87,0.85,0.04,0.43,0.06,122.1957920351997,119.1620830213651,520,1330
scifact,train,1304,0.36,0.81,0.93,0.23,0.83,0.84,0.03,0.52,0.1,143.03383301012218,118.56775003252551,517,1358
scifact,train,1305,0.35,0.81,0.93,0.24,0.85,0.86,0.7,0.03,0.74,132.75987497763708,133.90654197428375,520,1352
scifact,train,1306,0.44,0.81,0.97,0.47,0.84,0.95,0.04,0.25,0.06,151.793125027325,146.90045797033235,529,1384
scifact,train,1307,0.56,0.82,0.94,0.3,0.8,0.95,0.94,0.03,0.95,116.3753749569878,121.4062090148218,523,1326
scifact,train,1308,0.3,0.84,0.96,0.37,0.84,0.95,0.05,0.77,0.19,103.76883298158646,114.09683397505432,528,1397
scifact,train,1309,0.53,0.84,0.94,0.34,0.89,0.94,0.54,0.04,0.6,119.04116696678102,116.99258297448978,523,1350
scifact,train,1310,0.91,0.82,0.1,0.88,0.84,0.14,0.13,0.53,0.25,131.0359169729054,121.72412499785423,517,1243
scifact,train,1311,0.73,0.81,0.94,0.64,0.86,0.93,0.16,0.91,0.97,113.09870798140764,195.1499170390889,525,1358
scifact,train,1312,0.22,0.83,0.97,0.24,0.89,0.96,0.27,0.08,0.33,113.19983296561986,118.47087502246723,538,1325
scifact,train,1314,0.3,0.82,0.95,0.34,0.84,0.93,0.23,0.09,0.23,131.27741595963016,118.53433301439509,532,1270
scifact,train,1315,0.29,0.81,0.96,0.32,0.85,0.93,0.2,0.09,0.23,103.88016601791605,163.21312502259389,531,1269
scifact,train,1322,0.5,0.83,0.93,0.34,0.86,0.95,0.95,0.04,0.96,121.85375002445653,159.8732080310583,527,1321
scifact,train,1323,0.58,0.85,0.88,0.4,0.91,0.91,0.43,0.09,0.64,102.50624996842816,119.16833301074803,525,1275
scifact,train,1324,0.5,0.82,0.9,0.2,0.88,0.93,0.86,0.03,0.86,114.81595801888034,120.76479097595438,524,1247
scifact,train,1325,0.3,0.8,0.96,0.38,0.8,0.83,0.02,0.23,0.04,171.09529196750373,156.96875000139698,533,1381
scifact,train,1327,0.35,0.83,0.87,0.41,0.91,0.78,0.23,0.16,0.27,131.3313749851659,134.56124998629093,528,1268
scifact,train,1328,0.6,0.79,0.91,0.41,0.88,0.92,0.93,0.07,0.93,197.40479096071795,119.55245799617842,528,1291
scifact,train,1330,0.61,0.84,0.88,0.54,0.91,0.84,0.15,0.5,0.26,114.58708299323916,140.49779198830947,524,1259
scifact,train,1331,0.76,0.83,0.89,0.56,0.87,0.86,0.38,0.63,0.79,149.0540829836391,171.0766670294106,527,1168
scifact,train,1333,0.23,0.81,0.96,0.12,0.78,0.97,0.97,0.02,0.98,164.1935829538852,115.25737500051036,539,1299
scifact,train,1334,0.53,0.79,0.96,0.46,0.84,0.95,0.85,0.09,0.9,130.25749998632818,120.65850000362843,525,1278
scifact,train,1340,0.77,0.86,0.85,0.64,0.88,0.85,0.94,0.02,0.96,127.45891697704792,127.44299997575581,527,1385
scifact,train,1341,0.58,0.85,0.85,0.41,0.87,0.89,0.95,0.05,0.96,206.9804160273634,120.62191602308303,525,1375
scifact,train,1342,0.61,0.51,0.93,0.43,0.74,0.87,0.08,0.3,0.09,120.35166600253433,150.5630420288071,534,1198
scifact,train,1345,0.4,0.85,0.94,0.43,0.92,0.93,0.16,0.68,0.53,132.52291700337082,123.4087499906309,527,1311
scifact,train,1346,0.47,0.79,0.96,0.55,0.8,0.95,0.19,0.28,0.36,124.69962501199916,129.41412499640137,536,1334
scifact,train,1347,0.27,0.87,0.95,0.24,0.92,0.94,0.5,0.07,0.59,121.14666699199006,117.66799999168143,535,1368
scifact,train,1348,0.27,0.83,0.95,0.19,0.91,0.96,0.96,0.04,0.97,117.74087499361485,198.77591595286503,535,1334
scifact,train,1349,0.24,0.87,0.96,0.18,0.91,0.97,0.32,0.05,0.47,119.9907090049237,116.44770798739046,528,1397
scifact,train,1350,0.26,0.87,0.96,0.17,0.92,0.96,0.36,0.05,0.49,113.46929200226441,126.40816700877622,527,1396
scifact,train,1351,0.21,0.84,0.96,0.31,0.91,0.94,0.19,0.2,0.22,153.41399994213134,127.90587497875094,543,1365
scifact,train,1353,0.5,0.82,0.91,0.7,0.85,0.77,0.77,0.09,0.82,142.17074995394796,169.5888329995796,527,1255
scifact,train,1355,0.31,0.87,0.93,0.19,0.93,0.95,0.45,0.05,0.54,119.02391701005399,134.58804198307917,530,1270
scifact,train,1356,0.48,0.82,0.87,0.26,0.88,0.86,0.95,0.03,0.97,116.0512090427801,174.30795804830268,525,1283
scifact,train,1360,0.23,0.87,0.96,0.25,0.91,0.96,0.37,0.32,0.56,186.5017079981044,158.62416697200388,542,1355
scifact,train,1361,0.39,0.78,0.96,0.29,0.82,0.97,0.96,0.06,0.97,124.78995800483972,119.67124999500811,527,1289
scifact,train,1364,0.21,0.85,0.96,0.29,0.82,0.78,0.03,0.18,0.04,165.2816249988973,141.19783299975097,524,1435
scifact,train,1366,0.19,0.84,0.96,0.19,0.87,0.97,0.87,0.11,0.91,119.54612500267103,124.67208300950006,533,1334
scifact,train,1367,0.76,0.69,0.85,0.55,0.8,0.82,0.04,0.97,0.96,124.43295895354822,137.68770801834762,516,1344
scifact,train,1371,0.64,0.77,0.96,0.67,0.72,0.93,0.88,0.18,0.91,119.58066700026393,138.05291696917266,526,1371
scifact,train,1372,0.39,0.85,0.83,0.22,0.89,0.81,0.86,0.03,0.87,183.4044170100242,138.00600002286956,524,1288
scifact,train,1373,0.45,0.84,0.83,0.25,0.91,0.8,0.82,0.05,0.82,136.07375003630295,147.95679098460823,522,1226
scifact,train,1374,0.35,0.85,0.91,0.51,0.88,0.88,0.12,0.48,0.23,132.6020830310881,118.5184579808265,534,1232
scifact,train,1375,0.5,0.81,0.92,0.6,0.84,0.87,0.19,0.18,0.26,157.16912498464808,167.28000005241483,534,1310
scifact,train,1376,0.25,0.86,0.94,0.34,0.91,0.92,0.63,0.16,0.6,117.38916701870039,147.13595801731572,524,1304
scifact,train,1378,0.51,0.84,0.73,0.37,0.89,0.71,0.64,0.08,0.71,115.53366703446954,147.85633399151266,523,1280
scifact,train,1380,0.29,0.86,0.73,0.21,0.89,0.71,0.72,0.76,0.95,103.05679100565612,153.9815419819206,526,1283
scifact,train,1381,0.22,0.84,0.97,0.2,0.87,0.97,0.85,0.59,0.97,153.32533401669934,166.63004097063094,529,1323
scifact,train,1383,0.24,0.87,0.95,0.23,0.9,0.96,0.83,0.05,0.85,112.65595798613504,155.70195799227804,524,1290
scifact,train,1386,0.33,0.84,0.96,0.18,0.9,0.97,0.55,0.85,0.94,118.15508297877386,160.91258398955688,521,1285
scifact,train,1387,0.71,0.79,0.93,0.66,0.8,0.91,0.06,0.48,0.09,114.85949996858835,174.97804202139378,527,1301
scifact,train,1390,0.36,0.83,0.95,0.16,0.81,0.98,0.97,0.06,0.98,116.91300000529736,141.54266600962728,533,1487
scifact,train,1391,0.37,0.8,0.95,0.28,0.87,0.97,0.91,0.06,0.93,205.57150000240654,143.5209580231458,527,1426
scifact,train,1392,0.31,0.86,0.96,0.19,0.88,0.97,0.97,0.02,0.97,161.88308398704976,122.10558401420712,529,1370
scifact,train,1393,0.43,0.83,0.93,0.28,0.9,0.9,0.1,0.89,0.82,113.48979198373854,143.74337502522394,527,1159
scifact,train,1394,0.74,0.77,0.92,0.74,0.8,0.89,0.17,0.67,0.51,133.48133297404274,134.75625001592562,526,1283
scifact,train,1397,0.23,0.86,0.97,0.29,0.87,0.96,0.05,0.36,0.06,189.63437504135072,161.84516699286178,549,1459
scifact,train,1398,0.28,0.81,0.97,0.36,0.82,0.97,0.21,0.2,0.26,127.67854204867035,148.73312501003966,524,1452
scifact,train,1400,0.23,0.84,0.97,0.23,0.85,0.96,0.04,0.23,0.07,162.85070800222456,137.49758299672976,533,1405
scifact,train,1401,0.52,0.84,0.96,0.44,0.86,0.96,0.09,0.52,0.19,135.07125002797693,116.687958012335,524,1297
scifact,train,1402,0.6,0.82,0.93,0.46,0.82,0.92,0.05,0.86,0.61,282.56854094797745,144.51591699616984,527,1312
scifact,train,1403,0.22,0.81,0.96,0.28,0.91,0.96,0.8,0.16,0.8,133.94845800939947,121.97004200424999,535,1366
scifact,train,1404,0.22,0.85,0.96,0.35,0.9,0.96,0.89,0.17,0.92,143.64245801698416,121.92791700363159,533,1372
scifact,train,1405,0.21,0.83,0.96,0.19,0.83,0.94,0.02,0.35,0.04,136.3807080197148,165.57700000703335,535,1399
scifact,train,1406,0.22,0.85,0.96,0.15,0.86,0.96,0.66,0.04,0.76,166.1079169716686,126.31054199300706,521,1358
scifact,train,1407,0.34,0.86,0.95,0.47,0.88,0.93,0.14,0.51,0.23,114.91762503283098,135.54774998920038,522,1399
nfcorpus,test,PLAIN-2,0.25,0.76,0.93,0.25,0.83,0.93,0.06,0.93,0.87,120.88537501404062,125.57820900110528,519,1253
nfcorpus,test,PLAIN-12,0.65,0.57,0.92,0.59,0.77,0.89,0.09,0.6,0.17,119.5512079866603,125.69216697011143,517,1240
nfcorpus,test,PLAIN-23,0.3,0.59,0.94,0.3,0.82,0.94,0.03,0.86,0.15,113.33566601388156,120.83100003656,520,1255
nfcorpus,test,PLAIN-33,0.85,0.46,0.24,0.89,0.74,0.25,0.14,0.85,0.92,123.53245896520093,110.96549994545057,518,1234
nfcorpus,test,PLAIN-44,0.44,0.7,0.92,0.5,0.86,0.92,0.09,0.27,0.12,117.05841700313613,122.60079203406349,518,1388
nfcorpus,test,PLAIN-56,0.62,0.45,0.87,0.82,0.66,0.62,0.7,0.41,0.79,144.5724589866586,153.94633304094896,513,1301
nfcorpus,test,PLAIN-68,0.64,0.51,0.36,0.55,0.62,0.44,0.96,0.04,0.97,180.07795797893777,118.65304195089266,515,1303
nfcorpus,test,PLAIN-78,0.78,0.59,0.85,0.89,0.76,0.79,0.06,0.58,0.16,128.08516598306596,125.33320899819955,519,1323
nfcorpus,test,PLAIN-91,0.85,0.58,0.58,0.84,0.63,0.71,0.13,0.86,0.9,133.42637504683807,161.74845799105242,518,1262
nfcorpus,test,PLAIN-102,0.82,0.48,0.36,0.87,0.67,0.22,0.28,0.83,0.83,117.25841701263562,109.0430420008488,513,1318
nfcorpus,test,PLAIN-112,0.79,0.44,0.75,0.7,0.44,0.83,0.95,0.4,0.97,115.44187500840053,160.67016700981185,513,1313
nfcorpus,test,PLAIN-123,0.7,0.68,0.31,0.77,0.86,0.21,0.02,0.7,0.05,131.15966698387638,153.8142909994349,517,1296
nfcorpus,test,PLAIN-133,0.61,0.42,0.56,0.4,0.69,0.44,0.04,0.19,0.05,141.52270799968392,136.17995800450444,516,1234
nfcorpus,test,PLAIN-143,0.49,0.64,0.75,0.7,0.79,0.45,0.37,0.85,0.89,131.31187501130626,133.99875001050532,515,1268
nfcorpus,test,PLAIN-153,0.82,0.59,0.75,0.65,0.8,0.43,0.83,0.08,0.89,118.65358299110085,131.67808396974578,516,1266
nfcorpus,test,PLAIN-165,0.52,0.47,0.8,0.62,0.68,0.66,0.65,0.78,0.85,139.2119589727372,121.14800000563264,519,1309
nfcorpus,test,PLAIN-175,0.87,0.35,0.71,0.87,0.68,0.73,0.09,0.4,0.21,180.2057910244912,199.60891699884087,513,1336
nfcorpus,test,PLAIN-186,0.84,0.73,0.17,0.89,0.75,0.13,0.9,0.22,0.93,114.96916599571705,112.74020798737183,514,1315
nfcorpus,test,PLAIN-196,0.78,0.68,0.95,0.69,0.79,0.96,0.54,0.16,0.75,138.5063329944387,151.1567499837838,516,1289
nfcorpus,test,PLAIN-207,0.71,0.54,0.48,0.67,0.7,0.41,0.39,0.54,0.52,176.7706249956973,257.268582994584,517,1317
nfcorpus,test,PLAIN-217,0.75,0.42,0.89,0.47,0.73,0.9,0.05,0.59,0.1,115.79700000584126,114.47733402019367,516,1226
nfcorpus,test,PLAIN-227,0.63,0.7,0.9,0.51,0.81,0.9,0.04,0.12,0.06,116.03874998399988,132.76520802173764,515,1291
nfcorpus,test,PLAIN-238,0.93,0.54,0.18,0.92,0.66,0.13,0.5,0.26,0.74,119.7651670081541,125.17679098527879,518,1261
nfcorpus,test,PLAIN-248,0.57,0.53,0.63,0.63,0.73,0.44,0.86,0.08,0.89,126.8041250295937,150.60549997724593,519,1258
nfcorpus,test,PLAIN-259,0.69,0.68,0.92,0.54,0.83,0.9,0.21,0.63,0.49,156.113707984332,114.9704169947654,517,1370
nfcorpus,test,PLAIN-270,0.24,0.62,0.42,0.24,0.81,0.47,0.07,0.94,0.96,122.35150003107265,238.18145802943036,519,1345
nfcorpus,test,PLAIN-280,0.67,0.67,0.87,0.72,0.81,0.58,0.13,0.47,0.23,134.46183397900313,117.68179200589657,514,1227
nfcorpus,test,PLAIN-291,0.74,0.48,0.86,0.65,0.6,0.79,0.03,0.56,0.04,122.00308300089091,144.9732089531608,515,1292
nfcorpus,test,PLAIN-307,0.8,0.46,0.79,0.81,0.65,0.51,0.19,0.8,0.7,102.97908401116729,185.528667003382,521,1257
nfcorpus,test,PLAIN-320,0.93,0.37,0.71,0.92,0.33,0.68,0.96,0.21,0.97,148.17400003084913,142.67029199982062,513,1253
nfcorpus,test,PLAIN-332,0.82,0.82,0.38,0.65,0.87,0.55,0.83,0.45,0.9,173.03004203131422,164.3198329838924,523,1274
nfcorpus,test,PLAIN-344,0.31,0.69,0.87,0.28,0.77,0.85,0.6,0.54,0.87,104.94016599841416,129.85562498215586,520,1318
nfcorpus,test,PLAIN-358,0.91,0.83,0.86,0.88,0.87,0.83,0.03,0.23,0.04,145.7710000104271,161.26079094829038,523,1324
nfcorpus,test,PLAIN-371,0.85,0.68,0.79,0.76,0.71,0.69,0.86,0.16,0.87,122.2546249628067,217.9565830156207,518,1254
nfcorpus,test,PLAIN-383,0.84,0.76,0.94,0.86,0.76,0.81,0.14,0.27,0.13,154.5197080122307,121.58966599963605,524,1258
nfcorpus,test,PLAIN-395,0.82,0.75,0.88,0.86,0.77,0.82,0.08,0.52,0.13,118.12579201068729,126.01266702404246,520,1367
nfcorpus,test,PLAIN-407,0.37,0.71,0.92,0.45,0.84,0.81,0.55,0.3,0.68,122.52083304338157,124.9572079977952,515,1324
nfcorpus,test,PLAIN-418,0.9,0.66,0.11,0.91,0.76,0.11,0.76,0.26,0.91,123.2451670221053,149.38616700237617,517,1361
nfcorpus,test,PLAIN-430,0.54,0.75,0.92,0.69,0.83,0.89,0.73,0.11,0.84,119.2574169836007,121.14691600436345,519,1310
nfcorpus,test,PLAIN-441,0.85,0.74,0.84,0.91,0.85,0.86,0.26,0.77,0.76,106.88495897920802,127.78858403908089,516,1239
nfcorpus,test,PLAIN-457,0.92,0.74,0.1,0.91,0.84,0.11,0.11,0.52,0.22,120.3060409752652,146.2687500170432,517,1249
nfcorpus,test,PLAIN-468,0.32,0.83,0.97,0.24,0.9,0.97,0.94,0.07,0.94,121.43837503390387,129.13137499708682,530,1479
nfcorpus,test,PLAIN-478,0.96,0.33,0.08,0.96,0.39,0.08,0.55,0.23,0.84,168.761708016973,163.07212499668822,510,1333
nfcorpus,test,PLAIN-488,0.53,0.28,0.97,0.67,0.28,0.98,0.88,0.38,0.92,117.26995802018791,142.90425000945106,514,1294
nfcorpus,test,PLAIN-499,0.9,0.42,0.67,0.94,0.42,0.53,0.4,0.34,0.57,120.66504097310826,211.57879097154364,511,1291
nfcorpus,test,PLAIN-510,0.89,0.29,0.27,0.9,0.55,0.2,0.05,0.59,0.11,147.38137501990423,117.81549995066598,510,1229
nfcorpus,test,PLAIN-520,0.93,0.33,0.74,0.94,0.4,0.58,0.23,0.61,0.46,116.76241701934487,139.72716697026044,510,1300
nfcorpus,test,PLAIN-531,0.94,0.36,0.18,0.96,0.35,0.14,0.64,0.42,0.91,156.59795800456777,182.48891597613692,510,1098
nfcorpus,test,PLAIN-541,0.62,0.32,0.96,0.84,0.6,0.88,0.11,0.43,0.21,134.80749999871477,128.4565829555504,511,1304
nfcorpus,test,PLAIN-551,0.91,0.32,0.65,0.93,0.49,0.39,0.65,0.13,0.85,128.4121249918826,125.59945799876004,511,1295
nfcorpus,test,PLAIN-561,0.85,0.29,0.91,0.92,0.38,0.83,0.77,0.22,0.94,139.10520897479728,206.10916696023196,511,1266
nfcorpus,test,PLAIN-571,0.43,0.28,0.95,0.66,0.26,0.97,0.83,0.47,0.94,118.9083750359714,255.02508401405066,510,1261
nfcorpus,test,PLAIN-583,0.76,0.26,0.88,0.82,0.6,0.74,0.03,0.28,0.04,128.57691699173301,142.79554196400568,512,1309
nfcorpus,test,PLAIN-593,0.84,0.3,0.83,0.88,0.51,0.75,0.74,0.03,0.91,138.19866604171693,125.14879199443385,510,1281
nfcorpus,test,PLAIN-603,0.9,0.28,0.91,0.95,0.44,0.8,0.46,0.28,0.72,122.92554200394079,168.08158298954368,511,1277
nfcorpus,test,PLAIN-613,0.38,0.27,0.95,0.85,0.34,0.96,0.77,0.36,0.88,119.53183403238654,170.70679197786376,512,1310
nfcorpus,test,PLAIN-623,0.7,0.32,0.92,0.88,0.4,0.95,0.45,0.72,0.87,121.11445900518447,263.02695798221976,511,1304
nfcorpus,test,PLAIN-634,0.85,0.29,0.38,0.92,0.34,0.39,0.68,0.25,0.84,120.55720901116729,166.403041977901,511,1222
nfcorpus,test,PLAIN-645,0.78,0.3,0.28,0.82,0.53,0.11,0.02,0.15,0.02,115.6996670179069,156.37533296830952,510,1338
nfcorpus,test,PLAIN-660,0.94,0.3,0.1,0.94,0.34,0.13,0.75,0.3,0.88,119.77712501538917,139.27975000115111,509,1246
nfcorpus,test,PLAIN-671,0.56,0.27,0.94,0.86,0.47,0.91,0.77,0.03,0.89,138.77483300166205,145.97562496783212,510,1340
nfcorpus,test,PLAIN-681,0.63,0.33,0.78,0.79,0.54,0.84,0.78,0.09,0.83,119.32870803866535,190.08374999975786,511,1320
nfcorpus,test,PLAIN-691,0.8,0.29,0.91,0.93,0.3,0.66,0.92,0.26,0.94,149.48654198087752,130.74183400021866,513,1348
nfcorpus,test,PLAIN-701,0.6,0.33,0.69,0.88,0.39,0.83,0.81,0.27,0.88,168.15258300630376,113.9021249837242,512,1361
nfcorpus,test,PLAIN-711,0.91,0.35,0.34,0.92,0.42,0.34,0.6,0.13,0.75,130.35879196831957,168.158000044059,511,1280
nfcorpus,test,PLAIN-721,0.8,0.29,0.94,0.62,0.28,0.97,0.87,0.38,0.91,127.39670800510794,189.23474999610335,511,1335
nfcorpus,test,PLAIN-731,0.92,0.33,0.41,0.92,0.39,0.25,0.62,0.22,0.68,121.16170802619308,157.98720897873864,510,1312
nfcorpus,test,PLAIN-741,0.85,0.29,0.92,0.6,0.23,0.95,0.92,0.24,0.96,176.16324999835342,112.23820800660178,510,1316
nfcorpus,test,PLAIN-751,0.75,0.27,0.96,0.92,0.38,0.96,0.55,0.41,0.77,125.2035410143435,163.4077500202693,511,1374
nfcorpus,test,PLAIN-761,0.9,0.43,0.18,0.9,0.32,0.19,0.93,0.17,0.97,130.75408298755065,188.2602089899592,511,1241
nfcorpus,test,PLAIN-771,0.4,0.29,0.97,0.77,0.42,0.97,0.24,0.85,0.95,169.90754200378433,150.45683400239795,515,1258
nfcorpus,test,PLAIN-782,0.89,0.3,0.91,0.94,0.53,0.86,0.6,0.07,0.81,166.444499976933,198.42912501189858,510,1283
nfcorpus,test,PLAIN-792,0.42,0.27,0.94,0.61,0.37,0.96,0.89,0.31,0.95,182.05679196398705,131.38033397262916,511,1332
nfcorpus,test,PLAIN-806,0.76,0.4,0.77,0.91,0.35,0.68,0.68,0.76,0.94,175.0005420180969,238.53454203344882,511,1239
nfcorpus,test,PLAIN-817,0.47,0.3,0.67,0.46,0.51,0.19,0.04,0.1,0.05,141.90337498439476,133.64612503210083,513,1276
nfcorpus,test,PLAIN-827,0.9,0.33,0.84,0.91,0.36,0.46,0.92,0.39,0.97,132.14787497418,201.4621249982156,511,1297
nfcorpus,test,PLAIN-838,0.73,0.3,0.95,0.88,0.39,0.96,0.83,0.47,0.89,177.08354198839515,135.55141602410004,512,1352
nfcorpus,test,PLAIN-850,0.62,0.27,0.41,0.89,0.39,0.45,0.75,0.25,0.89,112.1072499663569,183.98037500446662,512,1356
nfcorpus,test,PLAIN-872,0.57,0.28,0.91,0.84,0.44,0.9,0.73,0.08,0.86,198.37716699112207,327.1884999703616,512,1404
nfcorpus,test,PLAIN-882,0.87,0.26,0.96,0.93,0.44,0.95,0.65,0.07,0.88,143.7680409871973,151.17854200070724,511,1292
nfcorpus,test,PLAIN-892,0.69,0.3,0.56,0.87,0.31,0.66,0.9,0.3,0.94,162.75404195766896,121.70916597824544,512,1303
nfcorpus,test,PLAIN-902,0.7,0.28,0.92,0.9,0.44,0.92,0.77,0.2,0.9,119.68504200922325,159.89379200618714,512,1344
nfcorpus,test,PLAIN-913,0.87,0.3,0.32,0.93,0.36,0.66,0.86,0.54,0.92,136.74212497426197,211.8495409958996,511,1314
nfcorpus,test,PLAIN-924,0.69,0.33,0.88,0.79,0.5,0.9,0.9,0.03,0.93,150.21737501956522,153.26533297775313,511,1249
nfcorpus,test,PLAIN-934,0.94,0.31,0.12,0.95,0.31,0.19,0.74,0.17,0.88,130.48633298603818,119.73879195284098,509,1239
nfcorpus,test,PLAIN-946,0.91,0.37,0.27,0.93,0.48,0.33,0.04,0.94,0.5,118.1130830082111,144.89379100268707,509,1287
nfcorpus,test,PLAIN-956,0.94,0.27,0.1,0.95,0.36,0.08,0.65,0.16,0.76,118.33854200085625,167.47162502724677,512,1334
nfcorpus,test,PLAIN-966,0.81,0.28,0.94,0.92,0.45,0.91,0.61,0.25,0.8,135.53258404135704,113.3352920296602,511,1298
nfcorpus,test,PLAIN-977,0.44,0.34,0.76,0.41,0.41,0.66,0.87,0.02,0.94,130.1643339684233,139.30679101031274,510,1278
nfcorpus,test,PLAIN-987,0.58,0.28,0.71,0.67,0.53,0.51,0.05,0.14,0.05,143.34083296125755,198.04429198848084,510,1296
nfcorpus,test,PLAIN-997,0.88,0.29,0.94,0.93,0.44,0.86,0.15,0.21,0.32,274.7270420077257,236.583125020843,513,1403
nfcorpus,test,PLAIN-1008,0.92,0.36,0.22,0.91,0.5,0.27,0.03,0.95,0.71,120.34537503495812,216.95237496169284,511,1240
nfcorpus,test,PLAIN-1018,0.92,0.31,0.88,0.9,0.33,0.94,0.69,0.56,0.87,117.89120797766373,160.07166600320488,510,1355
nfcorpus,test,PLAIN-1028,0.92,0.32,0.31,0.94,0.47,0.22,0.19,0.7,0.73,113.3628329844214,126.94795802235603,511,1263
nfcorpus,test,PLAIN-1039,0.35,0.26,0.96,0.25,0.28,0.97,0.96,0.2,0.98,104.31770799914375,152.77870796853676,512,1327
nfcorpus,test,PLAIN-1050,0.71,0.33,0.96,0.87,0.48,0.9,0.02,0.27,0.05,116.95054196752608,158.5994999622926,513,1320
nfcorpus,test,PLAIN-1066,0.51,0.3,0.96,0.74,0.53,0.93,0.05,0.55,0.23,139.14891600143164,212.15745800873265,513,1295
nfcorpus,test,PLAIN-1088,0.73,0.26,0.94,0.5,0.29,0.88,0.93,0.16,0.97,133.68229096522555,164.1788330161944,510,1324
nfcorpus,test,PLAIN-1098,0.63,0.32,0.65,0.86,0.65,0.43,0.08,0.22,0.09,168.3874169830233,154.80070904595777,511,1268
nfcorpus,test,PLAIN-1109,0.86,0.28,0.9,0.89,0.25,0.89,0.95,0.19,0.97,127.54570797551423,176.893999974709,514,1306
nfcorpus,test,PLAIN-1119,0.84,0.34,0.17,0.88,0.54,0.25,0.92,0.05,0.96,124.6199999586679,203.01283296430483,510,1403
nfcorpus,test,PLAIN-1130,0.45,0.27,0.96,0.51,0.36,0.97,0.96,0.02,0.97,165.20029201637954,202.5555419968441,512,1344
nfcorpus,test,PLAIN-1141,0.88,0.36,0.88,0.92,0.52,0.83,0.69,0.51,0.82,143.40087497839704,187.1625419589691,511,1135
nfcorpus,test,PLAIN-1151,0.87,0.31,0.38,0.9,0.52,0.28,0.08,0.83,0.41,115.06929202005267,152.90183399338275,511,1280
nfcorpus,test,PLAIN-1161,0.69,0.27,0.66,0.89,0.44,0.44,0.76,0.38,0.84,138.56820797082037,122.84016597550362,511,1309
nfcorpus,test,PLAIN-1172,0.84,0.26,0.87,0.89,0.5,0.83,0.65,0.03,0.89,119.3803750211373,156.2958339927718,511,1333
nfcorpus,test,PLAIN-1183,0.92,0.28,0.9,0.96,0.4,0.86,0.43,0.28,0.66,158.5689170169644,165.09608301566914,510,1234
nfcorpus,test,PLAIN-1193,0.6,0.33,0.64,0.74,0.4,0.86,0.79,0.39,0.9,228.44795801211149,146.57612500013784,511,1316
nfcorpus,test,PLAIN-1203,0.67,0.29,0.93,0.85,0.49,0.92,0.85,0.47,0.95,112.5234590144828,216.63124999031425,511,1241
nfcorpus,test,PLAIN-1214,0.36,0.31,0.95,0.21,0.42,0.87,0.02,0.17,0.03,119.92312502115965,150.35962499678135,511,1286
nfcorpus,test,PLAIN-1225,0.77,0.31,0.91,0.91,0.35,0.87,0.66,0.42,0.87,116.70300003606826,174.81458297697827,511,1290
nfcorpus,test,PLAIN-1236,0.55,0.28,0.96,0.72,0.51,0.94,0.69,0.09,0.84,140.96791698830202,170.48716597491875,512,1357
nfcorpus,test,PLAIN-1249,0.94,0.37,0.44,0.95,0.38,0.26,0.36,0.68,0.81,117.75137495715171,188.38341598166153,511,1255
nfcorpus,test,PLAIN-1262,0.42,0.29,0.96,0.81,0.26,0.96,0.84,0.28,0.95,105.99245800403878,119.2680419771932,514,1293
nfcorpus,test,PLAIN-1275,0.63,0.32,0.87,0.83,0.38,0.9,0.92,0.3,0.96,158.96529203746468,116.84308300027624,511,1279
nfcorpus,test,PLAIN-1288,0.85,0.29,0.15,0.92,0.52,0.21,0.47,0.41,0.84,128.75404104124755,162.4666249845177,510,1337
nfcorpus,test,PLAIN-1299,0.93,0.33,0.53,0.91,0.47,0.31,0.91,0.13,0.94,134.13637498160824,158.51295896572992,510,1331
nfcorpus,test,PLAIN-1309,0.66,0.27,0.83,0.83,0.45,0.48,0.02,0.21,0.04,122.90499999653548,161.6745000355877,511,1299
nfcorpus,test,PLAIN-1320,0.41,0.3,0.95,0.75,0.28,0.97,0.79,0.21,0.9,159.17999995872378,235.34129100153223,514,1280
nfcorpus,test,PLAIN-1331,0.96,0.37,0.07,0.95,0.54,0.07,0.04,0.2,0.06,170.28120800387114,143.41579098254442,510,1228
nfcorpus,test,PLAIN-1342,0.68,0.34,0.93,0.86,0.37,0.94,0.67,0.21,0.84,121.89795798622072,129.21395903686062,510,1249
nfcorpus,test,PLAIN-1353,0.88,0.3,0.73,0.95,0.47,0.48,0.34,0.47,0.71,133.91416700324044,148.64108298206702,510,1222
nfcorpus,test,PLAIN-1363,0.89,0.3,0.94,0.92,0.4,0.95,0.06,0.93,0.82,115.5825830064714,151.27591596683487,512,1279
nfcorpus,test,PLAIN-1374,0.96,0.42,0.52,0.95,0.64,0.4,0.1,0.5,0.19,129.37112501822412,145.59012500103563,512,1249
nfcorpus,test,PLAIN-1387,0.89,0.41,0.36,0.89,0.53,0.33,0.87,0.42,0.95,118.40308300452307,165.95691599650308,512,1127
nfcorpus,test,PLAIN-1398,0.7,0.29,0.96,0.88,0.31,0.97,0.72,0.51,0.86,141.94220898207277,172.59279201971367,512,1348
nfcorpus,test,PLAIN-1409,0.94,0.32,0.23,0.94,0.5,0.15,0.66,0.28,0.76,137.70054100314155,145.52675001323223,512,1294
nfcorpus,test,PLAIN-1419,0.95,0.29,0.15,0.96,0.39,0.12,0.36,0.25,0.77,110.74754199944437,118.01616701995954,510,1308
nfcorpus,test,PLAIN-1429,0.32,0.26,0.96,0.81,0.35,0.96,0.6,0.33,0.77,127.1477080299519,124.72537503344938,514,1335
nfcorpus,test,PLAIN-1441,0.95,0.3,0.83,0.97,0.43,0.79,0.46,0.25,0.65,114.88970799837261,136.64525002241135,509,1234
nfcorpus,test,PLAIN-1453,0.89,0.34,0.11,0.94,0.51,0.09,0.43,0.72,0.8,166.51620902121067,184.91291598184034,510,1320
nfcorpus,test,PLAIN-1463,0.55,0.34,0.61,0.83,0.44,0.57,0.66,0.17,0.87,121.15220801206306,118.31570800859481,511,1272
nfcorpus,test,PLAIN-1473,0.43,0.27,0.9,0.73,0.5,0.89,0.58,0.05,0.79,122.1152920043096,150.27174999704584,512,1358
nfcorpus,test,PLAIN-1485,0.49,0.31,0.47,0.77,0.48,0.48,0.38,0.07,0.67,122.67629202688113,128.93720902502537,510,1329
nfcorpus,test,PLAIN-1496,0.64,0.31,0.36,0.83,0.48,0.23,0.02,0.14,0.03,120.4011250520125,132.35633302247152,510,1371
nfcorpus,test,PLAIN-1506,0.62,0.29,0.93,0.89,0.38,0.94,0.72,0.37,0.85,126.15937500959262,161.4142920006998,511,1306
nfcorpus,test,PLAIN-1516,0.64,0.28,0.95,0.61,0.54,0.86,0.07,0.32,0.08,137.2260830248706,126.42620800761506,511,1296
nfcorpus,test,PLAIN-1527,0.95,0.34,0.33,0.95,0.39,0.18,0.78,0.1,0.91,157.60129201225936,123.12283302890137,511,1254
nfcorpus,test,PLAIN-1537,0.89,0.34,0.26,0.93,0.32,0.23,0.89,0.5,0.96,141.93779201013967,130.51891699433327,511,1347
nfcorpus,test,PLAIN-1547,0.77,0.29,0.93,0.66,0.59,0.8,0.33,0.38,0.74,176.00970796775073,135.52787498338148,511,1249
nfcorpus,test,PLAIN-1557,0.9,0.28,0.81,0.94,0.42,0.59,0.78,0.21,0.88,163.50991697981954,126.56624999362975,511,1260
nfcorpus,test,PLAIN-1568,0.59,0.35,0.47,0.82,0.59,0.41,0.22,0.05,0.5,140.0197499897331,127.68858298659325,511,1212
nfcorpus,test,PLAIN-1579,0.36,0.27,0.94,0.28,0.46,0.8,0.01,0.13,0.02,122.96649999916553,220.1349579845555,510,1266
nfcorpus,test,PLAIN-1590,0.95,0.31,0.38,0.96,0.39,0.16,0.82,0.44,0.95,122.07604199647903,115.21100002573803,510,1192
nfcorpus,test,PLAIN-1601,0.97,0.34,0.1,0.96,0.33,0.08,0.84,0.25,0.9,142.61949999490753,112.37291700672358,509,1289
nfcorpus,test,PLAIN-1611,0.88,0.28,0.85,0.9,0.48,0.47,0.02,0.17,0.04,118.18020802456886,148.8640420138836,510,1301
nfcorpus,test,PLAIN-1621,0.33,0.33,0.94,0.28,0.47,0.88,0.03,0.18,0.05,120.59549998957664,231.64179199375212,511,1362
nfcorpus,test,PLAIN-1635,0.88,0.35,0.11,0.95,0.38,0.1,0.51,0.59,0.82,117.28887498611584,133.0127080436796,509,1382
nfcorpus,test,PLAIN-1645,0.72,0.31,0.45,0.86,0.49,0.16,0.02,0.17,0.04,147.81487500295043,169.6084170253016,510,1356
nfcorpus,test,PLAIN-1656,0.8,0.37,0.41,0.87,0.48,0.43,0.44,0.68,0.92,127.72699998458847,166.3889580522664,510,1156
nfcorpus,test,PLAIN-1667,0.95,0.37,0.14,0.94,0.49,0.12,0.09,0.94,0.87,113.63595799775794,123.29333397792652,511,1218
nfcorpus,test,PLAIN-1679,0.65,0.32,0.96,0.54,0.55,0.83,0.02,0.25,0.04,121.85737496474758,113.15733299124986,511,1298
nfcorpus,test,PLAIN-1690,0.51,0.34,0.95,0.86,0.55,0.91,0.3,0.16,0.51,151.29541599890217,116.05908296769485,512,1210
nfcorpus,test,PLAIN-1700,0.96,0.32,0.56,0.96,0.53,0.5,0.06,0.28,0.27,113.53212496032938,116.15545803215355,510,1334
nfcorpus,test,PLAIN-1710,0.42,0.28,0.97,0.6,0.2,0.98,0.93,0.48,0.97,131.63320801686496,112.71237500477582,515,1306
nfcorpus,test,PLAIN-1721,0.85,0.29,0.95,0.93,0.28,0.95,0.74,0.3,0.82,217.5624169758521,120.44820800656453,513,1361
nfcorpus,test,PLAIN-1731,0.68,0.27,0.95,0.89,0.29,0.96,0.86,0.17,0.93,137.510749977082,158.58266601571813,511,1286
nfcorpus,test,PLAIN-1741,0.93,0.32,0.09,0.94,0.35,0.1,0.7,0.53,0.81,113.48999995971099,117.94858303619549,509,1286
nfcorpus,test,PLAIN-1752,0.55,0.27,0.57,0.84,0.44,0.25,0.03,0.14,0.06,163.09658403042704,209.6543749794364,509,1391
nfcorpus,test,PLAIN-1762,0.44,0.31,0.96,0.59,0.34,0.97,0.88,0.13,0.96,132.03516695648432,115.65112503012642,518,1327
nfcorpus,test,PLAIN-1772,0.81,0.26,0.95,0.86,0.34,0.95,0.87,0.48,0.96,119.60875004297122,153.56054197764024,512,1260
nfcorpus,test,PLAIN-1784,0.67,0.41,0.55,0.89,0.53,0.26,0.06,0.71,0.24,161.9630409986712,133.93562496639788,511,1342
nfcorpus,test,PLAIN-1794,0.94,0.31,0.88,0.95,0.38,0.75,0.48,0.25,0.8,114.23795798327774,128.90233402140439,510,1378
nfcorpus,test,PLAIN-1805,0.76,0.31,0.96,0.91,0.31,0.95,0.66,0.34,0.91,137.01837498228997,122.06970795523375,513,1299
nfcorpus,test,PLAIN-1817,0.57,0.34,0.35,0.88,0.49,0.55,0.73,0.07,0.88,178.55633300496265,164.6850000252016,511,1332
nfcorpus,test,PLAIN-1827,0.9,0.31,0.9,0.93,0.43,0.52,0.09,0.32,0.12,153.54191703954712,126.52970798080787,510,1297
nfcorpus,test,PLAIN-1837,0.94,0.3,0.32,0.95,0.27,0.35,0.67,0.44,0.93,154.99087498756126,180.49954198068008,511,1270
nfcorpus,test,PLAIN-1847,0.94,0.27,0.87,0.97,0.39,0.44,0.5,0.32,0.75,117.69995797658339,140.180834045168,511,1327
nfcorpus,test,PLAIN-1857,0.55,0.28,0.95,0.79,0.22,0.97,0.92,0.45,0.97,192.31762498384342,159.00179196614772,511,1259
nfcorpus,test,PLAIN-1867,0.84,0.3,0.31,0.86,0.5,0.35,0.04,0.18,0.18,104.48420798638836,120.21862500114366,511,1413
nfcorpus,test,PLAIN-1877,0.89,0.44,0.24,0.93,0.45,0.29,0.87,0.19,0.94,127.47745797969401,138.02416704129428,511,1252
nfcorpus,test,PLAIN-1887,0.91,0.26,0.13,0.93,0.63,0.12,0.04,0.66,0.17,131.48583302972838,136.38791698031127,512,1278
nfcorpus,test,PLAIN-1897,0.84,0.31,0.91,0.87,0.61,0.76,0.08,0.1,0.16,119.35795797035098,117.32316599227488,513,1409
nfcorpus,test,PLAIN-1909,0.9,0.31,0.19,0.95,0.44,0.16,0.54,0.41,0.84,125.86425000336021,124.02470799861476,510,1212
nfcorpus,test,PLAIN-1919,0.88,0.37,0.26,0.9,0.32,0.33,0.81,0.22,0.84,152.50837500207126,141.07362501090392,512,1251
nfcorpus,test,PLAIN-1929,0.61,0.3,0.43,0.75,0.65,0.27,0.14,0.15,0.19,124.98941697413102,126.6669169999659,511,1224
nfcorpus,test,PLAIN-1940,0.64,0.25,0.96,0.89,0.4,0.94,0.69,0.26,0.89,123.21687495568767,136.90970797324553,512,1294
nfcorpus,test,PLAIN-1950,0.68,0.32,0.25,0.9,0.43,0.46,0.61,0.68,0.84,123.49408300360665,184.23341703601182,510,1266
nfcorpus,test,PLAIN-1962,0.89,0.27,0.23,0.91,0.53,0.2,0.04,0.19,0.05,124.98454202432185,144.24895797856152,510,1293
nfcorpus,test,PLAIN-1972,0.6,0.29,0.93,0.65,0.5,0.85,0.07,0.28,0.14,114.14899997180328,132.78733403421938,510,1477
nfcorpus,test,PLAIN-1983,0.56,0.29,0.96,0.76,0.32,0.97,0.9,0.46,0.96,142.58949999930337,135.73033403372392,511,1261
nfcorpus,test,PLAIN-1995,0.86,0.34,0.29,0.88,0.5,0.18,0.15,0.2,0.21,156.94129205076024,153.04808301152661,510,1291
nfcorpus,test,PLAIN-2009,0.53,0.27,0.96,0.88,0.38,0.91,0.82,0.28,0.91,122.10237502586097,113.42275002971292,514,1237
nfcorpus,test,PLAIN-2019,0.49,0.3,0.9,0.59,0.45,0.58,0.03,0.22,0.05,145.3934580204077,139.87237500259653,510,1248
nfcorpus,test,PLAIN-2030,0.66,0.28,0.93,0.75,0.47,0.85,0.03,0.24,0.05,120.25445798644796,139.14708298398182,510,1346
nfcorpus,test,PLAIN-2040,0.89,0.3,0.33,0.95,0.43,0.34,0.45,0.67,0.78,124.39712503692135,125.8462910191156,510,1321
nfcorpus,test,PLAIN-2051,0.83,0.32,0.79,0.9,0.37,0.77,0.89,0.19,0.92,118.48533299053088,119.47195901302621,512,1274
nfcorpus,test,PLAIN-2061,0.94,0.31,0.11,0.95,0.35,0.14,0.67,0.17,0.84,151.6111249802634,129.97708295006305,510,1206
nfcorpus,test,PLAIN-2071,0.83,0.26,0.93,0.9,0.3,0.93,0.78,0.33,0.92,140.1410000398755,116.18020804598927,511,1325
nfcorpus,test,PLAIN-2081,0.91,0.31,0.31,0.93,0.38,0.2,0.87,0.46,0.94,116.26016703667119,223.61662500770763,511,1303
nfcorpus,test,PLAIN-2092,0.65,0.25,0.96,0.83,0.2,0.97,0.91,0.25,0.96,124.44454204523936,163.99850003654137,511,1262
nfcorpus,test,PLAIN-2102,0.93,0.37,0.12,0.94,0.4,0.12,0.75,0.22,0.9,125.89391699293628,132.96783401165158,510,1246
nfcorpus,test,PLAIN-2113,0.93,0.31,0.24,0.94,0.46,0.15,0.79,0.09,0.88,149.01591697707772,271.69716701610014,511,1289
nfcorpus,test,PLAIN-2124,0.77,0.3,0.67,0.89,0.42,0.84,0.82,0.35,0.91,137.557125010062,159.55370903247967,511,1303
nfcorpus,test,PLAIN-2134,0.57,0.32,0.91,0.75,0.47,0.82,0.02,0.84,0.1,131.99287501629442,121.36904202634469,510,1304
nfcorpus,test,PLAIN-2145,0.52,0.32,0.95,0.83,0.49,0.96,0.09,0.75,0.63,118.86308301473036,118.07641701307148,513,1320
nfcorpus,test,PLAIN-2156,0.79,0.3,0.9,0.87,0.29,0.92,0.9,0.33,0.93,123.04329196922481,143.98983301362023,510,1306
nfcorpus,test,PLAIN-2167,0.95,0.33,0.19,0.95,0.44,0.21,0.16,0.88,0.91,128.6261669592932,118.55237500276417,511,1198
nfcorpus,test,PLAIN-2177,0.86,0.28,0.88,0.94,0.39,0.68,0.22,0.36,0.54,153.93379202578217,122.81804101075977,511,1250
nfcorpus,test,PLAIN-2187,0.82,0.31,0.71,0.76,0.37,0.51,0.01,0.13,0.02,124.76299999980256,168.32674999022856,512,1240
nfcorpus,test,PLAIN-2197,0.92,0.3,0.14,0.95,0.35,0.17,0.8,0.41,0.93,122.29983299039304,114.12020900752395,512,1239
nfcorpus,test,PLAIN-2209,0.83,0.28,0.57,0.89,0.46,0.4,0.03,0.66,0.27,126.9012910197489,125.50558301154524,510,1317
nfcorpus,test,PLAIN-2220,0.61,0.31,0.87,0.88,0.47,0.9,0.54,0.29,0.8,125.07145799463615,112.06866701832041,511,1341
nfcorpus,test,PLAIN-2230,0.48,0.26,0.94,0.47,0.49,0.82,0.04,0.14,0.05,123.13929095398635,116.95795803098008,511,1363
nfcorpus,test,PLAIN-2240,0.66,0.27,0.96,0.88,0.32,0.97,0.85,0.23,0.92,121.88716698437929,117.68025002675131,512,1273
nfcorpus,test,PLAIN-2250,0.58,0.31,0.82,0.66,0.49,0.59,0.09,0.3,0.15,102.4169169832021,137.54550000885502,511,1268
nfcorpus,test,PLAIN-2261,0.84,0.29,0.75,0.9,0.3,0.69,0.83,0.53,0.95,148.6352919600904,154.36750004300848,510,1307
nfcorpus,test,PLAIN-2271,0.91,0.31,0.72,0.94,0.44,0.61,0.14,0.27,0.2,131.99949997942895,131.58541696611792,510,1287
nfcorpus,test,PLAIN-2281,0.78,0.28,0.41,0.77,0.43,0.13,0.03,0.3,0.04,159.9844999727793,162.1249170275405,510,1441
nfcorpus,test,PLAIN-2291,0.78,0.39,0.73,0.88,0.64,0.46,0.21,0.33,0.29,121.62312498549,121.35625001974404,514,1187
nfcorpus,test,PLAIN-2301,0.95,0.34,0.45,0.94,0.62,0.19,0.08,0.47,0.17,123.55870800092816,141.96941698901355,511,1245
nfcorpus,test,PLAIN-2311,0.77,0.31,0.47,0.8,0.45,0.15,0.02,0.17,0.03,172.6728330249898,151.3647919637151,509,1311
nfcorpus,test,PLAIN-2321,0.83,0.43,0.26,0.86,0.64,0.19,0.08,0.29,0.12,137.9378749988973,162.54175000358373,511,1332
nfcorpus,test,PLAIN-2332,0.95,0.31,0.29,0.96,0.43,0.17,0.22,0.68,0.79,134.5340409898199,169.30099995806813,511,1301
nfcorpus,test,PLAIN-2343,0.81,0.25,0.91,0.81,0.43,0.84,0.02,0.6,0.09,113.5236659902148,167.23800002364442,511,1258
nfcorpus,test,PLAIN-2354,0.46,0.32,0.7,0.82,0.49,0.75,0.65,0.62,0.9,160.07041599368677,116.78029200993478,511,1268
nfcorpus,test,PLAIN-2364,0.94,0.44,0.09,0.94,0.51,0.08,0.71,0.46,0.93,131.28754100762308,118.46187501214445,510,1307
nfcorpus,test,PLAIN-2375,0.94,0.35,0.48,0.93,0.45,0.25,0.09,0.28,0.13,147.56249997299165,117.954708985053,510,1249
nfcorpus,test,PLAIN-2386,0.95,0.28,0.12,0.96,0.43,0.1,0.84,0.03,0.92,145.6382920150645,134.48795804288238,509,1311
nfcorpus,test,PLAIN-2396,0.92,0.32,0.9,0.94,0.45,0.69,0.11,0.25,0.15,100.90995801147074,142.82758301123977,510,1351
nfcorpus,test,PLAIN-2408,0.46,0.33,0.95,0.52,0.47,0.84,0.02,0.15,0.03,112.08854196593165,105.21495901048183,511,1292
nfcorpus,test,PLAIN-2430,0.74,0.59,0.73,0.67,0.64,0.58,0.94,0.33,0.96,110.63466698396951,123.63799999002367,518,1280
nfcorpus,test,PLAIN-2440,0.74,0.53,0.22,0.82,0.71,0.21,0.38,0.52,0.63,307.65433300985023,120.3903749701567,519,1233
nfcorpus,test,PLAIN-2450,0.88,0.65,0.31,0.7,0.62,0.36,0.93,0.63,0.97,158.7112079723738,138.99529102491215,514,1258
nfcorpus,test,PLAIN-2460,0.45,0.62,0.89,0.36,0.72,0.83,0.92,0.08,0.92,150.435124989599,138.25904100667685,519,1256
nfcorpus,test,PLAIN-2470,0.57,0.69,0.21,0.77,0.79,0.14,0.87,0.12,0.93,150.9511250187643,110.13512499630451,515,1276
nfcorpus,test,PLAIN-2480,0.67,0.64,0.93,0.66,0.74,0.93,0.51,0.46,0.88,105.89237499516457,134.05479199718684,518,1266
nfcorpus,test,PLAIN-2490,0.91,0.6,0.13,0.9,0.8,0.17,0.17,0.37,0.28,113.1956250173971,112.59587504900992,516,1208
nfcorpus,test,PLAIN-2500,0.54,0.63,0.74,0.72,0.77,0.54,0.2,0.39,0.29,143.26608303235844,151.92491695052013,521,1218
nfcorpus,test,PLAIN-2510,0.87,0.42,0.61,0.82,0.36,0.52,0.91,0.47,0.97,128.62229102756828,183.0624159774743,513,1393
nfcorpus,test,PLAIN-2520,0.84,0.5,0.76,0.87,0.67,0.57,0.21,0.77,0.54,164.88666599616408,120.02508394652978,519,1330
nfcorpus,test,PLAIN-2530,0.31,0.4,0.97,0.29,0.34,0.98,0.92,0.63,0.98,111.72854201868176,132.68183398758993,526,1271
nfcorpus,test,PLAIN-2540,0.82,0.58,0.74,0.88,0.79,0.54,0.18,0.26,0.25,146.86191699001938,128.00258299103007,515,1284
nfcorpus,test,PLAIN-2550,0.8,0.48,0.57,0.87,0.64,0.3,0.34,0.13,0.64,126.58462504623458,111.42637499142438,514,1258
nfcorpus,test,PLAIN-2560,0.78,0.45,0.84,0.63,0.38,0.85,0.95,0.27,0.97,131.81295798858628,124.58099995274097,519,1296
nfcorpus,test,PLAIN-2570,0.73,0.68,0.37,0.86,0.75,0.55,0.19,0.69,0.42,121.23987503582612,156.73366701230407,517,1303
nfcorpus,test,PLAIN-2580,0.78,0.31,0.96,0.71,0.55,0.94,0.04,0.71,0.1,115.29475002316758,126.88137497752905,520,1209
nfcorpus,test,PLAIN-2590,0.7,0.56,0.31,0.58,0.73,0.4,0.9,0.19,0.93,118.32499998854473,120.68745796568692,516,1278
nfcorpus,test,PLAIN-2600,0.85,0.45,0.67,0.71,0.44,0.66,0.95,0.27,0.96,117.5990829942748,156.69224999146536,516,1265
nfcorpus,test,PLAIN-2610,0.84,0.57,0.53,0.85,0.78,0.31,0.44,0.17,0.53,202.08541705505922,116.98070802958682,519,1279
nfcorpus,test,PLAIN-2620,0.64,0.56,0.94,0.41,0.67,0.92,0.04,0.31,0.07,127.82266602152959,138.44391598831862,516,1286
nfcorpus,test,PLAIN-2630,0.74,0.48,0.94,0.47,0.52,0.96,0.95,0.07,0.96,139.71224997658283,117.83604195807129,523,1338
nfcorpus,test,PLAIN-2640,0.65,0.6,0.87,0.68,0.78,0.57,0.14,0.77,0.31,155.20845801802352,120.42358401231468,518,1312
nfcorpus,test,PLAIN-2650,0.78,0.43,0.95,0.57,0.46,0.96,0.96,0.18,0.98,117.15075001120567,119.63770899455994,521,1336
nfcorpus,test,PLAIN-2660,0.7,0.57,0.38,0.7,0.81,0.28,0.08,0.28,0.11,166.51829198235646,116.35399999795482,518,1257
nfcorpus,test,PLAIN-2670,0.3,0.77,0.92,0.16,0.78,0.93,0.96,0.06,0.97,151.65912499651313,113.10870799934492,517,1218
nfcorpus,test,PLAIN-2680,0.72,0.64,0.91,0.69,0.82,0.9,0.7,0.06,0.76,211.42758295172825,110.12670898344368,520,1286
nfcorpus,test,PLAIN-2690,0.72,0.52,0.89,0.7,0.59,0.88,0.8,0.06,0.88,127.73370795184746,119.66312496224418,520,1264
nfcorpus,test,PLAIN-2700,0.78,0.73,0.28,0.88,0.72,0.17,0.36,0.89,0.91,111.87054205220193,113.7914169812575,513,1263
nfcorpus,test,PLAIN-2710,0.77,0.48,0.82,0.68,0.33,0.87,0.94,0.56,0.98,138.84933397639543,123.67795896716416,515,1321
nfcorpus,test,PLAIN-2720,0.81,0.63,0.23,0.83,0.78,0.21,0.02,0.61,0.05,120.57004199596122,144.25050001591444,515,1262
nfcorpus,test,PLAIN-2730,0.48,0.4,0.88,0.72,0.41,0.89,0.69,0.39,0.88,138.59945797594264,128.9102919981815,520,1259
nfcorpus,test,PLAIN-2740,0.7,0.43,0.81,0.66,0.35,0.84,0.95,0.24,0.98,120.91624998720363,155.1398750161752,515,1219
nfcorpus,test,PLAIN-2750,0.66,0.57,0.77,0.6,0.57,0.44,0.95,0.38,0.97,149.75329098524526,187.62250000145286,519,1403
nfcorpus,test,PLAIN-2760,0.87,0.42,0.09,0.89,0.71,0.1,0.15,0.78,0.65,114.28858403814957,126.44837499829009,514,1186
nfcorpus,test,PLAIN-2770,0.44,0.6,0.93,0.52,0.76,0.88,0.58,0.25,0.73,118.39541594963521,166.7807080084458,519,1316
nfcorpus,test,PLAIN-2780,0.57,0.74,0.44,0.55,0.81,0.45,0.88,0.3,0.84,122.91920802090317,121.58020801143721,517,1246
nfcorpus,test,PLAIN-2790,0.8,0.45,0.96,0.8,0.53,0.96,0.1,0.95,0.95,160.8659580233507,116.14362499676645,521,1259
nfcorpus,test,PLAIN-2800,0.8,0.78,0.77,0.73,0.86,0.6,0.11,0.28,0.12,133.6997090256773,124.2803749628365,518,1354
nfcorpus,test,PLAIN-2810,0.53,0.76,0.62,0.61,0.86,0.54,0.19,0.27,0.3,121.23779096873477,122.11833300534636,516,1230
nfcorpus,test,PLAIN-2820,0.73,0.5,0.42,0.78,0.59,0.19,0.75,0.55,0.96,132.7292500063777,188.20383300771937,515,1303
nfcorpus,test,PLAIN-2830,0.68,0.33,0.87,0.85,0.37,0.72,0.82,0.47,0.94,126.55512499623,139.7669999860227,517,1345
nfcorpus,test,PLAIN-2840,0.45,0.54,0.93,0.46,0.81,0.89,0.04,0.56,0.1,144.72512499196455,117.22645797999576,514,1200
nfcorpus,test,PLAIN-2850,0.49,0.7,0.38,0.32,0.8,0.59,0.02,0.94,0.87,116.33095802972093,134.50912502594292,519,1294
nfcorpus,test,PLAIN-2860,0.59,0.5,0.93,0.41,0.57,0.96,0.96,0.1,0.97,148.37704197270796,187.42379202740267,515,1224
nfcorpus,test,PLAIN-2870,0.77,0.59,0.44,0.84,0.55,0.36,0.48,0.34,0.55,128.21129197254777,115.75729097239673,512,1309
nfcorpus,test,PLAIN-2880,0.6,0.53,0.91,0.65,0.59,0.87,0.44,0.14,0.5,125.53204200230539,114.50787499779835,516,1334
nfcorpus,test,PLAIN-2890,0.93,0.54,0.08,0.92,0.67,0.08,0.67,0.53,0.77,159.74849998019636,118.75329096801579,515,1312
nfcorpus,test,PLAIN-2900,0.55,0.67,0.52,0.61,0.85,0.47,0.32,0.24,0.33,138.75916705001146,150.5309590138495,522,1294
nfcorpus,test,PLAIN-2910,0.67,0.64,0.93,0.47,0.82,0.9,0.33,0.1,0.32,149.75704200332984,124.90479199914262,515,1368
nfcorpus,test,PLAIN-2920,0.84,0.45,0.89,0.85,0.48,0.87,0.87,0.15,0.91,143.21229205233976,149.46320798480883,516,1344
nfcorpus,test,PLAIN-2930,0.71,0.54,0.93,0.57,0.77,0.94,0.96,0.07,0.97,150.4788749734871,129.92341601056978,520,1332
nfcorpus,test,PLAIN-2940,0.75,0.34,0.93,0.59,0.56,0.91,0.87,0.09,0.93,138.16504197893664,126.80958304554224,516,1227
nfcorpus,test,PLAIN-2950,0.53,0.65,0.52,0.73,0.65,0.29,0.35,0.41,0.47,113.70004195487127,200.50820900360122,512,1269
nfcorpus,test,PLAIN-2960,0.68,0.59,0.5,0.7,0.71,0.51,0.19,0.3,0.24,214.5335410023108,149.53183301258832,524,1223
nfcorpus,test,PLAIN-2970,0.45,0.52,0.87,0.38,0.74,0.54,0.9,0.03,0.94,119.17000001994893,206.80533297127113,516,1272
nfcorpus,test,PLAIN-2981,0.83,0.35,0.82,0.84,0.51,0.81,0.45,0.04,0.72,142.23462500376627,119.7459579561837,516,1308
nfcorpus,test,PLAIN-2991,0.88,0.51,0.8,0.9,0.73,0.52,0.03,0.31,0.03,117.25750000914559,194.25962504465133,516,1266
nfcorpus,test,PLAIN-3001,0.86,0.48,0.91,0.86,0.66,0.87,0.06,0.35,0.08,161.14208300132304,167.40170802222565,516,1386
nfcorpus,test,PLAIN-3014,0.84,0.74,0.69,0.67,0.79,0.65,0.06,0.47,0.09,115.72800000431016,133.55387496994808,515,1239
nfcorpus,test,PLAIN-3026,0.43,0.48,0.72,0.62,0.74,0.63,0.04,0.86,0.1,146.67712501250207,193.23429104406387,515,1323
nfcorpus,test,PLAIN-3037,0.65,0.51,0.31,0.75,0.6,0.23,0.1,0.86,0.53,114.22850005328655,119.11500000860542,516,1165
nfcorpus,test,PLAIN-3053,0.91,0.32,0.87,0.85,0.4,0.93,0.91,0.21,0.92,118.1994589860551,217.81125001143664,511,1326
nfcorpus,test,PLAIN-3063,0.85,0.79,0.87,0.88,0.85,0.88,0.1,0.32,0.14,124.27483400097117,148.2798750512302,515,1301
nfcorpus,test,PLAIN-3074,0.26,0.64,0.95,0.36,0.8,0.93,0.31,0.11,0.44,155.90708301169798,127.53475003410131,522,1275
nfcorpus,test,PLAIN-3085,0.75,0.46,0.75,0.61,0.7,0.7,0.14,0.82,0.53,132.38274998730049,118.8553330139257,518,1272
nfcorpus,test,PLAIN-3097,0.93,0.5,0.87,0.82,0.52,0.93,0.93,0.19,0.94,118.55308298254386,157.12054102914408,513,1240
nfcorpus,test,PLAIN-3116,0.85,0.43,0.41,0.86,0.57,0.29,0.39,0.21,0.51,142.5868339720182,120.41774997487664,520,1271
nfcorpus,test,PLAIN-3131,0.7,0.65,0.7,0.87,0.81,0.53,0.11,0.69,0.6,120.91133301146328,118.76137502258644,516,1237
nfcorpus,test,PLAIN-3141,0.84,0.49,0.71,0.79,0.77,0.44,0.78,0.31,0.85,123.27658297726884,131.5939580090344,518,1353
nfcorpus,test,PLAIN-3151,0.61,0.72,0.78,0.68,0.75,0.29,0.92,0.4,0.96,109.13112497655675,126.87483301851898,520,1260
nfcorpus,test,PLAIN-3161,0.25,0.66,0.64,0.24,0.83,0.56,0.92,0.05,0.94,127.05800001276657,178.275250014849,517,1279
nfcorpus,test,PLAIN-3171,0.9,0.51,0.58,0.86,0.69,0.22,0.14,0.76,0.48,168.7524999724701,128.8461250369437,513,1314
nfcorpus,test,PLAIN-3181,0.65,0.71,0.85,0.76,0.81,0.66,0.05,0.49,0.08,187.94099998194724,158.38841599179432,515,1262
nfcorpus,test,PLAIN-3191,0.53,0.79,0.87,0.47,0.85,0.72,0.13,0.19,0.18,111.70762497931719,106.27424996346235,518,1359
nfcorpus,test,PLAIN-3201,0.82,0.51,0.64,0.87,0.59,0.43,0.6,0.49,0.9,116.12941598286852,159.79795902967453,513,1273
nfcorpus,test,PLAIN-3211,0.86,0.51,0.25,0.89,0.68,0.25,0.57,0.05,0.66,167.94008400756866,132.26487499196082,514,1286
nfcorpus,test,PLAIN-3221,0.8,0.36,0.88,0.83,0.41,0.84,0.92,0.25,0.95,115.45083398232237,214.10458302125335,514,1225
nfcorpus,test,PLAIN-3231,0.88,0.43,0.92,0.86,0.67,0.93,0.45,0.19,0.53,190.10141701437533,116.31695897085592,515,1322
nfcorpus,test,PLAIN-3241,0.55,0.57,0.9,0.53,0.69,0.9,0.74,0.04,0.79,117.14020796352997,114.05024997657165,516,1337
nfcorpus,test,PLAIN-3251,0.78,0.26,0.93,0.88,0.27,0.96,0.63,0.35,0.82,110.49458401976153,126.37133401585743,511,1317
nfcorpus,test,PLAIN-3261,0.94,0.46,0.95,0.94,0.53,0.94,0.61,0.23,0.69,156.94958297535777,116.85295798815787,514,1310
nfcorpus,test,PLAIN-3271,0.85,0.54,0.83,0.8,0.7,0.84,0.32,0.64,0.71,137.3079580371268,124.16491704061627,517,1312
nfcorpus,test,PLAIN-3281,0.81,0.46,0.83,0.84,0.69,0.71,0.27,0.17,0.39,149.1610410157591,157.72537502925843,517,1275
nfcorpus,test,PLAIN-3292,0.85,0.61,0.46,0.9,0.77,0.17,0.51,0.65,0.83,134.40091698430479,245.25941698811948,516,1324
nfcorpus,test,PLAIN-3302,0.84,0.39,0.57,0.87,0.55,0.41,0.15,0.26,0.21,158.2007080432959,131.2971250154078,510,1205
nfcorpus,test,PLAIN-3312,0.75,0.5,0.72,0.41,0.72,0.68,0.96,0.04,0.96,179.51387504581362,128.55912500526756,519,1309
nfcorpus,test,PLAIN-3322,0.93,0.53,0.2,0.9,0.48,0.13,0.72,0.48,0.93,144.5020000101067,190.1940000243485,513,1314
nfcorpus,test,PLAIN-3332,0.87,0.41,0.17,0.89,0.45,0.14,0.95,0.1,0.97,131.1967090005055,137.62774999486282,517,1276
nfcorpus,test,PLAIN-3342,0.85,0.64,0.71,0.92,0.8,0.28,0.3,0.54,0.44,140.61920798849314,140.09966695448384,515,1237
nfcorpus,test,PLAIN-3352,0.88,0.63,0.42,0.86,0.82,0.34,0.09,0.3,0.13,181.93558399798349,133.29962501302361,515,1310
nfcorpus,test,PLAIN-3362,0.84,0.43,0.87,0.75,0.53,0.93,0.81,0.05,0.85,125.93495799228549,131.1320000095293,512,1307
nfcorpus,test,PLAIN-3372,0.88,0.57,0.14,0.87,0.79,0.13,0.2,0.77,0.59,177.75041598360986,135.81304205581546,515,1223
nfcorpus,test,PLAIN-3382,0.8,0.58,0.34,0.85,0.66,0.17,0.76,0.77,0.94,140.22254099836573,114.71729201730341,515,1354
nfcorpus,test,PLAIN-3392,0.63,0.71,0.23,0.75,0.82,0.15,0.09,0.39,0.1,136.18912495439872,111.86904198257253,514,1295
nfcorpus,test,PLAIN-3402,0.65,0.37,0.62,0.69,0.35,0.5,0.73,0.19,0.85,129.4971250463277,117.0061249868013,519,1202
nfcorpus,test,PLAIN-3412,0.82,0.45,0.5,0.84,0.65,0.47,0.83,0.04,0.83,119.60370902670547,123.01158398622647,513,1276
nfcorpus,test,PLAIN-3422,0.91,0.62,0.16,0.91,0.8,0.15,0.32,0.72,0.75,124.19966701418161,111.40345904277638,513,1240
nfcorpus,test,PLAIN-3432,0.69,0.59,0.25,0.79,0.81,0.2,0.1,0.29,0.1,173.02795802243054,179.1730840341188,513,1239
nfcorpus,test,PLAIN-3442,0.86,0.48,0.12,0.88,0.77,0.11,0.08,0.49,0.15,149.17958294972777,130.5506249773316,515,1259
nfcorpus,test,PLAIN-3452,0.76,0.35,0.41,0.82,0.37,0.27,0.88,0.22,0.94,191.11358298687264,160.48975003650412,512,1276
nfcorpus,test,PLAIN-3462,0.79,0.41,0.76,0.76,0.46,0.76,0.93,0.22,0.96,124.18408301891759,118.06520802201703,515,1284
nfcorpus,test,PLAIN-3472,0.7,0.49,0.32,0.74,0.71,0.27,0.13,0.51,0.33,164.25537504255772,138.86433298466727,519,1274
arguana,test,test-environment-aeghhgwpe-pro02a,0.39,0.8,0.86,0.38,0.85,0.83,0.51,0.29,0.64,117.25812504300848,122.04312498215586,750,1432
arguana,test,test-environment-aeghhgwpe-pro01a,0.32,0.78,0.92,0.37,0.86,0.91,0.56,0.9,0.75,155.32391698798165,175.4803750081919,758,1400
arguana,test,test-environment-aeghhgwpe-pro03a,0.32,0.81,0.89,0.29,0.88,0.79,0.8,0.1,0.86,259.4889590400271,160.3728749905713,771,1432
arguana,test,test-environment-aeghhgwpe-pro04a,0.24,0.87,0.93,0.28,0.87,0.92,0.69,0.14,0.81,133.04262497695163,122.69054196076468,691,1358
arguana,test,test-environment-aeghhgwpe-con02a,0.37,0.79,0.86,0.39,0.85,0.83,0.81,0.11,0.89,151.38729201862589,130.76741597615182,671,1342
arguana,test,test-environment-aeghhgwpe-con03a,0.46,0.8,0.95,0.42,0.83,0.93,0.87,0.13,0.92,128.51345801027492,117.33516602544114,667,1314
arguana,test,test-environment-aeghhgwpe-con01a,0.44,0.81,0.19,0.48,0.86,0.2,0.38,0.5,0.68,119.54208300448954,132.38570897374302,728,1347
arguana,test,test-environment-assgbatj-pro02a,0.36,0.84,0.43,0.26,0.87,0.69,0.87,0.4,0.89,110.17266701674089,109.8234579549171,632,1271
arguana,test,test-environment-assgbatj-pro05a,0.67,0.79,0.95,0.57,0.85,0.94,0.84,0.12,0.87,117.88974999217317,203.47275002859533,589,1168
arguana,test,test-environment-assgbatj-pro01a,0.46,0.8,0.23,0.42,0.84,0.44,0.9,0.18,0.93,148.40854203794152,112.65395802911371,679,1318
arguana,test,test-environment-assgbatj-pro03a,0.37,0.8,0.25,0.41,0.87,0.25,0.7,0.43,0.83,115.34895794466138,119.26845903508365,631,1244
arguana,test,test-environment-assgbatj-pro04a,0.65,0.8,0.67,0.49,0.83,0.82,0.92,0.11,0.93,141.4711669785902,144.3405420286581,598,1257
arguana,test,test-environment-assgbatj-con02a,0.38,0.82,0.8,0.38,0.87,0.88,0.79,0.38,0.88,124.86174999503419,133.74679198022932,591,1222
arguana,test,test-environment-assgbatj-con05a,0.53,0.8,0.18,0.41,0.87,0.23,0.93,0.15,0.93,117.51229199580848,126.94783398183063,612,1271
arguana,test,test-environment-assgbatj-con04a,0.56,0.8,0.92,0.44,0.85,0.93,0.93,0.08,0.94,132.13575002737343,129.5679589966312,590,1231
arguana,test,test-environment-assgbatj-con03a,0.43,0.81,0.14,0.38,0.86,0.23,0.89,0.14,0.92,175.8970000082627,190.47962501645088,619,1206
arguana,test,test-environment-assgbatj-con01a,0.47,0.82,0.2,0.38,0.88,0.2,0.83,0.29,0.89,123.52962500881404,109.77775003993884,590,1233
arguana,test,test-environment-aiahwagit-pro02a,0.25,0.84,0.93,0.36,0.89,0.87,0.16,0.87,0.76,123.0593750369735,113.18533297162503,674,1381
arguana,test,test-environment-aiahwagit-pro05a,0.31,0.84,0.93,0.42,0.85,0.93,0.14,0.38,0.24,138.2947909878567,111.51541699655354,700,1395
arguana,test,test-environment-aiahwagit-pro01a,0.29,0.79,0.92,0.36,0.87,0.91,0.49,0.23,0.75,131.79154199315235,111.67220905190334,668,1289
arguana,test,test-environment-aiahwagit-pro03a,0.37,0.82,0.9,0.48,0.87,0.86,0.36,0.48,0.57,111.45558301359415,150.919875013642,655,1309
arguana,test,test-environment-aiahwagit-pro04a,0.23,0.83,0.95,0.3,0.88,0.93,0.21,0.33,0.35,149.9986249837093,141.8999579618685,695,1386
arguana,test,test-environment-aiahwagit-con02a,0.37,0.86,0.87,0.49,0.91,0.8,0.17,0.86,0.76,129.74695902084932,148.78599997609854,660,1280
arguana,test,test-environment-aiahwagit-con04a,0.31,0.82,0.92,0.48,0.9,0.85,0.17,0.76,0.63,114.37174997990951,139.70958295976743,759,1462
arguana,test,test-environment-aiahwagit-con03a,0.32,0.82,0.92,0.35,0.9,0.85,0.13,0.87,0.9,112.35866695642471,111.38212494552135,751,1402
arguana,test,test-environment-aiahwagit-con01a,0.32,0.86,0.9,0.35,0.87,0.82,0.14,0.83,0.76,117.38620896358043,166.85895796399564,666,1299
arguana,test,test-environment-ehwsnwu-pro02a,0.4,0.84,0.84,0.43,0.84,0.83,0.93,0.15,0.94,123.25825000880286,123.49149998044595,747,1403
arguana,test,test-environment-ehwsnwu-pro01a,0.57,0.79,0.82,0.49,0.86,0.86,0.87,0.25,0.87,126.23924994841218,133.58445902122185,732,1385
arguana,test,test-environment-ehwsnwu-con02a,0.33,0.85,0.92,0.32,0.89,0.92,0.81,0.26,0.92,129.32425003964454,121.28358299378306,773,1423
arguana,test,test-environment-ehwsnwu-con03a,0.27,0.82,0.95,0.27,0.87,0.96,0.94,0.11,0.95,112.80333303147927,140.04824997391552,761,1379
arguana,test,test-environment-ehwsnwu-con01a,0.21,0.74,0.92,0.24,0.84,0.9,0.94,0.1,0.95,113.86683396995068,119.62558300001547,706,1359
arguana,test,test-environment-chbwtlgcc-pro02a,0.42,0.79,0.95,0.44,0.85,0.92,0.48,0.51,0.7,122.3393750260584,121.40366603853181,687,1368
arguana,test,test-environment-chbwtlgcc-pro01a,0.3,0.78,0.97,0.46,0.83,0.95,0.47,0.41,0.57,113.63758303923532,165.3845839900896,781,1448
arguana,test,test-environment-chbwtlgcc-pro03a,0.37,0.81,0.95,0.47,0.85,0.93,0.31,0.68,0.62,124.08158305333927,149.0706250187941,743,1384
arguana,test,test-environment-chbwtlgcc-pro04a,0.35,0.69,0.9,0.36,0.82,0.81,0.14,0.53,0.24,125.99529197905213,115.82612502388656,787,1452
arguana,test,test-environment-chbwtlgcc-con02a,0.47,0.82,0.9,0.46,0.87,0.87,0.46,0.74,0.8,124.64999995427206,156.31066699279472,684,1213
arguana,test,test-environment-chbwtlgcc-con03a,0.6,0.78,0.85,0.62,0.86,0.74,0.21,0.66,0.49,119.2464170162566,120.89962500613183,742,1401
arguana,test,test-environment-chbwtlgcc-con01a,0.41,0.7,0.96,0.44,0.76,0.97,0.3,0.71,0.71,111.25979200005531,117.8126250160858,700,1353
arguana,test,test-environment-opecewiahw-pro02a,0.21,0.77,0.96,0.32,0.85,0.95,0.78,0.24,0.9,120.21062499843538,125.61383296269923,663,1358
arguana,test,test-environment-opecewiahw-pro01a,0.49,0.76,0.94,0.49,0.81,0.96,0.21,0.86,0.71,174.2865839623846,121.8307499657385,793,1486
arguana,test,test-environment-opecewiahw-pro03a,0.54,0.79,0.97,0.41,0.85,0.96,0.6,0.31,0.74,130.90754102449864,111.9516670005396,784,1493
arguana,test,test-environment-opecewiahw-pro04a,0.41,0.81,0.88,0.43,0.88,0.78,0.09,0.34,0.14,116.34620901895687,117.09804204292595,590,1299
arguana,test,test-environment-opecewiahw-con02a,0.46,0.8,0.94,0.56,0.82,0.94,0.53,0.34,0.72,130.6457919999957,113.85033302940428,667,1395
arguana,test,test-environment-opecewiahw-con04a,0.21,0.85,0.97,0.23,0.89,0.96,0.12,0.73,0.62,118.92966699087992,171.64200003026053,734,1426
arguana,test,test-environment-opecewiahw-con03a,0.32,0.73,0.96,0.39,0.81,0.95,0.07,0.71,0.31,121.18283298332244,159.09058297984302,665,1373
arguana,test,test-environment-opecewiahw-con01a,0.19,0.82,0.96,0.28,0.89,0.96,0.12,0.76,0.65,123.14275000244379,117.22441599704325,751,1447
arguana,test,test-health-hdond-pro02a,0.26,0.8,0.57,0.25,0.87,0.61,0.38,0.76,0.85,130.73491695104167,137.22929102368653,720,1349
arguana,test,test-health-hdond-pro01a,0.52,0.72,0.48,0.4,0.75,0.54,0.35,0.77,0.68,150.819499976933,121.72862497391179,744,1403
arguana,test,test-health-hdond-pro03a,0.28,0.81,0.34,0.34,0.87,0.38,0.82,0.22,0.88,139.14629200007766,116.40170804457739,743,1388
arguana,test,test-health-hdond-pro04a,0.28,0.85,0.49,0.37,0.88,0.49,0.81,0.44,0.89,124.36570803401992,114.17616700055078,681,1344
arguana,test,test-health-hdond-con02a,0.51,0.79,0.35,0.23,0.86,0.34,0.92,0.08,0.94,117.95458302367479,134.41791699733585,654,1317
arguana,test,test-health-hdond-con04a,0.27,0.82,0.91,0.28,0.87,0.87,0.7,0.73,0.85,205.29358397470787,126.99362501734868,667,1331
arguana,test,test-health-hdond-con03a,0.24,0.85,0.83,0.27,0.86,0.82,0.77,0.51,0.9,115.14045897638425,119.69662498449907,664,1317
arguana,test,test-health-hdond-con01a,0.49,0.84,0.74,0.47,0.89,0.78,0.5,0.29,0.79,115.3617090312764,151.8197080004029,702,1359
arguana,test,test-health-ppelfhwbpba-pro02a,0.39,0.84,0.83,0.37,0.88,0.85,0.83,0.2,0.82,116.41512502683327,111.16958304774016,601,1221
arguana,test,test-health-ppelfhwbpba-pro01a,0.28,0.78,0.95,0.35,0.84,0.93,0.82,0.12,0.89,120.06829201709479,112.80920897843316,691,1338
arguana,test,test-health-ppelfhwbpba-pro03a,0.34,0.83,0.84,0.42,0.86,0.76,0.75,0.23,0.82,121.50554195977747,103.19799999706447,683,1309
arguana,test,test-health-ppelfhwbpba-pro04a,0.29,0.87,0.95,0.35,0.89,0.93,0.79,0.27,0.8,163.04112499346957,114.6595409954898,723,1369
arguana,test,test-health-ppelfhwbpba-con02a,0.29,0.79,0.84,0.3,0.88,0.87,0.2,0.71,0.7,129.49854199541733,128.52233299054205,644,1291
arguana,test,test-health-ppelfhwbpba-con03a,0.22,0.85,0.95,0.29,0.89,0.92,0.13,0.73,0.51,129.4826659723185,165.78304202994332,669,1328
arguana,test,test-health-ppelfhwbpba-con01a,0.57,0.8,0.55,0.53,0.84,0.54,0.18,0.69,0.44,122.0475000445731,154.91945802932605,635,1268
arguana,test,test-health-dhgsshbesbc-pro02a,0.61,0.77,0.9,0.64,0.86,0.88,0.2,0.62,0.61,112.29683400597423,113.9907090109773,648,1319
arguana,test,test-health-dhgsshbesbc-pro01a,0.55,0.8,0.86,0.56,0.86,0.84,0.33,0.6,0.65,131.47187500726432,121.81699997745454,740,1390
arguana,test,test-health-dhgsshbesbc-pro03a,0.47,0.77,0.91,0.54,0.85,0.88,0.54,0.34,0.7,134.48654097737744,163.83949998999014,677,1346
arguana,test,test-health-dhgsshbesbc-pro04a,0.45,0.77,0.77,0.51,0.86,0.81,0.23,0.75,0.57,161.26283397898078,173.34933299571276,642,1277
arguana,test,test-health-dhgsshbesbc-con02a,0.28,0.84,0.9,0.26,0.88,0.86,0.3,0.82,0.83,124.56950003979728,162.98779100179672,708,1379
arguana,test,test-health-dhgsshbesbc-con03a,0.47,0.81,0.75,0.32,0.88,0.67,0.69,0.6,0.91,173.20608301088214,112.63074999442324,620,1229
arguana,test,test-health-dhgsshbesbc-con01a,0.37,0.79,0.72,0.34,0.88,0.75,0.67,0.28,0.71,129.0792500367388,151.6495409887284,752,1387
arguana,test,test-health-dhiacihwph-pro02a,0.44,0.85,0.86,0.46,0.88,0.72,0.19,0.24,0.31,108.49929199321195,114.93945796974003,651,1343
arguana,test,test-health-dhiacihwph-pro01a,0.33,0.79,0.93,0.42,0.86,0.9,0.16,0.87,0.68,116.88520800089464,114.58637501345947,718,1401
arguana,test,test-health-dhiacihwph-pro03a,0.37,0.83,0.55,0.42,0.88,0.63,0.55,0.34,0.6,110.39291700581089,115.80525001045316,673,1342
arguana,test,test-health-dhiacihwph-pro04a,0.31,0.82,0.84,0.33,0.86,0.8,0.13,0.85,0.63,167.13150002760813,123.0839160270989,665,1341
arguana,test,test-health-dhiacihwph-con02a,0.36,0.82,0.82,0.4,0.88,0.69,0.29,0.8,0.76,165.56449997005984,116.122167033609,652,1313
arguana,test,test-health-dhiacihwph-con03a,0.43,0.81,0.87,0.45,0.88,0.78,0.24,0.67,0.61,155.04720801254734,148.59204198000953,672,1366
arguana,test,test-health-dhiacihwph-con01a,0.39,0.81,0.95,0.38,0.87,0.91,0.39,0.28,0.51,141.9931249693036,121.89975002547726,669,1347
arguana,test,test-health-ahiahbgbsp-pro02a,0.3,0.8,0.91,0.33,0.87,0.91,0.84,0.65,0.92,123.84537496836856,115.90741702821106,682,1347
arguana,test,test-health-ahiahbgbsp-pro05a,0.5,0.75,0.93,0.46,0.84,0.91,0.87,0.14,0.9,154.411917028483,114.60429197177291,701,1392
arguana,test,test-health-ahiahbgbsp-pro01a,0.45,0.77,0.93,0.38,0.86,0.94,0.9,0.13,0.93,123.81824996555224,156.30525001324713,789,1494
arguana,test,test-health-ahiahbgbsp-pro03a,0.32,0.77,0.84,0.31,0.9,0.74,0.67,0.51,0.89,168.05808304343373,132.37054197816178,623,1268
arguana,test,test-health-ahiahbgbsp-pro04a,0.39,0.85,0.92,0.48,0.86,0.87,0.4,0.28,0.46,191.79237500065938,118.86216601124033,653,1289
arguana,test,test-health-ahiahbgbsp-con02a,0.44,0.83,0.94,0.44,0.87,0.92,0.54,0.55,0.75,116.24483304331079,120.72124995756894,717,1339
arguana,test,test-health-ahiahbgbsp-con04a,0.51,0.8,0.92,0.44,0.87,0.9,0.6,0.52,0.83,121.88387499190867,252.8359160060063,617,1248
arguana,test,test-health-ahiahbgbsp-con03a,0.33,0.76,0.88,0.32,0.88,0.84,0.93,0.15,0.94,115.48712500371039,135.5127920396626,655,1307
arguana,test,test-health-ahiahbgbsp-con01a,0.53,0.86,0.49,0.33,0.88,0.58,0.88,0.53,0.93,119.97154197888449,109.89054199308157,600,1277
arguana,test,test-health-hgwhwbjfs-pro02a,0.52,0.8,0.82,0.64,0.88,0.76,0.6,0.55,0.78,117.74633300956339,167.47266700258479,702,1368
arguana,test,test-health-hgwhwbjfs-pro01a,0.6,0.68,0.78,0.66,0.79,0.73,0.4,0.66,0.71,137.94108398724347,149.66929197544232,752,1408
arguana,test,test-health-hgwhwbjfs-pro03a,0.36,0.8,0.8,0.45,0.85,0.71,0.42,0.62,0.81,143.41550000244752,158.79566699732095,784,1468
arguana,test,test-health-hgwhwbjfs-con02a,0.43,0.84,0.88,0.39,0.89,0.85,0.19,0.84,0.83,125.27879100525752,130.58524997904897,749,1399
arguana,test,test-health-hgwhwbjfs-con04a,0.64,0.73,0.73,0.59,0.82,0.69,0.57,0.5,0.73,125.51379099022597,145.81587497377768,740,1408
arguana,test,test-health-hgwhwbjfs-con03a,0.32,0.8,0.94,0.41,0.87,0.89,0.23,0.33,0.39,155.2845420083031,128.55704099638388,798,1463
arguana,test,test-health-hgwhwbjfs-con01a,0.6,0.81,0.18,0.51,0.89,0.23,0.24,0.68,0.64,121.52620899723843,131.9952080375515,738,1391
arguana,test,test-health-hpehwadvoee-pro02a,0.48,0.81,0.88,0.6,0.86,0.87,0.54,0.28,0.77,120.13766699237749,130.81437500659376,640,1221
arguana,test,test-health-hpehwadvoee-pro05a,0.36,0.83,0.91,0.46,0.87,0.85,0.1,0.51,0.21,111.12533300183713,129.35812497744337,758,1426
arguana,test,test-health-hpehwadvoee-pro01a,0.32,0.79,0.89,0.43,0.88,0.83,0.28,0.6,0.68,123.49183403421193,158.18770800251514,725,1394
arguana,test,test-health-hpehwadvoee-pro03a,0.59,0.83,0.18,0.68,0.87,0.19,0.75,0.15,0.84,206.55270898714662,164.16554199531674,695,1349
arguana,test,test-health-hpehwadvoee-pro04a,0.47,0.79,0.9,0.52,0.88,0.88,0.31,0.79,0.74,139.36908304458484,122.76929203653708,793,1444
arguana,test,test-health-hpehwadvoee-con02a,0.52,0.84,0.86,0.45,0.89,0.82,0.36,0.82,0.78,131.15179096348584,133.73945897910744,683,1336
arguana,test,test-health-hpehwadvoee-con05a,0.39,0.86,0.81,0.35,0.88,0.75,0.66,0.61,0.86,132.66958302119747,128.95541702164337,665,1345
arguana,test,test-health-hpehwadvoee-con04a,0.32,0.85,0.79,0.36,0.88,0.71,0.53,0.7,0.89,148.2982090092264,123.93416604027152,652,1314
arguana,test,test-health-hpehwadvoee-con03a,0.38,0.84,0.16,0.38,0.89,0.18,0.66,0.33,0.83,123.16558399470523,123.80275002215058,689,1343
arguana,test,test-health-hpehwadvoee-con01a,0.5,0.84,0.18,0.44,0.88,0.17,0.57,0.38,0.8,111.3055000314489,166.62799997720867,676,1344
arguana,test,test-health-dhghwapgd-pro02a,0.43,0.75,0.89,0.48,0.87,0.88,0.19,0.89,0.85,109.42691698437557,148.8345839898102,751,1443
arguana,test,test-health-dhghwapgd-pro05a,0.45,0.84,0.25,0.36,0.82,0.53,0.92,0.26,0.92,176.37341696536168,135.90333296451718,740,1343
arguana,test,test-health-dhghwapgd-pro01a,0.53,0.81,0.85,0.44,0.88,0.87,0.68,0.28,0.83,152.4031250155531,116.92587495781481,744,1400
arguana,test,test-health-dhghwapgd-pro03a,0.41,0.78,0.93,0.37,0.85,0.92,0.7,0.22,0.79,122.03562498325482,149.4434589985758,755,1411
arguana,test,test-health-dhghwapgd-pro04a,0.53,0.76,0.68,0.34,0.79,0.84,0.79,0.52,0.86,129.70045901602134,170.2841249643825,754,1423
arguana,test,test-health-dhghwapgd-con02a,0.55,0.76,0.77,0.41,0.85,0.81,0.78,0.16,0.88,114.52870804350823,156.409207964316,755,1422
arguana,test,test-health-dhghwapgd-con04a,0.46,0.75,0.57,0.39,0.84,0.56,0.65,0.16,0.86,116.55616702046245,208.87108403258026,743,1404
arguana,test,test-health-dhghwapgd-con03a,0.61,0.68,0.41,0.57,0.75,0.47,0.66,0.14,0.77,112.46074998052791,120.11383398203179,743,1412
arguana,test,test-health-dhghwapgd-con01a,0.45,0.83,0.93,0.45,0.87,0.92,0.62,0.27,0.79,118.41279099462554,164.53658300451934,749,1353
arguana,test,test-health-dhghhbampt-pro02a,0.31,0.82,0.89,0.38,0.87,0.86,0.17,0.73,0.5,116.8528749840334,121.08862504828721,696,1348
arguana,test,test-health-dhghhbampt-pro01a,0.32,0.78,0.88,0.41,0.86,0.8,0.3,0.69,0.75,159.3373329960741,152.86825003568083,748,1420
arguana,test,test-health-dhghhbampt-pro03a,0.52,0.78,0.69,0.45,0.85,0.61,0.62,0.38,0.8,141.99479104718193,113.54904202744365,746,1411
arguana,test,test-health-dhghhbampt-con02a,0.76,0.81,0.19,0.64,0.88,0.19,0.49,0.61,0.71,128.2867499976419,115.03629200160503,690,1350
arguana,test,test-health-dhghhbampt-con03a,0.67,0.85,0.14,0.58,0.89,0.14,0.69,0.22,0.77,137.40337500348687,151.12116595264524,620,1260
arguana,test,test-health-dhghhbampt-con01a,0.81,0.81,0.12,0.66,0.89,0.16,0.41,0.47,0.69,115.9506660187617,185.87924999883398,652,1295
arguana,test,test-health-dhpelhbass-pro02a,0.4,0.71,0.95,0.36,0.81,0.92,0.75,0.3,0.83,128.82758397608995,162.32633299659938,738,1403
arguana,test,test-health-dhpelhbass-pro01a,0.53,0.75,0.86,0.53,0.82,0.86,0.74,0.39,0.87,129.03800001367927,132.14254198828712,736,1392
arguana,test,test-health-dhpelhbass-pro03a,0.48,0.75,0.94,0.53,0.85,0.9,0.16,0.88,0.67,129.8253340064548,150.0079170218669,740,1365
arguana,test,test-health-dhpelhbass-con02a,0.29,0.76,0.92,0.45,0.87,0.88,0.29,0.76,0.6,158.46108400728554,163.83970802417025,768,1428
arguana,test,test-health-dhpelhbass-con04a,0.29,0.78,0.84,0.31,0.85,0.76,0.78,0.34,0.83,130.61154203023762,182.99333297181875,745,1416
arguana,test,test-health-dhpelhbass-con03a,0.2,0.81,0.95,0.29,0.86,0.9,0.67,0.33,0.8,131.81962503585964,155.03829199587926,809,1456
arguana,test,test-health-dhpelhbass-con01a,0.26,0.75,0.88,0.33,0.85,0.86,0.2,0.73,0.64,116.57900002319366,121.33191601606086,747,1409
arguana,test,test-sport-aastshsrqsar-pro02a,0.44,0.77,0.93,0.46,0.84,0.91,0.64,0.32,0.78,125.30054198578,127.80716601992026,690,1395
arguana,test,test-sport-aastshsrqsar-pro01a,0.29,0.79,0.94,0.39,0.84,0.9,0.49,0.63,0.83,208.67874997202307,132.08204100374132,679,1368
arguana,test,test-sport-aastshsrqsar-pro03a,0.2,0.81,0.94,0.31,0.84,0.94,0.61,0.71,0.72,129.3537089950405,120.46949996147305,668,1280
arguana,test,test-sport-aastshsrqsar-con02a,0.25,0.78,0.96,0.34,0.87,0.95,0.09,0.4,0.11,121.45987502299249,140.56187501410022,660,1322
arguana,test,test-sport-aastshsrqsar-con04a,0.31,0.81,0.94,0.36,0.87,0.94,0.59,0.38,0.75,154.19083402957767,136.08566601760685,700,1353
arguana,test,test-sport-aastshsrqsar-con03a,0.29,0.8,0.95,0.35,0.85,0.93,0.5,0.22,0.68,120.00808300217614,120.57099997764453,669,1357
arguana,test,test-sport-aastshsrqsar-con01a,0.38,0.78,0.95,0.42,0.87,0.94,0.64,0.57,0.85,105.82770797191188,119.58570795832202,688,1334
arguana,test,test-sport-otshwbe2uuyt-pro02a,0.27,0.8,0.95,0.35,0.87,0.94,0.61,0.62,0.78,113.65187499905005,120.06358301732689,757,1412
arguana,test,test-sport-otshwbe2uuyt-pro01a,0.29,0.85,0.97,0.37,0.88,0.97,0.22,0.69,0.6,116.52416602009907,138.3242500014603,785,1487
arguana,test,test-sport-otshwbe2uuyt-pro03a,0.3,0.84,0.95,0.28,0.89,0.95,0.49,0.48,0.77,135.08770801126957,141.12325001042336,725,1422
arguana,test,test-sport-otshwbe2uuyt-con02a,0.3,0.77,0.96,0.45,0.84,0.96,0.35,0.61,0.66,164.6488750120625,128.37879202561453,749,1384
arguana,test,test-sport-otshwbe2uuyt-con05a,0.36,0.8,0.97,0.42,0.87,0.96,0.53,0.4,0.74,126.29633402684703,127.54854199010879,751,1433
arguana,test,test-sport-otshwbe2uuyt-con04a,0.39,0.83,0.96,0.4,0.87,0.96,0.51,0.58,0.78,119.6523749968037,162.921582988929,716,1351
arguana,test,test-sport-otshwbe2uuyt-con03a,0.47,0.74,0.97,0.48,0.83,0.96,0.37,0.41,0.59,130.7497910456732,140.7301669823937,778,1468
arguana,test,test-sport-otshwbe2uuyt-con01a,0.26,0.82,0.96,0.41,0.88,0.95,0.6,0.35,0.76,103.84987498400733,122.8057499974966,730,1424
arguana,test,test-sport-ybfgsohbhog-pro02a,0.45,0.81,0.55,0.52,0.82,0.74,0.63,0.48,0.9,152.31083397520706,155.81933304201812,769,1472
arguana,test,test-sport-ybfgsohbhog-pro01a,0.4,0.69,0.91,0.42,0.77,0.89,0.65,0.76,0.89,132.07537500420585,148.3881669701077,706,1413
arguana,test,test-sport-ybfgsohbhog-pro03a,0.5,0.83,0.94,0.46,0.87,0.95,0.54,0.42,0.6,118.33487503463402,196.41416595550254,730,1433
arguana,test,test-sport-ybfgsohbhog-pro04a,0.38,0.81,0.9,0.43,0.86,0.88,0.9,0.12,0.93,106.04283300926909,167.8132499800995,656,1361
arguana,test,test-sport-ybfgsohbhog-con02a,0.26,0.77,0.91,0.24,0.88,0.86,0.88,0.2,0.92,136.9018330005929,125.4908749833703,701,1387
arguana,test,test-sport-ybfgsohbhog-con03a,0.33,0.73,0.92,0.34,0.83,0.92,0.79,0.23,0.88,156.69920801883563,162.32287499587983,735,1430
arguana,test,test-sport-ybfgsohbhog-con01a,0.24,0.81,0.94,0.26,0.86,0.94,0.77,0.17,0.91,125.12645800597966,118.57958300970495,806,1497
arguana,test,test-sport-tshbmlbscac-pro02a,0.41,0.75,0.94,0.49,0.84,0.93,0.52,0.35,0.79,140.03220800077543,142.25858298595995,765,1458
arguana,test,test-sport-tshbmlbscac-pro01a,0.33,0.78,0.92,0.36,0.87,0.88,0.38,0.68,0.75,120.19312498159707,120.12224999489263,789,1491
arguana,test,test-sport-tshbmlbscac-pro03a,0.32,0.81,0.9,0.36,0.88,0.8,0.21,0.44,0.49,152.7493330067955,139.0268339891918,792,1485
arguana,test,test-sport-tshbmlbscac-pro04a,0.33,0.83,0.92,0.36,0.88,0.89,0.52,0.41,0.75,141.52633299818262,123.38704202556983,771,1425
arguana,test,test-sport-tshbmlbscac-con02a,0.23,0.79,0.92,0.29,0.86,0.9,0.7,0.64,0.84,111.2705419654958,135.84724999964237,690,1373
arguana,test,test-sport-tshbmlbscac-con04a,0.27,0.77,0.95,0.33,0.87,0.94,0.14,0.67,0.56,165.43766699032858,144.54341697273776,790,1479
arguana,test,test-sport-tshbmlbscac-con03a,0.23,0.83,0.88,0.23,0.89,0.85,0.46,0.84,0.82,138.66849994519725,140.88558300863951,659,1346
arguana,test,test-sport-tshbmlbscac-con01a,0.42,0.66,0.95,0.45,0.8,0.93,0.52,0.33,0.64,138.5338749969378,124.30691695772111,766,1449
arguana,test,test-free-speech-debate-magghbcrg-pro02a,0.51,0.74,0.87,0.51,0.84,0.78,0.58,0.62,0.77,135.43279201257974,137.26600003428757,751,1380
arguana,test,test-free-speech-debate-magghbcrg-pro01a,0.55,0.78,0.92,0.47,0.88,0.9,0.89,0.18,0.91,118.65166597999632,143.51758401608095,754,1438
arguana,test,test-free-speech-debate-magghbcrg-pro03a,0.56,0.82,0.89,0.49,0.86,0.87,0.85,0.27,0.9,117.48816701583564,117.40774998907,761,1363
arguana,test,test-free-speech-debate-magghbcrg-con02a,0.39,0.85,0.84,0.4,0.88,0.74,0.7,0.41,0.77,136.7987499688752,155.90775001328439,763,1417
arguana,test,test-free-speech-debate-magghbcrg-con03a,0.46,0.85,0.92,0.46,0.9,0.89,0.35,0.54,0.6,161.79262503283098,163.5675830184482,737,1422
arguana,test,test-free-speech-debate-magghbcrg-con01a,0.4,0.79,0.82,0.45,0.88,0.79,0.46,0.83,0.83,126.68991700047627,124.79741603601724,756,1438
arguana,test,test-free-speech-debate-nshbbsbfb-pro02a,0.69,0.78,0.86,0.58,0.81,0.85,0.72,0.53,0.84,108.5612089955248,137.00674998108298,749,1401
arguana,test,test-free-speech-debate-nshbbsbfb-pro01a,0.66,0.77,0.8,0.46,0.81,0.72,0.42,0.62,0.7,152.05008297925815,145.29070898424834,751,1404
arguana,test,test-free-speech-debate-nshbbsbfb-pro03a,0.5,0.78,0.91,0.43,0.86,0.86,0.83,0.55,0.91,135.5243750149384,118.96166601218283,744,1421
arguana,test,test-free-speech-debate-nshbbsbfb-pro04a,0.44,0.8,0.82,0.43,0.85,0.72,0.32,0.7,0.73,134.71241598017514,131.7037499975413,701,1363
arguana,test,test-free-speech-debate-nshbbsbfb-con02a,0.74,0.75,0.83,0.48,0.85,0.46,0.3,0.86,0.81,138.5654589976184,152.86995802307501,757,1409
arguana,test,test-free-speech-debate-nshbbsbfb-con03a,0.39,0.78,0.91,0.28,0.84,0.91,0.38,0.75,0.85,158.5454159649089,178.41583298286423,737,1419
arguana,test,test-free-speech-debate-nshbbsbfb-con01a,0.48,0.82,0.93,0.4,0.84,0.89,0.33,0.52,0.57,140.86462499108166,119.81666699284688,727,1395
arguana,test,test-free-speech-debate-fsaphgiap-pro02a,0.63,0.62,0.93,0.62,0.75,0.94,0.7,0.33,0.85,124.9230409739539,114.23633300000802,711,1344
arguana,test,test-free-speech-debate-fsaphgiap-pro01a,0.4,0.8,0.96,0.38,0.86,0.96,0.63,0.73,0.88,117.65091598499566,121.74866598797962,650,1274
arguana,test,test-free-speech-debate-fsaphgiap-pro03a,0.39,0.81,0.13,0.34,0.88,0.15,0.69,0.26,0.81,204.36779101146385,144.83787503559142,686,1307
arguana,test,test-free-speech-debate-fsaphgiap-pro04a,0.36,0.81,0.91,0.36,0.84,0.94,0.39,0.35,0.65,121.88812502427027,116.27691698959097,698,1318
arguana,test,test-free-speech-debate-fsaphgiap-con02a,0.33,0.79,0.96,0.4,0.88,0.94,0.71,0.17,0.76,121.1785830091685,141.06016600271687,710,1331
arguana,test,test-free-speech-debate-fsaphgiap-con04a,0.34,0.83,0.96,0.36,0.86,0.95,0.73,0.2,0.8,148.93049997044727,126.24704098561779,700,1252
arguana,test,test-free-speech-debate-fsaphgiap-con03a,0.51,0.7,0.92,0.51,0.84,0.89,0.09,0.93,0.9,155.5249590310268,178.38749999646097,747,1386
arguana,test,test-free-speech-debate-fsaphgiap-con01a,0.39,0.77,0.92,0.4,0.86,0.9,0.8,0.63,0.88,134.947458980605,150.56574996560812,730,1328
arguana,test,test-free-speech-debate-yfsdfkhbwu-pro02a,0.42,0.77,0.94,0.45,0.84,0.94,0.74,0.29,0.83,166.66591697139665,135.89512498583645,735,1308
arguana,test,test-free-speech-debate-yfsdfkhbwu-pro01a,0.72,0.74,0.85,0.69,0.8,0.8,0.24,0.63,0.55,163.16558298422024,152.68550004111603,758,1403
arguana,test,test-free-speech-debate-yfsdfkhbwu-pro03a,0.55,0.76,0.73,0.56,0.83,0.62,0.32,0.42,0.58,133.98662500549108,119.27700001979247,743,1399
arguana,test,test-free-speech-debate-yfsdfkhbwu-con02a,0.57,0.71,0.81,0.63,0.83,0.83,0.15,0.62,0.38,113.6722500086762,140.53887501358986,737,1414
arguana,test,test-free-speech-debate-yfsdfkhbwu-con03a,0.52,0.8,0.93,0.58,0.83,0.87,0.27,0.6,0.5,135.66154200816527,141.88979100435972,759,1410
arguana,test,test-free-speech-debate-yfsdfkhbwu-con01a,0.64,0.75,0.91,0.6,0.82,0.88,0.51,0.57,0.75,116.69774999609217,142.8480000467971,737,1391
arguana,test,test-free-speech-debate-ldhwbmclg-pro02a,0.56,0.71,0.94,0.61,0.78,0.93,0.09,0.9,0.6,141.24341600108892,180.78608298674226,757,1424
arguana,test,test-free-speech-debate-ldhwbmclg-pro01a,0.61,0.75,0.9,0.59,0.82,0.88,0.3,0.62,0.59,269.0791669883765,121.3938330183737,756,1421
arguana,test,test-free-speech-debate-ldhwbmclg-pro03a,0.57,0.78,0.92,0.52,0.83,0.88,0.35,0.64,0.67,148.07904203189537,158.4289590246044,753,1431
arguana,test,test-free-speech-debate-ldhwbmclg-con02a,0.48,0.79,0.88,0.46,0.86,0.83,0.27,0.41,0.43,114.697040989995,117.50862502958626,733,1397
arguana,test,test-free-speech-debate-ldhwbmclg-con03a,0.81,0.77,0.73,0.75,0.81,0.62,0.29,0.74,0.67,114.4675409886986,171.261667041108,750,1401
arguana,test,test-free-speech-debate-ldhwbmclg-con01a,0.62,0.76,0.32,0.66,0.8,0.3,0.5,0.28,0.71,114.02899998938665,176.81958299363032,741,1383
arguana,test,test-free-speech-debate-ldhwprhs-pro02a,0.43,0.83,0.92,0.48,0.86,0.86,0.62,0.21,0.77,130.19204197917134,122.32683302136138,763,1450
arguana,test,test-free-speech-debate-ldhwprhs-pro01a,0.45,0.85,0.77,0.39,0.87,0.81,0.22,0.86,0.82,112.68808302702382,144.36258398927748,742,1403
arguana,test,test-free-speech-debate-ldhwprhs-pro03a,0.48,0.8,0.77,0.5,0.86,0.69,0.69,0.32,0.82,160.67970800213516,144.61966702947393,756,1417
arguana,test,test-free-speech-debate-ldhwprhs-con02a,0.57,0.84,0.15,0.46,0.87,0.17,0.83,0.25,0.87,155.33195802709088,113.65083302371204,727,1369
arguana,test,test-free-speech-debate-ldhwprhs-con03a,0.4,0.85,0.86,0.37,0.88,0.86,0.28,0.84,0.83,136.86758297262713,121.99729203712195,700,1344
arguana,test,test-free-speech-debate-ldhwprhs-con01a,0.77,0.83,0.83,0.72,0.86,0.85,0.82,0.33,0.89,117.64979199506342,155.4068750119768,742,1365
arguana,test,test-free-speech-debate-radhbsshr-pro02a,0.42,0.73,0.97,0.43,0.83,0.97,0.18,0.73,0.5,108.46166597912088,153.20370899280533,754,1426
arguana,test,test-free-speech-debate-radhbsshr-pro01a,0.54,0.73,0.95,0.59,0.83,0.97,0.31,0.72,0.71,147.9273330187425,112.00424999697134,740,1417
arguana,test,test-free-speech-debate-radhbsshr-pro03a,0.48,0.71,0.96,0.53,0.83,0.96,0.48,0.59,0.77,115.70708302315325,139.11941699916497,771,1441
arguana,test,test-free-speech-debate-radhbsshr-con02a,0.35,0.78,0.96,0.39,0.88,0.95,0.31,0.49,0.53,154.95887503493577,132.29362503625453,799,1476
arguana,test,test-free-speech-debate-radhbsshr-con04a,0.29,0.77,0.92,0.31,0.87,0.94,0.38,0.43,0.51,126.5609580441378,125.03908399958163,669,1343
arguana,test,test-free-speech-debate-radhbsshr-con03a,0.22,0.81,0.96,0.29,0.88,0.96,0.38,0.64,0.74,122.00179201317951,118.8984580221586,752,1421
arguana,test,test-free-speech-debate-radhbsshr-con01a,0.21,0.81,0.96,0.24,0.88,0.96,0.3,0.68,0.66,137.78774999082088,146.9028330175206,713,1391
arguana,test,test-free-speech-debate-fchbjaj-pro02a,0.54,0.82,0.92,0.48,0.88,0.92,0.81,0.28,0.89,160.0315420073457,129.32604202069342,741,1410
arguana,test,test-free-speech-debate-fchbjaj-pro01a,0.57,0.77,0.9,0.45,0.84,0.92,0.73,0.47,0.9,130.1787500269711,126.66187499416992,737,1415
arguana,test,test-free-speech-debate-fchbjaj-pro03a,0.56,0.82,0.95,0.52,0.87,0.96,0.75,0.23,0.86,113.69787500007078,125.86624996038154,740,1409
arguana,test,test-free-speech-debate-fchbjaj-con02a,0.53,0.75,0.96,0.53,0.86,0.95,0.24,0.56,0.43,127.58879200555384,115.59437494724989,756,1413
arguana,test,test-free-speech-debate-fchbjaj-con03a,0.43,0.82,0.94,0.43,0.88,0.91,0.42,0.64,0.72,134.17112495517358,135.09679096750915,763,1444
arguana,test,test-free-speech-debate-fchbjaj-con01a,0.27,0.85,0.93,0.29,0.89,0.91,0.38,0.72,0.72,130.30220801010728,134.828208014369,755,1423
arguana,test,test-free-speech-debate-nshbcsbawc-pro02a,0.43,0.82,0.83,0.33,0.85,0.71,0.65,0.46,0.85,311.85491604264826,142.48445798875764,752,1408
arguana,test,test-free-speech-debate-nshbcsbawc-pro01a,0.64,0.79,0.36,0.47,0.83,0.34,0.61,0.65,0.87,127.96208297368139,118.6715830117464,739,1405
arguana,test,test-free-speech-debate-nshbcsbawc-pro03a,0.37,0.76,0.95,0.38,0.84,0.94,0.77,0.2,0.85,181.61266698734835,126.89637503353879,750,1418
arguana,test,test-free-speech-debate-nshbcsbawc-pro04a,0.66,0.83,0.37,0.72,0.89,0.3,0.24,0.5,0.42,128.6243749782443,141.40820800093934,741,1353
arguana,test,test-free-speech-debate-nshbcsbawc-con02a,0.56,0.79,0.91,0.51,0.86,0.88,0.27,0.7,0.61,157.0911249727942,133.48754099570215,741,1369
arguana,test,test-free-speech-debate-nshbcsbawc-con03a,0.69,0.77,0.16,0.5,0.86,0.16,0.29,0.58,0.69,166.31495801266283,141.98625000426546,734,1346
arguana,test,test-free-speech-debate-nshbcsbawc-con01a,0.51,0.77,0.16,0.42,0.85,0.17,0.74,0.28,0.8,135.91512496350333,146.9932910404168,715,1243
arguana,test,test-economy-egecegphw-pro02a,0.29,0.82,0.94,0.33,0.86,0.91,0.35,0.44,0.73,129.69670799793676,171.50600004242733,768,1469
arguana,test,test-economy-egecegphw-pro01a,0.28,0.79,0.96,0.45,0.84,0.95,0.61,0.59,0.78,171.04966705664992,136.2783340155147,812,1487
arguana,test,test-economy-egecegphw-pro03a,0.31,0.81,0.95,0.33,0.85,0.94,0.1,0.66,0.21,115.16200000187382,130.4425839916803,731,1433
arguana,test,test-economy-egecegphw-con02a,0.19,0.82,0.95,0.22,0.87,0.94,0.54,0.26,0.69,116.45229096757248,125.35229104105383,770,1465
arguana,test,test-economy-egecegphw-con03a,0.3,0.8,0.95,0.35,0.88,0.91,0.33,0.62,0.73,168.70120802195743,117.36666696378961,748,1435
arguana,test,test-economy-egecegphw-con01a,0.31,0.76,0.96,0.38,0.85,0.95,0.5,0.3,0.71,108.04808302782476,116.8720829882659,761,1469
arguana,test,test-economy-beplcpdffe-pro02a,0.29,0.76,0.22,0.29,0.81,0.44,0.32,0.87,0.93,146.21379203163087,120.09379098890349,613,1250
arguana,test,test-economy-beplcpdffe-pro01a,0.42,0.8,0.27,0.33,0.83,0.27,0.87,0.3,0.89,157.60874998522922,128.86254099430516,610,1221
arguana,test,test-economy-beplcpdffe-pro03a,0.38,0.79,0.2,0.41,0.87,0.21,0.77,0.22,0.81,120.26820797473192,135.96987497294322,639,1220
arguana,test,test-economy-beplcpdffe-pro04a,0.22,0.8,0.74,0.26,0.84,0.72,0.1,0.75,0.35,202.20616698497906,159.35800003353506,668,1288
arguana,test,test-economy-beplcpdffe-con02a,0.29,0.81,0.82,0.32,0.87,0.75,0.9,0.32,0.92,114.60683401674032,134.402499999851,631,1223
arguana,test,test-economy-beplcpdffe-con05a,0.49,0.84,0.56,0.46,0.87,0.57,0.65,0.46,0.79,128.72958299703896,133.87424999382347,616,1231
arguana,test,test-economy-beplcpdffe-con04a,0.56,0.7,0.6,0.54,0.78,0.54,0.32,0.79,0.91,131.43791601760313,180.08020799607038,607,1212
arguana,test,test-economy-beplcpdffe-con03a,0.31,0.83,0.21,0.37,0.89,0.26,0.26,0.47,0.67,132.5129159959033,109.36449997825548,648,1271
arguana,test,test-economy-beplcpdffe-con01a,0.47,0.82,0.19,0.41,0.87,0.19,0.73,0.31,0.88,148.80604104837403,134.58225002977997,621,1249
arguana,test,test-economy-thsptr-pro02a,0.43,0.76,0.87,0.44,0.87,0.83,0.39,0.2,0.68,98.27025001868606,153.95733300829306,729,1382
arguana,test,test-economy-thsptr-pro05a,0.44,0.82,0.69,0.4,0.88,0.7,0.33,0.28,0.84,164.42904196446761,127.06816697027534,742,1400
arguana,test,test-economy-thsptr-pro01a,0.27,0.82,0.92,0.27,0.91,0.89,0.8,0.12,0.91,132.7332909568213,114.01920899515972,776,1428
arguana,test,test-economy-thsptr-pro03a,0.48,0.79,0.58,0.39,0.9,0.54,0.46,0.77,0.85,115.7050829497166,124.31145901791751,737,1343
arguana,test,test-economy-thsptr-pro04a,0.38,0.83,0.64,0.36,0.88,0.6,0.19,0.9,0.86,118.32804197911173,116.80499999783933,742,1382
arguana,test,test-economy-thsptr-con02a,0.51,0.81,0.38,0.42,0.88,0.44,0.47,0.51,0.71,117.42254201089963,158.44545798609033,751,1391
arguana,test,test-economy-thsptr-con05a,0.3,0.83,0.89,0.29,0.9,0.82,0.72,0.37,0.67,112.1323750121519,251.54241698328406,749,1399
arguana,test,test-economy-thsptr-con04a,0.44,0.82,0.72,0.41,0.89,0.65,0.19,0.44,0.38,110.53179198643193,115.74929201742634,744,1391
arguana,test,test-economy-thsptr-con03a,0.26,0.82,0.93,0.34,0.9,0.93,0.36,0.58,0.46,133.78187495982274,119.67308301245794,729,1376
arguana,test,test-economy-thsptr-con01a,0.26,0.8,0.92,0.3,0.89,0.85,0.34,0.72,0.68,117.34829196939245,132.77949998155236,758,1409
arguana,test,test-economy-epiasghbf-pro02a,0.55,0.6,0.64,0.53,0.75,0.6,0.3,0.37,0.53,175.2011670032516,112.06487502204254,676,1345
arguana,test,test-economy-epiasghbf-pro01a,0.53,0.77,0.81,0.61,0.83,0.76,0.25,0.53,0.51,131.8334160023369,121.6206660028547,711,1451
arguana,test,test-economy-epiasghbf-pro03a,0.62,0.74,0.9,0.62,0.83,0.86,0.28,0.41,0.44,108.2775840186514,125.23412494920194,664,1334
arguana,test,test-economy-epiasghbf-con02a,0.51,0.83,0.86,0.47,0.9,0.81,0.16,0.7,0.66,126.42154202330858,171.8627079972066,688,1291
arguana,test,test-economy-epiasghbf-con04a,0.6,0.75,0.94,0.64,0.81,0.94,0.15,0.59,0.27,255.12487499509007,157.43720898171887,639,1350
arguana,test,test-economy-epiasghbf-con03a,0.83,0.7,0.89,0.83,0.84,0.9,0.22,0.3,0.34,152.5835000211373,143.31008301815018,638,1257
arguana,test,test-economy-epiasghbf-con01a,0.53,0.8,0.94,0.43,0.87,0.92,0.54,0.5,0.75,122.58570897392929,132.67329096561298,658,1233
arguana,test,test-economy-epegiahsc-pro02a,0.27,0.86,0.96,0.32,0.88,0.94,0.27,0.24,0.38,115.94687501201406,127.94274999760091,705,1388
arguana,test,test-economy-epegiahsc-pro01a,0.49,0.81,0.84,0.52,0.85,0.7,0.82,0.21,0.88,113.33354201633483,117.57341696647927,692,1373
arguana,test,test-economy-epegiahsc-pro03a,0.4,0.84,0.94,0.46,0.87,0.94,0.23,0.64,0.46,110.87095900438726,112.28562495671213,705,1344
arguana,test,test-economy-epegiahsc-con02a,0.23,0.85,0.96,0.26,0.88,0.95,0.26,0.66,0.72,151.09925001161173,194.94654197478667,679,1294
arguana,test,test-economy-epegiahsc-con04a,0.19,0.82,0.96,0.21,0.87,0.96,0.1,0.91,0.83,106.94391705328599,118.59920801362023,768,1450
arguana,test,test-economy-epegiahsc-con03a,0.28,0.81,0.94,0.27,0.86,0.95,0.21,0.7,0.77,109.38362497836351,125.81687502097338,604,1241
arguana,test,test-economy-epegiahsc-con01a,0.2,0.85,0.96,0.25,0.88,0.95,0.1,0.9,0.83,102.20870905322954,140.36316698184237,725,1413
arguana,test,test-economy-egiahbwaka-pro02a,0.53,0.81,0.94,0.48,0.87,0.89,0.11,0.88,0.79,272.8171670460142,126.38337502721697,785,1458
arguana,test,test-economy-egiahbwaka-pro01a,0.43,0.71,0.83,0.5,0.85,0.83,0.69,0.28,0.7,159.1547079733573,131.42262498149648,755,1415
arguana,test,test-economy-egiahbwaka-pro03a,0.59,0.8,0.89,0.6,0.86,0.86,0.18,0.86,0.8,121.50024995207787,153.83370802737772,792,1475
arguana,test,test-economy-egiahbwaka-con02a,0.28,0.81,0.66,0.32,0.89,0.65,0.5,0.73,0.83,108.30999998142943,115.2297499938868,736,1402
arguana,test,test-economy-egiahbwaka-con03a,0.57,0.79,0.93,0.65,0.84,0.9,0.32,0.79,0.78,121.65837496286258,118.31312498543411,746,1444
arguana,test,test-economy-egiahbwaka-con01a,0.62,0.74,0.91,0.75,0.81,0.87,0.53,0.25,0.71,142.37329200841486,125.62895898008719,774,1451
arguana,test,test-economy-egppphbcb-pro02a,0.69,0.74,0.34,0.64,0.82,0.39,0.21,0.71,0.64,112.64599999412894,137.46474997606128,738,1385
arguana,test,test-economy-egppphbcb-pro01a,0.66,0.73,0.73,0.62,0.83,0.66,0.25,0.86,0.82,152.71795901935548,120.88350002886727,726,1372
arguana,test,test-economy-egppphbcb-pro03a,0.56,0.75,0.95,0.62,0.84,0.93,0.6,0.38,0.71,111.2130000256002,150.17033298499882,755,1405
arguana,test,test-economy-egppphbcb-pro04a,0.56,0.84,0.84,0.52,0.89,0.71,0.43,0.68,0.77,133.36624996736646,165.82774999551475,762,1421
arguana,test,test-economy-egppphbcb-con02a,0.51,0.88,0.5,0.4,0.91,0.49,0.12,0.83,0.67,128.1825409969315,117.59533395525068,668,1347
arguana,test,test-economy-egppphbcb-con03a,0.58,0.79,0.82,0.6,0.88,0.83,0.47,0.51,0.75,125.40545797673985,149.77429201826453,733,1408
arguana,test,test-economy-egppphbcb-con01a,0.39,0.84,0.9,0.5,0.85,0.82,0.19,0.83,0.56,120.46995799755678,117.92795802466571,755,1414
arguana,test,test-economy-bhahwbsps-pro02a,0.28,0.87,0.91,0.31,0.89,0.89,0.84,0.16,0.92,119.84387499978766,121.43804196966812,727,1401
arguana,test,test-economy-bhahwbsps-pro01a,0.18,0.82,0.93,0.28,0.89,0.92,0.34,0.58,0.5,111.23999999836087,130.88829204207286,725,1403
arguana,test,test-economy-bhahwbsps-pro03a,0.25,0.82,0.77,0.28,0.88,0.73,0.86,0.32,0.94,139.14412498706952,167.34000004362315,762,1417
arguana,test,test-economy-bhahwbsps-pro04a,0.65,0.82,0.83,0.46,0.9,0.8,0.76,0.74,0.8,115.1408749865368,120.09716703323647,616,1228
arguana,test,test-economy-bhahwbsps-con02a,0.48,0.81,0.9,0.47,0.87,0.89,0.78,0.46,0.87,112.75304201990366,142.1625840011984,732,1360
arguana,test,test-economy-bhahwbsps-con03a,0.32,0.8,0.9,0.31,0.87,0.9,0.9,0.12,0.91,182.04041698481888,235.46904203249142,690,1309
arguana,test,test-economy-bhahwbsps-con01a,0.29,0.84,0.93,0.32,0.88,0.93,0.65,0.59,0.89,135.56233298731968,128.81595798535272,765,1421
arguana,test,test-economy-bepiehbesa-pro02a,0.29,0.8,0.96,0.35,0.87,0.94,0.76,0.13,0.76,174.01695804437622,153.14591699279845,685,1308
arguana,test,test-economy-bepiehbesa-pro01a,0.2,0.84,0.93,0.31,0.87,0.94,0.61,0.75,0.8,114.07962499652058,111.91362497629598,734,1393
arguana,test,test-economy-bepiehbesa-pro03a,0.29,0.82,0.95,0.35,0.88,0.94,0.11,0.7,0.36,119.0112080075778,118.22737503098324,721,1365
arguana,test,test-economy-bepiehbesa-pro04a,0.22,0.83,0.96,0.26,0.88,0.93,0.24,0.29,0.49,186.05687498347834,138.91500001773238,759,1404
arguana,test,test-economy-bepiehbesa-con02a,0.42,0.84,0.91,0.35,0.87,0.9,0.44,0.25,0.58,221.18383296765387,128.91074997605756,693,1329
arguana,test,test-economy-bepiehbesa-con03a,0.31,0.82,0.94,0.41,0.87,0.93,0.17,0.56,0.4,114.03329198947176,135.6631249655038,674,1339
arguana,test,test-economy-bepiehbesa-con01a,0.33,0.81,0.94,0.43,0.88,0.94,0.21,0.55,0.63,131.23158301459625,113.89937502099201,708,1354
arguana,test,test-economy-thhghwhwift-pro02a,0.53,0.76,0.93,0.46,0.83,0.9,0.86,0.17,0.89,128.19829198997468,137.88562500849366,755,1375
arguana,test,test-economy-thhghwhwift-pro01a,0.5,0.73,0.91,0.5,0.82,0.9,0.91,0.15,0.91,135.7618750189431,114.87158399540931,757,1386
arguana,test,test-economy-thhghwhwift-pro03a,0.37,0.83,0.84,0.32,0.86,0.87,0.53,0.89,0.92,125.10662496788427,155.5575829697773,767,1393
arguana,test,test-economy-thhghwhwift-con02a,0.39,0.84,0.74,0.43,0.88,0.82,0.91,0.13,0.9,127.77687498601153,112.26895899744704,736,1363
arguana,test,test-economy-thhghwhwift-con03a,0.27,0.8,0.92,0.25,0.83,0.9,0.92,0.13,0.93,111.14449996966869,153.37112499400973,743,1379
arguana,test,test-economy-thhghwhwift-con01a,0.36,0.82,0.42,0.31,0.85,0.49,0.91,0.09,0.91,126.09758297912776,125.35095901694149,747,1347
arguana,test,test-economy-fiahwpamu-pro02a,0.47,0.76,0.94,0.57,0.85,0.95,0.36,0.46,0.57,148.3399579883553,121.30674999207258,805,1522
arguana,test,test-economy-fiahwpamu-pro05a,0.39,0.74,0.92,0.38,0.87,0.88,0.53,0.59,0.74,142.80629198765382,243.668915994931,689,1339
arguana,test,test-economy-fiahwpamu-pro01a,0.51,0.71,0.89,0.53,0.81,0.86,0.29,0.71,0.78,168.0868329713121,120.79445901326835,663,1384
arguana,test,test-economy-fiahwpamu-pro03a,0.46,0.76,0.93,0.53,0.83,0.9,0.45,0.48,0.79,129.10562503384426,161.77454101853073,670,1413
arguana,test,test-economy-fiahwpamu-pro04a,0.58,0.73,0.93,0.62,0.84,0.9,0.47,0.52,0.71,157.56220900220796,134.2110840487294,663,1388
arguana,test,test-economy-fiahwpamu-con02a,0.35,0.79,0.87,0.4,0.85,0.81,0.77,0.4,0.86,150.096666009631,132.39874999271706,692,1333
arguana,test,test-economy-fiahwpamu-con03a,0.43,0.78,0.92,0.4,0.83,0.88,0.39,0.66,0.77,119.00145898107439,213.6054169968702,682,1401
arguana,test,test-economy-fiahwpamu-con01a,0.36,0.78,0.67,0.38,0.88,0.58,0.26,0.63,0.77,120.1025839545764,143.56470800703391,731,1421
arguana,test,test-economy-eptpghdtre-pro02a,0.26,0.85,0.93,0.35,0.89,0.92,0.23,0.76,0.71,151.99279197258875,246.9742920366116,684,1320
arguana,test,test-economy-eptpghdtre-pro01a,0.21,0.83,0.93,0.3,0.85,0.94,0.8,0.2,0.9,124.63499995646998,147.83041703049093,651,1323
arguana,test,test-economy-eptpghdtre-pro03a,0.33,0.77,0.89,0.39,0.87,0.84,0.11,0.94,0.89,109.10154198063537,133.73429101193324,632,1282
arguana,test,test-economy-eptpghdtre-pro04a,0.51,0.8,0.87,0.47,0.88,0.85,0.31,0.85,0.76,115.61362497741356,122.50599998515099,685,1330
arguana,test,test-economy-eptpghdtre-con02a,0.38,0.81,0.78,0.46,0.87,0.71,0.37,0.79,0.74,129.2874169885181,175.85745902033523,664,1314
arguana,test,test-economy-eptpghdtre-con03a,0.24,0.82,0.94,0.31,0.87,0.93,0.78,0.46,0.85,178.04650001926348,130.7032499462366,741,1399
arguana,test,test-economy-eptpghdtre-con01a,0.28,0.83,0.95,0.4,0.89,0.93,0.71,0.28,0.85,143.42916698660702,134.40004200674593,660,1343
arguana,test,test-economy-epehwmrbals-pro02a,0.59,0.73,0.78,0.67,0.83,0.83,0.61,0.4,0.75,128.48916702205315,119.01349999243394,740,1386
arguana,test,test-economy-epehwmrbals-pro05a,0.37,0.74,0.92,0.52,0.86,0.86,0.35,0.79,0.77,125.96616696100682,130.09175000479445,671,1265
arguana,test,test-economy-epehwmrbals-pro01a,0.58,0.8,0.96,0.62,0.85,0.95,0.46,0.47,0.7,150.64704202814028,186.1770420218818,732,1389
arguana,test,test-economy-epehwmrbals-pro03a,0.57,0.82,0.95,0.58,0.84,0.94,0.46,0.36,0.66,111.34508304530755,120.6785420072265,704,1353
arguana,test,test-economy-epehwmrbals-pro04a,0.57,0.8,0.93,0.63,0.87,0.9,0.14,0.73,0.55,122.35287501243874,114.47437497554347,786,1465
arguana,test,test-economy-epehwmrbals-con02a,0.47,0.82,0.82,0.5,0.88,0.82,0.53,0.33,0.73,116.1232499871403,114.85591699602082,726,1383
arguana,test,test-economy-epehwmrbals-con04a,0.45,0.81,0.92,0.52,0.87,0.9,0.77,0.24,0.81,146.5503749786876,130.3429999970831,784,1400
arguana,test,test-economy-epehwmrbals-con03a,0.66,0.78,0.94,0.62,0.86,0.92,0.79,0.18,0.83,113.52012498537078,113.73020900646225,737,1383
arguana,test,test-economy-epehwmrbals-con01a,0.43,0.78,0.89,0.43,0.83,0.81,0.83,0.29,0.88,128.08279099408537,125.25179202202708,728,1359
arguana,test,test-economy-beghwbh-pro02a,0.21,0.81,0.95,0.26,0.87,0.95,0.44,0.38,0.79,137.97304197214544,164.63070904137567,756,1428
arguana,test,test-economy-beghwbh-pro01a,0.49,0.82,0.82,0.36,0.87,0.93,0.09,0.35,0.25,118.94129199208692,123.69654100621119,766,1458
arguana,test,test-economy-beghwbh-pro03a,0.21,0.85,0.95,0.25,0.88,0.93,0.25,0.2,0.56,114.08670799573883,128.66112496703863,702,1411
arguana,test,test-economy-beghwbh-con02a,0.21,0.83,0.97,0.26,0.89,0.96,0.8,0.14,0.86,202.82666594721377,123.76504100393504,773,1399
arguana,test,test-economy-beghwbh-con04a,0.3,0.83,0.96,0.44,0.89,0.96,0.66,0.13,0.72,136.3946659839712,115.14566600089893,699,1265
arguana,test,test-economy-beghwbh-con03a,0.39,0.76,0.97,0.46,0.84,0.96,0.1,0.92,0.87,112.82445798860863,144.09825002076104,790,1452
arguana,test,test-economy-beghwbh-con01a,0.29,0.82,0.94,0.33,0.87,0.94,0.62,0.35,0.75,126.36375002330169,116.58358300337568,789,1444
arguana,test,test-economy-bepahbtsnrt-pro02a,0.23,0.74,0.94,0.27,0.84,0.88,0.13,0.27,0.27,113.64562500966713,135.20787499146536,675,1353
arguana,test,test-economy-bepahbtsnrt-pro01a,0.22,0.84,0.94,0.27,0.89,0.93,0.71,0.41,0.72,116.10429198481143,129.0849579963833,784,1476
arguana,test,test-economy-bepahbtsnrt-pro03a,0.34,0.73,0.93,0.32,0.82,0.93,0.23,0.68,0.71,144.4805419887416,155.2165420143865,723,1432
arguana,test,test-economy-bepahbtsnrt-pro04a,0.33,0.76,0.9,0.4,0.84,0.84,0.31,0.21,0.69,120.15641602920368,117.50733299413696,772,1443
arguana,test,test-economy-bepahbtsnrt-con02a,0.36,0.8,0.94,0.38,0.89,0.91,0.4,0.7,0.71,124.80925000272691,114.75104099372402,679,1416
arguana,test,test-economy-bepahbtsnrt-con03a,0.26,0.8,0.92,0.32,0.88,0.84,0.27,0.22,0.58,125.39195799035951,153.99220900144428,703,1416
arguana,test,test-economy-bepahbtsnrt-con01a,0.26,0.74,0.92,0.4,0.86,0.86,0.29,0.37,0.62,363.4042090270668,172.52762499265373,697,1400
arguana,test,test-economy-epsihbdns-pro02a,0.44,0.84,0.8,0.39,0.87,0.66,0.56,0.21,0.75,126.59950001398101,142.494291998446,756,1428
arguana,test,test-economy-epsihbdns-pro01a,0.48,0.81,0.93,0.69,0.88,0.86,0.21,0.59,0.56,117.25508404197171,142.7748749847524,746,1377
arguana,test,test-economy-epsihbdns-pro03a,0.52,0.85,0.85,0.48,0.87,0.86,0.36,0.29,0.73,128.81062499945983,124.92679199203849,751,1417
arguana,test,test-economy-epsihbdns-pro04a,0.35,0.79,0.87,0.4,0.85,0.83,0.23,0.38,0.32,119.86375000560656,108.93045802367851,781,1411
arguana,test,test-economy-epsihbdns-con02a,0.36,0.83,0.96,0.36,0.89,0.93,0.16,0.78,0.77,116.89641600241885,151.72670799074695,781,1445
arguana,test,test-economy-epsihbdns-con04a,0.48,0.81,0.86,0.44,0.87,0.79,0.22,0.38,0.42,123.16079199081287,154.63516698218882,682,1345
arguana,test,test-economy-epsihbdns-con03a,0.44,0.85,0.94,0.56,0.86,0.95,0.27,0.64,0.56,159.2780409846455,132.4961250065826,795,1450
arguana,test,test-economy-epsihbdns-con01a,0.38,0.8,0.93,0.33,0.81,0.91,0.05,0.94,0.87,139.17620899155736,131.1435410170816,707,1348
arguana,test,test-economy-bepighbdb-pro02a,0.52,0.78,0.93,0.55,0.87,0.92,0.62,0.56,0.76,179.21637499239296,147.23679202143103,750,1412
arguana,test,test-economy-bepighbdb-pro01a,0.27,0.87,0.93,0.3,0.9,0.91,0.27,0.71,0.69,258.91404203139246,145.03029198385775,778,1445
arguana,test,test-economy-bepighbdb-pro03a,0.57,0.79,0.95,0.57,0.88,0.93,0.77,0.3,0.89,167.88287501549348,133.57437495142221,749,1394
arguana,test,test-economy-bepighbdb-con02a,0.63,0.81,0.95,0.55,0.88,0.91,0.38,0.32,0.5,184.36349998228252,156.40779200475663,742,1358
arguana,test,test-economy-bepighbdb-con04a,0.52,0.85,0.93,0.4,0.9,0.9,0.49,0.33,0.56,120.18370802979916,139.83116700546816,747,1400
arguana,test,test-economy-bepighbdb-con03a,0.56,0.82,0.94,0.54,0.88,0.95,0.58,0.38,0.77,109.77354203350842,129.62908303597942,790,1391
arguana,test,test-economy-bepighbdb-con01a,0.62,0.81,0.94,0.59,0.86,0.94,0.73,0.24,0.77,140.69158298661932,108.86837501311675,799,1399
arguana,test,test-international-gmehbisrip1b-pro02a,0.43,0.85,0.94,0.41,0.86,0.92,0.34,0.16,0.69,121.31433299509808,141.90304098883644,769,1497
arguana,test,test-international-gmehbisrip1b-pro01a,0.27,0.87,0.95,0.29,0.88,0.92,0.24,0.71,0.63,133.07604100555182,139.76237503811717,761,1442
arguana,test,test-international-gmehbisrip1b-pro03a,0.45,0.83,0.96,0.44,0.87,0.96,0.81,0.54,0.89,129.96758398367092,155.72224999777973,766,1495
arguana,test,test-international-gmehbisrip1b-con02a,0.34,0.81,0.96,0.39,0.89,0.96,0.5,0.56,0.75,117.26570897735655,107.72099997848272,779,1489
arguana,test,test-international-gmehbisrip1b-con03a,0.43,0.72,0.95,0.56,0.8,0.94,0.56,0.65,0.81,119.05691598076373,168.5414999956265,787,1470
arguana,test,test-international-gmehbisrip1b-con01a,0.34,0.81,0.93,0.42,0.87,0.91,0.32,0.86,0.83,140.40441700490192,122.28541699005291,753,1456
arguana,test,test-international-miasimyhw-pro02a,0.41,0.8,0.95,0.46,0.87,0.93,0.19,0.89,0.83,116.27054197015241,204.31779202772304,822,1545
arguana,test,test-international-miasimyhw-pro05a,0.76,0.79,0.86,0.72,0.83,0.87,0.46,0.54,0.72,112.19787498703226,119.20562502928078,682,1346
arguana,test,test-international-miasimyhw-pro01a,0.6,0.79,0.94,0.61,0.82,0.91,0.23,0.7,0.68,123.01899999147281,136.55300001846626,753,1406
arguana,test,test-international-miasimyhw-pro03a,0.27,0.82,0.95,0.42,0.85,0.93,0.39,0.79,0.82,111.38524999842048,118.94033302087337,658,1352
arguana,test,test-international-miasimyhw-pro04a,0.54,0.79,0.84,0.52,0.86,0.83,0.42,0.46,0.68,131.75587495788932,116.60529096843675,754,1419
arguana,test,test-international-miasimyhw-con02a,0.45,0.7,0.94,0.53,0.75,0.9,0.26,0.48,0.54,124.88587503321469,155.51737503847107,699,1457
arguana,test,test-international-miasimyhw-con03a,0.62,0.77,0.93,0.52,0.84,0.92,0.26,0.54,0.42,117.12825001450256,125.7528749993071,759,1424
arguana,test,test-international-miasimyhw-con01a,0.62,0.76,0.94,0.6,0.86,0.91,0.25,0.5,0.39,188.87729197740555,121.22129200724885,766,1439
arguana,test,test-international-ghwcitca-pro02a,0.59,0.78,0.94,0.54,0.86,0.92,0.18,0.58,0.53,137.6395839615725,178.5041659604758,740,1395
arguana,test,test-international-ghwcitca-pro01a,0.57,0.77,0.96,0.5,0.86,0.94,0.39,0.51,0.73,267.1665829839185,115.21416698815301,740,1405
arguana,test,test-international-ghwcitca-pro03a,0.45,0.76,0.94,0.53,0.84,0.92,0.44,0.44,0.61,115.6815419672057,140.1109590078704,749,1430
arguana,test,test-international-ghwcitca-pro04a,0.51,0.82,0.91,0.51,0.89,0.9,0.44,0.67,0.74,166.38412501197308,153.16275000805035,748,1396
arguana,test,test-international-ghwcitca-con02a,0.52,0.82,0.88,0.46,0.87,0.85,0.74,0.4,0.75,113.70066704694182,161.73212497960776,740,1391
arguana,test,test-international-ghwcitca-con03a,0.35,0.84,0.96,0.47,0.88,0.94,0.43,0.51,0.65,148.73216702835634,123.14287503249943,799,1457
arguana,test,test-international-ghwcitca-con01a,0.51,0.76,0.88,0.42,0.88,0.79,0.72,0.29,0.82,117.55133303813636,129.58470900775865,737,1392
arguana,test,test-international-gmehwasr-pro02a,0.44,0.78,0.85,0.39,0.87,0.83,0.49,0.64,0.72,132.68633297411725,124.75091696251184,733,1369
arguana,test,test-international-gmehwasr-pro05a,0.31,0.81,0.96,0.45,0.87,0.95,0.42,0.6,0.61,127.85304099088535,119.61362499278039,752,1438
arguana,test,test-international-gmehwasr-pro01a,0.27,0.87,0.96,0.34,0.91,0.95,0.35,0.79,0.81,114.29758300073445,133.14783299574628,804,1459
arguana,test,test-international-gmehwasr-pro03a,0.26,0.79,0.97,0.36,0.86,0.96,0.36,0.55,0.8,140.7125000259839,139.25333402585238,756,1380
arguana,test,test-international-gmehwasr-pro04a,0.52,0.86,0.9,0.51,0.87,0.93,0.6,0.26,0.68,132.2327500092797,123.66720795398578,678,1334
arguana,test,test-international-gmehwasr-con02a,0.2,0.81,0.9,0.27,0.86,0.86,0.06,0.33,0.11,163.4422920178622,172.53308300860226,672,1334
arguana,test,test-international-gmehwasr-con05a,0.46,0.84,0.91,0.35,0.87,0.91,0.17,0.87,0.87,192.35970900626853,126.38099998002872,724,1395
arguana,test,test-international-gmehwasr-con04a,0.3,0.81,0.94,0.32,0.86,0.88,0.12,0.83,0.63,123.64700000034645,150.8323330199346,719,1316
arguana,test,test-international-gmehwasr-con03a,0.58,0.73,0.95,0.48,0.79,0.93,0.46,0.73,0.77,195.7672499702312,144.68787499936298,759,1421
arguana,test,test-international-gmehwasr-con01a,0.43,0.76,0.95,0.54,0.8,0.94,0.51,0.38,0.79,117.25391703657806,168.78041700692847,779,1440
arguana,test,test-international-aghbfcpspr-pro02a,0.55,0.74,0.92,0.47,0.85,0.9,0.43,0.76,0.78,123.18008299916983,116.07712501427159,753,1438
arguana,test,test-international-aghbfcpspr-pro05a,0.42,0.85,0.57,0.47,0.88,0.57,0.61,0.4,0.79,133.4417910547927,138.283499982208,744,1422
arguana,test,test-international-aghbfcpspr-pro01a,0.44,0.77,0.95,0.58,0.84,0.91,0.3,0.55,0.54,170.3258329653181,130.80270896898583,777,1480
arguana,test,test-international-aghbfcpspr-pro03a,0.55,0.8,0.93,0.52,0.86,0.92,0.34,0.7,0.72,118.83533297805116,126.20133301243186,761,1455
arguana,test,test-international-aghbfcpspr-pro04a,0.37,0.82,0.82,0.36,0.85,0.83,0.44,0.23,0.82,181.0721670044586,173.52116701658815,804,1495
arguana,test,test-international-aghbfcpspr-con02a,0.45,0.8,0.91,0.42,0.88,0.88,0.16,0.48,0.3,131.92199997138232,136.58954203128815,753,1435
arguana,test,test-international-aghbfcpspr-con04a,0.36,0.84,0.51,0.29,0.89,0.65,0.32,0.82,0.8,149.79566598776728,115.67029100842774,639,1321
arguana,test,test-international-aghbfcpspr-con03a,0.55,0.85,0.15,0.39,0.89,0.15,0.24,0.64,0.67,137.48695800313726,121.6191669809632,698,1392
arguana,test,test-international-aghbfcpspr-con01a,0.58,0.8,0.84,0.47,0.88,0.72,0.54,0.28,0.72,148.03916704840958,122.3735410021618,761,1457
arguana,test,test-international-gpsmhbsosb-pro02a,0.32,0.87,0.95,0.41,0.87,0.96,0.21,0.58,0.41,129.70695801777765,140.5742079950869,789,1492
arguana,test,test-international-gpsmhbsosb-pro01a,0.32,0.85,0.95,0.26,0.87,0.92,0.05,0.93,0.93,141.91995799774304,128.59304097946733,793,1488
arguana,test,test-international-gpsmhbsosb-pro03a,0.33,0.83,0.95,0.31,0.86,0.95,0.52,0.48,0.7,127.6712499675341,126.41670904122293,783,1507
arguana,test,test-international-gpsmhbsosb-con02a,0.23,0.82,0.95,0.28,0.9,0.96,0.62,0.24,0.77,123.26745799509808,111.79837503004819,787,1513
arguana,test,test-international-gpsmhbsosb-con03a,0.45,0.83,0.94,0.43,0.89,0.94,0.31,0.71,0.66,194.09341702703387,116.72500002896413,754,1492
arguana,test,test-international-gpsmhbsosb-con01a,0.2,0.85,0.96,0.29,0.9,0.96,0.45,0.49,0.69,216.52229101164266,152.45933301048353,854,1565
arguana,test,test-international-apwhbaucmip-pro02a,0.39,0.76,0.86,0.46,0.87,0.78,0.33,0.75,0.7,212.31012500356883,134.7928749746643,749,1449
arguana,test,test-international-apwhbaucmip-pro01a,0.33,0.84,0.97,0.34,0.83,0.95,0.19,0.71,0.44,147.54287496907637,125.81649998901412,772,1457
arguana,test,test-international-apwhbaucmip-pro03a,0.5,0.74,0.96,0.52,0.78,0.96,0.28,0.86,0.84,114.5447920425795,114.42733398871496,797,1479
arguana,test,test-international-apwhbaucmip-pro04a,0.6,0.82,0.95,0.58,0.87,0.92,0.18,0.41,0.37,126.22291699517518,140.89816698106006,687,1436
arguana,test,test-international-apwhbaucmip-con02a,0.25,0.84,0.93,0.31,0.89,0.93,0.89,0.23,0.91,108.74533298192546,124.33158297790214,714,1363
arguana,test,test-international-apwhbaucmip-con04a,0.33,0.87,0.94,0.43,0.9,0.9,0.71,0.54,0.82,121.30375002743676,123.15062497509643,728,1393
arguana,test,test-international-apwhbaucmip-con03a,0.4,0.82,0.96,0.59,0.85,0.95,0.16,0.58,0.49,143.37412494933233,120.77704101102427,801,1481
arguana,test,test-international-apwhbaucmip-con01a,0.5,0.8,0.94,0.46,0.88,0.88,0.89,0.08,0.93,148.88599998084828,137.6028330414556,690,1371
arguana,test,test-international-iighbopcc-pro02a,0.33,0.83,0.94,0.41,0.89,0.91,0.58,0.41,0.78,201.54591702157632,153.79016700899228,699,1332
arguana,test,test-international-iighbopcc-pro01a,0.29,0.84,0.93,0.33,0.9,0.91,0.85,0.16,0.89,122.42445797892287,160.11062497273088,713,1360
arguana,test,test-international-iighbopcc-pro03a,0.29,0.77,0.94,0.39,0.84,0.9,0.18,0.68,0.51,117.37916700076312,123.03562497254461,714,1410
arguana,test,test-international-iighbopcc-con02a,0.43,0.86,0.95,0.54,0.9,0.93,0.21,0.58,0.67,121.5494999778457,126.48933299351484,660,1315
arguana,test,test-international-iighbopcc-con03a,0.31,0.81,0.95,0.36,0.86,0.94,0.2,0.35,0.46,138.20941594894975,121.14124995423481,712,1290
arguana,test,test-international-iighbopcc-con01a,0.53,0.88,0.23,0.39,0.88,0.33,0.83,0.23,0.76,149.17191700078547,158.12895802082494,603,1241
arguana,test,test-international-bldimehbn-pro02a,0.57,0.83,0.69,0.57,0.88,0.58,0.16,0.57,0.5,125.27166598010808,158.98312500212342,736,1369
arguana,test,test-international-bldimehbn-pro01a,0.62,0.84,0.25,0.62,0.87,0.25,0.58,0.26,0.71,108.25295798713341,110.34716601716354,765,1423
arguana,test,test-international-bldimehbn-pro03a,0.54,0.79,0.87,0.57,0.87,0.83,0.41,0.71,0.77,147.35179202398285,136.1380409798585,742,1383
arguana,test,test-international-bldimehbn-con02a,0.63,0.82,0.91,0.6,0.84,0.83,0.11,0.91,0.91,151.80266700917855,115.36816600710154,744,1386
arguana,test,test-international-bldimehbn-con03a,0.47,0.85,0.9,0.58,0.87,0.81,0.13,0.43,0.23,132.13545898906887,112.61329101398587,735,1389
arguana,test,test-international-bldimehbn-con01a,0.65,0.82,0.82,0.6,0.87,0.78,0.49,0.51,0.75,143.32649996504188,120.65595900639892,735,1370
arguana,test,test-international-amehbuaisji-pro02a,0.61,0.79,0.95,0.45,0.88,0.95,0.91,0.11,0.91,160.93820799142122,149.77379201445729,737,1332
arguana,test,test-international-amehbuaisji-pro01a,0.42,0.83,0.95,0.4,0.87,0.95,0.79,0.38,0.86,119.58958400646225,140.67020796937868,686,1350
arguana,test,test-international-amehbuaisji-pro03a,0.3,0.87,0.95,0.37,0.89,0.95,0.15,0.77,0.28,115.19575002603233,136.1392080434598,606,1249
arguana,test,test-international-amehbuaisji-con02a,0.4,0.69,0.97,0.35,0.84,0.96,0.1,0.9,0.87,127.38600000739098,136.32641697768122,675,1314
arguana,test,test-international-amehbuaisji-con04a,0.31,0.83,0.96,0.37,0.88,0.96,0.79,0.16,0.86,117.38516599871218,129.7008750261739,714,1368
arguana,test,test-international-amehbuaisji-con03a,0.48,0.84,0.95,0.44,0.86,0.95,0.79,0.27,0.83,121.87345797428861,127.35212501138449,733,1386
arguana,test,test-international-amehbuaisji-con01a,0.41,0.83,0.95,0.43,0.87,0.96,0.81,0.62,0.88,127.22387502435595,119.73929201485589,675,1327
arguana,test,test-international-gpdwhwcusa-pro02a,0.39,0.82,0.87,0.37,0.85,0.88,0.63,0.68,0.86,124.86470799194649,123.56212502345443,754,1413
arguana,test,test-international-gpdwhwcusa-pro01a,0.37,0.84,0.85,0.37,0.89,0.88,0.81,0.49,0.91,127.23375001223758,163.17320801317692,696,1369
arguana,test,test-international-gpdwhwcusa-pro03a,0.41,0.83,0.88,0.45,0.86,0.87,0.61,0.51,0.75,112.19329101732,133.9960410259664,728,1395
arguana,test,test-international-gpdwhwcusa-con02a,0.48,0.8,0.95,0.43,0.86,0.93,0.69,0.45,0.84,114.44695800310001,115.94674998195842,742,1423
arguana,test,test-international-gpdwhwcusa-con05a,0.31,0.84,0.94,0.33,0.89,0.9,0.61,0.54,0.75,180.7422919664532,174.5067090378143,675,1345
arguana,test,test-international-gpdwhwcusa-con04a,0.32,0.83,0.88,0.28,0.9,0.91,0.85,0.42,0.88,126.20758404955268,149.02454102411866,669,1335
arguana,test,test-international-gpdwhwcusa-con03a,0.37,0.84,0.91,0.35,0.91,0.89,0.66,0.22,0.78,114.17820904171094,149.039417039603,680,1350
arguana,test,test-international-gpdwhwcusa-con01a,0.24,0.83,0.64,0.27,0.89,0.67,0.21,0.4,0.38,118.48562501836568,114.21779094962403,661,1324
arguana,test,test-international-ghbunhf-pro02a,0.39,0.86,0.96,0.39,0.89,0.94,0.63,0.65,0.9,116.85020802542567,160.4710419778712,759,1418
arguana,test,test-international-ghbunhf-pro05a,0.42,0.87,0.94,0.39,0.9,0.92,0.85,0.23,0.91,113.09295904356986,149.2693749605678,668,1309
arguana,test,test-international-ghbunhf-pro01a,0.36,0.86,0.93,0.36,0.9,0.91,0.85,0.56,0.91,133.27795901568606,133.87720799073577,687,1342
arguana,test,test-international-ghbunhf-pro03a,0.49,0.81,0.92,0.55,0.85,0.93,0.75,0.63,0.88,124.4178750202991,126.9219999667257,647,1305
arguana,test,test-international-ghbunhf-pro04a,0.39,0.85,0.96,0.41,0.86,0.96,0.33,0.55,0.67,136.2275409628637,120.17587502487004,717,1343
arguana,test,test-international-ghbunhf-con02a,0.5,0.75,0.95,0.62,0.86,0.94,0.56,0.8,0.83,122.59983399417251,131.28862500889227,663,1315
arguana,test,test-international-ghbunhf-con05a,0.33,0.84,0.93,0.42,0.9,0.91,0.82,0.42,0.85,124.70666598528624,112.77362500550225,689,1371
arguana,test,test-international-ghbunhf-con04a,0.42,0.84,0.92,0.43,0.88,0.89,0.86,0.34,0.93,126.54241605196148,128.48970899358392,648,1326
arguana,test,test-international-ghbunhf-con03a,0.42,0.78,0.96,0.5,0.87,0.94,0.27,0.81,0.84,126.6165419947356,116.40258296392858,671,1324
arguana,test,test-international-ghbunhf-con01a,0.49,0.81,0.92,0.5,0.89,0.92,0.7,0.83,0.89,122.51370900776237,136.68120902730152,628,1302
arguana,test,test-international-aghwrem-pro02a,0.54,0.85,0.95,0.42,0.91,0.93,0.65,0.66,0.8,125.92554197181016,149.70112504670396,691,1378
arguana,test,test-international-aghwrem-pro05a,0.52,0.84,0.94,0.42,0.91,0.91,0.23,0.74,0.74,125.40883402107283,161.0451249871403,666,1309
arguana,test,test-international-aghwrem-pro01a,0.34,0.86,0.94,0.35,0.9,0.92,0.73,0.54,0.8,112.25070798536763,159.175916982349,665,1308
arguana,test,test-international-aghwrem-pro03a,0.54,0.76,0.93,0.5,0.87,0.9,0.8,0.18,0.87,111.3387499935925,141.42720797099173,734,1390
arguana,test,test-international-aghwrem-pro04a,0.23,0.87,0.94,0.24,0.9,0.93,0.61,0.53,0.81,163.39345899177715,168.29066700302064,724,1371
arguana,test,test-international-aghwrem-con02a,0.47,0.81,0.92,0.43,0.85,0.9,0.69,0.5,0.78,121.12566700670868,116.24775000382215,694,1365
arguana,test,test-international-aghwrem-con04a,0.42,0.78,0.87,0.45,0.87,0.88,0.55,0.42,0.69,116.9712920091115,128.8415000308305,748,1392
arguana,test,test-international-aghwrem-con03a,0.28,0.81,0.89,0.33,0.89,0.87,0.23,0.82,0.73,124.12775005213916,116.85866699554026,695,1350
arguana,test,test-international-aghwrem-con01a,0.31,0.84,0.96,0.34,0.89,0.96,0.69,0.28,0.85,161.30133299157023,116.15587503183633,763,1427
arguana,test,test-international-bmaggiahbl-pro02a,0.28,0.77,0.97,0.34,0.89,0.96,0.67,0.58,0.83,154.0149999782443,140.27262496529147,761,1451
arguana,test,test-international-bmaggiahbl-pro01a,0.38,0.82,0.95,0.41,0.89,0.94,0.64,0.37,0.73,124.15433302521706,176.84395803371444,756,1407
arguana,test,test-international-bmaggiahbl-pro03a,0.35,0.81,0.94,0.47,0.87,0.94,0.15,0.83,0.8,126.04570796247572,120.45987497549504,772,1456
arguana,test,test-international-bmaggiahbl-con02a,0.39,0.77,0.95,0.48,0.86,0.94,0.34,0.76,0.81,145.215124997776,118.2179999887012,759,1435
arguana,test,test-international-bmaggiahbl-con03a,0.37,0.84,0.96,0.41,0.9,0.94,0.5,0.74,0.77,165.58229102520272,152.18416595598683,740,1415
arguana,test,test-international-bmaggiahbl-con01a,0.41,0.83,0.96,0.47,0.88,0.95,0.74,0.73,0.88,157.85408299416304,186.65487505495548,730,1386
arguana,test,test-international-appghblsba-pro02a,0.38,0.83,0.96,0.46,0.87,0.95,0.19,0.28,0.27,113.90670901164412,171.92854097811505,763,1444
arguana,test,test-international-appghblsba-pro01a,0.41,0.79,0.94,0.47,0.86,0.94,0.17,0.65,0.5,127.61262501589954,123.00120899453759,754,1424
arguana,test,test-international-appghblsba-pro03a,0.24,0.81,0.94,0.27,0.86,0.94,0.61,0.72,0.83,116.1069999798201,123.35054198047146,750,1430
arguana,test,test-international-appghblsba-pro04a,0.36,0.82,0.96,0.31,0.87,0.95,0.2,0.82,0.81,111.93920799996704,127.58237501839176,722,1405
arguana,test,test-international-appghblsba-con02a,0.41,0.85,0.94,0.44,0.9,0.93,0.19,0.56,0.41,112.7466670004651,116.18220899254084,744,1430
arguana,test,test-international-appghblsba-con03a,0.23,0.82,0.95,0.31,0.9,0.92,0.31,0.53,0.33,126.55595800606534,160.17133300192654,790,1478
arguana,test,test-international-appghblsba-con01a,0.33,0.82,0.96,0.35,0.91,0.95,0.11,0.34,0.17,178.53254202054814,115.94608396990225,767,1449
arguana,test,test-international-ehbfe-pro02a,0.62,0.78,0.87,0.58,0.87,0.85,0.83,0.16,0.91,124.19750000117347,153.9331249659881,735,1365
arguana,test,test-international-ehbfe-pro05a,0.41,0.84,0.31,0.32,0.88,0.4,0.85,0.11,0.89,139.5126249990426,126.5986249782145,671,1317
arguana,test,test-international-ehbfe-pro01a,0.53,0.86,0.85,0.52,0.88,0.87,0.82,0.22,0.9,138.32841598195955,156.6410000086762,724,1374
arguana,test,test-international-ehbfe-pro03a,0.38,0.8,0.91,0.37,0.87,0.92,0.7,0.67,0.8,155.97233397420496,179.89191599190235,729,1371
arguana,test,test-international-ehbfe-pro04a,0.44,0.83,0.87,0.37,0.88,0.83,0.43,0.53,0.73,113.92287496710196,117.27716698078439,724,1369
arguana,test,test-international-ehbfe-con02a,0.48,0.84,0.84,0.46,0.9,0.77,0.2,0.66,0.61,176.3354170252569,131.6055830102414,754,1396
arguana,test,test-international-ehbfe-con04a,0.4,0.77,0.95,0.41,0.87,0.94,0.69,0.14,0.84,158.36424997542053,160.76625004643574,621,1263
arguana,test,test-international-ehbfe-con03a,0.44,0.81,0.94,0.7,0.83,0.93,0.31,0.32,0.46,123.00245900405571,123.45545802963898,654,1349
arguana,test,test-international-ehbfe-con01a,0.32,0.86,0.94,0.35,0.89,0.91,0.24,0.85,0.82,136.65204105200246,152.47725002700463,714,1386
arguana,test,test-international-iiahwagit-pro02a,0.25,0.84,0.93,0.33,0.87,0.92,0.56,0.29,0.68,123.0593750369735,118.56200004694983,674,1391
arguana,test,test-international-iiahwagit-pro05a,0.31,0.84,0.93,0.44,0.84,0.94,0.37,0.15,0.57,138.2947909878567,128.9303750381805,700,1401
arguana,test,test-international-iiahwagit-pro01a,0.29,0.79,0.92,0.42,0.83,0.92,0.56,0.15,0.65,131.79154199315235,134.46824997663498,668,1288
arguana,test,test-international-iiahwagit-pro03a,0.37,0.82,0.9,0.45,0.85,0.88,0.5,0.46,0.75,111.45558301359415,131.7007080069743,655,1308
arguana,test,test-international-iiahwagit-pro04a,0.23,0.83,0.95,0.27,0.88,0.95,0.84,0.14,0.89,149.9986249837093,128.99320799624547,695,1401
arguana,test,test-international-iiahwagit-con02a,0.37,0.86,0.87,0.5,0.86,0.87,0.62,0.39,0.77,129.74695902084932,114.53029100084677,660,1324
arguana,test,test-international-iiahwagit-con04a,0.31,0.82,0.92,0.5,0.86,0.92,0.56,0.2,0.7,114.37174997990951,120.54304202320054,759,1465
arguana,test,test-international-iiahwagit-con03a,0.32,0.82,0.92,0.37,0.87,0.92,0.61,0.53,0.86,112.35866695642471,130.79179200576618,751,1393
arguana,test,test-international-iiahwagit-con01a,0.32,0.86,0.9,0.38,0.85,0.89,0.72,0.29,0.83,117.38620896358043,115.61541695846245,666,1339
arguana,test,test-international-epvhwhranet-pro02a,0.41,0.79,0.96,0.4,0.89,0.96,0.83,0.28,0.92,124.02804096927866,125.85433304775506,755,1407
arguana,test,test-international-epvhwhranet-pro01a,0.23,0.86,0.96,0.31,0.91,0.96,0.84,0.39,0.91,122.20270896796137,178.61120804445818,749,1396
arguana,test,test-international-epvhwhranet-pro03a,0.63,0.82,0.95,0.5,0.87,0.96,0.88,0.24,0.91,204.1013750131242,121.53079203562811,633,1283
arguana,test,test-international-epvhwhranet-con02a,0.42,0.85,0.89,0.52,0.89,0.83,0.54,0.74,0.83,118.05612500756979,136.7144159739837,656,1256
arguana,test,test-international-epvhwhranet-con04a,0.41,0.83,0.91,0.47,0.89,0.85,0.66,0.55,0.75,115.20554195158184,120.18600001465529,708,1373
arguana,test,test-international-epvhwhranet-con03a,0.47,0.83,0.93,0.44,0.87,0.91,0.81,0.15,0.91,146.01325005060062,155.53308301605284,747,1434
arguana,test,test-international-epvhwhranet-con01a,0.52,0.84,0.95,0.53,0.9,0.9,0.38,0.49,0.63,134.95041598798707,120.84258301183581,630,1292
arguana,test,test-international-aglhrilhb-pro02a,0.3,0.85,0.9,0.3,0.91,0.8,0.79,0.52,0.89,144.8672919650562,114.55037497216836,725,1391
arguana,test,test-international-aglhrilhb-pro01a,0.31,0.85,0.96,0.3,0.91,0.94,0.53,0.4,0.82,151.05458395555615,118.41162497876212,740,1412
arguana,test,test-international-aglhrilhb-pro03a,0.38,0.84,0.94,0.35,0.87,0.91,0.61,0.14,0.7,119.99116704100743,119.70474995905533,636,1298
arguana,test,test-international-aglhrilhb-pro04a,0.35,0.81,0.97,0.39,0.87,0.96,0.89,0.18,0.93,183.5052079986781,123.70274995919317,765,1418
arguana,test,test-international-aglhrilhb-con02a,0.44,0.83,0.96,0.44,0.88,0.95,0.58,0.72,0.83,145.6357089919038,120.85549999028444,783,1457
arguana,test,test-international-aglhrilhb-con03a,0.39,0.85,0.96,0.39,0.91,0.96,0.65,0.55,0.82,121.34850001893938,127.93937500100583,672,1369
arguana,test,test-international-aglhrilhb-con01a,0.49,0.88,0.93,0.4,0.9,0.91,0.57,0.8,0.93,137.79183302540332,131.4262499799952,700,1385
arguana,test,test-international-siacphbnt-pro02a,0.55,0.76,0.93,0.53,0.8,0.88,0.43,0.25,0.76,122.52199999056756,164.4501670380123,789,1495
arguana,test,test-international-siacphbnt-pro05a,0.47,0.71,0.95,0.56,0.79,0.94,0.59,0.3,0.76,151.56583295902237,154.3907499872148,757,1471
arguana,test,test-international-siacphbnt-pro01a,0.62,0.81,0.91,0.59,0.86,0.88,0.4,0.68,0.75,119.01158303953707,130.41645800694823,807,1469
arguana,test,test-international-siacphbnt-pro03a,0.69,0.71,0.95,0.69,0.76,0.89,0.18,0.72,0.45,141.87875000061467,189.45258297026157,670,1346
arguana,test,test-international-siacphbnt-pro04a,0.67,0.7,0.94,0.69,0.79,0.94,0.34,0.37,0.75,119.14633400738239,120.39754103170708,713,1366
arguana,test,test-international-siacphbnt-con02a,0.63,0.78,0.67,0.57,0.88,0.47,0.29,0.4,0.43,128.16283298889175,111.55550001421943,710,1375
arguana,test,test-international-siacphbnt-con04a,0.62,0.8,0.84,0.58,0.83,0.77,0.42,0.39,0.59,157.29333297349513,129.64962504338473,660,1330
arguana,test,test-international-siacphbnt-con03a,0.77,0.78,0.9,0.56,0.87,0.8,0.27,0.19,0.56,126.66312500368804,123.6021249787882,634,1258
arguana,test,test-international-siacphbnt-con01a,0.52,0.8,0.93,0.53,0.86,0.89,0.42,0.43,0.66,118.53129102382809,123.86462499853224,676,1366
arguana,test,test-international-aegmeppghw-pro02a,0.37,0.82,0.95,0.39,0.87,0.95,0.51,0.59,0.76,119.68349997187033,118.63787501351908,720,1396
arguana,test,test-international-aegmeppghw-pro01a,0.4,0.81,0.95,0.38,0.88,0.94,0.48,0.74,0.81,151.6260000062175,131.7522079916671,750,1468
arguana,test,test-international-aegmeppghw-pro03a,0.34,0.86,0.93,0.34,0.87,0.91,0.14,0.73,0.43,130.4795410251245,124.4345000013709,719,1368
arguana,test,test-international-aegmeppghw-pro04a,0.41,0.76,0.96,0.42,0.82,0.97,0.26,0.7,0.64,135.63345902366564,184.23916603205726,743,1418
arguana,test,test-international-aegmeppghw-con02a,0.56,0.78,0.94,0.61,0.87,0.91,0.47,0.76,0.81,152.04991697100922,116.40762502793223,735,1398
arguana,test,test-international-aegmeppghw-con05a,0.21,0.85,0.93,0.28,0.89,0.91,0.72,0.16,0.84,176.55475001083687,127.98470904817805,735,1411
arguana,test,test-international-aegmeppghw-con04a,0.4,0.83,0.94,0.44,0.88,0.93,0.43,0.72,0.82,166.85525001958013,142.63341698097065,736,1389
arguana,test,test-international-aegmeppghw-con03a,0.5,0.86,0.93,0.65,0.87,0.92,0.68,0.49,0.74,165.3894999762997,134.71466599730775,761,1477
arguana,test,test-international-aegmeppghw-con01a,0.71,0.75,0.95,0.7,0.84,0.94,0.62,0.75,0.86,157.77979197446257,114.7664170130156,737,1407
arguana,test,test-international-epglghbni-pro02a,0.28,0.82,0.96,0.33,0.88,0.96,0.53,0.46,0.73,137.56583299254999,111.20062501868233,683,1298
arguana,test,test-international-epglghbni-pro05a,0.31,0.85,0.92,0.33,0.88,0.91,0.76,0.46,0.82,149.1618340369314,116.86795897549018,630,1235
arguana,test,test-international-epglghbni-pro01a,0.31,0.84,0.9,0.29,0.87,0.89,0.62,0.33,0.79,115.5541249900125,117.29212501086295,696,1370
arguana,test,test-international-epglghbni-pro03a,0.37,0.82,0.95,0.37,0.89,0.92,0.44,0.76,0.84,176.7273330478929,175.71920802583918,736,1417
arguana,test,test-international-epglghbni-pro04a,0.47,0.84,0.82,0.44,0.89,0.72,0.68,0.51,0.72,194.69741702778265,157.52574999351054,649,1309
arguana,test,test-international-epglghbni-con02a,0.3,0.8,0.94,0.46,0.87,0.94,0.45,0.21,0.66,178.97512501804158,184.61045797448605,765,1431
arguana,test,test-international-epglghbni-con03a,0.25,0.86,0.85,0.27,0.9,0.86,0.49,0.72,0.74,173.2457079924643,141.1858749925159,647,1329
arguana,test,test-international-epglghbni-con01a,0.33,0.81,0.93,0.29,0.86,0.93,0.19,0.89,0.74,156.49058402050287,221.66841698344797,770,1358
arguana,test,test-international-glilpdwhsn-pro02a,0.29,0.83,0.97,0.32,0.88,0.97,0.15,0.69,0.6,133.4549579769373,170.62312498455867,754,1431
arguana,test,test-international-glilpdwhsn-pro01a,0.3,0.84,0.97,0.31,0.85,0.97,0.66,0.26,0.77,112.10154194850475,121.37341604102403,755,1450
arguana,test,test-international-glilpdwhsn-pro03a,0.4,0.76,0.96,0.5,0.86,0.96,0.33,0.66,0.8,129.01283300016075,129.81512496480718,755,1439
arguana,test,test-international-glilpdwhsn-con02a,0.24,0.82,0.97,0.31,0.89,0.97,0.86,0.24,0.89,136.92370802164078,118.89612500090152,784,1469
arguana,test,test-international-glilpdwhsn-con04a,0.32,0.79,0.96,0.33,0.88,0.96,0.22,0.18,0.37,121.77216698182747,124.92662505246699,754,1440
arguana,test,test-international-glilpdwhsn-con03a,0.3,0.82,0.96,0.31,0.88,0.96,0.86,0.15,0.89,114.46016700938344,144.34237504610792,754,1420
arguana,test,test-international-glilpdwhsn-con01a,0.29,0.81,0.96,0.28,0.86,0.97,0.45,0.92,0.9,151.66137495543808,165.98320798948407,771,1474
arguana,test,test-international-sepiahbaaw-pro02a,0.35,0.74,0.87,0.35,0.78,0.85,0.11,0.9,0.72,153.04212499177083,213.95508298883215,721,1382
arguana,test,test-international-sepiahbaaw-pro01a,0.55,0.74,0.94,0.57,0.81,0.92,0.49,0.34,0.74,144.2744160303846,125.1198339741677,758,1451
arguana,test,test-international-sepiahbaaw-pro03a,0.37,0.82,0.95,0.37,0.86,0.93,0.16,0.74,0.66,127.06008303212002,227.38945798482746,784,1481
arguana,test,test-international-sepiahbaaw-pro04a,0.35,0.8,0.95,0.3,0.85,0.92,0.35,0.39,0.62,157.83545799786225,116.37779203010723,684,1344
arguana,test,test-international-sepiahbaaw-con02a,0.58,0.77,0.93,0.66,0.86,0.9,0.48,0.51,0.75,132.99112499225885,122.80087498947978,754,1449
arguana,test,test-international-sepiahbaaw-con03a,0.37,0.82,0.92,0.42,0.87,0.87,0.82,0.48,0.78,156.25345800071955,120.95920799765736,654,1363
arguana,test,test-international-sepiahbaaw-con01a,0.43,0.73,0.9,0.49,0.82,0.88,0.7,0.26,0.84,152.74266700726002,126.86341698281467,649,1335
arguana,test,test-international-atiahblit-pro02a,0.49,0.74,0.94,0.43,0.81,0.93,0.26,0.4,0.49,137.77875003870577,122.1139999688603,795,1398
arguana,test,test-international-atiahblit-pro01a,0.44,0.74,0.94,0.52,0.79,0.93,0.42,0.53,0.57,120.35829102387652,134.29741701111197,653,1369
arguana,test,test-international-atiahblit-pro03a,0.45,0.73,0.87,0.37,0.8,0.8,0.07,0.59,0.35,214.55362503184006,120.87416701251641,657,1321
arguana,test,test-international-atiahblit-pro04a,0.51,0.68,0.93,0.37,0.78,0.87,0.11,0.24,0.2,243.32391697680578,119.85349998576567,730,1427
arguana,test,test-international-atiahblit-con02a,0.43,0.79,0.95,0.45,0.84,0.92,0.73,0.41,0.83,155.84583301097155,128.4017920261249,651,1308
arguana,test,test-international-atiahblit-con04a,0.5,0.87,0.96,0.46,0.89,0.95,0.17,0.73,0.57,125.8273750427179,117.67270800191909,584,1154
arguana,test,test-international-atiahblit-con03a,0.5,0.78,0.9,0.53,0.84,0.87,0.1,0.81,0.56,127.7175840223208,133.07995803188533,731,1375
arguana,test,test-international-atiahblit-con01a,0.53,0.81,0.57,0.47,0.87,0.46,0.26,0.3,0.36,126.59270799485967,149.54562502680346,653,1309
arguana,test,test-international-iwiaghbss-pro02a,0.43,0.76,0.93,0.48,0.84,0.93,0.57,0.33,0.7,128.41858301544562,121.39275000663474,622,1221
arguana,test,test-international-iwiaghbss-pro01a,0.34,0.8,0.95,0.45,0.87,0.95,0.48,0.64,0.7,148.18591601215303,120.89483300223947,675,1287
arguana,test,test-international-iwiaghbss-pro03a,0.62,0.74,0.94,0.53,0.83,0.94,0.16,0.77,0.82,118.85179200908169,120.8510419819504,754,1366
arguana,test,test-international-iwiaghbss-pro04a,0.46,0.79,0.97,0.46,0.83,0.95,0.12,0.34,0.22,145.13229200383648,156.97145904414356,758,1406
arguana,test,test-international-iwiaghbss-con02a,0.57,0.75,0.92,0.65,0.82,0.89,0.19,0.42,0.27,129.02137503260747,113.95329202059656,680,1362
arguana,test,test-international-iwiaghbss-con03a,0.48,0.87,0.93,0.5,0.88,0.9,0.09,0.81,0.74,117.36412503523752,149.33554199524224,755,1402
arguana,test,test-international-iwiaghbss-con01a,0.34,0.83,0.94,0.41,0.85,0.91,0.39,0.6,0.7,114.65479200705886,123.93133295699954,639,1278
arguana,test,test-international-segiahbarr-pro02a,0.53,0.76,0.95,0.52,0.82,0.9,0.12,0.66,0.5,127.03854095889255,121.39916699379683,784,1441
arguana,test,test-international-segiahbarr-pro01a,0.35,0.77,0.95,0.54,0.79,0.9,0.23,0.28,0.5,164.25308299949393,159.362250007689,788,1462
arguana,test,test-international-segiahbarr-pro03a,0.54,0.69,0.92,0.6,0.83,0.91,0.49,0.51,0.65,143.1655419874005,151.5716669964604,783,1492
arguana,test,test-international-segiahbarr-pro04a,0.41,0.74,0.89,0.42,0.84,0.85,0.54,0.44,0.78,121.97541701607406,137.4972090125084,764,1442
arguana,test,test-international-segiahbarr-con02a,0.4,0.83,0.93,0.48,0.88,0.9,0.41,0.72,0.76,157.79116697376594,242.4242909764871,666,1356
arguana,test,test-international-segiahbarr-con04a,0.24,0.77,0.94,0.33,0.77,0.86,0.07,0.79,0.3,111.36062495643273,121.88200000673532,785,1479
arguana,test,test-international-segiahbarr-con03a,0.41,0.74,0.89,0.41,0.79,0.86,0.69,0.1,0.81,122.83100001513958,112.71975003182888,805,1482
arguana,test,test-international-segiahbarr-con01a,0.41,0.79,0.96,0.47,0.87,0.95,0.53,0.28,0.66,172.69966599997133,107.68124996684492,679,1285
arguana,test,test-international-aahwstdrtfm-pro02a,0.39,0.83,0.94,0.45,0.9,0.92,0.23,0.25,0.38,117.71483405027539,161.1402920098044,827,1506
arguana,test,test-international-aahwstdrtfm-pro01a,0.35,0.83,0.96,0.33,0.88,0.94,0.64,0.06,0.77,124.14799997350201,148.64470798056573,727,1392
arguana,test,test-international-aahwstdrtfm-pro03a,0.32,0.81,0.94,0.34,0.85,0.93,0.27,0.88,0.84,146.32895798422396,111.61062499741092,640,1308
arguana,test,test-international-aahwstdrtfm-pro04a,0.31,0.79,0.96,0.41,0.86,0.96,0.14,0.75,0.49,110.78908294439316,136.19975000619888,747,1384
arguana,test,test-international-aahwstdrtfm-con02a,0.24,0.84,0.96,0.42,0.85,0.94,0.46,0.19,0.62,161.2513749860227,152.40933297900483,750,1384
arguana,test,test-international-aahwstdrtfm-con03a,0.38,0.79,0.96,0.47,0.87,0.94,0.14,0.74,0.51,147.21779205137864,130.43399999151006,777,1419
arguana,test,test-international-aahwstdrtfm-con01a,0.31,0.86,0.96,0.35,0.89,0.95,0.33,0.59,0.53,123.05608397582546,117.45474999770522,689,1361
arguana,test,test-international-ipecfiepg-pro02a,0.27,0.8,0.93,0.31,0.87,0.93,0.87,0.48,0.92,153.44533300958574,119.36120799509808,746,1408
arguana,test,test-international-ipecfiepg-pro01a,0.39,0.8,0.95,0.35,0.86,0.95,0.37,0.84,0.89,133.59937502536923,158.68899994529784,747,1404
arguana,test,test-international-ipecfiepg-pro03a,0.28,0.84,0.95,0.31,0.89,0.94,0.28,0.82,0.94,119.44941600086167,124.0281659993343,696,1350
arguana,test,test-international-ipecfiepg-con02a,0.2,0.87,0.96,0.25,0.9,0.94,0.34,0.84,0.72,125.34004199551418,119.49245899450034,760,1422
arguana,test,test-international-ipecfiepg-con04a,0.25,0.87,0.94,0.28,0.9,0.92,0.13,0.84,0.79,106.22387495823205,109.5641249557957,770,1434
arguana,test,test-international-ipecfiepg-con03a,0.23,0.79,0.94,0.26,0.89,0.95,0.83,0.12,0.88,172.82670899294317,120.39916694629937,751,1398
arguana,test,test-international-ipecfiepg-con01a,0.24,0.75,0.94,0.31,0.87,0.92,0.4,0.69,0.76,118.43470897292718,151.33445902029052,751,1413
arguana,test,test-international-eghrhbeusli-pro02a,0.69,0.82,0.94,0.72,0.89,0.94,0.69,0.22,0.81,131.0015830094926,119.54041698481888,779,1434
arguana,test,test-international-eghrhbeusli-pro05a,0.25,0.85,0.94,0.32,0.9,0.9,0.5,0.43,0.76,120.50708301831037,213.2431250065565,774,1438
arguana,test,test-international-eghrhbeusli-pro01a,0.38,0.76,0.95,0.44,0.83,0.94,0.51,0.84,0.84,132.31887499568984,158.17749995039776,750,1423
arguana,test,test-international-eghrhbeusli-pro03a,0.33,0.82,0.91,0.38,0.88,0.91,0.84,0.25,0.87,111.02262500207871,202.73254200583324,727,1384
arguana,test,test-international-eghrhbeusli-pro04a,0.61,0.84,0.95,0.61,0.89,0.92,0.58,0.31,0.73,115.38579198531806,127.4309580330737,754,1428
arguana,test,test-international-eghrhbeusli-con02a,0.48,0.78,0.93,0.44,0.85,0.89,0.58,0.45,0.79,136.23237499268726,119.04462502570823,730,1402
arguana,test,test-international-eghrhbeusli-con05a,0.21,0.79,0.95,0.33,0.87,0.9,0.15,0.45,0.36,124.4431659579277,129.72699996316805,773,1450
arguana,test,test-international-eghrhbeusli-con04a,0.32,0.88,0.9,0.32,0.9,0.89,0.69,0.7,0.83,113.34174999501556,120.67345797549933,724,1395
arguana,test,test-international-eghrhbeusli-con03a,0.24,0.8,0.94,0.43,0.87,0.91,0.6,0.43,0.76,134.87229100428522,112.39891697186977,750,1420
arguana,test,test-international-eghrhbeusli-con01a,0.17,0.85,0.95,0.21,0.88,0.94,0.31,0.89,0.82,131.1452909721993,114.5552090019919,758,1426
arguana,test,test-international-gsciidffe-pro02a,0.41,0.84,0.95,0.46,0.89,0.92,0.52,0.59,0.81,124.40783303463832,117.70179204177111,739,1394
arguana,test,test-international-gsciidffe-pro01a,0.51,0.74,0.93,0.6,0.87,0.9,0.36,0.39,0.61,115.50641700159758,166.38254199642688,794,1454
arguana,test,test-international-gsciidffe-pro03a,0.56,0.84,0.78,0.61,0.89,0.54,0.31,0.6,0.64,120.60858303448185,111.65291594807059,640,1302
arguana,test,test-international-gsciidffe-pro04a,0.44,0.81,0.9,0.41,0.86,0.89,0.58,0.73,0.85,109.64141704607755,126.19174999417737,730,1392
arguana,test,test-international-gsciidffe-con02a,0.75,0.85,0.91,0.7,0.87,0.88,0.37,0.55,0.6,142.7737920312211,165.6207079649903,734,1405
arguana,test,test-international-gsciidffe-con04a,0.4,0.84,0.95,0.42,0.88,0.93,0.29,0.72,0.75,113.49787499057129,109.66245800955221,758,1404
arguana,test,test-international-gsciidffe-con03a,0.56,0.83,0.88,0.34,0.89,0.87,0.62,0.78,0.88,112.90399997960776,129.56745899282396,733,1367
arguana,test,test-international-gsciidffe-con01a,0.47,0.79,0.95,0.64,0.83,0.93,0.51,0.7,0.82,119.44508302258328,109.4054999994114,778,1439
arguana,test,test-international-eiahwpamu-pro02a,0.47,0.76,0.94,0.56,0.84,0.95,0.76,0.16,0.82,148.3399579883553,121.10254098661244,805,1540
arguana,test,test-international-eiahwpamu-pro05a,0.39,0.74,0.92,0.36,0.82,0.93,0.83,0.26,0.91,142.80629198765382,123.97454195888713,689,1376
arguana,test,test-international-eiahwpamu-pro01a,0.51,0.71,0.89,0.54,0.71,0.88,0.8,0.16,0.85,168.0868329713121,118.30641701817513,663,1407
arguana,test,test-international-eiahwpamu-pro03a,0.46,0.76,0.93,0.52,0.76,0.92,0.84,0.25,0.88,129.10562503384426,138.76145897665992,670,1414
arguana,test,test-international-eiahwpamu-pro04a,0.58,0.73,0.93,0.58,0.82,0.93,0.54,0.34,0.68,157.56220900220796,137.82679196447134,663,1376
arguana,test,test-international-eiahwpamu-con02a,0.35,0.79,0.87,0.42,0.86,0.84,0.38,0.83,0.83,150.096666009631,145.23975003976375,692,1332
arguana,test,test-international-eiahwpamu-con03a,0.43,0.78,0.92,0.35,0.76,0.93,0.66,0.44,0.76,119.00145898107439,114.26175001543015,682,1406
arguana,test,test-international-eiahwpamu-con01a,0.36,0.78,0.67,0.47,0.86,0.47,0.62,0.46,0.79,120.1025839545764,130.99741702899337,731,1422
arguana,test,test-international-emephsate-pro02a,0.35,0.83,0.93,0.42,0.89,0.92,0.77,0.41,0.82,140.86345804389566,128.85529198683798,752,1395
arguana,test,test-international-emephsate-pro01a,0.29,0.77,0.91,0.37,0.87,0.91,0.26,0.8,0.88,183.31954098539427,134.22949996311218,751,1446
arguana,test,test-international-emephsate-pro03a,0.43,0.73,0.91,0.4,0.82,0.87,0.09,0.59,0.31,123.98533400846645,142.07566704135388,737,1408
arguana,test,test-international-emephsate-con02a,0.21,0.84,0.95,0.26,0.85,0.96,0.67,0.37,0.89,129.51229099417105,152.93633297551423,772,1470
arguana,test,test-international-emephsate-con03a,0.22,0.79,0.96,0.27,0.85,0.96,0.73,0.11,0.85,118.06916701607406,135.59958297992125,774,1477
arguana,test,test-international-emephsate-con01a,0.21,0.84,0.92,0.22,0.9,0.92,0.87,0.56,0.92,154.5203750138171,175.4010830190964,753,1470
arguana,test,test-international-epdlhfcefp-pro02a,0.64,0.74,0.96,0.54,0.81,0.96,0.61,0.4,0.74,114.98762498376891,137.94862502254546,736,1375
arguana,test,test-international-epdlhfcefp-pro01a,0.49,0.79,0.96,0.45,0.87,0.95,0.58,0.13,0.72,128.83379199774936,168.32749999593943,747,1385
arguana,test,test-international-epdlhfcefp-pro03a,0.41,0.75,0.95,0.41,0.82,0.96,0.79,0.31,0.85,122.30733397882432,129.34929196489975,733,1375
arguana,test,test-international-epdlhfcefp-pro04a,0.38,0.71,0.95,0.49,0.8,0.94,0.46,0.65,0.73,241.28808302339166,135.58112498139963,734,1394
arguana,test,test-international-epdlhfcefp-con02a,0.39,0.81,0.94,0.38,0.89,0.94,0.31,0.87,0.8,122.90916702477261,188.7436670367606,708,1363
arguana,test,test-international-epdlhfcefp-con03a,0.52,0.75,0.95,0.5,0.85,0.94,0.64,0.52,0.82,154.163500003051,145.54287504870445,693,1336
arguana,test,test-international-epdlhfcefp-con01a,0.5,0.79,0.95,0.45,0.86,0.94,0.17,0.91,0.82,153.6138750379905,116.23033398063853,653,1303
arguana,test,test-international-ssiarcmhb-pro02a,0.27,0.86,0.95,0.29,0.9,0.95,0.77,0.36,0.88,120.54500001249835,116.81166698690504,684,1288
arguana,test,test-international-ssiarcmhb-pro05a,0.32,0.87,0.94,0.34,0.9,0.94,0.22,0.6,0.49,116.83491599978879,134.11279203137383,630,1285
arguana,test,test-international-ssiarcmhb-pro01a,0.21,0.84,0.93,0.19,0.89,0.92,0.76,0.61,0.91,112.70970804616809,117.79595899861306,746,1355
arguana,test,test-international-ssiarcmhb-pro03a,0.34,0.87,0.95,0.33,0.89,0.94,0.76,0.49,0.85,120.55229098768905,118.34845796693116,725,1379
arguana,test,test-international-ssiarcmhb-pro04a,0.34,0.85,0.89,0.41,0.87,0.89,0.69,0.74,0.85,129.53962496249005,115.00574997626245,649,1231
arguana,test,test-international-ssiarcmhb-con02a,0.29,0.82,0.93,0.31,0.87,0.93,0.71,0.46,0.87,136.53249997878447,121.13120802678168,718,1364
arguana,test,test-international-ssiarcmhb-con05a,0.31,0.74,0.88,0.33,0.85,0.85,0.88,0.12,0.92,139.0429160092026,121.33762502344325,708,1322
arguana,test,test-international-ssiarcmhb-con04a,0.35,0.88,0.88,0.3,0.89,0.89,0.79,0.35,0.87,128.67129099322483,119.7137919953093,706,1304
arguana,test,test-international-ssiarcmhb-con03a,0.28,0.85,0.88,0.29,0.89,0.91,0.86,0.34,0.93,115.62487500486895,131.94449996808544,642,1299
arguana,test,test-international-ssiarcmhb-con01a,0.5,0.79,0.92,0.53,0.85,0.9,0.34,0.69,0.84,162.34958299901336,151.29745902959257,664,1308
arguana,test,test-philosophy-pppgshbsd-pro02a,0.49,0.8,0.9,0.45,0.88,0.88,0.43,0.78,0.84,109.17195799993351,132.11658300133422,770,1436
arguana,test,test-philosophy-pppgshbsd-pro01a,0.43,0.84,0.92,0.38,0.87,0.9,0.24,0.87,0.86,164.19237502850592,134.2122499481775,677,1339
arguana,test,test-philosophy-pppgshbsd-pro03a,0.7,0.83,0.65,0.59,0.86,0.62,0.4,0.56,0.66,145.2873750240542,130.09579200297594,646,1302
arguana,test,test-philosophy-pppgshbsd-con02a,0.63,0.75,0.77,0.61,0.8,0.69,0.39,0.66,0.69,136.75741699989885,117.01470799744129,722,1383
arguana,test,test-philosophy-pppgshbsd-con05a,0.26,0.82,0.89,0.31,0.86,0.79,0.46,0.24,0.58,124.84695797320455,117.79291700804606,698,1338
arguana,test,test-philosophy-pppgshbsd-con04a,0.32,0.84,0.93,0.45,0.87,0.91,0.69,0.23,0.76,121.3252919842489,173.36233297828585,726,1368
arguana,test,test-philosophy-pppgshbsd-con03a,0.68,0.78,0.82,0.56,0.89,0.83,0.19,0.88,0.78,119.12904196651652,118.56045899912715,731,1401
arguana,test,test-philosophy-pppgshbsd-con01a,0.76,0.74,0.52,0.62,0.87,0.6,0.13,0.88,0.74,137.96362502034754,113.02004201570526,707,1349
arguana,test,test-philosophy-elhbrd-pro02a,0.64,0.8,0.47,0.55,0.8,0.51,0.69,0.61,0.89,126.44837499829009,170.12833297485486,738,1388
arguana,test,test-philosophy-elhbrd-pro01a,0.46,0.8,0.46,0.48,0.84,0.38,0.74,0.49,0.85,113.22779097827151,118.00633399980143,731,1359
arguana,test,test-philosophy-elhbrd-pro03a,0.65,0.74,0.16,0.51,0.81,0.22,0.68,0.51,0.84,137.16637500328943,112.90766601450741,728,1370
arguana,test,test-philosophy-elhbrd-con02a,0.61,0.81,0.22,0.46,0.86,0.31,0.26,0.62,0.63,123.4582910547033,127.49604100827128,736,1378
arguana,test,test-philosophy-elhbrd-con04a,0.51,0.76,0.71,0.42,0.86,0.7,0.62,0.18,0.77,123.79199999850243,181.90137500641868,740,1405
arguana,test,test-philosophy-elhbrd-con03a,0.53,0.77,0.25,0.45,0.86,0.25,0.59,0.63,0.81,131.6642920137383,152.4199999985285,731,1371
arguana,test,test-philosophy-elhbrd-con01a,0.59,0.83,0.18,0.54,0.87,0.21,0.49,0.32,0.66,172.09700000239536,171.04975000256673,732,1411
arguana,test,test-philosophy-apessghwba-pro02a,0.38,0.83,0.9,0.3,0.89,0.87,0.88,0.24,0.89,121.41662498470396,122.81391600845382,747,1392
arguana,test,test-philosophy-apessghwba-pro05a,0.47,0.87,0.88,0.43,0.88,0.93,0.84,0.21,0.87,144.9527909862809,148.5289580305107,674,1276
arguana,test,test-philosophy-apessghwba-pro01a,0.55,0.78,0.21,0.37,0.84,0.33,0.89,0.17,0.91,134.0871669817716,140.71116701234132,745,1386
arguana,test,test-philosophy-apessghwba-pro03a,0.51,0.83,0.3,0.41,0.84,0.38,0.9,0.13,0.91,170.03941698931158,112.29524994269013,728,1372
arguana,test,test-philosophy-apessghwba-pro04a,0.36,0.78,0.89,0.4,0.8,0.91,0.54,0.77,0.86,113.90241701155901,115.29716697987169,745,1358
arguana,test,test-philosophy-apessghwba-con02a,0.45,0.84,0.86,0.36,0.86,0.91,0.88,0.2,0.91,113.23854199144989,167.34433395322412,751,1352
arguana,test,test-philosophy-apessghwba-con05a,0.34,0.86,0.79,0.37,0.9,0.65,0.92,0.15,0.92,141.9639159576036,164.23424996901304,761,1388
arguana,test,test-philosophy-apessghwba-con04a,0.54,0.78,0.95,0.49,0.82,0.95,0.68,0.63,0.87,116.30049999803305,167.8440000396222,745,1352
arguana,test,test-philosophy-apessghwba-con03a,0.58,0.79,0.83,0.49,0.8,0.88,0.83,0.24,0.83,133.37674998911098,142.7313750027679,736,1367
arguana,test,test-philosophy-apessghwba-con01a,0.21,0.82,0.93,0.25,0.87,0.89,0.86,0.37,0.94,121.32249999558553,162.7482079784386,751,1357
arguana,test,test-philosophy-elkosmj-pro02a,0.32,0.87,0.19,0.3,0.88,0.33,0.6,0.9,0.93,149.36629199655727,148.85191601933911,646,1254
arguana,test,test-philosophy-elkosmj-pro01a,0.32,0.8,0.49,0.32,0.86,0.42,0.83,0.29,0.88,117.8442919626832,136.7657920345664,639,1287
arguana,test,test-philosophy-elkosmj-pro03a,0.33,0.83,0.93,0.41,0.86,0.95,0.65,0.35,0.86,133.82345798891038,124.8660419951193,728,1345
arguana,test,test-philosophy-elkosmj-con02a,0.74,0.86,0.09,0.48,0.88,0.13,0.9,0.23,0.9,150.97366704139858,122.72791698342189,617,1220
arguana,test,test-philosophy-elkosmj-con05a,0.59,0.8,0.81,0.5,0.83,0.79,0.91,0.15,0.91,113.12237498350441,154.2809579987079,640,1219
arguana,test,test-philosophy-elkosmj-con04a,0.6,0.86,0.07,0.47,0.9,0.09,0.85,0.21,0.87,155.1720830029808,162.71808301098645,604,1206
arguana,test,test-philosophy-elkosmj-con06a,0.54,0.82,0.87,0.45,0.88,0.79,0.75,0.63,0.89,131.21108303312212,120.11729198275134,596,1159
arguana,test,test-philosophy-elkosmj-con03a,0.69,0.83,0.09,0.65,0.87,0.11,0.91,0.1,0.91,136.61479199072346,167.51091700280085,595,1220
arguana,test,test-philosophy-elkosmj-con01a,0.45,0.81,0.33,0.3,0.87,0.41,0.94,0.24,0.95,144.88641696516424,144.09200003137812,615,1218
arguana,test,test-philosophy-pphbclsbs-pro02a,0.31,0.85,0.94,0.33,0.9,0.9,0.14,0.72,0.37,153.13362499000505,126.52283400529996,784,1440
arguana,test,test-philosophy-pphbclsbs-pro05a,0.72,0.82,0.11,0.5,0.86,0.13,0.69,0.2,0.79,110.23629101691768,134.01929195970297,651,1237
arguana,test,test-philosophy-pphbclsbs-pro01a,0.55,0.81,0.95,0.56,0.87,0.93,0.24,0.87,0.8,158.45345897832885,143.18854198791087,751,1393
arguana,test,test-philosophy-pphbclsbs-pro03a,0.3,0.83,0.93,0.42,0.87,0.9,0.51,0.54,0.72,159.84570799628273,131.31325005088001,701,1358
arguana,test,test-philosophy-pphbclsbs-pro04a,0.54,0.8,0.89,0.58,0.86,0.9,0.3,0.75,0.76,119.15079201571643,120.96412503160536,808,1400
arguana,test,test-philosophy-pphbclsbs-con02a,0.36,0.8,0.94,0.31,0.87,0.91,0.72,0.69,0.82,133.30600003246218,156.5167090157047,780,1434
arguana,test,test-philosophy-pphbclsbs-con05a,0.55,0.84,0.85,0.48,0.9,0.8,0.74,0.25,0.87,125.3200420178473,112.98587499186397,684,1345
arguana,test,test-philosophy-pphbclsbs-con04a,0.38,0.84,0.9,0.31,0.87,0.86,0.74,0.16,0.89,134.46633302373812,117.79279197799042,751,1378
arguana,test,test-philosophy-pphbclsbs-con03a,0.31,0.8,0.82,0.44,0.87,0.7,0.25,0.63,0.53,129.4870419660583,123.20604198612273,675,1336
arguana,test,test-philosophy-pphbclsbs-con01a,0.4,0.85,0.91,0.37,0.87,0.86,0.18,0.89,0.83,183.34175000200048,116.7917920392938,751,1405
arguana,test,test-philosophy-npppmhwup-pro02a,0.32,0.83,0.95,0.32,0.88,0.9,0.28,0.37,0.77,117.7188340225257,130.34758297726512,771,1436
arguana,test,test-philosophy-npppmhwup-pro01a,0.42,0.83,0.93,0.46,0.86,0.9,0.25,0.73,0.79,122.59958300273865,129.81983402278274,773,1429
arguana,test,test-philosophy-npppmhwup-pro03a,0.23,0.86,0.88,0.24,0.91,0.77,0.1,0.63,0.76,114.83516701264307,123.8640840165317,718,1401
arguana,test,test-philosophy-npppmhwup-pro04a,0.31,0.82,0.94,0.36,0.87,0.89,0.37,0.81,0.82,159.4952080049552,118.00249997759238,678,1336
arguana,test,test-philosophy-npppmhwup-con02a,0.37,0.8,0.94,0.4,0.88,0.89,0.36,0.68,0.65,176.8370419740677,115.73629104532301,694,1334
arguana,test,test-philosophy-npppmhwup-con03a,0.24,0.84,0.84,0.27,0.89,0.76,0.27,0.65,0.76,161.66649997467175,151.33274998515844,728,1392
arguana,test,test-philosophy-npppmhwup-con01a,0.4,0.84,0.87,0.41,0.86,0.86,0.53,0.4,0.72,119.34195802314207,143.35829101037234,678,1320
arguana,test,test-philosophy-npegiepp-pro02a,0.51,0.76,0.96,0.55,0.81,0.96,0.63,0.65,0.86,123.95675003062934,112.1898340061307,756,1455
arguana,test,test-philosophy-npegiepp-pro05a,0.25,0.73,0.97,0.33,0.88,0.97,0.6,0.36,0.67,203.23633297812194,114.51016599312425,702,1371
arguana,test,test-philosophy-npegiepp-pro01a,0.21,0.68,0.97,0.26,0.81,0.97,0.28,0.62,0.52,121.70154199702665,120.59320899425074,764,1468
arguana,test,test-philosophy-npegiepp-pro03a,0.3,0.81,0.96,0.37,0.84,0.96,0.38,0.55,0.69,179.49874995974824,113.3821249823086,668,1329
arguana,test,test-philosophy-npegiepp-pro04a,0.37,0.78,0.97,0.42,0.84,0.97,0.41,0.38,0.67,141.8897089897655,126.42924999818206,721,1444
arguana,test,test-philosophy-npegiepp-con02a,0.25,0.77,0.97,0.35,0.83,0.97,0.23,0.3,0.33,183.79612499848008,131.26458297483623,810,1505
arguana,test,test-philosophy-npegiepp-con04a,0.39,0.79,0.96,0.53,0.86,0.96,0.21,0.84,0.62,188.35783400572836,120.26616599177942,662,1406
arguana,test,test-philosophy-npegiepp-con03a,0.19,0.75,0.97,0.24,0.82,0.97,0.71,0.33,0.81,176.31283303489909,113.5170409688726,802,1505
arguana,test,test-philosophy-npegiepp-con01a,0.26,0.86,0.96,0.27,0.88,0.97,0.25,0.86,0.86,133.1172920181416,114.53833302948624,793,1452
arguana,test,test-philosophy-eppphwlrtjs-pro02a,0.49,0.76,0.95,0.48,0.8,0.91,0.74,0.38,0.84,107.25379199720919,119.1104999743402,759,1436
arguana,test,test-philosophy-eppphwlrtjs-pro05a,0.57,0.77,0.96,0.57,0.86,0.92,0.72,0.18,0.86,122.55324999568984,135.56095794774592,774,1433
arguana,test,test-philosophy-eppphwlrtjs-pro01a,0.24,0.79,0.92,0.36,0.84,0.8,0.13,0.91,0.84,185.09137502405792,139.605208998546,703,1391
arguana,test,test-philosophy-eppphwlrtjs-pro03a,0.25,0.85,0.94,0.31,0.88,0.9,0.13,0.8,0.62,129.47229202836752,117.10987496189773,759,1388
arguana,test,test-philosophy-eppphwlrtjs-pro04a,0.36,0.74,0.95,0.43,0.87,0.89,0.44,0.65,0.85,191.4095410029404,113.71558299288154,750,1400
arguana,test,test-philosophy-eppphwlrtjs-con02a,0.47,0.74,0.89,0.51,0.85,0.87,0.46,0.59,0.77,233.73874998651445,117.85554199013859,760,1438
arguana,test,test-philosophy-eppphwlrtjs-con04a,0.29,0.83,0.86,0.38,0.87,0.84,0.68,0.56,0.8,213.4922090335749,140.31070901546627,720,1377
arguana,test,test-philosophy-eppphwlrtjs-con03a,0.28,0.8,0.51,0.29,0.87,0.57,0.45,0.6,0.66,146.46725001512095,115.37445796420798,745,1400
arguana,test,test-philosophy-eppphwlrtjs-con01a,0.43,0.88,0.31,0.49,0.9,0.25,0.46,0.76,0.63,190.66199997905642,107.84233402227983,668,1325
arguana,test,test-philosophy-pppthbtcb-pro02a,0.57,0.81,0.94,0.66,0.87,0.93,0.75,0.42,0.84,131.6392920562066,124.98016696190462,667,1317
arguana,test,test-philosophy-pppthbtcb-pro05a,0.37,0.81,0.94,0.44,0.85,0.93,0.3,0.85,0.86,135.70591597817838,127.35354102915153,750,1429
arguana,test,test-philosophy-pppthbtcb-pro01a,0.56,0.81,0.96,0.46,0.87,0.95,0.71,0.47,0.89,242.56412498652935,118.20608301786706,762,1426
arguana,test,test-philosophy-pppthbtcb-pro03a,0.57,0.77,0.87,0.54,0.85,0.88,0.78,0.55,0.91,120.49300002399832,143.80016695940867,665,1279
arguana,test,test-philosophy-pppthbtcb-pro04a,0.72,0.76,0.88,0.74,0.85,0.87,0.69,0.27,0.74,136.15149998804554,103.73187501681969,736,1407
arguana,test,test-philosophy-pppthbtcb-con02a,0.41,0.8,0.82,0.42,0.88,0.76,0.71,0.56,0.89,178.29124996205792,129.93850000202656,755,1434
arguana,test,test-philosophy-pppthbtcb-con04a,0.77,0.8,0.83,0.68,0.79,0.78,0.18,0.64,0.47,129.65200003236532,127.19645799370483,740,1427
arguana,test,test-philosophy-pppthbtcb-con03a,0.38,0.76,0.89,0.45,0.86,0.85,0.23,0.57,0.59,142.84654101356864,148.50125001976267,742,1361
arguana,test,test-philosophy-pppthbtcb-con01a,0.41,0.82,0.8,0.39,0.88,0.74,0.54,0.62,0.76,146.7858329997398,151.86275000451133,765,1433
arguana,test,test-philosophy-ippelhbcp-pro02a,0.41,0.78,0.95,0.47,0.86,0.93,0.55,0.5,0.79,110.8091669739224,130.5758329690434,683,1252
arguana,test,test-philosophy-ippelhbcp-pro01a,0.39,0.86,0.95,0.42,0.9,0.92,0.1,0.69,0.44,204.75249999435619,127.33837502310053,676,1352
arguana,test,test-philosophy-ippelhbcp-pro03a,0.49,0.78,0.95,0.5,0.85,0.93,0.52,0.39,0.69,130.6338330032304,114.58745802519843,705,1354
arguana,test,test-philosophy-ippelhbcp-con02a,0.41,0.8,0.92,0.51,0.87,0.9,0.22,0.73,0.65,179.16929099010304,128.02637496497482,684,1358
arguana,test,test-philosophy-ippelhbcp-con04a,0.36,0.86,0.92,0.32,0.89,0.92,0.13,0.86,0.8,175.9994170279242,117.50462499912828,633,1220
arguana,test,test-philosophy-ippelhbcp-con03a,0.35,0.82,0.91,0.39,0.89,0.84,0.21,0.46,0.33,114.76787499850616,182.36379203153774,655,1333
arguana,test,test-philosophy-ippelhbcp-con01a,0.55,0.85,0.92,0.59,0.88,0.85,0.12,0.86,0.62,234.50929200043902,124.85116702737287,656,1332
arguana,test,test-law-ilppppghb-pro02a,0.58,0.78,0.68,0.65,0.85,0.52,0.46,0.44,0.7,133.45995801500976,245.37695798790082,655,1352
arguana,test,test-law-ilppppghb-pro01a,0.48,0.82,0.92,0.48,0.85,0.91,0.58,0.84,0.9,173.4323330456391,288.03395899012685,762,1466
arguana,test,test-law-ilppppghb-pro03a,0.48,0.72,0.94,0.57,0.78,0.91,0.26,0.74,0.64,108.03270898759365,145.17545799026266,741,1436
arguana,test,test-law-ilppppghb-pro04a,0.71,0.78,0.96,0.75,0.86,0.94,0.28,0.82,0.81,149.751125019975,149.31716700084507,775,1445
arguana,test,test-law-ilppppghb-con02a,0.49,0.83,0.83,0.45,0.89,0.83,0.72,0.47,0.85,114.27254101727158,127.17579194577411,693,1365
arguana,test,test-law-ilppppghb-con03a,0.51,0.82,0.88,0.46,0.87,0.89,0.82,0.3,0.92,121.34333298308775,116.70675000641495,671,1374
arguana,test,test-law-ilppppghb-con01a,0.34,0.87,0.9,0.36,0.9,0.87,0.36,0.8,0.87,149.35445896117017,156.99137496994808,717,1384
arguana,test,test-law-lgplhbssbco-pro02a,0.28,0.82,0.11,0.35,0.88,0.12,0.3,0.8,0.83,117.128457990475,150.01129097072408,616,1263
arguana,test,test-law-lgplhbssbco-pro01a,0.27,0.82,0.89,0.29,0.88,0.86,0.81,0.14,0.9,131.71337498351932,138.80937499925494,740,1339
arguana,test,test-law-lgplhbssbco-pro03a,0.37,0.77,0.83,0.42,0.87,0.78,0.28,0.74,0.83,130.5431660148315,162.7574999583885,753,1399
arguana,test,test-law-lgplhbssbco-pro04a,0.5,0.81,0.7,0.35,0.89,0.68,0.6,0.75,0.77,165.74658296303824,155.52987501723692,595,1245
arguana,test,test-law-lgplhbssbco-con02a,0.27,0.85,0.89,0.36,0.9,0.82,0.32,0.92,0.92,171.34012503083795,270.6356249982491,656,1309
arguana,test,test-law-lgplhbssbco-con03a,0.6,0.84,0.12,0.44,0.87,0.16,0.89,0.23,0.92,128.10949998674914,144.8102499707602,607,1258
arguana,test,test-law-lgplhbssbco-con01a,0.56,0.84,0.38,0.46,0.89,0.42,0.5,0.91,0.84,126.40291702700779,124.42870798986405,590,1148
arguana,test,test-law-ralhrilglv-pro02a,0.46,0.79,0.91,0.49,0.84,0.87,0.85,0.42,0.91,137.268208025489,121.77779199555516,627,1250
arguana,test,test-law-ralhrilglv-pro01a,0.44,0.85,0.96,0.56,0.87,0.94,0.14,0.36,0.25,105.39391601923853,113.21220797253773,707,1406
arguana,test,test-law-ralhrilglv-pro03a,0.32,0.81,0.97,0.34,0.86,0.96,0.86,0.15,0.9,170.3987920191139,127.88674997864291,617,1291
arguana,test,test-law-ralhrilglv-con02a,0.4,0.85,0.97,0.32,0.87,0.97,0.77,0.46,0.89,185.434749990236,126.47183297667652,660,1348
arguana,test,test-law-ralhrilglv-con04a,0.3,0.82,0.96,0.37,0.87,0.96,0.52,0.3,0.76,103.82337495684624,138.56520800618455,647,1238
arguana,test,test-law-ralhrilglv-con03a,0.18,0.89,0.97,0.25,0.87,0.97,0.59,0.3,0.45,132.1246669976972,116.5288329939358,685,1354
arguana,test,test-law-ralhrilglv-con01a,0.41,0.84,0.94,0.39,0.87,0.95,0.1,0.69,0.38,124.43454196909443,275.75562498532236,643,1268
arguana,test,test-law-thgglcplgphw-pro02a,0.43,0.83,0.95,0.39,0.88,0.93,0.2,0.76,0.67,115.70416600443423,134.83912497758865,753,1444
arguana,test,test-law-thgglcplgphw-pro01a,0.32,0.81,0.95,0.47,0.89,0.96,0.69,0.5,0.85,103.48208295181394,175.58049998478964,774,1466
arguana,test,test-law-thgglcplgphw-pro03a,0.45,0.82,0.91,0.48,0.87,0.89,0.19,0.36,0.39,149.82866699574515,210.94375004759058,777,1469
arguana,test,test-law-thgglcplgphw-con02a,0.25,0.82,0.96,0.29,0.89,0.94,0.61,0.45,0.85,136.4365839981474,131.03891699574888,771,1494
arguana,test,test-law-thgglcplgphw-con03a,0.2,0.86,0.96,0.29,0.91,0.94,0.56,0.6,0.79,126.07933301478624,123.51570796454325,700,1392
arguana,test,test-law-thgglcplgphw-con01a,0.31,0.86,0.96,0.38,0.88,0.95,0.19,0.45,0.47,124.70624997513369,152.30587497353554,792,1485
arguana,test,test-law-cplgpshwdp-pro02a,0.41,0.79,0.86,0.32,0.87,0.79,0.16,0.89,0.86,114.10175001947209,130.41883299592882,746,1396
arguana,test,test-law-cplgpshwdp-pro05a,0.38,0.81,0.88,0.34,0.88,0.81,0.75,0.35,0.73,113.17345796851441,122.18529201345518,642,1298
arguana,test,test-law-cplgpshwdp-pro01a,0.44,0.83,0.45,0.3,0.87,0.54,0.68,0.77,0.91,127.90520896669477,163.87424996355549,749,1412
arguana,test,test-law-cplgpshwdp-pro03a,0.31,0.79,0.78,0.29,0.86,0.65,0.79,0.13,0.84,117.83574998844415,126.92370795411989,728,1394
arguana,test,test-law-cplgpshwdp-pro04a,0.38,0.79,0.91,0.31,0.85,0.86,0.11,0.87,0.59,107.00554202776402,172.95491602271795,704,1369
arguana,test,test-law-cplgpshwdp-con02a,0.54,0.78,0.87,0.62,0.85,0.84,0.54,0.44,0.68,149.0022080251947,126.8645420204848,790,1440
arguana,test,test-law-cplgpshwdp-con04a,0.54,0.84,0.89,0.33,0.89,0.83,0.2,0.73,0.61,149.33858398580924,124.24037500750273,770,1395
arguana,test,test-law-cplgpshwdp-con03a,0.38,0.79,0.83,0.36,0.87,0.79,0.83,0.31,0.88,160.9338330454193,120.53737498354167,718,1371
arguana,test,test-law-cplgpshwdp-con01a,0.43,0.82,0.83,0.3,0.9,0.81,0.79,0.32,0.89,104.67129095923156,142.08283397601917,737,1387
arguana,test,test-law-umtlilhotac-pro02a,0.24,0.8,0.96,0.25,0.87,0.95,0.1,0.89,0.91,123.53949999669567,121.78237497573718,786,1437
arguana,test,test-law-umtlilhotac-pro01a,0.3,0.84,0.95,0.27,0.87,0.92,0.82,0.2,0.93,137.53041700692847,121.01870798505843,707,1375
arguana,test,test-law-umtlilhotac-pro03a,0.37,0.76,0.96,0.43,0.86,0.95,0.78,0.19,0.84,118.26399998972192,108.22891700081527,753,1423
arguana,test,test-law-umtlilhotac-con02a,0.43,0.75,0.95,0.37,0.82,0.94,0.45,0.23,0.69,135.7327919686213,129.45825001224875,700,1352
arguana,test,test-law-umtlilhotac-con03a,0.45,0.81,0.93,0.37,0.88,0.92,0.27,0.82,0.9,232.16554103419185,130.88549999520183,653,1255
arguana,test,test-law-umtlilhotac-con01a,0.33,0.85,0.95,0.38,0.88,0.94,0.7,0.4,0.85,149.24425003118813,131.49200001498684,608,1147
arguana,test,test-law-cplglghwbhwd-pro02a,0.53,0.79,0.37,0.63,0.85,0.41,0.3,0.63,0.77,154.21245904872194,167.8920830017887,754,1427
arguana,test,test-law-cplglghwbhwd-pro01a,0.6,0.83,0.7,0.54,0.88,0.81,0.6,0.53,0.76,238.93087496981025,150.39116598200053,724,1379
arguana,test,test-law-cplglghwbhwd-pro03a,0.43,0.81,0.95,0.43,0.87,0.94,0.37,0.52,0.57,178.40441700536758,134.40924999304116,750,1411
arguana,test,test-law-cplglghwbhwd-con02a,0.46,0.76,0.92,0.48,0.85,0.9,0.69,0.66,0.91,132.24362500477582,166.85387503821403,752,1392
arguana,test,test-law-cplglghwbhwd-con03a,0.61,0.8,0.86,0.55,0.85,0.89,0.51,0.27,0.63,136.48049999028444,195.2922500204295,738,1366
arguana,test,test-law-cplglghwbhwd-con01a,0.47,0.82,0.23,0.51,0.84,0.28,0.17,0.77,0.67,112.84991598222405,163.7717910343781,742,1414
arguana,test,test-law-sdiflhrdffe-pro02a,0.56,0.77,0.29,0.49,0.8,0.35,0.75,0.38,0.85,111.2916250131093,117.96000000322238,738,1407
arguana,test,test-law-sdiflhrdffe-pro01a,0.6,0.73,0.95,0.61,0.8,0.93,0.64,0.23,0.76,117.99441702896729,142.530707991682,751,1442
arguana,test,test-law-sdiflhrdffe-pro03a,0.5,0.78,0.87,0.45,0.86,0.85,0.7,0.26,0.9,120.93941698549315,130.8145410148427,755,1409
arguana,test,test-law-sdiflhrdffe-con02a,0.53,0.84,0.92,0.58,0.86,0.9,0.83,0.16,0.87,148.85766699444503,149.7528330073692,752,1418
arguana,test,test-law-sdiflhrdffe-con04a,0.58,0.81,0.71,0.42,0.88,0.66,0.28,0.9,0.86,174.8784999945201,141.3741250289604,734,1384
arguana,test,test-law-sdiflhrdffe-con03a,0.49,0.79,0.76,0.4,0.87,0.8,0.39,0.83,0.85,116.12200003582984,116.46124999970198,741,1405
arguana,test,test-law-sdiflhrdffe-con01a,0.48,0.84,0.68,0.4,0.89,0.64,0.91,0.13,0.9,146.30416699219495,155.35116696264595,741,1422
arguana,test,test-law-rmelhrilhbiw-pro02a,0.37,0.76,0.94,0.42,0.85,0.92,0.77,0.53,0.86,133.58087500091642,162.25904203020036,776,1497
arguana,test,test-law-rmelhrilhbiw-pro01a,0.31,0.79,0.82,0.32,0.84,0.81,0.35,0.59,0.81,195.68275002529845,130.60620799660683,746,1419
arguana,test,test-law-rmelhrilhbiw-pro03a,0.43,0.79,0.92,0.47,0.86,0.85,0.46,0.44,0.62,118.0511669954285,210.9677079715766,732,1423
arguana,test,test-law-rmelhrilhbiw-pro04a,0.38,0.78,0.61,0.47,0.85,0.66,0.39,0.45,0.68,157.74837497156113,118.55433403979987,746,1443
arguana,test,test-law-rmelhrilhbiw-con02a,0.35,0.85,0.94,0.39,0.88,0.91,0.08,0.26,0.11,141.06154098408297,170.09324999526143,750,1431
arguana,test,test-law-rmelhrilhbiw-con04a,0.29,0.86,0.95,0.33,0.87,0.94,0.75,0.67,0.9,99.33408303186297,172.42470796918496,733,1401
arguana,test,test-law-rmelhrilhbiw-con03a,0.5,0.78,0.93,0.62,0.85,0.92,0.34,0.42,0.54,126.84854201506823,123.76449996372685,746,1422
arguana,test,test-law-rmelhrilhbiw-con01a,0.5,0.82,0.92,0.57,0.85,0.89,0.29,0.5,0.48,136.14279200555757,154.97804095502943,765,1469
arguana,test,test-law-cpilhbishioe-pro02a,0.51,0.78,0.96,0.38,0.85,0.96,0.47,0.82,0.87,180.23791699670255,131.84095796896145,723,1372
arguana,test,test-law-cpilhbishioe-pro01a,0.45,0.78,0.97,0.46,0.88,0.95,0.85,0.39,0.87,161.1100829904899,116.66833300841972,737,1364
arguana,test,test-law-cpilhbishioe-pro03a,0.3,0.82,0.96,0.34,0.88,0.96,0.62,0.73,0.77,119.82604197692126,145.86883300216869,741,1360
arguana,test,test-law-cpilhbishioe-pro04a,0.55,0.77,0.94,0.42,0.83,0.95,0.79,0.28,0.86,123.36158403195441,160.93479102710262,739,1367
arguana,test,test-law-cpilhbishioe-con02a,0.36,0.83,0.95,0.31,0.89,0.94,0.63,0.8,0.89,157.6546249561943,127.96254199929535,646,1304
arguana,test,test-law-cpilhbishioe-con04a,0.37,0.82,0.94,0.35,0.88,0.94,0.4,0.37,0.58,118.52108302991837,144.3003750173375,771,1410
arguana,test,test-law-cpilhbishioe-con03a,0.38,0.84,0.95,0.33,0.88,0.94,0.75,0.3,0.84,143.71562498854473,121.77016702480614,733,1306
arguana,test,test-law-cpilhbishioe-con01a,0.34,0.85,0.95,0.29,0.89,0.94,0.48,0.76,0.65,204.29333299398422,119.58954198053107,612,1270
arguana,test,test-law-tlcplghwfne-pro02a,0.34,0.82,0.79,0.41,0.86,0.72,0.44,0.22,0.65,122.03000002773479,110.5350410216488,681,1299
arguana,test,test-law-tlcplghwfne-pro01a,0.39,0.79,0.93,0.4,0.87,0.9,0.53,0.46,0.71,130.4839579970576,118.6030840035528,735,1366
arguana,test,test-law-tlcplghwfne-pro03a,0.31,0.84,0.83,0.39,0.89,0.82,0.45,0.17,0.64,170.15224997885525,204.63383302558213,781,1408
arguana,test,test-law-tlcplghwfne-con02a,0.21,0.81,0.83,0.22,0.88,0.83,0.75,0.14,0.91,118.50979103473946,134.26304201129824,734,1360
arguana,test,test-law-tlcplghwfne-con03a,0.25,0.79,0.83,0.26,0.86,0.78,0.23,0.65,0.8,133.50133295170963,175.25733297225088,710,1282
arguana,test,test-law-tlcplghwfne-con01a,0.2,0.8,0.88,0.29,0.85,0.88,0.84,0.14,0.88,177.83216596581042,119.4972499506548,700,1327
arguana,test,test-law-phwmfri-pro02a,0.27,0.77,0.92,0.34,0.85,0.88,0.25,0.76,0.75,129.90870798239484,126.578374998644,710,1359
arguana,test,test-law-phwmfri-pro01a,0.33,0.8,0.26,0.33,0.86,0.28,0.4,0.77,0.9,114.2322089872323,151.74695901805535,654,1312
arguana,test,test-law-phwmfri-pro03a,0.37,0.77,0.83,0.36,0.83,0.84,0.53,0.63,0.82,135.91629202710465,169.11974997492507,739,1339
arguana,test,test-law-phwmfri-con02a,0.54,0.83,0.86,0.45,0.86,0.85,0.73,0.16,0.86,146.29683300154284,169.45416596718132,750,1293
arguana,test,test-law-phwmfri-con03a,0.34,0.83,0.9,0.38,0.87,0.84,0.07,0.33,0.07,114.52083301264793,119.33654197491705,697,1289
arguana,test,test-law-phwmfri-con01a,0.3,0.84,0.17,0.24,0.88,0.18,0.44,0.79,0.83,115.44812499778345,157.42687496822327,678,1317
arguana,test,test-law-hrpepthwuto-pro02a,0.28,0.85,0.85,0.34,0.88,0.84,0.85,0.18,0.88,105.51066597690806,118.97908296668902,658,1299
arguana,test,test-law-hrpepthwuto-pro01a,0.46,0.84,0.82,0.48,0.88,0.87,0.71,0.36,0.85,129.2584160109982,131.1827499885112,622,1274
arguana,test,test-law-hrpepthwuto-pro03a,0.49,0.8,0.86,0.49,0.86,0.8,0.87,0.25,0.92,129.0011249948293,147.21595798619092,659,1321
arguana,test,test-law-hrpepthwuto-con02a,0.37,0.79,0.79,0.37,0.89,0.8,0.73,0.16,0.85,143.7323340214789,136.6965839988552,722,1361
arguana,test,test-law-hrpepthwuto-con03a,0.54,0.83,0.35,0.4,0.87,0.35,0.79,0.21,0.86,141.17212500423193,133.85387498419732,657,1294
arguana,test,test-law-hrpepthwuto-con01a,0.4,0.83,0.89,0.36,0.87,0.88,0.61,0.22,0.75,157.6974589843303,274.0969999576919,669,1292
arguana,test,test-law-lghwpcctcc-pro02a,0.4,0.77,0.52,0.41,0.88,0.4,0.46,0.27,0.57,187.78074998408556,153.62987504340708,777,1448
arguana,test,test-law-lghwpcctcc-pro01a,0.39,0.82,0.9,0.38,0.88,0.84,0.82,0.12,0.89,154.7771249897778,188.26824997086078,759,1411
arguana,test,test-law-lghwpcctcc-pro03a,0.31,0.84,0.87,0.37,0.88,0.83,0.86,0.13,0.9,200.90449997223914,154.74304102826864,627,1285
arguana,test,test-law-lghwpcctcc-con02a,0.38,0.79,0.93,0.33,0.89,0.92,0.69,0.15,0.88,136.4354999968782,115.64358399482444,761,1424
arguana,test,test-law-lghwpcctcc-con04a,0.44,0.72,0.93,0.43,0.84,0.89,0.21,0.8,0.77,144.59104102570564,119.37333300011232,746,1387
arguana,test,test-law-lghwpcctcc-con03a,0.32,0.78,0.91,0.32,0.87,0.88,0.49,0.3,0.85,126.06683402555063,124.696958984714,744,1415
arguana,test,test-law-lghwpcctcc-con01a,0.39,0.79,0.95,0.37,0.88,0.9,0.6,0.88,0.88,138.04937503300607,112.86779103102162,746,1406
arguana,test,test-law-sdfclhrppph-pro02a,0.87,0.77,0.28,0.71,0.84,0.32,0.83,0.27,0.91,115.33145897556096,128.92429099883884,570,1145
arguana,test,test-law-sdfclhrppph-pro01a,0.3,0.78,0.95,0.5,0.86,0.91,0.1,0.85,0.71,129.86483302665874,117.02074995264411,742,1408
arguana,test,test-law-sdfclhrppph-pro03a,0.4,0.8,0.94,0.53,0.86,0.94,0.81,0.13,0.88,126.6311249928549,121.32404197473079,649,1307
arguana,test,test-law-sdfclhrppph-pro04a,0.41,0.81,0.92,0.43,0.86,0.94,0.78,0.67,0.88,255.3498750203289,114.38345798524097,663,1324
arguana,test,test-law-sdfclhrppph-con02a,0.51,0.86,0.11,0.48,0.91,0.15,0.72,0.39,0.78,127.81083304435015,211.36775001650676,616,1130
arguana,test,test-law-sdfclhrppph-con01a,0.4,0.84,0.84,0.41,0.9,0.82,0.34,0.86,0.85,130.3562499815598,145.79612499801442,690,1346
arguana,test,test-law-tahglcphsld-pro02a,0.3,0.84,0.93,0.33,0.89,0.84,0.68,0.55,0.76,139.13174998015165,155.383457953576,707,1375
arguana,test,test-law-tahglcphsld-pro06a,0.38,0.82,0.95,0.38,0.88,0.88,0.9,0.12,0.92,151.4406250207685,114.1743750195019,652,1324
arguana,test,test-law-tahglcphsld-pro05a,0.33,0.83,0.95,0.51,0.86,0.93,0.54,0.37,0.7,120.15320896171033,120.8659170079045,713,1414
arguana,test,test-law-tahglcphsld-pro01a,0.4,0.85,0.12,0.32,0.89,0.19,0.49,0.41,0.89,156.32683399599046,145.964625000488,609,1216
arguana,test,test-law-tahglcphsld-pro07a,0.53,0.81,0.92,0.5,0.87,0.88,0.49,0.73,0.81,121.53512495569885,117.25125001976267,616,1300
arguana,test,test-law-tahglcphsld-pro03a,0.34,0.83,0.93,0.3,0.89,0.89,0.66,0.25,0.74,117.02770798001438,124.25074999919161,632,1310
arguana,test,test-law-tahglcphsld-pro04a,0.32,0.85,0.92,0.28,0.88,0.81,0.13,0.81,0.82,126.64979102555662,115.92133302474394,668,1343
arguana,test,test-law-tahglcphsld-con02a,0.41,0.84,0.44,0.42,0.88,0.71,0.17,0.68,0.78,122.46629199944437,134.54766699578613,724,1392
arguana,test,test-law-tahglcphsld-con03a,0.75,0.81,0.16,0.71,0.85,0.17,0.5,0.56,0.69,119.92158304201439,123.7486670142971,561,1177
arguana,test,test-law-tahglcphsld-con01a,0.34,0.84,0.64,0.32,0.88,0.57,0.64,0.74,0.9,108.62366599030793,115.82104105036706,698,1305
arguana,test,test-law-cppshbcjsfm-pro02a,0.5,0.74,0.42,0.55,0.85,0.33,0.33,0.61,0.6,131.06749998405576,145.44125000247732,752,1414
arguana,test,test-law-cppshbcjsfm-pro01a,0.29,0.84,0.91,0.28,0.89,0.85,0.28,0.76,0.71,121.50437495438382,157.59583399631083,778,1424
arguana,test,test-law-cppshbcjsfm-con02a,0.24,0.84,0.87,0.27,0.87,0.81,0.62,0.34,0.77,115.07087497739121,116.63020902778953,747,1394
arguana,test,test-law-cppshbcjsfm-con04a,0.25,0.84,0.88,0.31,0.88,0.78,0.85,0.32,0.89,189.09087497740984,134.922125027515,763,1455
arguana,test,test-law-cppshbcjsfm-con03a,0.8,0.72,0.23,0.78,0.82,0.2,0.53,0.48,0.62,133.73925001360476,173.17124997498468,738,1402
arguana,test,test-law-cppshbcjsfm-con01a,0.43,0.86,0.75,0.38,0.88,0.73,0.22,0.87,0.8,141.75904198782519,119.26983296871185,744,1425
arguana,test,test-law-lghbacpsba-pro02a,0.53,0.81,0.88,0.29,0.84,0.89,0.91,0.2,0.94,143.45945802051574,124.57649997668341,645,1290
arguana,test,test-law-lghbacpsba-pro05a,0.39,0.8,0.82,0.45,0.9,0.81,0.33,0.33,0.35,104.4724159874022,143.79954198375344,730,1370
arguana,test,test-law-lghbacpsba-pro01a,0.33,0.81,0.85,0.29,0.85,0.84,0.43,0.79,0.76,133.75124998856336,139.5991670433432,680,1328
arguana,test,test-law-lghbacpsba-pro03a,0.59,0.81,0.85,0.42,0.9,0.86,0.77,0.15,0.83,109.74254197208211,134.23050002893433,612,1261
arguana,test,test-law-lghbacpsba-pro04a,0.41,0.83,0.96,0.43,0.87,0.95,0.36,0.48,0.5,113.18666697479784,126.29341700812802,672,1351
arguana,test,test-law-lghbacpsba-con02a,0.48,0.8,0.95,0.54,0.88,0.94,0.34,0.47,0.46,121.4941669604741,159.32775003602728,666,1325
arguana,test,test-law-lghbacpsba-con03a,0.39,0.81,0.97,0.5,0.85,0.97,0.1,0.78,0.59,127.27412499953061,115.31087500043213,720,1376
arguana,test,test-law-lghbacpsba-con01a,0.52,0.83,0.81,0.45,0.91,0.79,0.41,0.57,0.62,141.11374999629334,152.93562499573454,605,1282
arguana,test,test-law-hrilpgwhwr-pro02a,0.35,0.81,0.96,0.39,0.89,0.96,0.85,0.28,0.91,134.75154101615772,117.76708299294114,701,1362
arguana,test,test-law-hrilpgwhwr-pro01a,0.46,0.79,0.96,0.5,0.86,0.96,0.56,0.26,0.71,141.44041598774493,154.29433400277048,749,1408
arguana,test,test-law-hrilpgwhwr-pro03a,0.52,0.77,0.97,0.58,0.84,0.96,0.25,0.83,0.82,117.7322089788504,117.68500000471249,779,1458
arguana,test,test-law-hrilpgwhwr-con02a,0.41,0.86,0.94,0.4,0.9,0.94,0.87,0.21,0.91,120.1130420085974,139.35591699555516,683,1375
arguana,test,test-law-hrilpgwhwr-con05a,0.33,0.82,0.95,0.42,0.89,0.95,0.84,0.16,0.87,145.40754200425,119.97258296469226,655,1306
arguana,test,test-law-hrilpgwhwr-con04a,0.36,0.79,0.97,0.31,0.87,0.96,0.63,0.78,0.86,109.46966696064919,144.42366699222475,683,1348
arguana,test,test-law-hrilpgwhwr-con03a,0.33,0.83,0.96,0.28,0.88,0.96,0.84,0.18,0.88,124.34491701424122,176.5580420033075,727,1371
arguana,test,test-law-hrilpgwhwr-con01a,0.35,0.76,0.97,0.51,0.85,0.96,0.8,0.21,0.85,122.95508297393098,133.0271249753423,773,1449
arguana,test,test-education-ufsdfkhbwu-pro02a,0.42,0.77,0.94,0.46,0.79,0.96,0.44,0.66,0.77,166.66591697139665,221.07558301649988,735,1337
arguana,test,test-education-ufsdfkhbwu-pro01a,0.72,0.74,0.85,0.69,0.74,0.81,0.61,0.22,0.65,163.16558298422024,123.58137499541044,758,1408
arguana,test,test-education-ufsdfkhbwu-pro03a,0.55,0.76,0.73,0.53,0.82,0.65,0.68,0.16,0.62,133.98662500549108,110.44399999082088,743,1392
arguana,test,test-education-ufsdfkhbwu-con02a,0.57,0.71,0.81,0.58,0.77,0.88,0.64,0.18,0.73,113.6722500086762,150.73904098244384,737,1385
arguana,test,test-education-ufsdfkhbwu-con03a,0.52,0.8,0.93,0.5,0.8,0.91,0.59,0.2,0.75,135.66154200816527,133.00591701408848,759,1399
arguana,test,test-education-ufsdfkhbwu-con01a,0.64,0.75,0.91,0.57,0.74,0.93,0.67,0.29,0.73,116.69774999609217,148.47412495873868,737,1392
arguana,test,test-education-egtuscpih-pro02a,0.31,0.78,0.49,0.37,0.87,0.38,0.86,0.42,0.92,128.54954204522073,123.88804199872538,724,1374
arguana,test,test-education-egtuscpih-pro05a,0.28,0.82,0.86,0.37,0.89,0.79,0.16,0.84,0.68,111.71512497821823,148.61941698472947,660,1276
arguana,test,test-education-egtuscpih-pro01a,0.36,0.82,0.77,0.46,0.88,0.64,0.5,0.54,0.8,121.41245801467448,134.48162499116734,666,1299
arguana,test,test-education-egtuscpih-pro03a,0.4,0.84,0.91,0.35,0.87,0.83,0.81,0.11,0.89,126.84770801570266,134.77475004037842,670,1299
arguana,test,test-education-egtuscpih-pro04a,0.36,0.83,0.87,0.31,0.89,0.85,0.91,0.12,0.91,146.88429201487452,126.55124999582767,699,1339
arguana,test,test-education-egtuscpih-con02a,0.24,0.83,0.14,0.26,0.9,0.17,0.89,0.07,0.91,171.18370800744742,152.27304201107472,667,1314
arguana,test,test-education-egtuscpih-con05a,0.45,0.82,0.13,0.39,0.87,0.14,0.89,0.19,0.92,105.60729197459295,157.39912498975173,632,1263
arguana,test,test-education-egtuscpih-con04a,0.32,0.84,0.79,0.26,0.88,0.73,0.21,0.75,0.87,155.03679198445752,167.04987495904788,670,1315
arguana,test,test-education-egtuscpih-con03a,0.2,0.84,0.88,0.21,0.89,0.85,0.91,0.08,0.93,136.69499999377877,130.42324996786192,676,1295
arguana,test,test-education-egtuscpih-con01a,0.28,0.82,0.94,0.32,0.88,0.9,0.39,0.25,0.55,114.86495798453689,136.25595800112933,728,1377
arguana,test,test-education-ughbuesbf-pro02a,0.48,0.77,0.41,0.61,0.86,0.41,0.5,0.71,0.74,156.63729200605303,138.36016703862697,638,1300
arguana,test,test-education-ughbuesbf-pro01a,0.44,0.84,0.75,0.42,0.9,0.69,0.71,0.69,0.86,151.3265420217067,130.66954095847905,731,1391
arguana,test,test-education-ughbuesbf-pro03a,0.38,0.79,0.76,0.46,0.86,0.67,0.57,0.59,0.85,137.24137499229982,141.94733300246298,645,1290
arguana,test,test-education-ughbuesbf-pro04a,0.52,0.8,0.76,0.57,0.86,0.77,0.4,0.56,0.64,124.31850004941225,135.0140409776941,737,1393
arguana,test,test-education-ughbuesbf-con02a,0.24,0.84,0.89,0.37,0.89,0.81,0.34,0.75,0.58,140.82425000378862,115.91062502702698,718,1395
arguana,test,test-education-ughbuesbf-con05a,0.44,0.84,0.93,0.49,0.87,0.88,0.13,0.67,0.32,128.88591695809737,126.61554099759087,655,1332
arguana,test,test-education-ughbuesbf-con04a,0.34,0.86,0.86,0.32,0.89,0.83,0.17,0.7,0.44,118.74229199020192,146.06025000102818,700,1394
arguana,test,test-education-ughbuesbf-con03a,0.31,0.8,0.75,0.35,0.89,0.75,0.16,0.75,0.72,121.97804200695828,134.39500000094995,739,1409
arguana,test,test-education-ughbuesbf-con01a,0.35,0.83,0.86,0.36,0.89,0.79,0.2,0.71,0.59,152.44054200593382,131.75433297874406,783,1434
arguana,test,test-education-usuprmhbu-pro02a,0.4,0.85,0.85,0.3,0.88,0.85,0.53,0.52,0.89,131.46733300527558,127.6761670014821,771,1437
arguana,test,test-education-usuprmhbu-pro01a,0.3,0.82,0.91,0.27,0.85,0.85,0.8,0.25,0.9,119.72187500214204,157.89933397900313,756,1428
arguana,test,test-education-usuprmhbu-pro03a,0.39,0.85,0.61,0.31,0.9,0.52,0.63,0.61,0.83,135.06374997086823,118.18487499840558,657,1256
arguana,test,test-education-usuprmhbu-con02a,0.25,0.86,0.47,0.22,0.89,0.58,0.76,0.15,0.91,117.16262495610863,156.44550003344193,722,1362
arguana,test,test-education-usuprmhbu-con03a,0.24,0.87,0.81,0.23,0.88,0.74,0.77,0.43,0.87,117.39508295431733,122.75995797244832,742,1355
arguana,test,test-education-usuprmhbu-con01a,0.38,0.83,0.75,0.41,0.87,0.8,0.31,0.66,0.64,110.11999996844679,154.04391702031717,739,1397
arguana,test,test-education-pteuhwfphe-pro02a,0.33,0.78,0.87,0.32,0.85,0.87,0.13,0.81,0.69,119.38812502194196,117.2156659886241,737,1411
arguana,test,test-education-pteuhwfphe-pro01a,0.27,0.84,0.93,0.3,0.89,0.89,0.81,0.67,0.85,129.03712503612041,129.77716699242592,680,1337
arguana,test,test-education-pteuhwfphe-pro03a,0.33,0.82,0.79,0.34,0.87,0.82,0.24,0.7,0.81,128.8781249895692,112.35612496966496,708,1370
arguana,test,test-education-pteuhwfphe-con02a,0.54,0.8,0.79,0.57,0.83,0.77,0.53,0.36,0.76,121.9899999559857,119.11845800932497,726,1390
arguana,test,test-education-pteuhwfphe-con04a,0.38,0.84,0.47,0.26,0.84,0.63,0.75,0.14,0.81,147.8872500010766,114.42749999696389,614,1212
arguana,test,test-education-pteuhwfphe-con03a,0.24,0.82,0.93,0.26,0.89,0.89,0.8,0.19,0.84,144.548958982341,120.42554200161248,679,1343
arguana,test,test-education-pteuhwfphe-con01a,0.21,0.79,0.87,0.23,0.87,0.81,0.11,0.61,0.34,218.69654196780175,154.84495903365314,725,1367
arguana,test,test-education-pstrgsehwt-pro02a,0.65,0.81,0.69,0.55,0.84,0.77,0.35,0.76,0.81,109.16720796376467,122.00937495799735,749,1415
arguana,test,test-education-pstrgsehwt-pro05a,0.29,0.8,0.87,0.39,0.85,0.89,0.75,0.59,0.87,131.12908299081028,122.63458297820762,757,1418
arguana,test,test-education-pstrgsehwt-pro01a,0.5,0.81,0.93,0.43,0.87,0.91,0.67,0.53,0.83,121.94495898438618,121.89595802919939,696,1358
arguana,test,test-education-pstrgsehwt-pro03a,0.2,0.83,0.94,0.29,0.88,0.92,0.65,0.38,0.82,152.73795800749213,177.89008299587294,776,1455
arguana,test,test-education-pstrgsehwt-pro04a,0.31,0.84,0.9,0.4,0.87,0.92,0.86,0.41,0.9,120.44537503970787,110.1417500176467,752,1437
arguana,test,test-education-pstrgsehwt-con02a,0.31,0.82,0.81,0.29,0.87,0.86,0.88,0.19,0.9,156.0059579787776,166.76795796956867,753,1415
arguana,test,test-education-pstrgsehwt-con04a,0.23,0.83,0.9,0.27,0.89,0.91,0.86,0.15,0.91,164.53612502664328,116.89395800931379,767,1440
arguana,test,test-education-pstrgsehwt-con03a,0.21,0.85,0.84,0.3,0.89,0.89,0.17,0.9,0.72,202.5745419668965,137.16666697291657,766,1458
arguana,test,test-education-pstrgsehwt-con01a,0.35,0.83,0.73,0.43,0.85,0.85,0.27,0.85,0.73,121.63162499200553,117.42679099552333,765,1446
arguana,test,test-education-xeegshwfeu-pro02a,0.7,0.77,0.18,0.65,0.88,0.19,0.28,0.34,0.35,128.33037500968203,116.0735419834964,575,1232
arguana,test,test-education-xeegshwfeu-pro01a,0.55,0.76,0.59,0.42,0.86,0.52,0.79,0.54,0.89,123.33799997577444,119.71554200863466,615,1233
arguana,test,test-education-xeegshwfeu-pro03a,0.49,0.81,0.14,0.6,0.84,0.14,0.2,0.8,0.69,119.39004197483882,153.42791704460979,636,1278
arguana,test,test-education-xeegshwfeu-con02a,0.28,0.84,0.42,0.25,0.87,0.4,0.63,0.76,0.9,158.90762495109811,124.86224999884143,685,1289
arguana,test,test-education-xeegshwfeu-con03a,0.41,0.85,0.17,0.39,0.88,0.18,0.13,0.81,0.67,116.39700003433973,132.29441602015868,668,1296
arguana,test,test-education-xeegshwfeu-con01a,0.45,0.81,0.23,0.26,0.89,0.36,0.36,0.85,0.74,178.4120419761166,159.16625002864748,621,1216
arguana,test,test-education-udfakusma-pro02a,0.62,0.83,0.91,0.36,0.85,0.86,0.16,0.86,0.8,123.98066697642207,134.5775829977356,769,1415
arguana,test,test-education-udfakusma-pro01a,0.64,0.77,0.85,0.62,0.83,0.82,0.41,0.66,0.73,137.0619999943301,119.48508297791705,719,1359
arguana,test,test-education-udfakusma-pro03a,0.41,0.84,0.91,0.37,0.88,0.88,0.41,0.9,0.86,129.65354195330292,177.34008299885318,711,1353
arguana,test,test-education-udfakusma-pro04a,0.44,0.78,0.94,0.54,0.84,0.92,0.81,0.24,0.87,121.66008300846443,144.03679105453193,765,1440
arguana,test,test-education-udfakusma-con02a,0.28,0.84,0.78,0.33,0.89,0.6,0.34,0.43,0.59,165.04975000862032,155.38825001567602,735,1391
arguana,test,test-education-udfakusma-con04a,0.45,0.77,0.92,0.43,0.86,0.9,0.08,0.87,0.71,127.52012501005083,119.21262502437457,780,1407
arguana,test,test-education-udfakusma-con03a,0.4,0.84,0.17,0.37,0.88,0.18,0.8,0.16,0.86,148.41283299028873,126.46654201671481,666,1302
arguana,test,test-education-udfakusma-con01a,0.44,0.83,0.73,0.38,0.88,0.55,0.82,0.63,0.91,163.77174999797717,170.23150000022724,711,1328
arguana,test,test-education-tuhwastua-pro02a,0.38,0.81,0.23,0.33,0.88,0.35,0.52,0.23,0.72,174.30545802926645,118.0072909919545,644,1319
arguana,test,test-education-tuhwastua-pro05a,0.46,0.81,0.93,0.46,0.87,0.87,0.1,0.26,0.11,291.9995830161497,116.66812497423962,622,1297
arguana,test,test-education-tuhwastua-pro01a,0.34,0.81,0.9,0.37,0.88,0.87,0.6,0.28,0.74,130.6979589862749,116.39387503964826,718,1372
arguana,test,test-education-tuhwastua-pro03a,0.34,0.79,0.88,0.32,0.86,0.89,0.11,0.86,0.86,126.34225003421307,161.47841699421406,659,1341
arguana,test,test-education-tuhwastua-pro04a,0.27,0.82,0.91,0.39,0.85,0.9,0.55,0.17,0.73,144.74720798898488,132.96899996930733,697,1380
arguana,test,test-education-tuhwastua-con02a,0.46,0.82,0.78,0.47,0.86,0.83,0.46,0.8,0.63,119.03237499063835,141.70291600748897,686,1345
arguana,test,test-education-tuhwastua-con01a,0.53,0.84,0.82,0.37,0.89,0.85,0.23,0.88,0.88,161.02833300828934,131.20150001486763,622,1306
arguana,test,test-education-egscphsrdt-pro02a,0.49,0.78,0.59,0.47,0.87,0.58,0.42,0.62,0.7,182.63291602488607,114.46349998004735,740,1403
arguana,test,test-education-egscphsrdt-pro01a,0.48,0.77,0.9,0.57,0.85,0.87,0.46,0.69,0.78,127.22587503958493,120.08829199476168,753,1397
arguana,test,test-education-egscphsrdt-pro03a,0.26,0.85,0.28,0.3,0.88,0.27,0.42,0.29,0.6,204.17958300095052,134.03687498066574,674,1340
arguana,test,test-education-egscphsrdt-con02a,0.47,0.78,0.65,0.45,0.88,0.72,0.12,0.76,0.48,105.32333300216123,111.34604195831344,730,1394
arguana,test,test-education-egscphsrdt-con03a,0.31,0.82,0.23,0.28,0.89,0.24,0.86,0.38,0.87,146.86391601571813,171.1373750003986,663,1260
arguana,test,test-education-egscphsrdt-con01a,0.48,0.75,0.36,0.38,0.87,0.5,0.77,0.13,0.88,116.57616699812934,135.33016701694578,733,1350
arguana,test,test-education-pshhghwpba0-pro02a,0.41,0.84,0.9,0.43,0.85,0.88,0.32,0.6,0.73,114.40562503412366,190.30216697137803,627,1169
arguana,test,test-education-pshhghwpba0-pro01a,0.58,0.82,0.1,0.5,0.85,0.11,0.22,0.56,0.66,114.87404204672202,137.55412498721853,589,1206
arguana,test,test-education-pshhghwpba0-pro03a,0.3,0.79,0.86,0.4,0.83,0.86,0.44,0.3,0.77,123.99045802885666,170.03791697788984,673,1287
arguana,test,test-education-pshhghwpba0-pro04a,0.55,0.76,0.13,0.5,0.85,0.12,0.17,0.21,0.28,120.39404199458659,127.3922499967739,570,1184
arguana,test,test-education-pshhghwpba0-con02a,0.44,0.82,0.85,0.36,0.87,0.84,0.22,0.73,0.61,135.5408339877613,114.01270801434293,613,1260
arguana,test,test-education-pshhghwpba0-con04a,0.71,0.77,0.76,0.68,0.85,0.75,0.76,0.28,0.83,120.59420900186524,139.5135000348091,704,1354
arguana,test,test-education-pshhghwpba0-con03a,0.29,0.79,0.92,0.37,0.83,0.87,0.16,0.85,0.79,134.86554200062528,160.18958302447572,651,1252
arguana,test,test-education-pshhghwpba0-con01a,0.38,0.83,0.1,0.35,0.88,0.13,0.09,0.91,0.79,121.46770901745185,156.29549999721348,582,1068
arguana,test,test-politics-nlpdwhbusbuc-pro02a,0.27,0.82,0.89,0.29,0.88,0.91,0.75,0.3,0.84,124.32612496195361,119.03370800428092,737,1406
arguana,test,test-politics-nlpdwhbusbuc-pro01a,0.42,0.79,0.93,0.33,0.88,0.91,0.2,0.76,0.66,166.73475003335625,153.95637502660975,751,1392
arguana,test,test-politics-nlpdwhbusbuc-pro03a,0.33,0.82,0.9,0.26,0.9,0.9,0.32,0.28,0.63,263.6852499563247,170.33095803344622,724,1379
arguana,test,test-politics-nlpdwhbusbuc-con02a,0.25,0.83,0.93,0.29,0.89,0.92,0.58,0.24,0.67,121.5470420429483,117.33783403178677,736,1384
arguana,test,test-politics-nlpdwhbusbuc-con03a,0.31,0.86,0.88,0.25,0.88,0.87,0.53,0.69,0.7,111.30599997704849,119.63520903373137,717,1377
arguana,test,test-politics-nlpdwhbusbuc-con01a,0.34,0.85,0.77,0.3,0.89,0.77,0.78,0.19,0.87,126.85175001388416,124.78791701141745,643,1303
arguana,test,test-politics-oepghbrnsl-pro02a,0.42,0.85,0.93,0.39,0.91,0.93,0.36,0.84,0.82,118.1297919829376,138.91541602788493,623,1256
arguana,test,test-politics-oepghbrnsl-pro01a,0.37,0.86,0.87,0.36,0.89,0.83,0.71,0.66,0.86,141.82404096936807,121.25416699564084,699,1356
arguana,test,test-politics-oepghbrnsl-pro03a,0.5,0.85,0.88,0.38,0.89,0.91,0.81,0.54,0.87,143.304499972146,123.46895801601931,626,1253
arguana,test,test-politics-oepghbrnsl-pro04a,0.3,0.83,0.93,0.31,0.89,0.9,0.84,0.74,0.91,162.7948330133222,162.24345902446657,686,1330
arguana,test,test-politics-oepghbrnsl-con02a,0.53,0.81,0.96,0.52,0.87,0.94,0.53,0.81,0.86,102.87800000514835,245.01112499274313,742,1411
arguana,test,test-politics-oepghbrnsl-con04a,0.46,0.86,0.95,0.54,0.89,0.94,0.53,0.6,0.77,171.26654204912484,118.5230829869397,659,1339
arguana,test,test-politics-oepghbrnsl-con03a,0.43,0.75,0.95,0.53,0.84,0.94,0.28,0.64,0.73,113.74541698023677,114.23829203704372,755,1424
arguana,test,test-politics-oepghbrnsl-con01a,0.48,0.86,0.8,0.52,0.9,0.74,0.22,0.84,0.59,133.53745901258662,112.05637501552701,676,1349
arguana,test,test-politics-oeplhbuwhmi-pro02a,0.48,0.81,0.9,0.42,0.88,0.85,0.68,0.33,0.79,115.63558399211615,122.55129095865414,600,1217
arguana,test,test-politics-oeplhbuwhmi-pro01a,0.42,0.82,0.94,0.43,0.87,0.93,0.58,0.6,0.86,128.96220898255706,162.8529999870807,637,1267
arguana,test,test-politics-oeplhbuwhmi-pro03a,0.33,0.78,0.96,0.35,0.87,0.95,0.16,0.52,0.44,141.82358398102224,111.30637500900775,769,1402
arguana,test,test-politics-oeplhbuwhmi-pro04a,0.42,0.82,0.89,0.42,0.87,0.83,0.41,0.31,0.54,118.37295902660117,119.71424997318536,613,1235
arguana,test,test-politics-oeplhbuwhmi-con02a,0.51,0.73,0.95,0.59,0.83,0.94,0.68,0.32,0.78,122.69970803754404,127.93304200749844,698,1345
arguana,test,test-politics-oeplhbuwhmi-con04a,0.39,0.8,0.93,0.38,0.88,0.91,0.66,0.19,0.76,130.2992079872638,168.3189999894239,729,1311
arguana,test,test-politics-oeplhbuwhmi-con03a,0.3,0.86,0.96,0.4,0.88,0.96,0.75,0.32,0.84,114.54679199960083,136.38579100370407,768,1407
arguana,test,test-politics-oeplhbuwhmi-con01a,0.47,0.84,0.92,0.4,0.87,0.92,0.72,0.25,0.88,190.48212497727945,164.95595895685256,637,1325
arguana,test,test-politics-oapghwliva-pro01a,0.27,0.82,0.92,0.32,0.86,0.9,0.27,0.9,0.89,129.38783399295062,150.1693750033155,742,1426
arguana,test,test-politics-oapghwliva-con02a,0.41,0.84,0.96,0.3,0.87,0.97,0.85,0.25,0.87,133.08291597058997,320.08870801655576,765,1470
arguana,test,test-politics-oapghwliva-con03a,0.21,0.83,0.97,0.23,0.89,0.97,0.6,0.24,0.71,110.86883302778006,143.47858302062377,711,1408
arguana,test,test-politics-oapghwliva-con01a,0.31,0.81,0.95,0.4,0.87,0.94,0.48,0.53,0.63,120.26379100279883,141.62166701862589,733,1415
arguana,test,test-politics-dhbanhrnw-pro02a,0.51,0.82,0.88,0.41,0.89,0.85,0.7,0.68,0.91,116.30108300596476,131.01341697620228,757,1409
arguana,test,test-politics-dhbanhrnw-pro05a,0.36,0.88,0.87,0.36,0.9,0.86,0.16,0.63,0.45,160.2059580036439,121.15895800525323,714,1374
arguana,test,test-politics-dhbanhrnw-pro01a,0.31,0.81,0.83,0.29,0.88,0.83,0.9,0.18,0.91,139.95083299232647,137.15229101944715,752,1398
arguana,test,test-politics-dhbanhrnw-pro03a,0.49,0.81,0.89,0.39,0.83,0.89,0.84,0.28,0.91,136.736458982341,145.31249995343387,757,1423
arguana,test,test-politics-dhbanhrnw-pro04a,0.3,0.83,0.94,0.33,0.86,0.95,0.8,0.34,0.93,183.60362498788163,139.31387499906123,762,1456
arguana,test,test-politics-dhbanhrnw-con02a,0.51,0.78,0.87,0.48,0.87,0.87,0.35,0.31,0.55,192.88954202784225,150.02574998652562,747,1395
arguana,test,test-politics-dhbanhrnw-con05a,0.55,0.77,0.94,0.48,0.85,0.94,0.37,0.23,0.55,172.70825000014156,135.7511660316959,745,1397
arguana,test,test-politics-dhbanhrnw-con04a,0.36,0.83,0.74,0.36,0.89,0.67,0.25,0.81,0.59,112.92062496067956,129.50533302500844,746,1407
arguana,test,test-politics-dhbanhrnw-con03a,0.31,0.82,0.92,0.36,0.87,0.89,0.23,0.53,0.37,124.11958299344406,140.0938339647837,733,1400
arguana,test,test-politics-dhbanhrnw-con01a,0.64,0.74,0.93,0.61,0.85,0.9,0.24,0.88,0.77,118.83320799097419,121.00683304015547,766,1409
arguana,test,test-politics-cdfsaphgiap-pro02a,0.63,0.62,0.93,0.61,0.66,0.95,0.74,0.48,0.89,124.9230409739539,129.705167026259,711,1359
arguana,test,test-politics-cdfsaphgiap-pro01a,0.4,0.8,0.96,0.41,0.81,0.96,0.88,0.23,0.9,117.65091598499566,131.47254200885072,650,1293
arguana,test,test-politics-cdfsaphgiap-pro03a,0.39,0.81,0.13,0.36,0.83,0.14,0.88,0.19,0.94,204.36779101146385,114.74908399395645,686,1306
arguana,test,test-politics-cdfsaphgiap-pro04a,0.36,0.81,0.91,0.41,0.8,0.92,0.83,0.21,0.89,121.88812502427027,148.14674999797717,698,1318
arguana,test,test-politics-cdfsaphgiap-con02a,0.33,0.79,0.96,0.39,0.84,0.96,0.74,0.46,0.82,121.1785830091685,134.68245801050216,710,1336
arguana,test,test-politics-cdfsaphgiap-con04a,0.34,0.83,0.96,0.4,0.82,0.96,0.29,0.81,0.73,148.93049997044727,155.78020800603554,700,1259
arguana,test,test-politics-cdfsaphgiap-con03a,0.51,0.7,0.92,0.61,0.8,0.89,0.67,0.17,0.77,155.5249590310268,130.3633749485016,747,1395
arguana,test,test-politics-cdfsaphgiap-con01a,0.39,0.77,0.92,0.41,0.82,0.92,0.88,0.29,0.9,134.947458980605,143.4694589697756,730,1344
arguana,test,test-politics-ghbgussbsbt-pro02a,0.4,0.82,0.95,0.34,0.86,0.95,0.86,0.32,0.9,148.8826249842532,136.50012499419972,754,1393
arguana,test,test-politics-ghbgussbsbt-pro01a,0.3,0.8,0.92,0.31,0.85,0.92,0.44,0.67,0.89,171.61958303768188,133.56433296576142,709,1357
arguana,test,test-politics-ghbgussbsbt-pro03a,0.45,0.71,0.95,0.6,0.81,0.94,0.21,0.74,0.59,138.14716605702415,140.0352080236189,743,1423
arguana,test,test-politics-ghbgussbsbt-pro04a,0.39,0.8,0.94,0.42,0.86,0.94,0.63,0.29,0.62,136.6261250223033,147.68787502544,747,1410
arguana,test,test-politics-ghbgussbsbt-con02a,0.33,0.84,0.91,0.35,0.87,0.87,0.68,0.4,0.86,112.70416696788743,138.29695899039507,710,1344
arguana,test,test-politics-ghbgussbsbt-con04a,0.45,0.7,0.92,0.56,0.81,0.91,0.69,0.18,0.77,113.91887499485165,161.96599998511374,761,1426
arguana,test,test-politics-ghbgussbsbt-con03a,0.47,0.77,0.92,0.5,0.86,0.92,0.41,0.54,0.67,154.4865000178106,115.43766700197011,785,1458
arguana,test,test-politics-ghbgussbsbt-con01a,0.23,0.83,0.94,0.28,0.89,0.93,0.28,0.68,0.62,127.80249997740611,123.32320801215246,700,1355
arguana,test,test-politics-oapdhwinkp-pro02a,0.32,0.81,0.95,0.42,0.89,0.92,0.56,0.4,0.67,123.44450003001839,130.90570800704882,738,1416
arguana,test,test-politics-oapdhwinkp-pro01a,0.32,0.84,0.94,0.4,0.88,0.9,0.07,0.82,0.41,125.66570902708918,161.44991701003164,760,1458
arguana,test,test-politics-oapdhwinkp-pro03a,0.44,0.82,0.94,0.55,0.87,0.94,0.51,0.24,0.64,114.04683301225305,115.85649999324232,739,1379
arguana,test,test-politics-oapdhwinkp-con02a,0.57,0.75,0.94,0.54,0.85,0.94,0.55,0.28,0.74,132.38424999872223,215.64916602801532,741,1409
arguana,test,test-politics-oapdhwinkp-con03a,0.45,0.82,0.95,0.41,0.88,0.94,0.4,0.7,0.76,102.22708299988881,133.0695829819888,758,1415
arguana,test,test-politics-oapdhwinkp-con01a,0.4,0.8,0.96,0.43,0.89,0.94,0.72,0.32,0.82,148.75204203417525,156.9265000289306,769,1432
arguana,test,test-politics-epvhbfsmsaop-pro02a,0.24,0.82,0.95,0.31,0.87,0.93,0.51,0.75,0.84,112.69870901014656,159.45266699418426,773,1436
arguana,test,test-politics-epvhbfsmsaop-pro01a,0.57,0.83,0.46,0.46,0.86,0.89,0.47,0.83,0.84,139.61333403130993,146.6831669677049,762,1433
arguana,test,test-politics-epvhbfsmsaop-pro03a,0.42,0.81,0.15,0.35,0.88,0.16,0.24,0.87,0.8,144.47945897700265,121.03850004496053,733,1389
arguana,test,test-politics-epvhbfsmsaop-con02a,0.33,0.81,0.89,0.32,0.89,0.84,0.13,0.37,0.23,135.72808395838365,120.2335839625448,788,1449
arguana,test,test-politics-epvhbfsmsaop-con03a,0.45,0.8,0.79,0.42,0.87,0.77,0.04,0.67,0.3,115.27312500402331,121.98716698912904,747,1407
arguana,test,test-politics-epvhbfsmsaop-con01a,0.33,0.77,0.94,0.43,0.88,0.9,0.49,0.55,0.59,166.94779199315235,119.23604196636006,772,1438
arguana,test,test-politics-cpegiepgh-pro02a,0.29,0.79,0.96,0.28,0.87,0.96,0.56,0.53,0.86,110.08833296364173,140.2770000277087,768,1444
arguana,test,test-politics-cpegiepgh-pro01a,0.27,0.86,0.96,0.23,0.91,0.95,0.18,0.92,0.88,132.68420897657052,110.13645899947733,733,1423
arguana,test,test-politics-cpegiepgh-pro03a,0.34,0.82,0.92,0.36,0.89,0.94,0.77,0.33,0.83,122.00474995188415,120.57020899374038,662,1334
arguana,test,test-politics-cpegiepgh-pro04a,0.3,0.85,0.85,0.29,0.88,0.88,0.14,0.29,0.23,141.47512504132465,116.49470799602568,709,1425
arguana,test,test-politics-cpegiepgh-con02a,0.27,0.78,0.94,0.34,0.89,0.91,0.71,0.35,0.76,120.25874998653308,121.04704201919958,742,1443
arguana,test,test-politics-cpegiepgh-con03a,0.58,0.8,0.93,0.51,0.86,0.93,0.45,0.6,0.74,133.1637499970384,114.10312500083819,753,1437
arguana,test,test-politics-cpegiepgh-con01a,0.25,0.81,0.95,0.29,0.89,0.95,0.36,0.44,0.53,165.30049999710172,132.2213330422528,756,1435
arguana,test,test-politics-cpecfiepg-pro02a,0.27,0.8,0.93,0.31,0.85,0.94,0.92,0.29,0.95,153.44533300958574,107.30312496889383,746,1406
arguana,test,test-politics-cpecfiepg-pro01a,0.39,0.8,0.95,0.4,0.83,0.97,0.52,0.6,0.82,133.59937502536923,117.66262497985736,747,1407
arguana,test,test-politics-cpecfiepg-pro03a,0.28,0.84,0.95,0.32,0.88,0.94,0.84,0.28,0.89,119.44941600086167,131.99924997752532,696,1362
arguana,test,test-politics-cpecfiepg-con02a,0.2,0.87,0.96,0.21,0.87,0.96,0.91,0.14,0.94,125.34004199551418,128.7264580023475,760,1423
arguana,test,test-politics-cpecfiepg-con04a,0.25,0.87,0.94,0.27,0.88,0.94,0.91,0.14,0.91,106.22387495823205,127.81229097163305,770,1437
arguana,test,test-politics-cpecfiepg-con03a,0.23,0.79,0.94,0.24,0.83,0.95,0.89,0.25,0.91,172.82670899294317,131.54574995860457,751,1398
arguana,test,test-politics-cpecfiepg-con01a,0.24,0.75,0.94,0.31,0.84,0.95,0.85,0.19,0.91,118.43470897292718,116.08754203189164,751,1412
arguana,test,test-politics-ypppgvhwmv-pro02a,0.33,0.84,0.91,0.3,0.88,0.91,0.79,0.39,0.73,137.61345797684044,131.01541704963893,731,1370
arguana,test,test-politics-ypppgvhwmv-pro05a,0.26,0.8,0.88,0.34,0.86,0.87,0.49,0.3,0.57,132.38958298461512,116.90725001972169,775,1430
arguana,test,test-politics-ypppgvhwmv-pro01a,0.38,0.77,0.75,0.47,0.83,0.69,0.8,0.24,0.87,122.23649997031316,127.30125000234693,670,1316
arguana,test,test-politics-ypppgvhwmv-pro03a,0.41,0.84,0.76,0.48,0.87,0.84,0.73,0.31,0.82,111.77833401598036,165.6677499995567,710,1358
arguana,test,test-politics-ypppgvhwmv-pro04a,0.32,0.75,0.93,0.46,0.83,0.94,0.46,0.42,0.67,140.6260000076145,135.91174996690825,756,1372
arguana,test,test-politics-ypppgvhwmv-con02a,0.34,0.78,0.84,0.3,0.84,0.82,0.2,0.8,0.82,162.16879099374637,136.56616600928828,747,1371
arguana,test,test-politics-ypppgvhwmv-con03a,0.39,0.84,0.77,0.37,0.89,0.74,0.5,0.22,0.72,110.30612495960668,123.22404200676829,655,1298
arguana,test,test-politics-ypppgvhwmv-con01a,0.44,0.8,0.71,0.41,0.87,0.66,0.53,0.81,0.85,152.59895898634568,115.82229100167751,741,1392
arguana,test,test-politics-pgsimhwoia-pro02a,0.52,0.84,0.94,0.4,0.88,0.9,0.18,0.8,0.72,155.00541595974937,119.21229201834649,787,1436
arguana,test,test-politics-pgsimhwoia-pro01a,0.48,0.8,0.9,0.41,0.86,0.85,0.8,0.37,0.87,134.71754099009559,123.67416697088629,689,1333
arguana,test,test-politics-pgsimhwoia-pro03a,0.56,0.83,0.88,0.57,0.87,0.85,0.09,0.82,0.6,126.79066701093689,117.51033301698044,732,1400
arguana,test,test-politics-pgsimhwoia-con02a,0.44,0.79,0.89,0.56,0.85,0.84,0.26,0.66,0.74,184.33645798359066,139.20999999390915,754,1398
arguana,test,test-politics-pgsimhwoia-con03a,0.29,0.81,0.91,0.29,0.86,0.82,0.18,0.49,0.34,120.56549999397248,158.76312501495704,710,1370
arguana,test,test-politics-pgsimhwoia-con01a,0.34,0.82,0.34,0.39,0.87,0.48,0.63,0.55,0.72,178.0069160158746,163.29820803366601,700,1325
arguana,test,test-politics-mtpghwaacb-pro02a,0.44,0.79,0.67,0.37,0.81,0.73,0.91,0.12,0.91,158.60745799727738,120.26349996449426,734,1384
arguana,test,test-politics-mtpghwaacb-pro01a,0.47,0.81,0.62,0.35,0.84,0.59,0.92,0.15,0.92,123.66525002289563,161.61008301423863,725,1361
arguana,test,test-politics-mtpghwaacb-pro03a,0.3,0.83,0.82,0.21,0.86,0.84,0.96,0.05,0.96,115.66854099510238,145.07866697385907,738,1402
arguana,test,test-politics-mtpghwaacb-con02a,0.69,0.76,0.77,0.51,0.85,0.84,0.72,0.33,0.76,109.68058300204575,116.18391697993502,746,1423
arguana,test,test-politics-mtpghwaacb-con03a,0.57,0.81,0.85,0.5,0.79,0.85,0.88,0.13,0.87,162.3922919970937,123.43079200945795,731,1366
arguana,test,test-politics-mtpghwaacb-con01a,0.64,0.77,0.7,0.64,0.82,0.68,0.88,0.15,0.88,116.29291699500754,121.52754102135077,729,1370
arguana,test,test-politics-oglilpdwhsn-pro02a,0.29,0.83,0.97,0.3,0.85,0.97,0.93,0.09,0.94,133.4549579769373,123.00845800200477,754,1446
arguana,test,test-politics-oglilpdwhsn-pro01a,0.3,0.84,0.97,0.24,0.83,0.97,0.7,0.4,0.85,112.10154194850475,124.89454203750938,755,1441
arguana,test,test-politics-oglilpdwhsn-pro03a,0.4,0.76,0.96,0.42,0.84,0.96,0.83,0.15,0.87,129.01283300016075,178.8102500140667,755,1460
arguana,test,test-politics-oglilpdwhsn-con02a,0.24,0.82,0.97,0.32,0.85,0.97,0.5,0.69,0.87,136.92370802164078,116.79729202296585,784,1474
arguana,test,test-politics-oglilpdwhsn-con04a,0.32,0.79,0.96,0.32,0.86,0.96,0.89,0.15,0.83,121.77216698182747,218.02145900437608,754,1417
arguana,test,test-politics-oglilpdwhsn-con03a,0.3,0.82,0.96,0.28,0.81,0.97,0.77,0.49,0.89,114.46016700938344,126.6599590308033,754,1414
arguana,test,test-politics-oglilpdwhsn-con01a,0.29,0.81,0.96,0.34,0.85,0.97,0.82,0.36,0.87,151.66137495543808,126.65320798987523,771,1486
arguana,test,test-politics-grcrgshwbr-pro02a,0.38,0.73,0.91,0.36,0.82,0.89,0.9,0.12,0.93,122.49358400003985,145.71983297355473,714,1407
arguana,test,test-politics-grcrgshwbr-pro05a,0.47,0.82,0.92,0.47,0.83,0.91,0.59,0.46,0.81,110.01270904671401,127.76608305284753,708,1384
arguana,test,test-politics-grcrgshwbr-pro01a,0.47,0.75,0.94,0.49,0.83,0.94,0.9,0.17,0.91,163.67758403066546,161.76370804896578,714,1358
arguana,test,test-politics-grcrgshwbr-pro03a,0.39,0.81,0.93,0.44,0.81,0.9,0.88,0.21,0.91,117.43716598721221,113.87591698439792,749,1375
arguana,test,test-politics-grcrgshwbr-pro04a,0.3,0.79,0.9,0.42,0.85,0.86,0.8,0.09,0.91,105.92983296373859,137.05058302730322,686,1345
arguana,test,test-politics-grcrgshwbr-con02a,0.63,0.76,0.92,0.57,0.84,0.91,0.82,0.18,0.85,132.07537500420585,114.08512503840029,651,1297
arguana,test,test-politics-grcrgshwbr-con04a,0.47,0.81,0.87,0.53,0.86,0.67,0.75,0.4,0.89,99.32758298236877,126.95112504297867,682,1362
arguana,test,test-politics-grcrgshwbr-con03a,0.48,0.79,0.93,0.5,0.88,0.92,0.3,0.72,0.78,144.37587501015514,119.54387504374608,724,1398
arguana,test,test-politics-grcrgshwbr-con01a,0.45,0.82,0.85,0.45,0.87,0.81,0.63,0.4,0.75,112.35354101518169,161.72274999553338,679,1355
arguana,test,test-politics-dhwem-pro02a,0.33,0.82,0.91,0.42,0.85,0.85,0.19,0.7,0.49,144.4800830213353,150.18120897002518,660,1320
arguana,test,test-politics-dhwem-pro06a,0.36,0.85,0.93,0.41,0.87,0.9,0.18,0.62,0.39,138.517250015866,113.62695798743516,693,1380
arguana,test,test-politics-dhwem-pro05a,0.58,0.75,0.93,0.63,0.82,0.89,0.24,0.81,0.75,123.51658300030977,120.6081670243293,702,1376
arguana,test,test-politics-dhwem-pro01a,0.57,0.79,0.84,0.59,0.85,0.89,0.43,0.47,0.72,162.96350001357496,229.52662501484156,630,1300
arguana,test,test-politics-dhwem-pro03a,0.38,0.81,0.95,0.57,0.87,0.93,0.17,0.74,0.55,146.47129201330245,135.94416697742417,725,1420
arguana,test,test-politics-dhwem-pro04a,0.49,0.84,0.93,0.49,0.87,0.89,0.35,0.21,0.54,189.3416660022922,116.0771669819951,640,1331
arguana,test,test-politics-dhwem-con02a,0.41,0.83,0.95,0.52,0.88,0.93,0.83,0.27,0.88,143.15937500214204,120.44124997919425,691,1280
arguana,test,test-politics-dhwem-con04a,0.41,0.83,0.9,0.45,0.85,0.85,0.46,0.21,0.59,121.03387503884733,140.75979200424626,649,1344
arguana,test,test-politics-dhwem-con03a,0.42,0.85,0.96,0.41,0.86,0.96,0.43,0.65,0.76,177.72733396850526,136.78237498970702,630,1306
arguana,test,test-politics-dhwem-con01a,0.25,0.8,0.9,0.33,0.88,0.86,0.23,0.9,0.89,236.99358402518556,133.29358299961314,704,1340
arguana,test,test-politics-eppghwlrba-pro02a,0.44,0.83,0.93,0.38,0.86,0.88,0.72,0.33,0.78,129.6730000176467,112.64445795677602,638,1264
arguana,test,test-politics-eppghwlrba-pro01a,0.42,0.8,0.79,0.43,0.86,0.6,0.59,0.45,0.81,143.7799580162391,117.15191701659933,635,1238
arguana,test,test-politics-eppghwlrba-pro03a,0.29,0.83,0.23,0.23,0.87,0.34,0.82,0.32,0.91,174.09008304821327,152.87870896281675,609,1140
arguana,test,test-politics-eppghwlrba-pro04a,0.42,0.82,0.23,0.32,0.88,0.24,0.88,0.16,0.9,136.17041701218113,146.54754102230072,589,1146
arguana,test,test-politics-eppghwlrba-con02a,0.39,0.85,0.94,0.55,0.87,0.93,0.24,0.67,0.7,169.07083400292322,123.78820800222456,715,1377
arguana,test,test-politics-eppghwlrba-con04a,0.29,0.86,0.87,0.31,0.88,0.72,0.15,0.88,0.8,162.73137502139434,126.7917089862749,717,1335
arguana,test,test-politics-eppghwlrba-con03a,0.62,0.81,0.24,0.55,0.84,0.45,0.63,0.18,0.77,111.67904199101031,110.8027920126915,580,1216
arguana,test,test-politics-eppghwlrba-con01a,0.52,0.8,0.19,0.47,0.88,0.18,0.1,0.86,0.69,143.72408296912909,118.87500004377216,607,1295
arguana,test,test-politics-eppghwgpi-pro02a,0.75,0.77,0.48,0.66,0.86,0.58,0.84,0.07,0.87,114.82275003800169,124.75999997695908,740,1384
arguana,test,test-politics-eppghwgpi-pro05a,0.56,0.83,0.14,0.41,0.87,0.16,0.64,0.55,0.85,120.70066697197035,153.17525004502386,643,1285
arguana,test,test-politics-eppghwgpi-pro01a,0.43,0.75,0.87,0.43,0.85,0.84,0.2,0.48,0.58,130.23120898287743,126.29962502978742,747,1414
arguana,test,test-politics-eppghwgpi-pro03a,0.51,0.79,0.89,0.35,0.88,0.86,0.82,0.18,0.87,197.6691250456497,125.55570801487193,735,1309
arguana,test,test-politics-eppghwgpi-pro04a,0.5,0.84,0.09,0.34,0.87,0.14,0.83,0.4,0.89,147.1224999986589,118.37337497854605,658,1294
arguana,test,test-politics-eppghwgpi-con02a,0.48,0.86,0.12,0.38,0.89,0.14,0.32,0.46,0.42,121.96779099758714,169.4688340066932,608,1257
arguana,test,test-politics-eppghwgpi-con05a,0.5,0.82,0.86,0.42,0.88,0.79,0.23,0.89,0.84,147.24525000201538,132.88008398376405,700,1340
arguana,test,test-politics-eppghwgpi-con04a,0.36,0.85,0.14,0.34,0.9,0.18,0.61,0.74,0.73,194.05791698955,260.7331249746494,622,1270
arguana,test,test-politics-eppghwgpi-con03a,0.39,0.86,0.13,0.26,0.9,0.17,0.45,0.47,0.61,115.90174998855218,114.78424997767434,644,1218
arguana,test,test-politics-eppghwgpi-con01a,0.36,0.83,0.37,0.28,0.88,0.4,0.73,0.28,0.85,118.53770795278251,121.39187502907589,636,1293
arguana,test,test-politics-glgvhbqssc-pro02a,0.28,0.86,0.94,0.34,0.87,0.94,0.77,0.62,0.91,199.0130830090493,166.1973330192268,782,1482
arguana,test,test-politics-glgvhbqssc-pro01a,0.28,0.84,0.95,0.31,0.88,0.94,0.79,0.52,0.86,198.34029203047976,154.78224999969825,750,1428
arguana,test,test-politics-glgvhbqssc-pro03a,0.27,0.87,0.95,0.32,0.89,0.93,0.72,0.76,0.85,115.19129195949063,112.84670804161578,800,1490
arguana,test,test-politics-glgvhbqssc-con02a,0.2,0.88,0.86,0.22,0.91,0.8,0.85,0.11,0.9,234.0181249892339,157.03029197175056,760,1433
arguana,test,test-politics-glgvhbqssc-con01a,0.15,0.87,0.94,0.21,0.88,0.9,0.88,0.1,0.9,156.79620899027213,113.7666660360992,760,1430
arguana,test,test-politics-gvhwhnerse-pro02a,0.51,0.86,0.92,0.47,0.89,0.91,0.2,0.82,0.78,202.73445802740753,114.30991702945903,770,1411
arguana,test,test-politics-gvhwhnerse-pro01a,0.43,0.86,0.89,0.39,0.88,0.88,0.56,0.49,0.79,150.74408403597772,137.17958296183497,764,1354
arguana,test,test-politics-gvhwhnerse-pro03a,0.51,0.81,0.95,0.59,0.89,0.93,0.72,0.29,0.8,123.38349997298792,110.1627079769969,681,1338
arguana,test,test-politics-gvhwhnerse-pro04a,0.49,0.84,0.89,0.47,0.89,0.86,0.26,0.82,0.8,123.91504197148606,156.80883399909362,732,1386
arguana,test,test-politics-gvhwhnerse-con02a,0.6,0.77,0.92,0.62,0.83,0.91,0.45,0.18,0.59,152.78770797885954,162.06054197391495,749,1397
arguana,test,test-politics-gvhwhnerse-con04a,0.39,0.86,0.95,0.51,0.89,0.93,0.25,0.8,0.62,170.67008296726272,172.80975001631305,778,1426
arguana,test,test-politics-gvhwhnerse-con03a,0.45,0.86,0.23,0.39,0.91,0.26,0.42,0.45,0.71,116.58433300908655,172.7422919939272,687,1251
arguana,test,test-politics-gvhwhnerse-con01a,0.57,0.85,0.92,0.51,0.9,0.87,0.62,0.48,0.85,113.37491602171212,149.87879199907184,742,1387
arguana,test,test-politics-lghwdecm-pro02a,0.3,0.8,0.9,0.34,0.87,0.85,0.39,0.48,0.9,113.21637500077486,119.25433401484042,774,1466
arguana,test,test-politics-lghwdecm-pro01a,0.35,0.82,0.58,0.37,0.88,0.51,0.58,0.31,0.91,123.27295896830037,121.79791601374745,719,1405
arguana,test,test-politics-lghwdecm-pro03a,0.34,0.85,0.94,0.38,0.89,0.9,0.23,0.69,0.73,167.5708339898847,130.38962497375906,736,1437
arguana,test,test-politics-lghwdecm-pro04a,0.38,0.79,0.81,0.34,0.84,0.7,0.1,0.49,0.21,157.88199997041374,121.59379100194201,734,1423
arguana,test,test-politics-lghwdecm-con02a,0.26,0.79,0.95,0.32,0.88,0.85,0.09,0.47,0.15,124.44795900955796,136.24266698025167,793,1474
arguana,test,test-politics-lghwdecm-con04a,0.49,0.81,0.93,0.4,0.87,0.88,0.06,0.33,0.08,122.83333396771923,173.26562496600673,647,1350
arguana,test,test-politics-lghwdecm-con03a,0.26,0.81,0.93,0.29,0.88,0.87,0.71,0.15,0.79,134.97654104139656,123.7197500304319,684,1370
arguana,test,test-politics-lghwdecm-con01a,0.34,0.84,0.28,0.27,0.89,0.36,0.46,0.83,0.9,111.18208401603624,119.2928749951534,674,1303
arguana,test,test-politics-ypppdghwid-pro02a,0.38,0.86,0.92,0.39,0.88,0.9,0.76,0.45,0.86,121.95170798804611,165.0733330170624,678,1347
arguana,test,test-politics-ypppdghwid-pro01a,0.37,0.81,0.94,0.38,0.87,0.92,0.31,0.73,0.77,146.04791696183383,121.02658301591873,682,1292
arguana,test,test-politics-ypppdghwid-pro03a,0.42,0.79,0.94,0.47,0.86,0.94,0.83,0.47,0.87,144.7439169860445,139.32249997742474,681,1369
arguana,test,test-politics-ypppdghwid-pro04a,0.29,0.85,0.86,0.39,0.89,0.83,0.83,0.36,0.87,129.3672919855453,121.99904100270942,705,1306
arguana,test,test-politics-ypppdghwid-con02a,0.4,0.86,0.9,0.29,0.88,0.87,0.52,0.69,0.72,140.14066703384742,112.86666599335149,684,1328
arguana,test,test-politics-ypppdghwid-con05a,0.31,0.84,0.95,0.3,0.89,0.93,0.44,0.34,0.7,127.78241600608453,116.90624995389953,780,1421
arguana,test,test-politics-ypppdghwid-con04a,0.4,0.84,0.91,0.41,0.88,0.87,0.69,0.45,0.89,112.85487498389557,120.19329104805365,662,1269
arguana,test,test-politics-ypppdghwid-con03a,0.38,0.82,0.94,0.39,0.88,0.93,0.81,0.27,0.9,130.89629204478115,157.85862499615178,776,1455
arguana,test,test-politics-ypppdghwid-con01a,0.3,0.84,0.89,0.36,0.87,0.86,0.8,0.31,0.86,142.27187499636784,170.073457993567,671,1307
arguana,test,test-politics-gvhbhlsbr-pro02a,0.32,0.82,0.93,0.37,0.88,0.92,0.17,0.87,0.79,126.54562498209998,107.90941602317616,706,1303
arguana,test,test-politics-gvhbhlsbr-pro01a,0.39,0.83,0.94,0.34,0.86,0.95,0.86,0.16,0.89,146.94187499117106,132.5687500066124,620,1286
arguana,test,test-politics-gvhbhlsbr-pro03a,0.47,0.8,0.88,0.38,0.88,0.88,0.61,0.78,0.9,123.02170798648149,186.00549997063354,666,1291
arguana,test,test-politics-gvhbhlsbr-pro04a,0.43,0.8,0.92,0.32,0.86,0.91,0.89,0.32,0.92,152.26754103787243,129.53825003933161,640,1267
arguana,test,test-politics-gvhbhlsbr-con02a,0.22,0.83,0.92,0.25,0.89,0.92,0.86,0.56,0.9,138.49558401852846,120.48362498171628,666,1275
arguana,test,test-politics-gvhbhlsbr-con04a,0.54,0.82,0.94,0.55,0.86,0.94,0.21,0.85,0.71,146.78320899838582,119.61962498025969,699,1319
arguana,test,test-politics-gvhbhlsbr-con03a,0.42,0.84,0.95,0.45,0.9,0.93,0.56,0.43,0.77,143.35516700521111,163.87841699179262,767,1411
arguana,test,test-politics-gvhbhlsbr-con01a,0.39,0.85,0.91,0.41,0.89,0.88,0.71,0.29,0.85,117.51620803261176,123.18141700234264,610,1149
arguana,test,test-politics-cdmaggpdgdf-pro02a,0.4,0.79,0.93,0.41,0.84,0.9,0.8,0.13,0.9,161.33808303857222,135.32587501686066,737,1383
arguana,test,test-politics-cdmaggpdgdf-pro05a,0.32,0.84,0.96,0.4,0.89,0.92,0.67,0.32,0.73,142.4982090247795,122.94650002149865,749,1399
arguana,test,test-politics-cdmaggpdgdf-pro01a,0.61,0.79,0.19,0.58,0.84,0.17,0.76,0.22,0.85,146.6935829957947,116.1040419829078,730,1375
arguana,test,test-politics-cdmaggpdgdf-pro03a,0.46,0.8,0.94,0.39,0.89,0.88,0.46,0.6,0.38,141.45391603233293,121.23291700845584,765,1404
arguana,test,test-politics-cdmaggpdgdf-pro04a,0.43,0.86,0.91,0.46,0.9,0.86,0.3,0.72,0.92,235.9779590042308,128.49795899819583,737,1316
arguana,test,test-politics-cdmaggpdgdf-con02a,0.55,0.8,0.94,0.48,0.88,0.87,0.31,0.51,0.69,219.78029201272875,160.4487500153482,731,1365
arguana,test,test-politics-cdmaggpdgdf-con05a,0.52,0.76,0.95,0.58,0.87,0.94,0.63,0.37,0.83,144.98212496982887,110.13850005110726,736,1395
arguana,test,test-politics-cdmaggpdgdf-con04a,0.39,0.8,0.9,0.39,0.86,0.87,0.19,0.84,0.73,130.66924997838214,140.1047079707496,738,1372
arguana,test,test-politics-cdmaggpdgdf-con03a,0.7,0.69,0.77,0.69,0.86,0.71,0.22,0.74,0.7,125.50133297918364,170.74450000654906,738,1376
arguana,test,test-politics-cdmaggpdgdf-con01a,0.32,0.82,0.94,0.3,0.87,0.93,0.79,0.15,0.87,135.66970801912248,128.79312498262152,769,1375
arguana,test,test-politics-oepdlhfcefp-pro02a,0.64,0.74,0.96,0.49,0.78,0.96,0.76,0.26,0.83,114.98762498376891,133.82212503347546,736,1367
arguana,test,test-politics-oepdlhfcefp-pro01a,0.49,0.79,0.96,0.47,0.85,0.96,0.84,0.15,0.87,128.83379199774936,124.99558401759714,747,1414
arguana,test,test-politics-oepdlhfcefp-pro03a,0.41,0.75,0.95,0.42,0.77,0.96,0.74,0.36,0.84,122.30733397882432,170.0044590397738,733,1364
arguana,test,test-politics-oepdlhfcefp-pro04a,0.38,0.71,0.95,0.41,0.78,0.94,0.79,0.15,0.84,241.28808302339166,173.83908404735848,734,1391
arguana,test,test-politics-oepdlhfcefp-con02a,0.39,0.81,0.94,0.37,0.86,0.95,0.67,0.38,0.79,122.90916702477261,126.55841698870063,708,1368
arguana,test,test-politics-oepdlhfcefp-con03a,0.52,0.75,0.95,0.5,0.82,0.94,0.74,0.31,0.77,154.163500003051,120.26049999985844,693,1321
arguana,test,test-politics-oepdlhfcefp-con01a,0.5,0.79,0.95,0.39,0.85,0.95,0.76,0.19,0.8,153.6138750379905,122.20654095290229,653,1299
arguana,test,test-politics-glghssi-pro02a,0.37,0.8,0.96,0.5,0.87,0.94,0.34,0.56,0.61,142.06158299930394,123.36216698167846,716,1375
arguana,test,test-politics-glghssi-pro01a,0.47,0.78,0.91,0.61,0.85,0.87,0.2,0.83,0.69,173.05599997052923,128.06670798454434,685,1349
arguana,test,test-politics-glghssi-pro03a,0.46,0.77,0.94,0.58,0.86,0.91,0.36,0.4,0.61,169.61300000548363,145.39362501818687,729,1412
arguana,test,test-politics-glghssi-con02a,0.49,0.81,0.86,0.58,0.86,0.78,0.23,0.58,0.54,139.5473750308156,137.9946250235662,662,1326
arguana,test,test-politics-glghssi-con03a,0.3,0.8,0.96,0.43,0.87,0.94,0.6,0.21,0.65,283.5197909735143,256.1469589709304,696,1342
arguana,test,test-politics-glghssi-con01a,0.3,0.77,0.93,0.38,0.86,0.9,0.69,0.55,0.79,170.62179202912375,116.6967090102844,677,1287
arguana,test,test-culture-mmciahbans-pro02a,0.27,0.81,0.9,0.31,0.87,0.88,0.64,0.39,0.77,119.23316703177989,117.33824998373166,778,1424
arguana,test,test-culture-mmciahbans-pro01a,0.32,0.8,0.92,0.48,0.84,0.9,0.81,0.24,0.86,121.2655829731375,140.76508401194587,634,1306
arguana,test,test-culture-mmciahbans-pro03a,0.56,0.79,0.8,0.46,0.85,0.87,0.38,0.86,0.8,109.18204102199525,156.0579159995541,674,1364
arguana,test,test-culture-mmciahbans-con02a,0.32,0.86,0.88,0.35,0.89,0.86,0.65,0.54,0.77,115.27133401250467,121.36445799842477,746,1358
arguana,test,test-culture-mmciahbans-con04a,0.37,0.84,0.95,0.33,0.88,0.93,0.18,0.77,0.62,152.5423750281334,131.9919159868732,694,1393
arguana,test,test-culture-mmciahbans-con03a,0.38,0.82,0.21,0.4,0.86,0.27,0.39,0.6,0.77,154.5121250092052,145.5501249874942,648,1251
arguana,test,test-culture-mmciahbans-con01a,0.74,0.83,0.33,0.65,0.85,0.38,0.66,0.58,0.8,152.98404201166704,269.7597920196131,589,1251
arguana,test,test-culture-mthbah-pro02a,0.37,0.71,0.91,0.44,0.86,0.86,0.65,0.48,0.71,172.4205420468934,143.6476670205593,721,1392
arguana,test,test-culture-mthbah-pro05a,0.51,0.82,0.08,0.42,0.89,0.1,0.12,0.87,0.61,124.13879099767655,123.00349998986349,600,1252
arguana,test,test-culture-mthbah-pro01a,0.65,0.79,0.67,0.6,0.86,0.75,0.62,0.86,0.84,109.62037503486499,231.31354100769386,681,1323
arguana,test,test-culture-mthbah-pro03a,0.42,0.82,0.74,0.44,0.89,0.63,0.24,0.85,0.86,143.33262504078448,128.6351249436848,658,1280
arguana,test,test-culture-mthbah-pro04a,0.35,0.71,0.76,0.4,0.86,0.71,0.71,0.23,0.89,107.9453339916654,121.96541699813679,681,1300
arguana,test,test-culture-mthbah-con02a,0.34,0.82,0.12,0.45,0.89,0.12,0.23,0.41,0.34,127.26695800665766,125.22816698765382,641,1303
arguana,test,test-culture-mthbah-con04a,0.37,0.81,0.88,0.48,0.88,0.79,0.72,0.32,0.74,149.67695798259228,119.45058300625533,643,1191
arguana,test,test-culture-mthbah-con03a,0.44,0.82,0.92,0.52,0.9,0.83,0.31,0.29,0.27,118.2975840056315,145.9679170511663,662,1302
arguana,test,test-culture-mthbah-con01a,0.62,0.84,0.09,0.58,0.9,0.09,0.52,0.53,0.76,150.75387503020465,117.46991699328646,603,1210
arguana,test,test-culture-ahrtsdlgra-pro02a,0.6,0.81,0.87,0.46,0.88,0.88,0.51,0.29,0.79,119.79066702770069,112.25725000258535,742,1405
arguana,test,test-culture-ahrtsdlgra-pro01a,0.55,0.84,0.09,0.35,0.89,0.12,0.64,0.53,0.81,140.89754200540483,164.7244580090046,674,1335
arguana,test,test-culture-ahrtsdlgra-pro03a,0.5,0.84,0.14,0.52,0.86,0.15,0.5,0.55,0.75,125.25779195129871,131.95949996588752,717,1372
arguana,test,test-culture-ahrtsdlgra-con02a,0.67,0.82,0.33,0.53,0.84,0.39,0.65,0.6,0.82,142.29733298998326,161.02325002430007,669,1316
arguana,test,test-culture-ahrtsdlgra-con03a,0.34,0.85,0.89,0.31,0.9,0.86,0.71,0.26,0.85,116.75558297429234,172.24066599737853,729,1396
arguana,test,test-culture-ahrtsdlgra-con01a,0.55,0.77,0.87,0.56,0.85,0.9,0.61,0.19,0.76,169.80924998642877,119.49524999363348,753,1419
arguana,test,test-culture-ascidfakhba-pro02a,0.55,0.81,0.93,0.43,0.83,0.93,0.91,0.13,0.92,121.33891601115465,186.8205419741571,735,1377
arguana,test,test-culture-ascidfakhba-pro01a,0.65,0.84,0.51,0.44,0.87,0.58,0.92,0.12,0.92,124.93425002321601,125.68029202520847,739,1399
arguana,test,test-culture-ascidfakhba-pro03a,0.44,0.85,0.95,0.41,0.87,0.93,0.24,0.71,0.64,130.8473750250414,180.7094169780612,739,1369
arguana,test,test-culture-ascidfakhba-pro04a,0.41,0.83,0.6,0.31,0.88,0.57,0.89,0.09,0.94,146.44070802023634,118.70241700671613,756,1427
arguana,test,test-culture-ascidfakhba-con02a,0.59,0.83,0.36,0.41,0.89,0.34,0.88,0.14,0.9,128.31016699783504,147.2782080527395,730,1363
arguana,test,test-culture-ascidfakhba-con04a,0.54,0.82,0.63,0.41,0.85,0.51,0.76,0.36,0.89,114.78920798981562,187.05820804461837,679,1325
arguana,test,test-culture-ascidfakhba-con03a,0.38,0.82,0.31,0.38,0.85,0.34,0.87,0.16,0.89,121.04724999517202,117.31070803944021,741,1392
arguana,test,test-culture-ascidfakhba-con01a,0.44,0.82,0.66,0.32,0.87,0.68,0.92,0.16,0.93,175.00833398662508,117.90141597157344,741,1398
arguana,test,test-culture-mmctghwbsa-pro02a,0.66,0.78,0.7,0.55,0.83,0.74,0.85,0.17,0.89,129.8426660359837,123.43208398669958,642,1300
arguana,test,test-culture-mmctghwbsa-pro01a,0.32,0.78,0.94,0.46,0.84,0.94,0.23,0.85,0.78,121.02104199584574,153.71225000126287,746,1394
arguana,test,test-culture-mmctghwbsa-pro03a,0.61,0.77,0.88,0.64,0.87,0.83,0.5,0.48,0.72,111.441291985102,152.96304202638566,647,1281
arguana,test,test-culture-mmctghwbsa-pro04a,0.48,0.76,0.94,0.42,0.84,0.94,0.86,0.19,0.89,144.61425004992634,111.20937496889383,754,1338
arguana,test,test-culture-mmctghwbsa-con02a,0.39,0.86,0.22,0.43,0.89,0.26,0.67,0.2,0.8,150.37016599671915,157.17958298046142,678,1346
arguana,test,test-culture-mmctghwbsa-con04a,0.51,0.82,0.85,0.56,0.87,0.77,0.62,0.37,0.76,119.75158302811906,120.67558302078396,706,1373
arguana,test,test-culture-mmctghwbsa-con03a,0.38,0.87,0.9,0.44,0.91,0.85,0.56,0.78,0.8,122.43004201445729,116.00658396491781,708,1300
arguana,test,test-culture-mmctghwbsa-con01a,0.64,0.8,0.15,0.49,0.88,0.2,0.78,0.51,0.82,147.13762502651662,166.46249999757856,621,1229
arguana,test,test-culture-tlhrilsfhwr-pro02a,0.77,0.66,0.95,0.79,0.77,0.93,0.25,0.32,0.39,125.87950000306591,164.76562496973202,750,1415
arguana,test,test-culture-tlhrilsfhwr-pro01a,0.61,0.81,0.9,0.58,0.85,0.91,0.4,0.66,0.73,157.9261250444688,125.79600000753999,746,1400
arguana,test,test-culture-tlhrilsfhwr-pro03a,0.57,0.65,0.96,0.6,0.76,0.95,0.21,0.8,0.76,157.49112499179319,150.88720800122246,751,1492
arguana,test,test-culture-tlhrilsfhwr-pro04a,0.71,0.75,0.95,0.61,0.83,0.94,0.6,0.42,0.73,115.14487501699477,153.98474998073652,740,1406
arguana,test,test-culture-tlhrilsfhwr-con02a,0.58,0.77,0.62,0.55,0.81,0.64,0.37,0.35,0.56,180.21262501133606,122.05574999097735,749,1403
arguana,test,test-culture-tlhrilsfhwr-con03a,0.66,0.75,0.83,0.69,0.84,0.74,0.77,0.23,0.8,118.49112494383007,115.21216697292402,742,1410
arguana,test,test-culture-tlhrilsfhwr-con01a,0.38,0.76,0.86,0.42,0.85,0.87,0.24,0.35,0.45,135.96154196420684,137.81462499173358,738,1373
arguana,test,test-culture-mmctyshwbcp-pro02a,0.39,0.72,0.95,0.52,0.8,0.93,0.75,0.15,0.85,130.68245799513534,132.33554200269282,691,1341
arguana,test,test-culture-mmctyshwbcp-pro06a,0.41,0.8,0.14,0.42,0.83,0.19,0.55,0.33,0.71,122.10720899747685,110.77912501059473,614,1185
arguana,test,test-culture-mmctyshwbcp-pro05a,0.25,0.82,0.93,0.34,0.86,0.91,0.55,0.69,0.76,116.28470802679658,117.973540967796,676,1326
arguana,test,test-culture-mmctyshwbcp-pro01a,0.26,0.83,0.88,0.33,0.88,0.81,0.78,0.13,0.84,154.4037499697879,121.31641595624387,620,1247
arguana,test,test-culture-mmctyshwbcp-pro03a,0.39,0.82,0.79,0.34,0.87,0.77,0.76,0.76,0.85,168.75350003829226,125.34216704079881,703,1353
arguana,test,test-culture-mmctyshwbcp-pro04a,0.3,0.79,0.92,0.38,0.85,0.87,0.57,0.52,0.6,105.32837500795722,116.08533305115998,769,1416
arguana,test,test-culture-mmctyshwbcp-con02a,0.43,0.82,0.92,0.4,0.86,0.89,0.49,0.29,0.69,104.62420800467953,131.1572919948958,752,1393
arguana,test,test-culture-mmctyshwbcp-con03a,0.46,0.83,0.93,0.47,0.88,0.89,0.45,0.62,0.68,190.56474999524653,122.36979196313769,717,1376
arguana,test,test-culture-mmctyshwbcp-con01a,0.57,0.79,0.88,0.58,0.87,0.8,0.48,0.32,0.6,130.38591702934355,157.33337495476007,666,1322
arguana,test,test-culture-cgeeghwmeo-pro02a,0.37,0.79,0.72,0.34,0.87,0.74,0.49,0.67,0.77,110.77133298385888,185.385667020455,736,1387
arguana,test,test-culture-cgeeghwmeo-pro01a,0.36,0.77,0.93,0.44,0.87,0.9,0.47,0.69,0.75,129.5891249901615,160.9930419945158,712,1365
arguana,test,test-culture-cgeeghwmeo-pro03a,0.52,0.75,0.67,0.53,0.85,0.7,0.11,0.86,0.84,126.53924996266142,136.56154100317508,748,1401
arguana,test,test-culture-cgeeghwmeo-pro04a,0.29,0.85,0.36,0.28,0.88,0.39,0.44,0.7,0.81,232.64887498226017,116.29008396994323,726,1374
arguana,test,test-culture-cgeeghwmeo-con02a,0.56,0.81,0.14,0.35,0.89,0.18,0.57,0.17,0.71,128.80120798945427,118.21758298901841,728,1383
arguana,test,test-culture-cgeeghwmeo-con04a,0.68,0.79,0.9,0.69,0.86,0.85,0.45,0.58,0.71,121.1298750131391,137.7047499991022,731,1368
arguana,test,test-culture-cgeeghwmeo-con03a,0.42,0.85,0.54,0.4,0.89,0.42,0.31,0.78,0.78,130.93895796919242,132.93970801169053,636,1229
arguana,test,test-culture-cgeeghwmeo-con01a,0.42,0.74,0.53,0.4,0.84,0.52,0.7,0.2,0.85,143.62308295676485,113.56291599804536,757,1416
arguana,test,test-culture-thbcsbptwhht-pro02a,0.42,0.76,0.95,0.45,0.82,0.94,0.77,0.43,0.88,165.55612499359995,125.7037500035949,753,1438
arguana,test,test-culture-thbcsbptwhht-pro01a,0.48,0.76,0.93,0.52,0.83,0.88,0.79,0.31,0.86,140.68829198367894,127.25600000703707,757,1425
arguana,test,test-culture-thbcsbptwhht-pro03a,0.73,0.76,0.94,0.65,0.78,0.92,0.6,0.58,0.78,124.056207947433,121.58870801795274,746,1358
arguana,test,test-culture-thbcsbptwhht-pro04a,0.4,0.79,0.94,0.35,0.83,0.91,0.69,0.59,0.89,113.01845795242116,122.60233401320875,761,1419
arguana,test,test-culture-thbcsbptwhht-con02a,0.25,0.84,0.93,0.34,0.88,0.89,0.14,0.74,0.62,121.52766698272899,128.62395797856152,712,1391
arguana,test,test-culture-thbcsbptwhht-con03a,0.74,0.79,0.91,0.6,0.85,0.9,0.48,0.68,0.85,172.43516602320597,117.13650001911446,752,1351
arguana,test,test-culture-thbcsbptwhht-con01a,0.75,0.73,0.82,0.76,0.83,0.78,0.55,0.47,0.75,113.58941701473668,123.85945802088827,755,1431
arguana,test,test-digital-freedoms-phwnaccpdt-pro02a,0.54,0.77,0.9,0.45,0.8,0.88,0.87,0.15,0.88,112.65487497439608,176.571708987467,737,1394
arguana,test,test-digital-freedoms-phwnaccpdt-pro01a,0.52,0.77,0.15,0.47,0.85,0.22,0.9,0.17,0.9,127.55362503230572,127.67050002003089,743,1402
arguana,test,test-digital-freedoms-phwnaccpdt-pro03a,0.63,0.72,0.5,0.6,0.83,0.49,0.53,0.26,0.72,131.6447500139475,125.16487500397488,754,1413
arguana,test,test-digital-freedoms-phwnaccpdt-con02a,0.73,0.78,0.4,0.66,0.86,0.34,0.84,0.19,0.87,165.59683298692107,119.0434159943834,730,1370
arguana,test,test-digital-freedoms-phwnaccpdt-con03a,0.56,0.78,0.2,0.41,0.81,0.25,0.91,0.18,0.91,124.17083402397111,121.44995899870992,739,1369
arguana,test,test-digital-freedoms-phwnaccpdt-con01a,0.53,0.77,0.7,0.45,0.82,0.71,0.91,0.21,0.91,159.6316249924712,118.7134999781847,740,1383
arguana,test,test-digital-freedoms-dfiphbgs-pro02a,0.49,0.84,0.96,0.51,0.87,0.95,0.35,0.24,0.52,109.55549997743219,173.23924996890128,758,1395
arguana,test,test-digital-freedoms-dfiphbgs-pro01a,0.55,0.84,0.69,0.56,0.88,0.6,0.16,0.84,0.87,133.790833002422,111.4063750137575,737,1375
arguana,test,test-digital-freedoms-dfiphbgs-pro03a,0.53,0.7,0.95,0.56,0.82,0.93,0.5,0.47,0.7,123.18599998252466,136.37079199543223,746,1398
arguana,test,test-digital-freedoms-dfiphbgs-con02a,0.6,0.81,0.93,0.55,0.84,0.92,0.28,0.44,0.45,121.13287503598258,141.09566697152331,734,1384
arguana,test,test-digital-freedoms-dfiphbgs-con03a,0.37,0.82,0.92,0.46,0.87,0.9,0.18,0.68,0.56,132.3557500145398,123.49720799829811,730,1378
arguana,test,test-digital-freedoms-dfiphbgs-con01a,0.29,0.86,0.78,0.36,0.89,0.63,0.16,0.79,0.76,117.10299999685958,125.14141696738079,707,1366
arguana,test,test-digital-freedoms-aihwbasmn-pro02a,0.57,0.81,0.92,0.57,0.87,0.88,0.63,0.46,0.73,130.09329204214737,121.70854100259021,739,1385
arguana,test,test-digital-freedoms-aihwbasmn-pro01a,0.31,0.85,0.65,0.35,0.9,0.61,0.43,0.69,0.72,137.1528750169091,135.84195799194276,745,1393
arguana,test,test-digital-freedoms-aihwbasmn-pro03a,0.38,0.84,0.92,0.4,0.88,0.93,0.76,0.45,0.89,130.4273339919746,131.17262499872595,691,1347
arguana,test,test-digital-freedoms-aihwbasmn-pro04a,0.24,0.83,0.76,0.31,0.89,0.74,0.68,0.43,0.8,133.8950420031324,116.53191602090374,699,1345
arguana,test,test-digital-freedoms-aihwbasmn-con02a,0.51,0.82,0.85,0.52,0.88,0.79,0.77,0.22,0.84,129.85662498977035,134.4667500234209,740,1386
arguana,test,test-digital-freedoms-aihwbasmn-con05a,0.32,0.82,0.85,0.32,0.88,0.8,0.22,0.86,0.91,162.35341696301475,110.35549995722249,744,1393
arguana,test,test-digital-freedoms-aihwbasmn-con04a,0.5,0.82,0.8,0.41,0.87,0.74,0.48,0.63,0.77,116.08750000596046,115.77862495323643,739,1335
arguana,test,test-digital-freedoms-aihwbasmn-con03a,0.29,0.85,0.75,0.34,0.9,0.65,0.5,0.39,0.71,118.37824998656288,136.462084017694,749,1390
arguana,test,test-digital-freedoms-aihwbasmn-con01a,0.31,0.84,0.9,0.3,0.84,0.89,0.66,0.18,0.81,113.05233300663531,125.04783301847056,722,1363
arguana,test,test-digital-freedoms-eifpgdff-pro02a,0.38,0.77,0.94,0.5,0.84,0.92,0.63,0.56,0.82,171.5632500126958,122.4630830110982,746,1436
arguana,test,test-digital-freedoms-eifpgdff-pro01a,0.47,0.82,0.86,0.48,0.85,0.83,0.29,0.89,0.86,209.8878329852596,118.862499948591,777,1446
arguana,test,test-digital-freedoms-eifpgdff-pro03a,0.32,0.79,0.96,0.45,0.86,0.95,0.65,0.2,0.74,117.44191701291129,169.82358397217467,748,1397
arguana,test,test-digital-freedoms-eifpgdff-con02a,0.33,0.8,0.86,0.4,0.85,0.84,0.72,0.49,0.81,194.99933294719085,115.40287500247359,767,1446
arguana,test,test-digital-freedoms-eifpgdff-con03a,0.57,0.76,0.94,0.59,0.84,0.94,0.5,0.56,0.69,153.4288750262931,117.12524999165908,741,1432
arguana,test,test-digital-freedoms-eifpgdff-con01a,0.59,0.77,0.94,0.61,0.85,0.92,0.67,0.51,0.72,234.5242080045864,127.74179095868021,778,1451
arguana,test,test-digital-freedoms-piidfaihbg-pro02a,0.29,0.82,0.94,0.36,0.9,0.94,0.25,0.84,0.84,124.38445899169892,111.55475000850856,658,1378
arguana,test,test-digital-freedoms-piidfaihbg-pro01a,0.22,0.84,0.92,0.31,0.9,0.92,0.88,0.29,0.89,135.93158300500363,122.80429102247581,665,1375
arguana,test,test-digital-freedoms-piidfaihbg-pro03a,0.33,0.83,0.95,0.33,0.85,0.95,0.38,0.38,0.67,132.5329170213081,131.82658300502226,676,1358
arguana,test,test-digital-freedoms-piidfaihbg-con02a,0.29,0.86,0.95,0.35,0.91,0.94,0.71,0.56,0.89,112.56658297497779,152.9678750084713,722,1406
arguana,test,test-digital-freedoms-piidfaihbg-con03a,0.44,0.82,0.87,0.43,0.87,0.84,0.25,0.67,0.55,112.86962497979403,131.67049997719005,666,1346
arguana,test,test-digital-freedoms-piidfaihbg-con01a,0.29,0.83,0.94,0.41,0.88,0.94,0.14,0.64,0.44,115.82775000715628,236.4706250373274,757,1424
arguana,test,test-digital-freedoms-piidfiphwu-pro02a,0.29,0.84,0.93,0.34,0.88,0.91,0.09,0.74,0.37,154.8448340035975,123.08458401821554,764,1412
arguana,test,test-digital-freedoms-piidfiphwu-pro01a,0.33,0.81,0.87,0.37,0.88,0.85,0.54,0.73,0.82,119.69687498640269,116.52000003959984,682,1347
arguana,test,test-digital-freedoms-piidfiphwu-pro03a,0.26,0.83,0.91,0.33,0.9,0.89,0.43,0.83,0.82,142.88570801727474,116.5158330113627,688,1352
arguana,test,test-digital-freedoms-piidfiphwu-con02a,0.26,0.77,0.91,0.26,0.87,0.89,0.51,0.29,0.66,122.23537504905835,158.62283296883106,668,1320
arguana,test,test-digital-freedoms-piidfiphwu-con03a,0.23,0.8,0.94,0.27,0.87,0.92,0.84,0.15,0.9,160.878416034393,164.83849997166544,750,1404
arguana,test,test-digital-freedoms-piidfiphwu-con01a,0.24,0.78,0.95,0.26,0.85,0.95,0.87,0.24,0.93,140.48570796148852,133.18570895353332,757,1433
arguana,test,test-digital-freedoms-aihbiahr-pro02a,0.45,0.77,0.88,0.41,0.77,0.89,0.72,0.68,0.9,132.83329200930893,123.0739580350928,746,1398
arguana,test,test-digital-freedoms-aihbiahr-pro01a,0.61,0.76,0.92,0.56,0.78,0.9,0.82,0.67,0.94,131.00341701647267,149.67395894927904,750,1399
arguana,test,test-digital-freedoms-aihbiahr-pro03a,0.4,0.8,0.9,0.37,0.82,0.9,0.85,0.3,0.93,112.56637499900535,129.29904100019485,739,1378
arguana,test,test-digital-freedoms-aihbiahr-con02a,0.48,0.83,0.2,0.44,0.88,0.18,0.76,0.29,0.87,129.70008299453184,135.56074997177348,686,1326
arguana,test,test-digital-freedoms-aihbiahr-con04a,0.52,0.86,0.19,0.45,0.87,0.22,0.74,0.68,0.89,122.36812501214445,119.14629198145121,637,1275
arguana,test,test-digital-freedoms-aihbiahr-con03a,0.5,0.86,0.19,0.39,0.9,0.22,0.74,0.6,0.86,137.15212501119822,130.60812500771135,724,1371
arguana,test,test-digital-freedoms-aihbiahr-con01a,0.38,0.85,0.86,0.43,0.89,0.81,0.82,0.39,0.86,138.82720796391368,119.93212497327477,744,1405
arguana,test,test-digital-freedoms-efsappgdfp-pro02a,0.36,0.83,0.89,0.48,0.88,0.77,0.58,0.68,0.82,120.59249996673316,160.3876660228707,702,1357
arguana,test,test-digital-freedoms-efsappgdfp-pro01a,0.53,0.83,0.85,0.4,0.86,0.88,0.72,0.53,0.87,251.60479202168062,116.48741702083498,634,1223
arguana,test,test-digital-freedoms-efsappgdfp-pro03a,0.49,0.8,0.95,0.46,0.85,0.93,0.81,0.35,0.92,125.50650001503527,139.02150001376867,656,1320
arguana,test,test-digital-freedoms-efsappgdfp-pro04a,0.41,0.82,0.93,0.48,0.88,0.91,0.59,0.6,0.83,106.20020801434293,112.42595897056162,636,1260
arguana,test,test-digital-freedoms-efsappgdfp-con02a,0.71,0.79,0.11,0.58,0.83,0.12,0.44,0.62,0.69,156.59729100298136,122.26166599430144,695,1290
arguana,test,test-digital-freedoms-efsappgdfp-con05a,0.36,0.81,0.9,0.48,0.85,0.78,0.32,0.25,0.48,138.38054199004546,139.46816697716713,697,1337
arguana,test,test-digital-freedoms-efsappgdfp-con04a,0.47,0.75,0.96,0.44,0.82,0.95,0.33,0.64,0.75,111.82020796695724,123.3134160283953,733,1405
arguana,test,test-digital-freedoms-efsappgdfp-con03a,0.5,0.7,0.94,0.53,0.8,0.93,0.77,0.26,0.87,138.82641698000953,119.78991597425193,755,1396
arguana,test,test-digital-freedoms-efsappgdfp-con01a,0.45,0.81,0.96,0.43,0.87,0.94,0.38,0.75,0.73,125.14670798555017,125.12333295308053,737,1373
arguana,test,test-digital-freedoms-eifdfaihs-pro02a,0.38,0.72,0.9,0.39,0.81,0.89,0.14,0.87,0.77,123.57958301436156,160.57391703361645,694,1370
arguana,test,test-digital-freedoms-eifdfaihs-pro01a,0.46,0.75,0.95,0.43,0.84,0.92,0.12,0.53,0.33,126.43091700738296,152.63416594825685,746,1408
arguana,test,test-digital-freedoms-eifdfaihs-pro03a,0.59,0.68,0.91,0.56,0.84,0.87,0.22,0.82,0.8,143.76262499717996,131.05279096635059,755,1396
arguana,test,test-digital-freedoms-eifdfaihs-con02a,0.46,0.83,0.87,0.45,0.88,0.81,0.08,0.91,0.86,145.18479100661352,129.12237498676404,711,1372
arguana,test,test-digital-freedoms-eifdfaihs-con03a,0.66,0.65,0.83,0.68,0.77,0.84,0.32,0.52,0.55,122.32662498718128,180.26520899729803,752,1407
arguana,test,test-digital-freedoms-eifdfaihs-con01a,0.7,0.76,0.82,0.67,0.83,0.75,0.12,0.8,0.61,134.62616701144725,123.93341696588323,747,1394
arguana,test,test-religion-frghbbgi-pro02a,0.62,0.75,0.26,0.39,0.82,0.19,0.79,0.62,0.92,124.34454204048961,127.7511669904925,561,1173
arguana,test,test-religion-frghbbgi-pro05a,0.66,0.82,0.79,0.56,0.88,0.89,0.61,0.7,0.81,131.9880000082776,118.37525002192706,586,1227
arguana,test,test-religion-frghbbgi-pro01a,0.37,0.87,0.14,0.4,0.89,0.16,0.76,0.53,0.87,121.60745798610151,202.52245804294944,601,1194
arguana,test,test-religion-frghbbgi-pro03a,0.33,0.81,0.92,0.37,0.85,0.9,0.86,0.18,0.89,116.62325001088902,138.12245801091194,683,1355
arguana,test,test-religion-frghbbgi-pro04a,0.52,0.88,0.64,0.33,0.88,0.63,0.8,0.21,0.87,122.07262497395277,119.91120799211785,674,1312
arguana,test,test-religion-frghbbgi-con02a,0.57,0.82,0.88,0.46,0.88,0.87,0.86,0.26,0.91,113.81408298620954,133.86279199039564,615,1321
arguana,test,test-religion-frghbbgi-con03a,0.36,0.8,0.89,0.36,0.86,0.8,0.9,0.06,0.92,142.29625003645197,111.38787498930469,631,1280
arguana,test,test-religion-frghbbgi-con01a,0.64,0.87,0.29,0.46,0.89,0.54,0.15,0.91,0.85,116.13725003553554,143.93362501868978,568,1127
arguana,test,test-religion-yercfrggms-pro02a,0.34,0.81,0.91,0.32,0.83,0.84,0.57,0.67,0.82,106.02150001795962,147.02424994902685,738,1310
arguana,test,test-religion-yercfrggms-pro06a,0.25,0.86,0.76,0.24,0.87,0.64,0.14,0.48,0.45,122.13445903034881,138.01100000273436,752,1419
arguana,test,test-religion-yercfrggms-pro05a,0.21,0.82,0.64,0.27,0.88,0.72,0.8,0.12,0.82,153.03004102315754,137.31504196766764,768,1438
arguana,test,test-religion-yercfrggms-pro01a,0.27,0.85,0.8,0.39,0.86,0.82,0.42,0.73,0.76,123.52816702332348,124.41537500126287,743,1422
arguana,test,test-religion-yercfrggms-pro07a,0.37,0.85,0.87,0.43,0.88,0.81,0.25,0.48,0.49,132.8704580082558,151.4117500046268,697,1367
arguana,test,test-religion-yercfrggms-pro03a,0.45,0.82,0.17,0.39,0.85,0.24,0.27,0.55,0.65,132.70041695795953,134.7647089860402,740,1410
arguana,test,test-religion-yercfrggms-pro04a,0.21,0.87,0.9,0.24,0.9,0.85,0.3,0.79,0.83,119.55608398420736,145.28983301715925,727,1417
arguana,test,test-religion-yercfrggms-con02a,0.27,0.84,0.94,0.29,0.89,0.9,0.87,0.32,0.9,115.8800830016844,149.0975419874303,795,1474
arguana,test,test-religion-yercfrggms-con03a,0.17,0.82,0.93,0.25,0.87,0.91,0.75,0.64,0.86,135.3804999962449,121.9059590366669,703,1363
arguana,test,test-religion-yercfrggms-con01a,0.24,0.88,0.93,0.27,0.91,0.91,0.82,0.58,0.92,107.4009170406498,129.48862503981218,744,1387
arguana,test,test-religion-wcprrgrhbmi-pro02a,0.39,0.76,0.94,0.41,0.85,0.9,0.85,0.2,0.85,137.90312502533197,181.24004203127697,676,1292
arguana,test,test-religion-wcprrgrhbmi-pro01a,0.42,0.79,0.78,0.34,0.86,0.75,0.56,0.71,0.87,118.82179201347753,116.72329198336229,737,1380
arguana,test,test-religion-wcprrgrhbmi-pro03a,0.27,0.82,0.92,0.29,0.89,0.88,0.47,0.51,0.69,110.7882079668343,201.92566700279713,722,1330
arguana,test,test-religion-wcprrgrhbmi-con02a,0.42,0.8,0.66,0.35,0.89,0.67,0.78,0.2,0.87,129.10374999046326,255.5554160499014,654,1300
arguana,test,test-religion-wcprrgrhbmi-con03a,0.21,0.82,0.92,0.31,0.87,0.88,0.17,0.86,0.78,103.49987499648705,185.085125034675,666,1311
arguana,test,test-religion-wcprrgrhbmi-con01a,0.55,0.78,0.88,0.49,0.85,0.85,0.44,0.89,0.87,136.13245799206197,109.18174998369068,746,1395
arguana,test,test-religion-cmrsgfhbr-pro02a,0.27,0.77,0.91,0.36,0.83,0.88,0.16,0.84,0.66,115.39895902387798,176.00604199105874,719,1380
arguana,test,test-religion-cmrsgfhbr-pro01a,0.44,0.8,0.84,0.41,0.86,0.82,0.7,0.22,0.79,125.90479198843241,135.20287501160055,778,1458
arguana,test,test-religion-cmrsgfhbr-pro03a,0.38,0.77,0.91,0.39,0.86,0.92,0.22,0.77,0.72,134.75708302576095,111.35258397553116,759,1451
arguana,test,test-religion-cmrsgfhbr-con02a,0.55,0.79,0.51,0.43,0.79,0.59,0.25,0.64,0.59,141.29945798777044,116.17929197382182,743,1421
arguana,test,test-religion-cmrsgfhbr-con03a,0.73,0.78,0.44,0.66,0.84,0.38,0.3,0.87,0.9,146.61854202859104,217.59962500073016,741,1387
arguana,test,test-religion-cmrsgfhbr-con01a,0.37,0.77,0.93,0.35,0.83,0.94,0.62,0.21,0.71,140.03762503853068,114.93874998996034,760,1434
arguana,test,test-religion-grcrgshwbr-pro02a,0.38,0.73,0.91,0.38,0.74,0.89,0.86,0.4,0.93,122.49358400003985,159.86549999797717,714,1404
arguana,test,test-religion-grcrgshwbr-pro05a,0.47,0.82,0.92,0.45,0.8,0.93,0.65,0.34,0.76,110.01270904671401,120.60079199727625,708,1373
arguana,test,test-religion-grcrgshwbr-pro01a,0.47,0.75,0.94,0.48,0.79,0.94,0.59,0.6,0.86,163.67758403066546,122.990874981042,714,1369
arguana,test,test-religion-grcrgshwbr-pro03a,0.39,0.81,0.93,0.43,0.81,0.93,0.74,0.45,0.89,117.43716598721221,167.67620801692829,749,1392
arguana,test,test-religion-grcrgshwbr-pro04a,0.3,0.79,0.9,0.36,0.82,0.89,0.85,0.21,0.93,105.92983296373859,124.28366701351479,686,1333
arguana,test,test-religion-grcrgshwbr-con02a,0.63,0.76,0.92,0.52,0.79,0.93,0.46,0.66,0.77,132.07537500420585,130.05541602615267,651,1305
arguana,test,test-religion-grcrgshwbr-con04a,0.47,0.81,0.87,0.57,0.81,0.73,0.7,0.4,0.86,99.32758298236877,148.50174996536225,682,1346
arguana,test,test-religion-grcrgshwbr-con03a,0.48,0.79,0.93,0.48,0.85,0.93,0.83,0.1,0.86,144.37587501015514,140.3510409872979,724,1389
arguana,test,test-religion-grcrgshwbr-con01a,0.45,0.82,0.85,0.39,0.85,0.87,0.82,0.26,0.86,112.35354101518169,139.28399997530505,679,1358
arguana,test,test-religion-msgfhwbamec-pro02a,0.55,0.8,0.82,0.59,0.87,0.81,0.42,0.58,0.72,116.30162503570318,128.29324998892844,755,1406
arguana,test,test-religion-msgfhwbamec-pro01a,0.32,0.81,0.94,0.44,0.89,0.9,0.36,0.55,0.59,113.1270420155488,201.10212499275804,727,1375
arguana,test,test-religion-msgfhwbamec-pro03a,0.33,0.82,0.92,0.41,0.88,0.89,0.75,0.28,0.83,212.2285829973407,175.3597499919124,748,1410
arguana,test,test-religion-msgfhwbamec-con02a,0.38,0.82,0.89,0.41,0.89,0.85,0.25,0.82,0.83,137.60037499014288,127.49591597821563,731,1378
arguana,test,test-religion-msgfhwbamec-con03a,0.36,0.82,0.79,0.34,0.88,0.79,0.69,0.75,0.84,114.60662499302998,115.76775001594797,726,1378
arguana,test,test-religion-msgfhwbamec-con01a,0.35,0.84,0.49,0.38,0.89,0.43,0.23,0.42,0.5,278.74824998434633,117.95579100726172,732,1383
arguana,test,test-science-ciidfaihwc-pro02a,0.38,0.84,0.71,0.36,0.9,0.62,0.56,0.5,0.63,156.59504104405642,124.41595800919458,747,1400
arguana,test,test-science-ciidfaihwc-pro01a,0.39,0.82,0.75,0.44,0.88,0.49,0.78,0.29,0.84,120.31620898051187,138.67362501332536,748,1425
arguana,test,test-science-ciidfaihwc-pro03a,0.45,0.82,0.95,0.36,0.87,0.93,0.7,0.61,0.82,107.8729999717325,116.7873339727521,783,1488
arguana,test,test-science-ciidfaihwc-pro04a,0.52,0.82,0.49,0.46,0.89,0.7,0.63,0.39,0.63,157.83608303172514,133.36454099044204,809,1416
arguana,test,test-science-ciidfaihwc-con02a,0.44,0.82,0.87,0.5,0.88,0.82,0.57,0.75,0.77,120.43662503128871,120.13841600855812,785,1420
arguana,test,test-science-ciidfaihwc-con03a,0.41,0.86,0.86,0.44,0.89,0.82,0.22,0.6,0.45,117.27979098213837,111.8107499787584,736,1391
arguana,test,test-science-ciidfaihwc-con01a,0.36,0.87,0.14,0.33,0.88,0.16,0.8,0.29,0.86,121.9753340119496,159.47454195702448,697,1369
arguana,test,test-science-eassgbatj-pro02a,0.36,0.84,0.43,0.26,0.85,0.6,0.76,0.42,0.88,110.17266701674089,131.5600410453044,632,1291
arguana,test,test-science-eassgbatj-pro05a,0.67,0.79,0.95,0.49,0.83,0.95,0.52,0.69,0.82,117.88974999217317,153.53274997323751,589,1191
arguana,test,test-science-eassgbatj-pro01a,0.46,0.8,0.23,0.46,0.8,0.52,0.72,0.49,0.88,148.40854203794152,129.93554200511426,679,1328
arguana,test,test-science-eassgbatj-pro03a,0.37,0.8,0.25,0.41,0.84,0.34,0.75,0.29,0.85,115.34895794466138,148.84745801100507,631,1243
arguana,test,test-science-eassgbatj-pro04a,0.65,0.8,0.67,0.5,0.73,0.88,0.71,0.54,0.89,141.4711669785902,153.2939170137979,598,1211
arguana,test,test-science-eassgbatj-con02a,0.38,0.82,0.8,0.37,0.83,0.87,0.75,0.36,0.89,124.86174999503419,143.76454200828448,591,1168
arguana,test,test-science-eassgbatj-con05a,0.53,0.8,0.18,0.41,0.83,0.24,0.92,0.25,0.93,117.51229199580848,162.43258299073204,612,1233
arguana,test,test-science-eassgbatj-con04a,0.56,0.8,0.92,0.49,0.83,0.93,0.75,0.56,0.91,132.13575002737343,252.1017499966547,590,1209
arguana,test,test-science-eassgbatj-con03a,0.43,0.81,0.14,0.4,0.82,0.34,0.86,0.25,0.89,175.8970000082627,169.6979579865001,619,1234
arguana,test,test-science-eassgbatj-con01a,0.47,0.82,0.2,0.41,0.86,0.28,0.71,0.57,0.88,123.52962500881404,130.74483297532424,590,1188
arguana,test,test-science-cpisydfphwj-pro02a,0.77,0.71,0.92,0.69,0.81,0.91,0.45,0.26,0.6,124.08824998419732,228.98570803226903,736,1419
arguana,test,test-science-cpisydfphwj-pro01a,0.5,0.81,0.85,0.55,0.86,0.83,0.49,0.29,0.61,110.43995898216963,123.9430420100689,745,1407
arguana,test,test-science-cpisydfphwj-pro03a,0.51,0.82,0.92,0.56,0.84,0.9,0.61,0.38,0.78,157.55691594677046,124.71554201329127,752,1401
arguana,test,test-science-cpisydfphwj-con02a,0.36,0.75,0.8,0.43,0.83,0.85,0.54,0.22,0.74,129.73779102321714,185.1594170439057,739,1397
arguana,test,test-science-cpisydfphwj-con03a,0.29,0.84,0.89,0.27,0.88,0.87,0.6,0.19,0.68,131.94574997760355,166.2147089955397,730,1392
arguana,test,test-science-cpisydfphwj-con01a,0.29,0.83,0.82,0.3,0.88,0.83,0.44,0.29,0.51,125.48600003356114,126.40508398180827,755,1397
arguana,test,test-science-wsihwclscaaw-pro02a,0.51,0.79,0.92,0.47,0.87,0.91,0.78,0.28,0.87,124.240540957544,157.70904097007588,750,1415
arguana,test,test-science-wsihwclscaaw-pro01a,0.37,0.81,0.94,0.37,0.87,0.91,0.86,0.23,0.91,159.08337500877678,185.07904198486358,733,1399
arguana,test,test-science-wsihwclscaaw-pro03a,0.42,0.83,0.87,0.49,0.88,0.83,0.59,0.57,0.85,141.62062504328787,193.41983302729204,715,1347
arguana,test,test-science-wsihwclscaaw-con02a,0.31,0.79,0.64,0.47,0.86,0.46,0.12,0.88,0.79,145.18383296672255,123.77725000260398,692,1358
arguana,test,test-science-wsihwclscaaw-con03a,0.58,0.76,0.94,0.63,0.84,0.92,0.43,0.6,0.65,123.28004097798839,130.5827500182204,736,1393
arguana,test,test-science-wsihwclscaaw-con01a,0.36,0.77,0.94,0.48,0.85,0.89,0.11,0.91,0.86,134.73937497474253,202.64762494480237,726,1378
arguana,test,test-science-nsihwbtiss-pro02a,0.24,0.83,0.88,0.24,0.88,0.86,0.23,0.89,0.87,110.26862496510148,136.1280829878524,670,1281
arguana,test,test-science-nsihwbtiss-pro01a,0.2,0.84,0.95,0.32,0.87,0.91,0.34,0.54,0.74,118.70075005572289,156.16929199313745,729,1385
arguana,test,test-science-nsihwbtiss-pro03a,0.39,0.81,0.35,0.34,0.9,0.37,0.23,0.71,0.74,116.0589589853771,174.7210419853218,629,1167
arguana,test,test-science-nsihwbtiss-pro04a,0.36,0.82,0.83,0.35,0.86,0.75,0.12,0.87,0.7,116.79200001526624,134.35250002657995,771,1373
arguana,test,test-science-nsihwbtiss-con02a,0.31,0.83,0.87,0.29,0.9,0.76,0.11,0.89,0.65,147.08983298623934,256.69420801568776,662,1304
arguana,test,test-science-nsihwbtiss-con04a,0.62,0.81,0.52,0.4,0.89,0.35,0.1,0.93,0.93,181.36600003344938,200.47924999380484,625,1242
arguana,test,test-science-nsihwbtiss-con03a,0.54,0.8,0.87,0.51,0.88,0.83,0.22,0.8,0.69,120.46529201325029,163.21029199752957,693,1340
arguana,test,test-science-nsihwbtiss-con01a,0.56,0.76,0.92,0.61,0.86,0.88,0.41,0.59,0.67,126.08504097443074,153.92762498231605,743,1392
arguana,test,test-science-dssghsdmd-pro02a,0.37,0.77,0.94,0.39,0.86,0.91,0.47,0.29,0.78,192.8095420007594,149.55662499414757,751,1406
arguana,test,test-science-dssghsdmd-pro01a,0.42,0.81,0.91,0.36,0.84,0.92,0.12,0.91,0.88,137.63529201969504,115.60983303934336,741,1399
arguana,test,test-science-dssghsdmd-pro03a,0.52,0.77,0.96,0.44,0.88,0.96,0.24,0.78,0.7,115.9067089902237,157.5353750376962,769,1456
arguana,test,test-science-dssghsdmd-pro04a,0.34,0.79,0.9,0.29,0.89,0.87,0.29,0.92,0.91,115.22499995771796,170.51820800406858,730,1408
arguana,test,test-science-dssghsdmd-con02a,0.4,0.73,0.95,0.39,0.87,0.93,0.16,0.58,0.44,124.17845899472013,184.99983299989253,739,1412
arguana,test,test-science-dssghsdmd-con03a,0.25,0.82,0.9,0.2,0.89,0.87,0.87,0.08,0.92,133.39549995725974,175.4977090167813,690,1354
arguana,test,test-science-dssghsdmd-con01a,0.42,0.77,0.97,0.35,0.83,0.96,0.29,0.77,0.89,115.28774996986613,152.17012498760596,785,1474
arguana,test,test-science-ascidfakhba-pro02a,0.55,0.81,0.93,0.42,0.8,0.94,0.75,0.44,0.88,121.33891601115465,124.20362501870841,735,1384
arguana,test,test-science-ascidfakhba-pro01a,0.65,0.84,0.51,0.49,0.85,0.62,0.73,0.55,0.88,124.93425002321601,115.40558299748227,739,1392
arguana,test,test-science-ascidfakhba-pro03a,0.44,0.85,0.95,0.36,0.84,0.95,0.84,0.21,0.91,130.8473750250414,159.74087500944734,739,1364
arguana,test,test-science-ascidfakhba-pro04a,0.41,0.83,0.6,0.32,0.82,0.65,0.82,0.46,0.94,146.44070802023634,126.29158300114796,756,1433
arguana,test,test-science-ascidfakhba-con02a,0.59,0.83,0.36,0.47,0.81,0.43,0.54,0.62,0.86,128.31016699783504,146.8428749940358,730,1370
arguana,test,test-science-ascidfakhba-con04a,0.54,0.82,0.63,0.46,0.82,0.7,0.8,0.28,0.87,114.78920798981562,175.588832993526,679,1316
arguana,test,test-science-ascidfakhba-con03a,0.38,0.82,0.31,0.38,0.84,0.43,0.64,0.42,0.86,121.04724999517202,123.83516697445884,741,1384
arguana,test,test-science-ascidfakhba-con01a,0.44,0.82,0.66,0.37,0.86,0.68,0.72,0.5,0.9,175.00833398662508,114.3242500256747,741,1398
arguana,test,test-science-sghwbdgmo-pro02a,0.35,0.81,0.94,0.44,0.88,0.9,0.14,0.69,0.42,129.45879198377952,133.64575000014156,775,1438
arguana,test,test-science-sghwbdgmo-pro01a,0.47,0.8,0.94,0.46,0.86,0.89,0.44,0.46,0.64,150.21795796928927,114.90912496810779,766,1416
arguana,test,test-science-sghwbdgmo-pro03a,0.62,0.79,0.9,0.54,0.87,0.83,0.41,0.44,0.58,114.86062500625849,147.1437090076506,747,1411
arguana,test,test-science-sghwbdgmo-con02a,0.44,0.82,0.94,0.49,0.89,0.89,0.72,0.38,0.82,112.78079199837521,153.00325001589954,754,1411
arguana,test,test-science-sghwbdgmo-con03a,0.41,0.85,0.94,0.36,0.88,0.86,0.52,0.25,0.79,118.22683300124481,161.86387499328703,746,1408
arguana,test,test-science-sghwbdgmo-con01a,0.47,0.82,0.84,0.44,0.9,0.77,0.69,0.22,0.81,111.5801670239307,122.77854199055582,710,1373
arguana,test,test-society-tsmihwurpp-pro02a,0.39,0.78,0.93,0.42,0.85,0.93,0.63,0.66,0.88,107.89633297827095,120.98737503401935,734,1437
arguana,test,test-society-tsmihwurpp-pro01a,0.24,0.82,0.24,0.31,0.88,0.22,0.91,0.45,0.93,121.61095801275223,131.33950001792982,688,1347
arguana,test,test-society-tsmihwurpp-pro03a,0.37,0.79,0.92,0.39,0.88,0.91,0.73,0.78,0.83,140.2065419824794,153.7051250343211,667,1365
arguana,test,test-society-tsmihwurpp-con02a,0.38,0.81,0.79,0.29,0.88,0.71,0.93,0.18,0.95,128.20099998498335,135.35416597733274,737,1406
arguana,test,test-society-tsmihwurpp-con03a,0.26,0.85,0.7,0.28,0.88,0.65,0.79,0.19,0.87,136.1275830422528,119.08258299808949,657,1324
arguana,test,test-society-tsmihwurpp-con01a,0.4,0.83,0.76,0.33,0.88,0.67,0.83,0.17,0.87,133.18875001277775,121.30320799769834,642,1342
arguana,test,test-society-cpisydfphwj-pro02a,0.77,0.71,0.92,0.69,0.78,0.92,0.48,0.49,0.61,124.08824998419732,119.61795797105879,736,1421
arguana,test,test-society-cpisydfphwj-pro01a,0.5,0.81,0.85,0.52,0.83,0.82,0.59,0.19,0.7,110.43995898216963,121.15737498970702,745,1396
arguana,test,test-society-cpisydfphwj-pro03a,0.51,0.82,0.92,0.47,0.85,0.93,0.84,0.21,0.89,157.55691594677046,134.95087501360103,752,1404
arguana,test,test-society-cpisydfphwj-con02a,0.36,0.75,0.8,0.4,0.81,0.83,0.63,0.4,0.69,129.73779102321714,115.84608402336016,739,1380
arguana,test,test-society-cpisydfphwj-con03a,0.29,0.84,0.89,0.24,0.87,0.9,0.8,0.31,0.82,131.94574997760355,118.06354200234637,730,1380
arguana,test,test-society-cpisydfphwj-con01a,0.29,0.83,0.82,0.27,0.86,0.87,0.82,0.18,0.81,125.48600003356114,127.11533403489739,755,1409
arguana,test,test-society-ghbgqeaaems-pro02a,0.39,0.77,0.93,0.4,0.84,0.94,0.85,0.22,0.9,116.93016701610759,113.83158300304785,747,1406
arguana,test,test-society-ghbgqeaaems-pro01a,0.59,0.81,0.85,0.42,0.88,0.83,0.61,0.56,0.7,146.44174999557436,120.91749999672174,674,1281
arguana,test,test-society-ghbgqeaaems-pro03a,0.36,0.77,0.86,0.39,0.83,0.78,0.3,0.54,0.59,121.41070899087936,130.36012498196214,756,1424
arguana,test,test-society-ghbgqeaaems-pro04a,0.48,0.81,0.94,0.45,0.86,0.92,0.61,0.29,0.86,155.62329202657565,206.16800000425428,749,1410
arguana,test,test-society-ghbgqeaaems-con02a,0.39,0.84,0.91,0.31,0.89,0.91,0.54,0.35,0.7,152.7344590285793,175.2605409710668,742,1384
arguana,test,test-society-ghbgqeaaems-con03a,0.59,0.76,0.92,0.52,0.89,0.91,0.27,0.7,0.63,148.02758302539587,170.3095420380123,761,1398
arguana,test,test-society-ghbgqeaaems-con01a,0.34,0.85,0.96,0.42,0.89,0.94,0.27,0.8,0.66,162.1163749950938,191.28749996889383,765,1446
arguana,test,test-society-mmcpsgfhbf-pro02a,0.36,0.83,0.26,0.32,0.89,0.35,0.79,0.77,0.83,109.89112500101328,167.40862501319498,635,1297
arguana,test,test-society-mmcpsgfhbf-pro01a,0.22,0.85,0.88,0.26,0.88,0.86,0.88,0.13,0.89,107.30041598435491,139.75754100829363,736,1428
arguana,test,test-society-mmcpsgfhbf-pro03a,0.34,0.79,0.17,0.38,0.85,0.24,0.15,0.81,0.69,155.5549170006998,114.84316701535136,697,1368
arguana,test,test-society-mmcpsgfhbf-pro04a,0.42,0.77,0.89,0.41,0.83,0.85,0.38,0.26,0.66,111.53641605051234,131.5017500310205,771,1433
arguana,test,test-society-mmcpsgfhbf-con02a,0.44,0.8,0.9,0.49,0.88,0.84,0.71,0.33,0.77,118.23354102671146,128.1295419903472,773,1456
arguana,test,test-society-mmcpsgfhbf-con04a,0.32,0.84,0.9,0.36,0.87,0.89,0.24,0.87,0.9,143.40087497839704,126.5755410422571,720,1360
arguana,test,test-society-mmcpsgfhbf-con03a,0.35,0.83,0.32,0.37,0.88,0.3,0.49,0.41,0.72,134.42337501328439,134.80604096548632,749,1424
arguana,test,test-society-mmcpsgfhbf-con01a,0.4,0.84,0.33,0.28,0.9,0.32,0.59,0.71,0.83,127.30866699712351,123.56937502045184,685,1357
arguana,test,test-society-epiasghbf-pro02a,0.55,0.6,0.64,0.57,0.66,0.65,0.81,0.14,0.87,175.2011670032516,145.5228750128299,676,1340
arguana,test,test-society-epiasghbf-pro01a,0.53,0.77,0.81,0.57,0.79,0.78,0.89,0.15,0.9,131.8334160023369,119.56016696058214,711,1428
arguana,test,test-society-epiasghbf-pro03a,0.62,0.74,0.9,0.59,0.79,0.91,0.9,0.14,0.92,108.2775840186514,128.46174999140203,664,1334
arguana,test,test-society-epiasghbf-con02a,0.51,0.83,0.86,0.42,0.85,0.81,0.85,0.1,0.88,126.42154202330858,126.17895798757672,688,1342
arguana,test,test-society-epiasghbf-con04a,0.6,0.75,0.94,0.53,0.74,0.95,0.44,0.16,0.49,255.12487499509007,127.83833302091807,639,1352
arguana,test,test-society-epiasghbf-con03a,0.83,0.7,0.89,0.75,0.83,0.92,0.69,0.28,0.81,152.5835000211373,116.1308329901658,638,1242
arguana,test,test-society-epiasghbf-con01a,0.53,0.8,0.94,0.45,0.84,0.94,0.41,0.51,0.77,122.58570897392929,128.49691696465015,658,1291
arguana,test,test-society-asfhwapg-pro02a,0.57,0.76,0.95,0.61,0.86,0.94,0.13,0.6,0.52,118.34024998825043,159.0985000366345,738,1411
arguana,test,test-society-asfhwapg-pro01a,0.52,0.8,0.89,0.54,0.84,0.85,0.72,0.45,0.83,204.64466599514708,123.54379199678078,722,1390
arguana,test,test-society-asfhwapg-con02a,0.35,0.8,0.94,0.39,0.87,0.95,0.67,0.32,0.81,126.1037079966627,124.75279101636261,743,1396
arguana,test,test-society-asfhwapg-con04a,0.56,0.71,0.94,0.47,0.86,0.94,0.12,0.69,0.28,124.3943750159815,131.52591598918661,735,1389
arguana,test,test-society-asfhwapg-con03a,0.47,0.75,0.95,0.51,0.84,0.93,0.55,0.6,0.67,129.13508299971,118.65712504368275,757,1426
arguana,test,test-society-asfhwapg-con01a,0.29,0.83,0.96,0.3,0.89,0.94,0.53,0.64,0.83,141.9805419864133,160.84741696249694,770,1429
arguana,test,test-society-simhbrasnba-pro02a,0.33,0.87,0.86,0.36,0.89,0.76,0.33,0.61,0.7,109.57874997984618,126.45491701550782,688,1334
arguana,test,test-society-simhbrasnba-pro01a,0.38,0.81,0.92,0.39,0.9,0.85,0.73,0.59,0.86,124.48175001190975,123.0027920100838,741,1389
arguana,test,test-society-simhbrasnba-pro03a,0.64,0.82,0.34,0.45,0.88,0.2,0.74,0.64,0.92,145.46816603979096,120.20699999993667,640,1298
arguana,test,test-society-simhbrasnba-con02a,0.28,0.79,0.96,0.45,0.85,0.91,0.41,0.15,0.59,106.64383298717439,120.3348750132136,675,1334
arguana,test,test-society-simhbrasnba-con03a,0.71,0.81,0.14,0.49,0.87,0.16,0.58,0.75,0.91,130.66920801065862,161.4102500025183,659,1312
arguana,test,test-society-simhbrasnba-con01a,0.5,0.79,0.91,0.64,0.84,0.86,0.25,0.83,0.76,167.98220801865682,122.43929196847603,722,1381
arguana,test,test-society-tlhrilsfhwr-pro02a,0.77,0.66,0.95,0.74,0.74,0.95,0.53,0.2,0.57,125.87950000306591,148.64658296573907,750,1432
arguana,test,test-society-tlhrilsfhwr-pro01a,0.61,0.81,0.9,0.57,0.79,0.92,0.71,0.3,0.74,157.9261250444688,130.26299997000024,746,1395
arguana,test,test-society-tlhrilsfhwr-pro03a,0.57,0.65,0.96,0.62,0.71,0.95,0.5,0.39,0.71,157.49112499179319,111.06687498977408,751,1502
arguana,test,test-society-tlhrilsfhwr-pro04a,0.71,0.75,0.95,0.67,0.8,0.95,0.35,0.69,0.72,115.14487501699477,155.39349999744445,740,1394
arguana,test,test-society-tlhrilsfhwr-con02a,0.58,0.77,0.62,0.6,0.75,0.77,0.4,0.32,0.5,180.21262501133606,128.14899999648333,749,1405
arguana,test,test-society-tlhrilsfhwr-con03a,0.66,0.75,0.83,0.72,0.79,0.76,0.3,0.74,0.71,118.49112494383007,133.49720800761133,742,1401
arguana,test,test-society-tlhrilsfhwr-con01a,0.38,0.76,0.86,0.35,0.83,0.88,0.71,0.18,0.72,135.96154196420684,126.65145797654986,738,1377
arguana,test,test-society-epsihbdns-pro02a,0.44,0.84,0.8,0.35,0.86,0.63,0.85,0.15,0.91,126.59950001398101,157.15391701087356,756,1424
arguana,test,test-society-epsihbdns-pro01a,0.48,0.81,0.93,0.66,0.83,0.9,0.63,0.22,0.63,117.25508404197171,154.82120803790167,746,1398
arguana,test,test-society-epsihbdns-pro03a,0.52,0.85,0.85,0.48,0.86,0.9,0.74,0.28,0.84,128.81062499945983,129.0578340413049,751,1419
arguana,test,test-society-epsihbdns-pro04a,0.35,0.79,0.87,0.4,0.8,0.84,0.69,0.18,0.69,119.86375000560656,153.37341598933563,781,1444
arguana,test,test-society-epsihbdns-con02a,0.36,0.83,0.96,0.36,0.82,0.95,0.75,0.14,0.7,116.89641600241885,129.02133399620652,781,1443
arguana,test,test-society-epsihbdns-con04a,0.48,0.81,0.86,0.51,0.85,0.82,0.78,0.16,0.85,123.16079199081287,160.75279098004103,682,1334
arguana,test,test-society-epsihbdns-con03a,0.44,0.85,0.94,0.54,0.85,0.94,0.43,0.31,0.59,159.2780409846455,116.88049999065697,795,1463
arguana,test,test-society-epsihbdns-con01a,0.38,0.8,0.93,0.46,0.79,0.92,0.76,0.24,0.9,139.17620899155736,153.32766599021852,707,1352
