query_id,n_relevant,ndcg@1,ndcg@3,ndcg@5,ndcg@10,ndcg@20,ndcg@50,ndcg@100,recall@1,recall@3,recall@5,recall@10,recall@20,recall@50,recall@100,precision@1,precision@3,precision@5,precision@10,precision@20,precision@50,precision@100,mrr@1,mrr@3,mrr@5,mrr@10,mrr@20,mrr@50,mrr@100,map@1,map@3,map@5,map@10,map@20,map@50,map@100,first_relevant_rank
PLAIN-2,24,1.0,0.46927872602275644,0.48522855511632257,0.43121607905718395,0.3303925108261478,0.32227872672117375,0.32227872672117375,0.041666666666666664,0.041666666666666664,0.08333333333333333,0.125,0.125,0.16666666666666666,0.16666666666666666,1.0,0.3333333333333333,0.4,0.3,0.15,0.08,0.04,1.0,1.0,1.0,1.0,1.0,1.0,1.0,0.041666666666666664,0.041666666666666664,0.0625,0.08035714285714286,0.08035714285714286,0.08540764790764792,0.08540764790764792,1.0
PLAIN-12,30,0.0,0.0,0.0,0.0,0.0,0.0,0.012095113628497252,0.0,0.0,0.0,0.0,0.0,0.0,0.03333333333333333,0.0,0.0,0.0,0.0,0.0,0.0,0.01,0.0,0.0,0.0,0.0,0.0,0.0,0.011494252873563218,0.0,0.0,0.0,0.0,0.0,0.0,0.0003831417624521073,87.0
PLAIN-23,90,1.0,0.46927872602275644,0.3391602052736161,0.2532188780252747,0.1986415933732158,0.18723064062525527,0.15705562848494772,0.011111111111111112,0.011111111111111112,0.011111111111111112,0.022222222222222223,0.022222222222222223,0.05555555555555555,0.07777777777777778,1.0,0.3333333333333333,0.2,0.2,0.1,0.1,0.07,1.0,1.0,1.0,1.0,1.0,1.0,1.0,0.011111111111111112,0.011111111111111112,0.011111111111111112,0.013580246913580249,0.013580246913580249,0.017456390263407808,0.019745952552970097,1.0
PLAIN-33,32,0.0,0.0,0.0,0.07171242235367577,0.0961746838945901,0.07863366502010957,0.14793355968264352,0.0,0.0,0.0,0.03125,0.0625,0.0625,0.1875,0.0,0.0,0.0,0.1,0.1,0.04,0.06,0.0,0.0,0.0,0.125,0.125,0.125,0.125,0.0,0.0,0.0,0.00390625,0.00703125,0.00703125,0.014226531545655187,8.0
PLAIN-44,58,1.0,0.46927872602275644,0.4703652827859579,0.3988051495358983,0.3257367368479466,0.2317057321738064,0.25751440745811294,0.017241379310344827,0.017241379310344827,0.034482758620689655,0.05172413793103448,0.06896551724137931,0.10344827586206896,0.15517241379310345,1.0,0.3333333333333333,0.4,0.3,0.2,0.12,0.09,1.0,1.0,1.0,1.0,1.0,1.0,1.0,0.017241379310344827,0.017241379310344827,0.02413793103448276,0.03275862068965517,0.03681541582150101,0.042080265913937306,0.046861643097507004,1.0
PLAIN-56,50,1.0,0.8826803184943108,0.7529334028221761,0.5839008573337406,0.4320731572508849,0.2683628524318703,0.27906463947298843,0.02,0.06,0.08,0.08,0.08,0.08,0.1,1.0,1.0,0.8,0.4,0.2,0.08,0.05,1.0,1.0,1.0,1.0,1.0,1.0,1.0,0.02,0.06,0.076,0.076,0.076,0.076,0.07753846153846154,1.0
PLAIN-68,55,1.0,0.6387878864795979,0.5065267082131061,0.4150816930657179,0.37902412106436895,0.23342061316067161,0.24118692671423206,0.01818181818181818,0.01818181818181818,0.01818181818181818,0.03636363636363636,0.09090909090909091,0.10909090909090909,0.14545454545454545,1.0,0.3333333333333333,0.2,0.2,0.25,0.12,0.08,1.0,1.0,1.0,1.0,1.0,1.0,1.0,0.01818181818181818,0.01818181818181818,0.01818181818181818,0.022222222222222223,0.036004429319937345,0.039310214443904284,0.04281464651976494,1.0
PLAIN-78,62,0.0,0.0,0.0,0.04019569404504287,0.030494622373438512,0.03106741793303608,0.06319468790058651,0.0,0.0,0.0,0.016129032258064516,0.016129032258064516,0.03225806451612903,0.08064516129032258,0.0,0.0,0.0,0.1,0.05,0.04,0.05,0.0,0.0,0.0,0.125,0.125,0.125,0.125,0.0,0.0,0.0,0.0020161290322580645,0.0020161290322580645,0.0028432588916459884,0.005665379328893711,8.0
PLAIN-91,64,0.0,0.1480409554829326,0.10699313236726378,0.07425302840123008,0.08276285295103276,0.10277618554519564,0.1337737647583403,0.0,0.015625,0.015625,0.015625,0.03125,0.078125,0.140625,0.0,0.3333333333333333,0.2,0.1,0.1,0.1,0.09,0.0,0.5,0.5,0.5,0.5,0.5,0.5,0.0,0.0078125,0.0078125,0.0078125,0.010653409090909092,0.016746491355866356,0.024149968397595152,2.0
PLAIN-102,24,0.0,0.0,0.0,0.0,0.029518184316659587,0.026802029815670675,0.05853353922613812,0.0,0.0,0.0,0.0,0.041666666666666664,0.041666666666666664,0.08333333333333333,0.0,0.0,0.0,0.0,0.05,0.02,0.02,0.0,0.0,0.0,0.0,0.07142857142857142,0.07142857142857142,0.07142857142857142,0.0,0.0,0.0,0.0,0.002976190476190476,0.002976190476190476,0.0038442460317460315,14.0
PLAIN-112,56,1.0,0.8826803184943108,0.6827250156238165,0.6297212622378441,0.4941235110018986,0.30690264516738514,0.3077021027595204,0.017857142857142856,0.05357142857142857,0.05357142857142857,0.07142857142857142,0.08928571428571429,0.08928571428571429,0.125,1.0,1.0,0.6,0.4,0.25,0.1,0.07,1.0,1.0,1.0,1.0,1.0,1.0,1.0,0.017857142857142856,0.05357142857142857,0.05357142857142857,0.06547619047619048,0.07291666666666666,0.07291666666666666,0.0765422607399124,1.0
PLAIN-123,51,0.0,0.0,0.0,0.0,0.025389192195106398,0.027384347935273865,0.036955312050017154,0.0,0.0,0.0,0.0,0.0196078431372549,0.0392156862745098,0.058823529411764705,0.0,0.0,0.0,0.0,0.05,0.04,0.03,0.0,0.0,0.0,0.0,0.07692307692307693,0.07692307692307693,0.07692307692307693,0.0,0.0,0.0,0.0,0.0015082956259426848,0.002379755320931792,0.003196748784984079,13.0
PLAIN-133,36,0.0,0.0,0.0,0.0,0.0,0.026539551199517692,0.026539551199517692,0.0,0.0,0.0,0.0,0.0,0.027777777777777776,0.027777777777777776,0.0,0.0,0.0,0.0,0.0,0.02,0.01,0.0,0.0,0.0,0.0,0.0,0.02,0.02,0.0,0.0,0.0,0.0,0.0,0.0005555555555555556,0.0005555555555555556,50.0
PLAIN-143,51,1.0,0.6993694869720469,0.5745154706993483,0.4260967530293621,0.30341017613262955,0.20771234585853227,0.20523426271111803,0.0196078431372549,0.0392156862745098,0.0392156862745098,0.0392156862745098,0.0392156862745098,0.058823529411764705,0.058823529411764705,1.0,0.6666666666666666,0.4,0.2,0.1,0.06,0.03,1.0,1.0,1.0,1.0,1.0,1.0,1.0,0.0196078431372549,0.0392156862745098,0.0392156862745098,0.0392156862745098,0.0392156862745098,0.04089635854341737,0.04089635854341737,1.0
PLAIN-153,47,0.5,0.5209090851403014,0.6201049688401704,0.5660622441182099,0.4488892842386928,0.35872234066424347,0.3702756015716312,0.02127659574468085,0.0425531914893617,0.0851063829787234,0.1276595744680851,0.1702127659574468,0.2765957446808511,0.2978723404255319,1.0,0.6666666666666666,0.8,0.6,0.4,0.26,0.14,1.0,1.0,1.0,1.0,1.0,1.0,1.0,0.02127659574468085,0.0425531914893617,0.07553191489361702,0.11149949341438702,0.12921901123271257,0.16340180778693889,0.16678672074631992,1.0
PLAIN-165,36,0.0,0.11731968150568911,0.3355486684208325,0.34556085599907327,0.30672713822758346,0.22562823836087534,0.26387718850139097,0.0,0.027777777777777776,0.08333333333333333,0.1111111111111111,0.16666666666666666,0.16666666666666666,0.2222222222222222,0.0,0.3333333333333333,0.6,0.4,0.3,0.12,0.08,0.0,0.3333333333333333,0.3333333333333333,0.3333333333333333,0.3333333333333333,0.3333333333333333,0.3333333333333333,0.0,0.009259259259259259,0.03981481481481481,0.05216049382716049,0.07312008978675644,0.07312008978675644,0.07864815231375852,3.0
PLAIN-175,37,0.0,0.0,0.0,0.0,0.0,0.0,0.012614643161002767,0.0,0.0,0.0,0.0,0.0,0.0,0.02702702702702703,0.0,0.0,0.0,0.0,0.0,0.0,0.01,0.0,0.0,0.0,0.0,0.0,0.0,0.017241379310344827,0.0,0.0,0.0,0.0,0.0,0.0,0.00046598322460391424,58.0
PLAIN-186,24,0.0,0.0,0.0,0.06943122193677728,0.04480864360167173,0.03983635556421846,0.03983635556421846,0.0,0.0,0.0,0.041666666666666664,0.041666666666666664,0.041666666666666664,0.041666666666666664,0.0,0.0,0.0,0.1,0.05,0.02,0.01,0.0,0.0,0.0,0.125,0.125,0.125,0.125,0.0,0.0,0.0,0.005208333333333333,0.005208333333333333,0.005208333333333333,0.005208333333333333,8.0
PLAIN-196,69,1.0,0.46927872602275644,0.48522855511632257,0.38113435412202007,0.24597166752672073,0.1810875303454113,0.1650568576028871,0.014492753623188406,0.014492753623188406,0.028985507246376812,0.043478260869565216,0.043478260869565216,0.08695652173913043,0.11594202898550725,1.0,0.3333333333333333,0.4,0.3,0.15,0.12,0.08,1.0,1.0,1.0,1.0,1.0,1.0,1.0,0.014492753623188406,0.014492753623188406,0.021739130434782608,0.026570048309178744,0.026570048309178744,0.033553983807580415,0.03655162555202523,1.0
PLAIN-207,55,0.0,0.2960819109658652,0.21398626473452756,0.3421013776262554,0.2891560394591412,0.18867980371162937,0.2135828325802468,0.0,0.01818181818181818,0.01818181818181818,0.07272727272727272,0.10909090909090909,0.14545454545454545,0.2,0.0,0.3333333333333333,0.2,0.4,0.3,0.16,0.11,0.0,0.5,0.5,0.5,0.5,0.5,0.5,0.0,0.00909090909090909,0.00909090909090909,0.02761904761904762,0.039421280473912045,0.04800713905977064,0.0571358810804618,2.0
PLAIN-217,36,0.0,0.0,0.0,0.0,0.0,0.0,0.016123737405634362,0.0,0.0,0.0,0.0,0.0,0.0,0.027777777777777776,0.0,0.0,0.0,0.0,0.0,0.0,0.01,0.0,0.0,0.0,0.0,0.0,0.0,0.015873015873015872,0.0,0.0,0.0,0.0,0.0,0.0,0.0004409171075837742,63.0
PLAIN-227,40,0.0,0.0,0.0,0.0,0.0,0.0,0.029274334878225006,0.0,0.0,0.0,0.0,0.0,0.0,0.05,0.0,0.0,0.0,0.0,0.0,0.0,0.02,0.0,0.0,0.0,0.0,0.0,0.0,0.015625,0.0,0.0,0.0,0.0,0.0,0.0,0.001031650641025641,64.0
PLAIN-238,54,0.0,0.0,0.0,0.0,0.0,0.0,0.0,0.0,0.0,0.0,0.0,0.0,0.0,0.0,0.0,0.0,0.0,0.0,0.0,0.0,0.0,0.0,0.0,0.0,0.0,0.0,0.0,0.0,0.0,0.0,0.0,0.0,0.0,0.0,0.0,
PLAIN-248,31,0.0,0.0,0.14606834984270645,0.09478836436955079,0.061173315378031855,0.04600468191735098,0.06343242397868856,0.0,0.0,0.03225806451612903,0.03225806451612903,0.03225806451612903,0.03225806451612903,0.06451612903225806,0.0,0.0,0.2,0.1,0.05,0.02,0.02,0.0,0.0,0.25,0.25,0.25,0.25,0.25,0.0,0.0,0.008064516129032258,0.008064516129032258,0.008064516129032258,0.008064516129032258,0.008999532491818608,4.0
PLAIN-259,14,1.0,0.46927872602275644,0.48522855511632257,0.314880130667631,0.25496129603435685,0.25496129603435685,0.25496129603435685,0.07142857142857142,0.07142857142857142,0.14285714285714285,0.14285714285714285,0.14285714285714285,0.14285714285714285,0.14285714285714285,1.0,0.3333333333333333,0.4,0.2,0.1,0.04,0.02,1.0,1.0,1.0,1.0,1.0,1.0,1.0,0.07142857142857142,0.07142857142857142,0.10714285714285714,0.10714285714285714,0.10714285714285714,0.10714285714285714,0.10714285714285714,1.0
PLAIN-270,52,1.0,0.46927872602275644,0.3391602052736161,0.2200917662980802,0.17755004954207163,0.17554578737051385,0.1828823167365905,0.019230769230769232,0.019230769230769232,0.019230769230769232,0.019230769230769232,0.038461538461538464,0.1346153846153846,0.15384615384615385,1.0,0.3333333333333333,0.2,0.1,0.1,0.14,0.08,1.0,1.0,1.0,1.0,1.0,1.0,1.0,0.019230769230769232,0.019230769230769232,0.019230769230769232,0.019230769230769232,0.021794871794871794,0.03712808328192944,0.039100469869700644,1.0
PLAIN-280,20,0.0,0.2960819109658652,0.21398626473452756,0.13886244387355456,0.08961728720334346,0.14319533326678896,0.19179959542242017,0.0,0.05,0.05,0.05,0.05,0.15,0.25,0.0,0.3333333333333333,0.2,0.1,0.05,0.06,0.05,0.0,0.5,0.5,0.5,0.5,0.5,0.5,0.0,0.025,0.025,0.025,0.025,0.0314527027027027,0.03939941116665254,2.0
PLAIN-291,13,0.0,0.0,0.0,0.14279514403613736,0.12114863966309877,0.12114863966309877,0.1528907942284016,0.0,0.0,0.0,0.15384615384615385,0.15384615384615385,0.15384615384615385,0.23076923076923078,0.0,0.0,0.0,0.2,0.1,0.04,0.03,0.0,0.0,0.0,0.14285714285714285,0.14285714285714285,0.14285714285714285,0.14285714285714285,0.0,0.0,0.0,0.03021978021978022,0.03021978021978022,0.03021978021978022,0.034198560060629025,7.0
PLAIN-307,3,0.0,0.0,0.38364913903790027,0.5316900945208328,0.5316900945208328,0.5316900945208328,0.5316900945208328,0.0,0.0,0.6666666666666666,1.0,1.0,1.0,1.0,0.0,0.0,0.4,0.3,0.15,0.06,0.03,0.0,0.0,0.25,0.25,0.25,0.25,0.25,0.0,0.0,0.21666666666666667,0.3416666666666666,0.3416666666666666,0.3416666666666666,0.3416666666666666,4.0
PLAIN-320,42,0.0,0.0,0.13120507751234178,0.08514311764162101,0.08901156032796839,0.12280726875313219,0.16510092324679498,0.0,0.0,0.023809523809523808,0.023809523809523808,0.047619047619047616,0.14285714285714285,0.21428571428571427,0.0,0.0,0.2,0.1,0.1,0.12,0.09,0.0,0.0,0.2,0.2,0.2,0.2,0.2,0.0,0.0,0.004761904761904762,0.004761904761904762,0.007563025210084033,0.01956708185699782,0.02746044554218481,5.0
PLAIN-332,2,1.0,0.6131471927654584,0.6131471927654584,0.6131471927654584,0.6131471927654584,0.6131471927654584,0.6131471927654584,0.5,0.5,0.5,0.5,0.5,0.5,0.5,1.0,0.3333333333333333,0.2,0.1,0.05,0.02,0.01,1.0,1.0,1.0,1.0,1.0,1.0,1.0,0.5,0.5,0.5,0.5,0.5,0.5,0.5,1.0
PLAIN-344,61,1.0,0.5865984075284455,0.4239502565920201,0.3336884464926734,0.2502821305115238,0.24436276844057558,0.25601685525483764,0.01639344262295082,0.03278688524590164,0.03278688524590164,0.03278688524590164,0.03278688524590164,0.11475409836065574,0.16393442622950818,1.0,0.6666666666666666,0.4,0.2,0.1,0.14,0.1,1.0,1.0,1.0,1.0,1.0,1.0,1.0,0.01639344262295082,0.0273224043715847,0.0273224043715847,0.0273224043715847,0.0273224043715847,0.038796418559672835,0.04560544933332828,1.0
PLAIN-358,3,0.0,0.0,0.0,0.0,0.0,0.0,0.0,0.0,0.0,0.0,0.0,0.0,0.0,0.0,0.0,0.0,0.0,0.0,0.0,0.0,0.0,0.0,0.0,0.0,0.0,0.0,0.0,0.0,0.0,0.0,0.0,0.0,0.0,0.0,0.0,
PLAIN-371,2,0.0,0.0,0.0,0.0,0.0,0.0,0.0,0.0,0.0,0.0,0.0,0.0,0.0,0.0,0.0,0.0,0.0,0.0,0.0,0.0,0.0,0.0,0.0,0.0,0.0,0.0,0.0,0.0,0.0,0.0,0.0,0.0,0.0,0.0,0.0,
PLAIN-383,5,0.0,0.0,0.0,0.0,0.0,0.0,0.05127363304912773,0.0,0.0,0.0,0.0,0.0,0.0,0.2,0.0,0.0,0.0,0.0,0.0,0.0,0.01,0.0,0.0,0.0,0.0,0.0,0.0,0.010309278350515464,0.0,0.0,0.0,0.0,0.0,0.0,0.002061855670103093,97.0
PLAIN-395,3,0.0,0.0,0.0,0.0,0.0,0.0,0.0,0.0,0.0,0.0,0.0,0.0,0.0,0.0,0.0,0.0,0.0,0.0,0.0,0.0,0.0,0.0,0.0,0.0,0.0,0.0,0.0,0.0,0.0,0.0,0.0,0.0,0.0,0.0,0.0,
PLAIN-407,3,1.0,0.6387878864795979,0.6387878864795979,0.6387878864795979,0.6387878864795979,0.6387878864795979,0.6387878864795979,0.3333333333333333,0.3333333333333333,0.3333333333333333,0.3333333333333333,0.3333333333333333,0.3333333333333333,0.3333333333333333,1.0,0.3333333333333333,0.2,0.1,0.05,0.02,0.01,1.0,1.0,1.0,1.0,1.0,1.0,1.0,0.3333333333333333,0.3333333333333333,0.3333333333333333,0.3333333333333333,0.3333333333333333,0.3333333333333333,0.3333333333333333,1.0
PLAIN-418,3,1.0,0.5316519652587917,0.5316519652587917,0.7088692870117221,0.7088692870117221,0.7088692870117221,0.7088692870117221,0.3333333333333333,0.3333333333333333,0.3333333333333333,0.6666666666666666,0.6666666666666666,0.6666666666666666,0.6666666666666666,1.0,0.3333333333333333,0.2,0.2,0.1,0.04,0.02,1.0,1.0,1.0,1.0,1.0,1.0,1.0,0.3333333333333333,0.3333333333333333,0.3333333333333333,0.42857142857142855,0.42857142857142855,0.42857142857142855,0.42857142857142855,1.0
PLAIN-430,8,0.0,0.5307212739772434,0.38356636737133565,0.327714362946229,0.327714362946229,0.327714362946229,0.37202805761756835,0.0,0.25,0.25,0.25,0.25,0.25,0.375,0.0,0.6666666666666666,0.4,0.2,0.1,0.04,0.03,0.0,0.5,0.5,0.5,0.5,0.5,0.5,0.0,0.14583333333333331,0.14583333333333331,0.14583333333333331,0.14583333333333331,0.14583333333333331,0.14990942028985504,2.0
PLAIN-441,5,0.0,0.26582598262939583,0.21836974929469322,0.2841055939780194,0.2841055939780194,0.2841055939780194,0.42839719304143287,0.0,0.2,0.2,0.4,0.4,0.4,1.0,0.0,0.3333333333333333,0.2,0.2,0.1,0.04,0.05,0.0,0.3333333333333333,0.3333333333333333,0.3333333333333333,0.3333333333333333,0.3333333333333333,0.3333333333333333,0.0,0.06666666666666667,0.06666666666666667,0.11111111111111112,0.11111111111111112,0.11111111111111112,0.14586706880194839,3.0
PLAIN-457,5,0.0,0.0,0.0,0.0,0.0,0.0,0.0,0.0,0.0,0.0,0.0,0.0,0.0,0.0,0.0,0.0,0.0,0.0,0.0,0.0,0.0,0.0,0.0,0.0,0.0,0.0,0.0,0.0,0.0,0.0,0.0,0.0,0.0,0.0,0.0,
PLAIN-468,10,0.0,0.26582598262939583,0.21836974929469322,0.16195671984435941,0.16195671984435941,0.16195671984435941,0.16195671984435941,0.0,0.1,0.1,0.1,0.1,0.1,0.1,0.0,0.3333333333333333,0.2,0.1,0.05,0.02,0.01,0.0,0.3333333333333333,0.3333333333333333,0.3333333333333333,0.3333333333333333,0.3333333333333333,0.3333333333333333,0.0,0.03333333333333333,0.03333333333333333,0.03333333333333333,0.03333333333333333,0.03333333333333333,0.03333333333333333,3.0
PLAIN-478,1,0.0,0.0,0.0,0.0,0.0,0.0,0.0,0.0,0.0,0.0,0.0,0.0,0.0,0.0,0.0,0.0,0.0,0.0,0.0,0.0,0.0,0.0,0.0,0.0,0.0,0.0,0.0,0.0,0.0,0.0,0.0,0.0,0.0,0.0,0.0,
PLAIN-488,15,1.0,1.0,0.7227265726449519,0.6117952373568122,0.519057646766352,0.6233904206965175,0.6233904206965175,0.06666666666666667,0.2,0.2,0.3333333333333333,0.4,0.6,0.6,1.0,1.0,0.6,0.5,0.3,0.18,0.09,1.0,1.0,1.0,1.0,1.0,1.0,1.0,0.06666666666666667,0.2,0.2,0.27976190476190477,0.31053113553113554,0.36516814882172527,0.36516814882172527,1.0
PLAIN-499,34,0.0,0.0,0.0,0.0,0.0,0.039769405855545815,0.07308096207726267,0.0,0.0,0.0,0.0,0.0,0.058823529411764705,0.11764705882352941,0.0,0.0,0.0,0.0,0.0,0.04,0.04,0.0,0.0,0.0,0.0,0.0,0.038461538461538464,0.038461538461538464,0.0,0.0,0.0,0.0,0.0,0.0025659419490122503,0.0057101996520934825,26.0
PLAIN-510,6,0.0,0.0,0.0,0.0,0.0,0.0,0.049205667748365226,0.0,0.0,0.0,0.0,0.0,0.0,0.16666666666666666,0.0,0.0,0.0,0.0,0.0,0.0,0.01,0.0,0.0,0.0,0.0,0.0,0.0,0.014285714285714285,0.0,0.0,0.0,0.0,0.0,0.0,0.0023809523809523807,70.0
PLAIN-520,1,0.0,0.0,0.0,0.0,0.0,0.0,0.0,0.0,0.0,0.0,0.0,0.0,0.0,0.0,0.0,0.0,0.0,0.0,0.0,0.0,0.0,0.0,0.0,0.0,0.0,0.0,0.0,0.0,0.0,0.0,0.0,0.0,0.0,0.0,0.0,
PLAIN-531,308,1.0,0.46927872602275644,0.48522855511632257,0.314880130667631,0.2387233649201035,0.2501250551372526,0.20855572670078026,0.003246753246753247,0.003246753246753247,0.006493506493506494,0.006493506493506494,0.00974025974025974,0.03571428571428571,0.05844155844155844,1.0,0.3333333333333333,0.4,0.2,0.15,0.22,0.18,1.0,1.0,1.0,1.0,1.0,1.0,1.0,0.003246753246753247,0.003246753246753247,0.00487012987012987,0.00487012987012987,0.00551948051948052,0.010766908662256427,0.015629428534657607,1.0
PLAIN-541,6,0.0,0.0,0.0,0.0,0.07001560573318603,0.07001560573318603,0.07001560573318603,0.0,0.0,0.0,0.0,0.16666666666666666,0.16666666666666666,0.16666666666666666,0.0,0.0,0.0,0.0,0.05,0.02,0.01,0.0,0.0,0.0,0.0,0.05263157894736842,0.05263157894736842,0.05263157894736842,0.0,0.0,0.0,0.0,0.008771929824561403,0.008771929824561403,0.008771929824561403,19.0
PLAIN-551,2,0.0,0.0,0.0,0.0,0.0,0.0,0.0961793569072736,0.0,0.0,0.0,0.0,0.0,0.0,0.5,0.0,0.0,0.0,0.0,0.0,0.0,0.01,0.0,0.0,0.0,0.0,0.0,0.0,0.012195121951219513,0.0,0.0,0.0,0.0,0.0,0.0,0.006097560975609756,82.0
PLAIN-561,25,1.0,0.7653606369886217,0.5531464700081437,0.42520843362602384,0.27441563935203234,0.2596006937688034,0.2596006937688034,0.04,0.08,0.08,0.12,0.12,0.16,0.16,1.0,0.6666666666666666,0.4,0.3,0.15,0.08,0.04,1.0,1.0,1.0,1.0,1.0,1.0,1.0,0.04,0.08,0.08,0.09333333333333334,0.09333333333333334,0.09673758865248228,0.09673758865248228,1.0
PLAIN-571,7,1.0,0.7653606369886217,0.6843515475204855,0.5546406709327603,0.5546406709327603,0.5546406709327603,0.5546406709327603,0.14285714285714285,0.2857142857142857,0.42857142857142855,0.42857142857142855,0.42857142857142855,0.42857142857142855,0.42857142857142855,1.0,0.6666666666666666,0.6,0.3,0.15,0.06,0.03,1.0,1.0,1.0,1.0,1.0,1.0,1.0,0.14285714285714285,0.2857142857142857,0.37142857142857144,0.37142857142857144,0.37142857142857144,0.37142857142857144,0.37142857142857144,1.0
PLAIN-583,44,0.0,0.0,0.0,0.0,0.0,0.0,0.0,0.0,0.0,0.0,0.0,0.0,0.0,0.0,0.0,0.0,0.0,0.0,0.0,0.0,0.0,0.0,0.0,0.0,0.0,0.0,0.0,0.0,0.0,0.0,0.0,0.0,0.0,0.0,0.0,
PLAIN-593,3,0.0,0.0,0.0,0.0,0.0,0.08448487161763943,0.08448487161763943,0.0,0.0,0.0,0.0,0.0,0.3333333333333333,0.3333333333333333,0.0,0.0,0.0,0.0,0.0,0.02,0.01,0.0,0.0,0.0,0.0,0.0,0.021739130434782608,0.021739130434782608,0.0,0.0,0.0,0.0,0.0,0.007246376811594203,0.007246376811594203,46.0
PLAIN-603,1,0.0,0.0,0.0,0.0,0.0,0.0,0.0,0.0,0.0,0.0,0.0,0.0,0.0,0.0,0.0,0.0,0.0,0.0,0.0,0.0,0.0,0.0,0.0,0.0,0.0,0.0,0.0,0.0,0.0,0.0,0.0,0.0,0.0,0.0,0.0,
PLAIN-613,10,0.0,0.0,0.0,0.0,0.0,0.0,0.0,0.0,0.0,0.0,0.0,0.0,0.0,0.0,0.0,0.0,0.0,0.0,0.0,0.0,0.0,0.0,0.0,0.0,0.0,0.0,0.0,0.0,0.0,0.0,0.0,0.0,0.0,0.0,0.0,
PLAIN-623,41,0.0,0.0,0.0,0.06625422345438904,0.08114295068041447,0.050660140687193767,0.050660140687193767,0.0,0.0,0.0,0.024390243902439025,0.04878048780487805,0.04878048780487805,0.04878048780487805,0.0,0.0,0.0,0.1,0.1,0.04,0.02,0.0,0.0,0.0,0.1111111111111111,0.1111111111111111,0.1111111111111111,0.1111111111111111,0.0,0.0,0.0,0.0027100271002710027,0.006775067750677507,0.006775067750677507,0.006775067750677507,9.0
PLAIN-634,21,1.0,0.46927872602275644,0.3391602052736161,0.29849003527675555,0.19263572260827433,0.21397817309254763,0.21397817309254763,0.047619047619047616,0.047619047619047616,0.047619047619047616,0.09523809523809523,0.09523809523809523,0.14285714285714285,0.14285714285714285,1.0,0.3333333333333333,0.2,0.2,0.1,0.06,0.03,1.0,1.0,1.0,1.0,1.0,1.0,1.0,0.047619047619047616,0.047619047619047616,0.047619047619047616,0.06349206349206349,0.06349206349206349,0.0679563492063492,0.0679563492063492,1.0
PLAIN-645,29,0.0,0.0,0.0,0.0,0.0,0.0,0.0,0.0,0.0,0.0,0.0,0.0,0.0,0.0,0.0,0.0,0.0,0.0,0.0,0.0,0.0,0.0,0.0,0.0,0.0,0.0,0.0,0.0,0.0,0.0,0.0,0.0,0.0,0.0,0.0,
PLAIN-660,475,1.0,0.46927872602275644,0.48522855511632257,0.46270962158308365,0.40886861765031396,0.3451934595398025,0.2573332516305931,0.002105263157894737,0.002105263157894737,0.004210526315789474,0.008421052631578947,0.014736842105263158,0.031578947368421054,0.04421052631578947,1.0,0.3333333333333333,0.4,0.4,0.35,0.3,0.21,1.0,1.0,1.0,1.0,1.0,1.0,1.0,0.002105263157894737,0.002105263157894737,0.003157894736842105,0.005263157894736842,0.008025062656641603,0.0136946307949756,0.016455077201300922,1.0
PLAIN-671,1,0.0,0.0,0.0,0.0,0.0,0.0,0.1505149978319906,0.0,0.0,0.0,0.0,0.0,0.0,1.0,0.0,0.0,0.0,0.0,0.0,0.0,0.01,0.0,0.0,0.0,0.0,0.0,0.0,0.010101010101010102,0.0,0.0,0.0,0.0,0.0,0.0,0.010101010101010102,99.0
PLAIN-681,1,0.0,0.0,0.0,0.0,0.0,0.22424382421757544,0.22424382421757544,0.0,0.0,0.0,0.0,0.0,1.0,1.0,0.0,0.0,0.0,0.0,0.0,0.02,0.01,0.0,0.0,0.0,0.0,0.0,0.047619047619047616,0.047619047619047616,0.0,0.0,0.0,0.0,0.0,0.047619047619047616,0.047619047619047616,21.0
PLAIN-691,21,0.0,0.0,0.0,0.0,0.0,0.026044468527002908,0.026044468527002908,0.0,0.0,0.0,0.0,0.0,0.047619047619047616,0.047619047619047616,0.0,0.0,0.0,0.0,0.0,0.02,0.01,0.0,0.0,0.0,0.0,0.0,0.02631578947368421,0.02631578947368421,0.0,0.0,0.0,0.0,0.0,0.0012531328320802004,0.0012531328320802004,38.0
PLAIN-701,8,0.0,0.5307212739772434,0.38356636737133565,0.3761604371610926,0.3761604371610926,0.42075206905020357,0.42075206905020357,0.0,0.25,0.25,0.375,0.375,0.5,0.5,0.0,0.6666666666666666,0.4,0.3,0.15,0.08,0.04,0.0,0.5,0.5,0.5,0.5,0.5,0.5,0.0,0.14583333333333331,0.14583333333333331,0.20833333333333331,0.20833333333333331,0.21833333333333332,0.21833333333333332,2.0
PLAIN-711,57,0.0,0.0,0.0,0.06943122193677728,0.04480864360167173,0.05356666757342661,0.04896855537950569,0.0,0.0,0.0,0.017543859649122806,0.017543859649122806,0.05263157894736842,0.05263157894736842,0.0,0.0,0.0,0.1,0.05,0.06,0.03,0.0,0.0,0.0,0.125,0.125,0.125,0.125,0.0,0.0,0.0,0.0021929824561403508,0.0021929824561403508,0.00436358754027927,0.00436358754027927,8.0
PLAIN-721,25,1.0,1.0,1.0,1.0,0.8299010626037013,0.7446688200633786,0.7446688200633786,0.04,0.12,0.2,0.4,0.6,0.64,0.64,1.0,1.0,1.0,1.0,0.75,0.32,0.16,1.0,1.0,1.0,1.0,1.0,1.0,1.0,0.04,0.12,0.2,0.4,0.591578947368421,0.617178947368421,0.617178947368421,1.0
PLAIN-731,54,0.0,0.2960819109658652,0.21398626473452756,0.27584715417186634,0.21353275637653257,0.14698918024929775,0.19955221282037486,0.0,0.018518518518518517,0.018518518518518517,0.05555555555555555,0.07407407407407407,0.1111111111111111,0.2037037037037037,0.0,0.3333333333333333,0.2,0.3,0.2,0.12,0.11,0.0,0.5,0.5,0.5,0.5,0.5,0.5,0.0,0.009259259259259259,0.009259259259259259,0.020105820105820103,0.025044091710758373,0.03112874779541446,0.043045578017056725,2.0
PLAIN-741,19,0.0,0.0,0.0,0.06625422345438904,0.044187252759823124,0.044187252759823124,0.08947632657154937,0.0,0.0,0.0,0.05263157894736842,0.05263157894736842,0.05263157894736842,0.15789473684210525,0.0,0.0,0.0,0.1,0.05,0.02,0.03,0.0,0.0,0.0,0.1111111111111111,0.1111111111111111,0.1111111111111111,0.1111111111111111,0.0,0.0,0.0,0.005847953216374269,0.005847953216374269,0.005847953216374269,0.008802590448841626,9.0
PLAIN-751,7,0.0,0.0,0.0,0.0,0.0,0.0,0.0,0.0,0.0,0.0,0.0,0.0,0.0,0.0,0.0,0.0,0.0,0.0,0.0,0.0,0.0,0.0,0.0,0.0,0.0,0.0,0.0,0.0,0.0,0.0,0.0,0.0,0.0,0.0,0.0,
PLAIN-761,6,0.0,0.0,0.0,0.0,0.0,0.0,0.04584945600562429,0.0,0.0,0.0,0.0,0.0,0.0,0.16666666666666666,0.0,0.0,0.0,0.0,0.0,0.0,0.01,0.0,0.0,0.0,0.0,0.0,0.0,0.010416666666666666,0.0,0.0,0.0,0.0,0.0,0.0,0.001736111111111111,96.0
PLAIN-771,3,1.0,1.0,1.0,1.0,1.0,1.0,1.0,0.3333333333333333,1.0,1.0,1.0,1.0,1.0,1.0,1.0,1.0,0.6,0.3,0.15,0.06,0.03,1.0,1.0,1.0,1.0,1.0,1.0,1.0,0.3333333333333333,1.0,1.0,1.0,1.0,1.0,1.0,1.0
PLAIN-782,2,0.0,0.0,0.0,0.0,0.0,0.0,0.0,0.0,0.0,0.0,0.0,0.0,0.0,0.0,0.0,0.0,0.0,0.0,0.0,0.0,0.0,0.0,0.0,0.0,0.0,0.0,0.0,0.0,0.0,0.0,0.0,0.0,0.0,0.0,0.0,
PLAIN-792,6,1.0,0.46927872602275644,0.3391602052736161,0.30260241349881345,0.30260241349881345,0.36208243781373173,0.36208243781373173,0.16666666666666666,0.16666666666666666,0.16666666666666666,0.16666666666666666,0.16666666666666666,0.3333333333333333,0.3333333333333333,1.0,0.3333333333333333,0.2,0.1,0.05,0.04,0.02,1.0,1.0,1.0,1.0,1.0,1.0,1.0,0.16666666666666666,0.16666666666666666,0.16666666666666666,0.16666666666666666,0.16666666666666666,0.17676767676767677,0.17676767676767677,1.0
PLAIN-806,96,0.0,0.5307212739772434,0.5296347172140421,0.4220949603708208,0.3794855226750626,0.2537030223605945,0.18512232398777517,0.0,0.020833333333333332,0.03125,0.041666666666666664,0.07291666666666667,0.10416666666666667,0.13541666666666666,0.0,0.6666666666666666,0.6,0.4,0.35,0.2,0.13,0.0,0.5,0.5,0.5,0.5,0.5,0.5,0.0,0.012152777777777776,0.019965277777777776,0.02690972222222222,0.03936011904761904,0.04839891975308641,0.053954301128618175,2.0
PLAIN-817,1,0.0,0.0,0.0,0.0,0.0,0.0,0.0,0.0,0.0,0.0,0.0,0.0,0.0,0.0,0.0,0.0,0.0,0.0,0.0,0.0,0.0,0.0,0.0,0.0,0.0,0.0,0.0,0.0,0.0,0.0,0.0,0.0,0.0,0.0,0.0,
PLAIN-827,244,0.0,0.2960819109658652,0.4912596920895758,0.3882251478215037,0.32444248232883016,0.2221089291108142,0.23057055372073135,0.0,0.004098360655737705,0.012295081967213115,0.01639344262295082,0.02459016393442623,0.036885245901639344,0.0860655737704918,0.0,0.3333333333333333,0.6,0.4,0.3,0.18,0.21,0.0,0.5,0.5,0.5,0.5,0.5,0.5,0.0,0.0020491803278688526,0.006557377049180328,0.00860655737704918,0.011953551912568305,0.014756567830338322,0.02557960016632162,2.0
PLAIN-838,9,1.0,1.0,0.8687949224876582,0.676242778189252,0.7350041655428734,0.7350041655428734,0.7350041655428734,0.1111111111111111,0.3333333333333333,0.4444444444444444,0.5555555555555556,0.6666666666666666,0.6666666666666666,0.6666666666666666,1.0,1.0,0.8,0.5,0.3,0.12,0.06,1.0,1.0,1.0,1.0,1.0,1.0,1.0,0.1111111111111111,0.3333333333333333,0.4444444444444444,0.5138888888888888,0.5583333333333333,0.5583333333333333,0.5583333333333333,1.0
PLAIN-850,57,0.0,0.0,0.0,0.06943122193677728,0.04480864360167173,0.056219707222780475,0.06349319089288713,0.0,0.0,0.0,0.017543859649122806,0.017543859649122806,0.05263157894736842,0.07017543859649122,0.0,0.0,0.0,0.1,0.05,0.06,0.04,0.0,0.0,0.0,0.125,0.125,0.125,0.125,0.0,0.0,0.0,0.0021929824561403508,0.0021929824561403508,0.005260997320888428,0.006492145366440906,8.0
PLAIN-872,1,0.0,0.0,0.0,0.0,0.0,0.0,0.0,0.0,0.0,0.0,0.0,0.0,0.0,0.0,0.0,0.0,0.0,0.0,0.0,0.0,0.0,0.0,0.0,0.0,0.0,0.0,0.0,0.0,0.0,0.0,0.0,0.0,0.0,0.0,0.0,
PLAIN-882,15,0.0,0.0,0.0,0.07839826897867534,0.10836246763959095,0.10836246763959095,0.10836246763959095,0.0,0.0,0.0,0.06666666666666667,0.13333333333333333,0.13333333333333333,0.13333333333333333,0.0,0.0,0.0,0.1,0.1,0.04,0.02,0.0,0.0,0.0,0.16666666666666666,0.16666666666666666,0.16666666666666666,0.16666666666666666,0.0,0.0,0.0,0.01111111111111111,0.023232323232323233,0.023232323232323233,0.023232323232323233,6.0
PLAIN-892,92,0.0,0.0,0.13120507751234178,0.15850703974098107,0.13635824020585413,0.11907432961786027,0.09379952330894759,0.0,0.0,0.010869565217391304,0.021739130434782608,0.03260869565217391,0.06521739130434782,0.08695652173913043,0.0,0.0,0.2,0.2,0.15,0.12,0.08,0.0,0.0,0.2,0.2,0.2,0.2,0.2,0.0,0.0,0.002173913043478261,0.005279503105590062,0.007197661673364998,0.011613228586050265,0.013621735202307354,5.0
PLAIN-902,4,1.0,0.46927872602275644,0.3903800499921017,0.3903800499921017,0.3903800499921017,0.3903800499921017,0.3903800499921017,0.25,0.25,0.25,0.25,0.25,0.25,0.25,1.0,0.3333333333333333,0.2,0.1,0.05,0.02,0.01,1.0,1.0,1.0,1.0,1.0,1.0,1.0,0.25,0.25,0.25,0.25,0.25,0.25,0.25,1.0
PLAIN-913,34,0.0,0.0,0.0,0.06625422345438904,0.0791146005035704,0.11394216645150806,0.18138496387195988,0.0,0.0,0.0,0.029411764705882353,0.058823529411764705,0.14705882352941177,0.2647058823529412,0.0,0.0,0.0,0.1,0.1,0.1,0.09,0.0,0.0,0.0,0.1111111111111111,0.1111111111111111,0.1111111111111111,0.1111111111111111,0.0,0.0,0.0,0.00326797385620915,0.007469654528478057,0.01713431584755114,0.03130937620272441,9.0
PLAIN-924,32,1.0,0.46927872602275644,0.3391602052736161,0.2200917662980802,0.1420400396336573,0.10460447009794717,0.10460447009794717,0.03125,0.03125,0.03125,0.03125,0.03125,0.03125,0.03125,1.0,0.3333333333333333,0.2,0.1,0.05,0.02,0.01,1.0,1.0,1.0,1.0,1.0,1.0,1.0,0.03125,0.03125,0.03125,0.03125,0.03125,0.03125,0.03125,1.0
PLAIN-934,101,1.0,0.46927872602275644,0.4703652827859579,0.5045411175298192,0.3999856029639197,0.29545552518604096,0.22965081176801433,0.009900990099009901,0.009900990099009901,0.019801980198019802,0.04950495049504951,0.06930693069306931,0.1188118811881188,0.1782178217821782,1.0,0.3333333333333333,0.4,0.5,0.35,0.24,0.18,1.0,1.0,1.0,1.0,1.0,1.0,1.0,0.009900990099009901,0.009900990099009901,0.01386138613861386,0.026925192519251923,0.036657415741574155,0.0520322275426605,0.06638866748595403,1.0
PLAIN-946,31,0.0,0.0,0.0,0.0,0.0,0.0,0.0333107704602347,0.0,0.0,0.0,0.0,0.0,0.0,0.06451612903225806,0.0,0.0,0.0,0.0,0.0,0.0,0.02,0.0,0.0,0.0,0.0,0.0,0.0,0.012658227848101266,0.0,0.0,0.0,0.0,0.0,0.0,0.0011251758087201125,79.0
PLAIN-956,206,0.0,0.0,0.14606834984270645,0.09478836436955079,0.09403828594560884,0.13025312242931988,0.12751156745468015,0.0,0.0,0.0048543689320388345,0.0048543689320388345,0.009708737864077669,0.03398058252427184,0.06310679611650485,0.0,0.0,0.2,0.1,0.1,0.14,0.13,0.0,0.0,0.25,0.25,0.25,0.25,0.25,0.0,0.0,0.0012135922330097086,0.0012135922330097086,0.0017245784363822177,0.005645470045386758,0.010205525714995353,4.0
PLAIN-966,3,0.0,0.0,0.0,0.0,0.0,0.0,0.0,0.0,0.0,0.0,0.0,0.0,0.0,0.0,0.0,0.0,0.0,0.0,0.0,0.0,0.0,0.0,0.0,0.0,0.0,0.0,0.0,0.0,0.0,0.0,0.0,0.0,0.0,0.0,0.0,
PLAIN-977,3,0.0,0.0,0.0,0.16716045496620227,0.16716045496620227,0.16716045496620227,0.16716045496620227,0.0,0.0,0.0,0.3333333333333333,0.3333333333333333,0.3333333333333333,0.3333333333333333,0.0,0.0,0.0,0.1,0.05,0.02,0.01,0.0,0.0,0.0,0.16666666666666666,0.16666666666666666,0.16666666666666666,0.16666666666666666,0.0,0.0,0.0,0.05555555555555555,0.05555555555555555,0.05555555555555555,0.05555555555555555,6.0
PLAIN-987,3,0.0,0.0,0.0,0.0,0.0,0.0,0.07381437472817767,0.0,0.0,0.0,0.0,0.0,0.0,0.3333333333333333,0.0,0.0,0.0,0.0,0.0,0.0,0.01,0.0,0.0,0.0,0.0,0.0,0.0,0.012345679012345678,0.0,0.0,0.0,0.0,0.0,0.0,0.004115226337448559,81.0
PLAIN-997,2,0.0,0.0,0.0,0.0,0.0,0.0,0.0,0.0,0.0,0.0,0.0,0.0,0.0,0.0,0.0,0.0,0.0,0.0,0.0,0.0,0.0,0.0,0.0,0.0,0.0,0.0,0.0,0.0,0.0,0.0,0.0,0.0,0.0,0.0,0.0,
PLAIN-1008,5,0.0,0.0,0.0,0.0,0.0,0.0,0.0,0.0,0.0,0.0,0.0,0.0,0.0,0.0,0.0,0.0,0.0,0.0,0.0,0.0,0.0,0.0,0.0,0.0,0.0,0.0,0.0,0.0,0.0,0.0,0.0,0.0,0.0,0.0,0.0,
PLAIN-1018,60,0.0,0.0,0.0,0.07839826897867534,0.08403317435933054,0.07683633923685508,0.06780006927898288,0.0,0.0,0.0,0.016666666666666666,0.03333333333333333,0.06666666666666667,0.06666666666666667,0.0,0.0,0.0,0.1,0.1,0.08,0.04,0.0,0.0,0.0,0.16666666666666666,0.16666666666666666,0.16666666666666666,0.16666666666666666,0.0,0.0,0.0,0.0027777777777777775,0.00462962962962963,0.008296296296296296,0.008296296296296296,6.0
PLAIN-1028,1,0.0,0.0,0.0,0.0,0.0,0.0,0.0,0.0,0.0,0.0,0.0,0.0,0.0,0.0,0.0,0.0,0.0,0.0,0.0,0.0,0.0,0.0,0.0,0.0,0.0,0.0,0.0,0.0,0.0,0.0,0.0,0.0,0.0,0.0,0.0,
PLAIN-1039,2,1.0,0.6131471927654584,0.8772153153380493,0.8772153153380493,0.8772153153380493,0.8772153153380493,0.8772153153380493,0.5,0.5,1.0,1.0,1.0,1.0,1.0,1.0,0.3333333333333333,0.4,0.2,0.1,0.04,0.02,1.0,1.0,1.0,1.0,1.0,1.0,1.0,0.5,0.5,0.75,0.75,0.75,0.75,0.75,1.0
PLAIN-1050,94,0.0,0.0,0.0,0.0,0.0,0.06074044823961784,0.039107027894791625,0.0,0.0,0.0,0.0,0.0,0.0425531914893617,0.0425531914893617,0.0,0.0,0.0,0.0,0.0,0.08,0.04,0.0,0.0,0.0,0.0,0.0,0.041666666666666664,0.041666666666666664,0.0,0.0,0.0,0.0,0.0,0.0029289134876631117,0.0029289134876631117,24.0
PLAIN-1066,9,0.0,0.0,0.0,0.0,0.0,0.0,0.0,0.0,0.0,0.0,0.0,0.0,0.0,0.0,0.0,0.0,0.0,0.0,0.0,0.0,0.0,0.0,0.0,0.0,0.0,0.0,0.0,0.0,0.0,0.0,0.0,0.0,0.0,0.0,0.0,
PLAIN-1088,5,0.0,0.0,0.0,0.1208113026994942,0.21246533062782713,0.21246533062782713,0.21246533062782713,0.0,0.0,0.0,0.2,0.4,0.4,0.4,0.0,0.0,0.0,0.1,0.1,0.04,0.02,0.0,0.0,0.0,0.16666666666666666,0.16666666666666666,0.16666666666666666,0.16666666666666666,0.0,0.0,0.0,0.03333333333333333,0.06666666666666667,0.06666666666666667,0.06666666666666667,6.0
PLAIN-1098,5,0.0,0.0,0.0,0.0,0.0,0.0,0.0,0.0,0.0,0.0,0.0,0.0,0.0,0.0,0.0,0.0,0.0,0.0,0.0,0.0,0.0,0.0,0.0,0.0,0.0,0.0,0.0,0.0,0.0,0.0,0.0,0.0,0.0,0.0,0.0,
PLAIN-1109,98,1.0,0.7653606369886217,0.6843515475204855,0.44409732781325584,0.3229622028975254,0.23582727794489258,0.1551597368812051,0.01020408163265306,0.02040816326530612,0.030612244897959183,0.030612244897959183,0.04081632653061224,0.08163265306122448,0.09183673469387756,1.0,0.6666666666666666,0.6,0.3,0.2,0.16,0.09,1.0,1.0,1.0,1.0,1.0,1.0,1.0,0.01020408163265306,0.02040816326530612,0.02653061224489796,0.02653061224489796,0.02944606413994169,0.03665620834306043,0.03789724529838309,1.0
PLAIN-1119,11,0.0,0.0,0.0,0.0,0.0,0.0,0.0,0.0,0.0,0.0,0.0,0.0,0.0,0.0,0.0,0.0,0.0,0.0,0.0,0.0,0.0,0.0,0.0,0.0,0.0,0.0,0.0,0.0,0.0,0.0,0.0,0.0,0.0,0.0,0.0,
PLAIN-1130,1,1.0,1.0,1.0,1.0,1.0,1.0,1.0,1.0,1.0,1.0,1.0,1.0,1.0,1.0,1.0,0.3333333333333333,0.2,0.1,0.05,0.02,0.01,1.0,1.0,1.0,1.0,1.0,1.0,1.0,1.0,1.0,1.0,1.0,1.0,1.0,1.0,1.0
PLAIN-1141,16,1.0,0.7653606369886217,0.5531464700081437,0.35895421017163476,0.2671028731585959,0.2671028731585959,0.34529429230140335,0.0625,0.125,0.125,0.125,0.125,0.125,0.3125,1.0,0.6666666666666666,0.4,0.2,0.1,0.04,0.05,1.0,1.0,1.0,1.0,1.0,1.0,1.0,0.0625,0.125,0.125,0.125,0.125,0.125,0.13460883293522674,1.0
PLAIN-1151,153,0.0,0.0,0.0,0.06362078819895173,0.07580895208575762,0.10060007678837646,0.10086421996133008,0.0,0.0,0.0,0.006535947712418301,0.013071895424836602,0.0392156862745098,0.0718954248366013,0.0,0.0,0.0,0.1,0.1,0.12,0.11,0.0,0.0,0.0,0.1,0.1,0.1,0.1,0.0,0.0,0.0,0.0006535947712418301,0.0014705882352941176,0.004579607030587423,0.008726616856450695,10.0
PLAIN-1161,1,0.0,0.0,0.0,0.0,0.0,0.0,0.0,0.0,0.0,0.0,0.0,0.0,0.0,0.0,0.0,0.0,0.0,0.0,0.0,0.0,0.0,0.0,0.0,0.0,0.0,0.0,0.0,0.0,0.0,0.0,0.0,0.0,0.0,0.0,0.0,
PLAIN-1172,19,0.0,0.0,0.0,0.0,0.0,0.0,0.02342298966552464,0.0,0.0,0.0,0.0,0.0,0.0,0.05263157894736842,0.0,0.0,0.0,0.0,0.0,0.0,0.01,0.0,0.0,0.0,0.0,0.0,0.0,0.013157894736842105,0.0,0.0,0.0,0.0,0.0,0.0,0.0006925207756232687,76.0
PLAIN-1183,25,0.0,0.2960819109658652,0.21398626473452756,0.2122263659729146,0.1369639670812292,0.11857979423648513,0.11857979423648513,0.0,0.04,0.04,0.08,0.08,0.08,0.08,0.0,0.3333333333333333,0.2,0.2,0.1,0.04,0.02,0.0,0.5,0.5,0.5,0.5,0.5,0.5,0.0,0.02,0.02,0.03142857142857143,0.03142857142857143,0.03142857142857143,0.03142857142857143,2.0
PLAIN-1193,18,0.0,0.0,0.0,0.0,0.0,0.0,0.046226947112088544,0.0,0.0,0.0,0.0,0.0,0.0,0.1111111111111111,0.0,0.0,0.0,0.0,0.0,0.0,0.02,0.0,0.0,0.0,0.0,0.0,0.0,0.011235955056179775,0.0,0.0,0.0,0.0,0.0,0.0,0.001735330836454432,89.0
PLAIN-1203,12,0.0,0.23463936301137822,0.16958010263680806,0.1100458831490401,0.09817896789964466,0.14221102233874647,0.14221102233874647,0.0,0.08333333333333333,0.08333333333333333,0.08333333333333333,0.08333333333333333,0.16666666666666666,0.16666666666666666,0.0,0.3333333333333333,0.2,0.1,0.05,0.04,0.02,0.0,0.3333333333333333,0.3333333333333333,0.3333333333333333,0.3333333333333333,0.3333333333333333,0.3333333333333333,0.0,0.027777777777777776,0.027777777777777776,0.027777777777777776,0.027777777777777776,0.03571428571428571,0.03571428571428571,3.0
PLAIN-1214,17,0.0,0.0,0.0,0.0,0.03646156699521318,0.03646156699521318,0.03646156699521318,0.0,0.0,0.0,0.0,0.058823529411764705,0.058823529411764705,0.058823529411764705,0.0,0.0,0.0,0.0,0.05,0.02,0.01,0.0,0.0,0.0,0.0,0.05263157894736842,0.05263157894736842,0.05263157894736842,0.0,0.0,0.0,0.0,0.003095975232198142,0.003095975232198142,0.003095975232198142,19.0
PLAIN-1225,27,1.0,0.7653606369886217,0.5531464700081437,0.5769706247040592,0.40786801211294943,0.3872087032774033,0.3872087032774033,0.037037037037037035,0.07407407407407407,0.07407407407407407,0.18518518518518517,0.2222222222222222,0.2962962962962963,0.2962962962962963,1.0,0.6666666666666666,0.4,0.5,0.3,0.16,0.08,1.0,1.0,1.0,1.0,1.0,1.0,1.0,0.037037037037037035,0.07407407407407407,0.07407407407407407,0.13433274544385654,0.14914756025867137,0.1738145197082395,0.1738145197082395,1.0
PLAIN-1236,5,0.0,0.0,0.0,0.0,0.0,0.0,0.0,0.0,0.0,0.0,0.0,0.0,0.0,0.0,0.0,0.0,0.0,0.0,0.0,0.0,0.0,0.0,0.0,0.0,0.0,0.0,0.0,0.0,0.0,0.0,0.0,0.0,0.0,0.0,0.0,
PLAIN-1249,4,0.0,0.0,0.0,0.0,0.0,0.0,0.0,0.0,0.0,0.0,0.0,0.0,0.0,0.0,0.0,0.0,0.0,0.0,0.0,0.0,0.0,0.0,0.0,0.0,0.0,0.0,0.0,0.0,0.0,0.0,0.0,0.0,0.0,0.0,0.0,
PLAIN-1262,10,1.0,0.46927872602275644,0.3391602052736161,0.2200917662980802,0.2200917662980802,0.2200917662980802,0.2549057918603247,0.1,0.1,0.1,0.1,0.1,0.1,0.2,1.0,0.3333333333333333,0.2,0.1,0.05,0.02,0.02,1.0,1.0,1.0,1.0,1.0,1.0,1.0,0.1,0.1,0.1,0.1,0.1,0.1,0.10253164556962024,1.0
PLAIN-1275,55,1.0,0.46927872602275644,0.3391602052736161,0.2895229882348575,0.18684868323532902,0.11566035253301699,0.10835998327950251,0.01818181818181818,0.01818181818181818,0.01818181818181818,0.03636363636363636,0.03636363636363636,0.05454545454545454,0.05454545454545454,1.0,0.3333333333333333,0.2,0.2,0.1,0.06,0.03,1.0,1.0,1.0,1.0,1.0,1.0,1.0,0.01818181818181818,0.01818181818181818,0.01818181818181818,0.022727272727272728,0.022727272727272728,0.023818181818181818,0.023818181818181818,1.0
PLAIN-1288,196,0.0,0.23463936301137822,0.16958010263680806,0.1100458831490401,0.07102001981682865,0.12454409956597674,0.11465408119644674,0.0,0.00510204081632653,0.00510204081632653,0.00510204081632653,0.00510204081632653,0.03571428571428571,0.061224489795918366,0.0,0.3333333333333333,0.2,0.1,0.05,0.14,0.12,0.0,0.3333333333333333,0.3333333333333333,0.3333333333333333,0.3333333333333333,0.3333333333333333,0.3333333333333333,0.0,0.0017006802721088435,0.0017006802721088435,0.0017006802721088435,0.0017006802721088435,0.004814921714732379,0.008055948565764208,3.0
PLAIN-1299,61,0.0,0.0,0.0,0.0,0.035510009908414325,0.03629353335239729,0.05230305738516037,0.0,0.0,0.0,0.0,0.01639344262295082,0.03278688524590164,0.06557377049180328,0.0,0.0,0.0,0.0,0.05,0.04,0.04,0.0,0.0,0.0,0.0,0.06666666666666667,0.06666666666666667,0.06666666666666667,0.0,0.0,0.0,0.0,0.001092896174863388,0.002518412924685198,0.0037479211214065094,15.0
PLAIN-1309,4,0.0,0.0,0.0,0.0,0.0,0.0,0.0,0.0,0.0,0.0,0.0,0.0,0.0,0.0,0.0,0.0,0.0,0.0,0.0,0.0,0.0,0.0,0.0,0.0,0.0,0.0,0.0,0.0,0.0,0.0,0.0,0.0,0.0,0.0,0.0,
PLAIN-1320,6,0.0,0.0,0.0,0.0,0.0,0.055427457405235275,0.055427457405235275,0.0,0.0,0.0,0.0,0.0,0.16666666666666666,0.16666666666666666,0.0,0.0,0.0,0.0,0.0,0.02,0.01,0.0,0.0,0.0,0.0,0.0,0.023255813953488372,0.023255813953488372,0.0,0.0,0.0,0.0,0.0,0.003875968992248062,0.003875968992248062,43.0
PLAIN-1331,1,0.0,0.0,0.0,0.0,0.0,0.0,0.0,0.0,0.0,0.0,0.0,0.0,0.0,0.0,0.0,0.0,0.0,0.0,0.0,0.0,0.0,0.0,0.0,0.0,0.0,0.0,0.0,0.0,0.0,0.0,0.0,0.0,0.0,0.0,0.0,
PLAIN-1342,16,1.0,1.0,0.7227265726449519,0.46900009332067494,0.3489895615869866,0.3781581885336546,0.3781581885336546,0.0625,0.1875,0.1875,0.1875,0.1875,0.25,0.25,1.0,1.0,0.6,0.3,0.15,0.08,0.04,1.0,1.0,1.0,1.0,1.0,1.0,1.0,0.0625,0.1875,0.1875,0.1875,0.1875,0.19270833333333334,0.19270833333333334,1.0
PLAIN-1353,4,0.0,0.0,0.0,0.0,0.0,0.0,0.0,0.0,0.0,0.0,0.0,0.0,0.0,0.0,0.0,0.0,0.0,0.0,0.0,0.0,0.0,0.0,0.0,0.0,0.0,0.0,0.0,0.0,0.0,0.0,0.0,0.0,0.0,0.0,0.0,
PLAIN-1363,11,0.0,0.0,0.0,0.0,0.0,0.0,0.0,0.0,0.0,0.0,0.0,0.0,0.0,0.0,0.0,0.0,0.0,0.0,0.0,0.0,0.0,0.0,0.0,0.0,0.0,0.0,0.0,0.0,0.0,0.0,0.0,0.0,0.0,0.0,0.0,
PLAIN-1374,26,0.0,0.0,0.0,0.0,0.03475017269886857,0.0506773328514649,0.11001677096984985,0.0,0.0,0.0,0.0,0.038461538461538464,0.07692307692307693,0.19230769230769232,0.0,0.0,0.0,0.0,0.05,0.04,0.05,0.0,0.0,0.0,0.0,0.0625,0.0625,0.0625,0.0,0.0,0.0,0.0,0.002403846153846154,0.004006410256410256,0.01081546824717718,16.0
PLAIN-1387,12,0.0,0.0,0.14606834984270645,0.09478836436955079,0.08456675994043421,0.12349273026573902,0.21886967571728183,0.0,0.0,0.08333333333333333,0.08333333333333333,0.08333333333333333,0.16666666666666666,0.4166666666666667,0.0,0.0,0.2,0.1,0.05,0.04,0.05,0.0,0.0,0.25,0.25,0.25,0.25,0.25,0.0,0.0,0.020833333333333332,0.020833333333333332,0.020833333333333332,0.026041666666666668,0.039676476804633674,4.0
PLAIN-1398,103,1.0,1.0,0.8539316501572937,0.7682269253321375,0.6458512021036473,0.3961167360184752,0.2914126873495012,0.009708737864077669,0.02912621359223301,0.038834951456310676,0.06796116504854369,0.10679611650485436,0.13592233009708737,0.1941747572815534,1.0,1.0,0.8,0.7,0.55,0.28,0.2,1.0,1.0,1.0,1.0,1.0,1.0,1.0,0.009708737864077669,0.02912621359223301,0.036893203883495145,0.05981661272923408,0.08830208356907386,0.097865747262812,0.11343667092150482,1.0
PLAIN-1409,253,0.0,0.5307212739772434,0.38356636737133565,0.4629920413924364,0.33515623410003126,0.3317704013860378,0.2735001313518646,0.0,0.007905138339920948,0.007905138339920948,0.019762845849802372,0.023715415019762844,0.06324110671936758,0.09881422924901186,0.0,0.6666666666666666,0.4,0.5,0.3,0.32,0.25,0.0,0.5,0.5,0.5,0.5,0.5,0.5,0.0,0.004611330698287219,0.004611330698287219,0.010759771629336848,0.012453729845034192,0.024487500296702908,0.034538594156488175,2.0
PLAIN-1419,65,0.0,0.2960819109658652,0.36005461457723403,0.23365080824310536,0.22771842000363554,0.1868064133028352,0.1984772167250705,0.0,0.015384615384615385,0.03076923076923077,0.03076923076923077,0.06153846153846154,0.12307692307692308,0.18461538461538463,0.0,0.3333333333333333,0.4,0.2,0.2,0.16,0.12,0.0,0.5,0.5,0.5,0.5,0.5,0.5,0.0,0.007692307692307693,0.015384615384615385,0.015384615384615385,0.02431414739107047,0.03719922070209237,0.04675609002026251,2.0
PLAIN-1429,6,0.0,0.0,0.0,0.0,0.0,0.0,0.0,0.0,0.0,0.0,0.0,0.0,0.0,0.0,0.0,0.0,0.0,0.0,0.0,0.0,0.0,0.0,0.0,0.0,0.0,0.0,0.0,0.0,0.0,0.0,0.0,0.0,0.0,0.0,0.0,
PLAIN-1441,186,0.0,0.0,0.0,0.0,0.10213207052157212,0.05574911525103152,0.05740334091123959,0.0,0.0,0.0,0.0,0.016129032258064516,0.016129032258064516,0.03225806451612903,0.0,0.0,0.0,0.0,0.15,0.06,0.06,0.0,0.0,0.0,0.0,0.07142857142857142,0.07142857142857142,0.07142857142857142,0.0,0.0,0.0,0.0,0.001787847755589691,0.001787847755589691,0.002865287870149458,14.0
PLAIN-1453,245,0.0,0.0,0.0,0.0,0.0657757825330333,0.06551225667593831,0.07030638623138309,0.0,0.0,0.0,0.0,0.00816326530612245,0.0163265306122449,0.0326530612244898,0.0,0.0,0.0,0.0,0.1,0.08,0.08,0.0,0.0,0.0,0.0,0.05555555555555555,0.05555555555555555,0.05555555555555555,0.0,0.0,0.0,0.0,0.0006349206349206349,0.0013980084787538203,0.0026726235879553956,18.0
PLAIN-1463,24,1.0,0.46927872602275644,0.48522855511632257,0.314880130667631,0.20321335501168916,0.20615249694619323,0.20615249694619323,0.041666666666666664,0.041666666666666664,0.08333333333333333,0.08333333333333333,0.08333333333333333,0.125,0.125,1.0,0.3333333333333333,0.4,0.2,0.1,0.06,0.03,1.0,1.0,1.0,1.0,1.0,1.0,1.0,0.041666666666666664,0.041666666666666664,0.0625,0.0625,0.0625,0.06666666666666667,0.06666666666666667,1.0
PLAIN-1473,1,0.0,0.0,0.0,0.0,0.0,0.2,0.2,0.0,0.0,0.0,0.0,0.0,1.0,1.0,0.0,0.0,0.0,0.0,0.0,0.02,0.01,0.0,0.0,0.0,0.0,0.0,0.03225806451612903,0.03225806451612903,0.0,0.0,0.0,0.0,0.0,0.03225806451612903,0.03225806451612903,31.0
PLAIN-1485,54,0.0,0.0,0.0,0.0,0.0,0.031020099346199963,0.052453725426862045,0.0,0.0,0.0,0.0,0.0,0.037037037037037035,0.07407407407407407,0.0,0.0,0.0,0.0,0.0,0.04,0.04,0.0,0.0,0.0,0.0,0.0,0.03333333333333333,0.03333333333333333,0.0,0.0,0.0,0.0,0.0,0.0017746913580246912,0.0033293523772572223,30.0
PLAIN-1496,1,0.0,0.0,0.0,0.0,0.0,0.0,0.0,0.0,0.0,0.0,0.0,0.0,0.0,0.0,0.0,0.0,0.0,0.0,0.0,0.0,0.0,0.0,0.0,0.0,0.0,0.0,0.0,0.0,0.0,0.0,0.0,0.0,0.0,0.0,0.0,
PLAIN-1506,15,0.0,0.0,0.13120507751234178,0.16354138662029635,0.1267728847688893,0.1267728847688893,0.1267728847688893,0.0,0.0,0.06666666666666667,0.13333333333333333,0.13333333333333333,0.13333333333333333,0.13333333333333333,0.0,0.0,0.2,0.2,0.1,0.04,0.02,0.0,0.0,0.2,0.2,0.2,0.2,0.2,0.0,0.0,0.013333333333333334,0.035555555555555556,0.035555555555555556,0.035555555555555556,0.035555555555555556,5.0
PLAIN-1516,2,0.0,0.0,0.0,0.0,0.0,0.0,0.0,0.0,0.0,0.0,0.0,0.0,0.0,0.0,0.0,0.0,0.0,0.0,0.0,0.0,0.0,0.0,0.0,0.0,0.0,0.0,0.0,0.0,0.0,0.0,0.0,0.0,0.0,0.0,0.0,
PLAIN-1527,202,0.0,0.0,0.0,0.28481420121376444,0.25453271515476633,0.20114028009292928,0.15499283101813033,0.0,0.0,0.0,0.019801980198019802,0.0297029702970297,0.04950495049504951,0.06930693069306931,0.0,0.0,0.0,0.4,0.3,0.2,0.14,0.0,0.0,0.0,0.16666666666666666,0.16666666666666666,0.16666666666666666,0.16666666666666666,0.0,0.0,0.0,0.006076143328618577,0.009623998114097126,0.015046220739290048,0.018574501495293577,6.0
PLAIN-1537,45,1.0,1.0,0.8539316501572937,0.6203974344166849,0.4376909976072915,0.2734481515738488,0.28732886206912905,0.022222222222222223,0.06666666666666667,0.08888888888888889,0.1111111111111111,0.13333333333333333,0.15555555555555556,0.17777777777777778,1.0,1.0,0.8,0.5,0.3,0.14,0.08,1.0,1.0,1.0,1.0,1.0,1.0,1.0,0.022222222222222223,0.06666666666666667,0.08444444444444445,0.09679012345679011,0.10704653371320037,0.11223171889838555,0.1150535883869217,1.0
PLAIN-1547,6,0.0,0.0,0.0,0.0,0.0,0.0,0.0,0.0,0.0,0.0,0.0,0.0,0.0,0.0,0.0,0.0,0.0,0.0,0.0,0.0,0.0,0.0,0.0,0.0,0.0,0.0,0.0,0.0,0.0,0.0,0.0,0.0,0.0,0.0,0.0,
PLAIN-1557,26,0.0,0.0,0.0,0.0,0.0,0.024196506866146775,0.024196506866146775,0.0,0.0,0.0,0.0,0.0,0.038461538461538464,0.038461538461538464,0.0,0.0,0.0,0.0,0.0,0.02,0.01,0.0,0.0,0.0,0.0,0.0,0.03333333333333333,0.03333333333333333,0.0,0.0,0.0,0.0,0.0,0.001282051282051282,0.001282051282051282,30.0
PLAIN-1568,2,0.0,0.0,0.0,0.0,0.0,0.0,0.0,0.0,0.0,0.0,0.0,0.0,0.0,0.0,0.0,0.0,0.0,0.0,0.0,0.0,0.0,0.0,0.0,0.0,0.0,0.0,0.0,0.0,0.0,0.0,0.0,0.0,0.0,0.0,0.0,
PLAIN-1579,5,0.0,0.0,0.0,0.0,0.0,0.0,0.0,0.0,0.0,0.0,0.0,0.0,0.0,0.0,0.0,0.0,0.0,0.0,0.0,0.0,0.0,0.0,0.0,0.0,0.0,0.0,0.0,0.0,0.0,0.0,0.0,0.0,0.0,0.0,0.0,
PLAIN-1590,18,0.0,0.0,0.0,0.06943122193677728,0.04793410349711072,0.0802603372557911,0.0802603372557911,0.0,0.0,0.0,0.05555555555555555,0.05555555555555555,0.1111111111111111,0.1111111111111111,0.0,0.0,0.0,0.1,0.05,0.04,0.02,0.0,0.0,0.0,0.125,0.125,0.125,0.125,0.0,0.0,0.0,0.006944444444444444,0.006944444444444444,0.01138888888888889,0.01138888888888889,8.0
PLAIN-1601,74,0.0,0.0,0.0,0.06943122193677728,0.11849268291346983,0.08032957416128483,0.0701737152292253,0.0,0.0,0.0,0.013513513513513514,0.04054054054054054,0.05405405405405406,0.06756756756756757,0.0,0.0,0.0,0.1,0.15,0.08,0.05,0.0,0.0,0.0,0.125,0.125,0.125,0.125,0.0,0.0,0.0,0.0016891891891891893,0.0065309293250469715,0.008332731126848774,0.009022196102028035,8.0
PLAIN-1611,6,0.0,0.0,0.0,0.0,0.0,0.0561173220664886,0.0561173220664886,0.0,0.0,0.0,0.0,0.0,0.16666666666666666,0.16666666666666666,0.0,0.0,0.0,0.0,0.0,0.02,0.01,0.0,0.0,0.0,0.0,0.0,0.024390243902439025,0.024390243902439025,0.0,0.0,0.0,0.0,0.0,0.0040650406504065045,0.0040650406504065045,41.0
PLAIN-1621,4,0.0,0.0,0.0,0.0,0.0,0.0,0.0,0.0,0.0,0.0,0.0,0.0,0.0,0.0,0.0,0.0,0.0,0.0,0.0,0.0,0.0,0.0,0.0,0.0,0.0,0.0,0.0,0.0,0.0,0.0,0.0,0.0,0.0,0.0,0.0,
PLAIN-1635,431,0.0,0.5307212739772434,0.38356636737133565,0.38196033715832367,0.385871491546382,0.37632942332892816,0.34497388667080126,0.0,0.004640371229698376,0.004640371229698376,0.009280742459396751,0.018561484918793503,0.04408352668213457,0.07888631090487239,0.0,0.6666666666666666,0.4,0.4,0.4,0.38,0.34,0.0,0.5,0.5,0.5,0.5,0.5,0.5,0.0,0.002706883217324052,0.002706883217324052,0.004505027068832173,0.008248303188251324,0.018221791114803064,0.029821824121358424,2.0
PLAIN-1645,6,0.0,0.0,0.0,0.09546043308946733,0.09546043308946733,0.09546043308946733,0.09546043308946733,0.0,0.0,0.0,0.16666666666666666,0.16666666666666666,0.16666666666666666,0.16666666666666666,0.0,0.0,0.0,0.1,0.05,0.02,0.01,0.0,0.0,0.0,0.125,0.125,0.125,0.125,0.0,0.0,0.0,0.020833333333333332,0.020833333333333332,0.020833333333333332,0.020833333333333332,8.0
PLAIN-1656,28,0.0,0.0,0.13120507751234178,0.08514311764162101,0.054948588071985875,0.08839326505106689,0.12659878907397298,0.0,0.0,0.03571428571428571,0.03571428571428571,0.03571428571428571,0.10714285714285714,0.17857142857142858,0.0,0.0,0.2,0.1,0.05,0.06,0.05,0.0,0.0,0.2,0.2,0.2,0.2,0.2,0.0,0.0,0.0071428571428571435,0.0071428571428571435,0.0071428571428571435,0.012203112203112204,0.01732877357877358,5.0
PLAIN-1667,159,1.0,0.7653606369886217,0.5531464700081437,0.428385432108412,0.41728856133602915,0.2705629975601174,0.20466937494612436,0.006289308176100629,0.012578616352201259,0.012578616352201259,0.018867924528301886,0.0440251572327044,0.06289308176100629,0.09433962264150944,1.0,0.6666666666666666,0.4,0.3,0.35,0.2,0.15,1.0,1.0,1.0,1.0,1.0,1.0,1.0,0.006289308176100629,0.012578616352201259,0.012578616352201259,0.014937106918238994,0.023666848401061848,0.027671127600923193,0.03294221577623226,1.0
PLAIN-1679,1,0.0,0.0,0.0,0.0,0.0,0.0,0.0,0.0,0.0,0.0,0.0,0.0,0.0,0.0,0.0,0.0,0.0,0.0,0.0,0.0,0.0,0.0,0.0,0.0,0.0,0.0,0.0,0.0,0.0,0.0,0.0,0.0,0.0,0.0,0.0,
PLAIN-1690,4,0.0,0.0,0.0,0.0,0.0,0.0,0.0,0.0,0.0,0.0,0.0,0.0,0.0,0.0,0.0,0.0,0.0,0.0,0.0,0.0,0.0,0.0,0.0,0.0,0.0,0.0,0.0,0.0,0.0,0.0,0.0,0.0,0.0,0.0,0.0,
PLAIN-1700,5,0.0,0.0,0.0,0.0,0.0,0.0,0.0,0.0,0.0,0.0,0.0,0.0,0.0,0.0,0.0,0.0,0.0,0.0,0.0,0.0,0.0,0.0,0.0,0.0,0.0,0.0,0.0,0.0,0.0,0.0,0.0,0.0,0.0,0.0,0.0,
PLAIN-1710,16,1.0,1.0,1.0,1.0,0.8664711999255563,0.8984002972897969,0.8984002972897969,0.0625,0.1875,0.3125,0.625,0.8125,0.875,0.875,1.0,1.0,1.0,1.0,0.65,0.28,0.14,1.0,1.0,1.0,1.0,1.0,1.0,1.0,0.0625,0.1875,0.3125,0.625,0.7725537330316743,0.7982890271493214,0.7982890271493214,1.0
PLAIN-1721,31,0.0,0.0,0.0,0.06625422345438904,0.08006506288147622,0.07904337544938321,0.0790433754493832,0.0,0.0,0.0,0.03225806451612903,0.06451612903225806,0.0967741935483871,0.0967741935483871,0.0,0.0,0.0,0.1,0.1,0.06,0.03,0.0,0.0,0.0,0.1111111111111111,0.1111111111111111,0.1111111111111111,0.1111111111111111,0.0,0.0,0.0,0.0035842293906810036,0.008547008547008548,0.010482492417976289,0.010482492417976289,9.0
PLAIN-1731,3,0.0,0.0,0.18154179253735267,0.18154179253735267,0.18154179253735267,0.18154179253735267,0.18154179253735267,0.0,0.0,0.3333333333333333,0.3333333333333333,0.3333333333333333,0.3333333333333333,0.3333333333333333,0.0,0.0,0.2,0.1,0.05,0.02,0.01,0.0,0.0,0.2,0.2,0.2,0.2,0.2,0.0,0.0,0.06666666666666667,0.06666666666666667,0.06666666666666667,0.06666666666666667,0.06666666666666667,5.0
PLAIN-1741,420,0.0,0.0,0.0,0.0,0.03635628798853883,0.1448487377862644,0.1191414667176836,0.0,0.0,0.0,0.0,0.002380952380952381,0.02142857142857143,0.030952380952380953,0.0,0.0,0.0,0.0,0.05,0.18,0.13,0.0,0.0,0.0,0.0,0.07142857142857142,0.07142857142857142,0.07142857142857142,0.0,0.0,0.0,0.0,0.00017006802721088434,0.003324770872057948,0.004643237348684264,14.0
PLAIN-1752,1,0.0,0.0,0.0,0.0,0.0,0.0,0.0,0.0,0.0,0.0,0.0,0.0,0.0,0.0,0.0,0.0,0.0,0.0,0.0,0.0,0.0,0.0,0.0,0.0,0.0,0.0,0.0,0.0,0.0,0.0,0.0,0.0,0.0,0.0,0.0,
PLAIN-1762,8,0.0,0.0,0.0,0.1559378792798317,0.1559378792798317,0.1559378792798317,0.1559378792798317,0.0,0.0,0.0,0.25,0.25,0.25,0.25,0.0,0.0,0.0,0.2,0.1,0.04,0.02,0.0,0.0,0.0,0.125,0.125,0.125,0.125,0.0,0.0,0.0,0.043402777777777776,0.043402777777777776,0.043402777777777776,0.043402777777777776,8.0
PLAIN-1772,2,0.0,0.0,0.2640681225725909,0.2640681225725909,0.2640681225725909,0.38669756112568254,0.38669756112568254,0.0,0.0,0.5,0.5,0.5,1.0,1.0,0.0,0.0,0.2,0.1,0.05,0.04,0.02,0.0,0.0,0.25,0.25,0.25,0.25,0.25,0.0,0.0,0.125,0.125,0.125,0.15725806451612903,0.15725806451612903,4.0
PLAIN-1784,2,0.0,0.0,0.0,0.0,0.0,0.0,0.0,0.0,0.0,0.0,0.0,0.0,0.0,0.0,0.0,0.0,0.0,0.0,0.0,0.0,0.0,0.0,0.0,0.0,0.0,0.0,0.0,0.0,0.0,0.0,0.0,0.0,0.0,0.0,0.0,
PLAIN-1794,2,1.0,1.0,1.0,1.0,1.0,1.0,1.0,0.5,1.0,1.0,1.0,1.0,1.0,1.0,1.0,0.6666666666666666,0.4,0.2,0.1,0.04,0.02,1.0,1.0,1.0,1.0,1.0,1.0,1.0,0.5,1.0,1.0,1.0,1.0,1.0,1.0,1.0
PLAIN-1805,116,1.0,1.0,1.0,0.7222954974312067,0.5765112387887066,0.3914265715714979,0.2636275551104789,0.008620689655172414,0.02586206896551724,0.04310344827586207,0.05172413793103448,0.07758620689655173,0.1206896551724138,0.14655172413793102,1.0,1.0,1.0,0.6,0.45,0.28,0.17,1.0,1.0,1.0,1.0,1.0,1.0,1.0,0.008620689655172414,0.02586206896551724,0.04310344827586207,0.05049261083743842,0.06559388886975094,0.08148111467076986,0.08656977958587536,1.0
PLAIN-1817,27,1.0,0.46927872602275644,0.3391602052736161,0.2837125544970319,0.25267180118494315,0.23323913014537673,0.2714434251237575,0.037037037037037035,0.037037037037037035,0.037037037037037035,0.07407407407407407,0.14814814814814814,0.18518518518518517,0.25925925925925924,1.0,0.3333333333333333,0.2,0.2,0.2,0.1,0.07,1.0,1.0,1.0,1.0,1.0,1.0,1.0,0.037037037037037035,0.037037037037037035,0.037037037037037035,0.044444444444444446,0.06056644880174292,0.06828249818445896,0.0752653947022392,1.0
PLAIN-1827,3,0.0,0.0,0.0,0.0,0.0,0.0,0.0,0.0,0.0,0.0,0.0,0.0,0.0,0.0,0.0,0.0,0.0,0.0,0.0,0.0,0.0,0.0,0.0,0.0,0.0,0.0,0.0,0.0,0.0,0.0,0.0,0.0,0.0,0.0,0.0,
PLAIN-1837,196,1.0,1.0,0.8539316501572937,0.826813366651774,0.8186580194829541,0.6365495020338735,0.4950527377528818,0.00510204081632653,0.015306122448979591,0.02040816326530612,0.04081632653061224,0.08163265306122448,0.14285714285714285,0.20918367346938777,1.0,1.0,0.8,0.8,0.8,0.56,0.41,1.0,1.0,1.0,1.0,1.0,1.0,1.0,0.00510204081632653,0.015306122448979591,0.019387755102040816,0.03490848720440557,0.06824809596359006,0.11473883435762774,0.15046172544112246,1.0
PLAIN-1847,11,0.0,0.0,0.0,0.0,0.0,0.03655600848200778,0.03655600848200778,0.0,0.0,0.0,0.0,0.0,0.09090909090909091,0.09090909090909091,0.0,0.0,0.0,0.0,0.0,0.02,0.01,0.0,0.0,0.0,0.0,0.0,0.02,0.02,0.0,0.0,0.0,0.0,0.0,0.0018181818181818182,0.0018181818181818182,50.0
PLAIN-1857,33,1.0,0.7039180890341347,0.6548086577531307,0.49828993591603116,0.32158005470640355,0.2320542355492967,0.2485095236462072,0.030303030303030304,0.06060606060606061,0.09090909090909091,0.12121212121212122,0.12121212121212122,0.12121212121212122,0.15151515151515152,1.0,0.6666666666666666,0.6,0.4,0.2,0.08,0.05,1.0,1.0,1.0,1.0,1.0,1.0,1.0,0.030303030303030304,0.0505050505050505,0.07323232323232323,0.09054834054834054,0.09054834054834054,0.09054834054834054,0.0925958425958426,1.0
PLAIN-1867,7,0.0,0.0,0.0,0.0,0.0,0.0,0.0,0.0,0.0,0.0,0.0,0.0,0.0,0.0,0.0,0.0,0.0,0.0,0.0,0.0,0.0,0.0,0.0,0.0,0.0,0.0,0.0,0.0,0.0,0.0,0.0,0.0,0.0,0.0,0.0,
PLAIN-1877,36,0.0,0.0,0.0,0.0,0.0,0.0,0.031113395479754957,0.0,0.0,0.0,0.0,0.0,0.0,0.05555555555555555,0.0,0.0,0.0,0.0,0.0,0.0,0.02,0.0,0.0,0.0,0.0,0.0,0.0,0.01639344262295082,0.0,0.0,0.0,0.0,0.0,0.0,0.0010726573568103624,61.0
PLAIN-1887,4,0.0,0.0,0.0,0.0,0.0,0.06952808975538781,0.13043560091858494,0.0,0.0,0.0,0.0,0.0,0.25,0.5,0.0,0.0,0.0,0.0,0.0,0.02,0.02,0.0,0.0,0.0,0.0,0.0,0.020833333333333332,0.020833333333333332,0.0,0.0,0.0,0.0,0.0,0.005208333333333333,0.011160714285714284,48.0
PLAIN-1897,2,0.0,0.0,0.0,0.0,0.0,0.0,0.0,0.0,0.0,0.0,0.0,0.0,0.0,0.0,0.0,0.0,0.0,0.0,0.0,0.0,0.0,0.0,0.0,0.0,0.0,0.0,0.0,0.0,0.0,0.0,0.0,0.0,0.0,0.0,0.0,
PLAIN-1909,463,1.0,1.0,0.7227265726449519,0.6086182388744241,0.42913862703528555,0.34003442903963105,0.27173000942369113,0.0021598272138228943,0.0064794816414686825,0.0064794816414686825,0.01079913606911447,0.012958963282937365,0.028077753779697623,0.04535637149028078,1.0,1.0,0.6,0.5,0.3,0.26,0.21,1.0,1.0,1.0,1.0,1.0,1.0,1.0,0.0021598272138228943,0.0064794816414686825,0.0064794816414686825,0.008913572628475435,0.009839212862970962,0.014151784849644319,0.01845309332094562,1.0
PLAIN-1919,27,1.0,0.7653606369886217,0.830419897363192,0.6172839611614819,0.4701970428117319,0.45974090280384977,0.5348576107883783,0.037037037037037035,0.07407407407407407,0.14814814814814814,0.18518518518518517,0.25925925925925924,0.37037037037037035,0.5185185185185185,1.0,0.6666666666666666,0.8,0.5,0.35,0.2,0.14,1.0,1.0,1.0,1.0,1.0,1.0,1.0,0.037037037037037035,0.07407407407407407,0.13148148148148148,0.16234567901234567,0.19526748971193417,0.2312780438384303,0.2561738300722975,1.0
PLAIN-1929,10,0.0,0.23463936301137822,0.16958010263680806,0.1100458831490401,0.1100458831490401,0.1100458831490401,0.14370338752471173,0.0,0.1,0.1,0.1,0.1,0.1,0.2,0.0,0.3333333333333333,0.2,0.1,0.05,0.02,0.02,0.0,0.3333333333333333,0.3333333333333333,0.3333333333333333,0.3333333333333333,0.3333333333333333,0.3333333333333333,0.0,0.03333333333333333,0.03333333333333333,0.03333333333333333,0.03333333333333333,0.03333333333333333,0.03550724637681159,3.0
PLAIN-1940,12,1.0,0.46927872602275644,0.3391602052736161,0.2200917662980802,0.1963579357992893,0.23463968690380163,0.23463968690380163,0.08333333333333333,0.08333333333333333,0.08333333333333333,0.08333333333333333,0.08333333333333333,0.16666666666666666,0.16666666666666666,1.0,0.3333333333333333,0.2,0.1,0.05,0.04,0.02,1.0,1.0,1.0,1.0,1.0,1.0,1.0,0.08333333333333333,0.08333333333333333,0.08333333333333333,0.08333333333333333,0.08333333333333333,0.08823529411764706,0.08823529411764706,1.0
PLAIN-1950,13,0.0,0.0,0.0,0.07336392209936006,0.06224258830844933,0.06224258830844933,0.09385444261707168,0.0,0.0,0.0,0.07692307692307693,0.07692307692307693,0.07692307692307693,0.15384615384615385,0.0,0.0,0.0,0.1,0.05,0.02,0.02,0.0,0.0,0.0,0.14285714285714285,0.14285714285714285,0.14285714285714285,0.14285714285714285,0.0,0.0,0.0,0.010989010989010988,0.010989010989010988,0.010989010989010988,0.013596572918606815,7.0
PLAIN-1962,13,0.0,0.0,0.0,0.0,0.0,0.0,0.0,0.0,0.0,0.0,0.0,0.0,0.0,0.0,0.0,0.0,0.0,0.0,0.0,0.0,0.0,0.0,0.0,0.0,0.0,0.0,0.0,0.0,0.0,0.0,0.0,0.0,0.0,0.0,0.0,
PLAIN-1972,11,0.0,0.0,0.0,0.0,0.0,0.0,0.0,0.0,0.0,0.0,0.0,0.0,0.0,0.0,0.0,0.0,0.0,0.0,0.0,0.0,0.0,0.0,0.0,0.0,0.0,0.0,0.0,0.0,0.0,0.0,0.0,0.0,0.0,0.0,0.0,
PLAIN-1983,32,0.0,0.5307212739772434,0.5296347172140421,0.3436966913921455,0.22181062239820395,0.18343074091818576,0.21752501328629137,0.0,0.0625,0.09375,0.09375,0.09375,0.125,0.1875,0.0,0.6666666666666666,0.6,0.3,0.15,0.08,0.06,0.0,0.5,0.5,0.5,0.5,0.5,0.5,0.0,0.03645833333333333,0.05989583333333333,0.05989583333333333,0.05989583333333333,0.06336805555555555,0.06829206299972429,2.0
PLAIN-1995,11,0.0,0.0,0.0,0.0,0.0,0.0,0.0,0.0,0.0,0.0,0.0,0.0,0.0,0.0,0.0,0.0,0.0,0.0,0.0,0.0,0.0,0.0,0.0,0.0,0.0,0.0,0.0,0.0,0.0,0.0,0.0,0.0,0.0,0.0,0.0,
PLAIN-2009,8,0.0,0.0,0.0,0.0,0.0,0.04785685030080953,0.04785685030080953,0.0,0.0,0.0,0.0,0.0,0.125,0.125,0.0,0.0,0.0,0.0,0.0,0.02,0.01,0.0,0.0,0.0,0.0,0.0,0.02631578947368421,0.02631578947368421,0.0,0.0,0.0,0.0,0.0,0.003289473684210526,0.003289473684210526,38.0
PLAIN-2019,3,0.0,0.0,0.0,0.0,0.0,0.0,0.0,0.0,0.0,0.0,0.0,0.0,0.0,0.0,0.0,0.0,0.0,0.0,0.0,0.0,0.0,0.0,0.0,0.0,0.0,0.0,0.0,0.0,0.0,0.0,0.0,0.0,0.0,0.0,0.0,
PLAIN-2030,6,0.0,0.0,0.0,0.0,0.0,0.0,0.0,0.0,0.0,0.0,0.0,0.0,0.0,0.0,0.0,0.0,0.0,0.0,0.0,0.0,0.0,0.0,0.0,0.0,0.0,0.0,0.0,0.0,0.0,0.0,0.0,0.0,0.0,0.0,0.0,
PLAIN-2040,132,1.0,0.7039180890341347,0.6548086577531307,0.4249260138166711,0.3065716659768376,0.23256075992757436,0.20627623102809478,0.007575757575757576,0.015151515151515152,0.022727272727272728,0.022727272727272728,0.030303030303030304,0.06060606060606061,0.12121212121212122,1.0,0.6666666666666666,0.6,0.3,0.2,0.16,0.16,1.0,1.0,1.0,1.0,1.0,1.0,1.0,0.007575757575757576,0.012626262626262624,0.018308080808080808,0.018308080808080808,0.019823232323232323,0.027246027468359482,0.03855224341967421,1.0
PLAIN-2051,355,0.0,0.0,0.14606834984270645,0.22784037450527977,0.32228432738282636,0.28260081626041617,0.20524931853771816,0.0,0.0,0.0028169014084507044,0.008450704225352112,0.022535211267605635,0.04225352112676056,0.05352112676056338,0.0,0.0,0.2,0.3,0.4,0.3,0.19,0.0,0.0,0.25,0.25,0.25,0.25,0.25,0.0,0.0,0.0007042253521126761,0.0022535211267605635,0.007442651971496867,0.014413509337687529,0.017266812382707893,4.0
PLAIN-2061,410,0.0,0.2960819109658652,0.21398626473452756,0.3421013776262554,0.3646067150842384,0.3187661302158511,0.2808228930892772,0.0,0.0024390243902439024,0.0024390243902439024,0.00975609756097561,0.01951219512195122,0.03902439024390244,0.06585365853658537,0.0,0.3333333333333333,0.2,0.4,0.4,0.32,0.27,0.0,0.5,0.5,0.5,0.5,0.5,0.5,0.0,0.0012195121951219512,0.0012195121951219512,0.0037049941927990706,0.007972758948368705,0.014699719197463495,0.022583794248803746,2.0
PLAIN-2071,45,0.0,0.0,0.0,0.14782949091545264,0.09540432657628878,0.05593971280005927,0.0843286210945442,0.0,0.0,0.0,0.044444444444444446,0.044444444444444446,0.044444444444444446,0.08888888888888889,0.0,0.0,0.0,0.2,0.1,0.04,0.04,0.0,0.0,0.0,0.16666666666666666,0.16666666666666666,0.16666666666666666,0.16666666666666666,0.0,0.0,0.0,0.009259259259259259,0.009259259259259259,0.009259259259259259,0.011933970169264287,6.0
PLAIN-2081,1,0.0,0.0,0.0,0.0,0.0,0.0,0.17144160057391347,0.0,0.0,0.0,0.0,0.0,0.0,1.0,0.0,0.0,0.0,0.0,0.0,0.0,0.01,0.0,0.0,0.0,0.0,0.0,0.0,0.017857142857142856,0.0,0.0,0.0,0.0,0.0,0.0,0.017857142857142856,56.0
PLAIN-2092,10,1.0,1.0,0.8687949224876582,0.5637884576902257,0.5637884576902257,0.6095707579086331,0.6095707579086331,0.1,0.3,0.4,0.4,0.4,0.5,0.5,1.0,1.0,0.8,0.4,0.2,0.1,0.05,1.0,1.0,1.0,1.0,1.0,1.0,1.0,0.1,0.3,0.4,0.4,0.4,0.4185185185185185,0.4185185185185185,1.0
PLAIN-2102,421,0.0,0.5307212739772434,0.5296347172140421,0.5590796706691327,0.4303847468019927,0.3871193654699965,0.2685967334895824,0.0,0.004750593824228029,0.007125890736342043,0.014251781472684086,0.019002375296912115,0.04275534441805225,0.052256532066508314,0.0,0.6666666666666666,0.6,0.6,0.4,0.36,0.22,0.0,0.5,0.5,0.5,0.5,0.5,0.5,0.0,0.002771179730799683,0.004552652414885194,0.009258002488406289,0.011484261162897462,0.02073889494603339,0.023172184367225943,2.0
PLAIN-2113,1,0.0,0.0,0.0,0.0,0.0,0.0,0.0,0.0,0.0,0.0,0.0,0.0,0.0,0.0,0.0,0.0,0.0,0.0,0.0,0.0,0.0,0.0,0.0,0.0,0.0,0.0,0.0,0.0,0.0,0.0,0.0,0.0,0.0,0.0,0.0,
PLAIN-2124,17,1.0,1.0,0.7227265726449519,0.46900009332067494,0.3358010113004526,0.40141030138433614,0.40141030138433614,0.058823529411764705,0.17647058823529413,0.17647058823529413,0.17647058823529413,0.17647058823529413,0.29411764705882354,0.29411764705882354,1.0,1.0,0.6,0.3,0.15,0.1,0.05,1.0,1.0,1.0,1.0,1.0,1.0,1.0,0.058823529411764705,0.17647058823529413,0.17647058823529413,0.17647058823529413,0.17647058823529413,0.19589194373401533,0.19589194373401533,1.0
PLAIN-2134,12,0.0,0.0,0.0,0.0,0.0,0.0,0.0,0.0,0.0,0.0,0.0,0.0,0.0,0.0,0.0,0.0,0.0,0.0,0.0,0.0,0.0,0.0,0.0,0.0,0.0,0.0,0.0,0.0,0.0,0.0,0.0,0.0,0.0,0.0,0.0,
PLAIN-2145,9,0.0,0.0,0.0,0.0,0.0,0.0,0.0,0.0,0.0,0.0,0.0,0.0,0.0,0.0,0.0,0.0,0.0,0.0,0.0,0.0,0.0,0.0,0.0,0.0,0.0,0.0,0.0,0.0,0.0,0.0,0.0,0.0,0.0,0.0,0.0,
PLAIN-2156,6,0.0,0.0,0.0,0.09546043308946733,0.16949227759823562,0.16949227759823562,0.16949227759823562,0.0,0.0,0.0,0.16666666666666666,0.3333333333333333,0.3333333333333333,0.3333333333333333,0.0,0.0,0.0,0.1,0.1,0.04,0.02,0.0,0.0,0.0,0.125,0.125,0.125,0.125,0.0,0.0,0.0,0.020833333333333332,0.041666666666666664,0.041666666666666664,0.041666666666666664,8.0
PLAIN-2167,1,0.0,0.0,0.0,0.0,0.0,0.0,0.0,0.0,0.0,0.0,0.0,0.0,0.0,0.0,0.0,0.0,0.0,0.0,0.0,0.0,0.0,0.0,0.0,0.0,0.0,0.0,0.0,0.0,0.0,0.0,0.0,0.0,0.0,0.0,0.0,
PLAIN-2177,24,0.0,0.2960819109658652,0.4912596920895758,0.4634464183177907,0.2990931861430098,0.26590366394361015,0.28499418528850406,0.0,0.041666666666666664,0.125,0.20833333333333334,0.20833333333333334,0.20833333333333334,0.25,0.0,0.3333333333333333,0.6,0.5,0.25,0.1,0.06,0.0,0.5,0.5,0.5,0.5,0.5,0.5,0.0,0.020833333333333332,0.06666666666666667,0.11759259259259258,0.11759259259259258,0.11759259259259258,0.12016991218022144,2.0
PLAIN-2187,9,0.0,0.0,0.0,0.0,0.0,0.0,0.0,0.0,0.0,0.0,0.0,0.0,0.0,0.0,0.0,0.0,0.0,0.0,0.0,0.0,0.0,0.0,0.0,0.0,0.0,0.0,0.0,0.0,0.0,0.0,0.0,0.0,0.0,0.0,0.0,
PLAIN-2197,58,0.0,0.23463936301137822,0.30078518014914984,0.1951890007906611,0.12596860788881453,0.0687603649210481,0.09624163654105236,0.0,0.017241379310344827,0.034482758620689655,0.034482758620689655,0.034482758620689655,0.034482758620689655,0.08620689655172414,0.0,0.3333333333333333,0.4,0.2,0.1,0.04,0.05,0.0,0.3333333333333333,0.3333333333333333,0.3333333333333333,0.3333333333333333,0.3333333333333333,0.3333333333333333,0.0,0.005747126436781609,0.012643678160919542,0.012643678160919542,0.012643678160919542,0.012643678160919542,0.015510051073110546,3.0
PLAIN-2209,2,0.0,0.0,0.0,0.0,0.0,0.0,0.0,0.0,0.0,0.0,0.0,0.0,0.0,0.0,0.0,0.0,0.0,0.0,0.0,0.0,0.0,0.0,0.0,0.0,0.0,0.0,0.0,0.0,0.0,0.0,0.0,0.0,0.0,0.0,0.0,
PLAIN-2220,9,1.0,0.46927872602275644,0.3391602052736161,0.2350455494144854,0.2350455494144854,0.28775306228051073,0.3237833094058944,0.1111111111111111,0.1111111111111111,0.1111111111111111,0.1111111111111111,0.1111111111111111,0.2222222222222222,0.3333333333333333,1.0,0.3333333333333333,0.2,0.1,0.05,0.04,0.03,1.0,1.0,1.0,1.0,1.0,1.0,1.0,0.1111111111111111,0.1111111111111111,0.1111111111111111,0.1111111111111111,0.1111111111111111,0.1216931216931217,0.1253561253561254,1.0
PLAIN-2230,7,0.0,0.0,0.0,0.0,0.0,0.0,0.0,0.0,0.0,0.0,0.0,0.0,0.0,0.0,0.0,0.0,0.0,0.0,0.0,0.0,0.0,0.0,0.0,0.0,0.0,0.0,0.0,0.0,0.0,0.0,0.0,0.0,0.0,0.0,0.0,
PLAIN-2240,11,0.0,0.2960819109658652,0.34519134224686937,0.22400556151517556,0.2607764503532725,0.2989908092702381,0.2989908092702381,0.0,0.09090909090909091,0.18181818181818182,0.18181818181818182,0.2727272727272727,0.36363636363636365,0.36363636363636365,0.0,0.3333333333333333,0.4,0.2,0.15,0.08,0.04,0.0,0.5,0.5,0.5,0.5,0.5,0.5,0.0,0.045454545454545456,0.08181818181818182,0.08181818181818182,0.09786096256684491,0.10651897122485356,0.10651897122485356,2.0
PLAIN-2250,2,0.0,0.0,0.0,0.0,0.0,0.0,0.0,0.0,0.0,0.0,0.0,0.0,0.0,0.0,0.0,0.0,0.0,0.0,0.0,0.0,0.0,0.0,0.0,0.0,0.0,0.0,0.0,0.0,0.0,0.0,0.0,0.0,0.0,0.0,0.0,
PLAIN-2261,60,1.0,0.7653606369886217,0.5531464700081437,0.4373524791503101,0.31631598206760025,0.1898018972242051,0.1898140552381295,0.016666666666666666,0.03333333333333333,0.03333333333333333,0.05,0.06666666666666667,0.08333333333333333,0.11666666666666667,1.0,0.6666666666666666,0.4,0.3,0.2,0.1,0.07,1.0,1.0,1.0,1.0,1.0,1.0,1.0,0.016666666666666666,0.03333333333333333,0.03333333333333333,0.041666666666666664,0.045588235294117645,0.04937611408199643,0.05252726118051195,1.0
PLAIN-2271,10,0.0,0.0,0.0,0.0,0.0,0.0,0.0,0.0,0.0,0.0,0.0,0.0,0.0,0.0,0.0,0.0,0.0,0.0,0.0,0.0,0.0,0.0,0.0,0.0,0.0,0.0,0.0,0.0,0.0,0.0,0.0,0.0,0.0,0.0,0.0,
PLAIN-2281,1,0.0,0.0,0.0,0.0,0.0,0.0,0.0,0.0,0.0,0.0,0.0,0.0,0.0,0.0,0.0,0.0,0.0,0.0,0.0,0.0,0.0,0.0,0.0,0.0,0.0,0.0,0.0,0.0,0.0,0.0,0.0,0.0,0.0,0.0,0.0,
PLAIN-2291,5,0.0,0.0,0.0,0.0,0.0,0.0,0.0,0.0,0.0,0.0,0.0,0.0,0.0,0.0,0.0,0.0,0.0,0.0,0.0,0.0,0.0,0.0,0.0,0.0,0.0,0.0,0.0,0.0,0.0,0.0,0.0,0.0,0.0,0.0,0.0,
PLAIN-2301,13,0.0,0.0,0.0,0.06362078819895173,0.09965947785438417,0.09965947785438417,0.09965947785438417,0.0,0.0,0.0,0.07692307692307693,0.15384615384615385,0.15384615384615385,0.15384615384615385,0.0,0.0,0.0,0.1,0.1,0.04,0.02,0.0,0.0,0.0,0.1,0.1,0.1,0.1,0.0,0.0,0.0,0.007692307692307693,0.01730769230769231,0.01730769230769231,0.01730769230769231,10.0
PLAIN-2311,2,0.0,0.0,0.0,0.0,0.0,0.0,0.0,0.0,0.0,0.0,0.0,0.0,0.0,0.0,0.0,0.0,0.0,0.0,0.0,0.0,0.0,0.0,0.0,0.0,0.0,0.0,0.0,0.0,0.0,0.0,0.0,0.0,0.0,0.0,0.0,
PLAIN-2321,5,0.0,0.0,0.0,0.0,0.0,0.0,0.0,0.0,0.0,0.0,0.0,0.0,0.0,0.0,0.0,0.0,0.0,0.0,0.0,0.0,0.0,0.0,0.0,0.0,0.0,0.0,0.0,0.0,0.0,0.0,0.0,0.0,0.0,0.0,0.0,
PLAIN-2332,97,0.0,0.0,0.13120507751234178,0.22476126319537013,0.2121420443120916,0.2258057641540787,0.15032285592777372,0.0,0.0,0.010309278350515464,0.030927835051546393,0.05154639175257732,0.12371134020618557,0.13402061855670103,0.0,0.0,0.2,0.3,0.25,0.24,0.13,0.0,0.0,0.2,0.2,0.2,0.2,0.2,0.0,0.0,0.002061855670103093,0.008443789887088856,0.013598429062346588,0.034611467660739526,0.036773090540686316,5.0
PLAIN-2343,2,0.0,0.0,0.0,0.0,0.0,0.0,0.0,0.0,0.0,0.0,0.0,0.0,0.0,0.0,0.0,0.0,0.0,0.0,0.0,0.0,0.0,0.0,0.0,0.0,0.0,0.0,0.0,0.0,0.0,0.0,0.0,0.0,0.0,0.0,0.0,
PLAIN-2354,5,0.0,0.0,0.0,0.21109268758922906,0.21109268758922906,0.21109268758922906,0.21109268758922906,0.0,0.0,0.0,0.4,0.4,0.4,0.4,0.0,0.0,0.0,0.2,0.1,0.04,0.02,0.0,0.0,0.0,0.14285714285714285,0.14285714285714285,0.14285714285714285,0.14285714285714285,0.0,0.0,0.0,0.06857142857142857,0.06857142857142857,0.06857142857142857,0.06857142857142857,7.0
PLAIN-2364,15,0.0,0.0,0.0,0.0,0.0,0.0,0.0,0.0,0.0,0.0,0.0,0.0,0.0,0.0,0.0,0.0,0.0,0.0,0.0,0.0,0.0,0.0,0.0,0.0,0.0,0.0,0.0,0.0,0.0,0.0,0.0,0.0,0.0,0.0,0.0,
PLAIN-2375,2,0.0,0.0,0.0,0.0,0.0,0.0,0.0,0.0,0.0,0.0,0.0,0.0,0.0,0.0,0.0,0.0,0.0,0.0,0.0,0.0,0.0,0.0,0.0,0.0,0.0,0.0,0.0,0.0,0.0,0.0,0.0,0.0,0.0,0.0,0.0,
PLAIN-2386,19,0.0,0.0,0.0,0.0,0.0,0.0,0.0,0.0,0.0,0.0,0.0,0.0,0.0,0.0,0.0,0.0,0.0,0.0,0.0,0.0,0.0,0.0,0.0,0.0,0.0,0.0,0.0,0.0,0.0,0.0,0.0,0.0,0.0,0.0,0.0,
PLAIN-2396,18,0.0,0.0,0.0,0.0,0.0,0.0,0.024034995466034617,0.0,0.0,0.0,0.0,0.0,0.0,0.05555555555555555,0.0,0.0,0.0,0.0,0.0,0.0,0.01,0.0,0.0,0.0,0.0,0.0,0.0,0.012658227848101266,0.0,0.0,0.0,0.0,0.0,0.0,0.0007032348804500703,79.0
PLAIN-2408,5,0.0,0.0,0.0,0.0,0.08297572808511901,0.08297572808511901,0.08297572808511901,0.0,0.0,0.0,0.0,0.2,0.2,0.2,0.0,0.0,0.0,0.0,0.05,0.02,0.01,0.0,0.0,0.0,0.0,0.0625,0.0625,0.0625,0.0,0.0,0.0,0.0,0.0125,0.0125,0.0125,16.0
PLAIN-2430,46,1.0,0.46927872602275644,0.3391602052736161,0.2200917662980802,0.21328556323119655,0.1752739015097497,0.20956011587127232,0.021739130434782608,0.021739130434782608,0.021739130434782608,0.021739130434782608,0.06521739130434782,0.08695652173913043,0.15217391304347827,1.0,0.3333333333333333,0.2,0.1,0.15,0.08,0.07,1.0,1.0,1.0,1.0,1.0,1.0,1.0,0.021739130434782608,0.021739130434782608,0.021739130434782608,0.021739130434782608,0.02868103763244428,0.031786627694556084,0.03624278634465709,1.0
PLAIN-2440,21,0.0,0.0,0.0,0.0,0.0,0.0,0.02340027953194309,0.0,0.0,0.0,0.0,0.0,0.0,0.047619047619047616,0.0,0.0,0.0,0.0,0.0,0.0,0.01,0.0,0.0,0.0,0.0,0.0,0.0,0.017241379310344827,0.0,0.0,0.0,0.0,0.0,0.0,0.0008210180623973727,58.0
PLAIN-2450,38,0.0,0.2960819109658652,0.21398626473452756,0.13886244387355456,0.10400219153005798,0.11474030458062945,0.13395202583769053,0.0,0.02631578947368421,0.02631578947368421,0.02631578947368421,0.02631578947368421,0.07894736842105263,0.10526315789473684,0.0,0.3333333333333333,0.2,0.1,0.05,0.06,0.04,0.0,0.5,0.5,0.5,0.5,0.5,0.5,0.0,0.013157894736842105,0.013157894736842105,0.013157894736842105,0.013157894736842105,0.0160863697705803,0.01719440301157753,2.0
PLAIN-2460,31,0.0,0.0,0.07303417492135322,0.05748471664172886,0.11610989575846886,0.19225832332511475,0.26976754981482887,0.0,0.0,0.03225806451612903,0.03225806451612903,0.0967741935483871,0.25806451612903225,0.3548387096774194,0.0,0.0,0.2,0.1,0.15,0.16,0.11,0.0,0.0,0.25,0.25,0.25,0.25,0.25,0.0,0.0,0.008064516129032258,0.008064516129032258,0.017789373814041748,0.04745892502753705,0.05994877990063699,4.0
PLAIN-2470,73,1.0,0.46927872602275644,0.4121943801949693,0.4075103038334335,0.32966032800755246,0.24302683668213126,0.2434428592133861,0.0136986301369863,0.0136986301369863,0.0273972602739726,0.0547945205479452,0.0684931506849315,0.0958904109589041,0.1506849315068493,1.0,0.3333333333333333,0.4,0.4,0.25,0.14,0.11,1.0,1.0,1.0,1.0,1.0,1.0,1.0,0.0136986301369863,0.0136986301369863,0.02054794520547945,0.03189823874755382,0.035927247611373316,0.040718394112486754,0.04689412381811365,1.0
PLAIN-2480,18,1.0,0.5865984075284455,0.4239502565920201,0.28415375066613413,0.23071852029013928,0.3167440409841917,0.3167440409841917,0.05555555555555555,0.1111111111111111,0.1111111111111111,0.1111111111111111,0.1111111111111111,0.2777777777777778,0.2777777777777778,1.0,0.6666666666666666,0.4,0.2,0.1,0.1,0.05,1.0,1.0,1.0,1.0,1.0,1.0,1.0,0.05555555555555555,0.09259259259259259,0.09259259259259259,0.09259259259259259,0.09259259259259259,0.1094090971085652,0.1094090971085652,1.0
PLAIN-2490,23,0.0,0.0,0.0,0.0,0.0,0.0336180759785964,0.04826499762510134,0.0,0.0,0.0,0.0,0.0,0.043478260869565216,0.08695652173913043,0.0,0.0,0.0,0.0,0.0,0.02,0.02,0.0,0.0,0.0,0.0,0.0,0.02127659574468085,0.02127659574468085,0.0,0.0,0.0,0.0,0.0,0.0009250693802035152,0.0019602660675741156,47.0
PLAIN-2500,7,0.0,0.0,0.0,0.059872671137193724,0.059872671137193724,0.059872671137193724,0.11688253861664606,0.0,0.0,0.0,0.14285714285714285,0.14285714285714285,0.14285714285714285,0.2857142857142857,0.0,0.0,0.0,0.1,0.05,0.02,0.02,0.0,0.0,0.0,0.125,0.125,0.125,0.125,0.0,0.0,0.0,0.017857142857142856,0.017857142857142856,0.017857142857142856,0.020714285714285713,8.0
PLAIN-2510,46,1.0,0.617319681505689,0.5773584151532217,0.5511289924090187,0.4580312406784068,0.41459428598026743,0.4675755105623756,0.021739130434782608,0.043478260869565216,0.06521739130434782,0.13043478260869565,0.17391304347826086,0.2826086956521739,0.391304347826087,1.0,0.6666666666666666,0.6,0.6,0.4,0.26,0.18,1.0,1.0,1.0,1.0,1.0,1.0,1.0,0.021739130434782608,0.043478260869565216,0.05652173913043478,0.09613526570048307,0.1186649099692578,0.15167710589275504,0.17467817383993428,1.0
PLAIN-2520,73,0.0,0.0,0.0,0.0,0.0,0.011943582344363646,0.08329485329788366,0.0,0.0,0.0,0.0,0.0,0.0136986301369863,0.1095890410958904,0.0,0.0,0.0,0.0,0.0,0.02,0.08,0.0,0.0,0.0,0.0,0.0,0.045454545454545456,0.045454545454545456,0.0,0.0,0.0,0.0,0.0,0.0006226650062266501,0.00726341682530782,22.0
PLAIN-2530,72,1.0,1.0,1.0,0.9334739949321356,0.7186582521515137,0.546846730868203,0.4861837734152412,0.013888888888888888,0.041666666666666664,0.06944444444444445,0.1388888888888889,0.16666666666666666,0.2222222222222222,0.2638888888888889,1.0,1.0,1.0,1.0,0.6,0.32,0.19,1.0,1.0,1.0,1.0,1.0,1.0,1.0,0.013888888888888888,0.041666666666666664,0.06944444444444445,0.1388888888888889,0.1615497076023392,0.18611331914511742,0.1968029805414065,1.0
PLAIN-2540,21,0.0,0.0,0.07303417492135322,0.12066376607389008,0.1433843470810083,0.17300076944362622,0.20114148128835507,0.0,0.0,0.047619047619047616,0.09523809523809523,0.14285714285714285,0.19047619047619047,0.23809523809523808,0.0,0.0,0.2,0.2,0.15,0.08,0.05,0.0,0.0,0.25,0.25,0.25,0.25,0.25,0.0,0.0,0.011904761904761904,0.023809523809523808,0.03679653679653679,0.04155844155844156,0.04491189561612097,4.0
PLAIN-2550,25,0.0,0.0,0.07303417492135322,0.05487565949361938,0.04163163626124009,0.03765829789514068,0.03765829789514068,0.0,0.0,0.04,0.04,0.04,0.04,0.04,0.0,0.0,0.2,0.1,0.05,0.02,0.01,0.0,0.0,0.25,0.25,0.25,0.25,0.25,0.0,0.0,0.01,0.01,0.01,0.01,0.01,4.0
PLAIN-2560,21,1.0,1.0,1.0,0.7967610662472993,0.7400284530263409,0.7556171519637356,0.7831052059680624,0.047619047619047616,0.14285714285714285,0.23809523809523808,0.3333333333333333,0.47619047619047616,0.5238095238095238,0.6190476190476191,1.0,1.0,1.0,0.7,0.5,0.22,0.13,1.0,1.0,1.0,1.0,1.0,1.0,1.0,0.047619047619047616,0.14285714285714285,0.23809523809523808,0.3273809523809524,0.4187895437895438,0.42947953407137085,0.44812311271494953,1.0
PLAIN-2570,40,0.5,0.23463936301137822,0.16958010263680806,0.1222260944107594,0.166594708253431,0.17527274221088968,0.2422663540287588,0.025,0.025,0.025,0.025,0.075,0.175,0.3,1.0,0.3333333333333333,0.2,0.1,0.15,0.14,0.12,1.0,1.0,1.0,1.0,1.0,1.0,1.0,0.025,0.025,0.025,0.025,0.034545454545454546,0.05226931828449856,0.07082218766202711,1.0
PLAIN-2580,23,0.0,0.0,0.0,0.0433089068463821,0.03151876363886745,0.048017565528152006,0.0941352569595378,0.0,0.0,0.0,0.043478260869565216,0.043478260869565216,0.08695652173913043,0.17391304347826086,0.0,0.0,0.0,0.1,0.05,0.04,0.04,0.0,0.0,0.0,0.1,0.1,0.1,0.1,0.0,0.0,0.0,0.004347826086956522,0.004347826086956522,0.006370070778564206,0.009517691382870001,10.0
PLAIN-2590,63,1.0,0.617319681505689,0.44615333764087994,0.2990354228865831,0.2823269222104767,0.19665693766815506,0.1831241546550388,0.015873015873015872,0.031746031746031744,0.031746031746031744,0.031746031746031744,0.047619047619047616,0.06349206349206349,0.07936507936507936,1.0,0.6666666666666666,0.4,0.2,0.15,0.08,0.05,1.0,1.0,1.0,1.0,1.0,1.0,1.0,0.015873015873015872,0.031746031746031744,0.031746031746031744,0.031746031746031744,0.03607503607503607,0.037586751872466156,0.039113003398717684,1.0
PLAIN-2600,10,0.0,0.23463936301137822,0.18148604814387062,0.22211018439732447,0.3337606150524756,0.3337606150524756,0.3337606150524756,0.0,0.1,0.1,0.2,0.4,0.4,0.4,0.0,0.3333333333333333,0.2,0.2,0.2,0.08,0.04,0.0,0.3333333333333333,0.3333333333333333,0.3333333333333333,0.3333333333333333,0.3333333333333333,0.3333333333333333,0.0,0.03333333333333333,0.03333333333333333,0.05333333333333333,0.10282828282828282,0.10282828282828282,0.10282828282828282,3.0
PLAIN-2610,61,1.0,0.7653606369886217,0.5531464700081437,0.3936698211400234,0.4139663099508557,0.29905664328795145,0.29499298497319565,0.01639344262295082,0.03278688524590164,0.03278688524590164,0.04918032786885246,0.09836065573770492,0.11475409836065574,0.14754098360655737,1.0,0.6666666666666666,0.4,0.3,0.3,0.14,0.09,1.0,1.0,1.0,1.0,1.0,1.0,1.0,0.01639344262295082,0.03278688524590164,0.03278688524590164,0.0389344262295082,0.054361076082387556,0.058774695250105084,0.062463219840269014,1.0
PLAIN-2620,55,0.0,0.0,0.0,0.0,0.0,0.02851728863725079,0.06640259164860303,0.0,0.0,0.0,0.0,0.0,0.03636363636363636,0.09090909090909091,0.0,0.0,0.0,0.0,0.0,0.04,0.05,0.0,0.0,0.0,0.0,0.0,0.03225806451612903,0.03225806451612903,0.0,0.0,0.0,0.0,0.0,0.001394591072010427,0.004343194755908228,31.0
PLAIN-2630,48,1.0,0.7039180890341347,0.639945385422766,0.4152807670887413,0.26800864752247183,0.2305458117198856,0.2305458117198856,0.020833333333333332,0.041666666666666664,0.0625,0.0625,0.0625,0.10416666666666667,0.10416666666666667,1.0,0.6666666666666666,0.6,0.3,0.15,0.1,0.05,1.0,1.0,1.0,1.0,1.0,1.0,1.0,0.020833333333333332,0.03472222222222222,0.04722222222222222,0.04722222222222222,0.04722222222222222,0.05306695992179863,0.05306695992179863,1.0
PLAIN-2640,48,0.0,0.11731968150568911,0.15039259007457492,0.2170623973891543,0.2782458800893195,0.22298346212589798,0.22298346212589798,0.0,0.020833333333333332,0.041666666666666664,0.08333333333333333,0.14583333333333334,0.20833333333333334,0.20833333333333334,0.0,0.3333333333333333,0.4,0.4,0.35,0.2,0.1,0.0,0.3333333333333333,0.3333333333333333,0.3333333333333333,0.3333333333333333,0.3333333333333333,0.3333333333333333,0.0,0.006944444444444444,0.015277777777777779,0.03759920634920635,0.06228853383458646,0.08062987188649075,0.08062987188649075,3.0
PLAIN-2650,29,1.0,1.0,0.8687949224876582,0.5637884576902257,0.4761545049263922,0.5277204679700976,0.5277204679700976,0.034482758620689655,0.10344827586206896,0.13793103448275862,0.13793103448275862,0.1724137931034483,0.3103448275862069,0.3103448275862069,1.0,1.0,0.8,0.4,0.25,0.18,0.09,1.0,1.0,1.0,1.0,1.0,1.0,1.0,0.034482758620689655,0.10344827586206896,0.13793103448275862,0.13793103448275862,0.15119363395225466,0.1856572141754912,0.1856572141754912,1.0
PLAIN-2660,27,0.0,0.0,0.0,0.0,0.038384638165382894,0.06195934612962873,0.08153104116355273,0.0,0.0,0.0,0.0,0.037037037037037035,0.07407407407407407,0.1111111111111111,0.0,0.0,0.0,0.0,0.05,0.04,0.03,0.0,0.0,0.0,0.0,0.08333333333333333,0.08333333333333333,0.08333333333333333,0.0,0.0,0.0,0.0,0.0030864197530864196,0.006049382716049383,0.007244125846276384,12.0
PLAIN-2670,35,1.0,0.46927872602275644,0.3937481555797838,0.29964840342598303,0.2180740150253072,0.16292352957990994,0.17635257129563314,0.02857142857142857,0.02857142857142857,0.02857142857142857,0.02857142857142857,0.02857142857142857,0.02857142857142857,0.05714285714285714,1.0,0.3333333333333333,0.2,0.1,0.05,0.02,0.02,1.0,1.0,1.0,1.0,1.0,1.0,1.0,0.02857142857142857,0.02857142857142857,0.02857142857142857,0.02857142857142857,0.02857142857142857,0.02857142857142857,0.029437229437229435,1.0
PLAIN-2680,14,0.0,0.0,0.0,0.0,0.0,0.0,0.01914614241781916,0.0,0.0,0.0,0.0,0.0,0.0,0.07142857142857142,0.0,0.0,0.0,0.0,0.0,0.0,0.01,0.0,0.0,0.0,0.0,0.0,0.0,0.017543859649122806,0.0,0.0,0.0,0.0,0.0,0.0,0.0012531328320802004,57.0
PLAIN-2690,43,0.5,0.23463936301137822,0.16958010263680806,0.14317299487623464,0.12488308954898449,0.1259134363146045,0.18437670322145452,0.023255813953488372,0.023255813953488372,0.023255813953488372,0.046511627906976744,0.06976744186046512,0.11627906976744186,0.20930232558139536,1.0,0.3333333333333333,0.2,0.2,0.15,0.1,0.09,1.0,1.0,1.0,1.0,1.0,1.0,1.0,0.023255813953488372,0.023255813953488372,0.023255813953488372,0.028423772609819122,0.03476626732440686,0.04141078559683211,0.052668841553713416,1.0
PLAIN-2700,10,0.0,0.0,0.0,0.0,0.03592971136439376,0.03592971136439376,0.03592971136439376,0.0,0.0,0.0,0.0,0.1,0.1,0.1,0.0,0.0,0.0,0.0,0.05,0.02,0.01,0.0,0.0,0.0,0.0,0.058823529411764705,0.058823529411764705,0.058823529411764705,0.0,0.0,0.0,0.0,0.0058823529411764705,0.0058823529411764705,0.0058823529411764705,17.0
PLAIN-2710,21,1.0,0.7653606369886217,0.5531464700081437,0.5543211550588749,0.4157671059156378,0.4066382047518808,0.4066382047518808,0.047619047619047616,0.09523809523809523,0.09523809523809523,0.19047619047619047,0.19047619047619047,0.19047619047619047,0.19047619047619047,1.0,0.6666666666666666,0.4,0.4,0.2,0.08,0.04,1.0,1.0,1.0,1.0,1.0,1.0,1.0,0.047619047619047616,0.09523809523809523,0.09523809523809523,0.13015873015873017,0.13015873015873017,0.13015873015873017,0.13015873015873017,1.0
PLAIN-2720,36,0.0,0.0,0.0,0.0,0.0,0.02505227771909192,0.0564215003854479,0.0,0.0,0.0,0.0,0.0,0.027777777777777776,0.08333333333333333,0.0,0.0,0.0,0.0,0.0,0.02,0.03,0.0,0.0,0.0,0.0,0.0,0.030303030303030304,0.030303030303030304,0.0,0.0,0.0,0.0,0.0,0.0008417508417508418,0.0027092963533641495,33.0
PLAIN-2730,29,1.0,0.46927872602275644,0.48522855511632257,0.4110007138551422,0.31766124410245034,0.2704429439652921,0.30898107768802235,0.034482758620689655,0.034482758620689655,0.06896551724137931,0.10344827586206896,0.10344827586206896,0.10344827586206896,0.1724137931034483,1.0,0.3333333333333333,0.4,0.3,0.15,0.06,0.05,1.0,1.0,1.0,1.0,1.0,1.0,1.0,0.034482758620689655,0.034482758620689655,0.05172413793103448,0.06465517241379311,0.06465517241379311,0.06465517241379311,0.06952866711204755,1.0
PLAIN-2740,50,1.0,0.7039180890341347,0.5087403079104241,0.400426135791208,0.3003385566138286,0.2170344181332108,0.22751312797682996,0.02,0.04,0.04,0.04,0.04,0.08,0.1,1.0,0.6666666666666666,0.4,0.2,0.1,0.08,0.05,1.0,1.0,1.0,1.0,1.0,1.0,1.0,0.02,0.03333333333333333,0.03333333333333333,0.03333333333333333,0.03333333333333333,0.03953886693017127,0.041101366930171274,1.0
PLAIN-2750,59,1.0,0.7653606369886217,0.6187490087643146,0.5779057802490297,0.538136256621913,0.4221273867034555,0.42062629151249786,0.01694915254237288,0.03389830508474576,0.05084745762711865,0.11864406779661017,0.1694915254237288,0.23728813559322035,0.288135593220339,1.0,0.6666666666666666,0.6,0.7,0.5,0.28,0.17,1.0,1.0,1.0,1.0,1.0,1.0,1.0,0.01694915254237288,0.03389830508474576,0.04406779661016949,0.08912429378531074,0.12000941619585688,0.1475058113135261,0.1573468342431354,1.0
PLAIN-2760,8,0.0,0.0,0.0,0.0,0.0,0.06345677313567494,0.06345677313567494,0.0,0.0,0.0,0.0,0.0,0.125,0.125,0.0,0.0,0.0,0.0,0.0,0.02,0.01,0.0,0.0,0.0,0.0,0.0,0.02040816326530612,0.02040816326530612,0.0,0.0,0.0,0.0,0.0,0.002551020408163265,0.002551020408163265,49.0
PLAIN-2770,41,0.0,0.0,0.21167088859887737,0.18236000118538698,0.2153685897715524,0.15662487153716942,0.25956922440287633,0.0,0.0,0.04878048780487805,0.07317073170731707,0.12195121951219512,0.12195121951219512,0.3170731707317073,0.0,0.0,0.4,0.3,0.25,0.1,0.13,0.0,0.0,0.25,0.25,0.25,0.25,0.25,0.0,0.0,0.015853658536585366,0.028048780487804875,0.04708056171470806,0.04708056171470806,0.07127318338714876,4.0
PLAIN-2780,22,0.5,0.617319681505689,0.44615333764087994,0.3467560737637104,0.29258786024907946,0.28119775580540834,0.3252696842047447,0.045454545454545456,0.13636363636363635,0.13636363636363635,0.18181818181818182,0.22727272727272727,0.22727272727272727,0.3181818181818182,1.0,1.0,0.6,0.4,0.25,0.1,0.07,1.0,1.0,1.0,1.0,1.0,1.0,1.0,0.045454545454545456,0.13636363636363635,0.13636363636363635,0.1590909090909091,0.178030303030303,0.178030303030303,0.18687440010969422,1.0
PLAIN-2790,59,1.0,0.7653606369886217,0.6843515475204855,0.5174612499126158,0.4376324063603544,0.32621589880090757,0.31658204297488246,0.01694915254237288,0.03389830508474576,0.05084745762711865,0.06779661016949153,0.0847457627118644,0.13559322033898305,0.15254237288135594,1.0,0.6666666666666666,0.6,0.4,0.25,0.16,0.09,1.0,1.0,1.0,1.0,1.0,1.0,1.0,0.01694915254237288,0.03389830508474576,0.04406779661016949,0.05375302663438257,0.059049636803874095,0.06964991928974981,0.07168381759483455,1.0
PLAIN-2800,24,0.0,0.0,0.0,0.0,0.030415104060563972,0.027755657111227357,0.027755657111227357,0.0,0.0,0.0,0.0,0.041666666666666664,0.041666666666666664,0.041666666666666664,0.0,0.0,0.0,0.0,0.05,0.02,0.01,0.0,0.0,0.0,0.0,0.09090909090909091,0.09090909090909091,0.09090909090909091,0.0,0.0,0.0,0.0,0.003787878787878788,0.003787878787878788,0.003787878787878788,11.0
PLAIN-2810,8,0.0,0.0,0.0,0.0,0.0,0.033494714191375646,0.033494714191375646,0.0,0.0,0.0,0.0,0.0,0.125,0.125,0.0,0.0,0.0,0.0,0.0,0.02,0.01,0.0,0.0,0.0,0.0,0.0,0.034482758620689655,0.034482758620689655,0.0,0.0,0.0,0.0,0.0,0.004310344827586207,0.004310344827586207,29.0
PLAIN-2820,8,0.0,0.0,0.0,0.0,0.0,0.0,0.0,0.0,0.0,0.0,0.0,0.0,0.0,0.0,0.0,0.0,0.0,0.0,0.0,0.0,0.0,0.0,0.0,0.0,0.0,0.0,0.0,0.0,0.0,0.0,0.0,0.0,0.0,0.0,0.0,
PLAIN-2830,3,0.0,0.0,0.0,0.0,0.1781853747008786,0.1781853747008786,0.1781853747008786,0.0,0.0,0.0,0.0,0.3333333333333333,0.3333333333333333,0.3333333333333333,0.0,0.0,0.0,0.0,0.05,0.02,0.01,0.0,0.0,0.0,0.0,0.09090909090909091,0.09090909090909091,0.09090909090909091,0.0,0.0,0.0,0.0,0.030303030303030304,0.030303030303030304,0.030303030303030304,11.0
PLAIN-2840,17,0.0,0.0,0.0,0.0,0.0,0.0,0.0,0.0,0.0,0.0,0.0,0.0,0.0,0.0,0.0,0.0,0.0,0.0,0.0,0.0,0.0,0.0,0.0,0.0,0.0,0.0,0.0,0.0,0.0,0.0,0.0,0.0,0.0,0.0,0.0,
PLAIN-2850,9,0.0,0.0,0.0,0.0,0.0,0.06930748526315816,0.13089894589008602,0.0,0.0,0.0,0.0,0.0,0.1111111111111111,0.3333333333333333,0.0,0.0,0.0,0.0,0.0,0.02,0.03,0.0,0.0,0.0,0.0,0.0,0.022727272727272728,0.022727272727272728,0.0,0.0,0.0,0.0,0.0,0.0025252525252525255,0.01028477260871627,44.0
PLAIN-2860,2,1.0,1.0,1.0,1.0,1.0,1.0,1.0,0.5,1.0,1.0,1.0,1.0,1.0,1.0,1.0,0.6666666666666666,0.4,0.2,0.1,0.04,0.02,1.0,1.0,1.0,1.0,1.0,1.0,1.0,0.5,1.0,1.0,1.0,1.0,1.0,1.0,1.0
PLAIN-2870,5,0.0,0.0,0.0,0.0,0.0,0.0,0.0,0.0,0.0,0.0,0.0,0.0,0.0,0.0,0.0,0.0,0.0,0.0,0.0,0.0,0.0,0.0,0.0,0.0,0.0,0.0,0.0,0.0,0.0,0.0,0.0,0.0,0.0,0.0,0.0,
PLAIN-2880,17,0.0,0.0,0.0,0.0,0.0,0.0,0.0183574555130677,0.0,0.0,0.0,0.0,0.0,0.0,0.058823529411764705,0.0,0.0,0.0,0.0,0.0,0.0,0.01,0.0,0.0,0.0,0.0,0.0,0.0,0.011764705882352941,0.0,0.0,0.0,0.0,0.0,0.0,0.0006920415224913495,85.0
PLAIN-2890,29,0.0,0.0,0.0,0.0,0.0,0.041771123683037835,0.041771123683037835,0.0,0.0,0.0,0.0,0.0,0.034482758620689655,0.034482758620689655,0.0,0.0,0.0,0.0,0.0,0.02,0.01,0.0,0.0,0.0,0.0,0.0,0.037037037037037035,0.037037037037037035,0.0,0.0,0.0,0.0,0.0,0.0012771392081736908,0.0012771392081736908,27.0
PLAIN-2900,12,0.0,0.0,0.15632357310588862,0.12122913927828419,0.11253123804039605,0.11253123804039605,0.15263447614685485,0.0,0.0,0.08333333333333333,0.08333333333333333,0.08333333333333333,0.08333333333333333,0.25,0.0,0.0,0.2,0.1,0.05,0.02,0.03,0.0,0.0,0.25,0.25,0.25,0.25,0.25,0.0,0.0,0.020833333333333332,0.020833333333333332,0.020833333333333332,0.020833333333333332,0.02542338381371112,4.0
PLAIN-2910,15,1.0,0.5316519652587917,0.43673949858938643,0.32391343968871883,0.26694151849573755,0.26694151849573755,0.26694151849573755,0.06666666666666667,0.06666666666666667,0.06666666666666667,0.06666666666666667,0.06666666666666667,0.06666666666666667,0.06666666666666667,1.0,0.3333333333333333,0.2,0.1,0.05,0.02,0.01,1.0,1.0,1.0,1.0,1.0,1.0,1.0,0.06666666666666667,0.06666666666666667,0.06666666666666667,0.06666666666666667,0.06666666666666667,0.06666666666666667,0.06666666666666667,1.0
PLAIN-2920,7,0.0,0.0,0.0,0.0,0.0,0.0,0.0,0.0,0.0,0.0,0.0,0.0,0.0,0.0,0.0,0.0,0.0,0.0,0.0,0.0,0.0,0.0,0.0,0.0,0.0,0.0,0.0,0.0,0.0,0.0,0.0,0.0,0.0,0.0,0.0,
PLAIN-2930,14,1.0,0.6387878864795979,0.5065267082131061,0.4150816930657179,0.34804248639691354,0.34804248639691354,0.3946351004710418,0.07142857142857142,0.07142857142857142,0.07142857142857142,0.14285714285714285,0.14285714285714285,0.14285714285714285,0.2857142857142857,1.0,0.3333333333333333,0.2,0.2,0.1,0.04,0.04,1.0,1.0,1.0,1.0,1.0,1.0,1.0,0.07142857142857142,0.07142857142857142,0.07142857142857142,0.08730158730158731,0.08730158730158731,0.08730158730158731,0.09286033581985306,1.0
PLAIN-2940,22,0.0,0.0,0.0,0.0,0.0,0.0,0.03568270574174038,0.0,0.0,0.0,0.0,0.0,0.0,0.09090909090909091,0.0,0.0,0.0,0.0,0.0,0.0,0.02,0.0,0.0,0.0,0.0,0.0,0.0,0.015873015873015872,0.0,0.0,0.0,0.0,0.0,0.0,0.001887001887001887,63.0
PLAIN-2950,2,0.0,0.0,0.0,0.0,0.0,0.0,0.0,0.0,0.0,0.0,0.0,0.0,0.0,0.0,0.0,0.0,0.0,0.0,0.0,0.0,0.0,0.0,0.0,0.0,0.0,0.0,0.0,0.0,0.0,0.0,0.0,0.0,0.0,0.0,0.0,
PLAIN-2960,2,0.0,0.0,0.0,0.0,0.1996629021969513,0.1996629021969513,0.1996629021969513,0.0,0.0,0.0,0.0,0.5,0.5,0.5,0.0,0.0,0.0,0.0,0.05,0.02,0.01,0.0,0.0,0.0,0.0,0.07692307692307693,0.07692307692307693,0.07692307692307693,0.0,0.0,0.0,0.0,0.038461538461538464,0.038461538461538464,0.038461538461538464,13.0
PLAIN-2970,9,0.0,0.0,0.0,0.0,0.1061730847853307,0.1061730847853307,0.1061730847853307,0.0,0.0,0.0,0.0,0.1111111111111111,0.1111111111111111,0.1111111111111111,0.0,0.0,0.0,0.0,0.05,0.02,0.01,0.0,0.0,0.0,0.0,0.09090909090909091,0.09090909090909091,0.09090909090909091,0.0,0.0,0.0,0.0,0.010101010101010102,0.010101010101010102,0.010101010101010102,11.0
PLAIN-2981,7,0.0,0.0,0.0,0.0,0.0,0.0,0.07214324787428222,0.0,0.0,0.0,0.0,0.0,0.0,0.14285714285714285,0.0,0.0,0.0,0.0,0.0,0.0,0.01,0.0,0.0,0.0,0.0,0.0,0.0,0.016129032258064516,0.0,0.0,0.0,0.0,0.0,0.0,0.002304147465437788,62.0
PLAIN-2991,2,0.0,0.0,0.0,0.0,0.16569576576522954,0.16569576576522954,0.16569576576522954,0.0,0.0,0.0,0.0,0.5,0.5,0.5,0.0,0.0,0.0,0.0,0.05,0.02,0.01,0.0,0.0,0.0,0.0,0.08333333333333333,0.08333333333333333,0.08333333333333333,0.0,0.0,0.0,0.0,0.041666666666666664,0.041666666666666664,0.041666666666666664,12.0
PLAIN-3001,2,0.0,0.0,0.0,0.0,0.0,0.0,0.0,0.0,0.0,0.0,0.0,0.0,0.0,0.0,0.0,0.0,0.0,0.0,0.0,0.0,0.0,0.0,0.0,0.0,0.0,0.0,0.0,0.0,0.0,0.0,0.0,0.0,0.0,0.0,0.0,
PLAIN-3014,1,0.0,0.0,0.0,0.0,0.0,0.0,0.0,0.0,0.0,0.0,0.0,0.0,0.0,0.0,0.0,0.0,0.0,0.0,0.0,0.0,0.0,0.0,0.0,0.0,0.0,0.0,0.0,0.0,0.0,0.0,0.0,0.0,0.0,0.0,0.0,
PLAIN-3026,1,0.0,0.0,0.0,0.0,0.0,0.0,0.0,0.0,0.0,0.0,0.0,0.0,0.0,0.0,0.0,0.0,0.0,0.0,0.0,0.0,0.0,0.0,0.0,0.0,0.0,0.0,0.0,0.0,0.0,0.0,0.0,0.0,0.0,0.0,0.0,
PLAIN-3037,4,0.0,0.0,0.0,0.11284514134893527,0.11284514134893527,0.1867051871556546,0.3099829917644805,0.0,0.0,0.0,0.25,0.25,0.5,1.0,0.0,0.0,0.0,0.1,0.05,0.04,0.04,0.0,0.0,0.0,0.1,0.1,0.1,0.1,0.0,0.0,0.0,0.025,0.025,0.038157894736842106,0.05976859125425504,10.0
PLAIN-3053,3,0.0,0.0,0.18154179253735267,0.18154179253735267,0.18154179253735267,0.28137898951524404,0.36082497186874185,0.0,0.0,0.3333333333333333,0.3333333333333333,0.3333333333333333,0.6666666666666666,1.0,0.0,0.0,0.2,0.1,0.05,0.04,0.03,0.0,0.0,0.2,0.2,0.2,0.2,0.2,0.0,0.0,0.06666666666666667,0.06666666666666667,0.06666666666666667,0.09333333333333334,0.11028248587570622,5.0
PLAIN-3063,4,0.0,0.0,0.0,0.13905617951077562,0.13905617951077562,0.13905617951077562,0.2075386246017666,0.0,0.0,0.0,0.25,0.25,0.25,0.5,0.0,0.0,0.0,0.1,0.05,0.02,0.02,0.0,0.0,0.0,0.16666666666666666,0.16666666666666666,0.16666666666666666,0.16666666666666666,0.0,0.0,0.0,0.041666666666666664,0.041666666666666664,0.041666666666666664,0.051470588235294115,6.0
PLAIN-3074,1,0.0,0.5,0.5,0.5,0.5,0.5,0.5,0.0,1.0,1.0,1.0,1.0,1.0,1.0,0.0,0.3333333333333333,0.2,0.1,0.05,0.02,0.01,0.0,0.3333333333333333,0.3333333333333333,0.3333333333333333,0.3333333333333333,0.3333333333333333,0.3333333333333333,0.0,0.3333333333333333,0.3333333333333333,0.3333333333333333,0.3333333333333333,0.3333333333333333,0.3333333333333333,3.0
PLAIN-3085,2,1.0,0.6131471927654584,0.6131471927654584,0.8315546295836225,0.8315546295836225,0.8315546295836225,0.8315546295836225,0.5,0.5,0.5,1.0,1.0,1.0,1.0,1.0,0.3333333333333333,0.2,0.2,0.1,0.04,0.02,1.0,1.0,1.0,1.0,1.0,1.0,1.0,0.5,0.5,0.5,0.6666666666666666,0.6666666666666666,0.6666666666666666,0.6666666666666666,1.0
PLAIN-3097,4,0.0,0.0,0.0,0.14360281747436796,0.14360281747436796,0.19088681457943105,0.2716464335620036,0.0,0.0,0.0,0.25,0.25,0.5,0.75,0.0,0.0,0.0,0.1,0.05,0.04,0.03,0.0,0.0,0.0,0.1111111111111111,0.1111111111111111,0.1111111111111111,0.1111111111111111,0.0,0.0,0.0,0.027777777777777776,0.027777777777777776,0.043402777777777776,0.05611464218455744,9.0
PLAIN-3116,1,0.0,0.0,0.0,0.0,0.0,0.0,0.0,0.0,0.0,0.0,0.0,0.0,0.0,0.0,0.0,0.0,0.0,0.0,0.0,0.0,0.0,0.0,0.0,0.0,0.0,0.0,0.0,0.0,0.0,0.0,0.0,0.0,0.0,0.0,0.0,
PLAIN-3131,6,0.0,0.0,0.0,0.0,0.0,0.14467553539887476,0.14467553539887476,0.0,0.0,0.0,0.0,0.0,0.3333333333333333,0.3333333333333333,0.0,0.0,0.0,0.0,0.0,0.04,0.02,0.0,0.0,0.0,0.0,0.0,0.03125,0.03125,0.0,0.0,0.0,0.0,0.0,0.015012254901960785,0.015012254901960785,32.0
PLAIN-3141,34,0.0,0.0,0.08478905019642409,0.06452577150984495,0.046959683098172354,0.03564533082619641,0.03564533082619641,0.0,0.0,0.029411764705882353,0.029411764705882353,0.029411764705882353,0.029411764705882353,0.029411764705882353,0.0,0.0,0.2,0.1,0.05,0.02,0.01,0.0,0.0,0.25,0.25,0.25,0.25,0.25,0.0,0.0,0.007352941176470588,0.007352941176470588,0.007352941176470588,0.007352941176470588,0.007352941176470588,4.0
PLAIN-3151,18,0.0,0.0,0.0,0.07716607426375235,0.11438430379455314,0.1346815669895432,0.1346815669895432,0.0,0.0,0.0,0.05555555555555555,0.1111111111111111,0.16666666666666666,0.16666666666666666,0.0,0.0,0.0,0.1,0.1,0.06,0.03,0.0,0.0,0.0,0.1,0.1,0.1,0.1,0.0,0.0,0.0,0.005555555555555556,0.013492063492063493,0.018253968253968255,0.018253968253968255,10.0
PLAIN-3161,43,1.0,0.6387878864795979,0.5065267082131061,0.4150816930657179,0.37902412106436895,0.27093824402056654,0.295759192166261,0.023255813953488372,0.023255813953488372,0.023255813953488372,0.046511627906976744,0.11627906976744186,0.16279069767441862,0.20930232558139536,1.0,0.3333333333333333,0.2,0.2,0.25,0.14,0.09,1.0,1.0,1.0,1.0,1.0,1.0,1.0,0.023255813953488372,0.023255813953488372,0.023255813953488372,0.028423772609819122,0.04605217703712916,0.053951570363721675,0.05876573796858695,1.0
PLAIN-3171,34,0.0,0.15969697161989949,0.12663167705327652,0.09019475927038983,0.09201340445692219,0.06755450577201791,0.06755450577201791,0.0,0.029411764705882353,0.029411764705882353,0.029411764705882353,0.058823529411764705,0.058823529411764705,0.058823529411764705,0.0,0.3333333333333333,0.2,0.1,0.1,0.04,0.02,0.0,0.3333333333333333,0.3333333333333333,0.3333333333333333,0.3333333333333333,0.3333333333333333,0.3333333333333333,0.0,0.00980392156862745,0.00980392156862745,0.00980392156862745,0.013264129181084197,0.013264129181084197,0.013264129181084197,3.0
PLAIN-3181,27,0.0,0.0,0.0,0.0,0.0,0.0,0.019018315693963277,0.0,0.0,0.0,0.0,0.0,0.0,0.037037037037037035,0.0,0.0,0.0,0.0,0.0,0.0,0.01,0.0,0.0,0.0,0.0,0.0,0.0,0.014285714285714285,0.0,0.0,0.0,0.0,0.0,0.0,0.0005291005291005291,70.0
PLAIN-3191,16,0.0,0.23463936301137822,0.18148604814387062,0.14074267220463055,0.14303980024123578,0.20711663951177176,0.20711663951177176,0.0,0.0625,0.0625,0.0625,0.125,0.25,0.25,0.0,0.3333333333333333,0.2,0.1,0.1,0.08,0.04,0.0,0.3333333333333333,0.3333333333333333,0.3333333333333333,0.3333333333333333,0.3333333333333333,0.3333333333333333,0.0,0.020833333333333332,0.020833333333333332,0.020833333333333332,0.02818627450980392,0.0385555926916221,0.0385555926916221,3.0
PLAIN-3201,32,0.0,0.4030302838010049,0.31958277119025663,0.22762622895961598,0.1569424610228041,0.1194962981374112,0.13505262730622225,0.0,0.03125,0.03125,0.03125,0.03125,0.03125,0.0625,0.0,0.3333333333333333,0.2,0.1,0.05,0.02,0.02,0.0,0.5,0.5,0.5,0.5,0.5,0.5,0.0,0.015625,0.015625,0.015625,0.015625,0.015625,0.01655783582089552,2.0
PLAIN-3211,18,0.0,0.0,0.0,0.0,0.0,0.028002229888533434,0.028002229888533434,0.0,0.0,0.0,0.0,0.0,0.05555555555555555,0.05555555555555555,0.0,0.0,0.0,0.0,0.0,0.02,0.01,0.0,0.0,0.0,0.0,0.0,0.023809523809523808,0.023809523809523808,0.0,0.0,0.0,0.0,0.0,0.0013227513227513227,0.0013227513227513227,42.0
PLAIN-3221,24,0.0,0.0,0.0,0.0,0.0,0.0,0.07316843826400352,0.0,0.0,0.0,0.0,0.0,0.0,0.125,0.0,0.0,0.0,0.0,0.0,0.0,0.03,0.0,0.0,0.0,0.0,0.0,0.0,0.018867924528301886,0.0,0.0,0.0,0.0,0.0,0.0,0.0035461350319840883,53.0
PLAIN-3231,8,1.0,0.5316519652587917,0.43673949858938643,0.35814090184490943,0.35814090184490943,0.4277134165129667,0.4277134165129667,0.125,0.125,0.125,0.125,0.125,0.375,0.375,1.0,0.3333333333333333,0.2,0.1,0.05,0.06,0.03,1.0,1.0,1.0,1.0,1.0,1.0,1.0,0.125,0.125,0.125,0.125,0.125,0.14299242424242423,0.14299242424242423,1.0
PLAIN-3241,29,0.0,0.0,0.0,0.0,0.0,0.017977615517704867,0.017977615517704867,0.0,0.0,0.0,0.0,0.0,0.034482758620689655,0.034482758620689655,0.0,0.0,0.0,0.0,0.0,0.02,0.01,0.0,0.0,0.0,0.0,0.0,0.02127659574468085,0.02127659574468085,0.0,0.0,0.0,0.0,0.0,0.0007336757153338224,0.0007336757153338224,47.0
PLAIN-3251,21,0.0,0.0,0.0,0.0,0.0,0.0,0.0,0.0,0.0,0.0,0.0,0.0,0.0,0.0,0.0,0.0,0.0,0.0,0.0,0.0,0.0,0.0,0.0,0.0,0.0,0.0,0.0,0.0,0.0,0.0,0.0,0.0,0.0,0.0,0.0,
PLAIN-3261,13,0.0,0.0,0.0,0.0,0.0,0.024932465891266367,0.0658846277671269,0.0,0.0,0.0,0.0,0.0,0.07692307692307693,0.15384615384615385,0.0,0.0,0.0,0.0,0.0,0.02,0.02,0.0,0.0,0.0,0.0,0.0,0.025,0.025,0.0,0.0,0.0,0.0,0.0,0.0019230769230769232,0.003613693998309383,40.0
PLAIN-3271,49,0.0,0.0,0.0,0.0,0.0,0.0,0.013005016526075552,0.0,0.0,0.0,0.0,0.0,0.0,0.02040816326530612,0.0,0.0,0.0,0.0,0.0,0.0,0.01,0.0,0.0,0.0,0.0,0.0,0.0,0.015384615384615385,0.0,0.0,0.0,0.0,0.0,0.0,0.0003139717425431711,65.0
PLAIN-3281,26,0.0,0.0,0.16895390105951028,0.12530682344457728,0.0892270713203947,0.07757998682456708,0.09484613978400196,0.0,0.0,0.038461538461538464,0.038461538461538464,0.038461538461538464,0.038461538461538464,0.07692307692307693,0.0,0.0,0.2,0.1,0.05,0.02,0.02,0.0,0.0,0.2,0.2,0.2,0.2,0.2,0.0,0.0,0.007692307692307693,0.007692307692307693,0.007692307692307693,0.007692307692307693,0.009090909090909092,5.0
PLAIN-3292,7,0.5,0.5209090851403014,0.609006018713193,0.6671358622475119,0.6671358622475119,0.7066290198926167,0.7066290198926167,0.14285714285714285,0.2857142857142857,0.42857142857142855,0.7142857142857143,0.7142857142857143,0.8571428571428571,0.8571428571428571,1.0,0.6666666666666666,0.6,0.5,0.25,0.12,0.06,1.0,1.0,1.0,1.0,1.0,1.0,1.0,0.14285714285714285,0.2857142857142857,0.37142857142857144,0.5687074829931973,0.5687074829931973,0.5886410378104731,0.5886410378104731,1.0
PLAIN-3302,37,0.0,0.0,0.0,0.0,0.0,0.018920710525459215,0.046244311607539,0.0,0.0,0.0,0.0,0.0,0.02702702702702703,0.08108108108108109,0.0,0.0,0.0,0.0,0.0,0.02,0.03,0.0,0.0,0.0,0.0,0.0,0.043478260869565216,0.043478260869565216,0.0,0.0,0.0,0.0,0.0,0.0011750881316098707,0.0028269242429054416,23.0
PLAIN-3312,13,0.0,0.0,0.14606834984270645,0.10527982729515889,0.09577624825096134,0.09577624825096134,0.11452480757665544,0.0,0.0,0.07692307692307693,0.07692307692307693,0.07692307692307693,0.07692307692307693,0.15384615384615385,0.0,0.0,0.2,0.1,0.05,0.02,0.02,0.0,0.0,0.25,0.25,0.25,0.25,0.25,0.0,0.0,0.019230769230769232,0.019230769230769232,0.019230769230769232,0.019230769230769232,0.021794871794871794,4.0
PLAIN-3322,79,0.0,0.0,0.14606834984270645,0.09478836436955079,0.1659805293851725,0.13635342054632368,0.20027152546961713,0.0,0.0,0.012658227848101266,0.012658227848101266,0.05063291139240506,0.08860759493670886,0.22784810126582278,0.0,0.0,0.2,0.1,0.2,0.14,0.18,0.0,0.0,0.25,0.25,0.25,0.25,0.25,0.0,0.0,0.0031645569620253164,0.0031645569620253164,0.010158721067135066,0.01696662589463973,0.04170473668631383,4.0
PLAIN-3332,14,0.5,0.31939394323979897,0.25326335410655304,0.2889948305090968,0.24231971933851568,0.3021802714364262,0.3497677497201849,0.07142857142857142,0.07142857142857142,0.07142857142857142,0.14285714285714285,0.14285714285714285,0.2857142857142857,0.42857142857142855,1.0,0.3333333333333333,0.2,0.2,0.1,0.08,0.06,1.0,1.0,1.0,1.0,1.0,1.0,1.0,0.07142857142857142,0.07142857142857142,0.07142857142857142,0.08730158730158731,0.08730158730158731,0.10251198665832814,0.11219629350597186,1.0
PLAIN-3342,3,0.0,0.0,0.0,0.0,0.0,0.09149012142095872,0.16490304743594367,0.0,0.0,0.0,0.0,0.0,0.3333333333333333,0.6666666666666666,0.0,0.0,0.0,0.0,0.0,0.02,0.02,0.0,0.0,0.0,0.0,0.0,0.029411764705882353,0.029411764705882353,0.0,0.0,0.0,0.0,0.0,0.00980392156862745,0.017836050082683675,34.0
PLAIN-3352,39,0.0,0.0,0.0,0.0,0.0,0.03039754068924853,0.05589694137915487,0.0,0.0,0.0,0.0,0.0,0.05128205128205128,0.10256410256410256,0.0,0.0,0.0,0.0,0.0,0.04,0.04,0.0,0.0,0.0,0.0,0.0,0.03225806451612903,0.03225806451612903,0.0,0.0,0.0,0.0,0.0,0.0019667309989890636,0.004338233370491436,31.0
PLAIN-3362,11,0.0,0.0,0.0,0.0,0.07747815381168001,0.07747815381168001,0.07747815381168001,0.0,0.0,0.0,0.0,0.09090909090909091,0.09090909090909091,0.09090909090909091,0.0,0.0,0.0,0.0,0.05,0.02,0.01,0.0,0.0,0.0,0.0,0.06666666666666667,0.06666666666666667,0.06666666666666667,0.0,0.0,0.0,0.0,0.006060606060606061,0.006060606060606061,0.006060606060606061,15.0
PLAIN-3372,14,0.0,0.4030302838010049,0.31958277119025663,0.22762622895961598,0.22713552125257694,0.22713552125257694,0.25354215271419317,0.0,0.07142857142857142,0.07142857142857142,0.07142857142857142,0.14285714285714285,0.14285714285714285,0.21428571428571427,0.0,0.3333333333333333,0.2,0.1,0.1,0.04,0.03,0.0,0.5,0.5,0.5,0.5,0.5,0.5,0.0,0.03571428571428571,0.03571428571428571,0.03571428571428571,0.04411764705882353,0.04411764705882353,0.04823852617970265,2.0
PLAIN-3382,14,0.0,0.16771752171325524,0.23182270412355,0.17193427600006878,0.2164033793229972,0.24126176405110092,0.24126176405110092,0.0,0.07142857142857142,0.14285714285714285,0.14285714285714285,0.2857142857142857,0.35714285714285715,0.35714285714285715,0.0,0.3333333333333333,0.4,0.2,0.2,0.1,0.05,0.0,0.5,0.5,0.5,0.5,0.5,0.5,0.0,0.03571428571428571,0.07142857142857142,0.07142857142857142,0.10515873015873016,0.11292270531400968,0.11292270531400968,2.0
PLAIN-3392,23,0.0,0.0,0.0,0.0,0.0,0.02620164056884267,0.02620164056884267,0.0,0.0,0.0,0.0,0.0,0.043478260869565216,0.043478260869565216,0.0,0.0,0.0,0.0,0.0,0.02,0.01,0.0,0.0,0.0,0.0,0.0,0.03333333333333333,0.03333333333333333,0.0,0.0,0.0,0.0,0.0,0.0014492753623188406,0.0014492753623188406,30.0
PLAIN-3402,14,0.0,0.0,0.0,0.0,0.0,0.0,0.0,0.0,0.0,0.0,0.0,0.0,0.0,0.0,0.0,0.0,0.0,0.0,0.0,0.0,0.0,0.0,0.0,0.0,0.0,0.0,0.0,0.0,0.0,0.0,0.0,0.0,0.0,0.0,0.0,
PLAIN-3412,49,0.0,0.0,0.08447695052975514,0.06265341172228864,0.04461353566019735,0.055495686783549325,0.08914230819870972,0.0,0.0,0.02040816326530612,0.02040816326530612,0.02040816326530612,0.061224489795918366,0.12244897959183673,0.0,0.0,0.2,0.1,0.05,0.06,0.06,0.0,0.0,0.2,0.2,0.2,0.2,0.2,0.0,0.0,0.004081632653061225,0.004081632653061225,0.004081632653061225,0.007650547903890621,0.011735441120436497,5.0
PLAIN-3422,31,0.0,0.0,0.0,0.035427698077529615,0.09571760037201328,0.0929582065760854,0.1301815922426635,0.0,0.0,0.0,0.03225806451612903,0.12903225806451613,0.16129032258064516,0.25806451612903225,0.0,0.0,0.0,0.1,0.2,0.1,0.08,0.0,0.0,0.0,0.1111111111111111,0.1111111111111111,0.1111111111111111,0.1111111111111111,0.0,0.0,0.0,0.0035842293906810036,0.021949332029977193,0.025883242336822196,0.03613413839416987,9.0
PLAIN-3432,42,0.0,0.0,0.13120507751234178,0.08514311764162101,0.054948588071985875,0.04955124105093007,0.04955124105093007,0.0,0.0,0.023809523809523808,0.023809523809523808,0.023809523809523808,0.047619047619047616,0.047619047619047616,0.0,0.0,0.2,0.1,0.05,0.04,0.02,0.0,0.0,0.2,0.2,0.2,0.2,0.2,0.0,0.0,0.004761904761904762,0.004761904761904762,0.004761904761904762,0.005820105820105821,0.005820105820105821,5.0
PLAIN-3442,29,0.0,0.0,0.0,0.0,0.0,0.0,0.02828719533174816,0.0,0.0,0.0,0.0,0.0,0.0,0.06896551724137931,0.0,0.0,0.0,0.0,0.0,0.0,0.02,0.0,0.0,0.0,0.0,0.0,0.0,0.016666666666666666,0.0,0.0,0.0,0.0,0.0,0.0,0.0014261387824606214,60.0
PLAIN-3452,17,0.5,0.26582598262939583,0.4064632133218697,0.3014586451632104,0.30219538138069735,0.34840702162415566,0.34840702162415566,0.058823529411764705,0.058823529411764705,0.11764705882352941,0.11764705882352941,0.23529411764705882,0.35294117647058826,0.35294117647058826,1.0,0.3333333333333333,0.4,0.2,0.2,0.12,0.06,1.0,1.0,1.0,1.0,1.0,1.0,1.0,0.058823529411764705,0.058823529411764705,0.08823529411764706,0.08823529411764706,0.12388591800356506,0.13926745348786654,0.13926745348786654,1.0
PLAIN-3462,64,0.5,0.46927872602275644,0.48522855511632257,0.38431135260440824,0.3453471212560516,0.25970028587894756,0.304087427525899,0.015625,0.03125,0.046875,0.0625,0.109375,0.140625,0.265625,1.0,0.6666666666666666,0.6,0.4,0.35,0.18,0.17,1.0,1.0,1.0,1.0,1.0,1.0,1.0,0.015625,0.026041666666666664,0.037760416666666664,0.045572916666666664,0.06213672969187675,0.07199536064425771,0.09177788715584101,1.0
PLAIN-3472,17,0.0,0.0,0.0,0.0,0.0,0.0,0.0,0.0,0.0,0.0,0.0,0.0,0.0,0.0,0.0,0.0,0.0,0.0,0.0,0.0,0.0,0.0,0.0,0.0,0.0,0.0,0.0,0.0,0.0,0.0,0.0,0.0,0.0,0.0,0.0,
